dataset,run_name,epoch,spearman_mean,best_epoch,is_best_epoch,baseline_best_proxy,baseline_coefficient,valid_log_path,summary_path
Weather,01_val_Weather,1,0.039424,14,False,flops,0.446600,/home/junghc/TSLib/Time-Series-Library/meta_checkpoints/dspbuilder_meta_leave_one_out/260506_100_revised_weight_head_3/01_val_Weather/dspbuilder_meta_20260506_054709/valid_logs/Weather.txt,/home/junghc/TSLib/Time-Series-Library/meta_checkpoints/dspbuilder_meta_leave_one_out/260506_100_revised_weight_head_3/01_val_Weather/dspbuilder_meta_20260506_054709/summary.json
Weather,01_val_Weather,2,0.422826,14,False,flops,0.446600,/home/junghc/TSLib/Time-Series-Library/meta_checkpoints/dspbuilder_meta_leave_one_out/260506_100_revised_weight_head_3/01_val_Weather/dspbuilder_meta_20260506_054709/valid_logs/Weather.txt,/home/junghc/TSLib/Time-Series-Library/meta_checkpoints/dspbuilder_meta_leave_one_out/260506_100_revised_weight_head_3/01_val_Weather/dspbuilder_meta_20260506_054709/summary.json
Weather,01_val_Weather,3,0.419586,14,False,flops,0.446600,/home/junghc/TSLib/Time-Series-Library/meta_checkpoints/dspbuilder_meta_leave_one_out/260506_100_revised_weight_head_3/01_val_Weather/dspbuilder_meta_20260506_054709/valid_logs/Weather.txt,/home/junghc/TSLib/Time-Series-Library/meta_checkpoints/dspbuilder_meta_leave_one_out/260506_100_revised_weight_head_3/01_val_Weather/dspbuilder_meta_20260506_054709/summary.json
Weather,01_val_Weather,4,0.428368,14,False,flops,0.446600,/home/junghc/TSLib/Time-Series-Library/meta_checkpoints/dspbuilder_meta_leave_one_out/260506_100_revised_weight_head_3/01_val_Weather/dspbuilder_meta_20260506_054709/valid_logs/Weather.txt,/home/junghc/TSLib/Time-Series-Library/meta_checkpoints/dspbuilder_meta_leave_one_out/260506_100_revised_weight_head_3/01_val_Weather/dspbuilder_meta_20260506_054709/summary.json
Weather,01_val_Weather,5,0.427111,14,False,flops,0.446600,/home/junghc/TSLib/Time-Series-Library/meta_checkpoints/dspbuilder_meta_leave_one_out/260506_100_revised_weight_head_3/01_val_Weather/dspbuilder_meta_20260506_054709/valid_logs/Weather.txt,/home/junghc/TSLib/Time-Series-Library/meta_checkpoints/dspbuilder_meta_leave_one_out/260506_100_revised_weight_head_3/01_val_Weather/dspbuilder_meta_20260506_054709/summary.json
Weather,01_val_Weather,6,0.445881,14,False,flops,0.446600,/home/junghc/TSLib/Time-Series-Library/meta_checkpoints/dspbuilder_meta_leave_one_out/260506_100_revised_weight_head_3/01_val_Weather/dspbuilder_meta_20260506_054709/valid_logs/Weather.txt,/home/junghc/TSLib/Time-Series-Library/meta_checkpoints/dspbuilder_meta_leave_one_out/260506_100_revised_weight_head_3/01_val_Weather/dspbuilder_meta_20260506_054709/summary.json
Weather,01_val_Weather,7,0.430699,14,False,flops,0.446600,/home/junghc/TSLib/Time-Series-Library/meta_checkpoints/dspbuilder_meta_leave_one_out/260506_100_revised_weight_head_3/01_val_Weather/dspbuilder_meta_20260506_054709/valid_logs/Weather.txt,/home/junghc/TSLib/Time-Series-Library/meta_checkpoints/dspbuilder_meta_leave_one_out/260506_100_revised_weight_head_3/01_val_Weather/dspbuilder_meta_20260506_054709/summary.json
Weather,01_val_Weather,8,0.435228,14,False,flops,0.446600,/home/junghc/TSLib/Time-Series-Library/meta_checkpoints/dspbuilder_meta_leave_one_out/260506_100_revised_weight_head_3/01_val_Weather/dspbuilder_meta_20260506_054709/valid_logs/Weather.txt,/home/junghc/TSLib/Time-Series-Library/meta_checkpoints/dspbuilder_meta_leave_one_out/260506_100_revised_weight_head_3/01_val_Weather/dspbuilder_meta_20260506_054709/summary.json
Weather,01_val_Weather,9,0.428104,14,False,flops,0.446600,/home/junghc/TSLib/Time-Series-Library/meta_checkpoints/dspbuilder_meta_leave_one_out/260506_100_revised_weight_head_3/01_val_Weather/dspbuilder_meta_20260506_054709/valid_logs/Weather.txt,/home/junghc/TSLib/Time-Series-Library/meta_checkpoints/dspbuilder_meta_leave_one_out/260506_100_revised_weight_head_3/01_val_Weather/dspbuilder_meta_20260506_054709/summary.json
Weather,01_val_Weather,10,0.434964,14,False,flops,0.446600,/home/junghc/TSLib/Time-Series-Library/meta_checkpoints/dspbuilder_meta_leave_one_out/260506_100_revised_weight_head_3/01_val_Weather/dspbuilder_meta_20260506_054709/valid_logs/Weather.txt,/home/junghc/TSLib/Time-Series-Library/meta_checkpoints/dspbuilder_meta_leave_one_out/260506_100_revised_weight_head_3/01_val_Weather/dspbuilder_meta_20260506_054709/summary.json
Weather,01_val_Weather,11,0.424492,14,False,flops,0.446600,/home/junghc/TSLib/Time-Series-Library/meta_checkpoints/dspbuilder_meta_leave_one_out/260506_100_revised_weight_head_3/01_val_Weather/dspbuilder_meta_20260506_054709/valid_logs/Weather.txt,/home/junghc/TSLib/Time-Series-Library/meta_checkpoints/dspbuilder_meta_leave_one_out/260506_100_revised_weight_head_3/01_val_Weather/dspbuilder_meta_20260506_054709/summary.json
Weather,01_val_Weather,12,0.421168,14,False,flops,0.446600,/home/junghc/TSLib/Time-Series-Library/meta_checkpoints/dspbuilder_meta_leave_one_out/260506_100_revised_weight_head_3/01_val_Weather/dspbuilder_meta_20260506_054709/valid_logs/Weather.txt,/home/junghc/TSLib/Time-Series-Library/meta_checkpoints/dspbuilder_meta_leave_one_out/260506_100_revised_weight_head_3/01_val_Weather/dspbuilder_meta_20260506_054709/summary.json
Weather,01_val_Weather,13,0.419576,14,False,flops,0.446600,/home/junghc/TSLib/Time-Series-Library/meta_checkpoints/dspbuilder_meta_leave_one_out/260506_100_revised_weight_head_3/01_val_Weather/dspbuilder_meta_20260506_054709/valid_logs/Weather.txt,/home/junghc/TSLib/Time-Series-Library/meta_checkpoints/dspbuilder_meta_leave_one_out/260506_100_revised_weight_head_3/01_val_Weather/dspbuilder_meta_20260506_054709/summary.json
Weather,01_val_Weather,14,0.416161,14,True,flops,0.446600,/home/junghc/TSLib/Time-Series-Library/meta_checkpoints/dspbuilder_meta_leave_one_out/260506_100_revised_weight_head_3/01_val_Weather/dspbuilder_meta_20260506_054709/valid_logs/Weather.txt,/home/junghc/TSLib/Time-Series-Library/meta_checkpoints/dspbuilder_meta_leave_one_out/260506_100_revised_weight_head_3/01_val_Weather/dspbuilder_meta_20260506_054709/summary.json
Weather,01_val_Weather,15,0.411046,14,False,flops,0.446600,/home/junghc/TSLib/Time-Series-Library/meta_checkpoints/dspbuilder_meta_leave_one_out/260506_100_revised_weight_head_3/01_val_Weather/dspbuilder_meta_20260506_054709/valid_logs/Weather.txt,/home/junghc/TSLib/Time-Series-Library/meta_checkpoints/dspbuilder_meta_leave_one_out/260506_100_revised_weight_head_3/01_val_Weather/dspbuilder_meta_20260506_054709/summary.json
Weather,01_val_Weather,16,0.418686,14,False,flops,0.446600,/home/junghc/TSLib/Time-Series-Library/meta_checkpoints/dspbuilder_meta_leave_one_out/260506_100_revised_weight_head_3/01_val_Weather/dspbuilder_meta_20260506_054709/valid_logs/Weather.txt,/home/junghc/TSLib/Time-Series-Library/meta_checkpoints/dspbuilder_meta_leave_one_out/260506_100_revised_weight_head_3/01_val_Weather/dspbuilder_meta_20260506_054709/summary.json
Weather,01_val_Weather,17,0.426244,14,False,flops,0.446600,/home/junghc/TSLib/Time-Series-Library/meta_checkpoints/dspbuilder_meta_leave_one_out/260506_100_revised_weight_head_3/01_val_Weather/dspbuilder_meta_20260506_054709/valid_logs/Weather.txt,/home/junghc/TSLib/Time-Series-Library/meta_checkpoints/dspbuilder_meta_leave_one_out/260506_100_revised_weight_head_3/01_val_Weather/dspbuilder_meta_20260506_054709/summary.json
Weather,01_val_Weather,18,0.412695,14,False,flops,0.446600,/home/junghc/TSLib/Time-Series-Library/meta_checkpoints/dspbuilder_meta_leave_one_out/260506_100_revised_weight_head_3/01_val_Weather/dspbuilder_meta_20260506_054709/valid_logs/Weather.txt,/home/junghc/TSLib/Time-Series-Library/meta_checkpoints/dspbuilder_meta_leave_one_out/260506_100_revised_weight_head_3/01_val_Weather/dspbuilder_meta_20260506_054709/summary.json
Weather,01_val_Weather,19,0.411209,14,False,flops,0.446600,/home/junghc/TSLib/Time-Series-Library/meta_checkpoints/dspbuilder_meta_leave_one_out/260506_100_revised_weight_head_3/01_val_Weather/dspbuilder_meta_20260506_054709/valid_logs/Weather.txt,/home/junghc/TSLib/Time-Series-Library/meta_checkpoints/dspbuilder_meta_leave_one_out/260506_100_revised_weight_head_3/01_val_Weather/dspbuilder_meta_20260506_054709/summary.json
Traffic,02_val_Traffic,1,0.464674,2,False,params,0.549300,/home/junghc/TSLib/Time-Series-Library/meta_checkpoints/dspbuilder_meta_leave_one_out/260506_100_revised_weight_head_3/02_val_Traffic/dspbuilder_meta_20260506_055102/valid_logs/Traffic.txt,/home/junghc/TSLib/Time-Series-Library/meta_checkpoints/dspbuilder_meta_leave_one_out/260506_100_revised_weight_head_3/02_val_Traffic/dspbuilder_meta_20260506_055102/summary.json
Traffic,02_val_Traffic,2,0.536106,2,True,params,0.549300,/home/junghc/TSLib/Time-Series-Library/meta_checkpoints/dspbuilder_meta_leave_one_out/260506_100_revised_weight_head_3/02_val_Traffic/dspbuilder_meta_20260506_055102/valid_logs/Traffic.txt,/home/junghc/TSLib/Time-Series-Library/meta_checkpoints/dspbuilder_meta_leave_one_out/260506_100_revised_weight_head_3/02_val_Traffic/dspbuilder_meta_20260506_055102/summary.json
Traffic,02_val_Traffic,3,0.545632,2,False,params,0.549300,/home/junghc/TSLib/Time-Series-Library/meta_checkpoints/dspbuilder_meta_leave_one_out/260506_100_revised_weight_head_3/02_val_Traffic/dspbuilder_meta_20260506_055102/valid_logs/Traffic.txt,/home/junghc/TSLib/Time-Series-Library/meta_checkpoints/dspbuilder_meta_leave_one_out/260506_100_revised_weight_head_3/02_val_Traffic/dspbuilder_meta_20260506_055102/summary.json
Traffic,02_val_Traffic,4,0.555168,2,False,params,0.549300,/home/junghc/TSLib/Time-Series-Library/meta_checkpoints/dspbuilder_meta_leave_one_out/260506_100_revised_weight_head_3/02_val_Traffic/dspbuilder_meta_20260506_055102/valid_logs/Traffic.txt,/home/junghc/TSLib/Time-Series-Library/meta_checkpoints/dspbuilder_meta_leave_one_out/260506_100_revised_weight_head_3/02_val_Traffic/dspbuilder_meta_20260506_055102/summary.json
Traffic,02_val_Traffic,5,0.565038,2,False,params,0.549300,/home/junghc/TSLib/Time-Series-Library/meta_checkpoints/dspbuilder_meta_leave_one_out/260506_100_revised_weight_head_3/02_val_Traffic/dspbuilder_meta_20260506_055102/valid_logs/Traffic.txt,/home/junghc/TSLib/Time-Series-Library/meta_checkpoints/dspbuilder_meta_leave_one_out/260506_100_revised_weight_head_3/02_val_Traffic/dspbuilder_meta_20260506_055102/summary.json
Traffic,02_val_Traffic,6,0.564827,2,False,params,0.549300,/home/junghc/TSLib/Time-Series-Library/meta_checkpoints/dspbuilder_meta_leave_one_out/260506_100_revised_weight_head_3/02_val_Traffic/dspbuilder_meta_20260506_055102/valid_logs/Traffic.txt,/home/junghc/TSLib/Time-Series-Library/meta_checkpoints/dspbuilder_meta_leave_one_out/260506_100_revised_weight_head_3/02_val_Traffic/dspbuilder_meta_20260506_055102/summary.json
Traffic,02_val_Traffic,7,0.567719,2,False,params,0.549300,/home/junghc/TSLib/Time-Series-Library/meta_checkpoints/dspbuilder_meta_leave_one_out/260506_100_revised_weight_head_3/02_val_Traffic/dspbuilder_meta_20260506_055102/valid_logs/Traffic.txt,/home/junghc/TSLib/Time-Series-Library/meta_checkpoints/dspbuilder_meta_leave_one_out/260506_100_revised_weight_head_3/02_val_Traffic/dspbuilder_meta_20260506_055102/summary.json
ECL,03_val_ECL,1,0.369303,2,False,params,0.941200,/home/junghc/TSLib/Time-Series-Library/meta_checkpoints/dspbuilder_meta_leave_one_out/260506_100_revised_weight_head_3/03_val_ECL/dspbuilder_meta_20260506_055242/valid_logs/ECL.txt,/home/junghc/TSLib/Time-Series-Library/meta_checkpoints/dspbuilder_meta_leave_one_out/260506_100_revised_weight_head_3/03_val_ECL/dspbuilder_meta_20260506_055242/summary.json
ECL,03_val_ECL,2,0.807969,2,True,params,0.941200,/home/junghc/TSLib/Time-Series-Library/meta_checkpoints/dspbuilder_meta_leave_one_out/260506_100_revised_weight_head_3/03_val_ECL/dspbuilder_meta_20260506_055242/valid_logs/ECL.txt,/home/junghc/TSLib/Time-Series-Library/meta_checkpoints/dspbuilder_meta_leave_one_out/260506_100_revised_weight_head_3/03_val_ECL/dspbuilder_meta_20260506_055242/summary.json
ECL,03_val_ECL,3,0.682655,2,False,params,0.941200,/home/junghc/TSLib/Time-Series-Library/meta_checkpoints/dspbuilder_meta_leave_one_out/260506_100_revised_weight_head_3/03_val_ECL/dspbuilder_meta_20260506_055242/valid_logs/ECL.txt,/home/junghc/TSLib/Time-Series-Library/meta_checkpoints/dspbuilder_meta_leave_one_out/260506_100_revised_weight_head_3/03_val_ECL/dspbuilder_meta_20260506_055242/summary.json
ECL,03_val_ECL,4,0.748512,2,False,params,0.941200,/home/junghc/TSLib/Time-Series-Library/meta_checkpoints/dspbuilder_meta_leave_one_out/260506_100_revised_weight_head_3/03_val_ECL/dspbuilder_meta_20260506_055242/valid_logs/ECL.txt,/home/junghc/TSLib/Time-Series-Library/meta_checkpoints/dspbuilder_meta_leave_one_out/260506_100_revised_weight_head_3/03_val_ECL/dspbuilder_meta_20260506_055242/summary.json
ECL,03_val_ECL,5,0.705891,2,False,params,0.941200,/home/junghc/TSLib/Time-Series-Library/meta_checkpoints/dspbuilder_meta_leave_one_out/260506_100_revised_weight_head_3/03_val_ECL/dspbuilder_meta_20260506_055242/valid_logs/ECL.txt,/home/junghc/TSLib/Time-Series-Library/meta_checkpoints/dspbuilder_meta_leave_one_out/260506_100_revised_weight_head_3/03_val_ECL/dspbuilder_meta_20260506_055242/summary.json
ECL,03_val_ECL,6,0.718481,2,False,params,0.941200,/home/junghc/TSLib/Time-Series-Library/meta_checkpoints/dspbuilder_meta_leave_one_out/260506_100_revised_weight_head_3/03_val_ECL/dspbuilder_meta_20260506_055242/valid_logs/ECL.txt,/home/junghc/TSLib/Time-Series-Library/meta_checkpoints/dspbuilder_meta_leave_one_out/260506_100_revised_weight_head_3/03_val_ECL/dspbuilder_meta_20260506_055242/summary.json
ECL,03_val_ECL,7,0.760842,2,False,params,0.941200,/home/junghc/TSLib/Time-Series-Library/meta_checkpoints/dspbuilder_meta_leave_one_out/260506_100_revised_weight_head_3/03_val_ECL/dspbuilder_meta_20260506_055242/valid_logs/ECL.txt,/home/junghc/TSLib/Time-Series-Library/meta_checkpoints/dspbuilder_meta_leave_one_out/260506_100_revised_weight_head_3/03_val_ECL/dspbuilder_meta_20260506_055242/summary.json
Etth1,04_val_Etth1,1,0.039364,1,True,flops,-0.352200,/home/junghc/TSLib/Time-Series-Library/meta_checkpoints/dspbuilder_meta_leave_one_out/260506_100_revised_weight_head_3/04_val_Etth1/dspbuilder_meta_20260506_055425/valid_logs/Etth1.txt,/home/junghc/TSLib/Time-Series-Library/meta_checkpoints/dspbuilder_meta_leave_one_out/260506_100_revised_weight_head_3/04_val_Etth1/dspbuilder_meta_20260506_055425/summary.json
Etth1,04_val_Etth1,2,-0.371951,1,False,flops,-0.352200,/home/junghc/TSLib/Time-Series-Library/meta_checkpoints/dspbuilder_meta_leave_one_out/260506_100_revised_weight_head_3/04_val_Etth1/dspbuilder_meta_20260506_055425/valid_logs/Etth1.txt,/home/junghc/TSLib/Time-Series-Library/meta_checkpoints/dspbuilder_meta_leave_one_out/260506_100_revised_weight_head_3/04_val_Etth1/dspbuilder_meta_20260506_055425/summary.json
Etth1,04_val_Etth1,3,-0.364049,1,False,flops,-0.352200,/home/junghc/TSLib/Time-Series-Library/meta_checkpoints/dspbuilder_meta_leave_one_out/260506_100_revised_weight_head_3/04_val_Etth1/dspbuilder_meta_20260506_055425/valid_logs/Etth1.txt,/home/junghc/TSLib/Time-Series-Library/meta_checkpoints/dspbuilder_meta_leave_one_out/260506_100_revised_weight_head_3/04_val_Etth1/dspbuilder_meta_20260506_055425/summary.json
Etth1,04_val_Etth1,4,-0.370712,1,False,flops,-0.352200,/home/junghc/TSLib/Time-Series-Library/meta_checkpoints/dspbuilder_meta_leave_one_out/260506_100_revised_weight_head_3/04_val_Etth1/dspbuilder_meta_20260506_055425/valid_logs/Etth1.txt,/home/junghc/TSLib/Time-Series-Library/meta_checkpoints/dspbuilder_meta_leave_one_out/260506_100_revised_weight_head_3/04_val_Etth1/dspbuilder_meta_20260506_055425/summary.json
Etth1,04_val_Etth1,5,-0.357127,1,False,flops,-0.352200,/home/junghc/TSLib/Time-Series-Library/meta_checkpoints/dspbuilder_meta_leave_one_out/260506_100_revised_weight_head_3/04_val_Etth1/dspbuilder_meta_20260506_055425/valid_logs/Etth1.txt,/home/junghc/TSLib/Time-Series-Library/meta_checkpoints/dspbuilder_meta_leave_one_out/260506_100_revised_weight_head_3/04_val_Etth1/dspbuilder_meta_20260506_055425/summary.json
Etth1,04_val_Etth1,6,-0.361186,1,False,flops,-0.352200,/home/junghc/TSLib/Time-Series-Library/meta_checkpoints/dspbuilder_meta_leave_one_out/260506_100_revised_weight_head_3/04_val_Etth1/dspbuilder_meta_20260506_055425/valid_logs/Etth1.txt,/home/junghc/TSLib/Time-Series-Library/meta_checkpoints/dspbuilder_meta_leave_one_out/260506_100_revised_weight_head_3/04_val_Etth1/dspbuilder_meta_20260506_055425/summary.json
Exchange,05_val_Exchange,1,0.121776,7,False,synflow,0.376500,/home/junghc/TSLib/Time-Series-Library/meta_checkpoints/dspbuilder_meta_leave_one_out/260506_100_revised_weight_head_3/05_val_Exchange/dspbuilder_meta_20260506_055556/valid_logs/Exchange.txt,/home/junghc/TSLib/Time-Series-Library/meta_checkpoints/dspbuilder_meta_leave_one_out/260506_100_revised_weight_head_3/05_val_Exchange/dspbuilder_meta_20260506_055556/summary.json
Exchange,05_val_Exchange,2,0.275646,7,False,synflow,0.376500,/home/junghc/TSLib/Time-Series-Library/meta_checkpoints/dspbuilder_meta_leave_one_out/260506_100_revised_weight_head_3/05_val_Exchange/dspbuilder_meta_20260506_055556/valid_logs/Exchange.txt,/home/junghc/TSLib/Time-Series-Library/meta_checkpoints/dspbuilder_meta_leave_one_out/260506_100_revised_weight_head_3/05_val_Exchange/dspbuilder_meta_20260506_055556/summary.json
Exchange,05_val_Exchange,3,0.261756,7,False,synflow,0.376500,/home/junghc/TSLib/Time-Series-Library/meta_checkpoints/dspbuilder_meta_leave_one_out/260506_100_revised_weight_head_3/05_val_Exchange/dspbuilder_meta_20260506_055556/valid_logs/Exchange.txt,/home/junghc/TSLib/Time-Series-Library/meta_checkpoints/dspbuilder_meta_leave_one_out/260506_100_revised_weight_head_3/05_val_Exchange/dspbuilder_meta_20260506_055556/summary.json
Exchange,05_val_Exchange,4,0.273918,7,False,synflow,0.376500,/home/junghc/TSLib/Time-Series-Library/meta_checkpoints/dspbuilder_meta_leave_one_out/260506_100_revised_weight_head_3/05_val_Exchange/dspbuilder_meta_20260506_055556/valid_logs/Exchange.txt,/home/junghc/TSLib/Time-Series-Library/meta_checkpoints/dspbuilder_meta_leave_one_out/260506_100_revised_weight_head_3/05_val_Exchange/dspbuilder_meta_20260506_055556/summary.json
Exchange,05_val_Exchange,5,0.274691,7,False,synflow,0.376500,/home/junghc/TSLib/Time-Series-Library/meta_checkpoints/dspbuilder_meta_leave_one_out/260506_100_revised_weight_head_3/05_val_Exchange/dspbuilder_meta_20260506_055556/valid_logs/Exchange.txt,/home/junghc/TSLib/Time-Series-Library/meta_checkpoints/dspbuilder_meta_leave_one_out/260506_100_revised_weight_head_3/05_val_Exchange/dspbuilder_meta_20260506_055556/summary.json
Exchange,05_val_Exchange,6,0.275857,7,False,synflow,0.376500,/home/junghc/TSLib/Time-Series-Library/meta_checkpoints/dspbuilder_meta_leave_one_out/260506_100_revised_weight_head_3/05_val_Exchange/dspbuilder_meta_20260506_055556/valid_logs/Exchange.txt,/home/junghc/TSLib/Time-Series-Library/meta_checkpoints/dspbuilder_meta_leave_one_out/260506_100_revised_weight_head_3/05_val_Exchange/dspbuilder_meta_20260506_055556/summary.json
Exchange,05_val_Exchange,7,0.294524,7,True,synflow,0.376500,/home/junghc/TSLib/Time-Series-Library/meta_checkpoints/dspbuilder_meta_leave_one_out/260506_100_revised_weight_head_3/05_val_Exchange/dspbuilder_meta_20260506_055556/valid_logs/Exchange.txt,/home/junghc/TSLib/Time-Series-Library/meta_checkpoints/dspbuilder_meta_leave_one_out/260506_100_revised_weight_head_3/05_val_Exchange/dspbuilder_meta_20260506_055556/summary.json
Exchange,05_val_Exchange,8,0.292498,7,False,synflow,0.376500,/home/junghc/TSLib/Time-Series-Library/meta_checkpoints/dspbuilder_meta_leave_one_out/260506_100_revised_weight_head_3/05_val_Exchange/dspbuilder_meta_20260506_055556/valid_logs/Exchange.txt,/home/junghc/TSLib/Time-Series-Library/meta_checkpoints/dspbuilder_meta_leave_one_out/260506_100_revised_weight_head_3/05_val_Exchange/dspbuilder_meta_20260506_055556/summary.json
Exchange,05_val_Exchange,9,0.297131,7,False,synflow,0.376500,/home/junghc/TSLib/Time-Series-Library/meta_checkpoints/dspbuilder_meta_leave_one_out/260506_100_revised_weight_head_3/05_val_Exchange/dspbuilder_meta_20260506_055556/valid_logs/Exchange.txt,/home/junghc/TSLib/Time-Series-Library/meta_checkpoints/dspbuilder_meta_leave_one_out/260506_100_revised_weight_head_3/05_val_Exchange/dspbuilder_meta_20260506_055556/summary.json
Exchange,05_val_Exchange,10,0.291442,7,False,synflow,0.376500,/home/junghc/TSLib/Time-Series-Library/meta_checkpoints/dspbuilder_meta_leave_one_out/260506_100_revised_weight_head_3/05_val_Exchange/dspbuilder_meta_20260506_055556/valid_logs/Exchange.txt,/home/junghc/TSLib/Time-Series-Library/meta_checkpoints/dspbuilder_meta_leave_one_out/260506_100_revised_weight_head_3/05_val_Exchange/dspbuilder_meta_20260506_055556/summary.json
Exchange,05_val_Exchange,11,0.321109,7,False,synflow,0.376500,/home/junghc/TSLib/Time-Series-Library/meta_checkpoints/dspbuilder_meta_leave_one_out/260506_100_revised_weight_head_3/05_val_Exchange/dspbuilder_meta_20260506_055556/valid_logs/Exchange.txt,/home/junghc/TSLib/Time-Series-Library/meta_checkpoints/dspbuilder_meta_leave_one_out/260506_100_revised_weight_head_3/05_val_Exchange/dspbuilder_meta_20260506_055556/summary.json
Exchange,05_val_Exchange,12,0.287998,7,False,synflow,0.376500,/home/junghc/TSLib/Time-Series-Library/meta_checkpoints/dspbuilder_meta_leave_one_out/260506_100_revised_weight_head_3/05_val_Exchange/dspbuilder_meta_20260506_055556/valid_logs/Exchange.txt,/home/junghc/TSLib/Time-Series-Library/meta_checkpoints/dspbuilder_meta_leave_one_out/260506_100_revised_weight_head_3/05_val_Exchange/dspbuilder_meta_20260506_055556/summary.json
ILI,06_val_ILI,1,0.195814,9,False,synflow,0.910900,/home/junghc/TSLib/Time-Series-Library/meta_checkpoints/dspbuilder_meta_leave_one_out/260506_100_revised_weight_head_3/06_val_ILI/dspbuilder_meta_20260506_055830/valid_logs/ILI.txt,/home/junghc/TSLib/Time-Series-Library/meta_checkpoints/dspbuilder_meta_leave_one_out/260506_100_revised_weight_head_3/06_val_ILI/dspbuilder_meta_20260506_055830/summary.json
ILI,06_val_ILI,2,0.737171,9,False,synflow,0.910900,/home/junghc/TSLib/Time-Series-Library/meta_checkpoints/dspbuilder_meta_leave_one_out/260506_100_revised_weight_head_3/06_val_ILI/dspbuilder_meta_20260506_055830/valid_logs/ILI.txt,/home/junghc/TSLib/Time-Series-Library/meta_checkpoints/dspbuilder_meta_leave_one_out/260506_100_revised_weight_head_3/06_val_ILI/dspbuilder_meta_20260506_055830/summary.json
ILI,06_val_ILI,3,0.610021,9,False,synflow,0.910900,/home/junghc/TSLib/Time-Series-Library/meta_checkpoints/dspbuilder_meta_leave_one_out/260506_100_revised_weight_head_3/06_val_ILI/dspbuilder_meta_20260506_055830/valid_logs/ILI.txt,/home/junghc/TSLib/Time-Series-Library/meta_checkpoints/dspbuilder_meta_leave_one_out/260506_100_revised_weight_head_3/06_val_ILI/dspbuilder_meta_20260506_055830/summary.json
ILI,06_val_ILI,4,0.75049,9,False,synflow,0.910900,/home/junghc/TSLib/Time-Series-Library/meta_checkpoints/dspbuilder_meta_leave_one_out/260506_100_revised_weight_head_3/06_val_ILI/dspbuilder_meta_20260506_055830/valid_logs/ILI.txt,/home/junghc/TSLib/Time-Series-Library/meta_checkpoints/dspbuilder_meta_leave_one_out/260506_100_revised_weight_head_3/06_val_ILI/dspbuilder_meta_20260506_055830/summary.json
ILI,06_val_ILI,5,0.720353,9,False,synflow,0.910900,/home/junghc/TSLib/Time-Series-Library/meta_checkpoints/dspbuilder_meta_leave_one_out/260506_100_revised_weight_head_3/06_val_ILI/dspbuilder_meta_20260506_055830/valid_logs/ILI.txt,/home/junghc/TSLib/Time-Series-Library/meta_checkpoints/dspbuilder_meta_leave_one_out/260506_100_revised_weight_head_3/06_val_ILI/dspbuilder_meta_20260506_055830/summary.json
ILI,06_val_ILI,6,0.79825,9,False,synflow,0.910900,/home/junghc/TSLib/Time-Series-Library/meta_checkpoints/dspbuilder_meta_leave_one_out/260506_100_revised_weight_head_3/06_val_ILI/dspbuilder_meta_20260506_055830/valid_logs/ILI.txt,/home/junghc/TSLib/Time-Series-Library/meta_checkpoints/dspbuilder_meta_leave_one_out/260506_100_revised_weight_head_3/06_val_ILI/dspbuilder_meta_20260506_055830/summary.json
ILI,06_val_ILI,7,0.751599,9,False,synflow,0.910900,/home/junghc/TSLib/Time-Series-Library/meta_checkpoints/dspbuilder_meta_leave_one_out/260506_100_revised_weight_head_3/06_val_ILI/dspbuilder_meta_20260506_055830/valid_logs/ILI.txt,/home/junghc/TSLib/Time-Series-Library/meta_checkpoints/dspbuilder_meta_leave_one_out/260506_100_revised_weight_head_3/06_val_ILI/dspbuilder_meta_20260506_055830/summary.json
ILI,06_val_ILI,8,0.743513,9,False,synflow,0.910900,/home/junghc/TSLib/Time-Series-Library/meta_checkpoints/dspbuilder_meta_leave_one_out/260506_100_revised_weight_head_3/06_val_ILI/dspbuilder_meta_20260506_055830/valid_logs/ILI.txt,/home/junghc/TSLib/Time-Series-Library/meta_checkpoints/dspbuilder_meta_leave_one_out/260506_100_revised_weight_head_3/06_val_ILI/dspbuilder_meta_20260506_055830/summary.json
ILI,06_val_ILI,9,0.767477,9,True,synflow,0.910900,/home/junghc/TSLib/Time-Series-Library/meta_checkpoints/dspbuilder_meta_leave_one_out/260506_100_revised_weight_head_3/06_val_ILI/dspbuilder_meta_20260506_055830/valid_logs/ILI.txt,/home/junghc/TSLib/Time-Series-Library/meta_checkpoints/dspbuilder_meta_leave_one_out/260506_100_revised_weight_head_3/06_val_ILI/dspbuilder_meta_20260506_055830/summary.json
ILI,06_val_ILI,10,0.747533,9,False,synflow,0.910900,/home/junghc/TSLib/Time-Series-Library/meta_checkpoints/dspbuilder_meta_leave_one_out/260506_100_revised_weight_head_3/06_val_ILI/dspbuilder_meta_20260506_055830/valid_logs/ILI.txt,/home/junghc/TSLib/Time-Series-Library/meta_checkpoints/dspbuilder_meta_leave_one_out/260506_100_revised_weight_head_3/06_val_ILI/dspbuilder_meta_20260506_055830/summary.json
ILI,06_val_ILI,11,0.714827,9,False,synflow,0.910900,/home/junghc/TSLib/Time-Series-Library/meta_checkpoints/dspbuilder_meta_leave_one_out/260506_100_revised_weight_head_3/06_val_ILI/dspbuilder_meta_20260506_055830/valid_logs/ILI.txt,/home/junghc/TSLib/Time-Series-Library/meta_checkpoints/dspbuilder_meta_leave_one_out/260506_100_revised_weight_head_3/06_val_ILI/dspbuilder_meta_20260506_055830/summary.json
ILI,06_val_ILI,12,0.765365,9,False,synflow,0.910900,/home/junghc/TSLib/Time-Series-Library/meta_checkpoints/dspbuilder_meta_leave_one_out/260506_100_revised_weight_head_3/06_val_ILI/dspbuilder_meta_20260506_055830/valid_logs/ILI.txt,/home/junghc/TSLib/Time-Series-Library/meta_checkpoints/dspbuilder_meta_leave_one_out/260506_100_revised_weight_head_3/06_val_ILI/dspbuilder_meta_20260506_055830/summary.json
ILI,06_val_ILI,13,0.735834,9,False,synflow,0.910900,/home/junghc/TSLib/Time-Series-Library/meta_checkpoints/dspbuilder_meta_leave_one_out/260506_100_revised_weight_head_3/06_val_ILI/dspbuilder_meta_20260506_055830/valid_logs/ILI.txt,/home/junghc/TSLib/Time-Series-Library/meta_checkpoints/dspbuilder_meta_leave_one_out/260506_100_revised_weight_head_3/06_val_ILI/dspbuilder_meta_20260506_055830/summary.json
ILI,06_val_ILI,14,0.71975,9,False,synflow,0.910900,/home/junghc/TSLib/Time-Series-Library/meta_checkpoints/dspbuilder_meta_leave_one_out/260506_100_revised_weight_head_3/06_val_ILI/dspbuilder_meta_20260506_055830/valid_logs/ILI.txt,/home/junghc/TSLib/Time-Series-Library/meta_checkpoints/dspbuilder_meta_leave_one_out/260506_100_revised_weight_head_3/06_val_ILI/dspbuilder_meta_20260506_055830/summary.json
M4_Hourly,07_val_M4_Hourly,1,-0.361481,6,False,snip,0.507100,/home/junghc/TSLib/Time-Series-Library/meta_checkpoints/dspbuilder_meta_leave_one_out/260506_100_revised_weight_head_3/07_val_M4_Hourly/dspbuilder_meta_20260506_060125/valid_logs/M4_Hourly.txt,/home/junghc/TSLib/Time-Series-Library/meta_checkpoints/dspbuilder_meta_leave_one_out/260506_100_revised_weight_head_3/07_val_M4_Hourly/dspbuilder_meta_20260506_060125/summary.json
M4_Hourly,07_val_M4_Hourly,2,0.288084,6,False,snip,0.507100,/home/junghc/TSLib/Time-Series-Library/meta_checkpoints/dspbuilder_meta_leave_one_out/260506_100_revised_weight_head_3/07_val_M4_Hourly/dspbuilder_meta_20260506_060125/valid_logs/M4_Hourly.txt,/home/junghc/TSLib/Time-Series-Library/meta_checkpoints/dspbuilder_meta_leave_one_out/260506_100_revised_weight_head_3/07_val_M4_Hourly/dspbuilder_meta_20260506_060125/summary.json
M4_Hourly,07_val_M4_Hourly,3,0.184007,6,False,snip,0.507100,/home/junghc/TSLib/Time-Series-Library/meta_checkpoints/dspbuilder_meta_leave_one_out/260506_100_revised_weight_head_3/07_val_M4_Hourly/dspbuilder_meta_20260506_060125/valid_logs/M4_Hourly.txt,/home/junghc/TSLib/Time-Series-Library/meta_checkpoints/dspbuilder_meta_leave_one_out/260506_100_revised_weight_head_3/07_val_M4_Hourly/dspbuilder_meta_20260506_060125/summary.json
M4_Hourly,07_val_M4_Hourly,4,0.329687,6,False,snip,0.507100,/home/junghc/TSLib/Time-Series-Library/meta_checkpoints/dspbuilder_meta_leave_one_out/260506_100_revised_weight_head_3/07_val_M4_Hourly/dspbuilder_meta_20260506_060125/valid_logs/M4_Hourly.txt,/home/junghc/TSLib/Time-Series-Library/meta_checkpoints/dspbuilder_meta_leave_one_out/260506_100_revised_weight_head_3/07_val_M4_Hourly/dspbuilder_meta_20260506_060125/summary.json
M4_Hourly,07_val_M4_Hourly,5,0.355816,6,False,snip,0.507100,/home/junghc/TSLib/Time-Series-Library/meta_checkpoints/dspbuilder_meta_leave_one_out/260506_100_revised_weight_head_3/07_val_M4_Hourly/dspbuilder_meta_20260506_060125/valid_logs/M4_Hourly.txt,/home/junghc/TSLib/Time-Series-Library/meta_checkpoints/dspbuilder_meta_leave_one_out/260506_100_revised_weight_head_3/07_val_M4_Hourly/dspbuilder_meta_20260506_060125/summary.json
M4_Hourly,07_val_M4_Hourly,6,0.394991,6,True,snip,0.507100,/home/junghc/TSLib/Time-Series-Library/meta_checkpoints/dspbuilder_meta_leave_one_out/260506_100_revised_weight_head_3/07_val_M4_Hourly/dspbuilder_meta_20260506_060125/valid_logs/M4_Hourly.txt,/home/junghc/TSLib/Time-Series-Library/meta_checkpoints/dspbuilder_meta_leave_one_out/260506_100_revised_weight_head_3/07_val_M4_Hourly/dspbuilder_meta_20260506_060125/summary.json
M4_Hourly,07_val_M4_Hourly,7,0.365434,6,False,snip,0.507100,/home/junghc/TSLib/Time-Series-Library/meta_checkpoints/dspbuilder_meta_leave_one_out/260506_100_revised_weight_head_3/07_val_M4_Hourly/dspbuilder_meta_20260506_060125/valid_logs/M4_Hourly.txt,/home/junghc/TSLib/Time-Series-Library/meta_checkpoints/dspbuilder_meta_leave_one_out/260506_100_revised_weight_head_3/07_val_M4_Hourly/dspbuilder_meta_20260506_060125/summary.json
M4_Hourly,07_val_M4_Hourly,8,0.297186,6,False,snip,0.507100,/home/junghc/TSLib/Time-Series-Library/meta_checkpoints/dspbuilder_meta_leave_one_out/260506_100_revised_weight_head_3/07_val_M4_Hourly/dspbuilder_meta_20260506_060125/valid_logs/M4_Hourly.txt,/home/junghc/TSLib/Time-Series-Library/meta_checkpoints/dspbuilder_meta_leave_one_out/260506_100_revised_weight_head_3/07_val_M4_Hourly/dspbuilder_meta_20260506_060125/summary.json
M4_Hourly,07_val_M4_Hourly,9,0.312833,6,False,snip,0.507100,/home/junghc/TSLib/Time-Series-Library/meta_checkpoints/dspbuilder_meta_leave_one_out/260506_100_revised_weight_head_3/07_val_M4_Hourly/dspbuilder_meta_20260506_060125/valid_logs/M4_Hourly.txt,/home/junghc/TSLib/Time-Series-Library/meta_checkpoints/dspbuilder_meta_leave_one_out/260506_100_revised_weight_head_3/07_val_M4_Hourly/dspbuilder_meta_20260506_060125/summary.json
M4_Hourly,07_val_M4_Hourly,10,0.35014,6,False,snip,0.507100,/home/junghc/TSLib/Time-Series-Library/meta_checkpoints/dspbuilder_meta_leave_one_out/260506_100_revised_weight_head_3/07_val_M4_Hourly/dspbuilder_meta_20260506_060125/valid_logs/M4_Hourly.txt,/home/junghc/TSLib/Time-Series-Library/meta_checkpoints/dspbuilder_meta_leave_one_out/260506_100_revised_weight_head_3/07_val_M4_Hourly/dspbuilder_meta_20260506_060125/summary.json
M4_Hourly,07_val_M4_Hourly,11,0.192456,6,False,snip,0.507100,/home/junghc/TSLib/Time-Series-Library/meta_checkpoints/dspbuilder_meta_leave_one_out/260506_100_revised_weight_head_3/07_val_M4_Hourly/dspbuilder_meta_20260506_060125/valid_logs/M4_Hourly.txt,/home/junghc/TSLib/Time-Series-Library/meta_checkpoints/dspbuilder_meta_leave_one_out/260506_100_revised_weight_head_3/07_val_M4_Hourly/dspbuilder_meta_20260506_060125/summary.json
M4_Monthly,08_val_M4_Monthly,1,-0.187636,6,False,synflow,0.824000,/home/junghc/TSLib/Time-Series-Library/meta_checkpoints/dspbuilder_meta_leave_one_out/260506_100_revised_weight_head_3/08_val_M4_Monthly/dspbuilder_meta_20260506_060351/valid_logs/M4_Monthly.txt,/home/junghc/TSLib/Time-Series-Library/meta_checkpoints/dspbuilder_meta_leave_one_out/260506_100_revised_weight_head_3/08_val_M4_Monthly/dspbuilder_meta_20260506_060351/summary.json
M4_Monthly,08_val_M4_Monthly,2,0.676844,6,False,synflow,0.824000,/home/junghc/TSLib/Time-Series-Library/meta_checkpoints/dspbuilder_meta_leave_one_out/260506_100_revised_weight_head_3/08_val_M4_Monthly/dspbuilder_meta_20260506_060351/valid_logs/M4_Monthly.txt,/home/junghc/TSLib/Time-Series-Library/meta_checkpoints/dspbuilder_meta_leave_one_out/260506_100_revised_weight_head_3/08_val_M4_Monthly/dspbuilder_meta_20260506_060351/summary.json
M4_Monthly,08_val_M4_Monthly,3,0.681937,6,False,synflow,0.824000,/home/junghc/TSLib/Time-Series-Library/meta_checkpoints/dspbuilder_meta_leave_one_out/260506_100_revised_weight_head_3/08_val_M4_Monthly/dspbuilder_meta_20260506_060351/valid_logs/M4_Monthly.txt,/home/junghc/TSLib/Time-Series-Library/meta_checkpoints/dspbuilder_meta_leave_one_out/260506_100_revised_weight_head_3/08_val_M4_Monthly/dspbuilder_meta_20260506_060351/summary.json
M4_Monthly,08_val_M4_Monthly,4,0.766829,6,False,synflow,0.824000,/home/junghc/TSLib/Time-Series-Library/meta_checkpoints/dspbuilder_meta_leave_one_out/260506_100_revised_weight_head_3/08_val_M4_Monthly/dspbuilder_meta_20260506_060351/valid_logs/M4_Monthly.txt,/home/junghc/TSLib/Time-Series-Library/meta_checkpoints/dspbuilder_meta_leave_one_out/260506_100_revised_weight_head_3/08_val_M4_Monthly/dspbuilder_meta_20260506_060351/summary.json
M4_Monthly,08_val_M4_Monthly,5,0.777543,6,False,synflow,0.824000,/home/junghc/TSLib/Time-Series-Library/meta_checkpoints/dspbuilder_meta_leave_one_out/260506_100_revised_weight_head_3/08_val_M4_Monthly/dspbuilder_meta_20260506_060351/valid_logs/M4_Monthly.txt,/home/junghc/TSLib/Time-Series-Library/meta_checkpoints/dspbuilder_meta_leave_one_out/260506_100_revised_weight_head_3/08_val_M4_Monthly/dspbuilder_meta_20260506_060351/summary.json
M4_Monthly,08_val_M4_Monthly,6,0.808101,6,True,synflow,0.824000,/home/junghc/TSLib/Time-Series-Library/meta_checkpoints/dspbuilder_meta_leave_one_out/260506_100_revised_weight_head_3/08_val_M4_Monthly/dspbuilder_meta_20260506_060351/valid_logs/M4_Monthly.txt,/home/junghc/TSLib/Time-Series-Library/meta_checkpoints/dspbuilder_meta_leave_one_out/260506_100_revised_weight_head_3/08_val_M4_Monthly/dspbuilder_meta_20260506_060351/summary.json
M4_Monthly,08_val_M4_Monthly,7,0.802748,6,False,synflow,0.824000,/home/junghc/TSLib/Time-Series-Library/meta_checkpoints/dspbuilder_meta_leave_one_out/260506_100_revised_weight_head_3/08_val_M4_Monthly/dspbuilder_meta_20260506_060351/valid_logs/M4_Monthly.txt,/home/junghc/TSLib/Time-Series-Library/meta_checkpoints/dspbuilder_meta_leave_one_out/260506_100_revised_weight_head_3/08_val_M4_Monthly/dspbuilder_meta_20260506_060351/summary.json
M4_Monthly,08_val_M4_Monthly,8,0.768862,6,False,synflow,0.824000,/home/junghc/TSLib/Time-Series-Library/meta_checkpoints/dspbuilder_meta_leave_one_out/260506_100_revised_weight_head_3/08_val_M4_Monthly/dspbuilder_meta_20260506_060351/valid_logs/M4_Monthly.txt,/home/junghc/TSLib/Time-Series-Library/meta_checkpoints/dspbuilder_meta_leave_one_out/260506_100_revised_weight_head_3/08_val_M4_Monthly/dspbuilder_meta_20260506_060351/summary.json
M4_Monthly,08_val_M4_Monthly,9,0.773033,6,False,synflow,0.824000,/home/junghc/TSLib/Time-Series-Library/meta_checkpoints/dspbuilder_meta_leave_one_out/260506_100_revised_weight_head_3/08_val_M4_Monthly/dspbuilder_meta_20260506_060351/valid_logs/M4_Monthly.txt,/home/junghc/TSLib/Time-Series-Library/meta_checkpoints/dspbuilder_meta_leave_one_out/260506_100_revised_weight_head_3/08_val_M4_Monthly/dspbuilder_meta_20260506_060351/summary.json
M4_Monthly,08_val_M4_Monthly,10,0.794856,6,False,synflow,0.824000,/home/junghc/TSLib/Time-Series-Library/meta_checkpoints/dspbuilder_meta_leave_one_out/260506_100_revised_weight_head_3/08_val_M4_Monthly/dspbuilder_meta_20260506_060351/valid_logs/M4_Monthly.txt,/home/junghc/TSLib/Time-Series-Library/meta_checkpoints/dspbuilder_meta_leave_one_out/260506_100_revised_weight_head_3/08_val_M4_Monthly/dspbuilder_meta_20260506_060351/summary.json
M4_Monthly,08_val_M4_Monthly,11,0.608115,6,False,synflow,0.824000,/home/junghc/TSLib/Time-Series-Library/meta_checkpoints/dspbuilder_meta_leave_one_out/260506_100_revised_weight_head_3/08_val_M4_Monthly/dspbuilder_meta_20260506_060351/valid_logs/M4_Monthly.txt,/home/junghc/TSLib/Time-Series-Library/meta_checkpoints/dspbuilder_meta_leave_one_out/260506_100_revised_weight_head_3/08_val_M4_Monthly/dspbuilder_meta_20260506_060351/summary.json
M4_Quarterly,09_val_M4_Quarterly,1,-0.169781,6,False,synflow,0.759000,/home/junghc/TSLib/Time-Series-Library/meta_checkpoints/dspbuilder_meta_leave_one_out/260506_100_revised_weight_head_3/09_val_M4_Quarterly/dspbuilder_meta_20260506_060617/valid_logs/M4_Quarterly.txt,/home/junghc/TSLib/Time-Series-Library/meta_checkpoints/dspbuilder_meta_leave_one_out/260506_100_revised_weight_head_3/09_val_M4_Quarterly/dspbuilder_meta_20260506_060617/summary.json
M4_Quarterly,09_val_M4_Quarterly,2,0.727062,6,False,synflow,0.759000,/home/junghc/TSLib/Time-Series-Library/meta_checkpoints/dspbuilder_meta_leave_one_out/260506_100_revised_weight_head_3/09_val_M4_Quarterly/dspbuilder_meta_20260506_060617/valid_logs/M4_Quarterly.txt,/home/junghc/TSLib/Time-Series-Library/meta_checkpoints/dspbuilder_meta_leave_one_out/260506_100_revised_weight_head_3/09_val_M4_Quarterly/dspbuilder_meta_20260506_060617/summary.json
M4_Quarterly,09_val_M4_Quarterly,3,0.766533,6,False,synflow,0.759000,/home/junghc/TSLib/Time-Series-Library/meta_checkpoints/dspbuilder_meta_leave_one_out/260506_100_revised_weight_head_3/09_val_M4_Quarterly/dspbuilder_meta_20260506_060617/valid_logs/M4_Quarterly.txt,/home/junghc/TSLib/Time-Series-Library/meta_checkpoints/dspbuilder_meta_leave_one_out/260506_100_revised_weight_head_3/09_val_M4_Quarterly/dspbuilder_meta_20260506_060617/summary.json
M4_Quarterly,09_val_M4_Quarterly,4,0.796316,6,False,synflow,0.759000,/home/junghc/TSLib/Time-Series-Library/meta_checkpoints/dspbuilder_meta_leave_one_out/260506_100_revised_weight_head_3/09_val_M4_Quarterly/dspbuilder_meta_20260506_060617/valid_logs/M4_Quarterly.txt,/home/junghc/TSLib/Time-Series-Library/meta_checkpoints/dspbuilder_meta_leave_one_out/260506_100_revised_weight_head_3/09_val_M4_Quarterly/dspbuilder_meta_20260506_060617/summary.json
M4_Quarterly,09_val_M4_Quarterly,5,0.80801,6,False,synflow,0.759000,/home/junghc/TSLib/Time-Series-Library/meta_checkpoints/dspbuilder_meta_leave_one_out/260506_100_revised_weight_head_3/09_val_M4_Quarterly/dspbuilder_meta_20260506_060617/valid_logs/M4_Quarterly.txt,/home/junghc/TSLib/Time-Series-Library/meta_checkpoints/dspbuilder_meta_leave_one_out/260506_100_revised_weight_head_3/09_val_M4_Quarterly/dspbuilder_meta_20260506_060617/summary.json
M4_Quarterly,09_val_M4_Quarterly,6,0.790795,6,True,synflow,0.759000,/home/junghc/TSLib/Time-Series-Library/meta_checkpoints/dspbuilder_meta_leave_one_out/260506_100_revised_weight_head_3/09_val_M4_Quarterly/dspbuilder_meta_20260506_060617/valid_logs/M4_Quarterly.txt,/home/junghc/TSLib/Time-Series-Library/meta_checkpoints/dspbuilder_meta_leave_one_out/260506_100_revised_weight_head_3/09_val_M4_Quarterly/dspbuilder_meta_20260506_060617/summary.json
M4_Quarterly,09_val_M4_Quarterly,7,0.801788,6,False,synflow,0.759000,/home/junghc/TSLib/Time-Series-Library/meta_checkpoints/dspbuilder_meta_leave_one_out/260506_100_revised_weight_head_3/09_val_M4_Quarterly/dspbuilder_meta_20260506_060617/valid_logs/M4_Quarterly.txt,/home/junghc/TSLib/Time-Series-Library/meta_checkpoints/dspbuilder_meta_leave_one_out/260506_100_revised_weight_head_3/09_val_M4_Quarterly/dspbuilder_meta_20260506_060617/summary.json
M4_Quarterly,09_val_M4_Quarterly,8,0.797811,6,False,synflow,0.759000,/home/junghc/TSLib/Time-Series-Library/meta_checkpoints/dspbuilder_meta_leave_one_out/260506_100_revised_weight_head_3/09_val_M4_Quarterly/dspbuilder_meta_20260506_060617/valid_logs/M4_Quarterly.txt,/home/junghc/TSLib/Time-Series-Library/meta_checkpoints/dspbuilder_meta_leave_one_out/260506_100_revised_weight_head_3/09_val_M4_Quarterly/dspbuilder_meta_20260506_060617/summary.json
M4_Quarterly,09_val_M4_Quarterly,9,0.803444,6,False,synflow,0.759000,/home/junghc/TSLib/Time-Series-Library/meta_checkpoints/dspbuilder_meta_leave_one_out/260506_100_revised_weight_head_3/09_val_M4_Quarterly/dspbuilder_meta_20260506_060617/valid_logs/M4_Quarterly.txt,/home/junghc/TSLib/Time-Series-Library/meta_checkpoints/dspbuilder_meta_leave_one_out/260506_100_revised_weight_head_3/09_val_M4_Quarterly/dspbuilder_meta_20260506_060617/summary.json
M4_Quarterly,09_val_M4_Quarterly,10,0.79742,6,False,synflow,0.759000,/home/junghc/TSLib/Time-Series-Library/meta_checkpoints/dspbuilder_meta_leave_one_out/260506_100_revised_weight_head_3/09_val_M4_Quarterly/dspbuilder_meta_20260506_060617/valid_logs/M4_Quarterly.txt,/home/junghc/TSLib/Time-Series-Library/meta_checkpoints/dspbuilder_meta_leave_one_out/260506_100_revised_weight_head_3/09_val_M4_Quarterly/dspbuilder_meta_20260506_060617/summary.json
M4_Quarterly,09_val_M4_Quarterly,11,0.671057,6,False,synflow,0.759000,/home/junghc/TSLib/Time-Series-Library/meta_checkpoints/dspbuilder_meta_leave_one_out/260506_100_revised_weight_head_3/09_val_M4_Quarterly/dspbuilder_meta_20260506_060617/valid_logs/M4_Quarterly.txt,/home/junghc/TSLib/Time-Series-Library/meta_checkpoints/dspbuilder_meta_leave_one_out/260506_100_revised_weight_head_3/09_val_M4_Quarterly/dspbuilder_meta_20260506_060617/summary.json
M4_Daily,10_val_M4_Daily,1,-0.022958,2,False,params,0.208800,/home/junghc/TSLib/Time-Series-Library/meta_checkpoints/dspbuilder_meta_leave_one_out/260506_100_revised_weight_head_3/10_val_M4_Daily/dspbuilder_meta_20260506_060849/valid_logs/M4_Daily.txt,/home/junghc/TSLib/Time-Series-Library/meta_checkpoints/dspbuilder_meta_leave_one_out/260506_100_revised_weight_head_3/10_val_M4_Daily/dspbuilder_meta_20260506_060849/summary.json
M4_Daily,10_val_M4_Daily,2,0.079894,2,True,params,0.208800,/home/junghc/TSLib/Time-Series-Library/meta_checkpoints/dspbuilder_meta_leave_one_out/260506_100_revised_weight_head_3/10_val_M4_Daily/dspbuilder_meta_20260506_060849/valid_logs/M4_Daily.txt,/home/junghc/TSLib/Time-Series-Library/meta_checkpoints/dspbuilder_meta_leave_one_out/260506_100_revised_weight_head_3/10_val_M4_Daily/dspbuilder_meta_20260506_060849/summary.json
M4_Daily,10_val_M4_Daily,3,0.067836,2,False,params,0.208800,/home/junghc/TSLib/Time-Series-Library/meta_checkpoints/dspbuilder_meta_leave_one_out/260506_100_revised_weight_head_3/10_val_M4_Daily/dspbuilder_meta_20260506_060849/valid_logs/M4_Daily.txt,/home/junghc/TSLib/Time-Series-Library/meta_checkpoints/dspbuilder_meta_leave_one_out/260506_100_revised_weight_head_3/10_val_M4_Daily/dspbuilder_meta_20260506_060849/summary.json
M4_Daily,10_val_M4_Daily,4,0.07905,2,False,params,0.208800,/home/junghc/TSLib/Time-Series-Library/meta_checkpoints/dspbuilder_meta_leave_one_out/260506_100_revised_weight_head_3/10_val_M4_Daily/dspbuilder_meta_20260506_060849/valid_logs/M4_Daily.txt,/home/junghc/TSLib/Time-Series-Library/meta_checkpoints/dspbuilder_meta_leave_one_out/260506_100_revised_weight_head_3/10_val_M4_Daily/dspbuilder_meta_20260506_060849/summary.json
M4_Daily,10_val_M4_Daily,5,0.081011,2,False,params,0.208800,/home/junghc/TSLib/Time-Series-Library/meta_checkpoints/dspbuilder_meta_leave_one_out/260506_100_revised_weight_head_3/10_val_M4_Daily/dspbuilder_meta_20260506_060849/valid_logs/M4_Daily.txt,/home/junghc/TSLib/Time-Series-Library/meta_checkpoints/dspbuilder_meta_leave_one_out/260506_100_revised_weight_head_3/10_val_M4_Daily/dspbuilder_meta_20260506_060849/summary.json
M4_Daily,10_val_M4_Daily,6,0.080588,2,False,params,0.208800,/home/junghc/TSLib/Time-Series-Library/meta_checkpoints/dspbuilder_meta_leave_one_out/260506_100_revised_weight_head_3/10_val_M4_Daily/dspbuilder_meta_20260506_060849/valid_logs/M4_Daily.txt,/home/junghc/TSLib/Time-Series-Library/meta_checkpoints/dspbuilder_meta_leave_one_out/260506_100_revised_weight_head_3/10_val_M4_Daily/dspbuilder_meta_20260506_060849/summary.json
M4_Daily,10_val_M4_Daily,7,0.054848,2,False,params,0.208800,/home/junghc/TSLib/Time-Series-Library/meta_checkpoints/dspbuilder_meta_leave_one_out/260506_100_revised_weight_head_3/10_val_M4_Daily/dspbuilder_meta_20260506_060849/valid_logs/M4_Daily.txt,/home/junghc/TSLib/Time-Series-Library/meta_checkpoints/dspbuilder_meta_leave_one_out/260506_100_revised_weight_head_3/10_val_M4_Daily/dspbuilder_meta_20260506_060849/summary.json
M4_Weekly,11_val_M4_Weekly,1,-0.059934,6,False,jacob_cov,0.242000,/home/junghc/TSLib/Time-Series-Library/meta_checkpoints/dspbuilder_meta_leave_one_out/260506_100_revised_weight_head_3/11_val_M4_Weekly/dspbuilder_meta_20260506_061031/valid_logs/M4_Weekly.txt,/home/junghc/TSLib/Time-Series-Library/meta_checkpoints/dspbuilder_meta_leave_one_out/260506_100_revised_weight_head_3/11_val_M4_Weekly/dspbuilder_meta_20260506_061031/summary.json
M4_Weekly,11_val_M4_Weekly,2,0.204904,6,False,jacob_cov,0.242000,/home/junghc/TSLib/Time-Series-Library/meta_checkpoints/dspbuilder_meta_leave_one_out/260506_100_revised_weight_head_3/11_val_M4_Weekly/dspbuilder_meta_20260506_061031/valid_logs/M4_Weekly.txt,/home/junghc/TSLib/Time-Series-Library/meta_checkpoints/dspbuilder_meta_leave_one_out/260506_100_revised_weight_head_3/11_val_M4_Weekly/dspbuilder_meta_20260506_061031/summary.json
M4_Weekly,11_val_M4_Weekly,3,0.196203,6,False,jacob_cov,0.242000,/home/junghc/TSLib/Time-Series-Library/meta_checkpoints/dspbuilder_meta_leave_one_out/260506_100_revised_weight_head_3/11_val_M4_Weekly/dspbuilder_meta_20260506_061031/valid_logs/M4_Weekly.txt,/home/junghc/TSLib/Time-Series-Library/meta_checkpoints/dspbuilder_meta_leave_one_out/260506_100_revised_weight_head_3/11_val_M4_Weekly/dspbuilder_meta_20260506_061031/summary.json
M4_Weekly,11_val_M4_Weekly,4,0.204059,6,False,jacob_cov,0.242000,/home/junghc/TSLib/Time-Series-Library/meta_checkpoints/dspbuilder_meta_leave_one_out/260506_100_revised_weight_head_3/11_val_M4_Weekly/dspbuilder_meta_20260506_061031/valid_logs/M4_Weekly.txt,/home/junghc/TSLib/Time-Series-Library/meta_checkpoints/dspbuilder_meta_leave_one_out/260506_100_revised_weight_head_3/11_val_M4_Weekly/dspbuilder_meta_20260506_061031/summary.json
M4_Weekly,11_val_M4_Weekly,5,0.206958,6,False,jacob_cov,0.242000,/home/junghc/TSLib/Time-Series-Library/meta_checkpoints/dspbuilder_meta_leave_one_out/260506_100_revised_weight_head_3/11_val_M4_Weekly/dspbuilder_meta_20260506_061031/valid_logs/M4_Weekly.txt,/home/junghc/TSLib/Time-Series-Library/meta_checkpoints/dspbuilder_meta_leave_one_out/260506_100_revised_weight_head_3/11_val_M4_Weekly/dspbuilder_meta_20260506_061031/summary.json
M4_Weekly,11_val_M4_Weekly,6,0.217594,6,True,jacob_cov,0.242000,/home/junghc/TSLib/Time-Series-Library/meta_checkpoints/dspbuilder_meta_leave_one_out/260506_100_revised_weight_head_3/11_val_M4_Weekly/dspbuilder_meta_20260506_061031/valid_logs/M4_Weekly.txt,/home/junghc/TSLib/Time-Series-Library/meta_checkpoints/dspbuilder_meta_leave_one_out/260506_100_revised_weight_head_3/11_val_M4_Weekly/dspbuilder_meta_20260506_061031/summary.json
M4_Weekly,11_val_M4_Weekly,7,0.208077,6,False,jacob_cov,0.242000,/home/junghc/TSLib/Time-Series-Library/meta_checkpoints/dspbuilder_meta_leave_one_out/260506_100_revised_weight_head_3/11_val_M4_Weekly/dspbuilder_meta_20260506_061031/valid_logs/M4_Weekly.txt,/home/junghc/TSLib/Time-Series-Library/meta_checkpoints/dspbuilder_meta_leave_one_out/260506_100_revised_weight_head_3/11_val_M4_Weekly/dspbuilder_meta_20260506_061031/summary.json
M4_Weekly,11_val_M4_Weekly,8,0.213129,6,False,jacob_cov,0.242000,/home/junghc/TSLib/Time-Series-Library/meta_checkpoints/dspbuilder_meta_leave_one_out/260506_100_revised_weight_head_3/11_val_M4_Weekly/dspbuilder_meta_20260506_061031/valid_logs/M4_Weekly.txt,/home/junghc/TSLib/Time-Series-Library/meta_checkpoints/dspbuilder_meta_leave_one_out/260506_100_revised_weight_head_3/11_val_M4_Weekly/dspbuilder_meta_20260506_061031/summary.json
M4_Weekly,11_val_M4_Weekly,9,0.203512,6,False,jacob_cov,0.242000,/home/junghc/TSLib/Time-Series-Library/meta_checkpoints/dspbuilder_meta_leave_one_out/260506_100_revised_weight_head_3/11_val_M4_Weekly/dspbuilder_meta_20260506_061031/valid_logs/M4_Weekly.txt,/home/junghc/TSLib/Time-Series-Library/meta_checkpoints/dspbuilder_meta_leave_one_out/260506_100_revised_weight_head_3/11_val_M4_Weekly/dspbuilder_meta_20260506_061031/summary.json
M4_Weekly,11_val_M4_Weekly,10,0.205072,6,False,jacob_cov,0.242000,/home/junghc/TSLib/Time-Series-Library/meta_checkpoints/dspbuilder_meta_leave_one_out/260506_100_revised_weight_head_3/11_val_M4_Weekly/dspbuilder_meta_20260506_061031/valid_logs/M4_Weekly.txt,/home/junghc/TSLib/Time-Series-Library/meta_checkpoints/dspbuilder_meta_leave_one_out/260506_100_revised_weight_head_3/11_val_M4_Weekly/dspbuilder_meta_20260506_061031/summary.json
M4_Weekly,11_val_M4_Weekly,11,0.197873,6,False,jacob_cov,0.242000,/home/junghc/TSLib/Time-Series-Library/meta_checkpoints/dspbuilder_meta_leave_one_out/260506_100_revised_weight_head_3/11_val_M4_Weekly/dspbuilder_meta_20260506_061031/valid_logs/M4_Weekly.txt,/home/junghc/TSLib/Time-Series-Library/meta_checkpoints/dspbuilder_meta_leave_one_out/260506_100_revised_weight_head_3/11_val_M4_Weekly/dspbuilder_meta_20260506_061031/summary.json
M4_Yearly,12_val_M4_Yearly,1,0.022461,3,False,sfrd,-0.134970,/home/junghc/TSLib/Time-Series-Library/meta_checkpoints/dspbuilder_meta_leave_one_out/260506_100_revised_weight_head_3/12_val_M4_Yearly/dspbuilder_meta_20260506_061256/valid_logs/M4_Yearly.txt,/home/junghc/TSLib/Time-Series-Library/meta_checkpoints/dspbuilder_meta_leave_one_out/260506_100_revised_weight_head_3/12_val_M4_Yearly/dspbuilder_meta_20260506_061256/summary.json
M4_Yearly,12_val_M4_Yearly,2,0.091891,3,False,sfrd,-0.134970,/home/junghc/TSLib/Time-Series-Library/meta_checkpoints/dspbuilder_meta_leave_one_out/260506_100_revised_weight_head_3/12_val_M4_Yearly/dspbuilder_meta_20260506_061256/valid_logs/M4_Yearly.txt,/home/junghc/TSLib/Time-Series-Library/meta_checkpoints/dspbuilder_meta_leave_one_out/260506_100_revised_weight_head_3/12_val_M4_Yearly/dspbuilder_meta_20260506_061256/summary.json
M4_Yearly,12_val_M4_Yearly,3,0.074597,3,True,sfrd,-0.134970,/home/junghc/TSLib/Time-Series-Library/meta_checkpoints/dspbuilder_meta_leave_one_out/260506_100_revised_weight_head_3/12_val_M4_Yearly/dspbuilder_meta_20260506_061256/valid_logs/M4_Yearly.txt,/home/junghc/TSLib/Time-Series-Library/meta_checkpoints/dspbuilder_meta_leave_one_out/260506_100_revised_weight_head_3/12_val_M4_Yearly/dspbuilder_meta_20260506_061256/summary.json
M4_Yearly,12_val_M4_Yearly,4,0.079405,3,False,sfrd,-0.134970,/home/junghc/TSLib/Time-Series-Library/meta_checkpoints/dspbuilder_meta_leave_one_out/260506_100_revised_weight_head_3/12_val_M4_Yearly/dspbuilder_meta_20260506_061256/valid_logs/M4_Yearly.txt,/home/junghc/TSLib/Time-Series-Library/meta_checkpoints/dspbuilder_meta_leave_one_out/260506_100_revised_weight_head_3/12_val_M4_Yearly/dspbuilder_meta_20260506_061256/summary.json
M4_Yearly,12_val_M4_Yearly,5,0.082299,3,False,sfrd,-0.134970,/home/junghc/TSLib/Time-Series-Library/meta_checkpoints/dspbuilder_meta_leave_one_out/260506_100_revised_weight_head_3/12_val_M4_Yearly/dspbuilder_meta_20260506_061256/valid_logs/M4_Yearly.txt,/home/junghc/TSLib/Time-Series-Library/meta_checkpoints/dspbuilder_meta_leave_one_out/260506_100_revised_weight_head_3/12_val_M4_Yearly/dspbuilder_meta_20260506_061256/summary.json
M4_Yearly,12_val_M4_Yearly,6,0.077201,3,False,sfrd,-0.134970,/home/junghc/TSLib/Time-Series-Library/meta_checkpoints/dspbuilder_meta_leave_one_out/260506_100_revised_weight_head_3/12_val_M4_Yearly/dspbuilder_meta_20260506_061256/valid_logs/M4_Yearly.txt,/home/junghc/TSLib/Time-Series-Library/meta_checkpoints/dspbuilder_meta_leave_one_out/260506_100_revised_weight_head_3/12_val_M4_Yearly/dspbuilder_meta_20260506_061256/summary.json
M4_Yearly,12_val_M4_Yearly,7,0.079928,3,False,sfrd,-0.134970,/home/junghc/TSLib/Time-Series-Library/meta_checkpoints/dspbuilder_meta_leave_one_out/260506_100_revised_weight_head_3/12_val_M4_Yearly/dspbuilder_meta_20260506_061256/valid_logs/M4_Yearly.txt,/home/junghc/TSLib/Time-Series-Library/meta_checkpoints/dspbuilder_meta_leave_one_out/260506_100_revised_weight_head_3/12_val_M4_Yearly/dspbuilder_meta_20260506_061256/summary.json
M4_Yearly,12_val_M4_Yearly,8,0.086778,3,False,sfrd,-0.134970,/home/junghc/TSLib/Time-Series-Library/meta_checkpoints/dspbuilder_meta_leave_one_out/260506_100_revised_weight_head_3/12_val_M4_Yearly/dspbuilder_meta_20260506_061256/valid_logs/M4_Yearly.txt,/home/junghc/TSLib/Time-Series-Library/meta_checkpoints/dspbuilder_meta_leave_one_out/260506_100_revised_weight_head_3/12_val_M4_Yearly/dspbuilder_meta_20260506_061256/summary.json
aus_electricity_demand,13_val_aus_electricity_demand,1,0.277372,1,True,flops,-0.563300,/home/junghc/TSLib/Time-Series-Library/meta_checkpoints/dspbuilder_meta_leave_one_out/260506_100_revised_weight_head_3/13_val_aus_electricity_demand/dspbuilder_meta_20260506_061446/valid_logs/aus_electricity_demand.txt,/home/junghc/TSLib/Time-Series-Library/meta_checkpoints/dspbuilder_meta_leave_one_out/260506_100_revised_weight_head_3/13_val_aus_electricity_demand/dspbuilder_meta_20260506_061446/summary.json
aus_electricity_demand,13_val_aus_electricity_demand,2,-0.502999,1,False,flops,-0.563300,/home/junghc/TSLib/Time-Series-Library/meta_checkpoints/dspbuilder_meta_leave_one_out/260506_100_revised_weight_head_3/13_val_aus_electricity_demand/dspbuilder_meta_20260506_061446/valid_logs/aus_electricity_demand.txt,/home/junghc/TSLib/Time-Series-Library/meta_checkpoints/dspbuilder_meta_leave_one_out/260506_100_revised_weight_head_3/13_val_aus_electricity_demand/dspbuilder_meta_20260506_061446/summary.json
aus_electricity_demand,13_val_aus_electricity_demand,3,-0.447765,1,False,flops,-0.563300,/home/junghc/TSLib/Time-Series-Library/meta_checkpoints/dspbuilder_meta_leave_one_out/260506_100_revised_weight_head_3/13_val_aus_electricity_demand/dspbuilder_meta_20260506_061446/valid_logs/aus_electricity_demand.txt,/home/junghc/TSLib/Time-Series-Library/meta_checkpoints/dspbuilder_meta_leave_one_out/260506_100_revised_weight_head_3/13_val_aus_electricity_demand/dspbuilder_meta_20260506_061446/summary.json
aus_electricity_demand,13_val_aus_electricity_demand,4,-0.502927,1,False,flops,-0.563300,/home/junghc/TSLib/Time-Series-Library/meta_checkpoints/dspbuilder_meta_leave_one_out/260506_100_revised_weight_head_3/13_val_aus_electricity_demand/dspbuilder_meta_20260506_061446/valid_logs/aus_electricity_demand.txt,/home/junghc/TSLib/Time-Series-Library/meta_checkpoints/dspbuilder_meta_leave_one_out/260506_100_revised_weight_head_3/13_val_aus_electricity_demand/dspbuilder_meta_20260506_061446/summary.json
aus_electricity_demand,13_val_aus_electricity_demand,5,-0.498098,1,False,flops,-0.563300,/home/junghc/TSLib/Time-Series-Library/meta_checkpoints/dspbuilder_meta_leave_one_out/260506_100_revised_weight_head_3/13_val_aus_electricity_demand/dspbuilder_meta_20260506_061446/valid_logs/aus_electricity_demand.txt,/home/junghc/TSLib/Time-Series-Library/meta_checkpoints/dspbuilder_meta_leave_one_out/260506_100_revised_weight_head_3/13_val_aus_electricity_demand/dspbuilder_meta_20260506_061446/summary.json
aus_electricity_demand,13_val_aus_electricity_demand,6,-0.47483,1,False,flops,-0.563300,/home/junghc/TSLib/Time-Series-Library/meta_checkpoints/dspbuilder_meta_leave_one_out/260506_100_revised_weight_head_3/13_val_aus_electricity_demand/dspbuilder_meta_20260506_061446/valid_logs/aus_electricity_demand.txt,/home/junghc/TSLib/Time-Series-Library/meta_checkpoints/dspbuilder_meta_leave_one_out/260506_100_revised_weight_head_3/13_val_aus_electricity_demand/dspbuilder_meta_20260506_061446/summary.json
Bitcoin,14_val_Bitcoin,1,-0.179598,2,False,grad_norm,0.172200,/home/junghc/TSLib/Time-Series-Library/meta_checkpoints/dspbuilder_meta_leave_one_out/260506_100_revised_weight_head_3/14_val_Bitcoin/dspbuilder_meta_20260506_061618/valid_logs/Bitcoin.txt,/home/junghc/TSLib/Time-Series-Library/meta_checkpoints/dspbuilder_meta_leave_one_out/260506_100_revised_weight_head_3/14_val_Bitcoin/dspbuilder_meta_20260506_061618/summary.json
Bitcoin,14_val_Bitcoin,2,-0.018071,2,True,grad_norm,0.172200,/home/junghc/TSLib/Time-Series-Library/meta_checkpoints/dspbuilder_meta_leave_one_out/260506_100_revised_weight_head_3/14_val_Bitcoin/dspbuilder_meta_20260506_061618/valid_logs/Bitcoin.txt,/home/junghc/TSLib/Time-Series-Library/meta_checkpoints/dspbuilder_meta_leave_one_out/260506_100_revised_weight_head_3/14_val_Bitcoin/dspbuilder_meta_20260506_061618/summary.json
Bitcoin,14_val_Bitcoin,3,-0.097023,2,False,grad_norm,0.172200,/home/junghc/TSLib/Time-Series-Library/meta_checkpoints/dspbuilder_meta_leave_one_out/260506_100_revised_weight_head_3/14_val_Bitcoin/dspbuilder_meta_20260506_061618/valid_logs/Bitcoin.txt,/home/junghc/TSLib/Time-Series-Library/meta_checkpoints/dspbuilder_meta_leave_one_out/260506_100_revised_weight_head_3/14_val_Bitcoin/dspbuilder_meta_20260506_061618/summary.json
Bitcoin,14_val_Bitcoin,4,-0.062255,2,False,grad_norm,0.172200,/home/junghc/TSLib/Time-Series-Library/meta_checkpoints/dspbuilder_meta_leave_one_out/260506_100_revised_weight_head_3/14_val_Bitcoin/dspbuilder_meta_20260506_061618/valid_logs/Bitcoin.txt,/home/junghc/TSLib/Time-Series-Library/meta_checkpoints/dspbuilder_meta_leave_one_out/260506_100_revised_weight_head_3/14_val_Bitcoin/dspbuilder_meta_20260506_061618/summary.json
Bitcoin,14_val_Bitcoin,5,-0.053091,2,False,grad_norm,0.172200,/home/junghc/TSLib/Time-Series-Library/meta_checkpoints/dspbuilder_meta_leave_one_out/260506_100_revised_weight_head_3/14_val_Bitcoin/dspbuilder_meta_20260506_061618/valid_logs/Bitcoin.txt,/home/junghc/TSLib/Time-Series-Library/meta_checkpoints/dspbuilder_meta_leave_one_out/260506_100_revised_weight_head_3/14_val_Bitcoin/dspbuilder_meta_20260506_061618/summary.json
Bitcoin,14_val_Bitcoin,6,-0.056866,2,False,grad_norm,0.172200,/home/junghc/TSLib/Time-Series-Library/meta_checkpoints/dspbuilder_meta_leave_one_out/260506_100_revised_weight_head_3/14_val_Bitcoin/dspbuilder_meta_20260506_061618/valid_logs/Bitcoin.txt,/home/junghc/TSLib/Time-Series-Library/meta_checkpoints/dspbuilder_meta_leave_one_out/260506_100_revised_weight_head_3/14_val_Bitcoin/dspbuilder_meta_20260506_061618/summary.json
Bitcoin,14_val_Bitcoin,7,-0.053729,2,False,grad_norm,0.172200,/home/junghc/TSLib/Time-Series-Library/meta_checkpoints/dspbuilder_meta_leave_one_out/260506_100_revised_weight_head_3/14_val_Bitcoin/dspbuilder_meta_20260506_061618/valid_logs/Bitcoin.txt,/home/junghc/TSLib/Time-Series-Library/meta_checkpoints/dspbuilder_meta_leave_one_out/260506_100_revised_weight_head_3/14_val_Bitcoin/dspbuilder_meta_20260506_061618/summary.json
CIF_2016,15_val_CIF_2016,1,-0.018278,1,True,synflow,-0.398200,/home/junghc/TSLib/Time-Series-Library/meta_checkpoints/dspbuilder_meta_leave_one_out/260506_100_revised_weight_head_3/15_val_CIF_2016/dspbuilder_meta_20260506_061759/valid_logs/CIF_2016.txt,/home/junghc/TSLib/Time-Series-Library/meta_checkpoints/dspbuilder_meta_leave_one_out/260506_100_revised_weight_head_3/15_val_CIF_2016/dspbuilder_meta_20260506_061759/summary.json
CIF_2016,15_val_CIF_2016,2,-0.284102,1,False,synflow,-0.398200,/home/junghc/TSLib/Time-Series-Library/meta_checkpoints/dspbuilder_meta_leave_one_out/260506_100_revised_weight_head_3/15_val_CIF_2016/dspbuilder_meta_20260506_061759/valid_logs/CIF_2016.txt,/home/junghc/TSLib/Time-Series-Library/meta_checkpoints/dspbuilder_meta_leave_one_out/260506_100_revised_weight_head_3/15_val_CIF_2016/dspbuilder_meta_20260506_061759/summary.json
CIF_2016,15_val_CIF_2016,3,-0.235262,1,False,synflow,-0.398200,/home/junghc/TSLib/Time-Series-Library/meta_checkpoints/dspbuilder_meta_leave_one_out/260506_100_revised_weight_head_3/15_val_CIF_2016/dspbuilder_meta_20260506_061759/valid_logs/CIF_2016.txt,/home/junghc/TSLib/Time-Series-Library/meta_checkpoints/dspbuilder_meta_leave_one_out/260506_100_revised_weight_head_3/15_val_CIF_2016/dspbuilder_meta_20260506_061759/summary.json
CIF_2016,15_val_CIF_2016,4,-0.265536,1,False,synflow,-0.398200,/home/junghc/TSLib/Time-Series-Library/meta_checkpoints/dspbuilder_meta_leave_one_out/260506_100_revised_weight_head_3/15_val_CIF_2016/dspbuilder_meta_20260506_061759/valid_logs/CIF_2016.txt,/home/junghc/TSLib/Time-Series-Library/meta_checkpoints/dspbuilder_meta_leave_one_out/260506_100_revised_weight_head_3/15_val_CIF_2016/dspbuilder_meta_20260506_061759/summary.json
CIF_2016,15_val_CIF_2016,5,-0.284421,1,False,synflow,-0.398200,/home/junghc/TSLib/Time-Series-Library/meta_checkpoints/dspbuilder_meta_leave_one_out/260506_100_revised_weight_head_3/15_val_CIF_2016/dspbuilder_meta_20260506_061759/valid_logs/CIF_2016.txt,/home/junghc/TSLib/Time-Series-Library/meta_checkpoints/dspbuilder_meta_leave_one_out/260506_100_revised_weight_head_3/15_val_CIF_2016/dspbuilder_meta_20260506_061759/summary.json
CIF_2016,15_val_CIF_2016,6,-0.285547,1,False,synflow,-0.398200,/home/junghc/TSLib/Time-Series-Library/meta_checkpoints/dspbuilder_meta_leave_one_out/260506_100_revised_weight_head_3/15_val_CIF_2016/dspbuilder_meta_20260506_061759/valid_logs/CIF_2016.txt,/home/junghc/TSLib/Time-Series-Library/meta_checkpoints/dspbuilder_meta_leave_one_out/260506_100_revised_weight_head_3/15_val_CIF_2016/dspbuilder_meta_20260506_061759/summary.json
Dominick,16_val_Dominick,1,0.017728,4,False,flops,0.312600,/home/junghc/TSLib/Time-Series-Library/meta_checkpoints/dspbuilder_meta_leave_one_out/260506_100_revised_weight_head_3/16_val_Dominick/dspbuilder_meta_20260506_061930/valid_logs/Dominick.txt,/home/junghc/TSLib/Time-Series-Library/meta_checkpoints/dspbuilder_meta_leave_one_out/260506_100_revised_weight_head_3/16_val_Dominick/dspbuilder_meta_20260506_061930/summary.json
Dominick,16_val_Dominick,2,0.199729,4,False,flops,0.312600,/home/junghc/TSLib/Time-Series-Library/meta_checkpoints/dspbuilder_meta_leave_one_out/260506_100_revised_weight_head_3/16_val_Dominick/dspbuilder_meta_20260506_061930/valid_logs/Dominick.txt,/home/junghc/TSLib/Time-Series-Library/meta_checkpoints/dspbuilder_meta_leave_one_out/260506_100_revised_weight_head_3/16_val_Dominick/dspbuilder_meta_20260506_061930/summary.json
Dominick,16_val_Dominick,3,0.156942,4,False,flops,0.312600,/home/junghc/TSLib/Time-Series-Library/meta_checkpoints/dspbuilder_meta_leave_one_out/260506_100_revised_weight_head_3/16_val_Dominick/dspbuilder_meta_20260506_061930/valid_logs/Dominick.txt,/home/junghc/TSLib/Time-Series-Library/meta_checkpoints/dspbuilder_meta_leave_one_out/260506_100_revised_weight_head_3/16_val_Dominick/dspbuilder_meta_20260506_061930/summary.json
Dominick,16_val_Dominick,4,0.212248,4,True,flops,0.312600,/home/junghc/TSLib/Time-Series-Library/meta_checkpoints/dspbuilder_meta_leave_one_out/260506_100_revised_weight_head_3/16_val_Dominick/dspbuilder_meta_20260506_061930/valid_logs/Dominick.txt,/home/junghc/TSLib/Time-Series-Library/meta_checkpoints/dspbuilder_meta_leave_one_out/260506_100_revised_weight_head_3/16_val_Dominick/dspbuilder_meta_20260506_061930/summary.json
Dominick,16_val_Dominick,5,0.204923,4,False,flops,0.312600,/home/junghc/TSLib/Time-Series-Library/meta_checkpoints/dspbuilder_meta_leave_one_out/260506_100_revised_weight_head_3/16_val_Dominick/dspbuilder_meta_20260506_061930/valid_logs/Dominick.txt,/home/junghc/TSLib/Time-Series-Library/meta_checkpoints/dspbuilder_meta_leave_one_out/260506_100_revised_weight_head_3/16_val_Dominick/dspbuilder_meta_20260506_061930/summary.json
Dominick,16_val_Dominick,6,0.203754,4,False,flops,0.312600,/home/junghc/TSLib/Time-Series-Library/meta_checkpoints/dspbuilder_meta_leave_one_out/260506_100_revised_weight_head_3/16_val_Dominick/dspbuilder_meta_20260506_061930/valid_logs/Dominick.txt,/home/junghc/TSLib/Time-Series-Library/meta_checkpoints/dspbuilder_meta_leave_one_out/260506_100_revised_weight_head_3/16_val_Dominick/dspbuilder_meta_20260506_061930/summary.json
Dominick,16_val_Dominick,7,0.181353,4,False,flops,0.312600,/home/junghc/TSLib/Time-Series-Library/meta_checkpoints/dspbuilder_meta_leave_one_out/260506_100_revised_weight_head_3/16_val_Dominick/dspbuilder_meta_20260506_061930/valid_logs/Dominick.txt,/home/junghc/TSLib/Time-Series-Library/meta_checkpoints/dspbuilder_meta_leave_one_out/260506_100_revised_weight_head_3/16_val_Dominick/dspbuilder_meta_20260506_061930/summary.json
Dominick,16_val_Dominick,8,0.204167,4,False,flops,0.312600,/home/junghc/TSLib/Time-Series-Library/meta_checkpoints/dspbuilder_meta_leave_one_out/260506_100_revised_weight_head_3/16_val_Dominick/dspbuilder_meta_20260506_061930/valid_logs/Dominick.txt,/home/junghc/TSLib/Time-Series-Library/meta_checkpoints/dspbuilder_meta_leave_one_out/260506_100_revised_weight_head_3/16_val_Dominick/dspbuilder_meta_20260506_061930/summary.json
Dominick,16_val_Dominick,9,0.183208,4,False,flops,0.312600,/home/junghc/TSLib/Time-Series-Library/meta_checkpoints/dspbuilder_meta_leave_one_out/260506_100_revised_weight_head_3/16_val_Dominick/dspbuilder_meta_20260506_061930/valid_logs/Dominick.txt,/home/junghc/TSLib/Time-Series-Library/meta_checkpoints/dspbuilder_meta_leave_one_out/260506_100_revised_weight_head_3/16_val_Dominick/dspbuilder_meta_20260506_061930/summary.json
Electricity_Hourly,17_val_Electricity_Hourly,1,-0.041308,7,False,synflow,0.165400,/home/junghc/TSLib/Time-Series-Library/meta_checkpoints/dspbuilder_meta_leave_one_out/260506_100_revised_weight_head_3/17_val_Electricity_Hourly/dspbuilder_meta_20260506_062135/valid_logs/Electricity_Hourly.txt,/home/junghc/TSLib/Time-Series-Library/meta_checkpoints/dspbuilder_meta_leave_one_out/260506_100_revised_weight_head_3/17_val_Electricity_Hourly/dspbuilder_meta_20260506_062135/summary.json
Electricity_Hourly,17_val_Electricity_Hourly,2,0.106892,7,False,synflow,0.165400,/home/junghc/TSLib/Time-Series-Library/meta_checkpoints/dspbuilder_meta_leave_one_out/260506_100_revised_weight_head_3/17_val_Electricity_Hourly/dspbuilder_meta_20260506_062135/valid_logs/Electricity_Hourly.txt,/home/junghc/TSLib/Time-Series-Library/meta_checkpoints/dspbuilder_meta_leave_one_out/260506_100_revised_weight_head_3/17_val_Electricity_Hourly/dspbuilder_meta_20260506_062135/summary.json
Electricity_Hourly,17_val_Electricity_Hourly,3,0.096893,7,False,synflow,0.165400,/home/junghc/TSLib/Time-Series-Library/meta_checkpoints/dspbuilder_meta_leave_one_out/260506_100_revised_weight_head_3/17_val_Electricity_Hourly/dspbuilder_meta_20260506_062135/valid_logs/Electricity_Hourly.txt,/home/junghc/TSLib/Time-Series-Library/meta_checkpoints/dspbuilder_meta_leave_one_out/260506_100_revised_weight_head_3/17_val_Electricity_Hourly/dspbuilder_meta_20260506_062135/summary.json
Electricity_Hourly,17_val_Electricity_Hourly,4,0.111033,7,False,synflow,0.165400,/home/junghc/TSLib/Time-Series-Library/meta_checkpoints/dspbuilder_meta_leave_one_out/260506_100_revised_weight_head_3/17_val_Electricity_Hourly/dspbuilder_meta_20260506_062135/valid_logs/Electricity_Hourly.txt,/home/junghc/TSLib/Time-Series-Library/meta_checkpoints/dspbuilder_meta_leave_one_out/260506_100_revised_weight_head_3/17_val_Electricity_Hourly/dspbuilder_meta_20260506_062135/summary.json
Electricity_Hourly,17_val_Electricity_Hourly,5,0.114976,7,False,synflow,0.165400,/home/junghc/TSLib/Time-Series-Library/meta_checkpoints/dspbuilder_meta_leave_one_out/260506_100_revised_weight_head_3/17_val_Electricity_Hourly/dspbuilder_meta_20260506_062135/valid_logs/Electricity_Hourly.txt,/home/junghc/TSLib/Time-Series-Library/meta_checkpoints/dspbuilder_meta_leave_one_out/260506_100_revised_weight_head_3/17_val_Electricity_Hourly/dspbuilder_meta_20260506_062135/summary.json
Electricity_Hourly,17_val_Electricity_Hourly,6,0.118217,7,False,synflow,0.165400,/home/junghc/TSLib/Time-Series-Library/meta_checkpoints/dspbuilder_meta_leave_one_out/260506_100_revised_weight_head_3/17_val_Electricity_Hourly/dspbuilder_meta_20260506_062135/valid_logs/Electricity_Hourly.txt,/home/junghc/TSLib/Time-Series-Library/meta_checkpoints/dspbuilder_meta_leave_one_out/260506_100_revised_weight_head_3/17_val_Electricity_Hourly/dspbuilder_meta_20260506_062135/summary.json
Electricity_Hourly,17_val_Electricity_Hourly,7,0.130503,7,True,synflow,0.165400,/home/junghc/TSLib/Time-Series-Library/meta_checkpoints/dspbuilder_meta_leave_one_out/260506_100_revised_weight_head_3/17_val_Electricity_Hourly/dspbuilder_meta_20260506_062135/valid_logs/Electricity_Hourly.txt,/home/junghc/TSLib/Time-Series-Library/meta_checkpoints/dspbuilder_meta_leave_one_out/260506_100_revised_weight_head_3/17_val_Electricity_Hourly/dspbuilder_meta_20260506_062135/summary.json
Electricity_Hourly,17_val_Electricity_Hourly,8,0.124815,7,False,synflow,0.165400,/home/junghc/TSLib/Time-Series-Library/meta_checkpoints/dspbuilder_meta_leave_one_out/260506_100_revised_weight_head_3/17_val_Electricity_Hourly/dspbuilder_meta_20260506_062135/valid_logs/Electricity_Hourly.txt,/home/junghc/TSLib/Time-Series-Library/meta_checkpoints/dspbuilder_meta_leave_one_out/260506_100_revised_weight_head_3/17_val_Electricity_Hourly/dspbuilder_meta_20260506_062135/summary.json
Electricity_Hourly,17_val_Electricity_Hourly,9,0.126207,7,False,synflow,0.165400,/home/junghc/TSLib/Time-Series-Library/meta_checkpoints/dspbuilder_meta_leave_one_out/260506_100_revised_weight_head_3/17_val_Electricity_Hourly/dspbuilder_meta_20260506_062135/valid_logs/Electricity_Hourly.txt,/home/junghc/TSLib/Time-Series-Library/meta_checkpoints/dspbuilder_meta_leave_one_out/260506_100_revised_weight_head_3/17_val_Electricity_Hourly/dspbuilder_meta_20260506_062135/summary.json
Electricity_Hourly,17_val_Electricity_Hourly,10,0.122134,7,False,synflow,0.165400,/home/junghc/TSLib/Time-Series-Library/meta_checkpoints/dspbuilder_meta_leave_one_out/260506_100_revised_weight_head_3/17_val_Electricity_Hourly/dspbuilder_meta_20260506_062135/valid_logs/Electricity_Hourly.txt,/home/junghc/TSLib/Time-Series-Library/meta_checkpoints/dspbuilder_meta_leave_one_out/260506_100_revised_weight_head_3/17_val_Electricity_Hourly/dspbuilder_meta_20260506_062135/summary.json
Electricity_Hourly,17_val_Electricity_Hourly,11,0.117307,7,False,synflow,0.165400,/home/junghc/TSLib/Time-Series-Library/meta_checkpoints/dspbuilder_meta_leave_one_out/260506_100_revised_weight_head_3/17_val_Electricity_Hourly/dspbuilder_meta_20260506_062135/valid_logs/Electricity_Hourly.txt,/home/junghc/TSLib/Time-Series-Library/meta_checkpoints/dspbuilder_meta_leave_one_out/260506_100_revised_weight_head_3/17_val_Electricity_Hourly/dspbuilder_meta_20260506_062135/summary.json
Electricity_Hourly,17_val_Electricity_Hourly,12,0.085242,7,False,synflow,0.165400,/home/junghc/TSLib/Time-Series-Library/meta_checkpoints/dspbuilder_meta_leave_one_out/260506_100_revised_weight_head_3/17_val_Electricity_Hourly/dspbuilder_meta_20260506_062135/valid_logs/Electricity_Hourly.txt,/home/junghc/TSLib/Time-Series-Library/meta_checkpoints/dspbuilder_meta_leave_one_out/260506_100_revised_weight_head_3/17_val_Electricity_Hourly/dspbuilder_meta_20260506_062135/summary.json
Electricity_Weekly,18_val_Electricity_Weekly,1,0.122098,1,True,jacob_fro,0.099400,/home/junghc/TSLib/Time-Series-Library/meta_checkpoints/dspbuilder_meta_leave_one_out/260506_100_revised_weight_head_3/18_val_Electricity_Weekly/dspbuilder_meta_20260506_062410/valid_logs/Electricity_Weekly.txt,/home/junghc/TSLib/Time-Series-Library/meta_checkpoints/dspbuilder_meta_leave_one_out/260506_100_revised_weight_head_3/18_val_Electricity_Weekly/dspbuilder_meta_20260506_062410/summary.json
Electricity_Weekly,18_val_Electricity_Weekly,2,-0.050945,1,False,jacob_fro,0.099400,/home/junghc/TSLib/Time-Series-Library/meta_checkpoints/dspbuilder_meta_leave_one_out/260506_100_revised_weight_head_3/18_val_Electricity_Weekly/dspbuilder_meta_20260506_062410/valid_logs/Electricity_Weekly.txt,/home/junghc/TSLib/Time-Series-Library/meta_checkpoints/dspbuilder_meta_leave_one_out/260506_100_revised_weight_head_3/18_val_Electricity_Weekly/dspbuilder_meta_20260506_062410/summary.json
Electricity_Weekly,18_val_Electricity_Weekly,3,-0.051212,1,False,jacob_fro,0.099400,/home/junghc/TSLib/Time-Series-Library/meta_checkpoints/dspbuilder_meta_leave_one_out/260506_100_revised_weight_head_3/18_val_Electricity_Weekly/dspbuilder_meta_20260506_062410/valid_logs/Electricity_Weekly.txt,/home/junghc/TSLib/Time-Series-Library/meta_checkpoints/dspbuilder_meta_leave_one_out/260506_100_revised_weight_head_3/18_val_Electricity_Weekly/dspbuilder_meta_20260506_062410/summary.json
Electricity_Weekly,18_val_Electricity_Weekly,4,-0.058971,1,False,jacob_fro,0.099400,/home/junghc/TSLib/Time-Series-Library/meta_checkpoints/dspbuilder_meta_leave_one_out/260506_100_revised_weight_head_3/18_val_Electricity_Weekly/dspbuilder_meta_20260506_062410/valid_logs/Electricity_Weekly.txt,/home/junghc/TSLib/Time-Series-Library/meta_checkpoints/dspbuilder_meta_leave_one_out/260506_100_revised_weight_head_3/18_val_Electricity_Weekly/dspbuilder_meta_20260506_062410/summary.json
Electricity_Weekly,18_val_Electricity_Weekly,5,-0.044112,1,False,jacob_fro,0.099400,/home/junghc/TSLib/Time-Series-Library/meta_checkpoints/dspbuilder_meta_leave_one_out/260506_100_revised_weight_head_3/18_val_Electricity_Weekly/dspbuilder_meta_20260506_062410/valid_logs/Electricity_Weekly.txt,/home/junghc/TSLib/Time-Series-Library/meta_checkpoints/dspbuilder_meta_leave_one_out/260506_100_revised_weight_head_3/18_val_Electricity_Weekly/dspbuilder_meta_20260506_062410/summary.json
Electricity_Weekly,18_val_Electricity_Weekly,6,-0.055681,1,False,jacob_fro,0.099400,/home/junghc/TSLib/Time-Series-Library/meta_checkpoints/dspbuilder_meta_leave_one_out/260506_100_revised_weight_head_3/18_val_Electricity_Weekly/dspbuilder_meta_20260506_062410/valid_logs/Electricity_Weekly.txt,/home/junghc/TSLib/Time-Series-Library/meta_checkpoints/dspbuilder_meta_leave_one_out/260506_100_revised_weight_head_3/18_val_Electricity_Weekly/dspbuilder_meta_20260506_062410/summary.json
FRED_MD,19_val_FRED_MD,1,-0.051869,3,False,jacob_cov,0.274200,/home/junghc/TSLib/Time-Series-Library/meta_checkpoints/dspbuilder_meta_leave_one_out/260506_100_revised_weight_head_3/19_val_FRED_MD/dspbuilder_meta_20260506_062542/valid_logs/FRED_MD.txt,/home/junghc/TSLib/Time-Series-Library/meta_checkpoints/dspbuilder_meta_leave_one_out/260506_100_revised_weight_head_3/19_val_FRED_MD/dspbuilder_meta_20260506_062542/summary.json
FRED_MD,19_val_FRED_MD,2,-0.055537,3,False,jacob_cov,0.274200,/home/junghc/TSLib/Time-Series-Library/meta_checkpoints/dspbuilder_meta_leave_one_out/260506_100_revised_weight_head_3/19_val_FRED_MD/dspbuilder_meta_20260506_062542/valid_logs/FRED_MD.txt,/home/junghc/TSLib/Time-Series-Library/meta_checkpoints/dspbuilder_meta_leave_one_out/260506_100_revised_weight_head_3/19_val_FRED_MD/dspbuilder_meta_20260506_062542/summary.json
FRED_MD,19_val_FRED_MD,3,-0.058035,3,True,jacob_cov,0.274200,/home/junghc/TSLib/Time-Series-Library/meta_checkpoints/dspbuilder_meta_leave_one_out/260506_100_revised_weight_head_3/19_val_FRED_MD/dspbuilder_meta_20260506_062542/valid_logs/FRED_MD.txt,/home/junghc/TSLib/Time-Series-Library/meta_checkpoints/dspbuilder_meta_leave_one_out/260506_100_revised_weight_head_3/19_val_FRED_MD/dspbuilder_meta_20260506_062542/summary.json
FRED_MD,19_val_FRED_MD,4,-0.074705,3,False,jacob_cov,0.274200,/home/junghc/TSLib/Time-Series-Library/meta_checkpoints/dspbuilder_meta_leave_one_out/260506_100_revised_weight_head_3/19_val_FRED_MD/dspbuilder_meta_20260506_062542/valid_logs/FRED_MD.txt,/home/junghc/TSLib/Time-Series-Library/meta_checkpoints/dspbuilder_meta_leave_one_out/260506_100_revised_weight_head_3/19_val_FRED_MD/dspbuilder_meta_20260506_062542/summary.json
FRED_MD,19_val_FRED_MD,5,-0.066875,3,False,jacob_cov,0.274200,/home/junghc/TSLib/Time-Series-Library/meta_checkpoints/dspbuilder_meta_leave_one_out/260506_100_revised_weight_head_3/19_val_FRED_MD/dspbuilder_meta_20260506_062542/valid_logs/FRED_MD.txt,/home/junghc/TSLib/Time-Series-Library/meta_checkpoints/dspbuilder_meta_leave_one_out/260506_100_revised_weight_head_3/19_val_FRED_MD/dspbuilder_meta_20260506_062542/summary.json
FRED_MD,19_val_FRED_MD,6,-0.074863,3,False,jacob_cov,0.274200,/home/junghc/TSLib/Time-Series-Library/meta_checkpoints/dspbuilder_meta_leave_one_out/260506_100_revised_weight_head_3/19_val_FRED_MD/dspbuilder_meta_20260506_062542/valid_logs/FRED_MD.txt,/home/junghc/TSLib/Time-Series-Library/meta_checkpoints/dspbuilder_meta_leave_one_out/260506_100_revised_weight_head_3/19_val_FRED_MD/dspbuilder_meta_20260506_062542/summary.json
FRED_MD,19_val_FRED_MD,7,-0.0605,3,False,jacob_cov,0.274200,/home/junghc/TSLib/Time-Series-Library/meta_checkpoints/dspbuilder_meta_leave_one_out/260506_100_revised_weight_head_3/19_val_FRED_MD/dspbuilder_meta_20260506_062542/valid_logs/FRED_MD.txt,/home/junghc/TSLib/Time-Series-Library/meta_checkpoints/dspbuilder_meta_leave_one_out/260506_100_revised_weight_head_3/19_val_FRED_MD/dspbuilder_meta_20260506_062542/summary.json
FRED_MD,19_val_FRED_MD,8,-0.05383,3,False,jacob_cov,0.274200,/home/junghc/TSLib/Time-Series-Library/meta_checkpoints/dspbuilder_meta_leave_one_out/260506_100_revised_weight_head_3/19_val_FRED_MD/dspbuilder_meta_20260506_062542/valid_logs/FRED_MD.txt,/home/junghc/TSLib/Time-Series-Library/meta_checkpoints/dspbuilder_meta_leave_one_out/260506_100_revised_weight_head_3/19_val_FRED_MD/dspbuilder_meta_20260506_062542/summary.json
KDD_Cup_2018,20_val_KDD_Cup_2018,1,-0.036976,1,True,snip,-0.079700,/home/junghc/TSLib/Time-Series-Library/meta_checkpoints/dspbuilder_meta_leave_one_out/260506_100_revised_weight_head_3/20_val_KDD_Cup_2018/dspbuilder_meta_20260506_062735/valid_logs/KDD_Cup_2018.txt,/home/junghc/TSLib/Time-Series-Library/meta_checkpoints/dspbuilder_meta_leave_one_out/260506_100_revised_weight_head_3/20_val_KDD_Cup_2018/dspbuilder_meta_20260506_062735/summary.json
KDD_Cup_2018,20_val_KDD_Cup_2018,2,-0.031527,1,False,snip,-0.079700,/home/junghc/TSLib/Time-Series-Library/meta_checkpoints/dspbuilder_meta_leave_one_out/260506_100_revised_weight_head_3/20_val_KDD_Cup_2018/dspbuilder_meta_20260506_062735/valid_logs/KDD_Cup_2018.txt,/home/junghc/TSLib/Time-Series-Library/meta_checkpoints/dspbuilder_meta_leave_one_out/260506_100_revised_weight_head_3/20_val_KDD_Cup_2018/dspbuilder_meta_20260506_062735/summary.json
KDD_Cup_2018,20_val_KDD_Cup_2018,3,-0.051046,1,False,snip,-0.079700,/home/junghc/TSLib/Time-Series-Library/meta_checkpoints/dspbuilder_meta_leave_one_out/260506_100_revised_weight_head_3/20_val_KDD_Cup_2018/dspbuilder_meta_20260506_062735/valid_logs/KDD_Cup_2018.txt,/home/junghc/TSLib/Time-Series-Library/meta_checkpoints/dspbuilder_meta_leave_one_out/260506_100_revised_weight_head_3/20_val_KDD_Cup_2018/dspbuilder_meta_20260506_062735/summary.json
KDD_Cup_2018,20_val_KDD_Cup_2018,4,-0.040324,1,False,snip,-0.079700,/home/junghc/TSLib/Time-Series-Library/meta_checkpoints/dspbuilder_meta_leave_one_out/260506_100_revised_weight_head_3/20_val_KDD_Cup_2018/dspbuilder_meta_20260506_062735/valid_logs/KDD_Cup_2018.txt,/home/junghc/TSLib/Time-Series-Library/meta_checkpoints/dspbuilder_meta_leave_one_out/260506_100_revised_weight_head_3/20_val_KDD_Cup_2018/dspbuilder_meta_20260506_062735/summary.json
KDD_Cup_2018,20_val_KDD_Cup_2018,5,-0.035795,1,False,snip,-0.079700,/home/junghc/TSLib/Time-Series-Library/meta_checkpoints/dspbuilder_meta_leave_one_out/260506_100_revised_weight_head_3/20_val_KDD_Cup_2018/dspbuilder_meta_20260506_062735/valid_logs/KDD_Cup_2018.txt,/home/junghc/TSLib/Time-Series-Library/meta_checkpoints/dspbuilder_meta_leave_one_out/260506_100_revised_weight_head_3/20_val_KDD_Cup_2018/dspbuilder_meta_20260506_062735/summary.json
KDD_Cup_2018,20_val_KDD_Cup_2018,6,-0.035435,1,False,snip,-0.079700,/home/junghc/TSLib/Time-Series-Library/meta_checkpoints/dspbuilder_meta_leave_one_out/260506_100_revised_weight_head_3/20_val_KDD_Cup_2018/dspbuilder_meta_20260506_062735/valid_logs/KDD_Cup_2018.txt,/home/junghc/TSLib/Time-Series-Library/meta_checkpoints/dspbuilder_meta_leave_one_out/260506_100_revised_weight_head_3/20_val_KDD_Cup_2018/dspbuilder_meta_20260506_062735/summary.json
M1_Yearly,21_val_M1_Yearly,1,-0.370573,1,True,jacob_cov,-0.492500,/home/junghc/TSLib/Time-Series-Library/meta_checkpoints/dspbuilder_meta_leave_one_out/260506_100_revised_weight_head_3/21_val_M1_Yearly/dspbuilder_meta_20260506_062906/valid_logs/M1_Yearly.txt,/home/junghc/TSLib/Time-Series-Library/meta_checkpoints/dspbuilder_meta_leave_one_out/260506_100_revised_weight_head_3/21_val_M1_Yearly/dspbuilder_meta_20260506_062906/summary.json
M1_Yearly,21_val_M1_Yearly,2,-0.471328,1,False,jacob_cov,-0.492500,/home/junghc/TSLib/Time-Series-Library/meta_checkpoints/dspbuilder_meta_leave_one_out/260506_100_revised_weight_head_3/21_val_M1_Yearly/dspbuilder_meta_20260506_062906/valid_logs/M1_Yearly.txt,/home/junghc/TSLib/Time-Series-Library/meta_checkpoints/dspbuilder_meta_leave_one_out/260506_100_revised_weight_head_3/21_val_M1_Yearly/dspbuilder_meta_20260506_062906/summary.json
M1_Yearly,21_val_M1_Yearly,3,-0.500858,1,False,jacob_cov,-0.492500,/home/junghc/TSLib/Time-Series-Library/meta_checkpoints/dspbuilder_meta_leave_one_out/260506_100_revised_weight_head_3/21_val_M1_Yearly/dspbuilder_meta_20260506_062906/valid_logs/M1_Yearly.txt,/home/junghc/TSLib/Time-Series-Library/meta_checkpoints/dspbuilder_meta_leave_one_out/260506_100_revised_weight_head_3/21_val_M1_Yearly/dspbuilder_meta_20260506_062906/summary.json
M1_Yearly,21_val_M1_Yearly,4,-0.491922,1,False,jacob_cov,-0.492500,/home/junghc/TSLib/Time-Series-Library/meta_checkpoints/dspbuilder_meta_leave_one_out/260506_100_revised_weight_head_3/21_val_M1_Yearly/dspbuilder_meta_20260506_062906/valid_logs/M1_Yearly.txt,/home/junghc/TSLib/Time-Series-Library/meta_checkpoints/dspbuilder_meta_leave_one_out/260506_100_revised_weight_head_3/21_val_M1_Yearly/dspbuilder_meta_20260506_062906/summary.json
M1_Yearly,21_val_M1_Yearly,5,-0.483831,1,False,jacob_cov,-0.492500,/home/junghc/TSLib/Time-Series-Library/meta_checkpoints/dspbuilder_meta_leave_one_out/260506_100_revised_weight_head_3/21_val_M1_Yearly/dspbuilder_meta_20260506_062906/valid_logs/M1_Yearly.txt,/home/junghc/TSLib/Time-Series-Library/meta_checkpoints/dspbuilder_meta_leave_one_out/260506_100_revised_weight_head_3/21_val_M1_Yearly/dspbuilder_meta_20260506_062906/summary.json
M1_Yearly,21_val_M1_Yearly,6,-0.485386,1,False,jacob_cov,-0.492500,/home/junghc/TSLib/Time-Series-Library/meta_checkpoints/dspbuilder_meta_leave_one_out/260506_100_revised_weight_head_3/21_val_M1_Yearly/dspbuilder_meta_20260506_062906/valid_logs/M1_Yearly.txt,/home/junghc/TSLib/Time-Series-Library/meta_checkpoints/dspbuilder_meta_leave_one_out/260506_100_revised_weight_head_3/21_val_M1_Yearly/dspbuilder_meta_20260506_062906/summary.json
M3_Monthly,22_val_M3_Monthly,1,0.1636,1,True,grasp,0.226300,/home/junghc/TSLib/Time-Series-Library/meta_checkpoints/dspbuilder_meta_leave_one_out/260506_100_revised_weight_head_3/22_val_M3_Monthly/dspbuilder_meta_20260506_063039/valid_logs/M3_Monthly.txt,/home/junghc/TSLib/Time-Series-Library/meta_checkpoints/dspbuilder_meta_leave_one_out/260506_100_revised_weight_head_3/22_val_M3_Monthly/dspbuilder_meta_20260506_063039/summary.json
M3_Monthly,22_val_M3_Monthly,2,-0.138429,1,False,grasp,0.226300,/home/junghc/TSLib/Time-Series-Library/meta_checkpoints/dspbuilder_meta_leave_one_out/260506_100_revised_weight_head_3/22_val_M3_Monthly/dspbuilder_meta_20260506_063039/valid_logs/M3_Monthly.txt,/home/junghc/TSLib/Time-Series-Library/meta_checkpoints/dspbuilder_meta_leave_one_out/260506_100_revised_weight_head_3/22_val_M3_Monthly/dspbuilder_meta_20260506_063039/summary.json
M3_Monthly,22_val_M3_Monthly,3,-0.066825,1,False,grasp,0.226300,/home/junghc/TSLib/Time-Series-Library/meta_checkpoints/dspbuilder_meta_leave_one_out/260506_100_revised_weight_head_3/22_val_M3_Monthly/dspbuilder_meta_20260506_063039/valid_logs/M3_Monthly.txt,/home/junghc/TSLib/Time-Series-Library/meta_checkpoints/dspbuilder_meta_leave_one_out/260506_100_revised_weight_head_3/22_val_M3_Monthly/dspbuilder_meta_20260506_063039/summary.json
M3_Monthly,22_val_M3_Monthly,4,-0.105488,1,False,grasp,0.226300,/home/junghc/TSLib/Time-Series-Library/meta_checkpoints/dspbuilder_meta_leave_one_out/260506_100_revised_weight_head_3/22_val_M3_Monthly/dspbuilder_meta_20260506_063039/valid_logs/M3_Monthly.txt,/home/junghc/TSLib/Time-Series-Library/meta_checkpoints/dspbuilder_meta_leave_one_out/260506_100_revised_weight_head_3/22_val_M3_Monthly/dspbuilder_meta_20260506_063039/summary.json
M3_Monthly,22_val_M3_Monthly,5,-0.074419,1,False,grasp,0.226300,/home/junghc/TSLib/Time-Series-Library/meta_checkpoints/dspbuilder_meta_leave_one_out/260506_100_revised_weight_head_3/22_val_M3_Monthly/dspbuilder_meta_20260506_063039/valid_logs/M3_Monthly.txt,/home/junghc/TSLib/Time-Series-Library/meta_checkpoints/dspbuilder_meta_leave_one_out/260506_100_revised_weight_head_3/22_val_M3_Monthly/dspbuilder_meta_20260506_063039/summary.json
M3_Monthly,22_val_M3_Monthly,6,-0.086831,1,False,grasp,0.226300,/home/junghc/TSLib/Time-Series-Library/meta_checkpoints/dspbuilder_meta_leave_one_out/260506_100_revised_weight_head_3/22_val_M3_Monthly/dspbuilder_meta_20260506_063039/valid_logs/M3_Monthly.txt,/home/junghc/TSLib/Time-Series-Library/meta_checkpoints/dspbuilder_meta_leave_one_out/260506_100_revised_weight_head_3/22_val_M3_Monthly/dspbuilder_meta_20260506_063039/summary.json
M3_Quarterly,23_val_M3_Quarterly,1,0.107696,14,False,jacob_fro,0.119900,/home/junghc/TSLib/Time-Series-Library/meta_checkpoints/dspbuilder_meta_leave_one_out/260506_100_revised_weight_head_3/23_val_M3_Quarterly/dspbuilder_meta_20260506_063212/valid_logs/M3_Quarterly.txt,/home/junghc/TSLib/Time-Series-Library/meta_checkpoints/dspbuilder_meta_leave_one_out/260506_100_revised_weight_head_3/23_val_M3_Quarterly/dspbuilder_meta_20260506_063212/summary.json
M3_Quarterly,23_val_M3_Quarterly,2,0.16885,14,False,jacob_fro,0.119900,/home/junghc/TSLib/Time-Series-Library/meta_checkpoints/dspbuilder_meta_leave_one_out/260506_100_revised_weight_head_3/23_val_M3_Quarterly/dspbuilder_meta_20260506_063212/valid_logs/M3_Quarterly.txt,/home/junghc/TSLib/Time-Series-Library/meta_checkpoints/dspbuilder_meta_leave_one_out/260506_100_revised_weight_head_3/23_val_M3_Quarterly/dspbuilder_meta_20260506_063212/summary.json
M3_Quarterly,23_val_M3_Quarterly,3,0.174701,14,False,jacob_fro,0.119900,/home/junghc/TSLib/Time-Series-Library/meta_checkpoints/dspbuilder_meta_leave_one_out/260506_100_revised_weight_head_3/23_val_M3_Quarterly/dspbuilder_meta_20260506_063212/valid_logs/M3_Quarterly.txt,/home/junghc/TSLib/Time-Series-Library/meta_checkpoints/dspbuilder_meta_leave_one_out/260506_100_revised_weight_head_3/23_val_M3_Quarterly/dspbuilder_meta_20260506_063212/summary.json
M3_Quarterly,23_val_M3_Quarterly,4,0.160876,14,False,jacob_fro,0.119900,/home/junghc/TSLib/Time-Series-Library/meta_checkpoints/dspbuilder_meta_leave_one_out/260506_100_revised_weight_head_3/23_val_M3_Quarterly/dspbuilder_meta_20260506_063212/valid_logs/M3_Quarterly.txt,/home/junghc/TSLib/Time-Series-Library/meta_checkpoints/dspbuilder_meta_leave_one_out/260506_100_revised_weight_head_3/23_val_M3_Quarterly/dspbuilder_meta_20260506_063212/summary.json
M3_Quarterly,23_val_M3_Quarterly,5,0.168269,14,False,jacob_fro,0.119900,/home/junghc/TSLib/Time-Series-Library/meta_checkpoints/dspbuilder_meta_leave_one_out/260506_100_revised_weight_head_3/23_val_M3_Quarterly/dspbuilder_meta_20260506_063212/valid_logs/M3_Quarterly.txt,/home/junghc/TSLib/Time-Series-Library/meta_checkpoints/dspbuilder_meta_leave_one_out/260506_100_revised_weight_head_3/23_val_M3_Quarterly/dspbuilder_meta_20260506_063212/summary.json
M3_Quarterly,23_val_M3_Quarterly,6,0.182005,14,False,jacob_fro,0.119900,/home/junghc/TSLib/Time-Series-Library/meta_checkpoints/dspbuilder_meta_leave_one_out/260506_100_revised_weight_head_3/23_val_M3_Quarterly/dspbuilder_meta_20260506_063212/valid_logs/M3_Quarterly.txt,/home/junghc/TSLib/Time-Series-Library/meta_checkpoints/dspbuilder_meta_leave_one_out/260506_100_revised_weight_head_3/23_val_M3_Quarterly/dspbuilder_meta_20260506_063212/summary.json
M3_Quarterly,23_val_M3_Quarterly,7,0.161222,14,False,jacob_fro,0.119900,/home/junghc/TSLib/Time-Series-Library/meta_checkpoints/dspbuilder_meta_leave_one_out/260506_100_revised_weight_head_3/23_val_M3_Quarterly/dspbuilder_meta_20260506_063212/valid_logs/M3_Quarterly.txt,/home/junghc/TSLib/Time-Series-Library/meta_checkpoints/dspbuilder_meta_leave_one_out/260506_100_revised_weight_head_3/23_val_M3_Quarterly/dspbuilder_meta_20260506_063212/summary.json
M3_Quarterly,23_val_M3_Quarterly,8,0.160636,14,False,jacob_fro,0.119900,/home/junghc/TSLib/Time-Series-Library/meta_checkpoints/dspbuilder_meta_leave_one_out/260506_100_revised_weight_head_3/23_val_M3_Quarterly/dspbuilder_meta_20260506_063212/valid_logs/M3_Quarterly.txt,/home/junghc/TSLib/Time-Series-Library/meta_checkpoints/dspbuilder_meta_leave_one_out/260506_100_revised_weight_head_3/23_val_M3_Quarterly/dspbuilder_meta_20260506_063212/summary.json
M3_Quarterly,23_val_M3_Quarterly,9,0.196685,14,False,jacob_fro,0.119900,/home/junghc/TSLib/Time-Series-Library/meta_checkpoints/dspbuilder_meta_leave_one_out/260506_100_revised_weight_head_3/23_val_M3_Quarterly/dspbuilder_meta_20260506_063212/valid_logs/M3_Quarterly.txt,/home/junghc/TSLib/Time-Series-Library/meta_checkpoints/dspbuilder_meta_leave_one_out/260506_100_revised_weight_head_3/23_val_M3_Quarterly/dspbuilder_meta_20260506_063212/summary.json
M3_Quarterly,23_val_M3_Quarterly,10,0.186551,14,False,jacob_fro,0.119900,/home/junghc/TSLib/Time-Series-Library/meta_checkpoints/dspbuilder_meta_leave_one_out/260506_100_revised_weight_head_3/23_val_M3_Quarterly/dspbuilder_meta_20260506_063212/valid_logs/M3_Quarterly.txt,/home/junghc/TSLib/Time-Series-Library/meta_checkpoints/dspbuilder_meta_leave_one_out/260506_100_revised_weight_head_3/23_val_M3_Quarterly/dspbuilder_meta_20260506_063212/summary.json
M3_Quarterly,23_val_M3_Quarterly,11,0.185899,14,False,jacob_fro,0.119900,/home/junghc/TSLib/Time-Series-Library/meta_checkpoints/dspbuilder_meta_leave_one_out/260506_100_revised_weight_head_3/23_val_M3_Quarterly/dspbuilder_meta_20260506_063212/valid_logs/M3_Quarterly.txt,/home/junghc/TSLib/Time-Series-Library/meta_checkpoints/dspbuilder_meta_leave_one_out/260506_100_revised_weight_head_3/23_val_M3_Quarterly/dspbuilder_meta_20260506_063212/summary.json
M3_Quarterly,23_val_M3_Quarterly,12,0.202463,14,False,jacob_fro,0.119900,/home/junghc/TSLib/Time-Series-Library/meta_checkpoints/dspbuilder_meta_leave_one_out/260506_100_revised_weight_head_3/23_val_M3_Quarterly/dspbuilder_meta_20260506_063212/valid_logs/M3_Quarterly.txt,/home/junghc/TSLib/Time-Series-Library/meta_checkpoints/dspbuilder_meta_leave_one_out/260506_100_revised_weight_head_3/23_val_M3_Quarterly/dspbuilder_meta_20260506_063212/summary.json
M3_Quarterly,23_val_M3_Quarterly,13,0.20692,14,False,jacob_fro,0.119900,/home/junghc/TSLib/Time-Series-Library/meta_checkpoints/dspbuilder_meta_leave_one_out/260506_100_revised_weight_head_3/23_val_M3_Quarterly/dspbuilder_meta_20260506_063212/valid_logs/M3_Quarterly.txt,/home/junghc/TSLib/Time-Series-Library/meta_checkpoints/dspbuilder_meta_leave_one_out/260506_100_revised_weight_head_3/23_val_M3_Quarterly/dspbuilder_meta_20260506_063212/summary.json
M3_Quarterly,23_val_M3_Quarterly,14,0.230814,14,True,jacob_fro,0.119900,/home/junghc/TSLib/Time-Series-Library/meta_checkpoints/dspbuilder_meta_leave_one_out/260506_100_revised_weight_head_3/23_val_M3_Quarterly/dspbuilder_meta_20260506_063212/valid_logs/M3_Quarterly.txt,/home/junghc/TSLib/Time-Series-Library/meta_checkpoints/dspbuilder_meta_leave_one_out/260506_100_revised_weight_head_3/23_val_M3_Quarterly/dspbuilder_meta_20260506_063212/summary.json
M3_Quarterly,23_val_M3_Quarterly,15,0.225937,14,False,jacob_fro,0.119900,/home/junghc/TSLib/Time-Series-Library/meta_checkpoints/dspbuilder_meta_leave_one_out/260506_100_revised_weight_head_3/23_val_M3_Quarterly/dspbuilder_meta_20260506_063212/valid_logs/M3_Quarterly.txt,/home/junghc/TSLib/Time-Series-Library/meta_checkpoints/dspbuilder_meta_leave_one_out/260506_100_revised_weight_head_3/23_val_M3_Quarterly/dspbuilder_meta_20260506_063212/summary.json
M3_Quarterly,23_val_M3_Quarterly,16,0.224593,14,False,jacob_fro,0.119900,/home/junghc/TSLib/Time-Series-Library/meta_checkpoints/dspbuilder_meta_leave_one_out/260506_100_revised_weight_head_3/23_val_M3_Quarterly/dspbuilder_meta_20260506_063212/valid_logs/M3_Quarterly.txt,/home/junghc/TSLib/Time-Series-Library/meta_checkpoints/dspbuilder_meta_leave_one_out/260506_100_revised_weight_head_3/23_val_M3_Quarterly/dspbuilder_meta_20260506_063212/summary.json
M3_Quarterly,23_val_M3_Quarterly,17,0.22892,14,False,jacob_fro,0.119900,/home/junghc/TSLib/Time-Series-Library/meta_checkpoints/dspbuilder_meta_leave_one_out/260506_100_revised_weight_head_3/23_val_M3_Quarterly/dspbuilder_meta_20260506_063212/valid_logs/M3_Quarterly.txt,/home/junghc/TSLib/Time-Series-Library/meta_checkpoints/dspbuilder_meta_leave_one_out/260506_100_revised_weight_head_3/23_val_M3_Quarterly/dspbuilder_meta_20260506_063212/summary.json
M3_Quarterly,23_val_M3_Quarterly,18,0.211968,14,False,jacob_fro,0.119900,/home/junghc/TSLib/Time-Series-Library/meta_checkpoints/dspbuilder_meta_leave_one_out/260506_100_revised_weight_head_3/23_val_M3_Quarterly/dspbuilder_meta_20260506_063212/valid_logs/M3_Quarterly.txt,/home/junghc/TSLib/Time-Series-Library/meta_checkpoints/dspbuilder_meta_leave_one_out/260506_100_revised_weight_head_3/23_val_M3_Quarterly/dspbuilder_meta_20260506_063212/summary.json
M3_Quarterly,23_val_M3_Quarterly,19,0.219744,14,False,jacob_fro,0.119900,/home/junghc/TSLib/Time-Series-Library/meta_checkpoints/dspbuilder_meta_leave_one_out/260506_100_revised_weight_head_3/23_val_M3_Quarterly/dspbuilder_meta_20260506_063212/valid_logs/M3_Quarterly.txt,/home/junghc/TSLib/Time-Series-Library/meta_checkpoints/dspbuilder_meta_leave_one_out/260506_100_revised_weight_head_3/23_val_M3_Quarterly/dspbuilder_meta_20260506_063212/summary.json
M3_Yearly,24_val_M3_Yearly,1,0.054814,6,False,synflow,0.383400,/home/junghc/TSLib/Time-Series-Library/meta_checkpoints/dspbuilder_meta_leave_one_out/260506_100_revised_weight_head_3/24_val_M3_Yearly/dspbuilder_meta_20260506_063604/valid_logs/M3_Yearly.txt,/home/junghc/TSLib/Time-Series-Library/meta_checkpoints/dspbuilder_meta_leave_one_out/260506_100_revised_weight_head_3/24_val_M3_Yearly/dspbuilder_meta_20260506_063604/summary.json
M3_Yearly,24_val_M3_Yearly,2,0.355663,6,False,synflow,0.383400,/home/junghc/TSLib/Time-Series-Library/meta_checkpoints/dspbuilder_meta_leave_one_out/260506_100_revised_weight_head_3/24_val_M3_Yearly/dspbuilder_meta_20260506_063604/valid_logs/M3_Yearly.txt,/home/junghc/TSLib/Time-Series-Library/meta_checkpoints/dspbuilder_meta_leave_one_out/260506_100_revised_weight_head_3/24_val_M3_Yearly/dspbuilder_meta_20260506_063604/summary.json
M3_Yearly,24_val_M3_Yearly,3,0.351124,6,False,synflow,0.383400,/home/junghc/TSLib/Time-Series-Library/meta_checkpoints/dspbuilder_meta_leave_one_out/260506_100_revised_weight_head_3/24_val_M3_Yearly/dspbuilder_meta_20260506_063604/valid_logs/M3_Yearly.txt,/home/junghc/TSLib/Time-Series-Library/meta_checkpoints/dspbuilder_meta_leave_one_out/260506_100_revised_weight_head_3/24_val_M3_Yearly/dspbuilder_meta_20260506_063604/summary.json
M3_Yearly,24_val_M3_Yearly,4,0.37244,6,False,synflow,0.383400,/home/junghc/TSLib/Time-Series-Library/meta_checkpoints/dspbuilder_meta_leave_one_out/260506_100_revised_weight_head_3/24_val_M3_Yearly/dspbuilder_meta_20260506_063604/valid_logs/M3_Yearly.txt,/home/junghc/TSLib/Time-Series-Library/meta_checkpoints/dspbuilder_meta_leave_one_out/260506_100_revised_weight_head_3/24_val_M3_Yearly/dspbuilder_meta_20260506_063604/summary.json
M3_Yearly,24_val_M3_Yearly,5,0.345759,6,False,synflow,0.383400,/home/junghc/TSLib/Time-Series-Library/meta_checkpoints/dspbuilder_meta_leave_one_out/260506_100_revised_weight_head_3/24_val_M3_Yearly/dspbuilder_meta_20260506_063604/valid_logs/M3_Yearly.txt,/home/junghc/TSLib/Time-Series-Library/meta_checkpoints/dspbuilder_meta_leave_one_out/260506_100_revised_weight_head_3/24_val_M3_Yearly/dspbuilder_meta_20260506_063604/summary.json
M3_Yearly,24_val_M3_Yearly,6,0.360389,6,True,synflow,0.383400,/home/junghc/TSLib/Time-Series-Library/meta_checkpoints/dspbuilder_meta_leave_one_out/260506_100_revised_weight_head_3/24_val_M3_Yearly/dspbuilder_meta_20260506_063604/valid_logs/M3_Yearly.txt,/home/junghc/TSLib/Time-Series-Library/meta_checkpoints/dspbuilder_meta_leave_one_out/260506_100_revised_weight_head_3/24_val_M3_Yearly/dspbuilder_meta_20260506_063604/summary.json
M3_Yearly,24_val_M3_Yearly,7,0.349031,6,False,synflow,0.383400,/home/junghc/TSLib/Time-Series-Library/meta_checkpoints/dspbuilder_meta_leave_one_out/260506_100_revised_weight_head_3/24_val_M3_Yearly/dspbuilder_meta_20260506_063604/valid_logs/M3_Yearly.txt,/home/junghc/TSLib/Time-Series-Library/meta_checkpoints/dspbuilder_meta_leave_one_out/260506_100_revised_weight_head_3/24_val_M3_Yearly/dspbuilder_meta_20260506_063604/summary.json
M3_Yearly,24_val_M3_Yearly,8,0.357489,6,False,synflow,0.383400,/home/junghc/TSLib/Time-Series-Library/meta_checkpoints/dspbuilder_meta_leave_one_out/260506_100_revised_weight_head_3/24_val_M3_Yearly/dspbuilder_meta_20260506_063604/valid_logs/M3_Yearly.txt,/home/junghc/TSLib/Time-Series-Library/meta_checkpoints/dspbuilder_meta_leave_one_out/260506_100_revised_weight_head_3/24_val_M3_Yearly/dspbuilder_meta_20260506_063604/summary.json
M3_Yearly,24_val_M3_Yearly,9,0.32825,6,False,synflow,0.383400,/home/junghc/TSLib/Time-Series-Library/meta_checkpoints/dspbuilder_meta_leave_one_out/260506_100_revised_weight_head_3/24_val_M3_Yearly/dspbuilder_meta_20260506_063604/valid_logs/M3_Yearly.txt,/home/junghc/TSLib/Time-Series-Library/meta_checkpoints/dspbuilder_meta_leave_one_out/260506_100_revised_weight_head_3/24_val_M3_Yearly/dspbuilder_meta_20260506_063604/summary.json
M3_Yearly,24_val_M3_Yearly,10,0.329654,6,False,synflow,0.383400,/home/junghc/TSLib/Time-Series-Library/meta_checkpoints/dspbuilder_meta_leave_one_out/260506_100_revised_weight_head_3/24_val_M3_Yearly/dspbuilder_meta_20260506_063604/valid_logs/M3_Yearly.txt,/home/junghc/TSLib/Time-Series-Library/meta_checkpoints/dspbuilder_meta_leave_one_out/260506_100_revised_weight_head_3/24_val_M3_Yearly/dspbuilder_meta_20260506_063604/summary.json
M3_Yearly,24_val_M3_Yearly,11,0.307492,6,False,synflow,0.383400,/home/junghc/TSLib/Time-Series-Library/meta_checkpoints/dspbuilder_meta_leave_one_out/260506_100_revised_weight_head_3/24_val_M3_Yearly/dspbuilder_meta_20260506_063604/valid_logs/M3_Yearly.txt,/home/junghc/TSLib/Time-Series-Library/meta_checkpoints/dspbuilder_meta_leave_one_out/260506_100_revised_weight_head_3/24_val_M3_Yearly/dspbuilder_meta_20260506_063604/summary.json
NN5,25_val_NN5,1,0.061314,1,True,grad_norm,-0.127100,/home/junghc/TSLib/Time-Series-Library/meta_checkpoints/dspbuilder_meta_leave_one_out/260506_100_revised_weight_head_3/25_val_NN5/dspbuilder_meta_20260506_063828/valid_logs/NN5.txt,/home/junghc/TSLib/Time-Series-Library/meta_checkpoints/dspbuilder_meta_leave_one_out/260506_100_revised_weight_head_3/25_val_NN5/dspbuilder_meta_20260506_063828/summary.json
NN5,25_val_NN5,2,-0.109276,1,False,grad_norm,-0.127100,/home/junghc/TSLib/Time-Series-Library/meta_checkpoints/dspbuilder_meta_leave_one_out/260506_100_revised_weight_head_3/25_val_NN5/dspbuilder_meta_20260506_063828/valid_logs/NN5.txt,/home/junghc/TSLib/Time-Series-Library/meta_checkpoints/dspbuilder_meta_leave_one_out/260506_100_revised_weight_head_3/25_val_NN5/dspbuilder_meta_20260506_063828/summary.json
NN5,25_val_NN5,3,-0.118824,1,False,grad_norm,-0.127100,/home/junghc/TSLib/Time-Series-Library/meta_checkpoints/dspbuilder_meta_leave_one_out/260506_100_revised_weight_head_3/25_val_NN5/dspbuilder_meta_20260506_063828/valid_logs/NN5.txt,/home/junghc/TSLib/Time-Series-Library/meta_checkpoints/dspbuilder_meta_leave_one_out/260506_100_revised_weight_head_3/25_val_NN5/dspbuilder_meta_20260506_063828/summary.json
NN5,25_val_NN5,4,-0.125895,1,False,grad_norm,-0.127100,/home/junghc/TSLib/Time-Series-Library/meta_checkpoints/dspbuilder_meta_leave_one_out/260506_100_revised_weight_head_3/25_val_NN5/dspbuilder_meta_20260506_063828/valid_logs/NN5.txt,/home/junghc/TSLib/Time-Series-Library/meta_checkpoints/dspbuilder_meta_leave_one_out/260506_100_revised_weight_head_3/25_val_NN5/dspbuilder_meta_20260506_063828/summary.json
NN5,25_val_NN5,5,-0.115072,1,False,grad_norm,-0.127100,/home/junghc/TSLib/Time-Series-Library/meta_checkpoints/dspbuilder_meta_leave_one_out/260506_100_revised_weight_head_3/25_val_NN5/dspbuilder_meta_20260506_063828/valid_logs/NN5.txt,/home/junghc/TSLib/Time-Series-Library/meta_checkpoints/dspbuilder_meta_leave_one_out/260506_100_revised_weight_head_3/25_val_NN5/dspbuilder_meta_20260506_063828/summary.json
NN5,25_val_NN5,6,-0.123048,1,False,grad_norm,-0.127100,/home/junghc/TSLib/Time-Series-Library/meta_checkpoints/dspbuilder_meta_leave_one_out/260506_100_revised_weight_head_3/25_val_NN5/dspbuilder_meta_20260506_063828/valid_logs/NN5.txt,/home/junghc/TSLib/Time-Series-Library/meta_checkpoints/dspbuilder_meta_leave_one_out/260506_100_revised_weight_head_3/25_val_NN5/dspbuilder_meta_20260506_063828/summary.json
San_Francisco_Traffic_Hourly,26_val_San_Francisco_Traffic_Hourly,1,-0.062982,6,False,synflow,0.422500,/home/junghc/TSLib/Time-Series-Library/meta_checkpoints/dspbuilder_meta_leave_one_out/260506_100_revised_weight_head_3/26_val_San_Francisco_Traffic_Hourly/dspbuilder_meta_20260506_064000/valid_logs/San_Francisco_Traffic_Hourly.txt,/home/junghc/TSLib/Time-Series-Library/meta_checkpoints/dspbuilder_meta_leave_one_out/260506_100_revised_weight_head_3/26_val_San_Francisco_Traffic_Hourly/dspbuilder_meta_20260506_064000/summary.json
San_Francisco_Traffic_Hourly,26_val_San_Francisco_Traffic_Hourly,2,0.323924,6,False,synflow,0.422500,/home/junghc/TSLib/Time-Series-Library/meta_checkpoints/dspbuilder_meta_leave_one_out/260506_100_revised_weight_head_3/26_val_San_Francisco_Traffic_Hourly/dspbuilder_meta_20260506_064000/valid_logs/San_Francisco_Traffic_Hourly.txt,/home/junghc/TSLib/Time-Series-Library/meta_checkpoints/dspbuilder_meta_leave_one_out/260506_100_revised_weight_head_3/26_val_San_Francisco_Traffic_Hourly/dspbuilder_meta_20260506_064000/summary.json
San_Francisco_Traffic_Hourly,26_val_San_Francisco_Traffic_Hourly,3,0.347711,6,False,synflow,0.422500,/home/junghc/TSLib/Time-Series-Library/meta_checkpoints/dspbuilder_meta_leave_one_out/260506_100_revised_weight_head_3/26_val_San_Francisco_Traffic_Hourly/dspbuilder_meta_20260506_064000/valid_logs/San_Francisco_Traffic_Hourly.txt,/home/junghc/TSLib/Time-Series-Library/meta_checkpoints/dspbuilder_meta_leave_one_out/260506_100_revised_weight_head_3/26_val_San_Francisco_Traffic_Hourly/dspbuilder_meta_20260506_064000/summary.json
San_Francisco_Traffic_Hourly,26_val_San_Francisco_Traffic_Hourly,4,0.404781,6,False,synflow,0.422500,/home/junghc/TSLib/Time-Series-Library/meta_checkpoints/dspbuilder_meta_leave_one_out/260506_100_revised_weight_head_3/26_val_San_Francisco_Traffic_Hourly/dspbuilder_meta_20260506_064000/valid_logs/San_Francisco_Traffic_Hourly.txt,/home/junghc/TSLib/Time-Series-Library/meta_checkpoints/dspbuilder_meta_leave_one_out/260506_100_revised_weight_head_3/26_val_San_Francisco_Traffic_Hourly/dspbuilder_meta_20260506_064000/summary.json
San_Francisco_Traffic_Hourly,26_val_San_Francisco_Traffic_Hourly,5,0.392833,6,False,synflow,0.422500,/home/junghc/TSLib/Time-Series-Library/meta_checkpoints/dspbuilder_meta_leave_one_out/260506_100_revised_weight_head_3/26_val_San_Francisco_Traffic_Hourly/dspbuilder_meta_20260506_064000/valid_logs/San_Francisco_Traffic_Hourly.txt,/home/junghc/TSLib/Time-Series-Library/meta_checkpoints/dspbuilder_meta_leave_one_out/260506_100_revised_weight_head_3/26_val_San_Francisco_Traffic_Hourly/dspbuilder_meta_20260506_064000/summary.json
San_Francisco_Traffic_Hourly,26_val_San_Francisco_Traffic_Hourly,6,0.400334,6,True,synflow,0.422500,/home/junghc/TSLib/Time-Series-Library/meta_checkpoints/dspbuilder_meta_leave_one_out/260506_100_revised_weight_head_3/26_val_San_Francisco_Traffic_Hourly/dspbuilder_meta_20260506_064000/valid_logs/San_Francisco_Traffic_Hourly.txt,/home/junghc/TSLib/Time-Series-Library/meta_checkpoints/dspbuilder_meta_leave_one_out/260506_100_revised_weight_head_3/26_val_San_Francisco_Traffic_Hourly/dspbuilder_meta_20260506_064000/summary.json
San_Francisco_Traffic_Hourly,26_val_San_Francisco_Traffic_Hourly,7,0.350497,6,False,synflow,0.422500,/home/junghc/TSLib/Time-Series-Library/meta_checkpoints/dspbuilder_meta_leave_one_out/260506_100_revised_weight_head_3/26_val_San_Francisco_Traffic_Hourly/dspbuilder_meta_20260506_064000/valid_logs/San_Francisco_Traffic_Hourly.txt,/home/junghc/TSLib/Time-Series-Library/meta_checkpoints/dspbuilder_meta_leave_one_out/260506_100_revised_weight_head_3/26_val_San_Francisco_Traffic_Hourly/dspbuilder_meta_20260506_064000/summary.json
San_Francisco_Traffic_Hourly,26_val_San_Francisco_Traffic_Hourly,8,0.40758,6,False,synflow,0.422500,/home/junghc/TSLib/Time-Series-Library/meta_checkpoints/dspbuilder_meta_leave_one_out/260506_100_revised_weight_head_3/26_val_San_Francisco_Traffic_Hourly/dspbuilder_meta_20260506_064000/valid_logs/San_Francisco_Traffic_Hourly.txt,/home/junghc/TSLib/Time-Series-Library/meta_checkpoints/dspbuilder_meta_leave_one_out/260506_100_revised_weight_head_3/26_val_San_Francisco_Traffic_Hourly/dspbuilder_meta_20260506_064000/summary.json
San_Francisco_Traffic_Hourly,26_val_San_Francisco_Traffic_Hourly,9,0.359755,6,False,synflow,0.422500,/home/junghc/TSLib/Time-Series-Library/meta_checkpoints/dspbuilder_meta_leave_one_out/260506_100_revised_weight_head_3/26_val_San_Francisco_Traffic_Hourly/dspbuilder_meta_20260506_064000/valid_logs/San_Francisco_Traffic_Hourly.txt,/home/junghc/TSLib/Time-Series-Library/meta_checkpoints/dspbuilder_meta_leave_one_out/260506_100_revised_weight_head_3/26_val_San_Francisco_Traffic_Hourly/dspbuilder_meta_20260506_064000/summary.json
San_Francisco_Traffic_Hourly,26_val_San_Francisco_Traffic_Hourly,10,0.338357,6,False,synflow,0.422500,/home/junghc/TSLib/Time-Series-Library/meta_checkpoints/dspbuilder_meta_leave_one_out/260506_100_revised_weight_head_3/26_val_San_Francisco_Traffic_Hourly/dspbuilder_meta_20260506_064000/valid_logs/San_Francisco_Traffic_Hourly.txt,/home/junghc/TSLib/Time-Series-Library/meta_checkpoints/dspbuilder_meta_leave_one_out/260506_100_revised_weight_head_3/26_val_San_Francisco_Traffic_Hourly/dspbuilder_meta_20260506_064000/summary.json
San_Francisco_Traffic_Hourly,26_val_San_Francisco_Traffic_Hourly,11,0.35368,6,False,synflow,0.422500,/home/junghc/TSLib/Time-Series-Library/meta_checkpoints/dspbuilder_meta_leave_one_out/260506_100_revised_weight_head_3/26_val_San_Francisco_Traffic_Hourly/dspbuilder_meta_20260506_064000/valid_logs/San_Francisco_Traffic_Hourly.txt,/home/junghc/TSLib/Time-Series-Library/meta_checkpoints/dspbuilder_meta_leave_one_out/260506_100_revised_weight_head_3/26_val_San_Francisco_Traffic_Hourly/dspbuilder_meta_20260506_064000/summary.json
Saugeen_River_Flow,27_val_Saugeen_River_Flow,1,0.029763,1,True,synflow,-0.098200,/home/junghc/TSLib/Time-Series-Library/meta_checkpoints/dspbuilder_meta_leave_one_out/260506_100_revised_weight_head_3/27_val_Saugeen_River_Flow/dspbuilder_meta_20260506_064224/valid_logs/Saugeen_River_Flow.txt,/home/junghc/TSLib/Time-Series-Library/meta_checkpoints/dspbuilder_meta_leave_one_out/260506_100_revised_weight_head_3/27_val_Saugeen_River_Flow/dspbuilder_meta_20260506_064224/summary.json
Saugeen_River_Flow,27_val_Saugeen_River_Flow,2,-0.102325,1,False,synflow,-0.098200,/home/junghc/TSLib/Time-Series-Library/meta_checkpoints/dspbuilder_meta_leave_one_out/260506_100_revised_weight_head_3/27_val_Saugeen_River_Flow/dspbuilder_meta_20260506_064224/valid_logs/Saugeen_River_Flow.txt,/home/junghc/TSLib/Time-Series-Library/meta_checkpoints/dspbuilder_meta_leave_one_out/260506_100_revised_weight_head_3/27_val_Saugeen_River_Flow/dspbuilder_meta_20260506_064224/summary.json
Saugeen_River_Flow,27_val_Saugeen_River_Flow,3,-0.099291,1,False,synflow,-0.098200,/home/junghc/TSLib/Time-Series-Library/meta_checkpoints/dspbuilder_meta_leave_one_out/260506_100_revised_weight_head_3/27_val_Saugeen_River_Flow/dspbuilder_meta_20260506_064224/valid_logs/Saugeen_River_Flow.txt,/home/junghc/TSLib/Time-Series-Library/meta_checkpoints/dspbuilder_meta_leave_one_out/260506_100_revised_weight_head_3/27_val_Saugeen_River_Flow/dspbuilder_meta_20260506_064224/summary.json
Saugeen_River_Flow,27_val_Saugeen_River_Flow,4,-0.087225,1,False,synflow,-0.098200,/home/junghc/TSLib/Time-Series-Library/meta_checkpoints/dspbuilder_meta_leave_one_out/260506_100_revised_weight_head_3/27_val_Saugeen_River_Flow/dspbuilder_meta_20260506_064224/valid_logs/Saugeen_River_Flow.txt,/home/junghc/TSLib/Time-Series-Library/meta_checkpoints/dspbuilder_meta_leave_one_out/260506_100_revised_weight_head_3/27_val_Saugeen_River_Flow/dspbuilder_meta_20260506_064224/summary.json
Saugeen_River_Flow,27_val_Saugeen_River_Flow,5,-0.107156,1,False,synflow,-0.098200,/home/junghc/TSLib/Time-Series-Library/meta_checkpoints/dspbuilder_meta_leave_one_out/260506_100_revised_weight_head_3/27_val_Saugeen_River_Flow/dspbuilder_meta_20260506_064224/valid_logs/Saugeen_River_Flow.txt,/home/junghc/TSLib/Time-Series-Library/meta_checkpoints/dspbuilder_meta_leave_one_out/260506_100_revised_weight_head_3/27_val_Saugeen_River_Flow/dspbuilder_meta_20260506_064224/summary.json
Saugeen_River_Flow,27_val_Saugeen_River_Flow,6,-0.097755,1,False,synflow,-0.098200,/home/junghc/TSLib/Time-Series-Library/meta_checkpoints/dspbuilder_meta_leave_one_out/260506_100_revised_weight_head_3/27_val_Saugeen_River_Flow/dspbuilder_meta_20260506_064224/valid_logs/Saugeen_River_Flow.txt,/home/junghc/TSLib/Time-Series-Library/meta_checkpoints/dspbuilder_meta_leave_one_out/260506_100_revised_weight_head_3/27_val_Saugeen_River_Flow/dspbuilder_meta_20260506_064224/summary.json
