rank,weight,validation_fitness,formula,rpn_tokens,infix,score,train_fitness,generation,token_count,depth,source_seed,source_run,source_rank,occurrence_count,source_archive_latex
1,1.000000000,0.628400000,\frac{\frac{\mathrm{JacobFro}}{\left(\mathrm{ZiCo}\right)^2}}{\mathrm{Snip}} - \mathrm{GSynFlow},Jacob_fro ZiCo Square Div Snip Div GSynFlow Sub <EOS>,(((Jacob_fro / square(ZiCo)) / Snip) - GSynFlow),0.628400000,0.392100000,9,8,5,2120,run_monash_time_unique1000,1,1,Monash__weather_dataset/seed_2120/run_monash_time_unique1000/visualizations/archive_latex.tex
2,0.999099099,0.628400000,\frac{\mathrm{JacobFro}}{\left(\mathrm{Snip}\right) \cdot \left(\left(\mathrm{ZiCo}\right)^2\right)} - \mathrm{GSynFlow},Jacob_fro Snip ZiCo Square Mul Div GSynFlow Sub <EOS>,((Jacob_fro / (Snip * square(ZiCo))) - GSynFlow),0.628400000,0.392100000,72,8,5,2141,run_monash_time_unique1000,1,1,Monash__weather_dataset/seed_2141/run_monash_time_unique1000/visualizations/archive_latex.tex
3,0.998198198,0.628400000,\frac{\mathrm{JacobFro}}{\left(\left(\mathrm{ZiCo}\right)^2\right) \cdot \left(\mathrm{Snip}\right)} - \mathrm{GSynFlow},Jacob_fro ZiCo Square Snip Mul Div GSynFlow Sub <EOS>,((Jacob_fro / (square(ZiCo) * Snip)) - GSynFlow),0.628400000,0.392100000,5,8,5,2164,run_monash_time_unique1000,1,1,Monash__weather_dataset/seed_2164/run_monash_time_unique1000/visualizations/archive_latex.tex
4,0.997297297,0.620700000,\frac{\sqrt{\mathrm{JacobFro}}}{\mathrm{Snip} - \mathrm{GSynFlow}} - \log\left(\mathrm{ZiCo}\right),Jacob_fro Sqrt Snip GSynFlow Sub Div ZiCo Log Sub <EOS>,((sqrt(Jacob_fro) / (Snip - GSynFlow)) - log(ZiCo)),0.620700000,0.407600000,37,9,4,2043,run_monash_time_unique1000,1,1,Monash__weather_dataset/seed_2043/run_monash_time_unique1000/visualizations/archive_latex.tex
5,0.996396396,0.614400000,\frac{\mathrm{JacobFro}}{\left(\mathrm{Snip}\right)^2 - \left(\mathrm{GSynFlow}\right)^2} - \mathrm{ZiCo},Jacob_fro Snip Square GSynFlow Square Sub Div ZiCo Sub <EOS>,((Jacob_fro / (square(Snip) - square(GSynFlow))) - ZiCo),0.614400000,0.417000000,49,9,5,2295,run_monash_time_unique1000,1,1,Monash__weather_dataset/seed_2295/run_monash_time_unique1000/visualizations/archive_latex.tex
6,0.995495495,0.611600000,\frac{\mathrm{JacobFro}}{\left(\mathrm{Snip} - \mathrm{GSynFlow}\right) \cdot \left(\left(\mathrm{ZiCo}\right)^2\right)},Jacob_fro Snip GSynFlow Sub ZiCo Square Mul Div <EOS>,(Jacob_fro / ((Snip - GSynFlow) * square(ZiCo))),0.611600000,0.384200000,18,8,4,2031,run_monash_time_unique1000,1,7,Monash__weather_dataset/seed_2031/run_monash_time_unique1000/visualizations/archive_latex.tex
7,0.994594595,0.611600000,\frac{\frac{\mathrm{JacobFro}}{\mathrm{Snip} - \mathrm{GSynFlow}}}{\left(\mathrm{ZiCo}\right)^2},Jacob_fro Snip GSynFlow Sub Div ZiCo Square Div <EOS>,((Jacob_fro / (Snip - GSynFlow)) / square(ZiCo)),0.611600000,0.384200000,125,8,4,2038,run_monash_time_unique1000,1,3,Monash__weather_dataset/seed_2038/run_monash_time_unique1000/visualizations/archive_latex.tex
8,0.993693694,0.611600000,\frac{\mathrm{JacobFro}}{\left(\left(\mathrm{ZiCo}\right)^2\right) \cdot \left(\mathrm{Snip} - \mathrm{GSynFlow}\right)},Jacob_fro ZiCo Square Snip GSynFlow Sub Mul Div <EOS>,(Jacob_fro / (square(ZiCo) * (Snip - GSynFlow))),0.611600000,0.384200000,113,8,4,2039,run_monash_time_unique1000,1,3,Monash__weather_dataset/seed_2039/run_monash_time_unique1000/visualizations/archive_latex.tex
9,0.992792793,0.611600000,\frac{\frac{\mathrm{JacobFro}}{\left(\mathrm{ZiCo}\right)^2}}{\mathrm{Snip} - \mathrm{GSynFlow}},Jacob_fro ZiCo Square Div Snip GSynFlow Sub Div <EOS>,((Jacob_fro / square(ZiCo)) / (Snip - GSynFlow)),0.611600000,0.384200000,86,8,4,2050,run_monash_time_unique1000,1,10,Monash__weather_dataset/seed_2050/run_monash_time_unique1000/visualizations/archive_latex.tex
10,0.991891892,0.611600000,\frac{\left(\frac{\sqrt{\mathrm{JacobFro}}}{\mathrm{ZiCo}}\right)^2}{\mathrm{Snip} - \mathrm{GSynFlow}},Jacob_fro Sqrt ZiCo Div Square Snip GSynFlow Sub Div <EOS>,(square((sqrt(Jacob_fro) / ZiCo)) / (Snip - GSynFlow)),0.611600000,0.384200000,33,9,5,2239,run_monash_time_unique1000,1,2,Monash__weather_dataset/seed_2239/run_monash_time_unique1000/visualizations/archive_latex.tex
11,0.990990991,0.611600000,\frac{\mathrm{JacobFro}}{\left(\mathrm{Snip} + -\mathrm{GSynFlow}\right) \cdot \left(\left(\mathrm{ZiCo}\right)^2\right)},Jacob_fro Snip GSynFlow Negative Add ZiCo Square Mul Div <EOS>,(Jacob_fro / ((Snip + -(GSynFlow)) * square(ZiCo))),0.611600000,0.384200000,15,9,5,2297,run_monash_time_unique1000,1,1,Monash__weather_dataset/seed_2297/run_monash_time_unique1000/visualizations/archive_latex.tex
12,0.990090090,0.605700000,\frac{\frac{\sqrt{\mathrm{JacobFro}}}{\mathrm{Snip} - \mathrm{GSynFlow}}}{\left(\mathrm{ZiCo}\right)^2},Jacob_fro Sqrt Snip GSynFlow Sub Div ZiCo Square Div <EOS>,((sqrt(Jacob_fro) / (Snip - GSynFlow)) / square(ZiCo)),0.605700000,0.400800000,100,9,4,2099,run_monash_time_unique1000,2,1,Monash__weather_dataset/seed_2099/run_monash_time_unique1000/visualizations/archive_latex.tex
13,0.989189189,0.603000000,\frac{\mathrm{JacobFro}}{\mathrm{Snip}} - \left(\log\left(\mathrm{MParams} - \mathrm{GSynFlow}\right)\right)^2,Jacob_fro Snip Div MParams GSynFlow Sub Log Square Sub <EOS>,((Jacob_fro / Snip) - square(log((MParams - GSynFlow)))),0.603000000,0.400400000,199,9,5,2129,run_monash_time_unique1000,1,2,Monash__weather_dataset/seed_2129/run_monash_time_unique1000/visualizations/archive_latex.tex
14,0.988288288,0.603000000,\frac{\mathrm{JacobFro}}{\mathrm{Snip}} - \left(\log\left(\mathrm{GSynFlow} - \mathrm{MParams}\right)\right)^2,Jacob_fro Snip Div GSynFlow MParams Sub Log Square Sub <EOS>,((Jacob_fro / Snip) - square(log((GSynFlow - MParams)))),0.603000000,0.400400000,197,9,5,2139,run_monash_time_unique1000,1,5,Monash__weather_dataset/seed_2139/run_monash_time_unique1000/visualizations/archive_latex.tex
15,0.987387387,0.602600000,\frac{\left(\mathrm{Fisher}\right)^2 + \sqrt{\mathrm{JacobFro}}}{\mathrm{Snip} - \mathrm{GSynFlow}},Fisher Square Jacob_fro Sqrt Add Snip GSynFlow Sub Div <EOS>,((square(Fisher) + sqrt(Jacob_fro)) / (Snip - GSynFlow)),0.602600000,0.394300000,28,9,4,2049,run_monash_time_unique1000,1,6,Monash__weather_dataset/seed_2049/run_monash_time_unique1000/visualizations/archive_latex.tex
16,0.986486486,0.602600000,\frac{\sqrt{\mathrm{JacobFro}} + \left(\mathrm{Fisher}\right)^2}{\mathrm{Snip} - \mathrm{GSynFlow}},Jacob_fro Sqrt Fisher Square Add Snip GSynFlow Sub Div <EOS>,((sqrt(Jacob_fro) + square(Fisher)) / (Snip - GSynFlow)),0.602600000,0.394300000,51,9,4,2106,run_monash_time_unique1000,1,10,Monash__weather_dataset/seed_2106/run_monash_time_unique1000/visualizations/archive_latex.tex
17,0.985585586,0.601800000,\frac{\sqrt{\sqrt{\mathrm{Jacov}} - \mathrm{JacobFro}}}{\mathrm{Snip} - \mathrm{GSynFlow}},Jacov Sqrt Jacob_fro Sub Sqrt Snip GSynFlow Sub Div <EOS>,(sqrt((sqrt(Jacov) - Jacob_fro)) / (Snip - GSynFlow)),0.601800000,0.418700000,12,9,5,2049,run_monash_time_unique1000,2,1,Monash__weather_dataset/seed_2049/run_monash_time_unique1000/visualizations/archive_latex.tex
18,0.984684685,0.601800000,\frac{\sqrt{\mathrm{JacobFro} - \sqrt{\mathrm{Jacov}}}}{\mathrm{Snip} - \mathrm{GSynFlow}},Jacob_fro Jacov Sqrt Sub Sqrt Snip GSynFlow Sub Div <EOS>,(sqrt((Jacob_fro - sqrt(Jacov))) / (Snip - GSynFlow)),0.601800000,0.418700000,44,9,5,2236,run_monash_time_unique1000,2,1,Monash__weather_dataset/seed_2236/run_monash_time_unique1000/visualizations/archive_latex.tex
19,0.983783784,0.599900000,\frac{\sqrt{\left(\mathrm{JacobFro}\right) \cdot \left(\mathrm{GradNorm}\right)}}{\mathrm{Snip} - \mathrm{GSynFlow}},Jacob_fro Grad_Norm Mul Sqrt Snip GSynFlow Sub Div <EOS>,(sqrt((Jacob_fro * Grad_Norm)) / (Snip - GSynFlow)),0.599900000,0.381100000,38,8,4,2151,run_monash_time_unique1000,1,7,Monash__weather_dataset/seed_2151/run_monash_time_unique1000/visualizations/archive_latex.tex
20,0.982882883,0.599900000,\frac{\sqrt{\left(\mathrm{JacobFro}\right) \cdot \left(\mathrm{GradNorm}\right)}}{-\mathrm{GSynFlow} + \mathrm{Snip}},Jacob_fro Grad_Norm Mul Sqrt GSynFlow Negative Snip Add Div <EOS>,(sqrt((Jacob_fro * Grad_Norm)) / (-(GSynFlow) + Snip)),0.599900000,0.381100000,84,9,4,2192,run_monash_time_unique1000,1,1,Monash__weather_dataset/seed_2192/run_monash_time_unique1000/visualizations/archive_latex.tex
21,0.981981982,0.599900000,\frac{\sqrt{\mathrm{JacobFro}}}{\frac{\mathrm{Snip} - \mathrm{GSynFlow}}{\sqrt{\mathrm{GradNorm}}}},Jacob_fro Sqrt Snip GSynFlow Sub Grad_Norm Sqrt Div Div <EOS>,(sqrt(Jacob_fro) / ((Snip - GSynFlow) / sqrt(Grad_Norm))),0.599900000,0.381100000,16,9,4,2031,run_monash_time_unique1000,2,3,Monash__weather_dataset/seed_2031/run_monash_time_unique1000/visualizations/archive_latex.tex
22,0.981081081,0.599900000,\frac{\sqrt{\left(\mathrm{GradNorm}\right) \cdot \left(\mathrm{JacobFro}\right)}}{\mathrm{Snip} - \mathrm{GSynFlow}},Grad_Norm Jacob_fro Mul Sqrt Snip GSynFlow Sub Div <EOS>,(sqrt((Grad_Norm * Jacob_fro)) / (Snip - GSynFlow)),0.599900000,0.381100000,17,8,4,2050,run_monash_time_unique1000,2,5,Monash__weather_dataset/seed_2050/run_monash_time_unique1000/visualizations/archive_latex.tex
23,0.980180180,0.599900000,\frac{\left(\sqrt{\mathrm{JacobFro}}\right) \cdot \left(\sqrt{\mathrm{GradNorm}}\right)}{\mathrm{Snip} - \mathrm{GSynFlow}},Jacob_fro Sqrt Grad_Norm Sqrt Mul Snip GSynFlow Sub Div <EOS>,((sqrt(Jacob_fro) * sqrt(Grad_Norm)) / (Snip - GSynFlow)),0.599900000,0.381100000,122,9,4,2049,run_monash_time_unique1000,3,1,Monash__weather_dataset/seed_2049/run_monash_time_unique1000/visualizations/archive_latex.tex
24,0.979279279,0.599600000,\frac{\mathrm{JacobFro}}{\frac{\mathrm{GSynFlow}}{\log\left(\log\left(\mathrm{plain}\right)\right)} + \mathrm{Snip}},Jacob_fro GSynFlow plain Log Log Div Snip Add Div <EOS>,(Jacob_fro / ((GSynFlow / log(log(plain))) + Snip)),0.599600000,0.448800000,52,9,6,2051,run_monash_time_unique1000,1,1,Monash__weather_dataset/seed_2051/run_monash_time_unique1000/visualizations/archive_latex.tex
25,0.978378378,0.599400000,\frac{\sqrt{\mathrm{JacobFro}}}{\mathrm{Snip} - \mathrm{GSynFlow}} - \mathrm{ZiCo},Jacob_fro Sqrt Snip GSynFlow Sub Div ZiCo Sub <EOS>,((sqrt(Jacob_fro) / (Snip - GSynFlow)) - ZiCo),0.599400000,0.408400000,115,8,4,2086,run_monash_time_unique1000,1,3,Monash__weather_dataset/seed_2086/run_monash_time_unique1000/visualizations/archive_latex.tex
26,0.977477477,0.599400000,\frac{\sqrt{\mathrm{JacobFro}}}{\mathrm{Snip} + -\mathrm{GSynFlow}} - \mathrm{ZiCo},Jacob_fro Sqrt Snip GSynFlow Negative Add Div ZiCo Sub <EOS>,((sqrt(Jacob_fro) / (Snip + -(GSynFlow))) - ZiCo),0.599400000,0.408400000,22,9,5,2097,run_monash_time_unique1000,1,1,Monash__weather_dataset/seed_2097/run_monash_time_unique1000/visualizations/archive_latex.tex
27,0.976576577,0.597000000,\frac{\sqrt{\left(\mathrm{GradNorm}\right)^2 + \mathrm{JacobFro}}}{\mathrm{Snip} - \mathrm{GSynFlow}},Grad_Norm Square Jacob_fro Add Sqrt Snip GSynFlow Sub Div <EOS>,(sqrt((square(Grad_Norm) + Jacob_fro)) / (Snip - GSynFlow)),0.597000000,0.397400000,91,9,5,2151,run_monash_time_unique1000,2,5,Monash__weather_dataset/seed_2151/run_monash_time_unique1000/visualizations/archive_latex.tex
28,0.975675676,0.597000000,\frac{\sqrt{\mathrm{JacobFro} + \left(\mathrm{GradNorm}\right)^2}}{\mathrm{Snip} - \mathrm{GSynFlow}},Jacob_fro Grad_Norm Square Add Sqrt Snip GSynFlow Sub Div <EOS>,(sqrt((Jacob_fro + square(Grad_Norm))) / (Snip - GSynFlow)),0.597000000,0.397400000,40,9,5,2216,run_monash_time_unique1000,2,5,Monash__weather_dataset/seed_2216/run_monash_time_unique1000/visualizations/archive_latex.tex
29,0.974774775,0.597000000,\frac{\mathrm{JacobFro}}{\left(\mathrm{Snip}\right)^2 + \left(\mathrm{GSynFlow}\right)^2} - \mathrm{ZiCo},Jacob_fro Snip Square GSynFlow Square Add Div ZiCo Sub <EOS>,((Jacob_fro / (square(Snip) + square(GSynFlow))) - ZiCo),0.597000000,0.381100000,58,9,5,2295,run_monash_time_unique1000,2,1,Monash__weather_dataset/seed_2295/run_monash_time_unique1000/visualizations/archive_latex.tex
30,0.973873874,0.596300000,\frac{\frac{\mathrm{JacobFro}}{\left(\mathrm{ZiCo}\right)^2}}{\mathrm{Snip} + \mathrm{GSynFlow}},Jacob_fro ZiCo Square Div Snip GSynFlow Add Div <EOS>,((Jacob_fro / square(ZiCo)) / (Snip + GSynFlow)),0.596300000,0.369000000,57,8,4,2041,run_monash_time_unique1000,1,2,Monash__weather_dataset/seed_2041/run_monash_time_unique1000/visualizations/archive_latex.tex
31,0.972972973,0.596300000,\frac{\frac{\mathrm{JacobFro}}{\mathrm{GSynFlow} + \mathrm{Snip}}}{\left(\mathrm{ZiCo}\right)^2},Jacob_fro GSynFlow Snip Add Div ZiCo Square Div <EOS>,((Jacob_fro / (GSynFlow + Snip)) / square(ZiCo)),0.596300000,0.369000000,63,8,4,2174,run_monash_time_unique1000,1,1,Monash__weather_dataset/seed_2174/run_monash_time_unique1000/visualizations/archive_latex.tex
32,0.972072072,0.596300000,\frac{\frac{\mathrm{JacobFro}}{\mathrm{Snip} + \mathrm{GSynFlow}}}{\left(\mathrm{ZiCo}\right)^2},Jacob_fro Snip GSynFlow Add Div ZiCo Square Div <EOS>,((Jacob_fro / (Snip + GSynFlow)) / square(ZiCo)),0.596300000,0.369000000,24,8,4,2234,run_monash_time_unique1000,1,2,Monash__weather_dataset/seed_2234/run_monash_time_unique1000/visualizations/archive_latex.tex
33,0.971171171,0.596300000,\frac{\left(\frac{\sqrt{\mathrm{JacobFro}}}{\mathrm{ZiCo}}\right)^2}{\mathrm{Snip} + \mathrm{GSynFlow}},Jacob_fro Sqrt ZiCo Div Square Snip GSynFlow Add Div <EOS>,(square((sqrt(Jacob_fro) / ZiCo)) / (Snip + GSynFlow)),0.596300000,0.369000000,162,9,5,2251,run_monash_time_unique1000,2,1,Monash__weather_dataset/seed_2251/run_monash_time_unique1000/visualizations/archive_latex.tex
34,0.970270270,0.596300000,\frac{\mathrm{JacobFro}}{\left(\mathrm{Snip} + \mathrm{GSynFlow}\right) \cdot \left(\left(\mathrm{ZiCo}\right)^2\right)},Jacob_fro Snip GSynFlow Add ZiCo Square Mul Div <EOS>,(Jacob_fro / ((Snip + GSynFlow) * square(ZiCo))),0.596300000,0.369000000,16,8,4,2297,run_monash_time_unique1000,2,1,Monash__weather_dataset/seed_2297/run_monash_time_unique1000/visualizations/archive_latex.tex
35,0.969369369,0.596200000,\left(\mathrm{JacobFro}\right) \cdot \left(\frac{\mathrm{GradNorm}}{\left(\mathrm{Snip}\right)^2 - \left(\mathrm{GSynFlow}\right)^2}\right),Jacob_fro Grad_Norm Snip Square GSynFlow Square Sub Div Mul <EOS>,(Jacob_fro * (Grad_Norm / (square(Snip) - square(GSynFlow)))),0.596200000,0.397400000,46,9,5,2075,run_monash_time_unique1000,1,1,Monash__weather_dataset/seed_2075/run_monash_time_unique1000/visualizations/archive_latex.tex
36,0.968468468,0.596200000,\frac{\left(\mathrm{GradNorm}\right) \cdot \left(\mathrm{JacobFro}\right)}{\left(\mathrm{Snip}\right)^2 - \left(\mathrm{GSynFlow}\right)^2},Grad_Norm Jacob_fro Mul Snip Square GSynFlow Square Sub Div <EOS>,((Grad_Norm * Jacob_fro) / (square(Snip) - square(GSynFlow))),0.596200000,0.397400000,62,9,4,2107,run_monash_time_unique1000,1,3,Monash__weather_dataset/seed_2107/run_monash_time_unique1000/visualizations/archive_latex.tex
37,0.967567568,0.596200000,\frac{\left(\mathrm{JacobFro}\right) \cdot \left(\mathrm{GradNorm}\right)}{\left(\mathrm{Snip}\right)^2 - \left(\mathrm{GSynFlow}\right)^2},Jacob_fro Grad_Norm Mul Snip Square GSynFlow Square Sub Div <EOS>,((Jacob_fro * Grad_Norm) / (square(Snip) - square(GSynFlow))),0.596200000,0.397400000,169,9,4,2124,run_monash_time_unique1000,1,3,Monash__weather_dataset/seed_2124/run_monash_time_unique1000/visualizations/archive_latex.tex
38,0.966666667,0.596200000,\frac{\mathrm{JacobFro}}{\frac{\left(\mathrm{Snip}\right)^2 - \left(\mathrm{GSynFlow}\right)^2}{\mathrm{GradNorm}}},Jacob_fro Snip Square GSynFlow Square Sub Grad_Norm Div Div <EOS>,(Jacob_fro / ((square(Snip) - square(GSynFlow)) / Grad_Norm)),0.596200000,0.397400000,59,9,5,2265,run_monash_time_unique1000,1,1,Monash__weather_dataset/seed_2265/run_monash_time_unique1000/visualizations/archive_latex.tex
39,0.965765766,0.595900000,\frac{\frac{\mathrm{JacobFro}}{\mathrm{ZiCo}}}{\left(\mathrm{Snip}\right)^2 - \left(\mathrm{GSynFlow}\right)^2},Jacob_fro ZiCo Div Snip Square GSynFlow Square Sub Div <EOS>,((Jacob_fro / ZiCo) / (square(Snip) - square(GSynFlow))),0.595900000,0.404200000,42,9,4,2094,run_monash_time_unique1000,1,8,Monash__weather_dataset/seed_2094/run_monash_time_unique1000/visualizations/archive_latex.tex
40,0.964864865,0.595900000,\frac{\mathrm{JacobFro}}{\left(\left(\mathrm{Snip}\right)^2 - \left(\mathrm{GSynFlow}\right)^2\right) \cdot \left(\mathrm{ZiCo}\right)},Jacob_fro Snip Square GSynFlow Square Sub ZiCo Mul Div <EOS>,(Jacob_fro / ((square(Snip) - square(GSynFlow)) * ZiCo)),0.595900000,0.404200000,46,9,5,2075,run_monash_time_unique1000,2,2,Monash__weather_dataset/seed_2075/run_monash_time_unique1000/visualizations/archive_latex.tex
41,0.963963964,0.595900000,\frac{\sqrt{\mathrm{JacobFro} - \left(\mathrm{GSynFlow}\right)^2}}{\mathrm{Snip} - \mathrm{GSynFlow}},Jacob_fro GSynFlow Square Sub Sqrt Snip GSynFlow Sub Div <EOS>,(sqrt((Jacob_fro - square(GSynFlow))) / (Snip - GSynFlow)),0.595900000,0.403900000,58,9,5,2106,run_monash_time_unique1000,2,1,Monash__weather_dataset/seed_2106/run_monash_time_unique1000/visualizations/archive_latex.tex
42,0.963063063,0.595900000,\frac{\sqrt{\left(\mathrm{GSynFlow}\right)^2 - \mathrm{JacobFro}}}{\mathrm{Snip} - \mathrm{GSynFlow}},GSynFlow Square Jacob_fro Sub Sqrt Snip GSynFlow Sub Div <EOS>,(sqrt((square(GSynFlow) - Jacob_fro)) / (Snip - GSynFlow)),0.595900000,0.403900000,114,9,5,2261,run_monash_time_unique1000,4,1,Monash__weather_dataset/seed_2261/run_monash_time_unique1000/visualizations/archive_latex.tex
43,0.962162162,0.595800000,\frac{\mathrm{JacobFro}}{\mathrm{Snip}} - \left(\log\left(\mathrm{GSynFlow} - \mathrm{GFLOPs}\right)\right)^2,Jacob_fro Snip Div GSynFlow GFLOPs Sub Log Square Sub <EOS>,((Jacob_fro / Snip) - square(log((GSynFlow - GFLOPs)))),0.595800000,0.377600000,156,9,5,2143,run_monash_time_unique1000,1,2,Monash__weather_dataset/seed_2143/run_monash_time_unique1000/visualizations/archive_latex.tex
44,0.961261261,0.595700000,\frac{\frac{\sqrt{\mathrm{JacobFro}}}{\mathrm{ZiCo}}}{\mathrm{Snip} - \mathrm{GSynFlow}},Jacob_fro Sqrt ZiCo Div Snip GSynFlow Sub Div <EOS>,((sqrt(Jacob_fro) / ZiCo) / (Snip - GSynFlow)),0.595700000,0.402800000,13,8,4,2102,run_monash_time_unique1000,1,5,Monash__weather_dataset/seed_2102/run_monash_time_unique1000/visualizations/archive_latex.tex
45,0.960360360,0.595700000,\frac{\sqrt{\mathrm{JacobFro}}}{\left(\mathrm{Snip} - \mathrm{GSynFlow}\right) \cdot \left(\mathrm{ZiCo}\right)},Jacob_fro Sqrt Snip GSynFlow Sub ZiCo Mul Div <EOS>,(sqrt(Jacob_fro) / ((Snip - GSynFlow) * ZiCo)),0.595700000,0.402800000,42,8,4,2094,run_monash_time_unique1000,2,3,Monash__weather_dataset/seed_2094/run_monash_time_unique1000/visualizations/archive_latex.tex
46,0.959459459,0.595700000,\frac{\sqrt{\mathrm{JacobFro}}}{\left(\mathrm{ZiCo}\right) \cdot \left(\mathrm{Snip} - \mathrm{GSynFlow}\right)},Jacob_fro Sqrt ZiCo Snip GSynFlow Sub Mul Div <EOS>,(sqrt(Jacob_fro) / (ZiCo * (Snip - GSynFlow))),0.595700000,0.402800000,181,8,4,2270,run_monash_time_unique1000,4,1,Monash__weather_dataset/seed_2270/run_monash_time_unique1000/visualizations/archive_latex.tex
47,0.958558559,0.595400000,\frac{\sqrt{\mathrm{JacobFro}}}{\frac{\mathrm{Snip} - \mathrm{GSynFlow}}{\log\left(\mathrm{GradNorm}\right)}},Jacob_fro Sqrt Snip GSynFlow Sub Grad_Norm Log Div Div <EOS>,(sqrt(Jacob_fro) / ((Snip - GSynFlow) / log(Grad_Norm))),0.595400000,0.391200000,32,9,4,2031,run_monash_time_unique1000,3,2,Monash__weather_dataset/seed_2031/run_monash_time_unique1000/visualizations/archive_latex.tex
48,0.957657658,0.595400000,\frac{\left(\log\left(\mathrm{GradNorm}\right)\right) \cdot \left(\sqrt{\mathrm{JacobFro}}\right)}{\mathrm{Snip} - \mathrm{GSynFlow}},Grad_Norm Log Jacob_fro Sqrt Mul Snip GSynFlow Sub Div <EOS>,((log(Grad_Norm) * sqrt(Jacob_fro)) / (Snip - GSynFlow)),0.595400000,0.391200000,97,9,4,2279,run_monash_time_unique1000,3,2,Monash__weather_dataset/seed_2279/run_monash_time_unique1000/visualizations/archive_latex.tex
49,0.956756757,0.595400000,\frac{\left(\sqrt{\mathrm{JacobFro}}\right) \cdot \left(\log\left(\mathrm{GradNorm}\right)\right)}{\mathrm{Snip} - \mathrm{GSynFlow}},Jacob_fro Sqrt Grad_Norm Log Mul Snip GSynFlow Sub Div <EOS>,((sqrt(Jacob_fro) * log(Grad_Norm)) / (Snip - GSynFlow)),0.595400000,0.391200000,169,9,4,2085,run_monash_time_unique1000,4,3,Monash__weather_dataset/seed_2085/run_monash_time_unique1000/visualizations/archive_latex.tex
50,0.955855856,0.595300000,\frac{\sqrt{\mathrm{JacobFro}} + \mathrm{GradNorm}}{\mathrm{Snip} - \mathrm{GSynFlow}},Jacob_fro Sqrt Grad_Norm Add Snip GSynFlow Sub Div <EOS>,((sqrt(Jacob_fro) + Grad_Norm) / (Snip - GSynFlow)),0.595300000,0.399600000,10,8,4,2098,run_monash_time_unique1000,1,2,Monash__weather_dataset/seed_2098/run_monash_time_unique1000/visualizations/archive_latex.tex
51,0.954954955,0.595300000,\frac{\mathrm{GradNorm} + \sqrt{\mathrm{JacobFro}}}{\mathrm{Snip} + -\mathrm{GSynFlow}},Grad_Norm Jacob_fro Sqrt Add Snip GSynFlow Negative Add Div <EOS>,((Grad_Norm + sqrt(Jacob_fro)) / (Snip + -(GSynFlow))),0.595300000,0.399600000,145,9,4,2200,run_monash_time_unique1000,1,1,Monash__weather_dataset/seed_2200/run_monash_time_unique1000/visualizations/archive_latex.tex
52,0.954054054,0.595300000,\frac{\mathrm{GradNorm} + \sqrt{\mathrm{JacobFro}}}{\mathrm{Snip} - \mathrm{GSynFlow}},Grad_Norm Jacob_fro Sqrt Add Snip GSynFlow Sub Div <EOS>,((Grad_Norm + sqrt(Jacob_fro)) / (Snip - GSynFlow)),0.595300000,0.399600000,133,8,4,2187,run_monash_time_unique1000,2,1,Monash__weather_dataset/seed_2187/run_monash_time_unique1000/visualizations/archive_latex.tex
53,0.953153153,0.595200000,\frac{\sqrt{\mathrm{JacobFro}}}{\mathrm{Snip} - \mathrm{GSynFlow} - \mathrm{GradNorm}},Jacob_fro Sqrt Snip GSynFlow Sub Grad_Norm Sub Div <EOS>,(sqrt(Jacob_fro) / ((Snip - GSynFlow) - Grad_Norm)),0.595200000,0.358800000,14,8,4,2043,run_monash_time_unique1000,2,1,Monash__weather_dataset/seed_2043/run_monash_time_unique1000/visualizations/archive_latex.tex
54,0.952252252,0.595200000,\frac{\sqrt{\left(\mathrm{JacobFro}\right) \cdot \left(\log\left(\mathrm{ZiCo}\right)\right)}}{\mathrm{Snip} - \mathrm{GSynFlow}},Jacob_fro ZiCo Log Mul Sqrt Snip GSynFlow Sub Div <EOS>,(sqrt((Jacob_fro * log(ZiCo))) / (Snip - GSynFlow)),0.595200000,0.399100000,147,9,5,2261,run_monash_time_unique1000,6,1,Monash__weather_dataset/seed_2261/run_monash_time_unique1000/visualizations/archive_latex.tex
55,0.951351351,0.594900000,\frac{\mathrm{JacobFro}}{\mathrm{Snip}} - \left(\log\left(\mathrm{ZiCo} - \mathrm{GSynFlow}\right)\right)^2,Jacob_fro Snip Div ZiCo GSynFlow Sub Log Square Sub <EOS>,((Jacob_fro / Snip) - square(log((ZiCo - GSynFlow)))),0.594900000,0.361000000,74,9,5,2062,run_monash_time_unique1000,1,1,Monash__weather_dataset/seed_2062/run_monash_time_unique1000/visualizations/archive_latex.tex
56,0.950450450,0.594100000,\left(\frac{\mathrm{JacobFro}}{\mathrm{Snip}}\right)^2 - \left(\mathrm{GSynFlow}\right) \cdot \left(\mathrm{GradNorm}\right),Jacob_fro Snip Div Square GSynFlow Grad_Norm Mul Sub <EOS>,(square((Jacob_fro / Snip)) - (GSynFlow * Grad_Norm)),0.594100000,0.393200000,84,8,4,2042,run_monash_time_unique1000,1,12,Monash__weather_dataset/seed_2042/run_monash_time_unique1000/visualizations/archive_latex.tex
57,0.949549550,0.594100000,\left(\frac{\mathrm{JacobFro}}{\mathrm{Snip}}\right)^2 - \left(\mathrm{GradNorm}\right) \cdot \left(\mathrm{GSynFlow}\right),Jacob_fro Snip Div Square Grad_Norm GSynFlow Mul Sub <EOS>,(square((Jacob_fro / Snip)) - (Grad_Norm * GSynFlow)),0.594100000,0.393200000,164,8,4,2059,run_monash_time_unique1000,1,5,Monash__weather_dataset/seed_2059/run_monash_time_unique1000/visualizations/archive_latex.tex
58,0.948648649,0.593800000,\frac{\sqrt{\mathrm{JacobFro}}}{\left(\sqrt{\mathrm{ZiCo}}\right) \cdot \left(\mathrm{Snip} - \mathrm{GSynFlow}\right)},Jacob_fro Sqrt ZiCo Sqrt Snip GSynFlow Sub Mul Div <EOS>,(sqrt(Jacob_fro) / (sqrt(ZiCo) * (Snip - GSynFlow))),0.593800000,0.397600000,40,9,4,2229,run_monash_time_unique1000,1,3,Monash__weather_dataset/seed_2229/run_monash_time_unique1000/visualizations/archive_latex.tex
59,0.947747748,0.593800000,\frac{\sqrt{\frac{\mathrm{JacobFro}}{\mathrm{ZiCo}}}}{\mathrm{Snip} - \mathrm{GSynFlow}},Jacob_fro ZiCo Div Sqrt Snip GSynFlow Sub Div <EOS>,(sqrt((Jacob_fro / ZiCo)) / (Snip - GSynFlow)),0.593800000,0.397600000,80,8,4,2132,run_monash_time_unique1000,2,14,Monash__weather_dataset/seed_2132/run_monash_time_unique1000/visualizations/archive_latex.tex
60,0.946846847,0.593800000,\frac{\sqrt{\mathrm{JacobFro}}}{\left(\mathrm{Snip} - \mathrm{GSynFlow}\right) \cdot \left(\sqrt{\mathrm{ZiCo}}\right)},Jacob_fro Sqrt Snip GSynFlow Sub ZiCo Sqrt Mul Div <EOS>,(sqrt(Jacob_fro) / ((Snip - GSynFlow) * sqrt(ZiCo))),0.593800000,0.397600000,64,9,4,2198,run_monash_time_unique1000,2,5,Monash__weather_dataset/seed_2198/run_monash_time_unique1000/visualizations/archive_latex.tex
61,0.945945946,0.593800000,\frac{\frac{\sqrt{\mathrm{JacobFro}}}{\sqrt{\mathrm{ZiCo}}}}{\mathrm{Snip} - \mathrm{GSynFlow}},Jacob_fro Sqrt ZiCo Sqrt Div Snip GSynFlow Sub Div <EOS>,((sqrt(Jacob_fro) / sqrt(ZiCo)) / (Snip - GSynFlow)),0.593800000,0.397600000,77,9,4,2242,run_monash_time_unique1000,3,3,Monash__weather_dataset/seed_2242/run_monash_time_unique1000/visualizations/archive_latex.tex
62,0.945045045,0.593700000,\frac{\frac{-\mathrm{JacobFro}}{\mathrm{GSynFlow} - \mathrm{Snip}}}{\mathrm{ZiCo}},Jacob_fro Negative GSynFlow Snip Sub Div ZiCo Div <EOS>,((-(Jacob_fro) / (GSynFlow - Snip)) / ZiCo),0.593700000,0.373000000,99,8,4,2047,run_monash_time_unique1000,1,1,Monash__weather_dataset/seed_2047/run_monash_time_unique1000/visualizations/archive_latex.tex
63,0.944144144,0.593700000,\frac{\mathrm{JacobFro}}{\left(\mathrm{ZiCo}\right) \cdot \left(\mathrm{Snip} - \mathrm{GSynFlow}\right)},Jacob_fro ZiCo Snip GSynFlow Sub Mul Div <EOS>,(Jacob_fro / (ZiCo * (Snip - GSynFlow))),0.593700000,0.373000000,111,7,4,2071,run_monash_time_unique1000,1,9,Monash__weather_dataset/seed_2071/run_monash_time_unique1000/visualizations/archive_latex.tex
64,0.943243243,0.593700000,\frac{\frac{\mathrm{JacobFro}}{\mathrm{Snip} - \mathrm{GSynFlow}}}{\mathrm{ZiCo}},Jacob_fro Snip GSynFlow Sub Div ZiCo Div <EOS>,((Jacob_fro / (Snip - GSynFlow)) / ZiCo),0.593700000,0.373000000,26,7,4,2072,run_monash_time_unique1000,1,7,Monash__weather_dataset/seed_2072/run_monash_time_unique1000/visualizations/archive_latex.tex
65,0.942342342,0.593700000,\frac{\frac{\mathrm{JacobFro}}{\mathrm{ZiCo}}}{\mathrm{Snip} - \mathrm{GSynFlow}},Jacob_fro ZiCo Div Snip GSynFlow Sub Div <EOS>,((Jacob_fro / ZiCo) / (Snip - GSynFlow)),0.593700000,0.373000000,85,7,3,2077,run_monash_time_unique1000,1,31,Monash__weather_dataset/seed_2077/run_monash_time_unique1000/visualizations/archive_latex.tex
66,0.941441441,0.593700000,\frac{\mathrm{JacobFro}}{\left(\mathrm{Snip} - \mathrm{GSynFlow}\right) \cdot \left(\mathrm{ZiCo}\right)},Jacob_fro Snip GSynFlow Sub ZiCo Mul Div <EOS>,(Jacob_fro / ((Snip - GSynFlow) * ZiCo)),0.593700000,0.373000000,165,7,4,2079,run_monash_time_unique1000,1,6,Monash__weather_dataset/seed_2079/run_monash_time_unique1000/visualizations/archive_latex.tex
67,0.940540541,0.593700000,\frac{\frac{\mathrm{JacobFro}}{\mathrm{ZiCo}}}{-\mathrm{GSynFlow} + \mathrm{Snip}},Jacob_fro ZiCo Div GSynFlow Negative Snip Add Div <EOS>,((Jacob_fro / ZiCo) / (-(GSynFlow) + Snip)),0.593700000,0.373000000,29,8,4,2087,run_monash_time_unique1000,1,2,Monash__weather_dataset/seed_2087/run_monash_time_unique1000/visualizations/archive_latex.tex
68,0.939639640,0.593700000,\frac{\mathrm{JacobFro}}{\left(\mathrm{ZiCo}\right) \cdot \left(-\mathrm{GSynFlow} + \mathrm{Snip}\right)},Jacob_fro ZiCo GSynFlow Negative Snip Add Mul Div <EOS>,(Jacob_fro / (ZiCo * (-(GSynFlow) + Snip))),0.593700000,0.373000000,51,8,5,2288,run_monash_time_unique1000,1,2,Monash__weather_dataset/seed_2288/run_monash_time_unique1000/visualizations/archive_latex.tex
69,0.938738739,0.593600000,\left(\frac{\mathrm{JacobFro}}{\mathrm{Snip}}\right)^2 - \left(\log\left(\mathrm{JacobFro}\right)\right) \cdot \left(\mathrm{GSynFlow}\right),Jacob_fro Snip Div Square Jacob_fro Log GSynFlow Mul Sub <EOS>,(square((Jacob_fro / Snip)) - (log(Jacob_fro) * GSynFlow)),0.593600000,0.387400000,139,9,4,2069,run_monash_time_unique1000,1,2,Monash__weather_dataset/seed_2069/run_monash_time_unique1000/visualizations/archive_latex.tex
70,0.937837838,0.593600000,\left(\frac{\mathrm{JacobFro}}{\mathrm{Snip}}\right)^2 - \left(\mathrm{GSynFlow}\right) \cdot \left(\log\left(\mathrm{JacobFro}\right)\right),Jacob_fro Snip Div Square GSynFlow Jacob_fro Log Mul Sub <EOS>,(square((Jacob_fro / Snip)) - (GSynFlow * log(Jacob_fro))),0.593600000,0.387400000,180,9,4,2083,run_monash_time_unique1000,1,3,Monash__weather_dataset/seed_2083/run_monash_time_unique1000/visualizations/archive_latex.tex
71,0.936936937,0.593400000,\frac{\mathrm{JacobFro}}{\mathrm{Snip} - \mathrm{GSynFlow}} - \mathrm{GSynFlow},Jacob_fro Snip GSynFlow Sub Div GSynFlow Sub <EOS>,((Jacob_fro / (Snip - GSynFlow)) - GSynFlow),0.593400000,0.438200000,17,7,4,2064,run_monash_time_unique1000,1,31,Monash__weather_dataset/seed_2064/run_monash_time_unique1000/visualizations/archive_latex.tex
72,0.936036036,0.593400000,-\mathrm{GSynFlow} + \frac{\mathrm{JacobFro}}{\mathrm{Snip} - \mathrm{GSynFlow}},GSynFlow Negative Jacob_fro Snip GSynFlow Sub Div Add <EOS>,(-(GSynFlow) + (Jacob_fro / (Snip - GSynFlow))),0.593400000,0.438200000,118,8,4,2101,run_monash_time_unique1000,1,1,Monash__weather_dataset/seed_2101/run_monash_time_unique1000/visualizations/archive_latex.tex
73,0.935135135,0.593400000,\frac{\mathrm{JacobFro}}{-\mathrm{GSynFlow} + \mathrm{Snip}} - \mathrm{GSynFlow},Jacob_fro GSynFlow Negative Snip Add Div GSynFlow Sub <EOS>,((Jacob_fro / (-(GSynFlow) + Snip)) - GSynFlow),0.593400000,0.438200000,41,8,5,2221,run_monash_time_unique1000,1,4,Monash__weather_dataset/seed_2221/run_monash_time_unique1000/visualizations/archive_latex.tex
74,0.934234234,0.593400000,\frac{\mathrm{JacobFro}}{\mathrm{Snip} + -\mathrm{GSynFlow}} - \mathrm{GSynFlow},Jacob_fro Snip GSynFlow Negative Add Div GSynFlow Sub <EOS>,((Jacob_fro / (Snip + -(GSynFlow))) - GSynFlow),0.593400000,0.438200000,120,8,5,2222,run_monash_time_unique1000,2,1,Monash__weather_dataset/seed_2222/run_monash_time_unique1000/visualizations/archive_latex.tex
75,0.933333333,0.593200000,\left(\frac{\mathrm{JacobFro}}{\mathrm{Snip}}\right)^2 - \left(\mathrm{GSynFlow}\right) \cdot \left(\log\left(\mathrm{GraSP}\right)\right),Jacob_fro Snip Div Square GSynFlow GraSP Log Mul Sub <EOS>,(square((Jacob_fro / Snip)) - (GSynFlow * log(GraSP))),0.593200000,0.383400000,172,9,4,2032,run_monash_time_unique1000,1,3,Monash__weather_dataset/seed_2032/run_monash_time_unique1000/visualizations/archive_latex.tex
76,0.932432432,0.593200000,\left(\frac{\mathrm{JacobFro}}{\mathrm{Snip}}\right)^2 - \left(\log\left(\mathrm{GraSP}\right)\right) \cdot \left(\mathrm{GSynFlow}\right),Jacob_fro Snip Div Square GraSP Log GSynFlow Mul Sub <EOS>,(square((Jacob_fro / Snip)) - (log(GraSP) * GSynFlow)),0.593200000,0.383400000,69,9,4,2254,run_monash_time_unique1000,1,2,Monash__weather_dataset/seed_2254/run_monash_time_unique1000/visualizations/archive_latex.tex
77,0.931531532,0.592800000,\frac{\mathrm{JacobFro}}{\mathrm{Snip}} - \sqrt{\left(\mathrm{GSynFlow}\right) \cdot \left(\log\left(\mathrm{GSynFlow}\right)\right)},Jacob_fro Snip Div GSynFlow GSynFlow Log Mul Sqrt Sub <EOS>,((Jacob_fro / Snip) - sqrt((GSynFlow * log(GSynFlow)))),0.592800000,0.390900000,32,9,5,2092,run_monash_time_unique1000,1,7,Monash__weather_dataset/seed_2092/run_monash_time_unique1000/visualizations/archive_latex.tex
78,0.930630631,0.592800000,\frac{\mathrm{JacobFro}}{\mathrm{Snip}} - \sqrt{\left(\log\left(\mathrm{GSynFlow}\right)\right) \cdot \left(\mathrm{GSynFlow}\right)},Jacob_fro Snip Div GSynFlow Log GSynFlow Mul Sqrt Sub <EOS>,((Jacob_fro / Snip) - sqrt((log(GSynFlow) * GSynFlow))),0.592800000,0.390900000,164,9,5,2112,run_monash_time_unique1000,1,2,Monash__weather_dataset/seed_2112/run_monash_time_unique1000/visualizations/archive_latex.tex
79,0.929729730,0.592800000,\frac{\sqrt{\mathrm{JacobFro}} - \log\left(\mathrm{MParams}\right)}{\mathrm{Snip} - \mathrm{GSynFlow}},Jacob_fro Sqrt MParams Log Sub Snip GSynFlow Sub Div <EOS>,((sqrt(Jacob_fro) - log(MParams)) / (Snip - GSynFlow)),0.592800000,0.399500000,50,9,4,2268,run_monash_time_unique1000,2,1,Monash__weather_dataset/seed_2268/run_monash_time_unique1000/visualizations/archive_latex.tex
80,0.928828829,0.592800000,\frac{\sqrt{\mathrm{plain}} + \sqrt{\mathrm{JacobFro}}}{\mathrm{Snip} - \mathrm{GSynFlow}},plain Sqrt Jacob_fro Sqrt Add Snip GSynFlow Sub Div <EOS>,((sqrt(plain) + sqrt(Jacob_fro)) / (Snip - GSynFlow)),0.592800000,0.404100000,154,9,4,2187,run_monash_time_unique1000,3,6,Monash__weather_dataset/seed_2187/run_monash_time_unique1000/visualizations/archive_latex.tex
81,0.927927928,0.592800000,\frac{\sqrt{\mathrm{JacobFro}} + \sqrt{\mathrm{plain}}}{\mathrm{Snip} - \mathrm{GSynFlow}},Jacob_fro Sqrt plain Sqrt Add Snip GSynFlow Sub Div <EOS>,((sqrt(Jacob_fro) + sqrt(plain)) / (Snip - GSynFlow)),0.592800000,0.404100000,53,9,4,2141,run_monash_time_unique1000,4,7,Monash__weather_dataset/seed_2141/run_monash_time_unique1000/visualizations/archive_latex.tex
82,0.927027027,0.592600000,\frac{\sqrt{\mathrm{JacobFro}} + \mathrm{plain}}{-\mathrm{GSynFlow} + \mathrm{Snip}},Jacob_fro Sqrt plain Add GSynFlow Negative Snip Add Div <EOS>,((sqrt(Jacob_fro) + plain) / (-(GSynFlow) + Snip)),0.592600000,0.405900000,42,9,4,2108,run_monash_time_unique1000,2,1,Monash__weather_dataset/seed_2108/run_monash_time_unique1000/visualizations/archive_latex.tex
83,0.926126126,0.592600000,\frac{\mathrm{plain} + \sqrt{\mathrm{JacobFro}}}{\mathrm{Snip} - \mathrm{GSynFlow}},plain Jacob_fro Sqrt Add Snip GSynFlow Sub Div <EOS>,((plain + sqrt(Jacob_fro)) / (Snip - GSynFlow)),0.592600000,0.405900000,75,8,4,2039,run_monash_time_unique1000,3,12,Monash__weather_dataset/seed_2039/run_monash_time_unique1000/visualizations/archive_latex.tex
84,0.925225225,0.592600000,\frac{\mathrm{plain} + \sqrt{\mathrm{JacobFro}}}{\mathrm{Snip} + -\mathrm{GSynFlow}},plain Jacob_fro Sqrt Add Snip GSynFlow Negative Add Div <EOS>,((plain + sqrt(Jacob_fro)) / (Snip + -(GSynFlow))),0.592600000,0.405900000,160,9,4,2200,run_monash_time_unique1000,3,1,Monash__weather_dataset/seed_2200/run_monash_time_unique1000/visualizations/archive_latex.tex
85,0.924324324,0.592600000,\frac{\sqrt{\mathrm{JacobFro}} + \mathrm{plain}}{\mathrm{Snip} - \mathrm{GSynFlow}},Jacob_fro Sqrt plain Add Snip GSynFlow Sub Div <EOS>,((sqrt(Jacob_fro) + plain) / (Snip - GSynFlow)),0.592600000,0.405900000,16,8,4,2268,run_monash_time_unique1000,3,12,Monash__weather_dataset/seed_2268/run_monash_time_unique1000/visualizations/archive_latex.tex
86,0.923423423,0.592600000,\frac{\sqrt{\mathrm{JacobFro}} - -\mathrm{plain}}{\mathrm{Snip} - \mathrm{GSynFlow}},Jacob_fro Sqrt plain Negative Sub Snip GSynFlow Sub Div <EOS>,((sqrt(Jacob_fro) - -(plain)) / (Snip - GSynFlow)),0.592600000,0.405900000,81,9,4,2216,run_monash_time_unique1000,5,1,Monash__weather_dataset/seed_2216/run_monash_time_unique1000/visualizations/archive_latex.tex
87,0.922522523,0.592500000,\frac{\sqrt{\mathrm{JacobFro}}}{\mathrm{Snip} - \mathrm{GSynFlow} + \left(\mathrm{Fisher}\right)^2},Jacob_fro Sqrt Snip GSynFlow Fisher Square Add Sub Div <EOS>,(sqrt(Jacob_fro) / (Snip - (GSynFlow + square(Fisher)))),0.592500000,0.398600000,110,9,5,2192,run_monash_time_unique1000,3,3,Monash__weather_dataset/seed_2192/run_monash_time_unique1000/visualizations/archive_latex.tex
88,0.921621622,0.592500000,\frac{\sqrt{\mathrm{JacobFro}}}{\mathrm{Snip} - \left(\mathrm{Fisher}\right)^2 - \mathrm{GSynFlow}},Jacob_fro Sqrt Snip Fisher Square Sub GSynFlow Sub Div <EOS>,(sqrt(Jacob_fro) / ((Snip - square(Fisher)) - GSynFlow)),0.592500000,0.398600000,53,9,5,2039,run_monash_time_unique1000,4,1,Monash__weather_dataset/seed_2039/run_monash_time_unique1000/visualizations/archive_latex.tex
89,0.920720721,0.592500000,\frac{\sqrt{\mathrm{JacobFro}}}{\mathrm{Snip} - \mathrm{GSynFlow} - \left(\mathrm{Fisher}\right)^2},Jacob_fro Sqrt Snip GSynFlow Sub Fisher Square Sub Div <EOS>,(sqrt(Jacob_fro) / ((Snip - GSynFlow) - square(Fisher))),0.592500000,0.398600000,47,9,4,2132,run_monash_time_unique1000,4,8,Monash__weather_dataset/seed_2132/run_monash_time_unique1000/visualizations/archive_latex.tex
90,0.919819820,0.592500000,\frac{\sqrt{\mathrm{JacobFro}}}{\mathrm{Snip} - \left(\mathrm{Fisher}\right)^2 + \mathrm{GSynFlow}},Jacob_fro Sqrt Snip Fisher Square GSynFlow Add Sub Div <EOS>,(sqrt(Jacob_fro) / (Snip - (square(Fisher) + GSynFlow))),0.592500000,0.398600000,97,9,5,2156,run_monash_time_unique1000,6,2,Monash__weather_dataset/seed_2156/run_monash_time_unique1000/visualizations/archive_latex.tex
91,0.918918919,0.592300000,\frac{\mathrm{JacobFro}}{\left(\mathrm{Fisher} - \mathrm{Snip}\right)^2 - \left(\mathrm{GSynFlow}\right)^2},Jacob_fro Fisher Snip Sub Square GSynFlow Square Sub Div <EOS>,(Jacob_fro / (square((Fisher - Snip)) - square(GSynFlow))),0.592300000,0.410700000,6,9,5,2081,run_monash_time_unique1000,2,2,Monash__weather_dataset/seed_2081/run_monash_time_unique1000/visualizations/archive_latex.tex
92,0.918018018,0.592300000,\frac{\mathrm{JacobFro}}{\left(\mathrm{Snip} - \mathrm{Fisher}\right)^2 - \left(\mathrm{GSynFlow}\right)^2},Jacob_fro Snip Fisher Sub Square GSynFlow Square Sub Div <EOS>,(Jacob_fro / (square((Snip - Fisher)) - square(GSynFlow))),0.592300000,0.410700000,141,9,5,2150,run_monash_time_unique1000,6,4,Monash__weather_dataset/seed_2150/run_monash_time_unique1000/visualizations/archive_latex.tex
93,0.917117117,0.591900000,\frac{\sqrt{\mathrm{JacobFro}} + \mathrm{Fisher}}{-\mathrm{GSynFlow} + \mathrm{Snip}},Jacob_fro Sqrt Fisher Add GSynFlow Negative Snip Add Div <EOS>,((sqrt(Jacob_fro) + Fisher) / (-(GSynFlow) + Snip)),0.591900000,0.400000000,104,9,4,2154,run_monash_time_unique1000,1,1,Monash__weather_dataset/seed_2154/run_monash_time_unique1000/visualizations/archive_latex.tex
94,0.916216216,0.591900000,\frac{\mathrm{Fisher} + \sqrt{\mathrm{JacobFro}}}{\mathrm{Snip} + -\mathrm{GSynFlow}},Fisher Jacob_fro Sqrt Add Snip GSynFlow Negative Add Div <EOS>,((Fisher + sqrt(Jacob_fro)) / (Snip + -(GSynFlow))),0.591900000,0.400000000,31,9,4,2102,run_monash_time_unique1000,3,1,Monash__weather_dataset/seed_2102/run_monash_time_unique1000/visualizations/archive_latex.tex
95,0.915315315,0.591900000,\frac{\mathrm{Fisher} + \sqrt{\mathrm{JacobFro}}}{\mathrm{Snip} - \mathrm{GSynFlow}},Fisher Jacob_fro Sqrt Add Snip GSynFlow Sub Div <EOS>,((Fisher + sqrt(Jacob_fro)) / (Snip - GSynFlow)),0.591900000,0.400000000,157,8,4,2200,run_monash_time_unique1000,4,12,Monash__weather_dataset/seed_2200/run_monash_time_unique1000/visualizations/archive_latex.tex
96,0.914414414,0.591900000,\frac{\sqrt{\mathrm{JacobFro}} + \mathrm{Fisher}}{\mathrm{Snip} - \mathrm{GSynFlow}},Jacob_fro Sqrt Fisher Add Snip GSynFlow Sub Div <EOS>,((sqrt(Jacob_fro) + Fisher) / (Snip - GSynFlow)),0.591900000,0.400000000,15,8,4,2268,run_monash_time_unique1000,4,13,Monash__weather_dataset/seed_2268/run_monash_time_unique1000/visualizations/archive_latex.tex
97,0.913513514,0.591900000,\frac{\sqrt{\mathrm{JacobFro}} + \log\left(\mathrm{plain}\right)}{\mathrm{Snip} - \mathrm{GSynFlow}},Jacob_fro Sqrt plain Log Add Snip GSynFlow Sub Div <EOS>,((sqrt(Jacob_fro) + log(plain)) / (Snip - GSynFlow)),0.591900000,0.406300000,84,9,4,2296,run_monash_time_unique1000,6,4,Monash__weather_dataset/seed_2296/run_monash_time_unique1000/visualizations/archive_latex.tex
98,0.912612613,0.591900000,\frac{\log\left(\mathrm{plain}\right) + \sqrt{\mathrm{JacobFro}}}{\mathrm{Snip} - \mathrm{GSynFlow}},plain Log Jacob_fro Sqrt Add Snip GSynFlow Sub Div <EOS>,((log(plain) + sqrt(Jacob_fro)) / (Snip - GSynFlow)),0.591900000,0.406300000,35,9,4,2262,run_monash_time_unique1000,7,6,Monash__weather_dataset/seed_2262/run_monash_time_unique1000/visualizations/archive_latex.tex
99,0.911711712,0.591800000,\frac{\mathrm{JacobFro}}{\left(\mathrm{Snip} - \mathrm{plain}\right)^2 - \left(\mathrm{GSynFlow}\right)^2},Jacob_fro Snip plain Sub Square GSynFlow Square Sub Div <EOS>,(Jacob_fro / (square((Snip - plain)) - square(GSynFlow))),0.591800000,0.408900000,196,9,5,2189,run_monash_time_unique1000,4,4,Monash__weather_dataset/seed_2189/run_monash_time_unique1000/visualizations/archive_latex.tex
100,0.910810811,0.591800000,\frac{\mathrm{JacobFro}}{\left(\mathrm{plain} - \mathrm{Snip}\right)^2 - \left(\mathrm{GSynFlow}\right)^2},Jacob_fro plain Snip Sub Square GSynFlow Square Sub Div <EOS>,(Jacob_fro / (square((plain - Snip)) - square(GSynFlow))),0.591800000,0.408900000,94,9,5,2107,run_monash_time_unique1000,5,1,Monash__weather_dataset/seed_2107/run_monash_time_unique1000/visualizations/archive_latex.tex
101,0.909909910,0.591500000,\frac{\sqrt{\mathrm{Fisher}} + \sqrt{\mathrm{JacobFro}}}{\mathrm{Snip} - \mathrm{GSynFlow}},Fisher Sqrt Jacob_fro Sqrt Add Snip GSynFlow Sub Div <EOS>,((sqrt(Fisher) + sqrt(Jacob_fro)) / (Snip - GSynFlow)),0.591500000,0.402300000,140,9,4,2187,run_monash_time_unique1000,7,4,Monash__weather_dataset/seed_2187/run_monash_time_unique1000/visualizations/archive_latex.tex
102,0.909009009,0.591500000,\frac{\sqrt{\mathrm{JacobFro}} + \sqrt{\mathrm{Fisher}}}{\mathrm{Snip} - \mathrm{GSynFlow}},Jacob_fro Sqrt Fisher Sqrt Add Snip GSynFlow Sub Div <EOS>,((sqrt(Jacob_fro) + sqrt(Fisher)) / (Snip - GSynFlow)),0.591500000,0.402300000,93,9,4,2106,run_monash_time_unique1000,8,8,Monash__weather_dataset/seed_2106/run_monash_time_unique1000/visualizations/archive_latex.tex
103,0.908108108,0.591400000,\frac{\sqrt{\mathrm{JacobFro}}}{\mathrm{Snip} - \mathrm{GSynFlow} - \left(\mathrm{plain}\right)^2},Jacob_fro Sqrt Snip GSynFlow Sub plain Square Sub Div <EOS>,(sqrt(Jacob_fro) / ((Snip - GSynFlow) - square(plain))),0.591400000,0.402700000,14,9,4,2043,run_monash_time_unique1000,6,1,Monash__weather_dataset/seed_2043/run_monash_time_unique1000/visualizations/archive_latex.tex
104,0.907207207,0.591400000,\frac{\sqrt{\mathrm{GradNorm}} + \sqrt{\mathrm{JacobFro}}}{\mathrm{Snip} - \mathrm{GSynFlow}},Grad_Norm Sqrt Jacob_fro Sqrt Add Snip GSynFlow Sub Div <EOS>,((sqrt(Grad_Norm) + sqrt(Jacob_fro)) / (Snip - GSynFlow)),0.591400000,0.398300000,62,9,4,2050,run_monash_time_unique1000,7,4,Monash__weather_dataset/seed_2050/run_monash_time_unique1000/visualizations/archive_latex.tex
105,0.906306306,0.591400000,\frac{\sqrt{\mathrm{JacobFro}} + \sqrt{\mathrm{GradNorm}}}{\mathrm{Snip} - \mathrm{GSynFlow}},Jacob_fro Sqrt Grad_Norm Sqrt Add Snip GSynFlow Sub Div <EOS>,((sqrt(Jacob_fro) + sqrt(Grad_Norm)) / (Snip - GSynFlow)),0.591400000,0.398300000,88,9,4,2296,run_monash_time_unique1000,7,2,Monash__weather_dataset/seed_2296/run_monash_time_unique1000/visualizations/archive_latex.tex
106,0.905405405,0.591300000,\left(\frac{\mathrm{JacobFro}}{\mathrm{Snip}}\right)^2 - \left(\sqrt{\mathrm{GSynFlow}}\right) \cdot \left(\mathrm{GSynFlow}\right),Jacob_fro Snip Div Square GSynFlow Sqrt GSynFlow Mul Sub <EOS>,(square((Jacob_fro / Snip)) - (sqrt(GSynFlow) * GSynFlow)),0.591300000,0.395500000,134,9,4,2087,run_monash_time_unique1000,3,1,Monash__weather_dataset/seed_2087/run_monash_time_unique1000/visualizations/archive_latex.tex
107,0.904504505,0.591300000,\frac{\sqrt{\left(\sqrt{\mathrm{GradNorm}}\right) \cdot \left(\mathrm{JacobFro}\right)}}{\mathrm{Snip} - \mathrm{GSynFlow}},Grad_Norm Sqrt Jacob_fro Mul Sqrt Snip GSynFlow Sub Div <EOS>,(sqrt((sqrt(Grad_Norm) * Jacob_fro)) / (Snip - GSynFlow)),0.591300000,0.406500000,39,9,5,2236,run_monash_time_unique1000,10,1,Monash__weather_dataset/seed_2236/run_monash_time_unique1000/visualizations/archive_latex.tex
108,0.903603604,0.591200000,\frac{\mathrm{JacobFro}}{\mathrm{Snip}} - \frac{\mathrm{GSynFlow}}{\log\left(\sqrt{\mathrm{Jacov}}\right)},Jacob_fro Snip Div GSynFlow Jacov Sqrt Log Div Sub <EOS>,((Jacob_fro / Snip) - (GSynFlow / log(sqrt(Jacov)))),0.591200000,0.392900000,115,9,5,2140,run_monash_time_unique1000,1,4,Monash__weather_dataset/seed_2140/run_monash_time_unique1000/visualizations/archive_latex.tex
109,0.902702703,0.590900000,\frac{\sqrt{\mathrm{JacobFro}} + \log\left(\mathrm{Snip}\right)}{\mathrm{Snip} - \mathrm{GSynFlow}},Jacob_fro Sqrt Snip Log Add Snip GSynFlow Sub Div <EOS>,((sqrt(Jacob_fro) + log(Snip)) / (Snip - GSynFlow)),0.590900000,0.395900000,187,9,4,2249,run_monash_time_unique1000,3,4,Monash__weather_dataset/seed_2249/run_monash_time_unique1000/visualizations/archive_latex.tex
110,0.901801802,0.590900000,\frac{\log\left(\mathrm{Snip}\right) + \sqrt{\mathrm{JacobFro}}}{\mathrm{Snip} - \mathrm{GSynFlow}},Snip Log Jacob_fro Sqrt Add Snip GSynFlow Sub Div <EOS>,((log(Snip) + sqrt(Jacob_fro)) / (Snip - GSynFlow)),0.590900000,0.395900000,24,9,4,2268,run_monash_time_unique1000,5,5,Monash__weather_dataset/seed_2268/run_monash_time_unique1000/visualizations/archive_latex.tex
111,0.900900901,0.590400000,\left(\frac{\mathrm{JacobFro}}{\mathrm{Snip}}\right)^2 - \frac{\mathrm{GSynFlow}}{\left(\mathrm{Fisher}\right)^2},Jacob_fro Snip Div Square GSynFlow Fisher Square Div Sub <EOS>,(square((Jacob_fro / Snip)) - (GSynFlow / square(Fisher))),0.590400000,0.390900000,195,9,4,2231,run_monash_time_unique1000,1,2,Monash__weather_dataset/seed_2231/run_monash_time_unique1000/visualizations/archive_latex.tex
112,0.900000000,0.590300000,\frac{\left(\mathrm{GradNorm}\right) \cdot \left(\mathrm{JacobFro}\right)}{\left(\mathrm{Snip}\right)^2 + \left(\mathrm{GSynFlow}\right)^2},Grad_Norm Jacob_fro Mul Snip Square GSynFlow Square Add Div <EOS>,((Grad_Norm * Jacob_fro) / (square(Snip) + square(GSynFlow))),0.590300000,0.383400000,183,9,4,2255,run_monash_time_unique1000,1,1,Monash__weather_dataset/seed_2255/run_monash_time_unique1000/visualizations/archive_latex.tex
113,0.899099099,0.590300000,\left(\frac{\mathrm{JacobFro}}{\left(\mathrm{Snip}\right)^2 + \left(\mathrm{GSynFlow}\right)^2}\right) \cdot \left(\mathrm{GradNorm}\right),Jacob_fro Snip Square GSynFlow Square Add Div Grad_Norm Mul <EOS>,((Jacob_fro / (square(Snip) + square(GSynFlow))) * Grad_Norm),0.590300000,0.383400000,181,9,5,2095,run_monash_time_unique1000,2,1,Monash__weather_dataset/seed_2095/run_monash_time_unique1000/visualizations/archive_latex.tex
114,0.898198198,0.590300000,\frac{\mathrm{JacobFro}}{\left(\mathrm{Snip}\right)^2 - \left(\mathrm{GSynFlow}\right)^2 - \mathrm{GraSP}},Jacob_fro Snip Square GSynFlow Square Sub GraSP Sub Div <EOS>,(Jacob_fro / ((square(Snip) - square(GSynFlow)) - GraSP)),0.590300000,0.408600000,59,9,5,2265,run_monash_time_unique1000,2,2,Monash__weather_dataset/seed_2265/run_monash_time_unique1000/visualizations/archive_latex.tex
115,0.897297297,0.590300000,\frac{\mathrm{JacobFro}}{\left(\mathrm{Snip}\right)^2 - \left(\mathrm{GSynFlow}\right)^2 + \mathrm{GraSP}},Jacob_fro Snip Square GSynFlow Square GraSP Add Sub Div <EOS>,(Jacob_fro / (square(Snip) - (square(GSynFlow) + GraSP))),0.590300000,0.408600000,47,9,5,2081,run_monash_time_unique1000,3,3,Monash__weather_dataset/seed_2081/run_monash_time_unique1000/visualizations/archive_latex.tex
116,0.896396396,0.590300000,\frac{\mathrm{JacobFro}}{\left(\mathrm{Snip}\right)^2 - \mathrm{GraSP} + \left(\mathrm{GSynFlow}\right)^2},Jacob_fro Snip Square GraSP GSynFlow Square Add Sub Div <EOS>,(Jacob_fro / (square(Snip) - (GraSP + square(GSynFlow)))),0.590300000,0.408600000,101,9,5,2216,run_monash_time_unique1000,10,1,Monash__weather_dataset/seed_2216/run_monash_time_unique1000/visualizations/archive_latex.tex
117,0.895495495,0.590200000,\frac{\mathrm{JacobFro}}{\left(\mathrm{GSynFlow} + \mathrm{Snip}\right)^2} - \mathrm{ZiCo},Jacob_fro GSynFlow Snip Add Square Div ZiCo Sub <EOS>,((Jacob_fro / square((GSynFlow + Snip))) - ZiCo),0.590200000,0.377100000,194,8,5,2107,run_monash_time_unique1000,7,1,Monash__weather_dataset/seed_2107/run_monash_time_unique1000/visualizations/archive_latex.tex
118,0.894594595,0.589900000,\frac{\sqrt{\mathrm{JacobFro}}}{\mathrm{Snip} - \mathrm{plain} - \mathrm{GSynFlow}},Jacob_fro Sqrt Snip plain Sub GSynFlow Sub Div <EOS>,(sqrt(Jacob_fro) / ((Snip - plain) - GSynFlow)),0.589900000,0.401900000,68,8,4,2093,run_monash_time_unique1000,1,3,Monash__weather_dataset/seed_2093/run_monash_time_unique1000/visualizations/archive_latex.tex
119,0.893693694,0.589900000,\frac{\sqrt{\mathrm{JacobFro}}}{\mathrm{Snip} - \mathrm{GSynFlow} + \mathrm{plain}},Jacob_fro Sqrt Snip GSynFlow plain Add Sub Div <EOS>,(sqrt(Jacob_fro) / (Snip - (GSynFlow + plain))),0.589900000,0.401900000,35,8,4,2214,run_monash_time_unique1000,1,8,Monash__weather_dataset/seed_2214/run_monash_time_unique1000/visualizations/archive_latex.tex
120,0.892792793,0.589900000,\frac{\sqrt{\mathrm{JacobFro}}}{\mathrm{Snip} - \mathrm{plain} + \mathrm{GSynFlow}},Jacob_fro Sqrt Snip plain GSynFlow Add Sub Div <EOS>,(sqrt(Jacob_fro) / (Snip - (plain + GSynFlow))),0.589900000,0.401900000,40,8,4,2077,run_monash_time_unique1000,2,6,Monash__weather_dataset/seed_2077/run_monash_time_unique1000/visualizations/archive_latex.tex
121,0.891891892,0.589900000,\frac{\sqrt{\mathrm{JacobFro}}}{\mathrm{Snip} - \mathrm{GSynFlow} - \mathrm{plain}},Jacob_fro Sqrt Snip GSynFlow Sub plain Sub Div <EOS>,(sqrt(Jacob_fro) / ((Snip - GSynFlow) - plain)),0.589900000,0.401900000,23,8,4,2255,run_monash_time_unique1000,2,4,Monash__weather_dataset/seed_2255/run_monash_time_unique1000/visualizations/archive_latex.tex
122,0.890990991,0.589900000,\frac{\sqrt{\mathrm{JacobFro}}}{-\mathrm{GSynFlow} - \mathrm{plain} + \mathrm{Snip}},Jacob_fro Sqrt GSynFlow Negative plain Sub Snip Add Div <EOS>,(sqrt(Jacob_fro) / ((-(GSynFlow) - plain) + Snip)),0.589900000,0.401900000,132,9,5,2189,run_monash_time_unique1000,6,1,Monash__weather_dataset/seed_2189/run_monash_time_unique1000/visualizations/archive_latex.tex
123,0.890090090,0.589700000,\frac{\mathrm{JacobFro}}{\mathrm{GraSP} - \left(\mathrm{GSynFlow}\right)^2 + \left(\mathrm{Snip}\right)^2},Jacob_fro GraSP GSynFlow Square Sub Snip Square Add Div <EOS>,(Jacob_fro / ((GraSP - square(GSynFlow)) + square(Snip))),0.589700000,0.407700000,42,9,5,2265,run_monash_time_unique1000,3,1,Monash__weather_dataset/seed_2265/run_monash_time_unique1000/visualizations/archive_latex.tex
124,0.889189189,0.589700000,\frac{\mathrm{JacobFro} - \mathrm{GSynFlow}}{\left(\mathrm{Snip}\right)^2 - \left(\mathrm{GSynFlow}\right)^2},Jacob_fro GSynFlow Sub Snip Square GSynFlow Square Sub Div <EOS>,((Jacob_fro - GSynFlow) / (square(Snip) - square(GSynFlow))),0.589700000,0.410600000,72,9,4,2097,run_monash_time_unique1000,5,3,Monash__weather_dataset/seed_2097/run_monash_time_unique1000/visualizations/archive_latex.tex
125,0.888288288,0.589700000,\frac{\mathrm{JacobFro}}{\left(\mathrm{Snip}\right)^2 - \left(\mathrm{GSynFlow}\right)^2 - \mathrm{GraSP}},Jacob_fro Snip Square GSynFlow Square GraSP Sub Sub Div <EOS>,(Jacob_fro / (square(Snip) - (square(GSynFlow) - GraSP))),0.589700000,0.407700000,188,9,5,2189,run_monash_time_unique1000,7,1,Monash__weather_dataset/seed_2189/run_monash_time_unique1000/visualizations/archive_latex.tex
126,0.887387387,0.589600000,\frac{\mathrm{JacobFro}}{\mathrm{Snip}} - \left(\mathrm{GSynFlow}\right) \cdot \left(\left(\mathrm{ZiCo}\right)^2\right),Jacob_fro Snip Div GSynFlow ZiCo Square Mul Sub <EOS>,((Jacob_fro / Snip) - (GSynFlow * square(ZiCo))),0.589600000,0.389200000,27,8,4,2028,run_monash_time_unique1000,1,33,Monash__weather_dataset/seed_2028/run_monash_time_unique1000/visualizations/archive_latex.tex
127,0.886486486,0.589600000,\left(\left(\mathrm{ZiCo}\right)^2\right) \cdot \left(-\mathrm{GSynFlow}\right) + \frac{\mathrm{JacobFro}}{\mathrm{Snip}},ZiCo Square GSynFlow Negative Mul Jacob_fro Snip Div Add <EOS>,((square(ZiCo) * -(GSynFlow)) + (Jacob_fro / Snip)),0.589600000,0.389200000,110,9,4,2033,run_monash_time_unique1000,1,1,Monash__weather_dataset/seed_2033/run_monash_time_unique1000/visualizations/archive_latex.tex
128,0.885585586,0.589600000,\frac{\mathrm{JacobFro}}{\mathrm{Snip}} - \left(\left(\mathrm{ZiCo}\right)^2\right) \cdot \left(\mathrm{GSynFlow}\right),Jacob_fro Snip Div ZiCo Square GSynFlow Mul Sub <EOS>,((Jacob_fro / Snip) - (square(ZiCo) * GSynFlow)),0.589600000,0.389200000,143,8,4,2037,run_monash_time_unique1000,1,20,Monash__weather_dataset/seed_2037/run_monash_time_unique1000/visualizations/archive_latex.tex
129,0.884684685,0.589600000,\frac{\mathrm{JacobFro}}{\mathrm{Snip}} + \left(\mathrm{GSynFlow}\right) \cdot \left(-\left(\mathrm{ZiCo}\right)^2\right),Jacob_fro Snip Div GSynFlow ZiCo Square Negative Mul Add <EOS>,((Jacob_fro / Snip) + (GSynFlow * -(square(ZiCo)))),0.589600000,0.389200000,199,9,5,2199,run_monash_time_unique1000,2,1,Monash__weather_dataset/seed_2199/run_monash_time_unique1000/visualizations/archive_latex.tex
130,0.883783784,0.589600000,\frac{\sqrt{\mathrm{JacobFro}} + \log\left(\mathrm{Fisher}\right)}{\mathrm{Snip} - \mathrm{GSynFlow}},Jacob_fro Sqrt Fisher Log Add Snip GSynFlow Sub Div <EOS>,((sqrt(Jacob_fro) + log(Fisher)) / (Snip - GSynFlow)),0.589600000,0.407100000,24,9,4,2075,run_monash_time_unique1000,7,3,Monash__weather_dataset/seed_2075/run_monash_time_unique1000/visualizations/archive_latex.tex
131,0.882882883,0.589600000,\frac{\log\left(\mathrm{Fisher}\right) + \sqrt{\mathrm{JacobFro}}}{\mathrm{Snip} - \mathrm{GSynFlow}},Fisher Log Jacob_fro Sqrt Add Snip GSynFlow Sub Div <EOS>,((log(Fisher) + sqrt(Jacob_fro)) / (Snip - GSynFlow)),0.589600000,0.407100000,40,9,4,2262,run_monash_time_unique1000,9,2,Monash__weather_dataset/seed_2262/run_monash_time_unique1000/visualizations/archive_latex.tex
132,0.881981982,0.589500000,\frac{\mathrm{JacobFro}}{\left(\mathrm{Snip}\right)^2 - \left(\mathrm{GSynFlow}\right)^2},Jacob_fro Snip Square GSynFlow Square Sub Div <EOS>,(Jacob_fro / (square(Snip) - square(GSynFlow))),0.589500000,0.408100000,134,7,4,2167,run_monash_time_unique1000,1,15,Monash__weather_dataset/seed_2167/run_monash_time_unique1000/visualizations/archive_latex.tex
133,0.881081081,0.589500000,\frac{\mathrm{JacobFro}}{\left(\mathrm{Snip}\right)^2 + \mathrm{ZiCo} - \left(\mathrm{GSynFlow}\right)^2},Jacob_fro Snip Square ZiCo GSynFlow Square Sub Add Div <EOS>,(Jacob_fro / (square(Snip) + (ZiCo - square(GSynFlow)))),0.589500000,0.408100000,180,9,5,2095,run_monash_time_unique1000,3,1,Monash__weather_dataset/seed_2095/run_monash_time_unique1000/visualizations/archive_latex.tex
134,0.880180180,0.589500000,\frac{\mathrm{JacobFro} - \mathrm{MParams}}{\left(\mathrm{Snip}\right)^2 - \left(\mathrm{GSynFlow}\right)^2},Jacob_fro MParams Sub Snip Square GSynFlow Square Sub Div <EOS>,((Jacob_fro - MParams) / (square(Snip) - square(GSynFlow))),0.589500000,0.407300000,50,9,4,2081,run_monash_time_unique1000,5,2,Monash__weather_dataset/seed_2081/run_monash_time_unique1000/visualizations/archive_latex.tex
135,0.879279279,0.589500000,\frac{\mathrm{JacobFro}}{\left(\mathrm{Snip}\right)^2 - \left(\mathrm{MParams} - \mathrm{GSynFlow}\right)^2},Jacob_fro Snip Square MParams GSynFlow Sub Square Sub Div <EOS>,(Jacob_fro / (square(Snip) - square((MParams - GSynFlow)))),0.589500000,0.408000000,158,9,5,2124,run_monash_time_unique1000,5,1,Monash__weather_dataset/seed_2124/run_monash_time_unique1000/visualizations/archive_latex.tex
136,0.878378378,0.589500000,\frac{\mathrm{JacobFro}}{\mathrm{GFLOPs} - \left(\mathrm{GSynFlow}\right)^2 + \left(\mathrm{Snip}\right)^2},Jacob_fro GFLOPs GSynFlow Square Sub Snip Square Add Div <EOS>,(Jacob_fro / ((GFLOPs - square(GSynFlow)) + square(Snip))),0.589500000,0.407800000,32,9,5,2265,run_monash_time_unique1000,5,1,Monash__weather_dataset/seed_2265/run_monash_time_unique1000/visualizations/archive_latex.tex
137,0.877477477,0.589500000,\frac{\mathrm{JacobFro}}{\mathrm{GFLOPs} + \left(\mathrm{Snip}\right)^2 - \left(\mathrm{GSynFlow}\right)^2},Jacob_fro GFLOPs Snip Square GSynFlow Square Sub Add Div <EOS>,(Jacob_fro / (GFLOPs + (square(Snip) - square(GSynFlow)))),0.589500000,0.407800000,116,9,5,2124,run_monash_time_unique1000,6,2,Monash__weather_dataset/seed_2124/run_monash_time_unique1000/visualizations/archive_latex.tex
138,0.876576577,0.589500000,\frac{\mathrm{JacobFro}}{\left(\mathrm{ZiCo} + \mathrm{Snip}\right)^2 - \left(\mathrm{GSynFlow}\right)^2},Jacob_fro ZiCo Snip Add Square GSynFlow Square Sub Div <EOS>,(Jacob_fro / (square((ZiCo + Snip)) - square(GSynFlow))),0.589500000,0.407300000,79,9,5,2249,run_monash_time_unique1000,6,1,Monash__weather_dataset/seed_2249/run_monash_time_unique1000/visualizations/archive_latex.tex
139,0.875675676,0.589500000,\frac{\mathrm{JacobFro}}{\left(\mathrm{Snip}\right)^2 - \left(\mathrm{GSynFlow}\right) \cdot \left(\mathrm{GSynFlow}\right)},Jacob_fro Snip Square GSynFlow GSynFlow Mul Sub Div <EOS>,(Jacob_fro / (square(Snip) - (GSynFlow * GSynFlow))),0.589500000,0.408100000,193,8,4,2039,run_monash_time_unique1000,7,1,Monash__weather_dataset/seed_2039/run_monash_time_unique1000/visualizations/archive_latex.tex
140,0.874774775,0.589500000,\frac{\mathrm{JacobFro}}{\left(\mathrm{Snip}\right)^2 - \left(\mathrm{GSynFlow} - \mathrm{MParams}\right)^2},Jacob_fro Snip Square GSynFlow MParams Sub Square Sub Div <EOS>,(Jacob_fro / (square(Snip) - square((GSynFlow - MParams)))),0.589500000,0.408000000,45,9,5,2094,run_monash_time_unique1000,7,1,Monash__weather_dataset/seed_2094/run_monash_time_unique1000/visualizations/archive_latex.tex
141,0.873873874,0.589500000,\frac{\mathrm{JacobFro} - \mathrm{ZiCo}}{\left(\mathrm{Snip}\right)^2 - \left(\mathrm{GSynFlow}\right)^2},Jacob_fro ZiCo Sub Snip Square GSynFlow Square Sub Div <EOS>,((Jacob_fro - ZiCo) / (square(Snip) - square(GSynFlow))),0.589500000,0.407700000,170,9,4,2124,run_monash_time_unique1000,7,2,Monash__weather_dataset/seed_2124/run_monash_time_unique1000/visualizations/archive_latex.tex
142,0.872972973,0.589500000,\frac{\mathrm{JacobFro}}{\left(\mathrm{Snip}\right)^2 - \left(\mathrm{GSynFlow}\right)^2 + \mathrm{GFLOPs}},Jacob_fro Snip Square GSynFlow Square Sub GFLOPs Add Div <EOS>,(Jacob_fro / ((square(Snip) - square(GSynFlow)) + GFLOPs)),0.589500000,0.407800000,195,9,5,2132,run_monash_time_unique1000,7,2,Monash__weather_dataset/seed_2132/run_monash_time_unique1000/visualizations/archive_latex.tex
143,0.872072072,0.589500000,\frac{\mathrm{MParams} + \mathrm{JacobFro}}{\left(\mathrm{Snip}\right)^2 - \left(\mathrm{GSynFlow}\right)^2},MParams Jacob_fro Add Snip Square GSynFlow Square Sub Div <EOS>,((MParams + Jacob_fro) / (square(Snip) - square(GSynFlow))),0.589500000,0.407700000,47,9,4,2094,run_monash_time_unique1000,8,1,Monash__weather_dataset/seed_2094/run_monash_time_unique1000/visualizations/archive_latex.tex
144,0.871171171,0.589500000,\frac{\mathrm{JacobFro} - \mathrm{plain}}{\left(\mathrm{Snip}\right)^2 - \left(\mathrm{GSynFlow}\right)^2},Jacob_fro plain Sub Snip Square GSynFlow Square Sub Div <EOS>,((Jacob_fro - plain) / (square(Snip) - square(GSynFlow))),0.589500000,0.407600000,197,9,4,2124,run_monash_time_unique1000,8,2,Monash__weather_dataset/seed_2124/run_monash_time_unique1000/visualizations/archive_latex.tex
145,0.870270270,0.589500000,\frac{\mathrm{JacobFro}}{\left(\mathrm{Snip}\right)^2 - \left(\mathrm{Fisher} - \mathrm{GSynFlow}\right)^2},Jacob_fro Snip Square Fisher GSynFlow Sub Square Sub Div <EOS>,(Jacob_fro / (square(Snip) - square((Fisher - GSynFlow)))),0.589500000,0.407900000,196,9,5,2189,run_monash_time_unique1000,9,1,Monash__weather_dataset/seed_2189/run_monash_time_unique1000/visualizations/archive_latex.tex
146,0.869369369,0.589500000,\frac{\mathrm{JacobFro}}{\left(\mathrm{Snip}\right)^2 - \left(\mathrm{GSynFlow}\right)^2 - \mathrm{GFLOPs}},Jacob_fro Snip Square GSynFlow Square GFLOPs Sub Sub Div <EOS>,(Jacob_fro / (square(Snip) - (square(GSynFlow) - GFLOPs))),0.589500000,0.407800000,169,9,5,2189,run_monash_time_unique1000,10,1,Monash__weather_dataset/seed_2189/run_monash_time_unique1000/visualizations/archive_latex.tex
147,0.868468468,0.589300000,\frac{\sqrt{\left(\log\left(\mathrm{GraSP}\right)\right) \cdot \left(\mathrm{JacobFro}\right)}}{\mathrm{Snip} - \mathrm{GSynFlow}},GraSP Log Jacob_fro Mul Sqrt Snip GSynFlow Sub Div <EOS>,(sqrt((log(GraSP) * Jacob_fro)) / (Snip - GSynFlow)),0.589300000,0.396300000,41,9,5,2296,run_monash_time_unique1000,10,1,Monash__weather_dataset/seed_2296/run_monash_time_unique1000/visualizations/archive_latex.tex
148,0.867567568,0.589200000,\frac{\mathrm{JacobFro}}{\left(\mathrm{Snip} + \mathrm{MParams}\right)^2 - \left(\mathrm{GSynFlow}\right)^2},Jacob_fro Snip MParams Add Square GSynFlow Square Sub Div <EOS>,(Jacob_fro / (square((Snip + MParams)) - square(GSynFlow))),0.589200000,0.409600000,193,9,5,2266,run_monash_time_unique1000,2,1,Monash__weather_dataset/seed_2266/run_monash_time_unique1000/visualizations/archive_latex.tex
149,0.866666667,0.589100000,\frac{\mathrm{JacobFro}}{\left(\mathrm{Snip}\right)^2 - \left(\mathrm{GFLOPs} + \mathrm{GSynFlow}\right)^2},Jacob_fro Snip Square GFLOPs GSynFlow Add Square Sub Div <EOS>,(Jacob_fro / (square(Snip) - square((GFLOPs + GSynFlow)))),0.589100000,0.406700000,31,9,5,2075,run_monash_time_unique1000,9,2,Monash__weather_dataset/seed_2075/run_monash_time_unique1000/visualizations/archive_latex.tex
150,0.865765766,0.589000000,\frac{\sqrt{\mathrm{JacobFro} - \mathrm{GraSP}}}{-\mathrm{GSynFlow} + \mathrm{Snip}},Jacob_fro GraSP Sub Sqrt GSynFlow Negative Snip Add Div <EOS>,(sqrt((Jacob_fro - GraSP)) / (-(GSynFlow) + Snip)),0.589000000,0.397800000,62,9,4,2108,run_monash_time_unique1000,3,2,Monash__weather_dataset/seed_2108/run_monash_time_unique1000/visualizations/archive_latex.tex
151,0.864864865,0.589000000,\frac{\sqrt{\mathrm{GraSP} - \mathrm{JacobFro}}}{\mathrm{Snip} - \mathrm{GSynFlow}},GraSP Jacob_fro Sub Sqrt Snip GSynFlow Sub Div <EOS>,(sqrt((GraSP - Jacob_fro)) / (Snip - GSynFlow)),0.589000000,0.397800000,75,8,4,2192,run_monash_time_unique1000,5,2,Monash__weather_dataset/seed_2192/run_monash_time_unique1000/visualizations/archive_latex.tex
152,0.863963964,0.589000000,\frac{\log\left(\mathrm{GraSP}\right) + \sqrt{\mathrm{JacobFro}}}{\mathrm{Snip} - \mathrm{GSynFlow}},GraSP Log Jacob_fro Sqrt Add Snip GSynFlow Sub Div <EOS>,((log(GraSP) + sqrt(Jacob_fro)) / (Snip - GSynFlow)),0.589000000,0.392300000,24,9,4,2075,run_monash_time_unique1000,10,1,Monash__weather_dataset/seed_2075/run_monash_time_unique1000/visualizations/archive_latex.tex
153,0.863063063,0.589000000,\frac{\mathrm{JacobFro} + \mathrm{Fisher}}{\left(\mathrm{Snip}\right)^2 - \left(\mathrm{GSynFlow}\right)^2},Jacob_fro Fisher Add Snip Square GSynFlow Square Sub Div <EOS>,((Jacob_fro + Fisher) / (square(Snip) - square(GSynFlow))),0.589000000,0.407500000,69,9,4,2097,run_monash_time_unique1000,10,1,Monash__weather_dataset/seed_2097/run_monash_time_unique1000/visualizations/archive_latex.tex
154,0.862162162,0.588900000,\frac{\mathrm{JacobFro}}{\mathrm{Snip}} - \frac{\mathrm{GSynFlow}}{\sqrt{\mathrm{L2Norm}}},Jacob_fro Snip Div GSynFlow L2-Norm Sqrt Div Sub <EOS>,((Jacob_fro / Snip) - (GSynFlow / sqrt(L2-Norm))),0.588900000,0.389000000,161,8,4,2126,run_monash_time_unique1000,2,1,Monash__weather_dataset/seed_2126/run_monash_time_unique1000/visualizations/archive_latex.tex
155,0.861261261,0.588900000,\frac{\sqrt{\mathrm{JacobFro}}}{\mathrm{Snip} - \mathrm{GSynFlow} - \log\left(\mathrm{plain}\right)},Jacob_fro Sqrt Snip GSynFlow Sub plain Log Sub Div <EOS>,(sqrt(Jacob_fro) / ((Snip - GSynFlow) - log(plain))),0.588900000,0.403600000,68,9,4,2077,run_monash_time_unique1000,3,4,Monash__weather_dataset/seed_2077/run_monash_time_unique1000/visualizations/archive_latex.tex
156,0.860360360,0.588900000,\frac{\sqrt{\mathrm{JacobFro}}}{\mathrm{Snip} - \mathrm{GSynFlow} + \log\left(\mathrm{plain}\right)},Jacob_fro Sqrt Snip GSynFlow plain Log Add Sub Div <EOS>,(sqrt(Jacob_fro) / (Snip - (GSynFlow + log(plain)))),0.588900000,0.403600000,43,9,5,2229,run_monash_time_unique1000,3,2,Monash__weather_dataset/seed_2229/run_monash_time_unique1000/visualizations/archive_latex.tex
157,0.859459459,0.588900000,\frac{\mathrm{JacobFro}}{\mathrm{Snip}} - \frac{\mathrm{GSynFlow}}{\sqrt{-\mathrm{L2Norm}}},Jacob_fro Snip Div GSynFlow L2-Norm Negative Sqrt Div Sub <EOS>,((Jacob_fro / Snip) - (GSynFlow / sqrt(-(L2-Norm)))),0.588900000,0.389000000,149,9,5,2099,run_monash_time_unique1000,4,1,Monash__weather_dataset/seed_2099/run_monash_time_unique1000/visualizations/archive_latex.tex
158,0.858558559,0.588900000,\frac{\sqrt{\mathrm{JacobFro}}}{\mathrm{Snip} - \log\left(\mathrm{plain}\right) - \mathrm{GSynFlow}},Jacob_fro Sqrt Snip plain Log Sub GSynFlow Sub Div <EOS>,(sqrt(Jacob_fro) / ((Snip - log(plain)) - GSynFlow)),0.588900000,0.403600000,24,9,5,2176,run_monash_time_unique1000,4,1,Monash__weather_dataset/seed_2176/run_monash_time_unique1000/visualizations/archive_latex.tex
159,0.857657658,0.588800000,\frac{\mathrm{JacobFro}}{\mathrm{Snip}} - \left(\mathrm{GSynFlow}\right) \cdot \left(\left(\log\left(\mathrm{plain}\right)\right)^2\right),Jacob_fro Snip Div GSynFlow plain Log Square Mul Sub <EOS>,((Jacob_fro / Snip) - (GSynFlow * square(log(plain)))),0.588800000,0.410400000,167,9,5,2035,run_monash_time_unique1000,1,26,Monash__weather_dataset/seed_2035/run_monash_time_unique1000/visualizations/archive_latex.tex
160,0.856756757,0.588800000,\frac{\mathrm{JacobFro}}{\mathrm{Snip}} - \left(\left(\log\left(\mathrm{plain}\right)\right)^2\right) \cdot \left(\mathrm{GSynFlow}\right),Jacob_fro Snip Div plain Log Square GSynFlow Mul Sub <EOS>,((Jacob_fro / Snip) - (square(log(plain)) * GSynFlow)),0.588800000,0.410400000,103,9,5,2193,run_monash_time_unique1000,1,13,Monash__weather_dataset/seed_2193/run_monash_time_unique1000/visualizations/archive_latex.tex
161,0.855855856,0.588800000,\frac{\mathrm{JacobFro}}{\left(\mathrm{Snip} + \mathrm{Fisher}\right)^2 - \left(\mathrm{GSynFlow}\right)^2},Jacob_fro Snip Fisher Add Square GSynFlow Square Sub Div <EOS>,(Jacob_fro / (square((Snip + Fisher)) - square(GSynFlow))),0.588800000,0.408200000,9,9,5,2081,run_monash_time_unique1000,6,1,Monash__weather_dataset/seed_2081/run_monash_time_unique1000/visualizations/archive_latex.tex
162,0.854954955,0.588700000,\frac{\mathrm{JacobFro}}{\left(\mathrm{Snip}\right)^2 + \mathrm{Snip} - \left(\mathrm{GSynFlow}\right)^2},Jacob_fro Snip Square Snip GSynFlow Square Sub Add Div <EOS>,(Jacob_fro / (square(Snip) + (Snip - square(GSynFlow)))),0.588700000,0.408200000,46,9,5,2077,run_monash_time_unique1000,4,1,Monash__weather_dataset/seed_2077/run_monash_time_unique1000/visualizations/archive_latex.tex
163,0.854054054,0.588600000,\frac{-\mathrm{GSynFlow}}{\log\left(\mathrm{JacobFro}\right)} + \frac{\mathrm{JacobFro}}{\mathrm{Snip}},GSynFlow Negative Jacob_fro Log Div Jacob_fro Snip Div Add <EOS>,((-(GSynFlow) / log(Jacob_fro)) + (Jacob_fro / Snip)),0.588600000,0.389000000,135,9,4,2230,run_monash_time_unique1000,1,1,Monash__weather_dataset/seed_2230/run_monash_time_unique1000/visualizations/archive_latex.tex
164,0.853153153,0.588600000,\frac{\mathrm{JacobFro}}{\mathrm{Snip}} - \frac{\mathrm{GSynFlow}}{\log\left(\mathrm{JacobFro}\right)},Jacob_fro Snip Div GSynFlow Jacob_fro Log Div Sub <EOS>,((Jacob_fro / Snip) - (GSynFlow / log(Jacob_fro))),0.588600000,0.389000000,154,8,4,2278,run_monash_time_unique1000,2,3,Monash__weather_dataset/seed_2278/run_monash_time_unique1000/visualizations/archive_latex.tex
165,0.852252252,0.588600000,\frac{\log\left(\mathrm{GradNorm}\right) + \sqrt{\mathrm{JacobFro}}}{\mathrm{Snip} - \mathrm{GSynFlow}},Grad_Norm Log Jacob_fro Sqrt Add Snip GSynFlow Sub Div <EOS>,((log(Grad_Norm) + sqrt(Jacob_fro)) / (Snip - GSynFlow)),0.588600000,0.398800000,37,9,4,2262,run_monash_time_unique1000,10,1,Monash__weather_dataset/seed_2262/run_monash_time_unique1000/visualizations/archive_latex.tex
166,0.851351351,0.588500000,\frac{\mathrm{JacobFro}}{\mathrm{GradNorm} - \left(\mathrm{GSynFlow}\right)^2 + \left(\mathrm{Snip}\right)^2},Jacob_fro Grad_Norm GSynFlow Square Sub Snip Square Add Div <EOS>,(Jacob_fro / ((Grad_Norm - square(GSynFlow)) + square(Snip))),0.588500000,0.407600000,100,9,5,2108,run_monash_time_unique1000,4,1,Monash__weather_dataset/seed_2108/run_monash_time_unique1000/visualizations/archive_latex.tex
167,0.850450450,0.588500000,\frac{\mathrm{JacobFro}}{\left(\mathrm{Snip}\right)^2 + \mathrm{GradNorm} - \left(\mathrm{GSynFlow}\right)^2},Jacob_fro Snip Square Grad_Norm GSynFlow Square Sub Add Div <EOS>,(Jacob_fro / (square(Snip) + (Grad_Norm - square(GSynFlow)))),0.588500000,0.407600000,88,9,5,2077,run_monash_time_unique1000,5,1,Monash__weather_dataset/seed_2077/run_monash_time_unique1000/visualizations/archive_latex.tex
168,0.849549550,0.588500000,\frac{\mathrm{JacobFro}}{\left(\mathrm{Snip}\right)^2 - \left(\mathrm{GSynFlow}\right)^2 + \mathrm{GradNorm}},Jacob_fro Snip Square GSynFlow Square Sub Grad_Norm Add Div <EOS>,(Jacob_fro / ((square(Snip) - square(GSynFlow)) + Grad_Norm)),0.588500000,0.407600000,36,9,5,2265,run_monash_time_unique1000,6,2,Monash__weather_dataset/seed_2265/run_monash_time_unique1000/visualizations/archive_latex.tex
169,0.848648649,0.588500000,\frac{\mathrm{JacobFro}}{\left(\mathrm{Snip}\right)^2 - \left(\mathrm{GSynFlow}\right)^2 - \mathrm{GradNorm}},Jacob_fro Snip Square GSynFlow Square Grad_Norm Sub Sub Div <EOS>,(Jacob_fro / (square(Snip) - (square(GSynFlow) - Grad_Norm))),0.588500000,0.407600000,40,9,5,2081,run_monash_time_unique1000,7,1,Monash__weather_dataset/seed_2081/run_monash_time_unique1000/visualizations/archive_latex.tex
170,0.847747748,0.588500000,\frac{\sqrt{\left(\mathrm{JacobFro}\right) \cdot \left(\sqrt{\mathrm{JacobFro}}\right)}}{\mathrm{Snip} - \mathrm{GSynFlow}},Jacob_fro Jacob_fro Sqrt Mul Sqrt Snip GSynFlow Sub Div <EOS>,(sqrt((Jacob_fro * sqrt(Jacob_fro))) / (Snip - GSynFlow)),0.588500000,0.389500000,61,9,5,2039,run_monash_time_unique1000,8,1,Monash__weather_dataset/seed_2039/run_monash_time_unique1000/visualizations/archive_latex.tex
171,0.846846847,0.588500000,\frac{\mathrm{GSynFlow} + \mathrm{JacobFro}}{\left(\mathrm{Snip}\right)^2 - \left(\mathrm{GSynFlow}\right)^2},GSynFlow Jacob_fro Add Snip Square GSynFlow Square Sub Div <EOS>,((GSynFlow + Jacob_fro) / (square(Snip) - square(GSynFlow))),0.588500000,0.407300000,39,9,4,2094,run_monash_time_unique1000,9,1,Monash__weather_dataset/seed_2094/run_monash_time_unique1000/visualizations/archive_latex.tex
172,0.845945946,0.588300000,\frac{\mathrm{JacobFro}}{\mathrm{L2Norm} - \left(\mathrm{GSynFlow}\right)^2 + \left(\mathrm{Snip}\right)^2},Jacob_fro L2-Norm GSynFlow Square Sub Snip Square Add Div <EOS>,(Jacob_fro / ((L2-Norm - square(GSynFlow)) + square(Snip))),0.588300000,0.408300000,65,9,5,2265,run_monash_time_unique1000,7,1,Monash__weather_dataset/seed_2265/run_monash_time_unique1000/visualizations/archive_latex.tex
173,0.845045045,0.588200000,\frac{\sqrt{\mathrm{JacobFro}} - \mathrm{MParams}}{\mathrm{Snip} - \mathrm{GSynFlow}},Jacob_fro Sqrt MParams Sub Snip GSynFlow Sub Div <EOS>,((sqrt(Jacob_fro) - MParams) / (Snip - GSynFlow)),0.588200000,0.401600000,12,8,4,2268,run_monash_time_unique1000,8,2,Monash__weather_dataset/seed_2268/run_monash_time_unique1000/visualizations/archive_latex.tex
174,0.844144144,0.587900000,-\sqrt{\mathrm{GSynFlow}} + \frac{\mathrm{JacobFro}}{\mathrm{Snip} + \mathrm{Snip}},GSynFlow Sqrt Negative Jacob_fro Snip Snip Add Div Add <EOS>,(-(sqrt(GSynFlow)) + (Jacob_fro / (Snip + Snip))),0.587900000,0.398200000,38,9,4,2033,run_monash_time_unique1000,2,2,Monash__weather_dataset/seed_2033/run_monash_time_unique1000/visualizations/archive_latex.tex
175,0.843243243,0.587900000,\frac{\mathrm{JacobFro}}{\mathrm{Snip}} - \sqrt{\mathrm{GSynFlow}} + \sqrt{\mathrm{GSynFlow}},Jacob_fro Snip Div GSynFlow Sqrt GSynFlow Sqrt Add Sub <EOS>,((Jacob_fro / Snip) - (sqrt(GSynFlow) + sqrt(GSynFlow))),0.587900000,0.398200000,42,9,4,2168,run_monash_time_unique1000,2,6,Monash__weather_dataset/seed_2168/run_monash_time_unique1000/visualizations/archive_latex.tex
176,0.842342342,0.587900000,\frac{\mathrm{JacobFro}}{\mathrm{Snip} + \mathrm{Snip}} - \sqrt{\mathrm{GSynFlow}},Jacob_fro Snip Snip Add Div GSynFlow Sqrt Sub <EOS>,((Jacob_fro / (Snip + Snip)) - sqrt(GSynFlow)),0.587900000,0.398200000,98,8,4,2197,run_monash_time_unique1000,2,14,Monash__weather_dataset/seed_2197/run_monash_time_unique1000/visualizations/archive_latex.tex
177,0.841441441,0.587800000,\frac{\mathrm{JacobFro}}{\mathrm{Snip}} - \frac{\mathrm{GSynFlow}}{\log\left(\left(\mathrm{L2Norm}\right)^2\right)},Jacob_fro Snip Div GSynFlow L2-Norm Square Log Div Sub <EOS>,((Jacob_fro / Snip) - (GSynFlow / log(square(L2-Norm)))),0.587800000,0.389300000,75,9,5,2160,run_monash_time_unique1000,2,14,Monash__weather_dataset/seed_2160/run_monash_time_unique1000/visualizations/archive_latex.tex
178,0.840540541,0.587800000,\frac{\mathrm{JacobFro} - \mathrm{GradNorm}}{\left(\mathrm{Snip}\right)^2 - \left(\mathrm{GSynFlow}\right)^2},Jacob_fro Grad_Norm Sub Snip Square GSynFlow Square Sub Div <EOS>,((Jacob_fro - Grad_Norm) / (square(Snip) - square(GSynFlow))),0.587800000,0.407900000,71,9,4,2081,run_monash_time_unique1000,8,1,Monash__weather_dataset/seed_2081/run_monash_time_unique1000/visualizations/archive_latex.tex
179,0.839639640,0.587600000,\frac{\frac{\mathrm{JacobFro}}{\mathrm{Snip}}}{\mathrm{Snip} - \mathrm{GSynFlow}},Jacob_fro Snip Div Snip GSynFlow Sub Div <EOS>,((Jacob_fro / Snip) / (Snip - GSynFlow)),0.587600000,0.403800000,58,7,3,2131,run_monash_time_unique1000,1,36,Monash__weather_dataset/seed_2131/run_monash_time_unique1000/visualizations/archive_latex.tex
180,0.838738739,0.587600000,\frac{\mathrm{JacobFro}}{\left(\mathrm{Snip} - \mathrm{GSynFlow}\right) \cdot \left(\mathrm{Snip}\right)},Jacob_fro Snip GSynFlow Sub Snip Mul Div <EOS>,(Jacob_fro / ((Snip - GSynFlow) * Snip)),0.587600000,0.403800000,91,7,4,2250,run_monash_time_unique1000,1,8,Monash__weather_dataset/seed_2250/run_monash_time_unique1000/visualizations/archive_latex.tex
181,0.837837838,0.587600000,\frac{\mathrm{JacobFro}}{\left(\mathrm{Snip}\right) \cdot \left(\mathrm{Snip} - \mathrm{GSynFlow}\right)},Jacob_fro Snip Snip GSynFlow Sub Mul Div <EOS>,(Jacob_fro / (Snip * (Snip - GSynFlow))),0.587600000,0.403800000,92,7,4,2071,run_monash_time_unique1000,2,9,Monash__weather_dataset/seed_2071/run_monash_time_unique1000/visualizations/archive_latex.tex
182,0.836936937,0.587600000,\frac{\mathrm{JacobFro}}{\left(-\mathrm{GSynFlow} + \mathrm{Snip}\right) \cdot \left(\mathrm{Snip}\right)},Jacob_fro GSynFlow Negative Snip Add Snip Mul Div <EOS>,(Jacob_fro / ((-(GSynFlow) + Snip) * Snip)),0.587600000,0.403800000,11,8,5,2154,run_monash_time_unique1000,2,1,Monash__weather_dataset/seed_2154/run_monash_time_unique1000/visualizations/archive_latex.tex
183,0.836036036,0.587600000,\frac{\mathrm{JacobFro}}{\left(\mathrm{Snip}\right)^2 + -\left(\mathrm{GSynFlow}\right) \cdot \left(\mathrm{Snip}\right)},Jacob_fro Snip Square GSynFlow Snip Mul Negative Add Div <EOS>,(Jacob_fro / (square(Snip) + -((GSynFlow * Snip)))),0.587600000,0.403800000,69,9,5,2167,run_monash_time_unique1000,2,1,Monash__weather_dataset/seed_2167/run_monash_time_unique1000/visualizations/archive_latex.tex
184,0.835135135,0.587600000,\frac{\frac{\mathrm{JacobFro}}{\mathrm{Snip} - \mathrm{GSynFlow}}}{\mathrm{Snip}},Jacob_fro Snip GSynFlow Sub Div Snip Div <EOS>,((Jacob_fro / (Snip - GSynFlow)) / Snip),0.587600000,0.403800000,23,7,4,2072,run_monash_time_unique1000,3,13,Monash__weather_dataset/seed_2072/run_monash_time_unique1000/visualizations/archive_latex.tex
185,0.834234234,0.587600000,\frac{\mathrm{JacobFro}}{\left(\mathrm{Snip}\right) \cdot \left(-\mathrm{GSynFlow} + \mathrm{Snip}\right)},Jacob_fro Snip GSynFlow Negative Snip Add Mul Div <EOS>,(Jacob_fro / (Snip * (-(GSynFlow) + Snip))),0.587600000,0.403800000,12,8,5,2041,run_monash_time_unique1000,4,1,Monash__weather_dataset/seed_2041/run_monash_time_unique1000/visualizations/archive_latex.tex
186,0.833333333,0.587600000,\frac{\frac{\mathrm{JacobFro}}{\mathrm{Snip}}}{-\mathrm{GSynFlow} + \mathrm{Snip}},Jacob_fro Snip Div GSynFlow Negative Snip Add Div <EOS>,((Jacob_fro / Snip) / (-(GSynFlow) + Snip)),0.587600000,0.403800000,99,8,4,2174,run_monash_time_unique1000,4,2,Monash__weather_dataset/seed_2174/run_monash_time_unique1000/visualizations/archive_latex.tex
187,0.832432432,0.587500000,\frac{\sqrt{\mathrm{JacobFro}}}{\mathrm{Snip} + \log\left(\mathrm{GFLOPs}\right) - \mathrm{GSynFlow}},Jacob_fro Sqrt Snip GFLOPs Log Add GSynFlow Sub Div <EOS>,(sqrt(Jacob_fro) / ((Snip + log(GFLOPs)) - GSynFlow)),0.587500000,0.400300000,25,9,5,2176,run_monash_time_unique1000,6,1,Monash__weather_dataset/seed_2176/run_monash_time_unique1000/visualizations/archive_latex.tex
188,0.831531532,0.587300000,\frac{\mathrm{JacobFro}}{\mathrm{Snip}} - \left(\sqrt{\mathrm{GSynFlow}}\right) \cdot \left(\mathrm{MParams}\right),Jacob_fro Snip Div GSynFlow Sqrt MParams Mul Sub <EOS>,((Jacob_fro / Snip) - (sqrt(GSynFlow) * MParams)),0.587300000,0.406000000,151,8,4,2054,run_monash_time_unique1000,1,74,Monash__weather_dataset/seed_2054/run_monash_time_unique1000/visualizations/archive_latex.tex
189,0.830630631,0.587300000,\frac{\mathrm{JacobFro}}{\mathrm{Snip}} - \left(\mathrm{MParams}\right) \cdot \left(\sqrt{\mathrm{GSynFlow}}\right),Jacob_fro Snip Div MParams GSynFlow Sqrt Mul Sub <EOS>,((Jacob_fro / Snip) - (MParams * sqrt(GSynFlow))),0.587300000,0.406000000,119,8,4,2056,run_monash_time_unique1000,1,32,Monash__weather_dataset/seed_2056/run_monash_time_unique1000/visualizations/archive_latex.tex
190,0.829729730,0.587300000,\left(-\mathrm{MParams}\right) \cdot \left(\sqrt{\mathrm{GSynFlow}}\right) + \frac{\mathrm{JacobFro}}{\mathrm{Snip}},MParams Negative GSynFlow Sqrt Mul Jacob_fro Snip Div Add <EOS>,((-(MParams) * sqrt(GSynFlow)) + (Jacob_fro / Snip)),0.587300000,0.406000000,129,9,4,2172,run_monash_time_unique1000,1,1,Monash__weather_dataset/seed_2172/run_monash_time_unique1000/visualizations/archive_latex.tex
191,0.828828829,0.587300000,\left(\mathrm{MParams}\right) \cdot \left(-\sqrt{\mathrm{GSynFlow}}\right) + \frac{\mathrm{JacobFro}}{\mathrm{Snip}},MParams GSynFlow Sqrt Negative Mul Jacob_fro Snip Div Add <EOS>,((MParams * -(sqrt(GSynFlow))) + (Jacob_fro / Snip)),0.587300000,0.406000000,23,9,5,2033,run_monash_time_unique1000,3,1,Monash__weather_dataset/seed_2033/run_monash_time_unique1000/visualizations/archive_latex.tex
192,0.827927928,0.587300000,-\left(\sqrt{\mathrm{GSynFlow}}\right) \cdot \left(\mathrm{MParams}\right) + \frac{\mathrm{JacobFro}}{\mathrm{Snip}},GSynFlow Sqrt MParams Mul Negative Jacob_fro Snip Div Add <EOS>,(-((sqrt(GSynFlow) * MParams)) + (Jacob_fro / Snip)),0.587300000,0.406000000,120,9,5,2101,run_monash_time_unique1000,3,1,Monash__weather_dataset/seed_2101/run_monash_time_unique1000/visualizations/archive_latex.tex
193,0.827027027,0.587100000,\frac{\sqrt{\mathrm{JacobFro}}}{\log\left(\mathrm{MParams}\right) - \mathrm{GSynFlow} + \mathrm{Snip}},Jacob_fro Sqrt MParams Log GSynFlow Sub Snip Add Div <EOS>,(sqrt(Jacob_fro) / ((log(MParams) - GSynFlow) + Snip)),0.587100000,0.399800000,41,9,5,2051,run_monash_time_unique1000,3,2,Monash__weather_dataset/seed_2051/run_monash_time_unique1000/visualizations/archive_latex.tex
194,0.826126126,0.587100000,\frac{\sqrt{\mathrm{JacobFro}}}{\mathrm{Snip} + \log\left(\mathrm{MParams}\right) - \mathrm{GSynFlow}},Jacob_fro Sqrt Snip MParams Log GSynFlow Sub Add Div <EOS>,(sqrt(Jacob_fro) / (Snip + (log(MParams) - GSynFlow))),0.587100000,0.399800000,46,9,5,2071,run_monash_time_unique1000,3,1,Monash__weather_dataset/seed_2071/run_monash_time_unique1000/visualizations/archive_latex.tex
195,0.825225225,0.587100000,\frac{\sqrt{\mathrm{JacobFro}}}{\mathrm{Snip} + \log\left(\mathrm{MParams}\right) - \mathrm{GSynFlow}},Jacob_fro Sqrt Snip MParams Log Add GSynFlow Sub Div <EOS>,(sqrt(Jacob_fro) / ((Snip + log(MParams)) - GSynFlow)),0.587100000,0.399800000,63,9,5,2093,run_monash_time_unique1000,3,2,Monash__weather_dataset/seed_2093/run_monash_time_unique1000/visualizations/archive_latex.tex
196,0.824324324,0.587100000,\frac{\sqrt{\mathrm{JacobFro}}}{\mathrm{Snip} - \mathrm{GSynFlow} + \log\left(\mathrm{MParams}\right)},Jacob_fro Sqrt Snip GSynFlow Sub MParams Log Add Div <EOS>,(sqrt(Jacob_fro) / ((Snip - GSynFlow) + log(MParams))),0.587100000,0.399800000,53,9,4,2151,run_monash_time_unique1000,6,1,Monash__weather_dataset/seed_2151/run_monash_time_unique1000/visualizations/archive_latex.tex
197,0.823423423,0.587100000,\frac{\sqrt{\mathrm{JacobFro}}}{\log\left(\mathrm{MParams}\right) + \mathrm{Snip} - \mathrm{GSynFlow}},Jacob_fro Sqrt MParams Log Snip GSynFlow Sub Add Div <EOS>,(sqrt(Jacob_fro) / (log(MParams) + (Snip - GSynFlow))),0.587100000,0.399800000,42,9,4,2249,run_monash_time_unique1000,8,2,Monash__weather_dataset/seed_2249/run_monash_time_unique1000/visualizations/archive_latex.tex
198,0.822522523,0.587000000,\frac{\sqrt{\mathrm{JacobFro}}}{\mathrm{Snip} - \sqrt{\mathrm{Fisher}} - \mathrm{GSynFlow}},Jacob_fro Sqrt Snip Fisher Sqrt Sub GSynFlow Sub Div <EOS>,(sqrt(Jacob_fro) / ((Snip - sqrt(Fisher)) - GSynFlow)),0.587000000,0.401300000,77,9,5,2093,run_monash_time_unique1000,4,1,Monash__weather_dataset/seed_2093/run_monash_time_unique1000/visualizations/archive_latex.tex
199,0.821621622,0.587000000,\frac{\sqrt{\mathrm{JacobFro}}}{\mathrm{Snip} - \mathrm{GSynFlow} - \sqrt{\mathrm{Fisher}}},Jacob_fro Sqrt Snip GSynFlow Sub Fisher Sqrt Sub Div <EOS>,(sqrt(Jacob_fro) / ((Snip - GSynFlow) - sqrt(Fisher))),0.587000000,0.401300000,29,9,4,2113,run_monash_time_unique1000,4,3,Monash__weather_dataset/seed_2113/run_monash_time_unique1000/visualizations/archive_latex.tex
200,0.820720721,0.587000000,\frac{\sqrt{\mathrm{JacobFro}}}{\mathrm{Snip} - \sqrt{\mathrm{Fisher}} + \mathrm{GSynFlow}},Jacob_fro Sqrt Snip Fisher Sqrt GSynFlow Add Sub Div <EOS>,(sqrt(Jacob_fro) / (Snip - (sqrt(Fisher) + GSynFlow))),0.587000000,0.401300000,81,9,5,2288,run_monash_time_unique1000,5,1,Monash__weather_dataset/seed_2288/run_monash_time_unique1000/visualizations/archive_latex.tex
201,0.819819820,0.587000000,\frac{\sqrt{\mathrm{JacobFro}}}{\mathrm{Snip} - \mathrm{GSynFlow} + \sqrt{\mathrm{Fisher}}},Jacob_fro Sqrt Snip GSynFlow Fisher Sqrt Add Sub Div <EOS>,(sqrt(Jacob_fro) / (Snip - (GSynFlow + sqrt(Fisher)))),0.587000000,0.401300000,14,9,5,2102,run_monash_time_unique1000,7,2,Monash__weather_dataset/seed_2102/run_monash_time_unique1000/visualizations/archive_latex.tex
202,0.818918919,0.587000000,\frac{\sqrt{\mathrm{JacobFro}}}{\mathrm{Snip} - \mathrm{GSynFlow} - \sqrt{\mathrm{plain}}},Jacob_fro Sqrt Snip GSynFlow Sub plain Sqrt Sub Div <EOS>,(sqrt(Jacob_fro) / ((Snip - GSynFlow) - sqrt(plain))),0.587000000,0.402000000,18,9,4,2031,run_monash_time_unique1000,10,1,Monash__weather_dataset/seed_2031/run_monash_time_unique1000/visualizations/archive_latex.tex
203,0.818018018,0.587000000,\frac{\sqrt{\mathrm{JacobFro}} - \log\left(\mathrm{GSynFlow}\right)}{\mathrm{Snip} - \mathrm{GSynFlow}},Jacob_fro Sqrt GSynFlow Log Sub Snip GSynFlow Sub Div <EOS>,((sqrt(Jacob_fro) - log(GSynFlow)) / (Snip - GSynFlow)),0.587000000,0.391100000,38,9,4,2268,run_monash_time_unique1000,10,1,Monash__weather_dataset/seed_2268/run_monash_time_unique1000/visualizations/archive_latex.tex
204,0.817117117,0.586900000,\frac{\mathrm{JacobFro}}{\mathrm{Snip}} - \frac{\mathrm{GSynFlow}}{\log\left(\mathrm{GSynFlow}\right)},Jacob_fro Snip Div GSynFlow GSynFlow Log Div Sub <EOS>,((Jacob_fro / Snip) - (GSynFlow / log(GSynFlow))),0.586900000,0.411600000,67,8,4,2054,run_monash_time_unique1000,2,103,Monash__weather_dataset/seed_2054/run_monash_time_unique1000/visualizations/archive_latex.tex
205,0.816216216,0.586900000,\frac{-\mathrm{GSynFlow}}{\log\left(\mathrm{GSynFlow}\right)} + \frac{\mathrm{JacobFro}}{\mathrm{Snip}},GSynFlow Negative GSynFlow Log Div Jacob_fro Snip Div Add <EOS>,((-(GSynFlow) / log(GSynFlow)) + (Jacob_fro / Snip)),0.586900000,0.411600000,136,9,4,2230,run_monash_time_unique1000,3,2,Monash__weather_dataset/seed_2230/run_monash_time_unique1000/visualizations/archive_latex.tex
206,0.815315315,0.586900000,-\frac{\mathrm{GSynFlow}}{\log\left(\mathrm{GSynFlow}\right)} + \frac{\mathrm{JacobFro}}{\mathrm{Snip}},GSynFlow GSynFlow Log Div Negative Jacob_fro Snip Div Add <EOS>,(-((GSynFlow / log(GSynFlow))) + (Jacob_fro / Snip)),0.586900000,0.411600000,119,9,5,2101,run_monash_time_unique1000,4,1,Monash__weather_dataset/seed_2101/run_monash_time_unique1000/visualizations/archive_latex.tex
207,0.814414414,0.586800000,\frac{\mathrm{JacobFro}}{\mathrm{Snip}} - \frac{\mathrm{GSynFlow}}{\log\left(\mathrm{GraSP}\right)},Jacob_fro Snip Div GSynFlow GraSP Log Div Sub <EOS>,((Jacob_fro / Snip) - (GSynFlow / log(GraSP))),0.586800000,0.398400000,194,8,4,2103,run_monash_time_unique1000,1,98,Monash__weather_dataset/seed_2103/run_monash_time_unique1000/visualizations/archive_latex.tex
208,0.813513514,0.586800000,\frac{-\mathrm{GSynFlow}}{\log\left(\mathrm{GraSP}\right)} + \frac{\mathrm{JacobFro}}{\mathrm{Snip}},GSynFlow Negative GraSP Log Div Jacob_fro Snip Div Add <EOS>,((-(GSynFlow) / log(GraSP)) + (Jacob_fro / Snip)),0.586800000,0.398400000,135,9,4,2230,run_monash_time_unique1000,4,2,Monash__weather_dataset/seed_2230/run_monash_time_unique1000/visualizations/archive_latex.tex
209,0.812612613,0.586800000,\frac{\sqrt{\mathrm{JacobFro}} - \mathrm{ZiCo}}{\mathrm{Snip} - \mathrm{GSynFlow}},Jacob_fro Sqrt ZiCo Sub Snip GSynFlow Sub Div <EOS>,((sqrt(Jacob_fro) - ZiCo) / (Snip - GSynFlow)),0.586800000,0.400100000,58,8,4,2113,run_monash_time_unique1000,5,2,Monash__weather_dataset/seed_2113/run_monash_time_unique1000/visualizations/archive_latex.tex
210,0.811711712,0.586800000,\frac{\sqrt{\mathrm{JacobFro}} - \mathrm{ZiCo}}{-\mathrm{GSynFlow} + \mathrm{Snip}},Jacob_fro Sqrt ZiCo Sub GSynFlow Negative Snip Add Div <EOS>,((sqrt(Jacob_fro) - ZiCo) / (-(GSynFlow) + Snip)),0.586800000,0.400100000,34,9,4,2192,run_monash_time_unique1000,7,2,Monash__weather_dataset/seed_2192/run_monash_time_unique1000/visualizations/archive_latex.tex
211,0.810810811,0.586700000,\frac{\mathrm{JacobFro}}{\mathrm{Snip}} - \left(\mathrm{GSynFlow}\right) \cdot \left(\left(\log\left(\mathrm{MParams}\right)\right)^2\right),Jacob_fro Snip Div GSynFlow MParams Log Square Mul Sub <EOS>,((Jacob_fro / Snip) - (GSynFlow * square(log(MParams)))),0.586700000,0.430400000,163,9,5,2147,run_monash_time_unique1000,4,29,Monash__weather_dataset/seed_2147/run_monash_time_unique1000/visualizations/archive_latex.tex
212,0.809909910,0.586700000,\frac{\mathrm{JacobFro}}{\mathrm{Snip}} - \left(\left(\log\left(\mathrm{MParams}\right)\right)^2\right) \cdot \left(\mathrm{GSynFlow}\right),Jacob_fro Snip Div MParams Log Square GSynFlow Mul Sub <EOS>,((Jacob_fro / Snip) - (square(log(MParams)) * GSynFlow)),0.586700000,0.430400000,158,9,5,2269,run_monash_time_unique1000,4,10,Monash__weather_dataset/seed_2269/run_monash_time_unique1000/visualizations/archive_latex.tex
213,0.809009009,0.586700000,\left(\frac{\mathrm{JacobFro}}{\mathrm{Snip}}\right)^2 - \left(\log\left(\mathrm{L2Norm}\right)\right) \cdot \left(\mathrm{GSynFlow}\right),Jacob_fro Snip Div Square L2-Norm Log GSynFlow Mul Sub <EOS>,(square((Jacob_fro / Snip)) - (log(L2-Norm) * GSynFlow)),0.586700000,0.387500000,168,9,4,2173,run_monash_time_unique1000,5,1,Monash__weather_dataset/seed_2173/run_monash_time_unique1000/visualizations/archive_latex.tex
214,0.808108108,0.586600000,\frac{\sqrt{\mathrm{JacobFro}}}{-\left(\mathrm{GSynFlow}\right) \cdot \left(\mathrm{MParams}\right) + \mathrm{Snip}},Jacob_fro Sqrt GSynFlow MParams Mul Negative Snip Add Div <EOS>,(sqrt(Jacob_fro) / (-((GSynFlow * MParams)) + Snip)),0.586600000,0.407200000,48,9,5,2153,run_monash_time_unique1000,2,1,Monash__weather_dataset/seed_2153/run_monash_time_unique1000/visualizations/archive_latex.tex
215,0.807207207,0.586600000,\frac{\sqrt{\mathrm{JacobFro} - \mathrm{GFLOPs}}}{\mathrm{Snip} - \mathrm{GSynFlow}},Jacob_fro GFLOPs Sub Sqrt Snip GSynFlow Sub Div <EOS>,(sqrt((Jacob_fro - GFLOPs)) / (Snip - GSynFlow)),0.586600000,0.400600000,32,8,4,2133,run_monash_time_unique1000,3,2,Monash__weather_dataset/seed_2133/run_monash_time_unique1000/visualizations/archive_latex.tex
216,0.806306306,0.586600000,\frac{\sqrt{\mathrm{JacobFro}}}{\left(-\mathrm{GSynFlow}\right) \cdot \left(\mathrm{MParams}\right) + \mathrm{Snip}},Jacob_fro Sqrt GSynFlow Negative MParams Mul Snip Add Div <EOS>,(sqrt(Jacob_fro) / ((-(GSynFlow) * MParams) + Snip)),0.586600000,0.407200000,27,9,5,2071,run_monash_time_unique1000,4,2,Monash__weather_dataset/seed_2071/run_monash_time_unique1000/visualizations/archive_latex.tex
217,0.805405405,0.586600000,\frac{\sqrt{\mathrm{JacobFro} - \mathrm{GSynFlow}}}{\mathrm{Snip} - \mathrm{GSynFlow}},Jacob_fro GSynFlow Sub Sqrt Snip GSynFlow Sub Div <EOS>,(sqrt((Jacob_fro - GSynFlow)) / (Snip - GSynFlow)),0.586600000,0.401600000,40,8,4,2133,run_monash_time_unique1000,4,4,Monash__weather_dataset/seed_2133/run_monash_time_unique1000/visualizations/archive_latex.tex
218,0.804504505,0.586600000,\frac{\sqrt{\mathrm{JacobFro}}}{\mathrm{Snip} - \left(\mathrm{GSynFlow}\right) \cdot \left(\mathrm{MParams}\right)},Jacob_fro Sqrt Snip GSynFlow MParams Mul Sub Div <EOS>,(sqrt(Jacob_fro) / (Snip - (GSynFlow * MParams))),0.586600000,0.407200000,64,8,4,2229,run_monash_time_unique1000,4,4,Monash__weather_dataset/seed_2229/run_monash_time_unique1000/visualizations/archive_latex.tex
219,0.803603604,0.586600000,\frac{\sqrt{\mathrm{JacobFro}}}{\left(-\mathrm{MParams}\right) \cdot \left(\mathrm{GSynFlow}\right) + \mathrm{Snip}},Jacob_fro Sqrt MParams Negative GSynFlow Mul Snip Add Div <EOS>,(sqrt(Jacob_fro) / ((-(MParams) * GSynFlow) + Snip)),0.586600000,0.407200000,100,9,5,2289,run_monash_time_unique1000,4,2,Monash__weather_dataset/seed_2289/run_monash_time_unique1000/visualizations/archive_latex.tex
220,0.802702703,0.586600000,\frac{\sqrt{\mathrm{JacobFro}}}{-\left(\mathrm{MParams}\right) \cdot \left(\mathrm{GSynFlow}\right) + \mathrm{Snip}},Jacob_fro Sqrt MParams GSynFlow Mul Negative Snip Add Div <EOS>,(sqrt(Jacob_fro) / (-((MParams * GSynFlow)) + Snip)),0.586600000,0.407200000,24,9,5,2093,run_monash_time_unique1000,5,1,Monash__weather_dataset/seed_2093/run_monash_time_unique1000/visualizations/archive_latex.tex
221,0.801801802,0.586600000,\frac{\sqrt{-\mathrm{GSynFlow} + \mathrm{JacobFro}}}{\mathrm{Snip} - \mathrm{GSynFlow}},GSynFlow Negative Jacob_fro Add Sqrt Snip GSynFlow Sub Div <EOS>,(sqrt((-(GSynFlow) + Jacob_fro)) / (Snip - GSynFlow)),0.586600000,0.401600000,126,9,5,2230,run_monash_time_unique1000,5,1,Monash__weather_dataset/seed_2230/run_monash_time_unique1000/visualizations/archive_latex.tex
222,0.800900901,0.586600000,\frac{\sqrt{\mathrm{JacobFro}}}{\mathrm{Snip} - \left(\mathrm{MParams}\right) \cdot \left(\mathrm{GSynFlow}\right)},Jacob_fro Sqrt Snip MParams GSynFlow Mul Sub Div <EOS>,(sqrt(Jacob_fro) / (Snip - (MParams * GSynFlow))),0.586600000,0.407200000,65,8,4,2077,run_monash_time_unique1000,8,4,Monash__weather_dataset/seed_2077/run_monash_time_unique1000/visualizations/archive_latex.tex
223,0.800000000,0.586600000,\frac{\sqrt{\mathrm{JacobFro}}}{\left(\mathrm{GSynFlow}\right) \cdot \left(-\mathrm{MParams}\right) + \mathrm{Snip}},Jacob_fro Sqrt GSynFlow MParams Negative Mul Snip Add Div <EOS>,(sqrt(Jacob_fro) / ((GSynFlow * -(MParams)) + Snip)),0.586600000,0.407200000,50,9,5,2145,run_monash_time_unique1000,8,2,Monash__weather_dataset/seed_2145/run_monash_time_unique1000/visualizations/archive_latex.tex
224,0.799099099,0.586600000,\frac{\sqrt{\mathrm{JacobFro} - \mathrm{GFLOPs}}}{-\mathrm{GSynFlow} + \mathrm{Snip}},Jacob_fro GFLOPs Sub Sqrt GSynFlow Negative Snip Add Div <EOS>,(sqrt((Jacob_fro - GFLOPs)) / (-(GSynFlow) + Snip)),0.586600000,0.400600000,85,9,4,2192,run_monash_time_unique1000,8,1,Monash__weather_dataset/seed_2192/run_monash_time_unique1000/visualizations/archive_latex.tex
225,0.798198198,0.586600000,\frac{\sqrt{\mathrm{JacobFro}}}{\mathrm{Snip} + \left(\mathrm{GSynFlow}\right) \cdot \left(-\mathrm{MParams}\right)},Jacob_fro Sqrt Snip GSynFlow MParams Negative Mul Add Div <EOS>,(sqrt(Jacob_fro) / (Snip + (GSynFlow * -(MParams)))),0.586600000,0.407200000,45,9,5,2231,run_monash_time_unique1000,8,1,Monash__weather_dataset/seed_2231/run_monash_time_unique1000/visualizations/archive_latex.tex
226,0.797297297,0.586500000,\frac{\sqrt{\mathrm{JacobFro}}}{\mathrm{Snip} + \sqrt{\mathrm{MParams}} - \mathrm{GSynFlow}},Jacob_fro Sqrt Snip MParams Sqrt GSynFlow Sub Add Div <EOS>,(sqrt(Jacob_fro) / (Snip + (sqrt(MParams) - GSynFlow))),0.586500000,0.400000000,175,9,5,2205,run_monash_time_unique1000,1,1,Monash__weather_dataset/seed_2205/run_monash_time_unique1000/visualizations/archive_latex.tex
227,0.796396396,0.586500000,\frac{\sqrt{\mathrm{JacobFro}}}{\mathrm{Snip} - \mathrm{GSynFlow} + \sqrt{\mathrm{MParams}}},Jacob_fro Sqrt Snip GSynFlow Sub MParams Sqrt Add Div <EOS>,(sqrt(Jacob_fro) / ((Snip - GSynFlow) + sqrt(MParams))),0.586500000,0.400000000,64,9,4,2229,run_monash_time_unique1000,5,3,Monash__weather_dataset/seed_2229/run_monash_time_unique1000/visualizations/archive_latex.tex
228,0.795495495,0.586500000,\frac{\sqrt{\mathrm{JacobFro}}}{\sqrt{\mathrm{MParams}} - \mathrm{GSynFlow} + \mathrm{Snip}},Jacob_fro Sqrt MParams Sqrt GSynFlow Sub Snip Add Div <EOS>,(sqrt(Jacob_fro) / ((sqrt(MParams) - GSynFlow) + Snip)),0.586500000,0.400000000,93,9,5,2289,run_monash_time_unique1000,5,2,Monash__weather_dataset/seed_2289/run_monash_time_unique1000/visualizations/archive_latex.tex
229,0.794594595,0.586500000,\frac{\sqrt{\mathrm{JacobFro}}}{\sqrt{\mathrm{MParams}} + \mathrm{Snip} - \mathrm{GSynFlow}},Jacob_fro Sqrt MParams Sqrt Snip GSynFlow Sub Add Div <EOS>,(sqrt(Jacob_fro) / (sqrt(MParams) + (Snip - GSynFlow))),0.586500000,0.400000000,40,9,4,2249,run_monash_time_unique1000,10,1,Monash__weather_dataset/seed_2249/run_monash_time_unique1000/visualizations/archive_latex.tex
230,0.793693694,0.586300000,\frac{\sqrt{\mathrm{JacobFro}}}{\mathrm{ZiCo} - \mathrm{GSynFlow} + \mathrm{Snip}},Jacob_fro Sqrt ZiCo GSynFlow Sub Snip Add Div <EOS>,(sqrt(Jacob_fro) / ((ZiCo - GSynFlow) + Snip)),0.586300000,0.400200000,49,8,4,2153,run_monash_time_unique1000,3,4,Monash__weather_dataset/seed_2153/run_monash_time_unique1000/visualizations/archive_latex.tex
231,0.792792793,0.586300000,\frac{\sqrt{\mathrm{JacobFro}}}{-\mathrm{Fisher} + \mathrm{GSynFlow} + \mathrm{Snip}},Jacob_fro Sqrt Fisher GSynFlow Add Negative Snip Add Div <EOS>,(sqrt(Jacob_fro) / (-((Fisher + GSynFlow)) + Snip)),0.586300000,0.399100000,31,9,5,2153,run_monash_time_unique1000,4,1,Monash__weather_dataset/seed_2153/run_monash_time_unique1000/visualizations/archive_latex.tex
232,0.791891892,0.586300000,\frac{\sqrt{\mathrm{JacobFro}}}{-\mathrm{GSynFlow} + \mathrm{Fisher} + \mathrm{Snip}},Jacob_fro Sqrt GSynFlow Fisher Add Negative Snip Add Div <EOS>,(sqrt(Jacob_fro) / (-((GSynFlow + Fisher)) + Snip)),0.586300000,0.399100000,44,9,5,2051,run_monash_time_unique1000,5,1,Monash__weather_dataset/seed_2051/run_monash_time_unique1000/visualizations/archive_latex.tex
233,0.790990991,0.586300000,\frac{\sqrt{\mathrm{JacobFro}}}{-\mathrm{Fisher} - \mathrm{GSynFlow} + \mathrm{Snip}},Jacob_fro Sqrt Fisher Negative GSynFlow Sub Snip Add Div <EOS>,(sqrt(Jacob_fro) / ((-(Fisher) - GSynFlow) + Snip)),0.586300000,0.399100000,79,9,5,2071,run_monash_time_unique1000,6,2,Monash__weather_dataset/seed_2071/run_monash_time_unique1000/visualizations/archive_latex.tex
234,0.790090090,0.586300000,\frac{\sqrt{\mathrm{JacobFro}}}{\mathrm{Snip} - \mathrm{GSynFlow} - \mathrm{ZiCo}},Jacob_fro Sqrt Snip GSynFlow ZiCo Sub Sub Div <EOS>,(sqrt(Jacob_fro) / (Snip - (GSynFlow - ZiCo))),0.586300000,0.400200000,28,8,4,2229,run_monash_time_unique1000,6,2,Monash__weather_dataset/seed_2229/run_monash_time_unique1000/visualizations/archive_latex.tex
235,0.789189189,0.586300000,\frac{\sqrt{\mathrm{JacobFro}}}{\mathrm{Snip} + \mathrm{ZiCo} - \mathrm{GSynFlow}},Jacob_fro Sqrt Snip ZiCo GSynFlow Sub Add Div <EOS>,(sqrt(Jacob_fro) / (Snip + (ZiCo - GSynFlow))),0.586300000,0.400200000,21,8,4,2255,run_monash_time_unique1000,6,2,Monash__weather_dataset/seed_2255/run_monash_time_unique1000/visualizations/archive_latex.tex
236,0.788288288,0.586300000,\frac{\sqrt{\mathrm{JacobFro}}}{\mathrm{Snip} + \mathrm{ZiCo} - \mathrm{GSynFlow}},Jacob_fro Sqrt Snip ZiCo Add GSynFlow Sub Div <EOS>,(sqrt(Jacob_fro) / ((Snip + ZiCo) - GSynFlow)),0.586300000,0.400200000,47,8,4,2093,run_monash_time_unique1000,7,1,Monash__weather_dataset/seed_2093/run_monash_time_unique1000/visualizations/archive_latex.tex
237,0.787387387,0.586300000,\frac{\sqrt{\mathrm{JacobFro}}}{\mathrm{Snip} - \mathrm{GSynFlow} + \mathrm{Fisher}},Jacob_fro Sqrt Snip GSynFlow Fisher Add Sub Div <EOS>,(sqrt(Jacob_fro) / (Snip - (GSynFlow + Fisher))),0.586300000,0.399100000,56,8,4,2229,run_monash_time_unique1000,7,1,Monash__weather_dataset/seed_2229/run_monash_time_unique1000/visualizations/archive_latex.tex
238,0.786486486,0.586300000,\frac{\sqrt{\mathrm{JacobFro}}}{\mathrm{Snip} - \mathrm{Fisher} + \mathrm{GSynFlow}},Jacob_fro Sqrt Snip Fisher GSynFlow Add Sub Div <EOS>,(sqrt(Jacob_fro) / (Snip - (Fisher + GSynFlow))),0.586300000,0.399100000,33,8,4,2255,run_monash_time_unique1000,7,3,Monash__weather_dataset/seed_2255/run_monash_time_unique1000/visualizations/archive_latex.tex
239,0.785585586,0.586300000,\frac{\sqrt{\mathrm{JacobFro}}}{\mathrm{Snip} - \mathrm{Fisher} - \mathrm{GSynFlow}},Jacob_fro Sqrt Snip Fisher Sub GSynFlow Sub Div <EOS>,(sqrt(Jacob_fro) / ((Snip - Fisher) - GSynFlow)),0.586300000,0.399100000,78,8,4,2093,run_monash_time_unique1000,8,1,Monash__weather_dataset/seed_2093/run_monash_time_unique1000/visualizations/archive_latex.tex
240,0.784684685,0.586300000,\frac{\sqrt{\mathrm{JacobFro}}}{\mathrm{Snip} - \mathrm{GSynFlow} + \mathrm{ZiCo}},Jacob_fro Sqrt Snip GSynFlow Sub ZiCo Add Div <EOS>,(sqrt(Jacob_fro) / ((Snip - GSynFlow) + ZiCo)),0.586300000,0.400200000,19,8,4,2113,run_monash_time_unique1000,8,2,Monash__weather_dataset/seed_2113/run_monash_time_unique1000/visualizations/archive_latex.tex
241,0.783783784,0.586300000,\frac{\sqrt{\mathrm{JacobFro}}}{\mathrm{Snip} - \mathrm{GSynFlow} - \mathrm{Fisher}},Jacob_fro Sqrt Snip GSynFlow Sub Fisher Sub Div <EOS>,(sqrt(Jacob_fro) / ((Snip - GSynFlow) - Fisher)),0.586300000,0.399100000,17,8,4,2113,run_monash_time_unique1000,9,1,Monash__weather_dataset/seed_2113/run_monash_time_unique1000/visualizations/archive_latex.tex
242,0.782882883,0.586300000,\frac{\sqrt{\mathrm{JacobFro}}}{\mathrm{ZiCo} + \mathrm{Snip} - \mathrm{GSynFlow}},Jacob_fro Sqrt ZiCo Snip Add GSynFlow Sub Div <EOS>,(sqrt(Jacob_fro) / ((ZiCo + Snip) - GSynFlow)),0.586300000,0.400200000,20,8,4,2081,run_monash_time_unique1000,10,1,Monash__weather_dataset/seed_2081/run_monash_time_unique1000/visualizations/archive_latex.tex
243,0.781981982,0.586100000,\frac{\sqrt{\mathrm{JacobFro}}}{\mathrm{Snip} + -\mathrm{GSynFlow} + \mathrm{MParams}},Jacob_fro Sqrt Snip GSynFlow Negative Add MParams Add Div <EOS>,(sqrt(Jacob_fro) / ((Snip + -(GSynFlow)) + MParams)),0.586100000,0.400500000,181,9,5,2202,run_monash_time_unique1000,1,1,Monash__weather_dataset/seed_2202/run_monash_time_unique1000/visualizations/archive_latex.tex
244,0.781081081,0.586100000,\frac{\mathrm{JacobFro}}{\left(\mathrm{Snip} - \mathrm{GSynFlow}\right) \cdot \left(\mathrm{L2Norm}\right)},Jacob_fro Snip GSynFlow Sub L2-Norm Mul Div <EOS>,(Jacob_fro / ((Snip - GSynFlow) * L2-Norm)),0.586100000,0.373400000,65,7,4,2246,run_monash_time_unique1000,1,4,Monash__weather_dataset/seed_2246/run_monash_time_unique1000/visualizations/archive_latex.tex
245,0.780180180,0.586100000,\frac{\frac{\mathrm{JacobFro}}{\mathrm{Snip} - \mathrm{GSynFlow}}}{\mathrm{L2Norm}},Jacob_fro Snip GSynFlow Sub Div L2-Norm Div <EOS>,((Jacob_fro / (Snip - GSynFlow)) / L2-Norm),0.586100000,0.373400000,88,7,4,2157,run_monash_time_unique1000,2,4,Monash__weather_dataset/seed_2157/run_monash_time_unique1000/visualizations/archive_latex.tex
246,0.779279279,0.586100000,\frac{\sqrt{\mathrm{JacobFro}}}{\mathrm{Snip} + \mathrm{MParams} - \mathrm{GSynFlow}},Jacob_fro Sqrt Snip MParams GSynFlow Sub Add Div <EOS>,(sqrt(Jacob_fro) / (Snip + (MParams - GSynFlow))),0.586100000,0.400500000,176,8,4,2205,run_monash_time_unique1000,2,2,Monash__weather_dataset/seed_2205/run_monash_time_unique1000/visualizations/archive_latex.tex
247,0.778378378,0.586100000,\frac{\frac{\mathrm{JacobFro}}{\mathrm{L2Norm}}}{\mathrm{Snip} - \mathrm{GSynFlow}},Jacob_fro L2-Norm Div Snip GSynFlow Sub Div <EOS>,((Jacob_fro / L2-Norm) / (Snip - GSynFlow)),0.586100000,0.373400000,142,7,3,2259,run_monash_time_unique1000,2,5,Monash__weather_dataset/seed_2259/run_monash_time_unique1000/visualizations/archive_latex.tex
248,0.777477477,0.586100000,\frac{\mathrm{JacobFro}}{\left(-\mathrm{GSynFlow} + \mathrm{Snip}\right) \cdot \left(\mathrm{L2Norm}\right)},Jacob_fro GSynFlow Negative Snip Add L2-Norm Mul Div <EOS>,(Jacob_fro / ((-(GSynFlow) + Snip) * L2-Norm)),0.586100000,0.373400000,18,8,5,2154,run_monash_time_unique1000,3,1,Monash__weather_dataset/seed_2154/run_monash_time_unique1000/visualizations/archive_latex.tex
249,0.776576577,0.586100000,\frac{\mathrm{JacobFro}}{\left(\mathrm{L2Norm}\right) \cdot \left(\mathrm{Snip} - \mathrm{GSynFlow}\right)},Jacob_fro L2-Norm Snip GSynFlow Sub Mul Div <EOS>,(Jacob_fro / (L2-Norm * (Snip - GSynFlow))),0.586100000,0.373400000,92,7,4,2155,run_monash_time_unique1000,3,4,Monash__weather_dataset/seed_2155/run_monash_time_unique1000/visualizations/archive_latex.tex
250,0.775675676,0.586100000,\frac{\sqrt{\mathrm{GraSP}} + \sqrt{\mathrm{JacobFro}}}{\mathrm{Snip} - \mathrm{GSynFlow}},GraSP Sqrt Jacob_fro Sqrt Add Snip GSynFlow Sub Div <EOS>,((sqrt(GraSP) + sqrt(Jacob_fro)) / (Snip - GSynFlow)),0.586100000,0.381200000,35,9,4,2133,run_monash_time_unique1000,5,1,Monash__weather_dataset/seed_2133/run_monash_time_unique1000/visualizations/archive_latex.tex
251,0.774774775,0.586100000,\frac{\sqrt{\mathrm{JacobFro}}}{\mathrm{MParams} - \mathrm{GSynFlow} + \mathrm{Snip}},Jacob_fro Sqrt MParams GSynFlow Sub Snip Add Div <EOS>,(sqrt(Jacob_fro) / ((MParams - GSynFlow) + Snip)),0.586100000,0.400500000,48,8,4,2153,run_monash_time_unique1000,5,5,Monash__weather_dataset/seed_2153/run_monash_time_unique1000/visualizations/archive_latex.tex
252,0.773873874,0.586100000,\frac{\sqrt{\mathrm{JacobFro}}}{\sqrt{\mathrm{ZiCo}} - \mathrm{GSynFlow} + \mathrm{Snip}},Jacob_fro Sqrt ZiCo Sqrt GSynFlow Sub Snip Add Div <EOS>,(sqrt(Jacob_fro) / ((sqrt(ZiCo) - GSynFlow) + Snip)),0.586100000,0.401000000,169,9,5,2071,run_monash_time_unique1000,7,2,Monash__weather_dataset/seed_2071/run_monash_time_unique1000/visualizations/archive_latex.tex
253,0.772972973,0.586100000,\frac{-\frac{\mathrm{JacobFro}}{\mathrm{L2Norm}}}{\mathrm{GSynFlow} - \mathrm{Snip}},Jacob_fro L2-Norm Div Negative GSynFlow Snip Sub Div <EOS>,(-((Jacob_fro / L2-Norm)) / (GSynFlow - Snip)),0.586100000,0.373400000,82,8,4,2221,run_monash_time_unique1000,8,1,Monash__weather_dataset/seed_2221/run_monash_time_unique1000/visualizations/archive_latex.tex
254,0.772072072,0.586100000,\frac{\sqrt{\mathrm{JacobFro}}}{\sqrt{\mathrm{ZiCo}} + \mathrm{Snip} - \mathrm{GSynFlow}},Jacob_fro Sqrt ZiCo Sqrt Snip GSynFlow Sub Add Div <EOS>,(sqrt(Jacob_fro) / (sqrt(ZiCo) + (Snip - GSynFlow))),0.586100000,0.401000000,39,9,4,2229,run_monash_time_unique1000,8,1,Monash__weather_dataset/seed_2229/run_monash_time_unique1000/visualizations/archive_latex.tex
255,0.771171171,0.586100000,\frac{\sqrt{\mathrm{JacobFro}}}{\mathrm{Snip} - \mathrm{GSynFlow} + \mathrm{MParams}},Jacob_fro Sqrt Snip GSynFlow Sub MParams Add Div <EOS>,(sqrt(Jacob_fro) / ((Snip - GSynFlow) + MParams)),0.586100000,0.400500000,47,8,4,2229,run_monash_time_unique1000,9,1,Monash__weather_dataset/seed_2229/run_monash_time_unique1000/visualizations/archive_latex.tex
256,0.770270270,0.586100000,\frac{\sqrt{\mathrm{JacobFro}}}{\mathrm{Snip} - \mathrm{GSynFlow} - \mathrm{MParams}},Jacob_fro Sqrt Snip GSynFlow MParams Sub Sub Div <EOS>,(sqrt(Jacob_fro) / (Snip - (GSynFlow - MParams))),0.586100000,0.400500000,60,8,4,2231,run_monash_time_unique1000,9,1,Monash__weather_dataset/seed_2231/run_monash_time_unique1000/visualizations/archive_latex.tex
257,0.769369369,0.586100000,\frac{\sqrt{\mathrm{JacobFro}}}{\mathrm{Snip} - \mathrm{GSynFlow} + \sqrt{\mathrm{ZiCo}}},Jacob_fro Sqrt Snip GSynFlow Sub ZiCo Sqrt Add Div <EOS>,(sqrt(Jacob_fro) / ((Snip - GSynFlow) + sqrt(ZiCo))),0.586100000,0.401000000,40,9,4,2113,run_monash_time_unique1000,10,1,Monash__weather_dataset/seed_2113/run_monash_time_unique1000/visualizations/archive_latex.tex
258,0.768468468,0.586100000,\frac{\sqrt{\mathrm{JacobFro}}}{\mathrm{Snip} - -\mathrm{MParams} + \mathrm{GSynFlow}},Jacob_fro Sqrt Snip MParams Negative GSynFlow Add Sub Div <EOS>,(sqrt(Jacob_fro) / (Snip - (-(MParams) + GSynFlow))),0.586100000,0.400500000,70,9,5,2288,run_monash_time_unique1000,10,1,Monash__weather_dataset/seed_2288/run_monash_time_unique1000/visualizations/archive_latex.tex
259,0.767567568,0.585800000,\frac{\mathrm{JacobFro}}{\mathrm{Snip}} - \frac{\mathrm{GSynFlow}}{\log\left(\mathrm{Snip}\right)},Jacob_fro Snip Div GSynFlow Snip Log Div Sub <EOS>,((Jacob_fro / Snip) - (GSynFlow / log(Snip))),0.585800000,0.395300000,173,8,4,2217,run_monash_time_unique1000,2,95,Monash__weather_dataset/seed_2217/run_monash_time_unique1000/visualizations/archive_latex.tex
260,0.766666667,0.585800000,\frac{-\mathrm{GSynFlow}}{\log\left(\mathrm{Snip}\right)} + \frac{\mathrm{JacobFro}}{\mathrm{Snip}},GSynFlow Negative Snip Log Div Jacob_fro Snip Div Add <EOS>,((-(GSynFlow) / log(Snip)) + (Jacob_fro / Snip)),0.585800000,0.395300000,183,9,4,2033,run_monash_time_unique1000,6,2,Monash__weather_dataset/seed_2033/run_monash_time_unique1000/visualizations/archive_latex.tex
261,0.765765766,0.585700000,\frac{\sqrt{\mathrm{JacobFro}}}{\log\left(\mathrm{GradNorm}\right) - \mathrm{GSynFlow} - \mathrm{Snip}},Jacob_fro Sqrt Grad_Norm Log GSynFlow Snip Sub Sub Div <EOS>,(sqrt(Jacob_fro) / (log(Grad_Norm) - (GSynFlow - Snip))),0.585700000,0.400300000,195,9,4,2205,run_monash_time_unique1000,3,1,Monash__weather_dataset/seed_2205/run_monash_time_unique1000/visualizations/archive_latex.tex
262,0.764864865,0.585700000,\frac{\sqrt{\mathrm{JacobFro}}}{\log\left(\mathrm{GradNorm}\right) - \mathrm{GSynFlow} + \mathrm{Snip}},Jacob_fro Sqrt Grad_Norm Log GSynFlow Sub Snip Add Div <EOS>,(sqrt(Jacob_fro) / ((log(Grad_Norm) - GSynFlow) + Snip)),0.585700000,0.400300000,50,9,5,2051,run_monash_time_unique1000,6,2,Monash__weather_dataset/seed_2051/run_monash_time_unique1000/visualizations/archive_latex.tex
263,0.763963964,0.585700000,\frac{\sqrt{\mathrm{JacobFro}}}{\mathrm{Snip} - \mathrm{GSynFlow}} - \log\left(\mathrm{Jacov}\right),Jacob_fro Sqrt Snip GSynFlow Sub Div Jacov Log Sub <EOS>,((sqrt(Jacob_fro) / (Snip - GSynFlow)) - log(Jacov)),0.585700000,0.400900000,78,9,4,2215,run_monash_time_unique1000,8,1,Monash__weather_dataset/seed_2215/run_monash_time_unique1000/visualizations/archive_latex.tex
264,0.763063063,0.585700000,\frac{\sqrt{\mathrm{JacobFro}}}{\mathrm{Snip} - \mathrm{GSynFlow} + \log\left(\mathrm{GradNorm}\right)},Jacob_fro Sqrt Snip GSynFlow Sub Grad_Norm Log Add Div <EOS>,(sqrt(Jacob_fro) / ((Snip - GSynFlow) + log(Grad_Norm))),0.585700000,0.400300000,42,9,4,2229,run_monash_time_unique1000,10,1,Monash__weather_dataset/seed_2229/run_monash_time_unique1000/visualizations/archive_latex.tex
265,0.762162162,0.585600000,\frac{\sqrt{\sqrt{\mathrm{GraSP}} + \mathrm{JacobFro}}}{\mathrm{Snip} - \mathrm{GSynFlow}},GraSP Sqrt Jacob_fro Add Sqrt Snip GSynFlow Sub Div <EOS>,(sqrt((sqrt(GraSP) + Jacob_fro)) / (Snip - GSynFlow)),0.585600000,0.401900000,116,9,5,2230,run_monash_time_unique1000,8,1,Monash__weather_dataset/seed_2230/run_monash_time_unique1000/visualizations/archive_latex.tex
266,0.761261261,0.585400000,\frac{\mathrm{JacobFro}}{\mathrm{Snip}} - \frac{\mathrm{GSynFlow}}{\log\left(\sqrt{\mathrm{JacobFro}}\right)},Jacob_fro Snip Div GSynFlow Jacob_fro Sqrt Log Div Sub <EOS>,((Jacob_fro / Snip) - (GSynFlow / log(sqrt(Jacob_fro)))),0.585400000,0.397400000,190,9,5,2169,run_monash_time_unique1000,6,3,Monash__weather_dataset/seed_2169/run_monash_time_unique1000/visualizations/archive_latex.tex
267,0.760360360,0.585300000,\frac{\sqrt{\mathrm{GFLOPs} + \mathrm{JacobFro}}}{\mathrm{Snip} - \mathrm{GSynFlow}},GFLOPs Jacob_fro Add Sqrt Snip GSynFlow Sub Div <EOS>,(sqrt((GFLOPs + Jacob_fro)) / (Snip - GSynFlow)),0.585300000,0.399900000,90,8,4,2123,run_monash_time_unique1000,1,1,Monash__weather_dataset/seed_2123/run_monash_time_unique1000/visualizations/archive_latex.tex
268,0.759459459,0.585300000,\frac{\sqrt{\mathrm{JacobFro}}}{\mathrm{Snip} - \mathrm{GSynFlow}},Jacob_fro Sqrt Snip GSynFlow Sub Div <EOS>,(sqrt(Jacob_fro) / (Snip - GSynFlow)),0.585300000,0.400400000,58,6,3,2131,run_monash_time_unique1000,2,20,Monash__weather_dataset/seed_2131/run_monash_time_unique1000/visualizations/archive_latex.tex
269,0.758558559,0.585300000,\frac{\sqrt{\mathrm{JacobFro} + \mathrm{GFLOPs}}}{\mathrm{Snip} - \mathrm{GSynFlow}},Jacob_fro GFLOPs Add Sqrt Snip GSynFlow Sub Div <EOS>,(sqrt((Jacob_fro + GFLOPs)) / (Snip - GSynFlow)),0.585300000,0.399900000,61,8,4,2131,run_monash_time_unique1000,3,2,Monash__weather_dataset/seed_2131/run_monash_time_unique1000/visualizations/archive_latex.tex
270,0.757657658,0.585300000,\frac{\sqrt{\mathrm{JacobFro}}}{\mathrm{Snip} + -\mathrm{GSynFlow}},Jacob_fro Sqrt Snip GSynFlow Negative Add Div <EOS>,(sqrt(Jacob_fro) / (Snip + -(GSynFlow))),0.585300000,0.400400000,100,7,4,2167,run_monash_time_unique1000,3,4,Monash__weather_dataset/seed_2167/run_monash_time_unique1000/visualizations/archive_latex.tex
271,0.756756757,0.585300000,\frac{\sqrt{\mathrm{MParams} + \mathrm{JacobFro}}}{\mathrm{Snip} - \mathrm{GSynFlow}},MParams Jacob_fro Add Sqrt Snip GSynFlow Sub Div <EOS>,(sqrt((MParams + Jacob_fro)) / (Snip - GSynFlow)),0.585300000,0.400400000,100,8,4,2130,run_monash_time_unique1000,5,1,Monash__weather_dataset/seed_2130/run_monash_time_unique1000/visualizations/archive_latex.tex
272,0.755855856,0.585300000,\frac{\frac{\mathrm{JacobFro}}{-\mathrm{GSynFlow} + \mathrm{Snip}}}{\sqrt{\mathrm{JacobFro}}},Jacob_fro GSynFlow Negative Snip Add Div Jacob_fro Sqrt Div <EOS>,((Jacob_fro / (-(GSynFlow) + Snip)) / sqrt(Jacob_fro)),0.585300000,0.400400000,146,9,5,2163,run_monash_time_unique1000,5,1,Monash__weather_dataset/seed_2163/run_monash_time_unique1000/visualizations/archive_latex.tex
273,0.754954955,0.585300000,\frac{\mathrm{JacobFro}}{\left(\sqrt{\mathrm{JacobFro}}\right) \cdot \left(\mathrm{Snip} - \mathrm{GSynFlow}\right)},Jacob_fro Jacob_fro Sqrt Snip GSynFlow Sub Mul Div <EOS>,(Jacob_fro / (sqrt(Jacob_fro) * (Snip - GSynFlow))),0.585300000,0.400400000,195,8,4,2292,run_monash_time_unique1000,5,1,Monash__weather_dataset/seed_2292/run_monash_time_unique1000/visualizations/archive_latex.tex
274,0.754054054,0.585300000,\frac{\sqrt{\mathrm{Fisher} + \mathrm{JacobFro}}}{\mathrm{Snip} - \mathrm{GSynFlow}},Fisher Jacob_fro Add Sqrt Snip GSynFlow Sub Div <EOS>,(sqrt((Fisher + Jacob_fro)) / (Snip - GSynFlow)),0.585300000,0.400200000,99,8,4,2130,run_monash_time_unique1000,6,1,Monash__weather_dataset/seed_2130/run_monash_time_unique1000/visualizations/archive_latex.tex
275,0.753153153,0.585300000,\frac{\sqrt{\mathrm{JacobFro}}}{-\mathrm{GSynFlow} + \mathrm{Snip}},Jacob_fro Sqrt GSynFlow Negative Snip Add Div <EOS>,(sqrt(Jacob_fro) / (-(GSynFlow) + Snip)),0.585300000,0.400400000,24,7,4,2051,run_monash_time_unique1000,7,1,Monash__weather_dataset/seed_2051/run_monash_time_unique1000/visualizations/archive_latex.tex
276,0.752252252,0.585300000,\frac{\frac{\mathrm{JacobFro}}{\mathrm{Snip} - \mathrm{GSynFlow}}}{\sqrt{\mathrm{JacobFro}}},Jacob_fro Snip GSynFlow Sub Div Jacob_fro Sqrt Div <EOS>,((Jacob_fro / (Snip - GSynFlow)) / sqrt(Jacob_fro)),0.585300000,0.400400000,182,8,4,2234,run_monash_time_unique1000,9,1,Monash__weather_dataset/seed_2234/run_monash_time_unique1000/visualizations/archive_latex.tex
277,0.751351351,0.585300000,\frac{\sqrt{\log\left(\mathrm{GSynFlow}\right) + \mathrm{JacobFro}}}{\mathrm{Snip} - \mathrm{GSynFlow}},GSynFlow Log Jacob_fro Add Sqrt Snip GSynFlow Sub Div <EOS>,(sqrt((log(GSynFlow) + Jacob_fro)) / (Snip - GSynFlow)),0.585300000,0.400900000,127,9,5,2230,run_monash_time_unique1000,10,1,Monash__weather_dataset/seed_2230/run_monash_time_unique1000/visualizations/archive_latex.tex
278,0.750450450,0.585100000,\frac{\sqrt{\mathrm{JacobFro}} - \left(\mathrm{GSynFlow}\right) \cdot \left(\log\left(\mathrm{MParams}\right)\right)}{\mathrm{Snip}},Jacob_fro Sqrt GSynFlow MParams Log Mul Sub Snip Div <EOS>,((sqrt(Jacob_fro) - (GSynFlow * log(MParams))) / Snip),0.585100000,0.424200000,131,9,5,2089,run_monash_time_unique1000,1,4,Monash__weather_dataset/seed_2089/run_monash_time_unique1000/visualizations/archive_latex.tex
279,0.749549550,0.585100000,\frac{\sqrt{\mathrm{JacobFro}}}{\left(\mathrm{GSynFlow}\right) \cdot \left(\log\left(\mathrm{ZiCo}\right)\right) + \mathrm{Snip}},Jacob_fro Sqrt GSynFlow ZiCo Log Mul Snip Add Div <EOS>,(sqrt(Jacob_fro) / ((GSynFlow * log(ZiCo)) + Snip)),0.585100000,0.400400000,25,9,5,2145,run_monash_time_unique1000,10,1,Monash__weather_dataset/seed_2145/run_monash_time_unique1000/visualizations/archive_latex.tex
280,0.748648649,0.585000000,\frac{\sqrt{\mathrm{JacobFro} - \mathrm{Fisher}}}{\mathrm{Snip} - \mathrm{GSynFlow}},Jacob_fro Fisher Sub Sqrt Snip GSynFlow Sub Div <EOS>,(sqrt((Jacob_fro - Fisher)) / (Snip - GSynFlow)),0.585000000,0.400400000,82,8,4,2250,run_monash_time_unique1000,2,1,Monash__weather_dataset/seed_2250/run_monash_time_unique1000/visualizations/archive_latex.tex
281,0.747747748,0.585000000,\frac{\mathrm{JacobFro}}{\mathrm{Snip} - \mathrm{GSynFlow}} - \log\left(\left(\mathrm{GSynFlow}\right)^2\right),Jacob_fro Snip GSynFlow Sub Div GSynFlow Square Log Sub <EOS>,((Jacob_fro / (Snip - GSynFlow)) - log(square(GSynFlow))),0.585000000,0.428600000,22,9,4,2162,run_monash_time_unique1000,3,11,Monash__weather_dataset/seed_2162/run_monash_time_unique1000/visualizations/archive_latex.tex
282,0.746846847,0.585000000,-\sqrt{\frac{\mathrm{GSynFlow}}{\mathrm{Fisher}}} + \frac{\mathrm{JacobFro}}{\mathrm{Snip}},GSynFlow Fisher Div Sqrt Negative Jacob_fro Snip Div Add <EOS>,(-(sqrt((GSynFlow / Fisher))) + (Jacob_fro / Snip)),0.585000000,0.390300000,185,9,5,2101,run_monash_time_unique1000,6,1,Monash__weather_dataset/seed_2101/run_monash_time_unique1000/visualizations/archive_latex.tex
283,0.745945946,0.585000000,\frac{\mathrm{JacobFro}}{\mathrm{Snip}} - \sqrt{\frac{\mathrm{GSynFlow}}{\mathrm{Fisher}}},Jacob_fro Snip Div GSynFlow Fisher Div Sqrt Sub <EOS>,((Jacob_fro / Snip) - sqrt((GSynFlow / Fisher))),0.585000000,0.390300000,121,8,4,2146,run_monash_time_unique1000,6,11,Monash__weather_dataset/seed_2146/run_monash_time_unique1000/visualizations/archive_latex.tex
284,0.745045045,0.585000000,\left(\frac{\mathrm{JacobFro}}{\mathrm{Snip}}\right)^2 - \left(\mathrm{GSynFlow}\right) \cdot \left(\log\left(\mathrm{Jacov}\right)\right),Jacob_fro Snip Div Square GSynFlow Jacov Log Mul Sub <EOS>,(square((Jacob_fro / Snip)) - (GSynFlow * log(Jacov))),0.585000000,0.411700000,184,9,4,2269,run_monash_time_unique1000,6,1,Monash__weather_dataset/seed_2269/run_monash_time_unique1000/visualizations/archive_latex.tex
285,0.744144144,0.585000000,\frac{\mathrm{JacobFro}}{\mathrm{Snip}} - \frac{\sqrt{\mathrm{GSynFlow}}}{\sqrt{\mathrm{Fisher}}},Jacob_fro Snip Div GSynFlow Sqrt Fisher Sqrt Div Sub <EOS>,((Jacob_fro / Snip) - (sqrt(GSynFlow) / sqrt(Fisher))),0.585000000,0.390300000,190,9,4,2159,run_monash_time_unique1000,10,2,Monash__weather_dataset/seed_2159/run_monash_time_unique1000/visualizations/archive_latex.tex
286,0.743243243,0.584800000,\frac{\sqrt{\mathrm{JacobFro}}}{-\mathrm{ZiCo} + \mathrm{GSynFlow} + \mathrm{Snip}},Jacob_fro Sqrt ZiCo GSynFlow Add Negative Snip Add Div <EOS>,(sqrt(Jacob_fro) / (-((ZiCo + GSynFlow)) + Snip)),0.584800000,0.400800000,33,9,5,2153,run_monash_time_unique1000,7,1,Monash__weather_dataset/seed_2153/run_monash_time_unique1000/visualizations/archive_latex.tex
287,0.742342342,0.584800000,\frac{\sqrt{\mathrm{JacobFro}}}{-\mathrm{GSynFlow} + \mathrm{ZiCo} + \mathrm{Snip}},Jacob_fro Sqrt GSynFlow ZiCo Add Negative Snip Add Div <EOS>,(sqrt(Jacob_fro) / (-((GSynFlow + ZiCo)) + Snip)),0.584800000,0.400800000,40,9,5,2051,run_monash_time_unique1000,8,1,Monash__weather_dataset/seed_2051/run_monash_time_unique1000/visualizations/archive_latex.tex
288,0.741441441,0.584800000,\frac{\sqrt{\mathrm{JacobFro}}}{\sqrt{\mathrm{Fisher}} - \mathrm{GSynFlow} + \mathrm{Snip}},Jacob_fro Sqrt Fisher Sqrt GSynFlow Sub Snip Add Div <EOS>,(sqrt(Jacob_fro) / ((sqrt(Fisher) - GSynFlow) + Snip)),0.584800000,0.401000000,53,9,5,2051,run_monash_time_unique1000,9,1,Monash__weather_dataset/seed_2051/run_monash_time_unique1000/visualizations/archive_latex.tex
289,0.740540541,0.584700000,\frac{\frac{\sqrt{\mathrm{JacobFro}}}{\mathrm{Snip} - \mathrm{GSynFlow}}}{\log\left(\mathrm{Snip}\right)},Jacob_fro Sqrt Snip GSynFlow Sub Div Snip Log Div <EOS>,((sqrt(Jacob_fro) / (Snip - GSynFlow)) / log(Snip)),0.584700000,0.392300000,47,9,4,2120,run_monash_time_unique1000,5,2,Monash__weather_dataset/seed_2120/run_monash_time_unique1000/visualizations/archive_latex.tex
290,0.739639640,0.584400000,\left(\frac{\mathrm{JacobFro}}{\mathrm{Snip}}\right)^2 - \left(\mathrm{GFLOPs}\right) \cdot \left(\mathrm{GSynFlow}\right),Jacob_fro Snip Div Square GFLOPs GSynFlow Mul Sub <EOS>,(square((Jacob_fro / Snip)) - (GFLOPs * GSynFlow)),0.584400000,0.385700000,51,8,4,2144,run_monash_time_unique1000,4,6,Monash__weather_dataset/seed_2144/run_monash_time_unique1000/visualizations/archive_latex.tex
291,0.738738739,0.584400000,\left(\frac{\mathrm{JacobFro}}{\mathrm{Snip}}\right)^2 - \left(\mathrm{GSynFlow}\right) \cdot \left(\mathrm{GFLOPs}\right),Jacob_fro Snip Div Square GSynFlow GFLOPs Mul Sub <EOS>,(square((Jacob_fro / Snip)) - (GSynFlow * GFLOPs)),0.584400000,0.385700000,129,8,4,2232,run_monash_time_unique1000,5,8,Monash__weather_dataset/seed_2232/run_monash_time_unique1000/visualizations/archive_latex.tex
292,0.737837838,0.584300000,\frac{\sqrt{\mathrm{JacobFro} + \mathrm{GradNorm}}}{\mathrm{Snip} - \mathrm{GSynFlow}},Jacob_fro Grad_Norm Add Sqrt Snip GSynFlow Sub Div <EOS>,(sqrt((Jacob_fro + Grad_Norm)) / (Snip - GSynFlow)),0.584300000,0.400300000,177,8,4,2096,run_monash_time_unique1000,1,1,Monash__weather_dataset/seed_2096/run_monash_time_unique1000/visualizations/archive_latex.tex
293,0.736936937,0.584300000,\sqrt{\frac{\mathrm{JacobFro}}{\mathrm{Snip}}} - \frac{\mathrm{GSynFlow}}{\mathrm{L2Norm}},Jacob_fro Snip Div Sqrt GSynFlow L2-Norm Div Sub <EOS>,(sqrt((Jacob_fro / Snip)) - (GSynFlow / L2-Norm)),0.584300000,0.386800000,182,8,4,2163,run_monash_time_unique1000,6,10,Monash__weather_dataset/seed_2163/run_monash_time_unique1000/visualizations/archive_latex.tex
294,0.736036036,0.584100000,\frac{\mathrm{JacobFro}}{\mathrm{Snip}} - \sqrt{\left(\mathrm{GSynFlow}\right)^2 - \mathrm{Jacov}},Jacob_fro Snip Div GSynFlow Square Jacov Sub Sqrt Sub <EOS>,((Jacob_fro / Snip) - sqrt((square(GSynFlow) - Jacov))),0.584100000,0.390100000,111,9,5,2144,run_monash_time_unique1000,5,2,Monash__weather_dataset/seed_2144/run_monash_time_unique1000/visualizations/archive_latex.tex
295,0.735135135,0.584000000,\frac{\sqrt{\mathrm{Snip} + \mathrm{JacobFro}}}{\mathrm{Snip} - \mathrm{GSynFlow}},Snip Jacob_fro Add Sqrt Snip GSynFlow Sub Div <EOS>,(sqrt((Snip + Jacob_fro)) / (Snip - GSynFlow)),0.584000000,0.399500000,178,8,4,2131,run_monash_time_unique1000,4,3,Monash__weather_dataset/seed_2131/run_monash_time_unique1000/visualizations/archive_latex.tex
296,0.734234234,0.584000000,\frac{\frac{\mathrm{JacobFro}}{\mathrm{Snip} - \mathrm{GSynFlow}}}{\sqrt{\mathrm{ZiCo}}},Jacob_fro Snip GSynFlow Sub Div ZiCo Sqrt Div <EOS>,((Jacob_fro / (Snip - GSynFlow)) / sqrt(ZiCo)),0.584000000,0.369500000,112,8,4,2135,run_monash_time_unique1000,8,2,Monash__weather_dataset/seed_2135/run_monash_time_unique1000/visualizations/archive_latex.tex
297,0.733333333,0.584000000,\frac{\frac{\mathrm{JacobFro}}{\sqrt{\mathrm{ZiCo}}}}{\mathrm{Snip} - \mathrm{GSynFlow}},Jacob_fro ZiCo Sqrt Div Snip GSynFlow Sub Div <EOS>,((Jacob_fro / sqrt(ZiCo)) / (Snip - GSynFlow)),0.584000000,0.369500000,43,8,4,2133,run_monash_time_unique1000,9,1,Monash__weather_dataset/seed_2133/run_monash_time_unique1000/visualizations/archive_latex.tex
298,0.732432432,0.583800000,\frac{\sqrt{\mathrm{JacobFro} - \mathrm{L2Norm}}}{-\mathrm{GSynFlow} + \mathrm{Snip}},Jacob_fro L2-Norm Sub Sqrt GSynFlow Negative Snip Add Div <EOS>,(sqrt((Jacob_fro - L2-Norm)) / (-(GSynFlow) + Snip)),0.583800000,0.400000000,54,9,4,2153,run_monash_time_unique1000,8,1,Monash__weather_dataset/seed_2153/run_monash_time_unique1000/visualizations/archive_latex.tex
299,0.731531532,0.583700000,\frac{\mathrm{ZiCo} + \sqrt{\mathrm{JacobFro}}}{\mathrm{Snip} + -\mathrm{GSynFlow}},ZiCo Jacob_fro Sqrt Add Snip GSynFlow Negative Add Div <EOS>,((ZiCo + sqrt(Jacob_fro)) / (Snip + -(GSynFlow))),0.583700000,0.400800000,159,9,4,2200,run_monash_time_unique1000,6,1,Monash__weather_dataset/seed_2200/run_monash_time_unique1000/visualizations/archive_latex.tex
300,0.730630631,0.583600000,\frac{\mathrm{JacobFro}}{\mathrm{Snip} - \mathrm{GSynFlow}} - \sqrt{\mathrm{Snip}},Jacob_fro Snip GSynFlow Sub Div Snip Sqrt Sub <EOS>,((Jacob_fro / (Snip - GSynFlow)) - sqrt(Snip)),0.583600000,0.409900000,40,8,4,2162,run_monash_time_unique1000,4,6,Monash__weather_dataset/seed_2162/run_monash_time_unique1000/visualizations/archive_latex.tex
301,0.729729730,0.583600000,\frac{\sqrt{\mathrm{JacobFro}}}{-\mathrm{MParams} - \mathrm{GSynFlow} - \mathrm{Snip}},Jacob_fro Sqrt MParams Negative GSynFlow Snip Sub Sub Div <EOS>,(sqrt(Jacob_fro) / (-(MParams) - (GSynFlow - Snip))),0.583600000,0.401100000,179,9,4,2205,run_monash_time_unique1000,5,1,Monash__weather_dataset/seed_2205/run_monash_time_unique1000/visualizations/archive_latex.tex
302,0.728828829,0.583600000,-\sqrt{\mathrm{Snip}} + \frac{\mathrm{JacobFro}}{\mathrm{Snip} - \mathrm{GSynFlow}},Snip Sqrt Negative Jacob_fro Snip GSynFlow Sub Div Add <EOS>,(-(sqrt(Snip)) + (Jacob_fro / (Snip - GSynFlow))),0.583600000,0.409900000,128,9,4,2101,run_monash_time_unique1000,7,1,Monash__weather_dataset/seed_2101/run_monash_time_unique1000/visualizations/archive_latex.tex
303,0.727927928,0.582700000,\frac{\mathrm{JacobFro}}{\mathrm{Snip} + -\mathrm{GSynFlow}} - \mathrm{L2Norm},Jacob_fro Snip GSynFlow Negative Add Div L2-Norm Sub <EOS>,((Jacob_fro / (Snip + -(GSynFlow))) - L2-Norm),0.582700000,0.394100000,76,8,5,2079,run_monash_time_unique1000,5,1,Monash__weather_dataset/seed_2079/run_monash_time_unique1000/visualizations/archive_latex.tex
304,0.727027027,0.582400000,\frac{\mathrm{JacobFro}}{\mathrm{Snip} + \left(\left(\mathrm{MParams}\right)^2\right) \cdot \left(\mathrm{GSynFlow}\right)},Jacob_fro Snip MParams Square GSynFlow Mul Add Div <EOS>,(Jacob_fro / (Snip + (square(MParams) * GSynFlow))),0.582400000,0.418300000,147,8,5,2287,run_monash_time_unique1000,1,1,Monash__weather_dataset/seed_2287/run_monash_time_unique1000/visualizations/archive_latex.tex
305,0.726126126,0.582400000,\frac{\mathrm{JacobFro}}{\left(\left(\mathrm{MParams}\right)^2\right) \cdot \left(\mathrm{GSynFlow}\right) + \mathrm{Snip}},Jacob_fro MParams Square GSynFlow Mul Snip Add Div <EOS>,(Jacob_fro / ((square(MParams) * GSynFlow) + Snip)),0.582400000,0.418300000,58,8,5,2061,run_monash_time_unique1000,9,1,Monash__weather_dataset/seed_2061/run_monash_time_unique1000/visualizations/archive_latex.tex
306,0.725225225,0.582400000,\frac{\mathrm{JacobFro}}{\left(\mathrm{GSynFlow}\right) \cdot \left(\left(\mathrm{MParams}\right)^2\right) + \mathrm{Snip}},Jacob_fro GSynFlow MParams Square Mul Snip Add Div <EOS>,(Jacob_fro / ((GSynFlow * square(MParams)) + Snip)),0.582400000,0.418300000,57,8,5,2153,run_monash_time_unique1000,9,2,Monash__weather_dataset/seed_2153/run_monash_time_unique1000/visualizations/archive_latex.tex
307,0.724324324,0.582400000,\frac{\left(\frac{\mathrm{JacobFro}}{\mathrm{Snip}}\right)^2}{\mathrm{GFLOPs}} - \mathrm{GSynFlow},Jacob_fro Snip Div Square GFLOPs Div GSynFlow Sub <EOS>,((square((Jacob_fro / Snip)) / GFLOPs) - GSynFlow),0.582400000,0.397000000,45,8,5,2041,run_monash_time_unique1000,10,1,Monash__weather_dataset/seed_2041/run_monash_time_unique1000/visualizations/archive_latex.tex
308,0.723423423,0.582200000,\frac{\mathrm{JacobFro}}{\mathrm{Snip}} - \frac{\mathrm{GSynFlow}}{\mathrm{GFLOPs}},Jacob_fro Snip Div GSynFlow GFLOPs Div Sub <EOS>,((Jacob_fro / Snip) - (GSynFlow / GFLOPs)),0.582200000,0.371700000,114,7,3,2245,run_monash_time_unique1000,1,82,Monash__weather_dataset/seed_2245/run_monash_time_unique1000/visualizations/archive_latex.tex
309,0.722522523,0.582200000,\frac{-\mathrm{GSynFlow}}{\mathrm{GFLOPs}} + \frac{\mathrm{JacobFro}}{\mathrm{Snip}},GSynFlow Negative GFLOPs Div Jacob_fro Snip Div Add <EOS>,((-(GSynFlow) / GFLOPs) + (Jacob_fro / Snip)),0.582200000,0.371700000,170,8,4,2172,run_monash_time_unique1000,2,2,Monash__weather_dataset/seed_2172/run_monash_time_unique1000/visualizations/archive_latex.tex
310,0.721621622,0.582200000,\frac{\sqrt{\mathrm{JacobFro}}}{\mathrm{Snip} + \mathrm{plain} - \mathrm{GSynFlow}},Jacob_fro Sqrt Snip plain GSynFlow Sub Add Div <EOS>,(sqrt(Jacob_fro) / (Snip + (plain - GSynFlow))),0.582200000,0.398100000,155,8,4,2167,run_monash_time_unique1000,4,1,Monash__weather_dataset/seed_2167/run_monash_time_unique1000/visualizations/archive_latex.tex
311,0.720720721,0.582200000,-\frac{\mathrm{GSynFlow}}{\mathrm{GFLOPs}} + \frac{\mathrm{JacobFro}}{\mathrm{Snip}},GSynFlow GFLOPs Div Negative Jacob_fro Snip Div Add <EOS>,(-((GSynFlow / GFLOPs)) + (Jacob_fro / Snip)),0.582200000,0.371700000,167,8,4,2101,run_monash_time_unique1000,8,1,Monash__weather_dataset/seed_2101/run_monash_time_unique1000/visualizations/archive_latex.tex
312,0.719819820,0.582200000,\frac{\sqrt{\mathrm{JacobFro}}}{\mathrm{plain} - \mathrm{GSynFlow} + \mathrm{Snip}},Jacob_fro Sqrt plain GSynFlow Sub Snip Add Div <EOS>,(sqrt(Jacob_fro) / ((plain - GSynFlow) + Snip)),0.582200000,0.398100000,38,8,4,2153,run_monash_time_unique1000,10,1,Monash__weather_dataset/seed_2153/run_monash_time_unique1000/visualizations/archive_latex.tex
313,0.718918919,0.582100000,\frac{\mathrm{MParams} + \sqrt{\mathrm{JacobFro}}}{\mathrm{Snip} - \mathrm{GSynFlow}},MParams Jacob_fro Sqrt Add Snip GSynFlow Sub Div <EOS>,((MParams + sqrt(Jacob_fro)) / (Snip - GSynFlow)),0.582100000,0.400300000,155,8,4,2200,run_monash_time_unique1000,7,1,Monash__weather_dataset/seed_2200/run_monash_time_unique1000/visualizations/archive_latex.tex
314,0.718018018,0.581800000,\frac{\mathrm{JacobFro}}{\mathrm{Snip}} - \left(\log\left(\sqrt{\mathrm{MParams}}\right)\right) \cdot \left(\mathrm{GSynFlow}\right),Jacob_fro Snip Div MParams Sqrt Log GSynFlow Mul Sub <EOS>,((Jacob_fro / Snip) - (log(sqrt(MParams)) * GSynFlow)),0.581800000,0.429000000,158,9,5,2217,run_monash_time_unique1000,4,17,Monash__weather_dataset/seed_2217/run_monash_time_unique1000/visualizations/archive_latex.tex
315,0.717117117,0.581800000,\frac{\mathrm{JacobFro}}{\mathrm{Snip}} - \left(\mathrm{GSynFlow}\right) \cdot \left(\log\left(\sqrt{\mathrm{MParams}}\right)\right),Jacob_fro Snip Div GSynFlow MParams Sqrt Log Mul Sub <EOS>,((Jacob_fro / Snip) - (GSynFlow * log(sqrt(MParams)))),0.581800000,0.429000000,74,9,5,2054,run_monash_time_unique1000,6,56,Monash__weather_dataset/seed_2054/run_monash_time_unique1000/visualizations/archive_latex.tex
316,0.716216216,0.581600000,\frac{\mathrm{JacobFro}}{\mathrm{Snip}} - \frac{\mathrm{GSynFlow}}{\mathrm{GradNorm}},Jacob_fro Snip Div GSynFlow Grad_Norm Div Sub <EOS>,((Jacob_fro / Snip) - (GSynFlow / Grad_Norm)),0.581600000,0.375800000,182,7,3,2245,run_monash_time_unique1000,2,64,Monash__weather_dataset/seed_2245/run_monash_time_unique1000/visualizations/archive_latex.tex
317,0.715315315,0.581600000,-\frac{\mathrm{GSynFlow}}{\mathrm{GradNorm}} + \frac{\mathrm{JacobFro}}{\mathrm{Snip}},GSynFlow Grad_Norm Div Negative Jacob_fro Snip Div Add <EOS>,(-((GSynFlow / Grad_Norm)) + (Jacob_fro / Snip)),0.581600000,0.375800000,171,8,4,2172,run_monash_time_unique1000,3,2,Monash__weather_dataset/seed_2172/run_monash_time_unique1000/visualizations/archive_latex.tex
318,0.714414414,0.581600000,\frac{\frac{\mathrm{JacobFro}}{\sqrt{\mathrm{Snip}}}}{\mathrm{Snip} - \mathrm{GSynFlow}},Jacob_fro Snip Sqrt Div Snip GSynFlow Sub Div <EOS>,((Jacob_fro / sqrt(Snip)) / (Snip - GSynFlow)),0.581600000,0.404500000,193,8,4,2225,run_monash_time_unique1000,3,3,Monash__weather_dataset/seed_2225/run_monash_time_unique1000/visualizations/archive_latex.tex
319,0.713513514,0.581600000,\frac{\mathrm{JacobFro}}{\left(-\mathrm{GSynFlow} + \mathrm{Snip}\right) \cdot \left(\sqrt{\mathrm{Snip}}\right)},Jacob_fro GSynFlow Negative Snip Add Snip Sqrt Mul Div <EOS>,(Jacob_fro / ((-(GSynFlow) + Snip) * sqrt(Snip))),0.581600000,0.404500000,28,9,5,2154,run_monash_time_unique1000,4,1,Monash__weather_dataset/seed_2154/run_monash_time_unique1000/visualizations/archive_latex.tex
320,0.712612613,0.581600000,\frac{\mathrm{JacobFro}}{\left(\sqrt{\mathrm{Snip}}\right) \cdot \left(\mathrm{Snip} - \mathrm{GSynFlow}\right)},Jacob_fro Snip Sqrt Snip GSynFlow Sub Mul Div <EOS>,(Jacob_fro / (sqrt(Snip) * (Snip - GSynFlow))),0.581600000,0.404500000,80,8,4,2155,run_monash_time_unique1000,5,1,Monash__weather_dataset/seed_2155/run_monash_time_unique1000/visualizations/archive_latex.tex
321,0.711711712,0.581600000,\frac{\frac{\mathrm{JacobFro}}{\mathrm{Snip} - \mathrm{GSynFlow}}}{\sqrt{\mathrm{Snip}}},Jacob_fro Snip GSynFlow Sub Div Snip Sqrt Div <EOS>,((Jacob_fro / (Snip - GSynFlow)) / sqrt(Snip)),0.581600000,0.404500000,175,8,4,2162,run_monash_time_unique1000,5,2,Monash__weather_dataset/seed_2162/run_monash_time_unique1000/visualizations/archive_latex.tex
322,0.710810811,0.581600000,\frac{\mathrm{JacobFro}}{\left(\mathrm{Snip} + -\mathrm{GSynFlow}\right) \cdot \left(\sqrt{\mathrm{Snip}}\right)},Jacob_fro Snip GSynFlow Negative Add Snip Sqrt Mul Div <EOS>,(Jacob_fro / ((Snip + -(GSynFlow)) * sqrt(Snip))),0.581600000,0.404500000,17,9,5,2297,run_monash_time_unique1000,7,1,Monash__weather_dataset/seed_2297/run_monash_time_unique1000/visualizations/archive_latex.tex
323,0.709909910,0.581600000,\frac{-\mathrm{GSynFlow}}{\mathrm{GradNorm}} + \frac{\mathrm{JacobFro}}{\mathrm{Snip}},GSynFlow Negative Grad_Norm Div Jacob_fro Snip Div Add <EOS>,((-(GSynFlow) / Grad_Norm) + (Jacob_fro / Snip)),0.581600000,0.375800000,184,8,4,2033,run_monash_time_unique1000,8,1,Monash__weather_dataset/seed_2033/run_monash_time_unique1000/visualizations/archive_latex.tex
324,0.709009009,0.581500000,\left(\sqrt{\mathrm{L2Norm}}\right) \cdot \left(\frac{\mathrm{JacobFro}}{\mathrm{Snip}}\right) - \mathrm{GSynFlow},L2-Norm Sqrt Jacob_fro Snip Div Mul GSynFlow Sub <EOS>,((sqrt(L2-Norm) * (Jacob_fro / Snip)) - GSynFlow),0.581500000,0.388800000,85,8,4,2172,run_monash_time_unique1000,4,1,Monash__weather_dataset/seed_2172/run_monash_time_unique1000/visualizations/archive_latex.tex
325,0.708108108,0.581300000,\frac{\mathrm{JacobFro} - \left(\sqrt{\mathrm{GSynFlow}}\right) \cdot \left(\mathrm{GSynFlow}\right)}{\mathrm{Snip}},Jacob_fro GSynFlow Sqrt GSynFlow Mul Sub Snip Div <EOS>,((Jacob_fro - (sqrt(GSynFlow) * GSynFlow)) / Snip),0.581300000,0.360500000,5,8,5,2067,run_monash_time_unique1000,8,1,Monash__weather_dataset/seed_2067/run_monash_time_unique1000/visualizations/archive_latex.tex
326,0.707207207,0.581200000,\frac{\frac{\mathrm{JacobFro}}{\mathrm{Snip}}}{\mathrm{ZiCo}} - \mathrm{GSynFlow},Jacob_fro Snip Div ZiCo Div GSynFlow Sub <EOS>,(((Jacob_fro / Snip) / ZiCo) - GSynFlow),0.581200000,0.388300000,127,7,4,2103,run_monash_time_unique1000,2,4,Monash__weather_dataset/seed_2103/run_monash_time_unique1000/visualizations/archive_latex.tex
327,0.706306306,0.581200000,\frac{\mathrm{JacobFro}}{\left(\mathrm{ZiCo}\right) \cdot \left(\mathrm{Snip}\right)} - \mathrm{GSynFlow},Jacob_fro ZiCo Snip Mul Div GSynFlow Sub <EOS>,((Jacob_fro / (ZiCo * Snip)) - GSynFlow),0.581200000,0.388300000,53,7,4,2079,run_monash_time_unique1000,6,5,Monash__weather_dataset/seed_2079/run_monash_time_unique1000/visualizations/archive_latex.tex
328,0.705405405,0.581200000,\frac{\mathrm{JacobFro}}{\left(\mathrm{Snip}\right) \cdot \left(\mathrm{ZiCo}\right)} - \mathrm{GSynFlow},Jacob_fro Snip ZiCo Mul Div GSynFlow Sub <EOS>,((Jacob_fro / (Snip * ZiCo)) - GSynFlow),0.581200000,0.388300000,17,7,4,2162,run_monash_time_unique1000,6,2,Monash__weather_dataset/seed_2162/run_monash_time_unique1000/visualizations/archive_latex.tex
329,0.704504505,0.581200000,\frac{\sqrt{\mathrm{JacobFro}}}{\mathrm{Snip} - \mathrm{GSynFlow} - \mathrm{Fisher}},Jacob_fro Sqrt Snip GSynFlow Fisher Sub Sub Div <EOS>,(sqrt(Jacob_fro) / (Snip - (GSynFlow - Fisher))),0.581200000,0.401400000,165,8,4,2205,run_monash_time_unique1000,6,1,Monash__weather_dataset/seed_2205/run_monash_time_unique1000/visualizations/archive_latex.tex
330,0.703603604,0.581200000,\frac{\frac{\mathrm{JacobFro}}{\mathrm{ZiCo}}}{\mathrm{Snip}} - \mathrm{GSynFlow},Jacob_fro ZiCo Div Snip Div GSynFlow Sub <EOS>,(((Jacob_fro / ZiCo) / Snip) - GSynFlow),0.581200000,0.388300000,6,7,4,2120,run_monash_time_unique1000,7,2,Monash__weather_dataset/seed_2120/run_monash_time_unique1000/visualizations/archive_latex.tex
331,0.702702703,0.581200000,\frac{\mathrm{JacobFro}}{\mathrm{Snip}} - \sqrt{\frac{\mathrm{GSynFlow}}{\mathrm{ZiCo}}},Jacob_fro Snip Div GSynFlow ZiCo Div Sqrt Sub <EOS>,((Jacob_fro / Snip) - sqrt((GSynFlow / ZiCo))),0.581200000,0.398500000,157,8,4,2293,run_monash_time_unique1000,7,10,Monash__weather_dataset/seed_2293/run_monash_time_unique1000/visualizations/archive_latex.tex
332,0.701801802,0.581200000,\frac{\mathrm{JacobFro}}{\mathrm{Snip}} - \frac{\sqrt{\mathrm{GSynFlow}}}{\sqrt{\mathrm{ZiCo}}},Jacob_fro Snip Div GSynFlow Sqrt ZiCo Sqrt Div Sub <EOS>,((Jacob_fro / Snip) - (sqrt(GSynFlow) / sqrt(ZiCo))),0.581200000,0.398500000,67,9,4,2100,run_monash_time_unique1000,8,2,Monash__weather_dataset/seed_2100/run_monash_time_unique1000/visualizations/archive_latex.tex
333,0.700900901,0.581200000,-\mathrm{GSynFlow} + \frac{\mathrm{JacobFro}}{\left(\mathrm{Snip}\right) \cdot \left(\mathrm{ZiCo}\right)},GSynFlow Negative Jacob_fro Snip ZiCo Mul Div Add <EOS>,(-(GSynFlow) + (Jacob_fro / (Snip * ZiCo))),0.581200000,0.388300000,92,8,4,2033,run_monash_time_unique1000,9,1,Monash__weather_dataset/seed_2033/run_monash_time_unique1000/visualizations/archive_latex.tex
334,0.700000000,0.581200000,-\mathrm{GSynFlow} + \frac{\mathrm{JacobFro}}{\left(\mathrm{ZiCo}\right) \cdot \left(\mathrm{Snip}\right)},GSynFlow Negative Jacob_fro ZiCo Snip Mul Div Add <EOS>,(-(GSynFlow) + (Jacob_fro / (ZiCo * Snip))),0.581200000,0.388300000,133,8,4,2101,run_monash_time_unique1000,10,1,Monash__weather_dataset/seed_2101/run_monash_time_unique1000/visualizations/archive_latex.tex
335,0.699099099,0.581000000,\frac{\mathrm{JacobFro}}{\mathrm{Snip}} - \frac{\sqrt{\mathrm{GSynFlow}}}{\mathrm{Fisher}},Jacob_fro Snip Div GSynFlow Sqrt Fisher Div Sub <EOS>,((Jacob_fro / Snip) - (sqrt(GSynFlow) / Fisher)),0.581000000,0.399800000,56,8,4,2292,run_monash_time_unique1000,7,13,Monash__weather_dataset/seed_2292/run_monash_time_unique1000/visualizations/archive_latex.tex
336,0.698198198,0.581000000,\frac{-\sqrt{\mathrm{GSynFlow}}}{\mathrm{Fisher}} + \frac{\mathrm{JacobFro}}{\mathrm{Snip}},GSynFlow Sqrt Negative Fisher Div Jacob_fro Snip Div Add <EOS>,((-(sqrt(GSynFlow)) / Fisher) + (Jacob_fro / Snip)),0.581000000,0.399800000,102,9,5,2033,run_monash_time_unique1000,10,1,Monash__weather_dataset/seed_2033/run_monash_time_unique1000/visualizations/archive_latex.tex
337,0.697297297,0.580900000,\frac{\frac{\mathrm{JacobFro}}{\log\left(\mathrm{JacobFro}\right)}}{\mathrm{Snip} - \mathrm{GSynFlow}},Jacob_fro Jacob_fro Log Div Snip GSynFlow Sub Div <EOS>,((Jacob_fro / log(Jacob_fro)) / (Snip - GSynFlow)),0.580900000,0.372200000,94,8,4,2123,run_monash_time_unique1000,2,1,Monash__weather_dataset/seed_2123/run_monash_time_unique1000/visualizations/archive_latex.tex
338,0.696396396,0.580900000,\frac{\frac{\mathrm{JacobFro}}{\mathrm{Snip} - \mathrm{GSynFlow}}}{\log\left(\mathrm{JacobFro}\right)},Jacob_fro Snip GSynFlow Sub Div Jacob_fro Log Div <EOS>,((Jacob_fro / (Snip - GSynFlow)) / log(Jacob_fro)),0.580900000,0.372200000,20,8,4,2120,run_monash_time_unique1000,8,2,Monash__weather_dataset/seed_2120/run_monash_time_unique1000/visualizations/archive_latex.tex
339,0.695495495,0.580900000,\frac{\mathrm{GFLOPs} + \sqrt{\mathrm{JacobFro}}}{\mathrm{Snip} + -\mathrm{GSynFlow}},GFLOPs Jacob_fro Sqrt Add Snip GSynFlow Negative Add Div <EOS>,((GFLOPs + sqrt(Jacob_fro)) / (Snip + -(GSynFlow))),0.580900000,0.393900000,186,9,4,2200,run_monash_time_unique1000,8,1,Monash__weather_dataset/seed_2200/run_monash_time_unique1000/visualizations/archive_latex.tex
340,0.694594595,0.580800000,\frac{\mathrm{JacobFro}}{\left(\mathrm{ZiCo}\right) \cdot \left(\mathrm{Snip}\right) + \mathrm{GSynFlow}},Jacob_fro ZiCo Snip Mul GSynFlow Add Div <EOS>,(Jacob_fro / ((ZiCo * Snip) + GSynFlow)),0.580800000,0.388200000,35,7,4,2044,run_monash_time_unique1000,1,2,Monash__weather_dataset/seed_2044/run_monash_time_unique1000/visualizations/archive_latex.tex
341,0.693693694,0.580800000,\frac{\mathrm{JacobFro}}{\left(\mathrm{Snip}\right) \cdot \left(\mathrm{ZiCo}\right) + \mathrm{GSynFlow}},Jacob_fro Snip ZiCo Mul GSynFlow Add Div <EOS>,(Jacob_fro / ((Snip * ZiCo) + GSynFlow)),0.580800000,0.388200000,43,7,4,2079,run_monash_time_unique1000,7,1,Monash__weather_dataset/seed_2079/run_monash_time_unique1000/visualizations/archive_latex.tex
342,0.692792793,0.580800000,\frac{\mathrm{JacobFro}}{\mathrm{GSynFlow} + \left(\mathrm{ZiCo}\right) \cdot \left(\mathrm{Snip}\right)},Jacob_fro GSynFlow ZiCo Snip Mul Add Div <EOS>,(Jacob_fro / (GSynFlow + (ZiCo * Snip))),0.580800000,0.388200000,179,7,4,2292,run_monash_time_unique1000,8,1,Monash__weather_dataset/seed_2292/run_monash_time_unique1000/visualizations/archive_latex.tex
343,0.691891892,0.580400000,\frac{\mathrm{JacobFro} - \frac{\left(\mathrm{GSynFlow}\right)^2}{\log\left(\mathrm{GraSP}\right)}}{\mathrm{Snip}},Jacob_fro GSynFlow Square GraSP Log Div Sub Snip Div <EOS>,((Jacob_fro - (square(GSynFlow) / log(GraSP))) / Snip),0.580400000,0.383600000,195,9,5,2281,run_monash_time_unique1000,2,1,Monash__weather_dataset/seed_2281/run_monash_time_unique1000/visualizations/archive_latex.tex
344,0.690990991,0.580300000,\frac{\mathrm{JacobFro}}{\left(\mathrm{Snip} - \mathrm{GSynFlow}\right) \cdot \left(\left(\log\left(\mathrm{Snip}\right)\right)^2\right)},Jacob_fro Snip GSynFlow Sub Snip Log Square Mul Div <EOS>,(Jacob_fro / ((Snip - GSynFlow) * square(log(Snip)))),0.580300000,0.394200000,162,9,5,2079,run_monash_time_unique1000,8,1,Monash__weather_dataset/seed_2079/run_monash_time_unique1000/visualizations/archive_latex.tex
345,0.690090090,0.580300000,\frac{\mathrm{JacobFro}}{\mathrm{Snip}} - \frac{\mathrm{GSynFlow}}{\log\left(\left(\mathrm{Snip}\right)^2\right)},Jacob_fro Snip Div GSynFlow Snip Square Log Div Sub <EOS>,((Jacob_fro / Snip) - (GSynFlow / log(square(Snip)))),0.580300000,0.388300000,125,9,5,2147,run_monash_time_unique1000,9,10,Monash__weather_dataset/seed_2147/run_monash_time_unique1000/visualizations/archive_latex.tex
346,0.689189189,0.580200000,\frac{\mathrm{JacobFro}}{\left(-\mathrm{GSynFlow} + \mathrm{Snip}\right) \cdot \left(\log\left(\mathrm{Snip}\right)\right)},Jacob_fro GSynFlow Negative Snip Add Snip Log Mul Div <EOS>,(Jacob_fro / ((-(GSynFlow) + Snip) * log(Snip))),0.580200000,0.378600000,13,9,5,2154,run_monash_time_unique1000,5,1,Monash__weather_dataset/seed_2154/run_monash_time_unique1000/visualizations/archive_latex.tex
347,0.688288288,0.580200000,\frac{\frac{\mathrm{JacobFro}}{\log\left(\mathrm{Snip}\right)}}{\mathrm{Snip} - \mathrm{GSynFlow}},Jacob_fro Snip Log Div Snip GSynFlow Sub Div <EOS>,((Jacob_fro / log(Snip)) / (Snip - GSynFlow)),0.580200000,0.378600000,139,8,4,2259,run_monash_time_unique1000,5,1,Monash__weather_dataset/seed_2259/run_monash_time_unique1000/visualizations/archive_latex.tex
348,0.687387387,0.580200000,\frac{\mathrm{JacobFro}}{\mathrm{Snip} - \mathrm{GSynFlow}} - \log\left(\left(\mathrm{JacobFro}\right)^2\right),Jacob_fro Snip GSynFlow Sub Div Jacob_fro Square Log Sub <EOS>,((Jacob_fro / (Snip - GSynFlow)) - log(square(Jacob_fro))),0.580200000,0.370400000,15,9,4,2162,run_monash_time_unique1000,7,1,Monash__weather_dataset/seed_2162/run_monash_time_unique1000/visualizations/archive_latex.tex
349,0.686486486,0.580200000,\frac{\mathrm{JacobFro}}{\left(\mathrm{Snip} - \mathrm{GSynFlow}\right) \cdot \left(\log\left(\mathrm{Snip}\right)\right)},Jacob_fro Snip GSynFlow Sub Snip Log Mul Div <EOS>,(Jacob_fro / ((Snip - GSynFlow) * log(Snip))),0.580200000,0.378600000,27,8,4,2297,run_monash_time_unique1000,8,2,Monash__weather_dataset/seed_2297/run_monash_time_unique1000/visualizations/archive_latex.tex
350,0.685585586,0.580200000,\frac{\frac{\mathrm{JacobFro}}{\mathrm{Snip} - \mathrm{GSynFlow}}}{\log\left(\mathrm{Snip}\right)},Jacob_fro Snip GSynFlow Sub Div Snip Log Div <EOS>,((Jacob_fro / (Snip - GSynFlow)) / log(Snip)),0.580200000,0.378600000,48,8,4,2120,run_monash_time_unique1000,9,3,Monash__weather_dataset/seed_2120/run_monash_time_unique1000/visualizations/archive_latex.tex
351,0.684684685,0.580100000,\frac{\mathrm{JacobFro}}{\mathrm{Snip}} - \frac{\mathrm{GSynFlow}}{\log\left(\mathrm{L2Norm}\right)},Jacob_fro Snip Div GSynFlow L2-Norm Log Div Sub <EOS>,((Jacob_fro / Snip) - (GSynFlow / log(L2-Norm))),0.580100000,0.389500000,168,8,4,2282,run_monash_time_unique1000,8,15,Monash__weather_dataset/seed_2282/run_monash_time_unique1000/visualizations/archive_latex.tex
352,0.683783784,0.580100000,\frac{\mathrm{JacobFro}}{\mathrm{Snip} + -\mathrm{GSynFlow}} - \sqrt{\mathrm{GSynFlow}},Jacob_fro Snip GSynFlow Negative Add Div GSynFlow Sqrt Sub <EOS>,((Jacob_fro / (Snip + -(GSynFlow))) - sqrt(GSynFlow)),0.580100000,0.412900000,104,9,5,2079,run_monash_time_unique1000,10,1,Monash__weather_dataset/seed_2079/run_monash_time_unique1000/visualizations/archive_latex.tex
353,0.682882883,0.580100000,\frac{\mathrm{JacobFro}}{\mathrm{Snip} - \mathrm{GSynFlow}} - \sqrt{\mathrm{GSynFlow}},Jacob_fro Snip GSynFlow Sub Div GSynFlow Sqrt Sub <EOS>,((Jacob_fro / (Snip - GSynFlow)) - sqrt(GSynFlow)),0.580100000,0.412900000,117,8,4,2144,run_monash_time_unique1000,10,1,Monash__weather_dataset/seed_2144/run_monash_time_unique1000/visualizations/archive_latex.tex
354,0.681981982,0.580000000,\frac{\frac{\mathrm{JacobFro}}{\left(\mathrm{Snip}\right)^2}}{\log\left(\mathrm{GraSP}\right) - \mathrm{GFLOPs}},Jacob_fro Snip Square Div GraSP Log GFLOPs Sub Div <EOS>,((Jacob_fro / square(Snip)) / (log(GraSP) - GFLOPs)),0.580000000,0.407800000,194,9,4,2287,run_monash_time_unique1000,3,9,Monash__weather_dataset/seed_2287/run_monash_time_unique1000/visualizations/archive_latex.tex
355,0.681081081,0.580000000,\frac{\frac{\mathrm{JacobFro}}{\log\left(\mathrm{GraSP}\right) - \mathrm{GFLOPs}}}{\left(\mathrm{Snip}\right)^2},Jacob_fro GraSP Log GFLOPs Sub Div Snip Square Div <EOS>,((Jacob_fro / (log(GraSP) - GFLOPs)) / square(Snip)),0.580000000,0.407800000,147,9,5,2266,run_monash_time_unique1000,7,2,Monash__weather_dataset/seed_2266/run_monash_time_unique1000/visualizations/archive_latex.tex
356,0.680180180,0.579900000,\left(\frac{\mathrm{JacobFro}}{\mathrm{Snip} + \mathrm{GSynFlow}}\right)^2 - \mathrm{GSynFlow},Jacob_fro Snip GSynFlow Add Div Square GSynFlow Sub <EOS>,(square((Jacob_fro / (Snip + GSynFlow))) - GSynFlow),0.579900000,0.395700000,11,8,5,2162,run_monash_time_unique1000,9,1,Monash__weather_dataset/seed_2162/run_monash_time_unique1000/visualizations/archive_latex.tex
357,0.679279279,0.579600000,\frac{\mathrm{JacobFro} - \frac{\left(\mathrm{GSynFlow}\right)^2}{\mathrm{GradNorm}}}{\mathrm{Snip}},Jacob_fro GSynFlow Square Grad_Norm Div Sub Snip Div <EOS>,((Jacob_fro - (square(GSynFlow) / Grad_Norm)) / Snip),0.579600000,0.357600000,127,8,5,2201,run_monash_time_unique1000,1,1,Monash__weather_dataset/seed_2201/run_monash_time_unique1000/visualizations/archive_latex.tex
358,0.678378378,0.579300000,\frac{\mathrm{JacobFro}}{\mathrm{Snip}} - \sqrt{\left(\mathrm{GSynFlow}\right) \cdot \left(\mathrm{GFLOPs}\right)},Jacob_fro Snip Div GSynFlow GFLOPs Mul Sqrt Sub <EOS>,((Jacob_fro / Snip) - sqrt((GSynFlow * GFLOPs))),0.579300000,0.407100000,139,8,4,2054,run_monash_time_unique1000,8,2,Monash__weather_dataset/seed_2054/run_monash_time_unique1000/visualizations/archive_latex.tex
359,0.677477477,0.579300000,\frac{\mathrm{JacobFro}}{\mathrm{Snip}} - \sqrt{\left(\mathrm{GFLOPs}\right) \cdot \left(\mathrm{GSynFlow}\right)},Jacob_fro Snip Div GFLOPs GSynFlow Mul Sqrt Sub <EOS>,((Jacob_fro / Snip) - sqrt((GFLOPs * GSynFlow))),0.579300000,0.407100000,122,8,4,2056,run_monash_time_unique1000,10,3,Monash__weather_dataset/seed_2056/run_monash_time_unique1000/visualizations/archive_latex.tex
360,0.676576577,0.579300000,\left(\frac{\mathrm{JacobFro}}{\mathrm{Snip} + \mathrm{Snip}}\right)^2 - \mathrm{GSynFlow},Jacob_fro Snip Snip Add Div Square GSynFlow Sub <EOS>,(square((Jacob_fro / (Snip + Snip))) - GSynFlow),0.579300000,0.387200000,18,8,5,2120,run_monash_time_unique1000,10,1,Monash__weather_dataset/seed_2120/run_monash_time_unique1000/visualizations/archive_latex.tex
361,0.675675676,0.579000000,\frac{\sqrt{\mathrm{JacobFro}}}{\mathrm{Snip} - \mathrm{GSynFlow} - \mathrm{GFLOPs}},Jacob_fro Sqrt Snip GSynFlow Sub GFLOPs Sub Div <EOS>,(sqrt(Jacob_fro) / ((Snip - GSynFlow) - GFLOPs)),0.579000000,0.398900000,30,8,4,2250,run_monash_time_unique1000,3,1,Monash__weather_dataset/seed_2250/run_monash_time_unique1000/visualizations/archive_latex.tex
362,0.674774775,0.579000000,\frac{\sqrt{\mathrm{JacobFro}}}{\mathrm{Snip} - \mathrm{GFLOPs} - \mathrm{GSynFlow}},Jacob_fro Sqrt Snip GFLOPs Sub GSynFlow Sub Div <EOS>,(sqrt(Jacob_fro) / ((Snip - GFLOPs) - GSynFlow)),0.579000000,0.398900000,130,8,4,2214,run_monash_time_unique1000,5,1,Monash__weather_dataset/seed_2214/run_monash_time_unique1000/visualizations/archive_latex.tex
363,0.673873874,0.578900000,\frac{\mathrm{JacobFro}}{-\mathrm{GradNorm} - \mathrm{GSynFlow} - \mathrm{Snip}},Jacob_fro Grad_Norm Negative GSynFlow Snip Sub Sub Div <EOS>,(Jacob_fro / (-(Grad_Norm) - (GSynFlow - Snip))),0.578900000,0.317900000,179,8,4,2205,run_monash_time_unique1000,7,1,Monash__weather_dataset/seed_2205/run_monash_time_unique1000/visualizations/archive_latex.tex
364,0.672972973,0.578500000,\left(\frac{\mathrm{JacobFro}}{\mathrm{Snip}}\right) \cdot \left(\log\left(\mathrm{L2Norm}\right)\right) - \mathrm{GSynFlow},Jacob_fro Snip Div L2-Norm Log Mul GSynFlow Sub <EOS>,(((Jacob_fro / Snip) * log(L2-Norm)) - GSynFlow),0.578500000,0.390200000,156,8,4,2103,run_monash_time_unique1000,3,1,Monash__weather_dataset/seed_2103/run_monash_time_unique1000/visualizations/archive_latex.tex
365,0.672072072,0.578500000,\frac{\mathrm{JacobFro}}{\mathrm{Snip} - \mathrm{GSynFlow}} - \left(\mathrm{MParams}\right)^2,Jacob_fro Snip GSynFlow Sub Div MParams Square Sub <EOS>,((Jacob_fro / (Snip - GSynFlow)) - square(MParams)),0.578500000,0.378400000,140,8,4,2245,run_monash_time_unique1000,3,1,Monash__weather_dataset/seed_2245/run_monash_time_unique1000/visualizations/archive_latex.tex
366,0.671171171,0.578500000,\frac{\mathrm{JacobFro}}{\mathrm{Snip}} - \frac{\mathrm{GSynFlow}}{\log\left(\left(\mathrm{GradNorm}\right)^2\right)},Jacob_fro Snip Div GSynFlow Grad_Norm Square Log Div Sub <EOS>,((Jacob_fro / Snip) - (GSynFlow / log(square(Grad_Norm)))),0.578500000,0.407500000,111,9,5,2228,run_monash_time_unique1000,8,6,Monash__weather_dataset/seed_2228/run_monash_time_unique1000/visualizations/archive_latex.tex
367,0.670270270,0.578400000,\frac{\mathrm{JacobFro}}{\left(-\mathrm{GSynFlow} + \mathrm{Snip}\right) \cdot \left(\sqrt{\mathrm{L2Norm}}\right)},Jacob_fro GSynFlow Negative Snip Add L2-Norm Sqrt Mul Div <EOS>,(Jacob_fro / ((-(GSynFlow) + Snip) * sqrt(L2-Norm))),0.578400000,0.361300000,59,9,5,2154,run_monash_time_unique1000,6,1,Monash__weather_dataset/seed_2154/run_monash_time_unique1000/visualizations/archive_latex.tex
368,0.669369369,0.578400000,\frac{\mathrm{JacobFro}}{\left(\sqrt{\mathrm{L2Norm}}\right) \cdot \left(\mathrm{Snip} - \mathrm{GSynFlow}\right)},Jacob_fro L2-Norm Sqrt Snip GSynFlow Sub Mul Div <EOS>,(Jacob_fro / (sqrt(L2-Norm) * (Snip - GSynFlow))),0.578400000,0.361300000,93,8,4,2155,run_monash_time_unique1000,6,1,Monash__weather_dataset/seed_2155/run_monash_time_unique1000/visualizations/archive_latex.tex
369,0.668468468,0.577800000,\frac{\sqrt{\mathrm{JacobFro}} - \mathrm{Fisher}}{\mathrm{Snip} - \mathrm{GSynFlow}},Jacob_fro Sqrt Fisher Sub Snip GSynFlow Sub Div <EOS>,((sqrt(Jacob_fro) - Fisher) / (Snip - GSynFlow)),0.577800000,0.402900000,82,8,4,2250,run_monash_time_unique1000,4,1,Monash__weather_dataset/seed_2250/run_monash_time_unique1000/visualizations/archive_latex.tex
370,0.667567568,0.577800000,\frac{\left(\frac{\mathrm{JacobFro}}{\mathrm{Snip}}\right)^2}{\mathrm{Snip} - \mathrm{GSynFlow}},Jacob_fro Snip Div Square Snip GSynFlow Sub Div <EOS>,(square((Jacob_fro / Snip)) / (Snip - GSynFlow)),0.577800000,0.414600000,99,8,4,2214,run_monash_time_unique1000,6,1,Monash__weather_dataset/seed_2214/run_monash_time_unique1000/visualizations/archive_latex.tex
371,0.666666667,0.577600000,\frac{\sqrt{\frac{\mathrm{JacobFro}}{\mathrm{ZiCo}}}}{\mathrm{Snip} + \mathrm{GSynFlow}},Jacob_fro ZiCo Div Sqrt Snip GSynFlow Add Div <EOS>,(sqrt((Jacob_fro / ZiCo)) / (Snip + GSynFlow)),0.577600000,0.375200000,177,8,4,2096,run_monash_time_unique1000,2,1,Monash__weather_dataset/seed_2096/run_monash_time_unique1000/visualizations/archive_latex.tex
372,0.665765766,0.577600000,\frac{\mathrm{JacobFro}}{\left(\mathrm{ZiCo}\right) \cdot \left(\left(\mathrm{Snip} + \mathrm{GSynFlow}\right)^2\right)},Jacob_fro ZiCo Snip GSynFlow Add Square Mul Div <EOS>,(Jacob_fro / (ZiCo * square((Snip + GSynFlow)))),0.577600000,0.375200000,102,8,5,2266,run_monash_time_unique1000,8,1,Monash__weather_dataset/seed_2266/run_monash_time_unique1000/visualizations/archive_latex.tex
373,0.664864865,0.577100000,\frac{\mathrm{JacobFro}}{\mathrm{Snip} - \mathrm{GSynFlow}} - \log\left(\mathrm{GSynFlow}\right),Jacob_fro Snip GSynFlow Sub Div GSynFlow Log Sub <EOS>,((Jacob_fro / (Snip - GSynFlow)) - log(GSynFlow)),0.577100000,0.418000000,11,8,4,2162,run_monash_time_unique1000,10,1,Monash__weather_dataset/seed_2162/run_monash_time_unique1000/visualizations/archive_latex.tex
374,0.663963964,0.576800000,\frac{\sqrt{\mathrm{JacobFro}} - \frac{\mathrm{GSynFlow}}{\mathrm{GFLOPs}}}{\mathrm{Snip}},Jacob_fro Sqrt GSynFlow GFLOPs Div Sub Snip Div <EOS>,((sqrt(Jacob_fro) - (GSynFlow / GFLOPs)) / Snip),0.576800000,0.366900000,156,8,4,2181,run_monash_time_unique1000,2,2,Monash__weather_dataset/seed_2181/run_monash_time_unique1000/visualizations/archive_latex.tex
375,0.663063063,0.576500000,\frac{\mathrm{JacobFro}}{\mathrm{Snip} - \mathrm{GSynFlow}} - \mathrm{MParams},Jacob_fro Snip GSynFlow Sub Div MParams Sub <EOS>,((Jacob_fro / (Snip - GSynFlow)) - MParams),0.576500000,0.366100000,131,7,4,2136,run_monash_time_unique1000,1,2,Monash__weather_dataset/seed_2136/run_monash_time_unique1000/visualizations/archive_latex.tex
376,0.662162162,0.576500000,\frac{\sqrt{\mathrm{JacobFro}} - \mathrm{plain}}{\mathrm{Snip} + -\mathrm{GSynFlow}},Jacob_fro Sqrt plain Sub Snip GSynFlow Negative Add Div <EOS>,((sqrt(Jacob_fro) - plain) / (Snip + -(GSynFlow))),0.576500000,0.395000000,148,9,4,2200,run_monash_time_unique1000,9,1,Monash__weather_dataset/seed_2200/run_monash_time_unique1000/visualizations/archive_latex.tex
377,0.661261261,0.576400000,\frac{\sqrt{\mathrm{JacobFro}} - \frac{\mathrm{GSynFlow}}{\log\left(\mathrm{GSynFlow}\right)}}{\mathrm{Snip}},Jacob_fro Sqrt GSynFlow GSynFlow Log Div Sub Snip Div <EOS>,((sqrt(Jacob_fro) - (GSynFlow / log(GSynFlow))) / Snip),0.576400000,0.388800000,61,9,5,2181,run_monash_time_unique1000,3,1,Monash__weather_dataset/seed_2181/run_monash_time_unique1000/visualizations/archive_latex.tex
378,0.660360360,0.576000000,\frac{\mathrm{JacobFro} - \frac{\left(\mathrm{GSynFlow}\right)^2}{\log\left(\mathrm{Snip}\right)}}{\mathrm{Snip}},Jacob_fro GSynFlow Square Snip Log Div Sub Snip Div <EOS>,((Jacob_fro - (square(GSynFlow) / log(Snip))) / Snip),0.576000000,0.392400000,186,9,5,2142,run_monash_time_unique1000,1,2,Monash__weather_dataset/seed_2142/run_monash_time_unique1000/visualizations/archive_latex.tex
379,0.659459459,0.576000000,\frac{\frac{\mathrm{JacobFro}}{\log\left(\mathrm{L2Norm}\right)}}{\mathrm{Snip} - \mathrm{GSynFlow}},Jacob_fro L2-Norm Log Div Snip GSynFlow Sub Div <EOS>,((Jacob_fro / log(L2-Norm)) / (Snip - GSynFlow)),0.576000000,0.363800000,141,8,4,2259,run_monash_time_unique1000,7,1,Monash__weather_dataset/seed_2259/run_monash_time_unique1000/visualizations/archive_latex.tex
380,0.658558559,0.575800000,\frac{\mathrm{JacobFro}}{\mathrm{Snip} - \mathrm{GSynFlow}} + \mathrm{Fisher},Jacob_fro Snip GSynFlow Sub Div Fisher Add <EOS>,((Jacob_fro / (Snip - GSynFlow)) + Fisher),0.575800000,0.339000000,132,7,4,2225,run_monash_time_unique1000,5,1,Monash__weather_dataset/seed_2225/run_monash_time_unique1000/visualizations/archive_latex.tex
381,0.657657658,0.575800000,\frac{\mathrm{JacobFro}}{\mathrm{Snip} - \mathrm{GSynFlow}} - \log\left(\mathrm{MParams}\right),Jacob_fro Snip GSynFlow Sub Div MParams Log Sub <EOS>,((Jacob_fro / (Snip - GSynFlow)) - log(MParams)),0.575800000,0.364500000,173,8,4,2293,run_monash_time_unique1000,9,1,Monash__weather_dataset/seed_2293/run_monash_time_unique1000/visualizations/archive_latex.tex
382,0.656756757,0.575700000,\frac{\mathrm{JacobFro}}{\mathrm{Snip}} - \left(\sqrt{\mathrm{GSynFlow}}\right) \cdot \left(\log\left(\mathrm{GFLOPs}\right)\right),Jacob_fro Snip Div GSynFlow Sqrt GFLOPs Log Mul Sub <EOS>,((Jacob_fro / Snip) - (sqrt(GSynFlow) * log(GFLOPs))),0.575700000,0.398700000,174,9,4,2217,run_monash_time_unique1000,6,4,Monash__weather_dataset/seed_2217/run_monash_time_unique1000/visualizations/archive_latex.tex
383,0.655855856,0.575700000,\frac{\mathrm{JacobFro}}{\mathrm{Snip}} - \left(\log\left(\mathrm{GFLOPs}\right)\right) \cdot \left(\sqrt{\mathrm{GSynFlow}}\right),Jacob_fro Snip Div GFLOPs Log GSynFlow Sqrt Mul Sub <EOS>,((Jacob_fro / Snip) - (log(GFLOPs) * sqrt(GSynFlow))),0.575700000,0.398700000,90,9,4,2293,run_monash_time_unique1000,10,1,Monash__weather_dataset/seed_2293/run_monash_time_unique1000/visualizations/archive_latex.tex
384,0.654954955,0.575600000,\frac{\sqrt{\mathrm{JacobFro}} - \left(\frac{\mathrm{MParams}}{\mathrm{Fisher}}\right)^2}{\mathrm{Snip}},Jacob_fro Sqrt MParams Fisher Div Square Sub Snip Div <EOS>,((sqrt(Jacob_fro) - square((MParams / Fisher))) / Snip),0.575600000,0.417500000,198,9,5,2142,run_monash_time_unique1000,2,1,Monash__weather_dataset/seed_2142/run_monash_time_unique1000/visualizations/archive_latex.tex
385,0.654054054,0.575400000,\frac{\mathrm{JacobFro} - \frac{\left(\mathrm{GSynFlow}\right)^2}{\log\left(\mathrm{GSynFlow}\right)}}{\mathrm{Snip}},Jacob_fro GSynFlow Square GSynFlow Log Div Sub Snip Div <EOS>,((Jacob_fro - (square(GSynFlow) / log(GSynFlow))) / Snip),0.575400000,0.391100000,82,9,5,2201,run_monash_time_unique1000,3,1,Monash__weather_dataset/seed_2201/run_monash_time_unique1000/visualizations/archive_latex.tex
386,0.653153153,0.574700000,\frac{\mathrm{JacobFro}}{\mathrm{Snip} - \mathrm{GSynFlow} + \sqrt{\mathrm{Fisher}}},Jacob_fro Snip GSynFlow Fisher Sqrt Add Sub Div <EOS>,(Jacob_fro / (Snip - (GSynFlow + sqrt(Fisher)))),0.574700000,0.361900000,198,8,5,2205,run_monash_time_unique1000,8,1,Monash__weather_dataset/seed_2205/run_monash_time_unique1000/visualizations/archive_latex.tex
387,0.652252252,0.574600000,\frac{\sqrt{\frac{\mathrm{JacobFro}}{\left(\mathrm{L2Norm}\right)^2}}}{\mathrm{Snip} - \mathrm{GSynFlow}},Jacob_fro L2-Norm Square Div Sqrt Snip GSynFlow Sub Div <EOS>,(sqrt((Jacob_fro / square(L2-Norm))) / (Snip - GSynFlow)),0.574600000,0.399300000,144,9,5,2259,run_monash_time_unique1000,8,1,Monash__weather_dataset/seed_2259/run_monash_time_unique1000/visualizations/archive_latex.tex
388,0.651351351,0.574600000,\frac{\frac{\sqrt{\mathrm{JacobFro}}}{\mathrm{Snip} - \mathrm{GSynFlow}}}{\mathrm{L2Norm}},Jacob_fro Sqrt Snip GSynFlow Sub Div L2-Norm Div <EOS>,((sqrt(Jacob_fro) / (Snip - GSynFlow)) / L2-Norm),0.574600000,0.399300000,159,8,4,2205,run_monash_time_unique1000,9,1,Monash__weather_dataset/seed_2205/run_monash_time_unique1000/visualizations/archive_latex.tex
389,0.650450450,0.574500000,\frac{\mathrm{JacobFro} + -\mathrm{GraSP}}{\mathrm{Snip} - \mathrm{GSynFlow}},Jacob_fro GraSP Negative Add Snip GSynFlow Sub Div <EOS>,((Jacob_fro + -(GraSP)) / (Snip - GSynFlow)),0.574500000,0.331800000,168,8,4,2251,run_monash_time_unique1000,6,1,Monash__weather_dataset/seed_2251/run_monash_time_unique1000/visualizations/archive_latex.tex
390,0.649549550,0.574200000,\frac{\mathrm{JacobFro}}{\mathrm{Snip} - \mathrm{GSynFlow}} - \mathrm{GFLOPs},Jacob_fro Snip GSynFlow Sub Div GFLOPs Sub <EOS>,((Jacob_fro / (Snip - GSynFlow)) - GFLOPs),0.574200000,0.382000000,136,7,4,2136,run_monash_time_unique1000,2,3,Monash__weather_dataset/seed_2136/run_monash_time_unique1000/visualizations/archive_latex.tex
391,0.648648649,0.574200000,\frac{\mathrm{JacobFro}}{\mathrm{Snip} + -\mathrm{GSynFlow}} - \mathrm{GFLOPs},Jacob_fro Snip GSynFlow Negative Add Div GFLOPs Sub <EOS>,((Jacob_fro / (Snip + -(GSynFlow))) - GFLOPs),0.574200000,0.382000000,62,8,5,2251,run_monash_time_unique1000,7,1,Monash__weather_dataset/seed_2251/run_monash_time_unique1000/visualizations/archive_latex.tex
392,0.647747748,0.574000000,\frac{\mathrm{GradNorm} - \mathrm{Snip} - \mathrm{GSynFlow}}{\sqrt{\mathrm{JacobFro}}},Grad_Norm Snip Sub GSynFlow Sub Jacob_fro Sqrt Div <EOS>,(((Grad_Norm - Snip) - GSynFlow) / sqrt(Jacob_fro)),0.574000000,0.383800000,12,8,4,2137,run_monash_time_unique1000,1,1,Monash__weather_dataset/seed_2137/run_monash_time_unique1000/visualizations/archive_latex.tex
393,0.646846847,0.574000000,\frac{\mathrm{GradNorm} - \mathrm{Snip} + \mathrm{GSynFlow}}{\sqrt{\mathrm{JacobFro}}},Grad_Norm Snip GSynFlow Add Sub Jacob_fro Sqrt Div <EOS>,((Grad_Norm - (Snip + GSynFlow)) / sqrt(Jacob_fro)),0.574000000,0.383800000,11,8,4,2267,run_monash_time_unique1000,1,1,Monash__weather_dataset/seed_2267/run_monash_time_unique1000/visualizations/archive_latex.tex
394,0.645945946,0.574000000,\frac{\sqrt{\mathrm{JacobFro}}}{\mathrm{Snip} + \mathrm{GSynFlow} - \mathrm{GradNorm}},Jacob_fro Sqrt Snip GSynFlow Add Grad_Norm Sub Div <EOS>,(sqrt(Jacob_fro) / ((Snip + GSynFlow) - Grad_Norm)),0.574000000,0.383800000,113,8,4,2155,run_monash_time_unique1000,7,1,Monash__weather_dataset/seed_2155/run_monash_time_unique1000/visualizations/archive_latex.tex
395,0.645045045,0.573900000,\frac{\frac{\mathrm{JacobFro}}{\log\left(\mathrm{GraSP}\right)}}{\mathrm{Snip} - \mathrm{GSynFlow}},Jacob_fro GraSP Log Div Snip GSynFlow Sub Div <EOS>,((Jacob_fro / log(GraSP)) / (Snip - GSynFlow)),0.573900000,0.385600000,42,8,4,2251,run_monash_time_unique1000,8,2,Monash__weather_dataset/seed_2251/run_monash_time_unique1000/visualizations/archive_latex.tex
396,0.644144144,0.573700000,\frac{\mathrm{GradNorm} + \mathrm{JacobFro}}{\mathrm{Snip} - \mathrm{GSynFlow}},Grad_Norm Jacob_fro Add Snip GSynFlow Sub Div <EOS>,((Grad_Norm + Jacob_fro) / (Snip - GSynFlow)),0.573700000,0.362000000,6,7,3,2277,run_monash_time_unique1000,1,1,Monash__weather_dataset/seed_2277/run_monash_time_unique1000/visualizations/archive_latex.tex
397,0.643243243,0.573700000,\frac{\mathrm{JacobFro} + \mathrm{GradNorm}}{\mathrm{Snip} - \mathrm{GSynFlow}},Jacob_fro Grad_Norm Add Snip GSynFlow Sub Div <EOS>,((Jacob_fro + Grad_Norm) / (Snip - GSynFlow)),0.573700000,0.362000000,89,7,3,2131,run_monash_time_unique1000,7,1,Monash__weather_dataset/seed_2131/run_monash_time_unique1000/visualizations/archive_latex.tex
398,0.642342342,0.573700000,\frac{\mathrm{GradNorm} + \mathrm{JacobFro}}{\mathrm{Snip} + -\mathrm{GSynFlow}},Grad_Norm Jacob_fro Add Snip GSynFlow Negative Add Div <EOS>,((Grad_Norm + Jacob_fro) / (Snip + -(GSynFlow))),0.573700000,0.362000000,147,8,4,2200,run_monash_time_unique1000,10,1,Monash__weather_dataset/seed_2200/run_monash_time_unique1000/visualizations/archive_latex.tex
399,0.641441441,0.573600000,\frac{\mathrm{JacobFro}}{\mathrm{Snip} - -\mathrm{GSynFlow}} - \sqrt{\mathrm{GSynFlow}},Jacob_fro Snip GSynFlow Negative Sub Div GSynFlow Sqrt Sub <EOS>,((Jacob_fro / (Snip - -(GSynFlow))) - sqrt(GSynFlow)),0.573600000,0.408200000,93,9,5,2266,run_monash_time_unique1000,9,1,Monash__weather_dataset/seed_2266/run_monash_time_unique1000/visualizations/archive_latex.tex
400,0.640540541,0.573400000,\frac{\sqrt{\mathrm{JacobFro}}}{\mathrm{ZiCo}} - \mathrm{Snip} - \mathrm{GSynFlow},Jacob_fro Sqrt ZiCo Div Snip Sub GSynFlow Sub <EOS>,(((sqrt(Jacob_fro) / ZiCo) - Snip) - GSynFlow),0.573400000,0.402500000,153,8,5,2030,run_monash_time_unique1000,1,1,Monash__weather_dataset/seed_2030/run_monash_time_unique1000/visualizations/archive_latex.tex
401,0.639639640,0.573400000,\frac{\sqrt{\mathrm{JacobFro}} - \mathrm{MParams}}{\mathrm{GSynFlow} + \mathrm{Snip}},Jacob_fro Sqrt MParams Sub GSynFlow Snip Add Div <EOS>,((sqrt(Jacob_fro) - MParams) / (GSynFlow + Snip)),0.573400000,0.387400000,113,8,4,2194,run_monash_time_unique1000,1,1,Monash__weather_dataset/seed_2194/run_monash_time_unique1000/visualizations/archive_latex.tex
402,0.638738739,0.573400000,\frac{\mathrm{JacobFro}}{\mathrm{Snip} - \mathrm{GSynFlow} + \sqrt{\mathrm{L2Norm}}},Jacob_fro Snip GSynFlow L2-Norm Sqrt Add Sub Div <EOS>,(Jacob_fro / (Snip - (GSynFlow + sqrt(L2-Norm)))),0.573400000,0.320000000,187,8,5,2157,run_monash_time_unique1000,5,1,Monash__weather_dataset/seed_2157/run_monash_time_unique1000/visualizations/archive_latex.tex
403,0.637837838,0.573100000,\frac{\mathrm{JacobFro}}{\mathrm{Snip} - \mathrm{GSynFlow}} - \log\left(\mathrm{GraSP}\right),Jacob_fro Snip GSynFlow Sub Div GraSP Log Sub <EOS>,((Jacob_fro / (Snip - GSynFlow)) - log(GraSP)),0.573100000,0.376700000,142,8,4,2245,run_monash_time_unique1000,5,1,Monash__weather_dataset/seed_2245/run_monash_time_unique1000/visualizations/archive_latex.tex
404,0.636936937,0.572900000,\frac{\mathrm{JacobFro}}{\mathrm{Snip} - \mathrm{GSynFlow} + \mathrm{ZiCo}},Jacob_fro Snip GSynFlow ZiCo Add Sub Div <EOS>,(Jacob_fro / (Snip - (GSynFlow + ZiCo))),0.572900000,0.361200000,67,7,4,2259,run_monash_time_unique1000,10,1,Monash__weather_dataset/seed_2259/run_monash_time_unique1000/visualizations/archive_latex.tex
405,0.636036036,0.572700000,\frac{\mathrm{JacobFro}}{\mathrm{Snip} + -\mathrm{GSynFlow} - \mathrm{Fisher}},Jacob_fro Snip GSynFlow Fisher Sub Negative Add Div <EOS>,(Jacob_fro / (Snip + -((GSynFlow - Fisher)))),0.572700000,0.361200000,13,8,5,2167,run_monash_time_unique1000,5,1,Monash__weather_dataset/seed_2167/run_monash_time_unique1000/visualizations/archive_latex.tex
406,0.635135135,0.572700000,\frac{\mathrm{JacobFro}}{\mathrm{Fisher} - \mathrm{GSynFlow} - \mathrm{Snip}},Jacob_fro Fisher GSynFlow Snip Sub Sub Div <EOS>,(Jacob_fro / (Fisher - (GSynFlow - Snip))),0.572700000,0.361200000,107,7,4,2250,run_monash_time_unique1000,5,1,Monash__weather_dataset/seed_2250/run_monash_time_unique1000/visualizations/archive_latex.tex
407,0.634234234,0.572700000,\frac{\mathrm{JacobFro}}{\mathrm{Snip} - \mathrm{GSynFlow} + \mathrm{Fisher}},Jacob_fro Snip GSynFlow Sub Fisher Add Div <EOS>,(Jacob_fro / ((Snip - GSynFlow) + Fisher)),0.572700000,0.361200000,105,7,4,2266,run_monash_time_unique1000,10,1,Monash__weather_dataset/seed_2266/run_monash_time_unique1000/visualizations/archive_latex.tex
408,0.633333333,0.572600000,\frac{\mathrm{JacobFro}}{\mathrm{Snip} + \mathrm{plain} - \mathrm{GSynFlow}},Jacob_fro Snip plain Add GSynFlow Sub Div <EOS>,(Jacob_fro / ((Snip + plain) - GSynFlow)),0.572600000,0.360500000,110,7,4,2250,run_monash_time_unique1000,6,1,Monash__weather_dataset/seed_2250/run_monash_time_unique1000/visualizations/archive_latex.tex
409,0.632432432,0.572600000,\frac{\mathrm{JacobFro}}{\left(\mathrm{Snip} + -\mathrm{GSynFlow}\right) \cdot \left(\log\left(\mathrm{GradNorm}\right)\right)},Jacob_fro Snip GSynFlow Negative Add Grad_Norm Log Mul Div <EOS>,(Jacob_fro / ((Snip + -(GSynFlow)) * log(Grad_Norm))),0.572600000,0.385400000,18,9,5,2297,run_monash_time_unique1000,10,1,Monash__weather_dataset/seed_2297/run_monash_time_unique1000/visualizations/archive_latex.tex
410,0.631531532,0.572500000,\frac{\log\left(\mathrm{JacobFro}\right) - \left(\mathrm{MParams}\right)^2}{\mathrm{ZiCo}},Jacob_fro Log MParams Square Sub ZiCo Div <EOS>,((log(Jacob_fro) - square(MParams)) / ZiCo),0.572500000,0.354200000,34,7,4,2183,run_monash_time_unique1000,1,3,Monash__weather_dataset/seed_2183/run_monash_time_unique1000/visualizations/archive_latex.tex
411,0.630630631,0.572500000,\frac{\mathrm{JacobFro}}{\mathrm{Snip} - \mathrm{GSynFlow}} - \sqrt{\mathrm{MParams}},Jacob_fro Snip GSynFlow Sub Div MParams Sqrt Sub <EOS>,((Jacob_fro / (Snip - GSynFlow)) - sqrt(MParams)),0.572500000,0.367300000,138,8,4,2245,run_monash_time_unique1000,6,1,Monash__weather_dataset/seed_2245/run_monash_time_unique1000/visualizations/archive_latex.tex
412,0.629729730,0.572500000,\frac{\frac{\mathrm{JacobFro}}{\mathrm{Snip}} - \sqrt{\mathrm{GSynFlow}}}{\left(\mathrm{ZiCo}\right)^2},Jacob_fro Snip Div GSynFlow Sqrt Sub ZiCo Square Div <EOS>,(((Jacob_fro / Snip) - sqrt(GSynFlow)) / square(ZiCo)),0.572500000,0.395500000,107,9,4,2282,run_monash_time_unique1000,10,1,Monash__weather_dataset/seed_2282/run_monash_time_unique1000/visualizations/archive_latex.tex
413,0.628828829,0.572400000,\frac{\mathrm{JacobFro} - \mathrm{Snip}}{\mathrm{Snip} - \mathrm{GSynFlow}},Jacob_fro Snip Sub Snip GSynFlow Sub Div <EOS>,((Jacob_fro - Snip) / (Snip - GSynFlow)),0.572400000,0.364000000,105,7,3,2177,run_monash_time_unique1000,1,3,Monash__weather_dataset/seed_2177/run_monash_time_unique1000/visualizations/archive_latex.tex
414,0.627927928,0.572400000,\frac{\mathrm{JacobFro} - \mathrm{GFLOPs}}{-\mathrm{GSynFlow} + \mathrm{Snip}},Jacob_fro GFLOPs Sub GSynFlow Negative Snip Add Div <EOS>,((Jacob_fro - GFLOPs) / (-(GSynFlow) + Snip)),0.572400000,0.362600000,118,8,4,2194,run_monash_time_unique1000,2,1,Monash__weather_dataset/seed_2194/run_monash_time_unique1000/visualizations/archive_latex.tex
415,0.627027027,0.572400000,\frac{\mathrm{JacobFro} - \mathrm{GSynFlow}}{\mathrm{Snip} - \mathrm{GSynFlow}},Jacob_fro GSynFlow Sub Snip GSynFlow Sub Div <EOS>,((Jacob_fro - GSynFlow) / (Snip - GSynFlow)),0.572400000,0.364000000,124,7,3,2157,run_monash_time_unique1000,6,1,Monash__weather_dataset/seed_2157/run_monash_time_unique1000/visualizations/archive_latex.tex
416,0.626126126,0.572400000,\frac{\mathrm{GFLOPs} - \mathrm{JacobFro}}{\mathrm{GSynFlow} - \mathrm{Snip}},GFLOPs Jacob_fro Sub GSynFlow Snip Sub Div <EOS>,((GFLOPs - Jacob_fro) / (GSynFlow - Snip)),0.572400000,0.362600000,10,7,3,2154,run_monash_time_unique1000,7,1,Monash__weather_dataset/seed_2154/run_monash_time_unique1000/visualizations/archive_latex.tex
417,0.625225225,0.572400000,\frac{\mathrm{JacobFro}}{\mathrm{Snip} - \mathrm{GSynFlow}} - \mathrm{ZiCo},Jacob_fro Snip GSynFlow Sub Div ZiCo Sub <EOS>,((Jacob_fro / (Snip - GSynFlow)) - ZiCo),0.572400000,0.360400000,140,7,4,2245,run_monash_time_unique1000,7,1,Monash__weather_dataset/seed_2245/run_monash_time_unique1000/visualizations/archive_latex.tex
418,0.624324324,0.572400000,\frac{\mathrm{JacobFro}}{\mathrm{Snip} + -\log\left(\mathrm{L2Norm}\right) - \mathrm{GSynFlow}},Jacob_fro Snip L2-Norm Log Negative Add GSynFlow Sub Div <EOS>,(Jacob_fro / ((Snip + -(log(L2-Norm))) - GSynFlow)),0.572400000,0.364800000,56,9,6,2250,run_monash_time_unique1000,7,1,Monash__weather_dataset/seed_2250/run_monash_time_unique1000/visualizations/archive_latex.tex
419,0.623423423,0.572400000,\frac{\mathrm{GSynFlow} - \mathrm{JacobFro}}{\mathrm{GSynFlow} - \mathrm{Snip}},GSynFlow Jacob_fro Sub GSynFlow Snip Sub Div <EOS>,((GSynFlow - Jacob_fro) / (GSynFlow - Snip)),0.572400000,0.364000000,6,7,3,2154,run_monash_time_unique1000,8,1,Monash__weather_dataset/seed_2154/run_monash_time_unique1000/visualizations/archive_latex.tex
420,0.622522523,0.572300000,\frac{\mathrm{JacobFro} - \left(\mathrm{MParams}\right)^2}{\mathrm{Snip} - \mathrm{GSynFlow}},Jacob_fro MParams Square Sub Snip GSynFlow Sub Div <EOS>,((Jacob_fro - square(MParams)) / (Snip - GSynFlow)),0.572300000,0.361700000,173,8,4,2183,run_monash_time_unique1000,2,1,Monash__weather_dataset/seed_2183/run_monash_time_unique1000/visualizations/archive_latex.tex
421,0.621621622,0.572300000,\frac{\mathrm{JacobFro}}{\mathrm{Snip} - \mathrm{GSynFlow} + \sqrt{\mathrm{MParams}}},Jacob_fro Snip GSynFlow Sub MParams Sqrt Add Div <EOS>,(Jacob_fro / ((Snip - GSynFlow) + sqrt(MParams))),0.572300000,0.363500000,139,8,4,2287,run_monash_time_unique1000,4,1,Monash__weather_dataset/seed_2287/run_monash_time_unique1000/visualizations/archive_latex.tex
422,0.620720721,0.572300000,\frac{\frac{\left(\mathrm{JacobFro}\right)^2}{\mathrm{Snip}}}{\mathrm{Snip} - \mathrm{GSynFlow}},Jacob_fro Square Snip Div Snip GSynFlow Sub Div <EOS>,((square(Jacob_fro) / Snip) / (Snip - GSynFlow)),0.572300000,0.369500000,189,8,4,2157,run_monash_time_unique1000,7,1,Monash__weather_dataset/seed_2157/run_monash_time_unique1000/visualizations/archive_latex.tex
423,0.619819820,0.572300000,\frac{\left(\mathrm{JacobFro}\right)^2}{\left(\mathrm{Snip} - \mathrm{GSynFlow}\right) \cdot \left(\mathrm{Snip}\right)},Jacob_fro Square Snip GSynFlow Sub Snip Mul Div <EOS>,(square(Jacob_fro) / ((Snip - GSynFlow) * Snip)),0.572300000,0.369500000,92,8,4,2250,run_monash_time_unique1000,8,1,Monash__weather_dataset/seed_2250/run_monash_time_unique1000/visualizations/archive_latex.tex
424,0.618918919,0.572200000,\frac{\mathrm{JacobFro}}{\left(\left(\mathrm{Jacov}\right)^2\right) \cdot \left(\mathrm{Snip} - \mathrm{GSynFlow}\right)},Jacob_fro Jacov Square Snip GSynFlow Sub Mul Div <EOS>,(Jacob_fro / (square(Jacov) * (Snip - GSynFlow))),0.572200000,0.361100000,167,8,4,2214,run_monash_time_unique1000,7,1,Monash__weather_dataset/seed_2214/run_monash_time_unique1000/visualizations/archive_latex.tex
425,0.618018018,0.572000000,\frac{\left(\mathrm{plain}\right)^2 + \mathrm{JacobFro}}{\mathrm{Snip} - \mathrm{GSynFlow}},plain Square Jacob_fro Add Snip GSynFlow Sub Div <EOS>,((square(plain) + Jacob_fro) / (Snip - GSynFlow)),0.572000000,0.362500000,11,8,4,2277,run_monash_time_unique1000,2,1,Monash__weather_dataset/seed_2277/run_monash_time_unique1000/visualizations/archive_latex.tex
426,0.617117117,0.571900000,\frac{\mathrm{JacobFro}}{\mathrm{Snip} - \mathrm{GSynFlow} + \mathrm{plain}},Jacob_fro Snip GSynFlow plain Add Sub Div <EOS>,(Jacob_fro / (Snip - (GSynFlow + plain))),0.571900000,0.362400000,138,7,4,2196,run_monash_time_unique1000,1,3,Monash__weather_dataset/seed_2196/run_monash_time_unique1000/visualizations/archive_latex.tex
427,0.616216216,0.571800000,\frac{\mathrm{JacobFro} - \mathrm{MParams}}{\mathrm{Snip} - \mathrm{GSynFlow}},Jacob_fro MParams Sub Snip GSynFlow Sub Div <EOS>,((Jacob_fro - MParams) / (Snip - GSynFlow)),0.571800000,0.361700000,117,7,3,2152,run_monash_time_unique1000,1,1,Monash__weather_dataset/seed_2152/run_monash_time_unique1000/visualizations/archive_latex.tex
428,0.615315315,0.571700000,\frac{\mathrm{JacobFro}}{\mathrm{Snip}} - \left(\mathrm{GSynFlow}\right) \cdot \left(\log\left(\mathrm{MParams}\right)\right),Jacob_fro Snip Div GSynFlow MParams Log Mul Sub <EOS>,((Jacob_fro / Snip) - (GSynFlow * log(MParams))),0.571700000,0.426900000,173,8,4,2044,run_monash_time_unique1000,2,5,Monash__weather_dataset/seed_2044/run_monash_time_unique1000/visualizations/archive_latex.tex
429,0.614414414,0.571700000,\frac{\mathrm{JacobFro} - \sqrt{\mathrm{L2Norm}}}{\mathrm{Snip} - \mathrm{GSynFlow}},Jacob_fro L2-Norm Sqrt Sub Snip GSynFlow Sub Div <EOS>,((Jacob_fro - sqrt(L2-Norm)) / (Snip - GSynFlow)),0.571700000,0.362800000,103,8,4,2177,run_monash_time_unique1000,2,1,Monash__weather_dataset/seed_2177/run_monash_time_unique1000/visualizations/archive_latex.tex
430,0.613513514,0.571700000,\frac{\mathrm{plain} + \sqrt{\mathrm{JacobFro}}}{\mathrm{GSynFlow} + \mathrm{Snip}},plain Jacob_fro Sqrt Add GSynFlow Snip Add Div <EOS>,((plain + sqrt(Jacob_fro)) / (GSynFlow + Snip)),0.571700000,0.392200000,109,8,4,2194,run_monash_time_unique1000,3,2,Monash__weather_dataset/seed_2194/run_monash_time_unique1000/visualizations/archive_latex.tex
431,0.612612613,0.571700000,\frac{\mathrm{JacobFro}}{\mathrm{Snip}} - \left(\log\left(\mathrm{MParams}\right)\right) \cdot \left(\mathrm{GSynFlow}\right),Jacob_fro Snip Div MParams Log GSynFlow Mul Sub <EOS>,((Jacob_fro / Snip) - (log(MParams) * GSynFlow)),0.571700000,0.426900000,157,8,4,2217,run_monash_time_unique1000,7,1,Monash__weather_dataset/seed_2217/run_monash_time_unique1000/visualizations/archive_latex.tex
432,0.611711712,0.571700000,\frac{\mathrm{GradNorm} - \mathrm{JacobFro}}{\mathrm{GSynFlow} - \mathrm{Snip}},Grad_Norm Jacob_fro Sub GSynFlow Snip Sub Div <EOS>,((Grad_Norm - Jacob_fro) / (GSynFlow - Snip)),0.571700000,0.362300000,57,7,3,2225,run_monash_time_unique1000,7,1,Monash__weather_dataset/seed_2225/run_monash_time_unique1000/visualizations/archive_latex.tex
433,0.610810811,0.571600000,\frac{\mathrm{JacobFro}}{\left(\sqrt{\mathrm{GFLOPs}}\right) \cdot \left(\mathrm{Snip} - \mathrm{GSynFlow}\right)},Jacob_fro GFLOPs Sqrt Snip GSynFlow Sub Mul Div <EOS>,(Jacob_fro / (sqrt(GFLOPs) * (Snip - GSynFlow))),0.571600000,0.387500000,79,8,4,2155,run_monash_time_unique1000,8,1,Monash__weather_dataset/seed_2155/run_monash_time_unique1000/visualizations/archive_latex.tex
434,0.609909910,0.571600000,\frac{\mathrm{JacobFro}}{\left(\mathrm{Snip} - \mathrm{GSynFlow}\right) \cdot \left(\sqrt{\mathrm{GFLOPs}}\right)},Jacob_fro Snip GSynFlow Sub GFLOPs Sqrt Mul Div <EOS>,(Jacob_fro / ((Snip - GSynFlow) * sqrt(GFLOPs))),0.571600000,0.387500000,91,8,4,2250,run_monash_time_unique1000,9,1,Monash__weather_dataset/seed_2250/run_monash_time_unique1000/visualizations/archive_latex.tex
435,0.609009009,0.571500000,\frac{\mathrm{JacobFro} + \mathrm{Snip}}{\mathrm{Snip} - \mathrm{GSynFlow}},Jacob_fro Snip Add Snip GSynFlow Sub Div <EOS>,((Jacob_fro + Snip) / (Snip - GSynFlow)),0.571500000,0.359500000,90,7,3,2131,run_monash_time_unique1000,9,1,Monash__weather_dataset/seed_2131/run_monash_time_unique1000/visualizations/archive_latex.tex
436,0.608108108,0.571400000,\frac{\sqrt{\mathrm{JacobFro}} - \left(\mathrm{MParams}\right)^2}{\mathrm{GSynFlow} + \mathrm{Snip}},Jacob_fro Sqrt MParams Square Sub GSynFlow Snip Add Div <EOS>,((sqrt(Jacob_fro) - square(MParams)) / (GSynFlow + Snip)),0.571400000,0.386600000,112,9,4,2194,run_monash_time_unique1000,4,1,Monash__weather_dataset/seed_2194/run_monash_time_unique1000/visualizations/archive_latex.tex
437,0.607207207,0.571300000,\frac{\mathrm{JacobFro}}{\left(\mathrm{Fisher}\right)^2 - \mathrm{GSynFlow} - \mathrm{Snip}},Jacob_fro Fisher Square GSynFlow Snip Sub Sub Div <EOS>,(Jacob_fro / (square(Fisher) - (GSynFlow - Snip))),0.571300000,0.361800000,191,8,4,2250,run_monash_time_unique1000,10,1,Monash__weather_dataset/seed_2250/run_monash_time_unique1000/visualizations/archive_latex.tex
438,0.606306306,0.571200000,\frac{\mathrm{JacobFro}}{\left(-\mathrm{GSynFlow} + \mathrm{Snip}\right) \cdot \left(\left(\mathrm{L2Norm}\right)^2\right)},Jacob_fro GSynFlow Negative Snip Add L2-Norm Square Mul Div <EOS>,(Jacob_fro / ((-(GSynFlow) + Snip) * square(L2-Norm))),0.571200000,0.379200000,60,9,5,2154,run_monash_time_unique1000,10,1,Monash__weather_dataset/seed_2154/run_monash_time_unique1000/visualizations/archive_latex.tex
439,0.605405405,0.571100000,\frac{\mathrm{JacobFro}}{-\mathrm{GSynFlow} + \mathrm{Snip}},Jacob_fro GSynFlow Negative Snip Add Div <EOS>,(Jacob_fro / (-(GSynFlow) + Snip)),0.571100000,0.361700000,44,6,4,2029,run_monash_time_unique1000,1,4,Monash__weather_dataset/seed_2029/run_monash_time_unique1000/visualizations/archive_latex.tex
440,0.604504505,0.571100000,\frac{-\mathrm{JacobFro}}{\mathrm{GSynFlow} - \mathrm{Snip}},Jacob_fro Negative GSynFlow Snip Sub Div <EOS>,(-(Jacob_fro) / (GSynFlow - Snip)),0.571100000,0.361700000,135,6,3,2040,run_monash_time_unique1000,1,2,Monash__weather_dataset/seed_2040/run_monash_time_unique1000/visualizations/archive_latex.tex
441,0.603603604,0.571100000,\frac{\mathrm{JacobFro}}{\mathrm{Snip} - \mathrm{GSynFlow}},Jacob_fro Snip GSynFlow Sub Div <EOS>,(Jacob_fro / (Snip - GSynFlow)),0.571100000,0.361700000,75,5,3,2048,run_monash_time_unique1000,1,19,Monash__weather_dataset/seed_2048/run_monash_time_unique1000/visualizations/archive_latex.tex
442,0.602702703,0.571100000,\frac{\left(\mathrm{ZiCo}\right)^2 - \mathrm{JacobFro}}{\mathrm{GSynFlow} - \mathrm{Snip}},ZiCo Square Jacob_fro Sub GSynFlow Snip Sub Div <EOS>,((square(ZiCo) - Jacob_fro) / (GSynFlow - Snip)),0.571100000,0.361700000,66,8,4,2196,run_monash_time_unique1000,2,1,Monash__weather_dataset/seed_2196/run_monash_time_unique1000/visualizations/archive_latex.tex
443,0.601801802,0.571100000,\frac{\mathrm{JacobFro} - \sqrt{\mathrm{Snip}}}{\mathrm{Snip} - \mathrm{GSynFlow}},Jacob_fro Snip Sqrt Sub Snip GSynFlow Sub Div <EOS>,((Jacob_fro - sqrt(Snip)) / (Snip - GSynFlow)),0.571100000,0.362500000,104,8,4,2177,run_monash_time_unique1000,3,1,Monash__weather_dataset/seed_2177/run_monash_time_unique1000/visualizations/archive_latex.tex
444,0.600900901,0.571100000,\frac{\mathrm{plain} + \mathrm{JacobFro}}{\mathrm{Snip} - \mathrm{GSynFlow}},plain Jacob_fro Add Snip GSynFlow Sub Div <EOS>,((plain + Jacob_fro) / (Snip - GSynFlow)),0.571100000,0.362100000,7,7,3,2277,run_monash_time_unique1000,3,1,Monash__weather_dataset/seed_2277/run_monash_time_unique1000/visualizations/archive_latex.tex
445,0.600000000,0.571100000,\frac{\mathrm{JacobFro} - \sqrt{\mathrm{plain}}}{\mathrm{Snip} - \mathrm{GSynFlow}},Jacob_fro plain Sqrt Sub Snip GSynFlow Sub Div <EOS>,((Jacob_fro - sqrt(plain)) / (Snip - GSynFlow)),0.571100000,0.361400000,106,8,4,2177,run_monash_time_unique1000,4,1,Monash__weather_dataset/seed_2177/run_monash_time_unique1000/visualizations/archive_latex.tex
446,0.599099099,0.571100000,\frac{-\mathrm{plain} + \mathrm{JacobFro}}{\mathrm{Snip} - \mathrm{GSynFlow}},plain Negative Jacob_fro Add Snip GSynFlow Sub Div <EOS>,((-(plain) + Jacob_fro) / (Snip - GSynFlow)),0.571100000,0.361400000,10,8,4,2277,run_monash_time_unique1000,5,1,Monash__weather_dataset/seed_2277/run_monash_time_unique1000/visualizations/archive_latex.tex
447,0.598198198,0.571100000,\frac{\mathrm{JacobFro}}{\left(\mathrm{Snip}\right)^2} - \left(\log\left(\mathrm{MParams}\right)\right) \cdot \left(\mathrm{MParams}\right),Jacob_fro Snip Square Div MParams Log MParams Mul Sub <EOS>,((Jacob_fro / square(Snip)) - (log(MParams) * MParams)),0.571100000,0.401000000,162,9,4,2217,run_monash_time_unique1000,8,1,Monash__weather_dataset/seed_2217/run_monash_time_unique1000/visualizations/archive_latex.tex
448,0.597297297,0.571100000,\frac{\mathrm{JacobFro} - \log\left(\mathrm{Snip}\right)}{\mathrm{Snip} - \mathrm{GSynFlow}},Jacob_fro Snip Log Sub Snip GSynFlow Sub Div <EOS>,((Jacob_fro - log(Snip)) / (Snip - GSynFlow)),0.571100000,0.362700000,138,8,4,2225,run_monash_time_unique1000,8,1,Monash__weather_dataset/seed_2225/run_monash_time_unique1000/visualizations/archive_latex.tex
449,0.596396396,0.571100000,\frac{\mathrm{JacobFro} + \mathrm{plain}}{\mathrm{Snip} - \mathrm{GSynFlow}},Jacob_fro plain Add Snip GSynFlow Sub Div <EOS>,((Jacob_fro + plain) / (Snip - GSynFlow)),0.571100000,0.362100000,169,7,3,2251,run_monash_time_unique1000,9,1,Monash__weather_dataset/seed_2251/run_monash_time_unique1000/visualizations/archive_latex.tex
450,0.595495495,0.571100000,\frac{\mathrm{JacobFro}}{\left(\mathrm{Snip}\right)^2} - \left(\mathrm{MParams}\right) \cdot \left(\log\left(\mathrm{MParams}\right)\right),Jacob_fro Snip Square Div MParams MParams Log Mul Sub <EOS>,((Jacob_fro / square(Snip)) - (MParams * log(MParams))),0.571100000,0.401000000,169,9,4,2228,run_monash_time_unique1000,10,1,Monash__weather_dataset/seed_2228/run_monash_time_unique1000/visualizations/archive_latex.tex
451,0.594594595,0.571000000,\frac{\mathrm{JacobFro}}{\mathrm{ZiCo} - \mathrm{GSynFlow} + \mathrm{Snip}},Jacob_fro ZiCo GSynFlow Sub Snip Add Div <EOS>,(Jacob_fro / ((ZiCo - GSynFlow) + Snip)),0.571000000,0.362500000,178,7,4,2045,run_monash_time_unique1000,1,1,Monash__weather_dataset/seed_2045/run_monash_time_unique1000/visualizations/archive_latex.tex
452,0.593693694,0.571000000,\frac{\mathrm{JacobFro} + \mathrm{GFLOPs}}{\mathrm{Snip} - \mathrm{GSynFlow}},Jacob_fro GFLOPs Add Snip GSynFlow Sub Div <EOS>,((Jacob_fro + GFLOPs) / (Snip - GSynFlow)),0.571000000,0.361600000,177,7,3,2256,run_monash_time_unique1000,1,1,Monash__weather_dataset/seed_2256/run_monash_time_unique1000/visualizations/archive_latex.tex
453,0.592792793,0.571000000,\frac{\frac{\mathrm{JacobFro}}{\mathrm{ZiCo}}}{\mathrm{GSynFlow} + \mathrm{Snip}},Jacob_fro ZiCo Div GSynFlow Snip Add Div <EOS>,((Jacob_fro / ZiCo) / (GSynFlow + Snip)),0.571000000,0.370500000,150,7,3,2123,run_monash_time_unique1000,4,1,Monash__weather_dataset/seed_2123/run_monash_time_unique1000/visualizations/archive_latex.tex
454,0.591891892,0.571000000,\frac{\mathrm{JacobFro}}{\left(\mathrm{GSynFlow} + \mathrm{Snip}\right) \cdot \left(\mathrm{ZiCo}\right)},Jacob_fro GSynFlow Snip Add ZiCo Mul Div <EOS>,(Jacob_fro / ((GSynFlow + Snip) * ZiCo)),0.571000000,0.370500000,14,7,4,2142,run_monash_time_unique1000,4,1,Monash__weather_dataset/seed_2142/run_monash_time_unique1000/visualizations/archive_latex.tex
455,0.590990991,0.571000000,\frac{\mathrm{JacobFro}}{\mathrm{Snip} - -\mathrm{ZiCo} + \mathrm{GSynFlow}},Jacob_fro Snip ZiCo Negative GSynFlow Add Sub Div <EOS>,(Jacob_fro / (Snip - (-(ZiCo) + GSynFlow))),0.571000000,0.362500000,149,8,5,2123,run_monash_time_unique1000,5,1,Monash__weather_dataset/seed_2123/run_monash_time_unique1000/visualizations/archive_latex.tex
456,0.590090090,0.571000000,\frac{\mathrm{JacobFro}}{\log\left(\log\left(\mathrm{L2Norm}\right)\right) - \mathrm{GSynFlow} + \mathrm{Snip}},Jacob_fro L2-Norm Log Log GSynFlow Sub Snip Add Div <EOS>,(Jacob_fro / ((log(log(L2-Norm)) - GSynFlow) + Snip)),0.571000000,0.361100000,185,9,6,2287,run_monash_time_unique1000,6,1,Monash__weather_dataset/seed_2287/run_monash_time_unique1000/visualizations/archive_latex.tex
457,0.589189189,0.570600000,\frac{\mathrm{JacobFro}}{\mathrm{Snip} - \mathrm{GSynFlow} - \mathrm{MParams}},Jacob_fro Snip GSynFlow MParams Sub Sub Div <EOS>,(Jacob_fro / (Snip - (GSynFlow - MParams))),0.570600000,0.362700000,76,7,4,2235,run_monash_time_unique1000,1,1,Monash__weather_dataset/seed_2235/run_monash_time_unique1000/visualizations/archive_latex.tex
458,0.588288288,0.570600000,\frac{-\mathrm{GFLOPs} - \mathrm{Snip} + \mathrm{GSynFlow}}{\sqrt{\mathrm{JacobFro}}},GFLOPs Negative Snip GSynFlow Add Sub Jacob_fro Sqrt Div <EOS>,((-(GFLOPs) - (Snip + GSynFlow)) / sqrt(Jacob_fro)),0.570600000,0.387200000,21,9,4,2267,run_monash_time_unique1000,2,1,Monash__weather_dataset/seed_2267/run_monash_time_unique1000/visualizations/archive_latex.tex
459,0.587387387,0.570600000,\frac{\mathrm{GraSP} - \left(\mathrm{Snip} + \mathrm{GSynFlow}\right)^2}{\mathrm{JacobFro}},GraSP Snip GSynFlow Add Square Sub Jacob_fro Div <EOS>,((GraSP - square((Snip + GSynFlow))) / Jacob_fro),0.570600000,0.386100000,7,8,5,2267,run_monash_time_unique1000,3,1,Monash__weather_dataset/seed_2267/run_monash_time_unique1000/visualizations/archive_latex.tex
460,0.586486486,0.570600000,\frac{\mathrm{JacobFro}}{\mathrm{Snip} - \mathrm{GSynFlow}} - \mathrm{plain},Jacob_fro Snip GSynFlow Sub Div plain Sub <EOS>,((Jacob_fro / (Snip - GSynFlow)) - plain),0.570600000,0.377000000,120,7,4,2272,run_monash_time_unique1000,3,3,Monash__weather_dataset/seed_2272/run_monash_time_unique1000/visualizations/archive_latex.tex
461,0.585585586,0.570500000,\frac{\mathrm{JacobFro} - \frac{\left(\mathrm{GSynFlow}\right)^2}{\log\left(\mathrm{MParams}\right)}}{\mathrm{Snip}},Jacob_fro GSynFlow Square MParams Log Div Sub Snip Div <EOS>,((Jacob_fro - (square(GSynFlow) / log(MParams))) / Snip),0.570500000,0.421200000,185,9,5,2212,run_monash_time_unique1000,1,2,Monash__weather_dataset/seed_2212/run_monash_time_unique1000/visualizations/archive_latex.tex
462,0.584684685,0.570200000,\frac{\mathrm{JacobFro}}{\mathrm{Snip} - \mathrm{GSynFlow} - \mathrm{MParams}},Jacob_fro Snip GSynFlow Sub MParams Sub Div <EOS>,(Jacob_fro / ((Snip - GSynFlow) - MParams)),0.570200000,0.362700000,81,7,4,2155,run_monash_time_unique1000,10,1,Monash__weather_dataset/seed_2155/run_monash_time_unique1000/visualizations/archive_latex.tex
463,0.583783784,0.570200000,\frac{\mathrm{JacobFro}}{\left(\mathrm{Snip} + \mathrm{GSynFlow}\right)^2 + \sqrt{\mathrm{Snip}}},Jacob_fro Snip GSynFlow Add Square Snip Sqrt Add Div <EOS>,(Jacob_fro / (square((Snip + GSynFlow)) + sqrt(Snip))),0.570200000,0.384900000,54,9,5,2214,run_monash_time_unique1000,10,1,Monash__weather_dataset/seed_2214/run_monash_time_unique1000/visualizations/archive_latex.tex
464,0.582882883,0.570100000,\frac{\mathrm{JacobFro} - \frac{\mathrm{GSynFlow}}{\left(\mathrm{Fisher}\right)^2}}{\mathrm{Snip}},Jacob_fro GSynFlow Fisher Square Div Sub Snip Div <EOS>,((Jacob_fro - (GSynFlow / square(Fisher))) / Snip),0.570100000,0.365400000,182,8,5,2089,run_monash_time_unique1000,2,2,Monash__weather_dataset/seed_2089/run_monash_time_unique1000/visualizations/archive_latex.tex
465,0.581981982,0.570100000,\frac{\mathrm{JacobFro} - \mathrm{GSynFlow}}{\left(\mathrm{GSynFlow} + \mathrm{Snip}\right)^2},Jacob_fro GSynFlow Sub GSynFlow Snip Add Square Div <EOS>,((Jacob_fro - GSynFlow) / square((GSynFlow + Snip))),0.570100000,0.383900000,113,8,4,2194,run_monash_time_unique1000,6,1,Monash__weather_dataset/seed_2194/run_monash_time_unique1000/visualizations/archive_latex.tex
466,0.581081081,0.570000000,\frac{\sqrt{\mathrm{JacobFro}} - \left(\mathrm{GSynFlow}\right) \cdot \left(\mathrm{ZiCo}\right)}{\mathrm{Snip}},Jacob_fro Sqrt GSynFlow ZiCo Mul Sub Snip Div <EOS>,((sqrt(Jacob_fro) - (GSynFlow * ZiCo)) / Snip),0.570000000,0.384500000,140,8,4,2089,run_monash_time_unique1000,3,1,Monash__weather_dataset/seed_2089/run_monash_time_unique1000/visualizations/archive_latex.tex
467,0.580180180,0.570000000,\frac{\sqrt{\mathrm{JacobFro}} - \left(\mathrm{ZiCo}\right) \cdot \left(\mathrm{GSynFlow}\right)}{\mathrm{Snip}},Jacob_fro Sqrt ZiCo GSynFlow Mul Sub Snip Div <EOS>,((sqrt(Jacob_fro) - (ZiCo * GSynFlow)) / Snip),0.570000000,0.384500000,163,8,4,2181,run_monash_time_unique1000,5,1,Monash__weather_dataset/seed_2181/run_monash_time_unique1000/visualizations/archive_latex.tex
468,0.579279279,0.570000000,\frac{\sqrt{\mathrm{JacobFro} + \mathrm{Fisher}}}{\mathrm{GSynFlow} + \mathrm{Snip}},Jacob_fro Fisher Add Sqrt GSynFlow Snip Add Div <EOS>,(sqrt((Jacob_fro + Fisher)) / (GSynFlow + Snip)),0.570000000,0.384900000,105,8,4,2194,run_monash_time_unique1000,7,1,Monash__weather_dataset/seed_2194/run_monash_time_unique1000/visualizations/archive_latex.tex
469,0.578378378,0.569800000,\frac{\mathrm{JacobFro} - \mathrm{L2Norm}}{\mathrm{Snip} - \mathrm{GSynFlow}},Jacob_fro L2-Norm Sub Snip GSynFlow Sub Div <EOS>,((Jacob_fro - L2-Norm) / (Snip - GSynFlow)),0.569800000,0.361600000,104,7,3,2177,run_monash_time_unique1000,5,1,Monash__weather_dataset/seed_2177/run_monash_time_unique1000/visualizations/archive_latex.tex
470,0.577477477,0.569700000,\frac{\sqrt{\mathrm{JacobFro}}}{\mathrm{Snip} + \mathrm{GSynFlow}},Jacob_fro Sqrt Snip GSynFlow Add Div <EOS>,(sqrt(Jacob_fro) / (Snip + GSynFlow)),0.569700000,0.385200000,94,6,3,2273,run_monash_time_unique1000,1,2,Monash__weather_dataset/seed_2273/run_monash_time_unique1000/visualizations/archive_latex.tex
471,0.576576577,0.569700000,\frac{\mathrm{JacobFro}}{\left(\mathrm{GSynFlow} + \mathrm{Snip}\right)^2},Jacob_fro GSynFlow Snip Add Square Div <EOS>,(Jacob_fro / square((GSynFlow + Snip))),0.569700000,0.385200000,51,6,4,2029,run_monash_time_unique1000,2,3,Monash__weather_dataset/seed_2029/run_monash_time_unique1000/visualizations/archive_latex.tex
472,0.575675676,0.569700000,\frac{\log\left(\mathrm{JacobFro}\right)}{\mathrm{ZiCo}} - \left(\mathrm{MParams}\right)^2,Jacob_fro Log ZiCo Div MParams Square Sub <EOS>,((log(Jacob_fro) / ZiCo) - square(MParams)),0.569700000,0.328100000,163,7,4,2045,run_monash_time_unique1000,2,1,Monash__weather_dataset/seed_2045/run_monash_time_unique1000/visualizations/archive_latex.tex
473,0.574774775,0.569700000,\frac{\log\left(\mathrm{JacobFro}\right)}{\mathrm{ZiCo}} - \left(-\mathrm{MParams}\right)^2,Jacob_fro Log ZiCo Div MParams Negative Square Sub <EOS>,((log(Jacob_fro) / ZiCo) - square(-(MParams))),0.569700000,0.328100000,47,8,4,2183,run_monash_time_unique1000,3,1,Monash__weather_dataset/seed_2183/run_monash_time_unique1000/visualizations/archive_latex.tex
474,0.573873874,0.569700000,\frac{\mathrm{MParams} - \left(\mathrm{Snip} + \mathrm{GSynFlow}\right)^2}{\mathrm{JacobFro}},MParams Snip GSynFlow Add Square Sub Jacob_fro Div <EOS>,((MParams - square((Snip + GSynFlow))) / Jacob_fro),0.569700000,0.385400000,9,8,5,2267,run_monash_time_unique1000,4,1,Monash__weather_dataset/seed_2267/run_monash_time_unique1000/visualizations/archive_latex.tex
475,0.572972973,0.569700000,\frac{-\sqrt{\mathrm{JacobFro}}}{-\mathrm{GSynFlow} - \mathrm{Snip}},Jacob_fro Sqrt Negative GSynFlow Negative Snip Sub Div <EOS>,(-(sqrt(Jacob_fro)) / (-(GSynFlow) - Snip)),0.569700000,0.385200000,68,8,4,2272,run_monash_time_unique1000,4,1,Monash__weather_dataset/seed_2272/run_monash_time_unique1000/visualizations/archive_latex.tex
476,0.572072072,0.569700000,\frac{\sqrt{\mathrm{JacobFro} + \mathrm{GFLOPs}}}{\mathrm{Snip} + \mathrm{GSynFlow}},Jacob_fro GFLOPs Add Sqrt Snip GSynFlow Add Div <EOS>,(sqrt((Jacob_fro + GFLOPs)) / (Snip + GSynFlow)),0.569700000,0.384300000,89,8,4,2142,run_monash_time_unique1000,5,1,Monash__weather_dataset/seed_2142/run_monash_time_unique1000/visualizations/archive_latex.tex
477,0.571171171,0.569700000,\frac{\sqrt{\mathrm{JacobFro}}}{\mathrm{GSynFlow} + \mathrm{Snip}},Jacob_fro Sqrt GSynFlow Snip Add Div <EOS>,(sqrt(Jacob_fro) / (GSynFlow + Snip)),0.569700000,0.385200000,108,6,3,2194,run_monash_time_unique1000,8,2,Monash__weather_dataset/seed_2194/run_monash_time_unique1000/visualizations/archive_latex.tex
478,0.570270270,0.569600000,\frac{\mathrm{GradNorm}}{\frac{\left(\mathrm{Snip}\right)^2}{\mathrm{JacobFro}}} - \left(\mathrm{MParams}\right)^2,Grad_Norm Snip Square Jacob_fro Div Div MParams Square Sub <EOS>,((Grad_Norm / (square(Snip) / Jacob_fro)) - square(MParams)),0.569600000,0.406800000,36,9,5,2272,run_monash_time_unique1000,5,1,Monash__weather_dataset/seed_2272/run_monash_time_unique1000/visualizations/archive_latex.tex
479,0.569369369,0.569600000,\frac{\sqrt{\mathrm{JacobFro} - \log\left(\mathrm{MParams}\right)}}{\mathrm{GSynFlow} + \mathrm{Snip}},Jacob_fro MParams Log Sub Sqrt GSynFlow Snip Add Div <EOS>,(sqrt((Jacob_fro - log(MParams))) / (GSynFlow + Snip)),0.569600000,0.384400000,108,9,5,2194,run_monash_time_unique1000,9,1,Monash__weather_dataset/seed_2194/run_monash_time_unique1000/visualizations/archive_latex.tex
480,0.568468468,0.569500000,\frac{\sqrt{\mathrm{JacobFro} - \mathrm{MParams}}}{\mathrm{GSynFlow} + \mathrm{Snip}},Jacob_fro MParams Sub Sqrt GSynFlow Snip Add Div <EOS>,(sqrt((Jacob_fro - MParams)) / (GSynFlow + Snip)),0.569500000,0.384900000,124,8,4,2181,run_monash_time_unique1000,6,1,Monash__weather_dataset/seed_2181/run_monash_time_unique1000/visualizations/archive_latex.tex
481,0.567567568,0.569400000,\frac{\mathrm{JacobFro}}{\left(\mathrm{GSynFlow}\right)^2 - \mathrm{plain} + \left(\mathrm{Snip}\right)^2},Jacob_fro GSynFlow Square plain Sub Snip Square Add Div <EOS>,(Jacob_fro / ((square(GSynFlow) - plain) + square(Snip))),0.569400000,0.379000000,172,9,5,2202,run_monash_time_unique1000,2,1,Monash__weather_dataset/seed_2202/run_monash_time_unique1000/visualizations/archive_latex.tex
482,0.566666667,0.569300000,\frac{\mathrm{JacobFro}}{\mathrm{Snip} - \left(-\mathrm{GSynFlow}\right) \cdot \left(\mathrm{MParams}\right)},Jacob_fro Snip GSynFlow Negative MParams Mul Sub Div <EOS>,(Jacob_fro / (Snip - (-(GSynFlow) * MParams))),0.569300000,0.384500000,10,8,5,2203,run_monash_time_unique1000,2,1,Monash__weather_dataset/seed_2203/run_monash_time_unique1000/visualizations/archive_latex.tex
483,0.565765766,0.569300000,\frac{\mathrm{JacobFro}}{\mathrm{Snip} + \left(\mathrm{MParams}\right) \cdot \left(\mathrm{GSynFlow}\right)},Jacob_fro Snip MParams GSynFlow Mul Add Div <EOS>,(Jacob_fro / (Snip + (MParams * GSynFlow))),0.569300000,0.384500000,148,7,4,2287,run_monash_time_unique1000,7,1,Monash__weather_dataset/seed_2287/run_monash_time_unique1000/visualizations/archive_latex.tex
484,0.564864865,0.568900000,\frac{\mathrm{MParams} + \mathrm{JacobFro}}{\left(\mathrm{Snip} + \mathrm{GSynFlow}\right)^2},MParams Jacob_fro Add Snip GSynFlow Add Square Div <EOS>,((MParams + Jacob_fro) / square((Snip + GSynFlow))),0.568900000,0.385000000,52,8,4,2180,run_monash_time_unique1000,1,1,Monash__weather_dataset/seed_2180/run_monash_time_unique1000/visualizations/archive_latex.tex
485,0.563963964,0.568900000,\left(\frac{\mathrm{Jacov}}{\sqrt{\mathrm{JacobFro}}}\right) \cdot \left(\mathrm{Snip} + \mathrm{GSynFlow}\right),Jacov Jacob_fro Sqrt Div Snip GSynFlow Add Mul <EOS>,((Jacov / sqrt(Jacob_fro)) * (Snip + GSynFlow)),0.568900000,0.386300000,94,8,4,2204,run_monash_time_unique1000,1,1,Monash__weather_dataset/seed_2204/run_monash_time_unique1000/visualizations/archive_latex.tex
486,0.563063063,0.568800000,\frac{\sqrt{\mathrm{JacobFro}}}{\mathrm{Snip} + \mathrm{GSynFlow} + \mathrm{MParams}},Jacob_fro Sqrt Snip GSynFlow Add MParams Add Div <EOS>,(sqrt(Jacob_fro) / ((Snip + GSynFlow) + MParams)),0.568800000,0.388500000,184,8,4,2202,run_monash_time_unique1000,3,1,Monash__weather_dataset/seed_2202/run_monash_time_unique1000/visualizations/archive_latex.tex
487,0.562162162,0.568800000,\frac{\sqrt{\mathrm{JacobFro} - \log\left(\mathrm{Fisher}\right)}}{\mathrm{GSynFlow} + \mathrm{Snip}},Jacob_fro Fisher Log Sub Sqrt GSynFlow Snip Add Div <EOS>,(sqrt((Jacob_fro - log(Fisher))) / (GSynFlow + Snip)),0.568800000,0.384300000,117,9,5,2194,run_monash_time_unique1000,10,1,Monash__weather_dataset/seed_2194/run_monash_time_unique1000/visualizations/archive_latex.tex
488,0.561261261,0.568700000,\frac{\mathrm{JacobFro}}{\mathrm{Snip} - \mathrm{GSynFlow} - \mathrm{GFLOPs}},Jacob_fro Snip GSynFlow Sub GFLOPs Sub Div <EOS>,(Jacob_fro / ((Snip - GSynFlow) - GFLOPs)),0.568700000,0.366200000,75,7,4,2246,run_monash_time_unique1000,3,1,Monash__weather_dataset/seed_2246/run_monash_time_unique1000/visualizations/archive_latex.tex
489,0.560360360,0.568700000,\frac{\mathrm{JacobFro}}{\mathrm{Snip} - \mathrm{GFLOPs} + \mathrm{GSynFlow}},Jacob_fro Snip GFLOPs GSynFlow Add Sub Div <EOS>,(Jacob_fro / (Snip - (GFLOPs + GSynFlow))),0.568700000,0.366200000,100,7,4,2096,run_monash_time_unique1000,4,2,Monash__weather_dataset/seed_2096/run_monash_time_unique1000/visualizations/archive_latex.tex
490,0.559459459,0.568700000,\log\left(\frac{\mathrm{JacobFro}}{\mathrm{Snip}}\right) - \frac{\mathrm{GSynFlow}}{\mathrm{Snip}},Jacob_fro Snip Div Log GSynFlow Snip Div Sub <EOS>,(log((Jacob_fro / Snip)) - (GSynFlow / Snip)),0.568700000,0.369500000,168,8,4,2245,run_monash_time_unique1000,9,1,Monash__weather_dataset/seed_2245/run_monash_time_unique1000/visualizations/archive_latex.tex
491,0.558558559,0.568500000,\frac{\mathrm{MParams} - \mathrm{Snip} + \mathrm{GSynFlow}}{\sqrt{\mathrm{JacobFro}}},MParams Snip GSynFlow Add Sub Jacob_fro Sqrt Div <EOS>,((MParams - (Snip + GSynFlow)) / sqrt(Jacob_fro)),0.568500000,0.382200000,17,8,4,2267,run_monash_time_unique1000,5,1,Monash__weather_dataset/seed_2267/run_monash_time_unique1000/visualizations/archive_latex.tex
492,0.557657658,0.568400000,\frac{\left(\sqrt{\mathrm{Jacov}}\right) \cdot \left(\sqrt{\mathrm{JacobFro}}\right)}{\mathrm{GSynFlow} + \mathrm{Snip}},Jacov Sqrt Jacob_fro Sqrt Mul GSynFlow Snip Add Div <EOS>,((sqrt(Jacov) * sqrt(Jacob_fro)) / (GSynFlow + Snip)),0.568400000,0.384900000,97,9,4,2256,run_monash_time_unique1000,2,1,Monash__weather_dataset/seed_2256/run_monash_time_unique1000/visualizations/archive_latex.tex
493,0.556756757,0.568200000,\frac{\log\left(\mathrm{JacobFro}\right) - \mathrm{Snip} + \mathrm{GSynFlow}}{\sqrt{\mathrm{JacobFro}}},Jacob_fro Log Snip GSynFlow Add Sub Jacob_fro Sqrt Div <EOS>,((log(Jacob_fro) - (Snip + GSynFlow)) / sqrt(Jacob_fro)),0.568200000,0.376900000,22,9,4,2267,run_monash_time_unique1000,6,1,Monash__weather_dataset/seed_2267/run_monash_time_unique1000/visualizations/archive_latex.tex
494,0.555855856,0.567800000,\frac{\mathrm{ZiCo} - \mathrm{Snip} + \mathrm{GSynFlow}}{\sqrt{\mathrm{JacobFro}}},ZiCo Snip GSynFlow Add Sub Jacob_fro Sqrt Div <EOS>,((ZiCo - (Snip + GSynFlow)) / sqrt(Jacob_fro)),0.567800000,0.386500000,17,8,4,2267,run_monash_time_unique1000,7,1,Monash__weather_dataset/seed_2267/run_monash_time_unique1000/visualizations/archive_latex.tex
495,0.554954955,0.567800000,\frac{\sqrt{\mathrm{GradNorm}} - \mathrm{Snip} + \mathrm{GSynFlow}}{\sqrt{\mathrm{JacobFro}}},Grad_Norm Sqrt Snip GSynFlow Add Sub Jacob_fro Sqrt Div <EOS>,((sqrt(Grad_Norm) - (Snip + GSynFlow)) / sqrt(Jacob_fro)),0.567800000,0.383400000,38,9,4,2267,run_monash_time_unique1000,8,1,Monash__weather_dataset/seed_2267/run_monash_time_unique1000/visualizations/archive_latex.tex
496,0.554054054,0.567700000,\frac{\sqrt{\mathrm{JacobFro}} - \left(\sqrt{\mathrm{GSynFlow}}\right) \cdot \left(\mathrm{MParams}\right)}{\mathrm{Snip}},Jacob_fro Sqrt GSynFlow Sqrt MParams Mul Sub Snip Div <EOS>,((sqrt(Jacob_fro) - (sqrt(GSynFlow) * MParams)) / Snip),0.567700000,0.393100000,120,9,5,2104,run_monash_time_unique1000,2,1,Monash__weather_dataset/seed_2104/run_monash_time_unique1000/visualizations/archive_latex.tex
497,0.553153153,0.567700000,\frac{\mathrm{JacobFro}}{\mathrm{Snip} + \mathrm{GSynFlow}} - \left(\mathrm{MParams}\right)^2,Jacob_fro Snip GSynFlow Add Div MParams Square Sub <EOS>,((Jacob_fro / (Snip + GSynFlow)) - square(MParams)),0.567700000,0.382200000,108,8,4,2045,run_monash_time_unique1000,3,2,Monash__weather_dataset/seed_2045/run_monash_time_unique1000/visualizations/archive_latex.tex
498,0.552252252,0.567700000,\frac{\mathrm{JacobFro}}{\mathrm{GSynFlow} + \mathrm{Snip}} - \left(\mathrm{MParams}\right)^2,Jacob_fro GSynFlow Snip Add Div MParams Square Sub <EOS>,((Jacob_fro / (GSynFlow + Snip)) - square(MParams)),0.567700000,0.382200000,51,8,4,2136,run_monash_time_unique1000,6,2,Monash__weather_dataset/seed_2136/run_monash_time_unique1000/visualizations/archive_latex.tex
499,0.551351351,0.567600000,\frac{\log\left(\mathrm{JacobFro}\right) - \mathrm{MParams}}{\mathrm{ZiCo}},Jacob_fro Log MParams Sub ZiCo Div <EOS>,((log(Jacob_fro) - MParams) / ZiCo),0.567600000,0.320800000,28,6,4,2183,run_monash_time_unique1000,4,3,Monash__weather_dataset/seed_2183/run_monash_time_unique1000/visualizations/archive_latex.tex
500,0.550450450,0.567500000,\frac{\sqrt{\mathrm{JacobFro}} - \frac{\mathrm{GSynFlow}}{\mathrm{GradNorm}}}{\mathrm{Snip}},Jacob_fro Sqrt GSynFlow Grad_Norm Div Sub Snip Div <EOS>,((sqrt(Jacob_fro) - (GSynFlow / Grad_Norm)) / Snip),0.567500000,0.379200000,100,8,4,2104,run_monash_time_unique1000,3,3,Monash__weather_dataset/seed_2104/run_monash_time_unique1000/visualizations/archive_latex.tex
501,0.549549550,0.567400000,\frac{\sqrt{\mathrm{JacobFro}}}{\mathrm{Snip} + \mathrm{plain} + \mathrm{GSynFlow}},Jacob_fro Sqrt Snip plain Add GSynFlow Add Div <EOS>,(sqrt(Jacob_fro) / ((Snip + plain) + GSynFlow)),0.567400000,0.381300000,181,8,4,2202,run_monash_time_unique1000,4,1,Monash__weather_dataset/seed_2202/run_monash_time_unique1000/visualizations/archive_latex.tex
502,0.548648649,0.567300000,\frac{-\mathrm{Snip} + \mathrm{JacobFro}}{\left(\mathrm{Snip} + \mathrm{GSynFlow}\right)^2},Snip Negative Jacob_fro Add Snip GSynFlow Add Square Div <EOS>,((-(Snip) + Jacob_fro) / square((Snip + GSynFlow))),0.567300000,0.386300000,50,9,4,2180,run_monash_time_unique1000,2,1,Monash__weather_dataset/seed_2180/run_monash_time_unique1000/visualizations/archive_latex.tex
503,0.547747748,0.567300000,\frac{\mathrm{JacobFro}}{\mathrm{Snip} - \mathrm{GSynFlow}} - \mathrm{Fisher},Jacob_fro Snip GSynFlow Sub Div Fisher Sub <EOS>,((Jacob_fro / (Snip - GSynFlow)) - Fisher),0.567300000,0.389500000,118,7,4,2272,run_monash_time_unique1000,6,1,Monash__weather_dataset/seed_2272/run_monash_time_unique1000/visualizations/archive_latex.tex
504,0.546846847,0.567100000,\frac{\mathrm{JacobFro}}{\mathrm{Snip} - \left(\mathrm{GSynFlow}\right) \cdot \left(\mathrm{MParams}\right)},Jacob_fro Snip GSynFlow MParams Mul Sub Div <EOS>,(Jacob_fro / (Snip - (GSynFlow * MParams))),0.567100000,0.371000000,9,7,4,2203,run_monash_time_unique1000,3,1,Monash__weather_dataset/seed_2203/run_monash_time_unique1000/visualizations/archive_latex.tex
505,0.545945946,0.566400000,\frac{\frac{\mathrm{JacobFro}}{\mathrm{Snip} - \mathrm{GSynFlow}}}{\sqrt{\mathrm{MParams}}},Jacob_fro Snip GSynFlow Sub Div MParams Sqrt Div <EOS>,((Jacob_fro / (Snip - GSynFlow)) / sqrt(MParams)),0.566400000,0.377200000,137,8,4,2036,run_monash_time_unique1000,1,1,Monash__weather_dataset/seed_2036/run_monash_time_unique1000/visualizations/archive_latex.tex
506,0.545045045,0.566300000,\frac{\sqrt{\mathrm{Jacov}} - \left(\mathrm{Snip} + \mathrm{GSynFlow}\right)^2}{\mathrm{JacobFro}},Jacov Sqrt Snip GSynFlow Add Square Sub Jacob_fro Div <EOS>,((sqrt(Jacov) - square((Snip + GSynFlow))) / Jacob_fro),0.566300000,0.375900000,8,9,5,2267,run_monash_time_unique1000,9,1,Monash__weather_dataset/seed_2267/run_monash_time_unique1000/visualizations/archive_latex.tex
507,0.544144144,0.565800000,\frac{\frac{\mathrm{JacobFro}}{\mathrm{Snip}}}{\mathrm{GSynFlow} + \mathrm{L2Norm}},Jacob_fro Snip Div GSynFlow L2-Norm Add Div <EOS>,((Jacob_fro / Snip) / (GSynFlow + L2-Norm)),0.565800000,0.386400000,69,7,3,2066,run_monash_time_unique1000,1,3,Monash__weather_dataset/seed_2066/run_monash_time_unique1000/visualizations/archive_latex.tex
508,0.543243243,0.565800000,\frac{\frac{\mathrm{JacobFro}}{\mathrm{Snip}}}{\mathrm{L2Norm} + \mathrm{GSynFlow}},Jacob_fro Snip Div L2-Norm GSynFlow Add Div <EOS>,((Jacob_fro / Snip) / (L2-Norm + GSynFlow)),0.565800000,0.386400000,115,7,3,2238,run_monash_time_unique1000,1,3,Monash__weather_dataset/seed_2238/run_monash_time_unique1000/visualizations/archive_latex.tex
509,0.542342342,0.565800000,\frac{\mathrm{JacobFro}}{\left(\mathrm{GSynFlow} + \mathrm{L2Norm}\right) \cdot \left(\mathrm{Snip}\right)},Jacob_fro GSynFlow L2-Norm Add Snip Mul Div <EOS>,(Jacob_fro / ((GSynFlow + L2-Norm) * Snip)),0.565800000,0.386400000,175,7,4,2246,run_monash_time_unique1000,4,1,Monash__weather_dataset/seed_2246/run_monash_time_unique1000/visualizations/archive_latex.tex
510,0.541441441,0.565800000,\frac{\sqrt{\mathrm{JacobFro}} - \frac{\mathrm{GSynFlow}}{\log\left(\mathrm{JacobFro}\right)}}{\mathrm{Snip}},Jacob_fro Sqrt GSynFlow Jacob_fro Log Div Sub Snip Div <EOS>,((sqrt(Jacob_fro) - (GSynFlow / log(Jacob_fro))) / Snip),0.565800000,0.377900000,158,9,5,2089,run_monash_time_unique1000,5,1,Monash__weather_dataset/seed_2089/run_monash_time_unique1000/visualizations/archive_latex.tex
511,0.540540541,0.565500000,\frac{\mathrm{JacobFro} - \left(\sqrt{\mathrm{Snip}}\right) \cdot \left(\mathrm{GSynFlow}\right)}{\mathrm{Snip}},Jacob_fro Snip Sqrt GSynFlow Mul Sub Snip Div <EOS>,((Jacob_fro - (sqrt(Snip) * GSynFlow)) / Snip),0.565500000,0.375300000,155,8,5,2184,run_monash_time_unique1000,1,2,Monash__weather_dataset/seed_2184/run_monash_time_unique1000/visualizations/archive_latex.tex
512,0.539639640,0.565000000,\frac{\log\left(\mathrm{Snip}\right) - \mathrm{Snip} + \mathrm{GSynFlow}}{\sqrt{\mathrm{JacobFro}}},Snip Log Snip GSynFlow Add Sub Jacob_fro Sqrt Div <EOS>,((log(Snip) - (Snip + GSynFlow)) / sqrt(Jacob_fro)),0.565000000,0.379400000,20,9,4,2267,run_monash_time_unique1000,10,1,Monash__weather_dataset/seed_2267/run_monash_time_unique1000/visualizations/archive_latex.tex
513,0.538738739,0.563900000,\sqrt{\frac{\mathrm{JacobFro}}{\mathrm{Snip} + \mathrm{GSynFlow}}} - \sqrt{\mathrm{MParams}},Jacob_fro Snip GSynFlow Add Div Sqrt MParams Sqrt Sub <EOS>,(sqrt((Jacob_fro / (Snip + GSynFlow))) - sqrt(MParams)),0.563900000,0.370200000,177,9,5,2045,run_monash_time_unique1000,4,1,Monash__weather_dataset/seed_2045/run_monash_time_unique1000/visualizations/archive_latex.tex
514,0.537837838,0.563900000,\sqrt{\frac{\mathrm{JacobFro}}{\mathrm{GSynFlow} + \mathrm{Snip}}} - \sqrt{\mathrm{MParams}},Jacob_fro GSynFlow Snip Add Div Sqrt MParams Sqrt Sub <EOS>,(sqrt((Jacob_fro / (GSynFlow + Snip))) - sqrt(MParams)),0.563900000,0.370200000,124,9,5,2136,run_monash_time_unique1000,7,1,Monash__weather_dataset/seed_2136/run_monash_time_unique1000/visualizations/archive_latex.tex
515,0.536936937,0.563600000,\frac{\mathrm{JacobFro}}{\left(\mathrm{Snip} - \mathrm{GSynFlow}\right) \cdot \left(\mathrm{GFLOPs}\right)},Jacob_fro Snip GSynFlow Sub GFLOPs Mul Div <EOS>,(Jacob_fro / ((Snip - GSynFlow) * GFLOPs)),0.563600000,0.389200000,61,7,4,2246,run_monash_time_unique1000,5,1,Monash__weather_dataset/seed_2246/run_monash_time_unique1000/visualizations/archive_latex.tex
516,0.536036036,0.563000000,\frac{\mathrm{JacobFro}}{\mathrm{Snip} - \mathrm{GSynFlow}} + \mathrm{MParams},Jacob_fro Snip GSynFlow Sub Div MParams Add <EOS>,((Jacob_fro / (Snip - GSynFlow)) + MParams),0.563000000,0.362200000,21,7,4,2195,run_monash_time_unique1000,1,1,Monash__weather_dataset/seed_2195/run_monash_time_unique1000/visualizations/archive_latex.tex
517,0.535135135,0.563000000,\frac{\mathrm{JacobFro}}{\mathrm{Snip} - \mathrm{GSynFlow}} - -\mathrm{MParams},Jacob_fro Snip GSynFlow Sub Div MParams Negative Sub <EOS>,((Jacob_fro / (Snip - GSynFlow)) - -(MParams)),0.563000000,0.362200000,142,8,4,2136,run_monash_time_unique1000,8,1,Monash__weather_dataset/seed_2136/run_monash_time_unique1000/visualizations/archive_latex.tex
518,0.534234234,0.562000000,\frac{\mathrm{JacobFro}}{\left(\log\left(\mathrm{JacobFro}\right)\right) \cdot \left(\mathrm{GSynFlow} + \mathrm{Snip}\right)},Jacob_fro Jacob_fro Log GSynFlow Snip Add Mul Div <EOS>,(Jacob_fro / (log(Jacob_fro) * (GSynFlow + Snip))),0.562000000,0.372200000,27,8,4,2190,run_monash_time_unique1000,1,1,Monash__weather_dataset/seed_2190/run_monash_time_unique1000/visualizations/archive_latex.tex
519,0.533333333,0.562000000,\frac{\frac{\mathrm{JacobFro}}{\log\left(\mathrm{JacobFro}\right)}}{\mathrm{GSynFlow} + \mathrm{Snip}},Jacob_fro Jacob_fro Log Div GSynFlow Snip Add Div <EOS>,((Jacob_fro / log(Jacob_fro)) / (GSynFlow + Snip)),0.562000000,0.372200000,172,8,4,2287,run_monash_time_unique1000,9,1,Monash__weather_dataset/seed_2287/run_monash_time_unique1000/visualizations/archive_latex.tex
520,0.532432432,0.561900000,\frac{\sqrt{\mathrm{GraSP}} - \mathrm{Snip} - \mathrm{GSynFlow}}{\sqrt{\mathrm{JacobFro}}},GraSP Sqrt Snip Sub GSynFlow Sub Jacob_fro Sqrt Div <EOS>,(((sqrt(GraSP) - Snip) - GSynFlow) / sqrt(Jacob_fro)),0.561900000,0.366000000,16,9,5,2137,run_monash_time_unique1000,2,1,Monash__weather_dataset/seed_2137/run_monash_time_unique1000/visualizations/archive_latex.tex
521,0.531531532,0.561500000,\sqrt{\frac{\mathrm{JacobFro}}{\mathrm{GSynFlow} + \mathrm{Snip}}} - \log\left(\mathrm{MParams}\right),Jacob_fro GSynFlow Snip Add Div Sqrt MParams Log Sub <EOS>,(sqrt((Jacob_fro / (GSynFlow + Snip))) - log(MParams)),0.561500000,0.376400000,177,9,5,2045,run_monash_time_unique1000,5,1,Monash__weather_dataset/seed_2045/run_monash_time_unique1000/visualizations/archive_latex.tex
522,0.530630631,0.561400000,\sqrt{\frac{\mathrm{JacobFro}}{\mathrm{GSynFlow} + \mathrm{Snip}}} - \left(\mathrm{MParams}\right)^2,Jacob_fro GSynFlow Snip Add Div Sqrt MParams Square Sub <EOS>,(sqrt((Jacob_fro / (GSynFlow + Snip))) - square(MParams)),0.561400000,0.409400000,158,9,5,2045,run_monash_time_unique1000,6,2,Monash__weather_dataset/seed_2045/run_monash_time_unique1000/visualizations/archive_latex.tex
523,0.529729730,0.561000000,\frac{\mathrm{JacobFro}}{\mathrm{Snip}} - \left(\mathrm{GSynFlow}\right) \cdot \left(\mathrm{ZiCo}\right),Jacob_fro Snip Div GSynFlow ZiCo Mul Sub <EOS>,((Jacob_fro / Snip) - (GSynFlow * ZiCo)),0.561000000,0.388600000,16,7,3,2089,run_monash_time_unique1000,6,1,Monash__weather_dataset/seed_2089/run_monash_time_unique1000/visualizations/archive_latex.tex
524,0.528828829,0.560900000,\log\left(\frac{\mathrm{JacobFro}}{\mathrm{GSynFlow} + \mathrm{Snip}}\right) - \mathrm{MParams},Jacob_fro GSynFlow Snip Add Div Log MParams Sub <EOS>,(log((Jacob_fro / (GSynFlow + Snip))) - MParams),0.560900000,0.388500000,51,8,5,2136,run_monash_time_unique1000,10,1,Monash__weather_dataset/seed_2136/run_monash_time_unique1000/visualizations/archive_latex.tex
525,0.527927928,0.560600000,\frac{\mathrm{JacobFro}}{\mathrm{GSynFlow} + \mathrm{Snip}} - \mathrm{GFLOPs},Jacob_fro GSynFlow Snip Add Div GFLOPs Sub <EOS>,((Jacob_fro / (GSynFlow + Snip)) - GFLOPs),0.560600000,0.373600000,168,7,4,2233,run_monash_time_unique1000,1,1,Monash__weather_dataset/seed_2233/run_monash_time_unique1000/visualizations/archive_latex.tex
526,0.527027027,0.560600000,\frac{\mathrm{JacobFro}}{\mathrm{Snip} - -\mathrm{GSynFlow}} - \mathrm{GFLOPs},Jacob_fro Snip GSynFlow Negative Sub Div GFLOPs Sub <EOS>,((Jacob_fro / (Snip - -(GSynFlow))) - GFLOPs),0.560600000,0.373600000,135,8,5,2172,run_monash_time_unique1000,6,1,Monash__weather_dataset/seed_2172/run_monash_time_unique1000/visualizations/archive_latex.tex
527,0.526126126,0.560600000,\frac{\mathrm{JacobFro}}{\mathrm{Snip} + \mathrm{GSynFlow}} - \mathrm{MParams},Jacob_fro Snip GSynFlow Add Div MParams Sub <EOS>,((Jacob_fro / (Snip + GSynFlow)) - MParams),0.560600000,0.366800000,109,7,4,2045,run_monash_time_unique1000,7,2,Monash__weather_dataset/seed_2045/run_monash_time_unique1000/visualizations/archive_latex.tex
528,0.525225225,0.560500000,\frac{\sqrt{\mathrm{GraSP}} - \mathrm{GSynFlow} + \mathrm{Snip}}{\mathrm{JacobFro}},GraSP Sqrt GSynFlow Snip Add Sub Jacob_fro Div <EOS>,((sqrt(GraSP) - (GSynFlow + Snip)) / Jacob_fro),0.560500000,0.367800000,176,8,4,2084,run_monash_time_unique1000,1,1,Monash__weather_dataset/seed_2084/run_monash_time_unique1000/visualizations/archive_latex.tex
529,0.524324324,0.560300000,\frac{\sqrt{\mathrm{JacobFro}} + -\mathrm{GFLOPs}}{\mathrm{GSynFlow} + \mathrm{Snip}},Jacob_fro Sqrt GFLOPs Negative Add GSynFlow Snip Add Div <EOS>,((sqrt(Jacob_fro) + -(GFLOPs)) / (GSynFlow + Snip)),0.560300000,0.388200000,157,9,4,2089,run_monash_time_unique1000,7,1,Monash__weather_dataset/seed_2089/run_monash_time_unique1000/visualizations/archive_latex.tex
530,0.523423423,0.560200000,\frac{\frac{\mathrm{JacobFro}}{\sqrt{\mathrm{Snip}}}}{\sqrt{\mathrm{GradNorm}}} - \mathrm{GSynFlow},Jacob_fro Snip Sqrt Div Grad_Norm Sqrt Div GSynFlow Sub <EOS>,(((Jacob_fro / sqrt(Snip)) / sqrt(Grad_Norm)) - GSynFlow),0.560200000,0.396600000,141,9,5,2172,run_monash_time_unique1000,7,1,Monash__weather_dataset/seed_2172/run_monash_time_unique1000/visualizations/archive_latex.tex
531,0.522522523,0.559900000,\frac{\mathrm{JacobFro}}{\mathrm{Snip}} - \left(\log\left(\left(\mathrm{MParams}\right)^2\right)\right) \cdot \left(\mathrm{GSynFlow}\right),Jacob_fro Snip Div MParams Square Log GSynFlow Mul Sub <EOS>,((Jacob_fro / Snip) - (log(square(MParams)) * GSynFlow)),0.559900000,0.439100000,158,9,5,2217,run_monash_time_unique1000,9,1,Monash__weather_dataset/seed_2217/run_monash_time_unique1000/visualizations/archive_latex.tex
532,0.521621622,0.559700000,\frac{\mathrm{GFLOPs}}{\frac{\left(\mathrm{Snip}\right)^2}{\mathrm{JacobFro}}} - \left(\mathrm{MParams}\right)^2,GFLOPs Snip Square Jacob_fro Div Div MParams Square Sub <EOS>,((GFLOPs / (square(Snip) / Jacob_fro)) - square(MParams)),0.559700000,0.403700000,43,9,5,2272,run_monash_time_unique1000,8,1,Monash__weather_dataset/seed_2272/run_monash_time_unique1000/visualizations/archive_latex.tex
533,0.520720721,0.559600000,\frac{\mathrm{JacobFro} + \mathrm{JacobFro}}{\mathrm{Snip}} - \mathrm{GSynFlow},Jacob_fro Jacob_fro Add Snip Div GSynFlow Sub <EOS>,(((Jacob_fro + Jacob_fro) / Snip) - GSynFlow),0.559600000,0.384700000,51,7,4,2208,run_monash_time_unique1000,1,2,Monash__weather_dataset/seed_2208/run_monash_time_unique1000/visualizations/archive_latex.tex
534,0.519819820,0.559600000,\frac{\mathrm{JacobFro}}{\mathrm{GSynFlow} + \mathrm{Snip} + \mathrm{GSynFlow}},Jacob_fro GSynFlow Snip GSynFlow Add Add Div <EOS>,(Jacob_fro / (GSynFlow + (Snip + GSynFlow))),0.559600000,0.369800000,95,7,4,2184,run_monash_time_unique1000,2,1,Monash__weather_dataset/seed_2184/run_monash_time_unique1000/visualizations/archive_latex.tex
535,0.518918919,0.559600000,\frac{\mathrm{JacobFro}}{\mathrm{Snip} + \mathrm{GSynFlow} + \mathrm{GSynFlow}},Jacob_fro Snip GSynFlow Add GSynFlow Add Div <EOS>,(Jacob_fro / ((Snip + GSynFlow) + GSynFlow)),0.559600000,0.369800000,164,7,4,2202,run_monash_time_unique1000,5,1,Monash__weather_dataset/seed_2202/run_monash_time_unique1000/visualizations/archive_latex.tex
536,0.518018018,0.559600000,\frac{\mathrm{JacobFro}}{\mathrm{GSynFlow} + \mathrm{GSynFlow} + \mathrm{Snip}},Jacob_fro GSynFlow GSynFlow Snip Add Add Div <EOS>,(Jacob_fro / (GSynFlow + (GSynFlow + Snip))),0.559600000,0.369800000,23,7,4,2167,run_monash_time_unique1000,8,1,Monash__weather_dataset/seed_2167/run_monash_time_unique1000/visualizations/archive_latex.tex
537,0.517117117,0.559500000,\frac{\log\left(\mathrm{JacobFro}\right) - \left(\mathrm{MParams}\right)^2}{\left(\mathrm{ZiCo}\right)^2},Jacob_fro Log MParams Square Sub ZiCo Square Div <EOS>,((log(Jacob_fro) - square(MParams)) / square(ZiCo)),0.559500000,0.334900000,189,8,4,2183,run_monash_time_unique1000,5,1,Monash__weather_dataset/seed_2183/run_monash_time_unique1000/visualizations/archive_latex.tex
538,0.516216216,0.559200000,\frac{\left(-\log\left(\mathrm{L2Norm}\right)\right) \cdot \left(\mathrm{JacobFro}\right)}{\mathrm{GSynFlow} - \mathrm{Snip}},L2-Norm Log Negative Jacob_fro Mul GSynFlow Snip Sub Div <EOS>,((-(log(L2-Norm)) * Jacob_fro) / (GSynFlow - Snip)),0.559200000,0.356100000,128,9,5,2195,run_monash_time_unique1000,2,1,Monash__weather_dataset/seed_2195/run_monash_time_unique1000/visualizations/archive_latex.tex
539,0.515315315,0.559200000,\frac{\sqrt{\mathrm{JacobFro}}}{\mathrm{Snip}} - \left(\log\left(\mathrm{MParams}\right)\right) \cdot \left(\mathrm{MParams}\right),Jacob_fro Sqrt Snip Div MParams Log MParams Mul Sub <EOS>,((sqrt(Jacob_fro) / Snip) - (log(MParams) * MParams)),0.559200000,0.401500000,159,9,4,2217,run_monash_time_unique1000,10,1,Monash__weather_dataset/seed_2217/run_monash_time_unique1000/visualizations/archive_latex.tex
540,0.514414414,0.558900000,\frac{\mathrm{JacobFro}}{\left(\mathrm{Snip} + \mathrm{GSynFlow} + \mathrm{Snip}\right)^2},Jacob_fro Snip GSynFlow Add Snip Add Square Div <EOS>,(Jacob_fro / square(((Snip + GSynFlow) + Snip))),0.558900000,0.374600000,52,8,5,2029,run_monash_time_unique1000,3,1,Monash__weather_dataset/seed_2029/run_monash_time_unique1000/visualizations/archive_latex.tex
541,0.513513514,0.558300000,\mathrm{Fisher} - \log\left(\left(\mathrm{GSynFlow}\right)^2\right) + \frac{\mathrm{JacobFro}}{\mathrm{Snip}},Fisher GSynFlow Square Log Sub Jacob_fro Snip Div Add <EOS>,((Fisher - log(square(GSynFlow))) + (Jacob_fro / Snip)),0.558300000,0.408100000,99,9,5,2172,run_monash_time_unique1000,9,1,Monash__weather_dataset/seed_2172/run_monash_time_unique1000/visualizations/archive_latex.tex
542,0.512612613,0.557300000,\log\left(\frac{\mathrm{GraSP} - \mathrm{JacobFro}}{\mathrm{Snip}}\right) - \left(\mathrm{MParams}\right)^2,GraSP Jacob_fro Sub Snip Div Log MParams Square Sub <EOS>,(log(((GraSP - Jacob_fro) / Snip)) - square(MParams)),0.557300000,0.401200000,157,9,5,2272,run_monash_time_unique1000,9,1,Monash__weather_dataset/seed_2272/run_monash_time_unique1000/visualizations/archive_latex.tex
543,0.511711712,0.557200000,\log\left(\frac{\frac{\mathrm{JacobFro}}{\mathrm{ZiCo}}}{\mathrm{Snip}}\right) - \left(\mathrm{MParams}\right)^2,Jacob_fro ZiCo Div Snip Div Log MParams Square Sub <EOS>,(log(((Jacob_fro / ZiCo) / Snip)) - square(MParams)),0.557200000,0.406900000,123,9,5,2045,run_monash_time_unique1000,8,1,Monash__weather_dataset/seed_2045/run_monash_time_unique1000/visualizations/archive_latex.tex
544,0.510810811,0.557200000,\log\left(\frac{\frac{\mathrm{JacobFro}}{\mathrm{Snip}}}{\mathrm{ZiCo}}\right) - \left(\mathrm{MParams}\right)^2,Jacob_fro Snip Div ZiCo Div Log MParams Square Sub <EOS>,(log(((Jacob_fro / Snip) / ZiCo)) - square(MParams)),0.557200000,0.406900000,105,9,5,2272,run_monash_time_unique1000,10,1,Monash__weather_dataset/seed_2272/run_monash_time_unique1000/visualizations/archive_latex.tex
545,0.509909910,0.557100000,\frac{\sqrt{\left(\mathrm{JacobFro}\right)^2}}{\left(\mathrm{GFLOPs}\right) \cdot \left(\mathrm{GSynFlow}\right) + \mathrm{Snip}},Jacob_fro Square Sqrt GFLOPs GSynFlow Mul Snip Add Div <EOS>,(sqrt(square(Jacob_fro)) / ((GFLOPs * GSynFlow) + Snip)),0.557100000,0.393900000,32,9,4,2029,run_monash_time_unique1000,4,1,Monash__weather_dataset/seed_2029/run_monash_time_unique1000/visualizations/archive_latex.tex
546,0.509009009,0.557100000,\frac{\mathrm{JacobFro}}{\mathrm{Snip} + \left(\mathrm{GFLOPs}\right) \cdot \left(\mathrm{GSynFlow}\right)},Jacob_fro Snip GFLOPs GSynFlow Mul Add Div <EOS>,(Jacob_fro / (Snip + (GFLOPs * GSynFlow))),0.557100000,0.393900000,149,7,4,2287,run_monash_time_unique1000,10,1,Monash__weather_dataset/seed_2287/run_monash_time_unique1000/visualizations/archive_latex.tex
547,0.508108108,0.556500000,\frac{\frac{\mathrm{JacobFro}}{\mathrm{Snip} + \mathrm{GSynFlow}}}{\sqrt{\mathrm{GFLOPs}}},Jacob_fro Snip GSynFlow Add Div GFLOPs Sqrt Div <EOS>,((Jacob_fro / (Snip + GSynFlow)) / sqrt(GFLOPs)),0.556500000,0.382700000,175,8,4,2256,run_monash_time_unique1000,3,1,Monash__weather_dataset/seed_2256/run_monash_time_unique1000/visualizations/archive_latex.tex
548,0.507207207,0.556400000,\frac{\mathrm{JacobFro}}{\mathrm{Snip} + \mathrm{GSynFlow}} - \sqrt{\mathrm{MParams}},Jacob_fro Snip GSynFlow Add Div MParams Sqrt Sub <EOS>,((Jacob_fro / (Snip + GSynFlow)) - sqrt(MParams)),0.556400000,0.364400000,109,8,4,2045,run_monash_time_unique1000,9,1,Monash__weather_dataset/seed_2045/run_monash_time_unique1000/visualizations/archive_latex.tex
549,0.506306306,0.556100000,\frac{\sqrt{\mathrm{JacobFro}} - \frac{\mathrm{GSynFlow}}{\log\left(\mathrm{GradNorm}\right)}}{\mathrm{Snip}},Jacob_fro Sqrt GSynFlow Grad_Norm Log Div Sub Snip Div <EOS>,((sqrt(Jacob_fro) - (GSynFlow / log(Grad_Norm))) / Snip),0.556100000,0.381900000,108,9,5,2104,run_monash_time_unique1000,4,3,Monash__weather_dataset/seed_2104/run_monash_time_unique1000/visualizations/archive_latex.tex
550,0.505405405,0.556000000,\frac{\frac{\mathrm{JacobFro}}{\mathrm{Snip} - \mathrm{GSynFlow}}}{\mathrm{MParams}},Jacob_fro Snip GSynFlow Sub Div MParams Div <EOS>,((Jacob_fro / (Snip - GSynFlow)) / MParams),0.556000000,0.366400000,138,7,4,2036,run_monash_time_unique1000,2,2,Monash__weather_dataset/seed_2036/run_monash_time_unique1000/visualizations/archive_latex.tex
551,0.504504505,0.556000000,\frac{\mathrm{JacobFro}}{\left(\mathrm{Snip} - \mathrm{GSynFlow}\right) \cdot \left(\mathrm{MParams}\right)},Jacob_fro Snip GSynFlow Sub MParams Mul Div <EOS>,(Jacob_fro / ((Snip - GSynFlow) * MParams)),0.556000000,0.366400000,66,7,4,2246,run_monash_time_unique1000,6,1,Monash__weather_dataset/seed_2246/run_monash_time_unique1000/visualizations/archive_latex.tex
552,0.503603604,0.555100000,\log\left(\frac{\mathrm{JacobFro}}{\mathrm{GSynFlow} + \mathrm{Snip}}\right) - \left(\mathrm{MParams}\right)^2,Jacob_fro GSynFlow Snip Add Div Log MParams Square Sub <EOS>,(log((Jacob_fro / (GSynFlow + Snip))) - square(MParams)),0.555100000,0.389700000,179,9,5,2045,run_monash_time_unique1000,10,1,Monash__weather_dataset/seed_2045/run_monash_time_unique1000/visualizations/archive_latex.tex
553,0.502702703,0.554700000,\frac{\mathrm{GraSP} - \left(\left(\mathrm{GSynFlow}\right) \cdot \left(\log\left(\mathrm{plain}\right)\right)\right)^2}{\mathrm{JacobFro}},GraSP GSynFlow plain Log Mul Square Sub Jacob_fro Div <EOS>,((GraSP - square((GSynFlow * log(plain)))) / Jacob_fro),0.554700000,0.391400000,189,9,6,2060,run_monash_time_unique1000,1,1,Monash__weather_dataset/seed_2060/run_monash_time_unique1000/visualizations/archive_latex.tex
554,0.501801802,0.554700000,\frac{\mathrm{GraSP} - \left(\left(\log\left(\mathrm{plain}\right)\right) \cdot \left(\mathrm{GSynFlow}\right)\right)^2}{\mathrm{JacobFro}},GraSP plain Log GSynFlow Mul Square Sub Jacob_fro Div <EOS>,((GraSP - square((log(plain) * GSynFlow))) / Jacob_fro),0.554700000,0.391400000,145,9,6,2109,run_monash_time_unique1000,1,1,Monash__weather_dataset/seed_2109/run_monash_time_unique1000/visualizations/archive_latex.tex
555,0.500900901,0.554500000,\frac{\log\left(\mathrm{JacobFro}\right) - \left(\mathrm{MParams}\right)^2}{\log\left(\log\left(\mathrm{Snip}\right)\right)},Jacob_fro Log MParams Square Sub Snip Log Log Div <EOS>,((log(Jacob_fro) - square(MParams)) / log(log(Snip))),0.554500000,0.405700000,113,9,4,2183,run_monash_time_unique1000,6,1,Monash__weather_dataset/seed_2183/run_monash_time_unique1000/visualizations/archive_latex.tex
556,0.500000000,0.554200000,\frac{\log\left(\mathrm{Jacov}\right) - \mathrm{Snip} + \mathrm{GSynFlow}}{\mathrm{JacobFro}},Jacov Log Snip GSynFlow Add Sub Jacob_fro Div <EOS>,((log(Jacov) - (Snip + GSynFlow)) / Jacob_fro),0.554200000,0.366100000,110,8,4,2137,run_monash_time_unique1000,3,1,Monash__weather_dataset/seed_2137/run_monash_time_unique1000/visualizations/archive_latex.tex
557,0.499099099,0.554200000,\frac{\sqrt{\mathrm{JacobFro}}}{\mathrm{Snip} + \frac{\mathrm{GSynFlow}}{\mathrm{Fisher}}},Jacob_fro Sqrt Snip GSynFlow Fisher Div Add Div <EOS>,(sqrt(Jacob_fro) / (Snip + (GSynFlow / Fisher))),0.554200000,0.381700000,14,8,4,2167,run_monash_time_unique1000,9,1,Monash__weather_dataset/seed_2167/run_monash_time_unique1000/visualizations/archive_latex.tex
558,0.498198198,0.553900000,\frac{\sqrt{\mathrm{JacobFro}} - \frac{\mathrm{GSynFlow}}{\log\left(\mathrm{MParams}\right)}}{\mathrm{Snip}},Jacob_fro Sqrt GSynFlow MParams Log Div Sub Snip Div <EOS>,((sqrt(Jacob_fro) - (GSynFlow / log(MParams))) / Snip),0.553900000,0.431200000,91,9,5,2104,run_monash_time_unique1000,5,5,Monash__weather_dataset/seed_2104/run_monash_time_unique1000/visualizations/archive_latex.tex
559,0.497297297,0.553700000,\frac{\log\left(\mathrm{GraSP}\right) - \mathrm{GSynFlow} + \mathrm{Snip}}{\mathrm{JacobFro}},GraSP Log GSynFlow Snip Add Sub Jacob_fro Div <EOS>,((log(GraSP) - (GSynFlow + Snip)) / Jacob_fro),0.553700000,0.361600000,141,8,4,2206,run_monash_time_unique1000,1,1,Monash__weather_dataset/seed_2206/run_monash_time_unique1000/visualizations/archive_latex.tex
560,0.496396396,0.553700000,\frac{\log\left(\mathrm{GraSP}\right) - \mathrm{Snip} + \mathrm{GSynFlow}}{\mathrm{JacobFro}},GraSP Log Snip GSynFlow Add Sub Jacob_fro Div <EOS>,((log(GraSP) - (Snip + GSynFlow)) / Jacob_fro),0.553700000,0.361600000,110,8,4,2137,run_monash_time_unique1000,4,1,Monash__weather_dataset/seed_2137/run_monash_time_unique1000/visualizations/archive_latex.tex
561,0.495495495,0.553000000,\frac{\mathrm{JacobFro} - \left(\mathrm{GSynFlow}\right)^2}{\left(\mathrm{Snip}\right) \cdot \left(\mathrm{Snip}\right)},Jacob_fro GSynFlow Square Sub Snip Snip Mul Div <EOS>,((Jacob_fro - square(GSynFlow)) / (Snip * Snip)),0.553000000,0.379800000,100,8,4,2171,run_monash_time_unique1000,1,1,Monash__weather_dataset/seed_2171/run_monash_time_unique1000/visualizations/archive_latex.tex
562,0.494594595,0.553000000,\frac{\mathrm{JacobFro} - \left(\mathrm{GSynFlow}\right)^2}{\left(\mathrm{Snip}\right)^2},Jacob_fro GSynFlow Square Sub Snip Square Div <EOS>,((Jacob_fro - square(GSynFlow)) / square(Snip)),0.553000000,0.379800000,12,7,4,2182,run_monash_time_unique1000,1,1,Monash__weather_dataset/seed_2182/run_monash_time_unique1000/visualizations/archive_latex.tex
563,0.493693694,0.552800000,\frac{\frac{\mathrm{JacobFro}}{\left(\mathrm{Snip}\right)^2}}{\mathrm{L2Norm} + \mathrm{GSynFlow}},Jacob_fro Snip Square Div L2-Norm GSynFlow Add Div <EOS>,((Jacob_fro / square(Snip)) / (L2-Norm + GSynFlow)),0.552800000,0.376900000,199,8,4,2123,run_monash_time_unique1000,8,1,Monash__weather_dataset/seed_2123/run_monash_time_unique1000/visualizations/archive_latex.tex
564,0.492792793,0.552700000,\frac{\mathrm{Snip} + \mathrm{JacobFro}}{\mathrm{GSynFlow} + \mathrm{Snip}},Snip Jacob_fro Add GSynFlow Snip Add Div <EOS>,((Snip + Jacob_fro) / (GSynFlow + Snip)),0.552700000,0.363900000,54,7,3,2158,run_monash_time_unique1000,1,1,Monash__weather_dataset/seed_2158/run_monash_time_unique1000/visualizations/archive_latex.tex
565,0.491891892,0.552700000,\frac{\mathrm{Snip} + \mathrm{JacobFro}}{\mathrm{Snip} + \mathrm{GSynFlow}},Snip Jacob_fro Add Snip GSynFlow Add Div <EOS>,((Snip + Jacob_fro) / (Snip + GSynFlow)),0.552700000,0.363900000,50,7,3,2180,run_monash_time_unique1000,3,1,Monash__weather_dataset/seed_2180/run_monash_time_unique1000/visualizations/archive_latex.tex
566,0.490990991,0.552700000,\frac{\mathrm{JacobFro} - \mathrm{GSynFlow}}{\mathrm{GSynFlow} + \mathrm{Snip}},Jacob_fro GSynFlow Sub GSynFlow Snip Add Div <EOS>,((Jacob_fro - GSynFlow) / (GSynFlow + Snip)),0.552700000,0.363900000,79,7,3,2196,run_monash_time_unique1000,3,1,Monash__weather_dataset/seed_2196/run_monash_time_unique1000/visualizations/archive_latex.tex
567,0.490090090,0.552700000,\frac{\mathrm{JacobFro} - \mathrm{GSynFlow}}{\mathrm{Snip} - -\mathrm{GSynFlow}},Jacob_fro GSynFlow Sub Snip GSynFlow Negative Sub Div <EOS>,((Jacob_fro - GSynFlow) / (Snip - -(GSynFlow))),0.552700000,0.363900000,197,8,4,2281,run_monash_time_unique1000,6,1,Monash__weather_dataset/seed_2281/run_monash_time_unique1000/visualizations/archive_latex.tex
568,0.489189189,0.552500000,\frac{\mathrm{L2Norm} - \mathrm{Snip} - \mathrm{GSynFlow}}{\mathrm{JacobFro}},L2-Norm Snip Sub GSynFlow Sub Jacob_fro Div <EOS>,(((L2-Norm - Snip) - GSynFlow) / Jacob_fro),0.552500000,0.348200000,42,7,4,2080,run_monash_time_unique1000,1,1,Monash__weather_dataset/seed_2080/run_monash_time_unique1000/visualizations/archive_latex.tex
569,0.488288288,0.552500000,\frac{\mathrm{L2Norm} - \mathrm{GSynFlow} + \mathrm{Snip}}{\mathrm{JacobFro}},L2-Norm GSynFlow Snip Add Sub Jacob_fro Div <EOS>,((L2-Norm - (GSynFlow + Snip)) / Jacob_fro),0.552500000,0.348200000,183,7,4,2084,run_monash_time_unique1000,2,2,Monash__weather_dataset/seed_2084/run_monash_time_unique1000/visualizations/archive_latex.tex
570,0.487387387,0.552500000,\frac{\mathrm{L2Norm} + -\mathrm{Snip} - \mathrm{GSynFlow}}{\mathrm{JacobFro}},L2-Norm Snip Negative GSynFlow Sub Add Jacob_fro Div <EOS>,((L2-Norm + (-(Snip) - GSynFlow)) / Jacob_fro),0.552500000,0.348200000,11,8,5,2089,run_monash_time_unique1000,10,1,Monash__weather_dataset/seed_2089/run_monash_time_unique1000/visualizations/archive_latex.tex
571,0.486486486,0.552400000,\frac{\log\left(\mathrm{JacobFro}\right)}{\log\left(\mathrm{Snip} + \mathrm{GSynFlow}\right)},Jacob_fro Log Snip GSynFlow Add Log Div <EOS>,(log(Jacob_fro) / log((Snip + GSynFlow))),0.552400000,0.391600000,94,7,4,2066,run_monash_time_unique1000,2,1,Monash__weather_dataset/seed_2066/run_monash_time_unique1000/visualizations/archive_latex.tex
572,0.485585586,0.552300000,\frac{\mathrm{Jacov}}{\mathrm{JacobFro}} - \mathrm{Snip} + \mathrm{GSynFlow},Jacov Jacob_fro Div Snip GSynFlow Add Sub <EOS>,((Jacov / Jacob_fro) - (Snip + GSynFlow)),0.552300000,0.402600000,178,7,3,2060,run_monash_time_unique1000,2,2,Monash__weather_dataset/seed_2060/run_monash_time_unique1000/visualizations/archive_latex.tex
573,0.484684685,0.552300000,\frac{\mathrm{Jacov}}{\mathrm{JacobFro}} - \mathrm{Snip} - \mathrm{GSynFlow},Jacov Jacob_fro Div Snip Sub GSynFlow Sub <EOS>,(((Jacov / Jacob_fro) - Snip) - GSynFlow),0.552300000,0.402600000,123,7,4,2208,run_monash_time_unique1000,2,1,Monash__weather_dataset/seed_2208/run_monash_time_unique1000/visualizations/archive_latex.tex
574,0.483783784,0.552000000,\frac{\mathrm{JacobFro}}{\mathrm{Snip}} - \left(\frac{\left(\mathrm{MParams}\right)^2}{\mathrm{Fisher}}\right)^2,Jacob_fro Snip Div MParams Square Fisher Div Square Sub <EOS>,((Jacob_fro / Snip) - square((square(MParams) / Fisher))),0.552000000,0.363100000,159,9,5,2116,run_monash_time_unique1000,1,2,Monash__weather_dataset/seed_2116/run_monash_time_unique1000/visualizations/archive_latex.tex
575,0.482882883,0.551200000,\frac{-\mathrm{GraSP} - \mathrm{JacobFro}}{\mathrm{GSynFlow} - \mathrm{Snip}},GraSP Negative Jacob_fro Sub GSynFlow Snip Sub Div <EOS>,((-(GraSP) - Jacob_fro) / (GSynFlow - Snip)),0.551200000,0.390000000,134,8,4,2196,run_monash_time_unique1000,4,1,Monash__weather_dataset/seed_2196/run_monash_time_unique1000/visualizations/archive_latex.tex
576,0.481981982,0.551200000,\frac{\mathrm{GraSP} + \mathrm{JacobFro}}{\mathrm{Snip} - \mathrm{GSynFlow}},GraSP Jacob_fro Add Snip GSynFlow Sub Div <EOS>,((GraSP + Jacob_fro) / (Snip - GSynFlow)),0.551200000,0.390000000,87,7,3,2123,run_monash_time_unique1000,9,1,Monash__weather_dataset/seed_2123/run_monash_time_unique1000/visualizations/archive_latex.tex
577,0.481081081,0.550900000,\frac{\sqrt{\mathrm{JacobFro}}}{\left(\mathrm{ZiCo}\right) \cdot \left(\mathrm{Snip}\right) + \mathrm{GSynFlow}},Jacob_fro Sqrt ZiCo Snip Mul GSynFlow Add Div <EOS>,(sqrt(Jacob_fro) / ((ZiCo * Snip) + GSynFlow)),0.550900000,0.363700000,34,8,4,2044,run_monash_time_unique1000,4,1,Monash__weather_dataset/seed_2044/run_monash_time_unique1000/visualizations/archive_latex.tex
578,0.480180180,0.550700000,\frac{\sqrt{\mathrm{Fisher}}}{\mathrm{GradNorm} + \mathrm{Fisher}} - \left(\mathrm{ZiCo}\right)^2,Fisher Sqrt Grad_Norm Fisher Add Div ZiCo Square Sub <EOS>,((sqrt(Fisher) / (Grad_Norm + Fisher)) - square(ZiCo)),0.550700000,0.368400000,114,9,4,2256,run_monash_time_unique1000,4,1,Monash__weather_dataset/seed_2256/run_monash_time_unique1000/visualizations/archive_latex.tex
579,0.479279279,0.550100000,\frac{-\left(\mathrm{GSynFlow}\right)^2 + \mathrm{JacobFro} - \mathrm{GFLOPs}}{\mathrm{Snip}},GSynFlow Square Negative Jacob_fro GFLOPs Sub Add Snip Div <EOS>,((-(square(GSynFlow)) + (Jacob_fro - GFLOPs)) / Snip),0.550100000,0.385100000,166,9,5,2184,run_monash_time_unique1000,3,1,Monash__weather_dataset/seed_2184/run_monash_time_unique1000/visualizations/archive_latex.tex
580,0.478378378,0.549900000,\frac{\mathrm{GFLOPs} - \mathrm{Snip} - \mathrm{GSynFlow}}{\mathrm{JacobFro}},GFLOPs Snip Sub GSynFlow Sub Jacob_fro Div <EOS>,(((GFLOPs - Snip) - GSynFlow) / Jacob_fro),0.549900000,0.363300000,58,7,4,2290,run_monash_time_unique1000,1,1,Monash__weather_dataset/seed_2290/run_monash_time_unique1000/visualizations/archive_latex.tex
581,0.477477477,0.549900000,\frac{\mathrm{GFLOPs} - \mathrm{GSynFlow} + -\mathrm{Snip}}{\mathrm{JacobFro}},GFLOPs GSynFlow Sub Snip Negative Add Jacob_fro Div <EOS>,(((GFLOPs - GSynFlow) + -(Snip)) / Jacob_fro),0.549900000,0.363300000,152,8,4,2273,run_monash_time_unique1000,2,1,Monash__weather_dataset/seed_2273/run_monash_time_unique1000/visualizations/archive_latex.tex
582,0.476576577,0.549900000,\frac{\mathrm{L2Norm} + \mathrm{JacobFro}}{\mathrm{GSynFlow} + \mathrm{Snip}},L2-Norm Jacob_fro Add GSynFlow Snip Add Div <EOS>,((L2-Norm + Jacob_fro) / (GSynFlow + Snip)),0.549900000,0.365000000,170,7,3,2060,run_monash_time_unique1000,3,1,Monash__weather_dataset/seed_2060/run_monash_time_unique1000/visualizations/archive_latex.tex
583,0.475675676,0.549900000,\frac{\mathrm{GFLOPs} - \mathrm{GSynFlow} + \mathrm{Snip}}{\mathrm{JacobFro}},GFLOPs GSynFlow Snip Add Sub Jacob_fro Div <EOS>,((GFLOPs - (GSynFlow + Snip)) / Jacob_fro),0.549900000,0.363300000,177,7,4,2084,run_monash_time_unique1000,3,3,Monash__weather_dataset/seed_2084/run_monash_time_unique1000/visualizations/archive_latex.tex
584,0.474774775,0.549900000,\frac{\mathrm{GFLOPs} - \mathrm{Snip} + \mathrm{GSynFlow}}{\mathrm{JacobFro}},GFLOPs Snip GSynFlow Add Sub Jacob_fro Div <EOS>,((GFLOPs - (Snip + GSynFlow)) / Jacob_fro),0.549900000,0.363300000,109,7,4,2137,run_monash_time_unique1000,5,1,Monash__weather_dataset/seed_2137/run_monash_time_unique1000/visualizations/archive_latex.tex
585,0.473873874,0.549900000,\frac{\mathrm{JacobFro}}{\mathrm{GSynFlow} - \mathrm{GFLOPs} + \mathrm{Snip}},Jacob_fro GSynFlow GFLOPs Sub Snip Add Div <EOS>,(Jacob_fro / ((GSynFlow - GFLOPs) + Snip)),0.549900000,0.363300000,164,7,4,2202,run_monash_time_unique1000,6,1,Monash__weather_dataset/seed_2202/run_monash_time_unique1000/visualizations/archive_latex.tex
586,0.472972973,0.549700000,\frac{\mathrm{JacobFro} - \left(\mathrm{GSynFlow}\right)^2}{\mathrm{Snip}},Jacob_fro GSynFlow Square Sub Snip Div <EOS>,((Jacob_fro - square(GSynFlow)) / Snip),0.549700000,0.384200000,192,6,4,2212,run_monash_time_unique1000,2,5,Monash__weather_dataset/seed_2212/run_monash_time_unique1000/visualizations/archive_latex.tex
587,0.472072072,0.549700000,\frac{\mathrm{JacobFro} - \left(\mathrm{GSynFlow}\right) \cdot \left(\mathrm{GSynFlow}\right)}{\mathrm{Snip}},Jacob_fro GSynFlow GSynFlow Mul Sub Snip Div <EOS>,((Jacob_fro - (GSynFlow * GSynFlow)) / Snip),0.549700000,0.384200000,123,7,4,2104,run_monash_time_unique1000,6,1,Monash__weather_dataset/seed_2104/run_monash_time_unique1000/visualizations/archive_latex.tex
588,0.471171171,0.549700000,\frac{\log\left(\mathrm{JacobFro}\right) - \left(\mathrm{MParams}\right)^2}{\log\left(\mathrm{Snip}\right)},Jacob_fro Log MParams Square Sub Snip Log Div <EOS>,((log(Jacob_fro) - square(MParams)) / log(Snip)),0.549700000,0.414300000,62,8,4,2183,run_monash_time_unique1000,7,1,Monash__weather_dataset/seed_2183/run_monash_time_unique1000/visualizations/archive_latex.tex
589,0.470270270,0.549600000,\frac{\mathrm{JacobFro} - \left(\mathrm{GSynFlow}\right)^2 - \log\left(\mathrm{MParams}\right)}{\mathrm{Snip}},Jacob_fro GSynFlow Square MParams Log Sub Sub Snip Div <EOS>,((Jacob_fro - (square(GSynFlow) - log(MParams))) / Snip),0.549600000,0.383900000,154,9,5,2036,run_monash_time_unique1000,4,2,Monash__weather_dataset/seed_2036/run_monash_time_unique1000/visualizations/archive_latex.tex
590,0.469369369,0.549500000,\frac{\log\left(-\mathrm{L2Norm}\right) - \mathrm{GSynFlow} + \mathrm{Snip}}{\mathrm{JacobFro}},L2-Norm Negative Log GSynFlow Snip Add Sub Jacob_fro Div <EOS>,((log(-(L2-Norm)) - (GSynFlow + Snip)) / Jacob_fro),0.549500000,0.361100000,144,9,5,2206,run_monash_time_unique1000,3,1,Monash__weather_dataset/seed_2206/run_monash_time_unique1000/visualizations/archive_latex.tex
591,0.468468468,0.549500000,\mathrm{plain} - \log\left(\left(\mathrm{GSynFlow}\right)^2\right) + \frac{\mathrm{JacobFro}}{\mathrm{Snip}},plain GSynFlow Square Log Sub Jacob_fro Snip Div Add <EOS>,((plain - log(square(GSynFlow))) + (Jacob_fro / Snip)),0.549500000,0.411200000,93,9,5,2172,run_monash_time_unique1000,10,1,Monash__weather_dataset/seed_2172/run_monash_time_unique1000/visualizations/archive_latex.tex
592,0.467567568,0.549400000,\mathrm{plain} + \frac{\mathrm{JacobFro}}{\mathrm{Snip} + \mathrm{GSynFlow}},plain Jacob_fro Snip GSynFlow Add Div Add <EOS>,(plain + (Jacob_fro / (Snip + GSynFlow))),0.549400000,0.342100000,9,7,4,2204,run_monash_time_unique1000,3,1,Monash__weather_dataset/seed_2204/run_monash_time_unique1000/visualizations/archive_latex.tex
593,0.466666667,0.549200000,\frac{\frac{\mathrm{JacobFro}}{\mathrm{GradNorm}}}{\mathrm{Snip} - \mathrm{GSynFlow}},Jacob_fro Grad_Norm Div Snip GSynFlow Sub Div <EOS>,((Jacob_fro / Grad_Norm) / (Snip - GSynFlow)),0.549200000,0.392000000,175,7,3,2096,run_monash_time_unique1000,6,2,Monash__weather_dataset/seed_2096/run_monash_time_unique1000/visualizations/archive_latex.tex
594,0.465765766,0.549200000,\frac{\mathrm{JacobFro}}{\left(\mathrm{Snip} - \mathrm{GSynFlow}\right) \cdot \left(\mathrm{GradNorm}\right)},Jacob_fro Snip GSynFlow Sub Grad_Norm Mul Div <EOS>,(Jacob_fro / ((Snip - GSynFlow) * Grad_Norm)),0.549200000,0.392000000,45,7,4,2246,run_monash_time_unique1000,7,1,Monash__weather_dataset/seed_2246/run_monash_time_unique1000/visualizations/archive_latex.tex
595,0.464864865,0.549200000,\frac{\frac{\mathrm{JacobFro}}{\mathrm{L2Norm}} - \mathrm{GSynFlow}}{\mathrm{Snip}},Jacob_fro L2-Norm Div GSynFlow Sub Snip Div <EOS>,(((Jacob_fro / L2-Norm) - GSynFlow) / Snip),0.549200000,0.377800000,73,7,4,2246,run_monash_time_unique1000,8,1,Monash__weather_dataset/seed_2246/run_monash_time_unique1000/visualizations/archive_latex.tex
596,0.463963964,0.549000000,\frac{\mathrm{JacobFro}}{\mathrm{GSynFlow} - \sqrt{\mathrm{plain}} + \mathrm{Snip}},Jacob_fro GSynFlow plain Sqrt Sub Snip Add Div <EOS>,(Jacob_fro / ((GSynFlow - sqrt(plain)) + Snip)),0.549000000,0.357700000,164,8,5,2202,run_monash_time_unique1000,7,1,Monash__weather_dataset/seed_2202/run_monash_time_unique1000/visualizations/archive_latex.tex
597,0.463063063,0.548900000,\frac{\mathrm{JacobFro}}{\mathrm{L2Norm}} - \mathrm{GSynFlow} + \mathrm{Snip},Jacob_fro L2-Norm Div GSynFlow Snip Add Sub <EOS>,((Jacob_fro / L2-Norm) - (GSynFlow + Snip)),0.548900000,0.356300000,191,7,3,2128,run_monash_time_unique1000,1,2,Monash__weather_dataset/seed_2128/run_monash_time_unique1000/visualizations/archive_latex.tex
598,0.462162162,0.548900000,\frac{\mathrm{JacobFro}}{\mathrm{L2Norm}} - \mathrm{Snip} - \mathrm{GSynFlow},Jacob_fro L2-Norm Div Snip Sub GSynFlow Sub <EOS>,(((Jacob_fro / L2-Norm) - Snip) - GSynFlow),0.548900000,0.356300000,93,7,4,2030,run_monash_time_unique1000,2,1,Monash__weather_dataset/seed_2030/run_monash_time_unique1000/visualizations/archive_latex.tex
599,0.461261261,0.548900000,\frac{\mathrm{JacobFro}}{\mathrm{L2Norm}} - \mathrm{GSynFlow} - \mathrm{Snip},Jacob_fro L2-Norm Div GSynFlow Sub Snip Sub <EOS>,(((Jacob_fro / L2-Norm) - GSynFlow) - Snip),0.548900000,0.356300000,109,7,4,2204,run_monash_time_unique1000,4,2,Monash__weather_dataset/seed_2204/run_monash_time_unique1000/visualizations/archive_latex.tex
600,0.460360360,0.548900000,\frac{\mathrm{JacobFro}}{\mathrm{L2Norm}} - \mathrm{Snip} + \mathrm{GSynFlow},Jacob_fro L2-Norm Div Snip GSynFlow Add Sub <EOS>,((Jacob_fro / L2-Norm) - (Snip + GSynFlow)),0.548900000,0.356300000,126,7,3,2196,run_monash_time_unique1000,5,1,Monash__weather_dataset/seed_2196/run_monash_time_unique1000/visualizations/archive_latex.tex
601,0.459459459,0.548900000,\frac{\log\left(\mathrm{JacobFro}\right) - \mathrm{MParams}}{\log\left(\mathrm{Snip} + \mathrm{GSynFlow}\right)},Jacob_fro Log MParams Sub Snip GSynFlow Add Log Div <EOS>,((log(Jacob_fro) - MParams) / log((Snip + GSynFlow))),0.548900000,0.391300000,67,9,4,2183,run_monash_time_unique1000,8,1,Monash__weather_dataset/seed_2183/run_monash_time_unique1000/visualizations/archive_latex.tex
602,0.458558559,0.548800000,\frac{\mathrm{Fisher} - \mathrm{GSynFlow} + \mathrm{Snip}}{\mathrm{JacobFro}},Fisher GSynFlow Snip Add Sub Jacob_fro Div <EOS>,((Fisher - (GSynFlow + Snip)) / Jacob_fro),0.548800000,0.361000000,96,7,4,2110,run_monash_time_unique1000,1,2,Monash__weather_dataset/seed_2110/run_monash_time_unique1000/visualizations/archive_latex.tex
603,0.457657658,0.548800000,\frac{\mathrm{Fisher} - \mathrm{GSynFlow} - \sqrt{\left(\mathrm{Snip}\right)^2}}{\mathrm{JacobFro}},Fisher GSynFlow Sub Snip Square Sqrt Sub Jacob_fro Div <EOS>,(((Fisher - GSynFlow) - sqrt(square(Snip))) / Jacob_fro),0.548800000,0.361000000,37,9,5,2080,run_monash_time_unique1000,2,1,Monash__weather_dataset/seed_2080/run_monash_time_unique1000/visualizations/archive_latex.tex
604,0.456756757,0.548800000,\frac{\mathrm{Fisher} - \mathrm{Snip} + \mathrm{GSynFlow}}{\mathrm{JacobFro}},Fisher Snip GSynFlow Add Sub Jacob_fro Div <EOS>,((Fisher - (Snip + GSynFlow)) / Jacob_fro),0.548800000,0.361000000,59,7,4,2179,run_monash_time_unique1000,2,1,Monash__weather_dataset/seed_2179/run_monash_time_unique1000/visualizations/archive_latex.tex
605,0.455855856,0.548800000,\frac{\mathrm{Fisher} - \mathrm{Snip} - \mathrm{GSynFlow}}{\mathrm{JacobFro}},Fisher Snip Sub GSynFlow Sub Jacob_fro Div <EOS>,(((Fisher - Snip) - GSynFlow) / Jacob_fro),0.548800000,0.361000000,9,7,4,2137,run_monash_time_unique1000,6,1,Monash__weather_dataset/seed_2137/run_monash_time_unique1000/visualizations/archive_latex.tex
606,0.454954955,0.548800000,\frac{\mathrm{JacobFro}}{\mathrm{Snip} + \mathrm{GSynFlow} - \mathrm{Fisher}},Jacob_fro Snip GSynFlow Fisher Sub Add Div <EOS>,(Jacob_fro / (Snip + (GSynFlow - Fisher))),0.548800000,0.361000000,75,7,4,2177,run_monash_time_unique1000,6,2,Monash__weather_dataset/seed_2177/run_monash_time_unique1000/visualizations/archive_latex.tex
607,0.454054054,0.548800000,\frac{\mathrm{JacobFro} - \left(\mathrm{L2Norm}\right) \cdot \left(\mathrm{GSynFlow}\right)}{\mathrm{Snip}},Jacob_fro L2-Norm GSynFlow Mul Sub Snip Div <EOS>,((Jacob_fro - (L2-Norm * GSynFlow)) / Snip),0.548800000,0.382000000,114,7,4,2201,run_monash_time_unique1000,6,1,Monash__weather_dataset/seed_2201/run_monash_time_unique1000/visualizations/archive_latex.tex
608,0.453153153,0.548400000,\frac{\sqrt{\mathrm{GFLOPs}} - \mathrm{GSynFlow} + \mathrm{Snip}}{\mathrm{JacobFro}},GFLOPs Sqrt GSynFlow Snip Add Sub Jacob_fro Div <EOS>,((sqrt(GFLOPs) - (GSynFlow + Snip)) / Jacob_fro),0.548400000,0.361700000,144,8,4,2206,run_monash_time_unique1000,5,1,Monash__weather_dataset/seed_2206/run_monash_time_unique1000/visualizations/archive_latex.tex
609,0.452252252,0.548400000,\frac{\mathrm{JacobFro}}{\mathrm{GSynFlow} - \sqrt{\mathrm{GFLOPs}} + \mathrm{Snip}},Jacob_fro GSynFlow GFLOPs Sqrt Sub Snip Add Div <EOS>,(Jacob_fro / ((GSynFlow - sqrt(GFLOPs)) + Snip)),0.548400000,0.361700000,163,8,5,2202,run_monash_time_unique1000,8,1,Monash__weather_dataset/seed_2202/run_monash_time_unique1000/visualizations/archive_latex.tex
610,0.451351351,0.548400000,\log\left(\mathrm{JacobFro}\right) - \log\left(\mathrm{Snip}\right) - \left(\mathrm{MParams}\right)^2,Jacob_fro Log Snip Log Sub MParams Square Sub <EOS>,((log(Jacob_fro) - log(Snip)) - square(MParams)),0.548400000,0.402500000,44,8,4,2183,run_monash_time_unique1000,9,1,Monash__weather_dataset/seed_2183/run_monash_time_unique1000/visualizations/archive_latex.tex
611,0.450450450,0.547900000,\left(\frac{\mathrm{Jacov}}{\mathrm{JacobFro}}\right) \cdot \left(\mathrm{Snip} + \mathrm{GSynFlow}\right),Jacov Jacob_fro Div Snip GSynFlow Add Mul <EOS>,((Jacov / Jacob_fro) * (Snip + GSynFlow)),0.547900000,0.358900000,93,7,3,2204,run_monash_time_unique1000,5,1,Monash__weather_dataset/seed_2204/run_monash_time_unique1000/visualizations/archive_latex.tex
612,0.449549550,0.547800000,\frac{\mathrm{ZiCo} - \mathrm{Snip} - \mathrm{GSynFlow}}{\mathrm{JacobFro}},ZiCo Snip Sub GSynFlow Sub Jacob_fro Div <EOS>,(((ZiCo - Snip) - GSynFlow) / Jacob_fro),0.547800000,0.359400000,10,7,4,2137,run_monash_time_unique1000,7,1,Monash__weather_dataset/seed_2137/run_monash_time_unique1000/visualizations/archive_latex.tex
613,0.448648649,0.547700000,\frac{\mathrm{plain} - \mathrm{GSynFlow} + -\mathrm{Snip}}{\mathrm{JacobFro}},plain GSynFlow Sub Snip Negative Add Jacob_fro Div <EOS>,(((plain - GSynFlow) + -(Snip)) / Jacob_fro),0.547700000,0.358700000,153,8,4,2273,run_monash_time_unique1000,3,1,Monash__weather_dataset/seed_2273/run_monash_time_unique1000/visualizations/archive_latex.tex
614,0.447747748,0.547700000,\frac{\mathrm{plain} - \mathrm{GSynFlow} + \mathrm{Snip}}{\mathrm{JacobFro}},plain GSynFlow Snip Add Sub Jacob_fro Div <EOS>,((plain - (GSynFlow + Snip)) / Jacob_fro),0.547700000,0.358700000,199,7,4,2180,run_monash_time_unique1000,5,2,Monash__weather_dataset/seed_2180/run_monash_time_unique1000/visualizations/archive_latex.tex
615,0.446846847,0.547700000,\frac{\frac{\mathrm{JacobFro}}{\mathrm{GSynFlow} + \mathrm{Snip}}}{\sqrt{\mathrm{MParams}}},Jacob_fro GSynFlow Snip Add Div MParams Sqrt Div <EOS>,((Jacob_fro / (GSynFlow + Snip)) / sqrt(MParams)),0.547700000,0.372100000,172,8,4,2256,run_monash_time_unique1000,5,1,Monash__weather_dataset/seed_2256/run_monash_time_unique1000/visualizations/archive_latex.tex
616,0.445945946,0.547700000,\frac{\mathrm{plain} - \mathrm{Snip} - -\mathrm{GSynFlow}}{\mathrm{JacobFro}},plain Snip GSynFlow Negative Sub Sub Jacob_fro Div <EOS>,((plain - (Snip - -(GSynFlow))) / Jacob_fro),0.547700000,0.358700000,127,8,5,2277,run_monash_time_unique1000,6,1,Monash__weather_dataset/seed_2277/run_monash_time_unique1000/visualizations/archive_latex.tex
617,0.445045045,0.547700000,\frac{\mathrm{JacobFro}}{\mathrm{Snip} + \mathrm{GSynFlow} - \mathrm{plain}},Jacob_fro Snip GSynFlow plain Sub Add Div <EOS>,(Jacob_fro / (Snip + (GSynFlow - plain))),0.547700000,0.358700000,78,7,4,2177,run_monash_time_unique1000,7,1,Monash__weather_dataset/seed_2177/run_monash_time_unique1000/visualizations/archive_latex.tex
618,0.444144144,0.547700000,\frac{\mathrm{plain} - \mathrm{Snip} - \mathrm{GSynFlow}}{\mathrm{JacobFro}},plain Snip Sub GSynFlow Sub Jacob_fro Div <EOS>,(((plain - Snip) - GSynFlow) / Jacob_fro),0.547700000,0.358700000,19,7,4,2137,run_monash_time_unique1000,8,1,Monash__weather_dataset/seed_2137/run_monash_time_unique1000/visualizations/archive_latex.tex
619,0.443243243,0.547700000,\frac{\mathrm{JacobFro}}{\mathrm{GSynFlow} - \mathrm{plain} + \mathrm{Snip}},Jacob_fro GSynFlow plain Sub Snip Add Div <EOS>,(Jacob_fro / ((GSynFlow - plain) + Snip)),0.547700000,0.358700000,165,7,4,2202,run_monash_time_unique1000,9,1,Monash__weather_dataset/seed_2202/run_monash_time_unique1000/visualizations/archive_latex.tex
620,0.442342342,0.547500000,\frac{\frac{\mathrm{JacobFro}}{\mathrm{MParams}}}{\mathrm{GradNorm}} - \mathrm{GSynFlow},Jacob_fro MParams Div Grad_Norm Div GSynFlow Sub <EOS>,(((Jacob_fro / MParams) / Grad_Norm) - GSynFlow),0.547500000,0.381700000,159,7,4,2117,run_monash_time_unique1000,1,1,Monash__weather_dataset/seed_2117/run_monash_time_unique1000/visualizations/archive_latex.tex
621,0.441441441,0.547100000,\frac{\mathrm{JacobFro} + \mathrm{GFLOPs}}{\mathrm{Snip} + \mathrm{GSynFlow}},Jacob_fro GFLOPs Add Snip GSynFlow Add Div <EOS>,((Jacob_fro + GFLOPs) / (Snip + GSynFlow)),0.547100000,0.359400000,90,7,3,2142,run_monash_time_unique1000,7,1,Monash__weather_dataset/seed_2142/run_monash_time_unique1000/visualizations/archive_latex.tex
622,0.440540541,0.546800000,\frac{-\mathrm{Fisher} - \mathrm{Snip} + \mathrm{GSynFlow}}{\mathrm{JacobFro}},Fisher Negative Snip GSynFlow Add Sub Jacob_fro Div <EOS>,((-(Fisher) - (Snip + GSynFlow)) / Jacob_fro),0.546800000,0.359600000,187,8,4,2227,run_monash_time_unique1000,1,1,Monash__weather_dataset/seed_2227/run_monash_time_unique1000/visualizations/archive_latex.tex
623,0.439639640,0.546800000,\frac{\mathrm{JacobFro}}{\mathrm{Fisher} + \mathrm{Snip} + \mathrm{GSynFlow}},Jacob_fro Fisher Snip Add GSynFlow Add Div <EOS>,(Jacob_fro / ((Fisher + Snip) + GSynFlow)),0.546800000,0.359600000,13,7,4,2128,run_monash_time_unique1000,2,1,Monash__weather_dataset/seed_2128/run_monash_time_unique1000/visualizations/archive_latex.tex
624,0.438738739,0.546800000,\frac{\mathrm{JacobFro}}{\mathrm{Fisher} + \mathrm{GSynFlow} + \mathrm{Snip}},Jacob_fro Fisher GSynFlow Add Snip Add Div <EOS>,(Jacob_fro / ((Fisher + GSynFlow) + Snip)),0.546800000,0.359600000,47,7,4,2029,run_monash_time_unique1000,5,2,Monash__weather_dataset/seed_2029/run_monash_time_unique1000/visualizations/archive_latex.tex
625,0.437837838,0.546800000,\frac{-\mathrm{Fisher} - \mathrm{GSynFlow} + \mathrm{Snip}}{\mathrm{JacobFro}},Fisher Negative GSynFlow Snip Add Sub Jacob_fro Div <EOS>,((-(Fisher) - (GSynFlow + Snip)) / Jacob_fro),0.546800000,0.359600000,145,8,4,2206,run_monash_time_unique1000,7,1,Monash__weather_dataset/seed_2206/run_monash_time_unique1000/visualizations/archive_latex.tex
626,0.436936937,0.546800000,\frac{\mathrm{JacobFro}}{\mathrm{GSynFlow} + \mathrm{Fisher} + \mathrm{Snip}},Jacob_fro GSynFlow Fisher Add Snip Add Div <EOS>,(Jacob_fro / ((GSynFlow + Fisher) + Snip)),0.546800000,0.359600000,160,7,4,2202,run_monash_time_unique1000,10,1,Monash__weather_dataset/seed_2202/run_monash_time_unique1000/visualizations/archive_latex.tex
627,0.436036036,0.546700000,\frac{\mathrm{JacobFro}}{\mathrm{MParams} + \mathrm{GSynFlow} + \mathrm{Snip}},Jacob_fro MParams GSynFlow Add Snip Add Div <EOS>,(Jacob_fro / ((MParams + GSynFlow) + Snip)),0.546700000,0.359900000,4,7,4,2218,run_monash_time_unique1000,1,1,Monash__weather_dataset/seed_2218/run_monash_time_unique1000/visualizations/archive_latex.tex
628,0.435135135,0.546700000,\frac{\sqrt{\frac{\frac{\mathrm{JacobFro}}{\mathrm{Snip}}}{\log\left(\mathrm{MParams}\right)}}}{\mathrm{MParams}},Jacob_fro Snip Div MParams Log Div Sqrt MParams Div <EOS>,(sqrt(((Jacob_fro / Snip) / log(MParams))) / MParams),0.546700000,0.438500000,109,9,5,2117,run_monash_time_unique1000,2,1,Monash__weather_dataset/seed_2117/run_monash_time_unique1000/visualizations/archive_latex.tex
629,0.434234234,0.546500000,\frac{\mathrm{MParams} - \mathrm{Snip} + \mathrm{GSynFlow}}{\mathrm{JacobFro}},MParams Snip GSynFlow Add Sub Jacob_fro Div <EOS>,((MParams - (Snip + GSynFlow)) / Jacob_fro),0.546500000,0.359100000,189,7,4,2227,run_monash_time_unique1000,2,1,Monash__weather_dataset/seed_2227/run_monash_time_unique1000/visualizations/archive_latex.tex
630,0.433333333,0.546500000,\frac{\mathrm{MParams} - \mathrm{Snip} - \mathrm{GSynFlow}}{\mathrm{JacobFro}},MParams Snip Sub GSynFlow Sub Jacob_fro Div <EOS>,(((MParams - Snip) - GSynFlow) / Jacob_fro),0.546500000,0.359100000,55,7,4,2290,run_monash_time_unique1000,2,2,Monash__weather_dataset/seed_2290/run_monash_time_unique1000/visualizations/archive_latex.tex
631,0.432432432,0.546500000,\frac{\mathrm{MParams} - \mathrm{GSynFlow} + \mathrm{Snip}}{\mathrm{JacobFro}},MParams GSynFlow Snip Add Sub Jacob_fro Div <EOS>,((MParams - (GSynFlow + Snip)) / Jacob_fro),0.546500000,0.359100000,182,7,4,2084,run_monash_time_unique1000,4,2,Monash__weather_dataset/seed_2084/run_monash_time_unique1000/visualizations/archive_latex.tex
632,0.431531532,0.546500000,\frac{\mathrm{JacobFro}}{-\left(\mathrm{MParams}\right)^2 + \mathrm{GSynFlow} + \mathrm{Snip}},Jacob_fro MParams Square Negative GSynFlow Add Snip Add Div <EOS>,(Jacob_fro / ((-(square(MParams)) + GSynFlow) + Snip)),0.546500000,0.359800000,48,9,6,2029,run_monash_time_unique1000,6,1,Monash__weather_dataset/seed_2029/run_monash_time_unique1000/visualizations/archive_latex.tex
633,0.430630631,0.546500000,\mathrm{Fisher} - \sqrt{\mathrm{GSynFlow}} - \frac{\mathrm{JacobFro}}{\mathrm{Snip}},Fisher GSynFlow Sqrt Jacob_fro Snip Div Sub Sub <EOS>,(Fisher - (sqrt(GSynFlow) - (Jacob_fro / Snip))),0.546500000,0.367800000,184,8,4,2206,run_monash_time_unique1000,8,1,Monash__weather_dataset/seed_2206/run_monash_time_unique1000/visualizations/archive_latex.tex
634,0.429729730,0.546400000,\frac{\mathrm{Fisher}}{\left(\mathrm{Snip} - \mathrm{GSynFlow} - \sqrt{\mathrm{JacobFro}}\right)^2},Fisher Snip GSynFlow Sub Jacob_fro Sqrt Sub Square Div <EOS>,(Fisher / square(((Snip - GSynFlow) - sqrt(Jacob_fro)))),0.546400000,0.388000000,78,9,5,2256,run_monash_time_unique1000,7,1,Monash__weather_dataset/seed_2256/run_monash_time_unique1000/visualizations/archive_latex.tex
635,0.428828829,0.546300000,\frac{\mathrm{JacobFro}}{\mathrm{GSynFlow} + \mathrm{Snip}},Jacob_fro GSynFlow Snip Add Div <EOS>,(Jacob_fro / (GSynFlow + Snip)),0.546300000,0.358900000,92,5,3,2034,run_monash_time_unique1000,1,4,Monash__weather_dataset/seed_2034/run_monash_time_unique1000/visualizations/archive_latex.tex
636,0.427927928,0.546300000,\frac{\mathrm{Snip} + \mathrm{GSynFlow}}{\mathrm{GFLOPs} - \mathrm{JacobFro}},Snip GSynFlow Add GFLOPs Jacob_fro Sub Div <EOS>,((Snip + GSynFlow) / (GFLOPs - Jacob_fro)),0.546300000,0.359600000,127,7,3,2052,run_monash_time_unique1000,1,1,Monash__weather_dataset/seed_2052/run_monash_time_unique1000/visualizations/archive_latex.tex
637,0.427027027,0.546300000,\frac{\mathrm{JacobFro}}{\mathrm{Snip} + \mathrm{GSynFlow}},Jacob_fro Snip GSynFlow Add Div <EOS>,(Jacob_fro / (Snip + GSynFlow)),0.546300000,0.358900000,104,5,3,2063,run_monash_time_unique1000,1,6,Monash__weather_dataset/seed_2063/run_monash_time_unique1000/visualizations/archive_latex.tex
638,0.426126126,0.546300000,\frac{-\mathrm{GSynFlow} - \mathrm{Snip}}{\mathrm{JacobFro}},GSynFlow Negative Snip Sub Jacob_fro Div <EOS>,((-(GSynFlow) - Snip) / Jacob_fro),0.546300000,0.358900000,60,6,4,2258,run_monash_time_unique1000,1,2,Monash__weather_dataset/seed_2258/run_monash_time_unique1000/visualizations/archive_latex.tex
639,0.425225225,0.546300000,\frac{\mathrm{Snip} + \mathrm{GSynFlow}}{\log\left(\mathrm{GFLOPs}\right) - \mathrm{JacobFro}},Snip GSynFlow Add GFLOPs Log Jacob_fro Sub Div <EOS>,((Snip + GSynFlow) / (log(GFLOPs) - Jacob_fro)),0.546300000,0.359200000,128,8,4,2052,run_monash_time_unique1000,2,1,Monash__weather_dataset/seed_2052/run_monash_time_unique1000/visualizations/archive_latex.tex
640,0.424324324,0.546300000,\frac{\mathrm{Fisher} + \mathrm{JacobFro}}{\mathrm{GSynFlow} + \mathrm{Snip}},Fisher Jacob_fro Add GSynFlow Snip Add Div <EOS>,((Fisher + Jacob_fro) / (GSynFlow + Snip)),0.546300000,0.359000000,59,7,3,2158,run_monash_time_unique1000,2,1,Monash__weather_dataset/seed_2158/run_monash_time_unique1000/visualizations/archive_latex.tex
641,0.423423423,0.546300000,\frac{\mathrm{JacobFro} - \mathrm{MParams}}{\mathrm{GSynFlow} + \mathrm{Snip}},Jacob_fro MParams Sub GSynFlow Snip Add Div <EOS>,((Jacob_fro - MParams) / (GSynFlow + Snip)),0.546300000,0.358900000,63,7,3,2233,run_monash_time_unique1000,2,1,Monash__weather_dataset/seed_2233/run_monash_time_unique1000/visualizations/archive_latex.tex
642,0.422522523,0.546300000,\frac{\mathrm{JacobFro} + \mathrm{JacobFro}}{\mathrm{GSynFlow} + \mathrm{Snip}},Jacob_fro Jacob_fro Add GSynFlow Snip Add Div <EOS>,((Jacob_fro + Jacob_fro) / (GSynFlow + Snip)),0.546300000,0.358900000,58,7,3,2158,run_monash_time_unique1000,3,1,Monash__weather_dataset/seed_2158/run_monash_time_unique1000/visualizations/archive_latex.tex
643,0.421621622,0.546300000,\frac{\mathrm{MParams} + \mathrm{JacobFro}}{\mathrm{Snip} + \mathrm{GSynFlow}},MParams Jacob_fro Add Snip GSynFlow Add Div <EOS>,((MParams + Jacob_fro) / (Snip + GSynFlow)),0.546300000,0.358900000,44,7,3,2180,run_monash_time_unique1000,6,1,Monash__weather_dataset/seed_2180/run_monash_time_unique1000/visualizations/archive_latex.tex
644,0.420720721,0.546300000,\frac{-\mathrm{Snip} - \mathrm{GSynFlow}}{\mathrm{JacobFro}},Snip Negative GSynFlow Sub Jacob_fro Div <EOS>,((-(Snip) - GSynFlow) / Jacob_fro),0.546300000,0.358900000,52,6,4,2196,run_monash_time_unique1000,6,1,Monash__weather_dataset/seed_2196/run_monash_time_unique1000/visualizations/archive_latex.tex
645,0.419819820,0.546300000,\frac{\left(\sqrt{\mathrm{JacobFro}}\right)^2}{\mathrm{GSynFlow} + \mathrm{Snip}},Jacob_fro Sqrt Square GSynFlow Snip Add Div <EOS>,(square(sqrt(Jacob_fro)) / (GSynFlow + Snip)),0.546300000,0.358900000,54,7,4,2201,run_monash_time_unique1000,7,1,Monash__weather_dataset/seed_2201/run_monash_time_unique1000/visualizations/archive_latex.tex
646,0.418918919,0.546300000,\frac{\mathrm{plain} + \mathrm{JacobFro}}{\mathrm{Snip} - -\mathrm{GSynFlow}},plain Jacob_fro Add Snip GSynFlow Negative Sub Div <EOS>,((plain + Jacob_fro) / (Snip - -(GSynFlow))),0.546300000,0.358900000,8,8,4,2277,run_monash_time_unique1000,7,1,Monash__weather_dataset/seed_2277/run_monash_time_unique1000/visualizations/archive_latex.tex
647,0.418018018,0.546300000,\frac{\mathrm{JacobFro} - \mathrm{Snip} - \mathrm{GSynFlow}}{\mathrm{JacobFro}},Jacob_fro Snip Sub GSynFlow Sub Jacob_fro Div <EOS>,(((Jacob_fro - Snip) - GSynFlow) / Jacob_fro),0.546300000,0.358900000,10,7,4,2137,run_monash_time_unique1000,9,1,Monash__weather_dataset/seed_2137/run_monash_time_unique1000/visualizations/archive_latex.tex
648,0.417117117,0.546000000,\frac{-\mathrm{L2Norm} + \mathrm{JacobFro}}{\mathrm{GSynFlow} + \mathrm{Snip}},L2-Norm Negative Jacob_fro Add GSynFlow Snip Add Div <EOS>,((-(L2-Norm) + Jacob_fro) / (GSynFlow + Snip)),0.546000000,0.356700000,54,8,4,2158,run_monash_time_unique1000,4,1,Monash__weather_dataset/seed_2158/run_monash_time_unique1000/visualizations/archive_latex.tex
649,0.416216216,0.546000000,\frac{\log\left(\mathrm{Fisher}\right) - \mathrm{Snip} + \mathrm{GSynFlow}}{\mathrm{JacobFro}},Fisher Log Snip GSynFlow Add Sub Jacob_fro Div <EOS>,((log(Fisher) - (Snip + GSynFlow)) / Jacob_fro),0.546000000,0.360300000,109,8,4,2137,run_monash_time_unique1000,10,1,Monash__weather_dataset/seed_2137/run_monash_time_unique1000/visualizations/archive_latex.tex
650,0.415315315,0.546000000,\frac{\log\left(\mathrm{Fisher}\right) - \mathrm{GSynFlow} + \mathrm{Snip}}{\mathrm{JacobFro}},Fisher Log GSynFlow Snip Add Sub Jacob_fro Div <EOS>,((log(Fisher) - (GSynFlow + Snip)) / Jacob_fro),0.546000000,0.360300000,142,8,4,2206,run_monash_time_unique1000,10,1,Monash__weather_dataset/seed_2206/run_monash_time_unique1000/visualizations/archive_latex.tex
651,0.414414414,0.545800000,\frac{\log\left(\mathrm{MParams}\right) - \mathrm{GSynFlow} + \mathrm{Snip}}{\mathrm{JacobFro}},MParams Log GSynFlow Snip Add Sub Jacob_fro Div <EOS>,((log(MParams) - (GSynFlow + Snip)) / Jacob_fro),0.545800000,0.362900000,181,8,4,2084,run_monash_time_unique1000,5,1,Monash__weather_dataset/seed_2084/run_monash_time_unique1000/visualizations/archive_latex.tex
652,0.413513514,0.545500000,\frac{\mathrm{JacobFro}}{\mathrm{plain} + \mathrm{Snip} + \mathrm{GSynFlow}},Jacob_fro plain Snip Add GSynFlow Add Div <EOS>,(Jacob_fro / ((plain + Snip) + GSynFlow)),0.545500000,0.359100000,13,7,4,2128,run_monash_time_unique1000,3,1,Monash__weather_dataset/seed_2128/run_monash_time_unique1000/visualizations/archive_latex.tex
653,0.412612613,0.545500000,\frac{\mathrm{JacobFro}}{\mathrm{GSynFlow} + \mathrm{plain} + \mathrm{Snip}},Jacob_fro GSynFlow plain Snip Add Add Div <EOS>,(Jacob_fro / (GSynFlow + (plain + Snip))),0.545500000,0.359100000,98,7,4,2096,run_monash_time_unique1000,8,1,Monash__weather_dataset/seed_2096/run_monash_time_unique1000/visualizations/archive_latex.tex
654,0.411711712,0.545500000,\frac{\mathrm{JacobFro}}{\mathrm{plain} + \mathrm{GSynFlow} + \mathrm{Snip}},Jacob_fro plain GSynFlow Add Snip Add Div <EOS>,(Jacob_fro / ((plain + GSynFlow) + Snip)),0.545500000,0.359100000,91,7,4,2201,run_monash_time_unique1000,8,1,Monash__weather_dataset/seed_2201/run_monash_time_unique1000/visualizations/archive_latex.tex
655,0.410810811,0.545300000,\frac{\mathrm{JacobFro} - \frac{\left(\mathrm{GSynFlow}\right)^2}{\sqrt{\mathrm{MParams}}}}{\mathrm{Snip}},Jacob_fro GSynFlow Square MParams Sqrt Div Sub Snip Div <EOS>,((Jacob_fro - (square(GSynFlow) / sqrt(MParams))) / Snip),0.545300000,0.383400000,195,9,5,2212,run_monash_time_unique1000,3,2,Monash__weather_dataset/seed_2212/run_monash_time_unique1000/visualizations/archive_latex.tex
656,0.409909910,0.545000000,\left(\log\left(\mathrm{GradNorm} + \frac{\mathrm{GradNorm}}{\mathrm{Fisher}}\right)\right) \cdot \left(-\mathrm{ZiCo}\right),Grad_Norm Grad_Norm Fisher Div Add Log ZiCo Negative Mul <EOS>,(log((Grad_Norm + (Grad_Norm / Fisher))) * -(ZiCo)),0.545000000,0.376500000,194,9,5,2233,run_monash_time_unique1000,3,1,Monash__weather_dataset/seed_2233/run_monash_time_unique1000/visualizations/archive_latex.tex
657,0.409009009,0.544900000,\frac{\sqrt{\mathrm{Fisher}}}{\mathrm{GradNorm}} - \left(\mathrm{ZiCo}\right)^2,Fisher Sqrt Grad_Norm Div ZiCo Square Sub <EOS>,((sqrt(Fisher) / Grad_Norm) - square(ZiCo)),0.544900000,0.361300000,15,7,4,2281,run_monash_time_unique1000,8,1,Monash__weather_dataset/seed_2281/run_monash_time_unique1000/visualizations/archive_latex.tex
658,0.408108108,0.544700000,\frac{\mathrm{JacobFro}}{\mathrm{GSynFlow} + \left(\mathrm{GFLOPs}\right)^2 + \mathrm{Snip}},Jacob_fro GSynFlow GFLOPs Square Snip Add Add Div <EOS>,(Jacob_fro / (GSynFlow + (square(GFLOPs) + Snip))),0.544700000,0.359800000,97,8,5,2096,run_monash_time_unique1000,9,1,Monash__weather_dataset/seed_2096/run_monash_time_unique1000/visualizations/archive_latex.tex
659,0.407207207,0.544400000,\frac{\mathrm{JacobFro}}{\mathrm{Snip}} + \left(\mathrm{MParams}\right) \cdot \left(-\mathrm{L2Norm}\right),Jacob_fro Snip Div MParams L2-Norm Negative Mul Add <EOS>,((Jacob_fro / Snip) + (MParams * -(L2-Norm))),0.544400000,0.388800000,39,8,4,2066,run_monash_time_unique1000,3,1,Monash__weather_dataset/seed_2066/run_monash_time_unique1000/visualizations/archive_latex.tex
660,0.406306306,0.544000000,\frac{\frac{\mathrm{JacobFro} - \left(\mathrm{GSynFlow}\right)^2}{\mathrm{Snip}}}{\sqrt{\mathrm{Snip}}},Jacob_fro GSynFlow Square Sub Snip Div Snip Sqrt Div <EOS>,(((Jacob_fro - square(GSynFlow)) / Snip) / sqrt(Snip)),0.544000000,0.394500000,140,9,5,2184,run_monash_time_unique1000,6,1,Monash__weather_dataset/seed_2184/run_monash_time_unique1000/visualizations/archive_latex.tex
661,0.405405405,0.543300000,\frac{\mathrm{GraSP} - \left(\mathrm{JacobFro}\right) \cdot \left(\log\left(\mathrm{MParams}\right)\right)}{\left(\mathrm{GradNorm}\right)^2},GraSP Jacob_fro MParams Log Mul Sub Grad_Norm Square Div <EOS>,((GraSP - (Jacob_fro * log(MParams))) / square(Grad_Norm)),0.543300000,0.386100000,93,9,5,2188,run_monash_time_unique1000,1,1,Monash__weather_dataset/seed_2188/run_monash_time_unique1000/visualizations/archive_latex.tex
662,0.404504505,0.543300000,\frac{\frac{\sqrt{\mathrm{Fisher}}}{\mathrm{GradNorm} + \left(\mathrm{plain}\right)^2}}{\mathrm{ZiCo}},Fisher Sqrt Grad_Norm plain Square Add Div ZiCo Div <EOS>,((sqrt(Fisher) / (Grad_Norm + square(plain))) / ZiCo),0.543300000,0.387200000,80,9,5,2256,run_monash_time_unique1000,9,1,Monash__weather_dataset/seed_2256/run_monash_time_unique1000/visualizations/archive_latex.tex
663,0.403603604,0.543000000,\frac{\frac{\sqrt{\mathrm{Fisher}}}{\mathrm{Fisher} + \mathrm{GradNorm}}}{\left(\mathrm{ZiCo}\right)^2},Fisher Sqrt Fisher Grad_Norm Add Div ZiCo Square Div <EOS>,((sqrt(Fisher) / (Fisher + Grad_Norm)) / square(ZiCo)),0.543000000,0.405700000,19,9,4,2281,run_monash_time_unique1000,9,1,Monash__weather_dataset/seed_2281/run_monash_time_unique1000/visualizations/archive_latex.tex
664,0.402702703,0.543000000,\frac{\frac{\sqrt{\mathrm{Fisher}}}{\mathrm{GradNorm} + \mathrm{Fisher}}}{\left(\mathrm{ZiCo}\right)^2},Fisher Sqrt Grad_Norm Fisher Add Div ZiCo Square Div <EOS>,((sqrt(Fisher) / (Grad_Norm + Fisher)) / square(ZiCo)),0.543000000,0.405700000,54,9,4,2256,run_monash_time_unique1000,10,1,Monash__weather_dataset/seed_2256/run_monash_time_unique1000/visualizations/archive_latex.tex
665,0.401801802,0.542200000,\frac{\mathrm{JacobFro} - \frac{\left(\mathrm{GSynFlow}\right)^2}{\log\left(\mathrm{GradNorm}\right)}}{\mathrm{Snip}},Jacob_fro GSynFlow Square Grad_Norm Log Div Sub Snip Div <EOS>,((Jacob_fro - (square(GSynFlow) / log(Grad_Norm))) / Snip),0.542200000,0.379000000,110,9,5,2201,run_monash_time_unique1000,9,1,Monash__weather_dataset/seed_2201/run_monash_time_unique1000/visualizations/archive_latex.tex
666,0.400900901,0.541800000,\log\left(\sqrt{\mathrm{JacobFro}}\right) - \log\left(\mathrm{Snip}\right) - \left(\mathrm{MParams}\right)^2,Jacob_fro Sqrt Log Snip Log Sub MParams Square Sub <EOS>,((log(sqrt(Jacob_fro)) - log(Snip)) - square(MParams)),0.541800000,0.384500000,52,9,5,2183,run_monash_time_unique1000,10,1,Monash__weather_dataset/seed_2183/run_monash_time_unique1000/visualizations/archive_latex.tex
667,0.400000000,0.541700000,\frac{\mathrm{JacobFro} - \mathrm{Snip}}{\mathrm{Snip} + \mathrm{GSynFlow}},Jacob_fro Snip Sub Snip GSynFlow Add Div <EOS>,((Jacob_fro - Snip) / (Snip + GSynFlow)),0.541700000,0.357500000,148,7,3,2027,run_monash_time_unique1000,1,1,Monash__weather_dataset/seed_2027/run_monash_time_unique1000/visualizations/archive_latex.tex
668,0.399099099,0.541700000,\frac{\log\left(\mathrm{JacobFro}\right)}{\mathrm{ZiCo}} - \mathrm{GFLOPs},Jacob_fro Log ZiCo Div GFLOPs Sub <EOS>,((log(Jacob_fro) / ZiCo) - GFLOPs),0.541700000,0.316300000,174,6,4,2117,run_monash_time_unique1000,3,3,Monash__weather_dataset/seed_2117/run_monash_time_unique1000/visualizations/archive_latex.tex
669,0.398198198,0.541700000,\frac{\mathrm{GSynFlow} + \mathrm{JacobFro}}{\mathrm{Snip} + \mathrm{GSynFlow}},GSynFlow Jacob_fro Add Snip GSynFlow Add Div <EOS>,((GSynFlow + Jacob_fro) / (Snip + GSynFlow)),0.541700000,0.357500000,45,7,3,2180,run_monash_time_unique1000,7,1,Monash__weather_dataset/seed_2180/run_monash_time_unique1000/visualizations/archive_latex.tex
670,0.397297297,0.541400000,\frac{\frac{\sqrt{\mathrm{Fisher}}}{\mathrm{GradNorm}}}{\left(\mathrm{ZiCo}\right)^2},Fisher Sqrt Grad_Norm Div ZiCo Square Div <EOS>,((sqrt(Fisher) / Grad_Norm) / square(ZiCo)),0.541400000,0.363500000,14,7,4,2281,run_monash_time_unique1000,10,1,Monash__weather_dataset/seed_2281/run_monash_time_unique1000/visualizations/archive_latex.tex
671,0.396396396,0.541100000,\frac{\mathrm{JacobFro}}{\mathrm{GradNorm} + \mathrm{Snip} + \mathrm{GSynFlow}},Jacob_fro Grad_Norm Snip GSynFlow Add Add Div <EOS>,(Jacob_fro / (Grad_Norm + (Snip + GSynFlow))),0.541100000,0.358800000,61,7,4,2233,run_monash_time_unique1000,4,1,Monash__weather_dataset/seed_2233/run_monash_time_unique1000/visualizations/archive_latex.tex
672,0.395495495,0.539400000,\frac{\mathrm{JacobFro} - \left(\left(\mathrm{Snip}\right) \cdot \left(\left(\mathrm{MParams}\right)^2\right)\right)^2}{\mathrm{plain}},Jacob_fro Snip MParams Square Mul Square Sub plain Div <EOS>,((Jacob_fro - square((Snip * square(MParams)))) / plain),0.539400000,0.380200000,101,9,6,2138,run_monash_time_unique1000,1,1,Monash__weather_dataset/seed_2138/run_monash_time_unique1000/visualizations/archive_latex.tex
673,0.394594595,0.539300000,\frac{\mathrm{JacobFro}}{\mathrm{Snip}} - \left(\mathrm{GSynFlow}\right) \cdot \left(\mathrm{MParams}\right),Jacob_fro Snip Div GSynFlow MParams Mul Sub <EOS>,((Jacob_fro / Snip) - (GSynFlow * MParams)),0.539300000,0.394600000,117,7,3,2090,run_monash_time_unique1000,1,3,Monash__weather_dataset/seed_2090/run_monash_time_unique1000/visualizations/archive_latex.tex
674,0.393693694,0.539300000,\left(\mathrm{MParams}\right) \cdot \left(-\mathrm{GSynFlow}\right) + \frac{\mathrm{JacobFro}}{\mathrm{Snip}},MParams GSynFlow Negative Mul Jacob_fro Snip Div Add <EOS>,((MParams * -(GSynFlow)) + (Jacob_fro / Snip)),0.539300000,0.394600000,180,8,4,2166,run_monash_time_unique1000,1,1,Monash__weather_dataset/seed_2166/run_monash_time_unique1000/visualizations/archive_latex.tex
675,0.392792793,0.539300000,\frac{\frac{\mathrm{JacobFro}}{\mathrm{GSynFlow} + \mathrm{Snip}}}{\mathrm{Snip}},Jacob_fro GSynFlow Snip Add Div Snip Div <EOS>,((Jacob_fro / (GSynFlow + Snip)) / Snip),0.539300000,0.374800000,28,7,4,2207,run_monash_time_unique1000,1,1,Monash__weather_dataset/seed_2207/run_monash_time_unique1000/visualizations/archive_latex.tex
676,0.391891892,0.539300000,\frac{\frac{\mathrm{JacobFro}}{\mathrm{Snip}}}{\mathrm{Snip} + \mathrm{GSynFlow}},Jacob_fro Snip Div Snip GSynFlow Add Div <EOS>,((Jacob_fro / Snip) / (Snip + GSynFlow)),0.539300000,0.374800000,101,7,3,2063,run_monash_time_unique1000,2,1,Monash__weather_dataset/seed_2063/run_monash_time_unique1000/visualizations/archive_latex.tex
677,0.390990991,0.539300000,\frac{\mathrm{JacobFro}}{\mathrm{Snip}} - \left(\mathrm{MParams}\right) \cdot \left(\mathrm{GSynFlow}\right),Jacob_fro Snip Div MParams GSynFlow Mul Sub <EOS>,((Jacob_fro / Snip) - (MParams * GSynFlow)),0.539300000,0.394600000,131,7,3,2030,run_monash_time_unique1000,3,1,Monash__weather_dataset/seed_2030/run_monash_time_unique1000/visualizations/archive_latex.tex
678,0.390090090,0.539300000,-\left(\mathrm{GSynFlow}\right) \cdot \left(\mathrm{MParams}\right) + \frac{\mathrm{JacobFro}}{\mathrm{Snip}},GSynFlow MParams Mul Negative Jacob_fro Snip Div Add <EOS>,(-((GSynFlow * MParams)) + (Jacob_fro / Snip)),0.539300000,0.394600000,32,8,4,2212,run_monash_time_unique1000,4,1,Monash__weather_dataset/seed_2212/run_monash_time_unique1000/visualizations/archive_latex.tex
679,0.389189189,0.539300000,\frac{\mathrm{JacobFro}}{\left(\mathrm{GSynFlow} + \mathrm{Snip}\right) \cdot \left(\mathrm{Snip}\right)},Jacob_fro GSynFlow Snip Add Snip Mul Div <EOS>,(Jacob_fro / ((GSynFlow + Snip) * Snip)),0.539300000,0.374800000,88,7,4,2029,run_monash_time_unique1000,8,1,Monash__weather_dataset/seed_2029/run_monash_time_unique1000/visualizations/archive_latex.tex
680,0.388288288,0.539300000,\frac{\frac{\mathrm{JacobFro}}{\mathrm{Snip}}}{\mathrm{GSynFlow} - -\mathrm{Snip}},Jacob_fro Snip Div GSynFlow Snip Negative Sub Div <EOS>,((Jacob_fro / Snip) / (GSynFlow - -(Snip))),0.539300000,0.374800000,137,8,4,2096,run_monash_time_unique1000,10,1,Monash__weather_dataset/seed_2096/run_monash_time_unique1000/visualizations/archive_latex.tex
681,0.387387387,0.539100000,\frac{\sqrt{\mathrm{JacobFro}} - \frac{\mathrm{GSynFlow}}{\sqrt{\mathrm{Snip}}}}{\mathrm{Snip}},Jacob_fro Sqrt GSynFlow Snip Sqrt Div Sub Snip Div <EOS>,((sqrt(Jacob_fro) - (GSynFlow / sqrt(Snip))) / Snip),0.539100000,0.370100000,104,9,5,2104,run_monash_time_unique1000,7,1,Monash__weather_dataset/seed_2104/run_monash_time_unique1000/visualizations/archive_latex.tex
682,0.386486486,0.538700000,\frac{\sqrt{\mathrm{JacobFro}} - \left(\mathrm{GSynFlow}\right) \cdot \left(\mathrm{MParams}\right)}{\mathrm{Snip}},Jacob_fro Sqrt GSynFlow MParams Mul Sub Snip Div <EOS>,((sqrt(Jacob_fro) - (GSynFlow * MParams)) / Snip),0.538700000,0.373900000,105,8,4,2104,run_monash_time_unique1000,8,1,Monash__weather_dataset/seed_2104/run_monash_time_unique1000/visualizations/archive_latex.tex
683,0.385585586,0.538300000,\mathrm{MParams} + \frac{\mathrm{JacobFro}}{\mathrm{GSynFlow} + \mathrm{Snip}},MParams Jacob_fro GSynFlow Snip Add Div Add <EOS>,(MParams + (Jacob_fro / (GSynFlow + Snip))),0.538300000,0.345700000,34,7,4,2063,run_monash_time_unique1000,3,1,Monash__weather_dataset/seed_2063/run_monash_time_unique1000/visualizations/archive_latex.tex
684,0.384684685,0.538200000,-\mathrm{ZiCo} + \frac{\sqrt{\mathrm{Fisher}}}{\mathrm{GradNorm}},ZiCo Negative Fisher Sqrt Grad_Norm Div Add <EOS>,(-(ZiCo) + (sqrt(Fisher) / Grad_Norm)),0.538200000,0.329600000,136,7,4,2127,run_monash_time_unique1000,1,1,Monash__weather_dataset/seed_2127/run_monash_time_unique1000/visualizations/archive_latex.tex
685,0.383783784,0.538200000,\frac{\sqrt{\mathrm{Fisher}}}{\mathrm{GradNorm}} - \mathrm{ZiCo},Fisher Sqrt Grad_Norm Div ZiCo Sub <EOS>,((sqrt(Fisher) / Grad_Norm) - ZiCo),0.538200000,0.329600000,20,6,4,2116,run_monash_time_unique1000,2,1,Monash__weather_dataset/seed_2116/run_monash_time_unique1000/visualizations/archive_latex.tex
686,0.382882883,0.537900000,\frac{\mathrm{JacobFro}}{\mathrm{Snip}} - \left(\left(\mathrm{MParams}\right)^2\right) \cdot \left(\mathrm{GSynFlow}\right),Jacob_fro Snip Div MParams Square GSynFlow Mul Sub <EOS>,((Jacob_fro / Snip) - (square(MParams) * GSynFlow)),0.537900000,0.401800000,130,8,4,2030,run_monash_time_unique1000,4,1,Monash__weather_dataset/seed_2030/run_monash_time_unique1000/visualizations/archive_latex.tex
687,0.381981982,0.537600000,\frac{\mathrm{JacobFro}}{\sqrt{\mathrm{GraSP}}} - \mathrm{ZiCo} + \mathrm{GSynFlow},Jacob_fro GraSP Sqrt Div ZiCo GSynFlow Add Sub <EOS>,((Jacob_fro / sqrt(GraSP)) - (ZiCo + GSynFlow)),0.537600000,0.372500000,89,8,4,2073,run_monash_time_unique1000,2,1,Monash__weather_dataset/seed_2073/run_monash_time_unique1000/visualizations/archive_latex.tex
688,0.381081081,0.537600000,\frac{\sqrt{\mathrm{JacobFro}}}{\left(\mathrm{GFLOPs}\right) \cdot \left(\mathrm{GSynFlow}\right) + \mathrm{Snip}},Jacob_fro Sqrt GFLOPs GSynFlow Mul Snip Add Div <EOS>,(sqrt(Jacob_fro) / ((GFLOPs * GSynFlow) + Snip)),0.537600000,0.374000000,40,8,4,2029,run_monash_time_unique1000,9,1,Monash__weather_dataset/seed_2029/run_monash_time_unique1000/visualizations/archive_latex.tex
689,0.380180180,0.537000000,\frac{\mathrm{JacobFro}}{\mathrm{Snip}} - \sqrt{\mathrm{GSynFlow}},Jacob_fro Snip Div GSynFlow Sqrt Sub <EOS>,((Jacob_fro / Snip) - sqrt(GSynFlow)),0.537000000,0.394100000,183,6,3,2104,run_monash_time_unique1000,9,1,Monash__weather_dataset/seed_2104/run_monash_time_unique1000/visualizations/archive_latex.tex
690,0.379279279,0.536400000,\frac{\frac{\mathrm{JacobFro}}{\mathrm{GSynFlow} + \mathrm{Snip}}}{\mathrm{GFLOPs}},Jacob_fro GSynFlow Snip Add Div GFLOPs Div <EOS>,((Jacob_fro / (GSynFlow + Snip)) / GFLOPs),0.536400000,0.378100000,151,7,4,2117,run_monash_time_unique1000,5,1,Monash__weather_dataset/seed_2117/run_monash_time_unique1000/visualizations/archive_latex.tex
691,0.378378378,0.536300000,\frac{\mathrm{JacobFro}}{\left(\mathrm{GradNorm}\right) \cdot \left(\mathrm{GSynFlow}\right) + \mathrm{Snip}},Jacob_fro Grad_Norm GSynFlow Mul Snip Add Div <EOS>,(Jacob_fro / ((Grad_Norm * GSynFlow) + Snip)),0.536300000,0.369000000,44,7,4,2029,run_monash_time_unique1000,10,1,Monash__weather_dataset/seed_2029/run_monash_time_unique1000/visualizations/archive_latex.tex
692,0.377477477,0.536300000,\frac{\sqrt{\mathrm{JacobFro}} - \frac{\mathrm{GSynFlow}}{\log\left(\mathrm{Jacov}\right)}}{\mathrm{Snip}},Jacob_fro Sqrt GSynFlow Jacov Log Div Sub Snip Div <EOS>,((sqrt(Jacob_fro) - (GSynFlow / log(Jacov))) / Snip),0.536300000,0.371500000,94,9,5,2104,run_monash_time_unique1000,10,1,Monash__weather_dataset/seed_2104/run_monash_time_unique1000/visualizations/archive_latex.tex
693,0.376576577,0.536000000,-\left(\mathrm{MParams}\right)^2 + \frac{\sqrt{\mathrm{JacobFro}}}{\mathrm{Snip}},MParams Square Negative Jacob_fro Sqrt Snip Div Add <EOS>,(-(square(MParams)) + (sqrt(Jacob_fro) / Snip)),0.536000000,0.336200000,5,8,4,2284,run_monash_time_unique1000,2,1,Monash__weather_dataset/seed_2284/run_monash_time_unique1000/visualizations/archive_latex.tex
694,0.375675676,0.535700000,\frac{\mathrm{GraSP} - \frac{\mathrm{GSynFlow}}{\left(\mathrm{Fisher}\right)^2}}{\mathrm{JacobFro}},GraSP GSynFlow Fisher Square Div Sub Jacob_fro Div <EOS>,((GraSP - (GSynFlow / square(Fisher))) / Jacob_fro),0.535700000,0.373200000,44,8,5,2209,run_monash_time_unique1000,1,7,Monash__weather_dataset/seed_2209/run_monash_time_unique1000/visualizations/archive_latex.tex
695,0.374774775,0.535700000,\frac{\mathrm{GraSP} - \frac{\mathrm{GSynFlow}}{\left(-\mathrm{Fisher}\right)^2}}{\mathrm{JacobFro}},GraSP GSynFlow Fisher Negative Square Div Sub Jacob_fro Div <EOS>,((GraSP - (GSynFlow / square(-(Fisher)))) / Jacob_fro),0.535700000,0.373200000,16,9,6,2271,run_monash_time_unique1000,1,2,Monash__weather_dataset/seed_2271/run_monash_time_unique1000/visualizations/archive_latex.tex
696,0.373873874,0.535700000,\frac{\frac{-\mathrm{GSynFlow}}{\left(\mathrm{Fisher}\right)^2} + \mathrm{GraSP}}{\mathrm{JacobFro}},GSynFlow Negative Fisher Square Div GraSP Add Jacob_fro Div <EOS>,(((-(GSynFlow) / square(Fisher)) + GraSP) / Jacob_fro),0.535700000,0.373200000,37,9,5,2105,run_monash_time_unique1000,2,1,Monash__weather_dataset/seed_2105/run_monash_time_unique1000/visualizations/archive_latex.tex
697,0.372972973,0.535700000,\frac{\mathrm{GraSP} - \left(\frac{\sqrt{\mathrm{GSynFlow}}}{\mathrm{Fisher}}\right)^2}{\mathrm{JacobFro}},GraSP GSynFlow Sqrt Fisher Div Square Sub Jacob_fro Div <EOS>,((GraSP - square((sqrt(GSynFlow) / Fisher))) / Jacob_fro),0.535700000,0.373200000,80,9,6,2227,run_monash_time_unique1000,3,1,Monash__weather_dataset/seed_2227/run_monash_time_unique1000/visualizations/archive_latex.tex
698,0.372072072,0.535700000,\frac{-\frac{\mathrm{GSynFlow}}{\left(\mathrm{Fisher}\right)^2} + \mathrm{GraSP}}{\mathrm{JacobFro}},GSynFlow Fisher Square Div Negative GraSP Add Jacob_fro Div <EOS>,((-((GSynFlow / square(Fisher))) + GraSP) / Jacob_fro),0.535700000,0.373200000,67,9,6,2195,run_monash_time_unique1000,4,1,Monash__weather_dataset/seed_2195/run_monash_time_unique1000/visualizations/archive_latex.tex
699,0.371171171,0.535300000,\frac{\sqrt{\mathrm{JacobFro}} - \frac{\mathrm{GSynFlow}}{\log\left(\mathrm{L2Norm}\right)}}{\mathrm{GradNorm}},Jacob_fro Sqrt GSynFlow L2-Norm Log Div Sub Grad_Norm Div <EOS>,((sqrt(Jacob_fro) - (GSynFlow / log(L2-Norm))) / Grad_Norm),0.535300000,0.375100000,195,9,5,2274,run_monash_time_unique1000,2,2,Monash__weather_dataset/seed_2274/run_monash_time_unique1000/visualizations/archive_latex.tex
700,0.370270270,0.535100000,\frac{\frac{\mathrm{JacobFro}}{\mathrm{Snip}} - \mathrm{GSynFlow}}{\mathrm{ZiCo}},Jacob_fro Snip Div GSynFlow Sub ZiCo Div <EOS>,(((Jacob_fro / Snip) - GSynFlow) / ZiCo),0.535100000,0.362100000,46,7,4,2208,run_monash_time_unique1000,3,1,Monash__weather_dataset/seed_2208/run_monash_time_unique1000/visualizations/archive_latex.tex
701,0.369369369,0.535000000,\frac{\frac{\mathrm{JacobFro}}{\mathrm{GradNorm}}}{\mathrm{GSynFlow} + \mathrm{L2Norm}},Jacob_fro Grad_Norm Div GSynFlow L2-Norm Add Div <EOS>,((Jacob_fro / Grad_Norm) / (GSynFlow + L2-Norm)),0.535000000,0.378400000,90,7,3,2034,run_monash_time_unique1000,2,1,Monash__weather_dataset/seed_2034/run_monash_time_unique1000/visualizations/archive_latex.tex
702,0.368468468,0.535000000,\frac{\frac{\mathrm{JacobFro}}{\mathrm{GradNorm}}}{\mathrm{L2Norm} + \mathrm{GSynFlow}},Jacob_fro Grad_Norm Div L2-Norm GSynFlow Add Div <EOS>,((Jacob_fro / Grad_Norm) / (L2-Norm + GSynFlow)),0.535000000,0.378400000,112,7,3,2182,run_monash_time_unique1000,2,1,Monash__weather_dataset/seed_2182/run_monash_time_unique1000/visualizations/archive_latex.tex
703,0.367567568,0.535000000,\frac{\left(\mathrm{MParams}\right)^2 - \frac{\mathrm{plain}}{\left(\mathrm{ZiCo}\right)^2}}{\mathrm{GraSP}},MParams Square plain ZiCo Square Div Sub GraSP Div <EOS>,((square(MParams) - (plain / square(ZiCo))) / GraSP),0.535000000,0.385600000,44,9,5,2224,run_monash_time_unique1000,2,1,Monash__weather_dataset/seed_2224/run_monash_time_unique1000/visualizations/archive_latex.tex
704,0.366666667,0.534700000,\frac{\mathrm{JacobFro}}{\left(\left(\mathrm{L2Norm}\right)^2\right) \cdot \left(\mathrm{GradNorm} + \sqrt{\mathrm{GSynFlow}}\right)},Jacob_fro L2-Norm Square Grad_Norm GSynFlow Sqrt Add Mul Div <EOS>,(Jacob_fro / (square(L2-Norm) * (Grad_Norm + sqrt(GSynFlow)))),0.534700000,0.374400000,157,9,5,2110,run_monash_time_unique1000,2,1,Monash__weather_dataset/seed_2110/run_monash_time_unique1000/visualizations/archive_latex.tex
705,0.365765766,0.534400000,\left(\frac{\mathrm{JacobFro}}{\mathrm{GraSP}}\right)^2 - \left(\left(\mathrm{GFLOPs}\right) \cdot \left(\mathrm{GFLOPs}\right)\right)^2,Jacob_fro GraSP Div Square GFLOPs GFLOPs Mul Square Sub <EOS>,(square((Jacob_fro / GraSP)) - square((GFLOPs * GFLOPs))),0.534400000,0.356800000,23,9,4,2208,run_monash_time_unique1000,4,1,Monash__weather_dataset/seed_2208/run_monash_time_unique1000/visualizations/archive_latex.tex
706,0.364864865,0.533500000,\frac{\sqrt{\mathrm{JacobFro}} - \frac{\mathrm{GSynFlow}}{\mathrm{GFLOPs}}}{\mathrm{GradNorm}},Jacob_fro Sqrt GSynFlow GFLOPs Div Sub Grad_Norm Div <EOS>,((sqrt(Jacob_fro) - (GSynFlow / GFLOPs)) / Grad_Norm),0.533500000,0.354300000,163,8,4,2274,run_monash_time_unique1000,3,1,Monash__weather_dataset/seed_2274/run_monash_time_unique1000/visualizations/archive_latex.tex
707,0.363963964,0.532900000,\frac{\log\left(\left(\mathrm{JacobFro}\right) \cdot \left(\mathrm{Fisher}\right)\right)}{\sqrt{\mathrm{GSynFlow} + \mathrm{Snip}}},Jacob_fro Fisher Mul Log GSynFlow Snip Add Sqrt Div <EOS>,(log((Jacob_fro * Fisher)) / sqrt((GSynFlow + Snip))),0.532900000,0.396600000,23,9,4,2184,run_monash_time_unique1000,7,1,Monash__weather_dataset/seed_2184/run_monash_time_unique1000/visualizations/archive_latex.tex
708,0.363063063,0.532600000,\frac{\mathrm{JacobFro}}{\sqrt{\mathrm{GraSP}}} - \mathrm{GSynFlow} + \mathrm{Fisher},Jacob_fro GraSP Sqrt Div GSynFlow Fisher Add Sub <EOS>,((Jacob_fro / sqrt(GraSP)) - (GSynFlow + Fisher)),0.532600000,0.373300000,30,8,4,2238,run_monash_time_unique1000,4,1,Monash__weather_dataset/seed_2238/run_monash_time_unique1000/visualizations/archive_latex.tex
709,0.362162162,0.532500000,\frac{\mathrm{JacobFro}}{\mathrm{Snip}} + \mathrm{GradNorm} - \mathrm{GSynFlow},Jacob_fro Snip Div Grad_Norm GSynFlow Sub Add <EOS>,((Jacob_fro / Snip) + (Grad_Norm - GSynFlow)),0.532500000,0.305400000,35,7,3,2066,run_monash_time_unique1000,4,1,Monash__weather_dataset/seed_2066/run_monash_time_unique1000/visualizations/archive_latex.tex
710,0.361261261,0.532500000,\frac{\mathrm{JacobFro}}{\mathrm{Snip}} - \mathrm{GSynFlow} - \mathrm{GradNorm},Jacob_fro Snip Div GSynFlow Grad_Norm Sub Sub <EOS>,((Jacob_fro / Snip) - (GSynFlow - Grad_Norm)),0.532500000,0.305400000,58,7,3,2238,run_monash_time_unique1000,5,1,Monash__weather_dataset/seed_2238/run_monash_time_unique1000/visualizations/archive_latex.tex
711,0.360360360,0.532300000,\frac{\mathrm{JacobFro}}{\mathrm{GradNorm}} - \left(\log\left(\mathrm{GSynFlow}\right)\right) \cdot \left(\mathrm{L2Norm}\right),Jacob_fro Grad_Norm Div GSynFlow Log L2-Norm Mul Sub <EOS>,((Jacob_fro / Grad_Norm) - (log(GSynFlow) * L2-Norm)),0.532300000,0.412500000,86,8,4,2238,run_monash_time_unique1000,6,1,Monash__weather_dataset/seed_2238/run_monash_time_unique1000/visualizations/archive_latex.tex
712,0.359459459,0.532000000,\frac{\mathrm{GraSP} - \left(\mathrm{JacobFro}\right) \cdot \left(\log\left(\mathrm{MParams}\right)\right)}{\mathrm{Fisher}},GraSP Jacob_fro MParams Log Mul Sub Fisher Div <EOS>,((GraSP - (Jacob_fro * log(MParams))) / Fisher),0.532000000,0.378100000,96,8,5,2188,run_monash_time_unique1000,2,3,Monash__weather_dataset/seed_2188/run_monash_time_unique1000/visualizations/archive_latex.tex
713,0.358558559,0.532000000,\frac{\mathrm{GraSP} - \left(\mathrm{JacobFro}\right) \cdot \left(\log\left(\mathrm{MParams}\right)\right)}{\mathrm{GradNorm}},GraSP Jacob_fro MParams Log Mul Sub Grad_Norm Div <EOS>,((GraSP - (Jacob_fro * log(MParams))) / Grad_Norm),0.532000000,0.377500000,95,8,5,2188,run_monash_time_unique1000,3,1,Monash__weather_dataset/seed_2188/run_monash_time_unique1000/visualizations/archive_latex.tex
714,0.357657658,0.532000000,\frac{\mathrm{GraSP} - \left(\mathrm{JacobFro}\right) \cdot \left(\log\left(-\mathrm{MParams}\right)\right)}{\mathrm{Fisher}},GraSP Jacob_fro MParams Negative Log Mul Sub Fisher Div <EOS>,((GraSP - (Jacob_fro * log(-(MParams)))) / Fisher),0.532000000,0.378100000,118,9,6,2063,run_monash_time_unique1000,4,1,Monash__weather_dataset/seed_2063/run_monash_time_unique1000/visualizations/archive_latex.tex
715,0.356756757,0.532000000,\frac{\mathrm{GraSP} - \left(\log\left(\mathrm{MParams}\right)\right) \cdot \left(\mathrm{JacobFro}\right)}{\mathrm{Fisher}},GraSP MParams Log Jacob_fro Mul Sub Fisher Div <EOS>,((GraSP - (log(MParams) * Jacob_fro)) / Fisher),0.532000000,0.378100000,87,8,5,2273,run_monash_time_unique1000,5,1,Monash__weather_dataset/seed_2273/run_monash_time_unique1000/visualizations/archive_latex.tex
716,0.355855856,0.531900000,\frac{\left(\log\left(\mathrm{MParams}\right)\right) \cdot \left(\mathrm{plain} + \left(\mathrm{JacobFro}\right)^2\right)}{\mathrm{GraSP}},MParams Log plain Jacob_fro Square Add Mul GraSP Div <EOS>,((log(MParams) * (plain + square(Jacob_fro))) / GraSP),0.531900000,0.350800000,17,9,5,2063,run_monash_time_unique1000,5,1,Monash__weather_dataset/seed_2063/run_monash_time_unique1000/visualizations/archive_latex.tex
717,0.354954955,0.531700000,\frac{\mathrm{GraSP} - \left(\mathrm{JacobFro}\right) \cdot \left(\log\left(\left(\mathrm{MParams}\right)^2\right)\right)}{\mathrm{GradNorm}},GraSP Jacob_fro MParams Square Log Mul Sub Grad_Norm Div <EOS>,((GraSP - (Jacob_fro * log(square(MParams)))) / Grad_Norm),0.531700000,0.367400000,162,9,6,2188,run_monash_time_unique1000,4,1,Monash__weather_dataset/seed_2188/run_monash_time_unique1000/visualizations/archive_latex.tex
718,0.354054054,0.531700000,\left(\frac{\sqrt{\mathrm{Fisher}}}{\mathrm{Snip}}\right) \cdot \left(\mathrm{L2Norm} - \left(\mathrm{plain}\right)^2\right),Fisher Sqrt Snip Div L2-Norm plain Square Sub Mul <EOS>,((sqrt(Fisher) / Snip) * (L2-Norm - square(plain))),0.531700000,0.405600000,121,9,4,2184,run_monash_time_unique1000,8,1,Monash__weather_dataset/seed_2184/run_monash_time_unique1000/visualizations/archive_latex.tex
719,0.353153153,0.531500000,\frac{\frac{\frac{\mathrm{JacobFro}}{\mathrm{Snip}}}{\sqrt{\log\left(\mathrm{MParams}\right)}}}{\mathrm{MParams}},Jacob_fro Snip Div MParams Log Sqrt Div MParams Div <EOS>,(((Jacob_fro / Snip) / sqrt(log(MParams))) / MParams),0.531500000,0.440600000,193,9,5,2117,run_monash_time_unique1000,6,1,Monash__weather_dataset/seed_2117/run_monash_time_unique1000/visualizations/archive_latex.tex
720,0.352252252,0.531400000,\left(\mathrm{GradNorm} + \frac{\mathrm{GradNorm}}{\mathrm{Fisher}}\right) \cdot \left(-\left(\mathrm{ZiCo}\right)^2\right),Grad_Norm Grad_Norm Fisher Div Add ZiCo Square Negative Mul <EOS>,((Grad_Norm + (Grad_Norm / Fisher)) * -(square(ZiCo))),0.531400000,0.375300000,117,9,4,2233,run_monash_time_unique1000,5,1,Monash__weather_dataset/seed_2233/run_monash_time_unique1000/visualizations/archive_latex.tex
721,0.351351351,0.530500000,\frac{\mathrm{JacobFro}}{\mathrm{GradNorm}} - \left(\log\left(-\mathrm{GradNorm}\right)\right) \cdot \left(\mathrm{GSynFlow}\right),Jacob_fro Grad_Norm Div Grad_Norm Negative Log GSynFlow Mul Sub <EOS>,((Jacob_fro / Grad_Norm) - (log(-(Grad_Norm)) * GSynFlow)),0.530500000,0.368200000,103,9,5,2238,run_monash_time_unique1000,7,1,Monash__weather_dataset/seed_2238/run_monash_time_unique1000/visualizations/archive_latex.tex
722,0.350450450,0.529100000,\frac{\mathrm{JacobFro} - \frac{\left(\mathrm{GSynFlow}\right)^2}{\mathrm{MParams}}}{\mathrm{Snip}},Jacob_fro GSynFlow Square MParams Div Sub Snip Div <EOS>,((Jacob_fro - (square(GSynFlow) / MParams)) / Snip),0.529100000,0.375900000,186,8,5,2212,run_monash_time_unique1000,5,2,Monash__weather_dataset/seed_2212/run_monash_time_unique1000/visualizations/archive_latex.tex
723,0.349549550,0.528600000,\frac{\mathrm{JacobFro}}{\left(\left(\mathrm{Snip} + \mathrm{GSynFlow}\right)^2\right) \cdot \left(\mathrm{MParams}\right)},Jacob_fro Snip GSynFlow Add Square MParams Mul Div <EOS>,(Jacob_fro / (square((Snip + GSynFlow)) * MParams)),0.528600000,0.358300000,15,8,5,2224,run_monash_time_unique1000,3,1,Monash__weather_dataset/seed_2224/run_monash_time_unique1000/visualizations/archive_latex.tex
724,0.348648649,0.528600000,\frac{\frac{\log\left(\mathrm{MParams}\right)}{\frac{\mathrm{ZiCo}}{\mathrm{JacobFro}}}}{\mathrm{GraSP}},MParams Log ZiCo Jacob_fro Div Div GraSP Div <EOS>,((log(MParams) / (ZiCo / Jacob_fro)) / GraSP),0.528600000,0.341000000,74,8,4,2180,run_monash_time_unique1000,8,1,Monash__weather_dataset/seed_2180/run_monash_time_unique1000/visualizations/archive_latex.tex
725,0.347747748,0.527800000,\frac{\mathrm{GraSP} - \frac{\left(\mathrm{GSynFlow}\right)^2}{\log\left(\mathrm{MParams}\right)}}{\mathrm{JacobFro}},GraSP GSynFlow Square MParams Log Div Sub Jacob_fro Div <EOS>,((GraSP - (square(GSynFlow) / log(MParams))) / Jacob_fro),0.527800000,0.398300000,72,9,5,2188,run_monash_time_unique1000,5,1,Monash__weather_dataset/seed_2188/run_monash_time_unique1000/visualizations/archive_latex.tex
726,0.346846847,0.527600000,\frac{\sqrt{\mathrm{JacobFro}} - \left(\mathrm{Snip}\right) \cdot \left(\left(\mathrm{MParams}\right)^2\right)}{\mathrm{plain}},Jacob_fro Sqrt Snip MParams Square Mul Sub plain Div <EOS>,((sqrt(Jacob_fro) - (Snip * square(MParams))) / plain),0.527600000,0.352100000,62,9,5,2109,run_monash_time_unique1000,3,1,Monash__weather_dataset/seed_2109/run_monash_time_unique1000/visualizations/archive_latex.tex
727,0.345945946,0.527300000,\frac{\mathrm{JacobFro}}{\mathrm{GradNorm}} - \left(\left(\mathrm{MParams}\right)^2\right) \cdot \left(\mathrm{GSynFlow}\right),Jacob_fro Grad_Norm Div MParams Square GSynFlow Mul Sub <EOS>,((Jacob_fro / Grad_Norm) - (square(MParams) * GSynFlow)),0.527300000,0.395600000,88,8,4,2068,run_monash_time_unique1000,1,2,Monash__weather_dataset/seed_2068/run_monash_time_unique1000/visualizations/archive_latex.tex
728,0.345045045,0.527200000,\frac{\log\left(\mathrm{GraSP}\right) - \left(\mathrm{GSynFlow}\right)^2 + \mathrm{Snip}}{\mathrm{JacobFro}},GraSP Log GSynFlow Square Snip Add Sub Jacob_fro Div <EOS>,((log(GraSP) - (square(GSynFlow) + Snip)) / Jacob_fro),0.527200000,0.342200000,196,9,5,2180,run_monash_time_unique1000,9,1,Monash__weather_dataset/seed_2180/run_monash_time_unique1000/visualizations/archive_latex.tex
729,0.344144144,0.526800000,\frac{\mathrm{Fisher}}{\left(\left(\mathrm{GradNorm}\right) \cdot \left(\mathrm{ZiCo}\right)\right)^2 - \log\left(\mathrm{GradNorm}\right)},Fisher Grad_Norm ZiCo Mul Square Grad_Norm Log Sub Div <EOS>,(Fisher / (square((Grad_Norm * ZiCo)) - log(Grad_Norm))),0.526800000,0.367600000,87,9,5,2186,run_monash_time_unique1000,1,1,Monash__weather_dataset/seed_2186/run_monash_time_unique1000/visualizations/archive_latex.tex
730,0.343243243,0.526600000,\left(\frac{\sqrt{\mathrm{JacobFro}}}{\mathrm{Snip}}\right) \cdot \left(\log\left(\mathrm{Snip}\right) - \mathrm{GFLOPs}\right),Jacob_fro Sqrt Snip Div Snip Log GFLOPs Sub Mul <EOS>,((sqrt(Jacob_fro) / Snip) * (log(Snip) - GFLOPs)),0.526600000,0.374200000,15,9,4,2065,run_monash_time_unique1000,1,1,Monash__weather_dataset/seed_2065/run_monash_time_unique1000/visualizations/archive_latex.tex
731,0.342342342,0.526600000,\frac{\sqrt{\mathrm{JacobFro}} - \left(\mathrm{Snip}\right) \cdot \left(\mathrm{MParams}\right)}{\mathrm{plain}},Jacob_fro Sqrt Snip MParams Mul Sub plain Div <EOS>,((sqrt(Jacob_fro) - (Snip * MParams)) / plain),0.526600000,0.349800000,63,8,4,2109,run_monash_time_unique1000,4,1,Monash__weather_dataset/seed_2109/run_monash_time_unique1000/visualizations/archive_latex.tex
732,0.341441441,0.526500000,\frac{\mathrm{Fisher}}{\left(\left(\left(\mathrm{GradNorm}\right) \cdot \left(\mathrm{ZiCo}\right)\right)^2\right) \cdot \left(\mathrm{ZiCo}\right)},Fisher Grad_Norm ZiCo Mul Square ZiCo Mul Div <EOS>,(Fisher / (square((Grad_Norm * ZiCo)) * ZiCo)),0.526500000,0.384400000,39,8,5,2186,run_monash_time_unique1000,2,1,Monash__weather_dataset/seed_2186/run_monash_time_unique1000/visualizations/archive_latex.tex
733,0.340540541,0.526300000,\log\left(\frac{\frac{\mathrm{JacobFro}}{\mathrm{Snip}}}{\log\left(\mathrm{MParams}\right)}\right) - \mathrm{GFLOPs},Jacob_fro Snip Div MParams Log Div Log GFLOPs Sub <EOS>,(log(((Jacob_fro / Snip) / log(MParams))) - GFLOPs),0.526300000,0.465600000,86,9,5,2117,run_monash_time_unique1000,7,1,Monash__weather_dataset/seed_2117/run_monash_time_unique1000/visualizations/archive_latex.tex
734,0.339639640,0.526000000,\frac{\left(\log\left(\mathrm{MParams}\right)\right) \cdot \left(\log\left(\mathrm{Fisher}\right) + \mathrm{JacobFro}\right)}{\mathrm{GraSP}},MParams Log Fisher Log Jacob_fro Add Mul GraSP Div <EOS>,((log(MParams) * (log(Fisher) + Jacob_fro)) / GraSP),0.526000000,0.338800000,19,9,5,2063,run_monash_time_unique1000,6,1,Monash__weather_dataset/seed_2063/run_monash_time_unique1000/visualizations/archive_latex.tex
735,0.338738739,0.525500000,\left(\frac{\log\left(\sqrt{\mathrm{MParams}}\right)}{\mathrm{GraSP}}\right) \cdot \left(\mathrm{JacobFro}\right),MParams Sqrt Log GraSP Div Jacob_fro Mul <EOS>,((log(sqrt(MParams)) / GraSP) * Jacob_fro),0.525500000,0.338900000,158,7,5,2271,run_monash_time_unique1000,2,1,Monash__weather_dataset/seed_2271/run_monash_time_unique1000/visualizations/archive_latex.tex
736,0.337837838,0.525500000,\frac{\left(\log\left(\mathrm{MParams}\right)\right) \cdot \left(\mathrm{plain} + \mathrm{JacobFro}\right)}{\mathrm{GraSP}},MParams Log plain Jacob_fro Add Mul GraSP Div <EOS>,((log(MParams) * (plain + Jacob_fro)) / GraSP),0.525500000,0.339200000,18,8,4,2063,run_monash_time_unique1000,7,1,Monash__weather_dataset/seed_2063/run_monash_time_unique1000/visualizations/archive_latex.tex
737,0.336936937,0.525400000,\sqrt{\mathrm{GSynFlow}} + \frac{\mathrm{JacobFro}}{\mathrm{Snip}} - \mathrm{GSynFlow},GSynFlow Sqrt Jacob_fro Snip Div GSynFlow Sub Add <EOS>,(sqrt(GSynFlow) + ((Jacob_fro / Snip) - GSynFlow)),0.525400000,0.351000000,178,8,4,2044,run_monash_time_unique1000,6,1,Monash__weather_dataset/seed_2044/run_monash_time_unique1000/visualizations/archive_latex.tex
738,0.336036036,0.525200000,\frac{\sqrt{\mathrm{JacobFro}} - \left(\mathrm{GSynFlow}\right) \cdot \left(\log\left(\mathrm{MParams}\right)\right)}{\mathrm{GradNorm}},Jacob_fro Sqrt GSynFlow MParams Log Mul Sub Grad_Norm Div <EOS>,((sqrt(Jacob_fro) - (GSynFlow * log(MParams))) / Grad_Norm),0.525200000,0.416200000,194,9,5,2274,run_monash_time_unique1000,4,1,Monash__weather_dataset/seed_2274/run_monash_time_unique1000/visualizations/archive_latex.tex
739,0.335135135,0.525100000,\frac{\left(\mathrm{MParams}\right)^2 - \frac{\mathrm{plain}}{\mathrm{ZiCo}}}{\mathrm{GraSP}},MParams Square plain ZiCo Div Sub GraSP Div <EOS>,((square(MParams) - (plain / ZiCo)) / GraSP),0.525100000,0.386300000,41,8,4,2224,run_monash_time_unique1000,4,1,Monash__weather_dataset/seed_2224/run_monash_time_unique1000/visualizations/archive_latex.tex
740,0.334234234,0.524900000,\left(\log\left(\mathrm{MParams}\right)\right) \cdot \left(\frac{\mathrm{Snip} + \mathrm{JacobFro}}{\mathrm{GraSP}}\right),MParams Log Snip Jacob_fro Add GraSP Div Mul <EOS>,(log(MParams) * ((Snip + Jacob_fro) / GraSP)),0.524900000,0.340200000,6,8,4,2208,run_monash_time_unique1000,5,1,Monash__weather_dataset/seed_2208/run_monash_time_unique1000/visualizations/archive_latex.tex
741,0.333333333,0.524700000,\frac{\mathrm{JacobFro} - \log\left(\mathrm{GSynFlow}\right)}{\mathrm{Snip}} - \mathrm{GSynFlow},Jacob_fro GSynFlow Log Sub Snip Div GSynFlow Sub <EOS>,(((Jacob_fro - log(GSynFlow)) / Snip) - GSynFlow),0.524700000,0.364400000,19,8,5,2171,run_monash_time_unique1000,2,1,Monash__weather_dataset/seed_2171/run_monash_time_unique1000/visualizations/archive_latex.tex
742,0.332432432,0.524600000,\frac{\mathrm{GraSP} - \left(\log\left(\left(\mathrm{MParams}\right)^2\right)\right) \cdot \left(\mathrm{JacobFro}\right)}{\mathrm{Fisher}},GraSP MParams Square Log Jacob_fro Mul Sub Fisher Div <EOS>,((GraSP - (log(square(MParams)) * Jacob_fro)) / Fisher),0.524600000,0.368800000,86,9,6,2273,run_monash_time_unique1000,6,1,Monash__weather_dataset/seed_2273/run_monash_time_unique1000/visualizations/archive_latex.tex
743,0.331531532,0.524600000,\frac{\frac{\mathrm{JacobFro}}{\mathrm{Snip}}}{\log\left(\mathrm{L2Norm}\right)} - \left(\mathrm{GFLOPs}\right)^2,Jacob_fro Snip Div L2-Norm Log Div GFLOPs Square Sub <EOS>,(((Jacob_fro / Snip) / log(L2-Norm)) - square(GFLOPs)),0.524600000,0.372600000,95,9,4,2117,run_monash_time_unique1000,8,1,Monash__weather_dataset/seed_2117/run_monash_time_unique1000/visualizations/archive_latex.tex
744,0.330630631,0.524500000,\frac{\mathrm{JacobFro} - \mathrm{plain}}{\mathrm{Snip}} - \mathrm{GSynFlow},Jacob_fro plain Sub Snip Div GSynFlow Sub <EOS>,(((Jacob_fro - plain) / Snip) - GSynFlow),0.524500000,0.363700000,28,7,4,2208,run_monash_time_unique1000,6,1,Monash__weather_dataset/seed_2208/run_monash_time_unique1000/visualizations/archive_latex.tex
745,0.329729730,0.524400000,\frac{\mathrm{JacobFro}}{\mathrm{Snip}} + -\mathrm{GSynFlow} + -\mathrm{L2Norm},Jacob_fro Snip Div GSynFlow Negative Add L2-Norm Negative Add <EOS>,(((Jacob_fro / Snip) + -(GSynFlow)) + -(L2-Norm)),0.524400000,0.357600000,28,9,4,2066,run_monash_time_unique1000,5,1,Monash__weather_dataset/seed_2066/run_monash_time_unique1000/visualizations/archive_latex.tex
746,0.328828829,0.524200000,\frac{\mathrm{Fisher}}{\left(\left(\mathrm{GradNorm}\right) \cdot \left(\mathrm{ZiCo}\right)\right)^2 - \sqrt{\mathrm{ZiCo}}},Fisher Grad_Norm ZiCo Mul Square ZiCo Sqrt Sub Div <EOS>,(Fisher / (square((Grad_Norm * ZiCo)) - sqrt(ZiCo))),0.524200000,0.399400000,54,9,5,2186,run_monash_time_unique1000,3,1,Monash__weather_dataset/seed_2186/run_monash_time_unique1000/visualizations/archive_latex.tex
747,0.327927928,0.524200000,\frac{\mathrm{MParams} - \left(\mathrm{JacobFro}\right) \cdot \left(\log\left(\mathrm{MParams}\right)\right)}{\mathrm{Fisher}},MParams Jacob_fro MParams Log Mul Sub Fisher Div <EOS>,((MParams - (Jacob_fro * log(MParams))) / Fisher),0.524200000,0.357000000,123,8,5,2073,run_monash_time_unique1000,5,1,Monash__weather_dataset/seed_2073/run_monash_time_unique1000/visualizations/archive_latex.tex
748,0.327027027,0.524100000,\frac{\mathrm{JacobFro}}{\mathrm{Snip}} - \mathrm{GSynFlow},Jacob_fro Snip Div GSynFlow Sub <EOS>,((Jacob_fro / Snip) - GSynFlow),0.524100000,0.364100000,50,5,3,2219,run_monash_time_unique1000,1,9,Monash__weather_dataset/seed_2219/run_monash_time_unique1000/visualizations/archive_latex.tex
749,0.326126126,0.524100000,\frac{\mathrm{JacobFro} - \mathrm{GSynFlow}}{\mathrm{Snip}} - \mathrm{GSynFlow},Jacob_fro GSynFlow Sub Snip Div GSynFlow Sub <EOS>,(((Jacob_fro - GSynFlow) / Snip) - GSynFlow),0.524100000,0.364100000,13,7,4,2171,run_monash_time_unique1000,3,1,Monash__weather_dataset/seed_2171/run_monash_time_unique1000/visualizations/archive_latex.tex
750,0.325225225,0.524100000,\frac{\mathrm{JacobFro} - \left(\mathrm{Snip}\right) \cdot \left(\mathrm{GSynFlow}\right)}{\mathrm{Snip}},Jacob_fro Snip GSynFlow Mul Sub Snip Div <EOS>,((Jacob_fro - (Snip * GSynFlow)) / Snip),0.524100000,0.364100000,143,7,4,2203,run_monash_time_unique1000,4,1,Monash__weather_dataset/seed_2203/run_monash_time_unique1000/visualizations/archive_latex.tex
751,0.324324324,0.524100000,\frac{\mathrm{JacobFro}}{\mathrm{Snip}} + -\mathrm{GSynFlow},Jacob_fro Snip Div GSynFlow Negative Add <EOS>,((Jacob_fro / Snip) + -(GSynFlow)),0.524100000,0.364100000,14,6,3,2066,run_monash_time_unique1000,6,1,Monash__weather_dataset/seed_2066/run_monash_time_unique1000/visualizations/archive_latex.tex
752,0.323423423,0.524100000,\frac{\mathrm{JacobFro}}{\mathrm{Snip}} + \log\left(\mathrm{Jacov}\right) + -\mathrm{GSynFlow},Jacob_fro Snip Div Jacov Log GSynFlow Negative Add Add <EOS>,((Jacob_fro / Snip) + (log(Jacov) + -(GSynFlow))),0.524100000,0.364000000,17,9,4,2066,run_monash_time_unique1000,7,1,Monash__weather_dataset/seed_2066/run_monash_time_unique1000/visualizations/archive_latex.tex
753,0.322522523,0.524100000,\sqrt{\left(\frac{\mathrm{JacobFro}}{\mathrm{Snip}}\right)^2} - \mathrm{GSynFlow},Jacob_fro Snip Div Square Sqrt GSynFlow Sub <EOS>,(sqrt(square((Jacob_fro / Snip))) - GSynFlow),0.524100000,0.364100000,75,7,5,2117,run_monash_time_unique1000,9,1,Monash__weather_dataset/seed_2117/run_monash_time_unique1000/visualizations/archive_latex.tex
754,0.321621622,0.524100000,-\mathrm{GSynFlow} + \frac{\mathrm{JacobFro}}{\mathrm{Snip}},GSynFlow Negative Jacob_fro Snip Div Add <EOS>,(-(GSynFlow) + (Jacob_fro / Snip)),0.524100000,0.364100000,44,6,3,2184,run_monash_time_unique1000,9,1,Monash__weather_dataset/seed_2184/run_monash_time_unique1000/visualizations/archive_latex.tex
755,0.320720721,0.524000000,\frac{\mathrm{GraSP} - \left(\mathrm{GSynFlow}\right) \cdot \left(\sqrt{\mathrm{GSynFlow}}\right)}{\mathrm{JacobFro}},GraSP GSynFlow GSynFlow Sqrt Mul Sub Jacob_fro Div <EOS>,((GraSP - (GSynFlow * sqrt(GSynFlow))) / Jacob_fro),0.524000000,0.355000000,83,8,5,2110,run_monash_time_unique1000,3,2,Monash__weather_dataset/seed_2110/run_monash_time_unique1000/visualizations/archive_latex.tex
756,0.319819820,0.524000000,\frac{\left(\mathrm{GraSP} - \mathrm{GSynFlow}\right) \cdot \left(\sqrt{\mathrm{GradNorm}}\right)}{\mathrm{Fisher}},GraSP GSynFlow Sub Grad_Norm Sqrt Mul Fisher Div <EOS>,(((GraSP - GSynFlow) * sqrt(Grad_Norm)) / Fisher),0.524000000,0.339100000,68,8,4,2080,run_monash_time_unique1000,4,1,Monash__weather_dataset/seed_2080/run_monash_time_unique1000/visualizations/archive_latex.tex
757,0.318918919,0.524000000,\frac{-\left(\mathrm{GSynFlow}\right) \cdot \left(\sqrt{\mathrm{GSynFlow}}\right) + \mathrm{GraSP}}{\mathrm{JacobFro}},GSynFlow GSynFlow Sqrt Mul Negative GraSP Add Jacob_fro Div <EOS>,((-((GSynFlow * sqrt(GSynFlow))) + GraSP) / Jacob_fro),0.524000000,0.355000000,29,9,6,2195,run_monash_time_unique1000,5,1,Monash__weather_dataset/seed_2195/run_monash_time_unique1000/visualizations/archive_latex.tex
758,0.318018018,0.523800000,\left(\sqrt{\mathrm{JacobFro}} - \mathrm{Snip}\right) \cdot \left(\frac{\mathrm{Snip}}{\mathrm{Fisher}}\right),Jacob_fro Sqrt Snip Sub Snip Fisher Div Mul <EOS>,((sqrt(Jacob_fro) - Snip) * (Snip / Fisher)),0.523800000,0.403300000,157,8,4,2090,run_monash_time_unique1000,3,1,Monash__weather_dataset/seed_2090/run_monash_time_unique1000/visualizations/archive_latex.tex
759,0.317117117,0.523800000,\frac{\mathrm{GradNorm} - \left(\mathrm{JacobFro}\right) \cdot \left(\log\left(\mathrm{MParams}\right)\right)}{\mathrm{Fisher}},Grad_Norm Jacob_fro MParams Log Mul Sub Fisher Div <EOS>,((Grad_Norm - (Jacob_fro * log(MParams))) / Fisher),0.523800000,0.357700000,121,8,5,2073,run_monash_time_unique1000,7,1,Monash__weather_dataset/seed_2073/run_monash_time_unique1000/visualizations/archive_latex.tex
760,0.316216216,0.523700000,\frac{\mathrm{JacobFro}}{\mathrm{Snip}} + -\mathrm{ZiCo} - \mathrm{GSynFlow},Jacob_fro Snip Div ZiCo Negative GSynFlow Sub Add <EOS>,((Jacob_fro / Snip) + (-(ZiCo) - GSynFlow)),0.523700000,0.363300000,14,8,4,2065,run_monash_time_unique1000,2,1,Monash__weather_dataset/seed_2065/run_monash_time_unique1000/visualizations/archive_latex.tex
761,0.315315315,0.523700000,\frac{\mathrm{JacobFro}}{\mathrm{Snip}} - \mathrm{GSynFlow} + \mathrm{ZiCo},Jacob_fro Snip Div GSynFlow ZiCo Add Sub <EOS>,((Jacob_fro / Snip) - (GSynFlow + ZiCo)),0.523700000,0.363300000,60,7,3,2238,run_monash_time_unique1000,9,1,Monash__weather_dataset/seed_2238/run_monash_time_unique1000/visualizations/archive_latex.tex
762,0.314414414,0.523600000,\frac{\mathrm{JacobFro}}{\mathrm{Snip}} + \left(\mathrm{MParams}\right)^2 + -\mathrm{GSynFlow},Jacob_fro Snip Div MParams Square GSynFlow Negative Add Add <EOS>,((Jacob_fro / Snip) + (square(MParams) + -(GSynFlow))),0.523600000,0.367500000,16,9,4,2066,run_monash_time_unique1000,8,1,Monash__weather_dataset/seed_2066/run_monash_time_unique1000/visualizations/archive_latex.tex
763,0.313513514,0.523600000,\log\left(\left(\mathrm{JacobFro}\right) \cdot \left(\mathrm{Fisher}\right)\right) - \sqrt{\left(\mathrm{ZiCo}\right) \cdot \left(\mathrm{Snip}\right)},Jacob_fro Fisher Mul Log ZiCo Snip Mul Sqrt Sub <EOS>,(log((Jacob_fro * Fisher)) - sqrt((ZiCo * Snip))),0.523600000,0.430800000,48,9,4,2184,run_monash_time_unique1000,10,1,Monash__weather_dataset/seed_2184/run_monash_time_unique1000/visualizations/archive_latex.tex
764,0.312612613,0.523400000,\sqrt{\frac{\mathrm{JacobFro} - \sqrt{\mathrm{GSynFlow}}}{\mathrm{Snip}}} - \mathrm{GFLOPs},Jacob_fro GSynFlow Sqrt Sub Snip Div Sqrt GFLOPs Sub <EOS>,(sqrt(((Jacob_fro - sqrt(GSynFlow)) / Snip)) - GFLOPs),0.523400000,0.396400000,33,9,6,2208,run_monash_time_unique1000,8,1,Monash__weather_dataset/seed_2208/run_monash_time_unique1000/visualizations/archive_latex.tex
765,0.311711712,0.523300000,\mathrm{plain} - \mathrm{GSynFlow} + \frac{\mathrm{JacobFro}}{\mathrm{Snip}},plain GSynFlow Sub Jacob_fro Snip Div Add <EOS>,((plain - GSynFlow) + (Jacob_fro / Snip)),0.523300000,0.354600000,151,7,3,2166,run_monash_time_unique1000,2,1,Monash__weather_dataset/seed_2166/run_monash_time_unique1000/visualizations/archive_latex.tex
766,0.310810811,0.523300000,\frac{\mathrm{GFLOPs} - -\mathrm{JacobFro}}{\mathrm{Snip}} - \mathrm{GSynFlow},GFLOPs Jacob_fro Negative Sub Snip Div GSynFlow Sub <EOS>,(((GFLOPs - -(Jacob_fro)) / Snip) - GSynFlow),0.523300000,0.364000000,15,8,5,2273,run_monash_time_unique1000,7,1,Monash__weather_dataset/seed_2273/run_monash_time_unique1000/visualizations/archive_latex.tex
767,0.309909910,0.523300000,\frac{\mathrm{GSynFlow} - -\mathrm{JacobFro}}{\mathrm{Snip}} - \mathrm{GSynFlow},GSynFlow Jacob_fro Negative Sub Snip Div GSynFlow Sub <EOS>,(((GSynFlow - -(Jacob_fro)) / Snip) - GSynFlow),0.523300000,0.364100000,17,8,5,2273,run_monash_time_unique1000,8,1,Monash__weather_dataset/seed_2273/run_monash_time_unique1000/visualizations/archive_latex.tex
768,0.309009009,0.523300000,\frac{\mathrm{GFLOPs} + \mathrm{JacobFro}}{\mathrm{Snip}} - \mathrm{GSynFlow},GFLOPs Jacob_fro Add Snip Div GSynFlow Sub <EOS>,(((GFLOPs + Jacob_fro) / Snip) - GSynFlow),0.523300000,0.364000000,18,7,4,2117,run_monash_time_unique1000,10,1,Monash__weather_dataset/seed_2117/run_monash_time_unique1000/visualizations/archive_latex.tex
769,0.308108108,0.523100000,\log\left(\mathrm{JacobFro}\right) + \frac{\mathrm{JacobFro}}{\mathrm{Snip}} - \mathrm{GSynFlow},Jacob_fro Log Jacob_fro Snip Div GSynFlow Sub Add <EOS>,(log(Jacob_fro) + ((Jacob_fro / Snip) - GSynFlow)),0.523100000,0.357000000,71,8,4,2138,run_monash_time_unique1000,2,1,Monash__weather_dataset/seed_2138/run_monash_time_unique1000/visualizations/archive_latex.tex
770,0.307207207,0.523000000,\frac{\mathrm{JacobFro}}{\mathrm{Snip}} + \mathrm{ZiCo} - \mathrm{GSynFlow},Jacob_fro Snip Div ZiCo GSynFlow Sub Add <EOS>,((Jacob_fro / Snip) + (ZiCo - GSynFlow)),0.523000000,0.364100000,8,7,3,2065,run_monash_time_unique1000,3,1,Monash__weather_dataset/seed_2065/run_monash_time_unique1000/visualizations/archive_latex.tex
771,0.306306306,0.522900000,\frac{-\mathrm{GSynFlow} + \frac{\mathrm{JacobFro}}{\mathrm{GradNorm}}}{\mathrm{GFLOPs}},GSynFlow Negative Jacob_fro Grad_Norm Div Add GFLOPs Div <EOS>,((-(GSynFlow) + (Jacob_fro / Grad_Norm)) / GFLOPs),0.522900000,0.388700000,7,8,4,2158,run_monash_time_unique1000,6,1,Monash__weather_dataset/seed_2158/run_monash_time_unique1000/visualizations/archive_latex.tex
772,0.305405405,0.522900000,\frac{\mathrm{JacobFro}}{\left(\sqrt{\mathrm{MParams}}\right) \cdot \left(\mathrm{Snip}\right)} - \mathrm{GSynFlow},Jacob_fro MParams Sqrt Snip Mul Div GSynFlow Sub <EOS>,((Jacob_fro / (sqrt(MParams) * Snip)) - GSynFlow),0.522900000,0.359800000,175,8,5,2188,run_monash_time_unique1000,7,1,Monash__weather_dataset/seed_2188/run_monash_time_unique1000/visualizations/archive_latex.tex
773,0.304504505,0.522900000,\frac{\frac{\mathrm{JacobFro}}{\mathrm{GradNorm}} - \mathrm{GSynFlow}}{\mathrm{GFLOPs}},Jacob_fro Grad_Norm Div GSynFlow Sub GFLOPs Div <EOS>,(((Jacob_fro / Grad_Norm) - GSynFlow) / GFLOPs),0.522900000,0.388700000,61,7,4,2238,run_monash_time_unique1000,10,1,Monash__weather_dataset/seed_2238/run_monash_time_unique1000/visualizations/archive_latex.tex
774,0.303603604,0.522800000,\frac{\frac{\mathrm{GraSP} - \mathrm{GSynFlow}}{\sqrt{\mathrm{JacobFro}}}}{\mathrm{plain}},GraSP GSynFlow Sub Jacob_fro Sqrt Div plain Div <EOS>,(((GraSP - GSynFlow) / sqrt(Jacob_fro)) / plain),0.522800000,0.385900000,31,8,4,2055,run_monash_time_unique1000,1,6,Monash__weather_dataset/seed_2055/run_monash_time_unique1000/visualizations/archive_latex.tex
775,0.302702703,0.522800000,\frac{\frac{\mathrm{GraSP} - \mathrm{GSynFlow}}{\mathrm{plain}}}{\sqrt{\mathrm{JacobFro}}},GraSP GSynFlow Sub plain Div Jacob_fro Sqrt Div <EOS>,(((GraSP - GSynFlow) / plain) / sqrt(Jacob_fro)),0.522800000,0.385900000,104,8,4,2290,run_monash_time_unique1000,3,4,Monash__weather_dataset/seed_2290/run_monash_time_unique1000/visualizations/archive_latex.tex
776,0.301801802,0.522800000,\left(\sqrt{\mathrm{JacobFro}} - \mathrm{Snip}\right) \cdot \left(\frac{\sqrt{\mathrm{GraSP}}}{\mathrm{Fisher}}\right),Jacob_fro Sqrt Snip Sub GraSP Sqrt Fisher Div Mul <EOS>,((sqrt(Jacob_fro) - Snip) * (sqrt(GraSP) / Fisher)),0.522800000,0.411600000,132,9,4,2090,run_monash_time_unique1000,4,1,Monash__weather_dataset/seed_2090/run_monash_time_unique1000/visualizations/archive_latex.tex
777,0.300900901,0.522800000,\frac{\mathrm{GraSP} - \mathrm{GSynFlow}}{\left(\mathrm{plain}\right) \cdot \left(\sqrt{\mathrm{JacobFro}}\right)},GraSP GSynFlow Sub plain Jacob_fro Sqrt Mul Div <EOS>,((GraSP - GSynFlow) / (plain * sqrt(Jacob_fro))),0.522800000,0.385900000,87,8,4,2186,run_monash_time_unique1000,4,2,Monash__weather_dataset/seed_2186/run_monash_time_unique1000/visualizations/archive_latex.tex
778,0.300000000,0.522800000,\frac{\mathrm{GraSP} - \mathrm{GSynFlow}}{\left(\sqrt{\mathrm{JacobFro}}\right) \cdot \left(\mathrm{plain}\right)},GraSP GSynFlow Sub Jacob_fro Sqrt plain Mul Div <EOS>,((GraSP - GSynFlow) / (sqrt(Jacob_fro) * plain)),0.522800000,0.385900000,8,8,4,2044,run_monash_time_unique1000,8,3,Monash__weather_dataset/seed_2044/run_monash_time_unique1000/visualizations/archive_latex.tex
779,0.299099099,0.522300000,\frac{\mathrm{GraSP} - \left(\log\left(\mathrm{MParams}\right)\right) \cdot \left(\left(\mathrm{JacobFro}\right)^2\right)}{\mathrm{Fisher}},GraSP MParams Log Jacob_fro Square Mul Sub Fisher Div <EOS>,((GraSP - (log(MParams) * square(Jacob_fro))) / Fisher),0.522300000,0.381800000,88,9,5,2273,run_monash_time_unique1000,9,1,Monash__weather_dataset/seed_2273/run_monash_time_unique1000/visualizations/archive_latex.tex
780,0.298198198,0.522200000,\frac{\mathrm{JacobFro}}{\mathrm{Snip}} + \log\left(\mathrm{Snip}\right) + -\mathrm{GSynFlow},Jacob_fro Snip Div Snip Log GSynFlow Negative Add Add <EOS>,((Jacob_fro / Snip) + (log(Snip) + -(GSynFlow))),0.522200000,0.361100000,4,9,4,2066,run_monash_time_unique1000,9,1,Monash__weather_dataset/seed_2066/run_monash_time_unique1000/visualizations/archive_latex.tex
781,0.297297297,0.522100000,\frac{\mathrm{JacobFro}}{\mathrm{Snip}} + \sqrt{\mathrm{plain}} + -\mathrm{GSynFlow},Jacob_fro Snip Div plain Sqrt GSynFlow Negative Add Add <EOS>,((Jacob_fro / Snip) + (sqrt(plain) + -(GSynFlow))),0.522100000,0.360200000,14,9,4,2066,run_monash_time_unique1000,10,1,Monash__weather_dataset/seed_2066/run_monash_time_unique1000/visualizations/archive_latex.tex
782,0.296396396,0.522000000,\frac{-\log\left(\mathrm{MParams}\right)}{\frac{\left(\mathrm{Snip}\right) \cdot \left(\mathrm{ZiCo}\right)}{\mathrm{JacobFro}}},MParams Log Negative Snip ZiCo Mul Jacob_fro Div Div <EOS>,(-(log(MParams)) / ((Snip * ZiCo) / Jacob_fro)),0.522000000,0.361300000,74,9,4,2030,run_monash_time_unique1000,6,1,Monash__weather_dataset/seed_2030/run_monash_time_unique1000/visualizations/archive_latex.tex
783,0.295495495,0.521900000,\frac{\mathrm{JacobFro}}{\mathrm{GradNorm}} - \mathrm{GSynFlow} + \mathrm{GSynFlow},Jacob_fro Grad_Norm Div GSynFlow GSynFlow Add Sub <EOS>,((Jacob_fro / Grad_Norm) - (GSynFlow + GSynFlow)),0.521900000,0.368300000,116,7,3,2209,run_monash_time_unique1000,2,1,Monash__weather_dataset/seed_2209/run_monash_time_unique1000/visualizations/archive_latex.tex
784,0.294594595,0.521900000,\frac{\mathrm{MParams} - \frac{\mathrm{plain}}{\mathrm{ZiCo}}}{\mathrm{GraSP}},MParams plain ZiCo Div Sub GraSP Div <EOS>,((MParams - (plain / ZiCo)) / GraSP),0.521900000,0.392000000,42,7,4,2224,run_monash_time_unique1000,5,1,Monash__weather_dataset/seed_2224/run_monash_time_unique1000/visualizations/archive_latex.tex
785,0.293693694,0.521800000,\frac{\mathrm{Fisher}}{\left(\left(\left(\mathrm{GradNorm}\right) \cdot \left(\mathrm{ZiCo}\right)\right)^2\right) \cdot \left(\sqrt{\mathrm{ZiCo}}\right)},Fisher Grad_Norm ZiCo Mul Square ZiCo Sqrt Mul Div <EOS>,(Fisher / (square((Grad_Norm * ZiCo)) * sqrt(ZiCo))),0.521800000,0.385600000,124,9,5,2186,run_monash_time_unique1000,5,1,Monash__weather_dataset/seed_2186/run_monash_time_unique1000/visualizations/archive_latex.tex
786,0.292792793,0.521700000,\frac{\left(\left(\mathrm{ZiCo}\right)^2\right) \cdot \left(\mathrm{GraSP} - \mathrm{GSynFlow}\right)}{\mathrm{plain}},ZiCo Square GraSP GSynFlow Sub Mul plain Div <EOS>,((square(ZiCo) * (GraSP - GSynFlow)) / plain),0.521700000,0.378600000,12,8,4,2040,run_monash_time_unique1000,2,1,Monash__weather_dataset/seed_2040/run_monash_time_unique1000/visualizations/archive_latex.tex
787,0.291891892,0.521700000,\frac{\left(\mathrm{GraSP} - \mathrm{GSynFlow}\right) \cdot \left(\left(\mathrm{ZiCo}\right)^2\right)}{\mathrm{plain}},GraSP GSynFlow Sub ZiCo Square Mul plain Div <EOS>,(((GraSP - GSynFlow) * square(ZiCo)) / plain),0.521700000,0.378600000,73,8,4,2055,run_monash_time_unique1000,2,4,Monash__weather_dataset/seed_2055/run_monash_time_unique1000/visualizations/archive_latex.tex
788,0.290990991,0.521700000,\frac{-\mathrm{GSynFlow} + \mathrm{GraSP}}{\frac{\mathrm{plain}}{\left(\mathrm{ZiCo}\right)^2}},GSynFlow Negative GraSP Add plain ZiCo Square Div Div <EOS>,((-(GSynFlow) + GraSP) / (plain / square(ZiCo))),0.521700000,0.378600000,83,9,4,2235,run_monash_time_unique1000,2,1,Monash__weather_dataset/seed_2235/run_monash_time_unique1000/visualizations/archive_latex.tex
789,0.290090090,0.521700000,\left(\left(\mathrm{ZiCo}\right)^2\right) \cdot \left(\frac{\mathrm{GraSP} - \mathrm{GSynFlow}}{\mathrm{plain}}\right),ZiCo Square GraSP GSynFlow Sub plain Div Mul <EOS>,(square(ZiCo) * ((GraSP - GSynFlow) / plain)),0.521700000,0.378600000,29,8,4,2284,run_monash_time_unique1000,3,2,Monash__weather_dataset/seed_2284/run_monash_time_unique1000/visualizations/archive_latex.tex
790,0.289189189,0.521700000,\frac{\mathrm{GraSP} - \mathrm{GSynFlow}}{\frac{\mathrm{plain}}{\left(\mathrm{ZiCo}\right)^2}},GraSP GSynFlow Sub plain ZiCo Square Div Div <EOS>,((GraSP - GSynFlow) / (plain / square(ZiCo))),0.521700000,0.378600000,5,8,4,2186,run_monash_time_unique1000,6,1,Monash__weather_dataset/seed_2186/run_monash_time_unique1000/visualizations/archive_latex.tex
791,0.288288288,0.521700000,\frac{\left(\left(\mathrm{ZiCo}\right)^2\right) \cdot \left(-\mathrm{GSynFlow} + \mathrm{GraSP}\right)}{\mathrm{plain}},ZiCo Square GSynFlow Negative GraSP Add Mul plain Div <EOS>,((square(ZiCo) * (-(GSynFlow) + GraSP)) / plain),0.521700000,0.378600000,25,9,5,2195,run_monash_time_unique1000,6,1,Monash__weather_dataset/seed_2195/run_monash_time_unique1000/visualizations/archive_latex.tex
792,0.287387387,0.521700000,\left(\frac{\left(\mathrm{ZiCo}\right)^2}{\mathrm{plain}}\right) \cdot \left(\mathrm{GraSP} - \mathrm{GSynFlow}\right),ZiCo Square plain Div GraSP GSynFlow Sub Mul <EOS>,((square(ZiCo) / plain) * (GraSP - GSynFlow)),0.521700000,0.378600000,18,8,4,2188,run_monash_time_unique1000,8,1,Monash__weather_dataset/seed_2188/run_monash_time_unique1000/visualizations/archive_latex.tex
793,0.286486486,0.521500000,\frac{\mathrm{L2Norm} - -\mathrm{JacobFro}}{\mathrm{Snip}} - \mathrm{GSynFlow},L2-Norm Jacob_fro Negative Sub Snip Div GSynFlow Sub <EOS>,(((L2-Norm - -(Jacob_fro)) / Snip) - GSynFlow),0.521500000,0.363400000,16,8,5,2273,run_monash_time_unique1000,10,1,Monash__weather_dataset/seed_2273/run_monash_time_unique1000/visualizations/archive_latex.tex
794,0.285585586,0.521300000,\frac{\mathrm{JacobFro} - \left(\mathrm{Snip}\right)^2}{\mathrm{Fisher}},Jacob_fro Snip Square Sub Fisher Div <EOS>,((Jacob_fro - square(Snip)) / Fisher),0.521300000,0.387000000,84,6,4,2235,run_monash_time_unique1000,3,2,Monash__weather_dataset/seed_2235/run_monash_time_unique1000/visualizations/archive_latex.tex
795,0.284684685,0.521300000,\frac{\mathrm{JacobFro}}{\mathrm{Snip}} + \mathrm{MParams} - \mathrm{GSynFlow},Jacob_fro Snip Div MParams GSynFlow Sub Add <EOS>,((Jacob_fro / Snip) + (MParams - GSynFlow)),0.521300000,0.367000000,12,7,3,2065,run_monash_time_unique1000,6,1,Monash__weather_dataset/seed_2065/run_monash_time_unique1000/visualizations/archive_latex.tex
796,0.283783784,0.521300000,\frac{\mathrm{Fisher}}{\left(\mathrm{Snip}\right)^2 - \mathrm{JacobFro}},Fisher Snip Square Jacob_fro Sub Div <EOS>,(Fisher / (square(Snip) - Jacob_fro)),0.521300000,0.387000000,113,6,4,2186,run_monash_time_unique1000,7,1,Monash__weather_dataset/seed_2186/run_monash_time_unique1000/visualizations/archive_latex.tex
797,0.282882883,0.521300000,\frac{\mathrm{JacobFro}}{\mathrm{Fisher}} - \frac{\left(\mathrm{Snip}\right)^2}{\mathrm{Fisher}},Jacob_fro Fisher Div Snip Square Fisher Div Sub <EOS>,((Jacob_fro / Fisher) - (square(Snip) / Fisher)),0.521300000,0.387000000,184,8,4,2073,run_monash_time_unique1000,9,1,Monash__weather_dataset/seed_2073/run_monash_time_unique1000/visualizations/archive_latex.tex
798,0.281981982,0.521100000,\frac{\mathrm{JacobFro} - \left(\mathrm{GSynFlow}\right)^2}{\mathrm{Snip}} - \mathrm{GSynFlow},Jacob_fro GSynFlow Square Sub Snip Div GSynFlow Sub <EOS>,(((Jacob_fro - square(GSynFlow)) / Snip) - GSynFlow),0.521100000,0.360900000,20,8,5,2171,run_monash_time_unique1000,4,1,Monash__weather_dataset/seed_2171/run_monash_time_unique1000/visualizations/archive_latex.tex
799,0.281081081,0.521100000,\left(\frac{\left(\left(\mathrm{ZiCo}\right)^2\right) \cdot \left(\mathrm{ZiCo}\right)}{\mathrm{Fisher}}\right) \cdot \left(\mathrm{GraSP}\right),ZiCo Square ZiCo Mul Fisher Div GraSP Mul <EOS>,(((square(ZiCo) * ZiCo) / Fisher) * GraSP),0.521100000,0.299700000,62,8,5,2235,run_monash_time_unique1000,4,1,Monash__weather_dataset/seed_2235/run_monash_time_unique1000/visualizations/archive_latex.tex
800,0.280180180,0.520900000,\frac{\mathrm{GraSP} - \left(\mathrm{Snip}\right)^2 + -\mathrm{JacobFro}}{\mathrm{Fisher}},GraSP Snip Square Jacob_fro Negative Add Sub Fisher Div <EOS>,((GraSP - (square(Snip) + -(Jacob_fro))) / Fisher),0.520900000,0.392800000,98,9,5,2235,run_monash_time_unique1000,5,1,Monash__weather_dataset/seed_2235/run_monash_time_unique1000/visualizations/archive_latex.tex
801,0.279279279,0.520500000,\frac{\mathrm{JacobFro} - \mathrm{GradNorm} + \left(\mathrm{Snip}\right)^2}{\mathrm{Fisher}},Jacob_fro Grad_Norm Snip Square Add Sub Fisher Div <EOS>,((Jacob_fro - (Grad_Norm + square(Snip))) / Fisher),0.520500000,0.386800000,181,8,5,2084,run_monash_time_unique1000,7,1,Monash__weather_dataset/seed_2084/run_monash_time_unique1000/visualizations/archive_latex.tex
802,0.278378378,0.520400000,\frac{\mathrm{plain} + \sqrt{\mathrm{JacobFro}} - \mathrm{Snip}}{\sqrt{\mathrm{Fisher}}},plain Jacob_fro Sqrt Add Snip Sub Fisher Sqrt Div <EOS>,(((plain + sqrt(Jacob_fro)) - Snip) / sqrt(Fisher)),0.520400000,0.402200000,109,9,5,2090,run_monash_time_unique1000,5,1,Monash__weather_dataset/seed_2090/run_monash_time_unique1000/visualizations/archive_latex.tex
803,0.277477477,0.520400000,\frac{\sqrt{\mathrm{JacobFro}} - \mathrm{Snip}}{\sqrt{\mathrm{Fisher}}},Jacob_fro Sqrt Snip Sub Fisher Sqrt Div <EOS>,((sqrt(Jacob_fro) - Snip) / sqrt(Fisher)),0.520400000,0.405800000,56,7,4,2090,run_monash_time_unique1000,6,1,Monash__weather_dataset/seed_2090/run_monash_time_unique1000/visualizations/archive_latex.tex
804,0.276576577,0.520400000,\frac{\sqrt{\mathrm{JacobFro}}}{\mathrm{Snip}} - \mathrm{MParams},Jacob_fro Sqrt Snip Div MParams Sub <EOS>,((sqrt(Jacob_fro) / Snip) - MParams),0.520400000,0.336000000,181,6,4,2188,run_monash_time_unique1000,9,1,Monash__weather_dataset/seed_2188/run_monash_time_unique1000/visualizations/archive_latex.tex
805,0.275675676,0.520400000,\sqrt{\frac{\mathrm{JacobFro}}{\left(\mathrm{Snip}\right)^2}} - \mathrm{MParams},Jacob_fro Snip Square Div Sqrt MParams Sub <EOS>,(sqrt((Jacob_fro / square(Snip))) - MParams),0.520400000,0.336000000,26,7,5,2208,run_monash_time_unique1000,9,1,Monash__weather_dataset/seed_2208/run_monash_time_unique1000/visualizations/archive_latex.tex
806,0.274774775,0.520100000,\frac{\mathrm{Fisher}}{\left(\left(\mathrm{GradNorm}\right) \cdot \left(\mathrm{ZiCo}\right)\right)^2 - \log\left(\mathrm{GFLOPs}\right)},Fisher Grad_Norm ZiCo Mul Square GFLOPs Log Sub Div <EOS>,(Fisher / (square((Grad_Norm * ZiCo)) - log(GFLOPs))),0.520100000,0.350200000,30,9,5,2186,run_monash_time_unique1000,8,1,Monash__weather_dataset/seed_2186/run_monash_time_unique1000/visualizations/archive_latex.tex
807,0.273873874,0.520000000,\frac{\mathrm{Fisher}}{\left(\mathrm{ZiCo} - \left(\mathrm{ZiCo}\right) \cdot \left(\mathrm{GradNorm}\right)\right)^2},Fisher ZiCo ZiCo Grad_Norm Mul Sub Square Div <EOS>,(Fisher / square((ZiCo - (ZiCo * Grad_Norm)))),0.520000000,0.402600000,157,8,5,2186,run_monash_time_unique1000,9,1,Monash__weather_dataset/seed_2186/run_monash_time_unique1000/visualizations/archive_latex.tex
808,0.272972973,0.519500000,\frac{\frac{\mathrm{GraSP} - \mathrm{GSynFlow}}{\left(\log\left(\mathrm{ZiCo}\right)\right)^2}}{\mathrm{plain}},GraSP GSynFlow Sub ZiCo Log Square Div plain Div <EOS>,(((GraSP - GSynFlow) / square(log(ZiCo))) / plain),0.519500000,0.381800000,55,9,5,2055,run_monash_time_unique1000,3,2,Monash__weather_dataset/seed_2055/run_monash_time_unique1000/visualizations/archive_latex.tex
809,0.272072072,0.519500000,\frac{\frac{\mathrm{GraSP} - \mathrm{GSynFlow}}{\mathrm{plain}}}{\left(\log\left(\mathrm{ZiCo}\right)\right)^2},GraSP GSynFlow Sub plain Div ZiCo Log Square Div <EOS>,(((GraSP - GSynFlow) / plain) / square(log(ZiCo))),0.519500000,0.381800000,161,9,4,2290,run_monash_time_unique1000,4,1,Monash__weather_dataset/seed_2290/run_monash_time_unique1000/visualizations/archive_latex.tex
810,0.271171171,0.519500000,\frac{\mathrm{GraSP} - \mathrm{GSynFlow}}{\left(\left(\log\left(\mathrm{ZiCo}\right)\right)^2\right) \cdot \left(\mathrm{plain}\right)},GraSP GSynFlow Sub ZiCo Log Square plain Mul Div <EOS>,((GraSP - GSynFlow) / (square(log(ZiCo)) * plain)),0.519500000,0.381800000,16,9,5,2277,run_monash_time_unique1000,9,1,Monash__weather_dataset/seed_2277/run_monash_time_unique1000/visualizations/archive_latex.tex
811,0.270270270,0.519300000,\log\left(\frac{\left(\mathrm{JacobFro}\right) \cdot \left(\mathrm{GFLOPs}\right)}{\mathrm{Snip}}\right) - \mathrm{GFLOPs},Jacob_fro GFLOPs Mul Snip Div Log GFLOPs Sub <EOS>,(log(((Jacob_fro * GFLOPs) / Snip)) - GFLOPs),0.519300000,0.394900000,37,8,5,2208,run_monash_time_unique1000,10,1,Monash__weather_dataset/seed_2208/run_monash_time_unique1000/visualizations/archive_latex.tex
812,0.269369369,0.519100000,\frac{\mathrm{GraSP} - \frac{\mathrm{GSynFlow}}{\log\left(\mathrm{MParams}\right)}}{\sqrt{\mathrm{Fisher}}},GraSP GSynFlow MParams Log Div Sub Fisher Sqrt Div <EOS>,((GraSP - (GSynFlow / log(MParams))) / sqrt(Fisher)),0.519100000,0.364400000,145,9,5,2271,run_monash_time_unique1000,3,6,Monash__weather_dataset/seed_2271/run_monash_time_unique1000/visualizations/archive_latex.tex
813,0.268468468,0.519000000,\frac{\mathrm{JacobFro}}{\mathrm{Snip}} + -\mathrm{MParams} - \mathrm{GSynFlow},Jacob_fro Snip Div MParams Negative GSynFlow Sub Add <EOS>,((Jacob_fro / Snip) + (-(MParams) - GSynFlow)),0.519000000,0.356100000,15,8,4,2065,run_monash_time_unique1000,7,1,Monash__weather_dataset/seed_2065/run_monash_time_unique1000/visualizations/archive_latex.tex
814,0.267567568,0.518800000,\left(\sqrt{\frac{\mathrm{JacobFro}}{\mathrm{Snip}}}\right) \cdot \left(\log\left(\mathrm{L2Norm}\right) - \mathrm{GFLOPs}\right),Jacob_fro Snip Div Sqrt L2-Norm Log GFLOPs Sub Mul <EOS>,(sqrt((Jacob_fro / Snip)) * (log(L2-Norm) - GFLOPs)),0.518800000,0.362800000,23,9,4,2065,run_monash_time_unique1000,8,1,Monash__weather_dataset/seed_2065/run_monash_time_unique1000/visualizations/archive_latex.tex
815,0.266666667,0.518700000,\mathrm{GFLOPs} - \mathrm{GSynFlow} + \frac{\mathrm{JacobFro}}{\mathrm{Snip}},GFLOPs GSynFlow Sub Jacob_fro Snip Div Add <EOS>,((GFLOPs - GSynFlow) + (Jacob_fro / Snip)),0.518700000,0.355300000,89,7,3,2030,run_monash_time_unique1000,7,1,Monash__weather_dataset/seed_2030/run_monash_time_unique1000/visualizations/archive_latex.tex
816,0.265765766,0.518700000,\frac{\mathrm{JacobFro}}{\left(\mathrm{GradNorm}\right) \cdot \left(\mathrm{L2Norm}\right)} - \left(\mathrm{GFLOPs}\right)^2,Jacob_fro Grad_Norm L2-Norm Mul Div GFLOPs Square Sub <EOS>,((Jacob_fro / (Grad_Norm * L2-Norm)) - square(GFLOPs)),0.518700000,0.371600000,166,8,4,2065,run_monash_time_unique1000,9,1,Monash__weather_dataset/seed_2065/run_monash_time_unique1000/visualizations/archive_latex.tex
817,0.264864865,0.518600000,\left(-\log\left(\mathrm{MParams}\right)\right) \cdot \left(\frac{\mathrm{JacobFro}}{\mathrm{Snip}}\right),MParams Log Negative Jacob_fro Snip Div Mul <EOS>,(-(log(MParams)) * (Jacob_fro / Snip)),0.518600000,0.361500000,78,7,4,2055,run_monash_time_unique1000,4,1,Monash__weather_dataset/seed_2055/run_monash_time_unique1000/visualizations/archive_latex.tex
818,0.263963964,0.518600000,\left(-\mathrm{JacobFro}\right) \cdot \left(\frac{\log\left(\mathrm{MParams}\right)}{\mathrm{Snip}}\right),Jacob_fro Negative MParams Log Snip Div Mul <EOS>,(-(Jacob_fro) * (log(MParams) / Snip)),0.518600000,0.361500000,88,7,4,2065,run_monash_time_unique1000,10,1,Monash__weather_dataset/seed_2065/run_monash_time_unique1000/visualizations/archive_latex.tex
819,0.263063063,0.518500000,\frac{\sqrt{\mathrm{plain}}}{\mathrm{Snip} - \mathrm{GSynFlow} - \mathrm{Fisher}},plain Sqrt Snip GSynFlow Fisher Sub Sub Div <EOS>,(sqrt(plain) / (Snip - (GSynFlow - Fisher))),0.518500000,0.367100000,170,8,4,2224,run_monash_time_unique1000,6,1,Monash__weather_dataset/seed_2224/run_monash_time_unique1000/visualizations/archive_latex.tex
820,0.262162162,0.518400000,\left(-\log\left(\mathrm{MParams}\right)\right) \cdot \left(\frac{\mathrm{JacobFro} - \mathrm{GradNorm}}{\mathrm{Snip}}\right),MParams Log Negative Jacob_fro Grad_Norm Sub Snip Div Mul <EOS>,(-(log(MParams)) * ((Jacob_fro - Grad_Norm) / Snip)),0.518400000,0.360800000,79,9,4,2055,run_monash_time_unique1000,5,1,Monash__weather_dataset/seed_2055/run_monash_time_unique1000/visualizations/archive_latex.tex
821,0.261261261,0.517900000,\frac{\mathrm{Fisher}}{\left(\left(\mathrm{GradNorm}\right) \cdot \left(\mathrm{ZiCo}\right)\right)^2 - \sqrt{\mathrm{plain}}},Fisher Grad_Norm ZiCo Mul Square plain Sqrt Sub Div <EOS>,(Fisher / (square((Grad_Norm * ZiCo)) - sqrt(plain))),0.517900000,0.398800000,55,9,5,2186,run_monash_time_unique1000,10,1,Monash__weather_dataset/seed_2186/run_monash_time_unique1000/visualizations/archive_latex.tex
822,0.260360360,0.517800000,\frac{\mathrm{JacobFro}}{\mathrm{L2Norm} + \mathrm{Snip} + \mathrm{GSynFlow}},Jacob_fro L2-Norm Snip Add GSynFlow Add Div <EOS>,(Jacob_fro / ((L2-Norm + Snip) + GSynFlow)),0.517800000,0.322600000,12,7,4,2128,run_monash_time_unique1000,5,1,Monash__weather_dataset/seed_2128/run_monash_time_unique1000/visualizations/archive_latex.tex
823,0.259459459,0.517800000,\frac{\mathrm{JacobFro}}{\mathrm{Snip} + \mathrm{GSynFlow} + \mathrm{L2Norm}},Jacob_fro Snip GSynFlow Add L2-Norm Add Div <EOS>,(Jacob_fro / ((Snip + GSynFlow) + L2-Norm)),0.517800000,0.322600000,134,7,4,2196,run_monash_time_unique1000,9,1,Monash__weather_dataset/seed_2196/run_monash_time_unique1000/visualizations/archive_latex.tex
824,0.258558559,0.517500000,\frac{\mathrm{GraSP}}{\mathrm{JacobFro}} - \left(\log\left(\mathrm{MParams}\right)\right) \cdot \left(\mathrm{MParams}\right),GraSP Jacob_fro Div MParams Log MParams Mul Sub <EOS>,((GraSP / Jacob_fro) - (log(MParams) * MParams)),0.517500000,0.382900000,108,8,4,2068,run_monash_time_unique1000,2,1,Monash__weather_dataset/seed_2068/run_monash_time_unique1000/visualizations/archive_latex.tex
825,0.257657658,0.517300000,\mathrm{GraSP} - \mathrm{GSynFlow} - \left(\frac{\mathrm{GradNorm}}{\mathrm{Fisher}}\right)^2,GraSP GSynFlow Sub Grad_Norm Fisher Div Square Sub <EOS>,((GraSP - GSynFlow) - square((Grad_Norm / Fisher))),0.517300000,0.379200000,100,8,4,2284,run_monash_time_unique1000,4,2,Monash__weather_dataset/seed_2284/run_monash_time_unique1000/visualizations/archive_latex.tex
826,0.256756757,0.517300000,\frac{\sqrt{\mathrm{JacobFro}} - \mathrm{Snip} - \mathrm{GradNorm}}{\mathrm{GradNorm}},Jacob_fro Sqrt Snip Grad_Norm Sub Sub Grad_Norm Div <EOS>,((sqrt(Jacob_fro) - (Snip - Grad_Norm)) / Grad_Norm),0.517300000,0.378600000,157,8,4,2274,run_monash_time_unique1000,6,1,Monash__weather_dataset/seed_2274/run_monash_time_unique1000/visualizations/archive_latex.tex
827,0.255855856,0.517300000,\frac{\sqrt{\mathrm{JacobFro}} - \mathrm{Snip}}{\mathrm{GradNorm}},Jacob_fro Sqrt Snip Sub Grad_Norm Div <EOS>,((sqrt(Jacob_fro) - Snip) / Grad_Norm),0.517300000,0.378600000,97,6,4,2090,run_monash_time_unique1000,7,2,Monash__weather_dataset/seed_2090/run_monash_time_unique1000/visualizations/archive_latex.tex
828,0.254954955,0.517300000,\log\left(\frac{\mathrm{JacobFro}}{\mathrm{Snip}}\right) - \left(\mathrm{GSynFlow}\right) \cdot \left(\log\left(\mathrm{MParams}\right)\right),Jacob_fro Snip Div Log GSynFlow MParams Log Mul Sub <EOS>,(log((Jacob_fro / Snip)) - (GSynFlow * log(MParams))),0.517300000,0.436900000,200,9,4,2044,run_monash_time_unique1000,9,1,Monash__weather_dataset/seed_2044/run_monash_time_unique1000/visualizations/archive_latex.tex
829,0.254054054,0.516600000,\frac{\mathrm{Fisher} - \left(\mathrm{JacobFro}\right) \cdot \left(\log\left(\mathrm{MParams}\right)\right)}{\mathrm{GradNorm}},Fisher Jacob_fro MParams Log Mul Sub Grad_Norm Div <EOS>,((Fisher - (Jacob_fro * log(MParams))) / Grad_Norm),0.516600000,0.366500000,96,8,5,2188,run_monash_time_unique1000,10,1,Monash__weather_dataset/seed_2188/run_monash_time_unique1000/visualizations/archive_latex.tex
830,0.253153153,0.516200000,\frac{\frac{\mathrm{GraSP}}{\log\left(\mathrm{JacobFro}\right)} - \mathrm{GSynFlow}}{\mathrm{JacobFro}},GraSP Jacob_fro Log Div GSynFlow Sub Jacob_fro Div <EOS>,(((GraSP / log(Jacob_fro)) - GSynFlow) / Jacob_fro),0.516200000,0.357200000,50,8,5,2060,run_monash_time_unique1000,6,2,Monash__weather_dataset/seed_2060/run_monash_time_unique1000/visualizations/archive_latex.tex
831,0.252252252,0.515900000,\left(\left(\mathrm{GFLOPs}\right)^2\right) \cdot \left(\frac{\mathrm{GraSP} - \mathrm{GSynFlow}}{\mathrm{JacobFro}}\right),GFLOPs Square GraSP GSynFlow Sub Jacob_fro Div Mul <EOS>,(square(GFLOPs) * ((GraSP - GSynFlow) / Jacob_fro)),0.515900000,0.366100000,52,8,4,2284,run_monash_time_unique1000,5,1,Monash__weather_dataset/seed_2284/run_monash_time_unique1000/visualizations/archive_latex.tex
832,0.251351351,0.515900000,\frac{\left(\left(\mathrm{GFLOPs}\right)^2\right) \cdot \left(\mathrm{GraSP} - \mathrm{GSynFlow}\right)}{\mathrm{JacobFro}},GFLOPs Square GraSP GSynFlow Sub Mul Jacob_fro Div <EOS>,((square(GFLOPs) * (GraSP - GSynFlow)) / Jacob_fro),0.515900000,0.366100000,20,8,4,2235,run_monash_time_unique1000,6,1,Monash__weather_dataset/seed_2235/run_monash_time_unique1000/visualizations/archive_latex.tex
833,0.250450450,0.515700000,\frac{\log\left(\mathrm{JacobFro}\right)}{\mathrm{L2Norm} + \mathrm{GradNorm}} - \mathrm{ZiCo},Jacob_fro Log L2-Norm Grad_Norm Add Div ZiCo Sub <EOS>,((log(Jacob_fro) / (L2-Norm + Grad_Norm)) - ZiCo),0.515700000,0.322500000,96,8,4,2204,run_monash_time_unique1000,7,1,Monash__weather_dataset/seed_2204/run_monash_time_unique1000/visualizations/archive_latex.tex
834,0.249549550,0.515600000,\frac{\mathrm{GraSP} - \mathrm{GSynFlow}}{\mathrm{Fisher} + \mathrm{plain}},GraSP GSynFlow Sub Fisher plain Add Div <EOS>,((GraSP - GSynFlow) / (Fisher + plain)),0.515600000,0.371300000,12,7,3,2060,run_monash_time_unique1000,7,1,Monash__weather_dataset/seed_2060/run_monash_time_unique1000/visualizations/archive_latex.tex
835,0.248648649,0.515600000,\frac{\mathrm{GraSP} - \mathrm{GSynFlow}}{\mathrm{plain} + \mathrm{Fisher}},GraSP GSynFlow Sub plain Fisher Add Div <EOS>,((GraSP - GSynFlow) / (plain + Fisher)),0.515600000,0.371300000,98,7,3,2196,run_monash_time_unique1000,10,1,Monash__weather_dataset/seed_2196/run_monash_time_unique1000/visualizations/archive_latex.tex
836,0.247747748,0.515300000,\frac{\left(\mathrm{GraSP} - \mathrm{GSynFlow}\right) \cdot \left(\log\left(\mathrm{GradNorm}\right)\right)}{\mathrm{Fisher}},GraSP GSynFlow Sub Grad_Norm Log Mul Fisher Div <EOS>,(((GraSP - GSynFlow) * log(Grad_Norm)) / Fisher),0.515300000,0.323000000,68,8,4,2277,run_monash_time_unique1000,10,1,Monash__weather_dataset/seed_2277/run_monash_time_unique1000/visualizations/archive_latex.tex
837,0.246846847,0.515100000,\frac{\mathrm{JacobFro}}{\mathrm{Snip}} - \frac{\left(\mathrm{GFLOPs}\right)^2}{\mathrm{Fisher}},Jacob_fro Snip Div GFLOPs Square Fisher Div Sub <EOS>,((Jacob_fro / Snip) - (square(GFLOPs) / Fisher)),0.515100000,0.340700000,157,8,4,2116,run_monash_time_unique1000,3,2,Monash__weather_dataset/seed_2116/run_monash_time_unique1000/visualizations/archive_latex.tex
838,0.245945946,0.514700000,\frac{\mathrm{GraSP} - \frac{\mathrm{Snip}}{\mathrm{Fisher}}}{\sqrt{\mathrm{Fisher}}},GraSP Snip Fisher Div Sub Fisher Sqrt Div <EOS>,((GraSP - (Snip / Fisher)) / sqrt(Fisher)),0.514700000,0.317400000,166,8,4,2027,run_monash_time_unique1000,2,6,Monash__weather_dataset/seed_2027/run_monash_time_unique1000/visualizations/archive_latex.tex
839,0.245045045,0.514700000,\frac{-\frac{\mathrm{Snip}}{\mathrm{Fisher}} + \mathrm{GraSP}}{\sqrt{\mathrm{Fisher}}},Snip Fisher Div Negative GraSP Add Fisher Sqrt Div <EOS>,((-((Snip / Fisher)) + GraSP) / sqrt(Fisher)),0.514700000,0.317400000,48,9,5,2195,run_monash_time_unique1000,7,1,Monash__weather_dataset/seed_2195/run_monash_time_unique1000/visualizations/archive_latex.tex
840,0.244144144,0.514600000,\sqrt{\frac{\mathrm{JacobFro}}{\mathrm{Snip}}} - \frac{\mathrm{MParams}}{\mathrm{Fisher}},Jacob_fro Snip Div Sqrt MParams Fisher Div Sub <EOS>,(sqrt((Jacob_fro / Snip)) - (MParams / Fisher)),0.514600000,0.320700000,199,8,4,2177,run_monash_time_unique1000,9,1,Monash__weather_dataset/seed_2177/run_monash_time_unique1000/visualizations/archive_latex.tex
841,0.243243243,0.514200000,\frac{\log\left(\mathrm{MParams}\right) - \mathrm{Fisher} + \mathrm{plain}}{\mathrm{GraSP}},MParams Log Fisher plain Add Sub GraSP Div <EOS>,((log(MParams) - (Fisher + plain)) / GraSP),0.514200000,0.332600000,41,8,4,2224,run_monash_time_unique1000,7,1,Monash__weather_dataset/seed_2224/run_monash_time_unique1000/visualizations/archive_latex.tex
842,0.242342342,0.514200000,\frac{\frac{\mathrm{GraSP} - \mathrm{GSynFlow}}{\mathrm{plain}}}{\log\left(\log\left(\mathrm{GradNorm}\right)\right)},GraSP GSynFlow Sub plain Div Grad_Norm Log Log Div <EOS>,(((GraSP - GSynFlow) / plain) / log(log(Grad_Norm))),0.514200000,0.385700000,24,9,4,2036,run_monash_time_unique1000,8,1,Monash__weather_dataset/seed_2036/run_monash_time_unique1000/visualizations/archive_latex.tex
843,0.241441441,0.514000000,\frac{\mathrm{JacobFro}}{\left(\mathrm{plain}\right) \cdot \left(\mathrm{Snip} - \mathrm{GSynFlow}\right)},Jacob_fro plain Snip GSynFlow Sub Mul Div <EOS>,(Jacob_fro / (plain * (Snip - GSynFlow))),0.514000000,0.338400000,56,7,4,2258,run_monash_time_unique1000,2,1,Monash__weather_dataset/seed_2258/run_monash_time_unique1000/visualizations/archive_latex.tex
844,0.240540541,0.514000000,\frac{\frac{\mathrm{JacobFro}}{\mathrm{plain}}}{\mathrm{Snip} - \mathrm{GSynFlow}},Jacob_fro plain Div Snip GSynFlow Sub Div <EOS>,((Jacob_fro / plain) / (Snip - GSynFlow)),0.514000000,0.338400000,98,7,3,2195,run_monash_time_unique1000,8,1,Monash__weather_dataset/seed_2195/run_monash_time_unique1000/visualizations/archive_latex.tex
845,0.239639640,0.514000000,\frac{\frac{\mathrm{JacobFro}}{\mathrm{Snip} - \mathrm{GSynFlow}}}{\mathrm{plain}},Jacob_fro Snip GSynFlow Sub Div plain Div <EOS>,((Jacob_fro / (Snip - GSynFlow)) / plain),0.514000000,0.338400000,136,7,4,2036,run_monash_time_unique1000,9,1,Monash__weather_dataset/seed_2036/run_monash_time_unique1000/visualizations/archive_latex.tex
846,0.238738739,0.513900000,\frac{\mathrm{GraSP} - \left(\mathrm{GSynFlow}\right) \cdot \left(\mathrm{GradNorm}\right)}{\mathrm{JacobFro}},GraSP GSynFlow Grad_Norm Mul Sub Jacob_fro Div <EOS>,((GraSP - (GSynFlow * Grad_Norm)) / Jacob_fro),0.513900000,0.355800000,127,7,4,2048,run_monash_time_unique1000,2,6,Monash__weather_dataset/seed_2048/run_monash_time_unique1000/visualizations/archive_latex.tex
847,0.237837838,0.513900000,\frac{\mathrm{GraSP} - \left(\mathrm{GradNorm}\right) \cdot \left(\mathrm{GSynFlow}\right)}{\mathrm{JacobFro}},GraSP Grad_Norm GSynFlow Mul Sub Jacob_fro Div <EOS>,((GraSP - (Grad_Norm * GSynFlow)) / Jacob_fro),0.513900000,0.355800000,111,7,4,2068,run_monash_time_unique1000,3,7,Monash__weather_dataset/seed_2068/run_monash_time_unique1000/visualizations/archive_latex.tex
848,0.236936937,0.513900000,\frac{\left(-\mathrm{GSynFlow}\right) \cdot \left(\mathrm{GradNorm}\right) + \mathrm{GraSP}}{\mathrm{JacobFro}},GSynFlow Negative Grad_Norm Mul GraSP Add Jacob_fro Div <EOS>,(((-(GSynFlow) * Grad_Norm) + GraSP) / Jacob_fro),0.513900000,0.355800000,60,8,5,2105,run_monash_time_unique1000,3,1,Monash__weather_dataset/seed_2105/run_monash_time_unique1000/visualizations/archive_latex.tex
849,0.236036036,0.513700000,\left(\mathrm{MParams}\right) \cdot \left(-\mathrm{GSynFlow}\right) + \frac{\mathrm{JacobFro}}{\mathrm{GradNorm}},MParams GSynFlow Negative Mul Jacob_fro Grad_Norm Div Add <EOS>,((MParams * -(GSynFlow)) + (Jacob_fro / Grad_Norm)),0.513700000,0.366300000,196,8,4,2166,run_monash_time_unique1000,3,1,Monash__weather_dataset/seed_2166/run_monash_time_unique1000/visualizations/archive_latex.tex
850,0.235135135,0.513700000,\frac{\mathrm{JacobFro}}{\mathrm{Snip}} - \left(\mathrm{GFLOPs}\right)^2,Jacob_fro Snip Div GFLOPs Square Sub <EOS>,((Jacob_fro / Snip) - square(GFLOPs)),0.513700000,0.393700000,169,6,3,2284,run_monash_time_unique1000,6,1,Monash__weather_dataset/seed_2284/run_monash_time_unique1000/visualizations/archive_latex.tex
851,0.234234234,0.513700000,\frac{\mathrm{JacobFro}}{\mathrm{GradNorm}} - \left(\mathrm{MParams}\right) \cdot \left(\mathrm{GSynFlow}\right),Jacob_fro Grad_Norm Div MParams GSynFlow Mul Sub <EOS>,((Jacob_fro / Grad_Norm) - (MParams * GSynFlow)),0.513700000,0.366300000,132,7,3,2030,run_monash_time_unique1000,8,1,Monash__weather_dataset/seed_2030/run_monash_time_unique1000/visualizations/archive_latex.tex
852,0.233333333,0.513300000,\log\left(\frac{\sqrt{\mathrm{Fisher}}}{\left(\mathrm{GFLOPs}\right) \cdot \left(\mathrm{GSynFlow}\right) + \mathrm{GraSP}}\right),Fisher Sqrt GFLOPs GSynFlow Mul GraSP Add Div Log <EOS>,log((sqrt(Fisher) / ((GFLOPs * GSynFlow) + GraSP))),0.513300000,0.364800000,100,9,5,2258,run_monash_time_unique1000,3,1,Monash__weather_dataset/seed_2258/run_monash_time_unique1000/visualizations/archive_latex.tex
853,0.232432432,0.513300000,\frac{\frac{\mathrm{GraSP}}{\log\left(\log\left(\mathrm{GradNorm}\right)\right)} - \mathrm{GSynFlow}}{\mathrm{plain}},GraSP Grad_Norm Log Log Div GSynFlow Sub plain Div <EOS>,(((GraSP / log(log(Grad_Norm))) - GSynFlow) / plain),0.513300000,0.379200000,42,9,6,2060,run_monash_time_unique1000,8,3,Monash__weather_dataset/seed_2060/run_monash_time_unique1000/visualizations/archive_latex.tex
854,0.231531532,0.513200000,\frac{\mathrm{Fisher}}{\left(\left(\mathrm{GSynFlow}\right) \cdot \left(\mathrm{GFLOPs}\right) + \mathrm{GraSP}\right)^2},Fisher GSynFlow GFLOPs Mul GraSP Add Square Div <EOS>,(Fisher / square(((GSynFlow * GFLOPs) + GraSP))),0.513200000,0.364500000,144,8,5,2258,run_monash_time_unique1000,4,1,Monash__weather_dataset/seed_2258/run_monash_time_unique1000/visualizations/archive_latex.tex
855,0.230630631,0.512900000,\frac{\left(-\mathrm{JacobFro} + \mathrm{GraSP}\right) \cdot \left(\log\left(\mathrm{MParams}\right)\right)}{\mathrm{GradNorm}},Jacob_fro GraSP Add Negative MParams Log Mul Grad_Norm Div <EOS>,((-((Jacob_fro + GraSP)) * log(MParams)) / Grad_Norm),0.512900000,0.378700000,124,9,5,2109,run_monash_time_unique1000,9,1,Monash__weather_dataset/seed_2109/run_monash_time_unique1000/visualizations/archive_latex.tex
856,0.229729730,0.512700000,\frac{\mathrm{JacobFro}}{\mathrm{Fisher} + \mathrm{Snip}} - \left(\mathrm{GFLOPs}\right)^2,Jacob_fro Fisher Snip Add Div GFLOPs Square Sub <EOS>,((Jacob_fro / (Fisher + Snip)) - square(GFLOPs)),0.512700000,0.392500000,168,8,4,2233,run_monash_time_unique1000,7,1,Monash__weather_dataset/seed_2233/run_monash_time_unique1000/visualizations/archive_latex.tex
857,0.228828829,0.512500000,\frac{\mathrm{GraSP} - \left(\mathrm{GSynFlow}\right) \cdot \left(\left(\mathrm{GFLOPs}\right)^2\right)}{\mathrm{JacobFro}},GraSP GSynFlow GFLOPs Square Mul Sub Jacob_fro Div <EOS>,((GraSP - (GSynFlow * square(GFLOPs))) / Jacob_fro),0.512500000,0.379600000,110,8,5,2127,run_monash_time_unique1000,2,6,Monash__weather_dataset/seed_2127/run_monash_time_unique1000/visualizations/archive_latex.tex
858,0.227927928,0.512500000,\frac{\mathrm{GraSP} - \left(\left(\mathrm{GFLOPs}\right)^2\right) \cdot \left(\mathrm{GSynFlow}\right)}{\mathrm{JacobFro}},GraSP GFLOPs Square GSynFlow Mul Sub Jacob_fro Div <EOS>,((GraSP - (square(GFLOPs) * GSynFlow)) / Jacob_fro),0.512500000,0.379600000,41,8,5,2190,run_monash_time_unique1000,2,12,Monash__weather_dataset/seed_2190/run_monash_time_unique1000/visualizations/archive_latex.tex
859,0.227027027,0.512500000,\frac{\mathrm{GraSP}}{\mathrm{JacobFro}} - \left(\sqrt{\mathrm{ZiCo}}\right) \cdot \left(\left(\mathrm{MParams}\right)^2\right),GraSP Jacob_fro Div ZiCo Sqrt MParams Square Mul Sub <EOS>,((GraSP / Jacob_fro) - (sqrt(ZiCo) * square(MParams))),0.512500000,0.364900000,154,9,4,2182,run_monash_time_unique1000,3,1,Monash__weather_dataset/seed_2182/run_monash_time_unique1000/visualizations/archive_latex.tex
860,0.226126126,0.512500000,\frac{-\left(\left(\mathrm{GFLOPs}\right)^2\right) \cdot \left(\mathrm{GSynFlow}\right) + \mathrm{GraSP}}{\mathrm{JacobFro}},GFLOPs Square GSynFlow Mul Negative GraSP Add Jacob_fro Div <EOS>,((-((square(GFLOPs) * GSynFlow)) + GraSP) / Jacob_fro),0.512500000,0.379600000,146,9,6,2235,run_monash_time_unique1000,7,1,Monash__weather_dataset/seed_2235/run_monash_time_unique1000/visualizations/archive_latex.tex
861,0.225225225,0.512300000,\frac{\frac{\mathrm{GraSP}}{\log\left(\mathrm{GraSP}\right)} - \mathrm{GSynFlow}}{\mathrm{JacobFro}},GraSP GraSP Log Div GSynFlow Sub Jacob_fro Div <EOS>,(((GraSP / log(GraSP)) - GSynFlow) / Jacob_fro),0.512300000,0.359000000,74,8,5,2080,run_monash_time_unique1000,10,1,Monash__weather_dataset/seed_2080/run_monash_time_unique1000/visualizations/archive_latex.tex
862,0.224324324,0.512200000,\frac{\mathrm{GraSP} - \left(\log\left(\mathrm{JacobFro}\right)\right) \cdot \left(\mathrm{GSynFlow}\right)}{\mathrm{JacobFro}},GraSP Jacob_fro Log GSynFlow Mul Sub Jacob_fro Div <EOS>,((GraSP - (log(Jacob_fro) * GSynFlow)) / Jacob_fro),0.512200000,0.353900000,95,8,5,2040,run_monash_time_unique1000,4,1,Monash__weather_dataset/seed_2040/run_monash_time_unique1000/visualizations/archive_latex.tex
863,0.223423423,0.512000000,\left(\frac{\mathrm{plain}}{\left(\mathrm{ZiCo}\right) \cdot \left(\mathrm{GSynFlow} - \mathrm{GraSP}\right)}\right)^2,plain ZiCo GSynFlow GraSP Sub Mul Div Square <EOS>,square((plain / (ZiCo * (GSynFlow - GraSP)))),0.512000000,0.371700000,41,8,5,2127,run_monash_time_unique1000,3,1,Monash__weather_dataset/seed_2127/run_monash_time_unique1000/visualizations/archive_latex.tex
864,0.222522523,0.512000000,\sqrt{\mathrm{JacobFro}} - \frac{\left(\mathrm{Snip}\right) \cdot \left(\sqrt{\mathrm{Fisher}}\right)}{\mathrm{Fisher}},Jacob_fro Sqrt Snip Fisher Sqrt Mul Fisher Div Sub <EOS>,(sqrt(Jacob_fro) - ((Snip * sqrt(Fisher)) / Fisher)),0.512000000,0.356700000,22,9,5,2271,run_monash_time_unique1000,7,1,Monash__weather_dataset/seed_2271/run_monash_time_unique1000/visualizations/archive_latex.tex
865,0.221621622,0.511900000,\frac{\left(\mathrm{ZiCo}\right) \cdot \left(\mathrm{GraSP} - \mathrm{GSynFlow}\right)}{\mathrm{plain}},ZiCo GraSP GSynFlow Sub Mul plain Div <EOS>,((ZiCo * (GraSP - GSynFlow)) / plain),0.511900000,0.390800000,132,7,4,2105,run_monash_time_unique1000,4,2,Monash__weather_dataset/seed_2105/run_monash_time_unique1000/visualizations/archive_latex.tex
866,0.220720721,0.511900000,\frac{\left(\mathrm{GraSP} - \mathrm{GSynFlow}\right) \cdot \left(\mathrm{ZiCo}\right)}{\mathrm{plain}},GraSP GSynFlow Sub ZiCo Mul plain Div <EOS>,(((GraSP - GSynFlow) * ZiCo) / plain),0.511900000,0.390800000,83,7,4,2138,run_monash_time_unique1000,4,6,Monash__weather_dataset/seed_2138/run_monash_time_unique1000/visualizations/archive_latex.tex
867,0.219819820,0.511900000,\left(\mathrm{ZiCo}\right) \cdot \left(\frac{\mathrm{GraSP} - \mathrm{GSynFlow}}{\mathrm{plain}}\right),ZiCo GraSP GSynFlow Sub plain Div Mul <EOS>,(ZiCo * ((GraSP - GSynFlow) / plain)),0.511900000,0.390800000,22,7,4,2027,run_monash_time_unique1000,5,3,Monash__weather_dataset/seed_2027/run_monash_time_unique1000/visualizations/archive_latex.tex
868,0.218918919,0.511900000,\left(\frac{\mathrm{GraSP} - \mathrm{GSynFlow}}{\mathrm{plain}}\right) \cdot \left(\mathrm{ZiCo}\right),GraSP GSynFlow Sub plain Div ZiCo Mul <EOS>,(((GraSP - GSynFlow) / plain) * ZiCo),0.511900000,0.390800000,119,7,4,2290,run_monash_time_unique1000,5,2,Monash__weather_dataset/seed_2290/run_monash_time_unique1000/visualizations/archive_latex.tex
869,0.218018018,0.511900000,\left(\frac{\mathrm{GraSP} + -\mathrm{GSynFlow}}{\mathrm{plain}}\right) \cdot \left(\mathrm{ZiCo}\right),GraSP GSynFlow Negative Add plain Div ZiCo Mul <EOS>,(((GraSP + -(GSynFlow)) / plain) * ZiCo),0.511900000,0.390800000,45,8,5,2084,run_monash_time_unique1000,8,1,Monash__weather_dataset/seed_2084/run_monash_time_unique1000/visualizations/archive_latex.tex
870,0.217117117,0.511900000,\frac{-\mathrm{GSynFlow} + \mathrm{GraSP}}{\frac{\mathrm{plain}}{\mathrm{ZiCo}}},GSynFlow Negative GraSP Add plain ZiCo Div Div <EOS>,((-(GSynFlow) + GraSP) / (plain / ZiCo)),0.511900000,0.390800000,88,8,4,2235,run_monash_time_unique1000,8,1,Monash__weather_dataset/seed_2235/run_monash_time_unique1000/visualizations/archive_latex.tex
871,0.216216216,0.511900000,\frac{\left(\mathrm{ZiCo}\right) \cdot \left(-\mathrm{GSynFlow} + \mathrm{GraSP}\right)}{\mathrm{plain}},ZiCo GSynFlow Negative GraSP Add Mul plain Div <EOS>,((ZiCo * (-(GSynFlow) + GraSP)) / plain),0.511900000,0.390800000,26,8,5,2195,run_monash_time_unique1000,9,1,Monash__weather_dataset/seed_2195/run_monash_time_unique1000/visualizations/archive_latex.tex
872,0.215315315,0.511900000,\frac{\mathrm{GraSP} - \mathrm{GSynFlow}}{\frac{\mathrm{plain}}{\mathrm{ZiCo}}},GraSP GSynFlow Sub plain ZiCo Div Div <EOS>,((GraSP - GSynFlow) / (plain / ZiCo)),0.511900000,0.390800000,145,7,3,2212,run_monash_time_unique1000,10,1,Monash__weather_dataset/seed_2212/run_monash_time_unique1000/visualizations/archive_latex.tex
873,0.214414414,0.511600000,\frac{-\mathrm{Fisher} - \mathrm{plain}}{\mathrm{GraSP} + \mathrm{GSynFlow}},Fisher Negative plain Sub GraSP GSynFlow Add Div <EOS>,((-(Fisher) - plain) / (GraSP + GSynFlow)),0.511600000,0.297900000,103,8,4,2294,run_monash_time_unique1000,1,1,Monash__weather_dataset/seed_2294/run_monash_time_unique1000/visualizations/archive_latex.tex
874,0.213513514,0.511000000,\log\left(\frac{\sqrt{\mathrm{JacobFro}}}{\mathrm{Snip}}\right) + -\mathrm{MParams},Jacob_fro Sqrt Snip Div Log MParams Negative Add <EOS>,(log((sqrt(Jacob_fro) / Snip)) + -(MParams)),0.511000000,0.377900000,145,8,5,2034,run_monash_time_unique1000,4,1,Monash__weather_dataset/seed_2034/run_monash_time_unique1000/visualizations/archive_latex.tex
875,0.212612613,0.510900000,\frac{\log\left(\mathrm{ZiCo}\right)}{\frac{\mathrm{GraSP} - \mathrm{GSynFlow}}{\mathrm{plain}}},ZiCo Log GraSP GSynFlow Sub plain Div Div <EOS>,(log(ZiCo) / ((GraSP - GSynFlow) / plain)),0.510900000,0.355900000,5,8,4,2063,run_monash_time_unique1000,9,1,Monash__weather_dataset/seed_2063/run_monash_time_unique1000/visualizations/archive_latex.tex
876,0.211711712,0.510700000,\frac{\frac{\mathrm{GraSP} - \mathrm{GSynFlow}}{\mathrm{plain}}}{\left(\log\left(\mathrm{JacobFro}\right)\right)^2},GraSP GSynFlow Sub plain Div Jacob_fro Log Square Div <EOS>,(((GraSP - GSynFlow) / plain) / square(log(Jacob_fro))),0.510700000,0.397600000,85,9,4,2290,run_monash_time_unique1000,6,2,Monash__weather_dataset/seed_2290/run_monash_time_unique1000/visualizations/archive_latex.tex
877,0.210810811,0.510700000,\frac{\frac{\mathrm{GraSP} - \mathrm{GSynFlow}}{\left(\log\left(\mathrm{JacobFro}\right)\right)^2}}{\mathrm{plain}},GraSP GSynFlow Sub Jacob_fro Log Square Div plain Div <EOS>,(((GraSP - GSynFlow) / square(log(Jacob_fro))) / plain),0.510700000,0.397600000,40,9,5,2055,run_monash_time_unique1000,7,3,Monash__weather_dataset/seed_2055/run_monash_time_unique1000/visualizations/archive_latex.tex
878,0.209909910,0.510500000,\frac{\mathrm{GraSP}}{\mathrm{Fisher}} - \frac{\mathrm{GSynFlow}}{\log\left(\sqrt{\mathrm{MParams}}\right)},GraSP Fisher Div GSynFlow MParams Sqrt Log Div Sub <EOS>,((GraSP / Fisher) - (GSynFlow / log(sqrt(MParams)))),0.510500000,0.335100000,30,9,5,2218,run_monash_time_unique1000,4,1,Monash__weather_dataset/seed_2218/run_monash_time_unique1000/visualizations/archive_latex.tex
879,0.209009009,0.510400000,\frac{\frac{\mathrm{JacobFro}}{\mathrm{ZiCo}}}{\mathrm{GradNorm} + \mathrm{GSynFlow}},Jacob_fro ZiCo Div Grad_Norm GSynFlow Add Div <EOS>,((Jacob_fro / ZiCo) / (Grad_Norm + GSynFlow)),0.510400000,0.364700000,58,7,3,2233,run_monash_time_unique1000,8,1,Monash__weather_dataset/seed_2233/run_monash_time_unique1000/visualizations/archive_latex.tex
880,0.208108108,0.509900000,\frac{\frac{\mathrm{JacobFro}}{\mathrm{GradNorm}}}{\mathrm{GSynFlow} + \sqrt{\mathrm{Snip}}},Jacob_fro Grad_Norm Div GSynFlow Snip Sqrt Add Div <EOS>,((Jacob_fro / Grad_Norm) / (GSynFlow + sqrt(Snip))),0.509900000,0.378100000,92,8,4,2034,run_monash_time_unique1000,5,1,Monash__weather_dataset/seed_2034/run_monash_time_unique1000/visualizations/archive_latex.tex
881,0.207207207,0.509400000,\frac{\mathrm{GraSP} - \left(\mathrm{GSynFlow}\right) \cdot \left(\mathrm{GFLOPs}\right)}{\mathrm{JacobFro}},GraSP GSynFlow GFLOPs Mul Sub Jacob_fro Div <EOS>,((GraSP - (GSynFlow * GFLOPs)) / Jacob_fro),0.509400000,0.357300000,143,7,4,2219,run_monash_time_unique1000,2,6,Monash__weather_dataset/seed_2219/run_monash_time_unique1000/visualizations/archive_latex.tex
882,0.206306306,0.509400000,\frac{\mathrm{GraSP} - \left(\mathrm{GFLOPs}\right) \cdot \left(\mathrm{GSynFlow}\right)}{\mathrm{JacobFro}},GraSP GFLOPs GSynFlow Mul Sub Jacob_fro Div <EOS>,((GraSP - (GFLOPs * GSynFlow)) / Jacob_fro),0.509400000,0.357300000,76,7,4,2179,run_monash_time_unique1000,3,14,Monash__weather_dataset/seed_2179/run_monash_time_unique1000/visualizations/archive_latex.tex
883,0.205405405,0.509400000,\frac{\left(-\mathrm{GSynFlow}\right) \cdot \left(\mathrm{GFLOPs}\right) + \mathrm{GraSP}}{\mathrm{JacobFro}},GSynFlow Negative GFLOPs Mul GraSP Add Jacob_fro Div <EOS>,(((-(GSynFlow) * GFLOPs) + GraSP) / Jacob_fro),0.509400000,0.357300000,146,8,5,2105,run_monash_time_unique1000,5,1,Monash__weather_dataset/seed_2105/run_monash_time_unique1000/visualizations/archive_latex.tex
884,0.204504505,0.509400000,\frac{\mathrm{JacobFro}}{\left(\mathrm{GFLOPs}\right) \cdot \left(\mathrm{GSynFlow}\right) - \mathrm{GraSP}},Jacob_fro GFLOPs GSynFlow Mul GraSP Sub Div <EOS>,(Jacob_fro / ((GFLOPs * GSynFlow) - GraSP)),0.509400000,0.325400000,31,7,4,2258,run_monash_time_unique1000,5,1,Monash__weather_dataset/seed_2258/run_monash_time_unique1000/visualizations/archive_latex.tex
885,0.203603604,0.509200000,\frac{\frac{\mathrm{GraSP}}{\mathrm{plain}}}{\sqrt{\mathrm{JacobFro}}} - \sqrt{\mathrm{GSynFlow}},GraSP plain Div Jacob_fro Sqrt Div GSynFlow Sqrt Sub <EOS>,(((GraSP / plain) / sqrt(Jacob_fro)) - sqrt(GSynFlow)),0.509200000,0.403200000,197,9,4,2294,run_monash_time_unique1000,2,1,Monash__weather_dataset/seed_2294/run_monash_time_unique1000/visualizations/archive_latex.tex
886,0.202702703,0.509200000,\frac{\sqrt{\mathrm{Fisher}}}{\left(\mathrm{ZiCo}\right) \cdot \left(\mathrm{GradNorm}\right)},Fisher Sqrt ZiCo Grad_Norm Mul Div <EOS>,(sqrt(Fisher) / (ZiCo * Grad_Norm)),0.509200000,0.385000000,59,6,3,2127,run_monash_time_unique1000,5,2,Monash__weather_dataset/seed_2127/run_monash_time_unique1000/visualizations/archive_latex.tex
887,0.201801802,0.509200000,\frac{\log\left(\mathrm{JacobFro}\right)}{\mathrm{ZiCo}} - \frac{\mathrm{GSynFlow}}{\log\left(\mathrm{MParams}\right)},Jacob_fro Log ZiCo Div GSynFlow MParams Log Div Sub <EOS>,((log(Jacob_fro) / ZiCo) - (GSynFlow / log(MParams))),0.509200000,0.439700000,194,9,4,2218,run_monash_time_unique1000,5,1,Monash__weather_dataset/seed_2218/run_monash_time_unique1000/visualizations/archive_latex.tex
888,0.200900901,0.509200000,\frac{\mathrm{GraSP} - \left(\left(\log\left(\mathrm{L2Norm}\right)\right)^2\right) \cdot \left(\mathrm{GSynFlow}\right)}{\mathrm{JacobFro}},GraSP L2-Norm Log Square GSynFlow Mul Sub Jacob_fro Div <EOS>,((GraSP - (square(log(L2-Norm)) * GSynFlow)) / Jacob_fro),0.509200000,0.355600000,38,9,6,2203,run_monash_time_unique1000,6,1,Monash__weather_dataset/seed_2203/run_monash_time_unique1000/visualizations/archive_latex.tex
889,0.200000000,0.509200000,\frac{\mathrm{GraSP} + \left(-\mathrm{GSynFlow}\right) \cdot \left(\log\left(\mathrm{Jacov}\right)\right)}{\mathrm{JacobFro}},GraSP GSynFlow Negative Jacov Log Mul Add Jacob_fro Div <EOS>,((GraSP + (-(GSynFlow) * log(Jacov))) / Jacob_fro),0.509200000,0.354600000,46,9,5,2110,run_monash_time_unique1000,7,1,Monash__weather_dataset/seed_2110/run_monash_time_unique1000/visualizations/archive_latex.tex
890,0.199099099,0.508900000,\frac{\left(\mathrm{MParams}\right) \cdot \left(\mathrm{GraSP} - \mathrm{GSynFlow}\right)}{\mathrm{JacobFro}},MParams GraSP GSynFlow Sub Mul Jacob_fro Div <EOS>,((MParams * (GraSP - GSynFlow)) / Jacob_fro),0.508900000,0.359900000,90,7,4,2182,run_monash_time_unique1000,4,1,Monash__weather_dataset/seed_2182/run_monash_time_unique1000/visualizations/archive_latex.tex
891,0.198198198,0.508900000,\left(\frac{\mathrm{MParams}}{\mathrm{JacobFro}}\right) \cdot \left(\mathrm{GraSP} - \mathrm{GSynFlow}\right),MParams Jacob_fro Div GraSP GSynFlow Sub Mul <EOS>,((MParams / Jacob_fro) * (GraSP - GSynFlow)),0.508900000,0.359900000,22,7,3,2048,run_monash_time_unique1000,5,1,Monash__weather_dataset/seed_2048/run_monash_time_unique1000/visualizations/archive_latex.tex
892,0.197297297,0.508900000,\frac{\mathrm{GraSP} - \mathrm{GSynFlow}}{\frac{\mathrm{JacobFro}}{\mathrm{MParams}}},GraSP GSynFlow Sub Jacob_fro MParams Div Div <EOS>,((GraSP - GSynFlow) / (Jacob_fro / MParams)),0.508900000,0.359900000,128,7,3,2128,run_monash_time_unique1000,8,1,Monash__weather_dataset/seed_2128/run_monash_time_unique1000/visualizations/archive_latex.tex
893,0.196396396,0.508900000,\left(\mathrm{MParams}\right) \cdot \left(\frac{\mathrm{GraSP} - \mathrm{GSynFlow}}{\mathrm{JacobFro}}\right),MParams GraSP GSynFlow Sub Jacob_fro Div Mul <EOS>,(MParams * ((GraSP - GSynFlow) / Jacob_fro)),0.508900000,0.359900000,60,7,4,2284,run_monash_time_unique1000,8,1,Monash__weather_dataset/seed_2284/run_monash_time_unique1000/visualizations/archive_latex.tex
894,0.195495495,0.508500000,\frac{\sqrt{\mathrm{plain}}}{\mathrm{Snip} - \mathrm{GSynFlow} - \left(\mathrm{Fisher}\right)^2},plain Sqrt Snip GSynFlow Fisher Square Sub Sub Div <EOS>,(sqrt(plain) / (Snip - (GSynFlow - square(Fisher)))),0.508500000,0.365100000,170,9,5,2224,run_monash_time_unique1000,10,1,Monash__weather_dataset/seed_2224/run_monash_time_unique1000/visualizations/archive_latex.tex
895,0.194594595,0.507900000,\frac{\left(\sqrt{\log\left(\mathrm{plain}\right)}\right) \cdot \left(\mathrm{GraSP}\right) - \mathrm{GSynFlow}}{\mathrm{plain}},plain Log Sqrt GraSP Mul GSynFlow Sub plain Div <EOS>,(((sqrt(log(plain)) * GraSP) - GSynFlow) / plain),0.507900000,0.405300000,114,9,6,2105,run_monash_time_unique1000,6,1,Monash__weather_dataset/seed_2105/run_monash_time_unique1000/visualizations/archive_latex.tex
896,0.193693694,0.507800000,\frac{\frac{\mathrm{GraSP} - \mathrm{GSynFlow}}{\log\left(\mathrm{GradNorm}\right)}}{\mathrm{plain}},GraSP GSynFlow Sub Grad_Norm Log Div plain Div <EOS>,(((GraSP - GSynFlow) / log(Grad_Norm)) / plain),0.507800000,0.390900000,95,8,4,2284,run_monash_time_unique1000,9,1,Monash__weather_dataset/seed_2284/run_monash_time_unique1000/visualizations/archive_latex.tex
897,0.192792793,0.507700000,\frac{\frac{\mathrm{GraSP}}{\mathrm{plain}}}{\log\left(\log\left(\mathrm{GradNorm}\right)\right)} - \mathrm{GSynFlow},GraSP plain Div Grad_Norm Log Log Div GSynFlow Sub <EOS>,(((GraSP / plain) / log(log(Grad_Norm))) - GSynFlow),0.507700000,0.381200000,33,9,5,2219,run_monash_time_unique1000,3,2,Monash__weather_dataset/seed_2219/run_monash_time_unique1000/visualizations/archive_latex.tex
898,0.191891892,0.507700000,\frac{\mathrm{GraSP} - \left(\mathrm{GSynFlow}\right) \cdot \left(\left(\log\left(\mathrm{GSynFlow}\right)\right)^2\right)}{\mathrm{JacobFro}},GraSP GSynFlow GSynFlow Log Square Mul Sub Jacob_fro Div <EOS>,((GraSP - (GSynFlow * square(log(GSynFlow)))) / Jacob_fro),0.507700000,0.357700000,196,9,6,2195,run_monash_time_unique1000,10,1,Monash__weather_dataset/seed_2195/run_monash_time_unique1000/visualizations/archive_latex.tex
899,0.190990991,0.507600000,\frac{\sqrt{\mathrm{JacobFro}}}{\mathrm{Snip}} - \frac{\mathrm{GSynFlow}}{\mathrm{JacobFro}},Jacob_fro Sqrt Snip Div GSynFlow Jacob_fro Div Sub <EOS>,((sqrt(Jacob_fro) / Snip) - (GSynFlow / Jacob_fro)),0.507600000,0.373200000,132,8,4,2219,run_monash_time_unique1000,4,1,Monash__weather_dataset/seed_2219/run_monash_time_unique1000/visualizations/archive_latex.tex
900,0.190090090,0.507600000,\frac{\mathrm{GraSP}}{\mathrm{JacobFro}} - \left(\log\left(\mathrm{GFLOPs}\right)\right) \cdot \left(\left(\mathrm{MParams}\right)^2\right),GraSP Jacob_fro Div GFLOPs Log MParams Square Mul Sub <EOS>,((GraSP / Jacob_fro) - (log(GFLOPs) * square(MParams))),0.507600000,0.333700000,118,9,4,2030,run_monash_time_unique1000,9,1,Monash__weather_dataset/seed_2030/run_monash_time_unique1000/visualizations/archive_latex.tex
901,0.189189189,0.507300000,\frac{\mathrm{GraSP} - \frac{\mathrm{GSynFlow}}{\log\left(\sqrt{\mathrm{MParams}}\right)}}{\mathrm{plain}},GraSP GSynFlow MParams Sqrt Log Div Sub plain Div <EOS>,((GraSP - (GSynFlow / log(sqrt(MParams)))) / plain),0.507300000,0.457400000,157,9,6,2052,run_monash_time_unique1000,3,13,Monash__weather_dataset/seed_2052/run_monash_time_unique1000/visualizations/archive_latex.tex
902,0.188288288,0.507300000,\frac{\mathrm{GraSP} - \mathrm{GSynFlow}}{\mathrm{Fisher}} - \mathrm{Snip},GraSP GSynFlow Sub Fisher Div Snip Sub <EOS>,(((GraSP - GSynFlow) / Fisher) - Snip),0.507300000,0.326600000,69,7,4,2027,run_monash_time_unique1000,8,2,Monash__weather_dataset/seed_2027/run_monash_time_unique1000/visualizations/archive_latex.tex
903,0.187387387,0.507300000,\frac{\mathrm{plain} - \log\left(\mathrm{MParams}\right)}{-\mathrm{GraSP}},plain MParams Log Sub GraSP Negative Div <EOS>,((plain - log(MParams)) / -(GraSP)),0.507300000,0.339400000,145,7,4,2027,run_monash_time_unique1000,9,1,Monash__weather_dataset/seed_2027/run_monash_time_unique1000/visualizations/archive_latex.tex
904,0.186486486,0.507300000,\frac{\mathrm{GraSP} - \left(\log\left(\mathrm{GSynFlow}\right)\right) \cdot \left(\mathrm{GSynFlow}\right)}{\mathrm{JacobFro}},GraSP GSynFlow Log GSynFlow Mul Sub Jacob_fro Div <EOS>,((GraSP - (log(GSynFlow) * GSynFlow)) / Jacob_fro),0.507300000,0.348200000,85,8,5,2110,run_monash_time_unique1000,9,1,Monash__weather_dataset/seed_2110/run_monash_time_unique1000/visualizations/archive_latex.tex
905,0.185585586,0.507200000,\frac{\mathrm{GraSP}}{\mathrm{Fisher}} - \mathrm{GSynFlow} + \mathrm{Snip},GraSP Fisher Div GSynFlow Snip Add Sub <EOS>,((GraSP / Fisher) - (GSynFlow + Snip)),0.507200000,0.321200000,120,7,3,2052,run_monash_time_unique1000,4,2,Monash__weather_dataset/seed_2052/run_monash_time_unique1000/visualizations/archive_latex.tex
906,0.184684685,0.507200000,\frac{\mathrm{GraSP}}{\mathrm{Fisher}} - \mathrm{Snip} + \mathrm{GSynFlow},GraSP Fisher Div Snip GSynFlow Add Sub <EOS>,((GraSP / Fisher) - (Snip + GSynFlow)),0.507200000,0.321200000,129,7,3,2116,run_monash_time_unique1000,4,1,Monash__weather_dataset/seed_2116/run_monash_time_unique1000/visualizations/archive_latex.tex
907,0.183783784,0.507200000,\frac{\mathrm{GraSP}}{\sqrt{\mathrm{Fisher}}} - \frac{\mathrm{GSynFlow}}{\log\left(\mathrm{MParams}\right)},GraSP Fisher Sqrt Div GSynFlow MParams Log Div Sub <EOS>,((GraSP / sqrt(Fisher)) - (GSynFlow / log(MParams))),0.507200000,0.348900000,105,9,4,2052,run_monash_time_unique1000,5,1,Monash__weather_dataset/seed_2052/run_monash_time_unique1000/visualizations/archive_latex.tex
908,0.182882883,0.506900000,\frac{\mathrm{JacobFro} - \mathrm{GSynFlow}}{\left(\mathrm{GFLOPs}\right) \cdot \left(\mathrm{Snip}\right)},Jacob_fro GSynFlow Sub GFLOPs Snip Mul Div <EOS>,((Jacob_fro - GSynFlow) / (GFLOPs * Snip)),0.506900000,0.364000000,13,7,3,2203,run_monash_time_unique1000,7,1,Monash__weather_dataset/seed_2203/run_monash_time_unique1000/visualizations/archive_latex.tex
909,0.181981982,0.506900000,\frac{\frac{\mathrm{JacobFro} - \sqrt{\left(\mathrm{GSynFlow}\right)^2}}{\mathrm{Snip}}}{\mathrm{GFLOPs}},Jacob_fro GSynFlow Square Sqrt Sub Snip Div GFLOPs Div <EOS>,(((Jacob_fro - sqrt(square(GSynFlow))) / Snip) / GFLOPs),0.506900000,0.364000000,9,9,6,2090,run_monash_time_unique1000,8,1,Monash__weather_dataset/seed_2090/run_monash_time_unique1000/visualizations/archive_latex.tex
910,0.181081081,0.506600000,\frac{\mathrm{JacobFro}}{\sqrt{\mathrm{plain}}} - \frac{\left(\mathrm{Snip}\right)^2}{\mathrm{Fisher}},Jacob_fro plain Sqrt Div Snip Square Fisher Div Sub <EOS>,((Jacob_fro / sqrt(plain)) - (square(Snip) / Fisher)),0.506600000,0.358300000,120,9,4,2182,run_monash_time_unique1000,5,1,Monash__weather_dataset/seed_2182/run_monash_time_unique1000/visualizations/archive_latex.tex
911,0.180180180,0.506500000,\frac{\mathrm{GraSP} - \mathrm{GSynFlow}}{\mathrm{plain}} - \mathrm{Jacov},GraSP GSynFlow Sub plain Div Jacov Sub <EOS>,(((GraSP - GSynFlow) / plain) - Jacov),0.506500000,0.398000000,145,7,4,2046,run_monash_time_unique1000,1,9,Monash__weather_dataset/seed_2046/run_monash_time_unique1000/visualizations/archive_latex.tex
912,0.179279279,0.506500000,-\mathrm{Jacov} + \frac{\mathrm{GraSP} - \mathrm{GSynFlow}}{\mathrm{plain}},Jacov Negative GraSP GSynFlow Sub plain Div Add <EOS>,(-(Jacov) + ((GraSP - GSynFlow) / plain)),0.506500000,0.398000000,42,8,4,2209,run_monash_time_unique1000,6,2,Monash__weather_dataset/seed_2209/run_monash_time_unique1000/visualizations/archive_latex.tex
913,0.178378378,0.506300000,\mathrm{JacobFro} + \mathrm{GradNorm} - \frac{\left(\mathrm{Snip}\right)^2}{\mathrm{Fisher}},Jacob_fro Grad_Norm Add Snip Square Fisher Div Sub <EOS>,((Jacob_fro + Grad_Norm) - (square(Snip) / Fisher)),0.506300000,0.343000000,150,8,4,2052,run_monash_time_unique1000,6,1,Monash__weather_dataset/seed_2052/run_monash_time_unique1000/visualizations/archive_latex.tex
914,0.177477477,0.506300000,\frac{\sqrt{\mathrm{Fisher}}}{\frac{\mathrm{Snip}}{\mathrm{L2Norm}}},Fisher Sqrt Snip L2-Norm Div Div <EOS>,(sqrt(Fisher) / (Snip / L2-Norm)),0.506300000,0.379300000,118,6,3,2052,run_monash_time_unique1000,7,1,Monash__weather_dataset/seed_2052/run_monash_time_unique1000/visualizations/archive_latex.tex
915,0.176576577,0.506000000,\mathrm{JacobFro} - \frac{\left(\mathrm{Snip}\right)^2}{\mathrm{Fisher}},Jacob_fro Snip Square Fisher Div Sub <EOS>,(Jacob_fro - (square(Snip) / Fisher)),0.506000000,0.344100000,135,6,4,2116,run_monash_time_unique1000,5,3,Monash__weather_dataset/seed_2116/run_monash_time_unique1000/visualizations/archive_latex.tex
916,0.175675676,0.506000000,\mathrm{JacobFro} + \mathrm{plain} - \frac{\left(\mathrm{Snip}\right)^2}{\mathrm{Fisher}},Jacob_fro plain Add Snip Square Fisher Div Sub <EOS>,((Jacob_fro + plain) - (square(Snip) / Fisher)),0.506000000,0.344100000,97,8,4,2034,run_monash_time_unique1000,8,1,Monash__weather_dataset/seed_2034/run_monash_time_unique1000/visualizations/archive_latex.tex
917,0.174774775,0.506000000,\mathrm{GFLOPs} + \mathrm{JacobFro} - \frac{\left(\mathrm{Snip}\right)^2}{\mathrm{Fisher}},GFLOPs Jacob_fro Add Snip Square Fisher Div Sub <EOS>,((GFLOPs + Jacob_fro) - (square(Snip) / Fisher)),0.506000000,0.344100000,140,8,4,2284,run_monash_time_unique1000,10,1,Monash__weather_dataset/seed_2284/run_monash_time_unique1000/visualizations/archive_latex.tex
918,0.173873874,0.505900000,\frac{\mathrm{GraSP} - \mathrm{GSynFlow}}{\frac{\mathrm{plain}}{\sqrt{\mathrm{MParams}}}},GraSP GSynFlow Sub plain MParams Sqrt Div Div <EOS>,((GraSP - GSynFlow) / (plain / sqrt(MParams))),0.505900000,0.381600000,26,8,4,2068,run_monash_time_unique1000,7,1,Monash__weather_dataset/seed_2068/run_monash_time_unique1000/visualizations/archive_latex.tex
919,0.172972973,0.505900000,\frac{\left(\sqrt{\mathrm{MParams}}\right) \cdot \left(\mathrm{GraSP} - \mathrm{GSynFlow}\right)}{\mathrm{plain}},MParams Sqrt GraSP GSynFlow Sub Mul plain Div <EOS>,((sqrt(MParams) * (GraSP - GSynFlow)) / plain),0.505900000,0.381600000,31,8,4,2209,run_monash_time_unique1000,7,2,Monash__weather_dataset/seed_2209/run_monash_time_unique1000/visualizations/archive_latex.tex
920,0.172072072,0.505900000,\frac{\left(\mathrm{GraSP} - \mathrm{GSynFlow}\right) \cdot \left(\sqrt{\mathrm{MParams}}\right)}{\mathrm{plain}},GraSP GSynFlow Sub MParams Sqrt Mul plain Div <EOS>,(((GraSP - GSynFlow) * sqrt(MParams)) / plain),0.505900000,0.381600000,33,8,4,2055,run_monash_time_unique1000,9,1,Monash__weather_dataset/seed_2055/run_monash_time_unique1000/visualizations/archive_latex.tex
921,0.171171171,0.505900000,\left(\frac{\mathrm{GraSP} + -\mathrm{GSynFlow}}{\mathrm{plain}}\right) \cdot \left(\sqrt{\mathrm{MParams}}\right),GraSP GSynFlow Negative Add plain Div MParams Sqrt Mul <EOS>,(((GraSP + -(GSynFlow)) / plain) * sqrt(MParams)),0.505900000,0.381600000,41,9,5,2227,run_monash_time_unique1000,9,1,Monash__weather_dataset/seed_2227/run_monash_time_unique1000/visualizations/archive_latex.tex
922,0.170270270,0.505900000,\left(\mathrm{GraSP} - \mathrm{GSynFlow}\right) \cdot \left(\frac{\sqrt{\mathrm{MParams}}}{\mathrm{plain}}\right),GraSP GSynFlow Sub MParams Sqrt plain Div Mul <EOS>,((GraSP - GSynFlow) * (sqrt(MParams) / plain)),0.505900000,0.381600000,23,8,4,2290,run_monash_time_unique1000,9,1,Monash__weather_dataset/seed_2290/run_monash_time_unique1000/visualizations/archive_latex.tex
923,0.169369369,0.505800000,\frac{\mathrm{JacobFro}}{\left(\log\left(\mathrm{Snip}\right)\right) \cdot \left(\mathrm{GSynFlow}\right) - \mathrm{GraSP}},Jacob_fro Snip Log GSynFlow Mul GraSP Sub Div <EOS>,(Jacob_fro / ((log(Snip) * GSynFlow) - GraSP)),0.505800000,0.317700000,45,8,5,2258,run_monash_time_unique1000,6,1,Monash__weather_dataset/seed_2258/run_monash_time_unique1000/visualizations/archive_latex.tex
924,0.168468468,0.505600000,\frac{\mathrm{JacobFro}}{\left(\mathrm{L2Norm}\right) \cdot \left(\mathrm{GradNorm} + \sqrt{\mathrm{GSynFlow}}\right)},Jacob_fro L2-Norm Grad_Norm GSynFlow Sqrt Add Mul Div <EOS>,(Jacob_fro / (L2-Norm * (Grad_Norm + sqrt(GSynFlow)))),0.505600000,0.352400000,158,8,5,2110,run_monash_time_unique1000,10,1,Monash__weather_dataset/seed_2110/run_monash_time_unique1000/visualizations/archive_latex.tex
925,0.167567568,0.505500000,\frac{\mathrm{JacobFro}}{\mathrm{GradNorm}} - \frac{\mathrm{GSynFlow}}{\left(\mathrm{plain}\right)^2},Jacob_fro Grad_Norm Div GSynFlow plain Square Div Sub <EOS>,((Jacob_fro / Grad_Norm) - (GSynFlow / square(plain))),0.505500000,0.299900000,20,8,4,2218,run_monash_time_unique1000,6,1,Monash__weather_dataset/seed_2218/run_monash_time_unique1000/visualizations/archive_latex.tex
926,0.166666667,0.505500000,\mathrm{GraSP} - \left(\mathrm{Snip}\right) \cdot \left(\frac{\mathrm{GradNorm}}{\mathrm{Fisher}}\right),GraSP Snip Grad_Norm Fisher Div Mul Sub <EOS>,(GraSP - (Snip * (Grad_Norm / Fisher))),0.505500000,0.407500000,123,7,4,2233,run_monash_time_unique1000,9,1,Monash__weather_dataset/seed_2233/run_monash_time_unique1000/visualizations/archive_latex.tex
927,0.165765766,0.505500000,\mathrm{GraSP} - \frac{\left(\mathrm{Snip}\right) \cdot \left(\mathrm{GradNorm}\right)}{\mathrm{Fisher}},GraSP Snip Grad_Norm Mul Fisher Div Sub <EOS>,(GraSP - ((Snip * Grad_Norm) / Fisher)),0.505500000,0.407500000,11,7,4,2271,run_monash_time_unique1000,10,1,Monash__weather_dataset/seed_2271/run_monash_time_unique1000/visualizations/archive_latex.tex
928,0.164864865,0.504900000,\frac{\frac{\mathrm{GraSP}}{\log\left(\sqrt{\mathrm{GradNorm}}\right)}}{\mathrm{plain}} - \mathrm{GSynFlow},GraSP Grad_Norm Sqrt Log Div plain Div GSynFlow Sub <EOS>,(((GraSP / log(sqrt(Grad_Norm))) / plain) - GSynFlow),0.504900000,0.391900000,43,9,6,2190,run_monash_time_unique1000,5,1,Monash__weather_dataset/seed_2190/run_monash_time_unique1000/visualizations/archive_latex.tex
929,0.163963964,0.504900000,\frac{\frac{-\mathrm{GSynFlow}}{\log\left(\mathrm{MParams}\right)} + \mathrm{GraSP}}{\mathrm{plain}},GSynFlow Negative MParams Log Div GraSP Add plain Div <EOS>,(((-(GSynFlow) / log(MParams)) + GraSP) / plain),0.504900000,0.437900000,47,9,5,2105,run_monash_time_unique1000,7,1,Monash__weather_dataset/seed_2105/run_monash_time_unique1000/visualizations/archive_latex.tex
930,0.163063063,0.504900000,\frac{\mathrm{GraSP} - \frac{\mathrm{GSynFlow}}{\log\left(\mathrm{MParams}\right)}}{\mathrm{plain}},GraSP GSynFlow MParams Log Div Sub plain Div <EOS>,((GraSP - (GSynFlow / log(MParams))) / plain),0.504900000,0.437900000,78,8,5,2219,run_monash_time_unique1000,7,8,Monash__weather_dataset/seed_2219/run_monash_time_unique1000/visualizations/archive_latex.tex
931,0.162162162,0.504800000,\frac{\frac{\mathrm{GraSP} - \mathrm{GSynFlow}}{\log\left(\mathrm{JacobFro}\right)}}{\mathrm{plain}},GraSP GSynFlow Sub Jacob_fro Log Div plain Div <EOS>,(((GraSP - GSynFlow) / log(Jacob_fro)) / plain),0.504800000,0.403300000,28,8,4,2055,run_monash_time_unique1000,10,1,Monash__weather_dataset/seed_2055/run_monash_time_unique1000/visualizations/archive_latex.tex
932,0.161261261,0.504700000,\frac{\mathrm{GraSP}}{\mathrm{plain}} - \frac{\mathrm{GSynFlow}}{\log\left(\mathrm{MParams}\right)},GraSP plain Div GSynFlow MParams Log Div Sub <EOS>,((GraSP / plain) - (GSynFlow / log(MParams))),0.504700000,0.428300000,18,8,4,2218,run_monash_time_unique1000,7,2,Monash__weather_dataset/seed_2218/run_monash_time_unique1000/visualizations/archive_latex.tex
933,0.160360360,0.504600000,\left(\frac{\left(\mathrm{ZiCo}\right)^2}{\mathrm{Fisher}}\right) \cdot \left(\mathrm{GraSP}\right) - \sqrt{\mathrm{Snip}},ZiCo Square Fisher Div GraSP Mul Snip Sqrt Sub <EOS>,(((square(ZiCo) / Fisher) * GraSP) - sqrt(Snip)),0.504600000,0.321700000,16,9,5,2294,run_monash_time_unique1000,4,1,Monash__weather_dataset/seed_2294/run_monash_time_unique1000/visualizations/archive_latex.tex
934,0.159459459,0.504600000,\frac{\mathrm{GraSP} - \left(\mathrm{GSynFlow}\right)^2}{\left(\mathrm{JacobFro}\right)^2},GraSP GSynFlow Square Sub Jacob_fro Square Div <EOS>,((GraSP - square(GSynFlow)) / square(Jacob_fro)),0.504600000,0.343300000,55,7,4,2127,run_monash_time_unique1000,6,2,Monash__weather_dataset/seed_2127/run_monash_time_unique1000/visualizations/archive_latex.tex
935,0.158558559,0.504000000,\log\left(\frac{\frac{\mathrm{plain}}{\mathrm{L2Norm}}}{\mathrm{GraSP} - \mathrm{GSynFlow}}\right),plain L2-Norm Div GraSP GSynFlow Sub Div Log <EOS>,log(((plain / L2-Norm) / (GraSP - GSynFlow))),0.504000000,0.371100000,12,8,4,2190,run_monash_time_unique1000,6,1,Monash__weather_dataset/seed_2190/run_monash_time_unique1000/visualizations/archive_latex.tex
936,0.157657658,0.503800000,\frac{\left(\left(\mathrm{L2Norm}\right)^2\right) \cdot \left(\mathrm{GraSP} - \mathrm{GSynFlow}\right)}{\mathrm{plain}},L2-Norm Square GraSP GSynFlow Sub Mul plain Div <EOS>,((square(L2-Norm) * (GraSP - GSynFlow)) / plain),0.503800000,0.385700000,16,8,4,2209,run_monash_time_unique1000,8,2,Monash__weather_dataset/seed_2209/run_monash_time_unique1000/visualizations/archive_latex.tex
937,0.156756757,0.503500000,\sqrt{\mathrm{JacobFro}} - \mathrm{Snip} - \frac{\left(\mathrm{GFLOPs}\right)^2}{\mathrm{Fisher}},Jacob_fro Sqrt Snip Sub GFLOPs Square Fisher Div Sub <EOS>,((sqrt(Jacob_fro) - Snip) - (square(GFLOPs) / Fisher)),0.503500000,0.426000000,159,9,4,2116,run_monash_time_unique1000,6,2,Monash__weather_dataset/seed_2116/run_monash_time_unique1000/visualizations/archive_latex.tex
938,0.155855856,0.503500000,\mathrm{GraSP} - \left(\mathrm{Snip}\right) \cdot \left(\frac{\sqrt{\mathrm{GraSP}}}{\mathrm{Fisher}}\right),GraSP Snip GraSP Sqrt Fisher Div Mul Sub <EOS>,(GraSP - (Snip * (sqrt(GraSP) / Fisher))),0.503500000,0.359400000,196,8,5,2233,run_monash_time_unique1000,10,1,Monash__weather_dataset/seed_2233/run_monash_time_unique1000/visualizations/archive_latex.tex
939,0.154954955,0.503400000,\frac{\mathrm{GraSP} - \left(\log\left(\left(\mathrm{MParams}\right)^2\right)\right) \cdot \left(\mathrm{GSynFlow}\right)}{\mathrm{plain}},GraSP MParams Square Log GSynFlow Mul Sub plain Div <EOS>,((GraSP - (log(square(MParams)) * GSynFlow)) / plain),0.503400000,0.418700000,20,9,6,2138,run_monash_time_unique1000,6,9,Monash__weather_dataset/seed_2138/run_monash_time_unique1000/visualizations/archive_latex.tex
940,0.154054054,0.503400000,\frac{\mathrm{GraSP} - \left(\mathrm{GSynFlow}\right) \cdot \left(\log\left(\left(\mathrm{MParams}\right)^2\right)\right)}{\mathrm{plain}},GraSP GSynFlow MParams Square Log Mul Sub plain Div <EOS>,((GraSP - (GSynFlow * log(square(MParams)))) / plain),0.503400000,0.418700000,73,9,6,2219,run_monash_time_unique1000,8,3,Monash__weather_dataset/seed_2219/run_monash_time_unique1000/visualizations/archive_latex.tex
941,0.153153153,0.502800000,\left(\frac{\mathrm{GraSP}}{\mathrm{plain}}\right) \cdot \left(\sqrt{\log\left(\mathrm{plain}\right)}\right) - \mathrm{GSynFlow},GraSP plain Div plain Log Sqrt Mul GSynFlow Sub <EOS>,(((GraSP / plain) * sqrt(log(plain))) - GSynFlow),0.502800000,0.400900000,93,9,5,2294,run_monash_time_unique1000,5,2,Monash__weather_dataset/seed_2294/run_monash_time_unique1000/visualizations/archive_latex.tex
942,0.152252252,0.502800000,\sqrt{\frac{\mathrm{JacobFro}}{\mathrm{GradNorm} + \mathrm{GSynFlow}}} - \mathrm{L2Norm},Jacob_fro Grad_Norm GSynFlow Add Div Sqrt L2-Norm Sub <EOS>,(sqrt((Jacob_fro / (Grad_Norm + GSynFlow))) - L2-Norm),0.502800000,0.338100000,51,8,5,2182,run_monash_time_unique1000,6,1,Monash__weather_dataset/seed_2182/run_monash_time_unique1000/visualizations/archive_latex.tex
943,0.151351351,0.502500000,\mathrm{GraSP} - \frac{\left(\sqrt{\mathrm{Snip}}\right) \cdot \left(\mathrm{Snip}\right)}{\mathrm{Fisher}},GraSP Snip Sqrt Snip Mul Fisher Div Sub <EOS>,(GraSP - ((sqrt(Snip) * Snip) / Fisher)),0.502500000,0.330800000,53,8,5,2138,run_monash_time_unique1000,7,1,Monash__weather_dataset/seed_2138/run_monash_time_unique1000/visualizations/archive_latex.tex
944,0.150450450,0.502300000,\frac{\frac{\mathrm{GraSP} - \mathrm{GSynFlow}}{\sqrt{\mathrm{GradNorm}}}}{\mathrm{plain}},GraSP GSynFlow Sub Grad_Norm Sqrt Div plain Div <EOS>,(((GraSP - GSynFlow) / sqrt(Grad_Norm)) / plain),0.502300000,0.383100000,15,8,4,2209,run_monash_time_unique1000,10,1,Monash__weather_dataset/seed_2209/run_monash_time_unique1000/visualizations/archive_latex.tex
945,0.149549550,0.502100000,\frac{-\mathrm{GSynFlow} + \left(\mathrm{GraSP}\right) \cdot \left(\sqrt{\mathrm{ZiCo}}\right)}{\mathrm{plain}},GSynFlow Negative GraSP ZiCo Sqrt Mul Add plain Div <EOS>,((-(GSynFlow) + (GraSP * sqrt(ZiCo))) / plain),0.502100000,0.400100000,178,9,5,2171,run_monash_time_unique1000,5,1,Monash__weather_dataset/seed_2171/run_monash_time_unique1000/visualizations/archive_latex.tex
946,0.148648649,0.502100000,\frac{\left(\sqrt{\mathrm{ZiCo}}\right) \cdot \left(\mathrm{GraSP}\right) - \mathrm{GSynFlow}}{\mathrm{plain}},ZiCo Sqrt GraSP Mul GSynFlow Sub plain Div <EOS>,(((sqrt(ZiCo) * GraSP) - GSynFlow) / plain),0.502100000,0.400100000,92,8,5,2105,run_monash_time_unique1000,8,1,Monash__weather_dataset/seed_2105/run_monash_time_unique1000/visualizations/archive_latex.tex
947,0.147747748,0.502000000,\frac{\left(\log\left(\left(\mathrm{Snip}\right) \cdot \left(\log\left(\mathrm{plain}\right)\right)\right)\right) \cdot \left(\mathrm{GraSP}\right)}{\mathrm{Fisher}},Snip plain Log Mul Log GraSP Mul Fisher Div <EOS>,((log((Snip * log(plain))) * GraSP) / Fisher),0.502000000,0.381700000,46,9,6,2127,run_monash_time_unique1000,8,1,Monash__weather_dataset/seed_2127/run_monash_time_unique1000/visualizations/archive_latex.tex
948,0.146846847,0.501600000,\frac{\left(\left(\mathrm{MParams}\right)^2\right) \cdot \left(\mathrm{GraSP} - \mathrm{GSynFlow}\right)}{\mathrm{JacobFro}},MParams Square GraSP GSynFlow Sub Mul Jacob_fro Div <EOS>,((square(MParams) * (GraSP - GSynFlow)) / Jacob_fro),0.501600000,0.338300000,89,8,4,2182,run_monash_time_unique1000,7,1,Monash__weather_dataset/seed_2182/run_monash_time_unique1000/visualizations/archive_latex.tex
949,0.145945946,0.501500000,\frac{\mathrm{GraSP}}{\mathrm{GradNorm}} - \mathrm{GSynFlow} + \sqrt{\mathrm{JacobFro}},GraSP Grad_Norm Div GSynFlow Sub Jacob_fro Sqrt Add <EOS>,(((GraSP / Grad_Norm) - GSynFlow) + sqrt(Jacob_fro)),0.501500000,0.321800000,32,8,4,2152,run_monash_time_unique1000,8,1,Monash__weather_dataset/seed_2152/run_monash_time_unique1000/visualizations/archive_latex.tex
950,0.145045045,0.501500000,\left(\sqrt{\mathrm{ZiCo}}\right) \cdot \left(\frac{\mathrm{GraSP} - \mathrm{GSynFlow}}{\mathrm{plain}}\right),ZiCo Sqrt GraSP GSynFlow Sub plain Div Mul <EOS>,(sqrt(ZiCo) * ((GraSP - GSynFlow) / plain)),0.501500000,0.389600000,18,8,4,2152,run_monash_time_unique1000,9,1,Monash__weather_dataset/seed_2152/run_monash_time_unique1000/visualizations/archive_latex.tex
951,0.144144144,0.501400000,\frac{\mathrm{GraSP}}{\mathrm{plain}} - \frac{\mathrm{GSynFlow}}{\log\left(\sqrt{\mathrm{MParams}}\right)},GraSP plain Div GSynFlow MParams Sqrt Log Div Sub <EOS>,((GraSP / plain) - (GSynFlow / log(sqrt(MParams)))),0.501400000,0.444800000,26,9,5,2218,run_monash_time_unique1000,8,1,Monash__weather_dataset/seed_2218/run_monash_time_unique1000/visualizations/archive_latex.tex
952,0.143243243,0.501200000,\log\left(\frac{\mathrm{JacobFro}}{\mathrm{Snip}}\right) - \mathrm{GFLOPs},Jacob_fro Snip Div Log GFLOPs Sub <EOS>,(log((Jacob_fro / Snip)) - GFLOPs),0.501200000,0.356700000,119,6,4,2127,run_monash_time_unique1000,9,1,Monash__weather_dataset/seed_2127/run_monash_time_unique1000/visualizations/archive_latex.tex
953,0.142342342,0.501100000,\frac{\mathrm{GraSP}}{\mathrm{plain}} - \left(\log\left(\left(\mathrm{MParams}\right)^2\right)\right) \cdot \left(\mathrm{GSynFlow}\right),GraSP plain Div MParams Square Log GSynFlow Mul Sub <EOS>,((GraSP / plain) - (log(square(MParams)) * GSynFlow)),0.501100000,0.413100000,55,9,5,2068,run_monash_time_unique1000,9,1,Monash__weather_dataset/seed_2068/run_monash_time_unique1000/visualizations/archive_latex.tex
954,0.141441441,0.500900000,\frac{\left(\mathrm{MParams}\right) \cdot \left(\mathrm{GraSP} - \mathrm{GSynFlow}\right)}{\left(\mathrm{JacobFro}\right)^2},MParams GraSP GSynFlow Sub Mul Jacob_fro Square Div <EOS>,((MParams * (GraSP - GSynFlow)) / square(Jacob_fro)),0.500900000,0.325100000,91,8,4,2182,run_monash_time_unique1000,8,1,Monash__weather_dataset/seed_2182/run_monash_time_unique1000/visualizations/archive_latex.tex
955,0.140540541,0.500500000,\left(\mathrm{MParams}\right) \cdot \left(-\mathrm{MParams}\right) + \frac{\mathrm{GraSP}}{\mathrm{JacobFro}},MParams MParams Negative Mul GraSP Jacob_fro Div Add <EOS>,((MParams * -(MParams)) + (GraSP / Jacob_fro)),0.500500000,0.323500000,185,8,4,2166,run_monash_time_unique1000,4,1,Monash__weather_dataset/seed_2166/run_monash_time_unique1000/visualizations/archive_latex.tex
956,0.139639640,0.500500000,\frac{\mathrm{GraSP}}{\mathrm{JacobFro}} - \left(\mathrm{MParams}\right)^2,GraSP Jacob_fro Div MParams Square Sub <EOS>,((GraSP / Jacob_fro) - square(MParams)),0.500500000,0.323500000,5,6,3,2179,run_monash_time_unique1000,7,4,Monash__weather_dataset/seed_2179/run_monash_time_unique1000/visualizations/archive_latex.tex
957,0.138738739,0.500500000,\frac{\mathrm{GraSP}}{\mathrm{JacobFro}} - \left(-\mathrm{MParams}\right)^2,GraSP Jacob_fro Div MParams Negative Square Sub <EOS>,((GraSP / Jacob_fro) - square(-(MParams))),0.500500000,0.323500000,103,7,4,2177,run_monash_time_unique1000,10,1,Monash__weather_dataset/seed_2177/run_monash_time_unique1000/visualizations/archive_latex.tex
958,0.137837838,0.500200000,\log\left(\frac{-\mathrm{JacobFro}}{\mathrm{Snip}}\right) - \mathrm{ZiCo} - \mathrm{GFLOPs},Jacob_fro Negative Snip Div Log ZiCo Sub GFLOPs Sub <EOS>,((log((-(Jacob_fro) / Snip)) - ZiCo) - GFLOPs),0.500200000,0.357900000,118,9,6,2127,run_monash_time_unique1000,10,1,Monash__weather_dataset/seed_2127/run_monash_time_unique1000/visualizations/archive_latex.tex
959,0.136936937,0.500000000,\frac{\mathrm{JacobFro} - \left(\mathrm{GSynFlow}\right)^2}{\left(\mathrm{GradNorm}\right)^2},Jacob_fro GSynFlow Square Sub Grad_Norm Square Div <EOS>,((Jacob_fro - square(GSynFlow)) / square(Grad_Norm)),0.500000000,0.373500000,11,7,4,2182,run_monash_time_unique1000,10,1,Monash__weather_dataset/seed_2182/run_monash_time_unique1000/visualizations/archive_latex.tex
960,0.136036036,0.499900000,\sqrt{\mathrm{JacobFro}} - \mathrm{GSynFlow} - \mathrm{GradNorm} - \mathrm{Snip},Jacob_fro Sqrt GSynFlow Grad_Norm Sub Sub Snip Sub <EOS>,((sqrt(Jacob_fro) - (GSynFlow - Grad_Norm)) - Snip),0.499900000,0.341800000,30,8,4,2166,run_monash_time_unique1000,5,1,Monash__weather_dataset/seed_2166/run_monash_time_unique1000/visualizations/archive_latex.tex
961,0.135135135,0.499900000,\frac{\log\left(\mathrm{JacobFro}\right)}{\mathrm{ZiCo}} - \left(\mathrm{GradNorm}\right) \cdot \left(\mathrm{MParams}\right),Jacob_fro Log ZiCo Div Grad_Norm MParams Mul Sub <EOS>,((log(Jacob_fro) / ZiCo) - (Grad_Norm * MParams)),0.499900000,0.366200000,113,8,4,2048,run_monash_time_unique1000,10,1,Monash__weather_dataset/seed_2048/run_monash_time_unique1000/visualizations/archive_latex.tex
962,0.134234234,0.499700000,\frac{\frac{\mathrm{GraSP}}{\sqrt{\mathrm{JacobFro}}}}{\mathrm{plain}} - \left(\mathrm{GFLOPs}\right)^2,GraSP Jacob_fro Sqrt Div plain Div GFLOPs Square Sub <EOS>,(((GraSP / sqrt(Jacob_fro)) / plain) - square(GFLOPs)),0.499700000,0.400000000,155,9,5,2190,run_monash_time_unique1000,8,1,Monash__weather_dataset/seed_2190/run_monash_time_unique1000/visualizations/archive_latex.tex
963,0.133333333,0.498800000,\log\left(\frac{\sqrt{\mathrm{Fisher}}}{\mathrm{GraSP} - \mathrm{GSynFlow} + \mathrm{Snip}}\right),Fisher Sqrt GraSP GSynFlow Snip Add Sub Div Log <EOS>,log((sqrt(Fisher) / (GraSP - (GSynFlow + Snip)))),0.498800000,0.338900000,17,9,5,2190,run_monash_time_unique1000,9,1,Monash__weather_dataset/seed_2190/run_monash_time_unique1000/visualizations/archive_latex.tex
964,0.132432432,0.498200000,\frac{\left(\left(\frac{\left(\mathrm{Snip}\right)^2}{\mathrm{Fisher}}\right)^2\right) \cdot \left(\mathrm{GraSP}\right)}{\mathrm{JacobFro}},Snip Square Fisher Div Square GraSP Mul Jacob_fro Div <EOS>,((square((square(Snip) / Fisher)) * GraSP) / Jacob_fro),0.498200000,0.408900000,49,9,6,2294,run_monash_time_unique1000,6,1,Monash__weather_dataset/seed_2294/run_monash_time_unique1000/visualizations/archive_latex.tex
965,0.131531532,0.497700000,\frac{\left(\left(-\mathrm{ZiCo}\right)^2\right) \cdot \left(\mathrm{GraSP}\right)}{\mathrm{Fisher}},ZiCo Negative Square GraSP Mul Fisher Div <EOS>,((square(-(ZiCo)) * GraSP) / Fisher),0.497700000,0.306700000,80,7,5,2034,run_monash_time_unique1000,10,1,Monash__weather_dataset/seed_2034/run_monash_time_unique1000/visualizations/archive_latex.tex
966,0.130630631,0.497500000,\frac{\mathrm{GraSP} - \left(\left(\mathrm{GFLOPs}\right) \cdot \left(\left(\mathrm{MParams}\right)^2\right)\right)^2}{\mathrm{plain}},GraSP GFLOPs MParams Square Mul Square Sub plain Div <EOS>,((GraSP - square((GFLOPs * square(MParams)))) / plain),0.497500000,0.436300000,51,9,6,2138,run_monash_time_unique1000,8,1,Monash__weather_dataset/seed_2138/run_monash_time_unique1000/visualizations/archive_latex.tex
967,0.129729730,0.497500000,\frac{\mathrm{GraSP} - \left(\left(\left(\mathrm{MParams}\right)^2\right) \cdot \left(\mathrm{GFLOPs}\right)\right)^2}{\mathrm{plain}},GraSP MParams Square GFLOPs Mul Square Sub plain Div <EOS>,((GraSP - square((square(MParams) * GFLOPs))) / plain),0.497500000,0.436300000,171,9,6,2190,run_monash_time_unique1000,10,2,Monash__weather_dataset/seed_2190/run_monash_time_unique1000/visualizations/archive_latex.tex
968,0.128828829,0.497400000,\frac{\left(\left(\mathrm{MParams}\right)^2\right) \cdot \left(-\mathrm{Snip}\right) + \mathrm{GraSP}}{\mathrm{plain}},MParams Square Snip Negative Mul GraSP Add plain Div <EOS>,(((square(MParams) * -(Snip)) + GraSP) / plain),0.497400000,0.413000000,98,9,5,2171,run_monash_time_unique1000,6,1,Monash__weather_dataset/seed_2171/run_monash_time_unique1000/visualizations/archive_latex.tex
969,0.127927928,0.497400000,\left(\frac{\mathrm{plain}}{\left(\left(\mathrm{MParams}\right)^2\right) \cdot \left(\mathrm{Snip}\right) - \mathrm{GraSP}}\right)^2,plain MParams Square Snip Mul GraSP Sub Div Square <EOS>,square((plain / ((square(MParams) * Snip) - GraSP))),0.497400000,0.412600000,20,9,6,2258,run_monash_time_unique1000,7,1,Monash__weather_dataset/seed_2258/run_monash_time_unique1000/visualizations/archive_latex.tex
970,0.127027027,0.497400000,\frac{\mathrm{Snip}}{\frac{\mathrm{Fisher}}{\mathrm{L2Norm} - \mathrm{Snip}}},Snip Fisher L2-Norm Snip Sub Div Div <EOS>,(Snip / (Fisher / (L2-Norm - Snip))),0.497400000,0.332600000,14,7,4,2179,run_monash_time_unique1000,8,1,Monash__weather_dataset/seed_2179/run_monash_time_unique1000/visualizations/archive_latex.tex
971,0.126126126,0.497400000,\frac{\mathrm{plain}}{\left(\left(\mathrm{MParams}\right)^2\right) \cdot \left(\mathrm{Snip}\right) - \mathrm{GraSP}},plain MParams Square Snip Mul GraSP Sub Div <EOS>,(plain / ((square(MParams) * Snip) - GraSP)),0.497400000,0.381200000,18,8,5,2258,run_monash_time_unique1000,8,1,Monash__weather_dataset/seed_2258/run_monash_time_unique1000/visualizations/archive_latex.tex
972,0.125225225,0.497400000,\frac{\left(-\mathrm{Snip}\right) \cdot \left(\left(\mathrm{MParams}\right)^2\right) + \mathrm{GraSP}}{\mathrm{plain}},Snip Negative MParams Square Mul GraSP Add plain Div <EOS>,(((-(Snip) * square(MParams)) + GraSP) / plain),0.497400000,0.413000000,117,9,5,2105,run_monash_time_unique1000,9,1,Monash__weather_dataset/seed_2105/run_monash_time_unique1000/visualizations/archive_latex.tex
973,0.124324324,0.497400000,\frac{\left(\mathrm{GraSP} - \mathrm{GSynFlow}\right) \cdot \left(\sqrt{\mathrm{L2Norm}}\right)}{\mathrm{plain}},GraSP GSynFlow Sub L2-Norm Sqrt Mul plain Div <EOS>,(((GraSP - GSynFlow) * sqrt(L2-Norm)) / plain),0.497400000,0.394900000,88,8,4,2138,run_monash_time_unique1000,9,1,Monash__weather_dataset/seed_2138/run_monash_time_unique1000/visualizations/archive_latex.tex
974,0.123423423,0.497400000,\frac{\mathrm{GraSP} - \left(\left(\mathrm{MParams}\right)^2\right) \cdot \left(\mathrm{Snip}\right)}{\mathrm{plain}},GraSP MParams Square Snip Mul Sub plain Div <EOS>,((GraSP - (square(MParams) * Snip)) / plain),0.497400000,0.413000000,50,8,5,2179,run_monash_time_unique1000,9,2,Monash__weather_dataset/seed_2179/run_monash_time_unique1000/visualizations/archive_latex.tex
975,0.122522523,0.497400000,\frac{\mathrm{GraSP} - \left(\mathrm{Snip}\right) \cdot \left(\left(\mathrm{MParams}\right)^2\right)}{\mathrm{plain}},GraSP Snip MParams Square Mul Sub plain Div <EOS>,((GraSP - (Snip * square(MParams))) / plain),0.497400000,0.413000000,29,8,5,2203,run_monash_time_unique1000,9,1,Monash__weather_dataset/seed_2203/run_monash_time_unique1000/visualizations/archive_latex.tex
976,0.121621622,0.497400000,\left(\sqrt{\mathrm{L2Norm}}\right) \cdot \left(\frac{\mathrm{GraSP} - \mathrm{GSynFlow}}{\mathrm{plain}}\right),L2-Norm Sqrt GraSP GSynFlow Sub plain Div Mul <EOS>,(sqrt(L2-Norm) * ((GraSP - GSynFlow) / plain)),0.497400000,0.394900000,13,8,4,2152,run_monash_time_unique1000,10,1,Monash__weather_dataset/seed_2152/run_monash_time_unique1000/visualizations/archive_latex.tex
977,0.120720721,0.497200000,\sqrt{\mathrm{JacobFro}} - \mathrm{GSynFlow} - \log\left(\mathrm{ZiCo}\right) + \mathrm{Snip},Jacob_fro Sqrt GSynFlow Sub ZiCo Log Snip Add Sub <EOS>,((sqrt(Jacob_fro) - GSynFlow) - (log(ZiCo) + Snip)),0.497200000,0.340200000,41,9,4,2166,run_monash_time_unique1000,6,1,Monash__weather_dataset/seed_2166/run_monash_time_unique1000/visualizations/archive_latex.tex
978,0.119819820,0.497100000,\frac{\mathrm{GraSP} - \left(\left(\mathrm{MParams}\right)^2\right) \cdot \left(\mathrm{GSynFlow}\right)}{\sqrt{\mathrm{Fisher}}},GraSP MParams Square GSynFlow Mul Sub Fisher Sqrt Div <EOS>,((GraSP - (square(MParams) * GSynFlow)) / sqrt(Fisher)),0.497100000,0.337500000,94,9,5,2179,run_monash_time_unique1000,10,1,Monash__weather_dataset/seed_2179/run_monash_time_unique1000/visualizations/archive_latex.tex
979,0.118918919,0.497100000,\frac{\mathrm{GraSP} - -\left(\mathrm{GradNorm}\right)^2 + \mathrm{GSynFlow}}{\mathrm{plain}},GraSP Grad_Norm Square Negative GSynFlow Add Sub plain Div <EOS>,((GraSP - (-(square(Grad_Norm)) + GSynFlow)) / plain),0.497100000,0.367100000,19,9,6,2203,run_monash_time_unique1000,10,1,Monash__weather_dataset/seed_2203/run_monash_time_unique1000/visualizations/archive_latex.tex
980,0.118018018,0.497000000,\sqrt{\mathrm{JacobFro}} - \sqrt{\mathrm{Jacov}} - \mathrm{GSynFlow} - \mathrm{Snip},Jacob_fro Sqrt Jacov Sqrt Sub GSynFlow Sub Snip Sub <EOS>,(((sqrt(Jacob_fro) - sqrt(Jacov)) - GSynFlow) - Snip),0.497000000,0.340700000,27,9,5,2046,run_monash_time_unique1000,2,1,Monash__weather_dataset/seed_2046/run_monash_time_unique1000/visualizations/archive_latex.tex
981,0.117117117,0.497000000,\sqrt{\mathrm{JacobFro}} - \sqrt{\mathrm{Jacov}} - \mathrm{GSynFlow} + \mathrm{Snip},Jacob_fro Sqrt Jacov Sqrt Sub GSynFlow Snip Add Sub <EOS>,((sqrt(Jacob_fro) - sqrt(Jacov)) - (GSynFlow + Snip)),0.497000000,0.340700000,34,9,4,2166,run_monash_time_unique1000,7,1,Monash__weather_dataset/seed_2166/run_monash_time_unique1000/visualizations/archive_latex.tex
982,0.116216216,0.496900000,\sqrt{\mathrm{JacobFro}} - \mathrm{GSynFlow} - \mathrm{Snip},Jacob_fro Sqrt GSynFlow Sub Snip Sub <EOS>,((sqrt(Jacob_fro) - GSynFlow) - Snip),0.496900000,0.340500000,22,6,4,2046,run_monash_time_unique1000,3,1,Monash__weather_dataset/seed_2046/run_monash_time_unique1000/visualizations/archive_latex.tex
983,0.115315315,0.496900000,\sqrt{\mathrm{JacobFro}} - \mathrm{GSynFlow} + \mathrm{Snip},Jacob_fro Sqrt GSynFlow Snip Add Sub <EOS>,(sqrt(Jacob_fro) - (GSynFlow + Snip)),0.496900000,0.340500000,35,6,3,2166,run_monash_time_unique1000,8,1,Monash__weather_dataset/seed_2166/run_monash_time_unique1000/visualizations/archive_latex.tex
984,0.114414414,0.496900000,\sqrt{\mathrm{JacobFro}} - \mathrm{Snip} - \mathrm{GSynFlow},Jacob_fro Sqrt Snip Sub GSynFlow Sub <EOS>,((sqrt(Jacob_fro) - Snip) - GSynFlow),0.496900000,0.340500000,20,6,4,2258,run_monash_time_unique1000,9,1,Monash__weather_dataset/seed_2258/run_monash_time_unique1000/visualizations/archive_latex.tex
985,0.113513514,0.496700000,\sqrt{\mathrm{JacobFro}} - \mathrm{plain} - \mathrm{GSynFlow} + \mathrm{Snip},Jacob_fro Sqrt plain Sub GSynFlow Snip Add Sub <EOS>,((sqrt(Jacob_fro) - plain) - (GSynFlow + Snip)),0.496700000,0.341300000,44,8,4,2166,run_monash_time_unique1000,9,1,Monash__weather_dataset/seed_2166/run_monash_time_unique1000/visualizations/archive_latex.tex
986,0.112612613,0.496700000,\frac{\frac{-\mathrm{GSynFlow}}{\mathrm{Fisher}} + \mathrm{GraSP}}{\mathrm{JacobFro}},GSynFlow Negative Fisher Div GraSP Add Jacob_fro Div <EOS>,(((-(GSynFlow) / Fisher) + GraSP) / Jacob_fro),0.496700000,0.343800000,58,8,5,2105,run_monash_time_unique1000,10,1,Monash__weather_dataset/seed_2105/run_monash_time_unique1000/visualizations/archive_latex.tex
987,0.111711712,0.496200000,\left(\frac{\mathrm{GraSP}}{\mathrm{plain}}\right) \cdot \left(\sqrt{\mathrm{ZiCo}}\right) - \mathrm{GSynFlow},GraSP plain Div ZiCo Sqrt Mul GSynFlow Sub <EOS>,(((GraSP / plain) * sqrt(ZiCo)) - GSynFlow),0.496200000,0.395000000,53,8,4,2294,run_monash_time_unique1000,7,1,Monash__weather_dataset/seed_2294/run_monash_time_unique1000/visualizations/archive_latex.tex
988,0.110810811,0.496100000,\frac{\mathrm{GraSP}}{\log\left(\mathrm{GradNorm}\right)} - \frac{\mathrm{Snip}}{\mathrm{Fisher}},GraSP Grad_Norm Log Div Snip Fisher Div Sub <EOS>,((GraSP / log(Grad_Norm)) - (Snip / Fisher)),0.496100000,0.363400000,98,8,4,2116,run_monash_time_unique1000,7,1,Monash__weather_dataset/seed_2116/run_monash_time_unique1000/visualizations/archive_latex.tex
989,0.109909910,0.496000000,\sqrt{\mathrm{JacobFro}} - \mathrm{Fisher} - \mathrm{GSynFlow} - \mathrm{Snip},Jacob_fro Sqrt Fisher Sub GSynFlow Sub Snip Sub <EOS>,(((sqrt(Jacob_fro) - Fisher) - GSynFlow) - Snip),0.496000000,0.341000000,25,8,5,2046,run_monash_time_unique1000,4,1,Monash__weather_dataset/seed_2046/run_monash_time_unique1000/visualizations/archive_latex.tex
990,0.109009009,0.496000000,\sqrt{\mathrm{JacobFro}} - \mathrm{Fisher} - \mathrm{GSynFlow} + \mathrm{Snip},Jacob_fro Sqrt Fisher Sub GSynFlow Snip Add Sub <EOS>,((sqrt(Jacob_fro) - Fisher) - (GSynFlow + Snip)),0.496000000,0.341000000,49,8,4,2166,run_monash_time_unique1000,10,1,Monash__weather_dataset/seed_2166/run_monash_time_unique1000/visualizations/archive_latex.tex
991,0.108108108,0.495800000,\frac{-\mathrm{GSynFlow} + \left(\mathrm{GraSP}\right) \cdot \left(\mathrm{ZiCo}\right)}{\mathrm{plain}},GSynFlow Negative GraSP ZiCo Mul Add plain Div <EOS>,((-(GSynFlow) + (GraSP * ZiCo)) / plain),0.495800000,0.401700000,57,8,4,2171,run_monash_time_unique1000,7,1,Monash__weather_dataset/seed_2171/run_monash_time_unique1000/visualizations/archive_latex.tex
992,0.107207207,0.495000000,\mathrm{plain} - \mathrm{Snip} + \sqrt{\mathrm{JacobFro}} - \mathrm{GSynFlow},plain Snip Sub Jacob_fro Sqrt Add GSynFlow Sub <EOS>,(((plain - Snip) + sqrt(Jacob_fro)) - GSynFlow),0.495000000,0.338300000,6,8,4,2116,run_monash_time_unique1000,8,1,Monash__weather_dataset/seed_2116/run_monash_time_unique1000/visualizations/archive_latex.tex
993,0.106306306,0.495000000,\frac{\left(\left(\mathrm{MParams}\right)^2\right) \cdot \left(-\mathrm{GSynFlow}\right) + \mathrm{GraSP}}{\mathrm{plain}},MParams Square GSynFlow Negative Mul GraSP Add plain Div <EOS>,(((square(MParams) * -(GSynFlow)) + GraSP) / plain),0.495000000,0.428600000,101,9,5,2171,run_monash_time_unique1000,8,1,Monash__weather_dataset/seed_2171/run_monash_time_unique1000/visualizations/archive_latex.tex
994,0.105405405,0.495000000,\log\left(\frac{\mathrm{plain}}{\left(\left(\mathrm{MParams}\right)^2\right) \cdot \left(\mathrm{GSynFlow}\right) - \mathrm{GraSP}}\right),plain MParams Square GSynFlow Mul GraSP Sub Div Log <EOS>,log((plain / ((square(MParams) * GSynFlow) - GraSP))),0.495000000,0.410700000,17,9,6,2258,run_monash_time_unique1000,10,1,Monash__weather_dataset/seed_2258/run_monash_time_unique1000/visualizations/archive_latex.tex
995,0.104504505,0.494300000,\mathrm{GraSP} - \frac{\mathrm{Snip} - \sqrt{\mathrm{GFLOPs}}}{\left(\mathrm{Fisher}\right)^2},GraSP Snip GFLOPs Sqrt Sub Fisher Square Div Sub <EOS>,(GraSP - ((Snip - sqrt(GFLOPs)) / square(Fisher))),0.494300000,0.337400000,124,9,5,2116,run_monash_time_unique1000,9,1,Monash__weather_dataset/seed_2116/run_monash_time_unique1000/visualizations/archive_latex.tex
996,0.103603604,0.494000000,\frac{\sqrt{\mathrm{JacobFro}} - \mathrm{GSynFlow} + \mathrm{GraSP}}{\mathrm{plain}},Jacob_fro Sqrt GSynFlow Sub GraSP Add plain Div <EOS>,(((sqrt(Jacob_fro) - GSynFlow) + GraSP) / plain),0.494000000,0.383600000,40,8,5,2171,run_monash_time_unique1000,9,1,Monash__weather_dataset/seed_2171/run_monash_time_unique1000/visualizations/archive_latex.tex
997,0.102702703,0.493800000,\frac{\left(\sqrt{\mathrm{MParams}}\right) \cdot \left(-\mathrm{GSynFlow}\right) + \mathrm{GraSP}}{\mathrm{plain}},MParams Sqrt GSynFlow Negative Mul GraSP Add plain Div <EOS>,(((sqrt(MParams) * -(GSynFlow)) + GraSP) / plain),0.493800000,0.403900000,102,9,5,2171,run_monash_time_unique1000,10,1,Monash__weather_dataset/seed_2171/run_monash_time_unique1000/visualizations/archive_latex.tex
998,0.101801802,0.493600000,\left(\frac{\mathrm{GraSP}}{\mathrm{plain}}\right) \cdot \left(\mathrm{ZiCo}\right) - \mathrm{GSynFlow},GraSP plain Div ZiCo Mul GSynFlow Sub <EOS>,(((GraSP / plain) * ZiCo) - GSynFlow),0.493600000,0.392900000,55,7,4,2294,run_monash_time_unique1000,8,2,Monash__weather_dataset/seed_2294/run_monash_time_unique1000/visualizations/archive_latex.tex
999,0.100900901,0.493000000,\mathrm{GraSP} - \mathrm{plain} - \frac{\mathrm{Snip}}{\left(\mathrm{Fisher}\right)^2},GraSP plain Sub Snip Fisher Square Div Sub <EOS>,((GraSP - plain) - (Snip / square(Fisher))),0.493000000,0.337000000,130,8,4,2116,run_monash_time_unique1000,10,1,Monash__weather_dataset/seed_2116/run_monash_time_unique1000/visualizations/archive_latex.tex
1000,0.100000000,0.492300000,\frac{\mathrm{GraSP} - \mathrm{GSynFlow}}{\mathrm{plain}} + \sqrt{\mathrm{Snip}},GraSP GSynFlow Sub plain Div Snip Sqrt Add <EOS>,(((GraSP - GSynFlow) / plain) + sqrt(Snip)),0.492300000,0.390500000,195,8,4,2046,run_monash_time_unique1000,5,1,Monash__weather_dataset/seed_2046/run_monash_time_unique1000/visualizations/archive_latex.tex
