rank,weight,validation_fitness,formula,rpn_tokens,infix,score,train_fitness,generation,token_count,depth,source_seed,source_run,source_rank,occurrence_count,source_archive_latex
1,1.000000000,0.699000000,\frac{\sqrt{\mathrm{GSynFlow}}}{\frac{\mathrm{plain}}{\mathrm{Fisher}} - \left(\mathrm{MParams}\right)^2},GSynFlow Sqrt plain Fisher Div MParams Square Sub Div <EOS>,(sqrt(GSynFlow) / ((plain / Fisher) - square(MParams))),0.699000000,0.425000000,42,9,4,2186,run_monash_time_unique1000,1,1,Monash__bitcoin_dataset_without_missing_values/seed_2186/run_monash_time_unique1000/visualizations/archive_latex.tex
2,0.999099099,0.695600000,\frac{\sqrt{\mathrm{GSynFlow}}}{\sqrt{\frac{\mathrm{plain}}{\mathrm{Fisher}}} - \mathrm{MParams}},GSynFlow Sqrt plain Fisher Div Sqrt MParams Sub Div <EOS>,(sqrt(GSynFlow) / (sqrt((plain / Fisher)) - MParams)),0.695600000,0.416100000,64,9,5,2186,run_monash_time_unique1000,2,1,Monash__bitcoin_dataset_without_missing_values/seed_2186/run_monash_time_unique1000/visualizations/archive_latex.tex
3,0.998198198,0.695000000,\frac{\mathrm{JacobFro}}{\log\left(\frac{\frac{\mathrm{plain}}{\mathrm{Fisher}}}{\left(\mathrm{MParams}\right)^2}\right)},Jacob_fro plain Fisher Div MParams Square Div Log Div <EOS>,(Jacob_fro / log(((plain / Fisher) / square(MParams)))),0.695000000,0.430000000,200,9,5,2186,run_monash_time_unique1000,3,1,Monash__bitcoin_dataset_without_missing_values/seed_2186/run_monash_time_unique1000/visualizations/archive_latex.tex
4,0.997297297,0.692800000,\frac{\mathrm{MParams}}{\sqrt{\frac{\mathrm{plain}}{\mathrm{Fisher}}} - \mathrm{MParams}},MParams plain Fisher Div Sqrt MParams Sub Div <EOS>,(MParams / (sqrt((plain / Fisher)) - MParams)),0.692800000,0.382900000,14,8,5,2186,run_monash_time_unique1000,4,1,Monash__bitcoin_dataset_without_missing_values/seed_2186/run_monash_time_unique1000/visualizations/archive_latex.tex
5,0.996396396,0.682000000,\frac{-\mathrm{MParams}}{\left(\mathrm{MParams}\right)^2 - \frac{\mathrm{plain}}{\mathrm{Fisher}}},MParams Negative MParams Square plain Fisher Div Sub Div <EOS>,(-(MParams) / (square(MParams) - (plain / Fisher))),0.682000000,0.399900000,125,9,4,2191,run_monash_time_unique1000,1,1,Monash__bitcoin_dataset_without_missing_values/seed_2191/run_monash_time_unique1000/visualizations/archive_latex.tex
6,0.995495495,0.682000000,\frac{\mathrm{MParams}}{\frac{\mathrm{plain}}{\mathrm{Fisher}} - \left(\mathrm{MParams}\right)^2},MParams plain Fisher Div MParams Square Sub Div <EOS>,(MParams / ((plain / Fisher) - square(MParams))),0.682000000,0.399900000,39,8,4,2186,run_monash_time_unique1000,5,1,Monash__bitcoin_dataset_without_missing_values/seed_2186/run_monash_time_unique1000/visualizations/archive_latex.tex
7,0.994594595,0.679100000,\frac{\mathrm{GSynFlow}}{\sqrt{\frac{\mathrm{plain}}{\mathrm{Fisher}}} - \mathrm{MParams}},GSynFlow plain Fisher Div Sqrt MParams Sub Div <EOS>,(GSynFlow / (sqrt((plain / Fisher)) - MParams)),0.679100000,0.409900000,77,8,5,2117,run_monash_time_unique1000,1,1,Monash__bitcoin_dataset_without_missing_values/seed_2117/run_monash_time_unique1000/visualizations/archive_latex.tex
8,0.993693694,0.676600000,\left(\mathrm{Snip}\right) \cdot \left(\sqrt{\frac{\mathrm{GradNorm}}{\mathrm{Fisher}}} - \left(\mathrm{MParams}\right)^2\right),Snip Grad_Norm Fisher Div Sqrt MParams Square Sub Mul <EOS>,(Snip * (sqrt((Grad_Norm / Fisher)) - square(MParams))),0.676600000,0.610100000,60,9,5,2124,run_monash_time_unique1000,1,3,Monash__bitcoin_dataset_without_missing_values/seed_2124/run_monash_time_unique1000/visualizations/archive_latex.tex
9,0.992792793,0.672700000,\frac{\mathrm{Snip}}{\sqrt{\log\left(\mathrm{L2Norm}\right) - \mathrm{Fisher}} - \mathrm{MParams}},Snip L2-Norm Log Fisher Sub Sqrt MParams Sub Div <EOS>,(Snip / (sqrt((log(L2-Norm) - Fisher)) - MParams)),0.672700000,0.429000000,110,9,6,2030,run_monash_time_unique1000,1,2,Monash__bitcoin_dataset_without_missing_values/seed_2030/run_monash_time_unique1000/visualizations/archive_latex.tex
10,0.991891892,0.666800000,\left(\mathrm{GradNorm}\right) \cdot \left(\sqrt{\frac{\mathrm{GFLOPs}}{\mathrm{plain}}} - \mathrm{MParams}\right),Grad_Norm GFLOPs plain Div Sqrt MParams Sub Mul <EOS>,(Grad_Norm * (sqrt((GFLOPs / plain)) - MParams)),0.666800000,0.510800000,65,8,5,2124,run_monash_time_unique1000,2,2,Monash__bitcoin_dataset_without_missing_values/seed_2124/run_monash_time_unique1000/visualizations/archive_latex.tex
11,0.990990991,0.664100000,\frac{\log\left(\left(\mathrm{GradNorm}\right) \cdot \left(\mathrm{MParams}\right)\right)}{\mathrm{MParams}} - \log\left(\mathrm{plain}\right),Grad_Norm MParams Mul Log MParams Div plain Log Sub <EOS>,((log((Grad_Norm * MParams)) / MParams) - log(plain)),0.664100000,0.571700000,188,9,5,2053,run_monash_time_unique1000,1,2,Monash__bitcoin_dataset_without_missing_values/seed_2053/run_monash_time_unique1000/visualizations/archive_latex.tex
12,0.990090090,0.664100000,\frac{\log\left(\left(\mathrm{MParams}\right) \cdot \left(\mathrm{GradNorm}\right)\right)}{\mathrm{MParams}} - \log\left(\mathrm{plain}\right),MParams Grad_Norm Mul Log MParams Div plain Log Sub <EOS>,((log((MParams * Grad_Norm)) / MParams) - log(plain)),0.664100000,0.571700000,145,9,5,2127,run_monash_time_unique1000,1,2,Monash__bitcoin_dataset_without_missing_values/seed_2127/run_monash_time_unique1000/visualizations/archive_latex.tex
13,0.989189189,0.659800000,\frac{\log\left(\mathrm{GSynFlow}\right)}{\mathrm{GradNorm}} - \left(\mathrm{MParams}\right)^2 - \mathrm{MParams},GSynFlow Log Grad_Norm Div MParams Square MParams Sub Sub <EOS>,((log(GSynFlow) / Grad_Norm) - (square(MParams) - MParams)),0.659800000,0.562400000,103,9,4,2071,run_monash_time_unique1000,1,1,Monash__bitcoin_dataset_without_missing_values/seed_2071/run_monash_time_unique1000/visualizations/archive_latex.tex
14,0.988288288,0.657000000,\frac{\log\left(\mathrm{GSynFlow}\right)}{\left(\mathrm{GradNorm}\right) \cdot \left(\mathrm{MParams}\right)} - \left(\mathrm{MParams}\right)^2,GSynFlow Log Grad_Norm MParams Mul Div MParams Square Sub <EOS>,((log(GSynFlow) / (Grad_Norm * MParams)) - square(MParams)),0.657000000,0.573900000,51,9,4,2101,run_monash_time_unique1000,1,1,Monash__bitcoin_dataset_without_missing_values/seed_2101/run_monash_time_unique1000/visualizations/archive_latex.tex
15,0.987387387,0.657000000,\frac{\log\left(\mathrm{GSynFlow}\right)}{\left(\mathrm{MParams}\right) \cdot \left(\mathrm{GradNorm}\right)} - \left(\mathrm{MParams}\right)^2,GSynFlow Log MParams Grad_Norm Mul Div MParams Square Sub <EOS>,((log(GSynFlow) / (MParams * Grad_Norm)) - square(MParams)),0.657000000,0.573900000,90,9,4,2135,run_monash_time_unique1000,1,1,Monash__bitcoin_dataset_without_missing_values/seed_2135/run_monash_time_unique1000/visualizations/archive_latex.tex
16,0.986486486,0.657000000,\frac{\frac{\log\left(\mathrm{GSynFlow}\right)}{\mathrm{MParams}}}{\mathrm{GradNorm}} - \left(\mathrm{MParams}\right)^2,GSynFlow Log MParams Div Grad_Norm Div MParams Square Sub <EOS>,(((log(GSynFlow) / MParams) / Grad_Norm) - square(MParams)),0.657000000,0.573900000,30,9,5,2142,run_monash_time_unique1000,1,1,Monash__bitcoin_dataset_without_missing_values/seed_2142/run_monash_time_unique1000/visualizations/archive_latex.tex
17,0.985585586,0.655800000,\left(\left(\mathrm{GFLOPs}\right)^2 - \left(\log\left(\mathrm{MParams}\right)\right) \cdot \left(\mathrm{Snip}\right)\right) \cdot \left(\mathrm{GSynFlow}\right),GFLOPs Square MParams Log Snip Mul Sub GSynFlow Mul <EOS>,((square(GFLOPs) - (log(MParams) * Snip)) * GSynFlow),0.655800000,0.541700000,88,9,5,2049,run_monash_time_unique1000,1,1,Monash__bitcoin_dataset_without_missing_values/seed_2049/run_monash_time_unique1000/visualizations/archive_latex.tex
18,0.984684685,0.654500000,\frac{-\mathrm{GFLOPs}}{\left(\mathrm{MParams}\right)^2 - \frac{\mathrm{plain}}{\mathrm{Fisher}}},GFLOPs Negative MParams Square plain Fisher Div Sub Div <EOS>,(-(GFLOPs) / (square(MParams) - (plain / Fisher))),0.654500000,0.392500000,197,9,4,2191,run_monash_time_unique1000,2,1,Monash__bitcoin_dataset_without_missing_values/seed_2191/run_monash_time_unique1000/visualizations/archive_latex.tex
19,0.983783784,0.654500000,\frac{\mathrm{GFLOPs}}{\frac{\mathrm{plain}}{\mathrm{Fisher}} - \left(\mathrm{MParams}\right)^2},GFLOPs plain Fisher Div MParams Square Sub Div <EOS>,(GFLOPs / ((plain / Fisher) - square(MParams))),0.654500000,0.392500000,84,8,4,2186,run_monash_time_unique1000,6,1,Monash__bitcoin_dataset_without_missing_values/seed_2186/run_monash_time_unique1000/visualizations/archive_latex.tex
20,0.982882883,0.651300000,\left(\mathrm{Fisher}\right) \cdot \left(\left(\sqrt{\frac{\mathrm{GFLOPs}}{\mathrm{plain}}} - \mathrm{MParams}\right)^2\right),Fisher GFLOPs plain Div Sqrt MParams Sub Square Mul <EOS>,(Fisher * square((sqrt((GFLOPs / plain)) - MParams))),0.651300000,0.501300000,47,9,6,2195,run_monash_time_unique1000,3,1,Monash__bitcoin_dataset_without_missing_values/seed_2195/run_monash_time_unique1000/visualizations/archive_latex.tex
21,0.981981982,0.648700000,\left(\mathrm{Snip}\right) \cdot \left(\sqrt{\frac{\sqrt{\mathrm{L2Norm}}}{\mathrm{plain}}} - \mathrm{MParams}\right),Snip L2-Norm Sqrt plain Div Sqrt MParams Sub Mul <EOS>,(Snip * (sqrt((sqrt(L2-Norm) / plain)) - MParams)),0.648700000,0.573700000,129,9,6,2198,run_monash_time_unique1000,3,2,Monash__bitcoin_dataset_without_missing_values/seed_2198/run_monash_time_unique1000/visualizations/archive_latex.tex
22,0.981081081,0.645200000,\frac{\frac{\log\left(\sqrt{\mathrm{GSynFlow}}\right)}{\mathrm{MParams}}}{\mathrm{GradNorm}} - \mathrm{MParams},GSynFlow Sqrt Log MParams Div Grad_Norm Div MParams Sub <EOS>,(((log(sqrt(GSynFlow)) / MParams) / Grad_Norm) - MParams),0.645200000,0.575900000,107,9,6,2226,run_monash_time_unique1000,1,2,Monash__bitcoin_dataset_without_missing_values/seed_2226/run_monash_time_unique1000/visualizations/archive_latex.tex
23,0.980180180,0.645200000,\frac{\log\left(\sqrt{\mathrm{GSynFlow}}\right)}{\left(\mathrm{MParams}\right) \cdot \left(\mathrm{GradNorm}\right)} - \mathrm{MParams},GSynFlow Sqrt Log MParams Grad_Norm Mul Div MParams Sub <EOS>,((log(sqrt(GSynFlow)) / (MParams * Grad_Norm)) - MParams),0.645200000,0.575900000,123,9,5,2135,run_monash_time_unique1000,2,1,Monash__bitcoin_dataset_without_missing_values/seed_2135/run_monash_time_unique1000/visualizations/archive_latex.tex
24,0.979279279,0.643000000,\frac{\log\left(\mathrm{GFLOPs}\right)}{\frac{\mathrm{plain}}{\mathrm{Fisher}} - \left(\mathrm{MParams}\right)^2},GFLOPs Log plain Fisher Div MParams Square Sub Div <EOS>,(log(GFLOPs) / ((plain / Fisher) - square(MParams))),0.643000000,0.420200000,137,9,4,2117,run_monash_time_unique1000,2,2,Monash__bitcoin_dataset_without_missing_values/seed_2117/run_monash_time_unique1000/visualizations/archive_latex.tex
25,0.978378378,0.641200000,\frac{\log\left(\mathrm{GFLOPs}\right)}{\sqrt{\frac{\mathrm{plain}}{\mathrm{Fisher}}} - \mathrm{MParams}},GFLOPs Log plain Fisher Div Sqrt MParams Sub Div <EOS>,(log(GFLOPs) / (sqrt((plain / Fisher)) - MParams)),0.641200000,0.376000000,75,9,5,2186,run_monash_time_unique1000,8,1,Monash__bitcoin_dataset_without_missing_values/seed_2186/run_monash_time_unique1000/visualizations/archive_latex.tex
26,0.977477477,0.637700000,\frac{\sqrt{\mathrm{JacobFro}}}{\sqrt{\frac{\mathrm{plain}}{\mathrm{Fisher}}} - \mathrm{MParams}},Jacob_fro Sqrt plain Fisher Div Sqrt MParams Sub Div <EOS>,(sqrt(Jacob_fro) / (sqrt((plain / Fisher)) - MParams)),0.637700000,0.416400000,120,9,5,2117,run_monash_time_unique1000,3,1,Monash__bitcoin_dataset_without_missing_values/seed_2117/run_monash_time_unique1000/visualizations/archive_latex.tex
27,0.976576577,0.635600000,\frac{\mathrm{JacobFro}}{\sqrt{\frac{\mathrm{plain}}{\mathrm{Fisher}}} - \mathrm{MParams}},Jacob_fro plain Fisher Div Sqrt MParams Sub Div <EOS>,(Jacob_fro / (sqrt((plain / Fisher)) - MParams)),0.635600000,0.438300000,176,8,5,2030,run_monash_time_unique1000,2,1,Monash__bitcoin_dataset_without_missing_values/seed_2030/run_monash_time_unique1000/visualizations/archive_latex.tex
28,0.975675676,0.635600000,\frac{-\mathrm{JacobFro}}{\mathrm{MParams} - \sqrt{\frac{\mathrm{plain}}{\mathrm{Fisher}}}},Jacob_fro Negative MParams plain Fisher Div Sqrt Sub Div <EOS>,(-(Jacob_fro) / (MParams - sqrt((plain / Fisher)))),0.635600000,0.438300000,100,9,5,2191,run_monash_time_unique1000,3,1,Monash__bitcoin_dataset_without_missing_values/seed_2191/run_monash_time_unique1000/visualizations/archive_latex.tex
29,0.974774775,0.635000000,\frac{\left(\mathrm{JacobFro}\right)^2}{\sqrt{\frac{\mathrm{plain}}{\mathrm{Fisher}}} - \mathrm{MParams}},Jacob_fro Square plain Fisher Div Sqrt MParams Sub Div <EOS>,(square(Jacob_fro) / (sqrt((plain / Fisher)) - MParams)),0.635000000,0.447400000,162,9,5,2117,run_monash_time_unique1000,4,2,Monash__bitcoin_dataset_without_missing_values/seed_2117/run_monash_time_unique1000/visualizations/archive_latex.tex
30,0.973873874,0.632400000,\sqrt{\mathrm{GradNorm} + \mathrm{GFLOPs}} - \left(\mathrm{plain}\right) \cdot \left(\mathrm{MParams}\right),Grad_Norm GFLOPs Add Sqrt plain MParams Mul Sub <EOS>,(sqrt((Grad_Norm + GFLOPs)) - (plain * MParams)),0.632400000,0.514100000,92,8,4,2028,run_monash_time_unique1000,1,4,Monash__bitcoin_dataset_without_missing_values/seed_2028/run_monash_time_unique1000/visualizations/archive_latex.tex
31,0.972972973,0.632400000,\sqrt{\mathrm{GFLOPs} + \mathrm{GradNorm}} - \left(\mathrm{MParams}\right) \cdot \left(\mathrm{plain}\right),GFLOPs Grad_Norm Add Sqrt MParams plain Mul Sub <EOS>,(sqrt((GFLOPs + Grad_Norm)) - (MParams * plain)),0.632400000,0.514100000,73,8,4,2048,run_monash_time_unique1000,1,7,Monash__bitcoin_dataset_without_missing_values/seed_2048/run_monash_time_unique1000/visualizations/archive_latex.tex
32,0.972072072,0.632400000,\sqrt{\mathrm{GradNorm} + \mathrm{GFLOPs}} - \left(\mathrm{MParams}\right) \cdot \left(\mathrm{plain}\right),Grad_Norm GFLOPs Add Sqrt MParams plain Mul Sub <EOS>,(sqrt((Grad_Norm + GFLOPs)) - (MParams * plain)),0.632400000,0.514100000,122,8,4,2086,run_monash_time_unique1000,1,4,Monash__bitcoin_dataset_without_missing_values/seed_2086/run_monash_time_unique1000/visualizations/archive_latex.tex
33,0.971171171,0.632400000,\sqrt{\mathrm{GFLOPs} + \mathrm{GradNorm}} - \left(\mathrm{plain}\right) \cdot \left(\mathrm{MParams}\right),GFLOPs Grad_Norm Add Sqrt plain MParams Mul Sub <EOS>,(sqrt((GFLOPs + Grad_Norm)) - (plain * MParams)),0.632400000,0.514100000,70,8,4,2100,run_monash_time_unique1000,1,2,Monash__bitcoin_dataset_without_missing_values/seed_2100/run_monash_time_unique1000/visualizations/archive_latex.tex
34,0.970270270,0.632000000,\frac{\log\left(\mathrm{GSynFlow}\right)}{\left(\sqrt{\mathrm{GraSP}}\right) \cdot \left(\mathrm{MParams}\right)} - \mathrm{MParams},GSynFlow Log GraSP Sqrt MParams Mul Div MParams Sub <EOS>,((log(GSynFlow) / (sqrt(GraSP) * MParams)) - MParams),0.632000000,0.553300000,31,9,5,2101,run_monash_time_unique1000,2,1,Monash__bitcoin_dataset_without_missing_values/seed_2101/run_monash_time_unique1000/visualizations/archive_latex.tex
35,0.969369369,0.632000000,\frac{\frac{\log\left(\mathrm{GSynFlow}\right)}{\mathrm{MParams}}}{\sqrt{\mathrm{GraSP}}} - \mathrm{MParams},GSynFlow Log MParams Div GraSP Sqrt Div MParams Sub <EOS>,(((log(GSynFlow) / MParams) / sqrt(GraSP)) - MParams),0.632000000,0.553300000,137,9,5,2142,run_monash_time_unique1000,4,1,Monash__bitcoin_dataset_without_missing_values/seed_2142/run_monash_time_unique1000/visualizations/archive_latex.tex
36,0.968468468,0.629700000,\frac{\log\left(\mathrm{GSynFlow}\right)}{\left(\sqrt{\mathrm{GFLOPs}}\right) \cdot \left(\mathrm{GradNorm}\right)} - \mathrm{MParams},GSynFlow Log GFLOPs Sqrt Grad_Norm Mul Div MParams Sub <EOS>,((log(GSynFlow) / (sqrt(GFLOPs) * Grad_Norm)) - MParams),0.629700000,0.547100000,121,9,5,2135,run_monash_time_unique1000,3,1,Monash__bitcoin_dataset_without_missing_values/seed_2135/run_monash_time_unique1000/visualizations/archive_latex.tex
37,0.967567568,0.629500000,\log\left(\mathrm{GSynFlow}\right) - \left(\log\left(\mathrm{MParams}\right)\right) \cdot \left(\left(\mathrm{GradNorm}\right) \cdot \left(\mathrm{MParams}\right)\right),GSynFlow Log MParams Log Grad_Norm MParams Mul Mul Sub <EOS>,(log(GSynFlow) - (log(MParams) * (Grad_Norm * MParams))),0.629500000,0.605900000,69,9,4,2121,run_monash_time_unique1000,1,1,Monash__bitcoin_dataset_without_missing_values/seed_2121/run_monash_time_unique1000/visualizations/archive_latex.tex
38,0.966666667,0.628600000,\frac{\log\left(\mathrm{GSynFlow}\right)}{\mathrm{GradNorm}} - \left(\log\left(\mathrm{MParams}\right)\right) \cdot \left(\mathrm{MParams}\right),GSynFlow Log Grad_Norm Div MParams Log MParams Mul Sub <EOS>,((log(GSynFlow) / Grad_Norm) - (log(MParams) * MParams)),0.628600000,0.565600000,102,9,4,2071,run_monash_time_unique1000,2,1,Monash__bitcoin_dataset_without_missing_values/seed_2071/run_monash_time_unique1000/visualizations/archive_latex.tex
39,0.965765766,0.628500000,\left(\mathrm{GradNorm}\right) \cdot \left(\log\left(\mathrm{GradNorm}\right) - \left(\mathrm{MParams}\right)^2\right) + \mathrm{L2Norm},Grad_Norm Grad_Norm Log MParams Square Sub Mul L2-Norm Add <EOS>,((Grad_Norm * (log(Grad_Norm) - square(MParams))) + L2-Norm),0.628500000,0.547900000,122,9,5,2198,run_monash_time_unique1000,4,1,Monash__bitcoin_dataset_without_missing_values/seed_2198/run_monash_time_unique1000/visualizations/archive_latex.tex
40,0.964864865,0.627900000,\left(\left(\mathrm{GFLOPs}\right)^2 - \left(\log\left(\mathrm{MParams}\right)\right) \cdot \left(\mathrm{Snip}\right)\right) \cdot \left(\mathrm{MParams}\right),GFLOPs Square MParams Log Snip Mul Sub MParams Mul <EOS>,((square(GFLOPs) - (log(MParams) * Snip)) * MParams),0.627900000,0.479500000,62,9,5,2049,run_monash_time_unique1000,2,1,Monash__bitcoin_dataset_without_missing_values/seed_2049/run_monash_time_unique1000/visualizations/archive_latex.tex
41,0.963963964,0.627700000,\frac{\log\left(\left(\mathrm{MParams}\right)^2 + \mathrm{GSynFlow}\right)}{\mathrm{GradNorm}} - \mathrm{MParams},MParams Square GSynFlow Add Log Grad_Norm Div MParams Sub <EOS>,((log((square(MParams) + GSynFlow)) / Grad_Norm) - MParams),0.627700000,0.559800000,27,9,6,2035,run_monash_time_unique1000,1,1,Monash__bitcoin_dataset_without_missing_values/seed_2035/run_monash_time_unique1000/visualizations/archive_latex.tex
42,0.963063063,0.627700000,\frac{\log\left(\mathrm{GSynFlow} + \left(\mathrm{MParams}\right)^2\right)}{\mathrm{GradNorm}} - \mathrm{MParams},GSynFlow MParams Square Add Log Grad_Norm Div MParams Sub <EOS>,((log((GSynFlow + square(MParams))) / Grad_Norm) - MParams),0.627700000,0.559800000,105,9,6,2040,run_monash_time_unique1000,1,1,Monash__bitcoin_dataset_without_missing_values/seed_2040/run_monash_time_unique1000/visualizations/archive_latex.tex
43,0.962162162,0.627400000,\frac{\left(\mathrm{L2Norm}\right)^2}{\frac{\mathrm{plain}}{\mathrm{Fisher}} - \left(\mathrm{MParams}\right)^2},L2-Norm Square plain Fisher Div MParams Square Sub Div <EOS>,(square(L2-Norm) / ((plain / Fisher) - square(MParams))),0.627400000,0.402600000,148,9,4,2117,run_monash_time_unique1000,5,2,Monash__bitcoin_dataset_without_missing_values/seed_2117/run_monash_time_unique1000/visualizations/archive_latex.tex
44,0.961261261,0.627200000,\frac{\log\left(\mathrm{GSynFlow}\right)}{\left(\left(\mathrm{MParams}\right)^2\right) \cdot \left(\mathrm{GradNorm}\right)} - \mathrm{GFLOPs},GSynFlow Log MParams Square Grad_Norm Mul Div GFLOPs Sub <EOS>,((log(GSynFlow) / (square(MParams) * Grad_Norm)) - GFLOPs),0.627200000,0.569300000,199,9,5,2087,run_monash_time_unique1000,1,1,Monash__bitcoin_dataset_without_missing_values/seed_2087/run_monash_time_unique1000/visualizations/archive_latex.tex
45,0.960360360,0.627200000,\frac{\frac{\log\left(\mathrm{GSynFlow}\right)}{\left(\mathrm{MParams}\right)^2}}{\mathrm{GradNorm}} - \mathrm{GFLOPs},GSynFlow Log MParams Square Div Grad_Norm Div GFLOPs Sub <EOS>,(((log(GSynFlow) / square(MParams)) / Grad_Norm) - GFLOPs),0.627200000,0.569300000,112,9,5,2111,run_monash_time_unique1000,1,1,Monash__bitcoin_dataset_without_missing_values/seed_2111/run_monash_time_unique1000/visualizations/archive_latex.tex
46,0.959459459,0.627100000,\mathrm{Fisher} - \left(\log\left(\left(\mathrm{GradNorm}\right) \cdot \left(\left(\mathrm{MParams}\right) \cdot \left(\mathrm{ZiCo}\right)\right)\right)\right)^2,Fisher Grad_Norm MParams ZiCo Mul Mul Log Square Sub <EOS>,(Fisher - square(log((Grad_Norm * (MParams * ZiCo))))),0.627100000,0.569400000,145,9,6,2219,run_monash_time_unique1000,1,1,Monash__bitcoin_dataset_without_missing_values/seed_2219/run_monash_time_unique1000/visualizations/archive_latex.tex
47,0.958558559,0.626100000,\frac{\frac{\log\left(\left(\mathrm{GSynFlow}\right)^2\right)}{\mathrm{GradNorm}}}{\mathrm{MParams}} - \mathrm{GFLOPs},GSynFlow Square Log Grad_Norm Div MParams Div GFLOPs Sub <EOS>,(((log(square(GSynFlow)) / Grad_Norm) / MParams) - GFLOPs),0.626100000,0.578200000,136,9,6,2071,run_monash_time_unique1000,3,1,Monash__bitcoin_dataset_without_missing_values/seed_2071/run_monash_time_unique1000/visualizations/archive_latex.tex
48,0.957657658,0.625500000,\frac{\log\left(\mathrm{GSynFlow}\right)}{\mathrm{GradNorm}} - \left(\sqrt{\mathrm{MParams}}\right) \cdot \left(\mathrm{MParams}\right),GSynFlow Log Grad_Norm Div MParams Sqrt MParams Mul Sub <EOS>,((log(GSynFlow) / Grad_Norm) - (sqrt(MParams) * MParams)),0.625500000,0.545900000,101,9,4,2071,run_monash_time_unique1000,4,1,Monash__bitcoin_dataset_without_missing_values/seed_2071/run_monash_time_unique1000/visualizations/archive_latex.tex
49,0.956756757,0.624500000,\mathrm{Fisher} - \left(\mathrm{GSynFlow}\right) \cdot \left(\log\left(\left(\mathrm{Fisher}\right) \cdot \left(\mathrm{MParams}\right)\right)\right),Fisher GSynFlow Fisher MParams Mul Log Mul Sub <EOS>,(Fisher - (GSynFlow * log((Fisher * MParams)))),0.624500000,0.460100000,23,8,5,2118,run_monash_time_unique1000,1,1,Monash__bitcoin_dataset_without_missing_values/seed_2118/run_monash_time_unique1000/visualizations/archive_latex.tex
50,0.955855856,0.624300000,\frac{\sqrt{\mathrm{MParams}}}{\frac{\mathrm{plain}}{\mathrm{Fisher}} - \left(\mathrm{MParams}\right)^2},MParams Sqrt plain Fisher Div MParams Square Sub Div <EOS>,(sqrt(MParams) / ((plain / Fisher) - square(MParams))),0.624300000,0.404500000,92,9,4,2117,run_monash_time_unique1000,6,1,Monash__bitcoin_dataset_without_missing_values/seed_2117/run_monash_time_unique1000/visualizations/archive_latex.tex
51,0.954954955,0.623400000,\frac{\frac{\log\left(\left(\mathrm{GSynFlow}\right)^2\right)}{\mathrm{GradNorm}}}{\mathrm{GFLOPs}} - \mathrm{MParams},GSynFlow Square Log Grad_Norm Div GFLOPs Div MParams Sub <EOS>,(((log(square(GSynFlow)) / Grad_Norm) / GFLOPs) - MParams),0.623400000,0.567400000,136,9,6,2071,run_monash_time_unique1000,5,1,Monash__bitcoin_dataset_without_missing_values/seed_2071/run_monash_time_unique1000/visualizations/archive_latex.tex
52,0.954054054,0.623400000,\frac{\frac{\log\left(\left(\mathrm{GSynFlow}\right)^2\right)}{\mathrm{GFLOPs}}}{\mathrm{GradNorm}} - \mathrm{MParams},GSynFlow Square Log GFLOPs Div Grad_Norm Div MParams Sub <EOS>,(((log(square(GSynFlow)) / GFLOPs) / Grad_Norm) - MParams),0.623400000,0.567400000,51,9,6,2142,run_monash_time_unique1000,5,1,Monash__bitcoin_dataset_without_missing_values/seed_2142/run_monash_time_unique1000/visualizations/archive_latex.tex
53,0.953153153,0.623200000,\frac{\mathrm{GradNorm}}{\mathrm{Snip} + \log\left(\frac{\log\left(\mathrm{MParams}\right)}{\mathrm{GSynFlow}}\right)},Grad_Norm Snip MParams Log GSynFlow Div Log Add Div <EOS>,(Grad_Norm / (Snip + log((log(MParams) / GSynFlow)))),0.623200000,0.495900000,30,9,6,2031,run_monash_time_unique1000,1,2,Monash__bitcoin_dataset_without_missing_values/seed_2031/run_monash_time_unique1000/visualizations/archive_latex.tex
54,0.952252252,0.623200000,\frac{\mathrm{GradNorm}}{\log\left(\frac{\log\left(\mathrm{MParams}\right)}{\mathrm{GSynFlow}}\right) + \mathrm{Snip}},Grad_Norm MParams Log GSynFlow Div Log Snip Add Div <EOS>,(Grad_Norm / (log((log(MParams) / GSynFlow)) + Snip)),0.623200000,0.495900000,82,9,6,2162,run_monash_time_unique1000,1,1,Monash__bitcoin_dataset_without_missing_values/seed_2162/run_monash_time_unique1000/visualizations/archive_latex.tex
55,0.951351351,0.622500000,\mathrm{Fisher} - \frac{\mathrm{GSynFlow}}{\log\left(\left(\mathrm{Fisher}\right) \cdot \left(\mathrm{MParams}\right)\right)},Fisher GSynFlow Fisher MParams Mul Log Div Sub <EOS>,(Fisher - (GSynFlow / log((Fisher * MParams)))),0.622500000,0.444400000,24,8,5,2118,run_monash_time_unique1000,2,1,Monash__bitcoin_dataset_without_missing_values/seed_2118/run_monash_time_unique1000/visualizations/archive_latex.tex
56,0.950450450,0.622400000,\frac{\log\left(\mathrm{GSynFlow}\right)}{\left(\left(\mathrm{GradNorm}\right) \cdot \left(\mathrm{MParams}\right)\right)^2} - \mathrm{MParams},GSynFlow Log Grad_Norm MParams Mul Square Div MParams Sub <EOS>,((log(GSynFlow) / square((Grad_Norm * MParams))) - MParams),0.622400000,0.564800000,103,9,5,2040,run_monash_time_unique1000,2,2,Monash__bitcoin_dataset_without_missing_values/seed_2040/run_monash_time_unique1000/visualizations/archive_latex.tex
57,0.949549550,0.622400000,\frac{\log\left(\mathrm{GSynFlow}\right) - \mathrm{plain}}{\mathrm{GradNorm}} - \left(\mathrm{MParams}\right)^2,GSynFlow Log plain Sub Grad_Norm Div MParams Square Sub <EOS>,(((log(GSynFlow) - plain) / Grad_Norm) - square(MParams)),0.622400000,0.517700000,33,9,5,2142,run_monash_time_unique1000,6,1,Monash__bitcoin_dataset_without_missing_values/seed_2142/run_monash_time_unique1000/visualizations/archive_latex.tex
58,0.948648649,0.620200000,\frac{\log\left(\mathrm{GSynFlow}\right) + \mathrm{MParams}}{\mathrm{GradNorm}} - \left(\mathrm{MParams}\right)^2,GSynFlow Log MParams Add Grad_Norm Div MParams Square Sub <EOS>,(((log(GSynFlow) + MParams) / Grad_Norm) - square(MParams)),0.620200000,0.515400000,39,9,5,2142,run_monash_time_unique1000,7,1,Monash__bitcoin_dataset_without_missing_values/seed_2142/run_monash_time_unique1000/visualizations/archive_latex.tex
59,0.947747748,0.618400000,\left(\mathrm{ZiCo}\right) \cdot \left(\frac{\log\left(\sqrt{\mathrm{GSynFlow}}\right)}{\mathrm{GradNorm}} - \mathrm{MParams}\right),ZiCo GSynFlow Sqrt Log Grad_Norm Div MParams Sub Mul <EOS>,(ZiCo * ((log(sqrt(GSynFlow)) / Grad_Norm) - MParams)),0.618400000,0.515800000,123,9,6,2079,run_monash_time_unique1000,1,1,Monash__bitcoin_dataset_without_missing_values/seed_2079/run_monash_time_unique1000/visualizations/archive_latex.tex
60,0.946846847,0.618400000,\left(\frac{\log\left(\sqrt{\mathrm{GSynFlow}}\right)}{\mathrm{GradNorm}} - \mathrm{MParams}\right) \cdot \left(\mathrm{ZiCo}\right),GSynFlow Sqrt Log Grad_Norm Div MParams Sub ZiCo Mul <EOS>,(((log(sqrt(GSynFlow)) / Grad_Norm) - MParams) * ZiCo),0.618400000,0.515800000,41,9,6,2142,run_monash_time_unique1000,8,1,Monash__bitcoin_dataset_without_missing_values/seed_2142/run_monash_time_unique1000/visualizations/archive_latex.tex
61,0.945945946,0.618200000,\sqrt{\mathrm{GradNorm}} - \left(\mathrm{GSynFlow}\right) \cdot \left(\log\left(\left(\mathrm{Fisher}\right) \cdot \left(\mathrm{MParams}\right)\right)\right),Grad_Norm Sqrt GSynFlow Fisher MParams Mul Log Mul Sub <EOS>,(sqrt(Grad_Norm) - (GSynFlow * log((Fisher * MParams)))),0.618200000,0.483100000,21,9,5,2118,run_monash_time_unique1000,3,1,Monash__bitcoin_dataset_without_missing_values/seed_2118/run_monash_time_unique1000/visualizations/archive_latex.tex
62,0.945045045,0.617100000,\frac{\log\left(\mathrm{MParams}\right)}{\left(\mathrm{GradNorm}\right) \cdot \left(\mathrm{ZiCo}\right)} - \mathrm{MParams},MParams Log Grad_Norm ZiCo Mul Div MParams Sub <EOS>,((log(MParams) / (Grad_Norm * ZiCo)) - MParams),0.617100000,0.499800000,119,8,4,2053,run_monash_time_unique1000,2,1,Monash__bitcoin_dataset_without_missing_values/seed_2053/run_monash_time_unique1000/visualizations/archive_latex.tex
63,0.944144144,0.617100000,\frac{\frac{\log\left(\mathrm{MParams}\right)}{\mathrm{ZiCo}}}{\mathrm{GradNorm}} - \mathrm{MParams},MParams Log ZiCo Div Grad_Norm Div MParams Sub <EOS>,(((log(MParams) / ZiCo) / Grad_Norm) - MParams),0.617100000,0.499800000,29,8,5,2226,run_monash_time_unique1000,2,2,Monash__bitcoin_dataset_without_missing_values/seed_2226/run_monash_time_unique1000/visualizations/archive_latex.tex
64,0.943243243,0.617100000,\frac{\log\left(\mathrm{MParams}\right)}{\left(\mathrm{ZiCo}\right) \cdot \left(\mathrm{GradNorm}\right)} - \mathrm{MParams},MParams Log ZiCo Grad_Norm Mul Div MParams Sub <EOS>,((log(MParams) / (ZiCo * Grad_Norm)) - MParams),0.617100000,0.499800000,98,8,4,2135,run_monash_time_unique1000,4,1,Monash__bitcoin_dataset_without_missing_values/seed_2135/run_monash_time_unique1000/visualizations/archive_latex.tex
65,0.942342342,0.616500000,-\log\left(\left(\mathrm{MParams}\right)^2 - \log\left(\frac{\mathrm{plain}}{\mathrm{Fisher}}\right)\right),MParams Square plain Fisher Div Log Sub Log Negative <EOS>,-(log((square(MParams) - log((plain / Fisher))))),0.616500000,0.524400000,19,9,6,2176,run_monash_time_unique1000,1,1,Monash__bitcoin_dataset_without_missing_values/seed_2176/run_monash_time_unique1000/visualizations/archive_latex.tex
66,0.941441441,0.616400000,\log\left(\left(\mathrm{GSynFlow}\right)^2\right) - \left(\left(\left(\mathrm{MParams}\right)^2\right) \cdot \left(\mathrm{plain}\right)\right)^2,GSynFlow Square Log MParams Square plain Mul Square Sub <EOS>,(log(square(GSynFlow)) - square((square(MParams) * plain))),0.616400000,0.568800000,79,9,5,2167,run_monash_time_unique1000,1,1,Monash__bitcoin_dataset_without_missing_values/seed_2167/run_monash_time_unique1000/visualizations/archive_latex.tex
67,0.940540541,0.616200000,\sqrt{\left(\mathrm{MParams}\right) \cdot \left(\sqrt{\mathrm{GradNorm}} - \left(\mathrm{MParams}\right) \cdot \left(\mathrm{plain}\right)\right)},MParams Grad_Norm Sqrt MParams plain Mul Sub Mul Sqrt <EOS>,sqrt((MParams * (sqrt(Grad_Norm) - (MParams * plain)))),0.616200000,0.473900000,136,9,5,2068,run_monash_time_unique1000,1,1,Monash__bitcoin_dataset_without_missing_values/seed_2068/run_monash_time_unique1000/visualizations/archive_latex.tex
68,0.939639640,0.616100000,\frac{\left(\mathrm{JacobFro}\right)^2}{\frac{\mathrm{plain}}{\mathrm{Fisher}} - \left(\mathrm{MParams}\right)^2},Jacob_fro Square plain Fisher Div MParams Square Sub Div <EOS>,(square(Jacob_fro) / ((plain / Fisher) - square(MParams))),0.616100000,0.460400000,127,9,4,2117,run_monash_time_unique1000,7,1,Monash__bitcoin_dataset_without_missing_values/seed_2117/run_monash_time_unique1000/visualizations/archive_latex.tex
69,0.938738739,0.616000000,\frac{\log\left(\left(\mathrm{GSynFlow}\right) \cdot \left(\mathrm{GFLOPs}\right)\right)}{\mathrm{GradNorm}} - \left(\mathrm{MParams}\right)^2,GSynFlow GFLOPs Mul Log Grad_Norm Div MParams Square Sub <EOS>,((log((GSynFlow * GFLOPs)) / Grad_Norm) - square(MParams)),0.616000000,0.516700000,128,9,5,2113,run_monash_time_unique1000,2,1,Monash__bitcoin_dataset_without_missing_values/seed_2113/run_monash_time_unique1000/visualizations/archive_latex.tex
70,0.937837838,0.615900000,\left(\mathrm{GradNorm}\right) \cdot \left(\sqrt{\frac{\mathrm{L2Norm}}{\mathrm{plain}}} - \left(\mathrm{MParams}\right)^2\right),Grad_Norm L2-Norm plain Div Sqrt MParams Square Sub Mul <EOS>,(Grad_Norm * (sqrt((L2-Norm / plain)) - square(MParams))),0.615900000,0.522500000,82,9,5,2124,run_monash_time_unique1000,3,2,Monash__bitcoin_dataset_without_missing_values/seed_2124/run_monash_time_unique1000/visualizations/archive_latex.tex
71,0.936936937,0.615300000,\frac{\log\left(\mathrm{GSynFlow}\right)}{\mathrm{GradNorm}} - \left(\mathrm{MParams}\right)^2,GSynFlow Log Grad_Norm Div MParams Square Sub <EOS>,((log(GSynFlow) / Grad_Norm) - square(MParams)),0.615300000,0.515000000,77,7,4,2046,run_monash_time_unique1000,1,7,Monash__bitcoin_dataset_without_missing_values/seed_2046/run_monash_time_unique1000/visualizations/archive_latex.tex
72,0.936036036,0.615300000,\frac{\log\left(\mathrm{GSynFlow}\right)}{\mathrm{GradNorm}} - \left(\mathrm{MParams}\right) \cdot \left(\mathrm{MParams}\right),GSynFlow Log Grad_Norm Div MParams MParams Mul Sub <EOS>,((log(GSynFlow) / Grad_Norm) - (MParams * MParams)),0.615300000,0.515000000,197,8,4,2146,run_monash_time_unique1000,1,1,Monash__bitcoin_dataset_without_missing_values/seed_2146/run_monash_time_unique1000/visualizations/archive_latex.tex
73,0.935135135,0.615300000,\frac{-\log\left(\mathrm{GSynFlow}\right)}{-\mathrm{GradNorm}} - \left(\mathrm{MParams}\right)^2,GSynFlow Log Negative Grad_Norm Negative Div MParams Square Sub <EOS>,((-(log(GSynFlow)) / -(Grad_Norm)) - square(MParams)),0.615300000,0.515000000,104,9,5,2079,run_monash_time_unique1000,2,1,Monash__bitcoin_dataset_without_missing_values/seed_2079/run_monash_time_unique1000/visualizations/archive_latex.tex
74,0.934234234,0.615200000,\frac{\log\left(\mathrm{GSynFlow}\right)}{\mathrm{GradNorm}} - \left(\log\left(\mathrm{GFLOPs}\right)\right) \cdot \left(\mathrm{MParams}\right),GSynFlow Log Grad_Norm Div GFLOPs Log MParams Mul Sub <EOS>,((log(GSynFlow) / Grad_Norm) - (log(GFLOPs) * MParams)),0.615200000,0.501200000,103,9,4,2071,run_monash_time_unique1000,7,1,Monash__bitcoin_dataset_without_missing_values/seed_2071/run_monash_time_unique1000/visualizations/archive_latex.tex
75,0.933333333,0.615100000,\frac{\log\left(\mathrm{GSynFlow}\right)}{\mathrm{GradNorm} - \mathrm{Fisher}} - \left(\mathrm{MParams}\right)^2,GSynFlow Log Grad_Norm Fisher Sub Div MParams Square Sub <EOS>,((log(GSynFlow) / (Grad_Norm - Fisher)) - square(MParams)),0.615100000,0.515500000,104,9,4,2135,run_monash_time_unique1000,6,1,Monash__bitcoin_dataset_without_missing_values/seed_2135/run_monash_time_unique1000/visualizations/archive_latex.tex
76,0.932432432,0.615000000,\frac{\log\left(\mathrm{GSynFlow}\right)}{\mathrm{Fisher} + \mathrm{GradNorm}} - \left(\mathrm{MParams}\right)^2,GSynFlow Log Fisher Grad_Norm Add Div MParams Square Sub <EOS>,((log(GSynFlow) / (Fisher + Grad_Norm)) - square(MParams)),0.615000000,0.513600000,24,9,4,2108,run_monash_time_unique1000,1,1,Monash__bitcoin_dataset_without_missing_values/seed_2108/run_monash_time_unique1000/visualizations/archive_latex.tex
77,0.931531532,0.615000000,\frac{\log\left(\mathrm{GSynFlow}\right)}{\mathrm{GradNorm} + \mathrm{Fisher}} - \left(\mathrm{MParams}\right)^2,GSynFlow Log Grad_Norm Fisher Add Div MParams Square Sub <EOS>,((log(GSynFlow) / (Grad_Norm + Fisher)) - square(MParams)),0.615000000,0.513600000,147,9,4,2101,run_monash_time_unique1000,5,1,Monash__bitcoin_dataset_without_missing_values/seed_2101/run_monash_time_unique1000/visualizations/archive_latex.tex
78,0.930630631,0.614900000,\frac{\mathrm{Snip} - \mathrm{L2Norm}}{\mathrm{MParams}} - \mathrm{Snip},Snip L2-Norm Sub MParams Div Snip Sub <EOS>,(((Snip - L2-Norm) / MParams) - Snip),0.614900000,0.561800000,115,7,4,2089,run_monash_time_unique1000,1,2,Monash__bitcoin_dataset_without_missing_values/seed_2089/run_monash_time_unique1000/visualizations/archive_latex.tex
79,0.929729730,0.614400000,\frac{\mathrm{Fisher} + \log\left(\mathrm{GSynFlow}\right)}{\mathrm{GradNorm}} - \left(\mathrm{MParams}\right)^2,Fisher GSynFlow Log Add Grad_Norm Div MParams Square Sub <EOS>,(((Fisher + log(GSynFlow)) / Grad_Norm) - square(MParams)),0.614400000,0.510000000,22,9,5,2035,run_monash_time_unique1000,2,1,Monash__bitcoin_dataset_without_missing_values/seed_2035/run_monash_time_unique1000/visualizations/archive_latex.tex
80,0.928828829,0.614400000,\frac{\frac{\log\left(\mathrm{GSynFlow}\right)}{\mathrm{MParams}}}{\mathrm{GradNorm}} - \mathrm{MParams},GSynFlow Log MParams Div Grad_Norm Div MParams Sub <EOS>,(((log(GSynFlow) / MParams) / Grad_Norm) - MParams),0.614400000,0.554900000,120,8,5,2111,run_monash_time_unique1000,2,2,Monash__bitcoin_dataset_without_missing_values/seed_2111/run_monash_time_unique1000/visualizations/archive_latex.tex
81,0.927927928,0.614400000,\frac{\log\left(\mathrm{GSynFlow}\right)}{\left(\mathrm{GradNorm}\right) \cdot \left(\mathrm{MParams}\right)} - \mathrm{MParams},GSynFlow Log Grad_Norm MParams Mul Div MParams Sub <EOS>,((log(GSynFlow) / (Grad_Norm * MParams)) - MParams),0.614400000,0.554900000,102,8,4,2040,run_monash_time_unique1000,3,2,Monash__bitcoin_dataset_without_missing_values/seed_2040/run_monash_time_unique1000/visualizations/archive_latex.tex
82,0.927027027,0.614400000,\frac{\log\left(\mathrm{GSynFlow}\right)}{\left(\mathrm{MParams}\right) \cdot \left(\mathrm{GradNorm}\right)} - \mathrm{MParams},GSynFlow Log MParams Grad_Norm Mul Div MParams Sub <EOS>,((log(GSynFlow) / (MParams * Grad_Norm)) - MParams),0.614400000,0.554900000,89,8,4,2135,run_monash_time_unique1000,7,1,Monash__bitcoin_dataset_without_missing_values/seed_2135/run_monash_time_unique1000/visualizations/archive_latex.tex
83,0.926126126,0.614400000,\frac{\frac{\log\left(\mathrm{GSynFlow}\right)}{\mathrm{GradNorm}}}{\mathrm{MParams}} - \mathrm{MParams},GSynFlow Log Grad_Norm Div MParams Div MParams Sub <EOS>,(((log(GSynFlow) / Grad_Norm) / MParams) - MParams),0.614400000,0.554900000,134,8,5,2071,run_monash_time_unique1000,8,1,Monash__bitcoin_dataset_without_missing_values/seed_2071/run_monash_time_unique1000/visualizations/archive_latex.tex
84,0.925225225,0.614200000,\left(\log\left(\left(\mathrm{GradNorm}\right) \cdot \left(\mathrm{ZiCo}\right)\right)\right) \cdot \left(-\log\left(\mathrm{MParams}\right)\right),Grad_Norm ZiCo Mul Log MParams Log Negative Mul <EOS>,(log((Grad_Norm * ZiCo)) * -(log(MParams))),0.614200000,0.521200000,10,8,4,2213,run_monash_time_unique1000,1,1,Monash__bitcoin_dataset_without_missing_values/seed_2213/run_monash_time_unique1000/visualizations/archive_latex.tex
85,0.924324324,0.612500000,\log\left(\mathrm{GradNorm} + \mathrm{GFLOPs}\right) - \left(\sqrt{\mathrm{Fisher}}\right) \cdot \left(\mathrm{MParams}\right),Grad_Norm GFLOPs Add Log Fisher Sqrt MParams Mul Sub <EOS>,(log((Grad_Norm + GFLOPs)) - (sqrt(Fisher) * MParams)),0.612500000,0.548100000,143,9,4,2039,run_monash_time_unique1000,1,4,Monash__bitcoin_dataset_without_missing_values/seed_2039/run_monash_time_unique1000/visualizations/archive_latex.tex
86,0.923423423,0.612500000,\log\left(\mathrm{GFLOPs} + \mathrm{GradNorm}\right) - \left(\sqrt{\mathrm{Fisher}}\right) \cdot \left(\mathrm{MParams}\right),GFLOPs Grad_Norm Add Log Fisher Sqrt MParams Mul Sub <EOS>,(log((GFLOPs + Grad_Norm)) - (sqrt(Fisher) * MParams)),0.612500000,0.548100000,112,9,4,2154,run_monash_time_unique1000,1,2,Monash__bitcoin_dataset_without_missing_values/seed_2154/run_monash_time_unique1000/visualizations/archive_latex.tex
87,0.922522523,0.612500000,\log\left(\mathrm{GradNorm} + \mathrm{GFLOPs}\right) - \left(\mathrm{MParams}\right) \cdot \left(\sqrt{\mathrm{Fisher}}\right),Grad_Norm GFLOPs Add Log MParams Fisher Sqrt Mul Sub <EOS>,(log((Grad_Norm + GFLOPs)) - (MParams * sqrt(Fisher))),0.612500000,0.548100000,49,9,4,2183,run_monash_time_unique1000,1,1,Monash__bitcoin_dataset_without_missing_values/seed_2183/run_monash_time_unique1000/visualizations/archive_latex.tex
88,0.921621622,0.612500000,\log\left(\mathrm{GFLOPs} + \mathrm{GradNorm}\right) - \left(\mathrm{MParams}\right) \cdot \left(\sqrt{\mathrm{Fisher}}\right),GFLOPs Grad_Norm Add Log MParams Fisher Sqrt Mul Sub <EOS>,(log((GFLOPs + Grad_Norm)) - (MParams * sqrt(Fisher))),0.612500000,0.548100000,181,9,4,2146,run_monash_time_unique1000,2,1,Monash__bitcoin_dataset_without_missing_values/seed_2146/run_monash_time_unique1000/visualizations/archive_latex.tex
89,0.920720721,0.612200000,\left(\left(\left(\mathrm{Snip}\right)^2\right) \cdot \left(-\mathrm{GFLOPs}\right) + \mathrm{JacobFro}\right) \cdot \left(\mathrm{GFLOPs}\right),Snip Square GFLOPs Negative Mul Jacob_fro Add GFLOPs Mul <EOS>,(((square(Snip) * -(GFLOPs)) + Jacob_fro) * GFLOPs),0.612200000,0.390800000,126,9,5,2029,run_monash_time_unique1000,1,2,Monash__bitcoin_dataset_without_missing_values/seed_2029/run_monash_time_unique1000/visualizations/archive_latex.tex
90,0.919819820,0.612000000,\log\left(\left(\mathrm{MParams}\right) \cdot \left(\mathrm{Snip}\right)\right) - \left(\mathrm{plain}\right) \cdot \left(\left(\mathrm{MParams}\right)^2\right),MParams Snip Mul Log plain MParams Square Mul Sub <EOS>,(log((MParams * Snip)) - (plain * square(MParams))),0.612000000,0.556900000,165,9,4,2058,run_monash_time_unique1000,1,5,Monash__bitcoin_dataset_without_missing_values/seed_2058/run_monash_time_unique1000/visualizations/archive_latex.tex
91,0.918918919,0.612000000,\log\left(\left(\mathrm{MParams}\right) \cdot \left(\mathrm{Snip}\right)\right) - \left(\left(\mathrm{MParams}\right)^2\right) \cdot \left(\mathrm{plain}\right),MParams Snip Mul Log MParams Square plain Mul Sub <EOS>,(log((MParams * Snip)) - (square(MParams) * plain)),0.612000000,0.556900000,72,9,4,2163,run_monash_time_unique1000,1,3,Monash__bitcoin_dataset_without_missing_values/seed_2163/run_monash_time_unique1000/visualizations/archive_latex.tex
92,0.918018018,0.612000000,\log\left(\left(\mathrm{Snip}\right) \cdot \left(\mathrm{MParams}\right)\right) - \left(\mathrm{plain}\right) \cdot \left(\left(\mathrm{MParams}\right)^2\right),Snip MParams Mul Log plain MParams Square Mul Sub <EOS>,(log((Snip * MParams)) - (plain * square(MParams))),0.612000000,0.556900000,154,9,4,2175,run_monash_time_unique1000,1,3,Monash__bitcoin_dataset_without_missing_values/seed_2175/run_monash_time_unique1000/visualizations/archive_latex.tex
93,0.917117117,0.612000000,\log\left(\left(\mathrm{Snip}\right) \cdot \left(\mathrm{MParams}\right)\right) - \left(\left(\mathrm{MParams}\right)^2\right) \cdot \left(\mathrm{plain}\right),Snip MParams Mul Log MParams Square plain Mul Sub <EOS>,(log((Snip * MParams)) - (square(MParams) * plain)),0.612000000,0.556900000,196,9,4,2181,run_monash_time_unique1000,1,1,Monash__bitcoin_dataset_without_missing_values/seed_2181/run_monash_time_unique1000/visualizations/archive_latex.tex
94,0.916216216,0.611900000,\frac{\log\left(\mathrm{GSynFlow}\right)}{\mathrm{GradNorm}} - \left(\sqrt{\mathrm{plain}}\right) \cdot \left(\mathrm{MParams}\right),GSynFlow Log Grad_Norm Div plain Sqrt MParams Mul Sub <EOS>,((log(GSynFlow) / Grad_Norm) - (sqrt(plain) * MParams)),0.611900000,0.525200000,102,9,4,2071,run_monash_time_unique1000,9,1,Monash__bitcoin_dataset_without_missing_values/seed_2071/run_monash_time_unique1000/visualizations/archive_latex.tex
95,0.915315315,0.611600000,\mathrm{ZiCo} - \log\left(\log\left(\left(\mathrm{GradNorm}\right) \cdot \left(\left(\mathrm{MParams}\right) \cdot \left(\mathrm{ZiCo}\right)\right)\right)\right),ZiCo Grad_Norm MParams ZiCo Mul Mul Log Log Sub <EOS>,(ZiCo - log(log((Grad_Norm * (MParams * ZiCo))))),0.611600000,0.559100000,156,9,6,2219,run_monash_time_unique1000,2,1,Monash__bitcoin_dataset_without_missing_values/seed_2219/run_monash_time_unique1000/visualizations/archive_latex.tex
96,0.914414414,0.611600000,\frac{\log\left(\mathrm{GSynFlow}\right)}{\mathrm{GradNorm}} - \left(\mathrm{MParams}\right)^2 - \mathrm{ZiCo},GSynFlow Log Grad_Norm Div MParams Square ZiCo Sub Sub <EOS>,((log(GSynFlow) / Grad_Norm) - (square(MParams) - ZiCo)),0.611600000,0.510800000,105,9,4,2071,run_monash_time_unique1000,10,1,Monash__bitcoin_dataset_without_missing_values/seed_2071/run_monash_time_unique1000/visualizations/archive_latex.tex
97,0.913513514,0.611500000,\mathrm{GradNorm} - \left(\left(\left(\mathrm{MParams}\right)^2\right) \cdot \left(\mathrm{plain}\right)\right)^2 + \mathrm{L2Norm},Grad_Norm MParams Square plain Mul Square Sub L2-Norm Add <EOS>,((Grad_Norm - square((square(MParams) * plain))) + L2-Norm),0.611500000,0.430700000,67,9,6,2081,run_monash_time_unique1000,1,1,Monash__bitcoin_dataset_without_missing_values/seed_2081/run_monash_time_unique1000/visualizations/archive_latex.tex
98,0.912612613,0.611500000,\mathrm{L2Norm} + \mathrm{GradNorm} - \left(\left(\left(\mathrm{MParams}\right)^2\right) \cdot \left(\mathrm{plain}\right)\right)^2,L2-Norm Grad_Norm Add MParams Square plain Mul Square Sub <EOS>,((L2-Norm + Grad_Norm) - square((square(MParams) * plain))),0.611500000,0.430700000,119,9,5,2167,run_monash_time_unique1000,2,1,Monash__bitcoin_dataset_without_missing_values/seed_2167/run_monash_time_unique1000/visualizations/archive_latex.tex
99,0.911711712,0.611500000,\left(\sqrt{\mathrm{Snip}} - \left(\log\left(\mathrm{MParams}\right)\right) \cdot \left(\mathrm{GradNorm}\right)\right) \cdot \left(\mathrm{MParams}\right),Snip Sqrt MParams Log Grad_Norm Mul Sub MParams Mul <EOS>,((sqrt(Snip) - (log(MParams) * Grad_Norm)) * MParams),0.611500000,0.516400000,106,9,5,2049,run_monash_time_unique1000,3,1,Monash__bitcoin_dataset_without_missing_values/seed_2049/run_monash_time_unique1000/visualizations/archive_latex.tex
100,0.910810811,0.611500000,\mathrm{GradNorm} + \mathrm{L2Norm} - \left(\left(\mathrm{plain}\right) \cdot \left(\left(\mathrm{MParams}\right)^2\right)\right)^2,Grad_Norm L2-Norm Add plain MParams Square Mul Square Sub <EOS>,((Grad_Norm + L2-Norm) - square((plain * square(MParams)))),0.611500000,0.430700000,66,9,5,2100,run_monash_time_unique1000,4,1,Monash__bitcoin_dataset_without_missing_values/seed_2100/run_monash_time_unique1000/visualizations/archive_latex.tex
101,0.909909910,0.610800000,\frac{\log\left(\sqrt{\left(\mathrm{GSynFlow}\right) \cdot \left(\mathrm{MParams}\right)}\right)}{\mathrm{GradNorm}} - \mathrm{MParams},GSynFlow MParams Mul Sqrt Log Grad_Norm Div MParams Sub <EOS>,((log(sqrt((GSynFlow * MParams))) / Grad_Norm) - MParams),0.610800000,0.529600000,126,9,6,2079,run_monash_time_unique1000,3,1,Monash__bitcoin_dataset_without_missing_values/seed_2079/run_monash_time_unique1000/visualizations/archive_latex.tex
102,0.909009009,0.610800000,\mathrm{ZiCo} - \sqrt{\log\left(\left(\mathrm{GradNorm}\right) \cdot \left(\left(\mathrm{MParams}\right) \cdot \left(\mathrm{ZiCo}\right)\right)\right)},ZiCo Grad_Norm MParams ZiCo Mul Mul Log Sqrt Sub <EOS>,(ZiCo - sqrt(log((Grad_Norm * (MParams * ZiCo))))),0.610800000,0.553400000,151,9,6,2219,run_monash_time_unique1000,3,1,Monash__bitcoin_dataset_without_missing_values/seed_2219/run_monash_time_unique1000/visualizations/archive_latex.tex
103,0.908108108,0.610800000,\frac{\log\left(\mathrm{GSynFlow}\right)}{\mathrm{ZiCo} + \mathrm{GradNorm}} - \left(\mathrm{MParams}\right)^2,GSynFlow Log ZiCo Grad_Norm Add Div MParams Square Sub <EOS>,((log(GSynFlow) / (ZiCo + Grad_Norm)) - square(MParams)),0.610800000,0.506900000,105,9,4,2135,run_monash_time_unique1000,8,1,Monash__bitcoin_dataset_without_missing_values/seed_2135/run_monash_time_unique1000/visualizations/archive_latex.tex
104,0.907207207,0.610700000,\left(\mathrm{GSynFlow}\right) \cdot \left(\log\left(\mathrm{Snip}\right) - \left(\left(\mathrm{MParams}\right)^2\right) \cdot \left(\mathrm{plain}\right)\right),GSynFlow Snip Log MParams Square plain Mul Sub Mul <EOS>,(GSynFlow * (log(Snip) - (square(MParams) * plain))),0.610700000,0.474800000,51,9,5,2068,run_monash_time_unique1000,2,1,Monash__bitcoin_dataset_without_missing_values/seed_2068/run_monash_time_unique1000/visualizations/archive_latex.tex
105,0.906306306,0.610700000,\left(\log\left(\mathrm{Snip}\right) - \left(\mathrm{plain}\right) \cdot \left(\left(\mathrm{MParams}\right)^2\right)\right) \cdot \left(\mathrm{GSynFlow}\right),Snip Log plain MParams Square Mul Sub GSynFlow Mul <EOS>,((log(Snip) - (plain * square(MParams))) * GSynFlow),0.610700000,0.474800000,107,9,5,2062,run_monash_time_unique1000,3,2,Monash__bitcoin_dataset_without_missing_values/seed_2062/run_monash_time_unique1000/visualizations/archive_latex.tex
106,0.905405405,0.610700000,\left(\mathrm{GSynFlow}\right) \cdot \left(\log\left(\mathrm{Snip}\right) - \left(\mathrm{plain}\right) \cdot \left(\left(\mathrm{MParams}\right)^2\right)\right),GSynFlow Snip Log plain MParams Square Mul Sub Mul <EOS>,(GSynFlow * (log(Snip) - (plain * square(MParams)))),0.610700000,0.474800000,27,9,5,2136,run_monash_time_unique1000,4,1,Monash__bitcoin_dataset_without_missing_values/seed_2136/run_monash_time_unique1000/visualizations/archive_latex.tex
107,0.904504505,0.610300000,\sqrt{\mathrm{L2Norm} - \left(\left(\log\left(\mathrm{MParams}\right)\right) \cdot \left(\mathrm{L2Norm}\right)\right) \cdot \left(\mathrm{Fisher}\right)},L2-Norm MParams Log L2-Norm Mul Fisher Mul Sub Sqrt <EOS>,sqrt((L2-Norm - ((log(MParams) * L2-Norm) * Fisher))),0.610300000,0.514800000,129,9,6,2049,run_monash_time_unique1000,4,1,Monash__bitcoin_dataset_without_missing_values/seed_2049/run_monash_time_unique1000/visualizations/archive_latex.tex
108,0.903603604,0.610100000,\sqrt{\mathrm{Fisher}} - \frac{\mathrm{GSynFlow}}{\log\left(\left(\mathrm{Fisher}\right) \cdot \left(\mathrm{MParams}\right)\right)},Fisher Sqrt GSynFlow Fisher MParams Mul Log Div Sub <EOS>,(sqrt(Fisher) - (GSynFlow / log((Fisher * MParams)))),0.610100000,0.441700000,23,9,5,2118,run_monash_time_unique1000,4,1,Monash__bitcoin_dataset_without_missing_values/seed_2118/run_monash_time_unique1000/visualizations/archive_latex.tex
109,0.902702703,0.609000000,\left(\log\left(\left(\mathrm{GradNorm}\right) \cdot \left(\mathrm{GFLOPs}\right)\right) - \left(\mathrm{plain}\right) \cdot \left(\mathrm{MParams}\right)\right)^2,Grad_Norm GFLOPs Mul Log plain MParams Mul Sub Square <EOS>,square((log((Grad_Norm * GFLOPs)) - (plain * MParams))),0.609000000,0.498900000,188,9,5,2037,run_monash_time_unique1000,1,4,Monash__bitcoin_dataset_without_missing_values/seed_2037/run_monash_time_unique1000/visualizations/archive_latex.tex
110,0.901801802,0.609000000,\log\left(\left(\mathrm{MParams}\right) \cdot \left(\mathrm{plain}\right) - \log\left(\left(\mathrm{GradNorm}\right) \cdot \left(\mathrm{GFLOPs}\right)\right)\right),MParams plain Mul Grad_Norm GFLOPs Mul Log Sub Log <EOS>,log(((MParams * plain) - log((Grad_Norm * GFLOPs)))),0.609000000,0.498900000,148,9,5,2069,run_monash_time_unique1000,1,1,Monash__bitcoin_dataset_without_missing_values/seed_2069/run_monash_time_unique1000/visualizations/archive_latex.tex
111,0.900900901,0.609000000,\sqrt{\left(\mathrm{MParams}\right) \cdot \left(\mathrm{plain}\right) - \log\left(\left(\mathrm{GFLOPs}\right) \cdot \left(\mathrm{GradNorm}\right)\right)},MParams plain Mul GFLOPs Grad_Norm Mul Log Sub Sqrt <EOS>,sqrt(((MParams * plain) - log((GFLOPs * Grad_Norm)))),0.609000000,0.498900000,107,9,5,2097,run_monash_time_unique1000,1,1,Monash__bitcoin_dataset_without_missing_values/seed_2097/run_monash_time_unique1000/visualizations/archive_latex.tex
112,0.900000000,0.609000000,\left(\log\left(\left(\mathrm{GFLOPs}\right) \cdot \left(\mathrm{GradNorm}\right)\right) - \left(\mathrm{plain}\right) \cdot \left(\mathrm{MParams}\right)\right)^2,GFLOPs Grad_Norm Mul Log plain MParams Mul Sub Square <EOS>,square((log((GFLOPs * Grad_Norm)) - (plain * MParams))),0.609000000,0.498900000,133,9,5,2105,run_monash_time_unique1000,1,2,Monash__bitcoin_dataset_without_missing_values/seed_2105/run_monash_time_unique1000/visualizations/archive_latex.tex
113,0.899099099,0.609000000,\log\left(\log\left(\left(\mathrm{GFLOPs}\right) \cdot \left(\mathrm{GradNorm}\right)\right) - \left(\mathrm{plain}\right) \cdot \left(\mathrm{MParams}\right)\right),GFLOPs Grad_Norm Mul Log plain MParams Mul Sub Log <EOS>,log((log((GFLOPs * Grad_Norm)) - (plain * MParams))),0.609000000,0.498900000,110,9,5,2132,run_monash_time_unique1000,1,3,Monash__bitcoin_dataset_without_missing_values/seed_2132/run_monash_time_unique1000/visualizations/archive_latex.tex
114,0.898198198,0.609000000,\left(\log\left(\left(\mathrm{GFLOPs}\right) \cdot \left(\mathrm{GradNorm}\right)\right) - \left(\mathrm{MParams}\right) \cdot \left(\mathrm{plain}\right)\right)^2,GFLOPs Grad_Norm Mul Log MParams plain Mul Sub Square <EOS>,square((log((GFLOPs * Grad_Norm)) - (MParams * plain))),0.609000000,0.498900000,133,9,5,2133,run_monash_time_unique1000,1,1,Monash__bitcoin_dataset_without_missing_values/seed_2133/run_monash_time_unique1000/visualizations/archive_latex.tex
115,0.897297297,0.609000000,\sqrt{\left(\mathrm{plain}\right) \cdot \left(\mathrm{MParams}\right) - \log\left(\left(\mathrm{GFLOPs}\right) \cdot \left(\mathrm{GradNorm}\right)\right)},plain MParams Mul GFLOPs Grad_Norm Mul Log Sub Sqrt <EOS>,sqrt(((plain * MParams) - log((GFLOPs * Grad_Norm)))),0.609000000,0.498900000,121,9,5,2160,run_monash_time_unique1000,1,1,Monash__bitcoin_dataset_without_missing_values/seed_2160/run_monash_time_unique1000/visualizations/archive_latex.tex
116,0.896396396,0.609000000,\sqrt{\log\left(\left(\mathrm{GFLOPs}\right) \cdot \left(\mathrm{GradNorm}\right)\right) - \left(\mathrm{plain}\right) \cdot \left(\mathrm{MParams}\right)},GFLOPs Grad_Norm Mul Log plain MParams Mul Sub Sqrt <EOS>,sqrt((log((GFLOPs * Grad_Norm)) - (plain * MParams))),0.609000000,0.498900000,113,9,5,2188,run_monash_time_unique1000,1,2,Monash__bitcoin_dataset_without_missing_values/seed_2188/run_monash_time_unique1000/visualizations/archive_latex.tex
117,0.895495495,0.609000000,\log\left(\log\left(\left(\mathrm{GFLOPs}\right) \cdot \left(\mathrm{GradNorm}\right)\right) - \left(\mathrm{MParams}\right) \cdot \left(\mathrm{plain}\right)\right),GFLOPs Grad_Norm Mul Log MParams plain Mul Sub Log <EOS>,log((log((GFLOPs * Grad_Norm)) - (MParams * plain))),0.609000000,0.498900000,26,9,5,2046,run_monash_time_unique1000,2,2,Monash__bitcoin_dataset_without_missing_values/seed_2046/run_monash_time_unique1000/visualizations/archive_latex.tex
118,0.894594595,0.609000000,\frac{\log\left(\mathrm{MParams}\right) + \mathrm{GradNorm}}{\mathrm{plain} + \mathrm{Snip}},MParams Log Grad_Norm Add plain Snip Add Div <EOS>,((log(MParams) + Grad_Norm) / (plain + Snip)),0.609000000,0.465200000,164,8,4,2087,run_monash_time_unique1000,2,1,Monash__bitcoin_dataset_without_missing_values/seed_2087/run_monash_time_unique1000/visualizations/archive_latex.tex
119,0.893693694,0.609000000,\sqrt{\log\left(\left(\mathrm{GFLOPs}\right) \cdot \left(\mathrm{GradNorm}\right)\right) - \left(\mathrm{MParams}\right) \cdot \left(\mathrm{plain}\right)},GFLOPs Grad_Norm Mul Log MParams plain Mul Sub Sqrt <EOS>,sqrt((log((GFLOPs * Grad_Norm)) - (MParams * plain))),0.609000000,0.498900000,149,9,5,2093,run_monash_time_unique1000,2,1,Monash__bitcoin_dataset_without_missing_values/seed_2093/run_monash_time_unique1000/visualizations/archive_latex.tex
120,0.892792793,0.609000000,\log\left(\left(\mathrm{plain}\right) \cdot \left(\mathrm{MParams}\right) - \log\left(\left(\mathrm{GradNorm}\right) \cdot \left(\mathrm{GFLOPs}\right)\right)\right),plain MParams Mul Grad_Norm GFLOPs Mul Log Sub Log <EOS>,log(((plain * MParams) - log((Grad_Norm * GFLOPs)))),0.609000000,0.498900000,106,9,5,2176,run_monash_time_unique1000,2,1,Monash__bitcoin_dataset_without_missing_values/seed_2176/run_monash_time_unique1000/visualizations/archive_latex.tex
121,0.891891892,0.608900000,\log\left(\left(\mathrm{GFLOPs} + \mathrm{GradNorm}\right)^2\right) - \left(\mathrm{MParams}\right) \cdot \left(\mathrm{plain}\right),GFLOPs Grad_Norm Add Square Log MParams plain Mul Sub <EOS>,(log(square((GFLOPs + Grad_Norm))) - (MParams * plain)),0.608900000,0.516900000,56,9,5,2167,run_monash_time_unique1000,3,1,Monash__bitcoin_dataset_without_missing_values/seed_2167/run_monash_time_unique1000/visualizations/archive_latex.tex
122,0.890990991,0.606900000,\frac{\log\left(\sqrt{\mathrm{GSynFlow}}\right) + \mathrm{MParams}}{\mathrm{GradNorm}} - \mathrm{MParams},GSynFlow Sqrt Log MParams Add Grad_Norm Div MParams Sub <EOS>,(((log(sqrt(GSynFlow)) + MParams) / Grad_Norm) - MParams),0.606900000,0.498100000,108,9,6,2226,run_monash_time_unique1000,5,1,Monash__bitcoin_dataset_without_missing_values/seed_2226/run_monash_time_unique1000/visualizations/archive_latex.tex
123,0.890090090,0.606700000,\frac{\mathrm{L2Norm}}{\left(\log\left(\left(\mathrm{GradNorm}\right) \cdot \left(\left(\mathrm{MParams}\right) \cdot \left(\mathrm{ZiCo}\right)\right)\right)\right)^2},L2-Norm Grad_Norm MParams ZiCo Mul Mul Log Square Div <EOS>,(L2-Norm / square(log((Grad_Norm * (MParams * ZiCo))))),0.606700000,0.564400000,193,9,6,2219,run_monash_time_unique1000,4,1,Monash__bitcoin_dataset_without_missing_values/seed_2219/run_monash_time_unique1000/visualizations/archive_latex.tex
124,0.889189189,0.606200000,\left(\mathrm{Snip}\right) \cdot \left(\sqrt{\frac{\log\left(\mathrm{JacobFro}\right)}{\mathrm{plain}}} - \mathrm{MParams}\right),Snip Jacob_fro Log plain Div Sqrt MParams Sub Mul <EOS>,(Snip * (sqrt((log(Jacob_fro) / plain)) - MParams)),0.606200000,0.537400000,24,9,6,2195,run_monash_time_unique1000,6,1,Monash__bitcoin_dataset_without_missing_values/seed_2195/run_monash_time_unique1000/visualizations/archive_latex.tex
125,0.888288288,0.606100000,\frac{\frac{\log\left(\mathrm{GSynFlow}\right)}{\mathrm{GradNorm}}}{\mathrm{MParams}} - \mathrm{GFLOPs},GSynFlow Log Grad_Norm Div MParams Div GFLOPs Sub <EOS>,(((log(GSynFlow) / Grad_Norm) / MParams) - GFLOPs),0.606100000,0.520200000,142,8,5,2052,run_monash_time_unique1000,1,1,Monash__bitcoin_dataset_without_missing_values/seed_2052/run_monash_time_unique1000/visualizations/archive_latex.tex
126,0.887387387,0.606100000,\frac{\frac{\log\left(\mathrm{GSynFlow}\right)}{\mathrm{MParams}}}{\mathrm{GradNorm}} - \mathrm{GFLOPs},GSynFlow Log MParams Div Grad_Norm Div GFLOPs Sub <EOS>,(((log(GSynFlow) / MParams) / Grad_Norm) - GFLOPs),0.606100000,0.520200000,113,8,5,2111,run_monash_time_unique1000,3,1,Monash__bitcoin_dataset_without_missing_values/seed_2111/run_monash_time_unique1000/visualizations/archive_latex.tex
127,0.886486486,0.606100000,\frac{\log\left(\mathrm{GSynFlow}\right)}{\left(\mathrm{GradNorm}\right) \cdot \left(\mathrm{MParams}\right)} - \mathrm{GFLOPs},GSynFlow Log Grad_Norm MParams Mul Div GFLOPs Sub <EOS>,((log(GSynFlow) / (Grad_Norm * MParams)) - GFLOPs),0.606100000,0.520200000,103,8,4,2040,run_monash_time_unique1000,4,2,Monash__bitcoin_dataset_without_missing_values/seed_2040/run_monash_time_unique1000/visualizations/archive_latex.tex
128,0.885585586,0.606100000,\frac{\log\left(\mathrm{GSynFlow}\right)}{\left(\mathrm{MParams}\right) \cdot \left(\mathrm{GradNorm}\right)} - \mathrm{GFLOPs},GSynFlow Log MParams Grad_Norm Mul Div GFLOPs Sub <EOS>,((log(GSynFlow) / (MParams * Grad_Norm)) - GFLOPs),0.606100000,0.520200000,101,8,4,2135,run_monash_time_unique1000,9,1,Monash__bitcoin_dataset_without_missing_values/seed_2135/run_monash_time_unique1000/visualizations/archive_latex.tex
129,0.884684685,0.605600000,\frac{\frac{\log\left(\mathrm{GSynFlow}\right)}{\mathrm{MParams}}}{\left(\mathrm{GradNorm}\right)^2} - \mathrm{MParams},GSynFlow Log MParams Div Grad_Norm Square Div MParams Sub <EOS>,(((log(GSynFlow) / MParams) / square(Grad_Norm)) - MParams),0.605600000,0.523300000,119,9,5,2226,run_monash_time_unique1000,6,1,Monash__bitcoin_dataset_without_missing_values/seed_2226/run_monash_time_unique1000/visualizations/archive_latex.tex
130,0.883783784,0.605600000,\frac{\log\left(\mathrm{GSynFlow}\right)}{\left(\mathrm{MParams}\right) \cdot \left(\left(\mathrm{GradNorm}\right)^2\right)} - \mathrm{MParams},GSynFlow Log MParams Grad_Norm Square Mul Div MParams Sub <EOS>,((log(GSynFlow) / (MParams * square(Grad_Norm))) - MParams),0.605600000,0.523300000,39,9,5,2101,run_monash_time_unique1000,8,2,Monash__bitcoin_dataset_without_missing_values/seed_2101/run_monash_time_unique1000/visualizations/archive_latex.tex
131,0.882882883,0.605500000,\frac{\log\left(\frac{\mathrm{Snip}}{\mathrm{L2Norm}}\right)}{\mathrm{MParams}} - \log\left(\mathrm{Snip}\right),Snip L2-Norm Div Log MParams Div Snip Log Sub <EOS>,((log((Snip / L2-Norm)) / MParams) - log(Snip)),0.605500000,0.523300000,142,9,5,2053,run_monash_time_unique1000,3,1,Monash__bitcoin_dataset_without_missing_values/seed_2053/run_monash_time_unique1000/visualizations/archive_latex.tex
132,0.881981982,0.604700000,\frac{\log\left(\frac{\mathrm{GSynFlow}}{\log\left(\mathrm{MParams}\right)}\right)}{\mathrm{GradNorm}} - \mathrm{MParams},GSynFlow MParams Log Div Log Grad_Norm Div MParams Sub <EOS>,((log((GSynFlow / log(MParams))) / Grad_Norm) - MParams),0.604700000,0.536100000,177,9,6,2040,run_monash_time_unique1000,5,1,Monash__bitcoin_dataset_without_missing_values/seed_2040/run_monash_time_unique1000/visualizations/archive_latex.tex
133,0.881081081,0.604600000,\log\left(\left(\mathrm{GFLOPs}\right) \cdot \left(\mathrm{JacobFro}\right)\right) - \left(\mathrm{Fisher}\right) \cdot \left(\left(\mathrm{MParams}\right)^2\right),GFLOPs Jacob_fro Mul Log Fisher MParams Square Mul Sub <EOS>,(log((GFLOPs * Jacob_fro)) - (Fisher * square(MParams))),0.604600000,0.446900000,119,9,4,2080,run_monash_time_unique1000,1,7,Monash__bitcoin_dataset_without_missing_values/seed_2080/run_monash_time_unique1000/visualizations/archive_latex.tex
134,0.880180180,0.604600000,\log\left(\left(\mathrm{JacobFro}\right) \cdot \left(\mathrm{GFLOPs}\right)\right) - \left(\left(\mathrm{MParams}\right)^2\right) \cdot \left(\mathrm{Fisher}\right),Jacob_fro GFLOPs Mul Log MParams Square Fisher Mul Sub <EOS>,(log((Jacob_fro * GFLOPs)) - (square(MParams) * Fisher)),0.604600000,0.446900000,76,9,4,2099,run_monash_time_unique1000,1,4,Monash__bitcoin_dataset_without_missing_values/seed_2099/run_monash_time_unique1000/visualizations/archive_latex.tex
135,0.879279279,0.604600000,\log\left(\left(\mathrm{GFLOPs}\right) \cdot \left(\mathrm{JacobFro}\right)\right) - \left(\left(\mathrm{MParams}\right)^2\right) \cdot \left(\mathrm{Fisher}\right),GFLOPs Jacob_fro Mul Log MParams Square Fisher Mul Sub <EOS>,(log((GFLOPs * Jacob_fro)) - (square(MParams) * Fisher)),0.604600000,0.446900000,142,9,4,2143,run_monash_time_unique1000,1,5,Monash__bitcoin_dataset_without_missing_values/seed_2143/run_monash_time_unique1000/visualizations/archive_latex.tex
136,0.878378378,0.604600000,\log\left(\left(\mathrm{JacobFro}\right) \cdot \left(\mathrm{GFLOPs}\right)\right) - \left(\mathrm{Fisher}\right) \cdot \left(\left(\mathrm{MParams}\right)^2\right),Jacob_fro GFLOPs Mul Log Fisher MParams Square Mul Sub <EOS>,(log((Jacob_fro * GFLOPs)) - (Fisher * square(MParams))),0.604600000,0.446900000,156,9,4,2211,run_monash_time_unique1000,1,5,Monash__bitcoin_dataset_without_missing_values/seed_2211/run_monash_time_unique1000/visualizations/archive_latex.tex
137,0.877477477,0.604300000,\left(\mathrm{Fisher}\right) \cdot \left(\frac{\mathrm{GSynFlow}}{\sqrt{\log\left(\mathrm{L2Norm}\right)} - \mathrm{MParams}}\right),Fisher GSynFlow L2-Norm Log Sqrt MParams Sub Div Mul <EOS>,(Fisher * (GSynFlow / (sqrt(log(L2-Norm)) - MParams))),0.604300000,0.439700000,118,9,6,2157,run_monash_time_unique1000,1,1,Monash__bitcoin_dataset_without_missing_values/seed_2157/run_monash_time_unique1000/visualizations/archive_latex.tex
138,0.876576577,0.603500000,\frac{\log\left(\mathrm{GSynFlow}\right)}{\left(\mathrm{GradNorm}\right) \cdot \left(\sqrt{\mathrm{MParams}}\right)} - \mathrm{MParams},GSynFlow Log Grad_Norm MParams Sqrt Mul Div MParams Sub <EOS>,((log(GSynFlow) / (Grad_Norm * sqrt(MParams))) - MParams),0.603500000,0.553800000,104,9,5,2040,run_monash_time_unique1000,6,2,Monash__bitcoin_dataset_without_missing_values/seed_2040/run_monash_time_unique1000/visualizations/archive_latex.tex
139,0.875675676,0.603300000,\sqrt{\frac{\mathrm{JacobFro}}{\sqrt{\log\left(\mathrm{Fisher}\right)} - \left(\mathrm{MParams}\right)^2}},Jacob_fro Fisher Log Sqrt MParams Square Sub Div Sqrt <EOS>,sqrt((Jacob_fro / (sqrt(log(Fisher)) - square(MParams)))),0.603300000,0.448100000,83,9,6,2092,run_monash_time_unique1000,1,1,Monash__bitcoin_dataset_without_missing_values/seed_2092/run_monash_time_unique1000/visualizations/archive_latex.tex
140,0.874774775,0.603300000,\frac{\left(\mathrm{GFLOPs}\right)^2 - \mathrm{Snip}}{\log\left(\left(\mathrm{GFLOPs}\right) \cdot \left(\mathrm{ZiCo}\right)\right)},GFLOPs Square Snip Sub GFLOPs ZiCo Mul Log Div <EOS>,((square(GFLOPs) - Snip) / log((GFLOPs * ZiCo))),0.603300000,0.535300000,103,9,4,2196,run_monash_time_unique1000,1,1,Monash__bitcoin_dataset_without_missing_values/seed_2196/run_monash_time_unique1000/visualizations/archive_latex.tex
141,0.873873874,0.602900000,\frac{\log\left(\left(\mathrm{GSynFlow}\right) \cdot \left(\mathrm{GSynFlow}\right)\right)}{\sqrt{\mathrm{GraSP}}} - \mathrm{MParams},GSynFlow GSynFlow Mul Log GraSP Sqrt Div MParams Sub <EOS>,((log((GSynFlow * GSynFlow)) / sqrt(GraSP)) - MParams),0.602900000,0.522900000,125,9,5,2215,run_monash_time_unique1000,1,1,Monash__bitcoin_dataset_without_missing_values/seed_2215/run_monash_time_unique1000/visualizations/archive_latex.tex
142,0.872972973,0.602900000,\frac{\log\left(\left(\mathrm{GSynFlow}\right)^2\right)}{\sqrt{-\mathrm{GraSP}}} - \mathrm{MParams},GSynFlow Square Log GraSP Negative Sqrt Div MParams Sub <EOS>,((log(square(GSynFlow)) / sqrt(-(GraSP))) - MParams),0.602900000,0.522900000,38,9,5,2108,run_monash_time_unique1000,2,1,Monash__bitcoin_dataset_without_missing_values/seed_2108/run_monash_time_unique1000/visualizations/archive_latex.tex
143,0.872072072,0.602400000,\left(\log\left(\mathrm{MParams}\right)\right) \cdot \left(\mathrm{L2Norm} - \mathrm{GradNorm} - \mathrm{Snip}\right),MParams Log L2-Norm Grad_Norm Sub Snip Sub Mul <EOS>,(log(MParams) * ((L2-Norm - Grad_Norm) - Snip)),0.602400000,0.520200000,200,8,4,2064,run_monash_time_unique1000,1,1,Monash__bitcoin_dataset_without_missing_values/seed_2064/run_monash_time_unique1000/visualizations/archive_latex.tex
144,0.871171171,0.602300000,\left(\mathrm{GradNorm}\right) \cdot \left(\sqrt{\frac{\mathrm{GradNorm}}{\mathrm{Fisher}}} - \left(\mathrm{MParams}\right)^2\right),Grad_Norm Grad_Norm Fisher Div Sqrt MParams Square Sub Mul <EOS>,(Grad_Norm * (sqrt((Grad_Norm / Fisher)) - square(MParams))),0.602300000,0.570500000,61,9,5,2124,run_monash_time_unique1000,4,3,Monash__bitcoin_dataset_without_missing_values/seed_2124/run_monash_time_unique1000/visualizations/archive_latex.tex
145,0.870270270,0.602100000,\log\left(\mathrm{GradNorm} + \mathrm{GFLOPs}\right) - \left(\mathrm{Fisher}\right) \cdot \left(\left(\mathrm{MParams}\right)^2\right),Grad_Norm GFLOPs Add Log Fisher MParams Square Mul Sub <EOS>,(log((Grad_Norm + GFLOPs)) - (Fisher * square(MParams))),0.602100000,0.562300000,46,9,4,2149,run_monash_time_unique1000,1,9,Monash__bitcoin_dataset_without_missing_values/seed_2149/run_monash_time_unique1000/visualizations/archive_latex.tex
146,0.869369369,0.602100000,\log\left(\mathrm{GradNorm} + \mathrm{GFLOPs}\right) - \left(\left(\mathrm{MParams}\right)^2\right) \cdot \left(\mathrm{Fisher}\right),Grad_Norm GFLOPs Add Log MParams Square Fisher Mul Sub <EOS>,(log((Grad_Norm + GFLOPs)) - (square(MParams) * Fisher)),0.602100000,0.562300000,68,9,4,2199,run_monash_time_unique1000,1,12,Monash__bitcoin_dataset_without_missing_values/seed_2199/run_monash_time_unique1000/visualizations/archive_latex.tex
147,0.868468468,0.602100000,\log\left(\mathrm{GFLOPs} + \mathrm{GradNorm}\right) - \left(\left(\mathrm{MParams}\right)^2\right) \cdot \left(\mathrm{Fisher}\right),GFLOPs Grad_Norm Add Log MParams Square Fisher Mul Sub <EOS>,(log((GFLOPs + Grad_Norm)) - (square(MParams) * Fisher)),0.602100000,0.562300000,119,9,4,2073,run_monash_time_unique1000,2,6,Monash__bitcoin_dataset_without_missing_values/seed_2073/run_monash_time_unique1000/visualizations/archive_latex.tex
148,0.867567568,0.602100000,\log\left(\mathrm{GFLOPs} + \mathrm{GradNorm}\right) - \left(\mathrm{Fisher}\right) \cdot \left(\left(\mathrm{MParams}\right)^2\right),GFLOPs Grad_Norm Add Log Fisher MParams Square Mul Sub <EOS>,(log((GFLOPs + Grad_Norm)) - (Fisher * square(MParams))),0.602100000,0.562300000,49,9,4,2211,run_monash_time_unique1000,2,8,Monash__bitcoin_dataset_without_missing_values/seed_2211/run_monash_time_unique1000/visualizations/archive_latex.tex
149,0.866666667,0.601200000,\mathrm{L2Norm} - \left(\mathrm{MParams} + \log\left(\mathrm{ZiCo}\right)\right) \cdot \left(\left(\mathrm{GradNorm}\right)^2\right),L2-Norm MParams ZiCo Log Add Grad_Norm Square Mul Sub <EOS>,(L2-Norm - ((MParams + log(ZiCo)) * square(Grad_Norm))),0.601200000,0.576200000,168,9,5,2207,run_monash_time_unique1000,1,1,Monash__bitcoin_dataset_without_missing_values/seed_2207/run_monash_time_unique1000/visualizations/archive_latex.tex
150,0.865765766,0.601200000,\mathrm{L2Norm} - \left(\left(\mathrm{GradNorm}\right)^2\right) \cdot \left(\mathrm{MParams} + \log\left(\mathrm{ZiCo}\right)\right),L2-Norm Grad_Norm Square MParams ZiCo Log Add Mul Sub <EOS>,(L2-Norm - (square(Grad_Norm) * (MParams + log(ZiCo)))),0.601200000,0.576200000,147,9,5,2208,run_monash_time_unique1000,1,1,Monash__bitcoin_dataset_without_missing_values/seed_2208/run_monash_time_unique1000/visualizations/archive_latex.tex
151,0.864864865,0.600900000,\frac{\mathrm{ZiCo}}{\left(\log\left(\left(\mathrm{GradNorm}\right) \cdot \left(\left(\mathrm{MParams}\right) \cdot \left(\mathrm{ZiCo}\right)\right)\right)\right)^2},ZiCo Grad_Norm MParams ZiCo Mul Mul Log Square Div <EOS>,(ZiCo / square(log((Grad_Norm * (MParams * ZiCo))))),0.600900000,0.556600000,186,9,6,2219,run_monash_time_unique1000,5,1,Monash__bitcoin_dataset_without_missing_values/seed_2219/run_monash_time_unique1000/visualizations/archive_latex.tex
152,0.863963964,0.600800000,\frac{\mathrm{GradNorm}}{\frac{\sqrt{\log\left(\mathrm{L2Norm}\right)} - \mathrm{MParams}}{\mathrm{JacobFro}}},Grad_Norm L2-Norm Log Sqrt MParams Sub Jacob_fro Div Div <EOS>,(Grad_Norm / ((sqrt(log(L2-Norm)) - MParams) / Jacob_fro)),0.600800000,0.478700000,86,9,6,2096,run_monash_time_unique1000,1,1,Monash__bitcoin_dataset_without_missing_values/seed_2096/run_monash_time_unique1000/visualizations/archive_latex.tex
153,0.863063063,0.600800000,\left(\frac{\mathrm{GradNorm}}{\sqrt{\log\left(\mathrm{L2Norm}\right)} - \mathrm{MParams}}\right) \cdot \left(\mathrm{JacobFro}\right),Grad_Norm L2-Norm Log Sqrt MParams Sub Div Jacob_fro Mul <EOS>,((Grad_Norm / (sqrt(log(L2-Norm)) - MParams)) * Jacob_fro),0.600800000,0.478700000,12,9,6,2092,run_monash_time_unique1000,2,1,Monash__bitcoin_dataset_without_missing_values/seed_2092/run_monash_time_unique1000/visualizations/archive_latex.tex
154,0.862162162,0.600800000,\frac{\left(\mathrm{JacobFro}\right) \cdot \left(\mathrm{GradNorm}\right)}{\sqrt{\log\left(\mathrm{L2Norm}\right)} - \mathrm{MParams}},Jacob_fro Grad_Norm Mul L2-Norm Log Sqrt MParams Sub Div <EOS>,((Jacob_fro * Grad_Norm) / (sqrt(log(L2-Norm)) - MParams)),0.600800000,0.478700000,32,9,5,2030,run_monash_time_unique1000,3,1,Monash__bitcoin_dataset_without_missing_values/seed_2030/run_monash_time_unique1000/visualizations/archive_latex.tex
155,0.861261261,0.600800000,\frac{\log\left(\sqrt{\frac{\mathrm{GSynFlow}}{\mathrm{GradNorm}}}\right)}{\mathrm{GradNorm}} - \mathrm{MParams},GSynFlow Grad_Norm Div Sqrt Log Grad_Norm Div MParams Sub <EOS>,((log(sqrt((GSynFlow / Grad_Norm))) / Grad_Norm) - MParams),0.600800000,0.509100000,128,9,6,2079,run_monash_time_unique1000,4,1,Monash__bitcoin_dataset_without_missing_values/seed_2079/run_monash_time_unique1000/visualizations/archive_latex.tex
156,0.860360360,0.600700000,\frac{\log\left(\left(\mathrm{GradNorm}\right) \cdot \left(\mathrm{Fisher}\right)\right)}{\mathrm{GFLOPs}} - \log\left(\mathrm{plain}\right),Grad_Norm Fisher Mul Log GFLOPs Div plain Log Sub <EOS>,((log((Grad_Norm * Fisher)) / GFLOPs) - log(plain)),0.600700000,0.428800000,87,9,5,2113,run_monash_time_unique1000,3,1,Monash__bitcoin_dataset_without_missing_values/seed_2113/run_monash_time_unique1000/visualizations/archive_latex.tex
157,0.859459459,0.600500000,\frac{\log\left(\sqrt{\left(\mathrm{GSynFlow}\right) \cdot \left(\mathrm{GFLOPs}\right)}\right)}{\mathrm{GradNorm}} - \mathrm{MParams},GSynFlow GFLOPs Mul Sqrt Log Grad_Norm Div MParams Sub <EOS>,((log(sqrt((GSynFlow * GFLOPs))) / Grad_Norm) - MParams),0.600500000,0.511400000,101,9,6,2040,run_monash_time_unique1000,7,1,Monash__bitcoin_dataset_without_missing_values/seed_2040/run_monash_time_unique1000/visualizations/archive_latex.tex
158,0.858558559,0.600400000,\frac{\mathrm{JacobFro}}{\left(\log\left(\left(\mathrm{GradNorm}\right) \cdot \left(\left(\mathrm{MParams}\right) \cdot \left(\mathrm{ZiCo}\right)\right)\right)\right)^2},Jacob_fro Grad_Norm MParams ZiCo Mul Mul Log Square Div <EOS>,(Jacob_fro / square(log((Grad_Norm * (MParams * ZiCo))))),0.600400000,0.545600000,194,9,6,2219,run_monash_time_unique1000,6,1,Monash__bitcoin_dataset_without_missing_values/seed_2219/run_monash_time_unique1000/visualizations/archive_latex.tex
159,0.857657658,0.599700000,\sqrt{\left(\mathrm{plain}\right) \cdot \left(\mathrm{MParams}\right) - \log\left(\mathrm{GradNorm} + \mathrm{GFLOPs}\right)},plain MParams Mul Grad_Norm GFLOPs Add Log Sub Sqrt <EOS>,sqrt(((plain * MParams) - log((Grad_Norm + GFLOPs)))),0.599700000,0.467900000,192,9,5,2107,run_monash_time_unique1000,1,1,Monash__bitcoin_dataset_without_missing_values/seed_2107/run_monash_time_unique1000/visualizations/archive_latex.tex
160,0.856756757,0.599700000,\sqrt{\left(\mathrm{plain}\right) \cdot \left(\mathrm{MParams}\right) - \log\left(\mathrm{GFLOPs} + \mathrm{GradNorm}\right)},plain MParams Mul GFLOPs Grad_Norm Add Log Sub Sqrt <EOS>,sqrt(((plain * MParams) - log((GFLOPs + Grad_Norm)))),0.599700000,0.467900000,35,9,5,2139,run_monash_time_unique1000,1,1,Monash__bitcoin_dataset_without_missing_values/seed_2139/run_monash_time_unique1000/visualizations/archive_latex.tex
161,0.855855856,0.599700000,\left(\log\left(\mathrm{GradNorm} + \mathrm{GFLOPs}\right) - \left(\mathrm{plain}\right) \cdot \left(\mathrm{MParams}\right)\right)^2,Grad_Norm GFLOPs Add Log plain MParams Mul Sub Square <EOS>,square((log((Grad_Norm + GFLOPs)) - (plain * MParams))),0.599700000,0.467900000,110,9,5,2074,run_monash_time_unique1000,2,1,Monash__bitcoin_dataset_without_missing_values/seed_2074/run_monash_time_unique1000/visualizations/archive_latex.tex
162,0.854954955,0.599700000,\log\left(\log\left(\mathrm{GradNorm} + \mathrm{GFLOPs}\right) - \left(\mathrm{MParams}\right) \cdot \left(\mathrm{plain}\right)\right),Grad_Norm GFLOPs Add Log MParams plain Mul Sub Log <EOS>,log((log((Grad_Norm + GFLOPs)) - (MParams * plain))),0.599700000,0.467900000,148,9,5,2133,run_monash_time_unique1000,2,1,Monash__bitcoin_dataset_without_missing_values/seed_2133/run_monash_time_unique1000/visualizations/archive_latex.tex
163,0.854054054,0.599700000,\log\left(\left(\mathrm{plain}\right) \cdot \left(\mathrm{MParams}\right) - \log\left(\mathrm{GradNorm} + \mathrm{GFLOPs}\right)\right),plain MParams Mul Grad_Norm GFLOPs Add Log Sub Log <EOS>,log(((plain * MParams) - log((Grad_Norm + GFLOPs)))),0.599700000,0.467900000,109,9,5,2176,run_monash_time_unique1000,3,1,Monash__bitcoin_dataset_without_missing_values/seed_2176/run_monash_time_unique1000/visualizations/archive_latex.tex
164,0.853153153,0.599700000,\sqrt{\log\left(\mathrm{GFLOPs} + \mathrm{GradNorm}\right) - \left(\mathrm{MParams}\right) \cdot \left(\mathrm{plain}\right)},GFLOPs Grad_Norm Add Log MParams plain Mul Sub Sqrt <EOS>,sqrt((log((GFLOPs + Grad_Norm)) - (MParams * plain))),0.599700000,0.467900000,167,9,5,2167,run_monash_time_unique1000,4,1,Monash__bitcoin_dataset_without_missing_values/seed_2167/run_monash_time_unique1000/visualizations/archive_latex.tex
165,0.852252252,0.599500000,\left(\mathrm{GradNorm} - \left(\left(\left(\mathrm{MParams}\right)^2\right) \cdot \left(\mathrm{plain}\right)\right)^2\right) \cdot \left(\mathrm{GSynFlow}\right),Grad_Norm MParams Square plain Mul Square Sub GSynFlow Mul <EOS>,((Grad_Norm - square((square(MParams) * plain))) * GSynFlow),0.599500000,0.554900000,32,9,6,2081,run_monash_time_unique1000,4,1,Monash__bitcoin_dataset_without_missing_values/seed_2081/run_monash_time_unique1000/visualizations/archive_latex.tex
166,0.851351351,0.599500000,\left(\mathrm{GSynFlow}\right) \cdot \left(\mathrm{GradNorm} - \left(\left(\left(\mathrm{MParams}\right)^2\right) \cdot \left(\mathrm{plain}\right)\right)^2\right),GSynFlow Grad_Norm MParams Square plain Mul Square Sub Mul <EOS>,(GSynFlow * (Grad_Norm - square((square(MParams) * plain)))),0.599500000,0.554900000,57,9,6,2146,run_monash_time_unique1000,4,1,Monash__bitcoin_dataset_without_missing_values/seed_2146/run_monash_time_unique1000/visualizations/archive_latex.tex
167,0.850450450,0.599500000,\frac{\log\left(\mathrm{ZiCo}\right)}{\mathrm{MParams} - \sqrt{\frac{\mathrm{plain}}{\mathrm{Fisher}}}},ZiCo Log MParams plain Fisher Div Sqrt Sub Div <EOS>,(log(ZiCo) / (MParams - sqrt((plain / Fisher)))),0.599500000,0.370500000,93,9,5,2191,run_monash_time_unique1000,4,1,Monash__bitcoin_dataset_without_missing_values/seed_2191/run_monash_time_unique1000/visualizations/archive_latex.tex
168,0.849549550,0.599500000,\left(\mathrm{GradNorm} - \left(\left(\mathrm{plain}\right) \cdot \left(\left(\mathrm{MParams}\right)^2\right)\right)^2\right) \cdot \left(\mathrm{GSynFlow}\right),Grad_Norm plain MParams Square Mul Square Sub GSynFlow Mul <EOS>,((Grad_Norm - square((plain * square(MParams)))) * GSynFlow),0.599500000,0.554900000,188,9,6,2062,run_monash_time_unique1000,6,1,Monash__bitcoin_dataset_without_missing_values/seed_2062/run_monash_time_unique1000/visualizations/archive_latex.tex
169,0.848648649,0.599400000,\frac{\mathrm{GradNorm} + \log\left(\left(\mathrm{MParams}\right)^2\right)}{\left(\mathrm{GFLOPs}\right) \cdot \left(\mathrm{plain}\right)},Grad_Norm MParams Square Log Add GFLOPs plain Mul Div <EOS>,((Grad_Norm + log(square(MParams))) / (GFLOPs * plain)),0.599400000,0.480200000,19,9,5,2214,run_monash_time_unique1000,1,1,Monash__bitcoin_dataset_without_missing_values/seed_2214/run_monash_time_unique1000/visualizations/archive_latex.tex
170,0.847747748,0.599400000,\frac{\mathrm{JacobFro}}{\frac{\mathrm{plain}}{\mathrm{Fisher}} - \left(\mathrm{MParams}\right)^2},Jacob_fro plain Fisher Div MParams Square Sub Div <EOS>,(Jacob_fro / ((plain / Fisher) - square(MParams))),0.599400000,0.457000000,128,8,4,2117,run_monash_time_unique1000,8,1,Monash__bitcoin_dataset_without_missing_values/seed_2117/run_monash_time_unique1000/visualizations/archive_latex.tex
171,0.846846847,0.598900000,\left(\log\left(\mathrm{MParams}\right)\right) \cdot \left(\mathrm{L2Norm} - \mathrm{GFLOPs} - \mathrm{Snip}\right),MParams Log L2-Norm GFLOPs Sub Snip Sub Mul <EOS>,(log(MParams) * ((L2-Norm - GFLOPs) - Snip)),0.598900000,0.507800000,189,8,4,2064,run_monash_time_unique1000,2,1,Monash__bitcoin_dataset_without_missing_values/seed_2064/run_monash_time_unique1000/visualizations/archive_latex.tex
172,0.845945946,0.598900000,\frac{\log\left(\left(\mathrm{Snip}\right) \cdot \left(\mathrm{GSynFlow}\right)\right)}{\mathrm{GradNorm}} - \left(\mathrm{MParams}\right)^2,Snip GSynFlow Mul Log Grad_Norm Div MParams Square Sub <EOS>,((log((Snip * GSynFlow)) / Grad_Norm) - square(MParams)),0.598900000,0.477200000,114,9,5,2188,run_monash_time_unique1000,2,1,Monash__bitcoin_dataset_without_missing_values/seed_2188/run_monash_time_unique1000/visualizations/archive_latex.tex
173,0.845045045,0.598900000,\frac{\log\left(\left(\mathrm{GSynFlow}\right) \cdot \left(\mathrm{Snip}\right)\right)}{\mathrm{GradNorm}} - \left(\mathrm{MParams}\right)^2,GSynFlow Snip Mul Log Grad_Norm Div MParams Square Sub <EOS>,((log((GSynFlow * Snip)) / Grad_Norm) - square(MParams)),0.598900000,0.477200000,94,9,5,2226,run_monash_time_unique1000,7,1,Monash__bitcoin_dataset_without_missing_values/seed_2226/run_monash_time_unique1000/visualizations/archive_latex.tex
174,0.844144144,0.597700000,\frac{\mathrm{GradNorm} + \log\left(\mathrm{MParams}\right)}{\mathrm{GradNorm} + \mathrm{Snip}},Grad_Norm MParams Log Add Grad_Norm Snip Add Div <EOS>,((Grad_Norm + log(MParams)) / (Grad_Norm + Snip)),0.597700000,0.464400000,52,8,4,2214,run_monash_time_unique1000,2,1,Monash__bitcoin_dataset_without_missing_values/seed_2214/run_monash_time_unique1000/visualizations/archive_latex.tex
175,0.843243243,0.596900000,\log\left(\mathrm{Snip} + \left(\mathrm{GFLOPs}\right)^2\right) - \left(\mathrm{MParams}\right) \cdot \left(\mathrm{plain}\right),Snip GFLOPs Square Add Log MParams plain Mul Sub <EOS>,(log((Snip + square(GFLOPs))) - (MParams * plain)),0.596900000,0.513600000,44,9,5,2140,run_monash_time_unique1000,1,1,Monash__bitcoin_dataset_without_missing_values/seed_2140/run_monash_time_unique1000/visualizations/archive_latex.tex
176,0.842342342,0.596900000,\log\left(\left(\mathrm{GFLOPs}\right)^2 + \mathrm{Snip}\right) - \left(\mathrm{MParams}\right) \cdot \left(\mathrm{plain}\right),GFLOPs Square Snip Add Log MParams plain Mul Sub <EOS>,(log((square(GFLOPs) + Snip)) - (MParams * plain)),0.596900000,0.513600000,186,9,5,2216,run_monash_time_unique1000,1,1,Monash__bitcoin_dataset_without_missing_values/seed_2216/run_monash_time_unique1000/visualizations/archive_latex.tex
177,0.841441441,0.596700000,\mathrm{MParams} + \log\left(\mathrm{Snip}\right) - \left(\left(\mathrm{MParams}\right)^2\right) \cdot \left(\mathrm{plain}\right),MParams Snip Log MParams Square plain Mul Sub Add <EOS>,(MParams + (log(Snip) - (square(MParams) * plain))),0.596700000,0.552800000,79,9,5,2068,run_monash_time_unique1000,4,1,Monash__bitcoin_dataset_without_missing_values/seed_2068/run_monash_time_unique1000/visualizations/archive_latex.tex
178,0.840540541,0.596700000,\log\left(\mathrm{Snip}\right) + \mathrm{MParams} - \left(\left(\mathrm{MParams}\right)^2\right) \cdot \left(\mathrm{plain}\right),Snip Log MParams Add MParams Square plain Mul Sub <EOS>,((log(Snip) + MParams) - (square(MParams) * plain)),0.596700000,0.552800000,80,9,4,2136,run_monash_time_unique1000,6,1,Monash__bitcoin_dataset_without_missing_values/seed_2136/run_monash_time_unique1000/visualizations/archive_latex.tex
179,0.839639640,0.596000000,\left(\mathrm{L2Norm}\right) \cdot \left(\log\left(\left(\mathrm{plain}\right) \cdot \left(\mathrm{MParams}\right) - \log\left(\mathrm{Snip}\right)\right)\right),L2-Norm plain MParams Mul Snip Log Sub Log Mul <EOS>,(L2-Norm * log(((plain * MParams) - log(Snip)))),0.596000000,0.490000000,70,9,5,2144,run_monash_time_unique1000,1,1,Monash__bitcoin_dataset_without_missing_values/seed_2144/run_monash_time_unique1000/visualizations/archive_latex.tex
180,0.838738739,0.595700000,\log\left(\left(\mathrm{MParams}\right) \cdot \left(\mathrm{GradNorm}\right)\right) - \left(\left(\mathrm{MParams}\right)^2\right) \cdot \left(\mathrm{plain}\right),MParams Grad_Norm Mul Log MParams Square plain Mul Sub <EOS>,(log((MParams * Grad_Norm)) - (square(MParams) * plain)),0.595700000,0.565400000,122,9,4,2163,run_monash_time_unique1000,2,1,Monash__bitcoin_dataset_without_missing_values/seed_2163/run_monash_time_unique1000/visualizations/archive_latex.tex
181,0.837837838,0.595600000,\frac{\frac{\mathrm{Snip}}{\mathrm{plain}}}{-\log\left(\left(\mathrm{MParams}\right) \cdot \left(\mathrm{Fisher}\right)\right)},Snip plain Div MParams Fisher Mul Log Negative Div <EOS>,((Snip / plain) / -(log((MParams * Fisher)))),0.595600000,0.507400000,123,9,5,2130,run_monash_time_unique1000,1,1,Monash__bitcoin_dataset_without_missing_values/seed_2130/run_monash_time_unique1000/visualizations/archive_latex.tex
182,0.836936937,0.595600000,\left(\log\left(\mathrm{MParams}\right)\right) \cdot \left(\mathrm{L2Norm} - \mathrm{plain} - \mathrm{Snip}\right),MParams Log L2-Norm plain Sub Snip Sub Mul <EOS>,(log(MParams) * ((L2-Norm - plain) - Snip)),0.595600000,0.499500000,189,8,4,2064,run_monash_time_unique1000,3,1,Monash__bitcoin_dataset_without_missing_values/seed_2064/run_monash_time_unique1000/visualizations/archive_latex.tex
183,0.836036036,0.595600000,\left(\log\left(\mathrm{MParams}\right)\right) \cdot \left(\mathrm{L2Norm} + -\mathrm{Snip} - \mathrm{plain}\right),MParams Log L2-Norm Snip Negative Add plain Sub Mul <EOS>,(log(MParams) * ((L2-Norm + -(Snip)) - plain)),0.595600000,0.499500000,92,9,5,2040,run_monash_time_unique1000,8,1,Monash__bitcoin_dataset_without_missing_values/seed_2040/run_monash_time_unique1000/visualizations/archive_latex.tex
184,0.835135135,0.595500000,\frac{\left(\mathrm{Snip}\right) \cdot \left(\mathrm{JacobFro}\right)}{\sqrt{\log\left(\mathrm{L2Norm}\right)} - \mathrm{MParams}},Snip Jacob_fro Mul L2-Norm Log Sqrt MParams Sub Div <EOS>,((Snip * Jacob_fro) / (sqrt(log(L2-Norm)) - MParams)),0.595500000,0.475700000,112,9,5,2157,run_monash_time_unique1000,2,1,Monash__bitcoin_dataset_without_missing_values/seed_2157/run_monash_time_unique1000/visualizations/archive_latex.tex
185,0.834234234,0.595500000,\frac{\left(\mathrm{JacobFro}\right) \cdot \left(\mathrm{Snip}\right)}{\sqrt{\log\left(\mathrm{L2Norm}\right)} - \mathrm{MParams}},Jacob_fro Snip Mul L2-Norm Log Sqrt MParams Sub Div <EOS>,((Jacob_fro * Snip) / (sqrt(log(L2-Norm)) - MParams)),0.595500000,0.475700000,16,9,5,2030,run_monash_time_unique1000,4,1,Monash__bitcoin_dataset_without_missing_values/seed_2030/run_monash_time_unique1000/visualizations/archive_latex.tex
186,0.833333333,0.595500000,\left(\mathrm{Snip}\right) \cdot \left(\sqrt{\frac{\mathrm{L2Norm}}{\mathrm{plain}}} - \left(\mathrm{MParams}\right)^2\right),Snip L2-Norm plain Div Sqrt MParams Square Sub Mul <EOS>,(Snip * (sqrt((L2-Norm / plain)) - square(MParams))),0.595500000,0.501800000,81,9,5,2124,run_monash_time_unique1000,5,3,Monash__bitcoin_dataset_without_missing_values/seed_2124/run_monash_time_unique1000/visualizations/archive_latex.tex
187,0.832432432,0.595400000,\log\left(\left(\mathrm{MParams}\right) \cdot \left(\mathrm{JacobFro}\right)\right) - \left(\left(\mathrm{MParams}\right)^2\right) \cdot \left(\mathrm{Fisher}\right),MParams Jacob_fro Mul Log MParams Square Fisher Mul Sub <EOS>,(log((MParams * Jacob_fro)) - (square(MParams) * Fisher)),0.595400000,0.440700000,84,9,4,2090,run_monash_time_unique1000,3,1,Monash__bitcoin_dataset_without_missing_values/seed_2090/run_monash_time_unique1000/visualizations/archive_latex.tex
188,0.831531532,0.595400000,\log\left(\left(\mathrm{JacobFro}\right) \cdot \left(\mathrm{MParams}\right)\right) - \left(\left(\mathrm{MParams}\right)^2\right) \cdot \left(\mathrm{Fisher}\right),Jacob_fro MParams Mul Log MParams Square Fisher Mul Sub <EOS>,(log((Jacob_fro * MParams)) - (square(MParams) * Fisher)),0.595400000,0.440700000,15,9,4,2143,run_monash_time_unique1000,3,2,Monash__bitcoin_dataset_without_missing_values/seed_2143/run_monash_time_unique1000/visualizations/archive_latex.tex
189,0.830630631,0.595400000,\log\left(\left(\mathrm{MParams}\right) \cdot \left(\mathrm{JacobFro}\right)\right) - \left(\mathrm{Fisher}\right) \cdot \left(\left(\mathrm{MParams}\right)^2\right),MParams Jacob_fro Mul Log Fisher MParams Square Mul Sub <EOS>,(log((MParams * Jacob_fro)) - (Fisher * square(MParams))),0.595400000,0.440700000,65,9,4,2151,run_monash_time_unique1000,4,1,Monash__bitcoin_dataset_without_missing_values/seed_2151/run_monash_time_unique1000/visualizations/archive_latex.tex
190,0.829729730,0.594800000,\mathrm{L2Norm} - \left(\mathrm{MParams} + \log\left(\mathrm{ZiCo}\right)\right) \cdot \left(\sqrt{\mathrm{GraSP}}\right),L2-Norm MParams ZiCo Log Add GraSP Sqrt Mul Sub <EOS>,(L2-Norm - ((MParams + log(ZiCo)) * sqrt(GraSP))),0.594800000,0.583600000,173,9,5,2207,run_monash_time_unique1000,2,1,Monash__bitcoin_dataset_without_missing_values/seed_2207/run_monash_time_unique1000/visualizations/archive_latex.tex
191,0.828828829,0.594800000,\mathrm{L2Norm} - \left(\sqrt{\mathrm{GraSP}}\right) \cdot \left(\mathrm{MParams} + \log\left(\mathrm{ZiCo}\right)\right),L2-Norm GraSP Sqrt MParams ZiCo Log Add Mul Sub <EOS>,(L2-Norm - (sqrt(GraSP) * (MParams + log(ZiCo)))),0.594800000,0.583600000,152,9,5,2208,run_monash_time_unique1000,2,1,Monash__bitcoin_dataset_without_missing_values/seed_2208/run_monash_time_unique1000/visualizations/archive_latex.tex
192,0.827927928,0.594400000,\log\left(\mathrm{MParams}\right) - \left(\mathrm{GradNorm}\right) \cdot \left(\left(\mathrm{ZiCo}\right) \cdot \left(\log\left(\mathrm{MParams}\right)\right)\right),MParams Log Grad_Norm ZiCo MParams Log Mul Mul Sub <EOS>,(log(MParams) - (Grad_Norm * (ZiCo * log(MParams)))),0.594400000,0.544900000,61,9,5,2121,run_monash_time_unique1000,3,1,Monash__bitcoin_dataset_without_missing_values/seed_2121/run_monash_time_unique1000/visualizations/archive_latex.tex
193,0.827027027,0.593900000,\left(\log\left(\mathrm{MParams}\right)\right) \cdot \left(\mathrm{L2Norm} - \mathrm{Fisher} - \mathrm{Snip}\right),MParams Log L2-Norm Fisher Sub Snip Sub Mul <EOS>,(log(MParams) * ((L2-Norm - Fisher) - Snip)),0.593900000,0.497200000,188,8,4,2064,run_monash_time_unique1000,4,1,Monash__bitcoin_dataset_without_missing_values/seed_2064/run_monash_time_unique1000/visualizations/archive_latex.tex
194,0.826126126,0.593900000,\left(\mathrm{Snip}\right) \cdot \left(\sqrt{\frac{\mathrm{GFLOPs}}{\mathrm{plain}}} - \mathrm{MParams}\right),Snip GFLOPs plain Div Sqrt MParams Sub Mul <EOS>,(Snip * (sqrt((GFLOPs / plain)) - MParams)),0.593900000,0.464600000,26,8,5,2195,run_monash_time_unique1000,9,1,Monash__bitcoin_dataset_without_missing_values/seed_2195/run_monash_time_unique1000/visualizations/archive_latex.tex
195,0.825225225,0.593800000,\frac{\log\left(\sqrt{\mathrm{GSynFlow}}\right)}{\mathrm{GradNorm}} - \mathrm{MParams},GSynFlow Sqrt Log Grad_Norm Div MParams Sub <EOS>,((log(sqrt(GSynFlow)) / Grad_Norm) - MParams),0.593800000,0.502200000,85,7,5,2215,run_monash_time_unique1000,2,3,Monash__bitcoin_dataset_without_missing_values/seed_2215/run_monash_time_unique1000/visualizations/archive_latex.tex
196,0.824324324,0.593800000,\frac{\log\left(\mathrm{GSynFlow}\right)}{\mathrm{GradNorm}} - \mathrm{MParams} + \mathrm{MParams},GSynFlow Log Grad_Norm Div MParams MParams Add Sub <EOS>,((log(GSynFlow) / Grad_Norm) - (MParams + MParams)),0.593800000,0.502200000,122,8,4,2079,run_monash_time_unique1000,5,1,Monash__bitcoin_dataset_without_missing_values/seed_2079/run_monash_time_unique1000/visualizations/archive_latex.tex
197,0.823423423,0.593800000,\frac{\log\left(\mathrm{GSynFlow}\right)}{\sqrt{\mathrm{GradNorm}} + \mathrm{GradNorm}} - \mathrm{MParams},GSynFlow Log Grad_Norm Sqrt Grad_Norm Add Div MParams Sub <EOS>,((log(GSynFlow) / (sqrt(Grad_Norm) + Grad_Norm)) - MParams),0.593800000,0.525500000,37,9,5,2101,run_monash_time_unique1000,10,1,Monash__bitcoin_dataset_without_missing_values/seed_2101/run_monash_time_unique1000/visualizations/archive_latex.tex
198,0.822522523,0.592600000,\frac{\left(\log\left(\mathrm{GSynFlow}\right)\right) \cdot \left(\sqrt{\mathrm{ZiCo}}\right)}{\mathrm{GradNorm}} - \mathrm{MParams},GSynFlow Log ZiCo Sqrt Mul Grad_Norm Div MParams Sub <EOS>,(((log(GSynFlow) * sqrt(ZiCo)) / Grad_Norm) - MParams),0.592600000,0.480300000,114,9,5,2089,run_monash_time_unique1000,2,1,Monash__bitcoin_dataset_without_missing_values/seed_2089/run_monash_time_unique1000/visualizations/archive_latex.tex
199,0.821621622,0.592200000,\left(\log\left(\mathrm{MParams}\right)\right) \cdot \left(\left(\mathrm{plain}\right)^2 + \mathrm{L2Norm} - \mathrm{Snip}\right),MParams Log plain Square L2-Norm Add Snip Sub Mul <EOS>,(log(MParams) * ((square(plain) + L2-Norm) - Snip)),0.592200000,0.492200000,187,9,5,2064,run_monash_time_unique1000,5,1,Monash__bitcoin_dataset_without_missing_values/seed_2064/run_monash_time_unique1000/visualizations/archive_latex.tex
200,0.820720721,0.592000000,\mathrm{GradNorm} - \left(\mathrm{Snip}\right) \cdot \left(\log\left(\sqrt{\mathrm{MParams}}\right)\right) + \mathrm{L2Norm},Grad_Norm Snip MParams Sqrt Log Mul Sub L2-Norm Add <EOS>,((Grad_Norm - (Snip * log(sqrt(MParams)))) + L2-Norm),0.592000000,0.566000000,38,9,6,2206,run_monash_time_unique1000,1,1,Monash__bitcoin_dataset_without_missing_values/seed_2206/run_monash_time_unique1000/visualizations/archive_latex.tex
201,0.819819820,0.592000000,\frac{-\mathrm{GSynFlow}}{\mathrm{MParams} - \frac{\sqrt{\mathrm{plain}}}{\mathrm{Fisher}}},GSynFlow Negative MParams plain Sqrt Fisher Div Sub Div <EOS>,(-(GSynFlow) / (MParams - (sqrt(plain) / Fisher))),0.592000000,0.527400000,91,9,5,2191,run_monash_time_unique1000,5,1,Monash__bitcoin_dataset_without_missing_values/seed_2191/run_monash_time_unique1000/visualizations/archive_latex.tex
202,0.818918919,0.591900000,\left(\left(\mathrm{JacobFro}\right)^2\right) \cdot \left(\mathrm{L2Norm} - \left(\mathrm{Snip}\right) \cdot \left(\log\left(\mathrm{MParams}\right)\right)\right),Jacob_fro Square L2-Norm Snip MParams Log Mul Sub Mul <EOS>,(square(Jacob_fro) * (L2-Norm - (Snip * log(MParams)))),0.591900000,0.498900000,29,9,5,2164,run_monash_time_unique1000,1,1,Monash__bitcoin_dataset_without_missing_values/seed_2164/run_monash_time_unique1000/visualizations/archive_latex.tex
203,0.818018018,0.591900000,\left(\mathrm{L2Norm} - \left(\log\left(\mathrm{MParams}\right)\right) \cdot \left(\mathrm{Snip}\right)\right) \cdot \left(\left(\mathrm{JacobFro}\right)^2\right),L2-Norm MParams Log Snip Mul Sub Jacob_fro Square Mul <EOS>,((L2-Norm - (log(MParams) * Snip)) * square(Jacob_fro)),0.591900000,0.498900000,42,9,5,2049,run_monash_time_unique1000,5,1,Monash__bitcoin_dataset_without_missing_values/seed_2049/run_monash_time_unique1000/visualizations/archive_latex.tex
204,0.817117117,0.591600000,\left(\log\left(\mathrm{MParams}\right)\right) \cdot \left(\mathrm{L2Norm} + -\mathrm{Snip} - \mathrm{ZiCo}\right),MParams Log L2-Norm Snip Negative Add ZiCo Sub Mul <EOS>,(log(MParams) * ((L2-Norm + -(Snip)) - ZiCo)),0.591600000,0.499400000,69,9,5,2040,run_monash_time_unique1000,10,1,Monash__bitcoin_dataset_without_missing_values/seed_2040/run_monash_time_unique1000/visualizations/archive_latex.tex
205,0.816216216,0.591400000,\log\left(\mathrm{ZiCo} - \mathrm{GradNorm}\right) - \left(\mathrm{MParams}\right) \cdot \left(\log\left(\mathrm{plain}\right)\right),ZiCo Grad_Norm Sub Log MParams plain Log Mul Sub <EOS>,(log((ZiCo - Grad_Norm)) - (MParams * log(plain))),0.591400000,0.452500000,75,9,4,2099,run_monash_time_unique1000,3,1,Monash__bitcoin_dataset_without_missing_values/seed_2099/run_monash_time_unique1000/visualizations/archive_latex.tex
206,0.815315315,0.590800000,\left(\log\left(\mathrm{MParams}\right)\right) \cdot \left(\mathrm{L2Norm} - \mathrm{Snip}\right),MParams Log L2-Norm Snip Sub Mul <EOS>,(log(MParams) * (L2-Norm - Snip)),0.590800000,0.496000000,18,6,3,2104,run_monash_time_unique1000,1,2,Monash__bitcoin_dataset_without_missing_values/seed_2104/run_monash_time_unique1000/visualizations/archive_latex.tex
207,0.814414414,0.590800000,\left(\mathrm{L2Norm} - \mathrm{Snip}\right) \cdot \left(\log\left(\left(\mathrm{MParams}\right)^2\right)\right),L2-Norm Snip Sub MParams Square Log Mul <EOS>,((L2-Norm - Snip) * log(square(MParams))),0.590800000,0.496000000,106,7,4,2168,run_monash_time_unique1000,1,1,Monash__bitcoin_dataset_without_missing_values/seed_2168/run_monash_time_unique1000/visualizations/archive_latex.tex
208,0.813513514,0.590800000,\left(\log\left(\mathrm{MParams}\right)\right) \cdot \left(\mathrm{L2Norm}\right) - \left(\mathrm{Snip}\right) \cdot \left(\log\left(\mathrm{MParams}\right)\right),MParams Log L2-Norm Mul Snip MParams Log Mul Sub <EOS>,((log(MParams) * L2-Norm) - (Snip * log(MParams))),0.590800000,0.496000000,51,9,4,2174,run_monash_time_unique1000,1,1,Monash__bitcoin_dataset_without_missing_values/seed_2174/run_monash_time_unique1000/visualizations/archive_latex.tex
209,0.812612613,0.590500000,\left(\mathrm{L2Norm}\right) \cdot \left(\left(\left(\mathrm{plain}\right) \cdot \left(\mathrm{MParams}\right) - \log\left(\mathrm{Snip}\right)\right)^2\right),L2-Norm plain MParams Mul Snip Log Sub Square Mul <EOS>,(L2-Norm * square(((plain * MParams) - log(Snip)))),0.590500000,0.525100000,154,9,5,2223,run_monash_time_unique1000,1,1,Monash__bitcoin_dataset_without_missing_values/seed_2223/run_monash_time_unique1000/visualizations/archive_latex.tex
210,0.811711712,0.590500000,\left(\mathrm{L2Norm}\right) \cdot \left(\left(\log\left(\mathrm{Snip}\right) - \left(\mathrm{plain}\right) \cdot \left(\mathrm{MParams}\right)\right)^2\right),L2-Norm Snip Log plain MParams Mul Sub Square Mul <EOS>,(L2-Norm * square((log(Snip) - (plain * MParams)))),0.590500000,0.525100000,45,9,5,2068,run_monash_time_unique1000,5,1,Monash__bitcoin_dataset_without_missing_values/seed_2068/run_monash_time_unique1000/visualizations/archive_latex.tex
211,0.810810811,0.590100000,\sqrt{\mathrm{GradNorm} + \mathrm{GFLOPs}} - \left(\mathrm{Fisher}\right) \cdot \left(\left(\mathrm{MParams}\right)^2\right),Grad_Norm GFLOPs Add Sqrt Fisher MParams Square Mul Sub <EOS>,(sqrt((Grad_Norm + GFLOPs)) - (Fisher * square(MParams))),0.590100000,0.565400000,66,9,4,2149,run_monash_time_unique1000,2,11,Monash__bitcoin_dataset_without_missing_values/seed_2149/run_monash_time_unique1000/visualizations/archive_latex.tex
212,0.809909910,0.590100000,\sqrt{\mathrm{GFLOPs} + \mathrm{GradNorm}} - \left(\left(\mathrm{MParams}\right)^2\right) \cdot \left(\mathrm{Fisher}\right),GFLOPs Grad_Norm Add Sqrt MParams Square Fisher Mul Sub <EOS>,(sqrt((GFLOPs + Grad_Norm)) - (square(MParams) * Fisher)),0.590100000,0.565400000,46,9,4,2199,run_monash_time_unique1000,2,9,Monash__bitcoin_dataset_without_missing_values/seed_2199/run_monash_time_unique1000/visualizations/archive_latex.tex
213,0.809009009,0.590100000,\sqrt{\mathrm{GradNorm} + \mathrm{GFLOPs}} - \left(\left(\mathrm{MParams}\right)^2\right) \cdot \left(\mathrm{Fisher}\right),Grad_Norm GFLOPs Add Sqrt MParams Square Fisher Mul Sub <EOS>,(sqrt((Grad_Norm + GFLOPs)) - (square(MParams) * Fisher)),0.590100000,0.565400000,81,9,4,2175,run_monash_time_unique1000,3,6,Monash__bitcoin_dataset_without_missing_values/seed_2175/run_monash_time_unique1000/visualizations/archive_latex.tex
214,0.808108108,0.590100000,\sqrt{\mathrm{GFLOPs} + \mathrm{GradNorm}} - \left(\mathrm{Fisher}\right) \cdot \left(\left(\mathrm{MParams}\right)^2\right),GFLOPs Grad_Norm Add Sqrt Fisher MParams Square Mul Sub <EOS>,(sqrt((GFLOPs + Grad_Norm)) - (Fisher * square(MParams))),0.590100000,0.565400000,59,9,4,2211,run_monash_time_unique1000,3,7,Monash__bitcoin_dataset_without_missing_values/seed_2211/run_monash_time_unique1000/visualizations/archive_latex.tex
215,0.807207207,0.589600000,\sqrt{\left(\mathrm{MParams}\right) \cdot \left(\mathrm{GradNorm}\right)} - \left(\left(\mathrm{MParams}\right)^2\right) \cdot \left(\mathrm{plain}\right),MParams Grad_Norm Mul Sqrt MParams Square plain Mul Sub <EOS>,(sqrt((MParams * Grad_Norm)) - (square(MParams) * plain)),0.589600000,0.545900000,142,9,4,2163,run_monash_time_unique1000,3,4,Monash__bitcoin_dataset_without_missing_values/seed_2163/run_monash_time_unique1000/visualizations/archive_latex.tex
216,0.806306306,0.589600000,\frac{\log\left(\mathrm{Snip}\right)}{\sqrt{\frac{\mathrm{plain}}{\mathrm{Fisher}}} - \mathrm{MParams}},Snip Log plain Fisher Div Sqrt MParams Sub Div <EOS>,(log(Snip) / (sqrt((plain / Fisher)) - MParams)),0.589600000,0.380700000,164,9,5,2030,run_monash_time_unique1000,5,1,Monash__bitcoin_dataset_without_missing_values/seed_2030/run_monash_time_unique1000/visualizations/archive_latex.tex
217,0.805405405,0.589600000,\sqrt{\left(\mathrm{MParams}\right) \cdot \left(\mathrm{GradNorm}\right)} - \left(\mathrm{plain}\right) \cdot \left(\left(\mathrm{MParams}\right)^2\right),MParams Grad_Norm Mul Sqrt plain MParams Square Mul Sub <EOS>,(sqrt((MParams * Grad_Norm)) - (plain * square(MParams))),0.589600000,0.545900000,86,9,4,2154,run_monash_time_unique1000,5,2,Monash__bitcoin_dataset_without_missing_values/seed_2154/run_monash_time_unique1000/visualizations/archive_latex.tex
218,0.804504505,0.589200000,\mathrm{GFLOPs} + \mathrm{GradNorm} - \left(\left(\left(\mathrm{MParams}\right)^2\right) \cdot \left(\mathrm{plain}\right)\right)^2,GFLOPs Grad_Norm Add MParams Square plain Mul Square Sub <EOS>,((GFLOPs + Grad_Norm) - square((square(MParams) * plain))),0.589200000,0.561300000,79,9,5,2167,run_monash_time_unique1000,5,1,Monash__bitcoin_dataset_without_missing_values/seed_2167/run_monash_time_unique1000/visualizations/archive_latex.tex
219,0.803603604,0.589200000,\mathrm{GradNorm} - \left(\left(\left(\mathrm{MParams}\right)^2\right) \cdot \left(\mathrm{plain}\right)\right)^2 + \mathrm{GFLOPs},Grad_Norm MParams Square plain Mul Square Sub GFLOPs Add <EOS>,((Grad_Norm - square((square(MParams) * plain))) + GFLOPs),0.589200000,0.561300000,37,9,6,2081,run_monash_time_unique1000,6,1,Monash__bitcoin_dataset_without_missing_values/seed_2081/run_monash_time_unique1000/visualizations/archive_latex.tex
220,0.802702703,0.589200000,\mathrm{GFLOPs} + \mathrm{GradNorm} - \left(\left(\left(\mathrm{MParams}\right)^2\right) \cdot \left(\mathrm{plain}\right)\right)^2,GFLOPs Grad_Norm MParams Square plain Mul Square Sub Add <EOS>,(GFLOPs + (Grad_Norm - square((square(MParams) * plain)))),0.589200000,0.561300000,63,9,6,2146,run_monash_time_unique1000,6,1,Monash__bitcoin_dataset_without_missing_values/seed_2146/run_monash_time_unique1000/visualizations/archive_latex.tex
221,0.801801802,0.589200000,\mathrm{GradNorm} + \mathrm{GFLOPs} - \left(\left(\mathrm{plain}\right) \cdot \left(\left(\mathrm{MParams}\right)^2\right)\right)^2,Grad_Norm GFLOPs Add plain MParams Square Mul Square Sub <EOS>,((Grad_Norm + GFLOPs) - square((plain * square(MParams)))),0.589200000,0.561300000,50,9,5,2100,run_monash_time_unique1000,8,1,Monash__bitcoin_dataset_without_missing_values/seed_2100/run_monash_time_unique1000/visualizations/archive_latex.tex
222,0.800900901,0.588900000,\left(\log\left(\mathrm{MParams}\right)\right) \cdot \left(\frac{\mathrm{GradNorm}}{\mathrm{Fisher}} - \mathrm{Snip}\right),MParams Log Grad_Norm Fisher Div Snip Sub Mul <EOS>,(log(MParams) * ((Grad_Norm / Fisher) - Snip)),0.588900000,0.456700000,184,8,4,2064,run_monash_time_unique1000,7,1,Monash__bitcoin_dataset_without_missing_values/seed_2064/run_monash_time_unique1000/visualizations/archive_latex.tex
223,0.800000000,0.588800000,\left(\mathrm{GSynFlow}\right) \cdot \left(\sqrt{\mathrm{GradNorm}} - \left(\left(\mathrm{MParams}\right)^2\right) \cdot \left(\mathrm{plain}\right)\right),GSynFlow Grad_Norm Sqrt MParams Square plain Mul Sub Mul <EOS>,(GSynFlow * (sqrt(Grad_Norm) - (square(MParams) * plain))),0.588800000,0.567700000,36,9,5,2181,run_monash_time_unique1000,4,2,Monash__bitcoin_dataset_without_missing_values/seed_2181/run_monash_time_unique1000/visualizations/archive_latex.tex
224,0.799099099,0.588800000,\log\left(\mathrm{GradNorm}\right) - \left(\mathrm{MParams}\right) \cdot \left(\log\left(\mathrm{plain}\right)\right) - \mathrm{MParams},Grad_Norm Log MParams plain Log Mul Sub MParams Sub <EOS>,((log(Grad_Norm) - (MParams * log(plain))) - MParams),0.588800000,0.460500000,94,9,5,2044,run_monash_time_unique1000,5,1,Monash__bitcoin_dataset_without_missing_values/seed_2044/run_monash_time_unique1000/visualizations/archive_latex.tex
225,0.798198198,0.588800000,-\sqrt{\mathrm{MParams} - \sqrt{\log\left(\mathrm{Fisher}\right)}},MParams Fisher Log Sqrt Sub Sqrt Negative <EOS>,-(sqrt((MParams - sqrt(log(Fisher))))),0.588800000,0.486000000,5,7,6,2081,run_monash_time_unique1000,7,1,Monash__bitcoin_dataset_without_missing_values/seed_2081/run_monash_time_unique1000/visualizations/archive_latex.tex
226,0.797297297,0.588800000,\left(\sqrt{\mathrm{GradNorm}} - \left(\mathrm{plain}\right) \cdot \left(\left(\mathrm{MParams}\right)^2\right)\right) \cdot \left(\mathrm{GSynFlow}\right),Grad_Norm Sqrt plain MParams Square Mul Sub GSynFlow Mul <EOS>,((sqrt(Grad_Norm) - (plain * square(MParams))) * GSynFlow),0.588800000,0.567700000,111,9,5,2062,run_monash_time_unique1000,8,1,Monash__bitcoin_dataset_without_missing_values/seed_2062/run_monash_time_unique1000/visualizations/archive_latex.tex
227,0.796396396,0.588700000,\frac{\log\left(\mathrm{MParams}\right) + \mathrm{GradNorm}}{\mathrm{Snip}},MParams Log Grad_Norm Add Snip Div <EOS>,((log(MParams) + Grad_Norm) / Snip),0.588700000,0.458600000,13,6,4,2069,run_monash_time_unique1000,2,1,Monash__bitcoin_dataset_without_missing_values/seed_2069/run_monash_time_unique1000/visualizations/archive_latex.tex
228,0.795495495,0.588700000,\frac{\mathrm{GradNorm} + \log\left(\mathrm{MParams}\right)}{\mathrm{Snip}},Grad_Norm MParams Log Add Snip Div <EOS>,((Grad_Norm + log(MParams)) / Snip),0.588700000,0.458600000,74,6,4,2127,run_monash_time_unique1000,2,2,Monash__bitcoin_dataset_without_missing_values/seed_2127/run_monash_time_unique1000/visualizations/archive_latex.tex
229,0.794594595,0.588300000,\left(\log\left(\mathrm{MParams}\right)\right) \cdot \left(\mathrm{ZiCo} + \mathrm{L2Norm} - \mathrm{Snip}\right),MParams Log ZiCo L2-Norm Add Snip Sub Mul <EOS>,(log(MParams) * ((ZiCo + L2-Norm) - Snip)),0.588300000,0.495000000,182,8,4,2064,run_monash_time_unique1000,8,1,Monash__bitcoin_dataset_without_missing_values/seed_2064/run_monash_time_unique1000/visualizations/archive_latex.tex
230,0.793693694,0.588100000,\frac{\mathrm{GradNorm}}{\mathrm{Snip} + \log\left(\frac{\mathrm{plain}}{\mathrm{GSynFlow}}\right)},Grad_Norm Snip plain GSynFlow Div Log Add Div <EOS>,(Grad_Norm / (Snip + log((plain / GSynFlow)))),0.588100000,0.478300000,13,8,5,2031,run_monash_time_unique1000,2,2,Monash__bitcoin_dataset_without_missing_values/seed_2031/run_monash_time_unique1000/visualizations/archive_latex.tex
231,0.792792793,0.588100000,\frac{\mathrm{GradNorm}}{\log\left(\frac{\mathrm{plain}}{\mathrm{GSynFlow}}\right) + \mathrm{Snip}},Grad_Norm plain GSynFlow Div Log Snip Add Div <EOS>,(Grad_Norm / (log((plain / GSynFlow)) + Snip)),0.588100000,0.478300000,35,8,5,2162,run_monash_time_unique1000,2,1,Monash__bitcoin_dataset_without_missing_values/seed_2162/run_monash_time_unique1000/visualizations/archive_latex.tex
232,0.791891892,0.588100000,\left(\mathrm{Snip}\right) \cdot \left(\frac{\mathrm{JacobFro}}{\log\left(\mathrm{L2Norm}\right) - \left(\mathrm{MParams}\right)^2}\right),Snip Jacob_fro L2-Norm Log MParams Square Sub Div Mul <EOS>,(Snip * (Jacob_fro / (log(L2-Norm) - square(MParams)))),0.588100000,0.479600000,188,9,5,2157,run_monash_time_unique1000,3,1,Monash__bitcoin_dataset_without_missing_values/seed_2157/run_monash_time_unique1000/visualizations/archive_latex.tex
233,0.790990991,0.587700000,\frac{\log\left(\left(\mathrm{ZiCo}\right) \cdot \left(\mathrm{GradNorm}\right)\right)}{\mathrm{MParams}} - \log\left(\mathrm{Snip}\right),ZiCo Grad_Norm Mul Log MParams Div Snip Log Sub <EOS>,((log((ZiCo * Grad_Norm)) / MParams) - log(Snip)),0.587700000,0.547200000,63,9,5,2209,run_monash_time_unique1000,3,1,Monash__bitcoin_dataset_without_missing_values/seed_2209/run_monash_time_unique1000/visualizations/archive_latex.tex
234,0.790090090,0.587500000,\frac{\log\left(\left(\mathrm{MParams}\right) \cdot \left(\mathrm{GradNorm}\right)\right)}{\mathrm{MParams}} - \log\left(\mathrm{GradNorm}\right),MParams Grad_Norm Mul Log MParams Div Grad_Norm Log Sub <EOS>,((log((MParams * Grad_Norm)) / MParams) - log(Grad_Norm)),0.587500000,0.557200000,167,9,5,2127,run_monash_time_unique1000,3,2,Monash__bitcoin_dataset_without_missing_values/seed_2127/run_monash_time_unique1000/visualizations/archive_latex.tex
235,0.789189189,0.587200000,\frac{\mathrm{ZiCo}}{\left(\sqrt{\log\left(\mathrm{Fisher}\right)} - \mathrm{MParams}\right)^2},ZiCo Fisher Log Sqrt MParams Sub Square Div <EOS>,(ZiCo / square((sqrt(log(Fisher)) - MParams))),0.587200000,0.480800000,28,8,6,2130,run_monash_time_unique1000,2,1,Monash__bitcoin_dataset_without_missing_values/seed_2130/run_monash_time_unique1000/visualizations/archive_latex.tex
236,0.788288288,0.587000000,\frac{\mathrm{JacobFro}}{-\log\left(\left(\mathrm{plain} - \mathrm{MParams}\right) \cdot \left(\mathrm{plain}\right)\right)},Jacob_fro plain MParams Sub plain Mul Log Negative Div <EOS>,(Jacob_fro / -(log(((plain - MParams) * plain)))),0.587000000,0.395900000,147,9,6,2104,run_monash_time_unique1000,2,1,Monash__bitcoin_dataset_without_missing_values/seed_2104/run_monash_time_unique1000/visualizations/archive_latex.tex
237,0.787387387,0.586500000,\log\left(\mathrm{Snip} + \mathrm{L2Norm}\right) - \left(\mathrm{MParams}\right) \cdot \left(\sqrt{\mathrm{Fisher}}\right),Snip L2-Norm Add Log MParams Fisher Sqrt Mul Sub <EOS>,(log((Snip + L2-Norm)) - (MParams * sqrt(Fisher))),0.586500000,0.562900000,124,9,4,2175,run_monash_time_unique1000,4,2,Monash__bitcoin_dataset_without_missing_values/seed_2175/run_monash_time_unique1000/visualizations/archive_latex.tex
238,0.786486486,0.586400000,\frac{\log\left(\sqrt{\frac{\mathrm{GSynFlow}}{\mathrm{ZiCo}}}\right)}{\mathrm{GradNorm}} - \mathrm{MParams},GSynFlow ZiCo Div Sqrt Log Grad_Norm Div MParams Sub <EOS>,((log(sqrt((GSynFlow / ZiCo))) / Grad_Norm) - MParams),0.586400000,0.471900000,98,9,6,2113,run_monash_time_unique1000,4,1,Monash__bitcoin_dataset_without_missing_values/seed_2113/run_monash_time_unique1000/visualizations/archive_latex.tex
239,0.785585586,0.586200000,\frac{\mathrm{GradNorm}}{\mathrm{Snip} + \log\left(\frac{\sqrt{\mathrm{plain}}}{\mathrm{GSynFlow}}\right)},Grad_Norm Snip plain Sqrt GSynFlow Div Log Add Div <EOS>,(Grad_Norm / (Snip + log((sqrt(plain) / GSynFlow)))),0.586200000,0.474600000,23,9,6,2031,run_monash_time_unique1000,3,2,Monash__bitcoin_dataset_without_missing_values/seed_2031/run_monash_time_unique1000/visualizations/archive_latex.tex
240,0.784684685,0.586200000,\frac{-\mathrm{ZiCo}}{\mathrm{MParams} - \sqrt{\frac{\mathrm{plain}}{\mathrm{Fisher}}}},ZiCo Negative MParams plain Fisher Div Sqrt Sub Div <EOS>,(-(ZiCo) / (MParams - sqrt((plain / Fisher)))),0.586200000,0.382000000,128,9,5,2191,run_monash_time_unique1000,6,1,Monash__bitcoin_dataset_without_missing_values/seed_2191/run_monash_time_unique1000/visualizations/archive_latex.tex
241,0.783783784,0.585800000,\left(\mathrm{GradNorm}\right) \cdot \left(\sqrt{\frac{\sqrt{\mathrm{Snip}}}{\mathrm{Fisher}}} - \mathrm{MParams}\right),Grad_Norm Snip Sqrt Fisher Div Sqrt MParams Sub Mul <EOS>,(Grad_Norm * (sqrt((sqrt(Snip) / Fisher)) - MParams)),0.585800000,0.522700000,53,9,6,2195,run_monash_time_unique1000,10,1,Monash__bitcoin_dataset_without_missing_values/seed_2195/run_monash_time_unique1000/visualizations/archive_latex.tex
242,0.782882883,0.585300000,\mathrm{GradNorm} - \left(\mathrm{MParams}\right) \cdot \left(\left(\log\left(\mathrm{plain}\right)\right) \cdot \left(\sqrt{\mathrm{Snip}}\right)\right),Grad_Norm MParams plain Log Snip Sqrt Mul Mul Sub <EOS>,(Grad_Norm - (MParams * (log(plain) * sqrt(Snip)))),0.585300000,0.481500000,102,9,5,2100,run_monash_time_unique1000,9,1,Monash__bitcoin_dataset_without_missing_values/seed_2100/run_monash_time_unique1000/visualizations/archive_latex.tex
243,0.781981982,0.584700000,\frac{\frac{\log\left(\mathrm{GSynFlow}\right)}{\mathrm{MParams}}}{\mathrm{GradNorm}} - \log\left(\mathrm{MParams}\right),GSynFlow Log MParams Div Grad_Norm Div MParams Log Sub <EOS>,(((log(GSynFlow) / MParams) / Grad_Norm) - log(MParams)),0.584700000,0.540300000,161,9,5,2226,run_monash_time_unique1000,9,1,Monash__bitcoin_dataset_without_missing_values/seed_2226/run_monash_time_unique1000/visualizations/archive_latex.tex
244,0.781081081,0.584500000,\log\left(\left(\mathrm{JacobFro}\right) \cdot \left(\mathrm{L2Norm}\right)\right) - \left(\left(\mathrm{MParams}\right)^2\right) \cdot \left(\mathrm{Fisher}\right),Jacob_fro L2-Norm Mul Log MParams Square Fisher Mul Sub <EOS>,(log((Jacob_fro * L2-Norm)) - (square(MParams) * Fisher)),0.584500000,0.442600000,197,9,4,2077,run_monash_time_unique1000,1,8,Monash__bitcoin_dataset_without_missing_values/seed_2077/run_monash_time_unique1000/visualizations/archive_latex.tex
245,0.780180180,0.584500000,\log\left(\left(\mathrm{L2Norm}\right) \cdot \left(\mathrm{JacobFro}\right)\right) - \left(\mathrm{Fisher}\right) \cdot \left(\left(\mathrm{MParams}\right)^2\right),L2-Norm Jacob_fro Mul Log Fisher MParams Square Mul Sub <EOS>,(log((L2-Norm * Jacob_fro)) - (Fisher * square(MParams))),0.584500000,0.442600000,171,9,4,2149,run_monash_time_unique1000,3,6,Monash__bitcoin_dataset_without_missing_values/seed_2149/run_monash_time_unique1000/visualizations/archive_latex.tex
246,0.779279279,0.584500000,\log\left(\left(\mathrm{L2Norm}\right) \cdot \left(\mathrm{JacobFro}\right)\right) - \left(\left(\mathrm{MParams}\right)^2\right) \cdot \left(\mathrm{Fisher}\right),L2-Norm Jacob_fro Mul Log MParams Square Fisher Mul Sub <EOS>,(log((L2-Norm * Jacob_fro)) - (square(MParams) * Fisher)),0.584500000,0.442600000,108,9,4,2181,run_monash_time_unique1000,5,3,Monash__bitcoin_dataset_without_missing_values/seed_2181/run_monash_time_unique1000/visualizations/archive_latex.tex
247,0.778378378,0.584500000,\log\left(\left(\mathrm{JacobFro}\right) \cdot \left(\mathrm{L2Norm}\right)\right) - \left(\mathrm{Fisher}\right) \cdot \left(\left(\mathrm{MParams}\right)^2\right),Jacob_fro L2-Norm Mul Log Fisher MParams Square Mul Sub <EOS>,(log((Jacob_fro * L2-Norm)) - (Fisher * square(MParams))),0.584500000,0.442600000,102,9,4,2039,run_monash_time_unique1000,6,2,Monash__bitcoin_dataset_without_missing_values/seed_2039/run_monash_time_unique1000/visualizations/archive_latex.tex
248,0.777477477,0.584200000,\frac{\left(\mathrm{GradNorm}\right)^2 + \log\left(\mathrm{GSynFlow}\right)}{\left(\mathrm{MParams}\right) \cdot \left(\mathrm{Fisher}\right)},Grad_Norm Square GSynFlow Log Add MParams Fisher Mul Div <EOS>,((square(Grad_Norm) + log(GSynFlow)) / (MParams * Fisher)),0.584200000,0.467400000,39,9,4,2214,run_monash_time_unique1000,4,1,Monash__bitcoin_dataset_without_missing_values/seed_2214/run_monash_time_unique1000/visualizations/archive_latex.tex
249,0.776576577,0.583500000,\frac{\log\left(\left(\log\left(\mathrm{GFLOPs}\right)\right) \cdot \left(\mathrm{GradNorm}\right)\right)}{\mathrm{plain}} - \mathrm{MParams},GFLOPs Log Grad_Norm Mul Log plain Div MParams Sub <EOS>,((log((log(GFLOPs) * Grad_Norm)) / plain) - MParams),0.583500000,0.439300000,123,9,6,2209,run_monash_time_unique1000,5,1,Monash__bitcoin_dataset_without_missing_values/seed_2209/run_monash_time_unique1000/visualizations/archive_latex.tex
250,0.775675676,0.583500000,\left(\sqrt{\mathrm{GradNorm}} - \left(\mathrm{plain}\right) \cdot \left(\left(\mathrm{MParams}\right)^2\right)\right) \cdot \left(\mathrm{MParams}\right),Grad_Norm Sqrt plain MParams Square Mul Sub MParams Mul <EOS>,((sqrt(Grad_Norm) - (plain * square(MParams))) * MParams),0.583500000,0.555200000,184,9,5,2154,run_monash_time_unique1000,6,2,Monash__bitcoin_dataset_without_missing_values/seed_2154/run_monash_time_unique1000/visualizations/archive_latex.tex
251,0.774774775,0.583500000,\left(\mathrm{MParams}\right) \cdot \left(\sqrt{\mathrm{GradNorm}} - \left(\left(\mathrm{MParams}\right)^2\right) \cdot \left(\mathrm{plain}\right)\right),MParams Grad_Norm Sqrt MParams Square plain Mul Sub Mul <EOS>,(MParams * (sqrt(Grad_Norm) - (square(MParams) * plain))),0.583500000,0.555200000,37,9,5,2181,run_monash_time_unique1000,6,2,Monash__bitcoin_dataset_without_missing_values/seed_2181/run_monash_time_unique1000/visualizations/archive_latex.tex
252,0.773873874,0.583500000,\frac{\log\left(\left(\log\left(\mathrm{GFLOPs}\right)\right) \cdot \left(\mathrm{GradNorm}\right)\right)}{\mathrm{plain}} - \mathrm{GFLOPs},GFLOPs Log Grad_Norm Mul Log plain Div GFLOPs Sub <EOS>,((log((log(GFLOPs) * Grad_Norm)) / plain) - GFLOPs),0.583500000,0.465100000,18,9,6,2209,run_monash_time_unique1000,6,1,Monash__bitcoin_dataset_without_missing_values/seed_2209/run_monash_time_unique1000/visualizations/archive_latex.tex
253,0.772972973,0.583500000,\frac{-\mathrm{L2Norm}}{\left(\mathrm{MParams}\right)^2 - \frac{\mathrm{plain}}{\mathrm{Fisher}}},L2-Norm Negative MParams Square plain Fisher Div Sub Div <EOS>,(-(L2-Norm) / (square(MParams) - (plain / Fisher))),0.583500000,0.403200000,94,9,4,2191,run_monash_time_unique1000,7,1,Monash__bitcoin_dataset_without_missing_values/seed_2191/run_monash_time_unique1000/visualizations/archive_latex.tex
254,0.772072072,0.583500000,\frac{\mathrm{L2Norm}}{\frac{\mathrm{plain}}{\mathrm{Fisher}} - \left(\mathrm{MParams}\right)^2},L2-Norm plain Fisher Div MParams Square Sub Div <EOS>,(L2-Norm / ((plain / Fisher) - square(MParams))),0.583500000,0.403200000,149,8,4,2117,run_monash_time_unique1000,9,1,Monash__bitcoin_dataset_without_missing_values/seed_2117/run_monash_time_unique1000/visualizations/archive_latex.tex
255,0.771171171,0.583400000,\log\left(\mathrm{L2Norm}\right) - \left(\frac{\log\left(\mathrm{MParams}\right)}{\mathrm{plain}}\right) \cdot \left(\mathrm{Fisher}\right),L2-Norm Log MParams Log plain Div Fisher Mul Sub <EOS>,(log(L2-Norm) - ((log(MParams) / plain) * Fisher)),0.583400000,0.489000000,44,9,5,2095,run_monash_time_unique1000,6,1,Monash__bitcoin_dataset_without_missing_values/seed_2095/run_monash_time_unique1000/visualizations/archive_latex.tex
256,0.770270270,0.582900000,\frac{\frac{\log\left(\mathrm{GSynFlow}\right)}{\sqrt{\mathrm{Fisher}}}}{\mathrm{MParams}} - \mathrm{L2Norm},GSynFlow Log Fisher Sqrt Div MParams Div L2-Norm Sub <EOS>,(((log(GSynFlow) / sqrt(Fisher)) / MParams) - L2-Norm),0.582900000,0.520900000,141,9,5,2052,run_monash_time_unique1000,2,2,Monash__bitcoin_dataset_without_missing_values/seed_2052/run_monash_time_unique1000/visualizations/archive_latex.tex
257,0.769369369,0.582900000,\frac{\log\left(\mathrm{GSynFlow}\right)}{\left(\sqrt{\mathrm{Fisher}}\right) \cdot \left(\mathrm{MParams}\right)} - \mathrm{L2Norm},GSynFlow Log Fisher Sqrt MParams Mul Div L2-Norm Sub <EOS>,((log(GSynFlow) / (sqrt(Fisher) * MParams)) - L2-Norm),0.582900000,0.520900000,19,9,5,2087,run_monash_time_unique1000,3,1,Monash__bitcoin_dataset_without_missing_values/seed_2087/run_monash_time_unique1000/visualizations/archive_latex.tex
258,0.768468468,0.582900000,\frac{\frac{\log\left(\mathrm{GSynFlow}\right)}{\mathrm{MParams}}}{\sqrt{\mathrm{Fisher}}} - \mathrm{L2Norm},GSynFlow Log MParams Div Fisher Sqrt Div L2-Norm Sub <EOS>,(((log(GSynFlow) / MParams) / sqrt(Fisher)) - L2-Norm),0.582900000,0.520900000,160,9,5,2089,run_monash_time_unique1000,3,1,Monash__bitcoin_dataset_without_missing_values/seed_2089/run_monash_time_unique1000/visualizations/archive_latex.tex
259,0.767567568,0.582900000,\frac{\log\left(\left(\left(\mathrm{GSynFlow}\right) \cdot \left(\mathrm{MParams}\right)\right)^2\right)}{\mathrm{GradNorm}} - \mathrm{GFLOPs},GSynFlow MParams Mul Square Log Grad_Norm Div GFLOPs Sub <EOS>,((log(square((GSynFlow * MParams))) / Grad_Norm) - GFLOPs),0.582900000,0.524200000,117,9,6,2108,run_monash_time_unique1000,3,1,Monash__bitcoin_dataset_without_missing_values/seed_2108/run_monash_time_unique1000/visualizations/archive_latex.tex
260,0.766666667,0.582900000,\frac{\log\left(\mathrm{GSynFlow}\right)}{\mathrm{GradNorm}} - \left(\left(\mathrm{MParams}\right)^2\right) \cdot \left(\mathrm{Fisher}\right),GSynFlow Log Grad_Norm Div MParams Square Fisher Mul Sub <EOS>,((log(GSynFlow) / Grad_Norm) - (square(MParams) * Fisher)),0.582900000,0.518100000,110,9,4,2099,run_monash_time_unique1000,5,3,Monash__bitcoin_dataset_without_missing_values/seed_2099/run_monash_time_unique1000/visualizations/archive_latex.tex
261,0.765765766,0.582900000,\frac{\log\left(\mathrm{GSynFlow}\right)}{\mathrm{GradNorm}} - \left(\mathrm{Fisher}\right) \cdot \left(\left(\mathrm{MParams}\right)^2\right),GSynFlow Log Grad_Norm Div Fisher MParams Square Mul Sub <EOS>,((log(GSynFlow) / Grad_Norm) - (Fisher * square(MParams))),0.582900000,0.518100000,114,9,4,2028,run_monash_time_unique1000,8,1,Monash__bitcoin_dataset_without_missing_values/seed_2028/run_monash_time_unique1000/visualizations/archive_latex.tex
262,0.764864865,0.582400000,\frac{\mathrm{GradNorm} + \log\left(\mathrm{MParams}\right)}{\left(\mathrm{GradNorm}\right) \cdot \left(\mathrm{L2Norm}\right)},Grad_Norm MParams Log Add Grad_Norm L2-Norm Mul Div <EOS>,((Grad_Norm + log(MParams)) / (Grad_Norm * L2-Norm)),0.582400000,0.486800000,44,8,4,2214,run_monash_time_unique1000,5,1,Monash__bitcoin_dataset_without_missing_values/seed_2214/run_monash_time_unique1000/visualizations/archive_latex.tex
263,0.763963964,0.582200000,\mathrm{GradNorm} - \left(\mathrm{MParams}\right) \cdot \left(\mathrm{GradNorm}\right) + \log\left(\mathrm{GSynFlow}\right),Grad_Norm MParams Grad_Norm Mul Sub GSynFlow Log Add <EOS>,((Grad_Norm - (MParams * Grad_Norm)) + log(GSynFlow)),0.582200000,0.561900000,72,8,4,2045,run_monash_time_unique1000,1,2,Monash__bitcoin_dataset_without_missing_values/seed_2045/run_monash_time_unique1000/visualizations/archive_latex.tex
264,0.763063063,0.582200000,\log\left(\mathrm{GSynFlow}\right) + \mathrm{GradNorm} - \left(\mathrm{MParams}\right) \cdot \left(\mathrm{GradNorm}\right),GSynFlow Log Grad_Norm MParams Grad_Norm Mul Sub Add <EOS>,(log(GSynFlow) + (Grad_Norm - (MParams * Grad_Norm))),0.582200000,0.561900000,121,8,4,2150,run_monash_time_unique1000,1,1,Monash__bitcoin_dataset_without_missing_values/seed_2150/run_monash_time_unique1000/visualizations/archive_latex.tex
265,0.762162162,0.582200000,\mathrm{GradNorm} + \log\left(\mathrm{GSynFlow}\right) - \left(\mathrm{GradNorm}\right) \cdot \left(\mathrm{MParams}\right),Grad_Norm GSynFlow Log Grad_Norm MParams Mul Sub Add <EOS>,(Grad_Norm + (log(GSynFlow) - (Grad_Norm * MParams))),0.582200000,0.561900000,36,8,4,2080,run_monash_time_unique1000,4,1,Monash__bitcoin_dataset_without_missing_values/seed_2080/run_monash_time_unique1000/visualizations/archive_latex.tex
266,0.761261261,0.582200000,\log\left(\mathrm{GSynFlow}\right) - \left(\mathrm{GradNorm}\right) \cdot \left(\mathrm{MParams}\right) - \mathrm{GradNorm},GSynFlow Log Grad_Norm MParams Mul Grad_Norm Sub Sub <EOS>,(log(GSynFlow) - ((Grad_Norm * MParams) - Grad_Norm)),0.582200000,0.561900000,4,8,4,2121,run_monash_time_unique1000,5,1,Monash__bitcoin_dataset_without_missing_values/seed_2121/run_monash_time_unique1000/visualizations/archive_latex.tex
267,0.760360360,0.582200000,\mathrm{GradNorm} + \log\left(\mathrm{GSynFlow}\right) - \left(\mathrm{GradNorm}\right) \cdot \left(\mathrm{MParams}\right),Grad_Norm GSynFlow Log Add Grad_Norm MParams Mul Sub <EOS>,((Grad_Norm + log(GSynFlow)) - (Grad_Norm * MParams)),0.582200000,0.561900000,30,8,4,2214,run_monash_time_unique1000,6,1,Monash__bitcoin_dataset_without_missing_values/seed_2214/run_monash_time_unique1000/visualizations/archive_latex.tex
268,0.759459459,0.582200000,\frac{\sqrt{\mathrm{JacobFro}}}{\frac{\mathrm{plain}}{\mathrm{Fisher}} - \left(\mathrm{MParams}\right)^2},Jacob_fro Sqrt plain Fisher Div MParams Square Sub Div <EOS>,(sqrt(Jacob_fro) / ((plain / Fisher) - square(MParams))),0.582200000,0.438000000,157,9,4,2117,run_monash_time_unique1000,10,1,Monash__bitcoin_dataset_without_missing_values/seed_2117/run_monash_time_unique1000/visualizations/archive_latex.tex
269,0.758558559,0.581900000,\left(\log\left(\mathrm{MParams}\right)\right) \cdot \left(\mathrm{plain} + \mathrm{L2Norm} - \mathrm{Snip}\right),MParams Log plain L2-Norm Add Snip Sub Mul <EOS>,(log(MParams) * ((plain + L2-Norm) - Snip)),0.581900000,0.489100000,21,8,4,2104,run_monash_time_unique1000,3,1,Monash__bitcoin_dataset_without_missing_values/seed_2104/run_monash_time_unique1000/visualizations/archive_latex.tex
270,0.757657658,0.581500000,\frac{\log\left(\left(\mathrm{GradNorm}\right) \cdot \left(\mathrm{ZiCo}\right)\right)}{\mathrm{MParams}} - \log\left(\mathrm{plain}\right),Grad_Norm ZiCo Mul Log MParams Div plain Log Sub <EOS>,((log((Grad_Norm * ZiCo)) / MParams) - log(plain)),0.581500000,0.532900000,116,9,5,2053,run_monash_time_unique1000,4,2,Monash__bitcoin_dataset_without_missing_values/seed_2053/run_monash_time_unique1000/visualizations/archive_latex.tex
271,0.756756757,0.581500000,\frac{\log\left(\left(\mathrm{ZiCo}\right) \cdot \left(\mathrm{GradNorm}\right)\right)}{\mathrm{MParams}} - \log\left(\mathrm{plain}\right),ZiCo Grad_Norm Mul Log MParams Div plain Log Sub <EOS>,((log((ZiCo * Grad_Norm)) / MParams) - log(plain)),0.581500000,0.532900000,161,9,5,2127,run_monash_time_unique1000,4,1,Monash__bitcoin_dataset_without_missing_values/seed_2127/run_monash_time_unique1000/visualizations/archive_latex.tex
272,0.755855856,0.581000000,\frac{\log\left(\sqrt{\left(\mathrm{GSynFlow}\right) \cdot \left(\mathrm{GradNorm}\right)}\right)}{\mathrm{GradNorm}} - \mathrm{MParams},GSynFlow Grad_Norm Mul Sqrt Log Grad_Norm Div MParams Sub <EOS>,((log(sqrt((GSynFlow * Grad_Norm))) / Grad_Norm) - MParams),0.581000000,0.495400000,127,9,6,2079,run_monash_time_unique1000,6,1,Monash__bitcoin_dataset_without_missing_values/seed_2079/run_monash_time_unique1000/visualizations/archive_latex.tex
273,0.754954955,0.580900000,\left(\mathrm{GradNorm}\right) \cdot \left(\log\left(\mathrm{Snip}\right) - \mathrm{GFLOPs}\right) + \mathrm{L2Norm},Grad_Norm Snip Log GFLOPs Sub Mul L2-Norm Add <EOS>,((Grad_Norm * (log(Snip) - GFLOPs)) + L2-Norm),0.580900000,0.535100000,152,8,5,2153,run_monash_time_unique1000,1,1,Monash__bitcoin_dataset_without_missing_values/seed_2153/run_monash_time_unique1000/visualizations/archive_latex.tex
274,0.754054054,0.580900000,\frac{\frac{\log\left(\left(\mathrm{MParams}\right)^2\right)}{\mathrm{MParams}}}{\mathrm{GradNorm}} - \mathrm{MParams},MParams Square Log MParams Div Grad_Norm Div MParams Sub <EOS>,(((log(square(MParams)) / MParams) / Grad_Norm) - MParams),0.580900000,0.566900000,109,9,6,2226,run_monash_time_unique1000,10,1,Monash__bitcoin_dataset_without_missing_values/seed_2226/run_monash_time_unique1000/visualizations/archive_latex.tex
275,0.753153153,0.580700000,\left(\frac{\mathrm{GradNorm}}{\log\left(\mathrm{L2Norm}\right) - \mathrm{GFLOPs}} + \mathrm{GFLOPs}\right)^2,Grad_Norm L2-Norm Log GFLOPs Sub Div GFLOPs Add Square <EOS>,square(((Grad_Norm / (log(L2-Norm) - GFLOPs)) + GFLOPs)),0.580700000,0.636700000,34,9,6,2153,run_monash_time_unique1000,2,1,Monash__bitcoin_dataset_without_missing_values/seed_2153/run_monash_time_unique1000/visualizations/archive_latex.tex
276,0.752252252,0.580700000,\log\left(\mathrm{Snip}\right) - \frac{\mathrm{GSynFlow}}{\log\left(\left(\mathrm{Fisher}\right) \cdot \left(\mathrm{MParams}\right)\right)},Snip Log GSynFlow Fisher MParams Mul Log Div Sub <EOS>,(log(Snip) - (GSynFlow / log((Fisher * MParams)))),0.580700000,0.486700000,16,9,5,2118,run_monash_time_unique1000,5,1,Monash__bitcoin_dataset_without_missing_values/seed_2118/run_monash_time_unique1000/visualizations/archive_latex.tex
277,0.751351351,0.580400000,\log\left(\mathrm{GSynFlow}\right) - \left(\log\left(\mathrm{MParams}\right)\right) \cdot \left(\mathrm{Snip} - \mathrm{L2Norm}\right),GSynFlow Log MParams Log Snip L2-Norm Sub Mul Sub <EOS>,(log(GSynFlow) - (log(MParams) * (Snip - L2-Norm))),0.580400000,0.519600000,118,9,4,2121,run_monash_time_unique1000,6,1,Monash__bitcoin_dataset_without_missing_values/seed_2121/run_monash_time_unique1000/visualizations/archive_latex.tex
278,0.750450450,0.580200000,\log\left(\mathrm{GradNorm}\right) - \left(\left(\mathrm{MParams}\right)^2\right) \cdot \left(\log\left(\mathrm{plain}\right)\right),Grad_Norm Log MParams Square plain Log Mul Sub <EOS>,(log(Grad_Norm) - (square(MParams) * log(plain))),0.580200000,0.434400000,60,8,4,2038,run_monash_time_unique1000,1,3,Monash__bitcoin_dataset_without_missing_values/seed_2038/run_monash_time_unique1000/visualizations/archive_latex.tex
279,0.749549550,0.580200000,\frac{\log\left(\mathrm{MParams}\right)}{\mathrm{ZiCo}} - \left(\mathrm{GradNorm}\right) \cdot \left(\log\left(\mathrm{MParams}\right)\right),MParams Log ZiCo Div Grad_Norm MParams Log Mul Sub <EOS>,((log(MParams) / ZiCo) - (Grad_Norm * log(MParams))),0.580200000,0.539800000,28,9,4,2118,run_monash_time_unique1000,6,1,Monash__bitcoin_dataset_without_missing_values/seed_2118/run_monash_time_unique1000/visualizations/archive_latex.tex
280,0.748648649,0.580200000,\log\left(\mathrm{GradNorm}\right) - \left(\left(\log\left(\mathrm{plain}\right)\right) \cdot \left(\mathrm{MParams}\right)\right) \cdot \left(\mathrm{MParams}\right),Grad_Norm Log plain Log MParams Mul MParams Mul Sub <EOS>,(log(Grad_Norm) - ((log(plain) * MParams) * MParams)),0.580200000,0.434400000,30,9,5,2118,run_monash_time_unique1000,7,1,Monash__bitcoin_dataset_without_missing_values/seed_2118/run_monash_time_unique1000/visualizations/archive_latex.tex
281,0.747747748,0.580200000,\log\left(\mathrm{GradNorm}\right) - \left(\log\left(\mathrm{plain}\right)\right) \cdot \left(\left(\mathrm{MParams}\right)^2\right),Grad_Norm Log plain Log MParams Square Mul Sub <EOS>,(log(Grad_Norm) - (log(plain) * square(MParams))),0.580200000,0.434400000,55,8,4,2028,run_monash_time_unique1000,9,1,Monash__bitcoin_dataset_without_missing_values/seed_2028/run_monash_time_unique1000/visualizations/archive_latex.tex
282,0.746846847,0.580000000,\frac{\frac{\log\left(\left(\mathrm{GradNorm}\right) \cdot \left(\log\left(\mathrm{GFLOPs}\right)\right)\right)}{\mathrm{GFLOPs}}}{\mathrm{plain}},Grad_Norm GFLOPs Log Mul Log GFLOPs Div plain Div <EOS>,((log((Grad_Norm * log(GFLOPs))) / GFLOPs) / plain),0.580000000,0.492000000,162,9,6,2067,run_monash_time_unique1000,1,3,Monash__bitcoin_dataset_without_missing_values/seed_2067/run_monash_time_unique1000/visualizations/archive_latex.tex
283,0.745945946,0.580000000,\frac{\log\left(\left(\mathrm{GradNorm}\right) \cdot \left(\log\left(\mathrm{GFLOPs}\right)\right)\right)}{\left(\mathrm{GFLOPs}\right) \cdot \left(\mathrm{plain}\right)},Grad_Norm GFLOPs Log Mul Log GFLOPs plain Mul Div <EOS>,(log((Grad_Norm * log(GFLOPs))) / (GFLOPs * plain)),0.580000000,0.492000000,84,9,5,2131,run_monash_time_unique1000,1,3,Monash__bitcoin_dataset_without_missing_values/seed_2131/run_monash_time_unique1000/visualizations/archive_latex.tex
284,0.745045045,0.580000000,\frac{\log\left(\left(\log\left(\mathrm{GFLOPs}\right)\right) \cdot \left(\mathrm{GradNorm}\right)\right)}{\left(\mathrm{GFLOPs}\right) \cdot \left(\mathrm{plain}\right)},GFLOPs Log Grad_Norm Mul Log GFLOPs plain Mul Div <EOS>,(log((log(GFLOPs) * Grad_Norm)) / (GFLOPs * plain)),0.580000000,0.492000000,93,9,5,2220,run_monash_time_unique1000,1,1,Monash__bitcoin_dataset_without_missing_values/seed_2220/run_monash_time_unique1000/visualizations/archive_latex.tex
285,0.744144144,0.580000000,\frac{\log\left(\left(\mathrm{GradNorm}\right) \cdot \left(\log\left(\mathrm{GFLOPs}\right)\right)\right)}{\left(\mathrm{plain}\right) \cdot \left(\mathrm{GFLOPs}\right)},Grad_Norm GFLOPs Log Mul Log plain GFLOPs Mul Div <EOS>,(log((Grad_Norm * log(GFLOPs))) / (plain * GFLOPs)),0.580000000,0.492000000,34,9,5,2077,run_monash_time_unique1000,2,1,Monash__bitcoin_dataset_without_missing_values/seed_2077/run_monash_time_unique1000/visualizations/archive_latex.tex
286,0.743243243,0.580000000,\frac{\frac{\log\left(\left(\mathrm{GradNorm}\right) \cdot \left(\log\left(\mathrm{GFLOPs}\right)\right)\right)}{\mathrm{plain}}}{\mathrm{GFLOPs}},Grad_Norm GFLOPs Log Mul Log plain Div GFLOPs Div <EOS>,((log((Grad_Norm * log(GFLOPs))) / plain) / GFLOPs),0.580000000,0.492000000,87,9,6,2170,run_monash_time_unique1000,2,1,Monash__bitcoin_dataset_without_missing_values/seed_2170/run_monash_time_unique1000/visualizations/archive_latex.tex
287,0.742342342,0.580000000,\frac{\log\left(\left(\log\left(\mathrm{GFLOPs}\right)\right) \cdot \left(\mathrm{GradNorm}\right)\right)}{\left(\mathrm{plain}\right) \cdot \left(\mathrm{GFLOPs}\right)},GFLOPs Log Grad_Norm Mul Log plain GFLOPs Mul Div <EOS>,(log((log(GFLOPs) * Grad_Norm)) / (plain * GFLOPs)),0.580000000,0.492000000,18,9,5,2209,run_monash_time_unique1000,7,1,Monash__bitcoin_dataset_without_missing_values/seed_2209/run_monash_time_unique1000/visualizations/archive_latex.tex
288,0.741441441,0.579200000,\frac{\log\left(\mathrm{Fisher}\right)}{\mathrm{GFLOPs}} - \left(\mathrm{plain}\right) \cdot \left(\mathrm{MParams}\right),Fisher Log GFLOPs Div plain MParams Mul Sub <EOS>,((log(Fisher) / GFLOPs) - (plain * MParams)),0.579200000,0.536100000,194,8,4,2118,run_monash_time_unique1000,8,1,Monash__bitcoin_dataset_without_missing_values/seed_2118/run_monash_time_unique1000/visualizations/archive_latex.tex
289,0.740540541,0.579100000,\frac{\mathrm{GradNorm}}{\mathrm{Snip} + \log\left(\frac{\sqrt{\mathrm{Fisher}}}{\mathrm{GSynFlow}}\right)},Grad_Norm Snip Fisher Sqrt GSynFlow Div Log Add Div <EOS>,(Grad_Norm / (Snip + log((sqrt(Fisher) / GSynFlow)))),0.579100000,0.480100000,67,9,6,2031,run_monash_time_unique1000,4,1,Monash__bitcoin_dataset_without_missing_values/seed_2031/run_monash_time_unique1000/visualizations/archive_latex.tex
290,0.739639640,0.578900000,\left(\mathrm{GFLOPs}\right)^2 - \left(\mathrm{MParams} + \log\left(\mathrm{ZiCo}\right)\right) \cdot \left(\mathrm{Snip}\right),GFLOPs Square MParams ZiCo Log Add Snip Mul Sub <EOS>,(square(GFLOPs) - ((MParams + log(ZiCo)) * Snip)),0.578900000,0.549300000,173,9,5,2207,run_monash_time_unique1000,3,1,Monash__bitcoin_dataset_without_missing_values/seed_2207/run_monash_time_unique1000/visualizations/archive_latex.tex
291,0.738738739,0.578600000,\left(\mathrm{MParams}\right) \cdot \left(\mathrm{GradNorm} - \left(\left(\left(\mathrm{MParams}\right)^2\right) \cdot \left(\mathrm{plain}\right)\right)^2\right),MParams Grad_Norm MParams Square plain Mul Square Sub Mul <EOS>,(MParams * (Grad_Norm - square((square(MParams) * plain)))),0.578600000,0.571100000,59,9,6,2146,run_monash_time_unique1000,8,1,Monash__bitcoin_dataset_without_missing_values/seed_2146/run_monash_time_unique1000/visualizations/archive_latex.tex
292,0.737837838,0.578600000,\left(\mathrm{GradNorm} - \left(\left(\left(\mathrm{MParams}\right)^2\right) \cdot \left(\mathrm{plain}\right)\right)^2\right) \cdot \left(\mathrm{MParams}\right),Grad_Norm MParams Square plain Mul Square Sub MParams Mul <EOS>,((Grad_Norm - square((square(MParams) * plain))) * MParams),0.578600000,0.571100000,34,9,6,2081,run_monash_time_unique1000,9,1,Monash__bitcoin_dataset_without_missing_values/seed_2081/run_monash_time_unique1000/visualizations/archive_latex.tex
293,0.736936937,0.578600000,\left(\mathrm{GradNorm} - \left(\left(\mathrm{plain}\right) \cdot \left(\left(\mathrm{MParams}\right)^2\right)\right)^2\right) \cdot \left(\mathrm{MParams}\right),Grad_Norm plain MParams Square Mul Square Sub MParams Mul <EOS>,((Grad_Norm - square((plain * square(MParams)))) * MParams),0.578600000,0.571100000,187,9,6,2062,run_monash_time_unique1000,10,1,Monash__bitcoin_dataset_without_missing_values/seed_2062/run_monash_time_unique1000/visualizations/archive_latex.tex
294,0.736036036,0.578500000,\frac{\log\left(\left(\mathrm{Snip}\right) \cdot \left(\mathrm{GSynFlow}\right)\right)}{\mathrm{GradNorm}} - \mathrm{MParams},Snip GSynFlow Mul Log Grad_Norm Div MParams Sub <EOS>,((log((Snip * GSynFlow)) / Grad_Norm) - MParams),0.578500000,0.484500000,108,8,5,2052,run_monash_time_unique1000,3,2,Monash__bitcoin_dataset_without_missing_values/seed_2052/run_monash_time_unique1000/visualizations/archive_latex.tex
295,0.735135135,0.578500000,\frac{\mathrm{JacobFro}}{\left(\sqrt{\log\left(\mathrm{Fisher}\right)} - \mathrm{MParams}\right)^2},Jacob_fro Fisher Log Sqrt MParams Sub Square Div <EOS>,(Jacob_fro / square((sqrt(log(Fisher)) - MParams))),0.578500000,0.467900000,85,8,6,2092,run_monash_time_unique1000,3,1,Monash__bitcoin_dataset_without_missing_values/seed_2092/run_monash_time_unique1000/visualizations/archive_latex.tex
296,0.734234234,0.578500000,\frac{\mathrm{JacobFro}}{\sqrt{\log\left(\mathrm{L2Norm}\right) - \mathrm{ZiCo}} - \mathrm{MParams}},Jacob_fro L2-Norm Log ZiCo Sub Sqrt MParams Sub Div <EOS>,(Jacob_fro / (sqrt((log(L2-Norm) - ZiCo)) - MParams)),0.578500000,0.386600000,107,9,6,2030,run_monash_time_unique1000,6,1,Monash__bitcoin_dataset_without_missing_values/seed_2030/run_monash_time_unique1000/visualizations/archive_latex.tex
297,0.733333333,0.578500000,\frac{\log\left(\left(\mathrm{GSynFlow}\right) \cdot \left(\mathrm{Snip}\right)\right)}{\mathrm{GradNorm}} - \mathrm{MParams},GSynFlow Snip Mul Log Grad_Norm Div MParams Sub <EOS>,((log((GSynFlow * Snip)) / Grad_Norm) - MParams),0.578500000,0.484500000,162,8,5,2053,run_monash_time_unique1000,6,2,Monash__bitcoin_dataset_without_missing_values/seed_2053/run_monash_time_unique1000/visualizations/archive_latex.tex
298,0.732432432,0.578400000,\left(\log\left(\left(\mathrm{GradNorm}\right) \cdot \left(\mathrm{Fisher}\right)\right)\right) \cdot \left(-\log\left(\mathrm{MParams}\right)\right),Grad_Norm Fisher Mul Log MParams Log Negative Mul <EOS>,(log((Grad_Norm * Fisher)) * -(log(MParams))),0.578400000,0.465800000,20,8,4,2213,run_monash_time_unique1000,2,1,Monash__bitcoin_dataset_without_missing_values/seed_2213/run_monash_time_unique1000/visualizations/archive_latex.tex
299,0.731531532,0.578400000,\left(\mathrm{GFLOPs}\right) \cdot \left(\sqrt{\mathrm{GradNorm}} - \left(\left(\mathrm{MParams}\right)^2\right) \cdot \left(\mathrm{plain}\right)\right),GFLOPs Grad_Norm Sqrt MParams Square plain Mul Sub Mul <EOS>,(GFLOPs * (sqrt(Grad_Norm) - (square(MParams) * plain))),0.578400000,0.547800000,33,9,5,2068,run_monash_time_unique1000,9,1,Monash__bitcoin_dataset_without_missing_values/seed_2068/run_monash_time_unique1000/visualizations/archive_latex.tex
300,0.730630631,0.578100000,\sqrt{\mathrm{GradNorm}} + \mathrm{MParams} - \left(\mathrm{plain}\right) \cdot \left(\left(\mathrm{MParams}\right)^2\right),Grad_Norm Sqrt MParams plain MParams Square Mul Sub Add <EOS>,(sqrt(Grad_Norm) + (MParams - (plain * square(MParams)))),0.578100000,0.542900000,180,9,5,2124,run_monash_time_unique1000,6,1,Monash__bitcoin_dataset_without_missing_values/seed_2124/run_monash_time_unique1000/visualizations/archive_latex.tex
301,0.729729730,0.578100000,\mathrm{MParams} + \sqrt{\mathrm{GradNorm}} - \left(\left(\mathrm{MParams}\right)^2\right) \cdot \left(\mathrm{plain}\right),MParams Grad_Norm Sqrt Add MParams Square plain Mul Sub <EOS>,((MParams + sqrt(Grad_Norm)) - (square(MParams) * plain)),0.578100000,0.542900000,182,9,4,2095,run_monash_time_unique1000,7,2,Monash__bitcoin_dataset_without_missing_values/seed_2095/run_monash_time_unique1000/visualizations/archive_latex.tex
302,0.728828829,0.578100000,\mathrm{MParams} + \sqrt{\mathrm{GradNorm}} - \left(\left(\mathrm{MParams}\right)^2\right) \cdot \left(\mathrm{plain}\right),MParams Grad_Norm Sqrt MParams Square plain Mul Sub Add <EOS>,(MParams + (sqrt(Grad_Norm) - (square(MParams) * plain))),0.578100000,0.542900000,125,9,5,2181,run_monash_time_unique1000,8,2,Monash__bitcoin_dataset_without_missing_values/seed_2181/run_monash_time_unique1000/visualizations/archive_latex.tex
303,0.727927928,0.577900000,\log\left(\mathrm{JacobFro}\right) - \left(\sqrt{\mathrm{Fisher}} + \log\left(\mathrm{MParams}\right)\right)^2,Jacob_fro Log Fisher Sqrt MParams Log Add Square Sub <EOS>,(log(Jacob_fro) - square((sqrt(Fisher) + log(MParams)))),0.577900000,0.498100000,139,9,5,2137,run_monash_time_unique1000,4,1,Monash__bitcoin_dataset_without_missing_values/seed_2137/run_monash_time_unique1000/visualizations/archive_latex.tex
304,0.727027027,0.577500000,\mathrm{L2Norm} - \left(\mathrm{GradNorm}\right) \cdot \left(\log\left(\left(\mathrm{MParams}\right)^2\right)\right),L2-Norm Grad_Norm MParams Square Log Mul Sub <EOS>,(L2-Norm - (Grad_Norm * log(square(MParams)))),0.577500000,0.468200000,38,7,5,2174,run_monash_time_unique1000,2,1,Monash__bitcoin_dataset_without_missing_values/seed_2174/run_monash_time_unique1000/visualizations/archive_latex.tex
305,0.726126126,0.577100000,\left(\left(\mathrm{L2Norm}\right)^2\right) \cdot \left(\sqrt{\mathrm{GradNorm}} - \left(\mathrm{MParams}\right) \cdot \left(\mathrm{plain}\right)\right),L2-Norm Square Grad_Norm Sqrt MParams plain Mul Sub Mul <EOS>,(square(L2-Norm) * (sqrt(Grad_Norm) - (MParams * plain))),0.577100000,0.517200000,200,9,4,2181,run_monash_time_unique1000,9,1,Monash__bitcoin_dataset_without_missing_values/seed_2181/run_monash_time_unique1000/visualizations/archive_latex.tex
306,0.725225225,0.576900000,\left(\log\left(\mathrm{MParams}\right)\right) \cdot \left(\frac{\log\left(\mathrm{Jacov}\right)}{\mathrm{GFLOPs}} - \mathrm{GradNorm}\right),MParams Log Jacov Log GFLOPs Div Grad_Norm Sub Mul <EOS>,(log(MParams) * ((log(Jacov) / GFLOPs) - Grad_Norm)),0.576900000,0.534300000,198,9,5,2064,run_monash_time_unique1000,9,1,Monash__bitcoin_dataset_without_missing_values/seed_2064/run_monash_time_unique1000/visualizations/archive_latex.tex
307,0.724324324,0.576600000,\frac{\log\left(\left(\mathrm{MParams}\right) \cdot \left(\mathrm{GradNorm}\right)\right)}{\left(\mathrm{MParams}\right) \cdot \left(\mathrm{plain}\right)},MParams Grad_Norm Mul Log MParams plain Mul Div <EOS>,(log((MParams * Grad_Norm)) / (MParams * plain)),0.576600000,0.484700000,188,8,4,2172,run_monash_time_unique1000,1,3,Monash__bitcoin_dataset_without_missing_values/seed_2172/run_monash_time_unique1000/visualizations/archive_latex.tex
308,0.723423423,0.576600000,\left(\sqrt{\mathrm{L2Norm}} - \mathrm{GradNorm}\right) \cdot \left(\log\left(\left(\mathrm{GFLOPs}\right) \cdot \left(\mathrm{ZiCo}\right)\right)\right),L2-Norm Sqrt Grad_Norm Sub GFLOPs ZiCo Mul Log Mul <EOS>,((sqrt(L2-Norm) - Grad_Norm) * log((GFLOPs * ZiCo))),0.576600000,0.447400000,133,9,4,2196,run_monash_time_unique1000,2,1,Monash__bitcoin_dataset_without_missing_values/seed_2196/run_monash_time_unique1000/visualizations/archive_latex.tex
309,0.722522523,0.576600000,\frac{\log\left(\left(\mathrm{GradNorm}\right) \cdot \left(\mathrm{MParams}\right)\right)}{\left(\mathrm{MParams}\right) \cdot \left(\mathrm{plain}\right)},Grad_Norm MParams Mul Log MParams plain Mul Div <EOS>,(log((Grad_Norm * MParams)) / (MParams * plain)),0.576600000,0.484700000,117,8,4,2210,run_monash_time_unique1000,3,1,Monash__bitcoin_dataset_without_missing_values/seed_2210/run_monash_time_unique1000/visualizations/archive_latex.tex
310,0.721621622,0.576600000,\frac{\frac{\log\left(\left(\mathrm{GradNorm}\right) \cdot \left(\mathrm{MParams}\right)\right)}{\mathrm{MParams}}}{\mathrm{plain}},Grad_Norm MParams Mul Log MParams Div plain Div <EOS>,((log((Grad_Norm * MParams)) / MParams) / plain),0.576600000,0.484700000,30,8,5,2113,run_monash_time_unique1000,6,1,Monash__bitcoin_dataset_without_missing_values/seed_2113/run_monash_time_unique1000/visualizations/archive_latex.tex
311,0.720720721,0.576600000,\frac{\frac{\log\left(\left(\mathrm{MParams}\right) \cdot \left(\mathrm{GradNorm}\right)\right)}{\mathrm{MParams}}}{\mathrm{plain}},MParams Grad_Norm Mul Log MParams Div plain Div <EOS>,((log((MParams * Grad_Norm)) / MParams) / plain),0.576600000,0.484700000,33,8,5,2209,run_monash_time_unique1000,8,1,Monash__bitcoin_dataset_without_missing_values/seed_2209/run_monash_time_unique1000/visualizations/archive_latex.tex
312,0.719819820,0.576300000,\left(\log\left(\mathrm{GradNorm} + \mathrm{GFLOPs}\right) - \left(\mathrm{Fisher}\right) \cdot \left(\mathrm{MParams}\right)\right)^2,Grad_Norm GFLOPs Add Log Fisher MParams Mul Sub Square <EOS>,square((log((Grad_Norm + GFLOPs)) - (Fisher * MParams))),0.576300000,0.489700000,44,9,5,2027,run_monash_time_unique1000,1,2,Monash__bitcoin_dataset_without_missing_values/seed_2027/run_monash_time_unique1000/visualizations/archive_latex.tex
313,0.718918919,0.576300000,\left(\left(\mathrm{MParams}\right) \cdot \left(\mathrm{Fisher}\right) - \log\left(\mathrm{GradNorm} + \mathrm{GFLOPs}\right)\right)^2,MParams Fisher Mul Grad_Norm GFLOPs Add Log Sub Square <EOS>,square(((MParams * Fisher) - log((Grad_Norm + GFLOPs)))),0.576300000,0.489700000,106,9,5,2119,run_monash_time_unique1000,1,1,Monash__bitcoin_dataset_without_missing_values/seed_2119/run_monash_time_unique1000/visualizations/archive_latex.tex
314,0.718018018,0.576300000,\left(\log\left(\mathrm{GradNorm} + \mathrm{GFLOPs}\right) - \left(\mathrm{MParams}\right) \cdot \left(\mathrm{Fisher}\right)\right)^2,Grad_Norm GFLOPs Add Log MParams Fisher Mul Sub Square <EOS>,square((log((Grad_Norm + GFLOPs)) - (MParams * Fisher))),0.576300000,0.489700000,195,9,5,2199,run_monash_time_unique1000,4,1,Monash__bitcoin_dataset_without_missing_values/seed_2199/run_monash_time_unique1000/visualizations/archive_latex.tex
315,0.717117117,0.576300000,\log\left(\log\left(\mathrm{GradNorm} + \mathrm{GFLOPs}\right) - \left(\mathrm{Fisher}\right) \cdot \left(\mathrm{MParams}\right)\right),Grad_Norm GFLOPs Add Log Fisher MParams Mul Sub Log <EOS>,log((log((Grad_Norm + GFLOPs)) - (Fisher * MParams))),0.576300000,0.489700000,167,9,5,2128,run_monash_time_unique1000,6,1,Monash__bitcoin_dataset_without_missing_values/seed_2128/run_monash_time_unique1000/visualizations/archive_latex.tex
316,0.716216216,0.576300000,\frac{\left(\mathrm{GradNorm}\right) \cdot \left(\mathrm{GFLOPs}\right)}{\sqrt{\log\left(\mathrm{L2Norm}\right)} - \mathrm{MParams}},Grad_Norm GFLOPs Mul L2-Norm Log Sqrt MParams Sub Div <EOS>,((Grad_Norm * GFLOPs) / (sqrt(log(L2-Norm)) - MParams)),0.576300000,0.424500000,103,9,5,2030,run_monash_time_unique1000,7,1,Monash__bitcoin_dataset_without_missing_values/seed_2030/run_monash_time_unique1000/visualizations/archive_latex.tex
317,0.715315315,0.576300000,\sqrt{\log\left(\mathrm{GFLOPs} + \mathrm{GradNorm}\right) - \left(\mathrm{Fisher}\right) \cdot \left(\mathrm{MParams}\right)},GFLOPs Grad_Norm Add Log Fisher MParams Mul Sub Sqrt <EOS>,sqrt((log((GFLOPs + Grad_Norm)) - (Fisher * MParams))),0.576300000,0.489700000,196,9,5,2136,run_monash_time_unique1000,9,1,Monash__bitcoin_dataset_without_missing_values/seed_2136/run_monash_time_unique1000/visualizations/archive_latex.tex
318,0.714414414,0.576300000,\left(\log\left(\mathrm{GFLOPs} + \mathrm{GradNorm}\right) - \left(\mathrm{MParams}\right) \cdot \left(\mathrm{Fisher}\right)\right)^2,GFLOPs Grad_Norm Add Log MParams Fisher Mul Sub Square <EOS>,square((log((GFLOPs + Grad_Norm)) - (MParams * Fisher))),0.576300000,0.489700000,52,9,5,2115,run_monash_time_unique1000,10,1,Monash__bitcoin_dataset_without_missing_values/seed_2115/run_monash_time_unique1000/visualizations/archive_latex.tex
319,0.713513514,0.576200000,\frac{\log\left(\left(\log\left(\mathrm{GFLOPs}\right)\right) \cdot \left(\mathrm{GradNorm}\right)\right)}{\left(\mathrm{MParams}\right) \cdot \left(\mathrm{plain}\right)},GFLOPs Log Grad_Norm Mul Log MParams plain Mul Div <EOS>,(log((log(GFLOPs) * Grad_Norm)) / (MParams * plain)),0.576200000,0.504900000,74,9,5,2202,run_monash_time_unique1000,1,2,Monash__bitcoin_dataset_without_missing_values/seed_2202/run_monash_time_unique1000/visualizations/archive_latex.tex
320,0.712612613,0.576200000,\frac{\frac{\log\left(\left(\mathrm{GradNorm}\right) \cdot \left(\log\left(\mathrm{GFLOPs}\right)\right)\right)}{\mathrm{MParams}}}{\mathrm{plain}},Grad_Norm GFLOPs Log Mul Log MParams Div plain Div <EOS>,((log((Grad_Norm * log(GFLOPs))) / MParams) / plain),0.576200000,0.504900000,162,9,6,2067,run_monash_time_unique1000,2,2,Monash__bitcoin_dataset_without_missing_values/seed_2067/run_monash_time_unique1000/visualizations/archive_latex.tex
321,0.711711712,0.576200000,\frac{\log\left(\left(\mathrm{GradNorm}\right) \cdot \left(\log\left(\mathrm{GFLOPs}\right)\right)\right)}{\left(\mathrm{MParams}\right) \cdot \left(\mathrm{plain}\right)},Grad_Norm GFLOPs Log Mul Log MParams plain Mul Div <EOS>,(log((Grad_Norm * log(GFLOPs))) / (MParams * plain)),0.576200000,0.504900000,23,9,5,2077,run_monash_time_unique1000,3,1,Monash__bitcoin_dataset_without_missing_values/seed_2077/run_monash_time_unique1000/visualizations/archive_latex.tex
322,0.710810811,0.576200000,\frac{\frac{\log\left(\left(\mathrm{GradNorm}\right) \cdot \left(\log\left(\mathrm{GFLOPs}\right)\right)\right)}{\mathrm{plain}}}{\mathrm{MParams}},Grad_Norm GFLOPs Log Mul Log plain Div MParams Div <EOS>,((log((Grad_Norm * log(GFLOPs))) / plain) / MParams),0.576200000,0.504900000,103,9,6,2053,run_monash_time_unique1000,7,1,Monash__bitcoin_dataset_without_missing_values/seed_2053/run_monash_time_unique1000/visualizations/archive_latex.tex
323,0.709909910,0.576200000,\frac{\log\left(\left(\log\left(\mathrm{GFLOPs}\right)\right) \cdot \left(\mathrm{GradNorm}\right)\right)}{\left(\mathrm{plain}\right) \cdot \left(\mathrm{MParams}\right)},GFLOPs Log Grad_Norm Mul Log plain MParams Mul Div <EOS>,(log((log(GFLOPs) * Grad_Norm)) / (plain * MParams)),0.576200000,0.504900000,79,9,5,2209,run_monash_time_unique1000,9,1,Monash__bitcoin_dataset_without_missing_values/seed_2209/run_monash_time_unique1000/visualizations/archive_latex.tex
324,0.709009009,0.575700000,\left(\log\left(\mathrm{MParams}\right)\right) \cdot \left(\left(\mathrm{L2Norm}\right) \cdot \left(\mathrm{L2Norm} - \mathrm{Snip}\right)\right),MParams Log L2-Norm L2-Norm Snip Sub Mul Mul <EOS>,(log(MParams) * (L2-Norm * (L2-Norm - Snip))),0.575700000,0.486100000,25,8,4,2075,run_monash_time_unique1000,1,1,Monash__bitcoin_dataset_without_missing_values/seed_2075/run_monash_time_unique1000/visualizations/archive_latex.tex
325,0.708108108,0.575600000,\frac{\log\left(\sqrt{\left(\mathrm{GSynFlow}\right) \cdot \left(\mathrm{Snip}\right)}\right)}{\mathrm{GradNorm}} - \mathrm{MParams},GSynFlow Snip Mul Sqrt Log Grad_Norm Div MParams Sub <EOS>,((log(sqrt((GSynFlow * Snip))) / Grad_Norm) - MParams),0.575600000,0.462800000,125,9,6,2079,run_monash_time_unique1000,8,1,Monash__bitcoin_dataset_without_missing_values/seed_2079/run_monash_time_unique1000/visualizations/archive_latex.tex
326,0.707207207,0.575600000,\left(\sqrt{\mathrm{MParams}}\right) \cdot \left(\sqrt{\mathrm{GradNorm}} - \left(\mathrm{MParams}\right) \cdot \left(\mathrm{plain}\right)\right),MParams Sqrt Grad_Norm Sqrt MParams plain Mul Sub Mul <EOS>,(sqrt(MParams) * (sqrt(Grad_Norm) - (MParams * plain))),0.575600000,0.519600000,100,9,4,2028,run_monash_time_unique1000,10,1,Monash__bitcoin_dataset_without_missing_values/seed_2028/run_monash_time_unique1000/visualizations/archive_latex.tex
327,0.706306306,0.575500000,\frac{\frac{\log\left(\mathrm{GSynFlow}\right)}{\log\left(\mathrm{Snip}\right)}}{\mathrm{MParams}} - \mathrm{GFLOPs},GSynFlow Log Snip Log Div MParams Div GFLOPs Sub <EOS>,(((log(GSynFlow) / log(Snip)) / MParams) - GFLOPs),0.575500000,0.560300000,121,9,5,2089,run_monash_time_unique1000,4,1,Monash__bitcoin_dataset_without_missing_values/seed_2089/run_monash_time_unique1000/visualizations/archive_latex.tex
328,0.705405405,0.575300000,\frac{\log\left(\sqrt{\left(\mathrm{MParams}\right) \cdot \left(\mathrm{GradNorm}\right)}\right)}{\mathrm{MParams}} - \mathrm{plain},MParams Grad_Norm Mul Sqrt Log MParams Div plain Sub <EOS>,((log(sqrt((MParams * Grad_Norm))) / MParams) - plain),0.575300000,0.519000000,165,9,6,2127,run_monash_time_unique1000,5,2,Monash__bitcoin_dataset_without_missing_values/seed_2127/run_monash_time_unique1000/visualizations/archive_latex.tex
329,0.704504505,0.575300000,\frac{\log\left(\sqrt{\left(\mathrm{GradNorm}\right) \cdot \left(\mathrm{MParams}\right)}\right)}{\mathrm{MParams}} - \mathrm{plain},Grad_Norm MParams Mul Sqrt Log MParams Div plain Sub <EOS>,((log(sqrt((Grad_Norm * MParams))) / MParams) - plain),0.575300000,0.519000000,30,9,6,2113,run_monash_time_unique1000,7,2,Monash__bitcoin_dataset_without_missing_values/seed_2113/run_monash_time_unique1000/visualizations/archive_latex.tex
330,0.703603604,0.575100000,\frac{\mathrm{GradNorm}}{\mathrm{Snip} + \log\left(\frac{\left(\mathrm{GradNorm}\right)^2}{\mathrm{GSynFlow}}\right)},Grad_Norm Snip Grad_Norm Square GSynFlow Div Log Add Div <EOS>,(Grad_Norm / (Snip + log((square(Grad_Norm) / GSynFlow)))),0.575100000,0.464400000,152,9,6,2137,run_monash_time_unique1000,5,1,Monash__bitcoin_dataset_without_missing_values/seed_2137/run_monash_time_unique1000/visualizations/archive_latex.tex
331,0.702702703,0.575000000,\left(-\mathrm{GradNorm}\right) \cdot \left(\log\left(\mathrm{ZiCo}\right) + \mathrm{MParams}\right) + \mathrm{GFLOPs},Grad_Norm Negative ZiCo Log MParams Add Mul GFLOPs Add <EOS>,((-(Grad_Norm) * (log(ZiCo) + MParams)) + GFLOPs),0.575000000,0.520400000,147,9,5,2125,run_monash_time_unique1000,1,1,Monash__bitcoin_dataset_without_missing_values/seed_2125/run_monash_time_unique1000/visualizations/archive_latex.tex
332,0.701801802,0.575000000,\left(-\mathrm{GradNorm}\right) \cdot \left(\mathrm{MParams} + \log\left(\mathrm{ZiCo}\right)\right) + \mathrm{GFLOPs},Grad_Norm Negative MParams ZiCo Log Add Mul GFLOPs Add <EOS>,((-(Grad_Norm) * (MParams + log(ZiCo))) + GFLOPs),0.575000000,0.520400000,184,9,5,2218,run_monash_time_unique1000,1,1,Monash__bitcoin_dataset_without_missing_values/seed_2218/run_monash_time_unique1000/visualizations/archive_latex.tex
333,0.700900901,0.575000000,\log\left(\mathrm{GradNorm} + \mathrm{GFLOPs}\right) - \left(\mathrm{plain}\right) \cdot \left(\mathrm{MParams}\right),Grad_Norm GFLOPs Add Log plain MParams Mul Sub <EOS>,(log((Grad_Norm + GFLOPs)) - (plain * MParams)),0.575000000,0.479600000,45,8,4,2027,run_monash_time_unique1000,2,1,Monash__bitcoin_dataset_without_missing_values/seed_2027/run_monash_time_unique1000/visualizations/archive_latex.tex
334,0.700000000,0.575000000,\log\left(-\mathrm{GFLOPs} - \mathrm{GradNorm}\right) - \left(\mathrm{plain}\right) \cdot \left(\mathrm{MParams}\right),GFLOPs Negative Grad_Norm Sub Log plain MParams Mul Sub <EOS>,(log((-(GFLOPs) - Grad_Norm)) - (plain * MParams)),0.575000000,0.479600000,48,9,5,2140,run_monash_time_unique1000,2,1,Monash__bitcoin_dataset_without_missing_values/seed_2140/run_monash_time_unique1000/visualizations/archive_latex.tex
335,0.699099099,0.575000000,\left(\mathrm{GradNorm}\right) \cdot \left(-\log\left(\mathrm{ZiCo}\right) + \mathrm{MParams}\right) + \mathrm{GFLOPs},Grad_Norm ZiCo Log MParams Add Negative Mul GFLOPs Add <EOS>,((Grad_Norm * -((log(ZiCo) + MParams))) + GFLOPs),0.575000000,0.520400000,199,9,6,2179,run_monash_time_unique1000,2,1,Monash__bitcoin_dataset_without_missing_values/seed_2179/run_monash_time_unique1000/visualizations/archive_latex.tex
336,0.698198198,0.575000000,\log\left(\mathrm{GFLOPs} + \mathrm{GradNorm}\right) - \left(\mathrm{plain}\right) \cdot \left(\mathrm{MParams}\right),GFLOPs Grad_Norm Add Log plain MParams Mul Sub <EOS>,(log((GFLOPs + Grad_Norm)) - (plain * MParams)),0.575000000,0.479600000,113,8,4,2074,run_monash_time_unique1000,3,1,Monash__bitcoin_dataset_without_missing_values/seed_2074/run_monash_time_unique1000/visualizations/archive_latex.tex
337,0.697297297,0.575000000,\log\left(\mathrm{GradNorm} + \mathrm{GFLOPs}\right) - \left(\mathrm{MParams}\right) \cdot \left(\mathrm{plain}\right),Grad_Norm GFLOPs Add Log MParams plain Mul Sub <EOS>,(log((Grad_Norm + GFLOPs)) - (MParams * plain)),0.575000000,0.479600000,149,8,4,2133,run_monash_time_unique1000,3,1,Monash__bitcoin_dataset_without_missing_values/seed_2133/run_monash_time_unique1000/visualizations/archive_latex.tex
338,0.696396396,0.575000000,\mathrm{GFLOPs} + \left(\mathrm{GradNorm}\right) \cdot \left(-\log\left(\mathrm{ZiCo}\right) - \mathrm{MParams}\right),GFLOPs Grad_Norm ZiCo Log Negative MParams Sub Mul Add <EOS>,(GFLOPs + (Grad_Norm * (-(log(ZiCo)) - MParams))),0.575000000,0.520400000,30,9,6,2157,run_monash_time_unique1000,4,1,Monash__bitcoin_dataset_without_missing_values/seed_2157/run_monash_time_unique1000/visualizations/archive_latex.tex
339,0.695495495,0.575000000,\log\left(\mathrm{GFLOPs} + \mathrm{GradNorm}\right) - \left(\mathrm{MParams}\right) \cdot \left(\mathrm{plain}\right),GFLOPs Grad_Norm Add Log MParams plain Mul Sub <EOS>,(log((GFLOPs + Grad_Norm)) - (MParams * plain)),0.575000000,0.479600000,192,8,4,2163,run_monash_time_unique1000,4,2,Monash__bitcoin_dataset_without_missing_values/seed_2163/run_monash_time_unique1000/visualizations/archive_latex.tex
340,0.694594595,0.575000000,\mathrm{GFLOPs} - \left(\mathrm{MParams} + \log\left(\mathrm{ZiCo}\right)\right) \cdot \left(\mathrm{GradNorm}\right),GFLOPs MParams ZiCo Log Add Grad_Norm Mul Sub <EOS>,(GFLOPs - ((MParams + log(ZiCo)) * Grad_Norm)),0.575000000,0.520400000,169,8,5,2207,run_monash_time_unique1000,4,1,Monash__bitcoin_dataset_without_missing_values/seed_2207/run_monash_time_unique1000/visualizations/archive_latex.tex
341,0.693693694,0.575000000,\mathrm{GFLOPs} - \left(\mathrm{GradNorm}\right) \cdot \left(\mathrm{MParams} + \log\left(\mathrm{ZiCo}\right)\right),GFLOPs Grad_Norm MParams ZiCo Log Add Mul Sub <EOS>,(GFLOPs - (Grad_Norm * (MParams + log(ZiCo)))),0.575000000,0.520400000,130,8,5,2208,run_monash_time_unique1000,4,1,Monash__bitcoin_dataset_without_missing_values/seed_2208/run_monash_time_unique1000/visualizations/archive_latex.tex
342,0.692792793,0.575000000,\mathrm{GFLOPs} - \left(\mathrm{GradNorm}\right) \cdot \left(\log\left(\mathrm{ZiCo}\right) + \mathrm{MParams}\right),GFLOPs Grad_Norm ZiCo Log MParams Add Mul Sub <EOS>,(GFLOPs - (Grad_Norm * (log(ZiCo) + MParams))),0.575000000,0.520400000,136,8,5,2100,run_monash_time_unique1000,10,1,Monash__bitcoin_dataset_without_missing_values/seed_2100/run_monash_time_unique1000/visualizations/archive_latex.tex
343,0.691891892,0.574700000,\frac{\log\left(\left(\mathrm{GraSP}\right) \cdot \left(\left(\mathrm{GSynFlow}\right)^2\right)\right)}{\mathrm{GradNorm}} - \mathrm{GFLOPs},GraSP GSynFlow Square Mul Log Grad_Norm Div GFLOPs Sub <EOS>,((log((GraSP * square(GSynFlow))) / Grad_Norm) - GFLOPs),0.574700000,0.453900000,120,9,6,2215,run_monash_time_unique1000,4,1,Monash__bitcoin_dataset_without_missing_values/seed_2215/run_monash_time_unique1000/visualizations/archive_latex.tex
344,0.690990991,0.574100000,\left(\mathrm{GSynFlow}\right) \cdot \left(\sqrt{\mathrm{Fisher} - \log\left(\mathrm{L2Norm}\right)} - \mathrm{MParams}\right),GSynFlow Fisher L2-Norm Log Sub Sqrt MParams Sub Mul <EOS>,(GSynFlow * (sqrt((Fisher - log(L2-Norm))) - MParams)),0.574100000,0.437800000,113,9,6,2030,run_monash_time_unique1000,8,1,Monash__bitcoin_dataset_without_missing_values/seed_2030/run_monash_time_unique1000/visualizations/archive_latex.tex
345,0.690090090,0.573900000,\log\left(\left(\mathrm{GFLOPs}\right) \cdot \left(\mathrm{Snip}\right)\right) - \left(\left(\mathrm{MParams}\right)^2\right) \cdot \left(\mathrm{plain}\right),GFLOPs Snip Mul Log MParams Square plain Mul Sub <EOS>,(log((GFLOPs * Snip)) - (square(MParams) * plain)),0.573900000,0.553700000,157,9,4,2163,run_monash_time_unique1000,5,2,Monash__bitcoin_dataset_without_missing_values/seed_2163/run_monash_time_unique1000/visualizations/archive_latex.tex
346,0.689189189,0.573900000,\log\left(\left(\mathrm{Snip}\right) \cdot \left(\mathrm{GFLOPs}\right)\right) - \left(\mathrm{plain}\right) \cdot \left(\left(\mathrm{MParams}\right)^2\right),Snip GFLOPs Mul Log plain MParams Square Mul Sub <EOS>,(log((Snip * GFLOPs)) - (plain * square(MParams))),0.573900000,0.553700000,172,9,4,2175,run_monash_time_unique1000,5,2,Monash__bitcoin_dataset_without_missing_values/seed_2175/run_monash_time_unique1000/visualizations/archive_latex.tex
347,0.688288288,0.573900000,\log\left(\left(\mathrm{Snip}\right) \cdot \left(\mathrm{GFLOPs}\right)\right) - \left(\left(\mathrm{MParams}\right)^2\right) \cdot \left(\mathrm{plain}\right),Snip GFLOPs Mul Log MParams Square plain Mul Sub <EOS>,(log((Snip * GFLOPs)) - (square(MParams) * plain)),0.573900000,0.553700000,80,9,4,2199,run_monash_time_unique1000,5,3,Monash__bitcoin_dataset_without_missing_values/seed_2199/run_monash_time_unique1000/visualizations/archive_latex.tex
348,0.687387387,0.573900000,\log\left(\left(\mathrm{GFLOPs}\right) \cdot \left(\mathrm{Snip}\right)\right) - \left(\mathrm{plain}\right) \cdot \left(\left(\mathrm{MParams}\right)^2\right),GFLOPs Snip Mul Log plain MParams Square Mul Sub <EOS>,(log((GFLOPs * Snip)) - (plain * square(MParams))),0.573900000,0.553700000,65,9,4,2128,run_monash_time_unique1000,7,3,Monash__bitcoin_dataset_without_missing_values/seed_2128/run_monash_time_unique1000/visualizations/archive_latex.tex
349,0.686486486,0.573800000,\frac{\sqrt{\mathrm{Snip}}}{\sqrt{\log\left(\mathrm{Jacov}\right)} - \left(\mathrm{MParams}\right)^2},Snip Sqrt Jacov Log Sqrt MParams Square Sub Div <EOS>,(sqrt(Snip) / (sqrt(log(Jacov)) - square(MParams))),0.573800000,0.422400000,54,9,5,2104,run_monash_time_unique1000,4,2,Monash__bitcoin_dataset_without_missing_values/seed_2104/run_monash_time_unique1000/visualizations/archive_latex.tex
350,0.685585586,0.573600000,\left(\sqrt{\mathrm{MParams}}\right) \cdot \left(\mathrm{L2Norm} - \left(\mathrm{Snip}\right) \cdot \left(\log\left(\mathrm{MParams}\right)\right)\right),MParams Sqrt L2-Norm Snip MParams Log Mul Sub Mul <EOS>,(sqrt(MParams) * (L2-Norm - (Snip * log(MParams)))),0.573600000,0.491400000,29,9,5,2164,run_monash_time_unique1000,2,1,Monash__bitcoin_dataset_without_missing_values/seed_2164/run_monash_time_unique1000/visualizations/archive_latex.tex
351,0.684684685,0.573600000,\left(\mathrm{L2Norm} - \left(\mathrm{Snip}\right) \cdot \left(\log\left(\mathrm{MParams}\right)\right)\right) \cdot \left(\sqrt{\mathrm{MParams}}\right),L2-Norm Snip MParams Log Mul Sub MParams Sqrt Mul <EOS>,((L2-Norm - (Snip * log(MParams))) * sqrt(MParams)),0.573600000,0.491400000,22,9,5,2206,run_monash_time_unique1000,2,1,Monash__bitcoin_dataset_without_missing_values/seed_2206/run_monash_time_unique1000/visualizations/archive_latex.tex
352,0.683783784,0.573600000,\left(\mathrm{L2Norm} - \left(\log\left(\mathrm{MParams}\right)\right) \cdot \left(\mathrm{Snip}\right)\right) \cdot \left(\sqrt{\mathrm{MParams}}\right),L2-Norm MParams Log Snip Mul Sub MParams Sqrt Mul <EOS>,((L2-Norm - (log(MParams) * Snip)) * sqrt(MParams)),0.573600000,0.491400000,60,9,5,2049,run_monash_time_unique1000,6,1,Monash__bitcoin_dataset_without_missing_values/seed_2049/run_monash_time_unique1000/visualizations/archive_latex.tex
353,0.682882883,0.573000000,\log\left(\left(\mathrm{MParams}\right) \cdot \left(\mathrm{GradNorm}\right)\right) - \left(\mathrm{plain}\right) \cdot \left(\mathrm{MParams}\right),MParams Grad_Norm Mul Log plain MParams Mul Sub <EOS>,(log((MParams * Grad_Norm)) - (plain * MParams)),0.573000000,0.519700000,150,8,4,2041,run_monash_time_unique1000,1,8,Monash__bitcoin_dataset_without_missing_values/seed_2041/run_monash_time_unique1000/visualizations/archive_latex.tex
354,0.681981982,0.573000000,\log\left(\left(\mathrm{GradNorm}\right) \cdot \left(\mathrm{MParams}\right)\right) - \left(\mathrm{MParams}\right) \cdot \left(\mathrm{plain}\right),Grad_Norm MParams Mul Log MParams plain Mul Sub <EOS>,(log((Grad_Norm * MParams)) - (MParams * plain)),0.573000000,0.519700000,127,8,4,2165,run_monash_time_unique1000,2,3,Monash__bitcoin_dataset_without_missing_values/seed_2165/run_monash_time_unique1000/visualizations/archive_latex.tex
355,0.681081081,0.573000000,\log\left(\left(\mathrm{MParams}\right) \cdot \left(\mathrm{GradNorm}\right)\right) - \left(\mathrm{MParams}\right) \cdot \left(\mathrm{plain}\right),MParams Grad_Norm Mul Log MParams plain Mul Sub <EOS>,(log((MParams * Grad_Norm)) - (MParams * plain)),0.573000000,0.519700000,184,8,4,2216,run_monash_time_unique1000,2,5,Monash__bitcoin_dataset_without_missing_values/seed_2216/run_monash_time_unique1000/visualizations/archive_latex.tex
356,0.680180180,0.573000000,\log\left(\left(\mathrm{MParams}\right) \cdot \left(\mathrm{GradNorm}\right)\right) + \left(\mathrm{plain}\right) \cdot \left(-\mathrm{MParams}\right),MParams Grad_Norm Mul Log plain MParams Negative Mul Add <EOS>,(log((MParams * Grad_Norm)) + (plain * -(MParams))),0.573000000,0.519700000,35,9,4,2188,run_monash_time_unique1000,3,1,Monash__bitcoin_dataset_without_missing_values/seed_2188/run_monash_time_unique1000/visualizations/archive_latex.tex
357,0.679279279,0.573000000,\log\left(\left(\mathrm{GradNorm}\right) \cdot \left(\mathrm{MParams}\right)\right) - \left(\mathrm{plain}\right) \cdot \left(\mathrm{MParams}\right),Grad_Norm MParams Mul Log plain MParams Mul Sub <EOS>,(log((Grad_Norm * MParams)) - (plain * MParams)),0.573000000,0.519700000,125,8,4,2210,run_monash_time_unique1000,4,5,Monash__bitcoin_dataset_without_missing_values/seed_2210/run_monash_time_unique1000/visualizations/archive_latex.tex
358,0.678378378,0.573000000,\log\left(\mathrm{MParams}\right) + \log\left(\mathrm{GradNorm}\right) - \left(\mathrm{plain}\right) \cdot \left(\mathrm{MParams}\right),MParams Log Grad_Norm Log plain MParams Mul Sub Add <EOS>,(log(MParams) + (log(Grad_Norm) - (plain * MParams))),0.573000000,0.519700000,56,9,4,2080,run_monash_time_unique1000,6,1,Monash__bitcoin_dataset_without_missing_values/seed_2080/run_monash_time_unique1000/visualizations/archive_latex.tex
359,0.677477477,0.572800000,\mathrm{GradNorm} + \mathrm{GFLOPs} - \left(\sqrt{\mathrm{MParams}}\right) \cdot \left(\mathrm{GradNorm}\right),Grad_Norm GFLOPs Add MParams Sqrt Grad_Norm Mul Sub <EOS>,((Grad_Norm + GFLOPs) - (sqrt(MParams) * Grad_Norm)),0.572800000,0.410900000,94,8,4,2225,run_monash_time_unique1000,6,1,Monash__bitcoin_dataset_without_missing_values/seed_2225/run_monash_time_unique1000/visualizations/archive_latex.tex
360,0.676576577,0.572700000,\frac{\log\left(\left(\mathrm{GSynFlow}\right)^2\right)}{\mathrm{GradNorm} - \mathrm{plain}} - \mathrm{GFLOPs},GSynFlow Square Log Grad_Norm plain Sub Div GFLOPs Sub <EOS>,((log(square(GSynFlow)) / (Grad_Norm - plain)) - GFLOPs),0.572700000,0.518200000,69,9,5,2035,run_monash_time_unique1000,4,1,Monash__bitcoin_dataset_without_missing_values/seed_2035/run_monash_time_unique1000/visualizations/archive_latex.tex
361,0.675675676,0.572700000,\frac{\mathrm{Snip}}{\sqrt{\frac{\mathrm{plain}}{\mathrm{Fisher}}} - \mathrm{MParams}},Snip plain Fisher Div Sqrt MParams Sub Div <EOS>,(Snip / (sqrt((plain / Fisher)) - MParams)),0.572700000,0.379600000,163,8,5,2030,run_monash_time_unique1000,10,1,Monash__bitcoin_dataset_without_missing_values/seed_2030/run_monash_time_unique1000/visualizations/archive_latex.tex
362,0.674774775,0.572400000,\frac{\log\left(\left(\mathrm{MParams}\right) \cdot \left(\mathrm{GradNorm}\right)\right)}{\mathrm{MParams}} - \mathrm{plain},MParams Grad_Norm Mul Log MParams Div plain Sub <EOS>,((log((MParams * Grad_Norm)) / MParams) - plain),0.572400000,0.570100000,121,8,5,2127,run_monash_time_unique1000,6,1,Monash__bitcoin_dataset_without_missing_values/seed_2127/run_monash_time_unique1000/visualizations/archive_latex.tex
363,0.673873874,0.572400000,\left(\left(\mathrm{GFLOPs}\right)^2 - \left(\log\left(\mathrm{MParams}\right)\right) \cdot \left(\mathrm{Snip}\right)\right) \cdot \left(\mathrm{GFLOPs}\right),GFLOPs Square MParams Log Snip Mul Sub GFLOPs Mul <EOS>,((square(GFLOPs) - (log(MParams) * Snip)) * GFLOPs),0.572400000,0.449800000,118,9,5,2049,run_monash_time_unique1000,7,1,Monash__bitcoin_dataset_without_missing_values/seed_2049/run_monash_time_unique1000/visualizations/archive_latex.tex
364,0.672972973,0.572400000,\frac{\log\left(\left(\mathrm{GradNorm}\right) \cdot \left(\mathrm{MParams}\right)\right)}{\mathrm{MParams}} - \mathrm{plain},Grad_Norm MParams Mul Log MParams Div plain Sub <EOS>,((log((Grad_Norm * MParams)) / MParams) - plain),0.572400000,0.570100000,28,8,5,2113,run_monash_time_unique1000,8,2,Monash__bitcoin_dataset_without_missing_values/seed_2113/run_monash_time_unique1000/visualizations/archive_latex.tex
365,0.672072072,0.572100000,\log\left(\left(\mathrm{MParams}\right)^2 + \mathrm{GradNorm}\right) - \left(\mathrm{plain}\right) \cdot \left(\mathrm{MParams}\right),MParams Square Grad_Norm Add Log plain MParams Mul Sub <EOS>,(log((square(MParams) + Grad_Norm)) - (plain * MParams)),0.572100000,0.517700000,85,9,5,2199,run_monash_time_unique1000,6,2,Monash__bitcoin_dataset_without_missing_values/seed_2199/run_monash_time_unique1000/visualizations/archive_latex.tex
366,0.671171171,0.571800000,\log\left(\mathrm{MParams}\right) + \sqrt{\mathrm{GradNorm}} - \left(\mathrm{plain}\right) \cdot \left(\mathrm{MParams}\right),MParams Log Grad_Norm Sqrt plain MParams Mul Sub Add <EOS>,(log(MParams) + (sqrt(Grad_Norm) - (plain * MParams))),0.571800000,0.526800000,57,9,4,2080,run_monash_time_unique1000,7,1,Monash__bitcoin_dataset_without_missing_values/seed_2080/run_monash_time_unique1000/visualizations/archive_latex.tex
367,0.670270270,0.571800000,\sqrt{\mathrm{GradNorm}} + \log\left(\mathrm{MParams}\right) - \left(\mathrm{MParams}\right) \cdot \left(\mathrm{plain}\right),Grad_Norm Sqrt MParams Log Add MParams plain Mul Sub <EOS>,((sqrt(Grad_Norm) + log(MParams)) - (MParams * plain)),0.571800000,0.526800000,143,9,4,2175,run_monash_time_unique1000,7,1,Monash__bitcoin_dataset_without_missing_values/seed_2175/run_monash_time_unique1000/visualizations/archive_latex.tex
368,0.669369369,0.571600000,\frac{\mathrm{GradNorm} + \log\left(\sqrt{\mathrm{GSynFlow}}\right)}{\left(\mathrm{GFLOPs}\right) \cdot \left(\mathrm{plain}\right)},Grad_Norm GSynFlow Sqrt Log Add GFLOPs plain Mul Div <EOS>,((Grad_Norm + log(sqrt(GSynFlow))) / (GFLOPs * plain)),0.571600000,0.476900000,36,9,5,2214,run_monash_time_unique1000,7,1,Monash__bitcoin_dataset_without_missing_values/seed_2214/run_monash_time_unique1000/visualizations/archive_latex.tex
369,0.668468468,0.571400000,\frac{\log\left(\mathrm{GSynFlow}\right)}{\sqrt{\mathrm{GraSP}}} - \mathrm{MParams},GSynFlow Log GraSP Sqrt Div MParams Sub <EOS>,((log(GSynFlow) / sqrt(GraSP)) - MParams),0.571400000,0.481800000,148,7,4,2087,run_monash_time_unique1000,4,2,Monash__bitcoin_dataset_without_missing_values/seed_2087/run_monash_time_unique1000/visualizations/archive_latex.tex
370,0.667567568,0.571400000,\frac{-\log\left(\mathrm{GSynFlow}\right)}{-\sqrt{\mathrm{GraSP}}} - \mathrm{MParams},GSynFlow Log Negative GraSP Sqrt Negative Div MParams Sub <EOS>,((-(log(GSynFlow)) / -(sqrt(GraSP))) - MParams),0.571400000,0.481800000,107,9,5,2079,run_monash_time_unique1000,9,1,Monash__bitcoin_dataset_without_missing_values/seed_2079/run_monash_time_unique1000/visualizations/archive_latex.tex
371,0.666666667,0.571400000,\frac{\log\left(\mathrm{GSynFlow}\right)}{\sqrt{-\mathrm{GraSP}}} - \mathrm{MParams},GSynFlow Log GraSP Negative Sqrt Div MParams Sub <EOS>,((log(GSynFlow) / sqrt(-(GraSP))) - MParams),0.571400000,0.481800000,55,8,5,2113,run_monash_time_unique1000,9,1,Monash__bitcoin_dataset_without_missing_values/seed_2113/run_monash_time_unique1000/visualizations/archive_latex.tex
372,0.665765766,0.571300000,\left(\mathrm{Snip}\right) \cdot \left(-\log\left(\mathrm{ZiCo}\right) - \mathrm{MParams}\right) + \mathrm{L2Norm},Snip ZiCo Log Negative MParams Sub Mul L2-Norm Add <EOS>,((Snip * (-(log(ZiCo)) - MParams)) + L2-Norm),0.571300000,0.585600000,192,9,6,2187,run_monash_time_unique1000,1,1,Monash__bitcoin_dataset_without_missing_values/seed_2187/run_monash_time_unique1000/visualizations/archive_latex.tex
373,0.664864865,0.571300000,\mathrm{L2Norm} + \left(\mathrm{Snip}\right) \cdot \left(-\log\left(\mathrm{ZiCo}\right) - \mathrm{MParams}\right),L2-Norm Snip ZiCo Log Negative MParams Sub Mul Add <EOS>,(L2-Norm + (Snip * (-(log(ZiCo)) - MParams))),0.571300000,0.585600000,74,9,6,2157,run_monash_time_unique1000,5,1,Monash__bitcoin_dataset_without_missing_values/seed_2157/run_monash_time_unique1000/visualizations/archive_latex.tex
374,0.663963964,0.571300000,\mathrm{L2Norm} - \left(\mathrm{MParams} + \log\left(\mathrm{ZiCo}\right)\right) \cdot \left(\mathrm{Snip}\right),L2-Norm MParams ZiCo Log Add Snip Mul Sub <EOS>,(L2-Norm - ((MParams + log(ZiCo)) * Snip)),0.571300000,0.585600000,168,8,5,2207,run_monash_time_unique1000,5,1,Monash__bitcoin_dataset_without_missing_values/seed_2207/run_monash_time_unique1000/visualizations/archive_latex.tex
375,0.663063063,0.571300000,\mathrm{L2Norm} - \left(\mathrm{Snip}\right) \cdot \left(\mathrm{MParams} + \log\left(\mathrm{ZiCo}\right)\right),L2-Norm Snip MParams ZiCo Log Add Mul Sub <EOS>,(L2-Norm - (Snip * (MParams + log(ZiCo)))),0.571300000,0.585600000,187,8,5,2208,run_monash_time_unique1000,5,1,Monash__bitcoin_dataset_without_missing_values/seed_2208/run_monash_time_unique1000/visualizations/archive_latex.tex
376,0.662162162,0.571100000,\frac{\frac{\log\left(\mathrm{GSynFlow}\right)}{\sqrt{\mathrm{plain}}}}{\mathrm{MParams}} - \mathrm{L2Norm},GSynFlow Log plain Sqrt Div MParams Div L2-Norm Sub <EOS>,(((log(GSynFlow) / sqrt(plain)) / MParams) - L2-Norm),0.571100000,0.516100000,26,9,5,2129,run_monash_time_unique1000,1,2,Monash__bitcoin_dataset_without_missing_values/seed_2129/run_monash_time_unique1000/visualizations/archive_latex.tex
377,0.661261261,0.571100000,\frac{\log\left(\mathrm{GSynFlow}\right)}{\left(\sqrt{\mathrm{plain}}\right) \cdot \left(\mathrm{MParams}\right)} - \mathrm{L2Norm},GSynFlow Log plain Sqrt MParams Mul Div L2-Norm Sub <EOS>,((log(GSynFlow) / (sqrt(plain) * MParams)) - L2-Norm),0.571100000,0.516100000,27,9,5,2087,run_monash_time_unique1000,5,1,Monash__bitcoin_dataset_without_missing_values/seed_2087/run_monash_time_unique1000/visualizations/archive_latex.tex
378,0.660360360,0.571100000,\log\left(\mathrm{JacobFro}\right) + \mathrm{Fisher} - \left(\mathrm{Fisher}\right) \cdot \left(\left(\mathrm{MParams}\right)^2\right),Jacob_fro Log Fisher Add Fisher MParams Square Mul Sub <EOS>,((log(Jacob_fro) + Fisher) - (Fisher * square(MParams))),0.571100000,0.463300000,49,9,4,2044,run_monash_time_unique1000,6,2,Monash__bitcoin_dataset_without_missing_values/seed_2044/run_monash_time_unique1000/visualizations/archive_latex.tex
379,0.659459459,0.571100000,\mathrm{Fisher} + \log\left(\mathrm{JacobFro}\right) - \left(\mathrm{Fisher}\right) \cdot \left(\left(\mathrm{MParams}\right)^2\right),Fisher Jacob_fro Log Add Fisher MParams Square Mul Sub <EOS>,((Fisher + log(Jacob_fro)) - (Fisher * square(MParams))),0.571100000,0.463300000,112,9,4,2211,run_monash_time_unique1000,6,1,Monash__bitcoin_dataset_without_missing_values/seed_2211/run_monash_time_unique1000/visualizations/archive_latex.tex
380,0.658558559,0.571100000,\log\left(\mathrm{JacobFro}\right) + \mathrm{Fisher} - \left(\left(\mathrm{MParams}\right)^2\right) \cdot \left(\mathrm{Fisher}\right),Jacob_fro Log Fisher Add MParams Square Fisher Mul Sub <EOS>,((log(Jacob_fro) + Fisher) - (square(MParams) * Fisher)),0.571100000,0.463300000,140,9,4,2183,run_monash_time_unique1000,7,2,Monash__bitcoin_dataset_without_missing_values/seed_2183/run_monash_time_unique1000/visualizations/archive_latex.tex
381,0.657657658,0.571100000,\left(\mathrm{GradNorm}\right) \cdot \left(\log\left(\mathrm{L2Norm}\right) - \left(\mathrm{MParams}\right)^2\right) + \mathrm{L2Norm},Grad_Norm L2-Norm Log MParams Square Sub Mul L2-Norm Add <EOS>,((Grad_Norm * (log(L2-Norm) - square(MParams))) + L2-Norm),0.571100000,0.511600000,140,9,5,2198,run_monash_time_unique1000,7,1,Monash__bitcoin_dataset_without_missing_values/seed_2198/run_monash_time_unique1000/visualizations/archive_latex.tex
382,0.656756757,0.571000000,\frac{\log\left(\left(\mathrm{L2Norm}\right) \cdot \left(\left(\mathrm{GSynFlow}\right)^2\right)\right)}{\mathrm{GradNorm}} - \mathrm{GFLOPs},L2-Norm GSynFlow Square Mul Log Grad_Norm Div GFLOPs Sub <EOS>,((log((L2-Norm * square(GSynFlow))) / Grad_Norm) - GFLOPs),0.571000000,0.443200000,136,9,6,2215,run_monash_time_unique1000,5,1,Monash__bitcoin_dataset_without_missing_values/seed_2215/run_monash_time_unique1000/visualizations/archive_latex.tex
383,0.655855856,0.570900000,\frac{\left(\mathrm{L2Norm} - \left(\mathrm{GradNorm}\right) \cdot \left(\log\left(\mathrm{MParams}\right)\right)\right)^2}{\mathrm{L2Norm}},L2-Norm Grad_Norm MParams Log Mul Sub Square L2-Norm Div <EOS>,(square((L2-Norm - (Grad_Norm * log(MParams)))) / L2-Norm),0.570900000,0.459800000,109,9,6,2164,run_monash_time_unique1000,3,1,Monash__bitcoin_dataset_without_missing_values/seed_2164/run_monash_time_unique1000/visualizations/archive_latex.tex
384,0.654954955,0.570500000,\left(\left(\mathrm{L2Norm}\right)^2\right) \cdot \left(\mathrm{L2Norm} - \left(\mathrm{Snip}\right) \cdot \left(\log\left(\mathrm{MParams}\right)\right)\right),L2-Norm Square L2-Norm Snip MParams Log Mul Sub Mul <EOS>,(square(L2-Norm) * (L2-Norm - (Snip * log(MParams)))),0.570500000,0.485100000,26,9,5,2164,run_monash_time_unique1000,4,1,Monash__bitcoin_dataset_without_missing_values/seed_2164/run_monash_time_unique1000/visualizations/archive_latex.tex
385,0.654054054,0.570500000,\left(\mathrm{L2Norm} - \left(\log\left(\mathrm{MParams}\right)\right) \cdot \left(\mathrm{Snip}\right)\right) \cdot \left(\left(\mathrm{L2Norm}\right)^2\right),L2-Norm MParams Log Snip Mul Sub L2-Norm Square Mul <EOS>,((L2-Norm - (log(MParams) * Snip)) * square(L2-Norm)),0.570500000,0.485100000,55,9,5,2049,run_monash_time_unique1000,8,1,Monash__bitcoin_dataset_without_missing_values/seed_2049/run_monash_time_unique1000/visualizations/archive_latex.tex
386,0.653153153,0.570400000,\frac{\mathrm{GradNorm}}{\log\left(\frac{\mathrm{ZiCo}}{-\mathrm{GSynFlow}}\right) + \mathrm{Snip}},Grad_Norm ZiCo GSynFlow Negative Div Log Snip Add Div <EOS>,(Grad_Norm / (log((ZiCo / -(GSynFlow))) + Snip)),0.570400000,0.451300000,38,9,6,2162,run_monash_time_unique1000,3,1,Monash__bitcoin_dataset_without_missing_values/seed_2162/run_monash_time_unique1000/visualizations/archive_latex.tex
387,0.652252252,0.570400000,\mathrm{GFLOPs} - \frac{\mathrm{GradNorm}}{\log\left(\left(\mathrm{MParams}\right)^2 - \mathrm{MParams}\right)},GFLOPs Grad_Norm MParams Square MParams Sub Log Div Sub <EOS>,(GFLOPs - (Grad_Norm / log((square(MParams) - MParams)))),0.570400000,0.588400000,61,9,6,2213,run_monash_time_unique1000,3,1,Monash__bitcoin_dataset_without_missing_values/seed_2213/run_monash_time_unique1000/visualizations/archive_latex.tex
388,0.651351351,0.570400000,\frac{\mathrm{GradNorm}}{\mathrm{Snip} + \log\left(\frac{\mathrm{ZiCo}}{\mathrm{GSynFlow}}\right)},Grad_Norm Snip ZiCo GSynFlow Div Log Add Div <EOS>,(Grad_Norm / (Snip + log((ZiCo / GSynFlow)))),0.570400000,0.451300000,13,8,5,2031,run_monash_time_unique1000,5,2,Monash__bitcoin_dataset_without_missing_values/seed_2031/run_monash_time_unique1000/visualizations/archive_latex.tex
389,0.650450450,0.570400000,\frac{\log\left(\left(\left(\mathrm{GSynFlow}\right)^2\right) \cdot \left(\mathrm{GradNorm}\right)\right)}{\mathrm{GradNorm}} - \mathrm{GFLOPs},GSynFlow Square Grad_Norm Mul Log Grad_Norm Div GFLOPs Sub <EOS>,((log((square(GSynFlow) * Grad_Norm)) / Grad_Norm) - GFLOPs),0.570400000,0.491700000,161,9,6,2079,run_monash_time_unique1000,10,2,Monash__bitcoin_dataset_without_missing_values/seed_2079/run_monash_time_unique1000/visualizations/archive_latex.tex
390,0.649549550,0.570300000,\frac{\sqrt{\mathrm{GradNorm}}}{\sqrt{\log\left(\mathrm{Jacov}\right)} - \left(\mathrm{MParams}\right)^2},Grad_Norm Sqrt Jacov Log Sqrt MParams Square Sub Div <EOS>,(sqrt(Grad_Norm) / (sqrt(log(Jacov)) - square(MParams))),0.570300000,0.418100000,51,9,5,2092,run_monash_time_unique1000,4,2,Monash__bitcoin_dataset_without_missing_values/seed_2092/run_monash_time_unique1000/visualizations/archive_latex.tex
391,0.648648649,0.570200000,\frac{\left(\mathrm{JacobFro}\right)^2}{\sqrt{\log\left(\mathrm{Jacov}\right)} - \left(\mathrm{MParams}\right)^2},Jacob_fro Square Jacov Log Sqrt MParams Square Sub Div <EOS>,(square(Jacob_fro) / (sqrt(log(Jacov)) - square(MParams))),0.570200000,0.430800000,116,9,5,2104,run_monash_time_unique1000,6,1,Monash__bitcoin_dataset_without_missing_values/seed_2104/run_monash_time_unique1000/visualizations/archive_latex.tex
392,0.647747748,0.569500000,\frac{\mathrm{GradNorm}}{\mathrm{Snip} + \log\left(\frac{\log\left(\mathrm{GraSP}\right)}{\mathrm{GSynFlow}}\right)},Grad_Norm Snip GraSP Log GSynFlow Div Log Add Div <EOS>,(Grad_Norm / (Snip + log((log(GraSP) / GSynFlow)))),0.569500000,0.459200000,18,9,6,2031,run_monash_time_unique1000,6,1,Monash__bitcoin_dataset_without_missing_values/seed_2031/run_monash_time_unique1000/visualizations/archive_latex.tex
393,0.646846847,0.569300000,\left(\log\left(\log\left(\frac{\mathrm{Fisher}}{\mathrm{plain}}\right)\right)\right) \cdot \left(\log\left(\mathrm{GSynFlow}\right)\right),Fisher plain Div Log Log GSynFlow Log Mul <EOS>,(log(log((Fisher / plain))) * log(GSynFlow)),0.569300000,0.456200000,151,8,5,2048,run_monash_time_unique1000,6,1,Monash__bitcoin_dataset_without_missing_values/seed_2048/run_monash_time_unique1000/visualizations/archive_latex.tex
394,0.645945946,0.569300000,\log\left(\mathrm{GradNorm} + \mathrm{Fisher}\right) - \left(\log\left(\mathrm{plain}\right)\right) \cdot \left(\mathrm{MParams}\right),Grad_Norm Fisher Add Log plain Log MParams Mul Sub <EOS>,(log((Grad_Norm + Fisher)) - (log(plain) * MParams)),0.569300000,0.431800000,50,9,4,2111,run_monash_time_unique1000,7,1,Monash__bitcoin_dataset_without_missing_values/seed_2111/run_monash_time_unique1000/visualizations/archive_latex.tex
395,0.645045045,0.569200000,\left(-\mathrm{MParams} + \log\left(\mathrm{GSynFlow}\right)\right) \cdot \left(\mathrm{Snip} - \mathrm{L2Norm}\right),MParams GSynFlow Log Add Negative Snip L2-Norm Sub Mul <EOS>,(-((MParams + log(GSynFlow))) * (Snip - L2-Norm)),0.569200000,0.423500000,23,9,5,2207,run_monash_time_unique1000,6,1,Monash__bitcoin_dataset_without_missing_values/seed_2207/run_monash_time_unique1000/visualizations/archive_latex.tex
396,0.644144144,0.569200000,\log\left(\mathrm{GSynFlow}\right) - \left(\mathrm{plain}\right) \cdot \left(\left(\mathrm{MParams}\right) \cdot \left(\left(\mathrm{MParams}\right)^2\right)\right),GSynFlow Log plain MParams MParams Square Mul Mul Sub <EOS>,(log(GSynFlow) - (plain * (MParams * square(MParams)))),0.569200000,0.575200000,142,9,5,2080,run_monash_time_unique1000,8,1,Monash__bitcoin_dataset_without_missing_values/seed_2080/run_monash_time_unique1000/visualizations/archive_latex.tex
397,0.643243243,0.569200000,\log\left(\mathrm{GSynFlow}\right) - \left(\left(\left(\mathrm{MParams}\right)^2\right) \cdot \left(\mathrm{plain}\right)\right) \cdot \left(\mathrm{MParams}\right),GSynFlow Log MParams Square plain Mul MParams Mul Sub <EOS>,(log(GSynFlow) - ((square(MParams) * plain) * MParams)),0.569200000,0.575200000,142,9,5,2121,run_monash_time_unique1000,8,1,Monash__bitcoin_dataset_without_missing_values/seed_2121/run_monash_time_unique1000/visualizations/archive_latex.tex
398,0.642342342,0.568800000,\left(\log\left(\mathrm{MParams}\right)\right) \cdot \left(\log\left(\sqrt{\mathrm{JacobFro}}\right) - \mathrm{GradNorm}\right),MParams Log Jacob_fro Sqrt Log Grad_Norm Sub Mul <EOS>,(log(MParams) * (log(sqrt(Jacob_fro)) - Grad_Norm)),0.568800000,0.485100000,191,8,5,2064,run_monash_time_unique1000,10,1,Monash__bitcoin_dataset_without_missing_values/seed_2064/run_monash_time_unique1000/visualizations/archive_latex.tex
399,0.641441441,0.568700000,\frac{\log\left(\left(\mathrm{MParams}\right) \cdot \left(\mathrm{GradNorm}\right)\right)}{\mathrm{MParams}} - \sqrt{\mathrm{GradNorm}},MParams Grad_Norm Mul Log MParams Div Grad_Norm Sqrt Sub <EOS>,((log((MParams * Grad_Norm)) / MParams) - sqrt(Grad_Norm)),0.568700000,0.546500000,170,9,5,2127,run_monash_time_unique1000,7,1,Monash__bitcoin_dataset_without_missing_values/seed_2127/run_monash_time_unique1000/visualizations/archive_latex.tex
400,0.640540541,0.568600000,\left(\mathrm{Snip} - \left(\log\left(\mathrm{MParams}\right)\right) \cdot \left(\left(\mathrm{GradNorm}\right)^2\right)\right) \cdot \left(\mathrm{MParams}\right),Snip MParams Log Grad_Norm Square Mul Sub MParams Mul <EOS>,((Snip - (log(MParams) * square(Grad_Norm))) * MParams),0.568600000,0.508800000,200,9,5,2049,run_monash_time_unique1000,9,1,Monash__bitcoin_dataset_without_missing_values/seed_2049/run_monash_time_unique1000/visualizations/archive_latex.tex
401,0.639639640,0.568500000,\mathrm{GradNorm} - \left(\left(\mathrm{GFLOPs}\right)^2\right) \cdot \left(\mathrm{Fisher}\right) + \mathrm{GFLOPs},Grad_Norm GFLOPs Square Fisher Mul Sub GFLOPs Add <EOS>,((Grad_Norm - (square(GFLOPs) * Fisher)) + GFLOPs),0.568500000,0.536700000,40,8,5,2045,run_monash_time_unique1000,2,1,Monash__bitcoin_dataset_without_missing_values/seed_2045/run_monash_time_unique1000/visualizations/archive_latex.tex
402,0.638738739,0.568500000,\mathrm{GradNorm} + \mathrm{GFLOPs} - \left(\mathrm{Fisher}\right) \cdot \left(\left(\mathrm{GFLOPs}\right)^2\right),Grad_Norm GFLOPs Fisher GFLOPs Square Mul Sub Add <EOS>,(Grad_Norm + (GFLOPs - (Fisher * square(GFLOPs)))),0.568500000,0.536700000,21,8,5,2150,run_monash_time_unique1000,2,1,Monash__bitcoin_dataset_without_missing_values/seed_2150/run_monash_time_unique1000/visualizations/archive_latex.tex
403,0.637837838,0.568500000,\mathrm{GradNorm} + \mathrm{GFLOPs} - \left(\mathrm{Fisher}\right) \cdot \left(\left(\mathrm{GFLOPs}\right)^2\right),Grad_Norm GFLOPs Add Fisher GFLOPs Square Mul Sub <EOS>,((Grad_Norm + GFLOPs) - (Fisher * square(GFLOPs))),0.568500000,0.536700000,149,8,4,2093,run_monash_time_unique1000,7,1,Monash__bitcoin_dataset_without_missing_values/seed_2093/run_monash_time_unique1000/visualizations/archive_latex.tex
404,0.636936937,0.568500000,\mathrm{GradNorm} + \mathrm{GFLOPs} - \left(\left(\mathrm{GFLOPs}\right)^2\right) \cdot \left(\mathrm{Fisher}\right),Grad_Norm GFLOPs Add GFLOPs Square Fisher Mul Sub <EOS>,((Grad_Norm + GFLOPs) - (square(GFLOPs) * Fisher)),0.568500000,0.536700000,132,8,4,2090,run_monash_time_unique1000,8,2,Monash__bitcoin_dataset_without_missing_values/seed_2090/run_monash_time_unique1000/visualizations/archive_latex.tex
405,0.636036036,0.568400000,\frac{\mathrm{GradNorm} + \log\left(\mathrm{GSynFlow}\right)}{\left(\left(\mathrm{Snip}\right) \cdot \left(\mathrm{L2Norm}\right)\right)^2},Grad_Norm GSynFlow Log Add Snip L2-Norm Mul Square Div <EOS>,((Grad_Norm + log(GSynFlow)) / square((Snip * L2-Norm))),0.568400000,0.475600000,148,9,4,2214,run_monash_time_unique1000,9,1,Monash__bitcoin_dataset_without_missing_values/seed_2214/run_monash_time_unique1000/visualizations/archive_latex.tex
406,0.635135135,0.568200000,\left(\mathrm{L2Norm} - \left(\mathrm{MParams} + \log\left(\mathrm{ZiCo}\right)\right) \cdot \left(\mathrm{Snip}\right)\right)^2,L2-Norm MParams ZiCo Log Add Snip Mul Sub Square <EOS>,square((L2-Norm - ((MParams + log(ZiCo)) * Snip))),0.568200000,0.570600000,169,9,6,2207,run_monash_time_unique1000,7,1,Monash__bitcoin_dataset_without_missing_values/seed_2207/run_monash_time_unique1000/visualizations/archive_latex.tex
407,0.634234234,0.568100000,\left(\mathrm{L2Norm} - \left(\mathrm{Snip}\right) \cdot \left(\log\left(\mathrm{MParams}\right)\right)\right) \cdot \left(\mathrm{JacobFro}\right),L2-Norm Snip MParams Log Mul Sub Jacob_fro Mul <EOS>,((L2-Norm - (Snip * log(MParams))) * Jacob_fro),0.568100000,0.484900000,12,8,5,2206,run_monash_time_unique1000,3,1,Monash__bitcoin_dataset_without_missing_values/seed_2206/run_monash_time_unique1000/visualizations/archive_latex.tex
408,0.633333333,0.568100000,\left(\mathrm{JacobFro}\right) \cdot \left(\mathrm{L2Norm} - \left(\mathrm{Snip}\right) \cdot \left(\log\left(\mathrm{MParams}\right)\right)\right),Jacob_fro L2-Norm Snip MParams Log Mul Sub Mul <EOS>,(Jacob_fro * (L2-Norm - (Snip * log(MParams)))),0.568100000,0.484900000,20,8,5,2164,run_monash_time_unique1000,5,1,Monash__bitcoin_dataset_without_missing_values/seed_2164/run_monash_time_unique1000/visualizations/archive_latex.tex
409,0.632432432,0.568100000,\left(\mathrm{L2Norm} - \left(\log\left(\mathrm{MParams}\right)\right) \cdot \left(\mathrm{Snip}\right)\right) \cdot \left(\mathrm{JacobFro}\right),L2-Norm MParams Log Snip Mul Sub Jacob_fro Mul <EOS>,((L2-Norm - (log(MParams) * Snip)) * Jacob_fro),0.568100000,0.484900000,36,8,5,2049,run_monash_time_unique1000,10,1,Monash__bitcoin_dataset_without_missing_values/seed_2049/run_monash_time_unique1000/visualizations/archive_latex.tex
410,0.631531532,0.568000000,\log\left(\left(\mathrm{GFLOPs}\right) \cdot \left(\sqrt{\mathrm{GradNorm}}\right)\right) - \left(\mathrm{plain}\right) \cdot \left(\mathrm{MParams}\right),GFLOPs Grad_Norm Sqrt Mul Log plain MParams Mul Sub <EOS>,(log((GFLOPs * sqrt(Grad_Norm))) - (plain * MParams)),0.568000000,0.466800000,71,9,5,2154,run_monash_time_unique1000,9,1,Monash__bitcoin_dataset_without_missing_values/seed_2154/run_monash_time_unique1000/visualizations/archive_latex.tex
411,0.630630631,0.567800000,\frac{\log\left(\mathrm{GSynFlow}\right) + \log\left(\mathrm{GSynFlow}\right)}{\mathrm{GradNorm}} - \mathrm{GFLOPs},GSynFlow Log GSynFlow Log Add Grad_Norm Div GFLOPs Sub <EOS>,(((log(GSynFlow) + log(GSynFlow)) / Grad_Norm) - GFLOPs),0.567800000,0.494300000,40,9,5,2122,run_monash_time_unique1000,1,2,Monash__bitcoin_dataset_without_missing_values/seed_2122/run_monash_time_unique1000/visualizations/archive_latex.tex
412,0.629729730,0.567800000,\frac{\mathrm{GradNorm}}{\log\left(\frac{\mathrm{GradNorm}}{\mathrm{GSynFlow}}\right) + \mathrm{Snip}},Grad_Norm Grad_Norm GSynFlow Div Log Snip Add Div <EOS>,(Grad_Norm / (log((Grad_Norm / GSynFlow)) + Snip)),0.567800000,0.464000000,42,8,5,2162,run_monash_time_unique1000,4,1,Monash__bitcoin_dataset_without_missing_values/seed_2162/run_monash_time_unique1000/visualizations/archive_latex.tex
413,0.628828829,0.567800000,\frac{\log\left(\left(\mathrm{GSynFlow}\right)^2\right)}{\mathrm{GradNorm}} - \mathrm{GFLOPs},GSynFlow Square Log Grad_Norm Div GFLOPs Sub <EOS>,((log(square(GSynFlow)) / Grad_Norm) - GFLOPs),0.567800000,0.494300000,24,7,5,2108,run_monash_time_unique1000,5,3,Monash__bitcoin_dataset_without_missing_values/seed_2108/run_monash_time_unique1000/visualizations/archive_latex.tex
414,0.627927928,0.567800000,\frac{\mathrm{GradNorm}}{\mathrm{Snip} + \log\left(\frac{\mathrm{GradNorm}}{\mathrm{GSynFlow}}\right)},Grad_Norm Snip Grad_Norm GSynFlow Div Log Add Div <EOS>,(Grad_Norm / (Snip + log((Grad_Norm / GSynFlow)))),0.567800000,0.464000000,12,8,5,2031,run_monash_time_unique1000,7,1,Monash__bitcoin_dataset_without_missing_values/seed_2031/run_monash_time_unique1000/visualizations/archive_latex.tex
415,0.627027027,0.567800000,\frac{\mathrm{GradNorm} + \log\left(\mathrm{GSynFlow}\right)}{\left(\mathrm{GFLOPs}\right) \cdot \left(\left(\mathrm{Snip}\right)^2\right)},Grad_Norm GSynFlow Log Add GFLOPs Snip Square Mul Div <EOS>,((Grad_Norm + log(GSynFlow)) / (GFLOPs * square(Snip))),0.567800000,0.481700000,32,9,4,2127,run_monash_time_unique1000,8,2,Monash__bitcoin_dataset_without_missing_values/seed_2127/run_monash_time_unique1000/visualizations/archive_latex.tex
416,0.626126126,0.567600000,\frac{\mathrm{Fisher}}{\left(\mathrm{MParams}\right) \cdot \left(\mathrm{plain}\right)} - \left(\log\left(\mathrm{MParams}\right)\right)^2,Fisher MParams plain Mul Div MParams Log Square Sub <EOS>,((Fisher / (MParams * plain)) - square(log(MParams))),0.567600000,0.591300000,156,9,4,2057,run_monash_time_unique1000,1,1,Monash__bitcoin_dataset_without_missing_values/seed_2057/run_monash_time_unique1000/visualizations/archive_latex.tex
417,0.625225225,0.567500000,\frac{\log\left(\left(\mathrm{GraSP}\right) \cdot \left(\mathrm{GSynFlow}\right)\right)}{\mathrm{GradNorm}} - \mathrm{MParams},GraSP GSynFlow Mul Log Grad_Norm Div MParams Sub <EOS>,((log((GraSP * GSynFlow)) / Grad_Norm) - MParams),0.567500000,0.483000000,55,8,5,2052,run_monash_time_unique1000,4,1,Monash__bitcoin_dataset_without_missing_values/seed_2052/run_monash_time_unique1000/visualizations/archive_latex.tex
418,0.624324324,0.567400000,\sqrt{\mathrm{GradNorm}} - \frac{\mathrm{GSynFlow}}{\log\left(\left(\mathrm{Fisher}\right) \cdot \left(\mathrm{MParams}\right)\right)},Grad_Norm Sqrt GSynFlow Fisher MParams Mul Log Div Sub <EOS>,(sqrt(Grad_Norm) - (GSynFlow / log((Fisher * MParams)))),0.567400000,0.492900000,24,9,5,2118,run_monash_time_unique1000,9,1,Monash__bitcoin_dataset_without_missing_values/seed_2118/run_monash_time_unique1000/visualizations/archive_latex.tex
419,0.623423423,0.567200000,\left(\mathrm{L2Norm} - \left(\mathrm{Snip}\right) \cdot \left(\log\left(\mathrm{MParams}\right)\right)\right) \cdot \left(\sqrt{\mathrm{GSynFlow}}\right),L2-Norm Snip MParams Log Mul Sub GSynFlow Sqrt Mul <EOS>,((L2-Norm - (Snip * log(MParams))) * sqrt(GSynFlow)),0.567200000,0.560400000,15,9,5,2206,run_monash_time_unique1000,4,1,Monash__bitcoin_dataset_without_missing_values/seed_2206/run_monash_time_unique1000/visualizations/archive_latex.tex
420,0.622522523,0.567200000,\frac{\log\left(\left(\mathrm{GFLOPs}\right) \cdot \left(\mathrm{GSynFlow}\right)\right)}{\mathrm{GradNorm}} - \mathrm{MParams},GFLOPs GSynFlow Mul Log Grad_Norm Div MParams Sub <EOS>,((log((GFLOPs * GSynFlow)) / Grad_Norm) - MParams),0.567200000,0.517400000,56,8,5,2052,run_monash_time_unique1000,5,1,Monash__bitcoin_dataset_without_missing_values/seed_2052/run_monash_time_unique1000/visualizations/archive_latex.tex
421,0.621621622,0.567200000,\left(\sqrt{\mathrm{GSynFlow}}\right) \cdot \left(\mathrm{L2Norm} - \left(\mathrm{Snip}\right) \cdot \left(\log\left(\mathrm{MParams}\right)\right)\right),GSynFlow Sqrt L2-Norm Snip MParams Log Mul Sub Mul <EOS>,(sqrt(GSynFlow) * (L2-Norm - (Snip * log(MParams)))),0.567200000,0.560400000,25,9,5,2164,run_monash_time_unique1000,6,1,Monash__bitcoin_dataset_without_missing_values/seed_2164/run_monash_time_unique1000/visualizations/archive_latex.tex
422,0.620720721,0.567100000,\left(\sqrt{\log\left(\mathrm{L2Norm}\right)} - \mathrm{MParams}\right) \cdot \left(\mathrm{MParams} + \mathrm{GSynFlow}\right),L2-Norm Log Sqrt MParams Sub MParams GSynFlow Add Mul <EOS>,((sqrt(log(L2-Norm)) - MParams) * (MParams + GSynFlow)),0.567100000,0.503500000,198,9,5,2182,run_monash_time_unique1000,1,1,Monash__bitcoin_dataset_without_missing_values/seed_2182/run_monash_time_unique1000/visualizations/archive_latex.tex
423,0.619819820,0.567100000,\left(\sqrt{\mathrm{L2Norm}} - \mathrm{GradNorm}\right) \cdot \left(\log\left(\mathrm{ZiCo}\right) + \mathrm{MParams}\right),L2-Norm Sqrt Grad_Norm Sub ZiCo Log MParams Add Mul <EOS>,((sqrt(L2-Norm) - Grad_Norm) * (log(ZiCo) + MParams)),0.567100000,0.520300000,110,9,4,2125,run_monash_time_unique1000,2,1,Monash__bitcoin_dataset_without_missing_values/seed_2125/run_monash_time_unique1000/visualizations/archive_latex.tex
424,0.618918919,0.566800000,\log\left(\mathrm{JacobFro}\right) + \mathrm{MParams} - \left(\mathrm{Fisher}\right) \cdot \left(\left(\mathrm{MParams}\right)^2\right),Jacob_fro Log MParams Add Fisher MParams Square Mul Sub <EOS>,((log(Jacob_fro) + MParams) - (Fisher * square(MParams))),0.566800000,0.414600000,155,9,4,2211,run_monash_time_unique1000,7,1,Monash__bitcoin_dataset_without_missing_values/seed_2211/run_monash_time_unique1000/visualizations/archive_latex.tex
425,0.618018018,0.566800000,\mathrm{MParams} + \log\left(\mathrm{JacobFro}\right) - \left(\left(\mathrm{MParams}\right)^2\right) \cdot \left(\mathrm{Fisher}\right),MParams Jacob_fro Log Add MParams Square Fisher Mul Sub <EOS>,((MParams + log(Jacob_fro)) - (square(MParams) * Fisher)),0.566800000,0.414600000,157,9,4,2183,run_monash_time_unique1000,8,1,Monash__bitcoin_dataset_without_missing_values/seed_2183/run_monash_time_unique1000/visualizations/archive_latex.tex
426,0.617117117,0.566800000,\mathrm{MParams} + \log\left(\mathrm{JacobFro}\right) - \left(\mathrm{Fisher}\right) \cdot \left(\left(\mathrm{MParams}\right)^2\right),MParams Jacob_fro Log Add Fisher MParams Square Mul Sub <EOS>,((MParams + log(Jacob_fro)) - (Fisher * square(MParams))),0.566800000,0.414600000,139,9,4,2080,run_monash_time_unique1000,9,1,Monash__bitcoin_dataset_without_missing_values/seed_2080/run_monash_time_unique1000/visualizations/archive_latex.tex
427,0.616216216,0.566700000,\frac{\log\left(\left(\mathrm{GSynFlow}\right)^2\right)}{\mathrm{Fisher} + \mathrm{GradNorm}} - \mathrm{GFLOPs},GSynFlow Square Log Fisher Grad_Norm Add Div GFLOPs Sub <EOS>,((log(square(GSynFlow)) / (Fisher + Grad_Norm)) - GFLOPs),0.566700000,0.493300000,41,9,5,2108,run_monash_time_unique1000,6,2,Monash__bitcoin_dataset_without_missing_values/seed_2108/run_monash_time_unique1000/visualizations/archive_latex.tex
428,0.615315315,0.566600000,\mathrm{JacobFro} - \frac{\left(\mathrm{GraSP}\right)^2}{\mathrm{MParams} + \log\left(\mathrm{ZiCo}\right)},Jacob_fro GraSP Square MParams ZiCo Log Add Div Sub <EOS>,(Jacob_fro - (square(GraSP) / (MParams + log(ZiCo)))),0.566600000,0.601500000,91,9,5,2208,run_monash_time_unique1000,6,1,Monash__bitcoin_dataset_without_missing_values/seed_2208/run_monash_time_unique1000/visualizations/archive_latex.tex
429,0.614414414,0.566400000,\left(\sqrt{\mathrm{Snip}} - \mathrm{GradNorm}\right) \cdot \left(\log\left(\left(\mathrm{GFLOPs}\right) \cdot \left(\mathrm{ZiCo}\right)\right)\right),Snip Sqrt Grad_Norm Sub GFLOPs ZiCo Mul Log Mul <EOS>,((sqrt(Snip) - Grad_Norm) * log((GFLOPs * ZiCo))),0.566400000,0.451900000,157,9,4,2196,run_monash_time_unique1000,3,1,Monash__bitcoin_dataset_without_missing_values/seed_2196/run_monash_time_unique1000/visualizations/archive_latex.tex
430,0.613513514,0.566400000,\log\left(\sqrt{\left(\mathrm{MParams}\right) \cdot \left(\mathrm{GradNorm}\right)}\right) - \left(\mathrm{MParams}\right) \cdot \left(\mathrm{plain}\right),MParams Grad_Norm Mul Sqrt Log MParams plain Mul Sub <EOS>,(log(sqrt((MParams * Grad_Norm))) - (MParams * plain)),0.566400000,0.482800000,185,9,5,2216,run_monash_time_unique1000,3,1,Monash__bitcoin_dataset_without_missing_values/seed_2216/run_monash_time_unique1000/visualizations/archive_latex.tex
431,0.612612613,0.566400000,\log\left(\sqrt{\left(\mathrm{GradNorm}\right) \cdot \left(\mathrm{MParams}\right)}\right) - \left(\mathrm{plain}\right) \cdot \left(\mathrm{MParams}\right),Grad_Norm MParams Mul Sqrt Log plain MParams Mul Sub <EOS>,(log(sqrt((Grad_Norm * MParams))) - (plain * MParams)),0.566400000,0.482800000,179,9,5,2175,run_monash_time_unique1000,9,1,Monash__bitcoin_dataset_without_missing_values/seed_2175/run_monash_time_unique1000/visualizations/archive_latex.tex
432,0.611711712,0.566300000,\left(\mathrm{GradNorm}\right) \cdot \left(\log\left(\mathrm{L2Norm}\right) - \mathrm{GFLOPs}\right) + \mathrm{L2Norm},Grad_Norm L2-Norm Log GFLOPs Sub Mul L2-Norm Add <EOS>,((Grad_Norm * (log(L2-Norm) - GFLOPs)) + L2-Norm),0.566300000,0.537400000,30,8,5,2153,run_monash_time_unique1000,3,1,Monash__bitcoin_dataset_without_missing_values/seed_2153/run_monash_time_unique1000/visualizations/archive_latex.tex
433,0.610810811,0.566100000,\frac{\left(\mathrm{GradNorm}\right) \cdot \left(\mathrm{GradNorm}\right) + \log\left(\mathrm{GSynFlow}\right)}{\left(\mathrm{Snip}\right)^2},Grad_Norm Grad_Norm Mul GSynFlow Log Add Snip Square Div <EOS>,(((Grad_Norm * Grad_Norm) + log(GSynFlow)) / square(Snip)),0.566100000,0.494000000,59,9,4,2127,run_monash_time_unique1000,9,1,Monash__bitcoin_dataset_without_missing_values/seed_2127/run_monash_time_unique1000/visualizations/archive_latex.tex
434,0.609909910,0.566000000,\frac{\mathrm{GradNorm}}{\mathrm{Snip} + \log\left(\frac{\sqrt{\mathrm{ZiCo}}}{\mathrm{GSynFlow}}\right)},Grad_Norm Snip ZiCo Sqrt GSynFlow Div Log Add Div <EOS>,(Grad_Norm / (Snip + log((sqrt(ZiCo) / GSynFlow)))),0.566000000,0.462900000,39,9,6,2137,run_monash_time_unique1000,7,2,Monash__bitcoin_dataset_without_missing_values/seed_2137/run_monash_time_unique1000/visualizations/archive_latex.tex
435,0.609009009,0.565800000,\left(-\log\left(\mathrm{plain}\right)\right) \cdot \left(\mathrm{MParams}\right) + \log\left(\mathrm{GradNorm}\right),plain Log Negative MParams Mul Grad_Norm Log Add <EOS>,((-(log(plain)) * MParams) + log(Grad_Norm)),0.565800000,0.428300000,124,8,5,2222,run_monash_time_unique1000,1,1,Monash__bitcoin_dataset_without_missing_values/seed_2222/run_monash_time_unique1000/visualizations/archive_latex.tex
436,0.608108108,0.565800000,\log\left(\mathrm{GradNorm}\right) - \left(\mathrm{MParams}\right) \cdot \left(\log\left(\mathrm{plain}\right)\right),Grad_Norm Log MParams plain Log Mul Sub <EOS>,(log(Grad_Norm) - (MParams * log(plain))),0.565800000,0.428300000,26,7,4,2057,run_monash_time_unique1000,2,2,Monash__bitcoin_dataset_without_missing_values/seed_2057/run_monash_time_unique1000/visualizations/archive_latex.tex
437,0.607207207,0.565800000,\log\left(\mathrm{GradNorm}\right) - \left(\log\left(\mathrm{plain}\right)\right) \cdot \left(\mathrm{MParams}\right),Grad_Norm Log plain Log MParams Mul Sub <EOS>,(log(Grad_Norm) - (log(plain) * MParams)),0.565800000,0.428300000,9,7,4,2159,run_monash_time_unique1000,4,7,Monash__bitcoin_dataset_without_missing_values/seed_2159/run_monash_time_unique1000/visualizations/archive_latex.tex
438,0.606306306,0.565800000,\sqrt{\left(\mathrm{MParams}\right)^2 + \mathrm{GradNorm}} - \left(\mathrm{MParams}\right) \cdot \left(\mathrm{plain}\right),MParams Square Grad_Norm Add Sqrt MParams plain Mul Sub <EOS>,(sqrt((square(MParams) + Grad_Norm)) - (MParams * plain)),0.565800000,0.520000000,84,9,5,2095,run_monash_time_unique1000,9,1,Monash__bitcoin_dataset_without_missing_values/seed_2095/run_monash_time_unique1000/visualizations/archive_latex.tex
439,0.605405405,0.565500000,\left(\left(-\mathrm{plain}\right) \cdot \left(\mathrm{MParams}\right) + \sqrt{\mathrm{GradNorm}}\right) \cdot \left(\mathrm{MParams}\right),plain Negative MParams Mul Grad_Norm Sqrt Add MParams Mul <EOS>,(((-(plain) * MParams) + sqrt(Grad_Norm)) * MParams),0.565500000,0.475700000,67,9,5,2222,run_monash_time_unique1000,2,1,Monash__bitcoin_dataset_without_missing_values/seed_2222/run_monash_time_unique1000/visualizations/archive_latex.tex
440,0.604504505,0.565500000,\frac{\log\left(\mathrm{GSynFlow}\right)}{\mathrm{Fisher} + \mathrm{GradNorm}} - \mathrm{MParams},GSynFlow Log Fisher Grad_Norm Add Div MParams Sub <EOS>,((log(GSynFlow) / (Fisher + Grad_Norm)) - MParams),0.565500000,0.520500000,17,8,4,2108,run_monash_time_unique1000,7,1,Monash__bitcoin_dataset_without_missing_values/seed_2108/run_monash_time_unique1000/visualizations/archive_latex.tex
441,0.603603604,0.565300000,\frac{\mathrm{L2Norm}}{\sqrt{\log\left(\sqrt{\mathrm{Fisher}}\right) + \left(\mathrm{MParams}\right)^2}},L2-Norm Fisher Sqrt Log MParams Square Add Sqrt Div <EOS>,(L2-Norm / sqrt((log(sqrt(Fisher)) + square(MParams)))),0.565300000,0.512900000,31,9,6,2130,run_monash_time_unique1000,3,1,Monash__bitcoin_dataset_without_missing_values/seed_2130/run_monash_time_unique1000/visualizations/archive_latex.tex
442,0.602702703,0.565100000,\frac{\log\left(\left(\mathrm{ZiCo}\right)^2 + \mathrm{GSynFlow}\right)}{\mathrm{GradNorm}} - \mathrm{MParams},ZiCo Square GSynFlow Add Log Grad_Norm Div MParams Sub <EOS>,((log((square(ZiCo) + GSynFlow)) / Grad_Norm) - MParams),0.565100000,0.509100000,54,9,6,2035,run_monash_time_unique1000,8,1,Monash__bitcoin_dataset_without_missing_values/seed_2035/run_monash_time_unique1000/visualizations/archive_latex.tex
443,0.601801802,0.564900000,\log\left(\left(\mathrm{GradNorm}\right)^2\right) - \left(\log\left(\mathrm{plain}\right)\right) \cdot \left(\left(\mathrm{MParams}\right)^2\right),Grad_Norm Square Log plain Log MParams Square Mul Sub <EOS>,(log(square(Grad_Norm)) - (log(plain) * square(MParams))),0.564900000,0.447900000,7,9,4,2159,run_monash_time_unique1000,5,1,Monash__bitcoin_dataset_without_missing_values/seed_2159/run_monash_time_unique1000/visualizations/archive_latex.tex
444,0.600900901,0.564800000,\frac{\log\left(\mathrm{Snip}\right)}{\log\left(\mathrm{L2Norm}\right) - \left(\mathrm{MParams}\right)^2},Snip Log L2-Norm Log MParams Square Sub Div <EOS>,(log(Snip) / (log(L2-Norm) - square(MParams))),0.564800000,0.411400000,30,8,4,2161,run_monash_time_unique1000,1,2,Monash__bitcoin_dataset_without_missing_values/seed_2161/run_monash_time_unique1000/visualizations/archive_latex.tex
445,0.600000000,0.564600000,\frac{\log\left(\left(\mathrm{MParams}\right) \cdot \left(\mathrm{GradNorm}\right)\right)}{\mathrm{MParams}} - \log\left(\mathrm{Snip}\right),MParams Grad_Norm Mul Log MParams Div Snip Log Sub <EOS>,((log((MParams * Grad_Norm)) / MParams) - log(Snip)),0.564600000,0.543100000,162,9,5,2127,run_monash_time_unique1000,10,1,Monash__bitcoin_dataset_without_missing_values/seed_2127/run_monash_time_unique1000/visualizations/archive_latex.tex
446,0.599099099,0.564500000,\frac{\log\left(\log\left(\mathrm{GFLOPs}\right)\right) + \mathrm{GradNorm}}{\mathrm{GradNorm} + \mathrm{Snip}},GFLOPs Log Log Grad_Norm Add Grad_Norm Snip Add Div <EOS>,((log(log(GFLOPs)) + Grad_Norm) / (Grad_Norm + Snip)),0.564500000,0.466000000,11,9,5,2200,run_monash_time_unique1000,1,1,Monash__bitcoin_dataset_without_missing_values/seed_2200/run_monash_time_unique1000/visualizations/archive_latex.tex
447,0.598198198,0.564500000,\frac{\log\left(\left(\mathrm{GradNorm}\right) \cdot \left(\mathrm{GSynFlow}\right)\right)}{\mathrm{GradNorm}} - \mathrm{MParams},Grad_Norm GSynFlow Mul Log Grad_Norm Div MParams Sub <EOS>,((log((Grad_Norm * GSynFlow)) / Grad_Norm) - MParams),0.564500000,0.513700000,173,8,5,2052,run_monash_time_unique1000,6,1,Monash__bitcoin_dataset_without_missing_values/seed_2052/run_monash_time_unique1000/visualizations/archive_latex.tex
448,0.597297297,0.564500000,\frac{\log\left(\left(\mathrm{GSynFlow}\right) \cdot \left(\mathrm{GradNorm}\right)\right)}{\mathrm{GradNorm}} - \mathrm{MParams},GSynFlow Grad_Norm Mul Log Grad_Norm Div MParams Sub <EOS>,((log((GSynFlow * Grad_Norm)) / Grad_Norm) - MParams),0.564500000,0.513700000,163,8,5,2053,run_monash_time_unique1000,10,1,Monash__bitcoin_dataset_without_missing_values/seed_2053/run_monash_time_unique1000/visualizations/archive_latex.tex
449,0.596396396,0.564400000,\log\left(\frac{\mathrm{JacobFro}}{\mathrm{ZiCo}}\right) - \left(\left(\mathrm{MParams}\right)^2\right) \cdot \left(\mathrm{Fisher}\right),Jacob_fro ZiCo Div Log MParams Square Fisher Mul Sub <EOS>,(log((Jacob_fro / ZiCo)) - (square(MParams) * Fisher)),0.564400000,0.424400000,44,9,4,2143,run_monash_time_unique1000,6,6,Monash__bitcoin_dataset_without_missing_values/seed_2143/run_monash_time_unique1000/visualizations/archive_latex.tex
450,0.595495495,0.564400000,\log\left(\frac{\mathrm{JacobFro}}{\mathrm{ZiCo}}\right) - \left(\mathrm{Fisher}\right) \cdot \left(\left(\mathrm{MParams}\right)^2\right),Jacob_fro ZiCo Div Log Fisher MParams Square Mul Sub <EOS>,(log((Jacob_fro / ZiCo)) - (Fisher * square(MParams))),0.564400000,0.424400000,88,9,4,2203,run_monash_time_unique1000,6,4,Monash__bitcoin_dataset_without_missing_values/seed_2203/run_monash_time_unique1000/visualizations/archive_latex.tex
451,0.594594595,0.564200000,\frac{\frac{\mathrm{GradNorm} + \log\left(\mathrm{GSynFlow}\right)}{\mathrm{MParams}}}{\left(\mathrm{Snip}\right)^2},Grad_Norm GSynFlow Log Add MParams Div Snip Square Div <EOS>,(((Grad_Norm + log(GSynFlow)) / MParams) / square(Snip)),0.564200000,0.486900000,14,9,5,2089,run_monash_time_unique1000,6,1,Monash__bitcoin_dataset_without_missing_values/seed_2089/run_monash_time_unique1000/visualizations/archive_latex.tex
452,0.593693694,0.564000000,\mathrm{JacobFro} - \left(\left(\mathrm{GraSP}\right)^2\right) \cdot \left(\mathrm{MParams} + \log\left(\mathrm{ZiCo}\right)\right),Jacob_fro GraSP Square MParams ZiCo Log Add Mul Sub <EOS>,(Jacob_fro - (square(GraSP) * (MParams + log(ZiCo)))),0.564000000,0.562000000,94,9,5,2208,run_monash_time_unique1000,7,1,Monash__bitcoin_dataset_without_missing_values/seed_2208/run_monash_time_unique1000/visualizations/archive_latex.tex
453,0.592792793,0.564000000,\frac{\log\left(\mathrm{GSynFlow}\right)}{\mathrm{Snip}} - \left(\left(\mathrm{MParams}\right)^2\right) \cdot \left(\mathrm{ZiCo}\right),GSynFlow Log Snip Div MParams Square ZiCo Mul Sub <EOS>,((log(GSynFlow) / Snip) - (square(MParams) * ZiCo)),0.564000000,0.516200000,178,9,4,2225,run_monash_time_unique1000,7,1,Monash__bitcoin_dataset_without_missing_values/seed_2225/run_monash_time_unique1000/visualizations/archive_latex.tex
454,0.591891892,0.564000000,\frac{\log\left(\mathrm{Fisher}\right)}{\mathrm{GSynFlow}} - \left(\mathrm{GradNorm}\right) \cdot \left(\left(\mathrm{MParams}\right)^2\right),Fisher Log GSynFlow Div Grad_Norm MParams Square Mul Sub <EOS>,((log(Fisher) / GSynFlow) - (Grad_Norm * square(MParams))),0.564000000,0.468700000,140,9,4,2211,run_monash_time_unique1000,8,1,Monash__bitcoin_dataset_without_missing_values/seed_2211/run_monash_time_unique1000/visualizations/archive_latex.tex
455,0.590990991,0.563800000,\left(\mathrm{Snip}\right) \cdot \left(\sqrt{\frac{\log\left(\mathrm{Snip}\right)}{\mathrm{plain}}} - \mathrm{MParams}\right),Snip Snip Log plain Div Sqrt MParams Sub Mul <EOS>,(Snip * (sqrt((log(Snip) / plain)) - MParams)),0.563800000,0.566600000,88,9,6,2198,run_monash_time_unique1000,8,1,Monash__bitcoin_dataset_without_missing_values/seed_2198/run_monash_time_unique1000/visualizations/archive_latex.tex
456,0.590090090,0.563600000,\left(\mathrm{GFLOPs}\right)^2 + \mathrm{L2Norm} - \left(\log\left(\mathrm{MParams}\right)\right) \cdot \left(\mathrm{Snip}\right),GFLOPs Square L2-Norm Add MParams Log Snip Mul Sub <EOS>,((square(GFLOPs) + L2-Norm) - (log(MParams) * Snip)),0.563600000,0.476400000,155,9,4,2207,run_monash_time_unique1000,8,1,Monash__bitcoin_dataset_without_missing_values/seed_2207/run_monash_time_unique1000/visualizations/archive_latex.tex
457,0.589189189,0.563600000,\frac{\log\left(\mathrm{Fisher} + \mathrm{GSynFlow}\right)}{\mathrm{GradNorm}} - \mathrm{MParams},Fisher GSynFlow Add Log Grad_Norm Div MParams Sub <EOS>,((log((Fisher + GSynFlow)) / Grad_Norm) - MParams),0.563600000,0.490300000,88,8,5,2035,run_monash_time_unique1000,9,1,Monash__bitcoin_dataset_without_missing_values/seed_2035/run_monash_time_unique1000/visualizations/archive_latex.tex
458,0.588288288,0.563300000,\frac{\mathrm{JacobFro}}{\sqrt{\mathrm{MParams} + \mathrm{MParams}} - \mathrm{MParams}},Jacob_fro MParams MParams Add Sqrt MParams Sub Div <EOS>,(Jacob_fro / (sqrt((MParams + MParams)) - MParams)),0.563300000,0.383800000,10,8,5,2157,run_monash_time_unique1000,6,1,Monash__bitcoin_dataset_without_missing_values/seed_2157/run_monash_time_unique1000/visualizations/archive_latex.tex
459,0.587387387,0.563200000,\log\left(\mathrm{GradNorm} + \mathrm{plain}\right) - \left(\log\left(\mathrm{plain}\right)\right) \cdot \left(\mathrm{MParams}\right),Grad_Norm plain Add Log plain Log MParams Mul Sub <EOS>,(log((Grad_Norm + plain)) - (log(plain) * MParams)),0.563200000,0.428600000,164,9,4,2121,run_monash_time_unique1000,9,1,Monash__bitcoin_dataset_without_missing_values/seed_2121/run_monash_time_unique1000/visualizations/archive_latex.tex
460,0.586486486,0.563100000,\left(\mathrm{MParams}\right) \cdot \left(\frac{-\mathrm{JacobFro}}{\log\left(\left(\mathrm{Fisher}\right) \cdot \left(\mathrm{MParams}\right)\right)}\right),MParams Jacob_fro Negative Fisher MParams Mul Log Div Mul <EOS>,(MParams * (-(Jacob_fro) / log((Fisher * MParams)))),0.563100000,0.473300000,122,9,5,2033,run_monash_time_unique1000,1,1,Monash__bitcoin_dataset_without_missing_values/seed_2033/run_monash_time_unique1000/visualizations/archive_latex.tex
461,0.585585586,0.563000000,\mathrm{Fisher} - \frac{\mathrm{MParams}}{\log\left(\left(\mathrm{MParams}\right) \cdot \left(\mathrm{Fisher}\right)\right)},Fisher MParams MParams Fisher Mul Log Div Sub <EOS>,(Fisher - (MParams / log((MParams * Fisher)))),0.563000000,0.440600000,99,8,5,2051,run_monash_time_unique1000,1,1,Monash__bitcoin_dataset_without_missing_values/seed_2051/run_monash_time_unique1000/visualizations/archive_latex.tex
462,0.584684685,0.563000000,\frac{-\mathrm{MParams}}{\log\left(\left(\mathrm{MParams}\right) \cdot \left(\mathrm{Fisher}\right)\right)} + \mathrm{Fisher},MParams Negative MParams Fisher Mul Log Div Fisher Add <EOS>,((-(MParams) / log((MParams * Fisher))) + Fisher),0.563000000,0.440600000,32,9,5,2191,run_monash_time_unique1000,8,1,Monash__bitcoin_dataset_without_missing_values/seed_2191/run_monash_time_unique1000/visualizations/archive_latex.tex
463,0.583783784,0.563000000,\left(\mathrm{plain} + -\left(\left(\mathrm{MParams}\right) \cdot \left(\mathrm{Fisher}\right)\right)^2\right) \cdot \left(\mathrm{GSynFlow}\right),plain MParams Fisher Mul Square Negative Add GSynFlow Mul <EOS>,((plain + -(square((MParams * Fisher)))) * GSynFlow),0.563000000,0.468800000,29,9,6,2121,run_monash_time_unique1000,10,1,Monash__bitcoin_dataset_without_missing_values/seed_2121/run_monash_time_unique1000/visualizations/archive_latex.tex
464,0.582882883,0.562700000,\frac{\mathrm{GradNorm}}{\mathrm{Snip} + \log\left(\frac{\sqrt{\mathrm{GradNorm}}}{\mathrm{GSynFlow}}\right)},Grad_Norm Snip Grad_Norm Sqrt GSynFlow Div Log Add Div <EOS>,(Grad_Norm / (Snip + log((sqrt(Grad_Norm) / GSynFlow)))),0.562700000,0.468200000,33,9,6,2031,run_monash_time_unique1000,9,1,Monash__bitcoin_dataset_without_missing_values/seed_2031/run_monash_time_unique1000/visualizations/archive_latex.tex
465,0.581981982,0.562600000,\frac{\log\left(\mathrm{GSynFlow}\right)}{\mathrm{GradNorm}} - \mathrm{MParams},GSynFlow Log Grad_Norm Div MParams Sub <EOS>,((log(GSynFlow) / Grad_Norm) - MParams),0.562600000,0.520300000,78,6,4,2046,run_monash_time_unique1000,5,8,Monash__bitcoin_dataset_without_missing_values/seed_2046/run_monash_time_unique1000/visualizations/archive_latex.tex
466,0.581081081,0.562500000,\left(\mathrm{L2Norm} - \mathrm{Snip}\right) \cdot \left(\log\left(\left(\mathrm{GFLOPs}\right) \cdot \left(\mathrm{ZiCo}\right)\right)\right),L2-Norm Snip Sub GFLOPs ZiCo Mul Log Mul <EOS>,((L2-Norm - Snip) * log((GFLOPs * ZiCo))),0.562500000,0.468100000,127,8,4,2196,run_monash_time_unique1000,4,1,Monash__bitcoin_dataset_without_missing_values/seed_2196/run_monash_time_unique1000/visualizations/archive_latex.tex
467,0.580180180,0.562500000,\frac{\mathrm{GFLOPs}}{\left(\log\left(\left(\mathrm{GradNorm}\right) \cdot \left(\left(\mathrm{MParams}\right) \cdot \left(\mathrm{ZiCo}\right)\right)\right)\right)^2},GFLOPs Grad_Norm MParams ZiCo Mul Mul Log Square Div <EOS>,(GFLOPs / square(log((Grad_Norm * (MParams * ZiCo))))),0.562500000,0.525700000,190,9,6,2219,run_monash_time_unique1000,7,1,Monash__bitcoin_dataset_without_missing_values/seed_2219/run_monash_time_unique1000/visualizations/archive_latex.tex
468,0.579279279,0.562500000,\frac{\mathrm{GradNorm}}{\mathrm{Snip} + \log\left(\frac{\log\left(\mathrm{GradNorm}\right)}{\mathrm{GSynFlow}}\right)},Grad_Norm Snip Grad_Norm Log GSynFlow Div Log Add Div <EOS>,(Grad_Norm / (Snip + log((log(Grad_Norm) / GSynFlow)))),0.562500000,0.475800000,10,9,6,2031,run_monash_time_unique1000,10,1,Monash__bitcoin_dataset_without_missing_values/seed_2031/run_monash_time_unique1000/visualizations/archive_latex.tex
469,0.578378378,0.562400000,\frac{\mathrm{JacobFro}}{\left(\log\left(\sqrt{\mathrm{Fisher}}\right) + \left(\mathrm{MParams}\right)^2\right)^2},Jacob_fro Fisher Sqrt Log MParams Square Add Square Div <EOS>,(Jacob_fro / square((log(sqrt(Fisher)) + square(MParams)))),0.562400000,0.499000000,25,9,6,2130,run_monash_time_unique1000,4,1,Monash__bitcoin_dataset_without_missing_values/seed_2130/run_monash_time_unique1000/visualizations/archive_latex.tex
470,0.577477477,0.562300000,\left(\sqrt{\mathrm{GradNorm}} - \left(\mathrm{MParams}\right)^2\right) \cdot \left(\log\left(\log\left(\mathrm{GradNorm}\right)\right)\right),Grad_Norm Sqrt MParams Square Sub Grad_Norm Log Log Mul <EOS>,((sqrt(Grad_Norm) - square(MParams)) * log(log(Grad_Norm))),0.562300000,0.526000000,182,9,4,2138,run_monash_time_unique1000,1,2,Monash__bitcoin_dataset_without_missing_values/seed_2138/run_monash_time_unique1000/visualizations/archive_latex.tex
471,0.576576577,0.562300000,\log\left(\mathrm{GradNorm}\right) + \mathrm{MParams} - \left(\mathrm{plain}\right) \cdot \left(\left(\mathrm{MParams}\right)^2\right),Grad_Norm Log MParams Add plain MParams Square Mul Sub <EOS>,((log(Grad_Norm) + MParams) - (plain * square(MParams))),0.562300000,0.536900000,162,9,4,2197,run_monash_time_unique1000,2,1,Monash__bitcoin_dataset_without_missing_values/seed_2197/run_monash_time_unique1000/visualizations/archive_latex.tex
472,0.575675676,0.562300000,\log\left(\mathrm{GradNorm}\right) + \mathrm{MParams} - \left(\left(\mathrm{MParams}\right)^2\right) \cdot \left(\mathrm{plain}\right),Grad_Norm Log MParams Add MParams Square plain Mul Sub <EOS>,((log(Grad_Norm) + MParams) - (square(MParams) * plain)),0.562300000,0.536900000,101,9,4,2175,run_monash_time_unique1000,10,1,Monash__bitcoin_dataset_without_missing_values/seed_2175/run_monash_time_unique1000/visualizations/archive_latex.tex
473,0.574774775,0.561800000,\frac{\mathrm{GSynFlow}}{\frac{\log\left(\mathrm{L2Norm}\right)}{\mathrm{MParams}} - \mathrm{MParams}},GSynFlow L2-Norm Log MParams Div MParams Sub Div <EOS>,(GSynFlow / ((log(L2-Norm) / MParams) - MParams)),0.561800000,0.417600000,183,8,5,2198,run_monash_time_unique1000,9,1,Monash__bitcoin_dataset_without_missing_values/seed_2198/run_monash_time_unique1000/visualizations/archive_latex.tex
474,0.573873874,0.561600000,\frac{\frac{\log\left(\mathrm{MParams}\right)}{\mathrm{Fisher}}}{\mathrm{MParams}} - \mathrm{L2Norm},MParams Log Fisher Div MParams Div L2-Norm Sub <EOS>,(((log(MParams) / Fisher) / MParams) - L2-Norm),0.561600000,0.461900000,180,8,5,2122,run_monash_time_unique1000,2,2,Monash__bitcoin_dataset_without_missing_values/seed_2122/run_monash_time_unique1000/visualizations/archive_latex.tex
475,0.572972973,0.561300000,\log\left(\mathrm{Snip} + \mathrm{L2Norm}\right) - \left(\left(\mathrm{MParams}\right)^2\right) \cdot \left(\mathrm{Fisher}\right),Snip L2-Norm Add Log MParams Square Fisher Mul Sub <EOS>,(log((Snip + L2-Norm)) - (square(MParams) * Fisher)),0.561300000,0.549000000,188,9,4,2046,run_monash_time_unique1000,6,4,Monash__bitcoin_dataset_without_missing_values/seed_2046/run_monash_time_unique1000/visualizations/archive_latex.tex
476,0.572072072,0.561300000,\log\left(\mathrm{Snip} + \mathrm{L2Norm}\right) - \left(\mathrm{Fisher}\right) \cdot \left(\left(\mathrm{MParams}\right)^2\right),Snip L2-Norm Add Log Fisher MParams Square Mul Sub <EOS>,(log((Snip + L2-Norm)) - (Fisher * square(MParams))),0.561300000,0.549000000,94,9,4,2159,run_monash_time_unique1000,6,2,Monash__bitcoin_dataset_without_missing_values/seed_2159/run_monash_time_unique1000/visualizations/archive_latex.tex
477,0.571171171,0.561300000,\log\left(\mathrm{L2Norm} + \mathrm{Snip}\right) - \left(\left(\mathrm{MParams}\right)^2\right) \cdot \left(\mathrm{Fisher}\right),L2-Norm Snip Add Log MParams Square Fisher Mul Sub <EOS>,(log((L2-Norm + Snip)) - (square(MParams) * Fisher)),0.561300000,0.549000000,38,9,4,2143,run_monash_time_unique1000,7,2,Monash__bitcoin_dataset_without_missing_values/seed_2143/run_monash_time_unique1000/visualizations/archive_latex.tex
478,0.570270270,0.561300000,\frac{\sqrt{\mathrm{Snip}}}{\sqrt{\mathrm{MParams} + \mathrm{MParams}} - \mathrm{MParams}},Snip Sqrt MParams MParams Add Sqrt MParams Sub Div <EOS>,(sqrt(Snip) / (sqrt((MParams + MParams)) - MParams)),0.561300000,0.407200000,10,9,5,2157,run_monash_time_unique1000,7,1,Monash__bitcoin_dataset_without_missing_values/seed_2157/run_monash_time_unique1000/visualizations/archive_latex.tex
479,0.569369369,0.561300000,\log\left(\mathrm{L2Norm} + \mathrm{Snip}\right) - \left(\mathrm{Fisher}\right) \cdot \left(\left(\mathrm{MParams}\right)^2\right),L2-Norm Snip Add Log Fisher MParams Square Mul Sub <EOS>,(log((L2-Norm + Snip)) - (Fisher * square(MParams))),0.561300000,0.549000000,49,9,4,2203,run_monash_time_unique1000,7,3,Monash__bitcoin_dataset_without_missing_values/seed_2203/run_monash_time_unique1000/visualizations/archive_latex.tex
480,0.568468468,0.561200000,\log\left(\mathrm{MParams}\right) + \frac{\log\left(\mathrm{GSynFlow}\right)}{\mathrm{Snip}} - \mathrm{MParams},MParams Log GSynFlow Log Snip Div Add MParams Sub <EOS>,((log(MParams) + (log(GSynFlow) / Snip)) - MParams),0.561200000,0.440900000,28,9,5,2043,run_monash_time_unique1000,1,1,Monash__bitcoin_dataset_without_missing_values/seed_2043/run_monash_time_unique1000/visualizations/archive_latex.tex
481,0.567567568,0.561200000,\frac{\mathrm{GradNorm}}{\mathrm{Snip} - \log\left(\left(\log\left(\mathrm{ZiCo}\right)\right) \cdot \left(\mathrm{GSynFlow}\right)\right)},Grad_Norm Snip ZiCo Log GSynFlow Mul Log Sub Div <EOS>,(Grad_Norm / (Snip - log((log(ZiCo) * GSynFlow)))),0.561200000,0.467600000,48,9,6,2122,run_monash_time_unique1000,3,1,Monash__bitcoin_dataset_without_missing_values/seed_2122/run_monash_time_unique1000/visualizations/archive_latex.tex
482,0.566666667,0.561000000,\mathrm{MParams} + \frac{\mathrm{Snip}}{\sqrt{\log\left(\mathrm{L2Norm}\right)} - \mathrm{MParams}},MParams Snip L2-Norm Log Sqrt MParams Sub Div Add <EOS>,(MParams + (Snip / (sqrt(log(L2-Norm)) - MParams))),0.561000000,0.431000000,124,9,6,2157,run_monash_time_unique1000,8,1,Monash__bitcoin_dataset_without_missing_values/seed_2157/run_monash_time_unique1000/visualizations/archive_latex.tex
483,0.565765766,0.560900000,\left(\mathrm{L2Norm} - \left(\mathrm{Snip}\right) \cdot \left(\log\left(\sqrt{\mathrm{MParams}}\right)\right)\right) \cdot \left(\mathrm{JacobFro}\right),L2-Norm Snip MParams Sqrt Log Mul Sub Jacob_fro Mul <EOS>,((L2-Norm - (Snip * log(sqrt(MParams)))) * Jacob_fro),0.560900000,0.449000000,20,9,6,2206,run_monash_time_unique1000,5,1,Monash__bitcoin_dataset_without_missing_values/seed_2206/run_monash_time_unique1000/visualizations/archive_latex.tex
484,0.564864865,0.560800000,\left(\frac{-\mathrm{GradNorm}}{\log\left(\left(\mathrm{MParams}\right) \cdot \left(\mathrm{Fisher}\right)\right)}\right) \cdot \left(\mathrm{GSynFlow}\right),Grad_Norm Negative MParams Fisher Mul Log Div GSynFlow Mul <EOS>,((-(Grad_Norm) / log((MParams * Fisher))) * GSynFlow),0.560800000,0.451800000,36,9,5,2191,run_monash_time_unique1000,9,1,Monash__bitcoin_dataset_without_missing_values/seed_2191/run_monash_time_unique1000/visualizations/archive_latex.tex
485,0.563963964,0.560600000,\left(\mathrm{GSynFlow}\right) \cdot \left(\mathrm{MParams} + \mathrm{MParams} + -\left(\mathrm{MParams}\right)^2\right),GSynFlow MParams MParams Add MParams Square Negative Add Mul <EOS>,(GSynFlow * ((MParams + MParams) + -(square(MParams)))),0.560600000,0.448800000,21,9,5,2096,run_monash_time_unique1000,2,1,Monash__bitcoin_dataset_without_missing_values/seed_2096/run_monash_time_unique1000/visualizations/archive_latex.tex
486,0.563063063,0.560500000,\mathrm{L2Norm} - \left(\sqrt{-\mathrm{GraSP}}\right) \cdot \left(\log\left(\mathrm{MParams}\right)\right),L2-Norm GraSP Negative Sqrt MParams Log Mul Sub <EOS>,(L2-Norm - (sqrt(-(GraSP)) * log(MParams))),0.560500000,0.466900000,88,8,5,2156,run_monash_time_unique1000,1,1,Monash__bitcoin_dataset_without_missing_values/seed_2156/run_monash_time_unique1000/visualizations/archive_latex.tex
487,0.562162162,0.560500000,\mathrm{L2Norm} - \left(\sqrt{\mathrm{GraSP}}\right) \cdot \left(\log\left(\mathrm{MParams}\right)\right),L2-Norm GraSP Sqrt MParams Log Mul Sub <EOS>,(L2-Norm - (sqrt(GraSP) * log(MParams))),0.560500000,0.466900000,21,7,4,2185,run_monash_time_unique1000,1,3,Monash__bitcoin_dataset_without_missing_values/seed_2185/run_monash_time_unique1000/visualizations/archive_latex.tex
488,0.561261261,0.560500000,\mathrm{L2Norm} - \left(\log\left(\mathrm{MParams}\right)\right) \cdot \left(\sqrt{\mathrm{GraSP}}\right),L2-Norm MParams Log GraSP Sqrt Mul Sub <EOS>,(L2-Norm - (log(MParams) * sqrt(GraSP))),0.560500000,0.466900000,183,7,4,2207,run_monash_time_unique1000,9,1,Monash__bitcoin_dataset_without_missing_values/seed_2207/run_monash_time_unique1000/visualizations/archive_latex.tex
489,0.560360360,0.560400000,\log\left(\frac{\mathrm{Snip}}{\sqrt{\mathrm{plain}}}\right) - \left(\mathrm{MParams}\right) \cdot \left(\mathrm{Fisher}\right),Snip plain Sqrt Div Log MParams Fisher Mul Sub <EOS>,(log((Snip / sqrt(plain))) - (MParams * Fisher)),0.560400000,0.565400000,200,9,5,2216,run_monash_time_unique1000,4,1,Monash__bitcoin_dataset_without_missing_values/seed_2216/run_monash_time_unique1000/visualizations/archive_latex.tex
490,0.559459459,0.560400000,\frac{\log\left(\mathrm{GSynFlow}\right) + \mathrm{Fisher}}{\mathrm{GradNorm}} - \mathrm{MParams},GSynFlow Log Fisher Add Grad_Norm Div MParams Sub <EOS>,(((log(GSynFlow) + Fisher) / Grad_Norm) - MParams),0.560400000,0.515900000,46,8,5,2089,run_monash_time_unique1000,8,1,Monash__bitcoin_dataset_without_missing_values/seed_2089/run_monash_time_unique1000/visualizations/archive_latex.tex
491,0.558558559,0.560300000,\log\left(\mathrm{GSynFlow}\right) + \mathrm{GradNorm} - \left(\mathrm{Fisher}\right) \cdot \left(\left(\mathrm{GFLOPs}\right)^2\right),GSynFlow Log Grad_Norm Fisher GFLOPs Square Mul Sub Add <EOS>,(log(GSynFlow) + (Grad_Norm - (Fisher * square(GFLOPs)))),0.560300000,0.581400000,37,9,5,2150,run_monash_time_unique1000,3,1,Monash__bitcoin_dataset_without_missing_values/seed_2150/run_monash_time_unique1000/visualizations/archive_latex.tex
492,0.557657658,0.560300000,\mathrm{GradNorm} - \left(\left(\mathrm{GFLOPs}\right)^2\right) \cdot \left(\mathrm{Fisher}\right) + \log\left(\mathrm{GSynFlow}\right),Grad_Norm GFLOPs Square Fisher Mul Sub GSynFlow Log Add <EOS>,((Grad_Norm - (square(GFLOPs) * Fisher)) + log(GSynFlow)),0.560300000,0.581400000,32,9,5,2045,run_monash_time_unique1000,4,1,Monash__bitcoin_dataset_without_missing_values/seed_2045/run_monash_time_unique1000/visualizations/archive_latex.tex
493,0.556756757,0.560000000,\left(\mathrm{GSynFlow}\right) \cdot \left(\log\left(\mathrm{L2Norm}\right) - \left(\mathrm{MParams}\right)^2\right),GSynFlow L2-Norm Log MParams Square Sub Mul <EOS>,(GSynFlow * (log(L2-Norm) - square(MParams))),0.560000000,0.451500000,191,7,4,2029,run_monash_time_unique1000,2,2,Monash__bitcoin_dataset_without_missing_values/seed_2029/run_monash_time_unique1000/visualizations/archive_latex.tex
494,0.555855856,0.560000000,\left(\log\left(\mathrm{L2Norm}\right) - \left(\mathrm{MParams}\right) \cdot \left(\mathrm{MParams}\right)\right) \cdot \left(\mathrm{GSynFlow}\right),L2-Norm Log MParams MParams Mul Sub GSynFlow Mul <EOS>,((log(L2-Norm) - (MParams * MParams)) * GSynFlow),0.560000000,0.451500000,46,8,4,2140,run_monash_time_unique1000,4,1,Monash__bitcoin_dataset_without_missing_values/seed_2140/run_monash_time_unique1000/visualizations/archive_latex.tex
495,0.554954955,0.560000000,\left(\left(\mathrm{Snip}\right)^2\right) \cdot \left(\frac{\sqrt{\mathrm{L2Norm}}}{\mathrm{plain}} - \mathrm{GFLOPs}\right),Snip Square L2-Norm Sqrt plain Div GFLOPs Sub Mul <EOS>,(square(Snip) * ((sqrt(L2-Norm) / plain) - GFLOPs)),0.560000000,0.490000000,80,9,5,2188,run_monash_time_unique1000,4,1,Monash__bitcoin_dataset_without_missing_values/seed_2188/run_monash_time_unique1000/visualizations/archive_latex.tex
496,0.554054054,0.559800000,\log\left(\mathrm{L2Norm}\right) - \frac{\mathrm{Fisher}}{\mathrm{MParams} + \log\left(\mathrm{ZiCo}\right)},L2-Norm Log Fisher MParams ZiCo Log Add Div Sub <EOS>,(log(L2-Norm) - (Fisher / (MParams + log(ZiCo)))),0.559800000,0.674700000,151,9,5,2208,run_monash_time_unique1000,8,1,Monash__bitcoin_dataset_without_missing_values/seed_2208/run_monash_time_unique1000/visualizations/archive_latex.tex
497,0.553153153,0.559700000,\frac{\mathrm{Snip}}{\sqrt{\log\left(\mathrm{Jacov}\right)} - \left(\mathrm{MParams}\right)^2},Snip Jacov Log Sqrt MParams Square Sub Div <EOS>,(Snip / (sqrt(log(Jacov)) - square(MParams))),0.559700000,0.429900000,26,8,5,2092,run_monash_time_unique1000,5,2,Monash__bitcoin_dataset_without_missing_values/seed_2092/run_monash_time_unique1000/visualizations/archive_latex.tex
498,0.552252252,0.559600000,\left(\mathrm{L2Norm} - \left(\mathrm{Snip}\right) \cdot \left(\log\left(\mathrm{MParams}\right)\right)\right) \cdot \left(\mathrm{GSynFlow}\right),L2-Norm Snip MParams Log Mul Sub GSynFlow Mul <EOS>,((L2-Norm - (Snip * log(MParams))) * GSynFlow),0.559600000,0.532700000,16,8,5,2206,run_monash_time_unique1000,6,1,Monash__bitcoin_dataset_without_missing_values/seed_2206/run_monash_time_unique1000/visualizations/archive_latex.tex
499,0.551351351,0.559600000,\left(\mathrm{GSynFlow}\right) \cdot \left(\mathrm{L2Norm} - \left(\mathrm{Snip}\right) \cdot \left(\log\left(\mathrm{MParams}\right)\right)\right),GSynFlow L2-Norm Snip MParams Log Mul Sub Mul <EOS>,(GSynFlow * (L2-Norm - (Snip * log(MParams)))),0.559600000,0.532700000,15,8,5,2164,run_monash_time_unique1000,8,1,Monash__bitcoin_dataset_without_missing_values/seed_2164/run_monash_time_unique1000/visualizations/archive_latex.tex
500,0.550450450,0.559600000,\frac{\log\left(\mathrm{Fisher}\right)}{\mathrm{GSynFlow}} - \left(\log\left(\mathrm{MParams}\right)\right) \cdot \left(\mathrm{Snip}\right),Fisher Log GSynFlow Div MParams Log Snip Mul Sub <EOS>,((log(Fisher) / GSynFlow) - (log(MParams) * Snip)),0.559600000,0.485100000,124,9,4,2207,run_monash_time_unique1000,10,1,Monash__bitcoin_dataset_without_missing_values/seed_2207/run_monash_time_unique1000/visualizations/archive_latex.tex
501,0.549549550,0.559400000,\left(\sqrt{\mathrm{GSynFlow}}\right) \cdot \left(\log\left(\mathrm{L2Norm}\right) - \left(\mathrm{MParams}\right)^2\right),GSynFlow Sqrt L2-Norm Log MParams Square Sub Mul <EOS>,(sqrt(GSynFlow) * (log(L2-Norm) - square(MParams))),0.559400000,0.465000000,60,8,4,2161,run_monash_time_unique1000,2,2,Monash__bitcoin_dataset_without_missing_values/seed_2161/run_monash_time_unique1000/visualizations/archive_latex.tex
502,0.548648649,0.559200000,\frac{\mathrm{Snip}}{\log\left(\mathrm{L2Norm}\right) - \left(\mathrm{MParams}\right)^2} + \mathrm{L2Norm},Snip L2-Norm Log MParams Square Sub Div L2-Norm Add <EOS>,((Snip / (log(L2-Norm) - square(MParams))) + L2-Norm),0.559200000,0.430200000,153,9,5,2153,run_monash_time_unique1000,4,1,Monash__bitcoin_dataset_without_missing_values/seed_2153/run_monash_time_unique1000/visualizations/archive_latex.tex
503,0.547747748,0.559100000,\left(\left(\mathrm{GSynFlow}\right) \cdot \left(\log\left(\mathrm{L2Norm}\right) - \left(\mathrm{MParams}\right)^2\right)\right) \cdot \left(\mathrm{L2Norm}\right),GSynFlow L2-Norm Log MParams Square Sub Mul L2-Norm Mul <EOS>,((GSynFlow * (log(L2-Norm) - square(MParams))) * L2-Norm),0.559100000,0.454800000,163,9,5,2163,run_monash_time_unique1000,7,1,Monash__bitcoin_dataset_without_missing_values/seed_2163/run_monash_time_unique1000/visualizations/archive_latex.tex
504,0.546846847,0.559000000,\sqrt{\log\left(\left(\mathrm{Snip}\right) \cdot \left(\mathrm{MParams}\right)\right) - \left(\mathrm{plain}\right) \cdot \left(\mathrm{MParams}\right)},Snip MParams Mul Log plain MParams Mul Sub Sqrt <EOS>,sqrt((log((Snip * MParams)) - (plain * MParams))),0.559000000,0.444900000,91,9,5,2084,run_monash_time_unique1000,1,1,Monash__bitcoin_dataset_without_missing_values/seed_2084/run_monash_time_unique1000/visualizations/archive_latex.tex
505,0.545945946,0.558700000,\frac{\log\left(\mathrm{GSynFlow}\right)}{\left(\mathrm{GradNorm}\right)^2} - \mathrm{MParams},GSynFlow Log Grad_Norm Square Div MParams Sub <EOS>,((log(GSynFlow) / square(Grad_Norm)) - MParams),0.558700000,0.430400000,64,7,4,2052,run_monash_time_unique1000,8,2,Monash__bitcoin_dataset_without_missing_values/seed_2052/run_monash_time_unique1000/visualizations/archive_latex.tex
506,0.545045045,0.558600000,\frac{\mathrm{Snip}}{\sqrt{\log\left(\mathrm{L2Norm}\right)} - \mathrm{MParams}},Snip L2-Norm Log Sqrt MParams Sub Div <EOS>,(Snip / (sqrt(log(L2-Norm)) - MParams)),0.558600000,0.429100000,170,7,5,2114,run_monash_time_unique1000,1,4,Monash__bitcoin_dataset_without_missing_values/seed_2114/run_monash_time_unique1000/visualizations/archive_latex.tex
507,0.544144144,0.558300000,\frac{\log\left(\mathrm{GSynFlow}\right) - \mathrm{plain}}{\mathrm{GradNorm}} - \mathrm{MParams},GSynFlow Log plain Sub Grad_Norm Div MParams Sub <EOS>,(((log(GSynFlow) - plain) / Grad_Norm) - MParams),0.558300000,0.527600000,78,8,5,2089,run_monash_time_unique1000,9,1,Monash__bitcoin_dataset_without_missing_values/seed_2089/run_monash_time_unique1000/visualizations/archive_latex.tex
508,0.543243243,0.558000000,\left(\frac{\log\left(\mathrm{GSynFlow}\right)}{\mathrm{GFLOPs}}\right) \cdot \left(\mathrm{L2Norm} - \mathrm{Snip}\right),GSynFlow Log GFLOPs Div L2-Norm Snip Sub Mul <EOS>,((log(GSynFlow) / GFLOPs) * (L2-Norm - Snip)),0.558000000,0.452800000,70,8,4,2187,run_monash_time_unique1000,2,1,Monash__bitcoin_dataset_without_missing_values/seed_2187/run_monash_time_unique1000/visualizations/archive_latex.tex
509,0.542342342,0.558000000,\mathrm{GradNorm} - \left(\log\left(\mathrm{plain}\right)\right) \cdot \left(\left(\mathrm{MParams}\right) \cdot \left(\mathrm{GradNorm}\right)\right),Grad_Norm plain Log MParams Grad_Norm Mul Mul Sub <EOS>,(Grad_Norm - (log(plain) * (MParams * Grad_Norm))),0.558000000,0.505200000,199,8,4,2104,run_monash_time_unique1000,9,1,Monash__bitcoin_dataset_without_missing_values/seed_2104/run_monash_time_unique1000/visualizations/archive_latex.tex
510,0.541441441,0.557700000,\left(\log\left(\mathrm{GSynFlow}\right)\right) \cdot \left(\mathrm{ZiCo}\right) - \left(\left(\mathrm{MParams}\right)^2\right) \cdot \left(\mathrm{Fisher}\right),GSynFlow Log ZiCo Mul MParams Square Fisher Mul Sub <EOS>,((log(GSynFlow) * ZiCo) - (square(MParams) * Fisher)),0.557700000,0.523100000,111,9,4,2048,run_monash_time_unique1000,7,3,Monash__bitcoin_dataset_without_missing_values/seed_2048/run_monash_time_unique1000/visualizations/archive_latex.tex
511,0.540540541,0.557700000,\frac{\mathrm{GSynFlow}}{\sqrt{\frac{\mathrm{GradNorm}}{\mathrm{plain}}} - \left(\mathrm{MParams}\right)^2},GSynFlow Grad_Norm plain Div Sqrt MParams Square Sub Div <EOS>,(GSynFlow / (sqrt((Grad_Norm / plain)) - square(MParams))),0.557700000,0.501100000,99,9,5,2124,run_monash_time_unique1000,7,2,Monash__bitcoin_dataset_without_missing_values/seed_2124/run_monash_time_unique1000/visualizations/archive_latex.tex
512,0.539639640,0.557700000,\left(\mathrm{ZiCo}\right) \cdot \left(\log\left(\mathrm{GSynFlow}\right)\right) - \left(\left(\mathrm{MParams}\right)^2\right) \cdot \left(\mathrm{Fisher}\right),ZiCo GSynFlow Log Mul MParams Square Fisher Mul Sub <EOS>,((ZiCo * log(GSynFlow)) - (square(MParams) * Fisher)),0.557700000,0.523100000,121,9,4,2099,run_monash_time_unique1000,9,1,Monash__bitcoin_dataset_without_missing_values/seed_2099/run_monash_time_unique1000/visualizations/archive_latex.tex
513,0.538738739,0.557600000,\frac{\mathrm{GradNorm}}{\log\left(\left(\log\left(\mathrm{L2Norm}\right)\right) \cdot \left(\mathrm{L2Norm}\right)\right) - \mathrm{GFLOPs}},Grad_Norm L2-Norm Log L2-Norm Mul Log GFLOPs Sub Div <EOS>,(Grad_Norm / (log((log(L2-Norm) * L2-Norm)) - GFLOPs)),0.557600000,0.543800000,164,9,6,2155,run_monash_time_unique1000,1,1,Monash__bitcoin_dataset_without_missing_values/seed_2155/run_monash_time_unique1000/visualizations/archive_latex.tex
514,0.537837838,0.557600000,\frac{\log\left(\mathrm{plain} - \left(\mathrm{GradNorm}\right) \cdot \left(\mathrm{MParams}\right)\right)}{\left(\mathrm{MParams}\right)^2},plain Grad_Norm MParams Mul Sub Log MParams Square Div <EOS>,(log((plain - (Grad_Norm * MParams))) / square(MParams)),0.557600000,0.580200000,48,9,5,2046,run_monash_time_unique1000,7,1,Monash__bitcoin_dataset_without_missing_values/seed_2046/run_monash_time_unique1000/visualizations/archive_latex.tex
515,0.536936937,0.557600000,\frac{\log\left(\left(\mathrm{GradNorm}\right) \cdot \left(\mathrm{MParams}\right) - \mathrm{plain}\right)}{\left(\mathrm{MParams}\right)^2},Grad_Norm MParams Mul plain Sub Log MParams Square Div <EOS>,(log(((Grad_Norm * MParams) - plain)) / square(MParams)),0.557600000,0.580200000,28,9,5,2208,run_monash_time_unique1000,9,1,Monash__bitcoin_dataset_without_missing_values/seed_2208/run_monash_time_unique1000/visualizations/archive_latex.tex
516,0.536036036,0.557300000,\frac{\frac{\mathrm{GradNorm} + \log\left(\mathrm{GSynFlow}\right)}{\mathrm{MParams}}}{\mathrm{Snip}},Grad_Norm GSynFlow Log Add MParams Div Snip Div <EOS>,(((Grad_Norm + log(GSynFlow)) / MParams) / Snip),0.557300000,0.520000000,21,8,5,2122,run_monash_time_unique1000,4,1,Monash__bitcoin_dataset_without_missing_values/seed_2122/run_monash_time_unique1000/visualizations/archive_latex.tex
517,0.535135135,0.557300000,\frac{\log\left(\mathrm{GSynFlow}\right) + \sqrt{\mathrm{plain}}}{\mathrm{GradNorm}} - \mathrm{MParams},GSynFlow Log plain Sqrt Add Grad_Norm Div MParams Sub <EOS>,(((log(GSynFlow) + sqrt(plain)) / Grad_Norm) - MParams),0.557300000,0.507100000,131,9,5,2089,run_monash_time_unique1000,10,1,Monash__bitcoin_dataset_without_missing_values/seed_2089/run_monash_time_unique1000/visualizations/archive_latex.tex
518,0.534234234,0.557200000,\log\left(\mathrm{GradNorm} + \mathrm{GFLOPs}\right) - \left(\sqrt{\mathrm{plain}}\right) \cdot \left(\mathrm{MParams}\right),Grad_Norm GFLOPs Add Log plain Sqrt MParams Mul Sub <EOS>,(log((Grad_Norm + GFLOPs)) - (sqrt(plain) * MParams)),0.557200000,0.516000000,145,9,4,2039,run_monash_time_unique1000,10,1,Monash__bitcoin_dataset_without_missing_values/seed_2039/run_monash_time_unique1000/visualizations/archive_latex.tex
519,0.533333333,0.557100000,-\mathrm{GradNorm} + \frac{\mathrm{GradNorm} + \log\left(\mathrm{GSynFlow}\right)}{\mathrm{MParams}},Grad_Norm Negative Grad_Norm GSynFlow Log Add MParams Div Add <EOS>,(-(Grad_Norm) + ((Grad_Norm + log(GSynFlow)) / MParams)),0.557100000,0.567900000,12,9,5,2027,run_monash_time_unique1000,3,1,Monash__bitcoin_dataset_without_missing_values/seed_2027/run_monash_time_unique1000/visualizations/archive_latex.tex
520,0.532432432,0.556800000,\log\left(\mathrm{GradNorm} - \mathrm{plain}\right) - \left(\log\left(\mathrm{plain}\right)\right) \cdot \left(\mathrm{MParams}\right),Grad_Norm plain Sub Log plain Log MParams Mul Sub <EOS>,(log((Grad_Norm - plain)) - (log(plain) * MParams)),0.556800000,0.426200000,196,9,4,2216,run_monash_time_unique1000,5,1,Monash__bitcoin_dataset_without_missing_values/seed_2216/run_monash_time_unique1000/visualizations/archive_latex.tex
521,0.531531532,0.556700000,\frac{\log\left(\mathrm{GSynFlow}\right)}{\left(\mathrm{plain}\right) \cdot \left(\mathrm{MParams}\right)} - \mathrm{L2Norm},GSynFlow Log plain MParams Mul Div L2-Norm Sub <EOS>,((log(GSynFlow) / (plain * MParams)) - L2-Norm),0.556700000,0.486000000,14,8,4,2091,run_monash_time_unique1000,1,2,Monash__bitcoin_dataset_without_missing_values/seed_2091/run_monash_time_unique1000/visualizations/archive_latex.tex
522,0.530630631,0.556700000,\frac{\frac{\log\left(\mathrm{GSynFlow}\right)}{\mathrm{plain}}}{\mathrm{MParams}} - \mathrm{L2Norm},GSynFlow Log plain Div MParams Div L2-Norm Sub <EOS>,(((log(GSynFlow) / plain) / MParams) - L2-Norm),0.556700000,0.486000000,130,8,5,2148,run_monash_time_unique1000,1,3,Monash__bitcoin_dataset_without_missing_values/seed_2148/run_monash_time_unique1000/visualizations/archive_latex.tex
523,0.529729730,0.556700000,\frac{\log\left(\mathrm{GSynFlow}\right)}{\left(\mathrm{MParams}\right) \cdot \left(\mathrm{plain}\right)} - \mathrm{L2Norm},GSynFlow Log MParams plain Mul Div L2-Norm Sub <EOS>,((log(GSynFlow) / (MParams * plain)) - L2-Norm),0.556700000,0.486000000,5,8,4,2087,run_monash_time_unique1000,6,1,Monash__bitcoin_dataset_without_missing_values/seed_2087/run_monash_time_unique1000/visualizations/archive_latex.tex
524,0.528828829,0.556700000,\frac{\frac{\log\left(\mathrm{GSynFlow}\right)}{\mathrm{MParams}}}{\mathrm{plain}} - \mathrm{L2Norm},GSynFlow Log MParams Div plain Div L2-Norm Sub <EOS>,(((log(GSynFlow) / MParams) / plain) - L2-Norm),0.556700000,0.486000000,197,8,5,2108,run_monash_time_unique1000,9,1,Monash__bitcoin_dataset_without_missing_values/seed_2108/run_monash_time_unique1000/visualizations/archive_latex.tex
525,0.527927928,0.556600000,\frac{\mathrm{Snip}}{\log\left(\left(\log\left(\mathrm{L2Norm}\right)\right) \cdot \left(\mathrm{L2Norm}\right)\right) - \mathrm{GFLOPs}},Snip L2-Norm Log L2-Norm Mul Log GFLOPs Sub Div <EOS>,(Snip / (log((log(L2-Norm) * L2-Norm)) - GFLOPs)),0.556600000,0.550300000,126,9,6,2155,run_monash_time_unique1000,2,1,Monash__bitcoin_dataset_without_missing_values/seed_2155/run_monash_time_unique1000/visualizations/archive_latex.tex
526,0.527027027,0.556300000,\log\left(\left(\mathrm{GradNorm}\right) \cdot \left(\mathrm{GFLOPs}\right)\right) - \left(\left(\mathrm{MParams}\right)^2\right) \cdot \left(\mathrm{plain}\right),Grad_Norm GFLOPs Mul Log MParams Square plain Mul Sub <EOS>,(log((Grad_Norm * GFLOPs)) - (square(MParams) * plain)),0.556300000,0.542600000,122,9,4,2210,run_monash_time_unique1000,5,2,Monash__bitcoin_dataset_without_missing_values/seed_2210/run_monash_time_unique1000/visualizations/archive_latex.tex
527,0.526126126,0.556300000,\log\left(\left(\mathrm{GradNorm}\right) \cdot \left(\mathrm{GFLOPs}\right)\right) - \left(\mathrm{plain}\right) \cdot \left(\left(\mathrm{MParams}\right)^2\right),Grad_Norm GFLOPs Mul Log plain MParams Square Mul Sub <EOS>,(log((Grad_Norm * GFLOPs)) - (plain * square(MParams))),0.556300000,0.542600000,145,9,4,2159,run_monash_time_unique1000,7,1,Monash__bitcoin_dataset_without_missing_values/seed_2159/run_monash_time_unique1000/visualizations/archive_latex.tex
528,0.525225225,0.556300000,\log\left(\left(\mathrm{GFLOPs}\right) \cdot \left(\mathrm{GradNorm}\right)\right) - \left(\mathrm{plain}\right) \cdot \left(\left(\mathrm{MParams}\right)^2\right),GFLOPs Grad_Norm Mul Log plain MParams Square Mul Sub <EOS>,(log((GFLOPs * Grad_Norm)) - (plain * square(MParams))),0.556300000,0.542600000,149,9,4,2093,run_monash_time_unique1000,10,2,Monash__bitcoin_dataset_without_missing_values/seed_2093/run_monash_time_unique1000/visualizations/archive_latex.tex
529,0.524324324,0.556100000,\log\left(\left(\mathrm{MParams}\right) \cdot \left(\mathrm{GradNorm}\right)\right) - \left(\left(\mathrm{plain}\right) \cdot \left(\mathrm{MParams}\right)\right)^2,MParams Grad_Norm Mul Log plain MParams Mul Square Sub <EOS>,(log((MParams * Grad_Norm)) - square((plain * MParams))),0.556100000,0.528700000,91,9,4,2132,run_monash_time_unique1000,3,2,Monash__bitcoin_dataset_without_missing_values/seed_2132/run_monash_time_unique1000/visualizations/archive_latex.tex
530,0.523423423,0.556100000,\mathrm{L2Norm} - \frac{\mathrm{Snip}}{\log\left(\left(\mathrm{MParams}\right)^2 - \mathrm{MParams}\right)},L2-Norm Snip MParams Square MParams Sub Log Div Sub <EOS>,(L2-Norm - (Snip / log((square(MParams) - MParams)))),0.556100000,0.594200000,130,9,6,2213,run_monash_time_unique1000,4,1,Monash__bitcoin_dataset_without_missing_values/seed_2213/run_monash_time_unique1000/visualizations/archive_latex.tex
531,0.522522523,0.556100000,\log\left(\left(\mathrm{MParams}\right) \cdot \left(\mathrm{GradNorm}\right)\right) - \left(\left(\mathrm{MParams}\right) \cdot \left(\mathrm{plain}\right)\right)^2,MParams Grad_Norm Mul Log MParams plain Mul Square Sub <EOS>,(log((MParams * Grad_Norm)) - square((MParams * plain))),0.556100000,0.528700000,193,9,4,2216,run_monash_time_unique1000,6,2,Monash__bitcoin_dataset_without_missing_values/seed_2216/run_monash_time_unique1000/visualizations/archive_latex.tex
532,0.521621622,0.556100000,\frac{\log\left(\mathrm{GSynFlow}\right)}{\mathrm{Fisher}} - \left(\mathrm{L2Norm}\right) \cdot \left(\mathrm{MParams}\right),GSynFlow Log Fisher Div L2-Norm MParams Mul Sub <EOS>,((log(GSynFlow) / Fisher) - (L2-Norm * MParams)),0.556100000,0.469600000,33,8,4,2108,run_monash_time_unique1000,10,1,Monash__bitcoin_dataset_without_missing_values/seed_2108/run_monash_time_unique1000/visualizations/archive_latex.tex
533,0.520720721,0.556000000,\frac{\frac{\log\left(\mathrm{GSynFlow}\right)}{\sqrt{\mathrm{MParams}}}}{\mathrm{GradNorm}} - \mathrm{GFLOPs},GSynFlow Log MParams Sqrt Div Grad_Norm Div GFLOPs Sub <EOS>,(((log(GSynFlow) / sqrt(MParams)) / Grad_Norm) - GFLOPs),0.556000000,0.469400000,178,9,5,2111,run_monash_time_unique1000,9,1,Monash__bitcoin_dataset_without_missing_values/seed_2111/run_monash_time_unique1000/visualizations/archive_latex.tex
534,0.519819820,0.556000000,\mathrm{plain} + \frac{\mathrm{Snip}}{\sqrt{\log\left(\mathrm{L2Norm}\right)} - \mathrm{MParams}},plain Snip L2-Norm Log Sqrt MParams Sub Div Add <EOS>,(plain + (Snip / (sqrt(log(L2-Norm)) - MParams))),0.556000000,0.426100000,124,9,6,2157,run_monash_time_unique1000,10,1,Monash__bitcoin_dataset_without_missing_values/seed_2157/run_monash_time_unique1000/visualizations/archive_latex.tex
535,0.518918919,0.555900000,\left(\mathrm{L2Norm}\right)^2 - \left(\left(\mathrm{Snip}\right) \cdot \left(\log\left(\mathrm{MParams}\right)\right)\right) \cdot \left(\mathrm{Snip}\right),L2-Norm Square Snip MParams Log Mul Snip Mul Sub <EOS>,(square(L2-Norm) - ((Snip * log(MParams)) * Snip)),0.555900000,0.493300000,51,9,5,2206,run_monash_time_unique1000,7,1,Monash__bitcoin_dataset_without_missing_values/seed_2206/run_monash_time_unique1000/visualizations/archive_latex.tex
536,0.518018018,0.555800000,\left(\mathrm{Snip}\right) \cdot \left(\log\left(\log\left(\frac{\mathrm{GradNorm}}{\mathrm{Fisher}}\right) - \mathrm{MParams}\right)\right),Snip Grad_Norm Fisher Div Log MParams Sub Log Mul <EOS>,(Snip * log((log((Grad_Norm / Fisher)) - MParams))),0.555800000,0.575700000,43,9,6,2124,run_monash_time_unique1000,8,1,Monash__bitcoin_dataset_without_missing_values/seed_2124/run_monash_time_unique1000/visualizations/archive_latex.tex
537,0.517117117,0.555500000,-\log\left(\mathrm{MParams} - \log\left(\frac{\mathrm{plain}}{\mathrm{Fisher}}\right)\right),MParams plain Fisher Div Log Sub Log Negative <EOS>,-(log((MParams - log((plain / Fisher))))),0.555500000,0.493100000,22,8,6,2176,run_monash_time_unique1000,4,1,Monash__bitcoin_dataset_without_missing_values/seed_2176/run_monash_time_unique1000/visualizations/archive_latex.tex
538,0.516216216,0.555300000,\log\left(\left(\mathrm{GradNorm}\right) \cdot \left(\mathrm{GFLOPs}\right)\right) - \left(\mathrm{plain}\right) \cdot \left(\mathrm{MParams}\right),Grad_Norm GFLOPs Mul Log plain MParams Mul Sub <EOS>,(log((Grad_Norm * GFLOPs)) - (plain * MParams)),0.555300000,0.503500000,173,8,4,2112,run_monash_time_unique1000,1,6,Monash__bitcoin_dataset_without_missing_values/seed_2112/run_monash_time_unique1000/visualizations/archive_latex.tex
539,0.515315315,0.555300000,\log\left(\left(\mathrm{GFLOPs}\right) \cdot \left(\mathrm{GradNorm}\right)\right) - \left(\mathrm{plain}\right) \cdot \left(\mathrm{MParams}\right),GFLOPs Grad_Norm Mul Log plain MParams Mul Sub <EOS>,(log((GFLOPs * Grad_Norm)) - (plain * MParams)),0.555300000,0.503500000,150,8,4,2041,run_monash_time_unique1000,2,7,Monash__bitcoin_dataset_without_missing_values/seed_2041/run_monash_time_unique1000/visualizations/archive_latex.tex
540,0.514414414,0.555300000,-\left(\mathrm{MParams}\right) \cdot \left(\mathrm{plain}\right) - \log\left(\left(\mathrm{GFLOPs}\right) \cdot \left(\mathrm{GradNorm}\right)\right),MParams plain Mul GFLOPs Grad_Norm Mul Log Sub Negative <EOS>,-(((MParams * plain) - log((GFLOPs * Grad_Norm)))),0.555300000,0.503500000,125,9,5,2097,run_monash_time_unique1000,2,1,Monash__bitcoin_dataset_without_missing_values/seed_2097/run_monash_time_unique1000/visualizations/archive_latex.tex
541,0.513513514,0.555300000,\log\left(\left(\mathrm{GFLOPs}\right) \cdot \left(\mathrm{GradNorm}\right)\right) - \left(\mathrm{MParams}\right) \cdot \left(\mathrm{plain}\right),GFLOPs Grad_Norm Mul Log MParams plain Mul Sub <EOS>,(log((GFLOPs * Grad_Norm)) - (MParams * plain)),0.555300000,0.503500000,156,8,4,2105,run_monash_time_unique1000,2,3,Monash__bitcoin_dataset_without_missing_values/seed_2105/run_monash_time_unique1000/visualizations/archive_latex.tex
542,0.512612613,0.555300000,\log\left(\left(\mathrm{GradNorm}\right) \cdot \left(\mathrm{GFLOPs}\right)\right) - \left(\mathrm{MParams}\right) \cdot \left(\mathrm{plain}\right),Grad_Norm GFLOPs Mul Log MParams plain Mul Sub <EOS>,(log((Grad_Norm * GFLOPs)) - (MParams * plain)),0.555300000,0.503500000,123,8,4,2165,run_monash_time_unique1000,3,7,Monash__bitcoin_dataset_without_missing_values/seed_2165/run_monash_time_unique1000/visualizations/archive_latex.tex
543,0.511711712,0.555300000,\log\left(\left(\mathrm{GradNorm}\right) \cdot \left(\mathrm{GFLOPs}\right)\right) + \left(-\mathrm{MParams}\right) \cdot \left(\mathrm{plain}\right),Grad_Norm GFLOPs Mul Log MParams Negative plain Mul Add <EOS>,(log((Grad_Norm * GFLOPs)) + (-(MParams) * plain)),0.555300000,0.503500000,55,9,4,2216,run_monash_time_unique1000,7,1,Monash__bitcoin_dataset_without_missing_values/seed_2216/run_monash_time_unique1000/visualizations/archive_latex.tex
544,0.510810811,0.555100000,\mathrm{Fisher} - -\log\left(\mathrm{L2Norm}\right) - \left(\mathrm{Fisher}\right) \cdot \left(\mathrm{MParams}\right),Fisher L2-Norm Log Negative Sub Fisher MParams Mul Sub <EOS>,((Fisher - -(log(L2-Norm))) - (Fisher * MParams)),0.555100000,0.518400000,84,9,5,2203,run_monash_time_unique1000,8,1,Monash__bitcoin_dataset_without_missing_values/seed_2203/run_monash_time_unique1000/visualizations/archive_latex.tex
545,0.509909910,0.555100000,\log\left(\mathrm{L2Norm}\right) + \mathrm{Fisher} - \left(\mathrm{MParams}\right) \cdot \left(\mathrm{Fisher}\right),L2-Norm Log Fisher Add MParams Fisher Mul Sub <EOS>,((log(L2-Norm) + Fisher) - (MParams * Fisher)),0.555100000,0.518400000,106,8,4,2143,run_monash_time_unique1000,9,1,Monash__bitcoin_dataset_without_missing_values/seed_2143/run_monash_time_unique1000/visualizations/archive_latex.tex
546,0.509009009,0.555100000,\log\left(\mathrm{L2Norm}\right) + \mathrm{Fisher} - \left(\mathrm{Fisher}\right) \cdot \left(\mathrm{MParams}\right),L2-Norm Log Fisher Add Fisher MParams Mul Sub <EOS>,((log(L2-Norm) + Fisher) - (Fisher * MParams)),0.555100000,0.518400000,104,8,4,2211,run_monash_time_unique1000,10,1,Monash__bitcoin_dataset_without_missing_values/seed_2211/run_monash_time_unique1000/visualizations/archive_latex.tex
547,0.508108108,0.554600000,\log\left(\left(\mathrm{JacobFro}\right) \cdot \left(\mathrm{MParams}\right)\right) - \left(\mathrm{plain}\right) \cdot \left(\left(\mathrm{MParams}\right)^2\right),Jacob_fro MParams Mul Log plain MParams Square Mul Sub <EOS>,(log((Jacob_fro * MParams)) - (plain * square(MParams))),0.554600000,0.427500000,165,9,4,2058,run_monash_time_unique1000,4,1,Monash__bitcoin_dataset_without_missing_values/seed_2058/run_monash_time_unique1000/visualizations/archive_latex.tex
548,0.507207207,0.554600000,\log\left(\left(\mathrm{MParams}\right) \cdot \left(\mathrm{JacobFro}\right)\right) - \left(\left(\mathrm{MParams}\right)^2\right) \cdot \left(\mathrm{plain}\right),MParams Jacob_fro Mul Log MParams Square plain Mul Sub <EOS>,(log((MParams * Jacob_fro)) - (square(MParams) * plain)),0.554600000,0.427500000,133,9,4,2163,run_monash_time_unique1000,10,1,Monash__bitcoin_dataset_without_missing_values/seed_2163/run_monash_time_unique1000/visualizations/archive_latex.tex
549,0.506306306,0.554500000,\frac{\mathrm{GradNorm} - \mathrm{Fisher}}{\sqrt{\log\left(\mathrm{L2Norm}\right)} - \mathrm{MParams}},Grad_Norm Fisher Sub L2-Norm Log Sqrt MParams Sub Div <EOS>,((Grad_Norm - Fisher) / (sqrt(log(L2-Norm)) - MParams)),0.554500000,0.425500000,186,9,5,2098,run_monash_time_unique1000,1,1,Monash__bitcoin_dataset_without_missing_values/seed_2098/run_monash_time_unique1000/visualizations/archive_latex.tex
550,0.505405405,0.554500000,\frac{\mathrm{GradNorm}}{\mathrm{Fisher} - \log\left(\mathrm{GSynFlow}\right) + \mathrm{Snip}},Grad_Norm Fisher GSynFlow Log Sub Snip Add Div <EOS>,(Grad_Norm / ((Fisher - log(GSynFlow)) + Snip)),0.554500000,0.475200000,150,8,5,2162,run_monash_time_unique1000,5,1,Monash__bitcoin_dataset_without_missing_values/seed_2162/run_monash_time_unique1000/visualizations/archive_latex.tex
551,0.504504505,0.554500000,\frac{\mathrm{GradNorm}}{\mathrm{Snip} + \mathrm{Fisher} - \log\left(\mathrm{GSynFlow}\right)},Grad_Norm Snip Fisher GSynFlow Log Sub Add Div <EOS>,(Grad_Norm / (Snip + (Fisher - log(GSynFlow)))),0.554500000,0.475200000,123,8,5,2137,run_monash_time_unique1000,8,1,Monash__bitcoin_dataset_without_missing_values/seed_2137/run_monash_time_unique1000/visualizations/archive_latex.tex
552,0.503603604,0.554300000,\left(\left(-\mathrm{Fisher}\right) \cdot \left(\log\left(\mathrm{MParams}\right)\right)\right) \cdot \left(\mathrm{L2Norm}\right) + \mathrm{L2Norm},Fisher Negative MParams Log Mul L2-Norm Mul L2-Norm Add <EOS>,(((-(Fisher) * log(MParams)) * L2-Norm) + L2-Norm),0.554300000,0.515400000,56,9,5,2212,run_monash_time_unique1000,1,1,Monash__bitcoin_dataset_without_missing_values/seed_2212/run_monash_time_unique1000/visualizations/archive_latex.tex
553,0.502702703,0.554300000,\left(-\mathrm{Fisher}\right) \cdot \left(\left(\mathrm{L2Norm}\right) \cdot \left(\log\left(\mathrm{MParams}\right)\right)\right) + \mathrm{L2Norm},Fisher Negative L2-Norm MParams Log Mul Mul L2-Norm Add <EOS>,((-(Fisher) * (L2-Norm * log(MParams))) + L2-Norm),0.554300000,0.515400000,21,9,5,2156,run_monash_time_unique1000,2,1,Monash__bitcoin_dataset_without_missing_values/seed_2156/run_monash_time_unique1000/visualizations/archive_latex.tex
554,0.501801802,0.554300000,\mathrm{L2Norm} - \left(\mathrm{L2Norm}\right) \cdot \left(\left(\mathrm{Fisher}\right) \cdot \left(\log\left(\mathrm{MParams}\right)\right)\right),L2-Norm L2-Norm Fisher MParams Log Mul Mul Sub <EOS>,(L2-Norm - (L2-Norm * (Fisher * log(MParams)))),0.554300000,0.515400000,44,8,5,2164,run_monash_time_unique1000,9,1,Monash__bitcoin_dataset_without_missing_values/seed_2164/run_monash_time_unique1000/visualizations/archive_latex.tex
555,0.500900901,0.554000000,\left(\mathrm{MParams}\right) \cdot \left(\log\left(\log\left(\mathrm{Fisher}\right)\right)\right) + \sqrt{\mathrm{GradNorm}},MParams Fisher Log Log Mul Grad_Norm Sqrt Add <EOS>,((MParams * log(log(Fisher))) + sqrt(Grad_Norm)),0.554000000,0.408400000,165,8,5,2222,run_monash_time_unique1000,3,1,Monash__bitcoin_dataset_without_missing_values/seed_2222/run_monash_time_unique1000/visualizations/archive_latex.tex
556,0.500000000,0.554000000,\frac{\sqrt{\mathrm{GSynFlow}}}{\sqrt{\log\left(\mathrm{L2Norm}\right)} - \mathrm{MParams}},GSynFlow Sqrt L2-Norm Log Sqrt MParams Sub Div <EOS>,(sqrt(GSynFlow) / (sqrt(log(L2-Norm)) - MParams)),0.554000000,0.413700000,43,8,5,2092,run_monash_time_unique1000,7,1,Monash__bitcoin_dataset_without_missing_values/seed_2092/run_monash_time_unique1000/visualizations/archive_latex.tex
557,0.499099099,0.553800000,\frac{\log\left(\mathrm{GSynFlow}\right)}{\mathrm{GradNorm}} - \mathrm{MParams} + \mathrm{ZiCo},GSynFlow Log Grad_Norm Div MParams Sub ZiCo Add <EOS>,(((log(GSynFlow) / Grad_Norm) - MParams) + ZiCo),0.553800000,0.514900000,59,8,5,2052,run_monash_time_unique1000,10,1,Monash__bitcoin_dataset_without_missing_values/seed_2052/run_monash_time_unique1000/visualizations/archive_latex.tex
558,0.498198198,0.553700000,\frac{\sqrt{\mathrm{GSynFlow}}}{-\log\left(\left(\mathrm{Fisher}\right) \cdot \left(\mathrm{MParams}\right)\right)},GSynFlow Sqrt Fisher MParams Mul Log Negative Div <EOS>,(sqrt(GSynFlow) / -(log((Fisher * MParams)))),0.553700000,0.442400000,36,8,5,2123,run_monash_time_unique1000,1,1,Monash__bitcoin_dataset_without_missing_values/seed_2123/run_monash_time_unique1000/visualizations/archive_latex.tex
559,0.497297297,0.553700000,\frac{-\sqrt{\mathrm{GSynFlow}}}{\log\left(\left(\mathrm{Fisher}\right) \cdot \left(\mathrm{MParams}\right)\right)},GSynFlow Sqrt Negative Fisher MParams Mul Log Div <EOS>,(-(sqrt(GSynFlow)) / log((Fisher * MParams))),0.553700000,0.442400000,97,8,4,2033,run_monash_time_unique1000,2,1,Monash__bitcoin_dataset_without_missing_values/seed_2033/run_monash_time_unique1000/visualizations/archive_latex.tex
560,0.496396396,0.553700000,\frac{-\sqrt{\mathrm{GSynFlow}}}{\log\left(\left(\mathrm{MParams}\right) \cdot \left(\mathrm{Fisher}\right)\right)},GSynFlow Sqrt Negative MParams Fisher Mul Log Div <EOS>,(-(sqrt(GSynFlow)) / log((MParams * Fisher))),0.553700000,0.442400000,72,8,4,2168,run_monash_time_unique1000,2,1,Monash__bitcoin_dataset_without_missing_values/seed_2168/run_monash_time_unique1000/visualizations/archive_latex.tex
561,0.495495495,0.553700000,-\frac{\sqrt{\mathrm{GSynFlow}}}{\log\left(\left(\mathrm{Fisher}\right) \cdot \left(\mathrm{MParams}\right)\right)},GSynFlow Sqrt Fisher MParams Mul Log Div Negative <EOS>,-((sqrt(GSynFlow) / log((Fisher * MParams)))),0.553700000,0.442400000,172,8,5,2104,run_monash_time_unique1000,10,1,Monash__bitcoin_dataset_without_missing_values/seed_2104/run_monash_time_unique1000/visualizations/archive_latex.tex
562,0.494594595,0.553600000,\frac{\frac{\mathrm{GradNorm} + \log\left(\mathrm{GSynFlow}\right)}{\mathrm{GFLOPs}}}{\mathrm{Snip}},Grad_Norm GSynFlow Log Add GFLOPs Div Snip Div <EOS>,(((Grad_Norm + log(GSynFlow)) / GFLOPs) / Snip),0.553600000,0.524900000,30,8,5,2122,run_monash_time_unique1000,6,1,Monash__bitcoin_dataset_without_missing_values/seed_2122/run_monash_time_unique1000/visualizations/archive_latex.tex
563,0.493693694,0.553300000,\frac{\mathrm{GradNorm}}{\sqrt{\log\left(\mathrm{L2Norm}\right)} - \mathrm{MParams}},Grad_Norm L2-Norm Log Sqrt MParams Sub Div <EOS>,(Grad_Norm / (sqrt(log(L2-Norm)) - MParams)),0.553300000,0.425300000,12,7,5,2092,run_monash_time_unique1000,8,1,Monash__bitcoin_dataset_without_missing_values/seed_2092/run_monash_time_unique1000/visualizations/archive_latex.tex
564,0.492792793,0.553300000,\mathrm{GSynFlow} - \frac{\mathrm{GSynFlow}}{\log\left(\left(\mathrm{Fisher}\right) \cdot \left(\mathrm{MParams}\right)\right)},GSynFlow GSynFlow Fisher MParams Mul Log Div Sub <EOS>,(GSynFlow - (GSynFlow / log((Fisher * MParams)))),0.553300000,0.395500000,21,8,5,2118,run_monash_time_unique1000,10,1,Monash__bitcoin_dataset_without_missing_values/seed_2118/run_monash_time_unique1000/visualizations/archive_latex.tex
565,0.491891892,0.553300000,\frac{-\mathrm{GSynFlow}}{\log\left(\left(\mathrm{MParams}\right) \cdot \left(\mathrm{Fisher}\right)\right)} + \mathrm{GSynFlow},GSynFlow Negative MParams Fisher Mul Log Div GSynFlow Add <EOS>,((-(GSynFlow) / log((MParams * Fisher))) + GSynFlow),0.553300000,0.395500000,24,9,5,2191,run_monash_time_unique1000,10,1,Monash__bitcoin_dataset_without_missing_values/seed_2191/run_monash_time_unique1000/visualizations/archive_latex.tex
566,0.490990991,0.553200000,\sqrt{\left(\mathrm{plain}\right) \cdot \left(\mathrm{MParams}\right) - \log\left(\mathrm{GFLOPs} + \mathrm{Snip}\right)},plain MParams Mul GFLOPs Snip Add Log Sub Sqrt <EOS>,sqrt(((plain * MParams) - log((GFLOPs + Snip)))),0.553200000,0.521700000,33,9,5,2139,run_monash_time_unique1000,2,1,Monash__bitcoin_dataset_without_missing_values/seed_2139/run_monash_time_unique1000/visualizations/archive_latex.tex
567,0.490090090,0.553200000,\frac{\frac{\mathrm{Snip}}{\log\left(\mathrm{Jacov}\right) + -\mathrm{GradNorm}}}{\mathrm{plain}},Snip Jacov Log Grad_Norm Negative Add Div plain Div <EOS>,((Snip / (log(Jacov) + -(Grad_Norm))) / plain),0.553200000,0.436600000,188,9,5,2124,run_monash_time_unique1000,9,1,Monash__bitcoin_dataset_without_missing_values/seed_2124/run_monash_time_unique1000/visualizations/archive_latex.tex
568,0.489189189,0.552900000,\left(\mathrm{MParams} + \log\left(\mathrm{GradNorm}\right) - \left(\mathrm{plain}\right) \cdot \left(\mathrm{MParams}\right)\right)^2,MParams Grad_Norm Log plain MParams Mul Sub Add Square <EOS>,square((MParams + (log(Grad_Norm) - (plain * MParams)))),0.552900000,0.461100000,42,9,5,2032,run_monash_time_unique1000,1,1,Monash__bitcoin_dataset_without_missing_values/seed_2032/run_monash_time_unique1000/visualizations/archive_latex.tex
569,0.488288288,0.552900000,\frac{\log\left(\mathrm{Fisher} - \mathrm{GSynFlow}\right)}{\left(\mathrm{MParams}\right)^2} - \mathrm{L2Norm},Fisher GSynFlow Sub Log MParams Square Div L2-Norm Sub <EOS>,((log((Fisher - GSynFlow)) / square(MParams)) - L2-Norm),0.552900000,0.472400000,28,9,5,2091,run_monash_time_unique1000,2,2,Monash__bitcoin_dataset_without_missing_values/seed_2091/run_monash_time_unique1000/visualizations/archive_latex.tex
570,0.487387387,0.552900000,\sqrt{\left(\mathrm{plain}\right) \cdot \left(\mathrm{MParams}\right) - \log\left(\mathrm{GradNorm}\right) + \mathrm{MParams}},plain MParams Mul Grad_Norm Log MParams Add Sub Sqrt <EOS>,sqrt(((plain * MParams) - (log(Grad_Norm) + MParams))),0.552900000,0.461100000,74,9,5,2144,run_monash_time_unique1000,2,1,Monash__bitcoin_dataset_without_missing_values/seed_2144/run_monash_time_unique1000/visualizations/archive_latex.tex
571,0.486486486,0.552900000,\frac{\log\left(\mathrm{GSynFlow} - \mathrm{Fisher}\right)}{\left(\mathrm{MParams}\right)^2} - \mathrm{L2Norm},GSynFlow Fisher Sub Log MParams Square Div L2-Norm Sub <EOS>,((log((GSynFlow - Fisher)) / square(MParams)) - L2-Norm),0.552900000,0.472400000,114,9,5,2148,run_monash_time_unique1000,2,1,Monash__bitcoin_dataset_without_missing_values/seed_2148/run_monash_time_unique1000/visualizations/archive_latex.tex
572,0.485585586,0.552900000,\log\left(\log\left(\mathrm{GradNorm}\right) - \left(\mathrm{plain}\right) \cdot \left(\mathrm{MParams}\right) - \mathrm{MParams}\right),Grad_Norm Log plain MParams Mul MParams Sub Sub Log <EOS>,log((log(Grad_Norm) - ((plain * MParams) - MParams))),0.552900000,0.461100000,85,9,5,2057,run_monash_time_unique1000,3,1,Monash__bitcoin_dataset_without_missing_values/seed_2057/run_monash_time_unique1000/visualizations/archive_latex.tex
573,0.484684685,0.552900000,\sqrt{\log\left(\mathrm{GradNorm}\right) + \mathrm{MParams} - \left(\mathrm{MParams}\right) \cdot \left(\mathrm{plain}\right)},Grad_Norm Log MParams Add MParams plain Mul Sub Sqrt <EOS>,sqrt(((log(Grad_Norm) + MParams) - (MParams * plain))),0.552900000,0.461100000,39,9,5,2044,run_monash_time_unique1000,8,1,Monash__bitcoin_dataset_without_missing_values/seed_2044/run_monash_time_unique1000/visualizations/archive_latex.tex
574,0.483783784,0.552800000,\log\left(\left(\mathrm{MParams}\right) \cdot \left(\mathrm{Snip}\right)\right) - \left(\left(\mathrm{plain}\right) \cdot \left(\mathrm{MParams}\right)\right)^2,MParams Snip Mul Log plain MParams Mul Square Sub <EOS>,(log((MParams * Snip)) - square((plain * MParams))),0.552800000,0.514300000,94,9,4,2132,run_monash_time_unique1000,5,2,Monash__bitcoin_dataset_without_missing_values/seed_2132/run_monash_time_unique1000/visualizations/archive_latex.tex
575,0.482882883,0.552800000,\frac{\log\left(\mathrm{GSynFlow}\right) - \left(\sqrt{\mathrm{Snip}}\right)^2}{\mathrm{GradNorm}},GSynFlow Log Snip Sqrt Square Sub Grad_Norm Div <EOS>,((log(GSynFlow) - square(sqrt(Snip))) / Grad_Norm),0.552800000,0.471900000,66,8,5,2132,run_monash_time_unique1000,6,1,Monash__bitcoin_dataset_without_missing_values/seed_2132/run_monash_time_unique1000/visualizations/archive_latex.tex
576,0.481981982,0.552800000,\frac{\mathrm{GradNorm}}{-\log\left(\mathrm{GSynFlow}\right) + \mathrm{Snip}},Grad_Norm GSynFlow Log Negative Snip Add Div <EOS>,(Grad_Norm / (-(log(GSynFlow)) + Snip)),0.552800000,0.471900000,108,7,5,2162,run_monash_time_unique1000,6,1,Monash__bitcoin_dataset_without_missing_values/seed_2162/run_monash_time_unique1000/visualizations/archive_latex.tex
577,0.481081081,0.552800000,\frac{\mathrm{L2Norm}}{\sqrt{\log\left(\left(\mathrm{GradNorm}\right) \cdot \left(\left(\mathrm{MParams}\right) \cdot \left(\mathrm{ZiCo}\right)\right)\right)}},L2-Norm Grad_Norm MParams ZiCo Mul Mul Log Sqrt Div <EOS>,(L2-Norm / sqrt(log((Grad_Norm * (MParams * ZiCo))))),0.552800000,0.529200000,195,9,6,2219,run_monash_time_unique1000,8,1,Monash__bitcoin_dataset_without_missing_values/seed_2219/run_monash_time_unique1000/visualizations/archive_latex.tex
578,0.480180180,0.552800000,\frac{\mathrm{GradNorm}}{\mathrm{Snip} + -\log\left(\mathrm{GSynFlow}\right)},Grad_Norm Snip GSynFlow Log Negative Add Div <EOS>,(Grad_Norm / (Snip + -(log(GSynFlow)))),0.552800000,0.471900000,144,7,5,2137,run_monash_time_unique1000,9,1,Monash__bitcoin_dataset_without_missing_values/seed_2137/run_monash_time_unique1000/visualizations/archive_latex.tex
579,0.479279279,0.552800000,\frac{\log\left(\mathrm{GSynFlow}\right) - \mathrm{Snip}}{\mathrm{GradNorm}},GSynFlow Log Snip Sub Grad_Norm Div <EOS>,((log(GSynFlow) - Snip) / Grad_Norm),0.552800000,0.471900000,75,6,4,2111,run_monash_time_unique1000,10,1,Monash__bitcoin_dataset_without_missing_values/seed_2111/run_monash_time_unique1000/visualizations/archive_latex.tex
580,0.478378378,0.552500000,\log\left(\left(\mathrm{Fisher}\right) \cdot \left(\left(\mathrm{MParams}\right)^2\right) - \log\left(\mathrm{Snip}\right)\right),Fisher MParams Square Mul Snip Log Sub Log <EOS>,log(((Fisher * square(MParams)) - log(Snip))),0.552500000,0.493000000,53,8,5,2180,run_monash_time_unique1000,1,1,Monash__bitcoin_dataset_without_missing_values/seed_2180/run_monash_time_unique1000/visualizations/archive_latex.tex
581,0.477477477,0.552500000,\left(\left(\left(\mathrm{MParams}\right)^2\right) \cdot \left(\mathrm{Fisher}\right) - \log\left(\mathrm{Snip}\right)\right)^2,MParams Square Fisher Mul Snip Log Sub Square <EOS>,square(((square(MParams) * Fisher) - log(Snip))),0.552500000,0.493000000,41,8,5,2069,run_monash_time_unique1000,3,1,Monash__bitcoin_dataset_without_missing_values/seed_2069/run_monash_time_unique1000/visualizations/archive_latex.tex
582,0.476576577,0.552500000,\left(\left(\mathrm{Fisher}\right) \cdot \left(\left(\mathrm{MParams}\right)^2\right) - \log\left(\mathrm{Snip}\right)\right)^2,Fisher MParams Square Mul Snip Log Sub Square <EOS>,square(((Fisher * square(MParams)) - log(Snip))),0.552500000,0.493000000,82,8,5,2144,run_monash_time_unique1000,3,1,Monash__bitcoin_dataset_without_missing_values/seed_2144/run_monash_time_unique1000/visualizations/archive_latex.tex
583,0.475675676,0.552500000,\left(\log\left(\mathrm{Snip}\right) - \left(\left(\mathrm{MParams}\right)^2\right) \cdot \left(\mathrm{Fisher}\right)\right)^2,Snip Log MParams Square Fisher Mul Sub Square <EOS>,square((log(Snip) - (square(MParams) * Fisher))),0.552500000,0.493000000,17,8,5,2048,run_monash_time_unique1000,8,3,Monash__bitcoin_dataset_without_missing_values/seed_2048/run_monash_time_unique1000/visualizations/archive_latex.tex
584,0.474774775,0.552500000,\sqrt{\log\left(\mathrm{Snip}\right) - \left(\left(\mathrm{MParams}\right)^2\right) \cdot \left(\mathrm{Fisher}\right)},Snip Log MParams Square Fisher Mul Sub Sqrt <EOS>,sqrt((log(Snip) - (square(MParams) * Fisher))),0.552500000,0.493000000,93,8,5,2167,run_monash_time_unique1000,8,3,Monash__bitcoin_dataset_without_missing_values/seed_2167/run_monash_time_unique1000/visualizations/archive_latex.tex
585,0.473873874,0.552500000,\sqrt{\log\left(\mathrm{Snip}\right) - \left(\mathrm{Fisher}\right) \cdot \left(\left(\mathrm{MParams}\right)^2\right)},Snip Log Fisher MParams Square Mul Sub Sqrt <EOS>,sqrt((log(Snip) - (Fisher * square(MParams)))),0.552500000,0.493000000,49,8,5,2044,run_monash_time_unique1000,9,2,Monash__bitcoin_dataset_without_missing_values/seed_2044/run_monash_time_unique1000/visualizations/archive_latex.tex
586,0.472972973,0.552500000,\log\left(\log\left(\mathrm{Snip}\right) - \left(\mathrm{Fisher}\right) \cdot \left(\left(\mathrm{MParams}\right)^2\right)\right),Snip Log Fisher MParams Square Mul Sub Log <EOS>,log((log(Snip) - (Fisher * square(MParams)))),0.552500000,0.493000000,130,8,5,2159,run_monash_time_unique1000,9,1,Monash__bitcoin_dataset_without_missing_values/seed_2159/run_monash_time_unique1000/visualizations/archive_latex.tex
587,0.472072072,0.552500000,\log\left(\log\left(\mathrm{Snip}\right) + \left(\left(\mathrm{MParams}\right)^2\right) \cdot \left(-\mathrm{Fisher}\right)\right),Snip Log MParams Square Fisher Negative Mul Add Log <EOS>,log((log(Snip) + (square(MParams) * -(Fisher)))),0.552500000,0.493000000,171,9,5,2216,run_monash_time_unique1000,9,1,Monash__bitcoin_dataset_without_missing_values/seed_2216/run_monash_time_unique1000/visualizations/archive_latex.tex
588,0.471171171,0.552500000,\left(\log\left(\mathrm{Snip}\right) - \left(\mathrm{Fisher}\right) \cdot \left(\left(\mathrm{MParams}\right)^2\right)\right)^2,Snip Log Fisher MParams Square Mul Sub Square <EOS>,square((log(Snip) - (Fisher * square(MParams)))),0.552500000,0.493000000,52,8,5,2151,run_monash_time_unique1000,10,1,Monash__bitcoin_dataset_without_missing_values/seed_2151/run_monash_time_unique1000/visualizations/archive_latex.tex
589,0.470270270,0.552000000,\left(\mathrm{Snip}\right) \cdot \left(\frac{\mathrm{GSynFlow}}{-\log\left(\left(\mathrm{Fisher}\right) \cdot \left(\mathrm{MParams}\right)\right)}\right),Snip GSynFlow Fisher MParams Mul Log Negative Div Mul <EOS>,(Snip * (GSynFlow / -(log((Fisher * MParams))))),0.552000000,0.448100000,15,9,6,2123,run_monash_time_unique1000,2,1,Monash__bitcoin_dataset_without_missing_values/seed_2123/run_monash_time_unique1000/visualizations/archive_latex.tex
590,0.469369369,0.552000000,\mathrm{GradNorm} + \left(-\left(\mathrm{MParams}\right)^2\right) \cdot \left(\mathrm{GradNorm}\right) + \mathrm{L2Norm},Grad_Norm MParams Square Negative Grad_Norm Mul Add L2-Norm Add <EOS>,((Grad_Norm + (-(square(MParams)) * Grad_Norm)) + L2-Norm),0.552000000,0.452200000,148,9,6,2200,run_monash_time_unique1000,2,1,Monash__bitcoin_dataset_without_missing_values/seed_2200/run_monash_time_unique1000/visualizations/archive_latex.tex
591,0.468468468,0.552000000,\mathrm{L2Norm} + \mathrm{GradNorm} - \left(\left(\mathrm{MParams}\right)^2\right) \cdot \left(\mathrm{GradNorm}\right),L2-Norm Grad_Norm Add MParams Square Grad_Norm Mul Sub <EOS>,((L2-Norm + Grad_Norm) - (square(MParams) * Grad_Norm)),0.552000000,0.452200000,164,8,4,2145,run_monash_time_unique1000,8,1,Monash__bitcoin_dataset_without_missing_values/seed_2145/run_monash_time_unique1000/visualizations/archive_latex.tex
592,0.467567568,0.551800000,\sqrt{\left(\mathrm{GFLOPs}\right) \cdot \left(\mathrm{GradNorm}\right)} - \left(\left(\mathrm{MParams}\right) \cdot \left(\mathrm{plain}\right)\right)^2,GFLOPs Grad_Norm Mul Sqrt MParams plain Mul Square Sub <EOS>,(sqrt((GFLOPs * Grad_Norm)) - square((MParams * plain))),0.551800000,0.495700000,29,9,4,2046,run_monash_time_unique1000,10,1,Monash__bitcoin_dataset_without_missing_values/seed_2046/run_monash_time_unique1000/visualizations/archive_latex.tex
593,0.466666667,0.551700000,\frac{\mathrm{Snip} + \mathrm{MParams}}{\log\left(\mathrm{L2Norm}\right) - \left(\mathrm{MParams}\right)^2},Snip MParams Add L2-Norm Log MParams Square Sub Div <EOS>,((Snip + MParams) / (log(L2-Norm) - square(MParams))),0.551700000,0.427000000,112,9,4,2050,run_monash_time_unique1000,1,1,Monash__bitcoin_dataset_without_missing_values/seed_2050/run_monash_time_unique1000/visualizations/archive_latex.tex
594,0.465765766,0.551700000,\left(\mathrm{MParams}\right) \cdot \left(\sqrt{\mathrm{GradNorm}} - \left(\left(\mathrm{MParams}\right) \cdot \left(\mathrm{plain}\right)\right)^2\right),MParams Grad_Norm Sqrt MParams plain Mul Square Sub Mul <EOS>,(MParams * (sqrt(Grad_Norm) - square((MParams * plain)))),0.551700000,0.512100000,118,9,5,2161,run_monash_time_unique1000,3,1,Monash__bitcoin_dataset_without_missing_values/seed_2161/run_monash_time_unique1000/visualizations/archive_latex.tex
595,0.464864865,0.551600000,\left(\log\left(\log\left(\mathrm{JacobFro}\right)\right) - \mathrm{MParams}\right) \cdot \left(\mathrm{GradNorm} + \mathrm{GSynFlow}\right),Jacob_fro Log Log MParams Sub Grad_Norm GSynFlow Add Mul <EOS>,((log(log(Jacob_fro)) - MParams) * (Grad_Norm + GSynFlow)),0.551600000,0.409800000,64,9,5,2098,run_monash_time_unique1000,2,1,Monash__bitcoin_dataset_without_missing_values/seed_2098/run_monash_time_unique1000/visualizations/archive_latex.tex
596,0.463963964,0.551600000,\log\left(\left(\mathrm{MParams}\right)^2\right) - \left(\log\left(\mathrm{MParams}\right)\right) \cdot \left(\sqrt{\mathrm{GradNorm}}\right),MParams Square Log MParams Log Grad_Norm Sqrt Mul Sub <EOS>,(log(square(MParams)) - (log(MParams) * sqrt(Grad_Norm))),0.551600000,0.474000000,87,9,4,2202,run_monash_time_unique1000,2,1,Monash__bitcoin_dataset_without_missing_values/seed_2202/run_monash_time_unique1000/visualizations/archive_latex.tex
597,0.463063063,0.551300000,\left(\left(-\mathrm{Fisher}\right) \cdot \left(\log\left(\mathrm{MParams}\right)\right)\right) \cdot \left(\mathrm{Snip}\right) + \mathrm{L2Norm},Fisher Negative MParams Log Mul Snip Mul L2-Norm Add <EOS>,(((-(Fisher) * log(MParams)) * Snip) + L2-Norm),0.551300000,0.519100000,81,9,5,2212,run_monash_time_unique1000,2,1,Monash__bitcoin_dataset_without_missing_values/seed_2212/run_monash_time_unique1000/visualizations/archive_latex.tex
598,0.462162162,0.551300000,\left(-\mathrm{Fisher}\right) \cdot \left(\left(\mathrm{Snip}\right) \cdot \left(\log\left(\mathrm{MParams}\right)\right)\right) + \mathrm{L2Norm},Fisher Negative Snip MParams Log Mul Mul L2-Norm Add <EOS>,((-(Fisher) * (Snip * log(MParams))) + L2-Norm),0.551300000,0.519100000,21,9,5,2156,run_monash_time_unique1000,3,1,Monash__bitcoin_dataset_without_missing_values/seed_2156/run_monash_time_unique1000/visualizations/archive_latex.tex
599,0.461261261,0.551300000,\mathrm{L2Norm} - \left(\mathrm{Snip}\right) \cdot \left(\left(\mathrm{Fisher}\right) \cdot \left(\log\left(\mathrm{MParams}\right)\right)\right),L2-Norm Snip Fisher MParams Log Mul Mul Sub <EOS>,(L2-Norm - (Snip * (Fisher * log(MParams)))),0.551300000,0.519100000,35,8,5,2164,run_monash_time_unique1000,10,1,Monash__bitcoin_dataset_without_missing_values/seed_2164/run_monash_time_unique1000/visualizations/archive_latex.tex
600,0.460360360,0.551200000,\mathrm{GSynFlow} + \mathrm{GSynFlow} + \left(\mathrm{GSynFlow}\right) \cdot \left(-\mathrm{MParams}\right),GSynFlow GSynFlow GSynFlow MParams Negative Mul Add Add <EOS>,(GSynFlow + (GSynFlow + (GSynFlow * -(MParams)))),0.551200000,0.448100000,167,8,5,2054,run_monash_time_unique1000,1,1,Monash__bitcoin_dataset_without_missing_values/seed_2054/run_monash_time_unique1000/visualizations/archive_latex.tex
601,0.459459459,0.551100000,\frac{-\mathrm{plain}}{\left(\log\left(\mathrm{GFLOPs}\right)\right) \cdot \left(\mathrm{Fisher}\right) - \mathrm{plain}},plain Negative GFLOPs Log Fisher Mul plain Sub Div <EOS>,(-(plain) / ((log(GFLOPs) * Fisher) - plain)),0.551100000,0.532500000,108,9,5,2103,run_monash_time_unique1000,1,1,Monash__bitcoin_dataset_without_missing_values/seed_2103/run_monash_time_unique1000/visualizations/archive_latex.tex
602,0.458558559,0.550700000,\left(\mathrm{GradNorm} + \mathrm{L2Norm} - \left(\mathrm{GradNorm}\right) \cdot \left(\left(\mathrm{MParams}\right)^2\right)\right)^2,Grad_Norm L2-Norm Add Grad_Norm MParams Square Mul Sub Square <EOS>,square(((Grad_Norm + L2-Norm) - (Grad_Norm * square(MParams)))),0.550700000,0.444500000,71,9,5,2044,run_monash_time_unique1000,10,1,Monash__bitcoin_dataset_without_missing_values/seed_2044/run_monash_time_unique1000/visualizations/archive_latex.tex
603,0.457657658,0.550500000,\frac{\log\left(\mathrm{ZiCo} - \mathrm{MParams}\right) + \mathrm{GradNorm}}{\mathrm{Snip}},ZiCo MParams Sub Log Grad_Norm Add Snip Div <EOS>,((log((ZiCo - MParams)) + Grad_Norm) / Snip),0.550500000,0.479000000,29,8,5,2069,run_monash_time_unique1000,4,1,Monash__bitcoin_dataset_without_missing_values/seed_2069/run_monash_time_unique1000/visualizations/archive_latex.tex
604,0.456756757,0.550500000,\frac{\log\left(\mathrm{Fisher}\right)}{\mathrm{GFLOPs}} - \left(\left(\mathrm{MParams}\right)^2\right) \cdot \left(\mathrm{Fisher}\right),Fisher Log GFLOPs Div MParams Square Fisher Mul Sub <EOS>,((log(Fisher) / GFLOPs) - (square(MParams) * Fisher)),0.550500000,0.536900000,149,9,4,2048,run_monash_time_unique1000,9,1,Monash__bitcoin_dataset_without_missing_values/seed_2048/run_monash_time_unique1000/visualizations/archive_latex.tex
605,0.455855856,0.550500000,\frac{\log\left(\mathrm{Fisher}\right)}{\mathrm{GFLOPs}} - \left(\mathrm{Fisher}\right) \cdot \left(\left(\mathrm{MParams}\right)^2\right),Fisher Log GFLOPs Div Fisher MParams Square Mul Sub <EOS>,((log(Fisher) / GFLOPs) - (Fisher * square(MParams))),0.550500000,0.536900000,132,9,4,2159,run_monash_time_unique1000,10,1,Monash__bitcoin_dataset_without_missing_values/seed_2159/run_monash_time_unique1000/visualizations/archive_latex.tex
606,0.454954955,0.550400000,\frac{-\mathrm{JacobFro}}{\left(\mathrm{MParams}\right) \cdot \left(\mathrm{Fisher}\right) - \sqrt{\mathrm{plain}}},Jacob_fro Negative MParams Fisher Mul plain Sqrt Sub Div <EOS>,(-(Jacob_fro) / ((MParams * Fisher) - sqrt(plain))),0.550400000,0.461700000,101,9,4,2103,run_monash_time_unique1000,2,1,Monash__bitcoin_dataset_without_missing_values/seed_2103/run_monash_time_unique1000/visualizations/archive_latex.tex
607,0.454054054,0.550300000,\frac{\mathrm{GradNorm}}{\log\left(\frac{\sqrt{\mathrm{GraSP}}}{\mathrm{GSynFlow}}\right) + \mathrm{Snip}},Grad_Norm GraSP Sqrt GSynFlow Div Log Snip Add Div <EOS>,(Grad_Norm / (log((sqrt(GraSP) / GSynFlow)) + Snip)),0.550300000,0.472300000,37,9,6,2162,run_monash_time_unique1000,7,1,Monash__bitcoin_dataset_without_missing_values/seed_2162/run_monash_time_unique1000/visualizations/archive_latex.tex
608,0.453153153,0.550300000,\frac{\sqrt{\mathrm{GSynFlow}}}{\log\left(\mathrm{L2Norm}\right) - \left(\mathrm{MParams}\right)^2},GSynFlow Sqrt L2-Norm Log MParams Square Sub Div <EOS>,(sqrt(GSynFlow) / (log(L2-Norm) - square(MParams))),0.550300000,0.426400000,43,8,4,2092,run_monash_time_unique1000,9,1,Monash__bitcoin_dataset_without_missing_values/seed_2092/run_monash_time_unique1000/visualizations/archive_latex.tex
609,0.452252252,0.550100000,\frac{-\mathrm{JacobFro}}{\log\left(\left(\mathrm{Fisher}\right) \cdot \left(\mathrm{MParams} - \mathrm{ZiCo}\right)\right)},Jacob_fro Negative Fisher MParams ZiCo Sub Mul Log Div <EOS>,(-(Jacob_fro) / log((Fisher * (MParams - ZiCo)))),0.550100000,0.495400000,112,9,5,2033,run_monash_time_unique1000,3,1,Monash__bitcoin_dataset_without_missing_values/seed_2033/run_monash_time_unique1000/visualizations/archive_latex.tex
610,0.451351351,0.549900000,\frac{\mathrm{MParams}}{\left(\log\left(\left(\mathrm{GradNorm}\right) \cdot \left(\left(\mathrm{MParams}\right) \cdot \left(\mathrm{ZiCo}\right)\right)\right)\right)^2},MParams Grad_Norm MParams ZiCo Mul Mul Log Square Div <EOS>,(MParams / square(log((Grad_Norm * (MParams * ZiCo))))),0.549900000,0.529400000,194,9,6,2219,run_monash_time_unique1000,9,1,Monash__bitcoin_dataset_without_missing_values/seed_2219/run_monash_time_unique1000/visualizations/archive_latex.tex
611,0.450450450,0.549400000,\frac{\mathrm{GradNorm}}{\mathrm{Snip} + \mathrm{ZiCo} - \log\left(\mathrm{GSynFlow}\right)},Grad_Norm Snip ZiCo GSynFlow Log Sub Add Div <EOS>,(Grad_Norm / (Snip + (ZiCo - log(GSynFlow)))),0.549400000,0.476400000,122,8,5,2137,run_monash_time_unique1000,10,1,Monash__bitcoin_dataset_without_missing_values/seed_2137/run_monash_time_unique1000/visualizations/archive_latex.tex
612,0.449549550,0.549200000,\frac{\left(\mathrm{GradNorm}\right) \cdot \left(\mathrm{ZiCo}\right)}{\sqrt{\log\left(\mathrm{L2Norm}\right)} - \mathrm{MParams}},Grad_Norm ZiCo Mul L2-Norm Log Sqrt MParams Sub Div <EOS>,((Grad_Norm * ZiCo) / (sqrt(log(L2-Norm)) - MParams)),0.549200000,0.419800000,170,9,5,2050,run_monash_time_unique1000,2,1,Monash__bitcoin_dataset_without_missing_values/seed_2050/run_monash_time_unique1000/visualizations/archive_latex.tex
613,0.448648649,0.549200000,\frac{\log\left(\mathrm{Jacov}\right) - \mathrm{Snip}}{\log\left(\left(\mathrm{GFLOPs}\right) \cdot \left(\mathrm{ZiCo}\right)\right)},Jacov Log Snip Sub GFLOPs ZiCo Mul Log Div <EOS>,((log(Jacov) - Snip) / log((GFLOPs * ZiCo))),0.549200000,0.506300000,103,9,4,2196,run_monash_time_unique1000,5,1,Monash__bitcoin_dataset_without_missing_values/seed_2196/run_monash_time_unique1000/visualizations/archive_latex.tex
614,0.447747748,0.548700000,\frac{\mathrm{GradNorm} - \mathrm{ZiCo}}{\sqrt{\log\left(\mathrm{L2Norm}\right)} - \mathrm{MParams}},Grad_Norm ZiCo Sub L2-Norm Log Sqrt MParams Sub Div <EOS>,((Grad_Norm - ZiCo) / (sqrt(log(L2-Norm)) - MParams)),0.548700000,0.423400000,169,9,5,2050,run_monash_time_unique1000,3,1,Monash__bitcoin_dataset_without_missing_values/seed_2050/run_monash_time_unique1000/visualizations/archive_latex.tex
615,0.446846847,0.548500000,\frac{-\sqrt{\mathrm{GSynFlow}}}{\log\left(\left(\sqrt{\mathrm{MParams}}\right) \cdot \left(\mathrm{Fisher}\right)\right)},GSynFlow Sqrt Negative MParams Sqrt Fisher Mul Log Div <EOS>,(-(sqrt(GSynFlow)) / log((sqrt(MParams) * Fisher))),0.548500000,0.393400000,131,9,5,2168,run_monash_time_unique1000,3,1,Monash__bitcoin_dataset_without_missing_values/seed_2168/run_monash_time_unique1000/visualizations/archive_latex.tex
616,0.445945946,0.548300000,\mathrm{GradNorm} + \log\left(\mathrm{GSynFlow}\right) - \left(\left(\mathrm{GFLOPs}\right) \cdot \left(\mathrm{Fisher}\right)\right)^2,Grad_Norm GSynFlow Log Add GFLOPs Fisher Mul Square Sub <EOS>,((Grad_Norm + log(GSynFlow)) - square((GFLOPs * Fisher))),0.548300000,0.493900000,84,9,4,2133,run_monash_time_unique1000,4,1,Monash__bitcoin_dataset_without_missing_values/seed_2133/run_monash_time_unique1000/visualizations/archive_latex.tex
617,0.445045045,0.548300000,\mathrm{GradNorm} + \log\left(\mathrm{GSynFlow}\right) - \left(\left(\mathrm{Fisher}\right) \cdot \left(\mathrm{GFLOPs}\right)\right)^2,Grad_Norm GSynFlow Log Fisher GFLOPs Mul Square Sub Add <EOS>,(Grad_Norm + (log(GSynFlow) - square((Fisher * GFLOPs)))),0.548300000,0.493900000,60,9,5,2150,run_monash_time_unique1000,4,1,Monash__bitcoin_dataset_without_missing_values/seed_2150/run_monash_time_unique1000/visualizations/archive_latex.tex
618,0.444144144,0.548100000,\frac{\mathrm{Snip}}{-\mathrm{GFLOPs} - \log\left(\left(\mathrm{GFLOPs}\right) \cdot \left(\mathrm{L2Norm}\right)\right)},Snip GFLOPs GFLOPs L2-Norm Mul Log Sub Negative Div <EOS>,(Snip / -((GFLOPs - log((GFLOPs * L2-Norm))))),0.548100000,0.562300000,101,9,6,2109,run_monash_time_unique1000,1,1,Monash__bitcoin_dataset_without_missing_values/seed_2109/run_monash_time_unique1000/visualizations/archive_latex.tex
619,0.443243243,0.548100000,\frac{\mathrm{Snip}}{\log\left(\mathrm{L2Norm}\right) - \left(\mathrm{MParams}\right) \cdot \left(\mathrm{MParams}\right)},Snip L2-Norm Log MParams MParams Mul Sub Div <EOS>,(Snip / (log(L2-Norm) - (MParams * MParams))),0.548100000,0.425300000,58,8,4,2158,run_monash_time_unique1000,1,1,Monash__bitcoin_dataset_without_missing_values/seed_2158/run_monash_time_unique1000/visualizations/archive_latex.tex
620,0.442342342,0.548100000,\frac{\mathrm{Snip}}{\log\left(\left(\mathrm{GFLOPs}\right) \cdot \left(\mathrm{L2Norm}\right)\right) - \mathrm{GFLOPs}},Snip GFLOPs L2-Norm Mul Log GFLOPs Sub Div <EOS>,(Snip / (log((GFLOPs * L2-Norm)) - GFLOPs)),0.548100000,0.562300000,10,8,5,2155,run_monash_time_unique1000,3,1,Monash__bitcoin_dataset_without_missing_values/seed_2155/run_monash_time_unique1000/visualizations/archive_latex.tex
621,0.441441441,0.548100000,\frac{\mathrm{Snip}}{\log\left(\mathrm{L2Norm}\right) - \left(\mathrm{MParams}\right)^2},Snip L2-Norm Log MParams Square Sub Div <EOS>,(Snip / (log(L2-Norm) - square(MParams))),0.548100000,0.425300000,113,7,4,2050,run_monash_time_unique1000,4,1,Monash__bitcoin_dataset_without_missing_values/seed_2050/run_monash_time_unique1000/visualizations/archive_latex.tex
622,0.440540541,0.547900000,\log\left(\left(\log\left(\mathrm{GFLOPs}\right)\right) \cdot \left(\mathrm{GradNorm}\right)\right) - \left(\mathrm{plain}\right) \cdot \left(\mathrm{MParams}\right),GFLOPs Log Grad_Norm Mul Log plain MParams Mul Sub <EOS>,(log((log(GFLOPs) * Grad_Norm)) - (plain * MParams)),0.547900000,0.541600000,128,9,5,2220,run_monash_time_unique1000,3,2,Monash__bitcoin_dataset_without_missing_values/seed_2220/run_monash_time_unique1000/visualizations/archive_latex.tex
623,0.439639640,0.547900000,\log\left(\left(\mathrm{GradNorm}\right) \cdot \left(\log\left(\mathrm{GFLOPs}\right)\right)\right) - \left(\mathrm{plain}\right) \cdot \left(\mathrm{MParams}\right),Grad_Norm GFLOPs Log Mul Log plain MParams Mul Sub <EOS>,(log((Grad_Norm * log(GFLOPs))) - (plain * MParams)),0.547900000,0.541600000,124,9,5,2210,run_monash_time_unique1000,7,1,Monash__bitcoin_dataset_without_missing_values/seed_2210/run_monash_time_unique1000/visualizations/archive_latex.tex
624,0.438738739,0.547900000,\frac{\frac{\log\left(\mathrm{GSynFlow}\right) + \mathrm{GradNorm}}{\mathrm{GradNorm}}}{\mathrm{MParams}},GSynFlow Log Grad_Norm Add Grad_Norm Div MParams Div <EOS>,(((log(GSynFlow) + Grad_Norm) / Grad_Norm) / MParams),0.547900000,0.509300000,143,8,5,2210,run_monash_time_unique1000,8,1,Monash__bitcoin_dataset_without_missing_values/seed_2210/run_monash_time_unique1000/visualizations/archive_latex.tex
625,0.437837838,0.547600000,\left(\sqrt{\mathrm{MParams}} - \mathrm{MParams}\right) \cdot \left(\log\left(\left(\mathrm{MParams}\right) \cdot \left(\mathrm{plain}\right)\right)\right),MParams Sqrt MParams Sub MParams plain Mul Log Mul <EOS>,((sqrt(MParams) - MParams) * log((MParams * plain))),0.547600000,0.402700000,183,9,4,2182,run_monash_time_unique1000,2,1,Monash__bitcoin_dataset_without_missing_values/seed_2182/run_monash_time_unique1000/visualizations/archive_latex.tex
626,0.436936937,0.547500000,\frac{\left(\mathrm{Snip}\right)^2}{\sqrt{\log\left(\mathrm{Jacov}\right)} - \left(\mathrm{MParams}\right)^2},Snip Square Jacov Log Sqrt MParams Square Sub Div <EOS>,(square(Snip) / (sqrt(log(Jacov)) - square(MParams))),0.547500000,0.442900000,40,9,5,2092,run_monash_time_unique1000,10,1,Monash__bitcoin_dataset_without_missing_values/seed_2092/run_monash_time_unique1000/visualizations/archive_latex.tex
627,0.436036036,0.547500000,\frac{\left(\mathrm{Snip}\right)^2}{\sqrt{\log\left(\mathrm{L2Norm}\right)} - \mathrm{MParams}},Snip Square L2-Norm Log Sqrt MParams Sub Div <EOS>,(square(Snip) / (sqrt(log(L2-Norm)) - MParams)),0.547500000,0.434800000,183,8,5,2124,run_monash_time_unique1000,10,1,Monash__bitcoin_dataset_without_missing_values/seed_2124/run_monash_time_unique1000/visualizations/archive_latex.tex
628,0.435135135,0.547200000,\frac{\log\left(\sqrt{\mathrm{GSynFlow}}\right)}{\left(\mathrm{MParams}\right) \cdot \left(\mathrm{Fisher}\right)} - \mathrm{L2Norm},GSynFlow Sqrt Log MParams Fisher Mul Div L2-Norm Sub <EOS>,((log(sqrt(GSynFlow)) / (MParams * Fisher)) - L2-Norm),0.547200000,0.482700000,108,9,5,2087,run_monash_time_unique1000,8,1,Monash__bitcoin_dataset_without_missing_values/seed_2087/run_monash_time_unique1000/visualizations/archive_latex.tex
629,0.434234234,0.546900000,\frac{\mathrm{MParams} - \mathrm{GradNorm}}{\log\left(\left(\mathrm{GFLOPs}\right) \cdot \left(\mathrm{ZiCo}\right)\right)},MParams Grad_Norm Sub GFLOPs ZiCo Mul Log Div <EOS>,((MParams - Grad_Norm) / log((GFLOPs * ZiCo))),0.546900000,0.522100000,111,8,4,2196,run_monash_time_unique1000,6,1,Monash__bitcoin_dataset_without_missing_values/seed_2196/run_monash_time_unique1000/visualizations/archive_latex.tex
630,0.433333333,0.546800000,\frac{\log\left(\left(\mathrm{MParams}\right) \cdot \left(\mathrm{GradNorm}\right)\right)}{\left(\mathrm{GFLOPs}\right) \cdot \left(\mathrm{plain}\right)},MParams Grad_Norm Mul Log GFLOPs plain Mul Div <EOS>,(log((MParams * Grad_Norm)) / (GFLOPs * plain)),0.546800000,0.483000000,171,8,4,2172,run_monash_time_unique1000,2,1,Monash__bitcoin_dataset_without_missing_values/seed_2172/run_monash_time_unique1000/visualizations/archive_latex.tex
631,0.432432432,0.546800000,\frac{\log\left(\left(\mathrm{MParams}\right) \cdot \left(\mathrm{GradNorm}\right)\right)}{\left(\mathrm{plain}\right) \cdot \left(\mathrm{GFLOPs}\right)},MParams Grad_Norm Mul Log plain GFLOPs Mul Div <EOS>,(log((MParams * Grad_Norm)) / (plain * GFLOPs)),0.546800000,0.483000000,96,8,4,2132,run_monash_time_unique1000,7,1,Monash__bitcoin_dataset_without_missing_values/seed_2132/run_monash_time_unique1000/visualizations/archive_latex.tex
632,0.431531532,0.546700000,\frac{\sqrt{\mathrm{GFLOPs}} - \mathrm{GradNorm}}{\log\left(\left(\mathrm{GFLOPs}\right) \cdot \left(\mathrm{ZiCo}\right)\right)},GFLOPs Sqrt Grad_Norm Sub GFLOPs ZiCo Mul Log Div <EOS>,((sqrt(GFLOPs) - Grad_Norm) / log((GFLOPs * ZiCo))),0.546700000,0.511600000,149,9,4,2196,run_monash_time_unique1000,7,1,Monash__bitcoin_dataset_without_missing_values/seed_2196/run_monash_time_unique1000/visualizations/archive_latex.tex
633,0.430630631,0.546300000,\frac{\mathrm{Snip}}{-\mathrm{GFLOPs} - \log\left(\frac{\mathrm{L2Norm}}{\mathrm{ZiCo}}\right)},Snip GFLOPs L2-Norm ZiCo Div Log Sub Negative Div <EOS>,(Snip / -((GFLOPs - log((L2-Norm / ZiCo))))),0.546300000,0.546100000,129,9,6,2109,run_monash_time_unique1000,2,1,Monash__bitcoin_dataset_without_missing_values/seed_2109/run_monash_time_unique1000/visualizations/archive_latex.tex
634,0.429729730,0.546300000,\frac{-\mathrm{GSynFlow}}{\log\left(\left(\mathrm{Fisher}\right) \cdot \left(\sqrt{\mathrm{MParams}}\right)\right)},GSynFlow Negative Fisher MParams Sqrt Mul Log Div <EOS>,(-(GSynFlow) / log((Fisher * sqrt(MParams)))),0.546300000,0.402800000,45,8,5,2033,run_monash_time_unique1000,4,1,Monash__bitcoin_dataset_without_missing_values/seed_2033/run_monash_time_unique1000/visualizations/archive_latex.tex
635,0.428828829,0.546300000,\frac{-\mathrm{GSynFlow}}{\log\left(\left(\mathrm{MParams}\right) \cdot \left(\left(\mathrm{Fisher}\right)^2\right)\right)},GSynFlow Negative MParams Fisher Square Mul Log Div <EOS>,(-(GSynFlow) / log((MParams * square(Fisher)))),0.546300000,0.402800000,35,8,5,2168,run_monash_time_unique1000,4,1,Monash__bitcoin_dataset_without_missing_values/seed_2168/run_monash_time_unique1000/visualizations/archive_latex.tex
636,0.427927928,0.546300000,\frac{\mathrm{Snip}}{\log\left(\frac{\mathrm{L2Norm}}{\mathrm{ZiCo}}\right) - \mathrm{GFLOPs}},Snip L2-Norm ZiCo Div Log GFLOPs Sub Div <EOS>,(Snip / (log((L2-Norm / ZiCo)) - GFLOPs)),0.546300000,0.546100000,68,8,5,2153,run_monash_time_unique1000,6,1,Monash__bitcoin_dataset_without_missing_values/seed_2153/run_monash_time_unique1000/visualizations/archive_latex.tex
637,0.427027027,0.546200000,\frac{\frac{\mathrm{plain}}{\mathrm{GSynFlow}}}{\mathrm{GraSP}} - \sqrt{\mathrm{GFLOPs}},plain GSynFlow Div GraSP Div GFLOPs Sqrt Sub <EOS>,(((plain / GSynFlow) / GraSP) - sqrt(GFLOPs)),0.546200000,0.486400000,54,8,4,2224,run_monash_time_unique1000,1,1,Monash__bitcoin_dataset_without_missing_values/seed_2224/run_monash_time_unique1000/visualizations/archive_latex.tex
638,0.426126126,0.546000000,\frac{\log\left(\sqrt{\mathrm{MParams}}\right)}{\mathrm{Fisher}} - \mathrm{MParams} + \mathrm{GFLOPs},MParams Sqrt Log Fisher Div MParams GFLOPs Add Sub <EOS>,((log(sqrt(MParams)) / Fisher) - (MParams + GFLOPs)),0.546000000,0.416800000,190,9,5,2220,run_monash_time_unique1000,4,1,Monash__bitcoin_dataset_without_missing_values/seed_2220/run_monash_time_unique1000/visualizations/archive_latex.tex
639,0.425225225,0.545700000,\log\left(\left(\sqrt{\mathrm{MParams}}\right) \cdot \left(\mathrm{GradNorm}\right)\right) - \left(\mathrm{plain}\right) \cdot \left(\mathrm{MParams}\right),MParams Sqrt Grad_Norm Mul Log plain MParams Mul Sub <EOS>,(log((sqrt(MParams) * Grad_Norm)) - (plain * MParams)),0.545700000,0.537700000,164,9,5,2203,run_monash_time_unique1000,9,1,Monash__bitcoin_dataset_without_missing_values/seed_2203/run_monash_time_unique1000/visualizations/archive_latex.tex
640,0.424324324,0.545300000,\log\left(\mathrm{L2Norm} + \left(\mathrm{GradNorm}\right)^2\right) - \left(\mathrm{MParams}\right) \cdot \left(\mathrm{Fisher}\right),L2-Norm Grad_Norm Square Add Log MParams Fisher Mul Sub <EOS>,(log((L2-Norm + square(Grad_Norm))) - (MParams * Fisher)),0.545300000,0.551700000,54,9,5,2225,run_monash_time_unique1000,9,1,Monash__bitcoin_dataset_without_missing_values/seed_2225/run_monash_time_unique1000/visualizations/archive_latex.tex
641,0.423423423,0.545300000,\log\left(\left(\mathrm{GradNorm}\right)^2 + \mathrm{L2Norm}\right) - \left(\mathrm{MParams}\right) \cdot \left(\mathrm{Fisher}\right),Grad_Norm Square L2-Norm Add Log MParams Fisher Mul Sub <EOS>,(log((square(Grad_Norm) + L2-Norm)) - (MParams * Fisher)),0.545300000,0.551700000,121,9,5,2048,run_monash_time_unique1000,10,1,Monash__bitcoin_dataset_without_missing_values/seed_2048/run_monash_time_unique1000/visualizations/archive_latex.tex
642,0.422522523,0.545200000,\left(\mathrm{ZiCo} - \mathrm{Fisher}\right) \cdot \left(\log\left(\left(\mathrm{GFLOPs}\right) \cdot \left(\mathrm{ZiCo}\right)\right)\right),ZiCo Fisher Sub GFLOPs ZiCo Mul Log Mul <EOS>,((ZiCo - Fisher) * log((GFLOPs * ZiCo))),0.545200000,0.495800000,126,8,4,2196,run_monash_time_unique1000,8,1,Monash__bitcoin_dataset_without_missing_values/seed_2196/run_monash_time_unique1000/visualizations/archive_latex.tex
643,0.421621622,0.545100000,\frac{\mathrm{GFLOPs} - \mathrm{GradNorm}}{\log\left(\left(\mathrm{GFLOPs}\right) \cdot \left(\mathrm{ZiCo}\right)\right)},GFLOPs Grad_Norm Sub GFLOPs ZiCo Mul Log Div <EOS>,((GFLOPs - Grad_Norm) / log((GFLOPs * ZiCo))),0.545100000,0.500100000,113,8,4,2196,run_monash_time_unique1000,9,1,Monash__bitcoin_dataset_without_missing_values/seed_2196/run_monash_time_unique1000/visualizations/archive_latex.tex
644,0.420720721,0.545100000,\frac{\log\left(\mathrm{GSynFlow}\right)}{\mathrm{MParams}} - \left(\mathrm{GFLOPs}\right) \cdot \left(\mathrm{MParams}\right),GSynFlow Log MParams Div GFLOPs MParams Mul Sub <EOS>,((log(GSynFlow) / MParams) - (GFLOPs * MParams)),0.545100000,0.580800000,83,8,4,2215,run_monash_time_unique1000,10,1,Monash__bitcoin_dataset_without_missing_values/seed_2215/run_monash_time_unique1000/visualizations/archive_latex.tex
645,0.419819820,0.544900000,\sqrt{\mathrm{GradNorm}} - \left(\left(\mathrm{MParams}\right)^2\right) \cdot \left(\log\left(\mathrm{plain}\right)\right),Grad_Norm Sqrt MParams Square plain Log Mul Sub <EOS>,(sqrt(Grad_Norm) - (square(MParams) * log(plain))),0.544900000,0.427000000,124,8,4,2038,run_monash_time_unique1000,2,2,Monash__bitcoin_dataset_without_missing_values/seed_2038/run_monash_time_unique1000/visualizations/archive_latex.tex
646,0.418918919,0.544500000,\frac{\log\left(-\mathrm{Fisher}\right)}{\mathrm{GSynFlow}} - \mathrm{GradNorm} + \mathrm{L2Norm},Fisher Negative Log GSynFlow Div Grad_Norm L2-Norm Add Sub <EOS>,((log(-(Fisher)) / GSynFlow) - (Grad_Norm + L2-Norm)),0.544500000,0.445000000,43,9,5,2061,run_monash_time_unique1000,1,1,Monash__bitcoin_dataset_without_missing_values/seed_2061/run_monash_time_unique1000/visualizations/archive_latex.tex
647,0.418018018,0.544500000,\frac{\mathrm{GSynFlow}}{-\log\left(\left(\mathrm{Fisher}\right) \cdot \left(\mathrm{MParams}\right)\right)},GSynFlow Fisher MParams Mul Log Negative Div <EOS>,(GSynFlow / -(log((Fisher * MParams)))),0.544500000,0.454000000,10,7,5,2123,run_monash_time_unique1000,3,1,Monash__bitcoin_dataset_without_missing_values/seed_2123/run_monash_time_unique1000/visualizations/archive_latex.tex
648,0.417117117,0.544500000,-\mathrm{GradNorm} + \frac{\log\left(\mathrm{Fisher}\right)}{\mathrm{GSynFlow}} - \mathrm{L2Norm},Grad_Norm Negative Fisher Log GSynFlow Div Add L2-Norm Sub <EOS>,((-(Grad_Norm) + (log(Fisher) / GSynFlow)) - L2-Norm),0.544500000,0.445000000,27,9,5,2148,run_monash_time_unique1000,3,1,Monash__bitcoin_dataset_without_missing_values/seed_2148/run_monash_time_unique1000/visualizations/archive_latex.tex
649,0.416216216,0.544500000,\frac{-\mathrm{GSynFlow}}{\log\left(\left(\mathrm{Fisher}\right) \cdot \left(\mathrm{MParams}\right)\right)},GSynFlow Negative Fisher MParams Mul Log Div <EOS>,(-(GSynFlow) / log((Fisher * MParams))),0.544500000,0.454000000,26,7,4,2033,run_monash_time_unique1000,5,2,Monash__bitcoin_dataset_without_missing_values/seed_2033/run_monash_time_unique1000/visualizations/archive_latex.tex
650,0.415315315,0.544500000,\frac{-\mathrm{GSynFlow}}{\log\left(\left(\mathrm{MParams}\right) \cdot \left(\mathrm{Fisher}\right)\right)},GSynFlow Negative MParams Fisher Mul Log Div <EOS>,(-(GSynFlow) / log((MParams * Fisher))),0.544500000,0.454000000,29,7,4,2168,run_monash_time_unique1000,5,1,Monash__bitcoin_dataset_without_missing_values/seed_2168/run_monash_time_unique1000/visualizations/archive_latex.tex
651,0.414414414,0.544400000,\frac{\sqrt{\mathrm{GradNorm}}}{\log\left(\left(\mathrm{GFLOPs}\right) \cdot \left(\mathrm{L2Norm}\right)\right) - \mathrm{GFLOPs}},Grad_Norm Sqrt GFLOPs L2-Norm Mul Log GFLOPs Sub Div <EOS>,(sqrt(Grad_Norm) / (log((GFLOPs * L2-Norm)) - GFLOPs)),0.544400000,0.532600000,14,9,5,2155,run_monash_time_unique1000,4,1,Monash__bitcoin_dataset_without_missing_values/seed_2155/run_monash_time_unique1000/visualizations/archive_latex.tex
652,0.413513514,0.544000000,\frac{\log\left(\left(\mathrm{Snip}\right) \cdot \left(\mathrm{GSynFlow}\right)\right)}{\left(\left(\mathrm{MParams}\right)^2\right) \cdot \left(\mathrm{GradNorm}\right)},Snip GSynFlow Mul Log MParams Square Grad_Norm Mul Div <EOS>,(log((Snip * GSynFlow)) / (square(MParams) * Grad_Norm)),0.544000000,0.494000000,42,9,4,2084,run_monash_time_unique1000,2,1,Monash__bitcoin_dataset_without_missing_values/seed_2084/run_monash_time_unique1000/visualizations/archive_latex.tex
653,0.412612613,0.544000000,\left(\sqrt{\mathrm{GradNorm}} - \left(\mathrm{Fisher}\right) \cdot \left(\left(\mathrm{MParams}\right)^2\right)\right) \cdot \left(\mathrm{L2Norm}\right),Grad_Norm Sqrt Fisher MParams Square Mul Sub L2-Norm Mul <EOS>,((sqrt(Grad_Norm) - (Fisher * square(MParams))) * L2-Norm),0.544000000,0.573500000,133,9,5,2038,run_monash_time_unique1000,3,1,Monash__bitcoin_dataset_without_missing_values/seed_2038/run_monash_time_unique1000/visualizations/archive_latex.tex
654,0.411711712,0.544000000,\frac{\frac{\log\left(\left(\mathrm{Snip}\right) \cdot \left(\mathrm{GSynFlow}\right)\right)}{\left(\mathrm{MParams}\right)^2}}{\mathrm{GradNorm}},Snip GSynFlow Mul Log MParams Square Div Grad_Norm Div <EOS>,((log((Snip * GSynFlow)) / square(MParams)) / Grad_Norm),0.544000000,0.494000000,134,9,5,2091,run_monash_time_unique1000,3,1,Monash__bitcoin_dataset_without_missing_values/seed_2091/run_monash_time_unique1000/visualizations/archive_latex.tex
655,0.410810811,0.544000000,\left(\sqrt{\mathrm{GradNorm}} - \left(\left(\mathrm{MParams}\right)^2\right) \cdot \left(\mathrm{Fisher}\right)\right) \cdot \left(\mathrm{L2Norm}\right),Grad_Norm Sqrt MParams Square Fisher Mul Sub L2-Norm Mul <EOS>,((sqrt(Grad_Norm) - (square(MParams) * Fisher)) * L2-Norm),0.544000000,0.573500000,127,9,5,2073,run_monash_time_unique1000,4,1,Monash__bitcoin_dataset_without_missing_values/seed_2073/run_monash_time_unique1000/visualizations/archive_latex.tex
656,0.409909910,0.544000000,\log\left(\mathrm{GSynFlow} + \mathrm{Fisher}\right) - \left(\left(\mathrm{MParams}\right)^2\right) \cdot \left(\mathrm{MParams}\right),GSynFlow Fisher Add Log MParams Square MParams Mul Sub <EOS>,(log((GSynFlow + Fisher)) - (square(MParams) * MParams)),0.544000000,0.490800000,72,9,4,2225,run_monash_time_unique1000,10,1,Monash__bitcoin_dataset_without_missing_values/seed_2225/run_monash_time_unique1000/visualizations/archive_latex.tex
657,0.409009009,0.543700000,\log\left(\left(\mathrm{Snip}\right) \cdot \left(\left(\mathrm{L2Norm}\right)^2\right)\right) - \left(\mathrm{plain}\right) \cdot \left(\mathrm{MParams}\right),Snip L2-Norm Square Mul Log plain MParams Mul Sub <EOS>,(log((Snip * square(L2-Norm))) - (plain * MParams)),0.543700000,0.528500000,38,9,5,2131,run_monash_time_unique1000,2,1,Monash__bitcoin_dataset_without_missing_values/seed_2131/run_monash_time_unique1000/visualizations/archive_latex.tex
658,0.408108108,0.543700000,\log\left(\left(\left(\mathrm{L2Norm}\right)^2\right) \cdot \left(\mathrm{Snip}\right)\right) - \left(\mathrm{plain}\right) \cdot \left(\mathrm{MParams}\right),L2-Norm Square Snip Mul Log plain MParams Mul Sub <EOS>,(log((square(L2-Norm) * Snip)) - (plain * MParams)),0.543700000,0.528500000,63,9,5,2140,run_monash_time_unique1000,8,1,Monash__bitcoin_dataset_without_missing_values/seed_2140/run_monash_time_unique1000/visualizations/archive_latex.tex
659,0.407207207,0.543700000,\log\left(\left(\left(\mathrm{L2Norm}\right)^2\right) \cdot \left(\mathrm{Snip}\right)\right) - \left(\mathrm{MParams}\right) \cdot \left(\mathrm{plain}\right),L2-Norm Square Snip Mul Log MParams plain Mul Sub <EOS>,(log((square(L2-Norm) * Snip)) - (MParams * plain)),0.543700000,0.528500000,197,9,5,2216,run_monash_time_unique1000,10,1,Monash__bitcoin_dataset_without_missing_values/seed_2216/run_monash_time_unique1000/visualizations/archive_latex.tex
660,0.406306306,0.543300000,\frac{\mathrm{GradNorm}}{\log\left(\frac{\mathrm{L2Norm}}{\mathrm{ZiCo}}\right) - \mathrm{GFLOPs}},Grad_Norm L2-Norm ZiCo Div Log GFLOPs Sub Div <EOS>,(Grad_Norm / (log((L2-Norm / ZiCo)) - GFLOPs)),0.543300000,0.533500000,102,8,5,2153,run_monash_time_unique1000,7,1,Monash__bitcoin_dataset_without_missing_values/seed_2153/run_monash_time_unique1000/visualizations/archive_latex.tex
661,0.405405405,0.543000000,\left(\mathrm{Fisher} - \left(\left(\mathrm{Fisher}\right) \cdot \left(\mathrm{MParams}\right)\right)^2\right) \cdot \left(\mathrm{GSynFlow}\right),Fisher Fisher MParams Mul Square Sub GSynFlow Mul <EOS>,((Fisher - square((Fisher * MParams))) * GSynFlow),0.543000000,0.543100000,128,8,5,2088,run_monash_time_unique1000,1,1,Monash__bitcoin_dataset_without_missing_values/seed_2088/run_monash_time_unique1000/visualizations/archive_latex.tex
662,0.404504505,0.542900000,\frac{\left(\mathrm{Snip}\right)^2}{\log\left(\frac{\mathrm{L2Norm}}{\mathrm{ZiCo}}\right) - \mathrm{GFLOPs}},Snip Square L2-Norm ZiCo Div Log GFLOPs Sub Div <EOS>,(square(Snip) / (log((L2-Norm / ZiCo)) - GFLOPs)),0.542900000,0.550000000,100,9,5,2153,run_monash_time_unique1000,8,1,Monash__bitcoin_dataset_without_missing_values/seed_2153/run_monash_time_unique1000/visualizations/archive_latex.tex
663,0.403603604,0.542800000,\frac{\log\left(\mathrm{GSynFlow}\right)}{\left(\sqrt{\mathrm{Fisher}}\right) \cdot \left(\mathrm{GFLOPs}\right)} - \mathrm{L2Norm},GSynFlow Log Fisher Sqrt GFLOPs Mul Div L2-Norm Sub <EOS>,((log(GSynFlow) / (sqrt(Fisher) * GFLOPs)) - L2-Norm),0.542800000,0.487200000,11,9,5,2087,run_monash_time_unique1000,9,1,Monash__bitcoin_dataset_without_missing_values/seed_2087/run_monash_time_unique1000/visualizations/archive_latex.tex
664,0.402702703,0.542700000,\frac{\log\left(\left(\mathrm{Snip}\right) \cdot \left(\mathrm{GSynFlow}\right)\right)}{\left(\left(\mathrm{GradNorm}\right) \cdot \left(\mathrm{MParams}\right)\right)^2},Snip GSynFlow Mul Log Grad_Norm MParams Mul Square Div <EOS>,(log((Snip * GSynFlow)) / square((Grad_Norm * MParams))),0.542700000,0.419900000,148,9,4,2084,run_monash_time_unique1000,3,1,Monash__bitcoin_dataset_without_missing_values/seed_2084/run_monash_time_unique1000/visualizations/archive_latex.tex
665,0.401801802,0.542500000,\left(-\mathrm{MParams} + \mathrm{GSynFlow}\right) \cdot \left(\log\left(\mathrm{ZiCo}\right) + \mathrm{MParams}\right),MParams GSynFlow Add Negative ZiCo Log MParams Add Mul <EOS>,(-((MParams + GSynFlow)) * (log(ZiCo) + MParams)),0.542500000,0.559400000,151,9,4,2103,run_monash_time_unique1000,3,1,Monash__bitcoin_dataset_without_missing_values/seed_2103/run_monash_time_unique1000/visualizations/archive_latex.tex
666,0.400900901,0.542500000,\left(\mathrm{GradNorm} - \left(\left(\mathrm{GFLOPs}\right)^2\right) \cdot \left(\mathrm{Fisher}\right)\right) \cdot \left(\mathrm{MParams}\right),Grad_Norm GFLOPs Square Fisher Mul Sub MParams Mul <EOS>,((Grad_Norm - (square(GFLOPs) * Fisher)) * MParams),0.542500000,0.544900000,159,8,5,2045,run_monash_time_unique1000,5,1,Monash__bitcoin_dataset_without_missing_values/seed_2045/run_monash_time_unique1000/visualizations/archive_latex.tex
667,0.400000000,0.542500000,\left(\mathrm{MParams}\right) \cdot \left(\mathrm{GradNorm} - \left(\mathrm{Fisher}\right) \cdot \left(\left(\mathrm{GFLOPs}\right)^2\right)\right),MParams Grad_Norm Fisher GFLOPs Square Mul Sub Mul <EOS>,(MParams * (Grad_Norm - (Fisher * square(GFLOPs)))),0.542500000,0.544900000,78,8,5,2150,run_monash_time_unique1000,5,1,Monash__bitcoin_dataset_without_missing_values/seed_2150/run_monash_time_unique1000/visualizations/archive_latex.tex
668,0.399099099,0.542500000,-\sqrt{\left(\mathrm{MParams}\right)^2 - \sqrt{\log\left(\mathrm{GSynFlow}\right)}},MParams Square GSynFlow Log Sqrt Sub Sqrt Negative <EOS>,-(sqrt((square(MParams) - sqrt(log(GSynFlow))))),0.542500000,0.445800000,4,8,6,2176,run_monash_time_unique1000,5,1,Monash__bitcoin_dataset_without_missing_values/seed_2176/run_monash_time_unique1000/visualizations/archive_latex.tex
669,0.398198198,0.542300000,\left(\mathrm{ZiCo} - \mathrm{Fisher}\right) \cdot \left(\log\left(\mathrm{ZiCo}\right) + \mathrm{MParams}\right),ZiCo Fisher Sub ZiCo Log MParams Add Mul <EOS>,((ZiCo - Fisher) * (log(ZiCo) + MParams)),0.542300000,0.542500000,156,8,4,2218,run_monash_time_unique1000,2,1,Monash__bitcoin_dataset_without_missing_values/seed_2218/run_monash_time_unique1000/visualizations/archive_latex.tex
670,0.397297297,0.542300000,\left(\sqrt{\mathrm{GSynFlow}}\right) \cdot \left(\mathrm{GradNorm} - \left(\mathrm{Fisher}\right) \cdot \left(\left(\mathrm{GFLOPs}\right)^2\right)\right),GSynFlow Sqrt Grad_Norm Fisher GFLOPs Square Mul Sub Mul <EOS>,(sqrt(GSynFlow) * (Grad_Norm - (Fisher * square(GFLOPs)))),0.542300000,0.469000000,50,9,5,2150,run_monash_time_unique1000,6,1,Monash__bitcoin_dataset_without_missing_values/seed_2150/run_monash_time_unique1000/visualizations/archive_latex.tex
671,0.396396396,0.541500000,\frac{\log\left(\left(\mathrm{GradNorm}\right) \cdot \left(\mathrm{GSynFlow}\right)\right)}{\left(\mathrm{MParams}\right)^2} - \mathrm{L2Norm},Grad_Norm GSynFlow Mul Log MParams Square Div L2-Norm Sub <EOS>,((log((Grad_Norm * GSynFlow)) / square(MParams)) - L2-Norm),0.541500000,0.602200000,23,9,5,2091,run_monash_time_unique1000,4,3,Monash__bitcoin_dataset_without_missing_values/seed_2091/run_monash_time_unique1000/visualizations/archive_latex.tex
672,0.395495495,0.541500000,\frac{\log\left(\left(\mathrm{GSynFlow}\right) \cdot \left(\mathrm{GradNorm}\right)\right)}{\left(\mathrm{MParams}\right)^2} - \mathrm{L2Norm},GSynFlow Grad_Norm Mul Log MParams Square Div L2-Norm Sub <EOS>,((log((GSynFlow * Grad_Norm)) / square(MParams)) - L2-Norm),0.541500000,0.602200000,112,9,5,2148,run_monash_time_unique1000,4,1,Monash__bitcoin_dataset_without_missing_values/seed_2148/run_monash_time_unique1000/visualizations/archive_latex.tex
673,0.394594595,0.541500000,\left(\mathrm{ZiCo} - \left(\mathrm{Fisher}\right) \cdot \left(\log\left(\sqrt{\mathrm{MParams}}\right)\right)\right) \cdot \left(\mathrm{GSynFlow}\right),ZiCo Fisher MParams Sqrt Log Mul Sub GSynFlow Mul <EOS>,((ZiCo - (Fisher * log(sqrt(MParams)))) * GSynFlow),0.541500000,0.462900000,34,9,6,2206,run_monash_time_unique1000,8,1,Monash__bitcoin_dataset_without_missing_values/seed_2206/run_monash_time_unique1000/visualizations/archive_latex.tex
674,0.393693694,0.541400000,\frac{\frac{\mathrm{GradNorm} + \log\left(\mathrm{GSynFlow}\right)}{\mathrm{GradNorm}}}{\mathrm{GFLOPs}},Grad_Norm GSynFlow Log Add Grad_Norm Div GFLOPs Div <EOS>,(((Grad_Norm + log(GSynFlow)) / Grad_Norm) / GFLOPs),0.541400000,0.492200000,22,8,5,2122,run_monash_time_unique1000,8,1,Monash__bitcoin_dataset_without_missing_values/seed_2122/run_monash_time_unique1000/visualizations/archive_latex.tex
675,0.392792793,0.541300000,\frac{\log\left(\frac{\mathrm{GSynFlow}}{\mathrm{L2Norm}}\right)}{\mathrm{MParams}} - \mathrm{L2Norm},GSynFlow L2-Norm Div Log MParams Div L2-Norm Sub <EOS>,((log((GSynFlow / L2-Norm)) / MParams) - L2-Norm),0.541300000,0.621600000,104,8,5,2129,run_monash_time_unique1000,4,4,Monash__bitcoin_dataset_without_missing_values/seed_2129/run_monash_time_unique1000/visualizations/archive_latex.tex
676,0.391891892,0.540900000,\log\left(\frac{\mathrm{GradNorm}}{\sqrt{\mathrm{plain}}}\right) - \left(\mathrm{MParams}\right) \cdot \left(\mathrm{Fisher}\right),Grad_Norm plain Sqrt Div Log MParams Fisher Mul Sub <EOS>,(log((Grad_Norm / sqrt(plain))) - (MParams * Fisher)),0.540900000,0.540700000,151,9,5,2203,run_monash_time_unique1000,10,1,Monash__bitcoin_dataset_without_missing_values/seed_2203/run_monash_time_unique1000/visualizations/archive_latex.tex
677,0.390990991,0.540600000,\left(\mathrm{ZiCo}\right) \cdot \left(\frac{\mathrm{GSynFlow}}{-\log\left(\left(\mathrm{Fisher}\right) \cdot \left(\mathrm{MParams}\right)\right)}\right),ZiCo GSynFlow Fisher MParams Mul Log Negative Div Mul <EOS>,(ZiCo * (GSynFlow / -(log((Fisher * MParams))))),0.540600000,0.454400000,11,9,6,2123,run_monash_time_unique1000,4,1,Monash__bitcoin_dataset_without_missing_values/seed_2123/run_monash_time_unique1000/visualizations/archive_latex.tex
678,0.390090090,0.540600000,-\frac{\left(\mathrm{ZiCo}\right) \cdot \left(\mathrm{GSynFlow}\right)}{\log\left(\left(\mathrm{Fisher}\right) \cdot \left(\mathrm{MParams}\right)\right)},ZiCo GSynFlow Mul Fisher MParams Mul Log Div Negative <EOS>,-(((ZiCo * GSynFlow) / log((Fisher * MParams)))),0.540600000,0.454400000,153,9,5,2033,run_monash_time_unique1000,6,1,Monash__bitcoin_dataset_without_missing_values/seed_2033/run_monash_time_unique1000/visualizations/archive_latex.tex
679,0.389189189,0.540300000,\frac{\frac{\mathrm{GradNorm} + \log\left(\mathrm{GSynFlow}\right)}{\left(\mathrm{GradNorm}\right)^2}}{\mathrm{GFLOPs}},Grad_Norm GSynFlow Log Add Grad_Norm Square Div GFLOPs Div <EOS>,(((Grad_Norm + log(GSynFlow)) / square(Grad_Norm)) / GFLOPs),0.540300000,0.433800000,27,9,5,2122,run_monash_time_unique1000,10,1,Monash__bitcoin_dataset_without_missing_values/seed_2122/run_monash_time_unique1000/visualizations/archive_latex.tex
680,0.388288288,0.539800000,\sqrt{\mathrm{GradNorm} + \mathrm{L2Norm}} - \left(\mathrm{Fisher}\right) \cdot \left(\left(\mathrm{MParams}\right)^2\right),Grad_Norm L2-Norm Add Sqrt Fisher MParams Square Mul Sub <EOS>,(sqrt((Grad_Norm + L2-Norm)) - (Fisher * square(MParams))),0.539800000,0.459300000,125,9,4,2149,run_monash_time_unique1000,5,1,Monash__bitcoin_dataset_without_missing_values/seed_2149/run_monash_time_unique1000/visualizations/archive_latex.tex
681,0.387387387,0.539800000,\sqrt{\mathrm{GradNorm} + \mathrm{L2Norm}} - \left(\left(\mathrm{MParams}\right)^2\right) \cdot \left(\mathrm{Fisher}\right),Grad_Norm L2-Norm Add Sqrt MParams Square Fisher Mul Sub <EOS>,(sqrt((Grad_Norm + L2-Norm)) - (square(MParams) * Fisher)),0.539800000,0.459300000,55,9,4,2145,run_monash_time_unique1000,9,1,Monash__bitcoin_dataset_without_missing_values/seed_2145/run_monash_time_unique1000/visualizations/archive_latex.tex
682,0.386486486,0.539400000,\log\left(\mathrm{Snip} + \log\left(\mathrm{GSynFlow}\right)\right) - \left(\mathrm{MParams}\right) \cdot \left(\mathrm{plain}\right),Snip GSynFlow Log Add Log MParams plain Mul Sub <EOS>,(log((Snip + log(GSynFlow))) - (MParams * plain)),0.539400000,0.535300000,51,9,5,2140,run_monash_time_unique1000,9,1,Monash__bitcoin_dataset_without_missing_values/seed_2140/run_monash_time_unique1000/visualizations/archive_latex.tex
683,0.385585586,0.539300000,\frac{\log\left(\left(\left(\mathrm{MParams}\right)^2\right) \cdot \left(\mathrm{Snip}\right)\right)}{\mathrm{MParams}} - \mathrm{plain},MParams Square Snip Mul Log MParams Div plain Sub <EOS>,((log((square(MParams) * Snip)) / MParams) - plain),0.539300000,0.605900000,191,9,6,2132,run_monash_time_unique1000,8,1,Monash__bitcoin_dataset_without_missing_values/seed_2132/run_monash_time_unique1000/visualizations/archive_latex.tex
684,0.384684685,0.539200000,\sqrt{\mathrm{GFLOPs} - \log\left(\mathrm{GraSP}\right)} - \left(\log\left(\mathrm{MParams}\right)\right)^2,GFLOPs GraSP Log Sub Sqrt MParams Log Square Sub <EOS>,(sqrt((GFLOPs - log(GraSP))) - square(log(MParams))),0.539200000,0.592700000,182,9,5,2206,run_monash_time_unique1000,9,1,Monash__bitcoin_dataset_without_missing_values/seed_2206/run_monash_time_unique1000/visualizations/archive_latex.tex
685,0.383783784,0.538700000,\mathrm{L2Norm} + \mathrm{L2Norm} - \left(\mathrm{Snip}\right) \cdot \left(\log\left(\mathrm{MParams}\right)\right),L2-Norm L2-Norm Add Snip MParams Log Mul Sub <EOS>,((L2-Norm + L2-Norm) - (Snip * log(MParams))),0.538700000,0.496200000,73,8,4,2185,run_monash_time_unique1000,2,1,Monash__bitcoin_dataset_without_missing_values/seed_2185/run_monash_time_unique1000/visualizations/archive_latex.tex
686,0.382882883,0.538700000,\sqrt{\mathrm{L2Norm} + \mathrm{L2Norm} - \left(\mathrm{Snip}\right) \cdot \left(\log\left(\mathrm{MParams}\right)\right)},L2-Norm L2-Norm Add Snip MParams Log Mul Sub Sqrt <EOS>,sqrt(((L2-Norm + L2-Norm) - (Snip * log(MParams)))),0.538700000,0.495700000,71,9,5,2174,run_monash_time_unique1000,4,1,Monash__bitcoin_dataset_without_missing_values/seed_2174/run_monash_time_unique1000/visualizations/archive_latex.tex
687,0.381981982,0.538700000,\sqrt{\mathrm{GradNorm} + \mathrm{MParams}} - \left(\mathrm{Fisher}\right) \cdot \left(\left(\mathrm{MParams}\right)^2\right),Grad_Norm MParams Add Sqrt Fisher MParams Square Mul Sub <EOS>,(sqrt((Grad_Norm + MParams)) - (Fisher * square(MParams))),0.538700000,0.575700000,52,9,4,2149,run_monash_time_unique1000,6,1,Monash__bitcoin_dataset_without_missing_values/seed_2149/run_monash_time_unique1000/visualizations/archive_latex.tex
688,0.381081081,0.538700000,\sqrt{\mathrm{GradNorm} + \mathrm{MParams}} - \left(\left(\mathrm{MParams}\right)^2\right) \cdot \left(\mathrm{Fisher}\right),Grad_Norm MParams Add Sqrt MParams Square Fisher Mul Sub <EOS>,(sqrt((Grad_Norm + MParams)) - (square(MParams) * Fisher)),0.538700000,0.575700000,56,9,4,2145,run_monash_time_unique1000,10,1,Monash__bitcoin_dataset_without_missing_values/seed_2145/run_monash_time_unique1000/visualizations/archive_latex.tex
689,0.380180180,0.538700000,\mathrm{L2Norm} - \left(\mathrm{Snip}\right) \cdot \left(\log\left(\sqrt{\mathrm{MParams}}\right)\right),L2-Norm Snip MParams Sqrt Log Mul Sub <EOS>,(L2-Norm - (Snip * log(sqrt(MParams)))),0.538700000,0.496200000,22,7,5,2206,run_monash_time_unique1000,10,1,Monash__bitcoin_dataset_without_missing_values/seed_2206/run_monash_time_unique1000/visualizations/archive_latex.tex
690,0.379279279,0.538100000,\frac{\sqrt{\mathrm{Snip}}}{\log\left(\left(\mathrm{GFLOPs}\right) \cdot \left(\mathrm{L2Norm}\right)\right) - \mathrm{GFLOPs}},Snip Sqrt GFLOPs L2-Norm Mul Log GFLOPs Sub Div <EOS>,(sqrt(Snip) / (log((GFLOPs * L2-Norm)) - GFLOPs)),0.538100000,0.536200000,12,9,5,2155,run_monash_time_unique1000,5,1,Monash__bitcoin_dataset_without_missing_values/seed_2155/run_monash_time_unique1000/visualizations/archive_latex.tex
691,0.378378378,0.537700000,\left(\log\left(\mathrm{MParams}\right)\right) \cdot \left(-\mathrm{Fisher} + \mathrm{ZiCo}\right),MParams Log Fisher Negative ZiCo Add Mul <EOS>,(log(MParams) * (-(Fisher) + ZiCo)),0.537700000,0.489100000,175,7,4,2060,run_monash_time_unique1000,1,1,Monash__bitcoin_dataset_without_missing_values/seed_2060/run_monash_time_unique1000/visualizations/archive_latex.tex
692,0.377477477,0.537700000,\left(\mathrm{ZiCo} - \mathrm{Fisher}\right) \cdot \left(\log\left(\mathrm{MParams}\right)\right),ZiCo Fisher Sub MParams Log Mul <EOS>,((ZiCo - Fisher) * log(MParams)),0.537700000,0.489100000,124,6,3,2189,run_monash_time_unique1000,1,1,Monash__bitcoin_dataset_without_missing_values/seed_2189/run_monash_time_unique1000/visualizations/archive_latex.tex
693,0.376576577,0.537700000,\left(\log\left(\mathrm{MParams}\right)\right) \cdot \left(\sqrt{\left(\mathrm{ZiCo}\right)^2} - \mathrm{Fisher}\right),MParams Log ZiCo Square Sqrt Fisher Sub Mul <EOS>,(log(MParams) * (sqrt(square(ZiCo)) - Fisher)),0.537700000,0.489100000,92,8,5,2069,run_monash_time_unique1000,5,1,Monash__bitcoin_dataset_without_missing_values/seed_2069/run_monash_time_unique1000/visualizations/archive_latex.tex
694,0.375675676,0.537700000,\left(-\log\left(\mathrm{MParams}\right)\right) \cdot \left(\mathrm{Fisher} - \mathrm{ZiCo}\right),MParams Log Negative Fisher ZiCo Sub Mul <EOS>,(-(log(MParams)) * (Fisher - ZiCo)),0.537700000,0.489100000,145,7,4,2174,run_monash_time_unique1000,5,1,Monash__bitcoin_dataset_without_missing_values/seed_2174/run_monash_time_unique1000/visualizations/archive_latex.tex
695,0.374774775,0.537700000,\frac{\mathrm{GradNorm}}{\log\left(\sqrt{\mathrm{JacobFro}} + \mathrm{L2Norm}\right) - \mathrm{GFLOPs}},Grad_Norm Jacob_fro Sqrt L2-Norm Add Log GFLOPs Sub Div <EOS>,(Grad_Norm / (log((sqrt(Jacob_fro) + L2-Norm)) - GFLOPs)),0.537700000,0.542200000,14,9,6,2155,run_monash_time_unique1000,6,1,Monash__bitcoin_dataset_without_missing_values/seed_2155/run_monash_time_unique1000/visualizations/archive_latex.tex
696,0.373873874,0.537700000,\frac{\mathrm{GradNorm}}{\log\left(\mathrm{L2Norm} + \sqrt{\mathrm{JacobFro}}\right) - \mathrm{GFLOPs}},Grad_Norm L2-Norm Jacob_fro Sqrt Add Log GFLOPs Sub Div <EOS>,(Grad_Norm / (log((L2-Norm + sqrt(Jacob_fro))) - GFLOPs)),0.537700000,0.542200000,63,9,6,2153,run_monash_time_unique1000,9,1,Monash__bitcoin_dataset_without_missing_values/seed_2153/run_monash_time_unique1000/visualizations/archive_latex.tex
697,0.372972973,0.537600000,\frac{\mathrm{Snip}}{\frac{\log\left(\mathrm{L2Norm}\right) - \left(\mathrm{MParams}\right)^2}{\mathrm{Snip}}},Snip L2-Norm Log MParams Square Sub Snip Div Div <EOS>,(Snip / ((log(L2-Norm) - square(MParams)) / Snip)),0.537600000,0.439200000,60,9,5,2096,run_monash_time_unique1000,4,1,Monash__bitcoin_dataset_without_missing_values/seed_2096/run_monash_time_unique1000/visualizations/archive_latex.tex
698,0.372072072,0.536600000,\frac{\sqrt{\mathrm{GradNorm}}}{\log\left(\frac{\mathrm{L2Norm}}{\mathrm{ZiCo}}\right) - \mathrm{GFLOPs}},Grad_Norm Sqrt L2-Norm ZiCo Div Log GFLOPs Sub Div <EOS>,(sqrt(Grad_Norm) / (log((L2-Norm / ZiCo)) - GFLOPs)),0.536600000,0.530700000,101,9,5,2153,run_monash_time_unique1000,10,1,Monash__bitcoin_dataset_without_missing_values/seed_2153/run_monash_time_unique1000/visualizations/archive_latex.tex
699,0.371171171,0.536500000,\log\left(\mathrm{ZiCo} - \mathrm{L2Norm}\right) - \left(\mathrm{Fisher}\right) \cdot \left(\log\left(\mathrm{MParams}\right)\right),ZiCo L2-Norm Sub Log Fisher MParams Log Mul Sub <EOS>,(log((ZiCo - L2-Norm)) - (Fisher * log(MParams))),0.536500000,0.512600000,156,9,4,2149,run_monash_time_unique1000,7,1,Monash__bitcoin_dataset_without_missing_values/seed_2149/run_monash_time_unique1000/visualizations/archive_latex.tex
700,0.370270270,0.536300000,\log\left(\mathrm{GradNorm} - \log\left(\mathrm{plain}\right)\right) - \left(\mathrm{Fisher}\right) \cdot \left(\mathrm{MParams}\right),Grad_Norm plain Log Sub Log Fisher MParams Mul Sub <EOS>,(log((Grad_Norm - log(plain))) - (Fisher * MParams)),0.536300000,0.614700000,168,9,5,2149,run_monash_time_unique1000,8,1,Monash__bitcoin_dataset_without_missing_values/seed_2149/run_monash_time_unique1000/visualizations/archive_latex.tex
701,0.369369369,0.536100000,\left(-\mathrm{Fisher} - \mathrm{GSynFlow}\right) \cdot \left(\log\left(\mathrm{ZiCo}\right) + \mathrm{MParams}\right),Fisher Negative GSynFlow Sub ZiCo Log MParams Add Mul <EOS>,((-(Fisher) - GSynFlow) * (log(ZiCo) + MParams)),0.536100000,0.501600000,196,9,4,2125,run_monash_time_unique1000,3,1,Monash__bitcoin_dataset_without_missing_values/seed_2125/run_monash_time_unique1000/visualizations/archive_latex.tex
702,0.368468468,0.536100000,\left(-\mathrm{GSynFlow} - \mathrm{Fisher}\right) \cdot \left(\log\left(\mathrm{ZiCo}\right) + \mathrm{MParams}\right),GSynFlow Negative Fisher Sub ZiCo Log MParams Add Mul <EOS>,((-(GSynFlow) - Fisher) * (log(ZiCo) + MParams)),0.536100000,0.501600000,197,9,4,2130,run_monash_time_unique1000,5,1,Monash__bitcoin_dataset_without_missing_values/seed_2130/run_monash_time_unique1000/visualizations/archive_latex.tex
703,0.367567568,0.536000000,\frac{\mathrm{ZiCo}}{\sqrt{\log\left(\left(\mathrm{GradNorm}\right) \cdot \left(\left(\mathrm{MParams}\right) \cdot \left(\mathrm{ZiCo}\right)\right)\right)}},ZiCo Grad_Norm MParams ZiCo Mul Mul Log Sqrt Div <EOS>,(ZiCo / sqrt(log((Grad_Norm * (MParams * ZiCo))))),0.536000000,0.510600000,169,9,6,2219,run_monash_time_unique1000,10,1,Monash__bitcoin_dataset_without_missing_values/seed_2219/run_monash_time_unique1000/visualizations/archive_latex.tex
704,0.366666667,0.535800000,\mathrm{Fisher} + \sqrt{\mathrm{MParams}} - \left(\mathrm{Fisher}\right) \cdot \left(\left(\mathrm{MParams}\right)^2\right),Fisher MParams Sqrt Add Fisher MParams Square Mul Sub <EOS>,((Fisher + sqrt(MParams)) - (Fisher * square(MParams))),0.535800000,0.490500000,169,9,4,2073,run_monash_time_unique1000,5,1,Monash__bitcoin_dataset_without_missing_values/seed_2073/run_monash_time_unique1000/visualizations/archive_latex.tex
705,0.365765766,0.535200000,\frac{\log\left(\left(\mathrm{Snip}\right) \cdot \left(\mathrm{GSynFlow}\right)\right)}{\left(\left(\mathrm{MParams}\right)^2\right) \cdot \left(\mathrm{Snip}\right)},Snip GSynFlow Mul Log MParams Square Snip Mul Div <EOS>,(log((Snip * GSynFlow)) / (square(MParams) * Snip)),0.535200000,0.495800000,59,9,4,2084,run_monash_time_unique1000,4,1,Monash__bitcoin_dataset_without_missing_values/seed_2084/run_monash_time_unique1000/visualizations/archive_latex.tex
706,0.364864865,0.535100000,\sqrt{\left(\mathrm{MParams}\right) \cdot \left(\mathrm{GradNorm}\right)} - \left(\left(\mathrm{plain}\right) \cdot \left(\mathrm{MParams}\right)\right)^2,MParams Grad_Norm Mul Sqrt plain MParams Mul Square Sub <EOS>,(sqrt((MParams * Grad_Norm)) - square((plain * MParams))),0.535100000,0.487100000,65,9,4,2140,run_monash_time_unique1000,10,1,Monash__bitcoin_dataset_without_missing_values/seed_2140/run_monash_time_unique1000/visualizations/archive_latex.tex
707,0.363963964,0.534900000,\frac{\mathrm{Snip}}{\log\left(\sqrt{\mathrm{JacobFro}} + \mathrm{L2Norm}\right) - \mathrm{GFLOPs}},Snip Jacob_fro Sqrt L2-Norm Add Log GFLOPs Sub Div <EOS>,(Snip / (log((sqrt(Jacob_fro) + L2-Norm)) - GFLOPs)),0.534900000,0.559900000,12,9,6,2155,run_monash_time_unique1000,7,1,Monash__bitcoin_dataset_without_missing_values/seed_2155/run_monash_time_unique1000/visualizations/archive_latex.tex
708,0.363063063,0.534600000,\left(\mathrm{Snip}\right) \cdot \left(\sqrt{\mathrm{MParams}} - \mathrm{MParams}\right) + \mathrm{L2Norm},Snip MParams Sqrt MParams Sub Mul L2-Norm Add <EOS>,((Snip * (sqrt(MParams) - MParams)) + L2-Norm),0.534600000,0.507700000,193,8,5,2187,run_monash_time_unique1000,3,1,Monash__bitcoin_dataset_without_missing_values/seed_2187/run_monash_time_unique1000/visualizations/archive_latex.tex
709,0.362162162,0.534500000,\frac{\log\left(\left(\mathrm{GSynFlow}\right)^2\right)}{\mathrm{Fisher} + \mathrm{MParams}} - \mathrm{L2Norm},GSynFlow Square Log Fisher MParams Add Div L2-Norm Sub <EOS>,((log(square(GSynFlow)) / (Fisher + MParams)) - L2-Norm),0.534500000,0.564300000,86,9,5,2148,run_monash_time_unique1000,6,1,Monash__bitcoin_dataset_without_missing_values/seed_2148/run_monash_time_unique1000/visualizations/archive_latex.tex
710,0.361261261,0.534000000,\frac{\log\left(\sqrt{\mathrm{GSynFlow}}\right)}{\left(\mathrm{plain}\right) \cdot \left(\mathrm{MParams}\right)} - \mathrm{L2Norm},GSynFlow Sqrt Log plain MParams Mul Div L2-Norm Sub <EOS>,((log(sqrt(GSynFlow)) / (plain * MParams)) - L2-Norm),0.534000000,0.478700000,23,9,5,2091,run_monash_time_unique1000,6,1,Monash__bitcoin_dataset_without_missing_values/seed_2091/run_monash_time_unique1000/visualizations/archive_latex.tex
711,0.360360360,0.533800000,\frac{\mathrm{GradNorm}}{\log\left(\mathrm{L2Norm}\right) - \left(\mathrm{MParams}\right)^2},Grad_Norm L2-Norm Log MParams Square Sub Div <EOS>,(Grad_Norm / (log(L2-Norm) - square(MParams))),0.533800000,0.421600000,50,7,4,2096,run_monash_time_unique1000,5,1,Monash__bitcoin_dataset_without_missing_values/seed_2096/run_monash_time_unique1000/visualizations/archive_latex.tex
712,0.359459459,0.533800000,\log\left(\mathrm{ZiCo} + \mathrm{L2Norm}\right) - \left(\mathrm{Fisher}\right) \cdot \left(\log\left(\mathrm{MParams}\right)\right),ZiCo L2-Norm Add Log Fisher MParams Log Mul Sub <EOS>,(log((ZiCo + L2-Norm)) - (Fisher * log(MParams))),0.533800000,0.509800000,155,9,4,2149,run_monash_time_unique1000,9,1,Monash__bitcoin_dataset_without_missing_values/seed_2149/run_monash_time_unique1000/visualizations/archive_latex.tex
713,0.358558559,0.533700000,\log\left(\mathrm{L2Norm}\right) - \left(\mathrm{Fisher}\right) \cdot \left(\log\left(\mathrm{MParams}\right)\right),L2-Norm Log Fisher MParams Log Mul Sub <EOS>,(log(L2-Norm) - (Fisher * log(MParams))),0.533700000,0.513600000,106,7,4,2051,run_monash_time_unique1000,2,4,Monash__bitcoin_dataset_without_missing_values/seed_2051/run_monash_time_unique1000/visualizations/archive_latex.tex
714,0.357657658,0.533700000,-\left(\mathrm{Fisher}\right) \cdot \left(\log\left(\mathrm{MParams}\right)\right) - \log\left(\mathrm{L2Norm}\right),Fisher MParams Log Mul L2-Norm Log Sub Negative <EOS>,-(((Fisher * log(MParams)) - log(L2-Norm))),0.533700000,0.513600000,63,8,5,2180,run_monash_time_unique1000,2,1,Monash__bitcoin_dataset_without_missing_values/seed_2180/run_monash_time_unique1000/visualizations/archive_latex.tex
715,0.356756757,0.533500000,\sqrt{\left(\mathrm{plain}\right) \cdot \left(\mathrm{MParams}\right) - \log\left(\mathrm{GradNorm} - \mathrm{Snip}\right)},plain MParams Mul Grad_Norm Snip Sub Log Sub Sqrt <EOS>,sqrt(((plain * MParams) - log((Grad_Norm - Snip)))),0.533500000,0.511500000,54,9,5,2139,run_monash_time_unique1000,3,1,Monash__bitcoin_dataset_without_missing_values/seed_2139/run_monash_time_unique1000/visualizations/archive_latex.tex
716,0.355855856,0.533500000,\frac{\mathrm{GradNorm}}{\log\left(\frac{-\mathrm{GraSP}}{\mathrm{GSynFlow}}\right) + \mathrm{Snip}},Grad_Norm GraSP Negative GSynFlow Div Log Snip Add Div <EOS>,(Grad_Norm / (log((-(GraSP) / GSynFlow)) + Snip)),0.533500000,0.474700000,36,9,6,2162,run_monash_time_unique1000,8,1,Monash__bitcoin_dataset_without_missing_values/seed_2162/run_monash_time_unique1000/visualizations/archive_latex.tex
717,0.354954955,0.533400000,\frac{-\mathrm{Fisher}}{\left(\left(\mathrm{MParams}\right)^2\right) \cdot \left(\mathrm{Fisher}\right) - \mathrm{plain}},Fisher Negative MParams Square Fisher Mul plain Sub Div <EOS>,(-(Fisher) / ((square(MParams) * Fisher) - plain)),0.533400000,0.386400000,90,9,5,2103,run_monash_time_unique1000,4,1,Monash__bitcoin_dataset_without_missing_values/seed_2103/run_monash_time_unique1000/visualizations/archive_latex.tex
718,0.354054054,0.532900000,\left(-\left(\mathrm{GFLOPs}\right) \cdot \left(\mathrm{GradNorm}\right)\right) \cdot \left(\log\left(\mathrm{MParams}\right)\right) + \mathrm{L2Norm},GFLOPs Grad_Norm Mul Negative MParams Log Mul L2-Norm Add <EOS>,((-((GFLOPs * Grad_Norm)) * log(MParams)) + L2-Norm),0.532900000,0.491200000,45,9,5,2156,run_monash_time_unique1000,5,1,Monash__bitcoin_dataset_without_missing_values/seed_2156/run_monash_time_unique1000/visualizations/archive_latex.tex
719,0.353153153,0.532800000,\mathrm{MParams} + \log\left(\mathrm{GradNorm}\right) - \left(\left(\mathrm{MParams}\right) \cdot \left(\mathrm{plain}\right)\right)^2,MParams Grad_Norm Log Add MParams plain Mul Square Sub <EOS>,((MParams + log(Grad_Norm)) - square((MParams * plain))),0.532800000,0.500900000,166,9,4,2132,run_monash_time_unique1000,9,1,Monash__bitcoin_dataset_without_missing_values/seed_2132/run_monash_time_unique1000/visualizations/archive_latex.tex
720,0.352252252,0.532300000,\frac{\log\left(\mathrm{GSynFlow}\right)}{\mathrm{plain}} - \left(\mathrm{GFLOPs}\right) \cdot \left(\mathrm{MParams}\right),GSynFlow Log plain Div GFLOPs MParams Mul Sub <EOS>,((log(GSynFlow) / plain) - (GFLOPs * MParams)),0.532300000,0.477900000,143,8,4,2148,run_monash_time_unique1000,7,1,Monash__bitcoin_dataset_without_missing_values/seed_2148/run_monash_time_unique1000/visualizations/archive_latex.tex
721,0.351351351,0.531700000,\left(\mathrm{GradNorm} - \left(\mathrm{Fisher}\right) \cdot \left(\left(\mathrm{GFLOPs}\right)^2\right)\right) \cdot \left(\mathrm{GSynFlow}\right),Grad_Norm Fisher GFLOPs Square Mul Sub GSynFlow Mul <EOS>,((Grad_Norm - (Fisher * square(GFLOPs))) * GSynFlow),0.531700000,0.456300000,23,8,5,2073,run_monash_time_unique1000,6,1,Monash__bitcoin_dataset_without_missing_values/seed_2073/run_monash_time_unique1000/visualizations/archive_latex.tex
722,0.350450450,0.531700000,\left(\mathrm{GSynFlow}\right) \cdot \left(\mathrm{GradNorm} - \left(\mathrm{Fisher}\right) \cdot \left(\left(\mathrm{GFLOPs}\right)^2\right)\right),GSynFlow Grad_Norm Fisher GFLOPs Square Mul Sub Mul <EOS>,(GSynFlow * (Grad_Norm - (Fisher * square(GFLOPs)))),0.531700000,0.456300000,29,8,5,2150,run_monash_time_unique1000,7,1,Monash__bitcoin_dataset_without_missing_values/seed_2150/run_monash_time_unique1000/visualizations/archive_latex.tex
723,0.349549550,0.531600000,\mathrm{L2Norm} - \left(\left(\sqrt{\mathrm{Fisher}}\right) \cdot \left(\mathrm{Snip}\right)\right) \cdot \left(\log\left(\mathrm{MParams}\right)\right),L2-Norm Fisher Sqrt Snip Mul MParams Log Mul Sub <EOS>,(L2-Norm - ((sqrt(Fisher) * Snip) * log(MParams))),0.531600000,0.509000000,107,9,5,2051,run_monash_time_unique1000,3,1,Monash__bitcoin_dataset_without_missing_values/seed_2051/run_monash_time_unique1000/visualizations/archive_latex.tex
724,0.348648649,0.531500000,\sqrt{\mathrm{L2Norm}} - \left(\log\left(\sqrt{\mathrm{Fisher}}\right) + \mathrm{MParams}\right)^2,L2-Norm Sqrt Fisher Sqrt Log MParams Add Square Sub <EOS>,(sqrt(L2-Norm) - square((log(sqrt(Fisher)) + MParams))),0.531500000,0.433200000,51,9,6,2130,run_monash_time_unique1000,6,1,Monash__bitcoin_dataset_without_missing_values/seed_2130/run_monash_time_unique1000/visualizations/archive_latex.tex
725,0.347747748,0.531400000,\frac{\log\left(\mathrm{GradNorm}\right)}{\mathrm{GFLOPs}} - \left(\log\left(\mathrm{MParams}\right)\right)^2,Grad_Norm Log GFLOPs Div MParams Log Square Sub <EOS>,((log(Grad_Norm) / GFLOPs) - square(log(MParams))),0.531400000,0.559400000,40,8,4,2126,run_monash_time_unique1000,1,1,Monash__bitcoin_dataset_without_missing_values/seed_2126/run_monash_time_unique1000/visualizations/archive_latex.tex
726,0.346846847,0.531200000,\log\left(\mathrm{JacobFro}\right) - \left(\mathrm{Fisher}\right) \cdot \left(\left(\mathrm{MParams}\right)^2\right),Jacob_fro Log Fisher MParams Square Mul Sub <EOS>,(log(Jacob_fro) - (Fisher * square(MParams))),0.531200000,0.416700000,41,7,4,2134,run_monash_time_unique1000,1,1,Monash__bitcoin_dataset_without_missing_values/seed_2134/run_monash_time_unique1000/visualizations/archive_latex.tex
727,0.345945946,0.531200000,\left(\mathrm{Fisher} - \left(\left(\mathrm{Fisher}\right)^2\right) \cdot \left(\mathrm{MParams}\right)\right) \cdot \left(\mathrm{GSynFlow}\right),Fisher Fisher Square MParams Mul Sub GSynFlow Mul <EOS>,((Fisher - (square(Fisher) * MParams)) * GSynFlow),0.531200000,0.452400000,133,8,5,2088,run_monash_time_unique1000,2,1,Monash__bitcoin_dataset_without_missing_values/seed_2088/run_monash_time_unique1000/visualizations/archive_latex.tex
728,0.345045045,0.531200000,-\left(\mathrm{Fisher}\right) \cdot \left(\left(\mathrm{MParams}\right)^2\right) - \log\left(\mathrm{JacobFro}\right),Fisher MParams Square Mul Jacob_fro Log Sub Negative <EOS>,-(((Fisher * square(MParams)) - log(Jacob_fro))),0.531200000,0.416700000,26,8,5,2180,run_monash_time_unique1000,3,2,Monash__bitcoin_dataset_without_missing_values/seed_2180/run_monash_time_unique1000/visualizations/archive_latex.tex
729,0.344144144,0.531200000,\left(\left(\mathrm{Fisher}\right) \cdot \left(\left(\mathrm{MParams}\right)^2\right) - \log\left(\mathrm{JacobFro}\right)\right)^2,Fisher MParams Square Mul Jacob_fro Log Sub Square <EOS>,square(((Fisher * square(MParams)) - log(Jacob_fro))),0.531200000,0.416700000,43,8,5,2139,run_monash_time_unique1000,4,2,Monash__bitcoin_dataset_without_missing_values/seed_2139/run_monash_time_unique1000/visualizations/archive_latex.tex
730,0.343243243,0.531200000,\left(\mathrm{MParams}\right) \cdot \left(\left(-\mathrm{Fisher}\right) \cdot \left(\mathrm{MParams}\right)\right) + \log\left(\mathrm{JacobFro}\right),MParams Fisher Negative MParams Mul Mul Jacob_fro Log Add <EOS>,((MParams * (-(Fisher) * MParams)) + log(Jacob_fro)),0.531200000,0.416700000,50,9,5,2222,run_monash_time_unique1000,4,1,Monash__bitcoin_dataset_without_missing_values/seed_2222/run_monash_time_unique1000/visualizations/archive_latex.tex
731,0.342342342,0.531200000,\left(\left(\mathrm{plain}\right) \cdot \left(\mathrm{MParams}\right) - \log\left(\mathrm{Snip} + \mathrm{MParams}\right)\right)^2,plain MParams Mul Snip MParams Add Log Sub Square <EOS>,square(((plain * MParams) - log((Snip + MParams)))),0.531200000,0.517000000,35,9,5,2139,run_monash_time_unique1000,5,1,Monash__bitcoin_dataset_without_missing_values/seed_2139/run_monash_time_unique1000/visualizations/archive_latex.tex
732,0.341441441,0.531200000,\left(\left(\left(\mathrm{MParams}\right)^2\right) \cdot \left(\mathrm{Fisher}\right) - \log\left(\mathrm{JacobFro}\right)\right)^2,MParams Square Fisher Mul Jacob_fro Log Sub Square <EOS>,square(((square(MParams) * Fisher) - log(Jacob_fro))),0.531200000,0.416700000,49,8,5,2069,run_monash_time_unique1000,6,1,Monash__bitcoin_dataset_without_missing_values/seed_2069/run_monash_time_unique1000/visualizations/archive_latex.tex
733,0.340540541,0.531200000,\log\left(\mathrm{JacobFro} + \mathrm{GradNorm}\right) - \left(\left(\mathrm{MParams}\right)^2\right) \cdot \left(\mathrm{Fisher}\right),Jacob_fro Grad_Norm Add Log MParams Square Fisher Mul Sub <EOS>,(log((Jacob_fro + Grad_Norm)) - (square(MParams) * Fisher)),0.531200000,0.417900000,192,9,4,2073,run_monash_time_unique1000,7,1,Monash__bitcoin_dataset_without_missing_values/seed_2073/run_monash_time_unique1000/visualizations/archive_latex.tex
734,0.339639640,0.531200000,\log\left(\mathrm{JacobFro}\right) - \left(\left(\mathrm{MParams}\right)^2\right) \cdot \left(\mathrm{Fisher}\right),Jacob_fro Log MParams Square Fisher Mul Sub <EOS>,(log(Jacob_fro) - (square(MParams) * Fisher)),0.531200000,0.416700000,37,7,4,2167,run_monash_time_unique1000,9,1,Monash__bitcoin_dataset_without_missing_values/seed_2167/run_monash_time_unique1000/visualizations/archive_latex.tex
735,0.338738739,0.531100000,\frac{\log\left(\left(\mathrm{MParams}\right) \cdot \left(\mathrm{GradNorm}\right)\right)}{\left(\mathrm{GFLOPs}\right) \cdot \left(\mathrm{GradNorm}\right)},MParams Grad_Norm Mul Log GFLOPs Grad_Norm Mul Div <EOS>,(log((MParams * Grad_Norm)) / (GFLOPs * Grad_Norm)),0.531100000,0.386100000,93,8,4,2065,run_monash_time_unique1000,1,2,Monash__bitcoin_dataset_without_missing_values/seed_2065/run_monash_time_unique1000/visualizations/archive_latex.tex
736,0.337837838,0.531100000,\frac{\log\left(\left(\mathrm{GradNorm}\right) \cdot \left(\mathrm{MParams}\right)\right)}{\left(\mathrm{GFLOPs}\right) \cdot \left(\mathrm{GradNorm}\right)},Grad_Norm MParams Mul Log GFLOPs Grad_Norm Mul Div <EOS>,(log((Grad_Norm * MParams)) / (GFLOPs * Grad_Norm)),0.531100000,0.386100000,108,8,4,2132,run_monash_time_unique1000,10,1,Monash__bitcoin_dataset_without_missing_values/seed_2132/run_monash_time_unique1000/visualizations/archive_latex.tex
737,0.336936937,0.530900000,\mathrm{Fisher} - \left(\log\left(\left(\mathrm{MParams}\right) \cdot \left(\mathrm{Fisher}\right) + \mathrm{MParams}\right)\right)^2,Fisher MParams Fisher Mul MParams Add Log Square Sub <EOS>,(Fisher - square(log(((MParams * Fisher) + MParams)))),0.530900000,0.554500000,96,9,6,2042,run_monash_time_unique1000,1,1,Monash__bitcoin_dataset_without_missing_values/seed_2042/run_monash_time_unique1000/visualizations/archive_latex.tex
738,0.336036036,0.530900000,\left(\sqrt{\mathrm{Fisher}} - \left(\left(\mathrm{Fisher}\right) \cdot \left(\mathrm{MParams}\right)\right)^2\right) \cdot \left(\mathrm{GSynFlow}\right),Fisher Sqrt Fisher MParams Mul Square Sub GSynFlow Mul <EOS>,((sqrt(Fisher) - square((Fisher * MParams))) * GSynFlow),0.530900000,0.475800000,176,9,5,2088,run_monash_time_unique1000,3,1,Monash__bitcoin_dataset_without_missing_values/seed_2088/run_monash_time_unique1000/visualizations/archive_latex.tex
739,0.335135135,0.530500000,\frac{\frac{\mathrm{JacobFro}}{\mathrm{Jacov}}}{\mathrm{GradNorm} - \log\left(\mathrm{Jacov}\right)},Jacob_fro Jacov Div Grad_Norm Jacov Log Sub Div <EOS>,((Jacob_fro / Jacov) / (Grad_Norm - log(Jacov))),0.530500000,0.391700000,182,8,4,2033,run_monash_time_unique1000,7,1,Monash__bitcoin_dataset_without_missing_values/seed_2033/run_monash_time_unique1000/visualizations/archive_latex.tex
740,0.334234234,0.530500000,\log\left(\mathrm{GSynFlow}\right) - \left(\left(\left(\mathrm{MParams}\right)^2\right) \cdot \left(\mathrm{plain}\right)\right)^2,GSynFlow Log MParams Square plain Mul Square Sub <EOS>,(log(GSynFlow) - square((square(MParams) * plain))),0.530500000,0.530100000,86,8,5,2167,run_monash_time_unique1000,10,1,Monash__bitcoin_dataset_without_missing_values/seed_2167/run_monash_time_unique1000/visualizations/archive_latex.tex
741,0.333333333,0.530300000,\frac{\sqrt{\mathrm{GSynFlow}}}{-\log\left(\left(\sqrt{\mathrm{Fisher}}\right) \cdot \left(\mathrm{MParams}\right)\right)},GSynFlow Sqrt Fisher Sqrt MParams Mul Log Negative Div <EOS>,(sqrt(GSynFlow) / -(log((sqrt(Fisher) * MParams)))),0.530300000,0.540500000,29,9,6,2123,run_monash_time_unique1000,6,1,Monash__bitcoin_dataset_without_missing_values/seed_2123/run_monash_time_unique1000/visualizations/archive_latex.tex
742,0.332432432,0.530300000,\frac{-\sqrt{\mathrm{GSynFlow}}}{\log\left(\left(\mathrm{Fisher}\right) \cdot \left(\left(\mathrm{MParams}\right)^2\right)\right)},GSynFlow Sqrt Negative Fisher MParams Square Mul Log Div <EOS>,(-(sqrt(GSynFlow)) / log((Fisher * square(MParams)))),0.530300000,0.540500000,92,9,5,2033,run_monash_time_unique1000,8,1,Monash__bitcoin_dataset_without_missing_values/seed_2033/run_monash_time_unique1000/visualizations/archive_latex.tex
743,0.331531532,0.530100000,\log\left(\mathrm{MParams} + \left(\frac{\mathrm{Fisher}}{\mathrm{plain}}\right)^2\right) - \mathrm{MParams},MParams Fisher plain Div Square Add Log MParams Sub <EOS>,(log((MParams + square((Fisher / plain)))) - MParams),0.530100000,0.540600000,88,9,6,2032,run_monash_time_unique1000,2,1,Monash__bitcoin_dataset_without_missing_values/seed_2032/run_monash_time_unique1000/visualizations/archive_latex.tex
744,0.330630631,0.530100000,\frac{\log\left(\left(\mathrm{plain}\right) \cdot \left(\mathrm{GSynFlow}\right)\right)}{\left(\mathrm{MParams}\right)^2} - \mathrm{L2Norm},plain GSynFlow Mul Log MParams Square Div L2-Norm Sub <EOS>,((log((plain * GSynFlow)) / square(MParams)) - L2-Norm),0.530100000,0.569900000,28,9,5,2091,run_monash_time_unique1000,7,1,Monash__bitcoin_dataset_without_missing_values/seed_2091/run_monash_time_unique1000/visualizations/archive_latex.tex
745,0.329729730,0.530100000,\frac{\log\left(\left(\mathrm{GSynFlow}\right) \cdot \left(\mathrm{plain}\right)\right)}{\left(\mathrm{MParams}\right)^2} - \mathrm{L2Norm},GSynFlow plain Mul Log MParams Square Div L2-Norm Sub <EOS>,((log((GSynFlow * plain)) / square(MParams)) - L2-Norm),0.530100000,0.569900000,109,9,5,2148,run_monash_time_unique1000,8,1,Monash__bitcoin_dataset_without_missing_values/seed_2148/run_monash_time_unique1000/visualizations/archive_latex.tex
746,0.328828829,0.529900000,\mathrm{GradNorm} - \left(\left(\mathrm{GFLOPs}\right)^2\right) \cdot \left(\mathrm{Fisher}\right) + \left(\mathrm{MParams}\right)^2,Grad_Norm GFLOPs Square Fisher Mul Sub MParams Square Add <EOS>,((Grad_Norm - (square(GFLOPs) * Fisher)) + square(MParams)),0.529900000,0.547200000,39,9,5,2045,run_monash_time_unique1000,6,1,Monash__bitcoin_dataset_without_missing_values/seed_2045/run_monash_time_unique1000/visualizations/archive_latex.tex
747,0.327927928,0.529900000,\mathrm{GradNorm} + \left(\mathrm{MParams}\right)^2 - \left(\mathrm{Fisher}\right) \cdot \left(\left(\mathrm{GFLOPs}\right)^2\right),Grad_Norm MParams Square Fisher GFLOPs Square Mul Sub Add <EOS>,(Grad_Norm + (square(MParams) - (Fisher * square(GFLOPs)))),0.529900000,0.547200000,46,9,5,2150,run_monash_time_unique1000,8,1,Monash__bitcoin_dataset_without_missing_values/seed_2150/run_monash_time_unique1000/visualizations/archive_latex.tex
748,0.327027027,0.529600000,\frac{\frac{\log\left(\left(\mathrm{GraSP}\right) \cdot \left(\mathrm{GSynFlow}\right)\right)}{\mathrm{Snip}}}{\mathrm{MParams}},GraSP GSynFlow Mul Log Snip Div MParams Div <EOS>,((log((GraSP * GSynFlow)) / Snip) / MParams),0.529600000,0.494400000,119,8,5,2065,run_monash_time_unique1000,2,1,Monash__bitcoin_dataset_without_missing_values/seed_2065/run_monash_time_unique1000/visualizations/archive_latex.tex
749,0.326126126,0.529600000,\frac{\log\left(\left(\mathrm{GraSP}\right) \cdot \left(\mathrm{GSynFlow}\right)\right)}{\left(\mathrm{MParams}\right) \cdot \left(\mathrm{Snip}\right)},GraSP GSynFlow Mul Log MParams Snip Mul Div <EOS>,(log((GraSP * GSynFlow)) / (MParams * Snip)),0.529600000,0.494400000,17,8,4,2084,run_monash_time_unique1000,5,1,Monash__bitcoin_dataset_without_missing_values/seed_2084/run_monash_time_unique1000/visualizations/archive_latex.tex
750,0.325225225,0.529600000,\frac{\frac{\log\left(\left(\mathrm{GSynFlow}\right) \cdot \left(\mathrm{GraSP}\right)\right)}{\mathrm{Snip}}}{\mathrm{MParams}},GSynFlow GraSP Mul Log Snip Div MParams Div <EOS>,((log((GSynFlow * GraSP)) / Snip) / MParams),0.529600000,0.494400000,123,8,5,2129,run_monash_time_unique1000,5,1,Monash__bitcoin_dataset_without_missing_values/seed_2129/run_monash_time_unique1000/visualizations/archive_latex.tex
751,0.324324324,0.529500000,\log\left(\left(\mathrm{Snip}\right) \cdot \left(\mathrm{L2Norm}\right)\right) - \left(\left(\mathrm{MParams}\right)^2\right) \cdot \left(\mathrm{Fisher}\right),Snip L2-Norm Mul Log MParams Square Fisher Mul Sub <EOS>,(log((Snip * L2-Norm)) - (square(MParams) * Fisher)),0.529500000,0.549000000,188,9,4,2077,run_monash_time_unique1000,5,1,Monash__bitcoin_dataset_without_missing_values/seed_2077/run_monash_time_unique1000/visualizations/archive_latex.tex
752,0.323423423,0.529300000,\log\left(\mathrm{GFLOPs} + \mathrm{GFLOPs} - \left(\mathrm{GradNorm}\right) \cdot \left(\log\left(\mathrm{MParams}\right)\right)\right),GFLOPs GFLOPs Add Grad_Norm MParams Log Mul Sub Log <EOS>,log(((GFLOPs + GFLOPs) - (Grad_Norm * log(MParams)))),0.529300000,0.382400000,194,9,5,2066,run_monash_time_unique1000,1,1,Monash__bitcoin_dataset_without_missing_values/seed_2066/run_monash_time_unique1000/visualizations/archive_latex.tex
753,0.322522523,0.529100000,\left(\mathrm{Fisher} - \left(\log\left(\mathrm{Fisher}\right) + \mathrm{MParams}\right)^2\right) \cdot \left(\mathrm{plain}\right),Fisher Fisher Log MParams Add Square Sub plain Mul <EOS>,((Fisher - square((log(Fisher) + MParams))) * plain),0.529100000,0.561500000,148,9,6,2088,run_monash_time_unique1000,4,1,Monash__bitcoin_dataset_without_missing_values/seed_2088/run_monash_time_unique1000/visualizations/archive_latex.tex
754,0.321621622,0.528900000,\frac{\frac{\log\left(\left(\mathrm{GradNorm}\right) \cdot \left(\left(\mathrm{MParams}\right)^2\right)\right)}{\mathrm{Snip}}}{\mathrm{MParams}},Grad_Norm MParams Square Mul Log Snip Div MParams Div <EOS>,((log((Grad_Norm * square(MParams))) / Snip) / MParams),0.528900000,0.405200000,77,9,6,2067,run_monash_time_unique1000,3,1,Monash__bitcoin_dataset_without_missing_values/seed_2067/run_monash_time_unique1000/visualizations/archive_latex.tex
755,0.320720721,0.528700000,\left(\log\left(\mathrm{MParams}\right)\right) \cdot \left(\mathrm{ZiCo} - \mathrm{Fisher}\right) + \left(\mathrm{ZiCo}\right)^2,MParams Log ZiCo Fisher Sub Mul ZiCo Square Add <EOS>,((log(MParams) * (ZiCo - Fisher)) + square(ZiCo)),0.528700000,0.479800000,176,9,4,2222,run_monash_time_unique1000,5,1,Monash__bitcoin_dataset_without_missing_values/seed_2222/run_monash_time_unique1000/visualizations/archive_latex.tex
756,0.319819820,0.528700000,\frac{\frac{\log\left(\mathrm{MParams}\right)}{\mathrm{Fisher}}}{\mathrm{GFLOPs}} - \mathrm{L2Norm},MParams Log Fisher Div GFLOPs Div L2-Norm Sub <EOS>,(((log(MParams) / Fisher) / GFLOPs) - L2-Norm),0.528700000,0.428200000,26,8,5,2129,run_monash_time_unique1000,6,1,Monash__bitcoin_dataset_without_missing_values/seed_2129/run_monash_time_unique1000/visualizations/archive_latex.tex
757,0.318918919,0.528700000,\mathrm{Fisher} - \left(\log\left(\sqrt{\mathrm{Fisher}}\right) + \mathrm{MParams}\right)^2,Fisher Fisher Sqrt Log MParams Add Square Sub <EOS>,(Fisher - square((log(sqrt(Fisher)) + MParams))),0.528700000,0.505600000,21,8,6,2130,run_monash_time_unique1000,7,1,Monash__bitcoin_dataset_without_missing_values/seed_2130/run_monash_time_unique1000/visualizations/archive_latex.tex
758,0.318018018,0.528500000,\log\left(\mathrm{JacobFro}\right) - \frac{\mathrm{Fisher}}{\log\left(\left(\mathrm{GFLOPs}\right) \cdot \left(\mathrm{ZiCo}\right)\right)},Jacob_fro Log Fisher GFLOPs ZiCo Mul Log Div Sub <EOS>,(log(Jacob_fro) - (Fisher / log((GFLOPs * ZiCo)))),0.528500000,0.509300000,151,9,5,2051,run_monash_time_unique1000,4,2,Monash__bitcoin_dataset_without_missing_values/seed_2051/run_monash_time_unique1000/visualizations/archive_latex.tex
759,0.317117117,0.527900000,\left(\log\left(\mathrm{MParams}\right)\right) \cdot \left(\log\left(\log\left(\mathrm{Fisher}\right)\right)\right),MParams Log Fisher Log Log Mul <EOS>,(log(MParams) * log(log(Fisher))),0.527900000,0.422500000,155,6,4,2205,run_monash_time_unique1000,1,1,Monash__bitcoin_dataset_without_missing_values/seed_2205/run_monash_time_unique1000/visualizations/archive_latex.tex
760,0.316216216,0.527900000,\frac{\log\left(\left(\mathrm{Snip}\right) \cdot \left(\mathrm{GSynFlow}\right)\right)}{\left(\left(\mathrm{MParams}\right)^2\right) \cdot \left(\mathrm{plain}\right)},Snip GSynFlow Mul Log MParams Square plain Mul Div <EOS>,(log((Snip * GSynFlow)) / (square(MParams) * plain)),0.527900000,0.455200000,50,9,4,2084,run_monash_time_unique1000,6,1,Monash__bitcoin_dataset_without_missing_values/seed_2084/run_monash_time_unique1000/visualizations/archive_latex.tex
761,0.315315315,0.527900000,\left(\mathrm{Fisher}\right) \cdot \left(\frac{\mathrm{GSynFlow}}{-\log\left(\left(\mathrm{Fisher}\right) \cdot \left(\mathrm{MParams}\right)\right)}\right),Fisher GSynFlow Fisher MParams Mul Log Negative Div Mul <EOS>,(Fisher * (GSynFlow / -(log((Fisher * MParams))))),0.527900000,0.440200000,10,9,6,2123,run_monash_time_unique1000,7,1,Monash__bitcoin_dataset_without_missing_values/seed_2123/run_monash_time_unique1000/visualizations/archive_latex.tex
762,0.314414414,0.527900000,\left(\mathrm{GSynFlow}\right) \cdot \left(\frac{-\mathrm{Fisher}}{\log\left(\left(\mathrm{Fisher}\right) \cdot \left(\mathrm{MParams}\right)\right)}\right),GSynFlow Fisher Negative Fisher MParams Mul Log Div Mul <EOS>,(GSynFlow * (-(Fisher) / log((Fisher * MParams)))),0.527900000,0.440200000,50,9,5,2033,run_monash_time_unique1000,9,1,Monash__bitcoin_dataset_without_missing_values/seed_2033/run_monash_time_unique1000/visualizations/archive_latex.tex
763,0.313513514,0.527700000,\frac{\frac{\log\left(\mathrm{GSynFlow}\right)}{\mathrm{plain}}}{\sqrt{\mathrm{MParams}}} - \mathrm{L2Norm},GSynFlow Log plain Div MParams Sqrt Div L2-Norm Sub <EOS>,(((log(GSynFlow) / plain) / sqrt(MParams)) - L2-Norm),0.527700000,0.451400000,131,9,5,2148,run_monash_time_unique1000,9,1,Monash__bitcoin_dataset_without_missing_values/seed_2148/run_monash_time_unique1000/visualizations/archive_latex.tex
764,0.312612613,0.527600000,\frac{\frac{\log\left(\left(\mathrm{GraSP}\right) \cdot \left(\mathrm{GSynFlow}\right)\right)}{\mathrm{Snip}}}{\left(\mathrm{MParams}\right)^2},GraSP GSynFlow Mul Log Snip Div MParams Square Div <EOS>,((log((GraSP * GSynFlow)) / Snip) / square(MParams)),0.527600000,0.509500000,87,9,5,2188,run_monash_time_unique1000,6,1,Monash__bitcoin_dataset_without_missing_values/seed_2188/run_monash_time_unique1000/visualizations/archive_latex.tex
765,0.311711712,0.527600000,\frac{\log\left(\left(\mathrm{GraSP}\right) \cdot \left(\mathrm{GSynFlow}\right)\right)}{\left(\left(\mathrm{MParams}\right)^2\right) \cdot \left(\mathrm{Snip}\right)},GraSP GSynFlow Mul Log MParams Square Snip Mul Div <EOS>,(log((GraSP * GSynFlow)) / (square(MParams) * Snip)),0.527600000,0.509500000,15,9,4,2084,run_monash_time_unique1000,7,1,Monash__bitcoin_dataset_without_missing_values/seed_2084/run_monash_time_unique1000/visualizations/archive_latex.tex
766,0.310810811,0.527400000,-\left(\left(\mathrm{Fisher}\right) \cdot \left(\left(\mathrm{MParams}\right)^2\right)\right)^2 - \log\left(\mathrm{GSynFlow}\right),Fisher MParams Square Mul Square GSynFlow Log Sub Negative <EOS>,-((square((Fisher * square(MParams))) - log(GSynFlow))),0.527400000,0.471000000,36,9,6,2180,run_monash_time_unique1000,4,2,Monash__bitcoin_dataset_without_missing_values/seed_2180/run_monash_time_unique1000/visualizations/archive_latex.tex
767,0.309909910,0.527400000,-\left(\left(\left(\mathrm{MParams}\right)^2\right) \cdot \left(\mathrm{Fisher}\right)\right)^2 - \log\left(\mathrm{GSynFlow}\right),MParams Square Fisher Mul Square GSynFlow Log Sub Negative <EOS>,-((square((square(MParams) * Fisher)) - log(GSynFlow))),0.527400000,0.471000000,102,9,6,2069,run_monash_time_unique1000,7,1,Monash__bitcoin_dataset_without_missing_values/seed_2069/run_monash_time_unique1000/visualizations/archive_latex.tex
768,0.309009009,0.527200000,\frac{\mathrm{MParams} + \mathrm{GradNorm}}{\sqrt{\mathrm{L2Norm}} + \mathrm{Snip}},MParams Grad_Norm Add L2-Norm Sqrt Snip Add Div <EOS>,((MParams + Grad_Norm) / (sqrt(L2-Norm) + Snip)),0.527200000,0.401800000,160,8,4,2034,run_monash_time_unique1000,1,1,Monash__bitcoin_dataset_without_missing_values/seed_2034/run_monash_time_unique1000/visualizations/archive_latex.tex
769,0.308108108,0.527000000,\frac{\frac{\mathrm{plain}}{\mathrm{GSynFlow}}}{\mathrm{GraSP}} - \mathrm{MParams},plain GSynFlow Div GraSP Div MParams Sub <EOS>,(((plain / GSynFlow) / GraSP) - MParams),0.527000000,0.509900000,48,7,4,2224,run_monash_time_unique1000,2,1,Monash__bitcoin_dataset_without_missing_values/seed_2224/run_monash_time_unique1000/visualizations/archive_latex.tex
770,0.307207207,0.527000000,\frac{\mathrm{plain}}{\left(\mathrm{GraSP}\right) \cdot \left(\mathrm{GSynFlow}\right)} - \mathrm{MParams},plain GraSP GSynFlow Mul Div MParams Sub <EOS>,((plain / (GraSP * GSynFlow)) - MParams),0.527000000,0.509900000,36,7,4,2220,run_monash_time_unique1000,6,1,Monash__bitcoin_dataset_without_missing_values/seed_2220/run_monash_time_unique1000/visualizations/archive_latex.tex
771,0.306306306,0.527000000,\frac{\mathrm{plain}}{\left(\mathrm{GraSP}\right) \cdot \left(\mathrm{GSynFlow}\right)} - \log\left(\sqrt{\mathrm{GFLOPs}}\right),plain GraSP GSynFlow Mul Div GFLOPs Sqrt Log Sub <EOS>,((plain / (GraSP * GSynFlow)) - log(sqrt(GFLOPs))),0.527000000,0.478900000,76,9,4,2220,run_monash_time_unique1000,7,1,Monash__bitcoin_dataset_without_missing_values/seed_2220/run_monash_time_unique1000/visualizations/archive_latex.tex
772,0.305405405,0.527000000,\log\left(\left(\mathrm{GradNorm}\right) \cdot \left(\sqrt{\mathrm{GFLOPs}}\right)\right) - \left(\mathrm{plain}\right) \cdot \left(\mathrm{MParams}\right),Grad_Norm GFLOPs Sqrt Mul Log plain MParams Mul Sub <EOS>,(log((Grad_Norm * sqrt(GFLOPs))) - (plain * MParams)),0.527000000,0.526200000,123,9,5,2210,run_monash_time_unique1000,9,1,Monash__bitcoin_dataset_without_missing_values/seed_2210/run_monash_time_unique1000/visualizations/archive_latex.tex
773,0.304504505,0.526800000,\frac{\frac{\log\left(\left(\mathrm{GradNorm}\right) \cdot \left(\sqrt{\mathrm{GSynFlow}}\right)\right)}{\mathrm{MParams}}}{\mathrm{Snip}},Grad_Norm GSynFlow Sqrt Mul Log MParams Div Snip Div <EOS>,((log((Grad_Norm * sqrt(GSynFlow))) / MParams) / Snip),0.526800000,0.494000000,62,9,6,2067,run_monash_time_unique1000,4,1,Monash__bitcoin_dataset_without_missing_values/seed_2067/run_monash_time_unique1000/visualizations/archive_latex.tex
774,0.303603604,0.526600000,\frac{\log\left(\left(\mathrm{Snip}\right) \cdot \left(\mathrm{GSynFlow}\right)\right)}{\left(\mathrm{MParams}\right) \cdot \left(\mathrm{Snip}\right)},Snip GSynFlow Mul Log MParams Snip Mul Div <EOS>,(log((Snip * GSynFlow)) / (MParams * Snip)),0.526600000,0.460700000,28,8,4,2084,run_monash_time_unique1000,8,1,Monash__bitcoin_dataset_without_missing_values/seed_2084/run_monash_time_unique1000/visualizations/archive_latex.tex
775,0.302702703,0.526300000,\sqrt{\left(\mathrm{plain}\right) \cdot \left(\mathrm{MParams}\right) - \log\left(\mathrm{Snip}\right) - \mathrm{ZiCo}},plain MParams Mul Snip Log ZiCo Sub Sub Sqrt <EOS>,sqrt(((plain * MParams) - (log(Snip) - ZiCo))),0.526300000,0.513600000,152,9,5,2119,run_monash_time_unique1000,2,1,Monash__bitcoin_dataset_without_missing_values/seed_2119/run_monash_time_unique1000/visualizations/archive_latex.tex
776,0.301801802,0.526300000,\log\left(\mathrm{L2Norm}\right) - \left(\mathrm{Fisher}\right) \cdot \left(\log\left(\left(\mathrm{GFLOPs}\right) \cdot \left(\mathrm{ZiCo}\right)\right)\right),L2-Norm Log Fisher GFLOPs ZiCo Mul Log Mul Sub <EOS>,(log(L2-Norm) - (Fisher * log((GFLOPs * ZiCo)))),0.526300000,0.504900000,141,9,5,2185,run_monash_time_unique1000,4,3,Monash__bitcoin_dataset_without_missing_values/seed_2185/run_monash_time_unique1000/visualizations/archive_latex.tex
777,0.300900901,0.526300000,\frac{\mathrm{L2Norm}}{\left(\log\left(\sqrt{\mathrm{Fisher}}\right) + \left(\mathrm{MParams}\right)^2\right)^2},L2-Norm Fisher Sqrt Log MParams Square Add Square Div <EOS>,(L2-Norm / square((log(sqrt(Fisher)) + square(MParams)))),0.526300000,0.495300000,22,9,6,2130,run_monash_time_unique1000,8,1,Monash__bitcoin_dataset_without_missing_values/seed_2130/run_monash_time_unique1000/visualizations/archive_latex.tex
778,0.300000000,0.526000000,\frac{\mathrm{GradNorm}}{\log\left(\frac{\sqrt{\mathrm{GFLOPs}}}{\mathrm{GSynFlow}}\right) + \mathrm{Snip}},Grad_Norm GFLOPs Sqrt GSynFlow Div Log Snip Add Div <EOS>,(Grad_Norm / (log((sqrt(GFLOPs) / GSynFlow)) + Snip)),0.526000000,0.473900000,41,9,6,2162,run_monash_time_unique1000,9,1,Monash__bitcoin_dataset_without_missing_values/seed_2162/run_monash_time_unique1000/visualizations/archive_latex.tex
779,0.299099099,0.525900000,\frac{\mathrm{GradNorm}}{-\mathrm{GFLOPs} - \log\left(\left(\mathrm{GFLOPs}\right) \cdot \left(\mathrm{L2Norm}\right)\right)},Grad_Norm GFLOPs GFLOPs L2-Norm Mul Log Sub Negative Div <EOS>,(Grad_Norm / -((GFLOPs - log((GFLOPs * L2-Norm))))),0.525900000,0.544300000,103,9,6,2109,run_monash_time_unique1000,3,1,Monash__bitcoin_dataset_without_missing_values/seed_2109/run_monash_time_unique1000/visualizations/archive_latex.tex
780,0.298198198,0.525900000,\frac{\mathrm{GradNorm}}{\log\left(\left(\mathrm{GFLOPs}\right) \cdot \left(\mathrm{L2Norm}\right)\right) - \mathrm{GFLOPs}},Grad_Norm GFLOPs L2-Norm Mul Log GFLOPs Sub Div <EOS>,(Grad_Norm / (log((GFLOPs * L2-Norm)) - GFLOPs)),0.525900000,0.544300000,7,8,5,2155,run_monash_time_unique1000,8,1,Monash__bitcoin_dataset_without_missing_values/seed_2155/run_monash_time_unique1000/visualizations/archive_latex.tex
781,0.297297297,0.525700000,\frac{\log\left(\left(\mathrm{GraSP}\right) \cdot \left(\mathrm{GSynFlow}\right)\right)}{\left(\sqrt{\mathrm{GraSP}}\right) \cdot \left(\mathrm{MParams}\right)},GraSP GSynFlow Mul Log GraSP Sqrt MParams Mul Div <EOS>,(log((GraSP * GSynFlow)) / (sqrt(GraSP) * MParams)),0.525700000,0.415000000,18,9,4,2084,run_monash_time_unique1000,9,1,Monash__bitcoin_dataset_without_missing_values/seed_2084/run_monash_time_unique1000/visualizations/archive_latex.tex
782,0.296396396,0.525600000,\left(\left(-\mathrm{plain}\right) \cdot \left(\mathrm{MParams}\right) + \sqrt{\mathrm{GradNorm}}\right) \cdot \left(\mathrm{L2Norm}\right),plain Negative MParams Mul Grad_Norm Sqrt Add L2-Norm Mul <EOS>,(((-(plain) * MParams) + sqrt(Grad_Norm)) * L2-Norm),0.525600000,0.497200000,56,9,5,2222,run_monash_time_unique1000,6,1,Monash__bitcoin_dataset_without_missing_values/seed_2222/run_monash_time_unique1000/visualizations/archive_latex.tex
783,0.295495495,0.525500000,\frac{\log\left(\left(\mathrm{GraSP}\right) \cdot \left(\mathrm{GSynFlow}\right)\right)}{\left(\left(\mathrm{MParams}\right)^2\right) \cdot \left(\mathrm{GradNorm}\right)},GraSP GSynFlow Mul Log MParams Square Grad_Norm Mul Div <EOS>,(log((GraSP * GSynFlow)) / (square(MParams) * Grad_Norm)),0.525500000,0.493200000,22,9,4,2084,run_monash_time_unique1000,10,1,Monash__bitcoin_dataset_without_missing_values/seed_2084/run_monash_time_unique1000/visualizations/archive_latex.tex
784,0.294594595,0.525400000,\frac{\mathrm{plain} - \mathrm{GFLOPs}}{\log\left(\left(\mathrm{MParams}\right) \cdot \left(\mathrm{Fisher}\right)\right)},plain GFLOPs Sub MParams Fisher Mul Log Div <EOS>,((plain - GFLOPs) / log((MParams * Fisher))),0.525400000,0.410600000,148,8,4,2168,run_monash_time_unique1000,6,1,Monash__bitcoin_dataset_without_missing_values/seed_2168/run_monash_time_unique1000/visualizations/archive_latex.tex
785,0.293693694,0.525400000,\log\left(\mathrm{MParams} + \mathrm{GradNorm}\right) - \left(\left(\mathrm{MParams}\right)^2\right) \cdot \left(\mathrm{Fisher}\right),MParams Grad_Norm Add Log MParams Square Fisher Mul Sub <EOS>,(log((MParams + Grad_Norm)) - (square(MParams) * Fisher)),0.525400000,0.570100000,192,9,4,2073,run_monash_time_unique1000,8,1,Monash__bitcoin_dataset_without_missing_values/seed_2073/run_monash_time_unique1000/visualizations/archive_latex.tex
786,0.292792793,0.525100000,-\left(\log\left(\mathrm{Fisher}\right) + \mathrm{MParams} + \left(\mathrm{MParams}\right)^2\right)^2,Fisher Log MParams MParams Square Add Add Square Negative <EOS>,-(square((log(Fisher) + (MParams + square(MParams))))),0.525100000,0.486100000,50,9,6,2083,run_monash_time_unique1000,1,1,Monash__bitcoin_dataset_without_missing_values/seed_2083/run_monash_time_unique1000/visualizations/archive_latex.tex
787,0.291891892,0.525000000,\left(\log\left(\mathrm{GSynFlow}\right)\right) \cdot \left(\mathrm{L2Norm} - \mathrm{Snip}\right),GSynFlow Log L2-Norm Snip Sub Mul <EOS>,(log(GSynFlow) * (L2-Norm - Snip)),0.525000000,0.415600000,50,6,3,2165,run_monash_time_unique1000,4,1,Monash__bitcoin_dataset_without_missing_values/seed_2165/run_monash_time_unique1000/visualizations/archive_latex.tex
788,0.290990991,0.525000000,\log\left(\mathrm{GSynFlow}\right) - \frac{\mathrm{GradNorm}}{\log\left(\left(\mathrm{Fisher}\right) \cdot \left(\mathrm{MParams}\right)\right)},GSynFlow Log Grad_Norm Fisher MParams Mul Log Div Sub <EOS>,(log(GSynFlow) - (Grad_Norm / log((Fisher * MParams)))),0.525000000,0.429800000,30,9,5,2185,run_monash_time_unique1000,5,2,Monash__bitcoin_dataset_without_missing_values/seed_2185/run_monash_time_unique1000/visualizations/archive_latex.tex
789,0.290090090,0.524900000,\log\left(\log\left(\mathrm{GFLOPs}\right) + \mathrm{GradNorm}\right) - \left(\mathrm{MParams}\right) \cdot \left(\mathrm{plain}\right),GFLOPs Log Grad_Norm Add Log MParams plain Mul Sub <EOS>,(log((log(GFLOPs) + Grad_Norm)) - (MParams * plain)),0.524900000,0.505100000,111,9,5,2096,run_monash_time_unique1000,6,1,Monash__bitcoin_dataset_without_missing_values/seed_2096/run_monash_time_unique1000/visualizations/archive_latex.tex
790,0.289189189,0.524900000,\log\left(\log\left(\mathrm{GFLOPs}\right) + \mathrm{GradNorm}\right) - \left(\mathrm{plain}\right) \cdot \left(\mathrm{MParams}\right),GFLOPs Log Grad_Norm Add Log plain MParams Mul Sub <EOS>,(log((log(GFLOPs) + Grad_Norm)) - (plain * MParams)),0.524900000,0.505100000,136,9,5,2188,run_monash_time_unique1000,7,1,Monash__bitcoin_dataset_without_missing_values/seed_2188/run_monash_time_unique1000/visualizations/archive_latex.tex
791,0.288288288,0.524600000,\frac{\mathrm{GradNorm}}{\sqrt{\frac{\sqrt{\mathrm{plain}}}{\mathrm{GSynFlow}}} + \mathrm{Snip}},Grad_Norm plain Sqrt GSynFlow Div Sqrt Snip Add Div <EOS>,(Grad_Norm / (sqrt((sqrt(plain) / GSynFlow)) + Snip)),0.524600000,0.567900000,37,9,6,2162,run_monash_time_unique1000,10,1,Monash__bitcoin_dataset_without_missing_values/seed_2162/run_monash_time_unique1000/visualizations/archive_latex.tex
792,0.287387387,0.524300000,\left(\sqrt{\mathrm{MParams}} - \left(\mathrm{MParams}\right)^2\right) \cdot \left(\mathrm{Snip} - \mathrm{L2Norm}\right),MParams Sqrt MParams Square Sub Snip L2-Norm Sub Mul <EOS>,((sqrt(MParams) - square(MParams)) * (Snip - L2-Norm)),0.524300000,0.410400000,105,9,4,2138,run_monash_time_unique1000,3,1,Monash__bitcoin_dataset_without_missing_values/seed_2138/run_monash_time_unique1000/visualizations/archive_latex.tex
793,0.286486486,0.524200000,\log\left(\mathrm{GradNorm}\right) - \left(\mathrm{plain}\right) \cdot \left(\mathrm{MParams}\right) + \sqrt{\mathrm{MParams}},Grad_Norm Log plain MParams Mul Sub MParams Sqrt Add <EOS>,((log(Grad_Norm) - (plain * MParams)) + sqrt(MParams)),0.524200000,0.516700000,118,9,4,2126,run_monash_time_unique1000,2,1,Monash__bitcoin_dataset_without_missing_values/seed_2126/run_monash_time_unique1000/visualizations/archive_latex.tex
794,0.285585586,0.524200000,\left(\log\left(\mathrm{MParams}\right)\right) \cdot \left(\log\left(\log\left(\mathrm{Fisher}\right)\right)\right) + \mathrm{ZiCo},MParams Log Fisher Log Log Mul ZiCo Add <EOS>,((log(MParams) * log(log(Fisher))) + ZiCo),0.524200000,0.415600000,156,8,5,2205,run_monash_time_unique1000,2,1,Monash__bitcoin_dataset_without_missing_values/seed_2205/run_monash_time_unique1000/visualizations/archive_latex.tex
795,0.284684685,0.524000000,\frac{-\mathrm{GSynFlow}}{\log\left(\left(\mathrm{MParams}\right) \cdot \left(\sqrt{\mathrm{Fisher}}\right)\right)},GSynFlow Negative MParams Fisher Sqrt Mul Log Div <EOS>,(-(GSynFlow) / log((MParams * sqrt(Fisher)))),0.524000000,0.545200000,31,8,5,2168,run_monash_time_unique1000,7,1,Monash__bitcoin_dataset_without_missing_values/seed_2168/run_monash_time_unique1000/visualizations/archive_latex.tex
796,0.283783784,0.524000000,\frac{\mathrm{GSynFlow}}{-\log\left(\left(\sqrt{\mathrm{Fisher}}\right) \cdot \left(\mathrm{MParams}\right)\right)},GSynFlow Fisher Sqrt MParams Mul Log Negative Div <EOS>,(GSynFlow / -(log((sqrt(Fisher) * MParams)))),0.524000000,0.545200000,16,8,6,2123,run_monash_time_unique1000,8,1,Monash__bitcoin_dataset_without_missing_values/seed_2123/run_monash_time_unique1000/visualizations/archive_latex.tex
797,0.282882883,0.524000000,\frac{\frac{\mathrm{GSynFlow}}{\mathrm{Jacov}}}{\log\left(\left(\sqrt{\mathrm{Fisher}}\right) \cdot \left(\mathrm{MParams}\right)\right)},GSynFlow Jacov Div Fisher Sqrt MParams Mul Log Div <EOS>,((GSynFlow / Jacov) / log((sqrt(Fisher) * MParams))),0.524000000,0.545300000,163,9,5,2033,run_monash_time_unique1000,10,1,Monash__bitcoin_dataset_without_missing_values/seed_2033/run_monash_time_unique1000/visualizations/archive_latex.tex
798,0.281981982,0.523900000,\frac{\log\left(\left(\mathrm{GradNorm}\right) \cdot \left(\mathrm{MParams}\right)\right)}{\left(\left(\mathrm{MParams}\right)^2\right) \cdot \left(\mathrm{plain}\right)},Grad_Norm MParams Mul Log MParams Square plain Mul Div <EOS>,(log((Grad_Norm * MParams)) / (square(MParams) * plain)),0.523900000,0.460200000,119,9,4,2210,run_monash_time_unique1000,10,1,Monash__bitcoin_dataset_without_missing_values/seed_2210/run_monash_time_unique1000/visualizations/archive_latex.tex
799,0.281081081,0.523500000,\left(\log\left(\log\left(\mathrm{GradNorm}\right)\right)\right) \cdot \left(-\log\left(\mathrm{ZiCo}\right) + \mathrm{MParams}\right),Grad_Norm Log Log ZiCo Log MParams Add Negative Mul <EOS>,(log(log(Grad_Norm)) * -((log(ZiCo) + MParams))),0.523500000,0.522500000,101,9,5,2130,run_monash_time_unique1000,9,1,Monash__bitcoin_dataset_without_missing_values/seed_2130/run_monash_time_unique1000/visualizations/archive_latex.tex
800,0.280180180,0.523200000,\frac{\log\left(\left(\mathrm{Fisher}\right) \cdot \left(\mathrm{GSynFlow}\right)\right)}{\mathrm{MParams}} - \mathrm{L2Norm},Fisher GSynFlow Mul Log MParams Div L2-Norm Sub <EOS>,((log((Fisher * GSynFlow)) / MParams) - L2-Norm),0.523200000,0.566600000,107,8,5,2129,run_monash_time_unique1000,7,2,Monash__bitcoin_dataset_without_missing_values/seed_2129/run_monash_time_unique1000/visualizations/archive_latex.tex
801,0.279279279,0.523200000,\frac{\log\left(\left(\mathrm{GSynFlow}\right) \cdot \left(\mathrm{Fisher}\right)\right)}{\mathrm{MParams}} - \mathrm{L2Norm},GSynFlow Fisher Mul Log MParams Div L2-Norm Sub <EOS>,((log((GSynFlow * Fisher)) / MParams) - L2-Norm),0.523200000,0.566600000,116,8,5,2148,run_monash_time_unique1000,10,1,Monash__bitcoin_dataset_without_missing_values/seed_2148/run_monash_time_unique1000/visualizations/archive_latex.tex
802,0.278378378,0.522700000,\mathrm{GFLOPs} + \mathrm{GFLOPs} - \left(\mathrm{GradNorm}\right) \cdot \left(\log\left(\mathrm{MParams}\right)\right),GFLOPs GFLOPs Add Grad_Norm MParams Log Mul Sub <EOS>,((GFLOPs + GFLOPs) - (Grad_Norm * log(MParams))),0.522700000,0.385300000,200,8,4,2066,run_monash_time_unique1000,2,1,Monash__bitcoin_dataset_without_missing_values/seed_2066/run_monash_time_unique1000/visualizations/archive_latex.tex
803,0.277477477,0.522100000,\frac{\log\left(\mathrm{MParams}\right)}{\mathrm{Fisher}} - \mathrm{L2Norm} - \mathrm{MParams},MParams Log Fisher Div L2-Norm Sub MParams Sub <EOS>,(((log(MParams) / Fisher) - L2-Norm) - MParams),0.522100000,0.377200000,51,8,5,2194,run_monash_time_unique1000,1,1,Monash__bitcoin_dataset_without_missing_values/seed_2194/run_monash_time_unique1000/visualizations/archive_latex.tex
804,0.276576577,0.522000000,\log\left(\left(\mathrm{GradNorm}\right) \cdot \left(\mathrm{GFLOPs}\right)\right) - \left(\left(\mathrm{MParams}\right)^2\right) \cdot \left(\mathrm{Fisher}\right),Grad_Norm GFLOPs Mul Log MParams Square Fisher Mul Sub <EOS>,(log((Grad_Norm * GFLOPs)) - (square(MParams) * Fisher)),0.522000000,0.497600000,156,9,4,2077,run_monash_time_unique1000,6,1,Monash__bitcoin_dataset_without_missing_values/seed_2077/run_monash_time_unique1000/visualizations/archive_latex.tex
805,0.275675676,0.522000000,\frac{\log\left(\frac{\mathrm{GSynFlow}}{\log\left(\mathrm{Jacov}\right)}\right)}{\mathrm{MParams}} - \mathrm{L2Norm},GSynFlow Jacov Log Div Log MParams Div L2-Norm Sub <EOS>,((log((GSynFlow / log(Jacov))) / MParams) - L2-Norm),0.522000000,0.624700000,113,9,6,2129,run_monash_time_unique1000,8,2,Monash__bitcoin_dataset_without_missing_values/seed_2129/run_monash_time_unique1000/visualizations/archive_latex.tex
806,0.274774775,0.522000000,\log\left(\left(\mathrm{GFLOPs}\right) \cdot \left(\mathrm{GradNorm}\right)\right) - \left(\left(\mathrm{MParams}\right)^2\right) \cdot \left(\mathrm{Fisher}\right),GFLOPs Grad_Norm Mul Log MParams Square Fisher Mul Sub <EOS>,(log((GFLOPs * Grad_Norm)) - (square(MParams) * Fisher)),0.522000000,0.497600000,161,9,4,2073,run_monash_time_unique1000,9,1,Monash__bitcoin_dataset_without_missing_values/seed_2073/run_monash_time_unique1000/visualizations/archive_latex.tex
807,0.273873874,0.521800000,\left(\sqrt{\mathrm{GFLOPs}} - \left(\mathrm{MParams}\right)^2\right) \cdot \left(\log\left(\log\left(\mathrm{GradNorm}\right)\right)\right),GFLOPs Sqrt MParams Square Sub Grad_Norm Log Log Mul <EOS>,((sqrt(GFLOPs) - square(MParams)) * log(log(Grad_Norm))),0.521800000,0.525200000,183,9,4,2138,run_monash_time_unique1000,4,1,Monash__bitcoin_dataset_without_missing_values/seed_2138/run_monash_time_unique1000/visualizations/archive_latex.tex
808,0.272972973,0.521500000,\frac{\log\left(\left(\mathrm{MParams}\right)^2\right)}{\mathrm{Fisher}} - \mathrm{L2Norm},MParams Square Log Fisher Div L2-Norm Sub <EOS>,((log(square(MParams)) / Fisher) - L2-Norm),0.521500000,0.370500000,145,7,5,2129,run_monash_time_unique1000,9,1,Monash__bitcoin_dataset_without_missing_values/seed_2129/run_monash_time_unique1000/visualizations/archive_latex.tex
809,0.272072072,0.521300000,\frac{\log\left(\left(\sqrt{\mathrm{GSynFlow}}\right) \cdot \left(\mathrm{GSynFlow}\right)\right)}{\mathrm{MParams}} - \mathrm{L2Norm},GSynFlow Sqrt GSynFlow Mul Log MParams Div L2-Norm Sub <EOS>,((log((sqrt(GSynFlow) * GSynFlow)) / MParams) - L2-Norm),0.521300000,0.628800000,39,9,6,2091,run_monash_time_unique1000,10,1,Monash__bitcoin_dataset_without_missing_values/seed_2091/run_monash_time_unique1000/visualizations/archive_latex.tex
810,0.271171171,0.521300000,\frac{\log\left(\left(\mathrm{GSynFlow}\right) \cdot \left(\sqrt{\mathrm{GSynFlow}}\right)\right)}{\mathrm{MParams}} - \mathrm{L2Norm},GSynFlow GSynFlow Sqrt Mul Log MParams Div L2-Norm Sub <EOS>,((log((GSynFlow * sqrt(GSynFlow))) / MParams) - L2-Norm),0.521300000,0.628800000,196,9,6,2129,run_monash_time_unique1000,10,1,Monash__bitcoin_dataset_without_missing_values/seed_2129/run_monash_time_unique1000/visualizations/archive_latex.tex
811,0.270270270,0.521100000,\log\left(\mathrm{GFLOPs}\right) - \left(\log\left(\sqrt{\mathrm{Fisher}}\right) + \mathrm{MParams}\right)^2,GFLOPs Log Fisher Sqrt Log MParams Add Square Sub <EOS>,(log(GFLOPs) - square((log(sqrt(Fisher)) + MParams))),0.521100000,0.418300000,19,9,6,2130,run_monash_time_unique1000,10,1,Monash__bitcoin_dataset_without_missing_values/seed_2130/run_monash_time_unique1000/visualizations/archive_latex.tex
812,0.269369369,0.520900000,\left(\log\left(\mathrm{MParams}\right)\right) \cdot \left(\left(\mathrm{MParams}\right) \cdot \left(\mathrm{L2Norm} - \mathrm{Snip}\right)\right),MParams Log MParams L2-Norm Snip Sub Mul Mul <EOS>,(log(MParams) * (MParams * (L2-Norm - Snip))),0.520900000,0.421700000,27,8,4,2075,run_monash_time_unique1000,2,1,Monash__bitcoin_dataset_without_missing_values/seed_2075/run_monash_time_unique1000/visualizations/archive_latex.tex
813,0.268468468,0.520900000,\log\left(\mathrm{GradNorm} + \mathrm{GSynFlow}\right) - \left(\left(\mathrm{plain}\right) \cdot \left(\mathrm{MParams}\right)\right)^2,Grad_Norm GSynFlow Add Log plain MParams Mul Square Sub <EOS>,(log((Grad_Norm + GSynFlow)) - square((plain * MParams))),0.520900000,0.525400000,106,9,4,2057,run_monash_time_unique1000,5,1,Monash__bitcoin_dataset_without_missing_values/seed_2057/run_monash_time_unique1000/visualizations/archive_latex.tex
814,0.267567568,0.520900000,\log\left(\mathrm{GradNorm} + \mathrm{GSynFlow}\right) - \left(\left(\mathrm{MParams}\right) \cdot \left(\mathrm{plain}\right)\right)^2,Grad_Norm GSynFlow Add Log MParams plain Mul Square Sub <EOS>,(log((Grad_Norm + GSynFlow)) - square((MParams * plain))),0.520900000,0.525400000,127,9,4,2077,run_monash_time_unique1000,7,1,Monash__bitcoin_dataset_without_missing_values/seed_2077/run_monash_time_unique1000/visualizations/archive_latex.tex
815,0.266666667,0.520600000,\left(\mathrm{Fisher} - \left(\left(\mathrm{Fisher}\right) \cdot \left(\left(\mathrm{MParams}\right)^2\right)\right)^2\right) \cdot \left(\mathrm{GSynFlow}\right),Fisher Fisher MParams Square Mul Square Sub GSynFlow Mul <EOS>,((Fisher - square((Fisher * square(MParams)))) * GSynFlow),0.520600000,0.441300000,127,9,6,2088,run_monash_time_unique1000,5,1,Monash__bitcoin_dataset_without_missing_values/seed_2088/run_monash_time_unique1000/visualizations/archive_latex.tex
816,0.265765766,0.520400000,\frac{-\left(\mathrm{Snip}\right)^2}{\left(\mathrm{MParams}\right) \cdot \left(\mathrm{Fisher}\right) - \mathrm{plain}},Snip Square Negative MParams Fisher Mul plain Sub Div <EOS>,(-(square(Snip)) / ((MParams * Fisher) - plain)),0.520400000,0.614400000,101,9,4,2103,run_monash_time_unique1000,5,1,Monash__bitcoin_dataset_without_missing_values/seed_2103/run_monash_time_unique1000/visualizations/archive_latex.tex
817,0.264864865,0.520100000,\log\left(\mathrm{MParams} + \log\left(\mathrm{GradNorm}\right)\right) - \left(\mathrm{MParams}\right) \cdot \left(\mathrm{plain}\right),MParams Grad_Norm Log Add Log MParams plain Mul Sub <EOS>,(log((MParams + log(Grad_Norm))) - (MParams * plain)),0.520100000,0.399400000,55,9,5,2105,run_monash_time_unique1000,3,1,Monash__bitcoin_dataset_without_missing_values/seed_2105/run_monash_time_unique1000/visualizations/archive_latex.tex
818,0.263963964,0.520000000,\log\left(\left(\mathrm{JacobFro}\right) \cdot \left(\left(\mathrm{MParams}\right)^2\right)\right) - \left(\mathrm{MParams}\right)^2,Jacob_fro MParams Square Mul Log MParams Square Sub <EOS>,(log((Jacob_fro * square(MParams))) - square(MParams)),0.520000000,0.431100000,185,8,5,2037,run_monash_time_unique1000,2,10,Monash__bitcoin_dataset_without_missing_values/seed_2037/run_monash_time_unique1000/visualizations/archive_latex.tex
819,0.263063063,0.520000000,\log\left(\left(\left(\mathrm{MParams}\right)^2\right) \cdot \left(\mathrm{JacobFro}\right)\right) - \left(\mathrm{MParams}\right)^2,MParams Square Jacob_fro Mul Log MParams Square Sub <EOS>,(log((square(MParams) * Jacob_fro)) - square(MParams)),0.520000000,0.431100000,75,8,5,2043,run_monash_time_unique1000,2,9,Monash__bitcoin_dataset_without_missing_values/seed_2043/run_monash_time_unique1000/visualizations/archive_latex.tex
820,0.262162162,0.520000000,\log\left(\left(\mathrm{MParams}\right) \cdot \left(\left(\mathrm{MParams}\right) \cdot \left(\mathrm{JacobFro}\right)\right)\right) - \left(\mathrm{MParams}\right)^2,MParams MParams Jacob_fro Mul Mul Log MParams Square Sub <EOS>,(log((MParams * (MParams * Jacob_fro))) - square(MParams)),0.520000000,0.431100000,89,9,5,2158,run_monash_time_unique1000,2,1,Monash__bitcoin_dataset_without_missing_values/seed_2158/run_monash_time_unique1000/visualizations/archive_latex.tex
821,0.261261261,0.520000000,\sqrt{\left(\mathrm{MParams}\right)^2 - \log\left(\left(\mathrm{JacobFro}\right) \cdot \left(\left(\mathrm{MParams}\right)^2\right)\right)},MParams Square Jacob_fro MParams Square Mul Log Sub Sqrt <EOS>,sqrt((square(MParams) - log((Jacob_fro * square(MParams))))),0.520000000,0.431100000,12,9,6,2097,run_monash_time_unique1000,3,3,Monash__bitcoin_dataset_without_missing_values/seed_2097/run_monash_time_unique1000/visualizations/archive_latex.tex
822,0.260360360,0.520000000,\log\left(\left(\mathrm{MParams}\right)^2\right) - \left(\mathrm{MParams}\right)^2 - \log\left(\mathrm{JacobFro}\right),MParams Square Log MParams Square Jacob_fro Log Sub Sub <EOS>,(log(square(MParams)) - (square(MParams) - log(Jacob_fro))),0.520000000,0.431100000,53,9,4,2038,run_monash_time_unique1000,4,1,Monash__bitcoin_dataset_without_missing_values/seed_2038/run_monash_time_unique1000/visualizations/archive_latex.tex
823,0.259459459,0.520000000,\log\left(\left(\mathrm{MParams}\right)^2\right) + \log\left(\mathrm{JacobFro}\right) - \left(\mathrm{MParams}\right)^2,MParams Square Log Jacob_fro Log MParams Square Sub Add <EOS>,(log(square(MParams)) + (log(Jacob_fro) - square(MParams))),0.520000000,0.431100000,33,9,4,2161,run_monash_time_unique1000,4,1,Monash__bitcoin_dataset_without_missing_values/seed_2161/run_monash_time_unique1000/visualizations/archive_latex.tex
824,0.258558559,0.520000000,\log\left(\left(\mathrm{MParams}\right)^2 - \log\left(\left(\left(\mathrm{MParams}\right)^2\right) \cdot \left(\mathrm{JacobFro}\right)\right)\right),MParams Square MParams Square Jacob_fro Mul Log Sub Log <EOS>,log((square(MParams) - log((square(MParams) * Jacob_fro)))),0.520000000,0.431100000,54,9,6,2176,run_monash_time_unique1000,6,1,Monash__bitcoin_dataset_without_missing_values/seed_2176/run_monash_time_unique1000/visualizations/archive_latex.tex
825,0.257657658,0.519500000,\frac{\left(\mathrm{JacobFro}\right) \cdot \left(\mathrm{GradNorm}\right)}{\log\left(\frac{\log\left(\mathrm{ZiCo}\right)}{\mathrm{MParams}}\right)},Jacob_fro Grad_Norm Mul ZiCo Log MParams Div Log Div <EOS>,((Jacob_fro * Grad_Norm) / log((log(ZiCo) / MParams))),0.519500000,0.610800000,75,9,5,2125,run_monash_time_unique1000,4,1,Monash__bitcoin_dataset_without_missing_values/seed_2125/run_monash_time_unique1000/visualizations/archive_latex.tex
826,0.256756757,0.519400000,\left(\mathrm{ZiCo} - \mathrm{Fisher}\right) \cdot \left(\left(\mathrm{MParams}\right)^2 - \mathrm{MParams}\right),ZiCo Fisher Sub MParams Square MParams Sub Mul <EOS>,((ZiCo - Fisher) * (square(MParams) - MParams)),0.519400000,0.400700000,139,8,4,2168,run_monash_time_unique1000,8,1,Monash__bitcoin_dataset_without_missing_values/seed_2168/run_monash_time_unique1000/visualizations/archive_latex.tex
827,0.255855856,0.519300000,\log\left(\mathrm{GFLOPs} + \mathrm{GradNorm}\right) - \left(\mathrm{Fisher}\right) \cdot \left(\mathrm{MParams}\right),GFLOPs Grad_Norm Add Log Fisher MParams Mul Sub <EOS>,(log((GFLOPs + Grad_Norm)) - (Fisher * MParams)),0.519300000,0.489800000,74,8,4,2038,run_monash_time_unique1000,5,2,Monash__bitcoin_dataset_without_missing_values/seed_2038/run_monash_time_unique1000/visualizations/archive_latex.tex
828,0.254954955,0.519300000,\log\left(\mathrm{GFLOPs} + \mathrm{GradNorm}\right) - \left(\mathrm{MParams}\right) \cdot \left(\mathrm{Fisher}\right),GFLOPs Grad_Norm Add Log MParams Fisher Mul Sub <EOS>,(log((GFLOPs + Grad_Norm)) - (MParams * Fisher)),0.519300000,0.489800000,130,8,4,2073,run_monash_time_unique1000,10,1,Monash__bitcoin_dataset_without_missing_values/seed_2073/run_monash_time_unique1000/visualizations/archive_latex.tex
829,0.254054054,0.519200000,\mathrm{L2Norm} - \frac{\left(\mathrm{GradNorm}\right)^2}{\log\left(\left(\mathrm{Fisher}\right) \cdot \left(\mathrm{MParams}\right)\right)},L2-Norm Grad_Norm Square Fisher MParams Mul Log Div Sub <EOS>,(L2-Norm - (square(Grad_Norm) / log((Fisher * MParams)))),0.519200000,0.462100000,82,9,5,2213,run_monash_time_unique1000,8,1,Monash__bitcoin_dataset_without_missing_values/seed_2213/run_monash_time_unique1000/visualizations/archive_latex.tex
830,0.253153153,0.519100000,\log\left(\mathrm{GradNorm} - \frac{\mathrm{MParams}}{\left(\mathrm{ZiCo}\right) \cdot \left(\log\left(\mathrm{MParams}\right)\right)}\right),Grad_Norm MParams ZiCo MParams Log Mul Div Sub Log <EOS>,log((Grad_Norm - (MParams / (ZiCo * log(MParams))))),0.519100000,0.475400000,31,9,6,2174,run_monash_time_unique1000,6,1,Monash__bitcoin_dataset_without_missing_values/seed_2174/run_monash_time_unique1000/visualizations/archive_latex.tex
831,0.252252252,0.518900000,\frac{\mathrm{GradNorm}}{\frac{\log\left(\mathrm{L2Norm}\right) - \left(\mathrm{MParams}\right)^2}{\mathrm{Snip}}},Grad_Norm L2-Norm Log MParams Square Sub Snip Div Div <EOS>,(Grad_Norm / ((log(L2-Norm) - square(MParams)) / Snip)),0.518900000,0.435300000,63,9,5,2096,run_monash_time_unique1000,7,1,Monash__bitcoin_dataset_without_missing_values/seed_2096/run_monash_time_unique1000/visualizations/archive_latex.tex
832,0.251351351,0.518300000,\left(\log\left(\mathrm{GSynFlow}\right)\right) \cdot \left(\mathrm{plain} + \mathrm{L2Norm} - \mathrm{Snip}\right),GSynFlow Log plain L2-Norm Add Snip Sub Mul <EOS>,(log(GSynFlow) * ((plain + L2-Norm) - Snip)),0.518300000,0.415100000,134,8,4,2098,run_monash_time_unique1000,4,1,Monash__bitcoin_dataset_without_missing_values/seed_2098/run_monash_time_unique1000/visualizations/archive_latex.tex
833,0.250450450,0.518200000,\left(\mathrm{GSynFlow}\right) \cdot \left(\sqrt{\mathrm{Jacov}} + \left(\mathrm{MParams}\right) \cdot \left(\mathrm{GraSP}\right)\right),GSynFlow Jacov Sqrt MParams GraSP Mul Add Mul <EOS>,(GSynFlow * (sqrt(Jacov) + (MParams * GraSP))),0.518200000,0.389500000,66,8,4,2184,run_monash_time_unique1000,1,1,Monash__bitcoin_dataset_without_missing_values/seed_2184/run_monash_time_unique1000/visualizations/archive_latex.tex
834,0.249549550,0.518200000,\left(\log\left(\frac{\log\left(\mathrm{ZiCo}\right)}{\mathrm{MParams}}\right)\right) \cdot \left(\mathrm{GSynFlow} + \mathrm{Fisher}\right),ZiCo Log MParams Div Log GSynFlow Fisher Add Mul <EOS>,(log((log(ZiCo) / MParams)) * (GSynFlow + Fisher)),0.518200000,0.483900000,144,9,5,2182,run_monash_time_unique1000,3,1,Monash__bitcoin_dataset_without_missing_values/seed_2182/run_monash_time_unique1000/visualizations/archive_latex.tex
835,0.248648649,0.518200000,\log\left(\left(\mathrm{Snip}\right) \cdot \left(\mathrm{L2Norm}\right)\right) - \left(\mathrm{plain}\right) \cdot \left(\mathrm{MParams}\right),Snip L2-Norm Mul Log plain MParams Mul Sub <EOS>,(log((Snip * L2-Norm)) - (plain * MParams)),0.518200000,0.536200000,34,8,4,2131,run_monash_time_unique1000,4,1,Monash__bitcoin_dataset_without_missing_values/seed_2131/run_monash_time_unique1000/visualizations/archive_latex.tex
836,0.247747748,0.518200000,-\left(\mathrm{plain}\right) \cdot \left(\mathrm{MParams}\right) - \log\left(\left(\mathrm{Snip}\right) \cdot \left(\mathrm{L2Norm}\right)\right),plain MParams Mul Snip L2-Norm Mul Log Sub Negative <EOS>,-(((plain * MParams) - log((Snip * L2-Norm)))),0.518200000,0.536200000,36,9,5,2139,run_monash_time_unique1000,6,1,Monash__bitcoin_dataset_without_missing_values/seed_2139/run_monash_time_unique1000/visualizations/archive_latex.tex
837,0.246846847,0.518200000,\left(\mathrm{MParams}\right) \cdot \left(-\mathrm{plain}\right) + \log\left(\left(\mathrm{L2Norm}\right) \cdot \left(\mathrm{Snip}\right)\right),MParams plain Negative Mul L2-Norm Snip Mul Log Add <EOS>,((MParams * -(plain)) + log((L2-Norm * Snip))),0.518200000,0.536200000,137,9,4,2222,run_monash_time_unique1000,7,1,Monash__bitcoin_dataset_without_missing_values/seed_2222/run_monash_time_unique1000/visualizations/archive_latex.tex
838,0.245945946,0.518200000,\log\left(\left(\mathrm{Snip}\right) \cdot \left(\mathrm{L2Norm}\right)\right) + \left(\mathrm{plain}\right) \cdot \left(-\mathrm{MParams}\right),Snip L2-Norm Mul Log plain MParams Negative Mul Add <EOS>,(log((Snip * L2-Norm)) + (plain * -(MParams))),0.518200000,0.536200000,18,9,4,2188,run_monash_time_unique1000,9,1,Monash__bitcoin_dataset_without_missing_values/seed_2188/run_monash_time_unique1000/visualizations/archive_latex.tex
839,0.245045045,0.518000000,\left(\left(-\mathrm{ZiCo}\right) \cdot \left(\log\left(\mathrm{MParams}\right)\right)\right) \cdot \left(\mathrm{Snip}\right) + \mathrm{L2Norm},ZiCo Negative MParams Log Mul Snip Mul L2-Norm Add <EOS>,(((-(ZiCo) * log(MParams)) * Snip) + L2-Norm),0.518000000,0.434100000,80,9,5,2212,run_monash_time_unique1000,3,1,Monash__bitcoin_dataset_without_missing_values/seed_2212/run_monash_time_unique1000/visualizations/archive_latex.tex
840,0.244144144,0.517900000,\frac{-\left(\mathrm{JacobFro}\right)^2}{\log\left(\left(-\mathrm{Fisher}\right) \cdot \left(\mathrm{MParams}\right)\right)},Jacob_fro Square Negative Fisher Negative MParams Mul Log Div <EOS>,(-(square(Jacob_fro)) / log((-(Fisher) * MParams))),0.517900000,0.468900000,54,9,5,2072,run_monash_time_unique1000,1,1,Monash__bitcoin_dataset_without_missing_values/seed_2072/run_monash_time_unique1000/visualizations/archive_latex.tex
841,0.243243243,0.517800000,\frac{\log\left(\mathrm{Snip}\right)}{\log\left(\left(\mathrm{GFLOPs}\right) \cdot \left(\mathrm{L2Norm}\right)\right) - \mathrm{GFLOPs}},Snip Log GFLOPs L2-Norm Mul Log GFLOPs Sub Div <EOS>,(log(Snip) / (log((GFLOPs * L2-Norm)) - GFLOPs)),0.517800000,0.509100000,11,9,5,2155,run_monash_time_unique1000,9,1,Monash__bitcoin_dataset_without_missing_values/seed_2155/run_monash_time_unique1000/visualizations/archive_latex.tex
842,0.242342342,0.517700000,\left(\left(-\mathrm{plain}\right) \cdot \left(\mathrm{MParams}\right) + \log\left(\mathrm{GradNorm}\right)\right) \cdot \left(\mathrm{MParams}\right),plain Negative MParams Mul Grad_Norm Log Add MParams Mul <EOS>,(((-(plain) * MParams) + log(Grad_Norm)) * MParams),0.517700000,0.476000000,65,9,5,2222,run_monash_time_unique1000,8,1,Monash__bitcoin_dataset_without_missing_values/seed_2222/run_monash_time_unique1000/visualizations/archive_latex.tex
843,0.241441441,0.517500000,\mathrm{L2Norm} - \left(\mathrm{Snip}\right) \cdot \left(\log\left(\left(\mathrm{MParams}\right)^2 - \mathrm{MParams}\right)\right),L2-Norm Snip MParams Square MParams Sub Log Mul Sub <EOS>,(L2-Norm - (Snip * log((square(MParams) - MParams)))),0.517500000,0.535200000,168,9,6,2213,run_monash_time_unique1000,9,1,Monash__bitcoin_dataset_without_missing_values/seed_2213/run_monash_time_unique1000/visualizations/archive_latex.tex
844,0.240540541,0.517000000,\frac{\left(\mathrm{Snip}\right)^2}{\log\left(\left(\mathrm{GFLOPs}\right) \cdot \left(\mathrm{L2Norm}\right)\right) - \mathrm{GFLOPs}},Snip Square GFLOPs L2-Norm Mul Log GFLOPs Sub Div <EOS>,(square(Snip) / (log((GFLOPs * L2-Norm)) - GFLOPs)),0.517000000,0.553600000,9,9,5,2155,run_monash_time_unique1000,10,1,Monash__bitcoin_dataset_without_missing_values/seed_2155/run_monash_time_unique1000/visualizations/archive_latex.tex
845,0.239639640,0.516800000,\log\left(\log\left(\mathrm{MParams}\right) + \mathrm{GradNorm}\right) - \left(\mathrm{plain}\right) \cdot \left(\mathrm{MParams}\right),MParams Log Grad_Norm Add Log plain MParams Mul Sub <EOS>,(log((log(MParams) + Grad_Norm)) - (plain * MParams)),0.516800000,0.520100000,130,9,5,2188,run_monash_time_unique1000,10,1,Monash__bitcoin_dataset_without_missing_values/seed_2188/run_monash_time_unique1000/visualizations/archive_latex.tex
846,0.238738739,0.516000000,\log\left(\left(\mathrm{plain}\right) \cdot \left(\mathrm{MParams} - \frac{\log\left(\mathrm{Snip}\right)}{\mathrm{plain}}\right)\right),plain MParams Snip Log plain Div Sub Mul Log <EOS>,log((plain * (MParams - (log(Snip) / plain)))),0.516000000,0.512000000,52,9,6,2178,run_monash_time_unique1000,1,1,Monash__bitcoin_dataset_without_missing_values/seed_2178/run_monash_time_unique1000/visualizations/archive_latex.tex
847,0.237837838,0.516000000,\sqrt{\left(\mathrm{plain}\right) \cdot \left(\mathrm{MParams}\right) - \log\left(\mathrm{Snip}\right)},plain MParams Mul Snip Log Sub Sqrt <EOS>,sqrt(((plain * MParams) - log(Snip))),0.516000000,0.512000000,125,7,4,2029,run_monash_time_unique1000,4,2,Monash__bitcoin_dataset_without_missing_values/seed_2029/run_monash_time_unique1000/visualizations/archive_latex.tex
848,0.236936937,0.516000000,\left(\log\left(\mathrm{GradNorm}\right) - \left(\mathrm{Fisher}\right) \cdot \left(\left(\mathrm{MParams}\right)^2\right)\right) \cdot \left(\mathrm{JacobFro}\right),Grad_Norm Log Fisher MParams Square Mul Sub Jacob_fro Mul <EOS>,((log(Grad_Norm) - (Fisher * square(MParams))) * Jacob_fro),0.516000000,0.534400000,197,9,5,2038,run_monash_time_unique1000,6,1,Monash__bitcoin_dataset_without_missing_values/seed_2038/run_monash_time_unique1000/visualizations/archive_latex.tex
849,0.236036036,0.516000000,\sqrt{\left(\mathrm{MParams}\right) \cdot \left(\mathrm{plain}\right) - \log\left(\mathrm{Snip}\right)},MParams plain Mul Snip Log Sub Sqrt <EOS>,sqrt(((MParams * plain) - log(Snip))),0.516000000,0.512000000,181,7,4,2144,run_monash_time_unique1000,6,2,Monash__bitcoin_dataset_without_missing_values/seed_2144/run_monash_time_unique1000/visualizations/archive_latex.tex
850,0.235135135,0.515600000,\left(\mathrm{JacobFro}\right) \cdot \left(\mathrm{MParams} + \mathrm{MParams} + -\left(\mathrm{MParams}\right)^2\right),Jacob_fro MParams MParams Add MParams Square Negative Add Mul <EOS>,(Jacob_fro * ((MParams + MParams) + -(square(MParams)))),0.515600000,0.473900000,40,9,5,2096,run_monash_time_unique1000,8,1,Monash__bitcoin_dataset_without_missing_values/seed_2096/run_monash_time_unique1000/visualizations/archive_latex.tex
851,0.234234234,0.515400000,\sqrt{\mathrm{GradNorm}} - \left(\mathrm{Fisher}\right) \cdot \left(\left(\mathrm{MParams}\right)^2\right) - \mathrm{MParams},Grad_Norm Sqrt Fisher MParams Square Mul MParams Sub Sub <EOS>,(sqrt(Grad_Norm) - ((Fisher * square(MParams)) - MParams)),0.515400000,0.461200000,72,9,5,2038,run_monash_time_unique1000,7,1,Monash__bitcoin_dataset_without_missing_values/seed_2038/run_monash_time_unique1000/visualizations/archive_latex.tex
852,0.233333333,0.515200000,\left(\frac{\sqrt{\mathrm{plain}}}{\mathrm{MParams}} - \mathrm{Fisher}\right) \cdot \left(\mathrm{GSynFlow}\right),plain Sqrt MParams Div Fisher Sub GSynFlow Mul <EOS>,(((sqrt(plain) / MParams) - Fisher) * GSynFlow),0.515200000,0.437000000,170,8,5,2027,run_monash_time_unique1000,4,1,Monash__bitcoin_dataset_without_missing_values/seed_2027/run_monash_time_unique1000/visualizations/archive_latex.tex
853,0.232432432,0.515100000,\log\left(\left(\mathrm{Snip}\right) \cdot \left(\mathrm{MParams}\right)\right) - \left(\mathrm{plain}\right) \cdot \left(\mathrm{MParams}\right),Snip MParams Mul Log plain MParams Mul Sub <EOS>,(log((Snip * MParams)) - (plain * MParams)),0.515100000,0.447000000,114,8,4,2074,run_monash_time_unique1000,6,1,Monash__bitcoin_dataset_without_missing_values/seed_2074/run_monash_time_unique1000/visualizations/archive_latex.tex
854,0.231531532,0.515100000,\log\left(\left(\mathrm{MParams}\right) \cdot \left(\mathrm{Snip}\right)\right) - \left(\mathrm{plain}\right) \cdot \left(\mathrm{MParams}\right),MParams Snip Mul Log plain MParams Mul Sub <EOS>,(log((MParams * Snip)) - (plain * MParams)),0.515100000,0.447000000,125,8,4,2170,run_monash_time_unique1000,6,1,Monash__bitcoin_dataset_without_missing_values/seed_2170/run_monash_time_unique1000/visualizations/archive_latex.tex
855,0.230630631,0.515100000,-\left(\mathrm{plain}\right) \cdot \left(\mathrm{MParams}\right) - \log\left(\left(\mathrm{Snip}\right) \cdot \left(\mathrm{MParams}\right)\right),plain MParams Mul Snip MParams Mul Log Sub Negative <EOS>,-(((plain * MParams) - log((Snip * MParams)))),0.515100000,0.447000000,39,9,5,2139,run_monash_time_unique1000,8,1,Monash__bitcoin_dataset_without_missing_values/seed_2139/run_monash_time_unique1000/visualizations/archive_latex.tex
856,0.229729730,0.515100000,\log\left(\mathrm{Snip}\right) + \log\left(\mathrm{MParams}\right) - \left(\mathrm{plain}\right) \cdot \left(\mathrm{MParams}\right),Snip Log MParams Log plain MParams Mul Sub Add <EOS>,(log(Snip) + (log(MParams) - (plain * MParams))),0.515100000,0.447000000,32,9,4,2077,run_monash_time_unique1000,9,1,Monash__bitcoin_dataset_without_missing_values/seed_2077/run_monash_time_unique1000/visualizations/archive_latex.tex
857,0.228828829,0.515100000,\left(\mathrm{MParams}\right) \cdot \left(-\mathrm{plain}\right) + \log\left(\left(\mathrm{MParams}\right) \cdot \left(\mathrm{Snip}\right)\right),MParams plain Negative Mul MParams Snip Mul Log Add <EOS>,((MParams * -(plain)) + log((MParams * Snip))),0.515100000,0.447000000,160,9,4,2222,run_monash_time_unique1000,9,1,Monash__bitcoin_dataset_without_missing_values/seed_2222/run_monash_time_unique1000/visualizations/archive_latex.tex
858,0.227927928,0.514900000,\sqrt{\mathrm{Fisher}} - \frac{\mathrm{MParams}}{\log\left(\left(\mathrm{MParams}\right) \cdot \left(\mathrm{Fisher}\right)\right)},Fisher Sqrt MParams MParams Fisher Mul Log Div Sub <EOS>,(sqrt(Fisher) - (MParams / log((MParams * Fisher)))),0.514900000,0.386100000,100,9,5,2051,run_monash_time_unique1000,6,1,Monash__bitcoin_dataset_without_missing_values/seed_2051/run_monash_time_unique1000/visualizations/archive_latex.tex
859,0.227027027,0.514900000,\log\left(\left(\log\left(\mathrm{GradNorm}\right)\right) \cdot \left(\mathrm{MParams}\right)\right) - \left(\mathrm{MParams}\right) \cdot \left(\mathrm{plain}\right),Grad_Norm Log MParams Mul Log MParams plain Mul Sub <EOS>,(log((log(Grad_Norm) * MParams)) - (MParams * plain)),0.514900000,0.444100000,126,9,5,2165,run_monash_time_unique1000,6,1,Monash__bitcoin_dataset_without_missing_values/seed_2165/run_monash_time_unique1000/visualizations/archive_latex.tex
860,0.226126126,0.514800000,\frac{\log\left(\mathrm{MParams}\right) - \left(\mathrm{GFLOPs}\right) \cdot \left(\mathrm{plain}\right)}{\mathrm{Snip}},MParams Log GFLOPs plain Mul Sub Snip Div <EOS>,((log(MParams) - (GFLOPs * plain)) / Snip),0.514800000,0.493700000,180,8,4,2106,run_monash_time_unique1000,1,1,Monash__bitcoin_dataset_without_missing_values/seed_2106/run_monash_time_unique1000/visualizations/archive_latex.tex
861,0.225225225,0.514800000,\log\left(\mathrm{JacobFro}\right) - \left(\left(\mathrm{Fisher}\right) \cdot \left(\left(\mathrm{MParams}\right)^2\right)\right)^2,Jacob_fro Log Fisher MParams Square Mul Square Sub <EOS>,(log(Jacob_fro) - square((Fisher * square(MParams)))),0.514800000,0.450400000,60,8,5,2134,run_monash_time_unique1000,2,1,Monash__bitcoin_dataset_without_missing_values/seed_2134/run_monash_time_unique1000/visualizations/archive_latex.tex
862,0.224324324,0.514800000,-\left(\left(\mathrm{Fisher}\right) \cdot \left(\left(\mathrm{MParams}\right)^2\right)\right)^2 - \log\left(\mathrm{JacobFro}\right),Fisher MParams Square Mul Square Jacob_fro Log Sub Negative <EOS>,-((square((Fisher * square(MParams))) - log(Jacob_fro))),0.514800000,0.450400000,48,9,6,2180,run_monash_time_unique1000,5,1,Monash__bitcoin_dataset_without_missing_values/seed_2180/run_monash_time_unique1000/visualizations/archive_latex.tex
863,0.223423423,0.514500000,\left(\log\left(\mathrm{MParams}\right)\right) \cdot \left(\mathrm{ZiCo} - \mathrm{Fisher}\right) + \mathrm{ZiCo},MParams Log ZiCo Fisher Sub Mul ZiCo Add <EOS>,((log(MParams) * (ZiCo - Fisher)) + ZiCo),0.514500000,0.481000000,177,8,4,2222,run_monash_time_unique1000,10,1,Monash__bitcoin_dataset_without_missing_values/seed_2222/run_monash_time_unique1000/visualizations/archive_latex.tex
864,0.222522523,0.514000000,\sqrt{\log\left(\mathrm{JacobFro}\right)} - \left(\log\left(\mathrm{Fisher} + \mathrm{MParams}\right)\right)^2,Jacob_fro Log Sqrt Fisher MParams Add Log Square Sub <EOS>,(sqrt(log(Jacob_fro)) - square(log((Fisher + MParams)))),0.514000000,0.541800000,97,9,5,2042,run_monash_time_unique1000,2,1,Monash__bitcoin_dataset_without_missing_values/seed_2042/run_monash_time_unique1000/visualizations/archive_latex.tex
865,0.221621622,0.514000000,\sqrt{\log\left(\mathrm{JacobFro}\right)} - \left(\log\left(\mathrm{MParams} + \mathrm{Fisher}\right)\right)^2,Jacob_fro Log Sqrt MParams Fisher Add Log Square Sub <EOS>,(sqrt(log(Jacob_fro)) - square(log((MParams + Fisher)))),0.514000000,0.541800000,119,9,5,2088,run_monash_time_unique1000,6,1,Monash__bitcoin_dataset_without_missing_values/seed_2088/run_monash_time_unique1000/visualizations/archive_latex.tex
866,0.220720721,0.513900000,\log\left(\left(\mathrm{MParams}\right) \cdot \left(\left(\mathrm{GFLOPs}\right) \cdot \left(\mathrm{JacobFro}\right)\right)\right) - \left(\mathrm{MParams}\right)^2,MParams GFLOPs Jacob_fro Mul Mul Log MParams Square Sub <EOS>,(log((MParams * (GFLOPs * Jacob_fro))) - square(MParams)),0.513900000,0.448000000,90,9,5,2158,run_monash_time_unique1000,3,3,Monash__bitcoin_dataset_without_missing_values/seed_2158/run_monash_time_unique1000/visualizations/archive_latex.tex
867,0.219819820,0.513800000,\frac{\frac{\mathrm{plain}}{\left(\mathrm{GSynFlow}\right)^2}}{\mathrm{GraSP}} - \sqrt{\mathrm{GFLOPs}},plain GSynFlow Square Div GraSP Div GFLOPs Sqrt Sub <EOS>,(((plain / square(GSynFlow)) / GraSP) - sqrt(GFLOPs)),0.513800000,0.477800000,53,9,5,2224,run_monash_time_unique1000,3,1,Monash__bitcoin_dataset_without_missing_values/seed_2224/run_monash_time_unique1000/visualizations/archive_latex.tex
868,0.218918919,0.513800000,\frac{\log\left(\left(\mathrm{MParams}\right) \cdot \left(\log\left(\mathrm{JacobFro}\right)\right)\right) - \mathrm{MParams}}{\mathrm{ZiCo}},MParams Jacob_fro Log Mul Log MParams Sub ZiCo Div <EOS>,((log((MParams * log(Jacob_fro))) - MParams) / ZiCo),0.513800000,0.445300000,11,9,6,2158,run_monash_time_unique1000,4,1,Monash__bitcoin_dataset_without_missing_values/seed_2158/run_monash_time_unique1000/visualizations/archive_latex.tex
869,0.218018018,0.513800000,\frac{\mathrm{plain}}{\left(\mathrm{GraSP}\right) \cdot \left(\left(\mathrm{GSynFlow}\right)^2\right)} - \sqrt{\mathrm{GFLOPs}},plain GraSP GSynFlow Square Mul Div GFLOPs Sqrt Sub <EOS>,((plain / (GraSP * square(GSynFlow))) - sqrt(GFLOPs)),0.513800000,0.477800000,78,9,5,2220,run_monash_time_unique1000,8,1,Monash__bitcoin_dataset_without_missing_values/seed_2220/run_monash_time_unique1000/visualizations/archive_latex.tex
870,0.217117117,0.513700000,\frac{\mathrm{plain}}{\left(\mathrm{GraSP}\right) \cdot \left(\left(\mathrm{GSynFlow}\right)^2\right)} - \log\left(\mathrm{MParams}\right),plain GraSP GSynFlow Square Mul Div MParams Log Sub <EOS>,((plain / (GraSP * square(GSynFlow))) - log(MParams)),0.513700000,0.490400000,61,9,5,2220,run_monash_time_unique1000,9,1,Monash__bitcoin_dataset_without_missing_values/seed_2220/run_monash_time_unique1000/visualizations/archive_latex.tex
871,0.216216216,0.513400000,\left(\left(\mathrm{plain}\right) \cdot \left(\mathrm{MParams}\right) - \log\left(\mathrm{ZiCo} + \mathrm{Snip}\right)\right)^2,plain MParams Mul ZiCo Snip Add Log Sub Square <EOS>,square(((plain * MParams) - log((ZiCo + Snip)))),0.513400000,0.511400000,49,9,5,2139,run_monash_time_unique1000,9,1,Monash__bitcoin_dataset_without_missing_values/seed_2139/run_monash_time_unique1000/visualizations/archive_latex.tex
872,0.215315315,0.513100000,\frac{\mathrm{plain}}{\left(\mathrm{GraSP}\right) \cdot \left(\left(\mathrm{GSynFlow}\right)^2\right)} - \mathrm{MParams},plain GraSP GSynFlow Square Mul Div MParams Sub <EOS>,((plain / (GraSP * square(GSynFlow))) - MParams),0.513100000,0.501100000,38,8,5,2220,run_monash_time_unique1000,10,1,Monash__bitcoin_dataset_without_missing_values/seed_2220/run_monash_time_unique1000/visualizations/archive_latex.tex
873,0.214414414,0.513000000,\left(\log\left(\log\left(\left(\mathrm{MParams}\right) \cdot \left(\mathrm{ZiCo}\right)\right)\right)\right) \cdot \left(\mathrm{Fisher} + \mathrm{GSynFlow}\right),MParams ZiCo Mul Log Log Fisher GSynFlow Add Mul <EOS>,(log(log((MParams * ZiCo))) * (Fisher + GSynFlow)),0.513000000,0.449300000,96,9,5,2182,run_monash_time_unique1000,4,1,Monash__bitcoin_dataset_without_missing_values/seed_2182/run_monash_time_unique1000/visualizations/archive_latex.tex
874,0.213513514,0.512600000,\frac{\log\left(\left(\mathrm{MParams}\right) \cdot \left(\mathrm{GradNorm}\right)\right)}{\left(\mathrm{MParams}\right)^2 + \mathrm{plain}},MParams Grad_Norm Mul Log MParams Square plain Add Div <EOS>,(log((MParams * Grad_Norm)) / (square(MParams) + plain)),0.512600000,0.549000000,136,9,4,2043,run_monash_time_unique1000,3,1,Monash__bitcoin_dataset_without_missing_values/seed_2043/run_monash_time_unique1000/visualizations/archive_latex.tex
875,0.212612613,0.512500000,-\left(\left(\mathrm{Fisher}\right) \cdot \left(\mathrm{MParams}\right)\right)^2 - \log\left(\mathrm{JacobFro}\right),Fisher MParams Mul Square Jacob_fro Log Sub Negative <EOS>,-((square((Fisher * MParams)) - log(Jacob_fro))),0.512500000,0.393300000,28,8,5,2180,run_monash_time_unique1000,6,1,Monash__bitcoin_dataset_without_missing_values/seed_2180/run_monash_time_unique1000/visualizations/archive_latex.tex
876,0.211711712,0.512500000,-\left(\left(\mathrm{MParams}\right) \cdot \left(\mathrm{Fisher}\right)\right)^2 - \log\left(\mathrm{JacobFro}\right),MParams Fisher Mul Square Jacob_fro Log Sub Negative <EOS>,-((square((MParams * Fisher)) - log(Jacob_fro))),0.512500000,0.393300000,73,8,5,2069,run_monash_time_unique1000,10,1,Monash__bitcoin_dataset_without_missing_values/seed_2069/run_monash_time_unique1000/visualizations/archive_latex.tex
877,0.210810811,0.512400000,\frac{\mathrm{L2Norm} + \frac{\log\left(\mathrm{Fisher}\right)}{\mathrm{GSynFlow}}}{\mathrm{MParams}},L2-Norm Fisher Log GSynFlow Div Add MParams Div <EOS>,((L2-Norm + (log(Fisher) / GSynFlow)) / MParams),0.512400000,0.468300000,142,8,5,2065,run_monash_time_unique1000,3,1,Monash__bitcoin_dataset_without_missing_values/seed_2065/run_monash_time_unique1000/visualizations/archive_latex.tex
878,0.209909910,0.512300000,\frac{\frac{\log\left(\left(\mathrm{GSynFlow}\right) \cdot \left(\left(\mathrm{Snip}\right)^2\right)\right)}{\mathrm{GFLOPs}}}{\mathrm{Snip}},GSynFlow Snip Square Mul Log GFLOPs Div Snip Div <EOS>,((log((GSynFlow * square(Snip))) / GFLOPs) / Snip),0.512300000,0.451200000,10,9,6,2114,run_monash_time_unique1000,2,1,Monash__bitcoin_dataset_without_missing_values/seed_2114/run_monash_time_unique1000/visualizations/archive_latex.tex
879,0.209009009,0.512000000,\sqrt{\mathrm{GSynFlow}} - \frac{\mathrm{Fisher}}{\frac{\log\left(\mathrm{MParams}\right)}{\mathrm{GSynFlow}}},GSynFlow Sqrt Fisher MParams Log GSynFlow Div Div Sub <EOS>,(sqrt(GSynFlow) - (Fisher / (log(MParams) / GSynFlow))),0.512000000,0.444000000,44,9,5,2051,run_monash_time_unique1000,7,1,Monash__bitcoin_dataset_without_missing_values/seed_2051/run_monash_time_unique1000/visualizations/archive_latex.tex
880,0.208108108,0.511900000,\log\left(\left(\mathrm{Snip}\right) \cdot \left(\mathrm{GFLOPs}\right)\right) - \left(\mathrm{MParams}\right) \cdot \left(\mathrm{plain}\right),Snip GFLOPs Mul Log MParams plain Mul Sub <EOS>,(log((Snip * GFLOPs)) - (MParams * plain)),0.511900000,0.445700000,38,8,4,2134,run_monash_time_unique1000,3,1,Monash__bitcoin_dataset_without_missing_values/seed_2134/run_monash_time_unique1000/visualizations/archive_latex.tex
881,0.207207207,0.511900000,\frac{\mathrm{GSynFlow} + \mathrm{GradNorm}}{\log\left(\frac{\log\left(\mathrm{ZiCo}\right)}{\mathrm{MParams}}\right)},GSynFlow Grad_Norm Add ZiCo Log MParams Div Log Div <EOS>,((GSynFlow + Grad_Norm) / log((log(ZiCo) / MParams))),0.511900000,0.561500000,170,9,5,2125,run_monash_time_unique1000,5,1,Monash__bitcoin_dataset_without_missing_values/seed_2125/run_monash_time_unique1000/visualizations/archive_latex.tex
882,0.206306306,0.511900000,\log\left(\left(\mathrm{Snip}\right) \cdot \left(\mathrm{GFLOPs}\right)\right) - \left(\mathrm{plain}\right) \cdot \left(\mathrm{MParams}\right),Snip GFLOPs Mul Log plain MParams Mul Sub <EOS>,(log((Snip * GFLOPs)) - (plain * MParams)),0.511900000,0.445700000,39,8,4,2131,run_monash_time_unique1000,5,3,Monash__bitcoin_dataset_without_missing_values/seed_2131/run_monash_time_unique1000/visualizations/archive_latex.tex
883,0.205405405,0.511900000,\log\left(\left(\mathrm{GFLOPs}\right) \cdot \left(\mathrm{Snip}\right)\right) - \left(\mathrm{plain}\right) \cdot \left(\mathrm{MParams}\right),GFLOPs Snip Mul Log plain MParams Mul Sub <EOS>,(log((GFLOPs * Snip)) - (plain * MParams)),0.511900000,0.445700000,123,8,4,2170,run_monash_time_unique1000,7,1,Monash__bitcoin_dataset_without_missing_values/seed_2170/run_monash_time_unique1000/visualizations/archive_latex.tex
884,0.204504505,0.511700000,\left(\mathrm{Snip}\right) \cdot \left(\log\left(\log\left(\frac{\mathrm{plain}}{\mathrm{GFLOPs}} - \mathrm{Fisher}\right)\right)\right),Snip plain GFLOPs Div Fisher Sub Log Log Mul <EOS>,(Snip * log(log(((plain / GFLOPs) - Fisher)))),0.511700000,0.395700000,108,9,6,2034,run_monash_time_unique1000,2,1,Monash__bitcoin_dataset_without_missing_values/seed_2034/run_monash_time_unique1000/visualizations/archive_latex.tex
885,0.203603604,0.511300000,\frac{\frac{\mathrm{plain}}{\left(\mathrm{GSynFlow}\right)^2}}{\mathrm{GraSP}} - \sqrt{\mathrm{L2Norm}},plain GSynFlow Square Div GraSP Div L2-Norm Sqrt Sub <EOS>,(((plain / square(GSynFlow)) / GraSP) - sqrt(L2-Norm)),0.511300000,0.487900000,61,9,5,2224,run_monash_time_unique1000,4,1,Monash__bitcoin_dataset_without_missing_values/seed_2224/run_monash_time_unique1000/visualizations/archive_latex.tex
886,0.202702703,0.511300000,\left(-\mathrm{Snip}\right) \cdot \left(\log\left(\log\left(\mathrm{MParams} + \mathrm{Fisher}\right)\right)\right),Snip Negative MParams Fisher Add Log Log Mul <EOS>,(-(Snip) * log(log((MParams + Fisher)))),0.511300000,0.527900000,117,8,5,2088,run_monash_time_unique1000,7,1,Monash__bitcoin_dataset_without_missing_values/seed_2088/run_monash_time_unique1000/visualizations/archive_latex.tex
887,0.201801802,0.511000000,\left(\left(\mathrm{MParams}\right) \cdot \left(-\log\left(\mathrm{ZiCo}\right) + \mathrm{MParams}\right)\right) \cdot \left(\mathrm{Snip}\right),MParams ZiCo Log MParams Add Negative Mul Snip Mul <EOS>,((MParams * -((log(ZiCo) + MParams))) * Snip),0.511000000,0.588900000,100,9,6,2179,run_monash_time_unique1000,4,1,Monash__bitcoin_dataset_without_missing_values/seed_2179/run_monash_time_unique1000/visualizations/archive_latex.tex
888,0.200900901,0.511000000,\left(-\left(\mathrm{Snip}\right) \cdot \left(\mathrm{MParams}\right)\right) \cdot \left(\log\left(\mathrm{ZiCo}\right) + \mathrm{MParams}\right),Snip MParams Mul Negative ZiCo Log MParams Add Mul <EOS>,(-((Snip * MParams)) * (log(ZiCo) + MParams)),0.511000000,0.588900000,120,9,4,2218,run_monash_time_unique1000,4,1,Monash__bitcoin_dataset_without_missing_values/seed_2218/run_monash_time_unique1000/visualizations/archive_latex.tex
889,0.200000000,0.510500000,\left(\log\left(\mathrm{GradNorm}\right) - \mathrm{MParams}\right)^2 - \log\left(\log\left(\mathrm{MParams}\right)\right),Grad_Norm Log MParams Sub Square MParams Log Log Sub <EOS>,(square((log(Grad_Norm) - MParams)) - log(log(MParams))),0.510500000,0.542100000,45,9,5,2063,run_monash_time_unique1000,1,5,Monash__bitcoin_dataset_without_missing_values/seed_2063/run_monash_time_unique1000/visualizations/archive_latex.tex
890,0.199099099,0.510500000,\frac{\left(\mathrm{JacobFro}\right) \cdot \left(\mathrm{GradNorm}\right)}{-\log\left(\mathrm{ZiCo}\right) - \mathrm{MParams}},Jacob_fro Grad_Norm Mul ZiCo Log Negative MParams Sub Div <EOS>,((Jacob_fro * Grad_Norm) / (-(log(ZiCo)) - MParams)),0.510500000,0.598800000,192,9,5,2166,run_monash_time_unique1000,1,1,Monash__bitcoin_dataset_without_missing_values/seed_2166/run_monash_time_unique1000/visualizations/archive_latex.tex
891,0.198198198,0.510500000,\frac{-\left(\mathrm{JacobFro}\right) \cdot \left(\mathrm{GradNorm}\right)}{\log\left(\mathrm{ZiCo}\right) + \mathrm{MParams}},Jacob_fro Grad_Norm Mul Negative ZiCo Log MParams Add Div <EOS>,(-((Jacob_fro * Grad_Norm)) / (log(ZiCo) + MParams)),0.510500000,0.598800000,142,9,4,2204,run_monash_time_unique1000,1,1,Monash__bitcoin_dataset_without_missing_values/seed_2204/run_monash_time_unique1000/visualizations/archive_latex.tex
892,0.197297297,0.510500000,\frac{\left(\mathrm{GradNorm}\right) \cdot \left(\mathrm{JacobFro}\right)}{-\log\left(\mathrm{ZiCo}\right) - \mathrm{MParams}},Grad_Norm Jacob_fro Mul ZiCo Log Negative MParams Sub Div <EOS>,((Grad_Norm * Jacob_fro) / (-(log(ZiCo)) - MParams)),0.510500000,0.598800000,164,9,5,2202,run_monash_time_unique1000,3,2,Monash__bitcoin_dataset_without_missing_values/seed_2202/run_monash_time_unique1000/visualizations/archive_latex.tex
893,0.196396396,0.510500000,\frac{\mathrm{GradNorm}}{\frac{-\log\left(\mathrm{ZiCo}\right) - \mathrm{MParams}}{\mathrm{JacobFro}}},Grad_Norm ZiCo Log Negative MParams Sub Jacob_fro Div Div <EOS>,(Grad_Norm / ((-(log(ZiCo)) - MParams) / Jacob_fro)),0.510500000,0.598800000,172,9,6,2187,run_monash_time_unique1000,4,1,Monash__bitcoin_dataset_without_missing_values/seed_2187/run_monash_time_unique1000/visualizations/archive_latex.tex
894,0.195495495,0.510500000,\left(\frac{\mathrm{JacobFro}}{-\log\left(\mathrm{ZiCo}\right) + \mathrm{MParams}}\right) \cdot \left(\mathrm{GradNorm}\right),Jacob_fro ZiCo Log MParams Add Negative Div Grad_Norm Mul <EOS>,((Jacob_fro / -((log(ZiCo) + MParams))) * Grad_Norm),0.510500000,0.598800000,117,9,6,2179,run_monash_time_unique1000,5,1,Monash__bitcoin_dataset_without_missing_values/seed_2179/run_monash_time_unique1000/visualizations/archive_latex.tex
895,0.194594595,0.510500000,\frac{-\left(\mathrm{JacobFro}\right) \cdot \left(\mathrm{GradNorm}\right)}{\mathrm{MParams} + \log\left(\mathrm{ZiCo}\right)},Jacob_fro Grad_Norm Mul Negative MParams ZiCo Log Add Div <EOS>,(-((Jacob_fro * Grad_Norm)) / (MParams + log(ZiCo))),0.510500000,0.598800000,83,9,4,2218,run_monash_time_unique1000,5,1,Monash__bitcoin_dataset_without_missing_values/seed_2218/run_monash_time_unique1000/visualizations/archive_latex.tex
896,0.193693694,0.510500000,\left(\frac{-\mathrm{GradNorm}}{\log\left(\mathrm{ZiCo}\right) + \mathrm{MParams}}\right) \cdot \left(\mathrm{JacobFro}\right),Grad_Norm Negative ZiCo Log MParams Add Div Jacob_fro Mul <EOS>,((-(Grad_Norm) / (log(ZiCo) + MParams)) * Jacob_fro),0.510500000,0.598800000,182,9,5,2103,run_monash_time_unique1000,6,2,Monash__bitcoin_dataset_without_missing_values/seed_2103/run_monash_time_unique1000/visualizations/archive_latex.tex
897,0.192792793,0.510500000,\frac{-\left(\mathrm{GradNorm}\right) \cdot \left(\mathrm{JacobFro}\right)}{\log\left(\mathrm{ZiCo}\right) + \mathrm{MParams}},Grad_Norm Jacob_fro Mul Negative ZiCo Log MParams Add Div <EOS>,(-((Grad_Norm * Jacob_fro)) / (log(ZiCo) + MParams)),0.510500000,0.598800000,39,9,4,2125,run_monash_time_unique1000,6,1,Monash__bitcoin_dataset_without_missing_values/seed_2125/run_monash_time_unique1000/visualizations/archive_latex.tex
898,0.191891892,0.510500000,\mathrm{JacobFro} - \left(\left(\mathrm{GraSP}\right)^2\right) \cdot \left(\log\left(\left(\mathrm{ZiCo}\right) \cdot \left(\mathrm{GFLOPs}\right)\right)\right),Jacob_fro GraSP Square ZiCo GFLOPs Mul Log Mul Sub <EOS>,(Jacob_fro - (square(GraSP) * log((ZiCo * GFLOPs)))),0.510500000,0.478100000,103,9,5,2156,run_monash_time_unique1000,6,1,Monash__bitcoin_dataset_without_missing_values/seed_2156/run_monash_time_unique1000/visualizations/archive_latex.tex
899,0.190990991,0.509500000,\frac{\mathrm{GradNorm} + \mathrm{GSynFlow}}{-\log\left(\mathrm{ZiCo}\right) - \mathrm{MParams}},Grad_Norm GSynFlow Add ZiCo Log Negative MParams Sub Div <EOS>,((Grad_Norm + GSynFlow) / (-(log(ZiCo)) - MParams)),0.509500000,0.556700000,193,9,5,2166,run_monash_time_unique1000,2,2,Monash__bitcoin_dataset_without_missing_values/seed_2166/run_monash_time_unique1000/visualizations/archive_latex.tex
900,0.190090090,0.509500000,\frac{-\mathrm{GradNorm} + \mathrm{GSynFlow}}{\log\left(\mathrm{ZiCo}\right) + \mathrm{MParams}},Grad_Norm GSynFlow Add Negative ZiCo Log MParams Add Div <EOS>,(-((Grad_Norm + GSynFlow)) / (log(ZiCo) + MParams)),0.509500000,0.556700000,158,9,4,2204,run_monash_time_unique1000,2,1,Monash__bitcoin_dataset_without_missing_values/seed_2204/run_monash_time_unique1000/visualizations/archive_latex.tex
901,0.189189189,0.509500000,\frac{\mathrm{GSynFlow} + \mathrm{GradNorm}}{-\log\left(\mathrm{ZiCo}\right) - \mathrm{MParams}},GSynFlow Grad_Norm Add ZiCo Log Negative MParams Sub Div <EOS>,((GSynFlow + Grad_Norm) / (-(log(ZiCo)) - MParams)),0.509500000,0.556700000,195,9,5,2098,run_monash_time_unique1000,6,1,Monash__bitcoin_dataset_without_missing_values/seed_2098/run_monash_time_unique1000/visualizations/archive_latex.tex
902,0.188288288,0.509500000,\frac{-\mathrm{GradNorm} + \mathrm{GSynFlow}}{\mathrm{MParams} + \log\left(\mathrm{ZiCo}\right)},Grad_Norm GSynFlow Add Negative MParams ZiCo Log Add Div <EOS>,(-((Grad_Norm + GSynFlow)) / (MParams + log(ZiCo))),0.509500000,0.556700000,79,9,4,2218,run_monash_time_unique1000,6,1,Monash__bitcoin_dataset_without_missing_values/seed_2218/run_monash_time_unique1000/visualizations/archive_latex.tex
903,0.187387387,0.509500000,\frac{-\mathrm{GSynFlow} + \mathrm{GradNorm}}{\log\left(\mathrm{ZiCo}\right) + \mathrm{MParams}},GSynFlow Grad_Norm Add Negative ZiCo Log MParams Add Div <EOS>,(-((GSynFlow + Grad_Norm)) / (log(ZiCo) + MParams)),0.509500000,0.556700000,181,9,4,2103,run_monash_time_unique1000,7,2,Monash__bitcoin_dataset_without_missing_values/seed_2103/run_monash_time_unique1000/visualizations/archive_latex.tex
904,0.186486486,0.509300000,\left(\mathrm{GSynFlow}\right) \cdot \left(\frac{\sqrt{\mathrm{Fisher}}}{\mathrm{MParams}} - \mathrm{Fisher}\right),GSynFlow Fisher Sqrt MParams Div Fisher Sub Mul <EOS>,(GSynFlow * ((sqrt(Fisher) / MParams) - Fisher)),0.509300000,0.496700000,199,8,5,2063,run_monash_time_unique1000,2,1,Monash__bitcoin_dataset_without_missing_values/seed_2063/run_monash_time_unique1000/visualizations/archive_latex.tex
905,0.185585586,0.509200000,\frac{\frac{\mathrm{plain}}{\mathrm{GSynFlow}}}{\mathrm{GraSP}} - \sqrt{\mathrm{L2Norm}},plain GSynFlow Div GraSP Div L2-Norm Sqrt Sub <EOS>,(((plain / GSynFlow) / GraSP) - sqrt(L2-Norm)),0.509200000,0.503300000,66,8,4,2224,run_monash_time_unique1000,5,1,Monash__bitcoin_dataset_without_missing_values/seed_2224/run_monash_time_unique1000/visualizations/archive_latex.tex
906,0.184684685,0.509200000,\frac{-\mathrm{Snip}}{\log\left(\left(\sqrt{\log\left(\mathrm{MParams}\right)}\right) \cdot \left(\mathrm{MParams}\right)\right)},Snip Negative MParams Log Sqrt MParams Mul Log Div <EOS>,(-(Snip) / log((sqrt(log(MParams)) * MParams))),0.509200000,0.573700000,30,9,6,2123,run_monash_time_unique1000,9,1,Monash__bitcoin_dataset_without_missing_values/seed_2123/run_monash_time_unique1000/visualizations/archive_latex.tex
907,0.183783784,0.509100000,\left(-\left(\log\left(\mathrm{Fisher}\right) + \left(\mathrm{MParams}\right)^2\right)^2\right) \cdot \left(\mathrm{ZiCo}\right),Fisher Log MParams Square Add Square Negative ZiCo Mul <EOS>,(-(square((log(Fisher) + square(MParams)))) * ZiCo),0.509100000,0.473100000,57,9,6,2083,run_monash_time_unique1000,2,1,Monash__bitcoin_dataset_without_missing_values/seed_2083/run_monash_time_unique1000/visualizations/archive_latex.tex
908,0.182882883,0.509100000,\frac{\frac{\mathrm{plain}}{\mathrm{GSynFlow}}}{\mathrm{GraSP}} - \sqrt{\mathrm{MParams}},plain GSynFlow Div GraSP Div MParams Sqrt Sub <EOS>,(((plain / GSynFlow) / GraSP) - sqrt(MParams)),0.509100000,0.496800000,74,8,4,2224,run_monash_time_unique1000,6,1,Monash__bitcoin_dataset_without_missing_values/seed_2224/run_monash_time_unique1000/visualizations/archive_latex.tex
909,0.181981982,0.509000000,\frac{\log\left(\left(\mathrm{MParams}\right) \cdot \left(\left(\mathrm{GFLOPs}\right)^2 + \mathrm{GradNorm}\right)\right)}{\mathrm{MParams}},MParams GFLOPs Square Grad_Norm Add Mul Log MParams Div <EOS>,(log((MParams * (square(GFLOPs) + Grad_Norm))) / MParams),0.509000000,0.507000000,116,9,6,2065,run_monash_time_unique1000,4,1,Monash__bitcoin_dataset_without_missing_values/seed_2065/run_monash_time_unique1000/visualizations/archive_latex.tex
910,0.181081081,0.508700000,\sqrt{\log\left(\left(\mathrm{plain}\right) \cdot \left(\mathrm{MParams}\right) - \log\left(\mathrm{Snip}\right)\right)},plain MParams Mul Snip Log Sub Log Sqrt <EOS>,sqrt(log(((plain * MParams) - log(Snip)))),0.508700000,0.501300000,30,8,5,2139,run_monash_time_unique1000,10,1,Monash__bitcoin_dataset_without_missing_values/seed_2139/run_monash_time_unique1000/visualizations/archive_latex.tex
911,0.180180180,0.508600000,\frac{-\mathrm{JacobFro}}{\log\left(\left(\left(\mathrm{MParams}\right)^2\right) \cdot \left(\sqrt{\mathrm{Fisher}}\right)\right)},Jacob_fro Negative MParams Square Fisher Sqrt Mul Log Div <EOS>,(-(Jacob_fro) / log((square(MParams) * sqrt(Fisher)))),0.508600000,0.448000000,23,9,5,2168,run_monash_time_unique1000,9,1,Monash__bitcoin_dataset_without_missing_values/seed_2168/run_monash_time_unique1000/visualizations/archive_latex.tex
912,0.179279279,0.508500000,\left(-\log\left(\left(\mathrm{Snip}\right) \cdot \left(\mathrm{Fisher}\right)\right)\right) \cdot \left(\log\left(\mathrm{MParams}\right)\right),Snip Fisher Mul Log Negative MParams Log Mul <EOS>,(-(log((Snip * Fisher))) * log(MParams)),0.508500000,0.470400000,190,8,5,2221,run_monash_time_unique1000,1,1,Monash__bitcoin_dataset_without_missing_values/seed_2221/run_monash_time_unique1000/visualizations/archive_latex.tex
913,0.178378378,0.508300000,\sqrt{\mathrm{GradNorm}} - \left(\mathrm{MParams}\right) \cdot \left(\log\left(\mathrm{plain}\right)\right),Grad_Norm Sqrt MParams plain Log Mul Sub <EOS>,(sqrt(Grad_Norm) - (MParams * log(plain))),0.508300000,0.416100000,159,7,4,2072,run_monash_time_unique1000,2,2,Monash__bitcoin_dataset_without_missing_values/seed_2072/run_monash_time_unique1000/visualizations/archive_latex.tex
914,0.177477477,0.508100000,\frac{\frac{\mathrm{plain}}{\left(\mathrm{GSynFlow}\right)^2}}{\mathrm{GraSP}} - \left(\mathrm{MParams}\right)^2,plain GSynFlow Square Div GraSP Div MParams Square Sub <EOS>,(((plain / square(GSynFlow)) / GraSP) - square(MParams)),0.508100000,0.497200000,55,9,5,2224,run_monash_time_unique1000,7,1,Monash__bitcoin_dataset_without_missing_values/seed_2224/run_monash_time_unique1000/visualizations/archive_latex.tex
915,0.176576577,0.508000000,\left(-\mathrm{GSynFlow} + \left(\frac{\mathrm{Snip}}{\mathrm{plain}}\right)^2\right) \cdot \left(\mathrm{GradNorm}\right),GSynFlow Negative Snip plain Div Square Add Grad_Norm Mul <EOS>,((-(GSynFlow) + square((Snip / plain))) * Grad_Norm),0.508000000,0.397000000,60,9,5,2172,run_monash_time_unique1000,3,1,Monash__bitcoin_dataset_without_missing_values/seed_2172/run_monash_time_unique1000/visualizations/archive_latex.tex
916,0.175675676,0.508000000,\frac{\mathrm{JacobFro}}{\left(\log\left(\left(\mathrm{MParams}\right)^2\right) + \sqrt{\mathrm{Fisher}}\right)^2},Jacob_fro MParams Square Log Fisher Sqrt Add Square Div <EOS>,(Jacob_fro / square((log(square(MParams)) + sqrt(Fisher)))),0.508000000,0.516500000,67,9,6,2043,run_monash_time_unique1000,5,1,Monash__bitcoin_dataset_without_missing_values/seed_2043/run_monash_time_unique1000/visualizations/archive_latex.tex
917,0.174774775,0.508000000,\mathrm{MParams} - \frac{\mathrm{GradNorm}}{\log\left(\left(\mathrm{MParams}\right)^2 - \mathrm{MParams}\right)},MParams Grad_Norm MParams Square MParams Sub Log Div Sub <EOS>,(MParams - (Grad_Norm / log((square(MParams) - MParams)))),0.508000000,0.560600000,81,9,6,2213,run_monash_time_unique1000,10,1,Monash__bitcoin_dataset_without_missing_values/seed_2213/run_monash_time_unique1000/visualizations/archive_latex.tex
918,0.173873874,0.507600000,\mathrm{Fisher} - \left(\log\left(\mathrm{Fisher} + \left(\mathrm{MParams}\right)^2\right)\right)^2,Fisher Fisher MParams Square Add Log Square Sub <EOS>,(Fisher - square(log((Fisher + square(MParams))))),0.507600000,0.532300000,76,8,6,2042,run_monash_time_unique1000,3,1,Monash__bitcoin_dataset_without_missing_values/seed_2042/run_monash_time_unique1000/visualizations/archive_latex.tex
919,0.172972973,0.507600000,\mathrm{Fisher} - \left(\log\left(\left(\mathrm{MParams}\right)^2 + \mathrm{Fisher}\right)\right)^2,Fisher MParams Square Fisher Add Log Square Sub <EOS>,(Fisher - square(log((square(MParams) + Fisher)))),0.507600000,0.532300000,62,8,6,2088,run_monash_time_unique1000,8,1,Monash__bitcoin_dataset_without_missing_values/seed_2088/run_monash_time_unique1000/visualizations/archive_latex.tex
920,0.172072072,0.507600000,\frac{\frac{\log\left(\mathrm{L2Norm}\right)}{\mathrm{GSynFlow}}}{\mathrm{GraSP}} - \left(\mathrm{MParams}\right)^2,L2-Norm Log GSynFlow Div GraSP Div MParams Square Sub <EOS>,(((log(L2-Norm) / GSynFlow) / GraSP) - square(MParams)),0.507600000,0.480400000,74,9,5,2224,run_monash_time_unique1000,8,1,Monash__bitcoin_dataset_without_missing_values/seed_2224/run_monash_time_unique1000/visualizations/archive_latex.tex
921,0.171171171,0.507400000,\left(\left(\mathrm{GradNorm}\right) \cdot \left(\log\left(\mathrm{ZiCo}\right) + \mathrm{MParams}\right)\right) \cdot \left(-\mathrm{GSynFlow}\right),Grad_Norm ZiCo Log MParams Add Mul GSynFlow Negative Mul <EOS>,((Grad_Norm * (log(ZiCo) + MParams)) * -(GSynFlow)),0.507400000,0.552100000,142,9,5,2204,run_monash_time_unique1000,3,1,Monash__bitcoin_dataset_without_missing_values/seed_2204/run_monash_time_unique1000/visualizations/archive_latex.tex
922,0.170270270,0.507400000,\left(\left(\mathrm{GradNorm}\right) \cdot \left(-\log\left(\mathrm{ZiCo}\right) + \mathrm{MParams}\right)\right) \cdot \left(\mathrm{GSynFlow}\right),Grad_Norm ZiCo Log MParams Add Negative Mul GSynFlow Mul <EOS>,((Grad_Norm * -((log(ZiCo) + MParams))) * GSynFlow),0.507400000,0.552100000,76,9,6,2179,run_monash_time_unique1000,6,1,Monash__bitcoin_dataset_without_missing_values/seed_2179/run_monash_time_unique1000/visualizations/archive_latex.tex
923,0.169369369,0.507100000,\frac{\mathrm{GradNorm} - \mathrm{plain}}{\log\left(\frac{\log\left(\mathrm{ZiCo}\right)}{\mathrm{MParams}}\right)},Grad_Norm plain Sub ZiCo Log MParams Div Log Div <EOS>,((Grad_Norm - plain) / log((log(ZiCo) / MParams))),0.507100000,0.585700000,191,9,5,2161,run_monash_time_unique1000,5,1,Monash__bitcoin_dataset_without_missing_values/seed_2161/run_monash_time_unique1000/visualizations/archive_latex.tex
924,0.168468468,0.507100000,\frac{\mathrm{plain} - \mathrm{GradNorm}}{\log\left(\frac{\mathrm{MParams}}{\log\left(\mathrm{ZiCo}\right)}\right)},plain Grad_Norm Sub MParams ZiCo Log Div Log Div <EOS>,((plain - Grad_Norm) / log((MParams / log(ZiCo)))),0.507100000,0.585700000,149,9,5,2168,run_monash_time_unique1000,10,1,Monash__bitcoin_dataset_without_missing_values/seed_2168/run_monash_time_unique1000/visualizations/archive_latex.tex
925,0.167567568,0.507000000,\frac{\left(\mathrm{MParams}\right)^2 - \mathrm{GradNorm}}{\mathrm{MParams} + \log\left(\mathrm{ZiCo}\right)},MParams Square Grad_Norm Sub MParams ZiCo Log Add Div <EOS>,((square(MParams) - Grad_Norm) / (MParams + log(ZiCo))),0.507000000,0.577000000,126,9,4,2218,run_monash_time_unique1000,7,1,Monash__bitcoin_dataset_without_missing_values/seed_2218/run_monash_time_unique1000/visualizations/archive_latex.tex
926,0.166666667,0.507000000,\frac{\left(\mathrm{MParams}\right)^2 - \mathrm{GradNorm}}{\log\left(\mathrm{ZiCo}\right) + \mathrm{MParams}},MParams Square Grad_Norm Sub ZiCo Log MParams Add Div <EOS>,((square(MParams) - Grad_Norm) / (log(ZiCo) + MParams)),0.507000000,0.577000000,139,9,4,2125,run_monash_time_unique1000,8,1,Monash__bitcoin_dataset_without_missing_values/seed_2125/run_monash_time_unique1000/visualizations/archive_latex.tex
927,0.165765766,0.507000000,\frac{\frac{\sqrt{\mathrm{GraSP}}}{\mathrm{GSynFlow}}}{\mathrm{GraSP}} - \left(\mathrm{MParams}\right)^2,GraSP Sqrt GSynFlow Div GraSP Div MParams Square Sub <EOS>,(((sqrt(GraSP) / GSynFlow) / GraSP) - square(MParams)),0.507000000,0.492200000,62,9,5,2224,run_monash_time_unique1000,9,1,Monash__bitcoin_dataset_without_missing_values/seed_2224/run_monash_time_unique1000/visualizations/archive_latex.tex
928,0.164864865,0.506900000,\left(\mathrm{GradNorm} - \left(\left(\mathrm{GFLOPs}\right)^2\right) \cdot \left(\mathrm{Fisher}\right)\right) \cdot \left(\mathrm{GFLOPs}\right),Grad_Norm GFLOPs Square Fisher Mul Sub GFLOPs Mul <EOS>,((Grad_Norm - (square(GFLOPs) * Fisher)) * GFLOPs),0.506900000,0.517400000,48,8,5,2045,run_monash_time_unique1000,7,1,Monash__bitcoin_dataset_without_missing_values/seed_2045/run_monash_time_unique1000/visualizations/archive_latex.tex
929,0.163963964,0.506900000,\left(\mathrm{GFLOPs}\right) \cdot \left(\mathrm{GradNorm} - \left(\mathrm{Fisher}\right) \cdot \left(\left(\mathrm{GFLOPs}\right)^2\right)\right),GFLOPs Grad_Norm Fisher GFLOPs Square Mul Sub Mul <EOS>,(GFLOPs * (Grad_Norm - (Fisher * square(GFLOPs)))),0.506900000,0.517400000,31,8,5,2150,run_monash_time_unique1000,9,1,Monash__bitcoin_dataset_without_missing_values/seed_2150/run_monash_time_unique1000/visualizations/archive_latex.tex
930,0.163063063,0.506400000,\frac{\mathrm{Fisher}}{\mathrm{GFLOPs}} - \sqrt{\log\left(\mathrm{Fisher} + \mathrm{MParams}\right)},Fisher GFLOPs Div Fisher MParams Add Log Sqrt Sub <EOS>,((Fisher / GFLOPs) - sqrt(log((Fisher + MParams)))),0.506400000,0.506600000,183,9,5,2042,run_monash_time_unique1000,4,1,Monash__bitcoin_dataset_without_missing_values/seed_2042/run_monash_time_unique1000/visualizations/archive_latex.tex
931,0.162162162,0.506300000,\mathrm{JacobFro} - \left(\left(\mathrm{Snip}\right)^2\right) \cdot \left(\mathrm{GFLOPs}\right),Jacob_fro Snip Square GFLOPs Mul Sub <EOS>,(Jacob_fro - (square(Snip) * GFLOPs)),0.506300000,0.363900000,46,6,4,2141,run_monash_time_unique1000,1,1,Monash__bitcoin_dataset_without_missing_values/seed_2141/run_monash_time_unique1000/visualizations/archive_latex.tex
932,0.161261261,0.506300000,\frac{\log\left(\mathrm{GradNorm}\right)}{\left(\mathrm{GFLOPs}\right)^2} - \left(\log\left(\mathrm{MParams}\right)\right)^2,Grad_Norm Log GFLOPs Square Div MParams Log Square Sub <EOS>,((log(Grad_Norm) / square(GFLOPs)) - square(log(MParams))),0.506300000,0.478400000,108,9,4,2126,run_monash_time_unique1000,4,1,Monash__bitcoin_dataset_without_missing_values/seed_2126/run_monash_time_unique1000/visualizations/archive_latex.tex
933,0.160360360,0.505900000,\left(\mathrm{GradNorm} - \left(\left(\mathrm{GFLOPs}\right)^2\right) \cdot \left(\mathrm{Fisher}\right)\right) \cdot \left(\left(\mathrm{GFLOPs}\right)^2\right),Grad_Norm GFLOPs Square Fisher Mul Sub GFLOPs Square Mul <EOS>,((Grad_Norm - (square(GFLOPs) * Fisher)) * square(GFLOPs)),0.505900000,0.479800000,49,9,5,2045,run_monash_time_unique1000,8,1,Monash__bitcoin_dataset_without_missing_values/seed_2045/run_monash_time_unique1000/visualizations/archive_latex.tex
934,0.159459459,0.505900000,\left(\left(\mathrm{GFLOPs}\right)^2\right) \cdot \left(\mathrm{GradNorm} - \left(\mathrm{Fisher}\right) \cdot \left(\left(\mathrm{GFLOPs}\right)^2\right)\right),GFLOPs Square Grad_Norm Fisher GFLOPs Square Mul Sub Mul <EOS>,(square(GFLOPs) * (Grad_Norm - (Fisher * square(GFLOPs)))),0.505900000,0.479800000,49,9,5,2150,run_monash_time_unique1000,10,1,Monash__bitcoin_dataset_without_missing_values/seed_2150/run_monash_time_unique1000/visualizations/archive_latex.tex
935,0.158558559,0.505600000,\log\left(\left(\left(\mathrm{JacobFro}\right) \cdot \left(\log\left(\mathrm{GraSP}\right) - \mathrm{GFLOPs}\right)\right) \cdot \left(\mathrm{L2Norm}\right)\right),Jacob_fro GraSP Log GFLOPs Sub Mul L2-Norm Mul Log <EOS>,log(((Jacob_fro * (log(GraSP) - GFLOPs)) * L2-Norm)),0.505600000,0.487600000,148,9,6,2102,run_monash_time_unique1000,1,1,Monash__bitcoin_dataset_without_missing_values/seed_2102/run_monash_time_unique1000/visualizations/archive_latex.tex
936,0.157657658,0.505600000,\sqrt{\left(\left(\mathrm{L2Norm}\right) \cdot \left(\mathrm{JacobFro}\right)\right) \cdot \left(\log\left(\mathrm{GraSP}\right) - \mathrm{GFLOPs}\right)},L2-Norm Jacob_fro Mul GraSP Log GFLOPs Sub Mul Sqrt <EOS>,sqrt(((L2-Norm * Jacob_fro) * (log(GraSP) - GFLOPs))),0.505600000,0.487600000,88,9,5,2184,run_monash_time_unique1000,2,1,Monash__bitcoin_dataset_without_missing_values/seed_2184/run_monash_time_unique1000/visualizations/archive_latex.tex
937,0.156756757,0.505300000,\left(\sqrt{\mathrm{MParams}}\right) \cdot \left(\left(\left(\mathrm{MParams}\right)^2 - \log\left(\mathrm{JacobFro}\right)\right)^2\right),MParams Sqrt MParams Square Jacob_fro Log Sub Square Mul <EOS>,(sqrt(MParams) * square((square(MParams) - log(Jacob_fro)))),0.505300000,0.419000000,86,9,5,2193,run_monash_time_unique1000,1,2,Monash__bitcoin_dataset_without_missing_values/seed_2193/run_monash_time_unique1000/visualizations/archive_latex.tex
938,0.155855856,0.505300000,\left(\sqrt{\mathrm{MParams}}\right) \cdot \left(\left(\log\left(\mathrm{JacobFro}\right) - \left(\mathrm{MParams}\right)^2\right)^2\right),MParams Sqrt Jacob_fro Log MParams Square Sub Square Mul <EOS>,(sqrt(MParams) * square((log(Jacob_fro) - square(MParams)))),0.505300000,0.419000000,45,9,5,2041,run_monash_time_unique1000,4,2,Monash__bitcoin_dataset_without_missing_values/seed_2041/run_monash_time_unique1000/visualizations/archive_latex.tex
939,0.154954955,0.505200000,\sqrt{\mathrm{MParams}} - \left(\sqrt{\mathrm{Fisher}}\right) \cdot \left(\log\left(\mathrm{MParams}\right)\right),MParams Sqrt Fisher Sqrt MParams Log Mul Sub <EOS>,(sqrt(MParams) - (sqrt(Fisher) * log(MParams))),0.505200000,0.440400000,163,8,4,2156,run_monash_time_unique1000,7,1,Monash__bitcoin_dataset_without_missing_values/seed_2156/run_monash_time_unique1000/visualizations/archive_latex.tex
940,0.154054054,0.505100000,\frac{-\frac{\mathrm{Fisher}}{\mathrm{plain}}}{\log\left(\mathrm{ZiCo}\right) + \mathrm{MParams}},Fisher plain Div Negative ZiCo Log MParams Add Div <EOS>,(-((Fisher / plain)) / (log(ZiCo) + MParams)),0.505100000,0.599800000,177,9,4,2204,run_monash_time_unique1000,4,2,Monash__bitcoin_dataset_without_missing_values/seed_2204/run_monash_time_unique1000/visualizations/archive_latex.tex
941,0.153153153,0.505100000,\frac{\frac{\mathrm{Fisher}}{\mathrm{plain}}}{-\log\left(\mathrm{ZiCo}\right) - \mathrm{MParams}},Fisher plain Div ZiCo Log Negative MParams Sub Div <EOS>,((Fisher / plain) / (-(log(ZiCo)) - MParams)),0.505100000,0.599800000,177,9,5,2098,run_monash_time_unique1000,7,1,Monash__bitcoin_dataset_without_missing_values/seed_2098/run_monash_time_unique1000/visualizations/archive_latex.tex
942,0.152252252,0.505100000,\frac{\frac{-\mathrm{Fisher}}{\mathrm{plain}}}{\mathrm{MParams} + \log\left(\mathrm{ZiCo}\right)},Fisher Negative plain Div MParams ZiCo Log Add Div <EOS>,((-(Fisher) / plain) / (MParams + log(ZiCo))),0.505100000,0.599800000,103,9,4,2218,run_monash_time_unique1000,8,1,Monash__bitcoin_dataset_without_missing_values/seed_2218/run_monash_time_unique1000/visualizations/archive_latex.tex
943,0.151351351,0.505000000,\log\left(\left(\mathrm{GradNorm}\right) \cdot \left(\mathrm{L2Norm}\right)\right) - \left(\left(\mathrm{MParams}\right)^2\right) \cdot \left(\mathrm{Fisher}\right),Grad_Norm L2-Norm Mul Log MParams Square Fisher Mul Sub <EOS>,(log((Grad_Norm * L2-Norm)) - (square(MParams) * Fisher)),0.505000000,0.565100000,134,9,4,2077,run_monash_time_unique1000,10,1,Monash__bitcoin_dataset_without_missing_values/seed_2077/run_monash_time_unique1000/visualizations/archive_latex.tex
944,0.150450450,0.504800000,\frac{\frac{\sqrt{\mathrm{GraSP}}}{\mathrm{GSynFlow}}}{\mathrm{GraSP}} - \mathrm{MParams},GraSP Sqrt GSynFlow Div GraSP Div MParams Sub <EOS>,(((sqrt(GraSP) / GSynFlow) / GraSP) - MParams),0.504800000,0.480600000,60,8,5,2224,run_monash_time_unique1000,10,1,Monash__bitcoin_dataset_without_missing_values/seed_2224/run_monash_time_unique1000/visualizations/archive_latex.tex
945,0.149549550,0.504200000,\frac{\frac{\log\left(\mathrm{MParams}\right)}{\mathrm{Fisher}}}{\mathrm{L2Norm}} - \mathrm{MParams},MParams Log Fisher Div L2-Norm Div MParams Sub <EOS>,(((log(MParams) / Fisher) / L2-Norm) - MParams),0.504200000,0.383900000,52,8,5,2194,run_monash_time_unique1000,2,1,Monash__bitcoin_dataset_without_missing_values/seed_2194/run_monash_time_unique1000/visualizations/archive_latex.tex
946,0.148648649,0.503800000,\log\left(\mathrm{MParams} + \mathrm{GradNorm}\right) - \left(\mathrm{MParams}\right) \cdot \left(\mathrm{plain}\right),MParams Grad_Norm Add Log MParams plain Mul Sub <EOS>,(log((MParams + Grad_Norm)) - (MParams * plain)),0.503800000,0.499600000,118,8,4,2032,run_monash_time_unique1000,3,1,Monash__bitcoin_dataset_without_missing_values/seed_2032/run_monash_time_unique1000/visualizations/archive_latex.tex
947,0.147747748,0.503800000,\log\left(\mathrm{MParams} + \mathrm{GradNorm}\right) - \left(\mathrm{plain}\right) \cdot \left(\mathrm{MParams}\right),MParams Grad_Norm Add Log plain MParams Mul Sub <EOS>,(log((MParams + Grad_Norm)) - (plain * MParams)),0.503800000,0.499600000,85,8,4,2038,run_monash_time_unique1000,8,1,Monash__bitcoin_dataset_without_missing_values/seed_2038/run_monash_time_unique1000/visualizations/archive_latex.tex
948,0.146846847,0.503700000,\left(\log\left(\mathrm{GradNorm}\right) - \left(\mathrm{Fisher}\right) \cdot \left(\left(\mathrm{MParams}\right)^2\right)\right) \cdot \left(\mathrm{L2Norm}\right),Grad_Norm Log Fisher MParams Square Mul Sub L2-Norm Mul <EOS>,((log(Grad_Norm) - (Fisher * square(MParams))) * L2-Norm),0.503700000,0.569900000,195,9,5,2038,run_monash_time_unique1000,9,1,Monash__bitcoin_dataset_without_missing_values/seed_2038/run_monash_time_unique1000/visualizations/archive_latex.tex
949,0.145945946,0.503600000,\frac{-\left(\log\left(\mathrm{Fisher}\right) + \left(\mathrm{MParams}\right)^2\right)^2}{\mathrm{L2Norm}},Fisher Log MParams Square Add Square Negative L2-Norm Div <EOS>,(-(square((log(Fisher) + square(MParams)))) / L2-Norm),0.503600000,0.484100000,36,9,6,2083,run_monash_time_unique1000,3,1,Monash__bitcoin_dataset_without_missing_values/seed_2083/run_monash_time_unique1000/visualizations/archive_latex.tex
950,0.145045045,0.502900000,-\left(\log\left(\mathrm{Fisher}\right) + \left(\mathrm{MParams}\right)^2\right)^2 + \mathrm{MParams},Fisher Log MParams Square Add Square Negative MParams Add <EOS>,(-(square((log(Fisher) + square(MParams)))) + MParams),0.502900000,0.442700000,70,9,6,2083,run_monash_time_unique1000,4,1,Monash__bitcoin_dataset_without_missing_values/seed_2083/run_monash_time_unique1000/visualizations/archive_latex.tex
951,0.144144144,0.502800000,\log\left(\left(\mathrm{MParams}\right) \cdot \left(\mathrm{GraSP}\right)\right) - \left(\mathrm{plain}\right) \cdot \left(\left(\mathrm{MParams}\right)^2\right),MParams GraSP Mul Log plain MParams Square Mul Sub <EOS>,(log((MParams * GraSP)) - (plain * square(MParams))),0.502800000,0.520400000,174,9,4,2058,run_monash_time_unique1000,7,2,Monash__bitcoin_dataset_without_missing_values/seed_2058/run_monash_time_unique1000/visualizations/archive_latex.tex
952,0.143243243,0.502200000,\frac{\left(\log\left(\mathrm{Fisher}\right)\right) \cdot \left(\mathrm{ZiCo}\right)}{\mathrm{GSynFlow}} - \mathrm{L2Norm},Fisher Log ZiCo Mul GSynFlow Div L2-Norm Sub <EOS>,(((log(Fisher) * ZiCo) / GSynFlow) - L2-Norm),0.502200000,0.455400000,34,8,5,2223,run_monash_time_unique1000,3,1,Monash__bitcoin_dataset_without_missing_values/seed_2223/run_monash_time_unique1000/visualizations/archive_latex.tex
953,0.142342342,0.502000000,\left(\mathrm{L2Norm}\right) \cdot \left(\log\left(\mathrm{JacobFro}\right) - \left(\mathrm{MParams}\right)^2\right),L2-Norm Jacob_fro Log MParams Square Sub Mul <EOS>,(L2-Norm * (log(Jacob_fro) - square(MParams))),0.502000000,0.393400000,110,7,4,2059,run_monash_time_unique1000,4,3,Monash__bitcoin_dataset_without_missing_values/seed_2059/run_monash_time_unique1000/visualizations/archive_latex.tex
954,0.141441441,0.502000000,\left(\log\left(\mathrm{JacobFro}\right) - \left(\mathrm{MParams}\right)^2\right) \cdot \left(\mathrm{L2Norm}\right),Jacob_fro Log MParams Square Sub L2-Norm Mul <EOS>,((log(Jacob_fro) - square(MParams)) * L2-Norm),0.502000000,0.393400000,51,7,4,2197,run_monash_time_unique1000,4,4,Monash__bitcoin_dataset_without_missing_values/seed_2197/run_monash_time_unique1000/visualizations/archive_latex.tex
955,0.140540541,0.502000000,\left(\sqrt{\mathrm{L2Norm}}\right) \cdot \left(\sqrt{\left(\mathrm{MParams}\right)^2 - \log\left(\mathrm{JacobFro}\right)}\right),L2-Norm Sqrt MParams Square Jacob_fro Log Sub Sqrt Mul <EOS>,(sqrt(L2-Norm) * sqrt((square(MParams) - log(Jacob_fro)))),0.502000000,0.393400000,114,9,5,2223,run_monash_time_unique1000,4,1,Monash__bitcoin_dataset_without_missing_values/seed_2223/run_monash_time_unique1000/visualizations/archive_latex.tex
956,0.139639640,0.501800000,\frac{\left(\mathrm{JacobFro}\right) \cdot \left(\mathrm{Snip}\right)}{\log\left(\frac{\log\left(\mathrm{ZiCo}\right)}{\mathrm{MParams}}\right)},Jacob_fro Snip Mul ZiCo Log MParams Div Log Div <EOS>,((Jacob_fro * Snip) / log((log(ZiCo) / MParams))),0.501800000,0.612100000,95,9,5,2125,run_monash_time_unique1000,10,1,Monash__bitcoin_dataset_without_missing_values/seed_2125/run_monash_time_unique1000/visualizations/archive_latex.tex
957,0.138738739,0.501700000,\log\left(\left(\left(\mathrm{MParams}\right)^2\right) \cdot \left(\sqrt{\mathrm{JacobFro}}\right)\right) - \left(\mathrm{MParams}\right)^2,MParams Square Jacob_fro Sqrt Mul Log MParams Square Sub <EOS>,(log((square(MParams) * sqrt(Jacob_fro))) - square(MParams)),0.501700000,0.456000000,184,9,5,2041,run_monash_time_unique1000,6,1,Monash__bitcoin_dataset_without_missing_values/seed_2041/run_monash_time_unique1000/visualizations/archive_latex.tex
958,0.137837838,0.501500000,\log\left(\mathrm{GFLOPs} - \log\left(\mathrm{GraSP}\right)\right) - \left(\log\left(\mathrm{MParams}\right)\right)^2,GFLOPs GraSP Log Sub Log MParams Log Square Sub <EOS>,(log((GFLOPs - log(GraSP))) - square(log(MParams))),0.501500000,0.578900000,147,9,5,2063,run_monash_time_unique1000,3,1,Monash__bitcoin_dataset_without_missing_values/seed_2063/run_monash_time_unique1000/visualizations/archive_latex.tex
959,0.136936937,0.501300000,\mathrm{GradNorm} + \frac{-\mathrm{GSynFlow}}{\log\left(\mathrm{ZiCo}\right) + \mathrm{MParams}},Grad_Norm GSynFlow Negative ZiCo Log MParams Add Div Add <EOS>,(Grad_Norm + (-(GSynFlow) / (log(ZiCo) + MParams))),0.501300000,0.557600000,177,9,5,2103,run_monash_time_unique1000,8,1,Monash__bitcoin_dataset_without_missing_values/seed_2103/run_monash_time_unique1000/visualizations/archive_latex.tex
960,0.136036036,0.501300000,\frac{\mathrm{GSynFlow}}{-\log\left(\mathrm{ZiCo}\right) + \mathrm{MParams}} + \mathrm{GradNorm},GSynFlow ZiCo Log MParams Add Negative Div Grad_Norm Add <EOS>,((GSynFlow / -((log(ZiCo) + MParams))) + Grad_Norm),0.501300000,0.557600000,185,9,6,2179,run_monash_time_unique1000,8,1,Monash__bitcoin_dataset_without_missing_values/seed_2179/run_monash_time_unique1000/visualizations/archive_latex.tex
961,0.135135135,0.501200000,\left(\mathrm{Snip}\right) \cdot \left(\log\left(\frac{\log\left(\mathrm{GradNorm}\right) - \mathrm{MParams}}{\mathrm{Fisher}}\right)\right),Snip Grad_Norm Log MParams Sub Fisher Div Log Mul <EOS>,(Snip * log(((log(Grad_Norm) - MParams) / Fisher))),0.501200000,0.596900000,32,9,6,2171,run_monash_time_unique1000,1,1,Monash__bitcoin_dataset_without_missing_values/seed_2171/run_monash_time_unique1000/visualizations/archive_latex.tex
962,0.134234234,0.501200000,\left(\log\left(\frac{\mathrm{MParams} - \log\left(\mathrm{GradNorm}\right)}{\mathrm{Fisher}}\right)\right) \cdot \left(\mathrm{Snip}\right),MParams Grad_Norm Log Sub Fisher Div Log Snip Mul <EOS>,(log(((MParams - log(Grad_Norm)) / Fisher)) * Snip),0.501200000,0.596900000,38,9,6,2075,run_monash_time_unique1000,3,1,Monash__bitcoin_dataset_without_missing_values/seed_2075/run_monash_time_unique1000/visualizations/archive_latex.tex
963,0.133333333,0.500600000,\log\left(\mathrm{MParams} + \frac{\mathrm{Fisher}}{\mathrm{plain}}\right) - \mathrm{MParams},MParams Fisher plain Div Add Log MParams Sub <EOS>,(log((MParams + (Fisher / plain))) - MParams),0.500600000,0.567800000,75,8,5,2032,run_monash_time_unique1000,4,1,Monash__bitcoin_dataset_without_missing_values/seed_2032/run_monash_time_unique1000/visualizations/archive_latex.tex
964,0.132432432,0.500500000,\left(\log\left(\log\left(\mathrm{Snip}\right)\right) - \mathrm{MParams}\right) \cdot \left(\log\left(\log\left(\mathrm{GradNorm}\right)\right)\right),Snip Log Log MParams Sub Grad_Norm Log Log Mul <EOS>,((log(log(Snip)) - MParams) * log(log(Grad_Norm))),0.500500000,0.534100000,54,9,5,2134,run_monash_time_unique1000,4,1,Monash__bitcoin_dataset_without_missing_values/seed_2134/run_monash_time_unique1000/visualizations/archive_latex.tex
965,0.131531532,0.500400000,\frac{-\left(\log\left(\mathrm{Fisher}\right) + \left(\mathrm{MParams}\right)^2\right)^2}{\mathrm{GFLOPs}},Fisher Log MParams Square Add Square Negative GFLOPs Div <EOS>,(-(square((log(Fisher) + square(MParams)))) / GFLOPs),0.500400000,0.476700000,55,9,6,2083,run_monash_time_unique1000,5,1,Monash__bitcoin_dataset_without_missing_values/seed_2083/run_monash_time_unique1000/visualizations/archive_latex.tex
966,0.130630631,0.500300000,\frac{\mathrm{JacobFro}}{-\mathrm{GFLOPs} - \log\left(\frac{\mathrm{L2Norm}}{\mathrm{ZiCo}}\right)},Jacob_fro GFLOPs L2-Norm ZiCo Div Log Sub Negative Div <EOS>,(Jacob_fro / -((GFLOPs - log((L2-Norm / ZiCo))))),0.500300000,0.484400000,152,9,6,2109,run_monash_time_unique1000,4,1,Monash__bitcoin_dataset_without_missing_values/seed_2109/run_monash_time_unique1000/visualizations/archive_latex.tex
967,0.129729730,0.500300000,\frac{-\mathrm{GradNorm}}{\mathrm{MParams} + \log\left(\mathrm{ZiCo}\right)} - \mathrm{plain},Grad_Norm Negative MParams ZiCo Log Add Div plain Sub <EOS>,((-(Grad_Norm) / (MParams + log(ZiCo))) - plain),0.500300000,0.584300000,190,9,5,2218,run_monash_time_unique1000,9,1,Monash__bitcoin_dataset_without_missing_values/seed_2218/run_monash_time_unique1000/visualizations/archive_latex.tex
968,0.128828829,0.500100000,\left(\log\left(\mathrm{JacobFro}\right) - \mathrm{Snip}\right) \cdot \left(\log\left(\mathrm{ZiCo}\right) + \mathrm{MParams}\right),Jacob_fro Log Snip Sub ZiCo Log MParams Add Mul <EOS>,((log(Jacob_fro) - Snip) * (log(ZiCo) + MParams)),0.500100000,0.557700000,170,9,4,2204,run_monash_time_unique1000,5,1,Monash__bitcoin_dataset_without_missing_values/seed_2204/run_monash_time_unique1000/visualizations/archive_latex.tex
969,0.127927928,0.499500000,\frac{\log\left(\left(\sqrt{\mathrm{Snip}}\right) \cdot \left(\left(\mathrm{MParams}\right)^2\right)\right)}{\left(\mathrm{MParams}\right)^2},Snip Sqrt MParams Square Mul Log MParams Square Div <EOS>,(log((sqrt(Snip) * square(MParams))) / square(MParams)),0.499500000,0.578600000,93,9,5,2192,run_monash_time_unique1000,3,2,Monash__bitcoin_dataset_without_missing_values/seed_2192/run_monash_time_unique1000/visualizations/archive_latex.tex
970,0.127027027,0.499200000,\left(\left(\left(\mathrm{MParams}\right)^2\right) \cdot \left(\log\left(\mathrm{plain}\right)\right) - \log\left(\mathrm{GraSP}\right)\right)^2,MParams Square plain Log Mul GraSP Log Sub Square <EOS>,square(((square(MParams) * log(plain)) - log(GraSP))),0.499200000,0.462700000,51,9,5,2223,run_monash_time_unique1000,5,1,Monash__bitcoin_dataset_without_missing_values/seed_2223/run_monash_time_unique1000/visualizations/archive_latex.tex
971,0.126126126,0.499200000,-\left(\log\left(\mathrm{Fisher}\right) + \mathrm{ZiCo} + \left(\mathrm{MParams}\right)^2\right)^2,Fisher Log ZiCo MParams Square Add Add Square Negative <EOS>,-(square((log(Fisher) + (ZiCo + square(MParams))))),0.499200000,0.469600000,102,9,6,2083,run_monash_time_unique1000,6,1,Monash__bitcoin_dataset_without_missing_values/seed_2083/run_monash_time_unique1000/visualizations/archive_latex.tex
972,0.125225225,0.499200000,\sqrt{\frac{\left(\mathrm{GFLOPs}\right) \cdot \left(\mathrm{MParams}\right) - \mathrm{GradNorm}}{\log\left(\mathrm{MParams}\right)}},GFLOPs MParams Mul Grad_Norm Sub MParams Log Div Sqrt <EOS>,sqrt((((GFLOPs * MParams) - Grad_Norm) / log(MParams))),0.499200000,0.506400000,112,9,5,2174,run_monash_time_unique1000,7,1,Monash__bitcoin_dataset_without_missing_values/seed_2174/run_monash_time_unique1000/visualizations/archive_latex.tex
973,0.124324324,0.499100000,\left(\mathrm{Fisher} - \left(\left(\mathrm{Fisher}\right) \cdot \left(\mathrm{MParams}\right)\right)^2\right) \cdot \left(\sqrt{\mathrm{GSynFlow}}\right),Fisher Fisher MParams Mul Square Sub GSynFlow Sqrt Mul <EOS>,((Fisher - square((Fisher * MParams))) * sqrt(GSynFlow)),0.499100000,0.548700000,192,9,5,2088,run_monash_time_unique1000,9,1,Monash__bitcoin_dataset_without_missing_values/seed_2088/run_monash_time_unique1000/visualizations/archive_latex.tex
974,0.123423423,0.499000000,\frac{\log\left(\left(\mathrm{MParams}\right)^2\right)}{\mathrm{plain}} - \mathrm{GFLOPs},MParams Square Log plain Div GFLOPs Sub <EOS>,((log(square(MParams)) / plain) - GFLOPs),0.499000000,0.430000000,83,7,5,2123,run_monash_time_unique1000,10,1,Monash__bitcoin_dataset_without_missing_values/seed_2123/run_monash_time_unique1000/visualizations/archive_latex.tex
975,0.122522523,0.498900000,\frac{\log\left(\left(\mathrm{MParams}\right) \cdot \left(\log\left(\mathrm{Snip}\right) + \mathrm{GFLOPs}\right)\right)}{\mathrm{MParams}},MParams Snip Log GFLOPs Add Mul Log MParams Div <EOS>,(log((MParams * (log(Snip) + GFLOPs))) / MParams),0.498900000,0.561000000,178,9,6,2082,run_monash_time_unique1000,1,3,Monash__bitcoin_dataset_without_missing_values/seed_2082/run_monash_time_unique1000/visualizations/archive_latex.tex
976,0.121621622,0.498900000,\frac{-\left(\log\left(\mathrm{Fisher}\right) + \left(\mathrm{MParams}\right)^2\right)^2}{\mathrm{JacobFro}},Fisher Log MParams Square Add Square Negative Jacob_fro Div <EOS>,(-(square((log(Fisher) + square(MParams)))) / Jacob_fro),0.498900000,0.468200000,81,9,6,2083,run_monash_time_unique1000,7,1,Monash__bitcoin_dataset_without_missing_values/seed_2083/run_monash_time_unique1000/visualizations/archive_latex.tex
977,0.120720721,0.498900000,\left(\frac{\mathrm{GradNorm}}{\mathrm{GFLOPs}}\right) \cdot \left(\mathrm{ZiCo}\right) - \left(\log\left(\mathrm{MParams}\right)\right)^2,Grad_Norm GFLOPs Div ZiCo Mul MParams Log Square Sub <EOS>,(((Grad_Norm / GFLOPs) * ZiCo) - square(log(MParams))),0.498900000,0.562600000,185,9,4,2057,run_monash_time_unique1000,8,1,Monash__bitcoin_dataset_without_missing_values/seed_2057/run_monash_time_unique1000/visualizations/archive_latex.tex
978,0.119819820,0.498800000,\left(\log\left(\log\left(\left(\mathrm{ZiCo}\right) \cdot \left(\mathrm{MParams}\right)\right)\right)\right) \cdot \left(\mathrm{GSynFlow} + \mathrm{MParams}\right),ZiCo MParams Mul Log Log GSynFlow MParams Add Mul <EOS>,(log(log((ZiCo * MParams))) * (GSynFlow + MParams)),0.498800000,0.571500000,90,9,5,2182,run_monash_time_unique1000,5,1,Monash__bitcoin_dataset_without_missing_values/seed_2182/run_monash_time_unique1000/visualizations/archive_latex.tex
979,0.118918919,0.498600000,\log\left(\mathrm{L2Norm}\right) + \sqrt{\left(\mathrm{MParams}\right)^2 - \log\left(\mathrm{JacobFro}\right)},L2-Norm Log MParams Square Jacob_fro Log Sub Sqrt Add <EOS>,(log(L2-Norm) + sqrt((square(MParams) - log(Jacob_fro)))),0.498600000,0.460800000,86,9,5,2194,run_monash_time_unique1000,3,1,Monash__bitcoin_dataset_without_missing_values/seed_2194/run_monash_time_unique1000/visualizations/archive_latex.tex
980,0.118018018,0.498600000,\log\left(\mathrm{L2Norm}\right) + \sqrt{\log\left(\mathrm{JacobFro}\right) - \left(\mathrm{MParams}\right)^2},L2-Norm Log Jacob_fro Log MParams Square Sub Sqrt Add <EOS>,(log(L2-Norm) + sqrt((log(Jacob_fro) - square(MParams)))),0.498600000,0.460800000,119,9,5,2041,run_monash_time_unique1000,7,2,Monash__bitcoin_dataset_without_missing_values/seed_2041/run_monash_time_unique1000/visualizations/archive_latex.tex
981,0.117117117,0.498400000,\mathrm{MParams} - \left(\left(\mathrm{GFLOPs}\right)^2\right) \cdot \left(\mathrm{Fisher}\right) + \sqrt{\mathrm{Snip}},MParams GFLOPs Square Fisher Mul Sub Snip Sqrt Add <EOS>,((MParams - (square(GFLOPs) * Fisher)) + sqrt(Snip)),0.498400000,0.365400000,117,9,5,2045,run_monash_time_unique1000,9,1,Monash__bitcoin_dataset_without_missing_values/seed_2045/run_monash_time_unique1000/visualizations/archive_latex.tex
982,0.116216216,0.498200000,\frac{\mathrm{Snip}}{\frac{-\log\left(\mathrm{ZiCo}\right) - \mathrm{MParams}}{\mathrm{JacobFro}}},Snip ZiCo Log Negative MParams Sub Jacob_fro Div Div <EOS>,(Snip / ((-(log(ZiCo)) - MParams) / Jacob_fro)),0.498200000,0.614200000,151,9,6,2166,run_monash_time_unique1000,3,2,Monash__bitcoin_dataset_without_missing_values/seed_2166/run_monash_time_unique1000/visualizations/archive_latex.tex
983,0.115315315,0.498200000,\frac{-\left(\mathrm{JacobFro}\right) \cdot \left(\mathrm{Snip}\right)}{\log\left(\mathrm{ZiCo}\right) + \mathrm{MParams}},Jacob_fro Snip Mul Negative ZiCo Log MParams Add Div <EOS>,(-((Jacob_fro * Snip)) / (log(ZiCo) + MParams)),0.498200000,0.614200000,143,9,4,2204,run_monash_time_unique1000,6,1,Monash__bitcoin_dataset_without_missing_values/seed_2204/run_monash_time_unique1000/visualizations/archive_latex.tex
984,0.114414414,0.498200000,\frac{\left(\mathrm{Snip}\right) \cdot \left(\mathrm{JacobFro}\right)}{-\log\left(\mathrm{ZiCo}\right) - \mathrm{MParams}},Snip Jacob_fro Mul ZiCo Log Negative MParams Sub Div <EOS>,((Snip * Jacob_fro) / (-(log(ZiCo)) - MParams)),0.498200000,0.614200000,166,9,5,2098,run_monash_time_unique1000,8,1,Monash__bitcoin_dataset_without_missing_values/seed_2098/run_monash_time_unique1000/visualizations/archive_latex.tex
985,0.113513514,0.498200000,\left(\frac{-\mathrm{Snip}}{\log\left(\mathrm{ZiCo}\right) + \mathrm{MParams}}\right) \cdot \left(\mathrm{JacobFro}\right),Snip Negative ZiCo Log MParams Add Div Jacob_fro Mul <EOS>,((-(Snip) / (log(ZiCo) + MParams)) * Jacob_fro),0.498200000,0.614200000,187,9,5,2103,run_monash_time_unique1000,9,1,Monash__bitcoin_dataset_without_missing_values/seed_2103/run_monash_time_unique1000/visualizations/archive_latex.tex
986,0.112612613,0.498200000,\left(\frac{\mathrm{JacobFro}}{-\log\left(\mathrm{ZiCo}\right) + \mathrm{MParams}}\right) \cdot \left(\mathrm{Snip}\right),Jacob_fro ZiCo Log MParams Add Negative Div Snip Mul <EOS>,((Jacob_fro / -((log(ZiCo) + MParams))) * Snip),0.498200000,0.614200000,144,9,6,2179,run_monash_time_unique1000,9,1,Monash__bitcoin_dataset_without_missing_values/seed_2179/run_monash_time_unique1000/visualizations/archive_latex.tex
987,0.111711712,0.498200000,\frac{-\left(\mathrm{Snip}\right) \cdot \left(\mathrm{JacobFro}\right)}{\mathrm{MParams} + \log\left(\mathrm{ZiCo}\right)},Snip Jacob_fro Mul Negative MParams ZiCo Log Add Div <EOS>,(-((Snip * Jacob_fro)) / (MParams + log(ZiCo))),0.498200000,0.614200000,84,9,4,2218,run_monash_time_unique1000,10,1,Monash__bitcoin_dataset_without_missing_values/seed_2218/run_monash_time_unique1000/visualizations/archive_latex.tex
988,0.110810811,0.498100000,\frac{\log\left(\mathrm{Fisher}\right)}{\mathrm{GSynFlow}} - \mathrm{GFLOPs} + \mathrm{L2Norm},Fisher Log GSynFlow Div GFLOPs L2-Norm Add Sub <EOS>,((log(Fisher) / GSynFlow) - (GFLOPs + L2-Norm)),0.498100000,0.449400000,43,8,4,2061,run_monash_time_unique1000,2,1,Monash__bitcoin_dataset_without_missing_values/seed_2061/run_monash_time_unique1000/visualizations/archive_latex.tex
989,0.109909910,0.498100000,-\left(\log\left(\mathrm{Fisher}\right) + \left(\mathrm{MParams}\right)^2\right)^2,Fisher Log MParams Square Add Square Negative <EOS>,-(square((log(Fisher) + square(MParams)))),0.498100000,0.460000000,38,7,5,2083,run_monash_time_unique1000,8,1,Monash__bitcoin_dataset_without_missing_values/seed_2083/run_monash_time_unique1000/visualizations/archive_latex.tex
990,0.109009009,0.497900000,\left(\left(\mathrm{GFLOPs}\right) \cdot \left(\mathrm{JacobFro}\right)\right) \cdot \left(\left(\mathrm{GFLOPs} - \log\left(\mathrm{GraSP}\right)\right)^2\right),GFLOPs Jacob_fro Mul GFLOPs GraSP Log Sub Square Mul <EOS>,((GFLOPs * Jacob_fro) * square((GFLOPs - log(GraSP)))),0.497900000,0.508900000,86,9,5,2178,run_monash_time_unique1000,2,1,Monash__bitcoin_dataset_without_missing_values/seed_2178/run_monash_time_unique1000/visualizations/archive_latex.tex
991,0.108108108,0.497900000,\left(\left(\mathrm{GFLOPs} - \log\left(\mathrm{GraSP}\right)\right)^2\right) \cdot \left(\left(\mathrm{JacobFro}\right) \cdot \left(\mathrm{GFLOPs}\right)\right),GFLOPs GraSP Log Sub Square Jacob_fro GFLOPs Mul Mul <EOS>,(square((GFLOPs - log(GraSP))) * (Jacob_fro * GFLOPs)),0.497900000,0.508900000,153,9,5,2221,run_monash_time_unique1000,2,1,Monash__bitcoin_dataset_without_missing_values/seed_2221/run_monash_time_unique1000/visualizations/archive_latex.tex
992,0.107207207,0.497900000,\left(\left(\left(\log\left(\mathrm{GraSP}\right) - \mathrm{GFLOPs}\right)^2\right) \cdot \left(\mathrm{GFLOPs}\right)\right) \cdot \left(\mathrm{JacobFro}\right),GraSP Log GFLOPs Sub Square GFLOPs Mul Jacob_fro Mul <EOS>,((square((log(GraSP) - GFLOPs)) * GFLOPs) * Jacob_fro),0.497900000,0.508900000,145,9,6,2200,run_monash_time_unique1000,3,1,Monash__bitcoin_dataset_without_missing_values/seed_2200/run_monash_time_unique1000/visualizations/archive_latex.tex
993,0.106306306,0.497800000,\left(\log\left(\mathrm{L2Norm}\right) - \mathrm{GFLOPs}\right) \cdot \left(\log\left(\log\left(\mathrm{GradNorm}\right)\right)\right),L2-Norm Log GFLOPs Sub Grad_Norm Log Log Mul <EOS>,((log(L2-Norm) - GFLOPs) * log(log(Grad_Norm))),0.497800000,0.452200000,194,8,4,2106,run_monash_time_unique1000,2,1,Monash__bitcoin_dataset_without_missing_values/seed_2106/run_monash_time_unique1000/visualizations/archive_latex.tex
994,0.105405405,0.497800000,\log\left(\mathrm{GFLOPs}\right) - \left(\mathrm{plain}\right) \cdot \left(\mathrm{MParams}\right) - \mathrm{plain},GFLOPs Log plain MParams Mul plain Sub Sub <EOS>,(log(GFLOPs) - ((plain * MParams) - plain)),0.497800000,0.437500000,44,8,4,2050,run_monash_time_unique1000,5,1,Monash__bitcoin_dataset_without_missing_values/seed_2050/run_monash_time_unique1000/visualizations/archive_latex.tex
995,0.104504505,0.497800000,\frac{\mathrm{GradNorm}}{-\log\left(\mathrm{ZiCo}\right) - \mathrm{MParams}} + \mathrm{GFLOPs},Grad_Norm ZiCo Log Negative MParams Sub Div GFLOPs Add <EOS>,((Grad_Norm / (-(log(ZiCo)) - MParams)) + GFLOPs),0.497800000,0.588600000,187,9,6,2202,run_monash_time_unique1000,5,1,Monash__bitcoin_dataset_without_missing_values/seed_2202/run_monash_time_unique1000/visualizations/archive_latex.tex
996,0.103603604,0.497800000,\mathrm{GFLOPs} + \frac{-\mathrm{GradNorm}}{\log\left(\mathrm{ZiCo}\right) + \mathrm{MParams}},GFLOPs Grad_Norm Negative ZiCo Log MParams Add Div Add <EOS>,(GFLOPs + (-(Grad_Norm) / (log(ZiCo) + MParams))),0.497800000,0.588600000,193,9,5,2204,run_monash_time_unique1000,7,1,Monash__bitcoin_dataset_without_missing_values/seed_2204/run_monash_time_unique1000/visualizations/archive_latex.tex
997,0.102702703,0.497800000,\frac{\mathrm{GradNorm}}{-\log\left(\mathrm{ZiCo}\right) + \mathrm{MParams}} + \mathrm{GFLOPs},Grad_Norm ZiCo Log MParams Add Negative Div GFLOPs Add <EOS>,((Grad_Norm / -((log(ZiCo) + MParams))) + GFLOPs),0.497800000,0.588600000,143,9,6,2179,run_monash_time_unique1000,10,1,Monash__bitcoin_dataset_without_missing_values/seed_2179/run_monash_time_unique1000/visualizations/archive_latex.tex
998,0.101801802,0.497700000,\frac{\mathrm{GradNorm} + \log\left(\mathrm{MParams}\right) - \mathrm{ZiCo}}{\mathrm{plain}},Grad_Norm MParams Log ZiCo Sub Add plain Div <EOS>,((Grad_Norm + (log(MParams) - ZiCo)) / plain),0.497700000,0.388300000,88,8,5,2078,run_monash_time_unique1000,1,1,Monash__bitcoin_dataset_without_missing_values/seed_2078/run_monash_time_unique1000/visualizations/archive_latex.tex
999,0.100900901,0.497400000,\frac{\log\left(\left(\mathrm{Fisher}\right) \cdot \left(\mathrm{Fisher}\right)\right)}{\left(\mathrm{GFLOPs}\right)^2} - \mathrm{MParams},Fisher Fisher Mul Log GFLOPs Square Div MParams Sub <EOS>,((log((Fisher * Fisher)) / square(GFLOPs)) - MParams),0.497400000,0.509300000,131,9,5,2202,run_monash_time_unique1000,6,1,Monash__bitcoin_dataset_without_missing_values/seed_2202/run_monash_time_unique1000/visualizations/archive_latex.tex
1000,0.100000000,0.497400000,\log\left(\mathrm{MParams} + \mathrm{GradNorm}\right) - \sqrt{\left(\mathrm{GFLOPs}\right) \cdot \left(\mathrm{Fisher}\right)},MParams Grad_Norm Add Log GFLOPs Fisher Mul Sqrt Sub <EOS>,(log((MParams + Grad_Norm)) - sqrt((GFLOPs * Fisher))),0.497400000,0.473500000,52,9,4,2170,run_monash_time_unique1000,8,1,Monash__bitcoin_dataset_without_missing_values/seed_2170/run_monash_time_unique1000/visualizations/archive_latex.tex
