rank,weight,validation_fitness,formula,rpn_tokens,infix,score,train_fitness,generation,token_count,depth,source_seed,source_run,source_rank,occurrence_count,source_archive_latex
1,1.000000000,0.781700000,\frac{\mathrm{L2Norm}}{\frac{\mathrm{Jacov}}{\mathrm{JacobFro}} - \mathrm{GradNorm}},L2-Norm Jacov Jacob_fro Div Grad_Norm Sub Div <EOS>,(L2-Norm / ((Jacov / Jacob_fro) - Grad_Norm)),0.781700000,0.783200000,155,7,4,2048,run_monash_time_unique1000,1,7,Monash__elecdemand_dataset/seed_2048/run_monash_time_unique1000/visualizations/archive_latex.tex
2,0.999045599,0.781700000,\frac{\mathrm{GradNorm} - \frac{\mathrm{Jacov}}{\mathrm{JacobFro}}}{\mathrm{L2Norm}},Grad_Norm Jacov Jacob_fro Div Sub L2-Norm Div <EOS>,((Grad_Norm - (Jacov / Jacob_fro)) / L2-Norm),0.781700000,0.783200000,107,7,4,2236,run_monash_time_unique1000,1,1,Monash__elecdemand_dataset/seed_2236/run_monash_time_unique1000/visualizations/archive_latex.tex
3,0.998091198,0.780800000,\frac{\mathrm{ZiCo}}{\frac{\mathrm{Jacov}}{\mathrm{L2Norm}} - \sqrt{\mathrm{GradNorm}}},ZiCo Jacov L2-Norm Div Grad_Norm Sqrt Sub Div <EOS>,(ZiCo / ((Jacov / L2-Norm) - sqrt(Grad_Norm))),0.780800000,0.741700000,8,8,4,2153,run_monash_time_unique1000,1,1,Monash__elecdemand_dataset/seed_2153/run_monash_time_unique1000/visualizations/archive_latex.tex
4,0.997136797,0.780400000,\frac{\left(\mathrm{JacobFro} - \mathrm{GradNorm} + \mathrm{L2Norm}\right)^2}{\mathrm{Jacov}},Jacob_fro Grad_Norm Sub L2-Norm Add Square Jacov Div <EOS>,(square(((Jacob_fro - Grad_Norm) + L2-Norm)) / Jacov),0.780400000,0.788300000,22,8,5,2027,run_monash_time_unique1000,1,17,Monash__elecdemand_dataset/seed_2027/run_monash_time_unique1000/visualizations/archive_latex.tex
5,0.996182397,0.780400000,\frac{\left(\mathrm{JacobFro} + \mathrm{L2Norm} - \mathrm{GradNorm}\right)^2}{\mathrm{Jacov}},Jacob_fro L2-Norm Add Grad_Norm Sub Square Jacov Div <EOS>,(square(((Jacob_fro + L2-Norm) - Grad_Norm)) / Jacov),0.780400000,0.788300000,144,8,5,2028,run_monash_time_unique1000,1,6,Monash__elecdemand_dataset/seed_2028/run_monash_time_unique1000/visualizations/archive_latex.tex
6,0.995227996,0.780400000,\frac{\left(\mathrm{JacobFro} + \mathrm{L2Norm} - \mathrm{GradNorm}\right)^2}{\mathrm{Jacov}},Jacob_fro L2-Norm Grad_Norm Sub Add Square Jacov Div <EOS>,(square((Jacob_fro + (L2-Norm - Grad_Norm))) / Jacov),0.780400000,0.788300000,58,8,5,2030,run_monash_time_unique1000,1,36,Monash__elecdemand_dataset/seed_2030/run_monash_time_unique1000/visualizations/archive_latex.tex
7,0.994273595,0.780400000,\frac{\sqrt{\mathrm{Jacov}}}{\mathrm{L2Norm} - \mathrm{GradNorm} + \mathrm{JacobFro}},Jacov Sqrt L2-Norm Grad_Norm Sub Jacob_fro Add Div <EOS>,(sqrt(Jacov) / ((L2-Norm - Grad_Norm) + Jacob_fro)),0.780400000,0.788300000,113,8,4,2032,run_monash_time_unique1000,1,6,Monash__elecdemand_dataset/seed_2032/run_monash_time_unique1000/visualizations/archive_latex.tex
8,0.993319194,0.780400000,\frac{\left(\mathrm{L2Norm} + \mathrm{JacobFro} - \mathrm{GradNorm}\right)^2}{\mathrm{Jacov}},L2-Norm Jacob_fro Grad_Norm Sub Add Square Jacov Div <EOS>,(square((L2-Norm + (Jacob_fro - Grad_Norm))) / Jacov),0.780400000,0.788300000,23,8,5,2036,run_monash_time_unique1000,1,17,Monash__elecdemand_dataset/seed_2036/run_monash_time_unique1000/visualizations/archive_latex.tex
9,0.992364793,0.780400000,\frac{\left(\mathrm{L2Norm} - \mathrm{GradNorm} + \mathrm{JacobFro}\right)^2}{\mathrm{Jacov}},L2-Norm Grad_Norm Sub Jacob_fro Add Square Jacov Div <EOS>,(square(((L2-Norm - Grad_Norm) + Jacob_fro)) / Jacov),0.780400000,0.788300000,63,8,5,2039,run_monash_time_unique1000,1,35,Monash__elecdemand_dataset/seed_2039/run_monash_time_unique1000/visualizations/archive_latex.tex
10,0.991410392,0.780400000,\frac{\sqrt{\mathrm{Jacov}}}{\mathrm{JacobFro} + \mathrm{L2Norm} - \mathrm{GradNorm}},Jacov Sqrt Jacob_fro L2-Norm Grad_Norm Sub Add Div <EOS>,(sqrt(Jacov) / (Jacob_fro + (L2-Norm - Grad_Norm))),0.780400000,0.788300000,50,8,4,2043,run_monash_time_unique1000,1,7,Monash__elecdemand_dataset/seed_2043/run_monash_time_unique1000/visualizations/archive_latex.tex
11,0.990455992,0.780400000,\frac{\left(\mathrm{L2Norm} + -\mathrm{GradNorm} + \mathrm{JacobFro}\right)^2}{\mathrm{Jacov}},L2-Norm Grad_Norm Negative Jacob_fro Add Add Square Jacov Div <EOS>,(square((L2-Norm + (-(Grad_Norm) + Jacob_fro))) / Jacov),0.780400000,0.788300000,20,9,6,2044,run_monash_time_unique1000,1,1,Monash__elecdemand_dataset/seed_2044/run_monash_time_unique1000/visualizations/archive_latex.tex
12,0.989501591,0.780400000,\frac{\left(\mathrm{JacobFro} - \mathrm{GradNorm} - \mathrm{L2Norm}\right)^2}{\mathrm{Jacov}},Jacob_fro Grad_Norm L2-Norm Sub Sub Square Jacov Div <EOS>,(square((Jacob_fro - (Grad_Norm - L2-Norm))) / Jacov),0.780400000,0.788300000,17,8,5,2049,run_monash_time_unique1000,1,14,Monash__elecdemand_dataset/seed_2049/run_monash_time_unique1000/visualizations/archive_latex.tex
13,0.988547190,0.780400000,\frac{\mathrm{GradNorm} - \mathrm{JacobFro} + \mathrm{L2Norm}}{\sqrt{\mathrm{Jacov}}},Grad_Norm Jacob_fro L2-Norm Add Sub Jacov Sqrt Div <EOS>,((Grad_Norm - (Jacob_fro + L2-Norm)) / sqrt(Jacov)),0.780400000,0.788300000,132,8,4,2051,run_monash_time_unique1000,1,1,Monash__elecdemand_dataset/seed_2051/run_monash_time_unique1000/visualizations/archive_latex.tex
14,0.987592789,0.780400000,\frac{\mathrm{GradNorm} - \mathrm{JacobFro} - \mathrm{L2Norm}}{\sqrt{\mathrm{Jacov}}},Grad_Norm Jacob_fro Sub L2-Norm Sub Jacov Sqrt Div <EOS>,(((Grad_Norm - Jacob_fro) - L2-Norm) / sqrt(Jacov)),0.780400000,0.788300000,75,8,4,2054,run_monash_time_unique1000,1,7,Monash__elecdemand_dataset/seed_2054/run_monash_time_unique1000/visualizations/archive_latex.tex
15,0.986638388,0.780400000,\frac{\left(\mathrm{L2Norm} - \mathrm{GradNorm} - \mathrm{JacobFro}\right)^2}{\mathrm{Jacov}},L2-Norm Grad_Norm Jacob_fro Sub Sub Square Jacov Div <EOS>,(square((L2-Norm - (Grad_Norm - Jacob_fro))) / Jacov),0.780400000,0.788300000,19,8,5,2056,run_monash_time_unique1000,1,12,Monash__elecdemand_dataset/seed_2056/run_monash_time_unique1000/visualizations/archive_latex.tex
16,0.985683987,0.780400000,\frac{\mathrm{GradNorm} - \mathrm{L2Norm} - \mathrm{JacobFro}}{\sqrt{\mathrm{Jacov}}},Grad_Norm L2-Norm Sub Jacob_fro Sub Jacov Sqrt Div <EOS>,(((Grad_Norm - L2-Norm) - Jacob_fro) / sqrt(Jacov)),0.780400000,0.788300000,194,8,4,2066,run_monash_time_unique1000,1,11,Monash__elecdemand_dataset/seed_2066/run_monash_time_unique1000/visualizations/archive_latex.tex
17,0.984729586,0.780400000,\frac{\left(\mathrm{L2Norm} + \mathrm{JacobFro} - \mathrm{GradNorm}\right)^2}{\mathrm{Jacov}},L2-Norm Jacob_fro Add Grad_Norm Sub Square Jacov Div <EOS>,(square(((L2-Norm + Jacob_fro) - Grad_Norm)) / Jacov),0.780400000,0.788300000,21,8,5,2080,run_monash_time_unique1000,1,5,Monash__elecdemand_dataset/seed_2080/run_monash_time_unique1000/visualizations/archive_latex.tex
18,0.983775186,0.780400000,\frac{\sqrt{\mathrm{Jacov}}}{\mathrm{JacobFro} - \mathrm{GradNorm} + \mathrm{L2Norm}},Jacov Sqrt Jacob_fro Grad_Norm Sub L2-Norm Add Div <EOS>,(sqrt(Jacov) / ((Jacob_fro - Grad_Norm) + L2-Norm)),0.780400000,0.788300000,64,8,4,2093,run_monash_time_unique1000,1,2,Monash__elecdemand_dataset/seed_2093/run_monash_time_unique1000/visualizations/archive_latex.tex
19,0.982820785,0.780400000,\frac{\left(\mathrm{GradNorm} - \mathrm{JacobFro} + \mathrm{L2Norm}\right)^2}{\mathrm{Jacov}},Grad_Norm Jacob_fro L2-Norm Add Sub Square Jacov Div <EOS>,(square((Grad_Norm - (Jacob_fro + L2-Norm))) / Jacov),0.780400000,0.788300000,166,8,5,2102,run_monash_time_unique1000,1,5,Monash__elecdemand_dataset/seed_2102/run_monash_time_unique1000/visualizations/archive_latex.tex
20,0.981866384,0.780400000,\frac{\left(\mathrm{GradNorm} - \mathrm{JacobFro} - \mathrm{L2Norm}\right)^2}{\mathrm{Jacov}},Grad_Norm Jacob_fro Sub L2-Norm Sub Square Jacov Div <EOS>,(square(((Grad_Norm - Jacob_fro) - L2-Norm)) / Jacov),0.780400000,0.788300000,28,8,5,2109,run_monash_time_unique1000,1,5,Monash__elecdemand_dataset/seed_2109/run_monash_time_unique1000/visualizations/archive_latex.tex
21,0.980911983,0.780400000,\frac{\left(\mathrm{GradNorm} - \mathrm{L2Norm} - \mathrm{JacobFro}\right)^2}{\mathrm{Jacov}},Grad_Norm L2-Norm Sub Jacob_fro Sub Square Jacov Div <EOS>,(square(((Grad_Norm - L2-Norm) - Jacob_fro)) / Jacov),0.780400000,0.788300000,172,8,5,2116,run_monash_time_unique1000,1,3,Monash__elecdemand_dataset/seed_2116/run_monash_time_unique1000/visualizations/archive_latex.tex
22,0.979957582,0.780400000,\frac{\left(\mathrm{GradNorm} + -\mathrm{JacobFro} - \mathrm{L2Norm}\right)^2}{\mathrm{Jacov}},Grad_Norm Jacob_fro Negative L2-Norm Sub Add Square Jacov Div <EOS>,(square((Grad_Norm + (-(Jacob_fro) - L2-Norm))) / Jacov),0.780400000,0.788300000,38,9,6,2124,run_monash_time_unique1000,1,1,Monash__elecdemand_dataset/seed_2124/run_monash_time_unique1000/visualizations/archive_latex.tex
23,0.979003181,0.780400000,\frac{\sqrt{\mathrm{Jacov}}}{\mathrm{L2Norm} - \mathrm{GradNorm} - \mathrm{JacobFro}},Jacov Sqrt L2-Norm Grad_Norm Jacob_fro Sub Sub Div <EOS>,(sqrt(Jacov) / (L2-Norm - (Grad_Norm - Jacob_fro))),0.780400000,0.788300000,28,8,4,2160,run_monash_time_unique1000,1,1,Monash__elecdemand_dataset/seed_2160/run_monash_time_unique1000/visualizations/archive_latex.tex
24,0.978048780,0.780400000,\frac{\mathrm{GradNorm} - \mathrm{L2Norm} + \mathrm{JacobFro}}{\sqrt{\mathrm{Jacov}}},Grad_Norm L2-Norm Jacob_fro Add Sub Jacov Sqrt Div <EOS>,((Grad_Norm - (L2-Norm + Jacob_fro)) / sqrt(Jacov)),0.780400000,0.788300000,88,8,4,2192,run_monash_time_unique1000,1,1,Monash__elecdemand_dataset/seed_2192/run_monash_time_unique1000/visualizations/archive_latex.tex
25,0.977094380,0.780400000,\frac{\sqrt{\mathrm{Jacov}}}{\mathrm{L2Norm} + \mathrm{JacobFro} - \mathrm{GradNorm}},Jacov Sqrt L2-Norm Jacob_fro Grad_Norm Sub Add Div <EOS>,(sqrt(Jacov) / (L2-Norm + (Jacob_fro - Grad_Norm))),0.780400000,0.788300000,115,8,4,2203,run_monash_time_unique1000,1,2,Monash__elecdemand_dataset/seed_2203/run_monash_time_unique1000/visualizations/archive_latex.tex
26,0.976139979,0.780400000,\frac{\left(\mathrm{GradNorm} - \mathrm{L2Norm} + \mathrm{JacobFro}\right)^2}{\mathrm{Jacov}},Grad_Norm L2-Norm Jacob_fro Add Sub Square Jacov Div <EOS>,(square((Grad_Norm - (L2-Norm + Jacob_fro))) / Jacov),0.780400000,0.788300000,37,8,5,2276,run_monash_time_unique1000,1,2,Monash__elecdemand_dataset/seed_2276/run_monash_time_unique1000/visualizations/archive_latex.tex
27,0.975185578,0.778800000,\frac{\log\left(\frac{\mathrm{Jacov}}{\mathrm{GradNorm} - \mathrm{L2Norm}}\right)}{\log\left(\mathrm{JacobFro}\right)},Jacov Grad_Norm L2-Norm Sub Div Log Jacob_fro Log Div <EOS>,(log((Jacov / (Grad_Norm - L2-Norm))) / log(Jacob_fro)),0.778800000,0.792100000,72,9,5,2029,run_monash_time_unique1000,1,8,Monash__elecdemand_dataset/seed_2029/run_monash_time_unique1000/visualizations/archive_latex.tex
28,0.974231177,0.778800000,\frac{\log\left(\frac{\mathrm{Jacov}}{\mathrm{L2Norm} - \mathrm{GradNorm}}\right)}{\log\left(\mathrm{JacobFro}\right)},Jacov L2-Norm Grad_Norm Sub Div Log Jacob_fro Log Div <EOS>,(log((Jacov / (L2-Norm - Grad_Norm))) / log(Jacob_fro)),0.778800000,0.792100000,28,9,5,2035,run_monash_time_unique1000,1,10,Monash__elecdemand_dataset/seed_2035/run_monash_time_unique1000/visualizations/archive_latex.tex
29,0.973276776,0.778600000,\sqrt{\frac{\mathrm{Jacov}}{\mathrm{JacobFro}}} - \sqrt{\mathrm{L2Norm} - \mathrm{GradNorm}},Jacov Jacob_fro Div Sqrt L2-Norm Grad_Norm Sub Sqrt Sub <EOS>,(sqrt((Jacov / Jacob_fro)) - sqrt((L2-Norm - Grad_Norm))),0.778600000,0.793300000,86,9,4,2146,run_monash_time_unique1000,1,1,Monash__elecdemand_dataset/seed_2146/run_monash_time_unique1000/visualizations/archive_latex.tex
30,0.972322375,0.777300000,\sqrt{\mathrm{Jacov}} - \sqrt{\left(\mathrm{JacobFro}\right) \cdot \left(\mathrm{L2Norm} - \mathrm{GradNorm}\right)},Jacov Sqrt Jacob_fro L2-Norm Grad_Norm Sub Mul Sqrt Sub <EOS>,(sqrt(Jacov) - sqrt((Jacob_fro * (L2-Norm - Grad_Norm)))),0.777300000,0.789900000,118,9,5,2061,run_monash_time_unique1000,2,1,Monash__elecdemand_dataset/seed_2061/run_monash_time_unique1000/visualizations/archive_latex.tex
31,0.971367975,0.776800000,\frac{\left(\log\left(\log\left(\mathrm{JacobFro}\right)\right)\right) \cdot \left(\mathrm{L2Norm}\right) - \mathrm{GradNorm}}{\mathrm{Jacov}},Jacob_fro Log Log L2-Norm Mul Grad_Norm Sub Jacov Div <EOS>,(((log(log(Jacob_fro)) * L2-Norm) - Grad_Norm) / Jacov),0.776800000,0.777000000,64,9,6,2263,run_monash_time_unique1000,2,1,Monash__elecdemand_dataset/seed_2263/run_monash_time_unique1000/visualizations/archive_latex.tex
32,0.970413574,0.776200000,\frac{\sqrt{\mathrm{Jacov}}}{\mathrm{JacobFro}} - \log\left(\mathrm{L2Norm} - \mathrm{GradNorm}\right),Jacov Sqrt Jacob_fro Div L2-Norm Grad_Norm Sub Log Sub <EOS>,((sqrt(Jacov) / Jacob_fro) - log((L2-Norm - Grad_Norm))),0.776200000,0.807700000,52,9,4,2046,run_monash_time_unique1000,2,1,Monash__elecdemand_dataset/seed_2046/run_monash_time_unique1000/visualizations/archive_latex.tex
33,0.969459173,0.775900000,\frac{\mathrm{L2Norm} - \frac{\mathrm{GradNorm}}{\log\left(\log\left(\mathrm{JacobFro}\right)\right)}}{\mathrm{Jacov}},L2-Norm Grad_Norm Jacob_fro Log Log Div Sub Jacov Div <EOS>,((L2-Norm - (Grad_Norm / log(log(Jacob_fro)))) / Jacov),0.775900000,0.774100000,22,9,6,2219,run_monash_time_unique1000,2,1,Monash__elecdemand_dataset/seed_2219/run_monash_time_unique1000/visualizations/archive_latex.tex
34,0.968504772,0.775700000,\frac{\log\left(\mathrm{Jacov}\right)}{\log\left(\mathrm{JacobFro} + \mathrm{L2Norm} - \mathrm{GradNorm}\right)},Jacov Log Jacob_fro L2-Norm Grad_Norm Sub Add Log Div <EOS>,(log(Jacov) / log((Jacob_fro + (L2-Norm - Grad_Norm)))),0.775700000,0.775900000,17,9,5,2209,run_monash_time_unique1000,2,1,Monash__elecdemand_dataset/seed_2209/run_monash_time_unique1000/visualizations/archive_latex.tex
35,0.967550371,0.775700000,\frac{\log\left(\mathrm{Jacov}\right)}{\log\left(\mathrm{GradNorm} - \mathrm{JacobFro} - \mathrm{L2Norm}\right)},Jacov Log Grad_Norm Jacob_fro Sub L2-Norm Sub Log Div <EOS>,(log(Jacov) / log(((Grad_Norm - Jacob_fro) - L2-Norm))),0.775700000,0.775900000,90,9,5,2307,run_monash_time_unique1000,2,1,Monash__elecdemand_dataset/seed_2307/run_monash_time_unique1000/visualizations/archive_latex.tex
36,0.966595970,0.775600000,\frac{\mathrm{L2Norm}}{\mathrm{Jacov} - \left(\mathrm{GradNorm}\right) \cdot \left(\sqrt{\mathrm{Jacov}}\right)},L2-Norm Jacov Grad_Norm Jacov Sqrt Mul Sub Div <EOS>,(L2-Norm / (Jacov - (Grad_Norm * sqrt(Jacov)))),0.775600000,0.758600000,182,8,5,2092,run_monash_time_unique1000,1,1,Monash__elecdemand_dataset/seed_2092/run_monash_time_unique1000/visualizations/archive_latex.tex
37,0.965641569,0.775500000,\frac{\mathrm{Jacov}}{\mathrm{GradNorm} - \mathrm{L2Norm}} + \mathrm{MParams},Jacov Grad_Norm L2-Norm Sub Div MParams Add <EOS>,((Jacov / (Grad_Norm - L2-Norm)) + MParams),0.775500000,0.750700000,186,7,4,2067,run_monash_time_unique1000,1,2,Monash__elecdemand_dataset/seed_2067/run_monash_time_unique1000/visualizations/archive_latex.tex
38,0.964687169,0.775500000,\mathrm{MParams} + \frac{\mathrm{Jacov}}{\mathrm{GradNorm} - \mathrm{L2Norm}},MParams Jacov Grad_Norm L2-Norm Sub Div Add <EOS>,(MParams + (Jacov / (Grad_Norm - L2-Norm))),0.775500000,0.750700000,63,7,4,2055,run_monash_time_unique1000,2,1,Monash__elecdemand_dataset/seed_2055/run_monash_time_unique1000/visualizations/archive_latex.tex
39,0.963732768,0.775500000,\mathrm{MParams} - \frac{\mathrm{Jacov}}{\mathrm{L2Norm} - \mathrm{GradNorm}},MParams Jacov L2-Norm Grad_Norm Sub Div Sub <EOS>,(MParams - (Jacov / (L2-Norm - Grad_Norm))),0.775500000,0.750700000,179,7,4,2205,run_monash_time_unique1000,2,1,Monash__elecdemand_dataset/seed_2205/run_monash_time_unique1000/visualizations/archive_latex.tex
40,0.962778367,0.775500000,\frac{\mathrm{Jacov}}{\mathrm{GradNorm} - \mathrm{L2Norm}} - -\mathrm{MParams},Jacov Grad_Norm L2-Norm Sub Div MParams Negative Sub <EOS>,((Jacov / (Grad_Norm - L2-Norm)) - -(MParams)),0.775500000,0.750700000,118,8,4,2292,run_monash_time_unique1000,2,1,Monash__elecdemand_dataset/seed_2292/run_monash_time_unique1000/visualizations/archive_latex.tex
41,0.961823966,0.775500000,\log\left(\frac{\mathrm{Jacov}}{\mathrm{L2Norm} - \mathrm{GradNorm}} - \mathrm{MParams}\right),Jacov L2-Norm Grad_Norm Sub Div MParams Sub Log <EOS>,log(((Jacov / (L2-Norm - Grad_Norm)) - MParams)),0.775500000,0.750700000,127,8,5,2142,run_monash_time_unique1000,3,1,Monash__elecdemand_dataset/seed_2142/run_monash_time_unique1000/visualizations/archive_latex.tex
42,0.960869565,0.774900000,\frac{\sqrt{\mathrm{L2Norm}} - \sqrt{\mathrm{GradNorm}}}{\mathrm{Jacov}},L2-Norm Sqrt Grad_Norm Sqrt Sub Jacov Div <EOS>,((sqrt(L2-Norm) - sqrt(Grad_Norm)) / Jacov),0.774900000,0.750600000,198,7,4,2197,run_monash_time_unique1000,2,1,Monash__elecdemand_dataset/seed_2197/run_monash_time_unique1000/visualizations/archive_latex.tex
43,0.959915164,0.774700000,\frac{\mathrm{L2Norm} - \mathrm{GradNorm}}{\mathrm{Jacov} - \left(\log\left(\mathrm{L2Norm}\right)\right)^2},L2-Norm Grad_Norm Sub Jacov L2-Norm Log Square Sub Div <EOS>,((L2-Norm - Grad_Norm) / (Jacov - square(log(L2-Norm)))),0.774700000,0.765600000,49,9,5,2103,run_monash_time_unique1000,2,1,Monash__elecdemand_dataset/seed_2103/run_monash_time_unique1000/visualizations/archive_latex.tex
44,0.958960764,0.774700000,\frac{\log\left(\left(\mathrm{Snip}\right)^2\right) - \mathrm{Jacov}}{\mathrm{L2Norm} - \mathrm{GradNorm}},Snip Square Log Jacov Sub L2-Norm Grad_Norm Sub Div <EOS>,((log(square(Snip)) - Jacov) / (L2-Norm - Grad_Norm)),0.774700000,0.766000000,18,9,5,2146,run_monash_time_unique1000,2,1,Monash__elecdemand_dataset/seed_2146/run_monash_time_unique1000/visualizations/archive_latex.tex
45,0.958006363,0.774500000,\frac{\mathrm{Jacov}}{\mathrm{GradNorm} - \mathrm{L2Norm}} + \log\left(\mathrm{Snip}\right),Jacov Grad_Norm L2-Norm Sub Div Snip Log Add <EOS>,((Jacov / (Grad_Norm - L2-Norm)) + log(Snip)),0.774500000,0.759100000,100,8,4,2029,run_monash_time_unique1000,2,3,Monash__elecdemand_dataset/seed_2029/run_monash_time_unique1000/visualizations/archive_latex.tex
46,0.957051962,0.774500000,-\frac{\mathrm{Jacov}}{\mathrm{L2Norm} - \mathrm{GradNorm}} + \log\left(\mathrm{Snip}\right),Jacov L2-Norm Grad_Norm Sub Div Negative Snip Log Add <EOS>,(-((Jacov / (L2-Norm - Grad_Norm))) + log(Snip)),0.774500000,0.759100000,100,9,5,2142,run_monash_time_unique1000,4,1,Monash__elecdemand_dataset/seed_2142/run_monash_time_unique1000/visualizations/archive_latex.tex
47,0.956097561,0.774400000,\frac{\mathrm{Jacov}}{\sqrt{\mathrm{GradNorm}} - \log\left(\mathrm{Snip}\right) + \mathrm{Jacov}},Jacov Grad_Norm Sqrt Snip Log Sub Jacov Add Div <EOS>,(Jacov / ((sqrt(Grad_Norm) - log(Snip)) + Jacov)),0.774400000,0.718700000,127,9,5,2092,run_monash_time_unique1000,2,1,Monash__elecdemand_dataset/seed_2092/run_monash_time_unique1000/visualizations/archive_latex.tex
48,0.955143160,0.774400000,\frac{\log\left(\mathrm{Snip}\right) - \sqrt{\mathrm{GradNorm}}}{\mathrm{Jacov}},Snip Log Grad_Norm Sqrt Sub Jacov Div <EOS>,((log(Snip) - sqrt(Grad_Norm)) / Jacov),0.774400000,0.718700000,106,7,4,2107,run_monash_time_unique1000,2,1,Monash__elecdemand_dataset/seed_2107/run_monash_time_unique1000/visualizations/archive_latex.tex
49,0.954188759,0.774300000,\frac{\mathrm{Jacov}}{\mathrm{GradNorm} - \log\left(\log\left(\mathrm{Fisher}\right)\right) - \mathrm{L2Norm}},Jacov Grad_Norm Fisher Log Log Sub L2-Norm Sub Div <EOS>,(Jacov / ((Grad_Norm - log(log(Fisher))) - L2-Norm)),0.774300000,0.768300000,12,9,6,2316,run_monash_time_unique1000,1,1,Monash__elecdemand_dataset/seed_2316/run_monash_time_unique1000/visualizations/archive_latex.tex
50,0.953234358,0.774300000,\frac{\mathrm{L2Norm} - \mathrm{GradNorm} + \log\left(\log\left(\mathrm{Fisher}\right)\right)}{\mathrm{Jacov}},L2-Norm Grad_Norm Sub Fisher Log Log Add Jacov Div <EOS>,(((L2-Norm - Grad_Norm) + log(log(Fisher))) / Jacov),0.774300000,0.768300000,9,9,5,2031,run_monash_time_unique1000,2,3,Monash__elecdemand_dataset/seed_2031/run_monash_time_unique1000/visualizations/archive_latex.tex
51,0.952279958,0.774300000,\frac{\log\left(\log\left(\mathrm{Fisher}\right)\right) + \mathrm{L2Norm} - \mathrm{GradNorm}}{\mathrm{Jacov}},Fisher Log Log L2-Norm Grad_Norm Sub Add Jacov Div <EOS>,((log(log(Fisher)) + (L2-Norm - Grad_Norm)) / Jacov),0.774300000,0.768300000,33,9,5,2058,run_monash_time_unique1000,2,1,Monash__elecdemand_dataset/seed_2058/run_monash_time_unique1000/visualizations/archive_latex.tex
52,0.951325557,0.774300000,\frac{\log\left(\log\left(\mathrm{Fisher}\right)\right) - \mathrm{GradNorm} - \mathrm{L2Norm}}{\mathrm{Jacov}},Fisher Log Log Grad_Norm L2-Norm Sub Sub Jacov Div <EOS>,((log(log(Fisher)) - (Grad_Norm - L2-Norm)) / Jacov),0.774300000,0.768300000,168,9,5,2105,run_monash_time_unique1000,2,1,Monash__elecdemand_dataset/seed_2105/run_monash_time_unique1000/visualizations/archive_latex.tex
53,0.950371156,0.774300000,\frac{\mathrm{L2Norm} + \log\left(\log\left(\mathrm{Fisher}\right)\right) - \mathrm{GradNorm}}{\mathrm{Jacov}},L2-Norm Fisher Log Log Add Grad_Norm Sub Jacov Div <EOS>,(((L2-Norm + log(log(Fisher))) - Grad_Norm) / Jacov),0.774300000,0.768300000,22,9,6,2175,run_monash_time_unique1000,2,1,Monash__elecdemand_dataset/seed_2175/run_monash_time_unique1000/visualizations/archive_latex.tex
54,0.949416755,0.774300000,\frac{\mathrm{L2Norm} + \log\left(\log\left(\mathrm{Fisher}\right)\right) - \mathrm{GradNorm}}{\mathrm{Jacov}},L2-Norm Fisher Log Log Grad_Norm Sub Add Jacov Div <EOS>,((L2-Norm + (log(log(Fisher)) - Grad_Norm)) / Jacov),0.774300000,0.768300000,17,9,6,2204,run_monash_time_unique1000,2,3,Monash__elecdemand_dataset/seed_2204/run_monash_time_unique1000/visualizations/archive_latex.tex
55,0.948462354,0.774300000,\frac{\log\left(\log\left(\mathrm{Fisher}\right)\right) + \mathrm{L2Norm} - \mathrm{GradNorm}}{\mathrm{Jacov}},Fisher Log Log L2-Norm Add Grad_Norm Sub Jacov Div <EOS>,(((log(log(Fisher)) + L2-Norm) - Grad_Norm) / Jacov),0.774300000,0.768300000,37,9,6,2225,run_monash_time_unique1000,2,1,Monash__elecdemand_dataset/seed_2225/run_monash_time_unique1000/visualizations/archive_latex.tex
56,0.947507953,0.774300000,\frac{\mathrm{L2Norm} - \mathrm{GradNorm} - \log\left(\log\left(\mathrm{Fisher}\right)\right)}{\mathrm{Jacov}},L2-Norm Grad_Norm Fisher Log Log Sub Sub Jacov Div <EOS>,((L2-Norm - (Grad_Norm - log(log(Fisher)))) / Jacov),0.774300000,0.768300000,30,9,6,2310,run_monash_time_unique1000,2,2,Monash__elecdemand_dataset/seed_2310/run_monash_time_unique1000/visualizations/archive_latex.tex
57,0.946553552,0.774100000,\frac{\mathrm{Snip} - \mathrm{Jacov}}{\left(\mathrm{JacobFro} + \mathrm{L2Norm}\right)^2},Snip Jacov Sub Jacob_fro L2-Norm Add Square Div <EOS>,((Snip - Jacov) / square((Jacob_fro + L2-Norm))),0.774100000,0.766800000,34,8,4,2033,run_monash_time_unique1000,1,3,Monash__elecdemand_dataset/seed_2033/run_monash_time_unique1000/visualizations/archive_latex.tex
58,0.945599152,0.774100000,\frac{\left(\mathrm{L2Norm} - \mathrm{GradNorm}\right) \cdot \left(\log\left(\log\left(\mathrm{JacobFro}\right)\right)\right)}{\mathrm{Jacov}},L2-Norm Grad_Norm Sub Jacob_fro Log Log Mul Jacov Div <EOS>,(((L2-Norm - Grad_Norm) * log(log(Jacob_fro))) / Jacov),0.774100000,0.772400000,34,9,5,2069,run_monash_time_unique1000,1,9,Monash__elecdemand_dataset/seed_2069/run_monash_time_unique1000/visualizations/archive_latex.tex
59,0.944644751,0.774100000,\frac{\log\left(\log\left(\mathrm{JacobFro}\right)\right)}{\frac{\mathrm{Jacov}}{\mathrm{L2Norm} - \mathrm{GradNorm}}},Jacob_fro Log Log Jacov L2-Norm Grad_Norm Sub Div Div <EOS>,(log(log(Jacob_fro)) / (Jacov / (L2-Norm - Grad_Norm))),0.774100000,0.772400000,61,9,4,2087,run_monash_time_unique1000,1,3,Monash__elecdemand_dataset/seed_2087/run_monash_time_unique1000/visualizations/archive_latex.tex
60,0.943690350,0.774100000,\frac{\left(\mathrm{JacobFro} + \mathrm{L2Norm}\right)^2}{\mathrm{Jacov} - \mathrm{Snip}},Jacob_fro L2-Norm Add Square Jacov Snip Sub Div <EOS>,(square((Jacob_fro + L2-Norm)) / (Jacov - Snip)),0.774100000,0.766800000,33,8,4,2099,run_monash_time_unique1000,1,20,Monash__elecdemand_dataset/seed_2099/run_monash_time_unique1000/visualizations/archive_latex.tex
61,0.942735949,0.774100000,\left(\frac{\mathrm{L2Norm} - \mathrm{GradNorm}}{\mathrm{Jacov}}\right) \cdot \left(\log\left(\log\left(\mathrm{JacobFro}\right)\right)\right),L2-Norm Grad_Norm Sub Jacov Div Jacob_fro Log Log Mul <EOS>,(((L2-Norm - Grad_Norm) / Jacov) * log(log(Jacob_fro))),0.774100000,0.772400000,17,9,4,2114,run_monash_time_unique1000,1,3,Monash__elecdemand_dataset/seed_2114/run_monash_time_unique1000/visualizations/archive_latex.tex
62,0.941781548,0.774100000,\frac{\sqrt{\mathrm{Snip} - \mathrm{Jacov}}}{\mathrm{JacobFro} + \mathrm{L2Norm}},Snip Jacov Sub Sqrt Jacob_fro L2-Norm Add Div <EOS>,(sqrt((Snip - Jacov)) / (Jacob_fro + L2-Norm)),0.774100000,0.766800000,40,8,4,2199,run_monash_time_unique1000,1,3,Monash__elecdemand_dataset/seed_2199/run_monash_time_unique1000/visualizations/archive_latex.tex
63,0.940827147,0.774100000,\frac{\left(\mathrm{L2Norm} + \mathrm{JacobFro}\right)^2}{\mathrm{Jacov} - \mathrm{Snip}},L2-Norm Jacob_fro Add Square Jacov Snip Sub Div <EOS>,(square((L2-Norm + Jacob_fro)) / (Jacov - Snip)),0.774100000,0.766800000,64,8,4,2231,run_monash_time_unique1000,1,15,Monash__elecdemand_dataset/seed_2231/run_monash_time_unique1000/visualizations/archive_latex.tex
64,0.939872747,0.774100000,\frac{\frac{\mathrm{Jacov}}{\mathrm{GradNorm} - \mathrm{L2Norm}}}{\log\left(\log\left(\mathrm{JacobFro}\right)\right)},Jacov Grad_Norm L2-Norm Sub Div Jacob_fro Log Log Div <EOS>,((Jacov / (Grad_Norm - L2-Norm)) / log(log(Jacob_fro))),0.774100000,0.772400000,114,9,4,2233,run_monash_time_unique1000,1,1,Monash__elecdemand_dataset/seed_2233/run_monash_time_unique1000/visualizations/archive_latex.tex
65,0.938918346,0.774100000,\left(\mathrm{L2Norm} - \mathrm{GradNorm}\right) \cdot \left(\frac{\log\left(\log\left(\mathrm{JacobFro}\right)\right)}{\mathrm{Jacov}}\right),L2-Norm Grad_Norm Sub Jacob_fro Log Log Jacov Div Mul <EOS>,((L2-Norm - Grad_Norm) * (log(log(Jacob_fro)) / Jacov)),0.774100000,0.772400000,31,9,5,2246,run_monash_time_unique1000,1,1,Monash__elecdemand_dataset/seed_2246/run_monash_time_unique1000/visualizations/archive_latex.tex
66,0.937963945,0.774100000,\frac{\sqrt{\mathrm{Jacov} - \mathrm{Snip}}}{\mathrm{JacobFro} + \mathrm{L2Norm}},Jacov Snip Sub Sqrt Jacob_fro L2-Norm Add Div <EOS>,(sqrt((Jacov - Snip)) / (Jacob_fro + L2-Norm)),0.774100000,0.766800000,48,8,4,2289,run_monash_time_unique1000,1,2,Monash__elecdemand_dataset/seed_2289/run_monash_time_unique1000/visualizations/archive_latex.tex
67,0.937009544,0.774100000,\frac{\left(\log\left(\log\left(\mathrm{JacobFro}\right)\right)\right) \cdot \left(\mathrm{L2Norm} - \mathrm{GradNorm}\right)}{\mathrm{Jacov}},Jacob_fro Log Log L2-Norm Grad_Norm Sub Mul Jacov Div <EOS>,((log(log(Jacob_fro)) * (L2-Norm - Grad_Norm)) / Jacov),0.774100000,0.772400000,57,9,5,2027,run_monash_time_unique1000,2,12,Monash__elecdemand_dataset/seed_2027/run_monash_time_unique1000/visualizations/archive_latex.tex
68,0.936055143,0.774100000,\frac{\frac{\mathrm{Jacov}}{\log\left(\log\left(\mathrm{JacobFro}\right)\right)}}{\mathrm{GradNorm} - \mathrm{L2Norm}},Jacov Jacob_fro Log Log Div Grad_Norm L2-Norm Sub Div <EOS>,((Jacov / log(log(Jacob_fro))) / (Grad_Norm - L2-Norm)),0.774100000,0.772400000,84,9,5,2056,run_monash_time_unique1000,2,2,Monash__elecdemand_dataset/seed_2056/run_monash_time_unique1000/visualizations/archive_latex.tex
69,0.935100742,0.774100000,\left(\log\left(\log\left(\mathrm{JacobFro}\right)\right)\right) \cdot \left(\frac{\mathrm{L2Norm} - \mathrm{GradNorm}}{\mathrm{Jacov}}\right),Jacob_fro Log Log L2-Norm Grad_Norm Sub Jacov Div Mul <EOS>,(log(log(Jacob_fro)) * ((L2-Norm - Grad_Norm) / Jacov)),0.774100000,0.772400000,63,9,4,2065,run_monash_time_unique1000,2,5,Monash__elecdemand_dataset/seed_2065/run_monash_time_unique1000/visualizations/archive_latex.tex
70,0.934146341,0.774100000,\frac{\sqrt{\mathrm{Snip} - \mathrm{Jacov}}}{\mathrm{L2Norm} + \mathrm{JacobFro}},Snip Jacov Sub Sqrt L2-Norm Jacob_fro Add Div <EOS>,(sqrt((Snip - Jacov)) / (L2-Norm + Jacob_fro)),0.774100000,0.766800000,17,8,4,2081,run_monash_time_unique1000,2,2,Monash__elecdemand_dataset/seed_2081/run_monash_time_unique1000/visualizations/archive_latex.tex
71,0.933191941,0.774100000,\frac{\mathrm{Snip} - \mathrm{Jacov}}{\left(\mathrm{L2Norm} + \mathrm{JacobFro}\right)^2},Snip Jacov Sub L2-Norm Jacob_fro Add Square Div <EOS>,((Snip - Jacov) / square((L2-Norm + Jacob_fro))),0.774100000,0.766800000,15,8,4,2203,run_monash_time_unique1000,2,1,Monash__elecdemand_dataset/seed_2203/run_monash_time_unique1000/visualizations/archive_latex.tex
72,0.932237540,0.774100000,\frac{\mathrm{Jacov}}{\left(\log\left(\log\left(\mathrm{JacobFro}\right)\right)\right) \cdot \left(\mathrm{GradNorm} - \mathrm{L2Norm}\right)},Jacov Jacob_fro Log Log Grad_Norm L2-Norm Sub Mul Div <EOS>,(Jacov / (log(log(Jacob_fro)) * (Grad_Norm - L2-Norm))),0.774100000,0.772400000,76,9,5,2316,run_monash_time_unique1000,2,1,Monash__elecdemand_dataset/seed_2316/run_monash_time_unique1000/visualizations/archive_latex.tex
73,0.931283139,0.774100000,\frac{\mathrm{L2Norm} - \mathrm{GradNorm}}{\frac{\mathrm{Jacov}}{\log\left(\log\left(\mathrm{JacobFro}\right)\right)}},L2-Norm Grad_Norm Sub Jacov Jacob_fro Log Log Div Div <EOS>,((L2-Norm - Grad_Norm) / (Jacov / log(log(Jacob_fro)))),0.774100000,0.772400000,39,9,5,2103,run_monash_time_unique1000,3,4,Monash__elecdemand_dataset/seed_2103/run_monash_time_unique1000/visualizations/archive_latex.tex
74,0.930328738,0.774000000,\left(\frac{\sqrt{\mathrm{Snip}}}{\mathrm{Jacov} - \left(\mathrm{GradNorm}\right)^2}\right) \cdot \left(\mathrm{JacobFro}\right),Snip Sqrt Jacov Grad_Norm Square Sub Div Jacob_fro Mul <EOS>,((sqrt(Snip) / (Jacov - square(Grad_Norm))) * Jacob_fro),0.774000000,0.764500000,93,9,5,2262,run_monash_time_unique1000,1,1,Monash__elecdemand_dataset/seed_2262/run_monash_time_unique1000/visualizations/archive_latex.tex
75,0.929374337,0.773900000,\left(\sqrt{\mathrm{JacobFro}}\right) \cdot \left(\frac{\mathrm{L2Norm} - \mathrm{GradNorm}}{\mathrm{Jacov}}\right),Jacob_fro Sqrt L2-Norm Grad_Norm Sub Jacov Div Mul <EOS>,(sqrt(Jacob_fro) * ((L2-Norm - Grad_Norm) / Jacov)),0.773900000,0.774400000,46,8,4,2034,run_monash_time_unique1000,1,10,Monash__elecdemand_dataset/seed_2034/run_monash_time_unique1000/visualizations/archive_latex.tex
76,0.928419936,0.773900000,\left(\frac{\sqrt{\mathrm{JacobFro}}}{\mathrm{Jacov}}\right) \cdot \left(\mathrm{L2Norm} - \mathrm{GradNorm}\right),Jacob_fro Sqrt Jacov Div L2-Norm Grad_Norm Sub Mul <EOS>,((sqrt(Jacob_fro) / Jacov) * (L2-Norm - Grad_Norm)),0.773900000,0.774400000,26,8,4,2037,run_monash_time_unique1000,1,5,Monash__elecdemand_dataset/seed_2037/run_monash_time_unique1000/visualizations/archive_latex.tex
77,0.927465536,0.773900000,\frac{\frac{\mathrm{Jacov}}{\mathrm{GradNorm} - \mathrm{L2Norm}}}{\sqrt{\mathrm{JacobFro}}},Jacov Grad_Norm L2-Norm Sub Div Jacob_fro Sqrt Div <EOS>,((Jacov / (Grad_Norm - L2-Norm)) / sqrt(Jacob_fro)),0.773900000,0.774400000,48,8,4,2040,run_monash_time_unique1000,1,19,Monash__elecdemand_dataset/seed_2040/run_monash_time_unique1000/visualizations/archive_latex.tex
78,0.926511135,0.773900000,\frac{\mathrm{L2Norm} - \mathrm{GradNorm} + \sqrt{\mathrm{GradNorm}}}{\mathrm{Jacov}},L2-Norm Grad_Norm Grad_Norm Sqrt Add Sub Jacov Div <EOS>,((L2-Norm - (Grad_Norm + sqrt(Grad_Norm))) / Jacov),0.773900000,0.761700000,12,8,5,2084,run_monash_time_unique1000,1,3,Monash__elecdemand_dataset/seed_2084/run_monash_time_unique1000/visualizations/archive_latex.tex
79,0.925556734,0.773900000,\frac{-\left(\sqrt{\mathrm{JacobFro}}\right) \cdot \left(\mathrm{GradNorm} - \mathrm{L2Norm}\right)}{\mathrm{Jacov}},Jacob_fro Sqrt Grad_Norm L2-Norm Sub Mul Negative Jacov Div <EOS>,(-((sqrt(Jacob_fro) * (Grad_Norm - L2-Norm))) / Jacov),0.773900000,0.774400000,86,9,5,2090,run_monash_time_unique1000,1,2,Monash__elecdemand_dataset/seed_2090/run_monash_time_unique1000/visualizations/archive_latex.tex
80,0.924602333,0.773900000,\frac{\left(\frac{\mathrm{Jacov}}{\mathrm{L2Norm} - \mathrm{GradNorm}}\right)^2}{\mathrm{JacobFro}},Jacov L2-Norm Grad_Norm Sub Div Square Jacob_fro Div <EOS>,(square((Jacov / (L2-Norm - Grad_Norm))) / Jacob_fro),0.773900000,0.774400000,95,8,5,2119,run_monash_time_unique1000,1,2,Monash__elecdemand_dataset/seed_2119/run_monash_time_unique1000/visualizations/archive_latex.tex
81,0.923647932,0.773900000,\frac{\mathrm{L2Norm} - \mathrm{GradNorm}}{\frac{\mathrm{Jacov}}{\sqrt{\mathrm{JacobFro}}}},L2-Norm Grad_Norm Sub Jacov Jacob_fro Sqrt Div Div <EOS>,((L2-Norm - Grad_Norm) / (Jacov / sqrt(Jacob_fro))),0.773900000,0.774400000,97,8,4,2133,run_monash_time_unique1000,1,23,Monash__elecdemand_dataset/seed_2133/run_monash_time_unique1000/visualizations/archive_latex.tex
82,0.922693531,0.773900000,\frac{\sqrt{\mathrm{Jacov}} - \mathrm{Jacov}}{\mathrm{L2Norm} - \mathrm{GradNorm}},Jacov Sqrt Jacov Sub L2-Norm Grad_Norm Sub Div <EOS>,((sqrt(Jacov) - Jacov) / (L2-Norm - Grad_Norm)),0.773900000,0.766900000,12,8,4,2232,run_monash_time_unique1000,1,5,Monash__elecdemand_dataset/seed_2232/run_monash_time_unique1000/visualizations/archive_latex.tex
83,0.921739130,0.773900000,\frac{\mathrm{Jacov}}{\mathrm{GradNorm} + \sqrt{\mathrm{GradNorm}} - \mathrm{L2Norm}},Jacov Grad_Norm Grad_Norm Sqrt L2-Norm Sub Add Div <EOS>,(Jacov / (Grad_Norm + (sqrt(Grad_Norm) - L2-Norm))),0.773900000,0.761700000,130,8,5,2239,run_monash_time_unique1000,1,1,Monash__elecdemand_dataset/seed_2239/run_monash_time_unique1000/visualizations/archive_latex.tex
84,0.920784730,0.773900000,\frac{\sqrt{\mathrm{JacobFro}}}{\frac{\mathrm{Jacov}}{\mathrm{L2Norm} - \mathrm{GradNorm}}},Jacob_fro Sqrt Jacov L2-Norm Grad_Norm Sub Div Div <EOS>,(sqrt(Jacob_fro) / (Jacov / (L2-Norm - Grad_Norm))),0.773900000,0.774400000,157,8,4,2271,run_monash_time_unique1000,1,6,Monash__elecdemand_dataset/seed_2271/run_monash_time_unique1000/visualizations/archive_latex.tex
85,0.919830329,0.773900000,\left(\frac{\mathrm{L2Norm} + -\mathrm{GradNorm}}{\mathrm{Jacov}}\right) \cdot \left(\sqrt{\mathrm{JacobFro}}\right),L2-Norm Grad_Norm Negative Add Jacov Div Jacob_fro Sqrt Mul <EOS>,(((L2-Norm + -(Grad_Norm)) / Jacov) * sqrt(Jacob_fro)),0.773900000,0.774400000,198,9,5,2281,run_monash_time_unique1000,1,1,Monash__elecdemand_dataset/seed_2281/run_monash_time_unique1000/visualizations/archive_latex.tex
86,0.918875928,0.773900000,\left(\frac{-\mathrm{GradNorm} + \mathrm{L2Norm}}{\mathrm{Jacov}}\right) \cdot \left(\sqrt{\mathrm{JacobFro}}\right),Grad_Norm Negative L2-Norm Add Jacov Div Jacob_fro Sqrt Mul <EOS>,(((-(Grad_Norm) + L2-Norm) / Jacov) * sqrt(Jacob_fro)),0.773900000,0.774400000,12,9,5,2308,run_monash_time_unique1000,1,2,Monash__elecdemand_dataset/seed_2308/run_monash_time_unique1000/visualizations/archive_latex.tex
87,0.917921527,0.773900000,\left(\frac{\mathrm{L2Norm} - \mathrm{GradNorm}}{\mathrm{Jacov}}\right) \cdot \left(\sqrt{\mathrm{JacobFro}}\right),L2-Norm Grad_Norm Sub Jacov Div Jacob_fro Sqrt Mul <EOS>,(((L2-Norm - Grad_Norm) / Jacov) * sqrt(Jacob_fro)),0.773900000,0.774400000,23,8,4,2318,run_monash_time_unique1000,1,7,Monash__elecdemand_dataset/seed_2318/run_monash_time_unique1000/visualizations/archive_latex.tex
88,0.916967126,0.773900000,\frac{\mathrm{Jacov}}{\sqrt{\mathrm{GradNorm}} - -\mathrm{GradNorm} + \mathrm{L2Norm}},Jacov Grad_Norm Sqrt Grad_Norm Negative L2-Norm Add Sub Div <EOS>,(Jacov / (sqrt(Grad_Norm) - (-(Grad_Norm) + L2-Norm))),0.773900000,0.761700000,107,9,5,2032,run_monash_time_unique1000,2,1,Monash__elecdemand_dataset/seed_2032/run_monash_time_unique1000/visualizations/archive_latex.tex
89,0.916012725,0.773900000,\frac{\left(\sqrt{\mathrm{JacobFro}}\right) \cdot \left(\mathrm{L2Norm} - \mathrm{GradNorm}\right)}{\mathrm{Jacov}},Jacob_fro Sqrt L2-Norm Grad_Norm Sub Mul Jacov Div <EOS>,((sqrt(Jacob_fro) * (L2-Norm - Grad_Norm)) / Jacov),0.773900000,0.774400000,17,8,4,2038,run_monash_time_unique1000,2,65,Monash__elecdemand_dataset/seed_2038/run_monash_time_unique1000/visualizations/archive_latex.tex
90,0.915058324,0.773900000,\frac{\left(\mathrm{L2Norm} - \mathrm{GradNorm}\right) \cdot \left(\sqrt{\mathrm{JacobFro}}\right)}{\mathrm{Jacov}},L2-Norm Grad_Norm Sub Jacob_fro Sqrt Mul Jacov Div <EOS>,(((L2-Norm - Grad_Norm) * sqrt(Jacob_fro)) / Jacov),0.773900000,0.774400000,34,8,4,2039,run_monash_time_unique1000,2,41,Monash__elecdemand_dataset/seed_2039/run_monash_time_unique1000/visualizations/archive_latex.tex
91,0.914103924,0.773900000,\left(-\mathrm{GradNorm} - \mathrm{L2Norm}\right) \cdot \left(\frac{\sqrt{\mathrm{JacobFro}}}{\mathrm{Jacov}}\right),Grad_Norm L2-Norm Sub Negative Jacob_fro Sqrt Jacov Div Mul <EOS>,(-((Grad_Norm - L2-Norm)) * (sqrt(Jacob_fro) / Jacov)),0.773900000,0.774400000,27,9,4,2048,run_monash_time_unique1000,2,1,Monash__elecdemand_dataset/seed_2048/run_monash_time_unique1000/visualizations/archive_latex.tex
92,0.913149523,0.773900000,\frac{\left(\sqrt{\mathrm{JacobFro}}\right) \cdot \left(-\mathrm{GradNorm} + \mathrm{L2Norm}\right)}{\mathrm{Jacov}},Jacob_fro Sqrt Grad_Norm Negative L2-Norm Add Mul Jacov Div <EOS>,((sqrt(Jacob_fro) * (-(Grad_Norm) + L2-Norm)) / Jacov),0.773900000,0.774400000,53,9,5,2054,run_monash_time_unique1000,2,1,Monash__elecdemand_dataset/seed_2054/run_monash_time_unique1000/visualizations/archive_latex.tex
93,0.912195122,0.773900000,\frac{\left(\mathrm{GradNorm} - \mathrm{L2Norm}\right) \cdot \left(\sqrt{\mathrm{JacobFro}}\right)}{-\mathrm{Jacov}},Grad_Norm L2-Norm Sub Jacob_fro Sqrt Mul Jacov Negative Div <EOS>,(((Grad_Norm - L2-Norm) * sqrt(Jacob_fro)) / -(Jacov)),0.773900000,0.774400000,180,9,4,2066,run_monash_time_unique1000,2,2,Monash__elecdemand_dataset/seed_2066/run_monash_time_unique1000/visualizations/archive_latex.tex
94,0.911240721,0.773900000,\frac{\left(\sqrt{-\mathrm{JacobFro}}\right) \cdot \left(\mathrm{L2Norm} - \mathrm{GradNorm}\right)}{\mathrm{Jacov}},Jacob_fro Negative Sqrt L2-Norm Grad_Norm Sub Mul Jacov Div <EOS>,((sqrt(-(Jacob_fro)) * (L2-Norm - Grad_Norm)) / Jacov),0.773900000,0.774400000,195,9,5,2071,run_monash_time_unique1000,2,1,Monash__elecdemand_dataset/seed_2071/run_monash_time_unique1000/visualizations/archive_latex.tex
95,0.910286320,0.773900000,\left(\mathrm{L2Norm} - \mathrm{GradNorm}\right) \cdot \left(\frac{\sqrt{\mathrm{JacobFro}}}{\mathrm{Jacov}}\right),L2-Norm Grad_Norm Sub Jacob_fro Sqrt Jacov Div Mul <EOS>,((L2-Norm - Grad_Norm) * (sqrt(Jacob_fro) / Jacov)),0.773900000,0.774400000,95,8,4,2126,run_monash_time_unique1000,2,5,Monash__elecdemand_dataset/seed_2126/run_monash_time_unique1000/visualizations/archive_latex.tex
96,0.909331919,0.773900000,\frac{\mathrm{L2Norm} - \mathrm{GradNorm} - \sqrt{\mathrm{GradNorm}}}{\mathrm{Jacov}},L2-Norm Grad_Norm Sub Grad_Norm Sqrt Sub Jacov Div <EOS>,(((L2-Norm - Grad_Norm) - sqrt(Grad_Norm)) / Jacov),0.773900000,0.761700000,137,8,4,2128,run_monash_time_unique1000,2,14,Monash__elecdemand_dataset/seed_2128/run_monash_time_unique1000/visualizations/archive_latex.tex
97,0.908377519,0.773900000,\frac{-\left(\mathrm{GradNorm} - \mathrm{L2Norm}\right) \cdot \left(\sqrt{\mathrm{JacobFro}}\right)}{\mathrm{Jacov}},Grad_Norm L2-Norm Sub Jacob_fro Sqrt Mul Negative Jacov Div <EOS>,(-(((Grad_Norm - L2-Norm) * sqrt(Jacob_fro))) / Jacov),0.773900000,0.774400000,104,9,5,2132,run_monash_time_unique1000,2,2,Monash__elecdemand_dataset/seed_2132/run_monash_time_unique1000/visualizations/archive_latex.tex
98,0.907423118,0.773900000,\frac{-\mathrm{GradNorm} + \mathrm{L2Norm}}{\frac{\mathrm{Jacov}}{\sqrt{\mathrm{JacobFro}}}},Grad_Norm Negative L2-Norm Add Jacov Jacob_fro Sqrt Div Div <EOS>,((-(Grad_Norm) + L2-Norm) / (Jacov / sqrt(Jacob_fro))),0.773900000,0.774400000,53,9,4,2169,run_monash_time_unique1000,2,1,Monash__elecdemand_dataset/seed_2169/run_monash_time_unique1000/visualizations/archive_latex.tex
99,0.906468717,0.773900000,\frac{\left(\sqrt{\mathrm{JacobFro}}\right) \cdot \left(\mathrm{GradNorm} - \mathrm{L2Norm}\right)}{-\mathrm{Jacov}},Jacob_fro Sqrt Grad_Norm L2-Norm Sub Mul Jacov Negative Div <EOS>,((sqrt(Jacob_fro) * (Grad_Norm - L2-Norm)) / -(Jacov)),0.773900000,0.774400000,118,9,4,2192,run_monash_time_unique1000,2,1,Monash__elecdemand_dataset/seed_2192/run_monash_time_unique1000/visualizations/archive_latex.tex
100,0.905514316,0.773900000,\frac{\mathrm{Jacov}}{\sqrt{\mathrm{GradNorm}} - \mathrm{L2Norm} - \mathrm{GradNorm}},Jacov Grad_Norm Sqrt L2-Norm Grad_Norm Sub Sub Div <EOS>,(Jacov / (sqrt(Grad_Norm) - (L2-Norm - Grad_Norm))),0.773900000,0.761700000,38,8,4,2198,run_monash_time_unique1000,2,1,Monash__elecdemand_dataset/seed_2198/run_monash_time_unique1000/visualizations/archive_latex.tex
101,0.904559915,0.773900000,\frac{\mathrm{Jacov}}{\left(\sqrt{\mathrm{JacobFro}}\right) \cdot \left(\mathrm{GradNorm} - \mathrm{L2Norm}\right)},Jacov Jacob_fro Sqrt Grad_Norm L2-Norm Sub Mul Div <EOS>,(Jacov / (sqrt(Jacob_fro) * (Grad_Norm - L2-Norm))),0.773900000,0.774400000,15,8,4,2213,run_monash_time_unique1000,2,3,Monash__elecdemand_dataset/seed_2213/run_monash_time_unique1000/visualizations/archive_latex.tex
102,0.903605514,0.773900000,\frac{\sqrt{\left(\left(\mathrm{L2Norm} - \mathrm{GradNorm}\right)^2\right) \cdot \left(\mathrm{JacobFro}\right)}}{\mathrm{Jacov}},L2-Norm Grad_Norm Sub Square Jacob_fro Mul Sqrt Jacov Div <EOS>,(sqrt((square((L2-Norm - Grad_Norm)) * Jacob_fro)) / Jacov),0.773900000,0.774400000,176,9,6,2245,run_monash_time_unique1000,2,1,Monash__elecdemand_dataset/seed_2245/run_monash_time_unique1000/visualizations/archive_latex.tex
103,0.902651113,0.773900000,\frac{\mathrm{Jacov}}{\left(\mathrm{GradNorm} - \mathrm{L2Norm}\right) \cdot \left(\sqrt{\mathrm{JacobFro}}\right)},Jacov Grad_Norm L2-Norm Sub Jacob_fro Sqrt Mul Div <EOS>,(Jacov / ((Grad_Norm - L2-Norm) * sqrt(Jacob_fro))),0.773900000,0.774400000,72,8,4,2268,run_monash_time_unique1000,2,1,Monash__elecdemand_dataset/seed_2268/run_monash_time_unique1000/visualizations/archive_latex.tex
104,0.901696713,0.773900000,\frac{\mathrm{L2Norm} - \sqrt{\mathrm{GradNorm}} - \mathrm{GradNorm}}{\mathrm{Jacov}},L2-Norm Grad_Norm Sqrt Sub Grad_Norm Sub Jacov Div <EOS>,(((L2-Norm - sqrt(Grad_Norm)) - Grad_Norm) / Jacov),0.773900000,0.761700000,17,8,5,2278,run_monash_time_unique1000,2,1,Monash__elecdemand_dataset/seed_2278/run_monash_time_unique1000/visualizations/archive_latex.tex
105,0.900742312,0.773900000,\frac{-\mathrm{Jacov}}{\left(\sqrt{\mathrm{JacobFro}}\right) \cdot \left(\mathrm{L2Norm} - \mathrm{GradNorm}\right)},Jacov Negative Jacob_fro Sqrt L2-Norm Grad_Norm Sub Mul Div <EOS>,(-(Jacov) / (sqrt(Jacob_fro) * (L2-Norm - Grad_Norm))),0.773900000,0.774400000,71,9,4,2284,run_monash_time_unique1000,2,1,Monash__elecdemand_dataset/seed_2284/run_monash_time_unique1000/visualizations/archive_latex.tex
106,0.899787911,0.773900000,\frac{\mathrm{L2Norm} + -\mathrm{GradNorm} - \sqrt{\mathrm{GradNorm}}}{\mathrm{Jacov}},L2-Norm Grad_Norm Negative Grad_Norm Sqrt Sub Add Jacov Div <EOS>,((L2-Norm + (-(Grad_Norm) - sqrt(Grad_Norm))) / Jacov),0.773900000,0.761700000,13,9,5,2044,run_monash_time_unique1000,3,1,Monash__elecdemand_dataset/seed_2044/run_monash_time_unique1000/visualizations/archive_latex.tex
107,0.898833510,0.773900000,\frac{\frac{\mathrm{Jacov}}{\sqrt{\mathrm{JacobFro}}}}{\mathrm{GradNorm} - \mathrm{L2Norm}},Jacov Jacob_fro Sqrt Div Grad_Norm L2-Norm Sub Div <EOS>,((Jacov / sqrt(Jacob_fro)) / (Grad_Norm - L2-Norm)),0.773900000,0.774400000,57,8,4,2056,run_monash_time_unique1000,3,3,Monash__elecdemand_dataset/seed_2056/run_monash_time_unique1000/visualizations/archive_latex.tex
108,0.897879109,0.773900000,\frac{\left(-\mathrm{GradNorm} + \mathrm{L2Norm}\right) \cdot \left(\sqrt{\mathrm{JacobFro}}\right)}{\mathrm{Jacov}},Grad_Norm Negative L2-Norm Add Jacob_fro Sqrt Mul Jacov Div <EOS>,(((-(Grad_Norm) + L2-Norm) * sqrt(Jacob_fro)) / Jacov),0.773900000,0.774400000,122,9,5,2068,run_monash_time_unique1000,3,1,Monash__elecdemand_dataset/seed_2068/run_monash_time_unique1000/visualizations/archive_latex.tex
109,0.896924708,0.773900000,\frac{\mathrm{L2Norm} - \mathrm{GradNorm}}{\mathrm{Jacov} - \sqrt{\mathrm{Jacov}}},L2-Norm Grad_Norm Sub Jacov Jacov Sqrt Sub Div <EOS>,((L2-Norm - Grad_Norm) / (Jacov - sqrt(Jacov))),0.773900000,0.766900000,152,8,4,2087,run_monash_time_unique1000,3,1,Monash__elecdemand_dataset/seed_2087/run_monash_time_unique1000/visualizations/archive_latex.tex
110,0.895970308,0.773900000,\frac{\sqrt{\mathrm{JacobFro}}}{\frac{-\mathrm{Jacov}}{\mathrm{GradNorm} - \mathrm{L2Norm}}},Jacob_fro Sqrt Jacov Negative Grad_Norm L2-Norm Sub Div Div <EOS>,(sqrt(Jacob_fro) / (-(Jacov) / (Grad_Norm - L2-Norm))),0.773900000,0.774400000,139,9,4,2092,run_monash_time_unique1000,3,1,Monash__elecdemand_dataset/seed_2092/run_monash_time_unique1000/visualizations/archive_latex.tex
111,0.895015907,0.773900000,\frac{\sqrt{\frac{\left(\mathrm{Jacov}\right)^2}{\mathrm{JacobFro}}}}{\mathrm{L2Norm} - \mathrm{GradNorm}},Jacov Square Jacob_fro Div Sqrt L2-Norm Grad_Norm Sub Div <EOS>,(sqrt((square(Jacov) / Jacob_fro)) / (L2-Norm - Grad_Norm)),0.773900000,0.774400000,143,9,5,2146,run_monash_time_unique1000,3,1,Monash__elecdemand_dataset/seed_2146/run_monash_time_unique1000/visualizations/archive_latex.tex
112,0.894061506,0.773900000,\frac{-\mathrm{Jacov}}{\left(\mathrm{L2Norm} - \mathrm{GradNorm}\right) \cdot \left(\sqrt{\mathrm{JacobFro}}\right)},Jacov Negative L2-Norm Grad_Norm Sub Jacob_fro Sqrt Mul Div <EOS>,(-(Jacov) / ((L2-Norm - Grad_Norm) * sqrt(Jacob_fro))),0.773900000,0.774400000,153,9,4,2198,run_monash_time_unique1000,3,1,Monash__elecdemand_dataset/seed_2198/run_monash_time_unique1000/visualizations/archive_latex.tex
113,0.893107105,0.773900000,\frac{\mathrm{Jacov}}{\mathrm{GradNorm} + \sqrt{\mathrm{GradNorm}} - \mathrm{L2Norm}},Jacov Grad_Norm Grad_Norm Sqrt Add L2-Norm Sub Div <EOS>,(Jacov / ((Grad_Norm + sqrt(Grad_Norm)) - L2-Norm)),0.773900000,0.761700000,144,8,5,2313,run_monash_time_unique1000,3,1,Monash__elecdemand_dataset/seed_2313/run_monash_time_unique1000/visualizations/archive_latex.tex
114,0.892152704,0.773900000,\sqrt{\frac{\mathrm{Jacov}}{\left(\sqrt{\mathrm{JacobFro}}\right) \cdot \left(\mathrm{L2Norm} - \mathrm{GradNorm}\right)}},Jacov Jacob_fro Sqrt L2-Norm Grad_Norm Sub Mul Div Sqrt <EOS>,sqrt((Jacov / (sqrt(Jacob_fro) * (L2-Norm - Grad_Norm)))),0.773900000,0.774400000,159,9,5,2319,run_monash_time_unique1000,3,1,Monash__elecdemand_dataset/seed_2319/run_monash_time_unique1000/visualizations/archive_latex.tex
115,0.891198303,0.773900000,\frac{\mathrm{GradNorm} - \mathrm{L2Norm}}{\sqrt{\mathrm{Jacov}} - \mathrm{Jacov}},Grad_Norm L2-Norm Sub Jacov Sqrt Jacov Sub Div <EOS>,((Grad_Norm - L2-Norm) / (sqrt(Jacov) - Jacov)),0.773900000,0.766900000,112,8,4,2081,run_monash_time_unique1000,4,1,Monash__elecdemand_dataset/seed_2081/run_monash_time_unique1000/visualizations/archive_latex.tex
116,0.890243902,0.773700000,\frac{\left(\mathrm{plain}\right)^2 - \mathrm{Jacov}}{\mathrm{L2Norm} - \mathrm{GradNorm}},plain Square Jacov Sub L2-Norm Grad_Norm Sub Div <EOS>,((square(plain) - Jacov) / (L2-Norm - Grad_Norm)),0.773700000,0.764100000,143,8,4,2285,run_monash_time_unique1000,1,3,Monash__elecdemand_dataset/seed_2285/run_monash_time_unique1000/visualizations/archive_latex.tex
117,0.889289502,0.773700000,\frac{\mathrm{L2Norm} - \mathrm{GradNorm}}{\mathrm{Jacov} - \left(\mathrm{plain}\right)^2},L2-Norm Grad_Norm Sub Jacov plain Square Sub Div <EOS>,((L2-Norm - Grad_Norm) / (Jacov - square(plain))),0.773700000,0.764100000,43,8,4,2186,run_monash_time_unique1000,3,1,Monash__elecdemand_dataset/seed_2186/run_monash_time_unique1000/visualizations/archive_latex.tex
118,0.888335101,0.773600000,\frac{\mathrm{L2Norm} - \mathrm{GradNorm} - \log\left(\sqrt{\mathrm{Snip}}\right)}{\mathrm{Jacov}},L2-Norm Grad_Norm Sub Snip Sqrt Log Sub Jacov Div <EOS>,(((L2-Norm - Grad_Norm) - log(sqrt(Snip))) / Jacov),0.773600000,0.764600000,18,9,5,2318,run_monash_time_unique1000,2,1,Monash__elecdemand_dataset/seed_2318/run_monash_time_unique1000/visualizations/archive_latex.tex
119,0.887380700,0.773600000,\frac{\mathrm{L2Norm} - \log\left(\sqrt{\mathrm{Snip}}\right) + \mathrm{GradNorm}}{\mathrm{Jacov}},L2-Norm Snip Sqrt Log Grad_Norm Add Sub Jacov Div <EOS>,((L2-Norm - (log(sqrt(Snip)) + Grad_Norm)) / Jacov),0.773600000,0.764600000,64,9,6,2219,run_monash_time_unique1000,5,1,Monash__elecdemand_dataset/seed_2219/run_monash_time_unique1000/visualizations/archive_latex.tex
120,0.886426299,0.773500000,\frac{\log\left(\mathrm{ZiCo}\right) - \mathrm{GradNorm} + \mathrm{L2Norm}}{\mathrm{Jacov}},ZiCo Log Grad_Norm Sub L2-Norm Add Jacov Div <EOS>,(((log(ZiCo) - Grad_Norm) + L2-Norm) / Jacov),0.773500000,0.764400000,87,8,5,2157,run_monash_time_unique1000,1,5,Monash__elecdemand_dataset/seed_2157/run_monash_time_unique1000/visualizations/archive_latex.tex
121,0.885471898,0.773500000,\frac{\mathrm{L2Norm} - \mathrm{GradNorm} + \log\left(\mathrm{ZiCo}\right)}{\mathrm{Jacov}},L2-Norm Grad_Norm Sub ZiCo Log Add Jacov Div <EOS>,(((L2-Norm - Grad_Norm) + log(ZiCo)) / Jacov),0.773500000,0.764400000,45,8,4,2280,run_monash_time_unique1000,1,13,Monash__elecdemand_dataset/seed_2280/run_monash_time_unique1000/visualizations/archive_latex.tex
122,0.884517497,0.773500000,\frac{\log\left(\mathrm{ZiCo}\right) + \mathrm{L2Norm} - \mathrm{GradNorm}}{\mathrm{Jacov}},ZiCo Log L2-Norm Grad_Norm Sub Add Jacov Div <EOS>,((log(ZiCo) + (L2-Norm - Grad_Norm)) / Jacov),0.773500000,0.764400000,97,8,4,2034,run_monash_time_unique1000,2,6,Monash__elecdemand_dataset/seed_2034/run_monash_time_unique1000/visualizations/archive_latex.tex
123,0.883563097,0.773500000,\frac{\mathrm{L2Norm} + \log\left(\mathrm{ZiCo}\right) - \mathrm{GradNorm}}{\mathrm{Jacov}},L2-Norm ZiCo Log Grad_Norm Sub Add Jacov Div <EOS>,((L2-Norm + (log(ZiCo) - Grad_Norm)) / Jacov),0.773500000,0.764400000,145,8,5,2095,run_monash_time_unique1000,2,2,Monash__elecdemand_dataset/seed_2095/run_monash_time_unique1000/visualizations/archive_latex.tex
124,0.882608696,0.773500000,\frac{\mathrm{L2Norm} - \mathrm{GradNorm} - \log\left(\mathrm{ZiCo}\right)}{\mathrm{Jacov}},L2-Norm Grad_Norm ZiCo Log Sub Sub Jacov Div <EOS>,((L2-Norm - (Grad_Norm - log(ZiCo))) / Jacov),0.773500000,0.764400000,126,8,5,2248,run_monash_time_unique1000,2,3,Monash__elecdemand_dataset/seed_2248/run_monash_time_unique1000/visualizations/archive_latex.tex
125,0.881654295,0.773500000,\frac{\left(\mathrm{ZiCo}\right) \cdot \left(\mathrm{L2Norm}\right)}{\left(\log\left(\mathrm{GraSP}\right)\right) \cdot \left(\mathrm{Jacov}\right)},ZiCo L2-Norm Mul GraSP Log Jacov Mul Div <EOS>,((ZiCo * L2-Norm) / (log(GraSP) * Jacov)),0.773500000,0.751500000,21,8,4,2317,run_monash_time_unique1000,2,1,Monash__elecdemand_dataset/seed_2317/run_monash_time_unique1000/visualizations/archive_latex.tex
126,0.880699894,0.773500000,\sqrt{\frac{\mathrm{Jacov}}{\mathrm{L2Norm} + \log\left(\mathrm{ZiCo}\right) - \mathrm{GradNorm}}},Jacov L2-Norm ZiCo Log Add Grad_Norm Sub Div Sqrt <EOS>,sqrt((Jacov / ((L2-Norm + log(ZiCo)) - Grad_Norm))),0.773500000,0.764400000,32,9,6,2035,run_monash_time_unique1000,3,1,Monash__elecdemand_dataset/seed_2035/run_monash_time_unique1000/visualizations/archive_latex.tex
127,0.879745493,0.773500000,\frac{\log\left(\mathrm{ZiCo}\right) + -\mathrm{GradNorm} + \mathrm{L2Norm}}{\mathrm{Jacov}},ZiCo Log Grad_Norm Negative Add L2-Norm Add Jacov Div <EOS>,(((log(ZiCo) + -(Grad_Norm)) + L2-Norm) / Jacov),0.773500000,0.764400000,21,9,5,2067,run_monash_time_unique1000,3,1,Monash__elecdemand_dataset/seed_2067/run_monash_time_unique1000/visualizations/archive_latex.tex
128,0.878791092,0.773500000,\frac{\frac{\left(\mathrm{ZiCo}\right) \cdot \left(\mathrm{L2Norm}\right)}{\log\left(\mathrm{GraSP}\right)}}{\mathrm{Jacov}},ZiCo L2-Norm Mul GraSP Log Div Jacov Div <EOS>,(((ZiCo * L2-Norm) / log(GraSP)) / Jacov),0.773500000,0.751500000,169,8,4,2258,run_monash_time_unique1000,3,1,Monash__elecdemand_dataset/seed_2258/run_monash_time_unique1000/visualizations/archive_latex.tex
129,0.877836691,0.773500000,\frac{\mathrm{L2Norm} - \mathrm{GradNorm} - -\log\left(\mathrm{ZiCo}\right)}{\mathrm{Jacov}},L2-Norm Grad_Norm Sub ZiCo Log Negative Sub Jacov Div <EOS>,(((L2-Norm - Grad_Norm) - -(log(ZiCo))) / Jacov),0.773500000,0.764400000,20,9,5,2318,run_monash_time_unique1000,3,1,Monash__elecdemand_dataset/seed_2318/run_monash_time_unique1000/visualizations/archive_latex.tex
130,0.876882291,0.773500000,\frac{\mathrm{L2Norm} - \sqrt{\log\left(\mathrm{ZiCo}\right)} - \mathrm{GradNorm}}{\mathrm{Jacov}},L2-Norm ZiCo Log Sqrt Sub Grad_Norm Sub Jacov Div <EOS>,(((L2-Norm - sqrt(log(ZiCo))) - Grad_Norm) / Jacov),0.773500000,0.765000000,199,9,6,2320,run_monash_time_unique1000,3,1,Monash__elecdemand_dataset/seed_2320/run_monash_time_unique1000/visualizations/archive_latex.tex
131,0.875927890,0.773500000,\frac{\mathrm{L2Norm} - \sqrt{\log\left(\mathrm{ZiCo}\right)} + \mathrm{GradNorm}}{\mathrm{Jacov}},L2-Norm ZiCo Log Sqrt Grad_Norm Add Sub Jacov Div <EOS>,((L2-Norm - (sqrt(log(ZiCo)) + Grad_Norm)) / Jacov),0.773500000,0.765000000,189,9,6,2027,run_monash_time_unique1000,4,1,Monash__elecdemand_dataset/seed_2027/run_monash_time_unique1000/visualizations/archive_latex.tex
132,0.874973489,0.773500000,\frac{\mathrm{Jacov}}{-\log\left(\mathrm{ZiCo}\right) - \mathrm{L2Norm} - \mathrm{GradNorm}},Jacov ZiCo Log Negative L2-Norm Grad_Norm Sub Sub Div <EOS>,(Jacov / (-(log(ZiCo)) - (L2-Norm - Grad_Norm))),0.773500000,0.764400000,30,9,5,2198,run_monash_time_unique1000,4,1,Monash__elecdemand_dataset/seed_2198/run_monash_time_unique1000/visualizations/archive_latex.tex
133,0.874019088,0.773500000,\frac{\left(\mathrm{L2Norm}\right) \cdot \left(\mathrm{ZiCo}\right)}{\left(\mathrm{Jacov}\right) \cdot \left(\log\left(\mathrm{GraSP}\right)\right)},L2-Norm ZiCo Mul Jacov GraSP Log Mul Div <EOS>,((L2-Norm * ZiCo) / (Jacov * log(GraSP))),0.773500000,0.751500000,99,8,4,2279,run_monash_time_unique1000,4,1,Monash__elecdemand_dataset/seed_2279/run_monash_time_unique1000/visualizations/archive_latex.tex
134,0.873064687,0.773500000,\frac{\log\left(\mathrm{ZiCo}\right) + \mathrm{L2Norm} - \mathrm{GradNorm}}{\mathrm{Jacov}},ZiCo Log L2-Norm Add Grad_Norm Sub Jacov Div <EOS>,(((log(ZiCo) + L2-Norm) - Grad_Norm) / Jacov),0.773500000,0.764400000,160,8,5,2303,run_monash_time_unique1000,4,1,Monash__elecdemand_dataset/seed_2303/run_monash_time_unique1000/visualizations/archive_latex.tex
135,0.872110286,0.773500000,\frac{\mathrm{Jacov}}{\mathrm{GradNorm} - \log\left(\mathrm{ZiCo}\right) - \mathrm{L2Norm}},Jacov Grad_Norm ZiCo Log Sub L2-Norm Sub Div <EOS>,(Jacov / ((Grad_Norm - log(ZiCo)) - L2-Norm)),0.773500000,0.764400000,26,8,5,2316,run_monash_time_unique1000,4,1,Monash__elecdemand_dataset/seed_2316/run_monash_time_unique1000/visualizations/archive_latex.tex
136,0.871155885,0.773400000,\frac{\sqrt{\mathrm{Snip}} - \mathrm{Jacov}}{\mathrm{L2Norm} - \mathrm{GradNorm}},Snip Sqrt Jacov Sub L2-Norm Grad_Norm Sub Div <EOS>,((sqrt(Snip) - Jacov) / (L2-Norm - Grad_Norm)),0.773400000,0.766300000,12,8,4,2232,run_monash_time_unique1000,2,1,Monash__elecdemand_dataset/seed_2232/run_monash_time_unique1000/visualizations/archive_latex.tex
137,0.870201485,0.773400000,\frac{\mathrm{L2Norm} - \mathrm{GradNorm}}{\mathrm{Jacov} - \sqrt{\mathrm{Snip}}},L2-Norm Grad_Norm Sub Jacov Snip Sqrt Sub Div <EOS>,((L2-Norm - Grad_Norm) / (Jacov - sqrt(Snip))),0.773400000,0.766300000,14,8,4,2051,run_monash_time_unique1000,3,3,Monash__elecdemand_dataset/seed_2051/run_monash_time_unique1000/visualizations/archive_latex.tex
138,0.869247084,0.773400000,\sqrt{\frac{\mathrm{Jacov}}{\mathrm{L2Norm} - \mathrm{GradNorm}}} - \mathrm{ZiCo},Jacov L2-Norm Grad_Norm Sub Div Sqrt ZiCo Sub <EOS>,(sqrt((Jacov / (L2-Norm - Grad_Norm))) - ZiCo),0.773400000,0.767900000,180,8,5,2302,run_monash_time_unique1000,3,1,Monash__elecdemand_dataset/seed_2302/run_monash_time_unique1000/visualizations/archive_latex.tex
139,0.868292683,0.773300000,\frac{\mathrm{L2Norm} - \sqrt{\mathrm{plain}} + \mathrm{GradNorm}}{\mathrm{Jacov}},L2-Norm plain Sqrt Grad_Norm Add Sub Jacov Div <EOS>,((L2-Norm - (sqrt(plain) + Grad_Norm)) / Jacov),0.773300000,0.764200000,10,8,5,2189,run_monash_time_unique1000,1,2,Monash__elecdemand_dataset/seed_2189/run_monash_time_unique1000/visualizations/archive_latex.tex
140,0.867338282,0.773300000,\frac{\mathrm{L2Norm} + \log\left(\left(\mathrm{ZiCo}\right)^2\right) - \mathrm{GradNorm}}{\mathrm{Jacov}},L2-Norm ZiCo Square Log Grad_Norm Sub Add Jacov Div <EOS>,((L2-Norm + (log(square(ZiCo)) - Grad_Norm)) / Jacov),0.773300000,0.765200000,178,9,6,2171,run_monash_time_unique1000,2,1,Monash__elecdemand_dataset/seed_2171/run_monash_time_unique1000/visualizations/archive_latex.tex
141,0.866383881,0.773300000,\frac{\mathrm{Jacov}}{\sqrt{\mathrm{plain}} + \mathrm{GradNorm} - \mathrm{L2Norm}},Jacov plain Sqrt Grad_Norm Add L2-Norm Sub Div <EOS>,(Jacov / ((sqrt(plain) + Grad_Norm) - L2-Norm)),0.773300000,0.764200000,137,8,5,2191,run_monash_time_unique1000,2,1,Monash__elecdemand_dataset/seed_2191/run_monash_time_unique1000/visualizations/archive_latex.tex
142,0.865429480,0.773300000,\frac{\mathrm{L2Norm} - \mathrm{GradNorm} + \sqrt{\mathrm{plain}}}{\mathrm{Jacov}},L2-Norm Grad_Norm plain Sqrt Add Sub Jacov Div <EOS>,((L2-Norm - (Grad_Norm + sqrt(plain))) / Jacov),0.773300000,0.764200000,51,8,5,2281,run_monash_time_unique1000,2,2,Monash__elecdemand_dataset/seed_2281/run_monash_time_unique1000/visualizations/archive_latex.tex
143,0.864475080,0.773300000,\frac{\mathrm{Jacov}}{\sqrt{\mathrm{plain}} - \mathrm{L2Norm} - \mathrm{GradNorm}},Jacov plain Sqrt L2-Norm Grad_Norm Sub Sub Div <EOS>,(Jacov / (sqrt(plain) - (L2-Norm - Grad_Norm))),0.773300000,0.764200000,189,8,4,2048,run_monash_time_unique1000,3,2,Monash__elecdemand_dataset/seed_2048/run_monash_time_unique1000/visualizations/archive_latex.tex
144,0.863520679,0.773300000,\frac{\log\left(\left(\mathrm{ZiCo}\right)^2\right) + \mathrm{L2Norm} - \mathrm{GradNorm}}{\mathrm{Jacov}},ZiCo Square Log L2-Norm Grad_Norm Sub Add Jacov Div <EOS>,((log(square(ZiCo)) + (L2-Norm - Grad_Norm)) / Jacov),0.773300000,0.765200000,182,9,5,2202,run_monash_time_unique1000,3,1,Monash__elecdemand_dataset/seed_2202/run_monash_time_unique1000/visualizations/archive_latex.tex
145,0.862566278,0.773300000,\frac{\mathrm{L2Norm} - \mathrm{GradNorm} + \log\left(\left(\mathrm{ZiCo}\right)^2\right)}{\mathrm{Jacov}},L2-Norm Grad_Norm Sub ZiCo Square Log Add Jacov Div <EOS>,(((L2-Norm - Grad_Norm) + log(square(ZiCo))) / Jacov),0.773300000,0.765200000,175,9,5,2029,run_monash_time_unique1000,4,2,Monash__elecdemand_dataset/seed_2029/run_monash_time_unique1000/visualizations/archive_latex.tex
146,0.861611877,0.773300000,\frac{\mathrm{L2Norm} - \mathrm{GradNorm} - \sqrt{\mathrm{plain}}}{\mathrm{Jacov}},L2-Norm Grad_Norm Sub plain Sqrt Sub Jacov Div <EOS>,(((L2-Norm - Grad_Norm) - sqrt(plain)) / Jacov),0.773300000,0.764200000,9,8,4,2035,run_monash_time_unique1000,4,4,Monash__elecdemand_dataset/seed_2035/run_monash_time_unique1000/visualizations/archive_latex.tex
147,0.860657476,0.773300000,\frac{\mathrm{L2Norm} - \sqrt{\mathrm{plain}} - \mathrm{GradNorm}}{\mathrm{Jacov}},L2-Norm plain Sqrt Sub Grad_Norm Sub Jacov Div <EOS>,(((L2-Norm - sqrt(plain)) - Grad_Norm) / Jacov),0.773300000,0.764200000,15,8,5,2278,run_monash_time_unique1000,4,1,Monash__elecdemand_dataset/seed_2278/run_monash_time_unique1000/visualizations/archive_latex.tex
148,0.859703075,0.773300000,\frac{\log\left(\left(\mathrm{ZiCo}\right)^2\right) - \mathrm{GradNorm} - \mathrm{L2Norm}}{\mathrm{Jacov}},ZiCo Square Log Grad_Norm L2-Norm Sub Sub Jacov Div <EOS>,((log(square(ZiCo)) - (Grad_Norm - L2-Norm)) / Jacov),0.773300000,0.765200000,139,9,5,2215,run_monash_time_unique1000,5,1,Monash__elecdemand_dataset/seed_2215/run_monash_time_unique1000/visualizations/archive_latex.tex
149,0.858748674,0.773300000,\frac{\mathrm{Jacov}}{\mathrm{GradNorm} - \mathrm{L2Norm} + \sqrt{\mathrm{plain}}},Jacov Grad_Norm L2-Norm Sub plain Sqrt Add Div <EOS>,(Jacov / ((Grad_Norm - L2-Norm) + sqrt(plain))),0.773300000,0.764200000,12,8,4,2218,run_monash_time_unique1000,5,1,Monash__elecdemand_dataset/seed_2218/run_monash_time_unique1000/visualizations/archive_latex.tex
150,0.857794274,0.773200000,\frac{\mathrm{L2Norm} - \mathrm{GradNorm} + \log\left(\mathrm{Snip}\right)}{\mathrm{Jacov}},L2-Norm Grad_Norm Snip Log Add Sub Jacov Div <EOS>,((L2-Norm - (Grad_Norm + log(Snip))) / Jacov),0.773200000,0.763500000,163,8,5,2158,run_monash_time_unique1000,2,1,Monash__elecdemand_dataset/seed_2158/run_monash_time_unique1000/visualizations/archive_latex.tex
151,0.856839873,0.773200000,\frac{\mathrm{L2Norm} - \mathrm{GradNorm} - \log\left(\mathrm{Snip}\right)}{\mathrm{Jacov}},L2-Norm Grad_Norm Sub Snip Log Sub Jacov Div <EOS>,(((L2-Norm - Grad_Norm) - log(Snip)) / Jacov),0.773200000,0.763500000,93,8,4,2200,run_monash_time_unique1000,2,1,Monash__elecdemand_dataset/seed_2200/run_monash_time_unique1000/visualizations/archive_latex.tex
152,0.855885472,0.773200000,\frac{\left(\mathrm{JacobFro} + \mathrm{L2Norm}\right)^2 + \mathrm{GraSP}}{\mathrm{Jacov}},Jacob_fro L2-Norm Add Square GraSP Add Jacov Div <EOS>,((square((Jacob_fro + L2-Norm)) + GraSP) / Jacov),0.773200000,0.767500000,116,8,5,2054,run_monash_time_unique1000,3,1,Monash__elecdemand_dataset/seed_2054/run_monash_time_unique1000/visualizations/archive_latex.tex
153,0.854931071,0.773200000,\frac{\mathrm{GraSP} + \left(\mathrm{JacobFro} + \mathrm{L2Norm}\right)^2}{\mathrm{Jacov}},GraSP Jacob_fro L2-Norm Add Square Add Jacov Div <EOS>,((GraSP + square((Jacob_fro + L2-Norm))) / Jacov),0.773200000,0.767500000,122,8,5,2112,run_monash_time_unique1000,3,1,Monash__elecdemand_dataset/seed_2112/run_monash_time_unique1000/visualizations/archive_latex.tex
154,0.853976670,0.773100000,\frac{\mathrm{L2Norm} - \sqrt{\log\left(\mathrm{JacobFro}\right)} + \mathrm{GradNorm}}{\mathrm{Jacov}},L2-Norm Jacob_fro Log Sqrt Grad_Norm Add Sub Jacov Div <EOS>,((L2-Norm - (sqrt(log(Jacob_fro)) + Grad_Norm)) / Jacov),0.773100000,0.765000000,10,9,6,2189,run_monash_time_unique1000,2,1,Monash__elecdemand_dataset/seed_2189/run_monash_time_unique1000/visualizations/archive_latex.tex
155,0.853022269,0.773100000,\frac{\mathrm{L2Norm} - \mathrm{GradNorm} + \sqrt{\log\left(\mathrm{JacobFro}\right)}}{\mathrm{Jacov}},L2-Norm Grad_Norm Jacob_fro Log Sqrt Add Sub Jacov Div <EOS>,((L2-Norm - (Grad_Norm + sqrt(log(Jacob_fro)))) / Jacov),0.773100000,0.765000000,18,9,6,2201,run_monash_time_unique1000,2,3,Monash__elecdemand_dataset/seed_2201/run_monash_time_unique1000/visualizations/archive_latex.tex
156,0.852067869,0.773100000,\frac{\mathrm{L2Norm} - \mathrm{GradNorm} - \sqrt{\log\left(\mathrm{JacobFro}\right)}}{\mathrm{Jacov}},L2-Norm Grad_Norm Sub Jacob_fro Log Sqrt Sub Jacov Div <EOS>,(((L2-Norm - Grad_Norm) - sqrt(log(Jacob_fro))) / Jacov),0.773100000,0.765000000,31,9,5,2250,run_monash_time_unique1000,3,1,Monash__elecdemand_dataset/seed_2250/run_monash_time_unique1000/visualizations/archive_latex.tex
157,0.851113468,0.773100000,\frac{\mathrm{L2Norm} - \mathrm{GradNorm} + \log\left(\sqrt{\mathrm{L2Norm}}\right)}{\mathrm{Jacov}},L2-Norm Grad_Norm L2-Norm Sqrt Log Add Sub Jacov Div <EOS>,((L2-Norm - (Grad_Norm + log(sqrt(L2-Norm)))) / Jacov),0.773100000,0.765400000,49,9,6,2281,run_monash_time_unique1000,3,1,Monash__elecdemand_dataset/seed_2281/run_monash_time_unique1000/visualizations/archive_latex.tex
158,0.850159067,0.773100000,\frac{\mathrm{L2Norm} - \log\left(\sqrt{\mathrm{L2Norm}}\right) + \mathrm{GradNorm}}{\mathrm{Jacov}},L2-Norm L2-Norm Sqrt Log Grad_Norm Add Sub Jacov Div <EOS>,((L2-Norm - (log(sqrt(L2-Norm)) + Grad_Norm)) / Jacov),0.773100000,0.765400000,13,9,6,2098,run_monash_time_unique1000,4,1,Monash__elecdemand_dataset/seed_2098/run_monash_time_unique1000/visualizations/archive_latex.tex
159,0.849204666,0.773100000,\frac{\mathrm{L2Norm} - \mathrm{GradNorm} - \log\left(\sqrt{\mathrm{L2Norm}}\right)}{\mathrm{Jacov}},L2-Norm Grad_Norm Sub L2-Norm Sqrt Log Sub Jacov Div <EOS>,(((L2-Norm - Grad_Norm) - log(sqrt(L2-Norm))) / Jacov),0.773100000,0.765400000,17,9,5,2318,run_monash_time_unique1000,4,1,Monash__elecdemand_dataset/seed_2318/run_monash_time_unique1000/visualizations/archive_latex.tex
160,0.848250265,0.773100000,\frac{\mathrm{L2Norm} - \log\left(\sqrt{\mathrm{L2Norm}}\right) - \mathrm{GradNorm}}{\mathrm{Jacov}},L2-Norm L2-Norm Sqrt Log Sub Grad_Norm Sub Jacov Div <EOS>,(((L2-Norm - log(sqrt(L2-Norm))) - Grad_Norm) / Jacov),0.773100000,0.765400000,12,9,6,2278,run_monash_time_unique1000,5,1,Monash__elecdemand_dataset/seed_2278/run_monash_time_unique1000/visualizations/archive_latex.tex
161,0.847295864,0.773100000,\frac{\mathrm{Jacov}}{\mathrm{GradNorm} - \mathrm{L2Norm} + \log\left(\sqrt{\mathrm{L2Norm}}\right)},Jacov Grad_Norm L2-Norm Sub L2-Norm Sqrt Log Add Div <EOS>,(Jacov / ((Grad_Norm - L2-Norm) + log(sqrt(L2-Norm)))),0.773100000,0.765400000,18,9,5,2218,run_monash_time_unique1000,6,1,Monash__elecdemand_dataset/seed_2218/run_monash_time_unique1000/visualizations/archive_latex.tex
162,0.846341463,0.773000000,\frac{\mathrm{GradNorm} - \mathrm{Jacov}}{\mathrm{L2Norm} - \mathrm{Jacov}},Grad_Norm Jacov Sub L2-Norm Jacov Sub Div <EOS>,((Grad_Norm - Jacov) / (L2-Norm - Jacov)),0.773000000,0.764500000,137,7,3,2059,run_monash_time_unique1000,1,4,Monash__elecdemand_dataset/seed_2059/run_monash_time_unique1000/visualizations/archive_latex.tex
163,0.845387063,0.773000000,\frac{\mathrm{GradNorm} - \mathrm{L2Norm}}{\mathrm{GradNorm} - \mathrm{Jacov}},Grad_Norm L2-Norm Sub Grad_Norm Jacov Sub Div <EOS>,((Grad_Norm - L2-Norm) / (Grad_Norm - Jacov)),0.773000000,0.764500000,78,7,3,2118,run_monash_time_unique1000,1,1,Monash__elecdemand_dataset/seed_2118/run_monash_time_unique1000/visualizations/archive_latex.tex
164,0.844432662,0.773000000,\left(\frac{\mathrm{L2Norm} - \mathrm{GradNorm}}{\mathrm{Jacov}}\right) \cdot \left(\mathrm{JacobFro}\right),L2-Norm Grad_Norm Sub Jacov Div Jacob_fro Mul <EOS>,(((L2-Norm - Grad_Norm) / Jacov) * Jacob_fro),0.773000000,0.786600000,165,7,4,2122,run_monash_time_unique1000,1,12,Monash__elecdemand_dataset/seed_2122/run_monash_time_unique1000/visualizations/archive_latex.tex
165,0.843478261,0.773000000,\frac{\mathrm{L2Norm} - \mathrm{GradNorm}}{\mathrm{Jacov} - \mathrm{L2Norm}},L2-Norm Grad_Norm Sub Jacov L2-Norm Sub Div <EOS>,((L2-Norm - Grad_Norm) / (Jacov - L2-Norm)),0.773000000,0.764500000,150,7,3,2145,run_monash_time_unique1000,1,10,Monash__elecdemand_dataset/seed_2145/run_monash_time_unique1000/visualizations/archive_latex.tex
166,0.842523860,0.773000000,\frac{\mathrm{L2Norm} - \mathrm{Jacov}}{\mathrm{L2Norm} - \mathrm{GradNorm}},L2-Norm Jacov Sub L2-Norm Grad_Norm Sub Div <EOS>,((L2-Norm - Jacov) / (L2-Norm - Grad_Norm)),0.773000000,0.764500000,137,7,3,2187,run_monash_time_unique1000,1,17,Monash__elecdemand_dataset/seed_2187/run_monash_time_unique1000/visualizations/archive_latex.tex
167,0.841569459,0.773000000,\frac{\frac{\mathrm{Jacov}}{\mathrm{GradNorm} - \mathrm{L2Norm}}}{\mathrm{JacobFro}},Jacov Grad_Norm L2-Norm Sub Div Jacob_fro Div <EOS>,((Jacov / (Grad_Norm - L2-Norm)) / Jacob_fro),0.773000000,0.786600000,172,7,4,2241,run_monash_time_unique1000,1,24,Monash__elecdemand_dataset/seed_2241/run_monash_time_unique1000/visualizations/archive_latex.tex
168,0.840615058,0.773000000,\frac{\mathrm{L2Norm} - \mathrm{Jacov}}{\mathrm{Jacov} + -\mathrm{GradNorm}},L2-Norm Jacov Sub Jacov Grad_Norm Negative Add Div <EOS>,((L2-Norm - Jacov) / (Jacov + -(Grad_Norm))),0.773000000,0.764500000,95,8,4,2252,run_monash_time_unique1000,1,2,Monash__elecdemand_dataset/seed_2252/run_monash_time_unique1000/visualizations/archive_latex.tex
169,0.839660657,0.773000000,\frac{\mathrm{JacobFro}}{\frac{\mathrm{Jacov}}{\sqrt{\left(\mathrm{L2Norm}\right)^2} - \mathrm{GradNorm}}},Jacob_fro Jacov L2-Norm Square Sqrt Grad_Norm Sub Div Div <EOS>,(Jacob_fro / (Jacov / (sqrt(square(L2-Norm)) - Grad_Norm))),0.773000000,0.786600000,72,9,6,2257,run_monash_time_unique1000,1,1,Monash__elecdemand_dataset/seed_2257/run_monash_time_unique1000/visualizations/archive_latex.tex
170,0.838706257,0.773000000,\frac{\mathrm{Jacov} - \mathrm{GradNorm}}{\mathrm{Jacov} - \mathrm{L2Norm}},Jacov Grad_Norm Sub Jacov L2-Norm Sub Div <EOS>,((Jacov - Grad_Norm) / (Jacov - L2-Norm)),0.773000000,0.764500000,181,7,3,2273,run_monash_time_unique1000,1,3,Monash__elecdemand_dataset/seed_2273/run_monash_time_unique1000/visualizations/archive_latex.tex
171,0.837751856,0.773000000,\frac{\mathrm{L2Norm} - \mathrm{GradNorm}}{\frac{\mathrm{Jacov}}{\mathrm{JacobFro}}},L2-Norm Grad_Norm Sub Jacov Jacob_fro Div Div <EOS>,((L2-Norm - Grad_Norm) / (Jacov / Jacob_fro)),0.773000000,0.786600000,107,7,3,2033,run_monash_time_unique1000,2,53,Monash__elecdemand_dataset/seed_2033/run_monash_time_unique1000/visualizations/archive_latex.tex
172,0.836797455,0.773000000,\left(\frac{\mathrm{JacobFro}}{\mathrm{Jacov}}\right) \cdot \left(\mathrm{L2Norm} - \mathrm{GradNorm}\right),Jacob_fro Jacov Div L2-Norm Grad_Norm Sub Mul <EOS>,((Jacob_fro / Jacov) * (L2-Norm - Grad_Norm)),0.773000000,0.786600000,24,7,3,2037,run_monash_time_unique1000,2,11,Monash__elecdemand_dataset/seed_2037/run_monash_time_unique1000/visualizations/archive_latex.tex
173,0.835843054,0.773000000,\frac{\left(\mathrm{L2Norm} - \mathrm{GradNorm}\right) \cdot \left(\mathrm{JacobFro}\right)}{\mathrm{Jacov}},L2-Norm Grad_Norm Sub Jacob_fro Mul Jacov Div <EOS>,(((L2-Norm - Grad_Norm) * Jacob_fro) / Jacov),0.773000000,0.786600000,139,7,4,2045,run_monash_time_unique1000,2,35,Monash__elecdemand_dataset/seed_2045/run_monash_time_unique1000/visualizations/archive_latex.tex
174,0.834888653,0.773000000,\left(\frac{-\mathrm{GradNorm} - \mathrm{L2Norm}}{\mathrm{Jacov}}\right) \cdot \left(\mathrm{JacobFro}\right),Grad_Norm L2-Norm Sub Negative Jacov Div Jacob_fro Mul <EOS>,((-((Grad_Norm - L2-Norm)) / Jacov) * Jacob_fro),0.773000000,0.786600000,151,8,5,2062,run_monash_time_unique1000,2,1,Monash__elecdemand_dataset/seed_2062/run_monash_time_unique1000/visualizations/archive_latex.tex
175,0.833934252,0.773000000,\frac{-\left(\mathrm{JacobFro}\right) \cdot \left(\mathrm{GradNorm} - \mathrm{L2Norm}\right)}{\mathrm{Jacov}},Jacob_fro Grad_Norm L2-Norm Sub Mul Negative Jacov Div <EOS>,(-((Jacob_fro * (Grad_Norm - L2-Norm))) / Jacov),0.773000000,0.786600000,87,8,5,2090,run_monash_time_unique1000,2,1,Monash__elecdemand_dataset/seed_2090/run_monash_time_unique1000/visualizations/archive_latex.tex
176,0.832979852,0.773000000,\left(\mathrm{L2Norm} - \mathrm{GradNorm}\right) \cdot \left(\frac{\mathrm{JacobFro}}{\mathrm{Jacov}}\right),L2-Norm Grad_Norm Sub Jacob_fro Jacov Div Mul <EOS>,((L2-Norm - Grad_Norm) * (Jacob_fro / Jacov)),0.773000000,0.786600000,34,7,3,2091,run_monash_time_unique1000,2,17,Monash__elecdemand_dataset/seed_2091/run_monash_time_unique1000/visualizations/archive_latex.tex
177,0.832025451,0.773000000,\frac{-\mathrm{Jacov}}{\left(\mathrm{L2Norm} - \mathrm{GradNorm}\right) \cdot \left(\mathrm{JacobFro}\right)},Jacov Negative L2-Norm Grad_Norm Sub Jacob_fro Mul Div <EOS>,(-(Jacov) / ((L2-Norm - Grad_Norm) * Jacob_fro)),0.773000000,0.786600000,45,8,4,2151,run_monash_time_unique1000,2,2,Monash__elecdemand_dataset/seed_2151/run_monash_time_unique1000/visualizations/archive_latex.tex
178,0.831071050,0.773000000,\frac{\mathrm{L2Norm} - \mathrm{GradNorm}}{\mathrm{Jacov} - \mathrm{GradNorm}},L2-Norm Grad_Norm Sub Jacov Grad_Norm Sub Div <EOS>,((L2-Norm - Grad_Norm) / (Jacov - Grad_Norm)),0.773000000,0.764500000,145,7,3,2160,run_monash_time_unique1000,2,8,Monash__elecdemand_dataset/seed_2160/run_monash_time_unique1000/visualizations/archive_latex.tex
179,0.830116649,0.773000000,\left(\mathrm{JacobFro}\right) \cdot \left(\frac{\mathrm{L2Norm} - \mathrm{GradNorm}}{\mathrm{Jacov}}\right),Jacob_fro L2-Norm Grad_Norm Sub Jacov Div Mul <EOS>,(Jacob_fro * ((L2-Norm - Grad_Norm) / Jacov)),0.773000000,0.786600000,106,7,4,2182,run_monash_time_unique1000,2,7,Monash__elecdemand_dataset/seed_2182/run_monash_time_unique1000/visualizations/archive_latex.tex
180,0.829162248,0.773000000,\frac{\mathrm{L2Norm} + -\mathrm{Jacov}}{\mathrm{Jacov} - \mathrm{GradNorm}},L2-Norm Jacov Negative Add Jacov Grad_Norm Sub Div <EOS>,((L2-Norm + -(Jacov)) / (Jacov - Grad_Norm)),0.773000000,0.764500000,14,8,4,2231,run_monash_time_unique1000,2,2,Monash__elecdemand_dataset/seed_2231/run_monash_time_unique1000/visualizations/archive_latex.tex
181,0.828207847,0.773000000,\frac{\left(-\mathrm{GradNorm} + \mathrm{L2Norm}\right) \cdot \left(\mathrm{JacobFro}\right)}{\mathrm{Jacov}},Grad_Norm Negative L2-Norm Add Jacob_fro Mul Jacov Div <EOS>,(((-(Grad_Norm) + L2-Norm) * Jacob_fro) / Jacov),0.773000000,0.786600000,173,8,5,2261,run_monash_time_unique1000,2,2,Monash__elecdemand_dataset/seed_2261/run_monash_time_unique1000/visualizations/archive_latex.tex
182,0.827253446,0.773000000,\frac{\mathrm{JacobFro}}{\frac{\mathrm{Jacov}}{\mathrm{L2Norm} - \mathrm{GradNorm}}},Jacob_fro Jacov L2-Norm Grad_Norm Sub Div Div <EOS>,(Jacob_fro / (Jacov / (L2-Norm - Grad_Norm))),0.773000000,0.786600000,157,7,4,2271,run_monash_time_unique1000,2,5,Monash__elecdemand_dataset/seed_2271/run_monash_time_unique1000/visualizations/archive_latex.tex
183,0.826299046,0.773000000,\frac{\mathrm{GradNorm} - \mathrm{L2Norm}}{\frac{\mathrm{Jacov}}{-\mathrm{JacobFro}}},Grad_Norm L2-Norm Sub Jacov Jacob_fro Negative Div Div <EOS>,((Grad_Norm - L2-Norm) / (Jacov / -(Jacob_fro))),0.773000000,0.786600000,124,8,4,2299,run_monash_time_unique1000,2,1,Monash__elecdemand_dataset/seed_2299/run_monash_time_unique1000/visualizations/archive_latex.tex
184,0.825344645,0.773000000,\frac{-\mathrm{GradNorm} + \mathrm{L2Norm}}{\frac{\mathrm{Jacov}}{\mathrm{JacobFro}}},Grad_Norm Negative L2-Norm Add Jacov Jacob_fro Div Div <EOS>,((-(Grad_Norm) + L2-Norm) / (Jacov / Jacob_fro)),0.773000000,0.786600000,23,8,4,2301,run_monash_time_unique1000,2,2,Monash__elecdemand_dataset/seed_2301/run_monash_time_unique1000/visualizations/archive_latex.tex
185,0.824390244,0.773000000,\frac{\left(\mathrm{JacobFro}\right) \cdot \left(\mathrm{L2Norm} - \mathrm{GradNorm}\right)}{\mathrm{Jacov}},Jacob_fro L2-Norm Grad_Norm Sub Mul Jacov Div <EOS>,((Jacob_fro * (L2-Norm - Grad_Norm)) / Jacov),0.773000000,0.786600000,132,7,4,2049,run_monash_time_unique1000,3,44,Monash__elecdemand_dataset/seed_2049/run_monash_time_unique1000/visualizations/archive_latex.tex
186,0.823435843,0.773000000,\frac{\mathrm{GradNorm} - \mathrm{L2Norm}}{\mathrm{L2Norm} - \mathrm{Jacov}},Grad_Norm L2-Norm Sub L2-Norm Jacov Sub Div <EOS>,((Grad_Norm - L2-Norm) / (L2-Norm - Jacov)),0.773000000,0.764500000,80,7,3,2060,run_monash_time_unique1000,3,2,Monash__elecdemand_dataset/seed_2060/run_monash_time_unique1000/visualizations/archive_latex.tex
187,0.822481442,0.773000000,\frac{\left(\mathrm{GradNorm} - \mathrm{L2Norm}\right) \cdot \left(-\mathrm{JacobFro}\right)}{\mathrm{Jacov}},Grad_Norm L2-Norm Sub Jacob_fro Negative Mul Jacov Div <EOS>,(((Grad_Norm - L2-Norm) * -(Jacob_fro)) / Jacov),0.773000000,0.786600000,57,8,4,2066,run_monash_time_unique1000,3,3,Monash__elecdemand_dataset/seed_2066/run_monash_time_unique1000/visualizations/archive_latex.tex
188,0.821527041,0.773000000,\frac{\left(\mathrm{JacobFro}\right) \cdot \left(\mathrm{GradNorm} - \mathrm{L2Norm}\right)}{-\mathrm{Jacov}},Jacob_fro Grad_Norm L2-Norm Sub Mul Jacov Negative Div <EOS>,((Jacob_fro * (Grad_Norm - L2-Norm)) / -(Jacov)),0.773000000,0.786600000,174,8,4,2072,run_monash_time_unique1000,3,1,Monash__elecdemand_dataset/seed_2072/run_monash_time_unique1000/visualizations/archive_latex.tex
189,0.820572641,0.773000000,\frac{-\mathrm{Jacov} + \mathrm{L2Norm}}{\mathrm{Jacov} - \mathrm{GradNorm}},Jacov Negative L2-Norm Add Jacov Grad_Norm Sub Div <EOS>,((-(Jacov) + L2-Norm) / (Jacov - Grad_Norm)),0.773000000,0.764500000,182,8,4,2095,run_monash_time_unique1000,3,1,Monash__elecdemand_dataset/seed_2095/run_monash_time_unique1000/visualizations/archive_latex.tex
190,0.819618240,0.773000000,\frac{\mathrm{GradNorm} - \mathrm{Jacov}}{\mathrm{L2Norm} - \mathrm{GradNorm}},Grad_Norm Jacov Sub L2-Norm Grad_Norm Sub Div <EOS>,((Grad_Norm - Jacov) / (L2-Norm - Grad_Norm)),0.773000000,0.764500000,152,7,3,2182,run_monash_time_unique1000,3,6,Monash__elecdemand_dataset/seed_2182/run_monash_time_unique1000/visualizations/archive_latex.tex
191,0.818663839,0.773000000,\frac{\left(-\mathrm{JacobFro}\right) \cdot \left(\mathrm{GradNorm} - \mathrm{L2Norm}\right)}{\mathrm{Jacov}},Jacob_fro Negative Grad_Norm L2-Norm Sub Mul Jacov Div <EOS>,((-(Jacob_fro) * (Grad_Norm - L2-Norm)) / Jacov),0.773000000,0.786600000,36,8,4,2192,run_monash_time_unique1000,3,1,Monash__elecdemand_dataset/seed_2192/run_monash_time_unique1000/visualizations/archive_latex.tex
192,0.817709438,0.773000000,\frac{\mathrm{Jacov}}{\left(\mathrm{JacobFro}\right) \cdot \left(\mathrm{GradNorm} - \mathrm{L2Norm}\right)},Jacov Jacob_fro Grad_Norm L2-Norm Sub Mul Div <EOS>,(Jacov / (Jacob_fro * (Grad_Norm - L2-Norm))),0.773000000,0.786600000,16,7,4,2213,run_monash_time_unique1000,3,2,Monash__elecdemand_dataset/seed_2213/run_monash_time_unique1000/visualizations/archive_latex.tex
193,0.816755037,0.773000000,\frac{\mathrm{Jacov}}{\left(\mathrm{GradNorm} - \mathrm{L2Norm}\right) \cdot \left(\mathrm{JacobFro}\right)},Jacov Grad_Norm L2-Norm Sub Jacob_fro Mul Div <EOS>,(Jacov / ((Grad_Norm - L2-Norm) * Jacob_fro)),0.773000000,0.786600000,44,7,4,2268,run_monash_time_unique1000,3,3,Monash__elecdemand_dataset/seed_2268/run_monash_time_unique1000/visualizations/archive_latex.tex
194,0.815800636,0.773000000,\frac{\mathrm{L2Norm} - \mathrm{Jacov}}{-\mathrm{GradNorm} + \mathrm{L2Norm}},L2-Norm Jacov Sub Grad_Norm Negative L2-Norm Add Div <EOS>,((L2-Norm - Jacov) / (-(Grad_Norm) + L2-Norm)),0.773000000,0.764500000,67,8,4,2271,run_monash_time_unique1000,3,1,Monash__elecdemand_dataset/seed_2271/run_monash_time_unique1000/visualizations/archive_latex.tex
195,0.814846235,0.773000000,\frac{-\mathrm{Jacov}}{\left(\mathrm{JacobFro}\right) \cdot \left(\mathrm{L2Norm} - \mathrm{GradNorm}\right)},Jacov Negative Jacob_fro L2-Norm Grad_Norm Sub Mul Div <EOS>,(-(Jacov) / (Jacob_fro * (L2-Norm - Grad_Norm))),0.773000000,0.786600000,65,8,4,2284,run_monash_time_unique1000,3,1,Monash__elecdemand_dataset/seed_2284/run_monash_time_unique1000/visualizations/archive_latex.tex
196,0.813891835,0.773000000,\frac{\mathrm{Jacov} - \mathrm{GradNorm}}{\mathrm{GradNorm} - \mathrm{L2Norm}},Jacov Grad_Norm Sub Grad_Norm L2-Norm Sub Div <EOS>,((Jacov - Grad_Norm) / (Grad_Norm - L2-Norm)),0.773000000,0.764500000,66,7,3,2042,run_monash_time_unique1000,4,3,Monash__elecdemand_dataset/seed_2042/run_monash_time_unique1000/visualizations/archive_latex.tex
197,0.812937434,0.773000000,\frac{\mathrm{JacobFro}}{\frac{-\mathrm{Jacov}}{\mathrm{GradNorm} - \mathrm{L2Norm}}},Jacob_fro Jacov Negative Grad_Norm L2-Norm Sub Div Div <EOS>,(Jacob_fro / (-(Jacov) / (Grad_Norm - L2-Norm))),0.773000000,0.786600000,135,8,4,2092,run_monash_time_unique1000,4,1,Monash__elecdemand_dataset/seed_2092/run_monash_time_unique1000/visualizations/archive_latex.tex
198,0.811983033,0.773000000,\frac{-\mathrm{GradNorm} + \mathrm{L2Norm}}{\mathrm{Jacov} - \mathrm{L2Norm}},Grad_Norm Negative L2-Norm Add Jacov L2-Norm Sub Div <EOS>,((-(Grad_Norm) + L2-Norm) / (Jacov - L2-Norm)),0.773000000,0.764500000,9,8,4,2125,run_monash_time_unique1000,4,1,Monash__elecdemand_dataset/seed_2125/run_monash_time_unique1000/visualizations/archive_latex.tex
199,0.811028632,0.773000000,\frac{\mathrm{L2Norm} - \mathrm{Jacov}}{\mathrm{Jacov} - \mathrm{GradNorm}},L2-Norm Jacov Sub Jacov Grad_Norm Sub Div <EOS>,((L2-Norm - Jacov) / (Jacov - Grad_Norm)),0.773000000,0.764500000,36,7,3,2130,run_monash_time_unique1000,4,3,Monash__elecdemand_dataset/seed_2130/run_monash_time_unique1000/visualizations/archive_latex.tex
200,0.810074231,0.773000000,\frac{\frac{\mathrm{Jacov}}{\mathrm{JacobFro}}}{\mathrm{GradNorm} - \mathrm{L2Norm}},Jacov Jacob_fro Div Grad_Norm L2-Norm Sub Div <EOS>,((Jacov / Jacob_fro) / (Grad_Norm - L2-Norm)),0.773000000,0.786600000,125,7,3,2163,run_monash_time_unique1000,4,3,Monash__elecdemand_dataset/seed_2163/run_monash_time_unique1000/visualizations/archive_latex.tex
201,0.809119830,0.773000000,\frac{\mathrm{GradNorm} - \mathrm{Jacov}}{\mathrm{L2Norm} + -\mathrm{Jacov}},Grad_Norm Jacov Sub L2-Norm Jacov Negative Add Div <EOS>,((Grad_Norm - Jacov) / (L2-Norm + -(Jacov))),0.773000000,0.764500000,144,8,4,2192,run_monash_time_unique1000,4,1,Monash__elecdemand_dataset/seed_2192/run_monash_time_unique1000/visualizations/archive_latex.tex
202,0.808165429,0.773000000,\frac{\mathrm{GradNorm} - \mathrm{L2Norm}}{-\mathrm{Jacov} + \mathrm{L2Norm}},Grad_Norm L2-Norm Sub Jacov Negative L2-Norm Add Div <EOS>,((Grad_Norm - L2-Norm) / (-(Jacov) + L2-Norm)),0.773000000,0.764500000,164,8,4,2268,run_monash_time_unique1000,4,1,Monash__elecdemand_dataset/seed_2268/run_monash_time_unique1000/visualizations/archive_latex.tex
203,0.807211029,0.773000000,\frac{-\left(-\mathrm{L2Norm} + \mathrm{GradNorm}\right) \cdot \left(\mathrm{JacobFro}\right)}{\mathrm{Jacov}},L2-Norm Negative Grad_Norm Add Jacob_fro Mul Negative Jacov Div <EOS>,(-(((-(L2-Norm) + Grad_Norm) * Jacob_fro)) / Jacov),0.773000000,0.786600000,99,9,6,2300,run_monash_time_unique1000,4,1,Monash__elecdemand_dataset/seed_2300/run_monash_time_unique1000/visualizations/archive_latex.tex
204,0.806256628,0.773000000,\sqrt{\frac{\mathrm{Jacov}}{\left(\mathrm{JacobFro}\right) \cdot \left(\mathrm{L2Norm} - \mathrm{GradNorm}\right)}},Jacov Jacob_fro L2-Norm Grad_Norm Sub Mul Div Sqrt <EOS>,sqrt((Jacov / (Jacob_fro * (L2-Norm - Grad_Norm)))),0.773000000,0.786600000,160,8,5,2319,run_monash_time_unique1000,4,1,Monash__elecdemand_dataset/seed_2319/run_monash_time_unique1000/visualizations/archive_latex.tex
205,0.805302227,0.773000000,\frac{-\mathrm{GradNorm} - \mathrm{L2Norm}}{\mathrm{Jacov} - \mathrm{L2Norm}},Grad_Norm L2-Norm Sub Negative Jacov L2-Norm Sub Div <EOS>,(-((Grad_Norm - L2-Norm)) / (Jacov - L2-Norm)),0.773000000,0.764500000,97,8,4,2323,run_monash_time_unique1000,4,2,Monash__elecdemand_dataset/seed_2323/run_monash_time_unique1000/visualizations/archive_latex.tex
206,0.804347826,0.773000000,\frac{-\frac{\mathrm{Jacov}}{\mathrm{JacobFro}}}{\mathrm{L2Norm} - \mathrm{GradNorm}},Jacov Jacob_fro Div Negative L2-Norm Grad_Norm Sub Div <EOS>,(-((Jacov / Jacob_fro)) / (L2-Norm - Grad_Norm)),0.773000000,0.786600000,86,8,4,2146,run_monash_time_unique1000,5,1,Monash__elecdemand_dataset/seed_2146/run_monash_time_unique1000/visualizations/archive_latex.tex
207,0.803393425,0.773000000,\frac{\mathrm{L2Norm} + \sqrt{\left(\mathrm{Jacov}\right)^2}}{\mathrm{Jacov} - \mathrm{GradNorm}},L2-Norm Jacov Square Sqrt Add Jacov Grad_Norm Sub Div <EOS>,((L2-Norm + sqrt(square(Jacov))) / (Jacov - Grad_Norm)),0.773000000,0.764500000,7,9,5,2202,run_monash_time_unique1000,5,1,Monash__elecdemand_dataset/seed_2202/run_monash_time_unique1000/visualizations/archive_latex.tex
208,0.802439024,0.773000000,\frac{\mathrm{L2Norm} - \log\left(\sqrt{\mathrm{JacobFro}}\right) - \mathrm{GradNorm}}{\mathrm{Jacov}},L2-Norm Jacob_fro Sqrt Log Sub Grad_Norm Sub Jacov Div <EOS>,(((L2-Norm - log(sqrt(Jacob_fro))) - Grad_Norm) / Jacov),0.773000000,0.764200000,27,9,6,2080,run_monash_time_unique1000,6,1,Monash__elecdemand_dataset/seed_2080/run_monash_time_unique1000/visualizations/archive_latex.tex
209,0.801484624,0.773000000,\frac{\mathrm{L2Norm} - \mathrm{Jacov}}{-\mathrm{GradNorm} + \mathrm{Jacov}},L2-Norm Jacov Sub Grad_Norm Negative Jacov Add Div <EOS>,((L2-Norm - Jacov) / (-(Grad_Norm) + Jacov)),0.773000000,0.764500000,164,8,4,2210,run_monash_time_unique1000,6,1,Monash__elecdemand_dataset/seed_2210/run_monash_time_unique1000/visualizations/archive_latex.tex
210,0.800530223,0.773000000,\left(\frac{-\mathrm{GradNorm} + \mathrm{L2Norm}}{\mathrm{Jacov}}\right) \cdot \left(\mathrm{JacobFro}\right),Grad_Norm Negative L2-Norm Add Jacov Div Jacob_fro Mul <EOS>,(((-(Grad_Norm) + L2-Norm) / Jacov) * Jacob_fro),0.773000000,0.786600000,167,8,5,2219,run_monash_time_unique1000,9,1,Monash__elecdemand_dataset/seed_2219/run_monash_time_unique1000/visualizations/archive_latex.tex
211,0.799575822,0.772900000,\frac{\mathrm{L2Norm} - \mathrm{GFLOPs} - \mathrm{GradNorm}}{\mathrm{Jacov}},L2-Norm GFLOPs Sub Grad_Norm Sub Jacov Div <EOS>,(((L2-Norm - GFLOPs) - Grad_Norm) / Jacov),0.772900000,0.763300000,21,7,4,2222,run_monash_time_unique1000,1,7,Monash__elecdemand_dataset/seed_2222/run_monash_time_unique1000/visualizations/archive_latex.tex
212,0.798621421,0.772900000,\frac{\mathrm{L2Norm} - \mathrm{GFLOPs} + \mathrm{GradNorm}}{\mathrm{Jacov}},L2-Norm GFLOPs Grad_Norm Add Sub Jacov Div <EOS>,((L2-Norm - (GFLOPs + Grad_Norm)) / Jacov),0.772900000,0.763300000,146,7,4,2256,run_monash_time_unique1000,1,18,Monash__elecdemand_dataset/seed_2256/run_monash_time_unique1000/visualizations/archive_latex.tex
213,0.797667020,0.772900000,\frac{\mathrm{L2Norm} - \mathrm{GradNorm} - \mathrm{GFLOPs}}{\mathrm{Jacov}},L2-Norm Grad_Norm Sub GFLOPs Sub Jacov Div <EOS>,(((L2-Norm - Grad_Norm) - GFLOPs) / Jacov),0.772900000,0.763300000,96,7,4,2053,run_monash_time_unique1000,2,34,Monash__elecdemand_dataset/seed_2053/run_monash_time_unique1000/visualizations/archive_latex.tex
214,0.796712619,0.772900000,\frac{\mathrm{L2Norm} - \mathrm{GradNorm} - -\mathrm{GFLOPs}}{\mathrm{Jacov}},L2-Norm Grad_Norm GFLOPs Negative Sub Sub Jacov Div <EOS>,((L2-Norm - (Grad_Norm - -(GFLOPs))) / Jacov),0.772900000,0.763300000,5,8,5,2140,run_monash_time_unique1000,2,2,Monash__elecdemand_dataset/seed_2140/run_monash_time_unique1000/visualizations/archive_latex.tex
215,0.795758218,0.772900000,\frac{-\mathrm{GFLOPs} + \mathrm{L2Norm} - \mathrm{GradNorm}}{\mathrm{Jacov}},GFLOPs Negative L2-Norm Add Grad_Norm Sub Jacov Div <EOS>,(((-(GFLOPs) + L2-Norm) - Grad_Norm) / Jacov),0.772900000,0.763300000,21,8,5,2187,run_monash_time_unique1000,2,2,Monash__elecdemand_dataset/seed_2187/run_monash_time_unique1000/visualizations/archive_latex.tex
216,0.794803818,0.772900000,\frac{-\mathrm{GradNorm} + \mathrm{L2Norm} - \mathrm{GFLOPs}}{\mathrm{Jacov}},Grad_Norm Negative L2-Norm GFLOPs Sub Add Jacov Div <EOS>,((-(Grad_Norm) + (L2-Norm - GFLOPs)) / Jacov),0.772900000,0.763300000,14,8,4,2235,run_monash_time_unique1000,2,2,Monash__elecdemand_dataset/seed_2235/run_monash_time_unique1000/visualizations/archive_latex.tex
217,0.793849417,0.772900000,\left(\frac{\mathrm{L2Norm} - \mathrm{GradNorm}}{\mathrm{Jacov}}\right) \cdot \left(\log\left(\mathrm{JacobFro}\right)\right),L2-Norm Grad_Norm Sub Jacov Div Jacob_fro Log Mul <EOS>,(((L2-Norm - Grad_Norm) / Jacov) * log(Jacob_fro)),0.772900000,0.773200000,26,8,4,2037,run_monash_time_unique1000,3,9,Monash__elecdemand_dataset/seed_2037/run_monash_time_unique1000/visualizations/archive_latex.tex
218,0.792895016,0.772900000,\frac{\log\left(\frac{\mathrm{Jacov}}{\mathrm{GradNorm} - \mathrm{L2Norm}}\right)}{\sqrt{\mathrm{JacobFro}}},Jacov Grad_Norm L2-Norm Sub Div Log Jacob_fro Sqrt Div <EOS>,(log((Jacov / (Grad_Norm - L2-Norm))) / sqrt(Jacob_fro)),0.772900000,0.798300000,65,9,5,2089,run_monash_time_unique1000,3,12,Monash__elecdemand_dataset/seed_2089/run_monash_time_unique1000/visualizations/archive_latex.tex
219,0.791940615,0.772900000,\frac{\mathrm{Jacov}}{\mathrm{GFLOPs} - \mathrm{L2Norm} - \mathrm{GradNorm}},Jacov GFLOPs L2-Norm Grad_Norm Sub Sub Div <EOS>,(Jacov / (GFLOPs - (L2-Norm - Grad_Norm))),0.772900000,0.763300000,156,7,4,2090,run_monash_time_unique1000,3,3,Monash__elecdemand_dataset/seed_2090/run_monash_time_unique1000/visualizations/archive_latex.tex
220,0.790986214,0.772900000,\frac{\log\left(\frac{\mathrm{Jacov}}{\mathrm{L2Norm} - \mathrm{GradNorm}}\right)}{\sqrt{\mathrm{JacobFro}}},Jacov L2-Norm Grad_Norm Sub Div Log Jacob_fro Sqrt Div <EOS>,(log((Jacov / (L2-Norm - Grad_Norm))) / sqrt(Jacob_fro)),0.772900000,0.798300000,100,9,5,2119,run_monash_time_unique1000,3,12,Monash__elecdemand_dataset/seed_2119/run_monash_time_unique1000/visualizations/archive_latex.tex
221,0.790031813,0.772900000,\frac{-\mathrm{Jacov}}{\left(\mathrm{L2Norm} - \mathrm{GradNorm}\right) \cdot \left(\log\left(\mathrm{JacobFro}\right)\right)},Jacov Negative L2-Norm Grad_Norm Sub Jacob_fro Log Mul Div <EOS>,(-(Jacov) / ((L2-Norm - Grad_Norm) * log(Jacob_fro))),0.772900000,0.773200000,56,9,4,2151,run_monash_time_unique1000,3,2,Monash__elecdemand_dataset/seed_2151/run_monash_time_unique1000/visualizations/archive_latex.tex
222,0.789077413,0.772900000,\frac{\mathrm{GradNorm} - -\mathrm{GFLOPs} - \mathrm{L2Norm}}{-\mathrm{Jacov}},Grad_Norm GFLOPs L2-Norm Sub Negative Sub Jacov Negative Div <EOS>,((Grad_Norm - -((GFLOPs - L2-Norm))) / -(Jacov)),0.772900000,0.763300000,143,9,5,2166,run_monash_time_unique1000,3,1,Monash__elecdemand_dataset/seed_2166/run_monash_time_unique1000/visualizations/archive_latex.tex
223,0.788123012,0.772900000,\frac{\left(\log\left(\mathrm{JacobFro}\right)\right) \cdot \left(\mathrm{L2Norm} - \mathrm{GradNorm}\right)}{\mathrm{Jacov}},Jacob_fro Log L2-Norm Grad_Norm Sub Mul Jacov Div <EOS>,((log(Jacob_fro) * (L2-Norm - Grad_Norm)) / Jacov),0.772900000,0.773200000,173,8,4,2200,run_monash_time_unique1000,3,44,Monash__elecdemand_dataset/seed_2200/run_monash_time_unique1000/visualizations/archive_latex.tex
224,0.787168611,0.772900000,\frac{\mathrm{L2Norm} - \mathrm{GradNorm} + \mathrm{GFLOPs}}{\mathrm{Jacov}},L2-Norm Grad_Norm GFLOPs Add Sub Jacov Div <EOS>,((L2-Norm - (Grad_Norm + GFLOPs)) / Jacov),0.772900000,0.763300000,12,7,4,2201,run_monash_time_unique1000,3,23,Monash__elecdemand_dataset/seed_2201/run_monash_time_unique1000/visualizations/archive_latex.tex
225,0.786214210,0.772900000,\frac{\frac{\mathrm{Jacov}}{\mathrm{GradNorm} - \mathrm{L2Norm}}}{\log\left(\mathrm{JacobFro}\right)},Jacov Grad_Norm L2-Norm Sub Div Jacob_fro Log Div <EOS>,((Jacov / (Grad_Norm - L2-Norm)) / log(Jacob_fro)),0.772900000,0.773200000,113,8,4,2233,run_monash_time_unique1000,3,9,Monash__elecdemand_dataset/seed_2233/run_monash_time_unique1000/visualizations/archive_latex.tex
226,0.785259809,0.772900000,\frac{-\mathrm{GFLOPs} + \mathrm{L2Norm} - \mathrm{GradNorm}}{\mathrm{Jacov}},GFLOPs Negative L2-Norm Grad_Norm Sub Add Jacov Div <EOS>,((-(GFLOPs) + (L2-Norm - Grad_Norm)) / Jacov),0.772900000,0.763300000,13,8,4,2299,run_monash_time_unique1000,3,2,Monash__elecdemand_dataset/seed_2299/run_monash_time_unique1000/visualizations/archive_latex.tex
227,0.784305408,0.772900000,\frac{-\mathrm{GradNorm} + \mathrm{L2Norm}}{\frac{\mathrm{Jacov}}{\log\left(\mathrm{JacobFro}\right)}},Grad_Norm Negative L2-Norm Add Jacov Jacob_fro Log Div Div <EOS>,((-(Grad_Norm) + L2-Norm) / (Jacov / log(Jacob_fro))),0.772900000,0.773200000,25,9,4,2301,run_monash_time_unique1000,3,2,Monash__elecdemand_dataset/seed_2301/run_monash_time_unique1000/visualizations/archive_latex.tex
228,0.783351007,0.772900000,\frac{\left(\mathrm{L2Norm} - \mathrm{GradNorm}\right) \cdot \left(\log\left(\mathrm{JacobFro}\right)\right)}{\mathrm{Jacov}},L2-Norm Grad_Norm Sub Jacob_fro Log Mul Jacov Div <EOS>,(((L2-Norm - Grad_Norm) * log(Jacob_fro)) / Jacov),0.772900000,0.773200000,110,8,4,2043,run_monash_time_unique1000,4,35,Monash__elecdemand_dataset/seed_2043/run_monash_time_unique1000/visualizations/archive_latex.tex
229,0.782396607,0.772900000,\frac{\mathrm{Jacov}}{\mathrm{GFLOPs} + \mathrm{GradNorm} - \mathrm{L2Norm}},Jacov GFLOPs Grad_Norm Add L2-Norm Sub Div <EOS>,(Jacov / ((GFLOPs + Grad_Norm) - L2-Norm)),0.772900000,0.763300000,153,7,4,2052,run_monash_time_unique1000,4,4,Monash__elecdemand_dataset/seed_2052/run_monash_time_unique1000/visualizations/archive_latex.tex
230,0.781442206,0.772900000,\frac{-\mathrm{GFLOPs} + \mathrm{GradNorm} + \mathrm{L2Norm}}{\mathrm{Jacov}},GFLOPs Grad_Norm Add Negative L2-Norm Add Jacov Div <EOS>,((-((GFLOPs + Grad_Norm)) + L2-Norm) / Jacov),0.772900000,0.763300000,54,8,5,2078,run_monash_time_unique1000,4,1,Monash__elecdemand_dataset/seed_2078/run_monash_time_unique1000/visualizations/archive_latex.tex
231,0.780487805,0.772900000,\left(\log\left(\mathrm{JacobFro}\right)\right) \cdot \left(\frac{\mathrm{L2Norm} - \mathrm{GradNorm}}{\mathrm{Jacov}}\right),Jacob_fro Log L2-Norm Grad_Norm Sub Jacov Div Mul <EOS>,(log(Jacob_fro) * ((L2-Norm - Grad_Norm) / Jacov)),0.772900000,0.773200000,14,8,4,2091,run_monash_time_unique1000,4,9,Monash__elecdemand_dataset/seed_2091/run_monash_time_unique1000/visualizations/archive_latex.tex
232,0.779533404,0.772900000,\left(\mathrm{L2Norm} - \mathrm{GradNorm}\right) \cdot \left(\frac{\log\left(\mathrm{JacobFro}\right)}{\mathrm{Jacov}}\right),L2-Norm Grad_Norm Sub Jacob_fro Log Jacov Div Mul <EOS>,((L2-Norm - Grad_Norm) * (log(Jacob_fro) / Jacov)),0.772900000,0.773200000,76,8,4,2126,run_monash_time_unique1000,4,4,Monash__elecdemand_dataset/seed_2126/run_monash_time_unique1000/visualizations/archive_latex.tex
233,0.778579003,0.772900000,\frac{\mathrm{L2Norm} - \mathrm{GradNorm}}{\frac{\mathrm{Jacov}}{\log\left(\mathrm{JacobFro}\right)}},L2-Norm Grad_Norm Sub Jacov Jacob_fro Log Div Div <EOS>,((L2-Norm - Grad_Norm) / (Jacov / log(Jacob_fro))),0.772900000,0.773200000,176,8,4,2166,run_monash_time_unique1000,4,13,Monash__elecdemand_dataset/seed_2166/run_monash_time_unique1000/visualizations/archive_latex.tex
234,0.777624602,0.772900000,\frac{\mathrm{L2Norm} - \mathrm{GradNorm} + -\mathrm{GFLOPs}}{\mathrm{Jacov}},L2-Norm Grad_Norm Sub GFLOPs Negative Add Jacov Div <EOS>,(((L2-Norm - Grad_Norm) + -(GFLOPs)) / Jacov),0.772900000,0.763300000,166,8,4,2184,run_monash_time_unique1000,4,2,Monash__elecdemand_dataset/seed_2184/run_monash_time_unique1000/visualizations/archive_latex.tex
235,0.776670201,0.772900000,\frac{-\mathrm{GFLOPs} - \mathrm{GradNorm} - \mathrm{L2Norm}}{\mathrm{Jacov}},GFLOPs Negative Grad_Norm L2-Norm Sub Sub Jacov Div <EOS>,((-(GFLOPs) - (Grad_Norm - L2-Norm)) / Jacov),0.772900000,0.763300000,103,8,4,2213,run_monash_time_unique1000,4,1,Monash__elecdemand_dataset/seed_2213/run_monash_time_unique1000/visualizations/archive_latex.tex
236,0.775715801,0.772900000,\frac{-\mathrm{GradNorm} - \mathrm{L2Norm} - \mathrm{GFLOPs}}{\mathrm{Jacov}},Grad_Norm L2-Norm Sub Negative GFLOPs Sub Jacov Div <EOS>,((-((Grad_Norm - L2-Norm)) - GFLOPs) / Jacov),0.772900000,0.763300000,75,8,5,2254,run_monash_time_unique1000,4,1,Monash__elecdemand_dataset/seed_2254/run_monash_time_unique1000/visualizations/archive_latex.tex
237,0.774761400,0.772900000,\left(\frac{-\mathrm{GradNorm} + \mathrm{L2Norm}}{\mathrm{Jacov}}\right) \cdot \left(\log\left(\mathrm{JacobFro}\right)\right),Grad_Norm Negative L2-Norm Add Jacov Div Jacob_fro Log Mul <EOS>,(((-(Grad_Norm) + L2-Norm) / Jacov) * log(Jacob_fro)),0.772900000,0.773200000,17,9,5,2308,run_monash_time_unique1000,4,1,Monash__elecdemand_dataset/seed_2308/run_monash_time_unique1000/visualizations/archive_latex.tex
238,0.773806999,0.772900000,\left(\frac{\log\left(\mathrm{JacobFro}\right)}{\mathrm{Jacov}}\right) \cdot \left(\mathrm{L2Norm} - \mathrm{GradNorm}\right),Jacob_fro Log Jacov Div L2-Norm Grad_Norm Sub Mul <EOS>,((log(Jacob_fro) / Jacov) * (L2-Norm - Grad_Norm)),0.772900000,0.773200000,29,8,4,2324,run_monash_time_unique1000,4,4,Monash__elecdemand_dataset/seed_2324/run_monash_time_unique1000/visualizations/archive_latex.tex
239,0.772852598,0.772900000,\frac{\mathrm{Jacov}}{\mathrm{GradNorm} + \mathrm{GFLOPs} - \mathrm{L2Norm}},Jacov Grad_Norm GFLOPs Add L2-Norm Sub Div <EOS>,(Jacov / ((Grad_Norm + GFLOPs) - L2-Norm)),0.772900000,0.763300000,80,7,4,2042,run_monash_time_unique1000,5,4,Monash__elecdemand_dataset/seed_2042/run_monash_time_unique1000/visualizations/archive_latex.tex
240,0.771898197,0.772900000,\frac{\left(\mathrm{GradNorm} - \mathrm{L2Norm}\right) \cdot \left(\log\left(\mathrm{JacobFro}\right)\right)}{-\mathrm{Jacov}},Grad_Norm L2-Norm Sub Jacob_fro Log Mul Jacov Negative Div <EOS>,(((Grad_Norm - L2-Norm) * log(Jacob_fro)) / -(Jacov)),0.772900000,0.773200000,122,9,4,2066,run_monash_time_unique1000,5,1,Monash__elecdemand_dataset/seed_2066/run_monash_time_unique1000/visualizations/archive_latex.tex
241,0.770943796,0.772900000,\frac{\mathrm{L2Norm} + -\mathrm{GradNorm} + \mathrm{GFLOPs}}{\mathrm{Jacov}},L2-Norm Grad_Norm GFLOPs Add Negative Add Jacov Div <EOS>,((L2-Norm + -((Grad_Norm + GFLOPs))) / Jacov),0.772900000,0.763300000,97,8,5,2069,run_monash_time_unique1000,5,1,Monash__elecdemand_dataset/seed_2069/run_monash_time_unique1000/visualizations/archive_latex.tex
242,0.769989396,0.772900000,\frac{\left(\log\left(\mathrm{JacobFro}\right)\right) \cdot \left(-\mathrm{GradNorm} - \mathrm{L2Norm}\right)}{\mathrm{Jacov}},Jacob_fro Log Grad_Norm L2-Norm Sub Negative Mul Jacov Div <EOS>,((log(Jacob_fro) * -((Grad_Norm - L2-Norm))) / Jacov),0.772900000,0.773200000,133,9,5,2072,run_monash_time_unique1000,5,1,Monash__elecdemand_dataset/seed_2072/run_monash_time_unique1000/visualizations/archive_latex.tex
243,0.769034995,0.772900000,\frac{\log\left(\mathrm{JacobFro}\right)}{\frac{-\mathrm{Jacov}}{\mathrm{GradNorm} - \mathrm{L2Norm}}},Jacob_fro Log Jacov Negative Grad_Norm L2-Norm Sub Div Div <EOS>,(log(Jacob_fro) / (-(Jacov) / (Grad_Norm - L2-Norm))),0.772900000,0.773200000,162,9,4,2092,run_monash_time_unique1000,5,1,Monash__elecdemand_dataset/seed_2092/run_monash_time_unique1000/visualizations/archive_latex.tex
244,0.768080594,0.772900000,\frac{\log\left(\mathrm{JacobFro}\right)}{\frac{\mathrm{Jacov}}{\mathrm{L2Norm} - \mathrm{GradNorm}}},Jacob_fro Log Jacov L2-Norm Grad_Norm Sub Div Div <EOS>,(log(Jacob_fro) / (Jacov / (L2-Norm - Grad_Norm))),0.772900000,0.773200000,42,8,4,2115,run_monash_time_unique1000,5,4,Monash__elecdemand_dataset/seed_2115/run_monash_time_unique1000/visualizations/archive_latex.tex
245,0.767126193,0.772900000,\frac{\left(\log\left(\frac{\mathrm{GradNorm} - \mathrm{L2Norm}}{\mathrm{Jacov}}\right)\right)^2}{\mathrm{JacobFro}},Grad_Norm L2-Norm Sub Jacov Div Log Square Jacob_fro Div <EOS>,(square(log(((Grad_Norm - L2-Norm) / Jacov))) / Jacob_fro),0.772900000,0.798300000,23,9,6,2147,run_monash_time_unique1000,5,1,Monash__elecdemand_dataset/seed_2147/run_monash_time_unique1000/visualizations/archive_latex.tex
246,0.766171792,0.772900000,\frac{\frac{\mathrm{Jacov}}{-\mathrm{L2Norm} - \mathrm{GradNorm}}}{\log\left(\mathrm{JacobFro}\right)},Jacov L2-Norm Grad_Norm Sub Negative Div Jacob_fro Log Div <EOS>,((Jacov / -((L2-Norm - Grad_Norm))) / log(Jacob_fro)),0.772900000,0.773200000,133,9,5,2179,run_monash_time_unique1000,5,1,Monash__elecdemand_dataset/seed_2179/run_monash_time_unique1000/visualizations/archive_latex.tex
247,0.765217391,0.772900000,\frac{-\left(\mathrm{GradNorm} - \mathrm{L2Norm}\right) \cdot \left(\log\left(\mathrm{JacobFro}\right)\right)}{\mathrm{Jacov}},Grad_Norm L2-Norm Sub Jacob_fro Log Mul Negative Jacov Div <EOS>,(-(((Grad_Norm - L2-Norm) * log(Jacob_fro))) / Jacov),0.772900000,0.773200000,141,9,5,2180,run_monash_time_unique1000,5,1,Monash__elecdemand_dataset/seed_2180/run_monash_time_unique1000/visualizations/archive_latex.tex
248,0.764262990,0.772900000,\frac{-\mathrm{GradNorm} - \mathrm{L2Norm}}{\frac{\mathrm{Jacov}}{\log\left(\mathrm{JacobFro}\right)}},Grad_Norm L2-Norm Sub Negative Jacov Jacob_fro Log Div Div <EOS>,(-((Grad_Norm - L2-Norm)) / (Jacov / log(Jacob_fro))),0.772900000,0.773200000,51,9,4,2189,run_monash_time_unique1000,5,1,Monash__elecdemand_dataset/seed_2189/run_monash_time_unique1000/visualizations/archive_latex.tex
249,0.763308590,0.772900000,\frac{\left(\log\left(\mathrm{JacobFro}\right)\right) \cdot \left(\mathrm{GradNorm} - \mathrm{L2Norm}\right)}{-\mathrm{Jacov}},Jacob_fro Log Grad_Norm L2-Norm Sub Mul Jacov Negative Div <EOS>,((log(Jacob_fro) * (Grad_Norm - L2-Norm)) / -(Jacov)),0.772900000,0.773200000,113,9,4,2192,run_monash_time_unique1000,5,1,Monash__elecdemand_dataset/seed_2192/run_monash_time_unique1000/visualizations/archive_latex.tex
250,0.762354189,0.772900000,\frac{\mathrm{Jacov}}{\left(\mathrm{GradNorm} - \mathrm{L2Norm}\right) \cdot \left(\log\left(\mathrm{JacobFro}\right)\right)},Jacov Grad_Norm L2-Norm Sub Jacob_fro Log Mul Div <EOS>,(Jacov / ((Grad_Norm - L2-Norm) * log(Jacob_fro))),0.772900000,0.773200000,72,8,4,2268,run_monash_time_unique1000,5,1,Monash__elecdemand_dataset/seed_2268/run_monash_time_unique1000/visualizations/archive_latex.tex
251,0.761399788,0.772900000,\frac{\mathrm{L2Norm} + -\mathrm{GradNorm} - \mathrm{GFLOPs}}{\mathrm{Jacov}},L2-Norm Grad_Norm Negative GFLOPs Sub Add Jacov Div <EOS>,((L2-Norm + (-(Grad_Norm) - GFLOPs)) / Jacov),0.772900000,0.763300000,25,8,5,2044,run_monash_time_unique1000,6,1,Monash__elecdemand_dataset/seed_2044/run_monash_time_unique1000/visualizations/archive_latex.tex
252,0.760445387,0.772900000,\frac{\mathrm{L2Norm} - \mathrm{GradNorm}}{\mathrm{Jacov} + \log\left(\sqrt{\mathrm{GSynFlow}}\right)},L2-Norm Grad_Norm Sub Jacov GSynFlow Sqrt Log Add Div <EOS>,((L2-Norm - Grad_Norm) / (Jacov + log(sqrt(GSynFlow)))),0.772900000,0.768000000,28,9,5,2103,run_monash_time_unique1000,6,1,Monash__elecdemand_dataset/seed_2103/run_monash_time_unique1000/visualizations/archive_latex.tex
253,0.759490986,0.772900000,\frac{-\frac{\mathrm{Jacov}}{\log\left(\mathrm{JacobFro}\right)}}{\mathrm{L2Norm} - \mathrm{GradNorm}},Jacov Jacob_fro Log Div Negative L2-Norm Grad_Norm Sub Div <EOS>,(-((Jacov / log(Jacob_fro))) / (L2-Norm - Grad_Norm)),0.772900000,0.773200000,102,9,5,2146,run_monash_time_unique1000,6,1,Monash__elecdemand_dataset/seed_2146/run_monash_time_unique1000/visualizations/archive_latex.tex
254,0.758536585,0.772900000,\frac{\mathrm{Jacov}}{\left(\log\left(\mathrm{JacobFro}\right)\right) \cdot \left(\mathrm{GradNorm} - \mathrm{L2Norm}\right)},Jacov Jacob_fro Log Grad_Norm L2-Norm Sub Mul Div <EOS>,(Jacov / (log(Jacob_fro) * (Grad_Norm - L2-Norm))),0.772900000,0.773200000,25,8,4,2316,run_monash_time_unique1000,6,1,Monash__elecdemand_dataset/seed_2316/run_monash_time_unique1000/visualizations/archive_latex.tex
255,0.757582185,0.772900000,\log\left(\frac{\mathrm{Jacov}}{\mathrm{L2Norm} - \mathrm{GFLOPs} - -\mathrm{GradNorm}}\right),Jacov L2-Norm GFLOPs Grad_Norm Negative Sub Sub Div Log <EOS>,log((Jacov / (L2-Norm - (GFLOPs - -(Grad_Norm))))),0.772900000,0.763300000,128,9,6,2142,run_monash_time_unique1000,8,1,Monash__elecdemand_dataset/seed_2142/run_monash_time_unique1000/visualizations/archive_latex.tex
256,0.756627784,0.772800000,\left(\frac{\mathrm{Jacov}}{\mathrm{L2Norm} - \mathrm{GradNorm}}\right)^2 - -\mathrm{plain},Jacov L2-Norm Grad_Norm Sub Div Square plain Negative Sub <EOS>,(square((Jacov / (L2-Norm - Grad_Norm))) - -(plain)),0.772800000,0.767300000,135,9,5,2178,run_monash_time_unique1000,5,1,Monash__elecdemand_dataset/seed_2178/run_monash_time_unique1000/visualizations/archive_latex.tex
257,0.755673383,0.772800000,\frac{\mathrm{L2Norm} - \mathrm{GradNorm} - \log\left(\log\left(\mathrm{Jacov}\right)\right)}{\mathrm{Jacov}},L2-Norm Grad_Norm Sub Jacov Log Log Sub Jacov Div <EOS>,(((L2-Norm - Grad_Norm) - log(log(Jacov))) / Jacov),0.772800000,0.764700000,36,9,5,2056,run_monash_time_unique1000,7,1,Monash__elecdemand_dataset/seed_2056/run_monash_time_unique1000/visualizations/archive_latex.tex
258,0.754718982,0.772800000,\log\left(\frac{\mathrm{Jacov}}{\mathrm{L2Norm} - \mathrm{GradNorm}}\right) + \mathrm{ZiCo},Jacov L2-Norm Grad_Norm Sub Div Log ZiCo Add <EOS>,(log((Jacov / (L2-Norm - Grad_Norm))) + ZiCo),0.772800000,0.765900000,108,8,5,2234,run_monash_time_unique1000,7,1,Monash__elecdemand_dataset/seed_2234/run_monash_time_unique1000/visualizations/archive_latex.tex
259,0.753764581,0.772800000,\left(\frac{\mathrm{Jacov}}{\mathrm{L2Norm} - \mathrm{GradNorm}}\right)^2 + \mathrm{plain},Jacov L2-Norm Grad_Norm Sub Div Square plain Add <EOS>,(square((Jacov / (L2-Norm - Grad_Norm))) + plain),0.772800000,0.767300000,82,8,5,2035,run_monash_time_unique1000,10,1,Monash__elecdemand_dataset/seed_2035/run_monash_time_unique1000/visualizations/archive_latex.tex
260,0.752810180,0.772700000,\frac{\left(\mathrm{JacobFro}\right) \cdot \left(\frac{\left(\mathrm{L2Norm}\right)^2}{\mathrm{Jacov}}\right)}{\log\left(\mathrm{GraSP}\right)},Jacob_fro L2-Norm Square Jacov Div Mul GraSP Log Div <EOS>,((Jacob_fro * (square(L2-Norm) / Jacov)) / log(GraSP)),0.772700000,0.781400000,30,9,5,2082,run_monash_time_unique1000,1,1,Monash__elecdemand_dataset/seed_2082/run_monash_time_unique1000/visualizations/archive_latex.tex
261,0.751855779,0.772700000,\frac{\mathrm{JacobFro}}{\left(\log\left(\mathrm{GraSP}\right)\right) \cdot \left(\frac{\mathrm{Jacov}}{\left(\mathrm{L2Norm}\right)^2}\right)},Jacob_fro GraSP Log Jacov L2-Norm Square Div Mul Div <EOS>,(Jacob_fro / (log(GraSP) * (Jacov / square(L2-Norm)))),0.772700000,0.781400000,27,9,5,2238,run_monash_time_unique1000,1,1,Monash__elecdemand_dataset/seed_2238/run_monash_time_unique1000/visualizations/archive_latex.tex
262,0.750901379,0.772700000,\frac{\left(\mathrm{L2Norm}\right)^2}{\frac{\mathrm{Jacov}}{\frac{\mathrm{JacobFro}}{\log\left(\mathrm{GraSP}\right)}}},L2-Norm Square Jacov Jacob_fro GraSP Log Div Div Div <EOS>,(square(L2-Norm) / (Jacov / (Jacob_fro / log(GraSP)))),0.772700000,0.781400000,45,9,5,2145,run_monash_time_unique1000,2,2,Monash__elecdemand_dataset/seed_2145/run_monash_time_unique1000/visualizations/archive_latex.tex
263,0.749946978,0.772700000,\frac{\mathrm{JacobFro}}{\left(\frac{\mathrm{Jacov}}{\left(\mathrm{L2Norm}\right)^2}\right) \cdot \left(\log\left(\mathrm{GraSP}\right)\right)},Jacob_fro Jacov L2-Norm Square Div GraSP Log Mul Div <EOS>,(Jacob_fro / ((Jacov / square(L2-Norm)) * log(GraSP))),0.772700000,0.781400000,25,9,5,2153,run_monash_time_unique1000,2,1,Monash__elecdemand_dataset/seed_2153/run_monash_time_unique1000/visualizations/archive_latex.tex
264,0.748992577,0.772700000,\frac{\frac{\left(\left(\mathrm{L2Norm}\right)^2\right) \cdot \left(\mathrm{JacobFro}\right)}{\mathrm{Jacov}}}{\log\left(\mathrm{GraSP}\right)},L2-Norm Square Jacob_fro Mul Jacov Div GraSP Log Div <EOS>,(((square(L2-Norm) * Jacob_fro) / Jacov) / log(GraSP)),0.772700000,0.781400000,135,9,5,2045,run_monash_time_unique1000,3,1,Monash__elecdemand_dataset/seed_2045/run_monash_time_unique1000/visualizations/archive_latex.tex
265,0.748038176,0.772700000,\frac{\mathrm{L2Norm} - \mathrm{GradNorm}}{\frac{\mathrm{Jacov}}{\left(\log\left(\mathrm{JacobFro}\right)\right)^2}},L2-Norm Grad_Norm Sub Jacov Jacob_fro Log Square Div Div <EOS>,((L2-Norm - Grad_Norm) / (Jacov / square(log(Jacob_fro)))),0.772700000,0.780100000,150,9,5,2133,run_monash_time_unique1000,3,9,Monash__elecdemand_dataset/seed_2133/run_monash_time_unique1000/visualizations/archive_latex.tex
266,0.747083775,0.772700000,\frac{\left(\left(\log\left(\mathrm{JacobFro}\right)\right)^2\right) \cdot \left(\mathrm{L2Norm} - \mathrm{GradNorm}\right)}{\mathrm{Jacov}},Jacob_fro Log Square L2-Norm Grad_Norm Sub Mul Jacov Div <EOS>,((square(log(Jacob_fro)) * (L2-Norm - Grad_Norm)) / Jacov),0.772700000,0.780100000,19,9,5,2038,run_monash_time_unique1000,4,21,Monash__elecdemand_dataset/seed_2038/run_monash_time_unique1000/visualizations/archive_latex.tex
267,0.746129374,0.772700000,\frac{\left(\mathrm{L2Norm} - \mathrm{GradNorm}\right) \cdot \left(\left(\log\left(\mathrm{JacobFro}\right)\right)^2\right)}{\mathrm{Jacov}},L2-Norm Grad_Norm Sub Jacob_fro Log Square Mul Jacov Div <EOS>,(((L2-Norm - Grad_Norm) * square(log(Jacob_fro))) / Jacov),0.772700000,0.780100000,28,9,5,2079,run_monash_time_unique1000,4,20,Monash__elecdemand_dataset/seed_2079/run_monash_time_unique1000/visualizations/archive_latex.tex
268,0.745174973,0.772700000,\frac{\sqrt{\frac{\mathrm{Jacov}}{\mathrm{L2Norm} - \mathrm{GradNorm}}}}{\log\left(\mathrm{JacobFro}\right)},Jacov L2-Norm Grad_Norm Sub Div Sqrt Jacob_fro Log Div <EOS>,(sqrt((Jacov / (L2-Norm - Grad_Norm))) / log(Jacob_fro)),0.772700000,0.780100000,139,9,5,2119,run_monash_time_unique1000,4,3,Monash__elecdemand_dataset/seed_2119/run_monash_time_unique1000/visualizations/archive_latex.tex
269,0.744220573,0.772700000,\frac{\mathrm{L2Norm} - \log\left(\mathrm{GradNorm}\right) + \mathrm{GradNorm}}{\mathrm{Jacov}},L2-Norm Grad_Norm Log Grad_Norm Add Sub Jacov Div <EOS>,((L2-Norm - (log(Grad_Norm) + Grad_Norm)) / Jacov),0.772700000,0.763700000,169,8,5,2122,run_monash_time_unique1000,4,1,Monash__elecdemand_dataset/seed_2122/run_monash_time_unique1000/visualizations/archive_latex.tex
270,0.743266172,0.772700000,\frac{\left(\frac{\mathrm{JacobFro}}{\log\left(\mathrm{GraSP}\right)}\right) \cdot \left(\left(\mathrm{L2Norm}\right)^2\right)}{\mathrm{Jacov}},Jacob_fro GraSP Log Div L2-Norm Square Mul Jacov Div <EOS>,(((Jacob_fro / log(GraSP)) * square(L2-Norm)) / Jacov),0.772700000,0.781400000,45,9,5,2138,run_monash_time_unique1000,4,2,Monash__elecdemand_dataset/seed_2138/run_monash_time_unique1000/visualizations/archive_latex.tex
271,0.742311771,0.772700000,\frac{\left(\mathrm{L2Norm}\right)^2}{\left(\mathrm{Jacov}\right) \cdot \left(\frac{\log\left(\mathrm{GraSP}\right)}{\mathrm{JacobFro}}\right)},L2-Norm Square Jacov GraSP Log Jacob_fro Div Mul Div <EOS>,(square(L2-Norm) / (Jacov * (log(GraSP) / Jacob_fro))),0.772700000,0.781400000,11,9,5,2233,run_monash_time_unique1000,4,1,Monash__elecdemand_dataset/seed_2233/run_monash_time_unique1000/visualizations/archive_latex.tex
272,0.741357370,0.772700000,\frac{\left(\left(\mathrm{L2Norm}\right)^2\right) \cdot \left(\mathrm{JacobFro}\right)}{\left(\mathrm{Jacov}\right) \cdot \left(\log\left(\mathrm{GraSP}\right)\right)},L2-Norm Square Jacob_fro Mul Jacov GraSP Log Mul Div <EOS>,((square(L2-Norm) * Jacob_fro) / (Jacov * log(GraSP))),0.772700000,0.781400000,77,9,4,2038,run_monash_time_unique1000,5,2,Monash__elecdemand_dataset/seed_2038/run_monash_time_unique1000/visualizations/archive_latex.tex
273,0.740402969,0.772700000,\frac{\mathrm{Jacov}}{\mathrm{GradNorm} - \mathrm{L2Norm}} - \log\left(\mathrm{L2Norm}\right),Jacov Grad_Norm L2-Norm Sub Div L2-Norm Log Sub <EOS>,((Jacov / (Grad_Norm - L2-Norm)) - log(L2-Norm)),0.772700000,0.768200000,159,8,4,2040,run_monash_time_unique1000,5,4,Monash__elecdemand_dataset/seed_2040/run_monash_time_unique1000/visualizations/archive_latex.tex
274,0.739448568,0.772700000,\frac{\left(\left(\mathrm{L2Norm}\right)^2\right) \cdot \left(\frac{\mathrm{JacobFro}}{\log\left(\mathrm{GraSP}\right)}\right)}{\mathrm{Jacov}},L2-Norm Square Jacob_fro GraSP Log Div Mul Jacov Div <EOS>,((square(L2-Norm) * (Jacob_fro / log(GraSP))) / Jacov),0.772700000,0.781400000,91,9,5,2071,run_monash_time_unique1000,5,1,Monash__elecdemand_dataset/seed_2071/run_monash_time_unique1000/visualizations/archive_latex.tex
275,0.738494168,0.772700000,\frac{\left(\log\left(\mathrm{JacobFro}\right)\right)^2}{\frac{\mathrm{Jacov}}{\mathrm{L2Norm} - \mathrm{GradNorm}}},Jacob_fro Log Square Jacov L2-Norm Grad_Norm Sub Div Div <EOS>,(square(log(Jacob_fro)) / (Jacov / (L2-Norm - Grad_Norm))),0.772700000,0.780100000,18,9,4,2087,run_monash_time_unique1000,5,4,Monash__elecdemand_dataset/seed_2087/run_monash_time_unique1000/visualizations/archive_latex.tex
276,0.737539767,0.772700000,\left(\left(\log\left(\mathrm{JacobFro}\right)\right)^2\right) \cdot \left(\frac{\mathrm{L2Norm} - \mathrm{GradNorm}}{\mathrm{Jacov}}\right),Jacob_fro Log Square L2-Norm Grad_Norm Sub Jacov Div Mul <EOS>,(square(log(Jacob_fro)) * ((L2-Norm - Grad_Norm) / Jacov)),0.772700000,0.780100000,32,9,4,2091,run_monash_time_unique1000,5,5,Monash__elecdemand_dataset/seed_2091/run_monash_time_unique1000/visualizations/archive_latex.tex
277,0.736585366,0.772700000,\left(\mathrm{L2Norm} - \mathrm{GradNorm}\right) \cdot \left(\frac{\left(\log\left(\mathrm{JacobFro}\right)\right)^2}{\mathrm{Jacov}}\right),L2-Norm Grad_Norm Sub Jacob_fro Log Square Jacov Div Mul <EOS>,((L2-Norm - Grad_Norm) * (square(log(Jacob_fro)) / Jacov)),0.772700000,0.780100000,94,9,5,2126,run_monash_time_unique1000,5,1,Monash__elecdemand_dataset/seed_2126/run_monash_time_unique1000/visualizations/archive_latex.tex
278,0.735630965,0.772700000,\frac{\frac{\mathrm{Jacov}}{\mathrm{GradNorm} - \mathrm{L2Norm}}}{\left(\log\left(\mathrm{JacobFro}\right)\right)^2},Jacov Grad_Norm L2-Norm Sub Div Jacob_fro Log Square Div <EOS>,((Jacov / (Grad_Norm - L2-Norm)) / square(log(Jacob_fro))),0.772700000,0.780100000,115,9,4,2212,run_monash_time_unique1000,5,11,Monash__elecdemand_dataset/seed_2212/run_monash_time_unique1000/visualizations/archive_latex.tex
279,0.734676564,0.772700000,\frac{\mathrm{L2Norm} - \mathrm{GradNorm}}{\mathrm{Jacov} - \left(\log\left(\mathrm{GradNorm}\right)\right)^2},L2-Norm Grad_Norm Sub Jacov Grad_Norm Log Square Sub Div <EOS>,((L2-Norm - Grad_Norm) / (Jacov - square(log(Grad_Norm)))),0.772700000,0.765800000,133,9,5,2221,run_monash_time_unique1000,5,2,Monash__elecdemand_dataset/seed_2221/run_monash_time_unique1000/visualizations/archive_latex.tex
280,0.733722163,0.772700000,\left(\frac{\mathrm{JacobFro}}{\left(\log\left(\mathrm{GraSP}\right)\right) \cdot \left(\mathrm{Jacov}\right)}\right) \cdot \left(\left(\mathrm{L2Norm}\right)^2\right),Jacob_fro GraSP Log Jacov Mul Div L2-Norm Square Mul <EOS>,((Jacob_fro / (log(GraSP) * Jacov)) * square(L2-Norm)),0.772700000,0.781400000,10,9,5,2283,run_monash_time_unique1000,5,1,Monash__elecdemand_dataset/seed_2283/run_monash_time_unique1000/visualizations/archive_latex.tex
281,0.732767762,0.772700000,\left(\frac{\left(\log\left(\mathrm{JacobFro}\right)\right)^2}{\mathrm{Jacov}}\right) \cdot \left(\mathrm{L2Norm} - \mathrm{GradNorm}\right),Jacob_fro Log Square Jacov Div L2-Norm Grad_Norm Sub Mul <EOS>,((square(log(Jacob_fro)) / Jacov) * (L2-Norm - Grad_Norm)),0.772700000,0.780100000,157,9,5,2078,run_monash_time_unique1000,6,1,Monash__elecdemand_dataset/seed_2078/run_monash_time_unique1000/visualizations/archive_latex.tex
282,0.731813362,0.772700000,\left(\mathrm{JacobFro}\right) \cdot \left(\frac{\frac{\left(\mathrm{L2Norm}\right)^2}{\log\left(\mathrm{GraSP}\right)}}{\mathrm{Jacov}}\right),Jacob_fro L2-Norm Square GraSP Log Div Jacov Div Mul <EOS>,(Jacob_fro * ((square(L2-Norm) / log(GraSP)) / Jacov)),0.772700000,0.781400000,137,9,5,2091,run_monash_time_unique1000,6,1,Monash__elecdemand_dataset/seed_2091/run_monash_time_unique1000/visualizations/archive_latex.tex
283,0.730858961,0.772700000,\left(\frac{\mathrm{L2Norm} - \mathrm{GradNorm}}{\mathrm{Jacov}}\right) \cdot \left(\left(\log\left(\mathrm{JacobFro}\right)\right)^2\right),L2-Norm Grad_Norm Sub Jacov Div Jacob_fro Log Square Mul <EOS>,(((L2-Norm - Grad_Norm) / Jacov) * square(log(Jacob_fro))),0.772700000,0.780100000,14,9,4,2114,run_monash_time_unique1000,6,2,Monash__elecdemand_dataset/seed_2114/run_monash_time_unique1000/visualizations/archive_latex.tex
284,0.729904560,0.772700000,\frac{\sqrt{\frac{\mathrm{Jacov}}{\mathrm{GradNorm} - \mathrm{L2Norm}}}}{\log\left(\mathrm{JacobFro}\right)},Jacov Grad_Norm L2-Norm Sub Div Sqrt Jacob_fro Log Div <EOS>,(sqrt((Jacov / (Grad_Norm - L2-Norm))) / log(Jacob_fro)),0.772700000,0.780100000,157,9,5,2178,run_monash_time_unique1000,6,1,Monash__elecdemand_dataset/seed_2178/run_monash_time_unique1000/visualizations/archive_latex.tex
285,0.728950159,0.772700000,\frac{\mathrm{L2Norm} - \mathrm{GradNorm}}{\mathrm{Jacov} - \log\left(\left(\mathrm{GraSP}\right)^2\right)},L2-Norm Grad_Norm Sub Jacov GraSP Square Log Sub Div <EOS>,((L2-Norm - Grad_Norm) / (Jacov - log(square(GraSP)))),0.772700000,0.767300000,177,9,5,2291,run_monash_time_unique1000,6,2,Monash__elecdemand_dataset/seed_2291/run_monash_time_unique1000/visualizations/archive_latex.tex
286,0.727995758,0.772700000,\frac{\left(\mathrm{JacobFro}\right) \cdot \left(\frac{\left(\mathrm{L2Norm}\right)^2}{\log\left(\mathrm{GraSP}\right)}\right)}{\mathrm{Jacov}},Jacob_fro L2-Norm Square GraSP Log Div Mul Jacov Div <EOS>,((Jacob_fro * (square(L2-Norm) / log(GraSP))) / Jacov),0.772700000,0.781400000,14,9,5,2034,run_monash_time_unique1000,7,1,Monash__elecdemand_dataset/seed_2034/run_monash_time_unique1000/visualizations/archive_latex.tex
287,0.727041357,0.772700000,\frac{\left(\log\left(\mathrm{GradNorm}\right)\right)^2 - \mathrm{Jacov}}{\mathrm{L2Norm} - \mathrm{GradNorm}},Grad_Norm Log Square Jacov Sub L2-Norm Grad_Norm Sub Div <EOS>,((square(log(Grad_Norm)) - Jacov) / (L2-Norm - Grad_Norm)),0.772700000,0.765800000,27,9,5,2146,run_monash_time_unique1000,7,1,Monash__elecdemand_dataset/seed_2146/run_monash_time_unique1000/visualizations/archive_latex.tex
288,0.726086957,0.772700000,\frac{\mathrm{Jacov}}{\left(\left(\log\left(\mathrm{JacobFro}\right)\right)^2\right) \cdot \left(\mathrm{GradNorm} - \mathrm{L2Norm}\right)},Jacov Jacob_fro Log Square Grad_Norm L2-Norm Sub Mul Div <EOS>,(Jacov / (square(log(Jacob_fro)) * (Grad_Norm - L2-Norm))),0.772700000,0.780100000,24,9,5,2316,run_monash_time_unique1000,7,1,Monash__elecdemand_dataset/seed_2316/run_monash_time_unique1000/visualizations/archive_latex.tex
289,0.725132556,0.772700000,\frac{\left(\mathrm{JacobFro}\right) \cdot \left(\left(\mathrm{L2Norm}\right)^2\right)}{\left(\log\left(\mathrm{GraSP}\right)\right) \cdot \left(\mathrm{Jacov}\right)},Jacob_fro L2-Norm Square Mul GraSP Log Jacov Mul Div <EOS>,((Jacob_fro * square(L2-Norm)) / (log(GraSP) * Jacov)),0.772700000,0.781400000,17,9,4,2317,run_monash_time_unique1000,7,1,Monash__elecdemand_dataset/seed_2317/run_monash_time_unique1000/visualizations/archive_latex.tex
290,0.724178155,0.772700000,\frac{\frac{\mathrm{Jacov}}{\left(\log\left(\mathrm{JacobFro}\right)\right)^2}}{\mathrm{GradNorm} - \mathrm{L2Norm}},Jacov Jacob_fro Log Square Div Grad_Norm L2-Norm Sub Div <EOS>,((Jacov / square(log(Jacob_fro))) / (Grad_Norm - L2-Norm)),0.772700000,0.780100000,83,9,5,2056,run_monash_time_unique1000,8,2,Monash__elecdemand_dataset/seed_2056/run_monash_time_unique1000/visualizations/archive_latex.tex
291,0.723223754,0.772700000,\frac{\mathrm{L2Norm} - \mathrm{GradNorm} + \log\left(\mathrm{GradNorm}\right)}{\mathrm{Jacov}},L2-Norm Grad_Norm Grad_Norm Log Add Sub Jacov Div <EOS>,((L2-Norm - (Grad_Norm + log(Grad_Norm))) / Jacov),0.772700000,0.763700000,8,8,5,2084,run_monash_time_unique1000,8,1,Monash__elecdemand_dataset/seed_2084/run_monash_time_unique1000/visualizations/archive_latex.tex
292,0.722269353,0.772700000,\frac{\mathrm{L2Norm} - \mathrm{GradNorm} - \log\left(\mathrm{GradNorm}\right)}{\mathrm{Jacov}},L2-Norm Grad_Norm Sub Grad_Norm Log Sub Jacov Div <EOS>,(((L2-Norm - Grad_Norm) - log(Grad_Norm)) / Jacov),0.772700000,0.763700000,25,8,4,2209,run_monash_time_unique1000,8,2,Monash__elecdemand_dataset/seed_2209/run_monash_time_unique1000/visualizations/archive_latex.tex
293,0.721314952,0.772700000,\frac{\left(\mathrm{JacobFro}\right) \cdot \left(\left(\mathrm{L2Norm}\right)^2\right)}{\left(\mathrm{Jacov}\right) \cdot \left(\log\left(\mathrm{GraSP}\right)\right)},Jacob_fro L2-Norm Square Mul Jacov GraSP Log Mul Div <EOS>,((Jacob_fro * square(L2-Norm)) / (Jacov * log(GraSP))),0.772700000,0.781400000,176,9,4,2056,run_monash_time_unique1000,9,1,Monash__elecdemand_dataset/seed_2056/run_monash_time_unique1000/visualizations/archive_latex.tex
294,0.720360551,0.772600000,\frac{\mathrm{L2Norm} - \mathrm{GradNorm} + \sqrt{\mathrm{GFLOPs}}}{\mathrm{Jacov}},L2-Norm Grad_Norm GFLOPs Sqrt Add Sub Jacov Div <EOS>,((L2-Norm - (Grad_Norm + sqrt(GFLOPs))) / Jacov),0.772600000,0.766200000,13,8,5,2201,run_monash_time_unique1000,4,1,Monash__elecdemand_dataset/seed_2201/run_monash_time_unique1000/visualizations/archive_latex.tex
295,0.719406151,0.772600000,\frac{\mathrm{L2Norm} - \sqrt{\mathrm{GFLOPs}} - \mathrm{GradNorm}}{\mathrm{Jacov}},L2-Norm GFLOPs Sqrt Sub Grad_Norm Sub Jacov Div <EOS>,(((L2-Norm - sqrt(GFLOPs)) - Grad_Norm) / Jacov),0.772600000,0.766200000,13,8,5,2278,run_monash_time_unique1000,8,1,Monash__elecdemand_dataset/seed_2278/run_monash_time_unique1000/visualizations/archive_latex.tex
296,0.718451750,0.772500000,\log\left(\frac{\mathrm{Jacov}}{\mathrm{GradNorm} - \mathrm{L2Norm}}\right) - \mathrm{ZiCo},Jacov Grad_Norm L2-Norm Sub Div Log ZiCo Sub <EOS>,(log((Jacov / (Grad_Norm - L2-Norm))) - ZiCo),0.772500000,0.762700000,119,8,5,2089,run_monash_time_unique1000,4,3,Monash__elecdemand_dataset/seed_2089/run_monash_time_unique1000/visualizations/archive_latex.tex
297,0.717497349,0.772500000,\frac{\mathrm{L2Norm} - \mathrm{GradNorm}}{\mathrm{Jacov} - \sqrt{\mathrm{GradNorm}}},L2-Norm Grad_Norm Sub Jacov Grad_Norm Sqrt Sub Div <EOS>,((L2-Norm - Grad_Norm) / (Jacov - sqrt(Grad_Norm))),0.772500000,0.767800000,133,8,4,2221,run_monash_time_unique1000,6,2,Monash__elecdemand_dataset/seed_2221/run_monash_time_unique1000/visualizations/archive_latex.tex
298,0.716542948,0.772500000,\frac{\mathrm{L2Norm} - \mathrm{GradNorm}}{-\sqrt{\mathrm{GradNorm}} + \mathrm{Jacov}},L2-Norm Grad_Norm Sub Grad_Norm Sqrt Negative Jacov Add Div <EOS>,((L2-Norm - Grad_Norm) / (-(sqrt(Grad_Norm)) + Jacov)),0.772500000,0.767800000,43,9,5,2281,run_monash_time_unique1000,7,1,Monash__elecdemand_dataset/seed_2281/run_monash_time_unique1000/visualizations/archive_latex.tex
299,0.715588547,0.772500000,\frac{\mathrm{Jacov}}{\mathrm{GradNorm} - \mathrm{L2Norm}} + \sqrt{\mathrm{Fisher}},Jacov Grad_Norm L2-Norm Sub Div Fisher Sqrt Add <EOS>,((Jacov / (Grad_Norm - L2-Norm)) + sqrt(Fisher)),0.772500000,0.761200000,175,8,4,2234,run_monash_time_unique1000,9,1,Monash__elecdemand_dataset/seed_2234/run_monash_time_unique1000/visualizations/archive_latex.tex
300,0.714634146,0.772500000,\frac{-\mathrm{Jacov} + \sqrt{\mathrm{GradNorm}}}{\mathrm{L2Norm} - \mathrm{GradNorm}},Jacov Negative Grad_Norm Sqrt Add L2-Norm Grad_Norm Sub Div <EOS>,((-(Jacov) + sqrt(Grad_Norm)) / (L2-Norm - Grad_Norm)),0.772500000,0.767800000,180,9,4,2234,run_monash_time_unique1000,10,1,Monash__elecdemand_dataset/seed_2234/run_monash_time_unique1000/visualizations/archive_latex.tex
301,0.713679745,0.772400000,\frac{\mathrm{L2Norm} - \mathrm{GradNorm} - \sqrt{\log\left(\mathrm{plain}\right)}}{\mathrm{Jacov}},L2-Norm Grad_Norm Sub plain Log Sqrt Sub Jacov Div <EOS>,(((L2-Norm - Grad_Norm) - sqrt(log(plain))) / Jacov),0.772400000,0.765800000,8,9,5,2177,run_monash_time_unique1000,10,1,Monash__elecdemand_dataset/seed_2177/run_monash_time_unique1000/visualizations/archive_latex.tex
302,0.712725345,0.772300000,\frac{\mathrm{L2Norm} - \mathrm{GradNorm}}{-\mathrm{Fisher} + \mathrm{Jacov}},L2-Norm Grad_Norm Sub Fisher Negative Jacov Add Div <EOS>,((L2-Norm - Grad_Norm) / (-(Fisher) + Jacov)),0.772300000,0.765100000,18,8,4,2165,run_monash_time_unique1000,1,3,Monash__elecdemand_dataset/seed_2165/run_monash_time_unique1000/visualizations/archive_latex.tex
303,0.711770944,0.772300000,\frac{\mathrm{L2Norm} + -\mathrm{GradNorm} + \sqrt{\mathrm{MParams}}}{\mathrm{Jacov}},L2-Norm Grad_Norm MParams Sqrt Add Negative Add Jacov Div <EOS>,((L2-Norm + -((Grad_Norm + sqrt(MParams)))) / Jacov),0.772300000,0.767100000,185,9,6,2053,run_monash_time_unique1000,3,1,Monash__elecdemand_dataset/seed_2053/run_monash_time_unique1000/visualizations/archive_latex.tex
304,0.710816543,0.772300000,\frac{\mathrm{Fisher} - \mathrm{Jacov}}{\mathrm{L2Norm} - \mathrm{GradNorm}},Fisher Jacov Sub L2-Norm Grad_Norm Sub Div <EOS>,((Fisher - Jacov) / (L2-Norm - Grad_Norm)),0.772300000,0.765100000,127,7,3,2059,run_monash_time_unique1000,3,11,Monash__elecdemand_dataset/seed_2059/run_monash_time_unique1000/visualizations/archive_latex.tex
305,0.709862142,0.772300000,\frac{\mathrm{L2Norm} - \mathrm{GradNorm} - \sqrt{\mathrm{MParams}}}{\mathrm{Jacov}},L2-Norm Grad_Norm Sub MParams Sqrt Sub Jacov Div <EOS>,(((L2-Norm - Grad_Norm) - sqrt(MParams)) / Jacov),0.772300000,0.767100000,193,8,4,2145,run_monash_time_unique1000,3,7,Monash__elecdemand_dataset/seed_2145/run_monash_time_unique1000/visualizations/archive_latex.tex
306,0.708907741,0.772300000,\frac{\mathrm{L2Norm} - \mathrm{GradNorm} + \sqrt{\mathrm{L2Norm}}}{\mathrm{Jacov}},L2-Norm Grad_Norm L2-Norm Sqrt Add Sub Jacov Div <EOS>,((L2-Norm - (Grad_Norm + sqrt(L2-Norm))) / Jacov),0.772300000,0.762400000,167,8,5,2158,run_monash_time_unique1000,3,2,Monash__elecdemand_dataset/seed_2158/run_monash_time_unique1000/visualizations/archive_latex.tex
307,0.707953340,0.772300000,\frac{\mathrm{L2Norm} - \mathrm{GradNorm}}{\mathrm{Jacov} - \mathrm{Fisher}},L2-Norm Grad_Norm Sub Jacov Fisher Sub Div <EOS>,((L2-Norm - Grad_Norm) / (Jacov - Fisher)),0.772300000,0.765100000,72,7,3,2159,run_monash_time_unique1000,3,36,Monash__elecdemand_dataset/seed_2159/run_monash_time_unique1000/visualizations/archive_latex.tex
308,0.706998940,0.772300000,\frac{\mathrm{L2Norm} - \mathrm{GradNorm} + \left(\mathrm{MParams}\right)^2}{\mathrm{Jacov}},L2-Norm Grad_Norm MParams Square Add Sub Jacov Div <EOS>,((L2-Norm - (Grad_Norm + square(MParams))) / Jacov),0.772300000,0.758600000,31,8,5,2187,run_monash_time_unique1000,3,1,Monash__elecdemand_dataset/seed_2187/run_monash_time_unique1000/visualizations/archive_latex.tex
309,0.706044539,0.772300000,\frac{\mathrm{L2Norm} + -\mathrm{GradNorm}}{\mathrm{Jacov} - \mathrm{Fisher}},L2-Norm Grad_Norm Negative Add Jacov Fisher Sub Div <EOS>,((L2-Norm + -(Grad_Norm)) / (Jacov - Fisher)),0.772300000,0.765100000,161,8,4,2235,run_monash_time_unique1000,3,1,Monash__elecdemand_dataset/seed_2235/run_monash_time_unique1000/visualizations/archive_latex.tex
310,0.705090138,0.772300000,\frac{\mathrm{L2Norm} - \mathrm{GradNorm} - \sqrt{\mathrm{L2Norm}}}{\mathrm{Jacov}},L2-Norm Grad_Norm Sub L2-Norm Sqrt Sub Jacov Div <EOS>,(((L2-Norm - Grad_Norm) - sqrt(L2-Norm)) / Jacov),0.772300000,0.762400000,30,8,4,2280,run_monash_time_unique1000,3,10,Monash__elecdemand_dataset/seed_2280/run_monash_time_unique1000/visualizations/archive_latex.tex
311,0.704135737,0.772300000,\frac{\mathrm{L2Norm} - \sqrt{\mathrm{MParams}} - \mathrm{GradNorm}}{\mathrm{Jacov}},L2-Norm MParams Sqrt Sub Grad_Norm Sub Jacov Div <EOS>,(((L2-Norm - sqrt(MParams)) - Grad_Norm) / Jacov),0.772300000,0.767100000,12,8,5,2289,run_monash_time_unique1000,3,2,Monash__elecdemand_dataset/seed_2289/run_monash_time_unique1000/visualizations/archive_latex.tex
312,0.703181336,0.772300000,\frac{\mathrm{GradNorm} - \mathrm{L2Norm}}{\mathrm{Fisher} - \mathrm{Jacov}},Grad_Norm L2-Norm Sub Fisher Jacov Sub Div <EOS>,((Grad_Norm - L2-Norm) / (Fisher - Jacov)),0.772300000,0.765100000,109,7,3,2028,run_monash_time_unique1000,4,3,Monash__elecdemand_dataset/seed_2028/run_monash_time_unique1000/visualizations/archive_latex.tex
313,0.702226935,0.772300000,\frac{\mathrm{L2Norm} - \mathrm{GradNorm} - \left(\mathrm{MParams}\right)^2}{\mathrm{Jacov}},L2-Norm Grad_Norm Sub MParams Square Sub Jacov Div <EOS>,(((L2-Norm - Grad_Norm) - square(MParams)) / Jacov),0.772300000,0.758600000,165,8,4,2045,run_monash_time_unique1000,4,1,Monash__elecdemand_dataset/seed_2045/run_monash_time_unique1000/visualizations/archive_latex.tex
314,0.701272534,0.772300000,\frac{-\mathrm{GradNorm} + \mathrm{L2Norm}}{\mathrm{Jacov} - \mathrm{Fisher}},Grad_Norm Negative L2-Norm Add Jacov Fisher Sub Div <EOS>,((-(Grad_Norm) + L2-Norm) / (Jacov - Fisher)),0.772300000,0.765100000,104,8,4,2134,run_monash_time_unique1000,4,3,Monash__elecdemand_dataset/seed_2134/run_monash_time_unique1000/visualizations/archive_latex.tex
315,0.700318134,0.772300000,\frac{\mathrm{Jacov}}{\sqrt{\mathrm{L2Norm}} - \mathrm{L2Norm} - \mathrm{GradNorm}},Jacov L2-Norm Sqrt L2-Norm Grad_Norm Sub Sub Div <EOS>,(Jacov / (sqrt(L2-Norm) - (L2-Norm - Grad_Norm))),0.772300000,0.762400000,153,8,4,2090,run_monash_time_unique1000,5,3,Monash__elecdemand_dataset/seed_2090/run_monash_time_unique1000/visualizations/archive_latex.tex
316,0.699363733,0.772300000,\frac{\mathrm{L2Norm} - \mathrm{GradNorm} + \sqrt{\mathrm{MParams}}}{\mathrm{Jacov}},L2-Norm Grad_Norm MParams Sqrt Add Sub Jacov Div <EOS>,((L2-Norm - (Grad_Norm + sqrt(MParams))) / Jacov),0.772300000,0.767100000,166,8,5,2122,run_monash_time_unique1000,5,1,Monash__elecdemand_dataset/seed_2122/run_monash_time_unique1000/visualizations/archive_latex.tex
317,0.698409332,0.772300000,\frac{\mathrm{L2Norm} + -\mathrm{GradNorm} - \sqrt{\mathrm{MParams}}}{\mathrm{Jacov}},L2-Norm Grad_Norm Negative MParams Sqrt Sub Add Jacov Div <EOS>,((L2-Norm + (-(Grad_Norm) - sqrt(MParams))) / Jacov),0.772300000,0.767100000,10,9,5,2266,run_monash_time_unique1000,5,2,Monash__elecdemand_dataset/seed_2266/run_monash_time_unique1000/visualizations/archive_latex.tex
318,0.697454931,0.772300000,\frac{\mathrm{L2Norm} - \sqrt{\mathrm{MParams}} + \mathrm{GradNorm}}{\mathrm{Jacov}},L2-Norm MParams Sqrt Grad_Norm Add Sub Jacov Div <EOS>,((L2-Norm - (sqrt(MParams) + Grad_Norm)) / Jacov),0.772300000,0.767100000,149,8,5,2096,run_monash_time_unique1000,6,1,Monash__elecdemand_dataset/seed_2096/run_monash_time_unique1000/visualizations/archive_latex.tex
319,0.696500530,0.772300000,\frac{\mathrm{L2Norm} - \sqrt{\mathrm{L2Norm}} + \mathrm{GradNorm}}{\mathrm{Jacov}},L2-Norm L2-Norm Sqrt Grad_Norm Add Sub Jacov Div <EOS>,((L2-Norm - (sqrt(L2-Norm) + Grad_Norm)) / Jacov),0.772300000,0.762400000,11,8,5,2189,run_monash_time_unique1000,6,3,Monash__elecdemand_dataset/seed_2189/run_monash_time_unique1000/visualizations/archive_latex.tex
320,0.695546129,0.772300000,\frac{\mathrm{Jacov}}{\sqrt{\mathrm{L2Norm}} - \mathrm{L2Norm} + \mathrm{GradNorm}},Jacov L2-Norm Sqrt L2-Norm Sub Grad_Norm Add Div <EOS>,(Jacov / ((sqrt(L2-Norm) - L2-Norm) + Grad_Norm)),0.772300000,0.762400000,122,8,5,2178,run_monash_time_unique1000,7,1,Monash__elecdemand_dataset/seed_2178/run_monash_time_unique1000/visualizations/archive_latex.tex
321,0.694591729,0.772300000,\frac{\mathrm{L2Norm} - \mathrm{GradNorm}}{\mathrm{Jacov} + -\mathrm{Fisher}},L2-Norm Grad_Norm Sub Jacov Fisher Negative Add Div <EOS>,((L2-Norm - Grad_Norm) / (Jacov + -(Fisher))),0.772300000,0.765100000,54,8,4,2107,run_monash_time_unique1000,8,1,Monash__elecdemand_dataset/seed_2107/run_monash_time_unique1000/visualizations/archive_latex.tex
322,0.693637328,0.772300000,\frac{\mathrm{Jacov}}{\sqrt{\mathrm{L2Norm}} + \mathrm{GradNorm} - \mathrm{L2Norm}},Jacov L2-Norm Sqrt Grad_Norm Add L2-Norm Sub Div <EOS>,(Jacov / ((sqrt(L2-Norm) + Grad_Norm) - L2-Norm)),0.772300000,0.762400000,138,8,5,2191,run_monash_time_unique1000,8,1,Monash__elecdemand_dataset/seed_2191/run_monash_time_unique1000/visualizations/archive_latex.tex
323,0.692682927,0.772300000,\sqrt{\mathrm{plain}} + \frac{\mathrm{Jacov}}{\mathrm{GradNorm} - \mathrm{L2Norm}},plain Sqrt Jacov Grad_Norm L2-Norm Sub Div Add <EOS>,(sqrt(plain) + (Jacov / (Grad_Norm - L2-Norm))),0.772300000,0.764300000,199,8,4,2070,run_monash_time_unique1000,9,1,Monash__elecdemand_dataset/seed_2070/run_monash_time_unique1000/visualizations/archive_latex.tex
324,0.691728526,0.772300000,\frac{\mathrm{Jacov}}{\mathrm{GradNorm} - \mathrm{L2Norm}} + \sqrt{\mathrm{plain}},Jacov Grad_Norm L2-Norm Sub Div plain Sqrt Add <EOS>,((Jacov / (Grad_Norm - L2-Norm)) + sqrt(plain)),0.772300000,0.764300000,25,8,4,2198,run_monash_time_unique1000,9,1,Monash__elecdemand_dataset/seed_2198/run_monash_time_unique1000/visualizations/archive_latex.tex
325,0.690774125,0.772300000,\frac{\mathrm{Jacov} - \mathrm{Fisher}}{\mathrm{GradNorm} - \mathrm{L2Norm}},Jacov Fisher Sub Grad_Norm L2-Norm Sub Div <EOS>,((Jacov - Fisher) / (Grad_Norm - L2-Norm)),0.772300000,0.765100000,82,7,3,2305,run_monash_time_unique1000,9,1,Monash__elecdemand_dataset/seed_2305/run_monash_time_unique1000/visualizations/archive_latex.tex
326,0.689819724,0.772300000,\frac{\mathrm{Jacov}}{\mathrm{GradNorm} - \mathrm{L2Norm}} + \log\left(\sqrt{\mathrm{JacobFro}}\right),Jacov Grad_Norm L2-Norm Sub Div Jacob_fro Sqrt Log Add <EOS>,((Jacov / (Grad_Norm - L2-Norm)) + log(sqrt(Jacob_fro))),0.772300000,0.766100000,98,9,4,2070,run_monash_time_unique1000,10,1,Monash__elecdemand_dataset/seed_2070/run_monash_time_unique1000/visualizations/archive_latex.tex
327,0.688865323,0.772200000,\frac{\frac{\mathrm{Jacov}}{\mathrm{GradNorm} - \mathrm{L2Norm}}}{\mathrm{ZiCo}},Jacov Grad_Norm L2-Norm Sub Div ZiCo Div <EOS>,((Jacov / (Grad_Norm - L2-Norm)) / ZiCo),0.772200000,0.763000000,169,7,4,2165,run_monash_time_unique1000,2,12,Monash__elecdemand_dataset/seed_2165/run_monash_time_unique1000/visualizations/archive_latex.tex
328,0.687910923,0.772200000,\frac{\mathrm{L2Norm} - \mathrm{GradNorm} + \mathrm{ZiCo}}{\mathrm{Jacov}},L2-Norm Grad_Norm ZiCo Add Sub Jacov Div <EOS>,((L2-Norm - (Grad_Norm + ZiCo)) / Jacov),0.772200000,0.767000000,171,7,4,2207,run_monash_time_unique1000,2,16,Monash__elecdemand_dataset/seed_2207/run_monash_time_unique1000/visualizations/archive_latex.tex
329,0.686956522,0.772200000,\frac{\mathrm{Jacov}}{\mathrm{GradNorm} + \mathrm{ZiCo} - \mathrm{L2Norm}},Jacov Grad_Norm ZiCo Add L2-Norm Sub Div <EOS>,(Jacov / ((Grad_Norm + ZiCo) - L2-Norm)),0.772200000,0.767000000,154,7,4,2273,run_monash_time_unique1000,2,4,Monash__elecdemand_dataset/seed_2273/run_monash_time_unique1000/visualizations/archive_latex.tex
330,0.686002121,0.772200000,\frac{\mathrm{L2Norm} - \mathrm{ZiCo} + \mathrm{GradNorm}}{\mathrm{Jacov}},L2-Norm ZiCo Grad_Norm Add Sub Jacov Div <EOS>,((L2-Norm - (ZiCo + Grad_Norm)) / Jacov),0.772200000,0.767000000,176,7,4,2157,run_monash_time_unique1000,3,16,Monash__elecdemand_dataset/seed_2157/run_monash_time_unique1000/visualizations/archive_latex.tex
331,0.685047720,0.772200000,\left(\mathrm{L2Norm} - \mathrm{GradNorm}\right) \cdot \left(\frac{\mathrm{ZiCo}}{\mathrm{Jacov}}\right),L2-Norm Grad_Norm Sub ZiCo Jacov Div Mul <EOS>,((L2-Norm - Grad_Norm) * (ZiCo / Jacov)),0.772200000,0.763000000,134,7,3,2207,run_monash_time_unique1000,3,13,Monash__elecdemand_dataset/seed_2207/run_monash_time_unique1000/visualizations/archive_latex.tex
332,0.684093319,0.772200000,\frac{\mathrm{Jacov}}{\mathrm{ZiCo} - \mathrm{L2Norm} + \mathrm{GradNorm}},Jacov ZiCo L2-Norm Sub Grad_Norm Add Div <EOS>,(Jacov / ((ZiCo - L2-Norm) + Grad_Norm)),0.772200000,0.767000000,16,7,4,2248,run_monash_time_unique1000,3,1,Monash__elecdemand_dataset/seed_2248/run_monash_time_unique1000/visualizations/archive_latex.tex
333,0.683138918,0.772200000,\left(\frac{\mathrm{ZiCo}}{\mathrm{Jacov}}\right) \cdot \left(\mathrm{L2Norm} - \mathrm{GradNorm}\right),ZiCo Jacov Div L2-Norm Grad_Norm Sub Mul <EOS>,((ZiCo / Jacov) * (L2-Norm - Grad_Norm)),0.772200000,0.763000000,52,7,3,2037,run_monash_time_unique1000,4,8,Monash__elecdemand_dataset/seed_2037/run_monash_time_unique1000/visualizations/archive_latex.tex
334,0.682184517,0.772200000,\frac{\mathrm{L2Norm} - \mathrm{GradNorm} - \mathrm{ZiCo}}{\mathrm{Jacov}},L2-Norm Grad_Norm Sub ZiCo Sub Jacov Div <EOS>,(((L2-Norm - Grad_Norm) - ZiCo) / Jacov),0.772200000,0.767000000,97,7,4,2053,run_monash_time_unique1000,4,29,Monash__elecdemand_dataset/seed_2053/run_monash_time_unique1000/visualizations/archive_latex.tex
335,0.681230117,0.772200000,\frac{\left(\mathrm{ZiCo}\right) \cdot \left(\mathrm{L2Norm} - \mathrm{GradNorm}\right)}{\mathrm{Jacov}},ZiCo L2-Norm Grad_Norm Sub Mul Jacov Div <EOS>,((ZiCo * (L2-Norm - Grad_Norm)) / Jacov),0.772200000,0.763000000,168,7,4,2200,run_monash_time_unique1000,4,34,Monash__elecdemand_dataset/seed_2200/run_monash_time_unique1000/visualizations/archive_latex.tex
336,0.680275716,0.772200000,\frac{\mathrm{Jacov}}{\left(\mathrm{ZiCo}\right) \cdot \left(\mathrm{GradNorm} - \mathrm{L2Norm}\right)},Jacov ZiCo Grad_Norm L2-Norm Sub Mul Div <EOS>,(Jacov / (ZiCo * (Grad_Norm - L2-Norm))),0.772200000,0.763000000,97,7,4,2259,run_monash_time_unique1000,4,2,Monash__elecdemand_dataset/seed_2259/run_monash_time_unique1000/visualizations/archive_latex.tex
337,0.679321315,0.772200000,\frac{\mathrm{L2Norm} - \mathrm{ZiCo} - \mathrm{GradNorm}}{\mathrm{Jacov}},L2-Norm ZiCo Sub Grad_Norm Sub Jacov Div <EOS>,(((L2-Norm - ZiCo) - Grad_Norm) / Jacov),0.772200000,0.767000000,155,7,4,2269,run_monash_time_unique1000,4,8,Monash__elecdemand_dataset/seed_2269/run_monash_time_unique1000/visualizations/archive_latex.tex
338,0.678366914,0.772200000,\frac{\mathrm{ZiCo}}{\frac{\mathrm{Jacov}}{\mathrm{L2Norm} - \mathrm{GradNorm}}},ZiCo Jacov L2-Norm Grad_Norm Sub Div Div <EOS>,(ZiCo / (Jacov / (L2-Norm - Grad_Norm))),0.772200000,0.763000000,157,7,4,2271,run_monash_time_unique1000,4,3,Monash__elecdemand_dataset/seed_2271/run_monash_time_unique1000/visualizations/archive_latex.tex
339,0.677412513,0.772200000,\frac{\mathrm{L2Norm} - \left(\sqrt{\mathrm{GradNorm}}\right)^2 - \mathrm{ZiCo}}{\mathrm{Jacov}},L2-Norm Grad_Norm Sqrt Square Sub ZiCo Sub Jacov Div <EOS>,(((L2-Norm - square(sqrt(Grad_Norm))) - ZiCo) / Jacov),0.772200000,0.767000000,10,9,6,2289,run_monash_time_unique1000,4,1,Monash__elecdemand_dataset/seed_2289/run_monash_time_unique1000/visualizations/archive_latex.tex
340,0.676458112,0.772200000,\frac{\left(\mathrm{ZiCo}\right) \cdot \left(-\mathrm{GradNorm} + \mathrm{L2Norm}\right)}{\mathrm{Jacov}},ZiCo Grad_Norm Negative L2-Norm Add Mul Jacov Div <EOS>,((ZiCo * (-(Grad_Norm) + L2-Norm)) / Jacov),0.772200000,0.763000000,57,8,5,2054,run_monash_time_unique1000,5,1,Monash__elecdemand_dataset/seed_2054/run_monash_time_unique1000/visualizations/archive_latex.tex
341,0.675503712,0.772200000,\frac{\left(\mathrm{L2Norm} - \mathrm{GradNorm}\right) \cdot \left(\mathrm{ZiCo}\right)}{\mathrm{Jacov}},L2-Norm Grad_Norm Sub ZiCo Mul Jacov Div <EOS>,(((L2-Norm - Grad_Norm) * ZiCo) / Jacov),0.772200000,0.763000000,66,7,4,2057,run_monash_time_unique1000,5,32,Monash__elecdemand_dataset/seed_2057/run_monash_time_unique1000/visualizations/archive_latex.tex
342,0.674549311,0.772200000,\frac{\mathrm{L2Norm} - \mathrm{GradNorm}}{\frac{\mathrm{Jacov}}{\mathrm{ZiCo}}},L2-Norm Grad_Norm Sub Jacov ZiCo Div Div <EOS>,((L2-Norm - Grad_Norm) / (Jacov / ZiCo)),0.772200000,0.763000000,27,7,3,2063,run_monash_time_unique1000,5,41,Monash__elecdemand_dataset/seed_2063/run_monash_time_unique1000/visualizations/archive_latex.tex
343,0.673594910,0.772200000,\frac{\left(\mathrm{ZiCo}\right) \cdot \left(\mathrm{L2Norm} + -\mathrm{GradNorm}\right)}{\mathrm{Jacov}},ZiCo L2-Norm Grad_Norm Negative Add Mul Jacov Div <EOS>,((ZiCo * (L2-Norm + -(Grad_Norm))) / Jacov),0.772200000,0.763000000,7,8,5,2112,run_monash_time_unique1000,5,1,Monash__elecdemand_dataset/seed_2112/run_monash_time_unique1000/visualizations/archive_latex.tex
344,0.672640509,0.772200000,\frac{\mathrm{Jacov}}{\mathrm{ZiCo} + \mathrm{GradNorm} - \mathrm{L2Norm}},Jacov ZiCo Grad_Norm L2-Norm Sub Add Div <EOS>,(Jacov / (ZiCo + (Grad_Norm - L2-Norm))),0.772200000,0.767000000,11,7,4,2213,run_monash_time_unique1000,5,3,Monash__elecdemand_dataset/seed_2213/run_monash_time_unique1000/visualizations/archive_latex.tex
345,0.671686108,0.772200000,\frac{\mathrm{Jacov}}{\mathrm{ZiCo} + \mathrm{GradNorm} - \mathrm{L2Norm}},Jacov ZiCo Grad_Norm Add L2-Norm Sub Div <EOS>,(Jacov / ((ZiCo + Grad_Norm) - L2-Norm)),0.772200000,0.767000000,152,7,4,2052,run_monash_time_unique1000,6,2,Monash__elecdemand_dataset/seed_2052/run_monash_time_unique1000/visualizations/archive_latex.tex
346,0.670731707,0.772200000,\frac{\sqrt{\left(\mathrm{L2Norm} - \mathrm{GradNorm} + \mathrm{ZiCo}\right)^2}}{\mathrm{Jacov}},L2-Norm Grad_Norm ZiCo Add Sub Square Sqrt Jacov Div <EOS>,(sqrt(square((L2-Norm - (Grad_Norm + ZiCo)))) / Jacov),0.772200000,0.767000000,91,9,6,2066,run_monash_time_unique1000,6,1,Monash__elecdemand_dataset/seed_2066/run_monash_time_unique1000/visualizations/archive_latex.tex
347,0.669777306,0.772200000,\frac{\mathrm{Jacov}}{\left(\mathrm{GradNorm} - \mathrm{L2Norm}\right) \cdot \left(\mathrm{ZiCo}\right)},Jacov Grad_Norm L2-Norm Sub ZiCo Mul Div <EOS>,(Jacov / ((Grad_Norm - L2-Norm) * ZiCo)),0.772200000,0.763000000,119,7,4,2268,run_monash_time_unique1000,6,2,Monash__elecdemand_dataset/seed_2268/run_monash_time_unique1000/visualizations/archive_latex.tex
348,0.668822906,0.772200000,\left(\mathrm{ZiCo}\right) \cdot \left(\frac{\mathrm{L2Norm} - \mathrm{GradNorm}}{\mathrm{Jacov}}\right),ZiCo L2-Norm Grad_Norm Sub Jacov Div Mul <EOS>,(ZiCo * ((L2-Norm - Grad_Norm) / Jacov)),0.772200000,0.763000000,63,7,4,2295,run_monash_time_unique1000,6,5,Monash__elecdemand_dataset/seed_2295/run_monash_time_unique1000/visualizations/archive_latex.tex
349,0.667868505,0.772200000,\frac{\mathrm{Jacov}}{\mathrm{ZiCo} - \mathrm{L2Norm} - \mathrm{GradNorm}},Jacov ZiCo L2-Norm Grad_Norm Sub Sub Div <EOS>,(Jacov / (ZiCo - (L2-Norm - Grad_Norm))),0.772200000,0.767000000,123,7,4,2308,run_monash_time_unique1000,6,1,Monash__elecdemand_dataset/seed_2308/run_monash_time_unique1000/visualizations/archive_latex.tex
350,0.666914104,0.772200000,\frac{\left(\mathrm{GradNorm} - \mathrm{L2Norm}\right) \cdot \left(\mathrm{ZiCo}\right)}{-\mathrm{Jacov}},Grad_Norm L2-Norm Sub ZiCo Mul Jacov Negative Div <EOS>,(((Grad_Norm - L2-Norm) * ZiCo) / -(Jacov)),0.772200000,0.763000000,174,8,4,2066,run_monash_time_unique1000,7,1,Monash__elecdemand_dataset/seed_2066/run_monash_time_unique1000/visualizations/archive_latex.tex
351,0.665959703,0.772200000,\left(\frac{\mathrm{L2Norm} - \mathrm{GradNorm}}{\mathrm{Jacov}}\right) \cdot \left(\mathrm{ZiCo}\right),L2-Norm Grad_Norm Sub Jacov Div ZiCo Mul <EOS>,(((L2-Norm - Grad_Norm) / Jacov) * ZiCo),0.772200000,0.763000000,52,7,4,2220,run_monash_time_unique1000,7,3,Monash__elecdemand_dataset/seed_2220/run_monash_time_unique1000/visualizations/archive_latex.tex
352,0.665005302,0.772200000,\frac{\frac{\mathrm{Jacov}}{\mathrm{ZiCo}}}{\mathrm{GradNorm} - \mathrm{L2Norm}},Jacov ZiCo Div Grad_Norm L2-Norm Sub Div <EOS>,((Jacov / ZiCo) / (Grad_Norm - L2-Norm)),0.772200000,0.763000000,89,7,3,2178,run_monash_time_unique1000,8,2,Monash__elecdemand_dataset/seed_2178/run_monash_time_unique1000/visualizations/archive_latex.tex
353,0.664050901,0.772200000,\frac{\mathrm{Jacov}}{\mathrm{GradNorm} - \mathrm{L2Norm} - \mathrm{ZiCo}},Jacov Grad_Norm L2-Norm ZiCo Sub Sub Div <EOS>,(Jacov / (Grad_Norm - (L2-Norm - ZiCo))),0.772200000,0.767000000,102,7,4,2251,run_monash_time_unique1000,8,1,Monash__elecdemand_dataset/seed_2251/run_monash_time_unique1000/visualizations/archive_latex.tex
354,0.663096501,0.772200000,\frac{\mathrm{Jacov}}{\mathrm{GradNorm} - -\mathrm{ZiCo} + \mathrm{L2Norm}},Jacov Grad_Norm ZiCo Negative L2-Norm Add Sub Div <EOS>,(Jacov / (Grad_Norm - (-(ZiCo) + L2-Norm))),0.772200000,0.767000000,97,8,5,2042,run_monash_time_unique1000,10,1,Monash__elecdemand_dataset/seed_2042/run_monash_time_unique1000/visualizations/archive_latex.tex
355,0.662142100,0.772100000,\log\left(\mathrm{MParams}\right) + \frac{\mathrm{Jacov}}{\mathrm{GradNorm} - \mathrm{L2Norm}},MParams Log Jacov Grad_Norm L2-Norm Sub Div Add <EOS>,(log(MParams) + (Jacov / (Grad_Norm - L2-Norm))),0.772100000,0.752900000,126,8,4,2090,run_monash_time_unique1000,6,1,Monash__elecdemand_dataset/seed_2090/run_monash_time_unique1000/visualizations/archive_latex.tex
356,0.661187699,0.772100000,\frac{\mathrm{L2Norm} - \mathrm{GradNorm} + \log\left(\log\left(\mathrm{GradNorm}\right)\right)}{\mathrm{Jacov}},L2-Norm Grad_Norm Grad_Norm Log Log Add Sub Jacov Div <EOS>,((L2-Norm - (Grad_Norm + log(log(Grad_Norm)))) / Jacov),0.772100000,0.765100000,47,9,6,2281,run_monash_time_unique1000,8,1,Monash__elecdemand_dataset/seed_2281/run_monash_time_unique1000/visualizations/archive_latex.tex
357,0.660233298,0.772000000,\frac{\mathrm{GradNorm} - \mathrm{L2Norm}}{\log\left(\mathrm{Snip}\right) - \mathrm{Jacov}},Grad_Norm L2-Norm Sub Snip Log Jacov Sub Div <EOS>,((Grad_Norm - L2-Norm) / (log(Snip) - Jacov)),0.772000000,0.767900000,164,8,4,2121,run_monash_time_unique1000,1,2,Monash__elecdemand_dataset/seed_2121/run_monash_time_unique1000/visualizations/archive_latex.tex
358,0.659278897,0.772000000,\frac{\mathrm{GradNorm} - \mathrm{L2Norm}}{\mathrm{plain} - \mathrm{Jacov}},Grad_Norm L2-Norm Sub plain Jacov Sub Div <EOS>,((Grad_Norm - L2-Norm) / (plain - Jacov)),0.772000000,0.767200000,167,7,3,2121,run_monash_time_unique1000,2,4,Monash__elecdemand_dataset/seed_2121/run_monash_time_unique1000/visualizations/archive_latex.tex
359,0.658324496,0.772000000,\frac{\mathrm{plain} - \mathrm{Jacov}}{\mathrm{L2Norm} - \mathrm{GradNorm}},plain Jacov Sub L2-Norm Grad_Norm Sub Div <EOS>,((plain - Jacov) / (L2-Norm - Grad_Norm)),0.772000000,0.767200000,164,7,3,2274,run_monash_time_unique1000,2,7,Monash__elecdemand_dataset/seed_2274/run_monash_time_unique1000/visualizations/archive_latex.tex
360,0.657370095,0.772000000,\frac{\mathrm{GradNorm} - \mathrm{L2Norm}}{\sqrt{\mathrm{L2Norm}} - \mathrm{Jacov}},Grad_Norm L2-Norm Sub L2-Norm Sqrt Jacov Sub Div <EOS>,((Grad_Norm - L2-Norm) / (sqrt(L2-Norm) - Jacov)),0.772000000,0.767700000,132,8,4,2099,run_monash_time_unique1000,3,1,Monash__elecdemand_dataset/seed_2099/run_monash_time_unique1000/visualizations/archive_latex.tex
361,0.656415695,0.772000000,\frac{\mathrm{L2Norm} - \mathrm{GradNorm}}{\mathrm{Jacov} - \log\left(\left(\mathrm{JacobFro}\right)^2\right)},L2-Norm Grad_Norm Sub Jacov Jacob_fro Square Log Sub Div <EOS>,((L2-Norm - Grad_Norm) / (Jacov - log(square(Jacob_fro)))),0.772000000,0.767600000,20,9,5,2140,run_monash_time_unique1000,3,2,Monash__elecdemand_dataset/seed_2140/run_monash_time_unique1000/visualizations/archive_latex.tex
362,0.655461294,0.772000000,\frac{\mathrm{L2Norm} + -\mathrm{GradNorm}}{\mathrm{Jacov} - \mathrm{plain}},L2-Norm Grad_Norm Negative Add Jacov plain Sub Div <EOS>,((L2-Norm + -(Grad_Norm)) / (Jacov - plain)),0.772000000,0.767200000,81,8,4,2143,run_monash_time_unique1000,3,2,Monash__elecdemand_dataset/seed_2143/run_monash_time_unique1000/visualizations/archive_latex.tex
363,0.654506893,0.772000000,\frac{\sqrt{\mathrm{L2Norm}} - \mathrm{Jacov}}{\mathrm{L2Norm} - \mathrm{GradNorm}},L2-Norm Sqrt Jacov Sub L2-Norm Grad_Norm Sub Div <EOS>,((sqrt(L2-Norm) - Jacov) / (L2-Norm - Grad_Norm)),0.772000000,0.767700000,146,8,4,2257,run_monash_time_unique1000,3,3,Monash__elecdemand_dataset/seed_2257/run_monash_time_unique1000/visualizations/archive_latex.tex
364,0.653552492,0.772000000,\frac{-\mathrm{Jacov} - \mathrm{plain}}{\mathrm{L2Norm} - \mathrm{GradNorm}},Jacov plain Sub Negative L2-Norm Grad_Norm Sub Div <EOS>,(-((Jacov - plain)) / (L2-Norm - Grad_Norm)),0.772000000,0.767200000,142,8,4,2099,run_monash_time_unique1000,4,1,Monash__elecdemand_dataset/seed_2099/run_monash_time_unique1000/visualizations/archive_latex.tex
365,0.652598091,0.772000000,\frac{\mathrm{L2Norm} - \mathrm{GradNorm}}{\mathrm{Jacov} - \log\left(\mathrm{Snip}\right)},L2-Norm Grad_Norm Sub Jacov Snip Log Sub Div <EOS>,((L2-Norm - Grad_Norm) / (Jacov - log(Snip))),0.772000000,0.767900000,151,8,4,2124,run_monash_time_unique1000,4,7,Monash__elecdemand_dataset/seed_2124/run_monash_time_unique1000/visualizations/archive_latex.tex
366,0.651643690,0.772000000,\frac{-\mathrm{GradNorm} + \mathrm{L2Norm}}{\mathrm{Jacov} - \mathrm{plain}},Grad_Norm Negative L2-Norm Add Jacov plain Sub Div <EOS>,((-(Grad_Norm) + L2-Norm) / (Jacov - plain)),0.772000000,0.767200000,183,8,4,2257,run_monash_time_unique1000,4,4,Monash__elecdemand_dataset/seed_2257/run_monash_time_unique1000/visualizations/archive_latex.tex
367,0.650689290,0.772000000,\frac{\log\left(\mathrm{Snip}\right) - \mathrm{Jacov}}{\mathrm{L2Norm} - \mathrm{GradNorm}},Snip Log Jacov Sub L2-Norm Grad_Norm Sub Div <EOS>,((log(Snip) - Jacov) / (L2-Norm - Grad_Norm)),0.772000000,0.767900000,169,8,4,2284,run_monash_time_unique1000,4,2,Monash__elecdemand_dataset/seed_2284/run_monash_time_unique1000/visualizations/archive_latex.tex
368,0.649734889,0.772000000,\frac{\mathrm{Jacov} - \mathrm{plain}}{\mathrm{GradNorm} - \mathrm{L2Norm}},Jacov plain Sub Grad_Norm L2-Norm Sub Div <EOS>,((Jacov - plain) / (Grad_Norm - L2-Norm)),0.772000000,0.767200000,20,7,3,2097,run_monash_time_unique1000,5,4,Monash__elecdemand_dataset/seed_2097/run_monash_time_unique1000/visualizations/archive_latex.tex
369,0.648780488,0.772000000,\frac{\mathrm{L2Norm} - \mathrm{GradNorm}}{\mathrm{Jacov} - \mathrm{plain}},L2-Norm Grad_Norm Sub Jacov plain Sub Div <EOS>,((L2-Norm - Grad_Norm) / (Jacov - plain)),0.772000000,0.767200000,71,7,3,2159,run_monash_time_unique1000,5,23,Monash__elecdemand_dataset/seed_2159/run_monash_time_unique1000/visualizations/archive_latex.tex
370,0.647826087,0.772000000,\frac{\mathrm{L2Norm} - \mathrm{GradNorm} + \sqrt{\log\left(\mathrm{GFLOPs}\right)}}{\mathrm{Jacov}},L2-Norm Grad_Norm GFLOPs Log Sqrt Add Sub Jacov Div <EOS>,((L2-Norm - (Grad_Norm + sqrt(log(GFLOPs)))) / Jacov),0.772000000,0.767200000,17,9,6,2201,run_monash_time_unique1000,5,2,Monash__elecdemand_dataset/seed_2201/run_monash_time_unique1000/visualizations/archive_latex.tex
371,0.646871686,0.772000000,\frac{\mathrm{L2Norm} - \mathrm{GradNorm} - \sqrt{\log\left(\mathrm{Snip}\right)}}{\mathrm{Jacov}},L2-Norm Grad_Norm Sub Snip Log Sqrt Sub Jacov Div <EOS>,(((L2-Norm - Grad_Norm) - sqrt(log(Snip))) / Jacov),0.772000000,0.765500000,61,9,5,2036,run_monash_time_unique1000,7,1,Monash__elecdemand_dataset/seed_2036/run_monash_time_unique1000/visualizations/archive_latex.tex
372,0.645917285,0.772000000,\frac{\mathrm{L2Norm} - \mathrm{GradNorm}}{\mathrm{Jacov} + -\log\left(\mathrm{Snip}\right)},L2-Norm Grad_Norm Sub Jacov Snip Log Negative Add Div <EOS>,((L2-Norm - Grad_Norm) / (Jacov + -(log(Snip)))),0.772000000,0.767900000,22,9,5,2156,run_monash_time_unique1000,7,1,Monash__elecdemand_dataset/seed_2156/run_monash_time_unique1000/visualizations/archive_latex.tex
373,0.644962884,0.772000000,\frac{\log\left(\log\left(\mathrm{plain}\right)\right) + \mathrm{L2Norm} - \mathrm{GradNorm}}{\mathrm{Jacov}},plain Log Log L2-Norm Grad_Norm Sub Add Jacov Div <EOS>,((log(log(plain)) + (L2-Norm - Grad_Norm)) / Jacov),0.772000000,0.768300000,56,9,5,2195,run_monash_time_unique1000,7,1,Monash__elecdemand_dataset/seed_2195/run_monash_time_unique1000/visualizations/archive_latex.tex
374,0.644008484,0.772000000,\frac{\mathrm{L2Norm} - \mathrm{GradNorm}}{-\mathrm{plain} + \mathrm{Jacov}},L2-Norm Grad_Norm Sub plain Negative Jacov Add Div <EOS>,((L2-Norm - Grad_Norm) / (-(plain) + Jacov)),0.772000000,0.767200000,44,8,4,2116,run_monash_time_unique1000,8,1,Monash__elecdemand_dataset/seed_2116/run_monash_time_unique1000/visualizations/archive_latex.tex
375,0.643054083,0.772000000,\frac{\mathrm{L2Norm} - \mathrm{GradNorm}}{\mathrm{Jacov} - \log\left(\mathrm{GraSP}\right)},L2-Norm Grad_Norm Sub Jacov GraSP Log Sub Div <EOS>,((L2-Norm - Grad_Norm) / (Jacov - log(GraSP))),0.772000000,0.767400000,142,8,4,2149,run_monash_time_unique1000,8,1,Monash__elecdemand_dataset/seed_2149/run_monash_time_unique1000/visualizations/archive_latex.tex
376,0.642099682,0.772000000,\frac{\mathrm{L2Norm} - \mathrm{GradNorm}}{\mathrm{Jacov} - \sqrt{\mathrm{L2Norm}}},L2-Norm Grad_Norm Sub Jacov L2-Norm Sqrt Sub Div <EOS>,((L2-Norm - Grad_Norm) / (Jacov - sqrt(L2-Norm))),0.772000000,0.767700000,26,8,4,2221,run_monash_time_unique1000,8,3,Monash__elecdemand_dataset/seed_2221/run_monash_time_unique1000/visualizations/archive_latex.tex
377,0.641145281,0.772000000,\frac{\mathrm{L2Norm} - \mathrm{GradNorm}}{\mathrm{Jacov} + -\mathrm{plain}},L2-Norm Grad_Norm Sub Jacov plain Negative Add Div <EOS>,((L2-Norm - Grad_Norm) / (Jacov + -(plain))),0.772000000,0.767200000,127,8,4,2173,run_monash_time_unique1000,9,1,Monash__elecdemand_dataset/seed_2173/run_monash_time_unique1000/visualizations/archive_latex.tex
378,0.640190880,0.772000000,\frac{\mathrm{L2Norm} - \log\left(\log\left(\mathrm{MParams}\right)\right) + \mathrm{GradNorm}}{\mathrm{Jacov}},L2-Norm MParams Log Log Grad_Norm Add Sub Jacov Div <EOS>,((L2-Norm - (log(log(MParams)) + Grad_Norm)) / Jacov),0.772000000,0.762500000,32,9,6,2176,run_monash_time_unique1000,9,1,Monash__elecdemand_dataset/seed_2176/run_monash_time_unique1000/visualizations/archive_latex.tex
379,0.639236479,0.772000000,\frac{\mathrm{Jacov} - \log\left(\mathrm{Snip}\right)}{\mathrm{GradNorm} - \mathrm{L2Norm}},Jacov Snip Log Sub Grad_Norm L2-Norm Sub Div <EOS>,((Jacov - log(Snip)) / (Grad_Norm - L2-Norm)),0.772000000,0.767900000,108,8,4,2178,run_monash_time_unique1000,9,1,Monash__elecdemand_dataset/seed_2178/run_monash_time_unique1000/visualizations/archive_latex.tex
380,0.638282078,0.772000000,\frac{\mathrm{GradNorm} - \mathrm{L2Norm}}{\mathrm{plain} + -\mathrm{Jacov}},Grad_Norm L2-Norm Sub plain Jacov Negative Add Div <EOS>,((Grad_Norm - L2-Norm) / (plain + -(Jacov))),0.772000000,0.767200000,42,8,4,2239,run_monash_time_unique1000,9,1,Monash__elecdemand_dataset/seed_2239/run_monash_time_unique1000/visualizations/archive_latex.tex
381,0.637327678,0.772000000,\frac{\mathrm{L2Norm} + -\mathrm{GradNorm}}{\mathrm{Jacov} + -\mathrm{plain}},L2-Norm Grad_Norm Negative Add Jacov plain Negative Add Div <EOS>,((L2-Norm + -(Grad_Norm)) / (Jacov + -(plain))),0.772000000,0.767200000,15,9,4,2281,run_monash_time_unique1000,9,1,Monash__elecdemand_dataset/seed_2281/run_monash_time_unique1000/visualizations/archive_latex.tex
382,0.636373277,0.772000000,\frac{\mathrm{Jacov} - \sqrt{\mathrm{L2Norm}}}{\mathrm{GradNorm} - \mathrm{L2Norm}},Jacov L2-Norm Sqrt Sub Grad_Norm L2-Norm Sub Div <EOS>,((Jacov - sqrt(L2-Norm)) / (Grad_Norm - L2-Norm)),0.772000000,0.767700000,110,8,4,2178,run_monash_time_unique1000,10,1,Monash__elecdemand_dataset/seed_2178/run_monash_time_unique1000/visualizations/archive_latex.tex
383,0.635418876,0.772000000,\frac{\mathrm{L2Norm} - \sqrt{\log\left(\mathrm{GFLOPs}\right)} - \mathrm{GradNorm}}{\mathrm{Jacov}},L2-Norm GFLOPs Log Sqrt Sub Grad_Norm Sub Jacov Div <EOS>,(((L2-Norm - sqrt(log(GFLOPs))) - Grad_Norm) / Jacov),0.772000000,0.767200000,14,9,6,2278,run_monash_time_unique1000,10,1,Monash__elecdemand_dataset/seed_2278/run_monash_time_unique1000/visualizations/archive_latex.tex
384,0.634464475,0.772000000,\frac{\mathrm{L2Norm} - \mathrm{GradNorm} + \log\left(\log\left(\mathrm{MParams}\right)\right)}{\mathrm{Jacov}},L2-Norm Grad_Norm MParams Log Log Add Sub Jacov Div <EOS>,((L2-Norm - (Grad_Norm + log(log(MParams)))) / Jacov),0.772000000,0.762500000,23,9,6,2306,run_monash_time_unique1000,10,1,Monash__elecdemand_dataset/seed_2306/run_monash_time_unique1000/visualizations/archive_latex.tex
385,0.633510074,0.771900000,\frac{\left(\sqrt{\mathrm{Jacov}} + \mathrm{ZiCo}\right)^2}{\mathrm{L2Norm} - \mathrm{GradNorm}},Jacov Sqrt ZiCo Add Square L2-Norm Grad_Norm Sub Div <EOS>,(square((sqrt(Jacov) + ZiCo)) / (L2-Norm - Grad_Norm)),0.771900000,0.767200000,31,9,5,2312,run_monash_time_unique1000,1,1,Monash__elecdemand_dataset/seed_2312/run_monash_time_unique1000/visualizations/archive_latex.tex
386,0.632555673,0.771800000,\frac{\mathrm{L2Norm} - \mathrm{GradNorm}}{\log\left(\mathrm{GSynFlow}\right) + \mathrm{Jacov}},L2-Norm Grad_Norm Sub GSynFlow Log Jacov Add Div <EOS>,((L2-Norm - Grad_Norm) / (log(GSynFlow) + Jacov)),0.771800000,0.764000000,17,8,4,2165,run_monash_time_unique1000,3,4,Monash__elecdemand_dataset/seed_2165/run_monash_time_unique1000/visualizations/archive_latex.tex
387,0.631601273,0.771800000,\frac{\sqrt{\mathrm{JacobFro}} - \mathrm{Jacov}}{\mathrm{L2Norm} - \mathrm{GradNorm}},Jacob_fro Sqrt Jacov Sub L2-Norm Grad_Norm Sub Div <EOS>,((sqrt(Jacob_fro) - Jacov) / (L2-Norm - Grad_Norm)),0.771800000,0.767800000,143,8,4,2257,run_monash_time_unique1000,5,3,Monash__elecdemand_dataset/seed_2257/run_monash_time_unique1000/visualizations/archive_latex.tex
388,0.630646872,0.771800000,\frac{\mathrm{L2Norm} - \mathrm{GradNorm}}{\mathrm{Jacov} + \log\left(\mathrm{GSynFlow}\right)},L2-Norm Grad_Norm Sub Jacov GSynFlow Log Add Div <EOS>,((L2-Norm - Grad_Norm) / (Jacov + log(GSynFlow))),0.771800000,0.764000000,16,8,4,2072,run_monash_time_unique1000,6,2,Monash__elecdemand_dataset/seed_2072/run_monash_time_unique1000/visualizations/archive_latex.tex
389,0.629692471,0.771800000,\frac{\mathrm{L2Norm} - \mathrm{GradNorm}}{\mathrm{Jacov} - \sqrt{\mathrm{JacobFro}}},L2-Norm Grad_Norm Sub Jacov Jacob_fro Sqrt Sub Div <EOS>,((L2-Norm - Grad_Norm) / (Jacov - sqrt(Jacob_fro))),0.771800000,0.767800000,65,8,4,2294,run_monash_time_unique1000,6,6,Monash__elecdemand_dataset/seed_2294/run_monash_time_unique1000/visualizations/archive_latex.tex
390,0.628738070,0.771800000,\frac{\mathrm{L2Norm} - \mathrm{GradNorm}}{\log\left(\left(\mathrm{MParams}\right)^2\right) + \mathrm{Jacov}},L2-Norm Grad_Norm Sub MParams Square Log Jacov Add Div <EOS>,((L2-Norm - Grad_Norm) / (log(square(MParams)) + Jacov)),0.771800000,0.766800000,186,9,5,2166,run_monash_time_unique1000,8,1,Monash__elecdemand_dataset/seed_2166/run_monash_time_unique1000/visualizations/archive_latex.tex
391,0.627783669,0.771800000,\frac{\mathrm{Jacov} + \log\left(\mathrm{GSynFlow}\right)}{\mathrm{GradNorm} - \mathrm{L2Norm}},Jacov GSynFlow Log Add Grad_Norm L2-Norm Sub Div <EOS>,((Jacov + log(GSynFlow)) / (Grad_Norm - L2-Norm)),0.771800000,0.764000000,115,8,4,2292,run_monash_time_unique1000,10,1,Monash__elecdemand_dataset/seed_2292/run_monash_time_unique1000/visualizations/archive_latex.tex
392,0.626829268,0.771700000,\frac{\mathrm{L2Norm} - \mathrm{GradNorm}}{\mathrm{Jacov} + \mathrm{GFLOPs}},L2-Norm Grad_Norm Sub Jacov GFLOPs Add Div <EOS>,((L2-Norm - Grad_Norm) / (Jacov + GFLOPs)),0.771700000,0.766400000,12,7,3,2326,run_monash_time_unique1000,1,14,Monash__elecdemand_dataset/seed_2326/run_monash_time_unique1000/visualizations/archive_latex.tex
393,0.625874867,0.771700000,\frac{\mathrm{GradNorm} - \mathrm{L2Norm}}{\sqrt{\mathrm{GraSP}} - \mathrm{Jacov}},Grad_Norm L2-Norm Sub GraSP Sqrt Jacov Sub Div <EOS>,((Grad_Norm - L2-Norm) / (sqrt(GraSP) - Jacov)),0.771700000,0.761300000,79,8,4,2118,run_monash_time_unique1000,2,1,Monash__elecdemand_dataset/seed_2118/run_monash_time_unique1000/visualizations/archive_latex.tex
394,0.624920467,0.771700000,\frac{\mathrm{L2Norm} - \mathrm{GradNorm}}{\mathrm{GFLOPs} + \mathrm{Jacov}},L2-Norm Grad_Norm Sub GFLOPs Jacov Add Div <EOS>,((L2-Norm - Grad_Norm) / (GFLOPs + Jacov)),0.771700000,0.766400000,128,7,3,2282,run_monash_time_unique1000,2,13,Monash__elecdemand_dataset/seed_2282/run_monash_time_unique1000/visualizations/archive_latex.tex
395,0.623966066,0.771700000,\frac{\mathrm{L2Norm} - \mathrm{GradNorm}}{\mathrm{Jacov} - \sqrt{\mathrm{GraSP}}},L2-Norm Grad_Norm Sub Jacov GraSP Sqrt Sub Div <EOS>,((L2-Norm - Grad_Norm) / (Jacov - sqrt(GraSP))),0.771700000,0.761300000,135,8,4,2314,run_monash_time_unique1000,2,4,Monash__elecdemand_dataset/seed_2314/run_monash_time_unique1000/visualizations/archive_latex.tex
396,0.623011665,0.771700000,\frac{\log\left(\mathrm{GradNorm}\right) - \mathrm{Jacov}}{\mathrm{L2Norm} - \mathrm{GradNorm}},Grad_Norm Log Jacov Sub L2-Norm Grad_Norm Sub Div <EOS>,((log(Grad_Norm) - Jacov) / (L2-Norm - Grad_Norm)),0.771700000,0.767400000,111,8,4,2033,run_monash_time_unique1000,3,3,Monash__elecdemand_dataset/seed_2033/run_monash_time_unique1000/visualizations/archive_latex.tex
397,0.622057264,0.771700000,\frac{\mathrm{GradNorm} - \mathrm{L2Norm}}{\log\left(\mathrm{GradNorm}\right) - \mathrm{Jacov}},Grad_Norm L2-Norm Sub Grad_Norm Log Jacov Sub Div <EOS>,((Grad_Norm - L2-Norm) / (log(Grad_Norm) - Jacov)),0.771700000,0.767400000,165,8,4,2121,run_monash_time_unique1000,3,1,Monash__elecdemand_dataset/seed_2121/run_monash_time_unique1000/visualizations/archive_latex.tex
398,0.621102863,0.771700000,\frac{\log\left(\mathrm{L2Norm}\right) - \mathrm{Jacov}}{\mathrm{L2Norm} - \mathrm{GradNorm}},L2-Norm Log Jacov Sub L2-Norm Grad_Norm Sub Div <EOS>,((log(L2-Norm) - Jacov) / (L2-Norm - Grad_Norm)),0.771700000,0.767000000,160,8,4,2274,run_monash_time_unique1000,3,1,Monash__elecdemand_dataset/seed_2274/run_monash_time_unique1000/visualizations/archive_latex.tex
399,0.620148462,0.771700000,\frac{-\mathrm{Jacov} + \mathrm{GFLOPs}}{\mathrm{L2Norm} - \mathrm{GradNorm}},Jacov GFLOPs Add Negative L2-Norm Grad_Norm Sub Div <EOS>,(-((Jacov + GFLOPs)) / (L2-Norm - Grad_Norm)),0.771700000,0.766400000,109,8,4,2033,run_monash_time_unique1000,4,1,Monash__elecdemand_dataset/seed_2033/run_monash_time_unique1000/visualizations/archive_latex.tex
400,0.619194062,0.771700000,\frac{\mathrm{Jacov}}{\sqrt{\mathrm{Fisher}} - -\mathrm{GradNorm} - \mathrm{L2Norm}},Jacov Fisher Sqrt Grad_Norm Negative Sub L2-Norm Sub Div <EOS>,(Jacov / ((sqrt(Fisher) - -(Grad_Norm)) - L2-Norm)),0.771700000,0.762800000,59,9,5,2088,run_monash_time_unique1000,4,1,Monash__elecdemand_dataset/seed_2088/run_monash_time_unique1000/visualizations/archive_latex.tex
401,0.618239661,0.771700000,\frac{\mathrm{L2Norm} - \sqrt{\mathrm{Fisher}} + \mathrm{GradNorm}}{\mathrm{Jacov}},L2-Norm Fisher Sqrt Grad_Norm Add Sub Jacov Div <EOS>,((L2-Norm - (sqrt(Fisher) + Grad_Norm)) / Jacov),0.771700000,0.762800000,178,8,5,2157,run_monash_time_unique1000,4,4,Monash__elecdemand_dataset/seed_2157/run_monash_time_unique1000/visualizations/archive_latex.tex
402,0.617285260,0.771700000,\frac{\mathrm{L2Norm} - \mathrm{GradNorm} - \sqrt{\mathrm{Fisher}}}{\mathrm{Jacov}},L2-Norm Grad_Norm Sub Fisher Sqrt Sub Jacov Div <EOS>,(((L2-Norm - Grad_Norm) - sqrt(Fisher)) / Jacov),0.771700000,0.762800000,63,8,4,2235,run_monash_time_unique1000,4,6,Monash__elecdemand_dataset/seed_2235/run_monash_time_unique1000/visualizations/archive_latex.tex
403,0.616330859,0.771700000,\frac{\mathrm{Jacov}}{\sqrt{\mathrm{Fisher}} - \mathrm{L2Norm} + \mathrm{GradNorm}},Jacov Fisher Sqrt L2-Norm Sub Grad_Norm Add Div <EOS>,(Jacov / ((sqrt(Fisher) - L2-Norm) + Grad_Norm)),0.771700000,0.762800000,16,8,5,2248,run_monash_time_unique1000,4,1,Monash__elecdemand_dataset/seed_2248/run_monash_time_unique1000/visualizations/archive_latex.tex
404,0.615376458,0.771700000,\frac{\mathrm{L2Norm} + -\mathrm{GradNorm} - \sqrt{\mathrm{Fisher}}}{\mathrm{Jacov}},L2-Norm Grad_Norm Negative Fisher Sqrt Sub Add Jacov Div <EOS>,((L2-Norm + (-(Grad_Norm) - sqrt(Fisher))) / Jacov),0.771700000,0.762800000,133,9,5,2280,run_monash_time_unique1000,5,1,Monash__elecdemand_dataset/seed_2280/run_monash_time_unique1000/visualizations/archive_latex.tex
405,0.614422057,0.771700000,\frac{\left(\frac{\mathrm{Jacov}}{\mathrm{L2Norm} - \mathrm{GradNorm}}\right)^2}{\log\left(\mathrm{L2Norm}\right)},Jacov L2-Norm Grad_Norm Sub Div Square L2-Norm Log Div <EOS>,(square((Jacov / (L2-Norm - Grad_Norm))) / log(L2-Norm)),0.771700000,0.767200000,98,9,5,2047,run_monash_time_unique1000,6,1,Monash__elecdemand_dataset/seed_2047/run_monash_time_unique1000/visualizations/archive_latex.tex
406,0.613467656,0.771700000,\left(\mathrm{L2Norm} - \mathrm{GradNorm}\right) \cdot \left(\frac{\sqrt{\log\left(\mathrm{L2Norm}\right)}}{\mathrm{Jacov}}\right),L2-Norm Grad_Norm Sub L2-Norm Log Sqrt Jacov Div Mul <EOS>,((L2-Norm - Grad_Norm) * (sqrt(log(L2-Norm)) / Jacov)),0.771700000,0.767200000,26,9,5,2061,run_monash_time_unique1000,6,1,Monash__elecdemand_dataset/seed_2061/run_monash_time_unique1000/visualizations/archive_latex.tex
407,0.612513256,0.771700000,\frac{\mathrm{GFLOPs} + \mathrm{Jacov}}{\mathrm{GradNorm} - \mathrm{L2Norm}},GFLOPs Jacov Add Grad_Norm L2-Norm Sub Div <EOS>,((GFLOPs + Jacov) / (Grad_Norm - L2-Norm)),0.771700000,0.766400000,177,7,3,2089,run_monash_time_unique1000,6,2,Monash__elecdemand_dataset/seed_2089/run_monash_time_unique1000/visualizations/archive_latex.tex
408,0.611558855,0.771700000,\frac{\left(\sqrt{\log\left(\mathrm{L2Norm}\right)}\right) \cdot \left(\mathrm{L2Norm} - \mathrm{GradNorm}\right)}{\mathrm{Jacov}},L2-Norm Log Sqrt L2-Norm Grad_Norm Sub Mul Jacov Div <EOS>,((sqrt(log(L2-Norm)) * (L2-Norm - Grad_Norm)) / Jacov),0.771700000,0.767200000,173,9,5,2315,run_monash_time_unique1000,6,2,Monash__elecdemand_dataset/seed_2315/run_monash_time_unique1000/visualizations/archive_latex.tex
409,0.610604454,0.771700000,\frac{-\mathrm{GradNorm} + \mathrm{L2Norm}}{\mathrm{Jacov} + \mathrm{GFLOPs}},Grad_Norm Negative L2-Norm Add Jacov GFLOPs Add Div <EOS>,((-(Grad_Norm) + L2-Norm) / (Jacov + GFLOPs)),0.771700000,0.766400000,101,8,4,2155,run_monash_time_unique1000,7,1,Monash__elecdemand_dataset/seed_2155/run_monash_time_unique1000/visualizations/archive_latex.tex
410,0.609650053,0.771700000,\frac{\mathrm{L2Norm} - \mathrm{GradNorm}}{\mathrm{Jacov} - -\mathrm{GFLOPs}},L2-Norm Grad_Norm Sub Jacov GFLOPs Negative Sub Div <EOS>,((L2-Norm - Grad_Norm) / (Jacov - -(GFLOPs))),0.771700000,0.766400000,71,8,4,2159,run_monash_time_unique1000,7,1,Monash__elecdemand_dataset/seed_2159/run_monash_time_unique1000/visualizations/archive_latex.tex
411,0.608695652,0.771700000,\frac{\mathrm{Jacov} - \log\left(\mathrm{GradNorm}\right)}{\mathrm{GradNorm} - \mathrm{L2Norm}},Jacov Grad_Norm Log Sub Grad_Norm L2-Norm Sub Div <EOS>,((Jacov - log(Grad_Norm)) / (Grad_Norm - L2-Norm)),0.771700000,0.767400000,75,8,4,2189,run_monash_time_unique1000,7,1,Monash__elecdemand_dataset/seed_2189/run_monash_time_unique1000/visualizations/archive_latex.tex
412,0.607741251,0.771700000,\frac{\mathrm{L2Norm} - \mathrm{GradNorm} + \sqrt{\mathrm{Fisher}}}{\mathrm{Jacov}},L2-Norm Grad_Norm Fisher Sqrt Add Sub Jacov Div <EOS>,((L2-Norm - (Grad_Norm + sqrt(Fisher))) / Jacov),0.771700000,0.762800000,12,8,5,2308,run_monash_time_unique1000,7,4,Monash__elecdemand_dataset/seed_2308/run_monash_time_unique1000/visualizations/archive_latex.tex
413,0.606786850,0.771700000,\frac{\mathrm{Jacov} + \mathrm{GFLOPs}}{\mathrm{GradNorm} - \mathrm{L2Norm}},Jacov GFLOPs Add Grad_Norm L2-Norm Sub Div <EOS>,((Jacov + GFLOPs) / (Grad_Norm - L2-Norm)),0.771700000,0.766400000,144,7,3,2052,run_monash_time_unique1000,8,2,Monash__elecdemand_dataset/seed_2052/run_monash_time_unique1000/visualizations/archive_latex.tex
414,0.605832450,0.771700000,\frac{\mathrm{L2Norm} + -\sqrt{\mathrm{Fisher}} - \mathrm{GradNorm}}{\mathrm{Jacov}},L2-Norm Fisher Sqrt Negative Add Grad_Norm Sub Jacov Div <EOS>,(((L2-Norm + -(sqrt(Fisher))) - Grad_Norm) / Jacov),0.771700000,0.762800000,143,9,6,2076,run_monash_time_unique1000,8,1,Monash__elecdemand_dataset/seed_2076/run_monash_time_unique1000/visualizations/archive_latex.tex
415,0.604878049,0.771700000,\left(\frac{\sqrt{\log\left(\mathrm{L2Norm}\right)}}{\mathrm{Jacov}}\right) \cdot \left(\mathrm{L2Norm} - \mathrm{GradNorm}\right),L2-Norm Log Sqrt Jacov Div L2-Norm Grad_Norm Sub Mul <EOS>,((sqrt(log(L2-Norm)) / Jacov) * (L2-Norm - Grad_Norm)),0.771700000,0.767200000,120,9,5,2078,run_monash_time_unique1000,8,1,Monash__elecdemand_dataset/seed_2078/run_monash_time_unique1000/visualizations/archive_latex.tex
416,0.603923648,0.771700000,\frac{\left(\mathrm{L2Norm} - \mathrm{GradNorm}\right) \cdot \left(\sqrt{\log\left(\mathrm{L2Norm}\right)}\right)}{\mathrm{Jacov}},L2-Norm Grad_Norm Sub L2-Norm Log Sqrt Mul Jacov Div <EOS>,(((L2-Norm - Grad_Norm) * sqrt(log(L2-Norm))) / Jacov),0.771700000,0.767200000,150,9,5,2263,run_monash_time_unique1000,8,3,Monash__elecdemand_dataset/seed_2263/run_monash_time_unique1000/visualizations/archive_latex.tex
417,0.602969247,0.771700000,\left(\sqrt{\log\left(\mathrm{L2Norm}\right)}\right) \cdot \left(\frac{\mathrm{L2Norm} - \mathrm{GradNorm}}{\mathrm{Jacov}}\right),L2-Norm Log Sqrt L2-Norm Grad_Norm Sub Jacov Div Mul <EOS>,(sqrt(log(L2-Norm)) * ((L2-Norm - Grad_Norm) / Jacov)),0.771700000,0.767200000,190,9,4,2182,run_monash_time_unique1000,9,1,Monash__elecdemand_dataset/seed_2182/run_monash_time_unique1000/visualizations/archive_latex.tex
418,0.602014846,0.771700000,\frac{\mathrm{L2Norm} - \mathrm{GradNorm}}{\mathrm{Jacov} - \log\left(\mathrm{GradNorm}\right)},L2-Norm Grad_Norm Sub Jacov Grad_Norm Log Sub Div <EOS>,((L2-Norm - Grad_Norm) / (Jacov - log(Grad_Norm))),0.771700000,0.767400000,14,8,4,2276,run_monash_time_unique1000,9,1,Monash__elecdemand_dataset/seed_2276/run_monash_time_unique1000/visualizations/archive_latex.tex
419,0.601060445,0.771700000,\frac{\mathrm{L2Norm} - \mathrm{GradNorm} - -\sqrt{\mathrm{Fisher}}}{\mathrm{Jacov}},L2-Norm Grad_Norm Fisher Sqrt Negative Sub Sub Jacov Div <EOS>,((L2-Norm - (Grad_Norm - -(sqrt(Fisher)))) / Jacov),0.771700000,0.762800000,20,9,6,2125,run_monash_time_unique1000,10,1,Monash__elecdemand_dataset/seed_2125/run_monash_time_unique1000/visualizations/archive_latex.tex
420,0.600106045,0.771700000,\frac{\mathrm{Jacov}}{\left(\mathrm{GradNorm} - \mathrm{L2Norm}\right) \cdot \left(\sqrt{\log\left(\mathrm{L2Norm}\right)}\right)},Jacov Grad_Norm L2-Norm Sub L2-Norm Log Sqrt Mul Div <EOS>,(Jacov / ((Grad_Norm - L2-Norm) * sqrt(log(L2-Norm)))),0.771700000,0.767200000,58,9,5,2316,run_monash_time_unique1000,10,1,Monash__elecdemand_dataset/seed_2316/run_monash_time_unique1000/visualizations/archive_latex.tex
421,0.599151644,0.771700000,\frac{\mathrm{L2Norm} - \mathrm{GradNorm}}{\mathrm{Jacov} + -\log\left(\mathrm{GradNorm}\right)},L2-Norm Grad_Norm Sub Jacov Grad_Norm Log Negative Add Div <EOS>,((L2-Norm - Grad_Norm) / (Jacov + -(log(Grad_Norm)))),0.771700000,0.767400000,17,9,5,2322,run_monash_time_unique1000,10,1,Monash__elecdemand_dataset/seed_2322/run_monash_time_unique1000/visualizations/archive_latex.tex
422,0.598197243,0.771600000,\frac{\log\left(\mathrm{Jacov}\right) - \mathrm{Jacov}}{\mathrm{L2Norm} - \mathrm{GradNorm}},Jacov Log Jacov Sub L2-Norm Grad_Norm Sub Div <EOS>,((log(Jacov) - Jacov) / (L2-Norm - Grad_Norm)),0.771600000,0.767400000,64,8,4,2236,run_monash_time_unique1000,3,4,Monash__elecdemand_dataset/seed_2236/run_monash_time_unique1000/visualizations/archive_latex.tex
423,0.597242842,0.771600000,\frac{\mathrm{L2Norm} - \mathrm{GradNorm}}{\left(\mathrm{MParams}\right)^2 + \mathrm{Jacov}},L2-Norm Grad_Norm Sub MParams Square Jacov Add Div <EOS>,((L2-Norm - Grad_Norm) / (square(MParams) + Jacov)),0.771600000,0.766900000,105,8,4,2314,run_monash_time_unique1000,3,2,Monash__elecdemand_dataset/seed_2314/run_monash_time_unique1000/visualizations/archive_latex.tex
424,0.596288441,0.771600000,\frac{\mathrm{L2Norm} - \mathrm{GradNorm}}{\mathrm{Jacov} - \log\left(\mathrm{Jacov}\right)},L2-Norm Grad_Norm Sub Jacov Jacov Log Sub Div <EOS>,((L2-Norm - Grad_Norm) / (Jacov - log(Jacov))),0.771600000,0.767400000,26,8,4,2140,run_monash_time_unique1000,4,7,Monash__elecdemand_dataset/seed_2140/run_monash_time_unique1000/visualizations/archive_latex.tex
425,0.595334040,0.771600000,\frac{\mathrm{L2Norm} - \mathrm{GradNorm} - \log\left(\mathrm{MParams}\right)}{\mathrm{Jacov}},L2-Norm Grad_Norm MParams Log Sub Sub Jacov Div <EOS>,((L2-Norm - (Grad_Norm - log(MParams))) / Jacov),0.771600000,0.764100000,75,8,5,2143,run_monash_time_unique1000,4,2,Monash__elecdemand_dataset/seed_2143/run_monash_time_unique1000/visualizations/archive_latex.tex
426,0.594379639,0.771600000,\frac{-\mathrm{GradNorm} + \mathrm{L2Norm}}{\mathrm{Jacov} - \log\left(\mathrm{Jacov}\right)},Grad_Norm Negative L2-Norm Add Jacov Jacov Log Sub Div <EOS>,((-(Grad_Norm) + L2-Norm) / (Jacov - log(Jacov))),0.771600000,0.767400000,10,9,4,2138,run_monash_time_unique1000,5,1,Monash__elecdemand_dataset/seed_2138/run_monash_time_unique1000/visualizations/archive_latex.tex
427,0.593425239,0.771600000,\frac{\log\left(\mathrm{JacobFro}\right) - \mathrm{Jacov}}{\mathrm{L2Norm} - \mathrm{GradNorm}},Jacob_fro Log Jacov Sub L2-Norm Grad_Norm Sub Div <EOS>,((log(Jacob_fro) - Jacov) / (L2-Norm - Grad_Norm)),0.771600000,0.766700000,18,8,4,2232,run_monash_time_unique1000,5,1,Monash__elecdemand_dataset/seed_2232/run_monash_time_unique1000/visualizations/archive_latex.tex
428,0.592470838,0.771600000,\frac{\mathrm{Jacov}}{\mathrm{GradNorm} - \mathrm{L2Norm}} - -\log\left(\mathrm{L2Norm}\right),Jacov Grad_Norm L2-Norm Sub Div L2-Norm Log Negative Sub <EOS>,((Jacov / (Grad_Norm - L2-Norm)) - -(log(L2-Norm))),0.771600000,0.765100000,174,9,4,2302,run_monash_time_unique1000,6,1,Monash__elecdemand_dataset/seed_2302/run_monash_time_unique1000/visualizations/archive_latex.tex
429,0.591516437,0.771600000,\frac{\left(\mathrm{MParams}\right)^2 + \mathrm{Jacov}}{\mathrm{GradNorm} - \mathrm{L2Norm}},MParams Square Jacov Add Grad_Norm L2-Norm Sub Div <EOS>,((square(MParams) + Jacov) / (Grad_Norm - L2-Norm)),0.771600000,0.766900000,136,8,4,2063,run_monash_time_unique1000,7,1,Monash__elecdemand_dataset/seed_2063/run_monash_time_unique1000/visualizations/archive_latex.tex
430,0.590562036,0.771600000,\frac{\mathrm{L2Norm} - \mathrm{GradNorm} + \log\left(\mathrm{MParams}\right)}{\mathrm{Jacov}},L2-Norm Grad_Norm Sub MParams Log Add Jacov Div <EOS>,(((L2-Norm - Grad_Norm) + log(MParams)) / Jacov),0.771600000,0.764100000,176,8,4,2324,run_monash_time_unique1000,7,1,Monash__elecdemand_dataset/seed_2324/run_monash_time_unique1000/visualizations/archive_latex.tex
431,0.589607635,0.771600000,\frac{\mathrm{GradNorm} - \mathrm{L2Norm}}{\log\left(\mathrm{Jacov}\right) - \mathrm{Jacov}},Grad_Norm L2-Norm Sub Jacov Log Jacov Sub Div <EOS>,((Grad_Norm - L2-Norm) / (log(Jacov) - Jacov)),0.771600000,0.767400000,169,8,4,2028,run_monash_time_unique1000,8,1,Monash__elecdemand_dataset/seed_2028/run_monash_time_unique1000/visualizations/archive_latex.tex
432,0.588653234,0.771600000,\frac{\log\left(\mathrm{MParams}\right) - \mathrm{GradNorm} + \mathrm{L2Norm}}{\mathrm{Jacov}},MParams Log Grad_Norm Sub L2-Norm Add Jacov Div <EOS>,(((log(MParams) - Grad_Norm) + L2-Norm) / Jacov),0.771600000,0.764100000,52,8,5,2220,run_monash_time_unique1000,8,1,Monash__elecdemand_dataset/seed_2220/run_monash_time_unique1000/visualizations/archive_latex.tex
433,0.587698834,0.771600000,\frac{\log\left(\mathrm{MParams}\right) + \mathrm{L2Norm} - \mathrm{GradNorm}}{\mathrm{Jacov}},MParams Log L2-Norm Grad_Norm Sub Add Jacov Div <EOS>,((log(MParams) + (L2-Norm - Grad_Norm)) / Jacov),0.771600000,0.764100000,178,8,4,2039,run_monash_time_unique1000,9,1,Monash__elecdemand_dataset/seed_2039/run_monash_time_unique1000/visualizations/archive_latex.tex
434,0.586744433,0.771600000,\log\left(\mathrm{L2Norm}\right) + \frac{\mathrm{Jacov}}{\mathrm{GradNorm} - \mathrm{L2Norm}},L2-Norm Log Jacov Grad_Norm L2-Norm Sub Div Add <EOS>,(log(L2-Norm) + (Jacov / (Grad_Norm - L2-Norm))),0.771600000,0.765100000,127,8,4,2090,run_monash_time_unique1000,9,1,Monash__elecdemand_dataset/seed_2090/run_monash_time_unique1000/visualizations/archive_latex.tex
435,0.585790032,0.771600000,\frac{\mathrm{Jacov} - \log\left(\mathrm{Jacov}\right)}{\mathrm{GradNorm} - \mathrm{L2Norm}},Jacov Jacov Log Sub Grad_Norm L2-Norm Sub Div <EOS>,((Jacov - log(Jacov)) / (Grad_Norm - L2-Norm)),0.771600000,0.767400000,180,8,4,2163,run_monash_time_unique1000,10,1,Monash__elecdemand_dataset/seed_2163/run_monash_time_unique1000/visualizations/archive_latex.tex
436,0.584835631,0.771600000,\frac{\mathrm{Jacov} + \left(\mathrm{MParams}\right)^2}{\mathrm{GradNorm} - \mathrm{L2Norm}},Jacov MParams Square Add Grad_Norm L2-Norm Sub Div <EOS>,((Jacov + square(MParams)) / (Grad_Norm - L2-Norm)),0.771600000,0.766900000,109,8,4,2204,run_monash_time_unique1000,10,1,Monash__elecdemand_dataset/seed_2204/run_monash_time_unique1000/visualizations/archive_latex.tex
437,0.583881230,0.771500000,\frac{\mathrm{Jacov}}{\mathrm{MParams} + \mathrm{GradNorm} - \mathrm{L2Norm}},Jacov MParams Grad_Norm Add L2-Norm Sub Div <EOS>,(Jacov / ((MParams + Grad_Norm) - L2-Norm)),0.771500000,0.766700000,135,7,4,2188,run_monash_time_unique1000,2,2,Monash__elecdemand_dataset/seed_2188/run_monash_time_unique1000/visualizations/archive_latex.tex
438,0.582926829,0.771500000,\frac{\mathrm{JacobFro} - \mathrm{Jacov}}{\mathrm{L2Norm} - \mathrm{GradNorm}},Jacob_fro Jacov Sub L2-Norm Grad_Norm Sub Div <EOS>,((Jacob_fro - Jacov) / (L2-Norm - Grad_Norm)),0.771500000,0.764800000,180,7,3,2199,run_monash_time_unique1000,3,14,Monash__elecdemand_dataset/seed_2199/run_monash_time_unique1000/visualizations/archive_latex.tex
439,0.581972428,0.771500000,\frac{\mathrm{L2Norm} - \mathrm{GradNorm}}{\mathrm{Jacov} - \mathrm{JacobFro}},L2-Norm Grad_Norm Sub Jacov Jacob_fro Sub Div <EOS>,((L2-Norm - Grad_Norm) / (Jacov - Jacob_fro)),0.771500000,0.764800000,123,7,3,2231,run_monash_time_unique1000,3,36,Monash__elecdemand_dataset/seed_2231/run_monash_time_unique1000/visualizations/archive_latex.tex
440,0.581018028,0.771500000,\frac{\mathrm{GradNorm} - \mathrm{L2Norm}}{\mathrm{JacobFro} - \mathrm{Jacov}},Grad_Norm L2-Norm Sub Jacob_fro Jacov Sub Div <EOS>,((Grad_Norm - L2-Norm) / (Jacob_fro - Jacov)),0.771500000,0.764800000,13,7,3,2314,run_monash_time_unique1000,4,2,Monash__elecdemand_dataset/seed_2314/run_monash_time_unique1000/visualizations/archive_latex.tex
441,0.580063627,0.771500000,\frac{\mathrm{Jacov} - \mathrm{JacobFro}}{-\mathrm{L2Norm} + \mathrm{GradNorm}},Jacov Jacob_fro Sub L2-Norm Negative Grad_Norm Add Div <EOS>,((Jacov - Jacob_fro) / (-(L2-Norm) + Grad_Norm)),0.771500000,0.764800000,130,8,4,2094,run_monash_time_unique1000,5,1,Monash__elecdemand_dataset/seed_2094/run_monash_time_unique1000/visualizations/archive_latex.tex
442,0.579109226,0.771500000,\frac{\mathrm{L2Norm} - \mathrm{GradNorm} - \mathrm{MParams}}{\mathrm{Jacov}},L2-Norm Grad_Norm Sub MParams Sub Jacov Div <EOS>,(((L2-Norm - Grad_Norm) - MParams) / Jacov),0.771500000,0.766700000,194,7,4,2145,run_monash_time_unique1000,5,1,Monash__elecdemand_dataset/seed_2145/run_monash_time_unique1000/visualizations/archive_latex.tex
443,0.578154825,0.771500000,\frac{\mathrm{L2Norm} - \mathrm{GradNorm}}{-\mathrm{JacobFro} + \mathrm{Jacov}},L2-Norm Grad_Norm Sub Jacob_fro Negative Jacov Add Div <EOS>,((L2-Norm - Grad_Norm) / (-(Jacob_fro) + Jacov)),0.771500000,0.764800000,16,8,4,2165,run_monash_time_unique1000,5,1,Monash__elecdemand_dataset/seed_2165/run_monash_time_unique1000/visualizations/archive_latex.tex
444,0.577200424,0.771500000,\frac{\mathrm{L2Norm} + -\mathrm{GradNorm}}{\mathrm{Jacov} - \mathrm{JacobFro}},L2-Norm Grad_Norm Negative Add Jacov Jacob_fro Sub Div <EOS>,((L2-Norm + -(Grad_Norm)) / (Jacov - Jacob_fro)),0.771500000,0.764800000,177,8,4,2122,run_monash_time_unique1000,6,3,Monash__elecdemand_dataset/seed_2122/run_monash_time_unique1000/visualizations/archive_latex.tex
445,0.576246023,0.771500000,\frac{\mathrm{JacobFro} + -\mathrm{Jacov}}{\mathrm{L2Norm} - \mathrm{GradNorm}},Jacob_fro Jacov Negative Add L2-Norm Grad_Norm Sub Div <EOS>,((Jacob_fro + -(Jacov)) / (L2-Norm - Grad_Norm)),0.771500000,0.764800000,191,8,4,2187,run_monash_time_unique1000,6,1,Monash__elecdemand_dataset/seed_2187/run_monash_time_unique1000/visualizations/archive_latex.tex
446,0.575291622,0.771500000,\frac{-\mathrm{GradNorm} + \mathrm{L2Norm}}{\mathrm{Jacov} - \mathrm{JacobFro}},Grad_Norm Negative L2-Norm Add Jacov Jacob_fro Sub Div <EOS>,((-(Grad_Norm) + L2-Norm) / (Jacov - Jacob_fro)),0.771500000,0.764800000,82,8,4,2169,run_monash_time_unique1000,7,1,Monash__elecdemand_dataset/seed_2169/run_monash_time_unique1000/visualizations/archive_latex.tex
447,0.574337222,0.771500000,\frac{\mathrm{Jacov} - \mathrm{JacobFro}}{\mathrm{GradNorm} - \mathrm{L2Norm}},Jacov Jacob_fro Sub Grad_Norm L2-Norm Sub Div <EOS>,((Jacov - Jacob_fro) / (Grad_Norm - L2-Norm)),0.771500000,0.764800000,154,7,3,2181,run_monash_time_unique1000,8,2,Monash__elecdemand_dataset/seed_2181/run_monash_time_unique1000/visualizations/archive_latex.tex
448,0.573382821,0.771500000,\frac{\mathrm{L2Norm} - \mathrm{MParams} + \mathrm{GradNorm}}{\mathrm{Jacov}},L2-Norm MParams Grad_Norm Add Sub Jacov Div <EOS>,((L2-Norm - (MParams + Grad_Norm)) / Jacov),0.771500000,0.766700000,15,7,4,2189,run_monash_time_unique1000,8,1,Monash__elecdemand_dataset/seed_2189/run_monash_time_unique1000/visualizations/archive_latex.tex
449,0.572428420,0.771500000,\frac{\frac{\mathrm{GradNorm} - \mathrm{L2Norm}}{\mathrm{Jacov}}}{\log\left(\mathrm{ZiCo}\right)},Grad_Norm L2-Norm Sub Jacov Div ZiCo Log Div <EOS>,(((Grad_Norm - L2-Norm) / Jacov) / log(ZiCo)),0.771500000,0.762000000,149,8,4,2147,run_monash_time_unique1000,9,1,Monash__elecdemand_dataset/seed_2147/run_monash_time_unique1000/visualizations/archive_latex.tex
450,0.571474019,0.771500000,\frac{\mathrm{GradNorm} - \mathrm{L2Norm}}{\left(\mathrm{Jacov}\right) \cdot \left(\log\left(\mathrm{ZiCo}\right)\right)},Grad_Norm L2-Norm Sub Jacov ZiCo Log Mul Div <EOS>,((Grad_Norm - L2-Norm) / (Jacov * log(ZiCo))),0.771500000,0.762000000,115,8,4,2028,run_monash_time_unique1000,10,1,Monash__elecdemand_dataset/seed_2028/run_monash_time_unique1000/visualizations/archive_latex.tex
451,0.570519618,0.771500000,\frac{\mathrm{L2Norm} - \mathrm{GradNorm} + \mathrm{MParams}}{\mathrm{Jacov}},L2-Norm Grad_Norm MParams Add Sub Jacov Div <EOS>,((L2-Norm - (Grad_Norm + MParams)) / Jacov),0.771500000,0.766700000,93,7,4,2210,run_monash_time_unique1000,10,1,Monash__elecdemand_dataset/seed_2210/run_monash_time_unique1000/visualizations/archive_latex.tex
452,0.569565217,0.771400000,\frac{\mathrm{L2Norm} - \log\left(\mathrm{MParams}\right) + \mathrm{GradNorm}}{\mathrm{Jacov}},L2-Norm MParams Log Grad_Norm Add Sub Jacov Div <EOS>,((L2-Norm - (log(MParams) + Grad_Norm)) / Jacov),0.771400000,0.765200000,179,8,5,2157,run_monash_time_unique1000,5,3,Monash__elecdemand_dataset/seed_2157/run_monash_time_unique1000/visualizations/archive_latex.tex
453,0.568610817,0.771400000,\frac{\mathrm{L2Norm} - \log\left(\mathrm{MParams}\right) - \mathrm{GradNorm}}{\mathrm{Jacov}},L2-Norm MParams Log Sub Grad_Norm Sub Jacov Div <EOS>,(((L2-Norm - log(MParams)) - Grad_Norm) / Jacov),0.771400000,0.765200000,21,8,5,2225,run_monash_time_unique1000,5,4,Monash__elecdemand_dataset/seed_2225/run_monash_time_unique1000/visualizations/archive_latex.tex
454,0.567656416,0.771400000,\frac{\mathrm{L2Norm} - \mathrm{GradNorm}}{-\left(\mathrm{MParams}\right)^2 + \mathrm{Jacov}},L2-Norm Grad_Norm Sub MParams Square Negative Jacov Add Div <EOS>,((L2-Norm - Grad_Norm) / (-(square(MParams)) + Jacov)),0.771400000,0.766100000,29,9,5,2165,run_monash_time_unique1000,6,1,Monash__elecdemand_dataset/seed_2165/run_monash_time_unique1000/visualizations/archive_latex.tex
455,0.566702015,0.771400000,\frac{\mathrm{L2Norm} - \mathrm{GradNorm} - \log\left(\mathrm{MParams}\right)}{\mathrm{Jacov}},L2-Norm Grad_Norm Sub MParams Log Sub Jacov Div <EOS>,(((L2-Norm - Grad_Norm) - log(MParams)) / Jacov),0.771400000,0.765200000,146,8,4,2110,run_monash_time_unique1000,8,4,Monash__elecdemand_dataset/seed_2110/run_monash_time_unique1000/visualizations/archive_latex.tex
456,0.565747614,0.771400000,\frac{-\mathrm{GradNorm} + \mathrm{L2Norm}}{\mathrm{Jacov} - \left(\mathrm{MParams}\right)^2},Grad_Norm Negative L2-Norm Add Jacov MParams Square Sub Div <EOS>,((-(Grad_Norm) + L2-Norm) / (Jacov - square(MParams))),0.771400000,0.766100000,101,9,4,2134,run_monash_time_unique1000,8,1,Monash__elecdemand_dataset/seed_2134/run_monash_time_unique1000/visualizations/archive_latex.tex
457,0.564793213,0.771400000,\frac{\mathrm{L2Norm} + -\log\left(\mathrm{MParams}\right) - \mathrm{GradNorm}}{\mathrm{Jacov}},L2-Norm MParams Log Negative Grad_Norm Sub Add Jacov Div <EOS>,((L2-Norm + (-(log(MParams)) - Grad_Norm)) / Jacov),0.771400000,0.765200000,21,9,6,2195,run_monash_time_unique1000,8,1,Monash__elecdemand_dataset/seed_2195/run_monash_time_unique1000/visualizations/archive_latex.tex
458,0.563838812,0.771400000,\frac{-\mathrm{GradNorm} + \mathrm{L2Norm} - \log\left(\mathrm{MParams}\right)}{\mathrm{Jacov}},Grad_Norm Negative L2-Norm MParams Log Sub Add Jacov Div <EOS>,((-(Grad_Norm) + (L2-Norm - log(MParams))) / Jacov),0.771400000,0.765200000,9,9,5,2303,run_monash_time_unique1000,8,1,Monash__elecdemand_dataset/seed_2303/run_monash_time_unique1000/visualizations/archive_latex.tex
459,0.562884411,0.771400000,\frac{\mathrm{L2Norm} - \mathrm{GradNorm}}{\mathrm{Jacov} - \left(\mathrm{MParams}\right)^2},L2-Norm Grad_Norm Sub Jacov MParams Square Sub Div <EOS>,((L2-Norm - Grad_Norm) / (Jacov - square(MParams))),0.771400000,0.766100000,154,8,4,2101,run_monash_time_unique1000,9,1,Monash__elecdemand_dataset/seed_2101/run_monash_time_unique1000/visualizations/archive_latex.tex
460,0.561930011,0.771400000,\frac{\mathrm{L2Norm} - \mathrm{GradNorm} + -\log\left(\mathrm{MParams}\right)}{\mathrm{Jacov}},L2-Norm Grad_Norm Sub MParams Log Negative Add Jacov Div <EOS>,(((L2-Norm - Grad_Norm) + -(log(MParams))) / Jacov),0.771400000,0.765200000,96,9,5,2130,run_monash_time_unique1000,9,1,Monash__elecdemand_dataset/seed_2130/run_monash_time_unique1000/visualizations/archive_latex.tex
461,0.560975610,0.771400000,\frac{\mathrm{L2Norm} - \mathrm{GradNorm} + \log\left(\mathrm{MParams}\right)}{\mathrm{Jacov}},L2-Norm Grad_Norm MParams Log Add Sub Jacov Div <EOS>,((L2-Norm - (Grad_Norm + log(MParams))) / Jacov),0.771400000,0.765200000,135,8,5,2181,run_monash_time_unique1000,9,1,Monash__elecdemand_dataset/seed_2181/run_monash_time_unique1000/visualizations/archive_latex.tex
462,0.560021209,0.771400000,\frac{-\mathrm{GradNorm} - \log\left(\mathrm{MParams}\right) + \mathrm{L2Norm}}{\mathrm{Jacov}},Grad_Norm Negative MParams Log Sub L2-Norm Add Jacov Div <EOS>,(((-(Grad_Norm) - log(MParams)) + L2-Norm) / Jacov),0.771400000,0.765200000,67,9,5,2317,run_monash_time_unique1000,10,1,Monash__elecdemand_dataset/seed_2317/run_monash_time_unique1000/visualizations/archive_latex.tex
463,0.559066808,0.771300000,\frac{\mathrm{Jacov}}{\log\left(\mathrm{Jacov}\right) + \mathrm{GradNorm} - \mathrm{L2Norm}},Jacov Jacov Log Grad_Norm Add L2-Norm Sub Div <EOS>,(Jacov / ((log(Jacov) + Grad_Norm) - L2-Norm)),0.771300000,0.762300000,166,8,5,2273,run_monash_time_unique1000,4,1,Monash__elecdemand_dataset/seed_2273/run_monash_time_unique1000/visualizations/archive_latex.tex
464,0.558112407,0.771300000,\frac{\mathrm{L2Norm} - \mathrm{GradNorm} - \log\left(\mathrm{Jacov}\right)}{\mathrm{Jacov}},L2-Norm Grad_Norm Sub Jacov Log Sub Jacov Div <EOS>,(((L2-Norm - Grad_Norm) - log(Jacov)) / Jacov),0.771300000,0.762300000,12,8,4,2299,run_monash_time_unique1000,5,10,Monash__elecdemand_dataset/seed_2299/run_monash_time_unique1000/visualizations/archive_latex.tex
465,0.557158006,0.771300000,\frac{\mathrm{L2Norm} - \mathrm{GradNorm} + \log\left(\mathrm{Jacov}\right)}{\mathrm{Jacov}},L2-Norm Grad_Norm Jacov Log Add Sub Jacov Div <EOS>,((L2-Norm - (Grad_Norm + log(Jacov))) / Jacov),0.771300000,0.762300000,12,8,5,2301,run_monash_time_unique1000,5,2,Monash__elecdemand_dataset/seed_2301/run_monash_time_unique1000/visualizations/archive_latex.tex
466,0.556203606,0.771300000,\frac{\mathrm{L2Norm} - \log\left(\mathrm{Jacov}\right) + \mathrm{GradNorm}}{\mathrm{Jacov}},L2-Norm Jacov Log Grad_Norm Add Sub Jacov Div <EOS>,((L2-Norm - (log(Jacov) + Grad_Norm)) / Jacov),0.771300000,0.762300000,172,8,5,2157,run_monash_time_unique1000,6,2,Monash__elecdemand_dataset/seed_2157/run_monash_time_unique1000/visualizations/archive_latex.tex
467,0.555249205,0.771300000,\frac{\mathrm{L2Norm} - \log\left(\mathrm{Jacov}\right) - \mathrm{GradNorm}}{\mathrm{Jacov}},L2-Norm Jacov Log Sub Grad_Norm Sub Jacov Div <EOS>,(((L2-Norm - log(Jacov)) - Grad_Norm) / Jacov),0.771300000,0.762300000,194,8,5,2206,run_monash_time_unique1000,6,2,Monash__elecdemand_dataset/seed_2206/run_monash_time_unique1000/visualizations/archive_latex.tex
468,0.554294804,0.771300000,\left(\mathrm{L2Norm} - \mathrm{GradNorm}\right) \cdot \left(\frac{\sqrt{\log\left(\mathrm{Jacov}\right)}}{\mathrm{Jacov}}\right),L2-Norm Grad_Norm Sub Jacov Log Sqrt Jacov Div Mul <EOS>,((L2-Norm - Grad_Norm) * (sqrt(log(Jacov)) / Jacov)),0.771300000,0.766100000,180,9,5,2061,run_monash_time_unique1000,7,1,Monash__elecdemand_dataset/seed_2061/run_monash_time_unique1000/visualizations/archive_latex.tex
469,0.553340403,0.771300000,\frac{\mathrm{L2Norm} - \mathrm{GradNorm} - \log\left(-\mathrm{Jacov}\right)}{\mathrm{Jacov}},L2-Norm Grad_Norm Sub Jacov Negative Log Sub Jacov Div <EOS>,(((L2-Norm - Grad_Norm) - log(-(Jacov))) / Jacov),0.771300000,0.762300000,16,9,5,2111,run_monash_time_unique1000,7,1,Monash__elecdemand_dataset/seed_2111/run_monash_time_unique1000/visualizations/archive_latex.tex
470,0.552386002,0.771300000,\frac{-\log\left(\mathrm{Jacov}\right) + \mathrm{L2Norm} - \mathrm{GradNorm}}{\mathrm{Jacov}},Jacov Log Negative L2-Norm Add Grad_Norm Sub Jacov Div <EOS>,(((-(log(Jacov)) + L2-Norm) - Grad_Norm) / Jacov),0.771300000,0.762300000,23,9,6,2187,run_monash_time_unique1000,7,1,Monash__elecdemand_dataset/seed_2187/run_monash_time_unique1000/visualizations/archive_latex.tex
471,0.551431601,0.771300000,\frac{\mathrm{L2Norm} - \mathrm{GradNorm} + -\log\left(\mathrm{Jacov}\right)}{\mathrm{Jacov}},L2-Norm Grad_Norm Sub Jacov Log Negative Add Jacov Div <EOS>,(((L2-Norm - Grad_Norm) + -(log(Jacov))) / Jacov),0.771300000,0.762300000,124,9,5,2300,run_monash_time_unique1000,7,1,Monash__elecdemand_dataset/seed_2300/run_monash_time_unique1000/visualizations/archive_latex.tex
472,0.550477200,0.771300000,\left(\sqrt{\log\left(\mathrm{Jacov}\right)}\right) \cdot \left(\frac{\mathrm{L2Norm} - \mathrm{GradNorm}}{\mathrm{Jacov}}\right),Jacov Log Sqrt L2-Norm Grad_Norm Sub Jacov Div Mul <EOS>,(sqrt(log(Jacov)) * ((L2-Norm - Grad_Norm) / Jacov)),0.771300000,0.766100000,144,9,4,2164,run_monash_time_unique1000,8,1,Monash__elecdemand_dataset/seed_2164/run_monash_time_unique1000/visualizations/archive_latex.tex
473,0.549522800,0.771300000,\frac{\left(\sqrt{\log\left(\mathrm{Jacov}\right)}\right) \cdot \left(\mathrm{L2Norm} - \mathrm{GradNorm}\right)}{\mathrm{Jacov}},Jacov Log Sqrt L2-Norm Grad_Norm Sub Mul Jacov Div <EOS>,((sqrt(log(Jacov)) * (L2-Norm - Grad_Norm)) / Jacov),0.771300000,0.766100000,110,9,5,2287,run_monash_time_unique1000,8,2,Monash__elecdemand_dataset/seed_2287/run_monash_time_unique1000/visualizations/archive_latex.tex
474,0.548568399,0.771300000,\frac{\mathrm{Jacov}}{\log\left(\mathrm{Jacov}\right) - \mathrm{L2Norm} - \mathrm{GradNorm}},Jacov Jacov Log L2-Norm Grad_Norm Sub Sub Div <EOS>,(Jacov / (log(Jacov) - (L2-Norm - Grad_Norm))),0.771300000,0.762300000,124,8,4,2308,run_monash_time_unique1000,8,1,Monash__elecdemand_dataset/seed_2308/run_monash_time_unique1000/visualizations/archive_latex.tex
475,0.547613998,0.771300000,\frac{\mathrm{L2Norm} + -\mathrm{GradNorm} + \log\left(\mathrm{Jacov}\right)}{\mathrm{Jacov}},L2-Norm Grad_Norm Jacov Log Add Negative Add Jacov Div <EOS>,((L2-Norm + -((Grad_Norm + log(Jacov)))) / Jacov),0.771300000,0.762300000,57,9,6,2193,run_monash_time_unique1000,9,1,Monash__elecdemand_dataset/seed_2193/run_monash_time_unique1000/visualizations/archive_latex.tex
476,0.546659597,0.771300000,\frac{-\mathrm{GradNorm} + \mathrm{L2Norm} - \log\left(\mathrm{Jacov}\right)}{\mathrm{Jacov}},Grad_Norm Negative L2-Norm Jacov Log Sub Add Jacov Div <EOS>,((-(Grad_Norm) + (L2-Norm - log(Jacov))) / Jacov),0.771300000,0.762300000,9,9,5,2303,run_monash_time_unique1000,9,1,Monash__elecdemand_dataset/seed_2303/run_monash_time_unique1000/visualizations/archive_latex.tex
477,0.545705196,0.771300000,\frac{\left(\mathrm{L2Norm} - \mathrm{GradNorm}\right) \cdot \left(\sqrt{\log\left(\mathrm{Jacov}\right)}\right)}{\mathrm{Jacov}},L2-Norm Grad_Norm Sub Jacov Log Sqrt Mul Jacov Div <EOS>,(((L2-Norm - Grad_Norm) * sqrt(log(Jacov))) / Jacov),0.771300000,0.766100000,190,9,5,2275,run_monash_time_unique1000,10,1,Monash__elecdemand_dataset/seed_2275/run_monash_time_unique1000/visualizations/archive_latex.tex
478,0.544750795,0.771200000,\frac{\mathrm{L2Norm} - \mathrm{GradNorm} + \log\left(\mathrm{Fisher}\right)}{\mathrm{Jacov}},L2-Norm Grad_Norm Fisher Log Add Sub Jacov Div <EOS>,((L2-Norm - (Grad_Norm + log(Fisher))) / Jacov),0.771200000,0.761100000,161,8,5,2158,run_monash_time_unique1000,4,1,Monash__elecdemand_dataset/seed_2158/run_monash_time_unique1000/visualizations/archive_latex.tex
479,0.543796394,0.771200000,\frac{\mathrm{L2Norm} - \mathrm{GradNorm}}{\frac{\mathrm{Jacov}}{\sqrt{\log\left(\mathrm{JacobFro}\right)}}},L2-Norm Grad_Norm Sub Jacov Jacob_fro Log Sqrt Div Div <EOS>,((L2-Norm - Grad_Norm) / (Jacov / sqrt(log(Jacob_fro)))),0.771200000,0.771000000,97,9,5,2033,run_monash_time_unique1000,5,2,Monash__elecdemand_dataset/seed_2033/run_monash_time_unique1000/visualizations/archive_latex.tex
480,0.542841994,0.771200000,\frac{\left(\mathrm{JacobFro} + \mathrm{L2Norm}\right)^2}{\left(\mathrm{Jacov}\right) \cdot \left(\log\left(\mathrm{GraSP}\right)\right)},Jacob_fro L2-Norm Add Square Jacov GraSP Log Mul Div <EOS>,(square((Jacob_fro + L2-Norm)) / (Jacov * log(GraSP))),0.771200000,0.768900000,193,9,4,2099,run_monash_time_unique1000,5,3,Monash__elecdemand_dataset/seed_2099/run_monash_time_unique1000/visualizations/archive_latex.tex
481,0.541887593,0.771200000,\frac{\left(\mathrm{L2Norm} + \mathrm{JacobFro}\right)^2}{\left(\mathrm{Jacov}\right) \cdot \left(\log\left(\mathrm{GraSP}\right)\right)},L2-Norm Jacob_fro Add Square Jacov GraSP Log Mul Div <EOS>,(square((L2-Norm + Jacob_fro)) / (Jacov * log(GraSP))),0.771200000,0.768900000,161,9,4,2223,run_monash_time_unique1000,5,5,Monash__elecdemand_dataset/seed_2223/run_monash_time_unique1000/visualizations/archive_latex.tex
482,0.540933192,0.771200000,\frac{\mathrm{L2Norm} - \log\left(\mathrm{Fisher}\right) + \mathrm{GradNorm}}{\mathrm{Jacov}},L2-Norm Fisher Log Grad_Norm Add Sub Jacov Div <EOS>,((L2-Norm - (log(Fisher) + Grad_Norm)) / Jacov),0.771200000,0.761100000,57,8,5,2262,run_monash_time_unique1000,5,1,Monash__elecdemand_dataset/seed_2262/run_monash_time_unique1000/visualizations/archive_latex.tex
483,0.539978791,0.771200000,\frac{\sqrt{\log\left(\mathrm{JacobFro}\right)}}{\frac{\mathrm{Jacov}}{\mathrm{L2Norm} - \mathrm{GradNorm}}},Jacob_fro Log Sqrt Jacov L2-Norm Grad_Norm Sub Div Div <EOS>,(sqrt(log(Jacob_fro)) / (Jacov / (L2-Norm - Grad_Norm))),0.771200000,0.771000000,195,9,4,2271,run_monash_time_unique1000,5,2,Monash__elecdemand_dataset/seed_2271/run_monash_time_unique1000/visualizations/archive_latex.tex
484,0.539024390,0.771200000,\frac{\left(\sqrt{\mathrm{ZiCo}}\right) \cdot \left(\mathrm{L2Norm} - \mathrm{GradNorm}\right)}{\mathrm{Jacov}},ZiCo Sqrt L2-Norm Grad_Norm Sub Mul Jacov Div <EOS>,((sqrt(ZiCo) * (L2-Norm - Grad_Norm)) / Jacov),0.771200000,0.763600000,126,8,4,2041,run_monash_time_unique1000,6,7,Monash__elecdemand_dataset/seed_2041/run_monash_time_unique1000/visualizations/archive_latex.tex
485,0.538069989,0.771200000,\left(\frac{\mathrm{L2Norm} - \mathrm{GradNorm}}{\mathrm{Jacov}}\right) \cdot \left(\sqrt{\log\left(\mathrm{JacobFro}\right)}\right),L2-Norm Grad_Norm Sub Jacov Div Jacob_fro Log Sqrt Mul <EOS>,(((L2-Norm - Grad_Norm) / Jacov) * sqrt(log(Jacob_fro))),0.771200000,0.771000000,150,9,4,2124,run_monash_time_unique1000,6,2,Monash__elecdemand_dataset/seed_2124/run_monash_time_unique1000/visualizations/archive_latex.tex
486,0.537115589,0.771200000,\frac{\mathrm{Jacov}}{\left(\sqrt{\mathrm{ZiCo}}\right) \cdot \left(\mathrm{GradNorm} - \mathrm{L2Norm}\right)},Jacov ZiCo Sqrt Grad_Norm L2-Norm Sub Mul Div <EOS>,(Jacov / (sqrt(ZiCo) * (Grad_Norm - L2-Norm))),0.771200000,0.763600000,86,8,4,2259,run_monash_time_unique1000,6,1,Monash__elecdemand_dataset/seed_2259/run_monash_time_unique1000/visualizations/archive_latex.tex
487,0.536161188,0.771200000,\frac{\frac{\mathrm{Jacov}}{\mathrm{GradNorm} - \mathrm{L2Norm}}}{\sqrt{\mathrm{ZiCo}}},Jacov Grad_Norm L2-Norm Sub Div ZiCo Sqrt Div <EOS>,((Jacov / (Grad_Norm - L2-Norm)) / sqrt(ZiCo)),0.771200000,0.763600000,79,8,4,2040,run_monash_time_unique1000,7,3,Monash__elecdemand_dataset/seed_2040/run_monash_time_unique1000/visualizations/archive_latex.tex
488,0.535206787,0.771200000,\frac{\left(\frac{\mathrm{Jacov}}{\mathrm{L2Norm} - \mathrm{GradNorm}}\right)^2}{\log\left(\mathrm{JacobFro}\right)},Jacov L2-Norm Grad_Norm Sub Div Square Jacob_fro Log Div <EOS>,(square((Jacov / (L2-Norm - Grad_Norm))) / log(Jacob_fro)),0.771200000,0.771000000,113,9,5,2085,run_monash_time_unique1000,7,4,Monash__elecdemand_dataset/seed_2085/run_monash_time_unique1000/visualizations/archive_latex.tex
489,0.534252386,0.771200000,\frac{\left(\sqrt{\log\left(\mathrm{JacobFro}\right)}\right) \cdot \left(\mathrm{L2Norm} - \mathrm{GradNorm}\right)}{\mathrm{Jacov}},Jacob_fro Log Sqrt L2-Norm Grad_Norm Sub Mul Jacov Div <EOS>,((sqrt(log(Jacob_fro)) * (L2-Norm - Grad_Norm)) / Jacov),0.771200000,0.771000000,169,9,5,2030,run_monash_time_unique1000,8,3,Monash__elecdemand_dataset/seed_2030/run_monash_time_unique1000/visualizations/archive_latex.tex
490,0.533297985,0.771200000,\left(\mathrm{L2Norm} - \mathrm{GradNorm}\right) \cdot \left(\frac{\sqrt{\mathrm{ZiCo}}}{\mathrm{Jacov}}\right),L2-Norm Grad_Norm Sub ZiCo Sqrt Jacov Div Mul <EOS>,((L2-Norm - Grad_Norm) * (sqrt(ZiCo) / Jacov)),0.771200000,0.763600000,180,8,4,2048,run_monash_time_unique1000,8,3,Monash__elecdemand_dataset/seed_2048/run_monash_time_unique1000/visualizations/archive_latex.tex
491,0.532343584,0.771200000,\frac{\left(\mathrm{L2Norm} - \mathrm{GradNorm}\right) \cdot \left(\sqrt{\mathrm{ZiCo}}\right)}{\mathrm{Jacov}},L2-Norm Grad_Norm Sub ZiCo Sqrt Mul Jacov Div <EOS>,(((L2-Norm - Grad_Norm) * sqrt(ZiCo)) / Jacov),0.771200000,0.763600000,192,8,4,2050,run_monash_time_unique1000,8,3,Monash__elecdemand_dataset/seed_2050/run_monash_time_unique1000/visualizations/archive_latex.tex
492,0.531389183,0.771200000,\log\left(\frac{\mathrm{Jacov}}{\mathrm{GradNorm} - \mathrm{L2Norm}}\right) - \sqrt{\mathrm{ZiCo}},Jacov Grad_Norm L2-Norm Sub Div Log ZiCo Sqrt Sub <EOS>,(log((Jacov / (Grad_Norm - L2-Norm))) - sqrt(ZiCo)),0.771200000,0.765400000,101,9,5,2089,run_monash_time_unique1000,8,2,Monash__elecdemand_dataset/seed_2089/run_monash_time_unique1000/visualizations/archive_latex.tex
493,0.530434783,0.771200000,\left(\frac{\sqrt{\mathrm{ZiCo}}}{\mathrm{Jacov}}\right) \cdot \left(\mathrm{L2Norm} - \mathrm{GradNorm}\right),ZiCo Sqrt Jacov Div L2-Norm Grad_Norm Sub Mul <EOS>,((sqrt(ZiCo) / Jacov) * (L2-Norm - Grad_Norm)),0.771200000,0.763600000,20,8,4,2266,run_monash_time_unique1000,8,1,Monash__elecdemand_dataset/seed_2266/run_monash_time_unique1000/visualizations/archive_latex.tex
494,0.529480382,0.771200000,\frac{\mathrm{L2Norm} - \mathrm{GradNorm}}{\frac{\mathrm{Jacov}}{\sqrt{\mathrm{ZiCo}}}},L2-Norm Grad_Norm Sub Jacov ZiCo Sqrt Div Div <EOS>,((L2-Norm - Grad_Norm) / (Jacov / sqrt(ZiCo))),0.771200000,0.763600000,109,8,4,2294,run_monash_time_unique1000,8,2,Monash__elecdemand_dataset/seed_2294/run_monash_time_unique1000/visualizations/archive_latex.tex
495,0.528525981,0.771200000,\log\left(\frac{\mathrm{Jacov}}{\mathrm{L2Norm} - \mathrm{GradNorm}}\right) - \sqrt{\mathrm{ZiCo}},Jacov L2-Norm Grad_Norm Sub Div Log ZiCo Sqrt Sub <EOS>,(log((Jacov / (L2-Norm - Grad_Norm))) - sqrt(ZiCo)),0.771200000,0.765400000,53,9,5,2302,run_monash_time_unique1000,8,2,Monash__elecdemand_dataset/seed_2302/run_monash_time_unique1000/visualizations/archive_latex.tex
496,0.527571580,0.771200000,\left(\sqrt{\log\left(\mathrm{JacobFro}\right)}\right) \cdot \left(\frac{\mathrm{L2Norm} - \mathrm{GradNorm}}{\mathrm{Jacov}}\right),Jacob_fro Log Sqrt L2-Norm Grad_Norm Sub Jacov Div Mul <EOS>,(sqrt(log(Jacob_fro)) * ((L2-Norm - Grad_Norm) / Jacov)),0.771200000,0.771000000,131,9,4,2034,run_monash_time_unique1000,9,2,Monash__elecdemand_dataset/seed_2034/run_monash_time_unique1000/visualizations/archive_latex.tex
497,0.526617179,0.771200000,\frac{\frac{\left(\mathrm{L2Norm} + \mathrm{JacobFro}\right)^2}{\mathrm{Jacov}}}{\log\left(\mathrm{GraSP}\right)},L2-Norm Jacob_fro Add Square Jacov Div GraSP Log Div <EOS>,((square((L2-Norm + Jacob_fro)) / Jacov) / log(GraSP)),0.771200000,0.768900000,38,9,5,2171,run_monash_time_unique1000,9,1,Monash__elecdemand_dataset/seed_2171/run_monash_time_unique1000/visualizations/archive_latex.tex
498,0.525662778,0.771200000,\left(\sqrt{\mathrm{ZiCo}}\right) \cdot \left(\frac{\mathrm{L2Norm} - \mathrm{GradNorm}}{\mathrm{Jacov}}\right),ZiCo Sqrt L2-Norm Grad_Norm Sub Jacov Div Mul <EOS>,(sqrt(ZiCo) * ((L2-Norm - Grad_Norm) / Jacov)),0.771200000,0.763600000,92,8,4,2267,run_monash_time_unique1000,9,1,Monash__elecdemand_dataset/seed_2267/run_monash_time_unique1000/visualizations/archive_latex.tex
499,0.524708378,0.771200000,\frac{\left(\frac{\mathrm{Jacov}}{\mathrm{L2Norm} - \mathrm{GradNorm}}\right)^2}{\mathrm{ZiCo}},Jacov L2-Norm Grad_Norm Sub Div Square ZiCo Div <EOS>,(square((Jacov / (L2-Norm - Grad_Norm))) / ZiCo),0.771200000,0.763600000,27,8,5,2302,run_monash_time_unique1000,9,1,Monash__elecdemand_dataset/seed_2302/run_monash_time_unique1000/visualizations/archive_latex.tex
500,0.523753977,0.771100000,\frac{-\mathrm{Jacov} - \mathrm{MParams}}{\mathrm{L2Norm} - \mathrm{GradNorm}},Jacov Negative MParams Sub L2-Norm Grad_Norm Sub Div <EOS>,((-(Jacov) - MParams) / (L2-Norm - Grad_Norm)),0.771100000,0.767000000,161,8,4,2137,run_monash_time_unique1000,1,1,Monash__elecdemand_dataset/seed_2137/run_monash_time_unique1000/visualizations/archive_latex.tex
501,0.522799576,0.771100000,\frac{\sqrt{\log\left(\mathrm{Jacov}\right)} - \mathrm{Jacov}}{\mathrm{L2Norm} - \mathrm{GradNorm}},Jacov Log Sqrt Jacov Sub L2-Norm Grad_Norm Sub Div <EOS>,((sqrt(log(Jacov)) - Jacov) / (L2-Norm - Grad_Norm)),0.771100000,0.766700000,63,9,5,2236,run_monash_time_unique1000,4,1,Monash__elecdemand_dataset/seed_2236/run_monash_time_unique1000/visualizations/archive_latex.tex
502,0.521845175,0.771100000,\frac{\mathrm{L2Norm} - \mathrm{GradNorm}}{\mathrm{MParams} + \mathrm{Jacov}},L2-Norm Grad_Norm Sub MParams Jacov Add Div <EOS>,((L2-Norm - Grad_Norm) / (MParams + Jacov)),0.771100000,0.767000000,191,7,3,2049,run_monash_time_unique1000,5,13,Monash__elecdemand_dataset/seed_2049/run_monash_time_unique1000/visualizations/archive_latex.tex
503,0.520890774,0.771100000,\frac{\mathrm{L2Norm} - \mathrm{GradNorm} - \log\left(\mathrm{GFLOPs}\right)}{\mathrm{Jacov}},L2-Norm Grad_Norm Sub GFLOPs Log Sub Jacov Div <EOS>,(((L2-Norm - Grad_Norm) - log(GFLOPs)) / Jacov),0.771100000,0.766800000,95,8,4,2053,run_monash_time_unique1000,5,6,Monash__elecdemand_dataset/seed_2053/run_monash_time_unique1000/visualizations/archive_latex.tex
504,0.519936373,0.771100000,\frac{\mathrm{L2Norm} - \mathrm{GradNorm}}{\mathrm{Jacov} + \mathrm{MParams}},L2-Norm Grad_Norm Sub Jacov MParams Add Div <EOS>,((L2-Norm - Grad_Norm) / (Jacov + MParams)),0.771100000,0.767000000,138,7,3,2143,run_monash_time_unique1000,5,8,Monash__elecdemand_dataset/seed_2143/run_monash_time_unique1000/visualizations/archive_latex.tex
505,0.518981972,0.771100000,\frac{\log\left(\log\left(\mathrm{Jacov}\right)\right) - \mathrm{Jacov}}{\mathrm{L2Norm} - \mathrm{GradNorm}},Jacov Log Log Jacov Sub L2-Norm Grad_Norm Sub Div <EOS>,((log(log(Jacov)) - Jacov) / (L2-Norm - Grad_Norm)),0.771100000,0.766700000,162,9,5,2274,run_monash_time_unique1000,5,1,Monash__elecdemand_dataset/seed_2274/run_monash_time_unique1000/visualizations/archive_latex.tex
506,0.518027572,0.771100000,\frac{\mathrm{L2Norm} - \mathrm{GradNorm}}{\mathrm{Jacov} - \sqrt{\mathrm{Fisher}}},L2-Norm Grad_Norm Sub Jacov Fisher Sqrt Sub Div <EOS>,((L2-Norm - Grad_Norm) / (Jacov - sqrt(Fisher))),0.771100000,0.766900000,148,8,4,2145,run_monash_time_unique1000,6,1,Monash__elecdemand_dataset/seed_2145/run_monash_time_unique1000/visualizations/archive_latex.tex
507,0.517073171,0.771100000,\frac{\mathrm{L2Norm} - \mathrm{GradNorm} + \log\left(\mathrm{GFLOPs}\right)}{\mathrm{Jacov}},L2-Norm Grad_Norm GFLOPs Log Add Sub Jacov Div <EOS>,((L2-Norm - (Grad_Norm + log(GFLOPs))) / Jacov),0.771100000,0.766800000,16,8,5,2201,run_monash_time_unique1000,6,2,Monash__elecdemand_dataset/seed_2201/run_monash_time_unique1000/visualizations/archive_latex.tex
508,0.516118770,0.771100000,\frac{\mathrm{L2Norm} - \mathrm{GradNorm}}{\mathrm{Jacov} + \log\left(\mathrm{plain}\right)},L2-Norm Grad_Norm Sub Jacov plain Log Add Div <EOS>,((L2-Norm - Grad_Norm) / (Jacov + log(plain))),0.771100000,0.766900000,24,8,4,2262,run_monash_time_unique1000,6,1,Monash__elecdemand_dataset/seed_2262/run_monash_time_unique1000/visualizations/archive_latex.tex
509,0.515164369,0.771100000,\frac{\mathrm{L2Norm} - \log\left(\mathrm{GFLOPs}\right) + \mathrm{GradNorm}}{\mathrm{Jacov}},L2-Norm GFLOPs Log Grad_Norm Add Sub Jacov Div <EOS>,((L2-Norm - (log(GFLOPs) + Grad_Norm)) / Jacov),0.771100000,0.766800000,176,8,5,2157,run_monash_time_unique1000,7,3,Monash__elecdemand_dataset/seed_2157/run_monash_time_unique1000/visualizations/archive_latex.tex
510,0.514209968,0.771100000,\frac{\mathrm{L2Norm} - \log\left(\mathrm{GFLOPs}\right) - \mathrm{GradNorm}}{\mathrm{Jacov}},L2-Norm GFLOPs Log Sub Grad_Norm Sub Jacov Div <EOS>,(((L2-Norm - log(GFLOPs)) - Grad_Norm) / Jacov),0.771100000,0.766800000,43,8,5,2225,run_monash_time_unique1000,7,1,Monash__elecdemand_dataset/seed_2225/run_monash_time_unique1000/visualizations/archive_latex.tex
511,0.513255567,0.771100000,\frac{\mathrm{Jacov}}{\mathrm{GradNorm} + \log\left(\mathrm{GFLOPs}\right) - \mathrm{L2Norm}},Jacov Grad_Norm GFLOPs Log Add L2-Norm Sub Div <EOS>,(Jacov / ((Grad_Norm + log(GFLOPs)) - L2-Norm)),0.771100000,0.766800000,190,8,5,2165,run_monash_time_unique1000,8,1,Monash__elecdemand_dataset/seed_2165/run_monash_time_unique1000/visualizations/archive_latex.tex
512,0.512301166,0.771100000,\frac{\left(\frac{\mathrm{Jacov}}{\mathrm{L2Norm} - \mathrm{GradNorm}}\right)^2}{\sqrt{\mathrm{L2Norm}}},Jacov L2-Norm Grad_Norm Sub Div Square L2-Norm Sqrt Div <EOS>,(square((Jacov / (L2-Norm - Grad_Norm))) / sqrt(L2-Norm)),0.771100000,0.768700000,115,9,5,2047,run_monash_time_unique1000,10,1,Monash__elecdemand_dataset/seed_2047/run_monash_time_unique1000/visualizations/archive_latex.tex
513,0.511346766,0.771100000,\frac{\sqrt{\mathrm{GFLOPs}} - \mathrm{Jacov}}{\mathrm{L2Norm} - \mathrm{GradNorm}},GFLOPs Sqrt Jacov Sub L2-Norm Grad_Norm Sub Div <EOS>,((sqrt(GFLOPs) - Jacov) / (L2-Norm - Grad_Norm)),0.771100000,0.766600000,48,8,4,2283,run_monash_time_unique1000,10,1,Monash__elecdemand_dataset/seed_2283/run_monash_time_unique1000/visualizations/archive_latex.tex
514,0.510392365,0.771100000,\log\left(\frac{\mathrm{Jacov} + \mathrm{MParams}}{\mathrm{L2Norm} - \mathrm{GradNorm}}\right),Jacov MParams Add L2-Norm Grad_Norm Sub Div Log <EOS>,log(((Jacov + MParams) / (L2-Norm - Grad_Norm))),0.771100000,0.767000000,60,8,4,2302,run_monash_time_unique1000,10,1,Monash__elecdemand_dataset/seed_2302/run_monash_time_unique1000/visualizations/archive_latex.tex
515,0.509437964,0.770900000,\frac{\mathrm{MParams} - \mathrm{Jacov}}{\mathrm{L2Norm} - \mathrm{GradNorm}},MParams Jacov Sub L2-Norm Grad_Norm Sub Div <EOS>,((MParams - Jacov) / (L2-Norm - Grad_Norm)),0.770900000,0.766500000,192,7,3,2264,run_monash_time_unique1000,2,1,Monash__elecdemand_dataset/seed_2264/run_monash_time_unique1000/visualizations/archive_latex.tex
516,0.508483563,0.770900000,\frac{\mathrm{GradNorm} - \mathrm{L2Norm}}{\mathrm{ZiCo} - \mathrm{Jacov}},Grad_Norm L2-Norm Sub ZiCo Jacov Sub Div <EOS>,((Grad_Norm - L2-Norm) / (ZiCo - Jacov)),0.770900000,0.766500000,130,7,3,2099,run_monash_time_unique1000,6,1,Monash__elecdemand_dataset/seed_2099/run_monash_time_unique1000/visualizations/archive_latex.tex
517,0.507529162,0.770900000,\frac{\mathrm{L2Norm} - \mathrm{GradNorm} + \log\left(\mathrm{plain}\right)}{\mathrm{Jacov}},L2-Norm Grad_Norm plain Log Add Sub Jacov Div <EOS>,((L2-Norm - (Grad_Norm + log(plain))) / Jacov),0.770900000,0.762000000,12,8,5,2301,run_monash_time_unique1000,6,2,Monash__elecdemand_dataset/seed_2301/run_monash_time_unique1000/visualizations/archive_latex.tex
518,0.506574761,0.770900000,\frac{\mathrm{L2Norm} - \log\left(\mathrm{plain}\right) + \mathrm{GradNorm}}{\mathrm{Jacov}},L2-Norm plain Log Grad_Norm Add Sub Jacov Div <EOS>,((L2-Norm - (log(plain) + Grad_Norm)) / Jacov),0.770900000,0.762000000,17,8,5,2043,run_monash_time_unique1000,7,2,Monash__elecdemand_dataset/seed_2043/run_monash_time_unique1000/visualizations/archive_latex.tex
519,0.505620361,0.770900000,\frac{\sqrt{\mathrm{MParams}} - \mathrm{Jacov}}{\mathrm{L2Norm} - \mathrm{GradNorm}},MParams Sqrt Jacov Sub L2-Norm Grad_Norm Sub Div <EOS>,((sqrt(MParams) - Jacov) / (L2-Norm - Grad_Norm)),0.770900000,0.766600000,14,8,4,2232,run_monash_time_unique1000,7,1,Monash__elecdemand_dataset/seed_2232/run_monash_time_unique1000/visualizations/archive_latex.tex
520,0.504665960,0.770900000,\frac{\mathrm{L2Norm} - \mathrm{GradNorm} + -\log\left(\mathrm{plain}\right)}{\mathrm{Jacov}},L2-Norm Grad_Norm Sub plain Log Negative Add Jacov Div <EOS>,(((L2-Norm - Grad_Norm) + -(log(plain))) / Jacov),0.770900000,0.762000000,77,9,5,2129,run_monash_time_unique1000,8,1,Monash__elecdemand_dataset/seed_2129/run_monash_time_unique1000/visualizations/archive_latex.tex
521,0.503711559,0.770900000,\frac{\mathrm{L2Norm} - \mathrm{GradNorm} - \log\left(\mathrm{plain}\right)}{\mathrm{Jacov}},L2-Norm Grad_Norm Sub plain Log Sub Jacov Div <EOS>,(((L2-Norm - Grad_Norm) - log(plain)) / Jacov),0.770900000,0.762000000,94,8,4,2304,run_monash_time_unique1000,8,3,Monash__elecdemand_dataset/seed_2304/run_monash_time_unique1000/visualizations/archive_latex.tex
522,0.502757158,0.770900000,\frac{\mathrm{Jacov}}{\mathrm{GradNorm} + \log\left(\mathrm{plain}\right) - \mathrm{L2Norm}},Jacov Grad_Norm plain Log Add L2-Norm Sub Div <EOS>,(Jacov / ((Grad_Norm + log(plain)) - L2-Norm)),0.770900000,0.762000000,143,8,5,2313,run_monash_time_unique1000,8,1,Monash__elecdemand_dataset/seed_2313/run_monash_time_unique1000/visualizations/archive_latex.tex
523,0.501802757,0.770900000,\frac{\mathrm{Jacov}}{\log\left(\mathrm{plain}\right) - \mathrm{L2Norm} - \mathrm{GradNorm}},Jacov plain Log L2-Norm Grad_Norm Sub Sub Div <EOS>,(Jacov / (log(plain) - (L2-Norm - Grad_Norm))),0.770900000,0.762000000,190,8,4,2048,run_monash_time_unique1000,9,2,Monash__elecdemand_dataset/seed_2048/run_monash_time_unique1000/visualizations/archive_latex.tex
524,0.500848356,0.770900000,\frac{\mathrm{L2Norm} - \mathrm{GradNorm}}{\mathrm{Jacov} - \sqrt{\mathrm{MParams}}},L2-Norm Grad_Norm Sub Jacov MParams Sqrt Sub Div <EOS>,((L2-Norm - Grad_Norm) / (Jacov - sqrt(MParams))),0.770900000,0.766600000,69,8,4,2109,run_monash_time_unique1000,9,1,Monash__elecdemand_dataset/seed_2109/run_monash_time_unique1000/visualizations/archive_latex.tex
525,0.499893955,0.770800000,\frac{\left(\sqrt{\mathrm{JacobFro}}\right) \cdot \left(\frac{\mathrm{L2Norm}}{\mathrm{Jacov}}\right)}{\sqrt{\mathrm{GradNorm}}},Jacob_fro Sqrt L2-Norm Jacov Div Mul Grad_Norm Sqrt Div <EOS>,((sqrt(Jacob_fro) * (L2-Norm / Jacov)) / sqrt(Grad_Norm)),0.770800000,0.758900000,13,9,4,2082,run_monash_time_unique1000,2,1,Monash__elecdemand_dataset/seed_2082/run_monash_time_unique1000/visualizations/archive_latex.tex
526,0.498939555,0.770800000,\frac{\left(\frac{\mathrm{Jacov}}{\mathrm{L2Norm}}\right)^2}{\frac{\mathrm{JacobFro}}{\mathrm{GradNorm}}},Jacov L2-Norm Div Square Jacob_fro Grad_Norm Div Div <EOS>,(square((Jacov / L2-Norm)) / (Jacob_fro / Grad_Norm)),0.770800000,0.758900000,157,8,4,2137,run_monash_time_unique1000,2,1,Monash__elecdemand_dataset/seed_2137/run_monash_time_unique1000/visualizations/archive_latex.tex
527,0.497985154,0.770800000,\frac{\sqrt{\frac{\mathrm{JacobFro}}{\mathrm{GradNorm}}}}{\frac{\mathrm{Jacov}}{\mathrm{L2Norm}}},Jacob_fro Grad_Norm Div Sqrt Jacov L2-Norm Div Div <EOS>,(sqrt((Jacob_fro / Grad_Norm)) / (Jacov / L2-Norm)),0.770800000,0.758900000,35,8,4,2062,run_monash_time_unique1000,3,1,Monash__elecdemand_dataset/seed_2062/run_monash_time_unique1000/visualizations/archive_latex.tex
528,0.497030753,0.770700000,\mathrm{ZiCo} - \frac{\mathrm{Jacov}}{\mathrm{L2Norm} - \mathrm{GradNorm}},ZiCo Jacov L2-Norm Grad_Norm Sub Div Sub <EOS>,(ZiCo - (Jacov / (L2-Norm - Grad_Norm))),0.770700000,0.766200000,22,7,4,2253,run_monash_time_unique1000,1,1,Monash__elecdemand_dataset/seed_2253/run_monash_time_unique1000/visualizations/archive_latex.tex
529,0.496076352,0.770700000,\frac{\mathrm{Jacov}}{\mathrm{GradNorm} - \mathrm{L2Norm}} + \mathrm{ZiCo},Jacov Grad_Norm L2-Norm Sub Div ZiCo Add <EOS>,((Jacov / (Grad_Norm - L2-Norm)) + ZiCo),0.770700000,0.766200000,159,7,4,2252,run_monash_time_unique1000,2,3,Monash__elecdemand_dataset/seed_2252/run_monash_time_unique1000/visualizations/archive_latex.tex
530,0.495121951,0.770600000,\frac{\sqrt{\mathrm{MParams}} - \mathrm{GradNorm} + \mathrm{L2Norm}}{\mathrm{Jacov}},MParams Sqrt Grad_Norm Sub L2-Norm Add Jacov Div <EOS>,(((sqrt(MParams) - Grad_Norm) + L2-Norm) / Jacov),0.770600000,0.765000000,192,8,5,2093,run_monash_time_unique1000,2,5,Monash__elecdemand_dataset/seed_2093/run_monash_time_unique1000/visualizations/archive_latex.tex
531,0.494167550,0.770600000,\frac{\mathrm{L2Norm} - \mathrm{GradNorm} - \sqrt{\mathrm{MParams}}}{\mathrm{Jacov}},L2-Norm Grad_Norm MParams Sqrt Sub Sub Jacov Div <EOS>,((L2-Norm - (Grad_Norm - sqrt(MParams))) / Jacov),0.770600000,0.765000000,10,8,5,2203,run_monash_time_unique1000,4,2,Monash__elecdemand_dataset/seed_2203/run_monash_time_unique1000/visualizations/archive_latex.tex
532,0.493213150,0.770600000,\frac{-\sqrt{\mathrm{Fisher}} - \mathrm{Jacov}}{\mathrm{L2Norm} - \mathrm{GradNorm}},Fisher Sqrt Negative Jacov Sub L2-Norm Grad_Norm Sub Div <EOS>,((-(sqrt(Fisher)) - Jacov) / (L2-Norm - Grad_Norm)),0.770600000,0.766900000,141,9,5,2285,run_monash_time_unique1000,4,1,Monash__elecdemand_dataset/seed_2285/run_monash_time_unique1000/visualizations/archive_latex.tex
533,0.492258749,0.770600000,\left(\frac{\mathrm{L2Norm} - \mathrm{GradNorm}}{\mathrm{Jacov}}\right) \cdot \left(\log\left(\mathrm{L2Norm}\right)\right),L2-Norm Grad_Norm Sub Jacov Div L2-Norm Log Mul <EOS>,(((L2-Norm - Grad_Norm) / Jacov) * log(L2-Norm)),0.770600000,0.768200000,35,8,4,2037,run_monash_time_unique1000,5,2,Monash__elecdemand_dataset/seed_2037/run_monash_time_unique1000/visualizations/archive_latex.tex
534,0.491304348,0.770600000,\frac{\sqrt{\mathrm{MParams}} + \mathrm{L2Norm} - \mathrm{GradNorm}}{\mathrm{Jacov}},MParams Sqrt L2-Norm Grad_Norm Sub Add Jacov Div <EOS>,((sqrt(MParams) + (L2-Norm - Grad_Norm)) / Jacov),0.770600000,0.765000000,137,8,4,2235,run_monash_time_unique1000,5,5,Monash__elecdemand_dataset/seed_2235/run_monash_time_unique1000/visualizations/archive_latex.tex
535,0.490349947,0.770600000,\frac{\mathrm{L2Norm} + \sqrt{\mathrm{MParams}} - \mathrm{GradNorm}}{\mathrm{Jacov}},L2-Norm MParams Sqrt Grad_Norm Sub Add Jacov Div <EOS>,((L2-Norm + (sqrt(MParams) - Grad_Norm)) / Jacov),0.770600000,0.765000000,27,8,5,2255,run_monash_time_unique1000,5,3,Monash__elecdemand_dataset/seed_2255/run_monash_time_unique1000/visualizations/archive_latex.tex
536,0.489395546,0.770600000,\frac{\left(\log\left(\mathrm{L2Norm}\right)\right) \cdot \left(\mathrm{L2Norm} - \mathrm{GradNorm}\right)}{\mathrm{Jacov}},L2-Norm Log L2-Norm Grad_Norm Sub Mul Jacov Div <EOS>,((log(L2-Norm) * (L2-Norm - Grad_Norm)) / Jacov),0.770600000,0.768200000,199,8,4,2053,run_monash_time_unique1000,6,9,Monash__elecdemand_dataset/seed_2053/run_monash_time_unique1000/visualizations/archive_latex.tex
537,0.488441145,0.770600000,\frac{\log\left(\mathrm{L2Norm}\right)}{\frac{-\mathrm{Jacov}}{\mathrm{GradNorm} - \mathrm{L2Norm}}},L2-Norm Log Jacov Negative Grad_Norm L2-Norm Sub Div Div <EOS>,(log(L2-Norm) / (-(Jacov) / (Grad_Norm - L2-Norm))),0.770600000,0.768200000,163,9,4,2092,run_monash_time_unique1000,6,1,Monash__elecdemand_dataset/seed_2092/run_monash_time_unique1000/visualizations/archive_latex.tex
538,0.487486744,0.770600000,\frac{-\left(\log\left(\mathrm{L2Norm}\right)\right) \cdot \left(\mathrm{GradNorm} - \mathrm{L2Norm}\right)}{\mathrm{Jacov}},L2-Norm Log Grad_Norm L2-Norm Sub Mul Negative Jacov Div <EOS>,(-((log(L2-Norm) * (Grad_Norm - L2-Norm))) / Jacov),0.770600000,0.768200000,46,9,5,2192,run_monash_time_unique1000,6,1,Monash__elecdemand_dataset/seed_2192/run_monash_time_unique1000/visualizations/archive_latex.tex
539,0.486532344,0.770600000,\frac{\left(\mathrm{L2Norm} - \mathrm{GradNorm}\right) \cdot \left(\log\left(\mathrm{L2Norm}\right)\right)}{\mathrm{Jacov}},L2-Norm Grad_Norm Sub L2-Norm Log Mul Jacov Div <EOS>,(((L2-Norm - Grad_Norm) * log(L2-Norm)) / Jacov),0.770600000,0.768200000,39,8,4,2309,run_monash_time_unique1000,6,8,Monash__elecdemand_dataset/seed_2309/run_monash_time_unique1000/visualizations/archive_latex.tex
540,0.485577943,0.770600000,\frac{\mathrm{L2Norm} - \mathrm{GradNorm} + \sqrt{\mathrm{MParams}}}{\mathrm{Jacov}},L2-Norm Grad_Norm Sub MParams Sqrt Add Jacov Div <EOS>,(((L2-Norm - Grad_Norm) + sqrt(MParams)) / Jacov),0.770600000,0.765000000,179,8,4,2126,run_monash_time_unique1000,7,8,Monash__elecdemand_dataset/seed_2126/run_monash_time_unique1000/visualizations/archive_latex.tex
541,0.484623542,0.770600000,\frac{\mathrm{L2Norm} - \mathrm{GradNorm}}{\frac{\mathrm{Jacov}}{\log\left(\mathrm{L2Norm}\right)}},L2-Norm Grad_Norm Sub Jacov L2-Norm Log Div Div <EOS>,((L2-Norm - Grad_Norm) / (Jacov / log(L2-Norm))),0.770600000,0.768200000,131,8,4,2194,run_monash_time_unique1000,7,1,Monash__elecdemand_dataset/seed_2194/run_monash_time_unique1000/visualizations/archive_latex.tex
542,0.483669141,0.770600000,\left(\mathrm{L2Norm} - \mathrm{GradNorm}\right) \cdot \left(\frac{\log\left(\mathrm{L2Norm}\right)}{\mathrm{Jacov}}\right),L2-Norm Grad_Norm Sub L2-Norm Log Jacov Div Mul <EOS>,((L2-Norm - Grad_Norm) * (log(L2-Norm) / Jacov)),0.770600000,0.768200000,55,8,4,2226,run_monash_time_unique1000,7,1,Monash__elecdemand_dataset/seed_2226/run_monash_time_unique1000/visualizations/archive_latex.tex
543,0.482714740,0.770600000,\frac{\frac{\mathrm{Jacov}}{\mathrm{GradNorm} - \mathrm{L2Norm}}}{\log\left(\mathrm{L2Norm}\right)},Jacov Grad_Norm L2-Norm Sub Div L2-Norm Log Div <EOS>,((Jacov / (Grad_Norm - L2-Norm)) / log(L2-Norm)),0.770600000,0.768200000,186,8,4,2067,run_monash_time_unique1000,8,1,Monash__elecdemand_dataset/seed_2067/run_monash_time_unique1000/visualizations/archive_latex.tex
544,0.481760339,0.770600000,\frac{-\frac{\mathrm{Jacov}}{\mathrm{L2Norm} - \mathrm{GradNorm}}}{\log\left(\mathrm{L2Norm}\right)},Jacov L2-Norm Grad_Norm Sub Div Negative L2-Norm Log Div <EOS>,(-((Jacov / (L2-Norm - Grad_Norm))) / log(L2-Norm)),0.770600000,0.768200000,110,9,5,2119,run_monash_time_unique1000,8,1,Monash__elecdemand_dataset/seed_2119/run_monash_time_unique1000/visualizations/archive_latex.tex
545,0.480805938,0.770600000,\frac{\sqrt{\mathrm{MParams}} - \mathrm{GradNorm} - \mathrm{L2Norm}}{\mathrm{Jacov}},MParams Sqrt Grad_Norm L2-Norm Sub Sub Jacov Div <EOS>,((sqrt(MParams) - (Grad_Norm - L2-Norm)) / Jacov),0.770600000,0.765000000,195,8,4,2162,run_monash_time_unique1000,8,1,Monash__elecdemand_dataset/seed_2162/run_monash_time_unique1000/visualizations/archive_latex.tex
546,0.479851538,0.770600000,\frac{-\mathrm{GradNorm} + \mathrm{L2Norm}}{\frac{\mathrm{Jacov}}{\log\left(\mathrm{L2Norm}\right)}},Grad_Norm Negative L2-Norm Add Jacov L2-Norm Log Div Div <EOS>,((-(Grad_Norm) + L2-Norm) / (Jacov / log(L2-Norm))),0.770600000,0.768200000,21,9,4,2169,run_monash_time_unique1000,8,1,Monash__elecdemand_dataset/seed_2169/run_monash_time_unique1000/visualizations/archive_latex.tex
547,0.478897137,0.770600000,\left(\frac{\log\left(\mathrm{L2Norm}\right)}{\mathrm{Jacov}}\right) \cdot \left(\mathrm{L2Norm} - \mathrm{GradNorm}\right),L2-Norm Log Jacov Div L2-Norm Grad_Norm Sub Mul <EOS>,((log(L2-Norm) / Jacov) * (L2-Norm - Grad_Norm)),0.770600000,0.768200000,41,8,4,2211,run_monash_time_unique1000,8,1,Monash__elecdemand_dataset/seed_2211/run_monash_time_unique1000/visualizations/archive_latex.tex
548,0.477942736,0.770600000,\frac{\log\left(\mathrm{L2Norm}\right)}{\frac{\mathrm{Jacov}}{\mathrm{L2Norm} - \mathrm{GradNorm}}},L2-Norm Log Jacov L2-Norm Grad_Norm Sub Div Div <EOS>,(log(L2-Norm) / (Jacov / (L2-Norm - Grad_Norm))),0.770600000,0.768200000,42,8,4,2229,run_monash_time_unique1000,8,1,Monash__elecdemand_dataset/seed_2229/run_monash_time_unique1000/visualizations/archive_latex.tex
549,0.476988335,0.770600000,\frac{\mathrm{L2Norm} + \sqrt{\mathrm{MParams}} - \mathrm{GradNorm}}{\mathrm{Jacov}},L2-Norm MParams Sqrt Add Grad_Norm Sub Jacov Div <EOS>,(((L2-Norm + sqrt(MParams)) - Grad_Norm) / Jacov),0.770600000,0.765000000,169,8,5,2288,run_monash_time_unique1000,8,2,Monash__elecdemand_dataset/seed_2288/run_monash_time_unique1000/visualizations/archive_latex.tex
550,0.476033934,0.770600000,\frac{\mathrm{GradNorm} - \mathrm{L2Norm} - \sqrt{\mathrm{MParams}}}{-\mathrm{Jacov}},Grad_Norm L2-Norm Sub MParams Sqrt Sub Jacov Negative Div <EOS>,(((Grad_Norm - L2-Norm) - sqrt(MParams)) / -(Jacov)),0.770600000,0.765000000,132,9,4,2167,run_monash_time_unique1000,9,1,Monash__elecdemand_dataset/seed_2167/run_monash_time_unique1000/visualizations/archive_latex.tex
551,0.475079533,0.770600000,\left(\log\left(\mathrm{L2Norm}\right)\right) \cdot \left(\frac{\mathrm{L2Norm} - \mathrm{GradNorm}}{\mathrm{Jacov}}\right),L2-Norm Log L2-Norm Grad_Norm Sub Jacov Div Mul <EOS>,(log(L2-Norm) * ((L2-Norm - Grad_Norm) / Jacov)),0.770600000,0.768200000,51,8,4,2196,run_monash_time_unique1000,10,1,Monash__elecdemand_dataset/seed_2196/run_monash_time_unique1000/visualizations/archive_latex.tex
552,0.474125133,0.770500000,\frac{\mathrm{L2Norm} - \mathrm{Jacov} - \mathrm{GradNorm}}{\mathrm{Jacov}},L2-Norm Jacov Sub Grad_Norm Sub Jacov Div <EOS>,(((L2-Norm - Jacov) - Grad_Norm) / Jacov),0.770500000,0.766500000,110,7,4,2161,run_monash_time_unique1000,1,1,Monash__elecdemand_dataset/seed_2161/run_monash_time_unique1000/visualizations/archive_latex.tex
553,0.473170732,0.770500000,\frac{\mathrm{L2Norm} - \mathrm{GradNorm}}{\mathrm{Jacov}},L2-Norm Grad_Norm Sub Jacov Div <EOS>,((L2-Norm - Grad_Norm) / Jacov),0.770500000,0.766500000,104,5,3,2172,run_monash_time_unique1000,1,140,Monash__elecdemand_dataset/seed_2172/run_monash_time_unique1000/visualizations/archive_latex.tex
554,0.472216331,0.770500000,\left(\frac{\mathrm{Jacov}}{\mathrm{L2Norm} - \mathrm{GradNorm}}\right)^2,Jacov L2-Norm Grad_Norm Sub Div Square <EOS>,square((Jacov / (L2-Norm - Grad_Norm))),0.770500000,0.766500000,76,6,4,2290,run_monash_time_unique1000,1,1,Monash__elecdemand_dataset/seed_2290/run_monash_time_unique1000/visualizations/archive_latex.tex
555,0.471261930,0.770500000,\frac{\mathrm{L2Norm} + -\mathrm{GradNorm}}{\mathrm{Jacov}},L2-Norm Grad_Norm Negative Add Jacov Div <EOS>,((L2-Norm + -(Grad_Norm)) / Jacov),0.770500000,0.766500000,55,6,4,2253,run_monash_time_unique1000,2,1,Monash__elecdemand_dataset/seed_2253/run_monash_time_unique1000/visualizations/archive_latex.tex
556,0.470307529,0.770500000,\frac{-\mathrm{Jacov}}{\mathrm{L2Norm} - \mathrm{GradNorm}},Jacov Negative L2-Norm Grad_Norm Sub Div <EOS>,(-(Jacov) / (L2-Norm - Grad_Norm)),0.770500000,0.766500000,55,6,3,2286,run_monash_time_unique1000,2,3,Monash__elecdemand_dataset/seed_2286/run_monash_time_unique1000/visualizations/archive_latex.tex
557,0.469353128,0.770500000,\frac{\mathrm{L2Norm} + \left(\mathrm{ZiCo}\right)^2 - \mathrm{GradNorm}}{\mathrm{Jacov}},L2-Norm ZiCo Square Grad_Norm Sub Add Jacov Div <EOS>,((L2-Norm + (square(ZiCo) - Grad_Norm)) / Jacov),0.770500000,0.766600000,13,8,5,2326,run_monash_time_unique1000,2,3,Monash__elecdemand_dataset/seed_2326/run_monash_time_unique1000/visualizations/archive_latex.tex
558,0.468398727,0.770500000,\frac{\mathrm{Jacov}}{\mathrm{GradNorm} - \mathrm{L2Norm}},Jacov Grad_Norm L2-Norm Sub Div <EOS>,(Jacov / (Grad_Norm - L2-Norm)),0.770500000,0.766500000,173,5,3,2082,run_monash_time_unique1000,3,17,Monash__elecdemand_dataset/seed_2082/run_monash_time_unique1000/visualizations/archive_latex.tex
559,0.467444327,0.770500000,\frac{\left(\mathrm{ZiCo}\right)^2 - \mathrm{GradNorm} - \mathrm{L2Norm}}{\mathrm{Jacov}},ZiCo Square Grad_Norm L2-Norm Sub Sub Jacov Div <EOS>,((square(ZiCo) - (Grad_Norm - L2-Norm)) / Jacov),0.770500000,0.766600000,61,8,4,2093,run_monash_time_unique1000,3,3,Monash__elecdemand_dataset/seed_2093/run_monash_time_unique1000/visualizations/archive_latex.tex
560,0.466489926,0.770500000,\frac{\mathrm{Jacov}}{\mathrm{GradNorm} - \mathrm{L2Norm}} - \mathrm{ZiCo},Jacov Grad_Norm L2-Norm Sub Div ZiCo Sub <EOS>,((Jacov / (Grad_Norm - L2-Norm)) - ZiCo),0.770500000,0.766900000,161,7,4,2326,run_monash_time_unique1000,4,2,Monash__elecdemand_dataset/seed_2326/run_monash_time_unique1000/visualizations/archive_latex.tex
561,0.465535525,0.770500000,\frac{\mathrm{L2Norm} - \mathrm{GradNorm} - \left(\mathrm{ZiCo}\right)^2}{\mathrm{Jacov}},L2-Norm Grad_Norm ZiCo Square Sub Sub Jacov Div <EOS>,((L2-Norm - (Grad_Norm - square(ZiCo))) / Jacov),0.770500000,0.766600000,29,8,5,2203,run_monash_time_unique1000,5,4,Monash__elecdemand_dataset/seed_2203/run_monash_time_unique1000/visualizations/archive_latex.tex
562,0.464581124,0.770500000,\frac{\mathrm{L2Norm} - \mathrm{GradNorm}}{\sqrt{\mathrm{ZiCo}} + \mathrm{Jacov}},L2-Norm Grad_Norm Sub ZiCo Sqrt Jacov Add Div <EOS>,((L2-Norm - Grad_Norm) / (sqrt(ZiCo) + Jacov)),0.770500000,0.766600000,131,8,4,2140,run_monash_time_unique1000,6,1,Monash__elecdemand_dataset/seed_2140/run_monash_time_unique1000/visualizations/archive_latex.tex
563,0.463626723,0.770500000,\frac{\left(\mathrm{ZiCo}\right)^2 - \mathrm{GradNorm} + \mathrm{L2Norm}}{\mathrm{Jacov}},ZiCo Square Grad_Norm Sub L2-Norm Add Jacov Div <EOS>,(((square(ZiCo) - Grad_Norm) + L2-Norm) / Jacov),0.770500000,0.766600000,11,8,5,2200,run_monash_time_unique1000,6,5,Monash__elecdemand_dataset/seed_2200/run_monash_time_unique1000/visualizations/archive_latex.tex
564,0.462672322,0.770500000,\frac{-\mathrm{GradNorm} + \left(\mathrm{ZiCo}\right)^2 + \mathrm{L2Norm}}{\mathrm{Jacov}},Grad_Norm Negative ZiCo Square L2-Norm Add Add Jacov Div <EOS>,((-(Grad_Norm) + (square(ZiCo) + L2-Norm)) / Jacov),0.770500000,0.766600000,13,9,5,2235,run_monash_time_unique1000,6,1,Monash__elecdemand_dataset/seed_2235/run_monash_time_unique1000/visualizations/archive_latex.tex
565,0.461717922,0.770500000,\frac{\mathrm{L2Norm} - \mathrm{GradNorm}}{\mathrm{Jacov} + \mathrm{Jacov}},L2-Norm Grad_Norm Sub Jacov Jacov Add Div <EOS>,((L2-Norm - Grad_Norm) / (Jacov + Jacov)),0.770500000,0.766500000,87,7,3,2271,run_monash_time_unique1000,6,1,Monash__elecdemand_dataset/seed_2271/run_monash_time_unique1000/visualizations/archive_latex.tex
566,0.460763521,0.770500000,\frac{\mathrm{L2Norm} - \mathrm{GradNorm} - \mathrm{Jacov}}{\mathrm{Jacov}},L2-Norm Grad_Norm Sub Jacov Sub Jacov Div <EOS>,(((L2-Norm - Grad_Norm) - Jacov) / Jacov),0.770500000,0.766500000,90,7,4,2033,run_monash_time_unique1000,7,1,Monash__elecdemand_dataset/seed_2033/run_monash_time_unique1000/visualizations/archive_latex.tex
567,0.459809120,0.770500000,\frac{\mathrm{L2Norm} - \mathrm{GradNorm} + \left(\mathrm{ZiCo}\right)^2}{\mathrm{Jacov}},L2-Norm Grad_Norm Sub ZiCo Square Add Jacov Div <EOS>,(((L2-Norm - Grad_Norm) + square(ZiCo)) / Jacov),0.770500000,0.766600000,131,8,4,2068,run_monash_time_unique1000,7,10,Monash__elecdemand_dataset/seed_2068/run_monash_time_unique1000/visualizations/archive_latex.tex
568,0.458854719,0.770500000,\frac{\left(\mathrm{ZiCo}\right)^2 + \mathrm{L2Norm} - \mathrm{GradNorm}}{\mathrm{Jacov}},ZiCo Square L2-Norm Grad_Norm Sub Add Jacov Div <EOS>,((square(ZiCo) + (L2-Norm - Grad_Norm)) / Jacov),0.770500000,0.766600000,136,8,4,2100,run_monash_time_unique1000,7,6,Monash__elecdemand_dataset/seed_2100/run_monash_time_unique1000/visualizations/archive_latex.tex
569,0.457900318,0.770500000,\frac{\mathrm{L2Norm} - \log\left(\log\left(\mathrm{Fisher}\right)\right) + \mathrm{GradNorm}}{\mathrm{Jacov}},L2-Norm Fisher Log Log Grad_Norm Add Sub Jacov Div <EOS>,((L2-Norm - (log(log(Fisher)) + Grad_Norm)) / Jacov),0.770500000,0.765200000,109,9,6,2213,run_monash_time_unique1000,8,1,Monash__elecdemand_dataset/seed_2213/run_monash_time_unique1000/visualizations/archive_latex.tex
570,0.456945917,0.770500000,\frac{\left(\mathrm{ZiCo}\right)^2 + \mathrm{L2Norm} - \mathrm{GradNorm}}{\mathrm{Jacov}},ZiCo Square L2-Norm Add Grad_Norm Sub Jacov Div <EOS>,(((square(ZiCo) + L2-Norm) - Grad_Norm) / Jacov),0.770500000,0.766600000,187,8,5,2268,run_monash_time_unique1000,8,1,Monash__elecdemand_dataset/seed_2268/run_monash_time_unique1000/visualizations/archive_latex.tex
571,0.455991516,0.770500000,\frac{\sqrt{\log\left(\mathrm{GFLOPs}\right)} - \mathrm{GradNorm} + \mathrm{L2Norm}}{\mathrm{Jacov}},GFLOPs Log Sqrt Grad_Norm Sub L2-Norm Add Jacov Div <EOS>,(((sqrt(log(GFLOPs)) - Grad_Norm) + L2-Norm) / Jacov),0.770500000,0.764400000,90,9,6,2323,run_monash_time_unique1000,8,1,Monash__elecdemand_dataset/seed_2323/run_monash_time_unique1000/visualizations/archive_latex.tex
572,0.455037116,0.770500000,\frac{\mathrm{Jacov}}{\mathrm{GradNorm} - \mathrm{L2Norm}} - \sqrt{\mathrm{ZiCo}},Jacov Grad_Norm L2-Norm Sub Div ZiCo Sqrt Sub <EOS>,((Jacov / (Grad_Norm - L2-Norm)) - sqrt(ZiCo)),0.770500000,0.766900000,180,8,4,2040,run_monash_time_unique1000,9,1,Monash__elecdemand_dataset/seed_2040/run_monash_time_unique1000/visualizations/archive_latex.tex
573,0.454082715,0.770400000,\left(\frac{\mathrm{plain} + \mathrm{Jacov}}{-\mathrm{GradNorm} + \mathrm{L2Norm}}\right)^2,plain Jacov Add Grad_Norm Negative L2-Norm Add Div Square <EOS>,square(((plain + Jacov) / (-(Grad_Norm) + L2-Norm))),0.770400000,0.766900000,99,9,5,2296,run_monash_time_unique1000,2,1,Monash__elecdemand_dataset/seed_2296/run_monash_time_unique1000/visualizations/archive_latex.tex
574,0.453128314,0.770400000,\frac{\mathrm{L2Norm} - \mathrm{GradNorm}}{\mathrm{Jacov} + \mathrm{plain}},L2-Norm Grad_Norm Sub Jacov plain Add Div <EOS>,((L2-Norm - Grad_Norm) / (Jacov + plain)),0.770400000,0.766900000,90,7,3,2190,run_monash_time_unique1000,3,5,Monash__elecdemand_dataset/seed_2190/run_monash_time_unique1000/visualizations/archive_latex.tex
575,0.452173913,0.770400000,\frac{\mathrm{Jacov} + \mathrm{plain}}{\mathrm{GradNorm} - \mathrm{L2Norm}},Jacov plain Add Grad_Norm L2-Norm Sub Div <EOS>,((Jacov + plain) / (Grad_Norm - L2-Norm)),0.770400000,0.766900000,9,7,3,2082,run_monash_time_unique1000,4,1,Monash__elecdemand_dataset/seed_2082/run_monash_time_unique1000/visualizations/archive_latex.tex
576,0.451219512,0.770400000,\frac{\mathrm{plain} + \mathrm{Jacov}}{\mathrm{GradNorm} - \mathrm{L2Norm}},plain Jacov Add Grad_Norm L2-Norm Sub Div <EOS>,((plain + Jacov) / (Grad_Norm - L2-Norm)),0.770400000,0.766900000,174,7,3,2217,run_monash_time_unique1000,4,2,Monash__elecdemand_dataset/seed_2217/run_monash_time_unique1000/visualizations/archive_latex.tex
577,0.450265111,0.770400000,\frac{\mathrm{Jacov}}{\mathrm{GradNorm} - \mathrm{L2Norm}} - \sqrt{\mathrm{JacobFro}},Jacov Grad_Norm L2-Norm Sub Div Jacob_fro Sqrt Sub <EOS>,((Jacov / (Grad_Norm - L2-Norm)) - sqrt(Jacob_fro)),0.770400000,0.767600000,162,8,4,2252,run_monash_time_unique1000,4,3,Monash__elecdemand_dataset/seed_2252/run_monash_time_unique1000/visualizations/archive_latex.tex
578,0.449310710,0.770400000,\frac{\log\left(\mathrm{Fisher}\right) - \mathrm{Jacov}}{\mathrm{L2Norm} - \mathrm{GradNorm}},Fisher Log Jacov Sub L2-Norm Grad_Norm Sub Div <EOS>,((log(Fisher) - Jacov) / (L2-Norm - Grad_Norm)),0.770400000,0.767300000,128,8,4,2059,run_monash_time_unique1000,5,1,Monash__elecdemand_dataset/seed_2059/run_monash_time_unique1000/visualizations/archive_latex.tex
579,0.448356310,0.770400000,\frac{-\mathrm{GradNorm} + \mathrm{L2Norm}}{\mathrm{Jacov} + \mathrm{plain}},Grad_Norm Negative L2-Norm Add Jacov plain Add Div <EOS>,((-(Grad_Norm) + L2-Norm) / (Jacov + plain)),0.770400000,0.766900000,160,8,4,2086,run_monash_time_unique1000,7,1,Monash__elecdemand_dataset/seed_2086/run_monash_time_unique1000/visualizations/archive_latex.tex
580,0.447401909,0.770400000,\frac{\mathrm{L2Norm} + -\mathrm{GradNorm}}{\mathrm{Jacov} + \mathrm{plain}},L2-Norm Grad_Norm Negative Add Jacov plain Add Div <EOS>,((L2-Norm + -(Grad_Norm)) / (Jacov + plain)),0.770400000,0.766900000,90,8,4,2261,run_monash_time_unique1000,7,1,Monash__elecdemand_dataset/seed_2261/run_monash_time_unique1000/visualizations/archive_latex.tex
581,0.446447508,0.770400000,\frac{\mathrm{L2Norm} - \mathrm{GradNorm}}{\mathrm{plain} + \mathrm{Jacov}},L2-Norm Grad_Norm Sub plain Jacov Add Div <EOS>,((L2-Norm - Grad_Norm) / (plain + Jacov)),0.770400000,0.766900000,126,7,3,2140,run_monash_time_unique1000,8,8,Monash__elecdemand_dataset/seed_2140/run_monash_time_unique1000/visualizations/archive_latex.tex
582,0.445493107,0.770400000,\frac{\mathrm{Jacov}}{-\mathrm{L2Norm} - \mathrm{GradNorm}} - \sqrt{\mathrm{JacobFro}},Jacov L2-Norm Grad_Norm Sub Negative Div Jacob_fro Sqrt Sub <EOS>,((Jacov / -((L2-Norm - Grad_Norm))) - sqrt(Jacob_fro)),0.770400000,0.767600000,149,9,5,2119,run_monash_time_unique1000,10,1,Monash__elecdemand_dataset/seed_2119/run_monash_time_unique1000/visualizations/archive_latex.tex
583,0.444538706,0.770400000,\frac{-\mathrm{Jacov}}{\mathrm{L2Norm} - \mathrm{GradNorm}} - \sqrt{\mathrm{JacobFro}},Jacov Negative L2-Norm Grad_Norm Sub Div Jacob_fro Sqrt Sub <EOS>,((-(Jacov) / (L2-Norm - Grad_Norm)) - sqrt(Jacob_fro)),0.770400000,0.767600000,142,9,4,2179,run_monash_time_unique1000,10,1,Monash__elecdemand_dataset/seed_2179/run_monash_time_unique1000/visualizations/archive_latex.tex
584,0.443584305,0.770300000,\frac{\mathrm{L2Norm} - \mathrm{GradNorm} - \log\left(\sqrt{\mathrm{GFLOPs}}\right)}{\mathrm{Jacov}},L2-Norm Grad_Norm GFLOPs Sqrt Log Sub Sub Jacov Div <EOS>,((L2-Norm - (Grad_Norm - log(sqrt(GFLOPs)))) / Jacov),0.770300000,0.765000000,127,9,6,2248,run_monash_time_unique1000,7,1,Monash__elecdemand_dataset/seed_2248/run_monash_time_unique1000/visualizations/archive_latex.tex
585,0.442629905,0.770300000,\frac{\log\left(\sqrt{\mathrm{GFLOPs}}\right) + \mathrm{L2Norm} - \mathrm{GradNorm}}{\mathrm{Jacov}},GFLOPs Sqrt Log L2-Norm Grad_Norm Sub Add Jacov Div <EOS>,((log(sqrt(GFLOPs)) + (L2-Norm - Grad_Norm)) / Jacov),0.770300000,0.765000000,11,9,5,2184,run_monash_time_unique1000,9,1,Monash__elecdemand_dataset/seed_2184/run_monash_time_unique1000/visualizations/archive_latex.tex
586,0.441675504,0.770200000,\frac{\log\left(\mathrm{plain}\right) + \mathrm{L2Norm} - \mathrm{GradNorm}}{\mathrm{Jacov}},plain Log L2-Norm Add Grad_Norm Sub Jacov Div <EOS>,(((log(plain) + L2-Norm) - Grad_Norm) / Jacov),0.770200000,0.766400000,112,8,5,2172,run_monash_time_unique1000,2,1,Monash__elecdemand_dataset/seed_2172/run_monash_time_unique1000/visualizations/archive_latex.tex
587,0.440721103,0.770200000,\frac{\mathrm{Jacov}}{\mathrm{GradNorm} - \log\left(\mathrm{plain}\right) + \mathrm{L2Norm}},Jacov Grad_Norm plain Log L2-Norm Add Sub Div <EOS>,(Jacov / (Grad_Norm - (log(plain) + L2-Norm))),0.770200000,0.766400000,172,8,5,2082,run_monash_time_unique1000,5,1,Monash__elecdemand_dataset/seed_2082/run_monash_time_unique1000/visualizations/archive_latex.tex
588,0.439766702,0.770200000,\frac{\log\left(\sqrt{\mathrm{MParams}}\right) - \mathrm{GradNorm} + \mathrm{L2Norm}}{\mathrm{Jacov}},MParams Sqrt Log Grad_Norm Sub L2-Norm Add Jacov Div <EOS>,(((log(sqrt(MParams)) - Grad_Norm) + L2-Norm) / Jacov),0.770200000,0.764300000,91,9,6,2045,run_monash_time_unique1000,6,1,Monash__elecdemand_dataset/seed_2045/run_monash_time_unique1000/visualizations/archive_latex.tex
589,0.438812301,0.770200000,\frac{\mathrm{L2Norm} - \mathrm{GradNorm} + \log\left(\mathrm{plain}\right)}{\mathrm{Jacov}},L2-Norm Grad_Norm Sub plain Log Add Jacov Div <EOS>,(((L2-Norm - Grad_Norm) + log(plain)) / Jacov),0.770200000,0.766400000,85,8,4,2072,run_monash_time_unique1000,8,1,Monash__elecdemand_dataset/seed_2072/run_monash_time_unique1000/visualizations/archive_latex.tex
590,0.437857900,0.770200000,\frac{\log\left(\mathrm{plain}\right) + \mathrm{L2Norm} - \mathrm{GradNorm}}{\mathrm{Jacov}},plain Log L2-Norm Grad_Norm Sub Add Jacov Div <EOS>,((log(plain) + (L2-Norm - Grad_Norm)) / Jacov),0.770200000,0.766400000,13,8,4,2068,run_monash_time_unique1000,9,1,Monash__elecdemand_dataset/seed_2068/run_monash_time_unique1000/visualizations/archive_latex.tex
591,0.436903499,0.770200000,-\frac{\mathrm{Jacov}}{\mathrm{L2Norm} - \mathrm{GradNorm}} + \log\left(\mathrm{JacobFro}\right),Jacov L2-Norm Grad_Norm Sub Div Negative Jacob_fro Log Add <EOS>,(-((Jacov / (L2-Norm - Grad_Norm))) + log(Jacob_fro)),0.770200000,0.766100000,161,9,5,2085,run_monash_time_unique1000,9,1,Monash__elecdemand_dataset/seed_2085/run_monash_time_unique1000/visualizations/archive_latex.tex
592,0.435949099,0.770100000,\frac{\mathrm{L2Norm} - \mathrm{GradNorm}}{\mathrm{Jacov} - \log\left(\mathrm{MParams}\right)},L2-Norm Grad_Norm Sub Jacov MParams Log Sub Div <EOS>,((L2-Norm - Grad_Norm) / (Jacov - log(MParams))),0.770100000,0.766900000,147,8,4,2160,run_monash_time_unique1000,4,1,Monash__elecdemand_dataset/seed_2160/run_monash_time_unique1000/visualizations/archive_latex.tex
593,0.434994698,0.770000000,\frac{\mathrm{L2Norm} - \mathrm{GradNorm}}{\log\left(\mathrm{GradNorm}\right) + \mathrm{Jacov}},L2-Norm Grad_Norm Sub Grad_Norm Log Jacov Add Div <EOS>,((L2-Norm - Grad_Norm) / (log(Grad_Norm) + Jacov)),0.770000000,0.766600000,8,8,4,2153,run_monash_time_unique1000,5,2,Monash__elecdemand_dataset/seed_2153/run_monash_time_unique1000/visualizations/archive_latex.tex
594,0.434040297,0.770000000,\frac{\sqrt{\mathrm{Jacov}} - \mathrm{Jacov}}{\frac{\mathrm{L2Norm}}{\sqrt{\mathrm{GradNorm}}}},Jacov Sqrt Jacov Sub L2-Norm Grad_Norm Sqrt Div Div <EOS>,((sqrt(Jacov) - Jacov) / (L2-Norm / sqrt(Grad_Norm))),0.770000000,0.747800000,144,9,4,2059,run_monash_time_unique1000,6,1,Monash__elecdemand_dataset/seed_2059/run_monash_time_unique1000/visualizations/archive_latex.tex
595,0.433085896,0.770000000,\frac{\mathrm{L2Norm} - \mathrm{GradNorm} - \sqrt{\mathrm{GFLOPs}}}{\mathrm{Jacov}},L2-Norm Grad_Norm GFLOPs Sqrt Sub Sub Jacov Div <EOS>,((L2-Norm - (Grad_Norm - sqrt(GFLOPs))) / Jacov),0.770000000,0.763700000,12,8,5,2140,run_monash_time_unique1000,9,1,Monash__elecdemand_dataset/seed_2140/run_monash_time_unique1000/visualizations/archive_latex.tex
596,0.432131495,0.770000000,\frac{\sqrt{\mathrm{GFLOPs}} + \mathrm{L2Norm} - \mathrm{GradNorm}}{\mathrm{Jacov}},GFLOPs Sqrt L2-Norm Add Grad_Norm Sub Jacov Div <EOS>,(((sqrt(GFLOPs) + L2-Norm) - Grad_Norm) / Jacov),0.770000000,0.763700000,26,8,5,2187,run_monash_time_unique1000,9,1,Monash__elecdemand_dataset/seed_2187/run_monash_time_unique1000/visualizations/archive_latex.tex
597,0.431177094,0.769900000,\frac{\mathrm{MParams} + -\mathrm{GradNorm} + \mathrm{L2Norm}}{\mathrm{Jacov}},MParams Grad_Norm Negative Add L2-Norm Add Jacov Div <EOS>,(((MParams + -(Grad_Norm)) + L2-Norm) / Jacov),0.769900000,0.765500000,12,8,5,2161,run_monash_time_unique1000,2,2,Monash__elecdemand_dataset/seed_2161/run_monash_time_unique1000/visualizations/archive_latex.tex
598,0.430222694,0.769900000,\frac{\mathrm{L2Norm} + \mathrm{MParams} - \mathrm{GradNorm}}{\mathrm{Jacov}},L2-Norm MParams Add Grad_Norm Sub Jacov Div <EOS>,(((L2-Norm + MParams) - Grad_Norm) / Jacov),0.769900000,0.765500000,167,7,4,2131,run_monash_time_unique1000,3,4,Monash__elecdemand_dataset/seed_2131/run_monash_time_unique1000/visualizations/archive_latex.tex
599,0.429268293,0.769900000,\frac{\mathrm{L2Norm} + -\log\left(\mathrm{L2Norm}\right) + \mathrm{GradNorm}}{\mathrm{Jacov}},L2-Norm L2-Norm Log Grad_Norm Add Negative Add Jacov Div <EOS>,((L2-Norm + -((log(L2-Norm) + Grad_Norm))) / Jacov),0.769900000,0.764300000,188,9,6,2298,run_monash_time_unique1000,3,1,Monash__elecdemand_dataset/seed_2298/run_monash_time_unique1000/visualizations/archive_latex.tex
600,0.428313892,0.769900000,\frac{\mathrm{MParams} - \mathrm{GradNorm} + \mathrm{L2Norm}}{\mathrm{Jacov}},MParams Grad_Norm Sub L2-Norm Add Jacov Div <EOS>,(((MParams - Grad_Norm) + L2-Norm) / Jacov),0.769900000,0.765500000,190,7,4,2137,run_monash_time_unique1000,4,13,Monash__elecdemand_dataset/seed_2137/run_monash_time_unique1000/visualizations/archive_latex.tex
601,0.427359491,0.769900000,\frac{\sqrt{\left(\mathrm{MParams} - \mathrm{GradNorm} + \mathrm{L2Norm}\right)^2}}{\mathrm{Jacov}},MParams Grad_Norm Sub L2-Norm Add Square Sqrt Jacov Div <EOS>,(sqrt(square(((MParams - Grad_Norm) + L2-Norm))) / Jacov),0.769900000,0.765500000,150,9,6,2190,run_monash_time_unique1000,4,1,Monash__elecdemand_dataset/seed_2190/run_monash_time_unique1000/visualizations/archive_latex.tex
602,0.426405090,0.769900000,\frac{\mathrm{MParams} + \mathrm{L2Norm} - \mathrm{GradNorm}}{\mathrm{Jacov}},MParams L2-Norm Add Grad_Norm Sub Jacov Div <EOS>,(((MParams + L2-Norm) - Grad_Norm) / Jacov),0.769900000,0.765500000,76,7,4,2062,run_monash_time_unique1000,5,4,Monash__elecdemand_dataset/seed_2062/run_monash_time_unique1000/visualizations/archive_latex.tex
603,0.425450689,0.769900000,\frac{\mathrm{MParams} + \mathrm{L2Norm} - \mathrm{GradNorm}}{\mathrm{Jacov}},MParams L2-Norm Grad_Norm Sub Add Jacov Div <EOS>,((MParams + (L2-Norm - Grad_Norm)) / Jacov),0.769900000,0.765500000,123,7,4,2093,run_monash_time_unique1000,5,9,Monash__elecdemand_dataset/seed_2093/run_monash_time_unique1000/visualizations/archive_latex.tex
604,0.424496288,0.769900000,\frac{\mathrm{L2Norm} - \mathrm{GradNorm} - \mathrm{MParams}}{\mathrm{Jacov}},L2-Norm Grad_Norm MParams Sub Sub Jacov Div <EOS>,((L2-Norm - (Grad_Norm - MParams)) / Jacov),0.769900000,0.765500000,197,7,4,2188,run_monash_time_unique1000,5,8,Monash__elecdemand_dataset/seed_2188/run_monash_time_unique1000/visualizations/archive_latex.tex
605,0.423541888,0.769900000,\frac{\mathrm{L2Norm} + \mathrm{MParams} - \mathrm{GradNorm}}{\mathrm{Jacov}},L2-Norm MParams Grad_Norm Sub Add Jacov Div <EOS>,((L2-Norm + (MParams - Grad_Norm)) / Jacov),0.769900000,0.765500000,121,7,4,2217,run_monash_time_unique1000,5,7,Monash__elecdemand_dataset/seed_2217/run_monash_time_unique1000/visualizations/archive_latex.tex
606,0.422587487,0.769900000,\frac{\mathrm{MParams} - \mathrm{GradNorm} - \mathrm{L2Norm}}{\mathrm{Jacov}},MParams Grad_Norm L2-Norm Sub Sub Jacov Div <EOS>,((MParams - (Grad_Norm - L2-Norm)) / Jacov),0.769900000,0.765500000,104,7,4,2252,run_monash_time_unique1000,5,6,Monash__elecdemand_dataset/seed_2252/run_monash_time_unique1000/visualizations/archive_latex.tex
607,0.421633086,0.769900000,\frac{\mathrm{L2Norm} + -\mathrm{GradNorm} + \mathrm{MParams}}{\mathrm{Jacov}},L2-Norm Grad_Norm Negative MParams Add Add Jacov Div <EOS>,((L2-Norm + (-(Grad_Norm) + MParams)) / Jacov),0.769900000,0.765500000,130,8,5,2102,run_monash_time_unique1000,6,3,Monash__elecdemand_dataset/seed_2102/run_monash_time_unique1000/visualizations/archive_latex.tex
608,0.420678685,0.769900000,\frac{\sqrt{\left(\mathrm{GradNorm} - \mathrm{L2Norm} + \mathrm{MParams}\right)^2}}{\mathrm{Jacov}},Grad_Norm L2-Norm MParams Add Sub Square Sqrt Jacov Div <EOS>,(sqrt(square((Grad_Norm - (L2-Norm + MParams)))) / Jacov),0.769900000,0.765500000,24,9,6,2273,run_monash_time_unique1000,6,1,Monash__elecdemand_dataset/seed_2273/run_monash_time_unique1000/visualizations/archive_latex.tex
609,0.419724284,0.769900000,\frac{\mathrm{L2Norm} - \mathrm{GradNorm} - -\mathrm{MParams}}{\mathrm{Jacov}},L2-Norm Grad_Norm Sub MParams Negative Sub Jacov Div <EOS>,(((L2-Norm - Grad_Norm) - -(MParams)) / Jacov),0.769900000,0.765500000,65,8,4,2314,run_monash_time_unique1000,6,1,Monash__elecdemand_dataset/seed_2314/run_monash_time_unique1000/visualizations/archive_latex.tex
610,0.418769883,0.769900000,\frac{\mathrm{Jacov}}{\mathrm{GradNorm} + -\mathrm{L2Norm} - \mathrm{MParams}},Jacov Grad_Norm L2-Norm Negative MParams Sub Add Div <EOS>,(Jacov / (Grad_Norm + (-(L2-Norm) - MParams))),0.769900000,0.765500000,37,8,5,2097,run_monash_time_unique1000,7,1,Monash__elecdemand_dataset/seed_2097/run_monash_time_unique1000/visualizations/archive_latex.tex
611,0.417815483,0.769900000,\frac{\mathrm{L2Norm} - \mathrm{GradNorm} + \log\left(\mathrm{L2Norm}\right)}{\mathrm{Jacov}},L2-Norm Grad_Norm L2-Norm Log Add Sub Jacov Div <EOS>,((L2-Norm - (Grad_Norm + log(L2-Norm))) / Jacov),0.769900000,0.764300000,162,8,5,2158,run_monash_time_unique1000,7,3,Monash__elecdemand_dataset/seed_2158/run_monash_time_unique1000/visualizations/archive_latex.tex
612,0.416861082,0.769900000,\frac{-\mathrm{GradNorm} - \log\left(\mathrm{L2Norm}\right) + \mathrm{L2Norm}}{\mathrm{Jacov}},Grad_Norm Negative L2-Norm Log Sub L2-Norm Add Jacov Div <EOS>,(((-(Grad_Norm) - log(L2-Norm)) + L2-Norm) / Jacov),0.769900000,0.764300000,42,9,5,2037,run_monash_time_unique1000,8,1,Monash__elecdemand_dataset/seed_2037/run_monash_time_unique1000/visualizations/archive_latex.tex
613,0.415906681,0.769900000,\frac{\mathrm{Jacov}}{\log\left(\mathrm{L2Norm}\right) - \mathrm{L2Norm} + \mathrm{GradNorm}},Jacov L2-Norm Log L2-Norm Sub Grad_Norm Add Div <EOS>,(Jacov / ((log(L2-Norm) - L2-Norm) + Grad_Norm)),0.769900000,0.764300000,126,8,5,2087,run_monash_time_unique1000,8,1,Monash__elecdemand_dataset/seed_2087/run_monash_time_unique1000/visualizations/archive_latex.tex
614,0.414952280,0.769900000,\frac{\mathrm{L2Norm} - \mathrm{GradNorm} + \mathrm{MParams}}{\mathrm{Jacov}},L2-Norm Grad_Norm Sub MParams Add Jacov Div <EOS>,(((L2-Norm - Grad_Norm) + MParams) / Jacov),0.769900000,0.765500000,65,7,4,2120,run_monash_time_unique1000,8,4,Monash__elecdemand_dataset/seed_2120/run_monash_time_unique1000/visualizations/archive_latex.tex
615,0.413997879,0.769900000,\frac{\mathrm{Jacov}}{\mathrm{GradNorm} - \mathrm{L2Norm} + \mathrm{MParams}},Jacov Grad_Norm L2-Norm MParams Add Sub Div <EOS>,(Jacov / (Grad_Norm - (L2-Norm + MParams))),0.769900000,0.765500000,167,7,4,2145,run_monash_time_unique1000,8,1,Monash__elecdemand_dataset/seed_2145/run_monash_time_unique1000/visualizations/archive_latex.tex
616,0.413043478,0.769900000,\frac{\sqrt{\mathrm{Jacov}}}{\sqrt{\mathrm{GradNorm} - \mathrm{MParams} - \mathrm{L2Norm}}},Jacov Sqrt Grad_Norm MParams Sub L2-Norm Sub Sqrt Div <EOS>,(sqrt(Jacov) / sqrt(((Grad_Norm - MParams) - L2-Norm))),0.769900000,0.765500000,34,9,5,2232,run_monash_time_unique1000,9,1,Monash__elecdemand_dataset/seed_2232/run_monash_time_unique1000/visualizations/archive_latex.tex
617,0.412089077,0.769900000,\frac{\mathrm{L2Norm} - \log\left(\mathrm{L2Norm}\right) + \mathrm{GradNorm}}{\mathrm{Jacov}},L2-Norm L2-Norm Log Grad_Norm Add Sub Jacov Div <EOS>,((L2-Norm - (log(L2-Norm) + Grad_Norm)) / Jacov),0.769900000,0.764300000,9,8,5,2299,run_monash_time_unique1000,9,1,Monash__elecdemand_dataset/seed_2299/run_monash_time_unique1000/visualizations/archive_latex.tex
618,0.411134677,0.769900000,\frac{-\mathrm{GradNorm} + \mathrm{L2Norm} + \mathrm{MParams}}{\mathrm{Jacov}},Grad_Norm Negative L2-Norm Add MParams Add Jacov Div <EOS>,(((-(Grad_Norm) + L2-Norm) + MParams) / Jacov),0.769900000,0.765500000,123,8,5,2038,run_monash_time_unique1000,10,1,Monash__elecdemand_dataset/seed_2038/run_monash_time_unique1000/visualizations/archive_latex.tex
619,0.410180276,0.769900000,\frac{\mathrm{L2Norm} - \mathrm{GradNorm} - \log\left(\mathrm{L2Norm}\right)}{\mathrm{Jacov}},L2-Norm Grad_Norm Sub L2-Norm Log Sub Jacov Div <EOS>,(((L2-Norm - Grad_Norm) - log(L2-Norm)) / Jacov),0.769900000,0.764300000,157,8,4,2043,run_monash_time_unique1000,10,1,Monash__elecdemand_dataset/seed_2043/run_monash_time_unique1000/visualizations/archive_latex.tex
620,0.409225875,0.769900000,\frac{\sqrt{\mathrm{Jacov}}}{\sqrt{\mathrm{MParams} + \mathrm{L2Norm} - \mathrm{GradNorm}}},Jacov Sqrt MParams L2-Norm Grad_Norm Sub Add Sqrt Div <EOS>,(sqrt(Jacov) / sqrt((MParams + (L2-Norm - Grad_Norm)))),0.769900000,0.765500000,176,9,5,2259,run_monash_time_unique1000,10,1,Monash__elecdemand_dataset/seed_2259/run_monash_time_unique1000/visualizations/archive_latex.tex
621,0.408271474,0.769800000,\frac{\frac{\mathrm{Jacov}}{\mathrm{GradNorm} - \mathrm{L2Norm}}}{\log\left(\mathrm{Jacov}\right)},Jacov Grad_Norm L2-Norm Sub Div Jacov Log Div <EOS>,((Jacov / (Grad_Norm - L2-Norm)) / log(Jacov)),0.769800000,0.765700000,114,8,4,2233,run_monash_time_unique1000,6,2,Monash__elecdemand_dataset/seed_2233/run_monash_time_unique1000/visualizations/archive_latex.tex
622,0.407317073,0.769800000,\frac{\left(\mathrm{L2Norm} - \mathrm{GradNorm}\right) \cdot \left(\log\left(\mathrm{Jacov}\right)\right)}{\mathrm{Jacov}},L2-Norm Grad_Norm Sub Jacov Log Mul Jacov Div <EOS>,(((L2-Norm - Grad_Norm) * log(Jacov)) / Jacov),0.769800000,0.765700000,54,8,4,2037,run_monash_time_unique1000,9,1,Monash__elecdemand_dataset/seed_2037/run_monash_time_unique1000/visualizations/archive_latex.tex
623,0.406362672,0.769800000,\frac{\left(\log\left(\mathrm{Jacov}\right)\right) \cdot \left(\mathrm{L2Norm} - \mathrm{GradNorm}\right)}{\mathrm{Jacov}},Jacov Log L2-Norm Grad_Norm Sub Mul Jacov Div <EOS>,((log(Jacov) * (L2-Norm - Grad_Norm)) / Jacov),0.769800000,0.765700000,132,8,4,2041,run_monash_time_unique1000,9,5,Monash__elecdemand_dataset/seed_2041/run_monash_time_unique1000/visualizations/archive_latex.tex
624,0.405408271,0.769800000,\frac{\left(-\log\left(\mathrm{Jacov}\right)\right) \cdot \left(\mathrm{GradNorm} - \mathrm{L2Norm}\right)}{\mathrm{Jacov}},Jacov Log Negative Grad_Norm L2-Norm Sub Mul Jacov Div <EOS>,((-(log(Jacov)) * (Grad_Norm - L2-Norm)) / Jacov),0.769800000,0.765700000,66,9,5,2049,run_monash_time_unique1000,9,1,Monash__elecdemand_dataset/seed_2049/run_monash_time_unique1000/visualizations/archive_latex.tex
625,0.404453871,0.769800000,\frac{\log\left(\mathrm{Jacov}\right)}{\frac{\mathrm{Jacov}}{\mathrm{L2Norm} - \mathrm{GradNorm}}},Jacov Log Jacov L2-Norm Grad_Norm Sub Div Div <EOS>,(log(Jacov) / (Jacov / (L2-Norm - Grad_Norm))),0.769800000,0.765700000,21,8,4,2087,run_monash_time_unique1000,9,1,Monash__elecdemand_dataset/seed_2087/run_monash_time_unique1000/visualizations/archive_latex.tex
626,0.403499470,0.769800000,\left(\mathrm{L2Norm} - \mathrm{GradNorm}\right) \cdot \left(\frac{\log\left(\mathrm{Jacov}\right)}{\mathrm{Jacov}}\right),L2-Norm Grad_Norm Sub Jacov Log Jacov Div Mul <EOS>,((L2-Norm - Grad_Norm) * (log(Jacov) / Jacov)),0.769800000,0.765700000,80,8,4,2226,run_monash_time_unique1000,9,3,Monash__elecdemand_dataset/seed_2226/run_monash_time_unique1000/visualizations/archive_latex.tex
627,0.402545069,0.769800000,\frac{\left(\mathrm{L2Norm} - \mathrm{GradNorm}\right) \cdot \left(\log\left(-\mathrm{Jacov}\right)\right)}{\mathrm{Jacov}},L2-Norm Grad_Norm Sub Jacov Negative Log Mul Jacov Div <EOS>,(((L2-Norm - Grad_Norm) * log(-(Jacov))) / Jacov),0.769800000,0.765700000,85,9,5,2036,run_monash_time_unique1000,10,1,Monash__elecdemand_dataset/seed_2036/run_monash_time_unique1000/visualizations/archive_latex.tex
628,0.401590668,0.769800000,\left(\frac{\mathrm{L2Norm} - \mathrm{GradNorm}}{\mathrm{Jacov}}\right) \cdot \left(\log\left(-\mathrm{Jacov}\right)\right),L2-Norm Grad_Norm Sub Jacov Div Jacov Negative Log Mul <EOS>,(((L2-Norm - Grad_Norm) / Jacov) * log(-(Jacov))),0.769800000,0.765700000,19,9,4,2266,run_monash_time_unique1000,10,1,Monash__elecdemand_dataset/seed_2266/run_monash_time_unique1000/visualizations/archive_latex.tex
629,0.400636267,0.769800000,\frac{-\mathrm{GradNorm} - \mathrm{L2Norm}}{\frac{\mathrm{Jacov}}{\log\left(\mathrm{Jacov}\right)}},Grad_Norm L2-Norm Sub Negative Jacov Jacov Log Div Div <EOS>,(-((Grad_Norm - L2-Norm)) / (Jacov / log(Jacov))),0.769800000,0.765700000,185,9,4,2299,run_monash_time_unique1000,10,1,Monash__elecdemand_dataset/seed_2299/run_monash_time_unique1000/visualizations/archive_latex.tex
630,0.399681866,0.769800000,\frac{\left(\mathrm{GradNorm} - \mathrm{L2Norm}\right) \cdot \left(-\log\left(\mathrm{Jacov}\right)\right)}{\mathrm{Jacov}},Grad_Norm L2-Norm Sub Jacov Log Negative Mul Jacov Div <EOS>,(((Grad_Norm - L2-Norm) * -(log(Jacov))) / Jacov),0.769800000,0.765700000,75,9,5,2323,run_monash_time_unique1000,10,1,Monash__elecdemand_dataset/seed_2323/run_monash_time_unique1000/visualizations/archive_latex.tex
631,0.398727466,0.769700000,\frac{\mathrm{L2Norm} - \mathrm{GradNorm}}{\mathrm{Jacov} + \sqrt{\mathrm{GradNorm}}},L2-Norm Grad_Norm Sub Jacov Grad_Norm Sqrt Add Div <EOS>,((L2-Norm - Grad_Norm) / (Jacov + sqrt(Grad_Norm))),0.769700000,0.766000000,106,8,4,2190,run_monash_time_unique1000,5,1,Monash__elecdemand_dataset/seed_2190/run_monash_time_unique1000/visualizations/archive_latex.tex
632,0.397773065,0.769700000,\frac{\mathrm{L2Norm} - \mathrm{GradNorm}}{\sqrt{\mathrm{GradNorm}} + \mathrm{Jacov}},L2-Norm Grad_Norm Sub Grad_Norm Sqrt Jacov Add Div <EOS>,((L2-Norm - Grad_Norm) / (sqrt(Grad_Norm) + Jacov)),0.769700000,0.766000000,103,8,4,2314,run_monash_time_unique1000,7,1,Monash__elecdemand_dataset/seed_2314/run_monash_time_unique1000/visualizations/archive_latex.tex
633,0.396818664,0.769600000,\frac{\mathrm{L2Norm} - \mathrm{GradNorm}}{\mathrm{Fisher} + \mathrm{Jacov}},L2-Norm Grad_Norm Sub Fisher Jacov Add Div <EOS>,((L2-Norm - Grad_Norm) / (Fisher + Jacov)),0.769600000,0.767100000,161,7,3,2168,run_monash_time_unique1000,3,3,Monash__elecdemand_dataset/seed_2168/run_monash_time_unique1000/visualizations/archive_latex.tex
634,0.395864263,0.769600000,\frac{\mathrm{L2Norm} - \mathrm{GradNorm}}{\mathrm{Jacov} + \mathrm{Fisher}},L2-Norm Grad_Norm Sub Jacov Fisher Add Div <EOS>,((L2-Norm - Grad_Norm) / (Jacov + Fisher)),0.769600000,0.767100000,107,7,3,2190,run_monash_time_unique1000,6,2,Monash__elecdemand_dataset/seed_2190/run_monash_time_unique1000/visualizations/archive_latex.tex
635,0.394909862,0.769600000,\frac{\mathrm{Jacov}}{\mathrm{GradNorm} - \mathrm{L2Norm}} - \sqrt{\mathrm{MParams}},Jacov Grad_Norm L2-Norm Sub Div MParams Sqrt Sub <EOS>,((Jacov / (Grad_Norm - L2-Norm)) - sqrt(MParams)),0.769600000,0.768100000,200,8,4,2252,run_monash_time_unique1000,6,1,Monash__elecdemand_dataset/seed_2252/run_monash_time_unique1000/visualizations/archive_latex.tex
636,0.393955461,0.769600000,\frac{\mathrm{L2Norm} - \mathrm{GradNorm}}{\mathrm{Jacov} - \log\left(\log\left(\mathrm{GFLOPs}\right)\right)},L2-Norm Grad_Norm Sub Jacov GFLOPs Log Log Sub Div <EOS>,((L2-Norm - Grad_Norm) / (Jacov - log(log(GFLOPs)))),0.769600000,0.767200000,24,9,5,2140,run_monash_time_unique1000,10,1,Monash__elecdemand_dataset/seed_2140/run_monash_time_unique1000/visualizations/archive_latex.tex
637,0.393001060,0.769500000,\frac{\left(\mathrm{JacobFro}\right)^2 + \left(\mathrm{L2Norm} - \mathrm{GradNorm}\right)^2}{\mathrm{Jacov}},Jacob_fro Square L2-Norm Grad_Norm Sub Square Add Jacov Div <EOS>,((square(Jacob_fro) + square((L2-Norm - Grad_Norm))) / Jacov),0.769500000,0.779900000,104,9,5,2075,run_monash_time_unique1000,8,4,Monash__elecdemand_dataset/seed_2075/run_monash_time_unique1000/visualizations/archive_latex.tex
638,0.392046660,0.769500000,\frac{\left(\mathrm{GradNorm} - \mathrm{L2Norm}\right)^2 + \left(\mathrm{JacobFro}\right)^2}{\mathrm{Jacov}},Grad_Norm L2-Norm Sub Square Jacob_fro Square Add Jacov Div <EOS>,((square((Grad_Norm - L2-Norm)) + square(Jacob_fro)) / Jacov),0.769500000,0.779900000,72,9,5,2066,run_monash_time_unique1000,9,2,Monash__elecdemand_dataset/seed_2066/run_monash_time_unique1000/visualizations/archive_latex.tex
639,0.391092259,0.769500000,\frac{\left(\mathrm{JacobFro}\right)^2 + \left(\mathrm{GradNorm} - \mathrm{L2Norm}\right)^2}{\mathrm{Jacov}},Jacob_fro Square Grad_Norm L2-Norm Sub Square Add Jacov Div <EOS>,((square(Jacob_fro) + square((Grad_Norm - L2-Norm))) / Jacov),0.769500000,0.779900000,32,9,5,2049,run_monash_time_unique1000,10,3,Monash__elecdemand_dataset/seed_2049/run_monash_time_unique1000/visualizations/archive_latex.tex
640,0.390137858,0.769500000,\frac{\left(\mathrm{L2Norm} - \mathrm{GradNorm}\right)^2 + \left(\mathrm{JacobFro}\right)^2}{\mathrm{Jacov}},L2-Norm Grad_Norm Sub Square Jacob_fro Square Add Jacov Div <EOS>,((square((L2-Norm - Grad_Norm)) + square(Jacob_fro)) / Jacov),0.769500000,0.779900000,27,9,5,2069,run_monash_time_unique1000,10,1,Monash__elecdemand_dataset/seed_2069/run_monash_time_unique1000/visualizations/archive_latex.tex
641,0.389183457,0.769300000,\frac{\left(\frac{\left(\mathrm{L2Norm} - \mathrm{GradNorm}\right)^2}{\mathrm{Jacov}}\right)^2}{\mathrm{Jacov}},L2-Norm Grad_Norm Sub Square Jacov Div Square Jacov Div <EOS>,(square((square((L2-Norm - Grad_Norm)) / Jacov)) / Jacov),0.769300000,0.768700000,52,9,6,2045,run_monash_time_unique1000,8,1,Monash__elecdemand_dataset/seed_2045/run_monash_time_unique1000/visualizations/archive_latex.tex
642,0.388229056,0.769300000,\frac{\mathrm{L2Norm} - \mathrm{GradNorm} + \sqrt{\log\left(\mathrm{Fisher}\right)}}{\mathrm{Jacov}},L2-Norm Grad_Norm Sub Fisher Log Sqrt Add Jacov Div <EOS>,(((L2-Norm - Grad_Norm) + sqrt(log(Fisher))) / Jacov),0.769300000,0.767200000,150,9,5,2216,run_monash_time_unique1000,8,1,Monash__elecdemand_dataset/seed_2216/run_monash_time_unique1000/visualizations/archive_latex.tex
643,0.387274655,0.769300000,\frac{\left(\frac{\left(\mathrm{GradNorm} - \mathrm{L2Norm}\right)^2}{\mathrm{Jacov}}\right)^2}{\mathrm{Jacov}},Grad_Norm L2-Norm Sub Square Jacov Div Square Jacov Div <EOS>,(square((square((Grad_Norm - L2-Norm)) / Jacov)) / Jacov),0.769300000,0.768700000,57,9,6,2223,run_monash_time_unique1000,8,1,Monash__elecdemand_dataset/seed_2223/run_monash_time_unique1000/visualizations/archive_latex.tex
644,0.386320255,0.769100000,\mathrm{GradNorm} - \mathrm{GFLOPs} - \frac{\mathrm{Jacov}}{\mathrm{JacobFro}},Grad_Norm GFLOPs Sub Jacov Jacob_fro Div Sub <EOS>,((Grad_Norm - GFLOPs) - (Jacov / Jacob_fro)),0.769100000,0.746400000,53,7,3,2325,run_monash_time_unique1000,1,2,Monash__elecdemand_dataset/seed_2325/run_monash_time_unique1000/visualizations/archive_latex.tex
645,0.385365854,0.769100000,\mathrm{GradNorm} - \frac{\mathrm{Jacov}}{\mathrm{JacobFro}} - \mathrm{GFLOPs},Grad_Norm Jacov Jacob_fro Div Sub GFLOPs Sub <EOS>,((Grad_Norm - (Jacov / Jacob_fro)) - GFLOPs),0.769100000,0.746400000,35,7,4,2256,run_monash_time_unique1000,3,4,Monash__elecdemand_dataset/seed_2256/run_monash_time_unique1000/visualizations/archive_latex.tex
646,0.384411453,0.769100000,\frac{\mathrm{L2Norm} + \log\left(\mathrm{GFLOPs}\right) - \mathrm{GradNorm}}{\mathrm{Jacov}},L2-Norm GFLOPs Log Grad_Norm Sub Add Jacov Div <EOS>,((L2-Norm + (log(GFLOPs) - Grad_Norm)) / Jacov),0.769100000,0.764700000,13,8,5,2326,run_monash_time_unique1000,5,2,Monash__elecdemand_dataset/seed_2326/run_monash_time_unique1000/visualizations/archive_latex.tex
647,0.383457052,0.769100000,\mathrm{GradNorm} + \frac{\mathrm{Jacov}}{-\mathrm{JacobFro}} - \mathrm{GFLOPs},Grad_Norm Jacov Jacob_fro Negative Div GFLOPs Sub Add <EOS>,(Grad_Norm + ((Jacov / -(Jacob_fro)) - GFLOPs)),0.769100000,0.746400000,62,8,5,2252,run_monash_time_unique1000,7,1,Monash__elecdemand_dataset/seed_2252/run_monash_time_unique1000/visualizations/archive_latex.tex
648,0.382502651,0.769100000,\frac{\log\left(\mathrm{GFLOPs}\right) + \mathrm{L2Norm} - \mathrm{GradNorm}}{\mathrm{Jacov}},GFLOPs Log L2-Norm Grad_Norm Sub Add Jacov Div <EOS>,((log(GFLOPs) + (L2-Norm - Grad_Norm)) / Jacov),0.769100000,0.764700000,148,8,4,2180,run_monash_time_unique1000,8,2,Monash__elecdemand_dataset/seed_2180/run_monash_time_unique1000/visualizations/archive_latex.tex
649,0.381548250,0.769100000,\frac{\log\left(\mathrm{GFLOPs}\right) - \mathrm{GradNorm} + \mathrm{L2Norm}}{\mathrm{Jacov}},GFLOPs Log Grad_Norm Sub L2-Norm Add Jacov Div <EOS>,(((log(GFLOPs) - Grad_Norm) + L2-Norm) / Jacov),0.769100000,0.764700000,154,8,5,2072,run_monash_time_unique1000,9,4,Monash__elecdemand_dataset/seed_2072/run_monash_time_unique1000/visualizations/archive_latex.tex
650,0.380593849,0.769100000,\frac{\mathrm{L2Norm} - \mathrm{GradNorm} + \log\left(\mathrm{GFLOPs}\right)}{\mathrm{Jacov}},L2-Norm Grad_Norm Sub GFLOPs Log Add Jacov Div <EOS>,(((L2-Norm - Grad_Norm) + log(GFLOPs)) / Jacov),0.769100000,0.764700000,124,8,4,2300,run_monash_time_unique1000,10,1,Monash__elecdemand_dataset/seed_2300/run_monash_time_unique1000/visualizations/archive_latex.tex
651,0.379639449,0.769100000,\frac{\sqrt{\left(\mathrm{GFLOPs} + \mathrm{GradNorm}\right) \cdot \left(\mathrm{Jacov}\right)}}{\mathrm{L2Norm}},GFLOPs Grad_Norm Add Jacov Mul Sqrt L2-Norm Div <EOS>,(sqrt(((GFLOPs + Grad_Norm) * Jacov)) / L2-Norm),0.769100000,0.727200000,129,8,5,2301,run_monash_time_unique1000,10,1,Monash__elecdemand_dataset/seed_2301/run_monash_time_unique1000/visualizations/archive_latex.tex
652,0.378685048,0.768900000,\frac{\mathrm{L2Norm} - \mathrm{GradNorm} + \log\left(\mathrm{JacobFro}\right)}{\mathrm{Jacov}},L2-Norm Grad_Norm Jacob_fro Log Add Sub Jacov Div <EOS>,((L2-Norm - (Grad_Norm + log(Jacob_fro))) / Jacov),0.768900000,0.765600000,135,8,5,2190,run_monash_time_unique1000,7,1,Monash__elecdemand_dataset/seed_2190/run_monash_time_unique1000/visualizations/archive_latex.tex
653,0.377730647,0.768900000,\frac{\mathrm{L2Norm} - \mathrm{GradNorm} - \log\left(\mathrm{JacobFro}\right)}{\mathrm{Jacov}},L2-Norm Grad_Norm Sub Jacob_fro Log Sub Jacov Div <EOS>,(((L2-Norm - Grad_Norm) - log(Jacob_fro)) / Jacov),0.768900000,0.765600000,90,8,4,2097,run_monash_time_unique1000,8,2,Monash__elecdemand_dataset/seed_2097/run_monash_time_unique1000/visualizations/archive_latex.tex
654,0.376776246,0.768900000,\frac{\mathrm{L2Norm} - \log\left(\mathrm{JacobFro}\right) + \mathrm{GradNorm}}{\mathrm{Jacov}},L2-Norm Jacob_fro Log Grad_Norm Add Sub Jacov Div <EOS>,((L2-Norm - (log(Jacob_fro) + Grad_Norm)) / Jacov),0.768900000,0.765600000,145,8,5,2158,run_monash_time_unique1000,8,1,Monash__elecdemand_dataset/seed_2158/run_monash_time_unique1000/visualizations/archive_latex.tex
655,0.375821845,0.768800000,\frac{\mathrm{L2Norm} + \mathrm{ZiCo} - \mathrm{GradNorm}}{\mathrm{Jacov}},L2-Norm ZiCo Grad_Norm Sub Add Jacov Div <EOS>,((L2-Norm + (ZiCo - Grad_Norm)) / Jacov),0.768800000,0.767000000,48,7,4,2260,run_monash_time_unique1000,2,7,Monash__elecdemand_dataset/seed_2260/run_monash_time_unique1000/visualizations/archive_latex.tex
656,0.374867444,0.768800000,\frac{\mathrm{ZiCo} - \mathrm{GradNorm} - \mathrm{L2Norm}}{\mathrm{Jacov}},ZiCo Grad_Norm L2-Norm Sub Sub Jacov Div <EOS>,((ZiCo - (Grad_Norm - L2-Norm)) / Jacov),0.768800000,0.767000000,195,7,4,2238,run_monash_time_unique1000,3,2,Monash__elecdemand_dataset/seed_2238/run_monash_time_unique1000/visualizations/archive_latex.tex
657,0.373913043,0.768800000,\frac{\sqrt{\left(\mathrm{Jacov}\right)^2}}{\mathrm{ZiCo} - \mathrm{GradNorm} - \mathrm{L2Norm}},Jacov Square Sqrt ZiCo Grad_Norm L2-Norm Sub Sub Div <EOS>,(sqrt(square(Jacov)) / (ZiCo - (Grad_Norm - L2-Norm))),0.768800000,0.767000000,38,9,4,2160,run_monash_time_unique1000,5,1,Monash__elecdemand_dataset/seed_2160/run_monash_time_unique1000/visualizations/archive_latex.tex
658,0.372958643,0.768800000,\frac{\mathrm{ZiCo} + \mathrm{L2Norm} - \mathrm{GradNorm}}{\mathrm{Jacov}},ZiCo L2-Norm Grad_Norm Sub Add Jacov Div <EOS>,((ZiCo + (L2-Norm - Grad_Norm)) / Jacov),0.768800000,0.767000000,166,7,4,2298,run_monash_time_unique1000,5,6,Monash__elecdemand_dataset/seed_2298/run_monash_time_unique1000/visualizations/archive_latex.tex
659,0.372004242,0.768800000,\frac{\mathrm{ZiCo} + \mathrm{L2Norm} - \mathrm{GradNorm}}{\mathrm{Jacov}},ZiCo L2-Norm Add Grad_Norm Sub Jacov Div <EOS>,(((ZiCo + L2-Norm) - Grad_Norm) / Jacov),0.768800000,0.767000000,77,7,4,2062,run_monash_time_unique1000,6,2,Monash__elecdemand_dataset/seed_2062/run_monash_time_unique1000/visualizations/archive_latex.tex
660,0.371049841,0.768800000,\frac{\mathrm{Jacov}}{\mathrm{GradNorm} - \mathrm{ZiCo} + \mathrm{L2Norm}},Jacov Grad_Norm ZiCo L2-Norm Add Sub Div <EOS>,(Jacov / (Grad_Norm - (ZiCo + L2-Norm))),0.768800000,0.767000000,170,7,4,2082,run_monash_time_unique1000,6,1,Monash__elecdemand_dataset/seed_2082/run_monash_time_unique1000/visualizations/archive_latex.tex
661,0.370095440,0.768800000,\frac{\mathrm{Jacov}}{\mathrm{GradNorm} - \mathrm{L2Norm} - \mathrm{ZiCo}},Jacov Grad_Norm L2-Norm Sub ZiCo Sub Div <EOS>,(Jacov / ((Grad_Norm - L2-Norm) - ZiCo)),0.768800000,0.767000000,60,7,4,2153,run_monash_time_unique1000,6,1,Monash__elecdemand_dataset/seed_2153/run_monash_time_unique1000/visualizations/archive_latex.tex
662,0.369141039,0.768800000,\frac{\left(\mathrm{L2Norm}\right) \cdot \left(\mathrm{ZiCo}\right) - \log\left(\mathrm{GraSP}\right)}{\mathrm{Jacov}},L2-Norm ZiCo Mul GraSP Log Sub Jacov Div <EOS>,(((L2-Norm * ZiCo) - log(GraSP)) / Jacov),0.768800000,0.743800000,119,8,4,2054,run_monash_time_unique1000,7,1,Monash__elecdemand_dataset/seed_2054/run_monash_time_unique1000/visualizations/archive_latex.tex
663,0.368186638,0.768800000,\frac{\mathrm{L2Norm} - \mathrm{GradNorm} - \mathrm{ZiCo}}{\mathrm{Jacov}},L2-Norm Grad_Norm ZiCo Sub Sub Jacov Div <EOS>,((L2-Norm - (Grad_Norm - ZiCo)) / Jacov),0.768800000,0.767000000,184,7,4,2174,run_monash_time_unique1000,8,4,Monash__elecdemand_dataset/seed_2174/run_monash_time_unique1000/visualizations/archive_latex.tex
664,0.367232238,0.768800000,\frac{-\mathrm{GradNorm} + \mathrm{ZiCo} + \mathrm{L2Norm}}{\mathrm{Jacov}},Grad_Norm Negative ZiCo L2-Norm Add Add Jacov Div <EOS>,((-(Grad_Norm) + (ZiCo + L2-Norm)) / Jacov),0.768800000,0.767000000,174,8,4,2192,run_monash_time_unique1000,9,1,Monash__elecdemand_dataset/seed_2192/run_monash_time_unique1000/visualizations/archive_latex.tex
665,0.366277837,0.768800000,\frac{\mathrm{ZiCo} - \mathrm{GradNorm} + \mathrm{L2Norm}}{\mathrm{Jacov}},ZiCo Grad_Norm Sub L2-Norm Add Jacov Div <EOS>,(((ZiCo - Grad_Norm) + L2-Norm) / Jacov),0.768800000,0.767000000,157,7,4,2223,run_monash_time_unique1000,9,4,Monash__elecdemand_dataset/seed_2223/run_monash_time_unique1000/visualizations/archive_latex.tex
666,0.365323436,0.768700000,\frac{\mathrm{L2Norm} - \mathrm{GradNorm}}{\sqrt{\mathrm{L2Norm}} + \mathrm{Jacov}},L2-Norm Grad_Norm Sub L2-Norm Sqrt Jacov Add Div <EOS>,((L2-Norm - Grad_Norm) / (sqrt(L2-Norm) + Jacov)),0.768700000,0.766600000,169,8,4,2282,run_monash_time_unique1000,4,1,Monash__elecdemand_dataset/seed_2282/run_monash_time_unique1000/visualizations/archive_latex.tex
667,0.364369035,0.768700000,\frac{\mathrm{L2Norm} - \mathrm{GradNorm}}{\mathrm{Jacov} + \sqrt{\mathrm{L2Norm}}},L2-Norm Grad_Norm Sub Jacov L2-Norm Sqrt Add Div <EOS>,((L2-Norm - Grad_Norm) / (Jacov + sqrt(L2-Norm))),0.768700000,0.766600000,35,8,4,2255,run_monash_time_unique1000,8,1,Monash__elecdemand_dataset/seed_2255/run_monash_time_unique1000/visualizations/archive_latex.tex
668,0.363414634,0.768700000,\frac{\mathrm{L2Norm} - \mathrm{GradNorm}}{\log\left(\mathrm{JacobFro}\right) + \mathrm{Jacov}},L2-Norm Grad_Norm Sub Jacob_fro Log Jacov Add Div <EOS>,((L2-Norm - Grad_Norm) / (log(Jacob_fro) + Jacov)),0.768700000,0.766700000,100,8,4,2314,run_monash_time_unique1000,9,1,Monash__elecdemand_dataset/seed_2314/run_monash_time_unique1000/visualizations/archive_latex.tex
669,0.362460233,0.768700000,\frac{\mathrm{L2Norm} + -\mathrm{GradNorm}}{\mathrm{Jacov} + \sqrt{\mathrm{L2Norm}}},L2-Norm Grad_Norm Negative Add Jacov L2-Norm Sqrt Add Div <EOS>,((L2-Norm + -(Grad_Norm)) / (Jacov + sqrt(L2-Norm))),0.768700000,0.766600000,90,9,4,2261,run_monash_time_unique1000,10,1,Monash__elecdemand_dataset/seed_2261/run_monash_time_unique1000/visualizations/archive_latex.tex
670,0.361505832,0.768500000,\frac{\mathrm{L2Norm} - \mathrm{GradNorm}}{\left(\sqrt{\mathrm{ZiCo}}\right) \cdot \left(\mathrm{Jacov}\right)},L2-Norm Grad_Norm Sub ZiCo Sqrt Jacov Mul Div <EOS>,((L2-Norm - Grad_Norm) / (sqrt(ZiCo) * Jacov)),0.768500000,0.764900000,141,8,4,2253,run_monash_time_unique1000,3,1,Monash__elecdemand_dataset/seed_2253/run_monash_time_unique1000/visualizations/archive_latex.tex
671,0.360551432,0.768500000,\frac{\mathrm{L2Norm} + \sqrt{\mathrm{ZiCo}} - \mathrm{GradNorm}}{\mathrm{Jacov}},L2-Norm ZiCo Sqrt Grad_Norm Sub Add Jacov Div <EOS>,((L2-Norm + (sqrt(ZiCo) - Grad_Norm)) / Jacov),0.768500000,0.766900000,135,8,5,2102,run_monash_time_unique1000,8,3,Monash__elecdemand_dataset/seed_2102/run_monash_time_unique1000/visualizations/archive_latex.tex
672,0.359597031,0.768500000,\frac{\sqrt{\mathrm{ZiCo}} - \mathrm{GradNorm} + \mathrm{L2Norm}}{\mathrm{Jacov}},ZiCo Sqrt Grad_Norm Sub L2-Norm Add Jacov Div <EOS>,(((sqrt(ZiCo) - Grad_Norm) + L2-Norm) / Jacov),0.768500000,0.766900000,87,8,5,2157,run_monash_time_unique1000,9,1,Monash__elecdemand_dataset/seed_2157/run_monash_time_unique1000/visualizations/archive_latex.tex
673,0.358642630,0.768500000,\frac{\mathrm{L2Norm} - \mathrm{GradNorm} - \sqrt{\mathrm{ZiCo}}}{\mathrm{Jacov}},L2-Norm Grad_Norm ZiCo Sqrt Sub Sub Jacov Div <EOS>,((L2-Norm - (Grad_Norm - sqrt(ZiCo))) / Jacov),0.768500000,0.766900000,12,8,5,2203,run_monash_time_unique1000,9,1,Monash__elecdemand_dataset/seed_2203/run_monash_time_unique1000/visualizations/archive_latex.tex
674,0.357688229,0.768400000,\frac{\sqrt{\mathrm{JacobFro}} + \mathrm{Jacov}}{\mathrm{GradNorm} - \mathrm{L2Norm}},Jacob_fro Sqrt Jacov Add Grad_Norm L2-Norm Sub Div <EOS>,((sqrt(Jacob_fro) + Jacov) / (Grad_Norm - L2-Norm)),0.768400000,0.766600000,114,8,4,2236,run_monash_time_unique1000,6,1,Monash__elecdemand_dataset/seed_2236/run_monash_time_unique1000/visualizations/archive_latex.tex
675,0.356733828,0.768400000,\frac{\mathrm{L2Norm} - \mathrm{GradNorm}}{\sqrt{\mathrm{JacobFro}} + \mathrm{Jacov}},L2-Norm Grad_Norm Sub Jacob_fro Sqrt Jacov Add Div <EOS>,((L2-Norm - Grad_Norm) / (sqrt(Jacob_fro) + Jacov)),0.768400000,0.766600000,102,8,4,2314,run_monash_time_unique1000,10,1,Monash__elecdemand_dataset/seed_2314/run_monash_time_unique1000/visualizations/archive_latex.tex
676,0.355779427,0.768300000,\frac{\mathrm{Snip}}{\left(\mathrm{Jacov}\right) \cdot \left(\mathrm{GradNorm}\right) + \mathrm{GraSP}},Snip Jacov Grad_Norm Mul GraSP Add Div <EOS>,(Snip / ((Jacov * Grad_Norm) + GraSP)),0.768300000,0.750500000,130,7,4,2222,run_monash_time_unique1000,5,1,Monash__elecdemand_dataset/seed_2222/run_monash_time_unique1000/visualizations/archive_latex.tex
677,0.354825027,0.768200000,\mathrm{GradNorm} - \mathrm{L2Norm} - \frac{\mathrm{Jacov}}{\left(\log\left(\mathrm{JacobFro}\right)\right)^2},Grad_Norm L2-Norm Sub Jacov Jacob_fro Log Square Div Sub <EOS>,((Grad_Norm - L2-Norm) - (Jacov / square(log(Jacob_fro)))),0.768200000,0.771500000,129,9,5,2325,run_monash_time_unique1000,2,1,Monash__elecdemand_dataset/seed_2325/run_monash_time_unique1000/visualizations/archive_latex.tex
678,0.353870626,0.768100000,\frac{\mathrm{Jacov}}{\mathrm{GradNorm} - \log\left(\log\left(\mathrm{MParams}\right)\right) + \mathrm{L2Norm}},Jacov Grad_Norm MParams Log Log L2-Norm Add Sub Div <EOS>,(Jacov / (Grad_Norm - (log(log(MParams)) + L2-Norm))),0.768100000,0.766800000,172,9,6,2082,run_monash_time_unique1000,7,1,Monash__elecdemand_dataset/seed_2082/run_monash_time_unique1000/visualizations/archive_latex.tex
679,0.352916225,0.768100000,\frac{\mathrm{Jacov}}{\mathrm{GradNorm} - \mathrm{L2Norm}} + \log\left(\mathrm{GFLOPs}\right),Jacov Grad_Norm L2-Norm Sub Div GFLOPs Log Add <EOS>,((Jacov / (Grad_Norm - L2-Norm)) + log(GFLOPs)),0.768100000,0.754600000,158,8,4,2252,run_monash_time_unique1000,8,1,Monash__elecdemand_dataset/seed_2252/run_monash_time_unique1000/visualizations/archive_latex.tex
680,0.351961824,0.768000000,\frac{\sqrt{\log\left(\mathrm{JacobFro}\right)} - \mathrm{GradNorm} + \mathrm{L2Norm}}{\mathrm{Jacov}},Jacob_fro Log Sqrt Grad_Norm Sub L2-Norm Add Jacov Div <EOS>,(((sqrt(log(Jacob_fro)) - Grad_Norm) + L2-Norm) / Jacov),0.768000000,0.766900000,146,9,6,2158,run_monash_time_unique1000,9,1,Monash__elecdemand_dataset/seed_2158/run_monash_time_unique1000/visualizations/archive_latex.tex
681,0.351007423,0.768000000,\frac{\log\left(\log\left(\frac{\mathrm{Jacov}}{\mathrm{L2Norm} - \mathrm{GradNorm}}\right)\right)}{\mathrm{JacobFro}},Jacov L2-Norm Grad_Norm Sub Div Log Log Jacob_fro Div <EOS>,(log(log((Jacov / (L2-Norm - Grad_Norm)))) / Jacob_fro),0.768000000,0.817200000,99,9,6,2085,run_monash_time_unique1000,10,1,Monash__elecdemand_dataset/seed_2085/run_monash_time_unique1000/visualizations/archive_latex.tex
682,0.350053022,0.768000000,\frac{\mathrm{L2Norm} - \mathrm{GradNorm} + \mathrm{Fisher}}{\mathrm{Jacov}},L2-Norm Grad_Norm Fisher Add Sub Jacov Div <EOS>,((L2-Norm - (Grad_Norm + Fisher)) / Jacov),0.768000000,0.751800000,162,7,4,2158,run_monash_time_unique1000,10,1,Monash__elecdemand_dataset/seed_2158/run_monash_time_unique1000/visualizations/archive_latex.tex
683,0.349098621,0.768000000,\frac{\log\left(\log\left(\frac{\mathrm{GradNorm} - \mathrm{L2Norm}}{\mathrm{Jacov}}\right)\right)}{\mathrm{JacobFro}},Grad_Norm L2-Norm Sub Jacov Div Log Log Jacob_fro Div <EOS>,(log(log(((Grad_Norm - L2-Norm) / Jacov))) / Jacob_fro),0.768000000,0.817200000,44,9,6,2232,run_monash_time_unique1000,10,1,Monash__elecdemand_dataset/seed_2232/run_monash_time_unique1000/visualizations/archive_latex.tex
684,0.348144221,0.767900000,\frac{\log\left(\frac{\mathrm{Jacov}}{\mathrm{L2Norm}} - \mathrm{Fisher}\right)}{\sqrt{\mathrm{JacobFro}}},Jacov L2-Norm Div Fisher Sub Log Jacob_fro Sqrt Div <EOS>,(log(((Jacov / L2-Norm) - Fisher)) / sqrt(Jacob_fro)),0.767900000,0.774700000,89,9,5,2242,run_monash_time_unique1000,2,2,Monash__elecdemand_dataset/seed_2242/run_monash_time_unique1000/visualizations/archive_latex.tex
685,0.347189820,0.767900000,\frac{\left(\log\left(\mathrm{Fisher} - \frac{\mathrm{Jacov}}{\mathrm{L2Norm}}\right)\right)^2}{\mathrm{JacobFro}},Fisher Jacov L2-Norm Div Sub Log Square Jacob_fro Div <EOS>,(square(log((Fisher - (Jacov / L2-Norm)))) / Jacob_fro),0.767900000,0.774700000,135,9,6,2094,run_monash_time_unique1000,7,1,Monash__elecdemand_dataset/seed_2094/run_monash_time_unique1000/visualizations/archive_latex.tex
686,0.346235419,0.767900000,\frac{\left(\mathrm{L2Norm} - \frac{\mathrm{Snip}}{\mathrm{JacobFro}}\right)^2}{\mathrm{Jacov}},L2-Norm Snip Jacob_fro Div Sub Square Jacov Div <EOS>,(square((L2-Norm - (Snip / Jacob_fro))) / Jacov),0.767900000,0.766200000,37,8,5,2121,run_monash_time_unique1000,7,2,Monash__elecdemand_dataset/seed_2121/run_monash_time_unique1000/visualizations/archive_latex.tex
687,0.345281018,0.767900000,\frac{\mathrm{Jacov}}{\mathrm{GradNorm} - \mathrm{L2Norm}} + \mathrm{plain},Jacov Grad_Norm L2-Norm Sub Div plain Add <EOS>,((Jacov / (Grad_Norm - L2-Norm)) + plain),0.767900000,0.754900000,160,7,4,2252,run_monash_time_unique1000,9,1,Monash__elecdemand_dataset/seed_2252/run_monash_time_unique1000/visualizations/archive_latex.tex
688,0.344326617,0.767800000,\frac{\log\left(\log\left(\mathrm{Jacov}\right)\right) + \mathrm{L2Norm} - \mathrm{GradNorm}}{\mathrm{Jacov}},Jacov Log Log L2-Norm Add Grad_Norm Sub Jacov Div <EOS>,(((log(log(Jacov)) + L2-Norm) - Grad_Norm) / Jacov),0.767800000,0.767100000,114,9,6,2172,run_monash_time_unique1000,3,1,Monash__elecdemand_dataset/seed_2172/run_monash_time_unique1000/visualizations/archive_latex.tex
689,0.343372216,0.767800000,\frac{\mathrm{L2Norm} - \mathrm{GradNorm}}{\left(\log\left(\mathrm{L2Norm}\right)\right)^2 + \mathrm{Jacov}},L2-Norm Grad_Norm Sub L2-Norm Log Square Jacov Add Div <EOS>,((L2-Norm - Grad_Norm) / (square(log(L2-Norm)) + Jacov)),0.767800000,0.765500000,16,9,5,2153,run_monash_time_unique1000,7,1,Monash__elecdemand_dataset/seed_2153/run_monash_time_unique1000/visualizations/archive_latex.tex
690,0.342417815,0.767800000,\frac{\mathrm{Jacov}}{\mathrm{GradNorm} - \log\left(\log\left(\mathrm{Jacov}\right)\right) + \mathrm{L2Norm}},Jacov Grad_Norm Jacov Log Log L2-Norm Add Sub Div <EOS>,(Jacov / (Grad_Norm - (log(log(Jacov)) + L2-Norm))),0.767800000,0.767100000,174,9,6,2082,run_monash_time_unique1000,8,1,Monash__elecdemand_dataset/seed_2082/run_monash_time_unique1000/visualizations/archive_latex.tex
691,0.341463415,0.767800000,\frac{\mathrm{L2Norm} + \log\left(\log\left(\mathrm{Jacov}\right)\right) - \mathrm{GradNorm}}{\mathrm{Jacov}},L2-Norm Jacov Log Log Grad_Norm Sub Add Jacov Div <EOS>,((L2-Norm + (log(log(Jacov)) - Grad_Norm)) / Jacov),0.767800000,0.767100000,127,9,6,2102,run_monash_time_unique1000,9,1,Monash__elecdemand_dataset/seed_2102/run_monash_time_unique1000/visualizations/archive_latex.tex
692,0.340509014,0.767700000,\frac{\left(\mathrm{MParams}\right)^2 - \mathrm{GradNorm} - \mathrm{L2Norm}}{\mathrm{Jacov}},MParams Square Grad_Norm L2-Norm Sub Sub Jacov Div <EOS>,((square(MParams) - (Grad_Norm - L2-Norm)) / Jacov),0.767700000,0.769700000,47,8,4,2192,run_monash_time_unique1000,10,1,Monash__elecdemand_dataset/seed_2192/run_monash_time_unique1000/visualizations/archive_latex.tex
693,0.339554613,0.767700000,\frac{\mathrm{L2Norm} - \mathrm{GradNorm} - \left(\mathrm{MParams}\right)^2}{\mathrm{Jacov}},L2-Norm Grad_Norm MParams Square Sub Sub Jacov Div <EOS>,((L2-Norm - (Grad_Norm - square(MParams))) / Jacov),0.767700000,0.769700000,16,8,5,2203,run_monash_time_unique1000,10,1,Monash__elecdemand_dataset/seed_2203/run_monash_time_unique1000/visualizations/archive_latex.tex
694,0.338600212,0.767500000,\left(\mathrm{JacobFro}\right) \cdot \left(\mathrm{GradNorm} - \mathrm{L2Norm}\right) - \mathrm{Jacov},Jacob_fro Grad_Norm L2-Norm Sub Mul Jacov Sub <EOS>,((Jacob_fro * (Grad_Norm - L2-Norm)) - Jacov),0.767500000,0.783200000,8,7,4,2231,run_monash_time_unique1000,4,1,Monash__elecdemand_dataset/seed_2231/run_monash_time_unique1000/visualizations/archive_latex.tex
695,0.337645811,0.767500000,\left(\mathrm{JacobFro}\right) \cdot \left(--\mathrm{GradNorm} + \mathrm{L2Norm}\right) - \mathrm{Jacov},Jacob_fro Grad_Norm Negative L2-Norm Add Negative Mul Jacov Sub <EOS>,((Jacob_fro * -((-(Grad_Norm) + L2-Norm))) - Jacov),0.767500000,0.783200000,53,9,6,2180,run_monash_time_unique1000,9,1,Monash__elecdemand_dataset/seed_2180/run_monash_time_unique1000/visualizations/archive_latex.tex
696,0.336691410,0.767500000,\left(\mathrm{GradNorm} - \mathrm{L2Norm}\right) \cdot \left(\mathrm{JacobFro}\right) + -\mathrm{Jacov},Grad_Norm L2-Norm Sub Jacob_fro Mul Jacov Negative Add <EOS>,(((Grad_Norm - L2-Norm) * Jacob_fro) + -(Jacov)),0.767500000,0.783200000,181,8,4,2066,run_monash_time_unique1000,10,1,Monash__elecdemand_dataset/seed_2066/run_monash_time_unique1000/visualizations/archive_latex.tex
697,0.335737010,0.767500000,\left(\mathrm{GradNorm} - \mathrm{L2Norm}\right) \cdot \left(\mathrm{JacobFro}\right) - \mathrm{Jacov},Grad_Norm L2-Norm Sub Jacob_fro Mul Jacov Sub <EOS>,(((Grad_Norm - L2-Norm) * Jacob_fro) - Jacov),0.767500000,0.783200000,73,7,4,2132,run_monash_time_unique1000,10,2,Monash__elecdemand_dataset/seed_2132/run_monash_time_unique1000/visualizations/archive_latex.tex
698,0.334782609,0.767400000,\frac{\frac{\sqrt{\mathrm{ZiCo}}}{\log\left(\mathrm{GraSP}\right)}}{\frac{\mathrm{Jacov}}{\mathrm{L2Norm}}},ZiCo Sqrt GraSP Log Div Jacov L2-Norm Div Div <EOS>,((sqrt(ZiCo) / log(GraSP)) / (Jacov / L2-Norm)),0.767400000,0.752100000,28,9,4,2062,run_monash_time_unique1000,7,1,Monash__elecdemand_dataset/seed_2062/run_monash_time_unique1000/visualizations/archive_latex.tex
699,0.333828208,0.767300000,\frac{\mathrm{L2Norm} + \mathrm{JacobFro}}{\left(\mathrm{Jacov}\right) \cdot \left(\sqrt{\mathrm{GradNorm}}\right)},L2-Norm Jacob_fro Add Jacov Grad_Norm Sqrt Mul Div <EOS>,((L2-Norm + Jacob_fro) / (Jacov * sqrt(Grad_Norm))),0.767300000,0.746500000,84,8,4,2075,run_monash_time_unique1000,10,1,Monash__elecdemand_dataset/seed_2075/run_monash_time_unique1000/visualizations/archive_latex.tex
700,0.332873807,0.767300000,\frac{\left(\sqrt{\mathrm{L2Norm}} - \log\left(\mathrm{GradNorm}\right)\right)^2}{\mathrm{Jacov}},L2-Norm Sqrt Grad_Norm Log Sub Square Jacov Div <EOS>,(square((sqrt(L2-Norm) - log(Grad_Norm))) / Jacov),0.767300000,0.760800000,200,8,5,2262,run_monash_time_unique1000,10,1,Monash__elecdemand_dataset/seed_2262/run_monash_time_unique1000/visualizations/archive_latex.tex
701,0.331919406,0.767200000,\frac{\sqrt{\mathrm{plain}} + \mathrm{L2Norm} - \mathrm{GradNorm}}{\mathrm{Jacov}},plain Sqrt L2-Norm Add Grad_Norm Sub Jacov Div <EOS>,(((sqrt(plain) + L2-Norm) - Grad_Norm) / Jacov),0.767200000,0.766200000,112,8,5,2172,run_monash_time_unique1000,4,1,Monash__elecdemand_dataset/seed_2172/run_monash_time_unique1000/visualizations/archive_latex.tex
702,0.330965005,0.767200000,\frac{\left(\mathrm{L2Norm}\right) \cdot \left(\sqrt{\frac{\log\left(\mathrm{JacobFro}\right)}{\mathrm{GradNorm}}}\right)}{\mathrm{Jacov}},L2-Norm Jacob_fro Log Grad_Norm Div Sqrt Mul Jacov Div <EOS>,((L2-Norm * sqrt((log(Jacob_fro) / Grad_Norm))) / Jacov),0.767200000,0.752900000,131,9,6,2088,run_monash_time_unique1000,7,1,Monash__elecdemand_dataset/seed_2088/run_monash_time_unique1000/visualizations/archive_latex.tex
703,0.330010604,0.767200000,\left(\sqrt{\frac{\log\left(\mathrm{JacobFro}\right)}{\mathrm{GradNorm}}}\right) \cdot \left(\frac{\mathrm{L2Norm}}{\mathrm{Jacov}}\right),Jacob_fro Log Grad_Norm Div Sqrt L2-Norm Jacov Div Mul <EOS>,(sqrt((log(Jacob_fro) / Grad_Norm)) * (L2-Norm / Jacov)),0.767200000,0.752900000,11,9,5,2188,run_monash_time_unique1000,8,1,Monash__elecdemand_dataset/seed_2188/run_monash_time_unique1000/visualizations/archive_latex.tex
704,0.329056204,0.767200000,\frac{\sqrt{\mathrm{plain}} - \mathrm{GradNorm} + \mathrm{L2Norm}}{\mathrm{Jacov}},plain Sqrt Grad_Norm Sub L2-Norm Add Jacov Div <EOS>,(((sqrt(plain) - Grad_Norm) + L2-Norm) / Jacov),0.767200000,0.766200000,138,8,5,2190,run_monash_time_unique1000,9,1,Monash__elecdemand_dataset/seed_2190/run_monash_time_unique1000/visualizations/archive_latex.tex
705,0.328101803,0.767200000,\frac{-\mathrm{GradNorm} + \sqrt{\mathrm{plain}} + \mathrm{L2Norm}}{\mathrm{Jacov}},Grad_Norm Negative plain Sqrt L2-Norm Add Add Jacov Div <EOS>,((-(Grad_Norm) + (sqrt(plain) + L2-Norm)) / Jacov),0.767200000,0.766200000,21,9,5,2235,run_monash_time_unique1000,9,1,Monash__elecdemand_dataset/seed_2235/run_monash_time_unique1000/visualizations/archive_latex.tex
706,0.327147402,0.767200000,\frac{\frac{\mathrm{L2Norm} - \mathrm{GradNorm}}{\log\left(\mathrm{L2Norm}\right)}}{\mathrm{Jacov}},L2-Norm Grad_Norm Sub L2-Norm Log Div Jacov Div <EOS>,(((L2-Norm - Grad_Norm) / log(L2-Norm)) / Jacov),0.767200000,0.761300000,41,8,4,2255,run_monash_time_unique1000,10,1,Monash__elecdemand_dataset/seed_2255/run_monash_time_unique1000/visualizations/archive_latex.tex
707,0.326193001,0.767100000,\frac{\mathrm{Fisher} - \frac{\mathrm{Jacov}}{\mathrm{L2Norm}}}{\mathrm{JacobFro}},Fisher Jacov L2-Norm Div Sub Jacob_fro Div <EOS>,((Fisher - (Jacov / L2-Norm)) / Jacob_fro),0.767100000,0.764600000,125,7,4,2139,run_monash_time_unique1000,1,8,Monash__elecdemand_dataset/seed_2139/run_monash_time_unique1000/visualizations/archive_latex.tex
708,0.325238600,0.767100000,\frac{\mathrm{JacobFro}}{\log\left(\mathrm{GradNorm} - \mathrm{L2Norm}\right) - \log\left(\mathrm{Jacov}\right)},Jacob_fro Grad_Norm L2-Norm Sub Log Jacov Log Sub Div <EOS>,(Jacob_fro / (log((Grad_Norm - L2-Norm)) - log(Jacov))),0.767100000,0.816700000,94,9,5,2238,run_monash_time_unique1000,4,1,Monash__elecdemand_dataset/seed_2238/run_monash_time_unique1000/visualizations/archive_latex.tex
709,0.324284199,0.767100000,\frac{\mathrm{JacobFro}}{\frac{\mathrm{Jacov}}{\mathrm{L2Norm}} - \mathrm{Fisher}},Jacob_fro Jacov L2-Norm Div Fisher Sub Div <EOS>,(Jacob_fro / ((Jacov / L2-Norm) - Fisher)),0.767100000,0.764600000,64,7,4,2253,run_monash_time_unique1000,4,2,Monash__elecdemand_dataset/seed_2253/run_monash_time_unique1000/visualizations/archive_latex.tex
710,0.323329799,0.767100000,\frac{-\frac{\mathrm{Jacov}}{\mathrm{L2Norm}} - \mathrm{Fisher}}{\mathrm{JacobFro}},Jacov L2-Norm Div Fisher Sub Negative Jacob_fro Div <EOS>,(-(((Jacov / L2-Norm) - Fisher)) / Jacob_fro),0.767100000,0.764600000,101,8,5,2296,run_monash_time_unique1000,4,3,Monash__elecdemand_dataset/seed_2296/run_monash_time_unique1000/visualizations/archive_latex.tex
711,0.322375398,0.767000000,\frac{\log\left(\sqrt{\mathrm{L2Norm}}\right) - \mathrm{GradNorm} + \mathrm{L2Norm}}{\mathrm{Jacov}},L2-Norm Sqrt Log Grad_Norm Sub L2-Norm Add Jacov Div <EOS>,(((log(sqrt(L2-Norm)) - Grad_Norm) + L2-Norm) / Jacov),0.767000000,0.766200000,90,9,6,2045,run_monash_time_unique1000,10,1,Monash__elecdemand_dataset/seed_2045/run_monash_time_unique1000/visualizations/archive_latex.tex
712,0.321420997,0.766800000,\frac{\left(\frac{\mathrm{L2Norm}}{\mathrm{Jacov}}\right)^2}{\mathrm{ZiCo} - \mathrm{GradNorm}},L2-Norm Jacov Div Square ZiCo Grad_Norm Sub Div <EOS>,(square((L2-Norm / Jacov)) / (ZiCo - Grad_Norm)),0.766800000,0.745100000,172,8,4,2238,run_monash_time_unique1000,5,1,Monash__elecdemand_dataset/seed_2238/run_monash_time_unique1000/visualizations/archive_latex.tex
713,0.320466596,0.766600000,\frac{\mathrm{L2Norm}}{\left(\mathrm{Jacov}\right) \cdot \left(\sqrt{\mathrm{GradNorm}}\right)},L2-Norm Jacov Grad_Norm Sqrt Mul Div <EOS>,(L2-Norm / (Jacov * sqrt(Grad_Norm))),0.766600000,0.748600000,7,6,4,2325,run_monash_time_unique1000,3,7,Monash__elecdemand_dataset/seed_2325/run_monash_time_unique1000/visualizations/archive_latex.tex
714,0.319512195,0.766600000,\frac{\mathrm{L2Norm}}{\left(\sqrt{\mathrm{GradNorm}}\right) \cdot \left(\mathrm{Jacov}\right)},L2-Norm Grad_Norm Sqrt Jacov Mul Div <EOS>,(L2-Norm / (sqrt(Grad_Norm) * Jacov)),0.766600000,0.748600000,10,6,4,2238,run_monash_time_unique1000,6,2,Monash__elecdemand_dataset/seed_2238/run_monash_time_unique1000/visualizations/archive_latex.tex
715,0.318557794,0.766600000,\frac{\frac{\mathrm{L2Norm}}{\mathrm{Jacov}}}{\sqrt{\mathrm{GradNorm}}},L2-Norm Jacov Div Grad_Norm Sqrt Div <EOS>,((L2-Norm / Jacov) / sqrt(Grad_Norm)),0.766600000,0.748600000,108,6,3,2271,run_monash_time_unique1000,7,5,Monash__elecdemand_dataset/seed_2271/run_monash_time_unique1000/visualizations/archive_latex.tex
716,0.317603393,0.766600000,\frac{\left(\mathrm{GradNorm}\right) \cdot \left(\left(\mathrm{Jacov}\right)^2\right)}{\left(\mathrm{L2Norm}\right)^2},Grad_Norm Jacov Square Mul L2-Norm Square Div <EOS>,((Grad_Norm * square(Jacov)) / square(L2-Norm)),0.766600000,0.748600000,194,7,4,2273,run_monash_time_unique1000,7,1,Monash__elecdemand_dataset/seed_2273/run_monash_time_unique1000/visualizations/archive_latex.tex
717,0.316648993,0.766600000,\frac{\frac{\mathrm{L2Norm}}{\sqrt{\mathrm{GradNorm}}}}{\mathrm{Jacov}},L2-Norm Grad_Norm Sqrt Div Jacov Div <EOS>,((L2-Norm / sqrt(Grad_Norm)) / Jacov),0.766600000,0.748600000,10,6,4,2087,run_monash_time_unique1000,10,3,Monash__elecdemand_dataset/seed_2087/run_monash_time_unique1000/visualizations/archive_latex.tex
718,0.315694592,0.766600000,\frac{\mathrm{GradNorm}}{\left(\frac{\mathrm{L2Norm}}{\mathrm{Jacov}}\right)^2},Grad_Norm L2-Norm Jacov Div Square Div <EOS>,(Grad_Norm / square((L2-Norm / Jacov))),0.766600000,0.748600000,199,6,4,2257,run_monash_time_unique1000,10,1,Monash__elecdemand_dataset/seed_2257/run_monash_time_unique1000/visualizations/archive_latex.tex
719,0.314740191,0.766300000,\frac{\mathrm{L2Norm}}{\frac{\mathrm{Jacov}}{\sqrt{\frac{\mathrm{L2Norm}}{\mathrm{GradNorm}}}}},L2-Norm Jacov L2-Norm Grad_Norm Div Sqrt Div Div <EOS>,(L2-Norm / (Jacov / sqrt((L2-Norm / Grad_Norm)))),0.766300000,0.761700000,73,8,5,2145,run_monash_time_unique1000,10,1,Monash__elecdemand_dataset/seed_2145/run_monash_time_unique1000/visualizations/archive_latex.tex
720,0.313785790,0.766200000,\frac{\mathrm{GradNorm} - \frac{\mathrm{Jacov}}{\log\left(\mathrm{Jacov}\right)}}{\mathrm{L2Norm}},Grad_Norm Jacov Jacov Log Div Sub L2-Norm Div <EOS>,((Grad_Norm - (Jacov / log(Jacov))) / L2-Norm),0.766200000,0.757400000,72,8,5,2298,run_monash_time_unique1000,6,1,Monash__elecdemand_dataset/seed_2298/run_monash_time_unique1000/visualizations/archive_latex.tex
721,0.312831389,0.766100000,\frac{\left(\mathrm{L2Norm}\right) \cdot \left(\sqrt{\mathrm{JacobFro}} - \sqrt{\mathrm{Fisher}}\right)}{\mathrm{Jacov}},L2-Norm Jacob_fro Sqrt Fisher Sqrt Sub Mul Jacov Div <EOS>,((L2-Norm * (sqrt(Jacob_fro) - sqrt(Fisher))) / Jacov),0.766100000,0.762600000,51,9,5,2217,run_monash_time_unique1000,7,1,Monash__elecdemand_dataset/seed_2217/run_monash_time_unique1000/visualizations/archive_latex.tex
722,0.311876988,0.766000000,\frac{\log\left(\sqrt{\mathrm{Jacov}}\right) + \mathrm{L2Norm} - \mathrm{GradNorm}}{\mathrm{Jacov}},Jacov Sqrt Log L2-Norm Add Grad_Norm Sub Jacov Div <EOS>,(((log(sqrt(Jacov)) + L2-Norm) - Grad_Norm) / Jacov),0.766000000,0.765200000,112,9,6,2172,run_monash_time_unique1000,6,1,Monash__elecdemand_dataset/seed_2172/run_monash_time_unique1000/visualizations/archive_latex.tex
723,0.310922587,0.766000000,\frac{\mathrm{L2Norm} + \log\left(\sqrt{\mathrm{Jacov}}\right) - \mathrm{GradNorm}}{\mathrm{Jacov}},L2-Norm Jacov Sqrt Log Grad_Norm Sub Add Jacov Div <EOS>,((L2-Norm + (log(sqrt(Jacov)) - Grad_Norm)) / Jacov),0.766000000,0.765200000,133,9,6,2102,run_monash_time_unique1000,10,1,Monash__elecdemand_dataset/seed_2102/run_monash_time_unique1000/visualizations/archive_latex.tex
724,0.309968187,0.765800000,\frac{\mathrm{L2Norm} + \mathrm{GFLOPs} - \mathrm{GradNorm}}{\mathrm{Jacov}},L2-Norm GFLOPs Grad_Norm Sub Add Jacov Div <EOS>,((L2-Norm + (GFLOPs - Grad_Norm)) / Jacov),0.765800000,0.767500000,69,7,4,2264,run_monash_time_unique1000,3,6,Monash__elecdemand_dataset/seed_2264/run_monash_time_unique1000/visualizations/archive_latex.tex
725,0.309013786,0.765800000,\frac{-\mathrm{GradNorm} - \mathrm{L2Norm}}{\mathrm{Jacov} + \mathrm{JacobFro}},Grad_Norm L2-Norm Sub Negative Jacov Jacob_fro Add Div <EOS>,(-((Grad_Norm - L2-Norm)) / (Jacov + Jacob_fro)),0.765800000,0.767100000,14,8,4,2242,run_monash_time_unique1000,4,1,Monash__elecdemand_dataset/seed_2242/run_monash_time_unique1000/visualizations/archive_latex.tex
726,0.308059385,0.765800000,\frac{-\mathrm{Jacov}}{\mathrm{L2Norm} - \mathrm{GradNorm} + \mathrm{GFLOPs}},Jacov Negative L2-Norm Grad_Norm Sub GFLOPs Add Div <EOS>,(-(Jacov) / ((L2-Norm - Grad_Norm) + GFLOPs)),0.765800000,0.767500000,111,8,4,2151,run_monash_time_unique1000,5,1,Monash__elecdemand_dataset/seed_2151/run_monash_time_unique1000/visualizations/archive_latex.tex
727,0.307104984,0.765800000,\frac{\mathrm{Jacov}}{\mathrm{GradNorm} - \mathrm{L2Norm} - \mathrm{GFLOPs}},Jacov Grad_Norm L2-Norm Sub GFLOPs Sub Div <EOS>,(Jacov / ((Grad_Norm - L2-Norm) - GFLOPs)),0.765800000,0.767500000,144,7,4,2231,run_monash_time_unique1000,5,1,Monash__elecdemand_dataset/seed_2231/run_monash_time_unique1000/visualizations/archive_latex.tex
728,0.306150583,0.765800000,\frac{\mathrm{L2Norm} - \mathrm{GradNorm}}{\mathrm{JacobFro} + \mathrm{Jacov}},L2-Norm Grad_Norm Sub Jacob_fro Jacov Add Div <EOS>,((L2-Norm - Grad_Norm) / (Jacob_fro + Jacov)),0.765800000,0.767100000,170,7,3,2282,run_monash_time_unique1000,5,1,Monash__elecdemand_dataset/seed_2282/run_monash_time_unique1000/visualizations/archive_latex.tex
729,0.305196182,0.765800000,\frac{\sqrt{\mathrm{Jacov}}}{\sqrt{\mathrm{L2Norm}} - \frac{\mathrm{GradNorm}}{\mathrm{JacobFro}}},Jacov Sqrt L2-Norm Sqrt Grad_Norm Jacob_fro Div Sub Div <EOS>,(sqrt(Jacov) / (sqrt(L2-Norm) - (Grad_Norm / Jacob_fro))),0.765800000,0.769300000,52,9,4,2160,run_monash_time_unique1000,6,1,Monash__elecdemand_dataset/seed_2160/run_monash_time_unique1000/visualizations/archive_latex.tex
730,0.304241782,0.765800000,\frac{\mathrm{L2Norm} + \mathrm{GFLOPs} - \mathrm{GradNorm}}{\mathrm{Jacov}},L2-Norm GFLOPs Add Grad_Norm Sub Jacov Div <EOS>,(((L2-Norm + GFLOPs) - Grad_Norm) / Jacov),0.765800000,0.767500000,16,7,4,2222,run_monash_time_unique1000,6,1,Monash__elecdemand_dataset/seed_2222/run_monash_time_unique1000/visualizations/archive_latex.tex
731,0.303287381,0.765800000,\frac{\mathrm{GFLOPs} - \mathrm{GradNorm} - \mathrm{L2Norm}}{\mathrm{Jacov}},GFLOPs Grad_Norm L2-Norm Sub Sub Jacov Div <EOS>,((GFLOPs - (Grad_Norm - L2-Norm)) / Jacov),0.765800000,0.767500000,61,7,4,2093,run_monash_time_unique1000,7,1,Monash__elecdemand_dataset/seed_2093/run_monash_time_unique1000/visualizations/archive_latex.tex
732,0.302332980,0.765800000,\frac{\mathrm{L2Norm} - \mathrm{GradNorm}}{\mathrm{Jacov} + \mathrm{JacobFro}},L2-Norm Grad_Norm Sub Jacov Jacob_fro Add Div <EOS>,((L2-Norm - Grad_Norm) / (Jacov + Jacob_fro)),0.765800000,0.767100000,143,7,3,2160,run_monash_time_unique1000,7,2,Monash__elecdemand_dataset/seed_2160/run_monash_time_unique1000/visualizations/archive_latex.tex
733,0.301378579,0.765800000,\frac{\mathrm{GFLOPs} + \mathrm{L2Norm} - \mathrm{GradNorm}}{\mathrm{Jacov}},GFLOPs L2-Norm Add Grad_Norm Sub Jacov Div <EOS>,(((GFLOPs + L2-Norm) - Grad_Norm) / Jacov),0.765800000,0.767500000,196,7,4,2172,run_monash_time_unique1000,7,2,Monash__elecdemand_dataset/seed_2172/run_monash_time_unique1000/visualizations/archive_latex.tex
734,0.300424178,0.765800000,\frac{\mathrm{JacobFro} + \mathrm{Jacov}}{\mathrm{GradNorm} - \mathrm{L2Norm}},Jacob_fro Jacov Add Grad_Norm L2-Norm Sub Div <EOS>,((Jacob_fro + Jacov) / (Grad_Norm - L2-Norm)),0.765800000,0.767100000,116,7,3,2236,run_monash_time_unique1000,7,3,Monash__elecdemand_dataset/seed_2236/run_monash_time_unique1000/visualizations/archive_latex.tex
735,0.299469777,0.765800000,\frac{\mathrm{Jacov}}{\mathrm{GradNorm} - \mathrm{GFLOPs} - \mathrm{L2Norm}},Jacov Grad_Norm GFLOPs Sub L2-Norm Sub Div <EOS>,(Jacov / ((Grad_Norm - GFLOPs) - L2-Norm)),0.765800000,0.767500000,191,7,4,2238,run_monash_time_unique1000,7,2,Monash__elecdemand_dataset/seed_2238/run_monash_time_unique1000/visualizations/archive_latex.tex
736,0.298515376,0.765800000,\frac{\mathrm{L2Norm} - \mathrm{GradNorm} - \mathrm{GFLOPs}}{\mathrm{Jacov}},L2-Norm Grad_Norm GFLOPs Sub Sub Jacov Div <EOS>,((L2-Norm - (Grad_Norm - GFLOPs)) / Jacov),0.765800000,0.767500000,129,7,4,2088,run_monash_time_unique1000,8,3,Monash__elecdemand_dataset/seed_2088/run_monash_time_unique1000/visualizations/archive_latex.tex
737,0.297560976,0.765800000,\frac{\sqrt{\left(\mathrm{Jacov}\right)^2}}{\mathrm{GFLOPs} - \mathrm{GradNorm} - \mathrm{L2Norm}},Jacov Square Sqrt GFLOPs Grad_Norm L2-Norm Sub Sub Div <EOS>,(sqrt(square(Jacov)) / (GFLOPs - (Grad_Norm - L2-Norm))),0.765800000,0.767500000,36,9,4,2160,run_monash_time_unique1000,8,1,Monash__elecdemand_dataset/seed_2160/run_monash_time_unique1000/visualizations/archive_latex.tex
738,0.296606575,0.765800000,\frac{\mathrm{GFLOPs} - \mathrm{GradNorm} + \mathrm{L2Norm}}{\mathrm{Jacov}},GFLOPs Grad_Norm Sub L2-Norm Add Jacov Div <EOS>,(((GFLOPs - Grad_Norm) + L2-Norm) / Jacov),0.765800000,0.767500000,54,7,4,2183,run_monash_time_unique1000,8,1,Monash__elecdemand_dataset/seed_2183/run_monash_time_unique1000/visualizations/archive_latex.tex
739,0.295652174,0.765800000,\frac{\mathrm{GFLOPs} + -\mathrm{GradNorm} + \mathrm{L2Norm}}{\mathrm{Jacov}},GFLOPs Grad_Norm Negative L2-Norm Add Add Jacov Div <EOS>,((GFLOPs + (-(Grad_Norm) + L2-Norm)) / Jacov),0.765800000,0.767500000,145,8,5,2086,run_monash_time_unique1000,10,1,Monash__elecdemand_dataset/seed_2086/run_monash_time_unique1000/visualizations/archive_latex.tex
740,0.294697773,0.765700000,\frac{\mathrm{L2Norm}}{\mathrm{Jacov} + \frac{\mathrm{GraSP}}{\mathrm{JacobFro}}},L2-Norm Jacov GraSP Jacob_fro Div Add Div <EOS>,(L2-Norm / (Jacov + (GraSP / Jacob_fro))),0.765700000,0.748100000,190,7,4,2233,run_monash_time_unique1000,8,1,Monash__elecdemand_dataset/seed_2233/run_monash_time_unique1000/visualizations/archive_latex.tex
741,0.293743372,0.765700000,\frac{\left(\mathrm{L2Norm}\right)^2}{\mathrm{Jacov} - \mathrm{Snip}} - \sqrt{\mathrm{JacobFro}},L2-Norm Square Jacov Snip Sub Div Jacob_fro Sqrt Sub <EOS>,((square(L2-Norm) / (Jacov - Snip)) - sqrt(Jacob_fro)),0.765700000,0.776000000,76,9,4,2057,run_monash_time_unique1000,10,1,Monash__elecdemand_dataset/seed_2057/run_monash_time_unique1000/visualizations/archive_latex.tex
742,0.292788971,0.765600000,\frac{\mathrm{L2Norm}}{\left(\mathrm{Jacov}\right) \cdot \left(\log\left(\mathrm{GraSP}\right) - \mathrm{MParams}\right)},L2-Norm Jacov GraSP Log MParams Sub Mul Div <EOS>,(L2-Norm / (Jacov * (log(GraSP) - MParams))),0.765600000,0.758300000,95,8,5,2143,run_monash_time_unique1000,8,1,Monash__elecdemand_dataset/seed_2143/run_monash_time_unique1000/visualizations/archive_latex.tex
743,0.291834571,0.765500000,\frac{-\mathrm{Jacov}}{\left(\mathrm{L2Norm} - \mathrm{GradNorm}\right) \cdot \left(\left(\mathrm{JacobFro}\right)^2\right)},Jacov Negative L2-Norm Grad_Norm Sub Jacob_fro Square Mul Div <EOS>,(-(Jacov) / ((L2-Norm - Grad_Norm) * square(Jacob_fro))),0.765500000,0.801400000,69,9,4,2151,run_monash_time_unique1000,6,1,Monash__elecdemand_dataset/seed_2151/run_monash_time_unique1000/visualizations/archive_latex.tex
744,0.290880170,0.765500000,\frac{\left(\left(\mathrm{JacobFro}\right)^2\right) \cdot \left(\mathrm{L2Norm} + -\mathrm{GradNorm}\right)}{\mathrm{Jacov}},Jacob_fro Square L2-Norm Grad_Norm Negative Add Mul Jacov Div <EOS>,((square(Jacob_fro) * (L2-Norm + -(Grad_Norm))) / Jacov),0.765500000,0.801400000,95,9,5,2054,run_monash_time_unique1000,8,1,Monash__elecdemand_dataset/seed_2054/run_monash_time_unique1000/visualizations/archive_latex.tex
745,0.289925769,0.765500000,\frac{\left(\mathrm{JacobFro}\right)^2}{\frac{-\mathrm{Jacov}}{\mathrm{GradNorm} - \mathrm{L2Norm}}},Jacob_fro Square Jacov Negative Grad_Norm L2-Norm Sub Div Div <EOS>,(square(Jacob_fro) / (-(Jacov) / (Grad_Norm - L2-Norm))),0.765500000,0.801400000,134,9,4,2092,run_monash_time_unique1000,8,1,Monash__elecdemand_dataset/seed_2092/run_monash_time_unique1000/visualizations/archive_latex.tex
746,0.288971368,0.765500000,\frac{\left(\mathrm{JacobFro}\right)^2}{\frac{\mathrm{Jacov}}{\mathrm{L2Norm} - \mathrm{GradNorm}}},Jacob_fro Square Jacov L2-Norm Grad_Norm Sub Div Div <EOS>,(square(Jacob_fro) / (Jacov / (L2-Norm - Grad_Norm))),0.765500000,0.801400000,156,8,4,2271,run_monash_time_unique1000,8,1,Monash__elecdemand_dataset/seed_2271/run_monash_time_unique1000/visualizations/archive_latex.tex
747,0.288016967,0.765500000,\frac{\frac{\mathrm{Jacov}}{\mathrm{GradNorm} - \mathrm{L2Norm}}}{\left(\mathrm{JacobFro}\right)^2},Jacov Grad_Norm L2-Norm Sub Div Jacob_fro Square Div <EOS>,((Jacov / (Grad_Norm - L2-Norm)) / square(Jacob_fro)),0.765500000,0.801400000,177,8,4,2094,run_monash_time_unique1000,10,1,Monash__elecdemand_dataset/seed_2094/run_monash_time_unique1000/visualizations/archive_latex.tex
748,0.287062566,0.765500000,\frac{-\left(\mathrm{GradNorm} - \mathrm{L2Norm}\right) \cdot \left(\left(\mathrm{JacobFro}\right)^2\right)}{\mathrm{Jacov}},Grad_Norm L2-Norm Sub Jacob_fro Square Mul Negative Jacov Div <EOS>,(-(((Grad_Norm - L2-Norm) * square(Jacob_fro))) / Jacov),0.765500000,0.801400000,130,9,5,2180,run_monash_time_unique1000,10,1,Monash__elecdemand_dataset/seed_2180/run_monash_time_unique1000/visualizations/archive_latex.tex
749,0.286108165,0.765400000,\frac{\mathrm{GradNorm}}{\sqrt{\mathrm{GFLOPs}}} - \frac{\mathrm{Jacov}}{\mathrm{JacobFro}},Grad_Norm GFLOPs Sqrt Div Jacov Jacob_fro Div Sub <EOS>,((Grad_Norm / sqrt(GFLOPs)) - (Jacov / Jacob_fro)),0.765400000,0.760300000,73,8,4,2325,run_monash_time_unique1000,4,1,Monash__elecdemand_dataset/seed_2325/run_monash_time_unique1000/visualizations/archive_latex.tex
750,0.285153765,0.765400000,\frac{\sqrt{\mathrm{Jacov}}}{\left(\mathrm{L2Norm} - \mathrm{GradNorm}\right) \cdot \left(\mathrm{JacobFro}\right)},Jacov Sqrt L2-Norm Grad_Norm Sub Jacob_fro Mul Div <EOS>,(sqrt(Jacov) / ((L2-Norm - Grad_Norm) * Jacob_fro)),0.765400000,0.805300000,43,8,4,2151,run_monash_time_unique1000,7,1,Monash__elecdemand_dataset/seed_2151/run_monash_time_unique1000/visualizations/archive_latex.tex
751,0.284199364,0.765400000,\frac{\left(\left(\mathrm{JacobFro}\right) \cdot \left(-\mathrm{GradNorm} + \mathrm{L2Norm}\right)\right)^2}{\mathrm{Jacov}},Jacob_fro Grad_Norm Negative L2-Norm Add Mul Square Jacov Div <EOS>,(square((Jacob_fro * (-(Grad_Norm) + L2-Norm))) / Jacov),0.765400000,0.805300000,67,9,6,2054,run_monash_time_unique1000,9,1,Monash__elecdemand_dataset/seed_2054/run_monash_time_unique1000/visualizations/archive_latex.tex
752,0.283244963,0.765400000,\frac{\mathrm{JacobFro}}{\frac{\sqrt{\mathrm{Jacov}}}{\mathrm{GradNorm} - \mathrm{L2Norm}}},Jacob_fro Jacov Sqrt Grad_Norm L2-Norm Sub Div Div <EOS>,(Jacob_fro / (sqrt(Jacov) / (Grad_Norm - L2-Norm))),0.765400000,0.805300000,129,8,4,2092,run_monash_time_unique1000,9,1,Monash__elecdemand_dataset/seed_2092/run_monash_time_unique1000/visualizations/archive_latex.tex
753,0.282290562,0.765400000,\frac{-\mathrm{JacobFro}}{\frac{\sqrt{\mathrm{Jacov}}}{\mathrm{L2Norm} - \mathrm{GradNorm}}},Jacob_fro Negative Jacov Sqrt L2-Norm Grad_Norm Sub Div Div <EOS>,(-(Jacob_fro) / (sqrt(Jacov) / (L2-Norm - Grad_Norm))),0.765400000,0.805300000,162,9,4,2271,run_monash_time_unique1000,9,1,Monash__elecdemand_dataset/seed_2271/run_monash_time_unique1000/visualizations/archive_latex.tex
754,0.281336161,0.765300000,\frac{\frac{\mathrm{L2Norm}}{\mathrm{Jacov} + \mathrm{MParams}}}{\sqrt{\mathrm{GradNorm}}},L2-Norm Jacov MParams Add Div Grad_Norm Sqrt Div <EOS>,((L2-Norm / (Jacov + MParams)) / sqrt(Grad_Norm)),0.765300000,0.749200000,108,8,4,2271,run_monash_time_unique1000,10,1,Monash__elecdemand_dataset/seed_2271/run_monash_time_unique1000/visualizations/archive_latex.tex
755,0.280381760,0.765200000,\frac{\left(\sqrt{\mathrm{JacobFro}}\right) \cdot \left(\frac{\mathrm{L2Norm}}{\mathrm{Jacov}}\right)}{\log\left(\mathrm{GradNorm}\right)},Jacob_fro Sqrt L2-Norm Jacov Div Mul Grad_Norm Log Div <EOS>,((sqrt(Jacob_fro) * (L2-Norm / Jacov)) / log(Grad_Norm)),0.765200000,0.756200000,104,9,4,2082,run_monash_time_unique1000,10,1,Monash__elecdemand_dataset/seed_2082/run_monash_time_unique1000/visualizations/archive_latex.tex
756,0.279427359,0.765100000,\frac{\sqrt{\mathrm{Snip} - \mathrm{Jacov}}}{\left(\log\left(\mathrm{JacobFro}\right)\right) \cdot \left(\mathrm{L2Norm}\right)},Snip Jacov Sub Sqrt Jacob_fro Log L2-Norm Mul Div <EOS>,(sqrt((Snip - Jacov)) / (log(Jacob_fro) * L2-Norm)),0.765100000,0.777900000,21,9,4,2312,run_monash_time_unique1000,3,2,Monash__elecdemand_dataset/seed_2312/run_monash_time_unique1000/visualizations/archive_latex.tex
757,0.278472959,0.765100000,\frac{\frac{\sqrt{\mathrm{Snip} - \mathrm{Jacov}}}{\mathrm{L2Norm}}}{\log\left(\mathrm{JacobFro}\right)},Snip Jacov Sub Sqrt L2-Norm Div Jacob_fro Log Div <EOS>,((sqrt((Snip - Jacov)) / L2-Norm) / log(Jacob_fro)),0.765100000,0.777900000,32,9,5,2264,run_monash_time_unique1000,4,1,Monash__elecdemand_dataset/seed_2264/run_monash_time_unique1000/visualizations/archive_latex.tex
758,0.277518558,0.765100000,\frac{\sqrt{\mathrm{Jacov} - \mathrm{Snip}}}{\left(\log\left(\mathrm{JacobFro}\right)\right) \cdot \left(\mathrm{L2Norm}\right)},Jacov Snip Sub Sqrt Jacob_fro Log L2-Norm Mul Div <EOS>,(sqrt((Jacov - Snip)) / (log(Jacob_fro) * L2-Norm)),0.765100000,0.777900000,64,9,4,2289,run_monash_time_unique1000,7,1,Monash__elecdemand_dataset/seed_2289/run_monash_time_unique1000/visualizations/archive_latex.tex
759,0.276564157,0.765100000,\frac{\left(\left(\log\left(\mathrm{JacobFro}\right)\right) \cdot \left(\mathrm{L2Norm}\right)\right)^2}{\mathrm{Jacov} - \mathrm{Snip}},Jacob_fro Log L2-Norm Mul Square Jacov Snip Sub Div <EOS>,(square((log(Jacob_fro) * L2-Norm)) / (Jacov - Snip)),0.765100000,0.777900000,91,9,5,2099,run_monash_time_unique1000,8,1,Monash__elecdemand_dataset/seed_2099/run_monash_time_unique1000/visualizations/archive_latex.tex
760,0.275609756,0.765100000,\frac{\sqrt{\mathrm{Snip} - \mathrm{Jacov}}}{\left(\mathrm{L2Norm}\right) \cdot \left(\log\left(\mathrm{JacobFro}\right)\right)},Snip Jacov Sub Sqrt L2-Norm Jacob_fro Log Mul Div <EOS>,(sqrt((Snip - Jacov)) / (L2-Norm * log(Jacob_fro))),0.765100000,0.777900000,25,9,4,2151,run_monash_time_unique1000,8,1,Monash__elecdemand_dataset/seed_2151/run_monash_time_unique1000/visualizations/archive_latex.tex
761,0.274655355,0.765100000,\frac{\mathrm{L2Norm}}{\left(\log\left(\mathrm{GraSP}\right)\right) \cdot \left(\mathrm{Jacov} - \mathrm{GradNorm}\right)},L2-Norm GraSP Log Jacov Grad_Norm Sub Mul Div <EOS>,(L2-Norm / (log(GraSP) * (Jacov - Grad_Norm))),0.765100000,0.745400000,6,8,4,2238,run_monash_time_unique1000,8,1,Monash__elecdemand_dataset/seed_2238/run_monash_time_unique1000/visualizations/archive_latex.tex
762,0.273700954,0.765100000,\frac{\mathrm{Snip} - \mathrm{Jacov}}{\left(\left(\log\left(\mathrm{JacobFro}\right)\right) \cdot \left(\mathrm{L2Norm}\right)\right)^2},Snip Jacov Sub Jacob_fro Log L2-Norm Mul Square Div <EOS>,((Snip - Jacov) / square((log(Jacob_fro) * L2-Norm))),0.765100000,0.777900000,33,9,5,2033,run_monash_time_unique1000,9,1,Monash__elecdemand_dataset/seed_2033/run_monash_time_unique1000/visualizations/archive_latex.tex
763,0.272746554,0.765100000,\frac{\frac{\sqrt{\mathrm{Snip} - \mathrm{Jacov}}}{\log\left(\mathrm{JacobFro}\right)}}{\mathrm{L2Norm}},Snip Jacov Sub Sqrt Jacob_fro Log Div L2-Norm Div <EOS>,((sqrt((Snip - Jacov)) / log(Jacob_fro)) / L2-Norm),0.765100000,0.777900000,26,9,5,2188,run_monash_time_unique1000,10,1,Monash__elecdemand_dataset/seed_2188/run_monash_time_unique1000/visualizations/archive_latex.tex
764,0.271792153,0.765000000,\frac{\log\left(\mathrm{Fisher} - \frac{\mathrm{Jacov}}{\mathrm{L2Norm}}\right)}{\log\left(\mathrm{JacobFro}\right)},Fisher Jacov L2-Norm Div Sub Log Jacob_fro Log Div <EOS>,(log((Fisher - (Jacov / L2-Norm))) / log(Jacob_fro)),0.765000000,0.767600000,95,9,5,2161,run_monash_time_unique1000,4,1,Monash__elecdemand_dataset/seed_2161/run_monash_time_unique1000/visualizations/archive_latex.tex
765,0.270837752,0.765000000,\frac{\log\left(\frac{\mathrm{Jacov}}{\mathrm{L2Norm}} - \mathrm{Fisher}\right)}{\log\left(\mathrm{JacobFro}\right)},Jacov L2-Norm Div Fisher Sub Log Jacob_fro Log Div <EOS>,(log(((Jacov / L2-Norm) - Fisher)) / log(Jacob_fro)),0.765000000,0.767600000,105,9,5,2242,run_monash_time_unique1000,5,1,Monash__elecdemand_dataset/seed_2242/run_monash_time_unique1000/visualizations/archive_latex.tex
766,0.269883351,0.764700000,\frac{\left(\mathrm{GradNorm}\right)^2 - \mathrm{Jacov}}{\left(\left(\mathrm{JacobFro}\right) \cdot \left(\mathrm{L2Norm}\right)\right)^2},Grad_Norm Square Jacov Sub Jacob_fro L2-Norm Mul Square Div <EOS>,((square(Grad_Norm) - Jacov) / square((Jacob_fro * L2-Norm))),0.764700000,0.801700000,90,9,4,2139,run_monash_time_unique1000,2,4,Monash__elecdemand_dataset/seed_2139/run_monash_time_unique1000/visualizations/archive_latex.tex
767,0.268928950,0.764700000,\frac{\frac{\sqrt{\left(\mathrm{GradNorm}\right)^2 - \mathrm{Jacov}}}{\mathrm{JacobFro}}}{\mathrm{L2Norm}},Grad_Norm Square Jacov Sub Sqrt Jacob_fro Div L2-Norm Div <EOS>,((sqrt((square(Grad_Norm) - Jacov)) / Jacob_fro) / L2-Norm),0.764700000,0.801700000,67,9,6,2290,run_monash_time_unique1000,2,1,Monash__elecdemand_dataset/seed_2290/run_monash_time_unique1000/visualizations/archive_latex.tex
768,0.267974549,0.764700000,\frac{\left(\left(\mathrm{L2Norm}\right) \cdot \left(\mathrm{JacobFro}\right)\right)^2}{\mathrm{Jacov} - \left(\mathrm{GradNorm}\right)^2},L2-Norm Jacob_fro Mul Square Jacov Grad_Norm Square Sub Div <EOS>,(square((L2-Norm * Jacob_fro)) / (Jacov - square(Grad_Norm))),0.764700000,0.801700000,100,9,4,2168,run_monash_time_unique1000,5,1,Monash__elecdemand_dataset/seed_2168/run_monash_time_unique1000/visualizations/archive_latex.tex
769,0.267020148,0.764700000,\frac{\left(\mathrm{GFLOPs} - \mathrm{L2Norm}\right)^2}{\left(\sqrt{\mathrm{GradNorm}}\right) \cdot \left(\mathrm{Jacov}\right)},GFLOPs L2-Norm Sub Square Grad_Norm Sqrt Jacov Mul Div <EOS>,(square((GFLOPs - L2-Norm)) / (sqrt(Grad_Norm) * Jacov)),0.764700000,0.765200000,188,9,4,2231,run_monash_time_unique1000,6,1,Monash__elecdemand_dataset/seed_2231/run_monash_time_unique1000/visualizations/archive_latex.tex
770,0.266065748,0.764700000,\frac{\left(\left(\mathrm{JacobFro}\right) \cdot \left(\mathrm{L2Norm}\right)\right)^2}{\mathrm{Jacov} - \left(\mathrm{GradNorm}\right)^2},Jacob_fro L2-Norm Mul Square Jacov Grad_Norm Square Sub Div <EOS>,(square((Jacob_fro * L2-Norm)) / (Jacov - square(Grad_Norm))),0.764700000,0.801700000,107,9,4,2231,run_monash_time_unique1000,7,2,Monash__elecdemand_dataset/seed_2231/run_monash_time_unique1000/visualizations/archive_latex.tex
771,0.265111347,0.764700000,\frac{\sqrt{\mathrm{Jacov} - \left(\mathrm{GradNorm}\right)^2}}{\left(\mathrm{JacobFro}\right) \cdot \left(\mathrm{L2Norm}\right)},Jacov Grad_Norm Square Sub Sqrt Jacob_fro L2-Norm Mul Div <EOS>,(sqrt((Jacov - square(Grad_Norm))) / (Jacob_fro * L2-Norm)),0.764700000,0.801700000,104,9,5,2298,run_monash_time_unique1000,7,1,Monash__elecdemand_dataset/seed_2298/run_monash_time_unique1000/visualizations/archive_latex.tex
772,0.264156946,0.764700000,\frac{\left(\mathrm{L2Norm} - \mathrm{GradNorm}\right)^2}{\mathrm{Jacov}} - \sqrt{\mathrm{JacobFro}},L2-Norm Grad_Norm Sub Square Jacov Div Jacob_fro Sqrt Sub <EOS>,((square((L2-Norm - Grad_Norm)) / Jacov) - sqrt(Jacob_fro)),0.764700000,0.790000000,190,9,5,2143,run_monash_time_unique1000,9,1,Monash__elecdemand_dataset/seed_2143/run_monash_time_unique1000/visualizations/archive_latex.tex
773,0.263202545,0.764700000,\frac{\sqrt{\left(\mathrm{GradNorm}\right)^2 - \mathrm{Jacov}}}{\left(\mathrm{L2Norm}\right) \cdot \left(\mathrm{JacobFro}\right)},Grad_Norm Square Jacov Sub Sqrt L2-Norm Jacob_fro Mul Div <EOS>,(sqrt((square(Grad_Norm) - Jacov)) / (L2-Norm * Jacob_fro)),0.764700000,0.801700000,46,9,5,2319,run_monash_time_unique1000,10,1,Monash__elecdemand_dataset/seed_2319/run_monash_time_unique1000/visualizations/archive_latex.tex
774,0.262248144,0.764600000,\frac{\mathrm{GradNorm} - \frac{\mathrm{Jacov}}{\sqrt{\mathrm{L2Norm}}}}{\mathrm{L2Norm}},Grad_Norm Jacov L2-Norm Sqrt Div Sub L2-Norm Div <EOS>,((Grad_Norm - (Jacov / sqrt(L2-Norm))) / L2-Norm),0.764600000,0.754000000,14,8,5,2296,run_monash_time_unique1000,5,1,Monash__elecdemand_dataset/seed_2296/run_monash_time_unique1000/visualizations/archive_latex.tex
775,0.261293743,0.764400000,\frac{\log\left(\mathrm{Snip}\right) + \mathrm{L2Norm} - \mathrm{GradNorm}}{\mathrm{Jacov}},Snip Log L2-Norm Add Grad_Norm Sub Jacov Div <EOS>,(((log(Snip) + L2-Norm) - Grad_Norm) / Jacov),0.764400000,0.763600000,77,8,5,2062,run_monash_time_unique1000,9,1,Monash__elecdemand_dataset/seed_2062/run_monash_time_unique1000/visualizations/archive_latex.tex
776,0.260339343,0.764300000,\frac{\sqrt{\mathrm{GFLOPs}}}{\left(\log\left(\mathrm{GraSP}\right)\right) \cdot \left(\mathrm{Jacov}\right)},GFLOPs Sqrt GraSP Log Jacov Mul Div <EOS>,(sqrt(GFLOPs) / (log(GraSP) * Jacov)),0.764300000,0.744800000,187,7,4,2168,run_monash_time_unique1000,6,1,Monash__elecdemand_dataset/seed_2168/run_monash_time_unique1000/visualizations/archive_latex.tex
777,0.259384942,0.764200000,\frac{\mathrm{L2Norm} - \mathrm{GradNorm} - \sqrt{\mathrm{GradNorm}}}{\mathrm{Jacov}},L2-Norm Grad_Norm Grad_Norm Sqrt Sub Sub Jacov Div <EOS>,((L2-Norm - (Grad_Norm - sqrt(Grad_Norm))) / Jacov),0.764200000,0.765900000,185,8,5,2217,run_monash_time_unique1000,9,1,Monash__elecdemand_dataset/seed_2217/run_monash_time_unique1000/visualizations/archive_latex.tex
778,0.258430541,0.764100000,\frac{\log\left(\mathrm{GradNorm}\right) - \frac{\mathrm{Jacov}}{\left(\mathrm{JacobFro}\right)^2}}{\mathrm{L2Norm}},Grad_Norm Log Jacov Jacob_fro Square Div Sub L2-Norm Div <EOS>,((log(Grad_Norm) - (Jacov / square(Jacob_fro))) / L2-Norm),0.764100000,0.802600000,78,9,5,2256,run_monash_time_unique1000,5,2,Monash__elecdemand_dataset/seed_2256/run_monash_time_unique1000/visualizations/archive_latex.tex
779,0.257476140,0.763900000,\frac{\mathrm{L2Norm} - \mathrm{GradNorm} + \log\left(\mathrm{JacobFro}\right)}{\mathrm{Jacov}},L2-Norm Grad_Norm Sub Jacob_fro Log Add Jacov Div <EOS>,(((L2-Norm - Grad_Norm) + log(Jacob_fro)) / Jacov),0.763900000,0.765400000,38,8,4,2131,run_monash_time_unique1000,4,1,Monash__elecdemand_dataset/seed_2131/run_monash_time_unique1000/visualizations/archive_latex.tex
780,0.256521739,0.763900000,\frac{\log\left(\mathrm{JacobFro}\right) + \mathrm{L2Norm} - \mathrm{GradNorm}}{\mathrm{Jacov}},Jacob_fro Log L2-Norm Grad_Norm Sub Add Jacov Div <EOS>,((log(Jacob_fro) + (L2-Norm - Grad_Norm)) / Jacov),0.763900000,0.765400000,31,8,4,2222,run_monash_time_unique1000,7,1,Monash__elecdemand_dataset/seed_2222/run_monash_time_unique1000/visualizations/archive_latex.tex
781,0.255567338,0.763900000,\frac{\log\left(\mathrm{JacobFro}\right) - \mathrm{GradNorm} + \mathrm{L2Norm}}{\mathrm{Jacov}},Jacob_fro Log Grad_Norm Sub L2-Norm Add Jacov Div <EOS>,(((log(Jacob_fro) - Grad_Norm) + L2-Norm) / Jacov),0.763900000,0.765400000,138,8,5,2093,run_monash_time_unique1000,8,1,Monash__elecdemand_dataset/seed_2093/run_monash_time_unique1000/visualizations/archive_latex.tex
782,0.254612937,0.763900000,\frac{\mathrm{Jacov}}{\mathrm{GradNorm} - \mathrm{L2Norm} - \log\left(\mathrm{JacobFro}\right)},Jacov Grad_Norm L2-Norm Sub Jacob_fro Log Sub Div <EOS>,(Jacov / ((Grad_Norm - L2-Norm) - log(Jacob_fro))),0.763900000,0.765400000,69,8,4,2088,run_monash_time_unique1000,9,2,Monash__elecdemand_dataset/seed_2088/run_monash_time_unique1000/visualizations/archive_latex.tex
783,0.253658537,0.763900000,\frac{\mathrm{L2Norm} + \log\left(\mathrm{JacobFro}\right) - \mathrm{GradNorm}}{\mathrm{Jacov}},L2-Norm Jacob_fro Log Grad_Norm Sub Add Jacov Div <EOS>,((L2-Norm + (log(Jacob_fro) - Grad_Norm)) / Jacov),0.763900000,0.765400000,94,8,5,2207,run_monash_time_unique1000,9,3,Monash__elecdemand_dataset/seed_2207/run_monash_time_unique1000/visualizations/archive_latex.tex
784,0.252704136,0.763900000,\frac{\log\left(\mathrm{JacobFro}\right)}{\left(\log\left(\mathrm{GradNorm}\right)\right) \cdot \left(\frac{\mathrm{Jacov}}{\mathrm{L2Norm}}\right)},Jacob_fro Log Grad_Norm Log Jacov L2-Norm Div Mul Div <EOS>,(log(Jacob_fro) / (log(Grad_Norm) * (Jacov / L2-Norm))),0.763900000,0.759100000,23,9,4,2238,run_monash_time_unique1000,10,1,Monash__elecdemand_dataset/seed_2238/run_monash_time_unique1000/visualizations/archive_latex.tex
785,0.251749735,0.763600000,\frac{\mathrm{L2Norm} + \sqrt{\mathrm{JacobFro}} - \mathrm{GradNorm}}{\mathrm{Jacov}},L2-Norm Jacob_fro Sqrt Add Grad_Norm Sub Jacov Div <EOS>,(((L2-Norm + sqrt(Jacob_fro)) - Grad_Norm) / Jacov),0.763600000,0.766300000,181,8,5,2256,run_monash_time_unique1000,6,1,Monash__elecdemand_dataset/seed_2256/run_monash_time_unique1000/visualizations/archive_latex.tex
786,0.250795334,0.763600000,\mathrm{Fisher} + \frac{\left(\mathrm{JacobFro} + \mathrm{L2Norm}\right)^2}{\mathrm{Jacov}},Fisher Jacob_fro L2-Norm Add Square Jacov Div Add <EOS>,(Fisher + (square((Jacob_fro + L2-Norm)) / Jacov)),0.763600000,0.767500000,20,8,5,2274,run_monash_time_unique1000,7,1,Monash__elecdemand_dataset/seed_2274/run_monash_time_unique1000/visualizations/archive_latex.tex
787,0.249840933,0.763600000,\frac{\frac{\mathrm{L2Norm} - \mathrm{GradNorm}}{\mathrm{Jacov}}}{\log\left(\mathrm{JacobFro}\right)},L2-Norm Grad_Norm Sub Jacov Div Jacob_fro Log Div <EOS>,(((L2-Norm - Grad_Norm) / Jacov) / log(Jacob_fro)),0.763600000,0.754500000,149,8,4,2172,run_monash_time_unique1000,8,1,Monash__elecdemand_dataset/seed_2172/run_monash_time_unique1000/visualizations/archive_latex.tex
788,0.248886532,0.763600000,\frac{\sqrt{\mathrm{JacobFro}} - \mathrm{GradNorm} + \mathrm{L2Norm}}{\mathrm{Jacov}},Jacob_fro Sqrt Grad_Norm Sub L2-Norm Add Jacov Div <EOS>,(((sqrt(Jacob_fro) - Grad_Norm) + L2-Norm) / Jacov),0.763600000,0.766300000,54,8,5,2183,run_monash_time_unique1000,9,1,Monash__elecdemand_dataset/seed_2183/run_monash_time_unique1000/visualizations/archive_latex.tex
789,0.247932131,0.763400000,\frac{\mathrm{Snip} - \mathrm{Jacov}}{\left(\sqrt{\mathrm{JacobFro}}\right)^2} - \mathrm{L2Norm},Snip Jacov Sub Jacob_fro Sqrt Square Div L2-Norm Sub <EOS>,(((Snip - Jacov) / square(sqrt(Jacob_fro))) - L2-Norm),0.763400000,0.775000000,17,9,5,2290,run_monash_time_unique1000,3,1,Monash__elecdemand_dataset/seed_2290/run_monash_time_unique1000/visualizations/archive_latex.tex
790,0.246977731,0.763400000,\frac{\mathrm{Snip} - \mathrm{Jacov}}{\mathrm{JacobFro}} - \mathrm{L2Norm},Snip Jacov Sub Jacob_fro Div L2-Norm Sub <EOS>,(((Snip - Jacov) / Jacob_fro) - L2-Norm),0.763400000,0.775000000,10,7,4,2286,run_monash_time_unique1000,4,2,Monash__elecdemand_dataset/seed_2286/run_monash_time_unique1000/visualizations/archive_latex.tex
791,0.246023330,0.763400000,\mathrm{GradNorm} - \mathrm{L2Norm} - \frac{\mathrm{Jacov}}{\log\left(\left(\mathrm{L2Norm}\right)^2\right)},Grad_Norm L2-Norm Sub Jacov L2-Norm Square Log Div Sub <EOS>,((Grad_Norm - L2-Norm) - (Jacov / log(square(L2-Norm)))),0.763400000,0.765200000,160,9,5,2325,run_monash_time_unique1000,5,1,Monash__elecdemand_dataset/seed_2325/run_monash_time_unique1000/visualizations/archive_latex.tex
792,0.245068929,0.763300000,\frac{\frac{\left(\mathrm{L2Norm}\right)^2}{\mathrm{Jacov}}}{\log\left(\mathrm{GraSP}\right)},L2-Norm Square Jacov Div GraSP Log Div <EOS>,((square(L2-Norm) / Jacov) / log(GraSP)),0.763300000,0.761700000,139,7,4,2131,run_monash_time_unique1000,5,1,Monash__elecdemand_dataset/seed_2131/run_monash_time_unique1000/visualizations/archive_latex.tex
793,0.244114528,0.763300000,\frac{\mathrm{L2Norm} - \mathrm{GradNorm} - \mathrm{plain}}{\mathrm{Jacov}},L2-Norm Grad_Norm plain Sub Sub Jacov Div <EOS>,((L2-Norm - (Grad_Norm - plain)) / Jacov),0.763300000,0.764100000,84,7,4,2242,run_monash_time_unique1000,6,1,Monash__elecdemand_dataset/seed_2242/run_monash_time_unique1000/visualizations/archive_latex.tex
794,0.243160127,0.763300000,\frac{\mathrm{plain} + \mathrm{L2Norm} - \mathrm{GradNorm}}{\mathrm{Jacov}},plain L2-Norm Grad_Norm Sub Add Jacov Div <EOS>,((plain + (L2-Norm - Grad_Norm)) / Jacov),0.763300000,0.764100000,131,7,4,2282,run_monash_time_unique1000,6,2,Monash__elecdemand_dataset/seed_2282/run_monash_time_unique1000/visualizations/archive_latex.tex
795,0.242205726,0.763300000,\frac{\left(\mathrm{L2Norm}\right)^2}{\left(\log\left(\mathrm{GraSP}\right)\right) \cdot \left(\mathrm{Jacov}\right)},L2-Norm Square GraSP Log Jacov Mul Div <EOS>,(square(L2-Norm) / (log(GraSP) * Jacov)),0.763300000,0.761700000,191,7,4,2168,run_monash_time_unique1000,7,1,Monash__elecdemand_dataset/seed_2168/run_monash_time_unique1000/visualizations/archive_latex.tex
796,0.241251326,0.763300000,\frac{\mathrm{L2Norm} + \mathrm{plain} - \mathrm{GradNorm}}{\mathrm{Jacov}},L2-Norm plain Add Grad_Norm Sub Jacov Div <EOS>,(((L2-Norm + plain) - Grad_Norm) / Jacov),0.763300000,0.764100000,15,7,4,2222,run_monash_time_unique1000,8,1,Monash__elecdemand_dataset/seed_2222/run_monash_time_unique1000/visualizations/archive_latex.tex
797,0.240296925,0.763300000,\frac{\mathrm{plain} - \mathrm{GradNorm} + -\mathrm{L2Norm}}{\mathrm{Jacov}},plain Grad_Norm L2-Norm Negative Add Sub Jacov Div <EOS>,((plain - (Grad_Norm + -(L2-Norm))) / Jacov),0.763300000,0.764100000,84,8,5,2256,run_monash_time_unique1000,8,1,Monash__elecdemand_dataset/seed_2256/run_monash_time_unique1000/visualizations/archive_latex.tex
798,0.239342524,0.763300000,\frac{\mathrm{plain} + \mathrm{L2Norm} - \mathrm{GradNorm}}{\mathrm{Jacov}},plain L2-Norm Add Grad_Norm Sub Jacov Div <EOS>,(((plain + L2-Norm) - Grad_Norm) / Jacov),0.763300000,0.764100000,113,7,4,2172,run_monash_time_unique1000,9,1,Monash__elecdemand_dataset/seed_2172/run_monash_time_unique1000/visualizations/archive_latex.tex
799,0.238388123,0.763300000,\frac{\left(\mathrm{L2Norm}\right)^2}{\left(\mathrm{Jacov}\right) \cdot \left(\log\left(\mathrm{GraSP}\right)\right)},L2-Norm Square Jacov GraSP Log Mul Div <EOS>,(square(L2-Norm) / (Jacov * log(GraSP))),0.763300000,0.761700000,20,7,4,2233,run_monash_time_unique1000,9,1,Monash__elecdemand_dataset/seed_2233/run_monash_time_unique1000/visualizations/archive_latex.tex
800,0.237433722,0.763300000,\frac{\mathrm{L2Norm} + \mathrm{plain} - \mathrm{GradNorm}}{\mathrm{Jacov}},L2-Norm plain Grad_Norm Sub Add Jacov Div <EOS>,((L2-Norm + (plain - Grad_Norm)) / Jacov),0.763300000,0.764100000,178,7,4,2054,run_monash_time_unique1000,10,3,Monash__elecdemand_dataset/seed_2054/run_monash_time_unique1000/visualizations/archive_latex.tex
801,0.236479321,0.763300000,\frac{\mathrm{plain} - \mathrm{GradNorm} + \mathrm{L2Norm}}{\mathrm{Jacov}},plain Grad_Norm Sub L2-Norm Add Jacov Div <EOS>,(((plain - Grad_Norm) + L2-Norm) / Jacov),0.763300000,0.764100000,128,7,4,2207,run_monash_time_unique1000,10,1,Monash__elecdemand_dataset/seed_2207/run_monash_time_unique1000/visualizations/archive_latex.tex
802,0.235524920,0.763100000,\frac{\left(\mathrm{L2Norm}\right)^2}{\mathrm{Jacov}} - \mathrm{JacobFro} - \mathrm{Fisher},L2-Norm Square Jacov Div Jacob_fro Fisher Sub Sub <EOS>,((square(L2-Norm) / Jacov) - (Jacob_fro - Fisher)),0.763100000,0.824400000,29,8,4,2260,run_monash_time_unique1000,3,4,Monash__elecdemand_dataset/seed_2260/run_monash_time_unique1000/visualizations/archive_latex.tex
803,0.234570520,0.763100000,\frac{\frac{\mathrm{Snip} - \mathrm{Jacov}}{\log\left(\mathrm{JacobFro}\right)}}{\left(\mathrm{L2Norm}\right)^2},Snip Jacov Sub Jacob_fro Log Div L2-Norm Square Div <EOS>,(((Snip - Jacov) / log(Jacob_fro)) / square(L2-Norm)),0.763100000,0.769000000,48,9,4,2290,run_monash_time_unique1000,4,2,Monash__elecdemand_dataset/seed_2290/run_monash_time_unique1000/visualizations/archive_latex.tex
804,0.233616119,0.763100000,\mathrm{GradNorm} - \mathrm{L2Norm} - \frac{\mathrm{Jacov}}{\mathrm{JacobFro}},Grad_Norm L2-Norm Sub Jacov Jacob_fro Div Sub <EOS>,((Grad_Norm - L2-Norm) - (Jacov / Jacob_fro)),0.763100000,0.793000000,50,7,3,2325,run_monash_time_unique1000,6,1,Monash__elecdemand_dataset/seed_2325/run_monash_time_unique1000/visualizations/archive_latex.tex
805,0.232661718,0.763100000,\mathrm{GradNorm} - \frac{\mathrm{Jacov}}{\mathrm{JacobFro}} - \mathrm{L2Norm},Grad_Norm Jacov Jacob_fro Div Sub L2-Norm Sub <EOS>,((Grad_Norm - (Jacov / Jacob_fro)) - L2-Norm),0.763100000,0.793000000,5,7,4,2296,run_monash_time_unique1000,7,4,Monash__elecdemand_dataset/seed_2296/run_monash_time_unique1000/visualizations/archive_latex.tex
806,0.231707317,0.763100000,\mathrm{Fisher} + \frac{\left(\mathrm{L2Norm}\right)^2}{\mathrm{Jacov}} - \mathrm{JacobFro},Fisher L2-Norm Square Jacov Div Add Jacob_fro Sub <EOS>,((Fisher + (square(L2-Norm) / Jacov)) - Jacob_fro),0.763100000,0.824400000,23,8,5,2326,run_monash_time_unique1000,8,1,Monash__elecdemand_dataset/seed_2326/run_monash_time_unique1000/visualizations/archive_latex.tex
807,0.230752916,0.763000000,\frac{-\mathrm{GradNorm} - \mathrm{Jacov}}{\mathrm{L2Norm} + \mathrm{Jacov}},Grad_Norm Negative Jacov Sub L2-Norm Jacov Add Div <EOS>,((-(Grad_Norm) - Jacov) / (L2-Norm + Jacov)),0.763000000,0.764500000,94,8,4,2312,run_monash_time_unique1000,4,1,Monash__elecdemand_dataset/seed_2312/run_monash_time_unique1000/visualizations/archive_latex.tex
808,0.229798515,0.763000000,\frac{\mathrm{L2Norm} - \mathrm{GradNorm}}{\mathrm{Jacov} + \mathrm{L2Norm}},L2-Norm Grad_Norm Sub Jacov L2-Norm Add Div <EOS>,((L2-Norm - Grad_Norm) / (Jacov + L2-Norm)),0.763000000,0.764500000,114,7,3,2282,run_monash_time_unique1000,7,2,Monash__elecdemand_dataset/seed_2282/run_monash_time_unique1000/visualizations/archive_latex.tex
809,0.228844115,0.763000000,\frac{\mathrm{Jacov} + \mathrm{L2Norm}}{\mathrm{Jacov} + \mathrm{GradNorm}},Jacov L2-Norm Add Jacov Grad_Norm Add Div <EOS>,((Jacov + L2-Norm) / (Jacov + Grad_Norm)),0.763000000,0.764500000,135,7,3,2168,run_monash_time_unique1000,8,1,Monash__elecdemand_dataset/seed_2168/run_monash_time_unique1000/visualizations/archive_latex.tex
810,0.227889714,0.763000000,\frac{\mathrm{Jacov} + \mathrm{L2Norm}}{\mathrm{GradNorm} + \mathrm{Jacov}},Jacov L2-Norm Add Grad_Norm Jacov Add Div <EOS>,((Jacov + L2-Norm) / (Grad_Norm + Jacov)),0.763000000,0.764500000,35,7,3,2296,run_monash_time_unique1000,8,1,Monash__elecdemand_dataset/seed_2296/run_monash_time_unique1000/visualizations/archive_latex.tex
811,0.226935313,0.763000000,\frac{\left(\log\left(\mathrm{Snip}\right)\right) \cdot \left(\mathrm{GradNorm}\right) - \mathrm{Jacov}}{\mathrm{L2Norm}},Snip Log Grad_Norm Mul Jacov Sub L2-Norm Div <EOS>,(((log(Snip) * Grad_Norm) - Jacov) / L2-Norm),0.763000000,0.755200000,105,8,5,2236,run_monash_time_unique1000,9,1,Monash__elecdemand_dataset/seed_2236/run_monash_time_unique1000/visualizations/archive_latex.tex
812,0.225980912,0.762900000,\frac{\mathrm{L2Norm} - \left(\log\left(\mathrm{Snip}\right)\right)^2}{\mathrm{Jacov} - \mathrm{GFLOPs}},L2-Norm Snip Log Square Sub Jacov GFLOPs Sub Div <EOS>,((L2-Norm - square(log(Snip))) / (Jacov - GFLOPs)),0.762900000,0.765600000,124,9,5,2260,run_monash_time_unique1000,4,1,Monash__elecdemand_dataset/seed_2260/run_monash_time_unique1000/visualizations/archive_latex.tex
813,0.225026511,0.762900000,\frac{\frac{\mathrm{L2Norm}}{\mathrm{Jacov}}}{\log\left(\mathrm{GraSP}\right)},L2-Norm Jacov Div GraSP Log Div <EOS>,((L2-Norm / Jacov) / log(GraSP)),0.762900000,0.746600000,173,6,3,2290,run_monash_time_unique1000,5,2,Monash__elecdemand_dataset/seed_2290/run_monash_time_unique1000/visualizations/archive_latex.tex
814,0.224072110,0.762900000,\frac{\mathrm{L2Norm}}{\mathrm{Jacov} - \left(\mathrm{GradNorm}\right) \cdot \left(\sqrt{\mathrm{L2Norm}}\right)},L2-Norm Jacov Grad_Norm L2-Norm Sqrt Mul Sub Div <EOS>,(L2-Norm / (Jacov - (Grad_Norm * sqrt(L2-Norm)))),0.762900000,0.752500000,180,8,5,2092,run_monash_time_unique1000,10,1,Monash__elecdemand_dataset/seed_2092/run_monash_time_unique1000/visualizations/archive_latex.tex
815,0.223117709,0.762900000,\frac{\mathrm{L2Norm}}{\left(\mathrm{Jacov}\right) \cdot \left(\log\left(\mathrm{GraSP}\right)\right)},L2-Norm Jacov GraSP Log Mul Div <EOS>,(L2-Norm / (Jacov * log(GraSP))),0.762900000,0.746600000,165,6,4,2233,run_monash_time_unique1000,10,1,Monash__elecdemand_dataset/seed_2233/run_monash_time_unique1000/visualizations/archive_latex.tex
816,0.222163309,0.762700000,\frac{\sqrt{\mathrm{Snip} - \mathrm{Jacov}} - \sqrt{\mathrm{JacobFro}}}{\mathrm{L2Norm}},Snip Jacov Sub Sqrt Jacob_fro Sqrt Sub L2-Norm Div <EOS>,((sqrt((Snip - Jacov)) - sqrt(Jacob_fro)) / L2-Norm),0.762700000,0.754300000,105,9,5,2290,run_monash_time_unique1000,6,1,Monash__elecdemand_dataset/seed_2290/run_monash_time_unique1000/visualizations/archive_latex.tex
817,0.221208908,0.762700000,\sqrt{\mathrm{GradNorm}} - \frac{\mathrm{Jacov}}{\mathrm{L2Norm}},Grad_Norm Sqrt Jacov L2-Norm Div Sub <EOS>,(sqrt(Grad_Norm) - (Jacov / L2-Norm)),0.762700000,0.745300000,81,6,3,2242,run_monash_time_unique1000,7,3,Monash__elecdemand_dataset/seed_2242/run_monash_time_unique1000/visualizations/archive_latex.tex
818,0.220254507,0.762700000,\frac{\frac{\mathrm{L2Norm}}{\log\left(\mathrm{GraSP}\right)}}{\mathrm{Jacov} + \mathrm{plain}},L2-Norm GraSP Log Div Jacov plain Add Div <EOS>,((L2-Norm / log(GraSP)) / (Jacov + plain)),0.762700000,0.747000000,9,8,4,2222,run_monash_time_unique1000,9,1,Monash__elecdemand_dataset/seed_2222/run_monash_time_unique1000/visualizations/archive_latex.tex
819,0.219300106,0.762700000,\frac{\mathrm{Fisher} + \sqrt{\mathrm{Jacov}}}{\sqrt{\left(\mathrm{L2Norm}\right) \cdot \left(\mathrm{JacobFro}\right)}},Fisher Jacov Sqrt Add L2-Norm Jacob_fro Mul Sqrt Div <EOS>,((Fisher + sqrt(Jacov)) / sqrt((L2-Norm * Jacob_fro))),0.762700000,0.770900000,47,9,4,2274,run_monash_time_unique1000,9,1,Monash__elecdemand_dataset/seed_2274/run_monash_time_unique1000/visualizations/archive_latex.tex
820,0.218345705,0.762600000,\frac{\mathrm{L2Norm} - \mathrm{GradNorm} + \log\left(\mathrm{L2Norm}\right)}{\mathrm{Jacov}},L2-Norm Grad_Norm Sub L2-Norm Log Add Jacov Div <EOS>,(((L2-Norm - Grad_Norm) + log(L2-Norm)) / Jacov),0.762600000,0.763300000,36,8,4,2131,run_monash_time_unique1000,6,1,Monash__elecdemand_dataset/seed_2131/run_monash_time_unique1000/visualizations/archive_latex.tex
821,0.217391304,0.762600000,\frac{\log\left(\mathrm{L2Norm}\right) + \mathrm{L2Norm} - \mathrm{GradNorm}}{\mathrm{Jacov}},L2-Norm Log L2-Norm Grad_Norm Sub Add Jacov Div <EOS>,((log(L2-Norm) + (L2-Norm - Grad_Norm)) / Jacov),0.762600000,0.763300000,21,8,4,2231,run_monash_time_unique1000,8,1,Monash__elecdemand_dataset/seed_2231/run_monash_time_unique1000/visualizations/archive_latex.tex
822,0.216436903,0.762600000,\sqrt{\mathrm{GraSP}} - \mathrm{L2Norm} - \frac{\mathrm{Jacov}}{\mathrm{JacobFro}},GraSP Sqrt L2-Norm Sub Jacov Jacob_fro Div Sub <EOS>,((sqrt(GraSP) - L2-Norm) - (Jacov / Jacob_fro)),0.762600000,0.744500000,47,8,4,2325,run_monash_time_unique1000,8,1,Monash__elecdemand_dataset/seed_2325/run_monash_time_unique1000/visualizations/archive_latex.tex
823,0.215482503,0.762600000,\sqrt{\mathrm{GraSP}} - \frac{\mathrm{Jacov}}{\mathrm{JacobFro}} - \mathrm{L2Norm},GraSP Sqrt Jacov Jacob_fro Div Sub L2-Norm Sub <EOS>,((sqrt(GraSP) - (Jacov / Jacob_fro)) - L2-Norm),0.762600000,0.744500000,145,8,4,2298,run_monash_time_unique1000,9,1,Monash__elecdemand_dataset/seed_2298/run_monash_time_unique1000/visualizations/archive_latex.tex
824,0.214528102,0.762500000,\frac{\frac{\mathrm{Snip}}{\mathrm{MParams}} - \mathrm{Jacov}}{\mathrm{JacobFro}},Snip MParams Div Jacov Sub Jacob_fro Div <EOS>,(((Snip / MParams) - Jacov) / Jacob_fro),0.762500000,0.793000000,167,7,4,2199,run_monash_time_unique1000,5,1,Monash__elecdemand_dataset/seed_2199/run_monash_time_unique1000/visualizations/archive_latex.tex
825,0.213573701,0.762500000,\frac{\frac{\sqrt{\mathrm{Jacov}}}{\mathrm{JacobFro} - \sqrt{\mathrm{GradNorm}}}}{\mathrm{L2Norm}},Jacov Sqrt Jacob_fro Grad_Norm Sqrt Sub Div L2-Norm Div <EOS>,((sqrt(Jacov) / (Jacob_fro - sqrt(Grad_Norm))) / L2-Norm),0.762500000,0.814200000,171,9,5,2246,run_monash_time_unique1000,6,1,Monash__elecdemand_dataset/seed_2246/run_monash_time_unique1000/visualizations/archive_latex.tex
826,0.212619300,0.762500000,\frac{\sqrt{\mathrm{Jacov}}}{\left(\mathrm{JacobFro} - \sqrt{\mathrm{GradNorm}}\right) \cdot \left(\mathrm{L2Norm}\right)},Jacov Sqrt Jacob_fro Grad_Norm Sqrt Sub L2-Norm Mul Div <EOS>,(sqrt(Jacov) / ((Jacob_fro - sqrt(Grad_Norm)) * L2-Norm)),0.762500000,0.814200000,122,9,5,2060,run_monash_time_unique1000,7,1,Monash__elecdemand_dataset/seed_2060/run_monash_time_unique1000/visualizations/archive_latex.tex
827,0.211664899,0.762500000,\frac{\left(\left(\sqrt{\mathrm{GradNorm}} - \mathrm{JacobFro}\right) \cdot \left(\mathrm{L2Norm}\right)\right)^2}{\mathrm{Jacov}},Grad_Norm Sqrt Jacob_fro Sub L2-Norm Mul Square Jacov Div <EOS>,(square(((sqrt(Grad_Norm) - Jacob_fro) * L2-Norm)) / Jacov),0.762500000,0.814200000,79,9,6,2131,run_monash_time_unique1000,7,1,Monash__elecdemand_dataset/seed_2131/run_monash_time_unique1000/visualizations/archive_latex.tex
828,0.210710498,0.762500000,\frac{\mathrm{GradNorm}}{\mathrm{GFLOPs}} - \frac{\mathrm{Jacov}}{\mathrm{JacobFro}},Grad_Norm GFLOPs Div Jacov Jacob_fro Div Sub <EOS>,((Grad_Norm / GFLOPs) - (Jacov / Jacob_fro)),0.762500000,0.762100000,72,7,3,2325,run_monash_time_unique1000,9,2,Monash__elecdemand_dataset/seed_2325/run_monash_time_unique1000/visualizations/archive_latex.tex
829,0.209756098,0.762500000,\frac{\sqrt{\mathrm{GradNorm}} - \mathrm{JacobFro}}{\frac{\sqrt{\mathrm{Jacov}}}{\mathrm{L2Norm}}},Grad_Norm Sqrt Jacob_fro Sub Jacov Sqrt L2-Norm Div Div <EOS>,((sqrt(Grad_Norm) - Jacob_fro) / (sqrt(Jacov) / L2-Norm)),0.762500000,0.814200000,126,9,4,2121,run_monash_time_unique1000,10,1,Monash__elecdemand_dataset/seed_2121/run_monash_time_unique1000/visualizations/archive_latex.tex
830,0.208801697,0.762500000,\frac{\left(\left(\mathrm{JacobFro} - \sqrt{\mathrm{GradNorm}}\right) \cdot \left(\mathrm{L2Norm}\right)\right)^2}{\mathrm{Jacov}},Jacob_fro Grad_Norm Sqrt Sub L2-Norm Mul Square Jacov Div <EOS>,(square(((Jacob_fro - sqrt(Grad_Norm)) * L2-Norm)) / Jacov),0.762500000,0.814200000,55,9,6,2183,run_monash_time_unique1000,10,1,Monash__elecdemand_dataset/seed_2183/run_monash_time_unique1000/visualizations/archive_latex.tex
831,0.207847296,0.762500000,\frac{\mathrm{L2Norm} - \mathrm{GradNorm} + \sqrt{\mathrm{Fisher}}}{\mathrm{Jacov}},L2-Norm Grad_Norm Sub Fisher Sqrt Add Jacov Div <EOS>,(((L2-Norm - Grad_Norm) + sqrt(Fisher)) / Jacov),0.762500000,0.764500000,12,8,4,2222,run_monash_time_unique1000,10,1,Monash__elecdemand_dataset/seed_2222/run_monash_time_unique1000/visualizations/archive_latex.tex
832,0.206892895,0.762400000,\frac{\mathrm{L2Norm} - \mathrm{GradNorm}}{\left(\mathrm{GFLOPs}\right)^2 + \mathrm{Jacov}},L2-Norm Grad_Norm Sub GFLOPs Square Jacov Add Div <EOS>,((L2-Norm - Grad_Norm) / (square(GFLOPs) + Jacov)),0.762400000,0.769500000,129,8,4,2282,run_monash_time_unique1000,8,1,Monash__elecdemand_dataset/seed_2282/run_monash_time_unique1000/visualizations/archive_latex.tex
833,0.205938494,0.762300000,\frac{\frac{\mathrm{Snip} - \mathrm{Jacov}}{\sqrt{\mathrm{JacobFro}}}}{\left(\mathrm{L2Norm}\right)^2},Snip Jacov Sub Jacob_fro Sqrt Div L2-Norm Square Div <EOS>,(((Snip - Jacov) / sqrt(Jacob_fro)) / square(L2-Norm)),0.762300000,0.770100000,46,9,4,2290,run_monash_time_unique1000,7,1,Monash__elecdemand_dataset/seed_2290/run_monash_time_unique1000/visualizations/archive_latex.tex
834,0.204984093,0.762300000,\frac{\mathrm{Snip} - \mathrm{Jacov}}{\left(\sqrt{\mathrm{JacobFro}}\right) \cdot \left(\left(\mathrm{L2Norm}\right)^2\right)},Snip Jacov Sub Jacob_fro Sqrt L2-Norm Square Mul Div <EOS>,((Snip - Jacov) / (sqrt(Jacob_fro) * square(L2-Norm))),0.762300000,0.770100000,30,9,4,2060,run_monash_time_unique1000,8,1,Monash__elecdemand_dataset/seed_2060/run_monash_time_unique1000/visualizations/archive_latex.tex
835,0.204029692,0.762200000,\frac{\sqrt{\mathrm{Snip}} - \frac{\mathrm{Jacov}}{\mathrm{JacobFro}}}{\mathrm{L2Norm}},Snip Sqrt Jacov Jacob_fro Div Sub L2-Norm Div <EOS>,((sqrt(Snip) - (Jacov / Jacob_fro)) / L2-Norm),0.762200000,0.767000000,44,8,4,2296,run_monash_time_unique1000,10,1,Monash__elecdemand_dataset/seed_2296/run_monash_time_unique1000/visualizations/archive_latex.tex
836,0.203075292,0.762100000,\frac{\mathrm{Snip} - \mathrm{Jacov}}{\left(\mathrm{JacobFro}\right) \cdot \left(\left(\mathrm{L2Norm}\right)^2\right)},Snip Jacov Sub Jacob_fro L2-Norm Square Mul Div <EOS>,((Snip - Jacov) / (Jacob_fro * square(L2-Norm))),0.762100000,0.786300000,21,8,4,2139,run_monash_time_unique1000,3,3,Monash__elecdemand_dataset/seed_2139/run_monash_time_unique1000/visualizations/archive_latex.tex
837,0.202120891,0.762100000,\frac{\mathrm{L2Norm} - \mathrm{GradNorm} + \mathrm{Fisher}}{\mathrm{Jacov}},L2-Norm Grad_Norm Sub Fisher Add Jacov Div <EOS>,(((L2-Norm - Grad_Norm) + Fisher) / Jacov),0.762100000,0.768500000,190,7,4,2137,run_monash_time_unique1000,5,1,Monash__elecdemand_dataset/seed_2137/run_monash_time_unique1000/visualizations/archive_latex.tex
838,0.201166490,0.762100000,\frac{\frac{\sqrt{\mathrm{Snip} - \mathrm{Jacov}}}{\mathrm{L2Norm}}}{\sqrt{\mathrm{JacobFro}}},Snip Jacov Sub Sqrt L2-Norm Div Jacob_fro Sqrt Div <EOS>,((sqrt((Snip - Jacov)) / L2-Norm) / sqrt(Jacob_fro)),0.762100000,0.786300000,35,9,5,2264,run_monash_time_unique1000,5,1,Monash__elecdemand_dataset/seed_2264/run_monash_time_unique1000/visualizations/archive_latex.tex
839,0.200212089,0.762100000,\frac{\mathrm{Snip} - \mathrm{Jacov}}{\left(\log\left(\mathrm{JacobFro}\right)\right) \cdot \left(\mathrm{L2Norm}\right)},Snip Jacov Sub Jacob_fro Log L2-Norm Mul Div <EOS>,((Snip - Jacov) / (log(Jacob_fro) * L2-Norm)),0.762100000,0.747400000,32,8,4,2312,run_monash_time_unique1000,5,4,Monash__elecdemand_dataset/seed_2312/run_monash_time_unique1000/visualizations/archive_latex.tex
840,0.199257688,0.762100000,\frac{\sqrt{\mathrm{Snip} - \mathrm{Jacov}}}{\left(\sqrt{\mathrm{JacobFro}}\right) \cdot \left(\mathrm{L2Norm}\right)},Snip Jacov Sub Sqrt Jacob_fro Sqrt L2-Norm Mul Div <EOS>,(sqrt((Snip - Jacov)) / (sqrt(Jacob_fro) * L2-Norm)),0.762100000,0.786300000,16,9,4,2312,run_monash_time_unique1000,6,1,Monash__elecdemand_dataset/seed_2312/run_monash_time_unique1000/visualizations/archive_latex.tex
841,0.198303287,0.762100000,\frac{-\mathrm{Jacov}}{\mathrm{L2Norm} + \mathrm{Fisher} - \mathrm{GradNorm}},Jacov Negative L2-Norm Fisher Add Grad_Norm Sub Div <EOS>,(-(Jacov) / ((L2-Norm + Fisher) - Grad_Norm)),0.762100000,0.768500000,47,8,4,2312,run_monash_time_unique1000,7,1,Monash__elecdemand_dataset/seed_2312/run_monash_time_unique1000/visualizations/archive_latex.tex
842,0.197348887,0.762100000,\frac{\frac{\mathrm{Snip} - \mathrm{Jacov}}{\log\left(\mathrm{JacobFro}\right)}}{\mathrm{L2Norm}},Snip Jacov Sub Jacob_fro Log Div L2-Norm Div <EOS>,(((Snip - Jacov) / log(Jacob_fro)) / L2-Norm),0.762100000,0.747400000,66,8,4,2059,run_monash_time_unique1000,8,1,Monash__elecdemand_dataset/seed_2059/run_monash_time_unique1000/visualizations/archive_latex.tex
843,0.196394486,0.762100000,\frac{\mathrm{L2Norm}}{\frac{\mathrm{Jacov} - \mathrm{Snip}}{\log\left(\mathrm{JacobFro}\right)}},L2-Norm Jacov Snip Sub Jacob_fro Log Div Div <EOS>,(L2-Norm / ((Jacov - Snip) / log(Jacob_fro))),0.762100000,0.747400000,61,8,4,2131,run_monash_time_unique1000,8,2,Monash__elecdemand_dataset/seed_2131/run_monash_time_unique1000/visualizations/archive_latex.tex
844,0.195440085,0.762100000,\frac{\sqrt{\mathrm{Jacov} - \mathrm{Snip}}}{\left(\sqrt{\mathrm{JacobFro}}\right) \cdot \left(\mathrm{L2Norm}\right)},Jacov Snip Sub Sqrt Jacob_fro Sqrt L2-Norm Mul Div <EOS>,(sqrt((Jacov - Snip)) / (sqrt(Jacob_fro) * L2-Norm)),0.762100000,0.786300000,97,9,4,2289,run_monash_time_unique1000,8,1,Monash__elecdemand_dataset/seed_2289/run_monash_time_unique1000/visualizations/archive_latex.tex
845,0.194485684,0.762100000,\frac{\frac{\mathrm{Snip} - \mathrm{Jacov}}{\mathrm{JacobFro}}}{\left(\mathrm{L2Norm}\right)^2},Snip Jacov Sub Jacob_fro Div L2-Norm Square Div <EOS>,(((Snip - Jacov) / Jacob_fro) / square(L2-Norm)),0.762100000,0.786300000,45,8,4,2290,run_monash_time_unique1000,8,2,Monash__elecdemand_dataset/seed_2290/run_monash_time_unique1000/visualizations/archive_latex.tex
846,0.193531283,0.762100000,\frac{\left(\mathrm{L2Norm}\right)^2}{\frac{\mathrm{Jacov} - \mathrm{Snip}}{\mathrm{JacobFro}}},L2-Norm Square Jacov Snip Sub Jacob_fro Div Div <EOS>,(square(L2-Norm) / ((Jacov - Snip) / Jacob_fro)),0.762100000,0.786300000,52,8,4,2131,run_monash_time_unique1000,9,1,Monash__elecdemand_dataset/seed_2131/run_monash_time_unique1000/visualizations/archive_latex.tex
847,0.192576882,0.762100000,\frac{\mathrm{Snip} - \mathrm{Jacov}}{\left(\left(\mathrm{L2Norm}\right)^2\right) \cdot \left(\mathrm{JacobFro}\right)},Snip Jacov Sub L2-Norm Square Jacob_fro Mul Div <EOS>,((Snip - Jacov) / (square(L2-Norm) * Jacob_fro)),0.762100000,0.786300000,9,8,4,2151,run_monash_time_unique1000,9,1,Monash__elecdemand_dataset/seed_2151/run_monash_time_unique1000/visualizations/archive_latex.tex
848,0.191622481,0.762100000,\frac{\sqrt{\left(\mathrm{Jacov}\right)^2}}{\mathrm{Fisher} - \mathrm{GradNorm} - \mathrm{L2Norm}},Jacov Square Sqrt Fisher Grad_Norm L2-Norm Sub Sub Div <EOS>,(sqrt(square(Jacov)) / (Fisher - (Grad_Norm - L2-Norm))),0.762100000,0.768500000,37,9,4,2160,run_monash_time_unique1000,9,1,Monash__elecdemand_dataset/seed_2160/run_monash_time_unique1000/visualizations/archive_latex.tex
849,0.190668081,0.762100000,\frac{\left(\mathrm{L2Norm}\right) \cdot \left(\log\left(\mathrm{JacobFro}\right)\right)}{\mathrm{Jacov} - \mathrm{Snip}},L2-Norm Jacob_fro Log Mul Jacov Snip Sub Div <EOS>,((L2-Norm * log(Jacob_fro)) / (Jacov - Snip)),0.762100000,0.747400000,23,8,4,2168,run_monash_time_unique1000,9,2,Monash__elecdemand_dataset/seed_2168/run_monash_time_unique1000/visualizations/archive_latex.tex
850,0.189713680,0.762100000,\frac{-\mathrm{Jacov}}{\mathrm{L2Norm} - \mathrm{GradNorm} + \mathrm{Fisher}},Jacov Negative L2-Norm Grad_Norm Sub Fisher Add Div <EOS>,(-(Jacov) / ((L2-Norm - Grad_Norm) + Fisher)),0.762100000,0.768500000,58,8,4,2151,run_monash_time_unique1000,10,1,Monash__elecdemand_dataset/seed_2151/run_monash_time_unique1000/visualizations/archive_latex.tex
851,0.188759279,0.762100000,\frac{\left(\left(\mathrm{L2Norm}\right)^2\right) \cdot \left(\mathrm{JacobFro}\right)}{\mathrm{Jacov} + -\mathrm{Snip}},L2-Norm Square Jacob_fro Mul Jacov Snip Negative Add Div <EOS>,((square(L2-Norm) * Jacob_fro) / (Jacov + -(Snip))),0.762100000,0.786300000,133,9,4,2168,run_monash_time_unique1000,10,1,Monash__elecdemand_dataset/seed_2168/run_monash_time_unique1000/visualizations/archive_latex.tex
852,0.187804878,0.762100000,\frac{\left(\left(\mathrm{L2Norm}\right)^2\right) \cdot \left(\mathrm{JacobFro}\right)}{\mathrm{Jacov} - \mathrm{Snip}},L2-Norm Square Jacob_fro Mul Jacov Snip Sub Div <EOS>,((square(L2-Norm) * Jacob_fro) / (Jacov - Snip)),0.762100000,0.786300000,108,8,4,2231,run_monash_time_unique1000,10,1,Monash__elecdemand_dataset/seed_2231/run_monash_time_unique1000/visualizations/archive_latex.tex
853,0.186850477,0.761800000,\frac{\frac{\left(\left(\mathrm{JacobFro}\right) \cdot \left(\mathrm{L2Norm}\right)\right)^2}{\mathrm{Jacov}}}{\log\left(\mathrm{GraSP}\right)},Jacob_fro L2-Norm Mul Square Jacov Div GraSP Log Div <EOS>,((square((Jacob_fro * L2-Norm)) / Jacov) / log(GraSP)),0.761800000,0.797300000,113,9,5,2131,run_monash_time_unique1000,10,1,Monash__elecdemand_dataset/seed_2131/run_monash_time_unique1000/visualizations/archive_latex.tex
854,0.185896076,0.761700000,\frac{\log\left(\frac{\mathrm{L2Norm}}{\mathrm{GradNorm}}\right) + \mathrm{MParams}}{\mathrm{Jacov}},L2-Norm Grad_Norm Div Log MParams Add Jacov Div <EOS>,((log((L2-Norm / Grad_Norm)) + MParams) / Jacov),0.761700000,0.761200000,105,8,5,2249,run_monash_time_unique1000,1,1,Monash__elecdemand_dataset/seed_2249/run_monash_time_unique1000/visualizations/archive_latex.tex
855,0.184941676,0.761600000,\left(\frac{\mathrm{JacobFro}}{\log\left(\mathrm{GraSP}\right)}\right) \cdot \left(\frac{\mathrm{L2Norm}}{\mathrm{Jacov}}\right),Jacob_fro GraSP Log Div L2-Norm Jacov Div Mul <EOS>,((Jacob_fro / log(GraSP)) * (L2-Norm / Jacov)),0.761600000,0.768200000,18,8,4,2246,run_monash_time_unique1000,7,1,Monash__elecdemand_dataset/seed_2246/run_monash_time_unique1000/visualizations/archive_latex.tex
856,0.183987275,0.761600000,\frac{\frac{\mathrm{L2Norm}}{\log\left(\mathrm{GraSP}\right)}}{\frac{\mathrm{Jacov}}{\mathrm{JacobFro}}},L2-Norm GraSP Log Div Jacov Jacob_fro Div Div <EOS>,((L2-Norm / log(GraSP)) / (Jacov / Jacob_fro)),0.761600000,0.768200000,20,8,4,2199,run_monash_time_unique1000,8,1,Monash__elecdemand_dataset/seed_2199/run_monash_time_unique1000/visualizations/archive_latex.tex
857,0.183032874,0.761600000,\frac{\mathrm{L2Norm}}{\left(\frac{\log\left(\mathrm{GraSP}\right)}{\mathrm{JacobFro}}\right) \cdot \left(\mathrm{Jacov}\right)},L2-Norm GraSP Log Jacob_fro Div Jacov Mul Div <EOS>,(L2-Norm / ((log(GraSP) / Jacob_fro) * Jacov)),0.761600000,0.768200000,10,8,5,2059,run_monash_time_unique1000,9,1,Monash__elecdemand_dataset/seed_2059/run_monash_time_unique1000/visualizations/archive_latex.tex
858,0.182078473,0.761400000,\frac{\mathrm{Snip} - \mathrm{Jacov}}{\left(\mathrm{L2Norm} - \mathrm{GFLOPs}\right)^2},Snip Jacov Sub L2-Norm GFLOPs Sub Square Div <EOS>,((Snip - Jacov) / square((L2-Norm - GFLOPs))),0.761400000,0.755300000,119,8,4,2139,run_monash_time_unique1000,4,1,Monash__elecdemand_dataset/seed_2139/run_monash_time_unique1000/visualizations/archive_latex.tex
859,0.181124072,0.761400000,\frac{\sqrt{\mathrm{Snip} - \mathrm{Jacov}}}{\mathrm{L2Norm} - \mathrm{GFLOPs}},Snip Jacov Sub Sqrt L2-Norm GFLOPs Sub Div <EOS>,(sqrt((Snip - Jacov)) / (L2-Norm - GFLOPs)),0.761400000,0.755300000,89,8,4,2312,run_monash_time_unique1000,8,1,Monash__elecdemand_dataset/seed_2312/run_monash_time_unique1000/visualizations/archive_latex.tex
860,0.180169671,0.761400000,\frac{\left(\mathrm{L2Norm} - \mathrm{GFLOPs}\right)^2}{\mathrm{Jacov} - \mathrm{Snip}},L2-Norm GFLOPs Sub Square Jacov Snip Sub Div <EOS>,(square((L2-Norm - GFLOPs)) / (Jacov - Snip)),0.761400000,0.755300000,130,8,4,2199,run_monash_time_unique1000,9,1,Monash__elecdemand_dataset/seed_2199/run_monash_time_unique1000/visualizations/archive_latex.tex
861,0.179215270,0.761400000,\log\left(\left(\mathrm{GradNorm}\right)^2\right) - \frac{\mathrm{Jacov}}{\mathrm{L2Norm}},Grad_Norm Square Log Jacov L2-Norm Div Sub <EOS>,(log(square(Grad_Norm)) - (Jacov / L2-Norm)),0.761400000,0.744400000,147,7,4,2325,run_monash_time_unique1000,10,1,Monash__elecdemand_dataset/seed_2325/run_monash_time_unique1000/visualizations/archive_latex.tex
862,0.178260870,0.761000000,\frac{-\log\left(\frac{\mathrm{L2Norm}}{\mathrm{Jacov}}\right)}{\mathrm{JacobFro} - \mathrm{Fisher}},L2-Norm Jacov Div Log Negative Jacob_fro Fisher Sub Div <EOS>,(-(log((L2-Norm / Jacov))) / (Jacob_fro - Fisher)),0.761000000,0.799000000,196,9,5,2241,run_monash_time_unique1000,3,1,Monash__elecdemand_dataset/seed_2241/run_monash_time_unique1000/visualizations/archive_latex.tex
863,0.177306469,0.761000000,\frac{\log\left(\frac{\mathrm{Jacov}}{\mathrm{L2Norm}}\right)}{\mathrm{JacobFro} - \mathrm{Fisher}},Jacov L2-Norm Div Log Jacob_fro Fisher Sub Div <EOS>,(log((Jacov / L2-Norm)) / (Jacob_fro - Fisher)),0.761000000,0.799000000,194,8,4,2139,run_monash_time_unique1000,5,4,Monash__elecdemand_dataset/seed_2139/run_monash_time_unique1000/visualizations/archive_latex.tex
864,0.176352068,0.760800000,\frac{\log\left(\mathrm{Jacov}\right) + \mathrm{L2Norm} - \mathrm{GradNorm}}{\mathrm{Jacov}},Jacov Log L2-Norm Add Grad_Norm Sub Jacov Div <EOS>,(((log(Jacov) + L2-Norm) - Grad_Norm) / Jacov),0.760800000,0.763000000,113,8,5,2172,run_monash_time_unique1000,10,1,Monash__elecdemand_dataset/seed_2172/run_monash_time_unique1000/visualizations/archive_latex.tex
865,0.175397667,0.760700000,\frac{\frac{\left(\mathrm{GradNorm}\right)^2 - \mathrm{Jacov}}{\mathrm{L2Norm}}}{\mathrm{JacobFro}},Grad_Norm Square Jacov Sub L2-Norm Div Jacob_fro Div <EOS>,(((square(Grad_Norm) - Jacov) / L2-Norm) / Jacob_fro),0.760700000,0.750800000,57,8,5,2249,run_monash_time_unique1000,2,2,Monash__elecdemand_dataset/seed_2249/run_monash_time_unique1000/visualizations/archive_latex.tex
866,0.174443266,0.760700000,\frac{\frac{\left(\mathrm{GradNorm}\right)^2 - \mathrm{Jacov}}{\mathrm{JacobFro}}}{\mathrm{L2Norm}},Grad_Norm Square Jacov Sub Jacob_fro Div L2-Norm Div <EOS>,(((square(Grad_Norm) - Jacov) / Jacob_fro) / L2-Norm),0.760700000,0.750800000,69,8,5,2290,run_monash_time_unique1000,10,1,Monash__elecdemand_dataset/seed_2290/run_monash_time_unique1000/visualizations/archive_latex.tex
867,0.173488865,0.760600000,\frac{\sqrt{\mathrm{Jacov}} - \frac{\mathrm{Snip}}{\mathrm{GradNorm}}}{\left(\mathrm{JacobFro}\right)^2},Jacov Sqrt Snip Grad_Norm Div Sub Jacob_fro Square Div <EOS>,((sqrt(Jacov) - (Snip / Grad_Norm)) / square(Jacob_fro)),0.760600000,0.796900000,156,9,4,2161,run_monash_time_unique1000,5,4,Monash__elecdemand_dataset/seed_2161/run_monash_time_unique1000/visualizations/archive_latex.tex
868,0.172534464,0.760500000,\frac{\left(\frac{\mathrm{Jacov} - \mathrm{Snip}}{\mathrm{L2Norm}}\right)^2}{\mathrm{JacobFro}},Jacov Snip Sub L2-Norm Div Square Jacob_fro Div <EOS>,(square(((Jacov - Snip) / L2-Norm)) / Jacob_fro),0.760500000,0.752400000,50,8,5,2249,run_monash_time_unique1000,3,1,Monash__elecdemand_dataset/seed_2249/run_monash_time_unique1000/visualizations/archive_latex.tex
869,0.171580064,0.760500000,\frac{\left(\log\left(\frac{\mathrm{Jacov}}{\mathrm{L2Norm}} - \mathrm{plain}\right)\right)^2}{\mathrm{JacobFro}},Jacov L2-Norm Div plain Sub Log Square Jacob_fro Div <EOS>,(square(log(((Jacov / L2-Norm) - plain))) / Jacob_fro),0.760500000,0.776500000,98,9,6,2241,run_monash_time_unique1000,4,1,Monash__elecdemand_dataset/seed_2241/run_monash_time_unique1000/visualizations/archive_latex.tex
870,0.170625663,0.760500000,\frac{\mathrm{Snip} - \mathrm{Jacov}}{\left(\sqrt{\mathrm{JacobFro}}\right) \cdot \left(\mathrm{L2Norm}\right)},Snip Jacov Sub Jacob_fro Sqrt L2-Norm Mul Div <EOS>,((Snip - Jacov) / (sqrt(Jacob_fro) * L2-Norm)),0.760500000,0.752400000,18,8,4,2139,run_monash_time_unique1000,6,3,Monash__elecdemand_dataset/seed_2139/run_monash_time_unique1000/visualizations/archive_latex.tex
871,0.169671262,0.760500000,\frac{\frac{\mathrm{Snip} - \mathrm{Jacov}}{\sqrt{\mathrm{JacobFro}}}}{\mathrm{L2Norm}},Snip Jacov Sub Jacob_fro Sqrt Div L2-Norm Div <EOS>,(((Snip - Jacov) / sqrt(Jacob_fro)) / L2-Norm),0.760500000,0.752400000,15,8,4,2286,run_monash_time_unique1000,6,1,Monash__elecdemand_dataset/seed_2286/run_monash_time_unique1000/visualizations/archive_latex.tex
872,0.168716861,0.760500000,\frac{\frac{\mathrm{Snip} - \mathrm{Jacov}}{\mathrm{L2Norm}}}{\sqrt{\mathrm{JacobFro}}},Snip Jacov Sub L2-Norm Div Jacob_fro Sqrt Div <EOS>,(((Snip - Jacov) / L2-Norm) / sqrt(Jacob_fro)),0.760500000,0.752400000,51,8,4,2264,run_monash_time_unique1000,7,1,Monash__elecdemand_dataset/seed_2264/run_monash_time_unique1000/visualizations/archive_latex.tex
873,0.167762460,0.760500000,\frac{\log\left(\mathrm{plain} - \frac{\mathrm{Jacov}}{\mathrm{L2Norm}}\right)}{\sqrt{\mathrm{JacobFro}}},plain Jacov L2-Norm Div Sub Log Jacob_fro Sqrt Div <EOS>,(log((plain - (Jacov / L2-Norm))) / sqrt(Jacob_fro)),0.760500000,0.776500000,143,9,5,2242,run_monash_time_unique1000,9,1,Monash__elecdemand_dataset/seed_2242/run_monash_time_unique1000/visualizations/archive_latex.tex
874,0.166808059,0.760400000,\frac{\sqrt{\frac{\mathrm{MParams}}{\mathrm{GradNorm}}}}{\frac{\mathrm{Jacov}}{\log\left(\mathrm{JacobFro}\right)}},MParams Grad_Norm Div Sqrt Jacov Jacob_fro Log Div Div <EOS>,(sqrt((MParams / Grad_Norm)) / (Jacov / log(Jacob_fro))),0.760400000,0.770400000,18,9,4,2241,run_monash_time_unique1000,5,1,Monash__elecdemand_dataset/seed_2241/run_monash_time_unique1000/visualizations/archive_latex.tex
875,0.165853659,0.760400000,\frac{\sqrt{\left(\mathrm{Jacov}\right) \cdot \left(\log\left(\mathrm{GradNorm}\right)\right)}}{\mathrm{L2Norm} + \mathrm{JacobFro}},Jacov Grad_Norm Log Mul Sqrt L2-Norm Jacob_fro Add Div <EOS>,(sqrt((Jacov * log(Grad_Norm))) / (L2-Norm + Jacob_fro)),0.760400000,0.771900000,148,9,5,2312,run_monash_time_unique1000,10,1,Monash__elecdemand_dataset/seed_2312/run_monash_time_unique1000/visualizations/archive_latex.tex
876,0.164899258,0.760100000,\left(\frac{\left(\mathrm{GradNorm} - \mathrm{L2Norm}\right)^2}{\mathrm{Jacov}}\right) \cdot \left(\mathrm{JacobFro}\right),Grad_Norm L2-Norm Sub Square Jacov Div Jacob_fro Mul <EOS>,((square((Grad_Norm - L2-Norm)) / Jacov) * Jacob_fro),0.760100000,0.790000000,137,8,5,2260,run_monash_time_unique1000,5,1,Monash__elecdemand_dataset/seed_2260/run_monash_time_unique1000/visualizations/archive_latex.tex
877,0.163944857,0.760100000,\left(\left(\mathrm{L2Norm} - \mathrm{GradNorm}\right)^2\right) \cdot \left(\frac{\mathrm{JacobFro}}{\mathrm{Jacov}}\right),L2-Norm Grad_Norm Sub Square Jacob_fro Jacov Div Mul <EOS>,(square((L2-Norm - Grad_Norm)) * (Jacob_fro / Jacov)),0.760100000,0.790000000,22,8,4,2246,run_monash_time_unique1000,8,1,Monash__elecdemand_dataset/seed_2246/run_monash_time_unique1000/visualizations/archive_latex.tex
878,0.162990456,0.760000000,\frac{\mathrm{Jacov}}{\left(\log\left(\mathrm{Snip}\right)\right)^2 - \mathrm{L2Norm}},Jacov Snip Log Square L2-Norm Sub Div <EOS>,(Jacov / (square(log(Snip)) - L2-Norm)),0.760000000,0.765900000,161,7,5,2273,run_monash_time_unique1000,10,1,Monash__elecdemand_dataset/seed_2273/run_monash_time_unique1000/visualizations/archive_latex.tex
879,0.162036055,0.759700000,\frac{\left(\log\left(\frac{\mathrm{Jacov} - \mathrm{Snip}}{\mathrm{L2Norm}}\right)\right)^2}{\mathrm{JacobFro}},Jacov Snip Sub L2-Norm Div Log Square Jacob_fro Div <EOS>,(square(log(((Jacov - Snip) / L2-Norm))) / Jacob_fro),0.759700000,0.772900000,116,9,6,2118,run_monash_time_unique1000,3,1,Monash__elecdemand_dataset/seed_2118/run_monash_time_unique1000/visualizations/archive_latex.tex
880,0.161081654,0.759700000,\frac{\log\left(\frac{\mathrm{Jacov} - \mathrm{Snip}}{\mathrm{L2Norm}}\right)}{\sqrt{\mathrm{JacobFro}}},Jacov Snip Sub L2-Norm Div Log Jacob_fro Sqrt Div <EOS>,(log(((Jacov - Snip) / L2-Norm)) / sqrt(Jacob_fro)),0.759700000,0.772900000,51,9,5,2249,run_monash_time_unique1000,4,1,Monash__elecdemand_dataset/seed_2249/run_monash_time_unique1000/visualizations/archive_latex.tex
881,0.160127253,0.759700000,\frac{\log\left(\frac{\mathrm{Snip} - \mathrm{Jacov}}{\mathrm{L2Norm}}\right)}{\sqrt{\mathrm{JacobFro}}},Snip Jacov Sub L2-Norm Div Log Jacob_fro Sqrt Div <EOS>,(log(((Snip - Jacov) / L2-Norm)) / sqrt(Jacob_fro)),0.759700000,0.772900000,122,9,5,2139,run_monash_time_unique1000,7,1,Monash__elecdemand_dataset/seed_2139/run_monash_time_unique1000/visualizations/archive_latex.tex
882,0.159172853,0.759600000,\log\left(\mathrm{GraSP}\right) - \frac{\mathrm{Jacov}}{\mathrm{L2Norm}},GraSP Log Jacov L2-Norm Div Sub <EOS>,(log(GraSP) - (Jacov / L2-Norm)),0.759600000,0.738700000,191,6,3,2160,run_monash_time_unique1000,10,2,Monash__elecdemand_dataset/seed_2160/run_monash_time_unique1000/visualizations/archive_latex.tex
883,0.158218452,0.759500000,\frac{\mathrm{L2Norm}}{\frac{\mathrm{Jacov}}{\mathrm{JacobFro}} - \left(\mathrm{plain}\right)^2},L2-Norm Jacov Jacob_fro Div plain Square Sub Div <EOS>,(L2-Norm / ((Jacov / Jacob_fro) - square(plain))),0.759500000,0.768200000,15,8,4,2161,run_monash_time_unique1000,6,1,Monash__elecdemand_dataset/seed_2161/run_monash_time_unique1000/visualizations/archive_latex.tex
884,0.157264051,0.759400000,\frac{\frac{\mathrm{L2Norm} - \mathrm{GradNorm}}{\mathrm{Jacov}}}{\mathrm{ZiCo}},L2-Norm Grad_Norm Sub Jacov Div ZiCo Div <EOS>,(((L2-Norm - Grad_Norm) / Jacov) / ZiCo),0.759400000,0.765900000,193,7,4,2059,run_monash_time_unique1000,10,1,Monash__elecdemand_dataset/seed_2059/run_monash_time_unique1000/visualizations/archive_latex.tex
885,0.156309650,0.759300000,\frac{\sqrt{\mathrm{Jacov}} + -\mathrm{GradNorm} + \mathrm{L2Norm}}{\mathrm{Jacov}},Jacov Sqrt Grad_Norm Negative L2-Norm Add Add Jacov Div <EOS>,((sqrt(Jacov) + (-(Grad_Norm) + L2-Norm)) / Jacov),0.759300000,0.761400000,178,9,5,2286,run_monash_time_unique1000,7,1,Monash__elecdemand_dataset/seed_2286/run_monash_time_unique1000/visualizations/archive_latex.tex
886,0.155355249,0.759200000,\frac{\log\left(\frac{\mathrm{Jacov}}{\mathrm{L2Norm}} - \mathrm{Fisher}\right)}{\mathrm{JacobFro}},Jacov L2-Norm Div Fisher Sub Log Jacob_fro Div <EOS>,(log(((Jacov / L2-Norm) - Fisher)) / Jacob_fro),0.759200000,0.793700000,102,8,5,2241,run_monash_time_unique1000,6,2,Monash__elecdemand_dataset/seed_2241/run_monash_time_unique1000/visualizations/archive_latex.tex
887,0.154400848,0.759200000,\frac{\log\left(\mathrm{Fisher} - \frac{\mathrm{Jacov}}{\mathrm{L2Norm}}\right)}{\mathrm{JacobFro}},Fisher Jacov L2-Norm Div Sub Log Jacob_fro Div <EOS>,(log((Fisher - (Jacov / L2-Norm))) / Jacob_fro),0.759200000,0.793700000,53,8,5,2161,run_monash_time_unique1000,7,2,Monash__elecdemand_dataset/seed_2161/run_monash_time_unique1000/visualizations/archive_latex.tex
888,0.153446448,0.759000000,\frac{\frac{\mathrm{L2Norm}}{\log\left(\mathrm{GradNorm}\right)}}{\mathrm{Jacov} + \mathrm{L2Norm}},L2-Norm Grad_Norm Log Div Jacov L2-Norm Add Div <EOS>,((L2-Norm / log(Grad_Norm)) / (Jacov + L2-Norm)),0.759000000,0.754100000,148,8,4,2282,run_monash_time_unique1000,9,1,Monash__elecdemand_dataset/seed_2282/run_monash_time_unique1000/visualizations/archive_latex.tex
889,0.152492047,0.758800000,\frac{\sqrt{\frac{\mathrm{MParams}}{\mathrm{GFLOPs} + \mathrm{GradNorm}}}}{\mathrm{Jacov}},MParams GFLOPs Grad_Norm Add Div Sqrt Jacov Div <EOS>,(sqrt((MParams / (GFLOPs + Grad_Norm))) / Jacov),0.758800000,0.760800000,5,8,5,2241,run_monash_time_unique1000,7,1,Monash__elecdemand_dataset/seed_2241/run_monash_time_unique1000/visualizations/archive_latex.tex
890,0.151537646,0.758800000,\left(\left(\mathrm{Jacov}\right)^2\right) \cdot \left(\frac{\mathrm{GradNorm} + \mathrm{GFLOPs}}{\mathrm{MParams}}\right),Jacov Square Grad_Norm GFLOPs Add MParams Div Mul <EOS>,(square(Jacov) * ((Grad_Norm + GFLOPs) / MParams)),0.758800000,0.760800000,60,8,4,2282,run_monash_time_unique1000,10,1,Monash__elecdemand_dataset/seed_2282/run_monash_time_unique1000/visualizations/archive_latex.tex
891,0.150583245,0.758700000,\left(\left(\mathrm{JacobFro}\right)^2\right) \cdot \left(\frac{\mathrm{L2Norm}}{\mathrm{Jacov} - \left(\mathrm{GradNorm}\right)^2}\right),Jacob_fro Square L2-Norm Jacov Grad_Norm Square Sub Div Mul <EOS>,(square(Jacob_fro) * (L2-Norm / (Jacov - square(Grad_Norm)))),0.758700000,0.767100000,80,9,5,2253,run_monash_time_unique1000,5,1,Monash__elecdemand_dataset/seed_2253/run_monash_time_unique1000/visualizations/archive_latex.tex
892,0.149628844,0.758700000,\frac{\left(\mathrm{GradNorm}\right)^2 - \mathrm{Jacov}}{\left(\left(\mathrm{JacobFro}\right)^2\right) \cdot \left(\mathrm{L2Norm}\right)},Grad_Norm Square Jacov Sub Jacob_fro Square L2-Norm Mul Div <EOS>,((square(Grad_Norm) - Jacov) / (square(Jacob_fro) * L2-Norm)),0.758700000,0.767100000,31,9,4,2139,run_monash_time_unique1000,8,1,Monash__elecdemand_dataset/seed_2139/run_monash_time_unique1000/visualizations/archive_latex.tex
893,0.148674443,0.758600000,\frac{\mathrm{L2Norm}}{\left(\log\left(\mathrm{GradNorm}\right)\right) \cdot \left(\mathrm{Jacov}\right)},L2-Norm Grad_Norm Log Jacov Mul Div <EOS>,(L2-Norm / (log(Grad_Norm) * Jacov)),0.758600000,0.749300000,5,6,4,2249,run_monash_time_unique1000,5,1,Monash__elecdemand_dataset/seed_2249/run_monash_time_unique1000/visualizations/archive_latex.tex
894,0.147720042,0.758600000,\frac{\log\left(\mathrm{Fisher}\right) - \frac{\mathrm{Jacov}}{\mathrm{L2Norm}}}{\mathrm{JacobFro}},Fisher Log Jacov L2-Norm Div Sub Jacob_fro Div <EOS>,((log(Fisher) - (Jacov / L2-Norm)) / Jacob_fro),0.758600000,0.774500000,81,8,4,2161,run_monash_time_unique1000,8,1,Monash__elecdemand_dataset/seed_2161/run_monash_time_unique1000/visualizations/archive_latex.tex
895,0.146765642,0.758600000,\frac{\frac{\mathrm{L2Norm}}{\log\left(\mathrm{GradNorm}\right)}}{\mathrm{Jacov}},L2-Norm Grad_Norm Log Div Jacov Div <EOS>,((L2-Norm / log(Grad_Norm)) / Jacov),0.758600000,0.749300000,51,6,4,2326,run_monash_time_unique1000,9,1,Monash__elecdemand_dataset/seed_2326/run_monash_time_unique1000/visualizations/archive_latex.tex
896,0.145811241,0.758400000,\left(\sqrt{\mathrm{GradNorm}}\right) \cdot \left(\frac{\mathrm{Fisher} - \mathrm{Jacov}}{\left(\mathrm{L2Norm}\right)^2}\right),Grad_Norm Sqrt Fisher Jacov Sub L2-Norm Square Div Mul <EOS>,(sqrt(Grad_Norm) * ((Fisher - Jacov) / square(L2-Norm))),0.758400000,0.763500000,28,9,4,2286,run_monash_time_unique1000,9,1,Monash__elecdemand_dataset/seed_2286/run_monash_time_unique1000/visualizations/archive_latex.tex
897,0.144856840,0.758300000,\frac{-\mathrm{GradNorm} - \mathrm{JacobFro} + \mathrm{L2Norm}}{\mathrm{Jacov}},Grad_Norm Jacob_fro Sub Negative L2-Norm Add Jacov Div <EOS>,((-((Grad_Norm - Jacob_fro)) + L2-Norm) / Jacov),0.758300000,0.766700000,75,8,5,2118,run_monash_time_unique1000,4,1,Monash__elecdemand_dataset/seed_2118/run_monash_time_unique1000/visualizations/archive_latex.tex
898,0.143902439,0.758300000,\frac{\mathrm{L2Norm} - \mathrm{GradNorm} + \mathrm{JacobFro}}{\mathrm{Jacov}},L2-Norm Grad_Norm Sub Jacob_fro Add Jacov Div <EOS>,(((L2-Norm - Grad_Norm) + Jacob_fro) / Jacov),0.758300000,0.766700000,192,7,4,2137,run_monash_time_unique1000,6,1,Monash__elecdemand_dataset/seed_2137/run_monash_time_unique1000/visualizations/archive_latex.tex
899,0.142948038,0.758300000,\frac{\mathrm{JacobFro} - \mathrm{GradNorm} + \mathrm{L2Norm}}{\mathrm{Jacov}},Jacob_fro Grad_Norm Sub L2-Norm Add Jacov Div <EOS>,(((Jacob_fro - Grad_Norm) + L2-Norm) / Jacov),0.758300000,0.766700000,79,7,4,2260,run_monash_time_unique1000,6,2,Monash__elecdemand_dataset/seed_2260/run_monash_time_unique1000/visualizations/archive_latex.tex
900,0.141993637,0.758300000,\frac{\mathrm{Jacov}}{\mathrm{GradNorm} - \mathrm{JacobFro} - \mathrm{L2Norm}},Jacov Grad_Norm Jacob_fro Sub L2-Norm Sub Div <EOS>,(Jacov / ((Grad_Norm - Jacob_fro) - L2-Norm)),0.758300000,0.766700000,82,7,4,2286,run_monash_time_unique1000,10,1,Monash__elecdemand_dataset/seed_2286/run_monash_time_unique1000/visualizations/archive_latex.tex
901,0.141039236,0.758300000,\frac{\mathrm{L2Norm} + \mathrm{JacobFro} - \mathrm{GradNorm}}{\mathrm{Jacov}},L2-Norm Jacob_fro Grad_Norm Sub Add Jacov Div <EOS>,((L2-Norm + (Jacob_fro - Grad_Norm)) / Jacov),0.758300000,0.766700000,12,7,4,2326,run_monash_time_unique1000,10,1,Monash__elecdemand_dataset/seed_2326/run_monash_time_unique1000/visualizations/archive_latex.tex
902,0.140084836,0.758200000,\frac{\left(\mathrm{L2Norm}\right)^2}{\mathrm{Jacov}} - \frac{\mathrm{JacobFro}}{\sqrt{\mathrm{GradNorm}}},L2-Norm Square Jacov Div Jacob_fro Grad_Norm Sqrt Div Sub <EOS>,((square(L2-Norm) / Jacov) - (Jacob_fro / sqrt(Grad_Norm))),0.758200000,0.785500000,40,9,4,2260,run_monash_time_unique1000,7,1,Monash__elecdemand_dataset/seed_2260/run_monash_time_unique1000/visualizations/archive_latex.tex
903,0.139130435,0.757800000,\frac{\sqrt{\frac{\mathrm{MParams}}{\mathrm{GradNorm}}}}{\mathrm{Jacov} + \mathrm{JacobFro}},MParams Grad_Norm Div Sqrt Jacov Jacob_fro Add Div <EOS>,(sqrt((MParams / Grad_Norm)) / (Jacov + Jacob_fro)),0.757800000,0.762400000,14,8,4,2241,run_monash_time_unique1000,8,1,Monash__elecdemand_dataset/seed_2241/run_monash_time_unique1000/visualizations/archive_latex.tex
904,0.138176034,0.757600000,\frac{\frac{\left(\mathrm{GradNorm}\right) \cdot \left(\left(\mathrm{Jacov}\right)^2\right)}{\mathrm{MParams}}}{\mathrm{JacobFro}},Grad_Norm Jacov Square Mul MParams Div Jacob_fro Div <EOS>,(((Grad_Norm * square(Jacov)) / MParams) / Jacob_fro),0.757600000,0.773200000,9,8,5,2264,run_monash_time_unique1000,8,1,Monash__elecdemand_dataset/seed_2264/run_monash_time_unique1000/visualizations/archive_latex.tex
905,0.137221633,0.757600000,\frac{\sqrt{\frac{\mathrm{MParams}}{\frac{\mathrm{GradNorm}}{\mathrm{JacobFro}}}}}{\mathrm{Jacov}},MParams Grad_Norm Jacob_fro Div Div Sqrt Jacov Div <EOS>,(sqrt((MParams / (Grad_Norm / Jacob_fro))) / Jacov),0.757600000,0.773200000,14,8,5,2241,run_monash_time_unique1000,9,1,Monash__elecdemand_dataset/seed_2241/run_monash_time_unique1000/visualizations/archive_latex.tex
906,0.136267232,0.757300000,\frac{\log\left(\frac{\mathrm{Jacov}}{\mathrm{L2Norm}} - \log\left(\mathrm{Fisher}\right)\right)}{\mathrm{JacobFro}},Jacov L2-Norm Div Fisher Log Sub Log Jacob_fro Div <EOS>,(log(((Jacov / L2-Norm) - log(Fisher))) / Jacob_fro),0.757300000,0.793800000,123,9,5,2241,run_monash_time_unique1000,10,1,Monash__elecdemand_dataset/seed_2241/run_monash_time_unique1000/visualizations/archive_latex.tex
907,0.135312831,0.757100000,\frac{\mathrm{L2Norm}}{\left(\mathrm{L2Norm} + \mathrm{Jacov}\right) \cdot \left(\sqrt{\mathrm{GradNorm}}\right)},L2-Norm L2-Norm Jacov Add Grad_Norm Sqrt Mul Div <EOS>,(L2-Norm / ((L2-Norm + Jacov) * sqrt(Grad_Norm))),0.757100000,0.754300000,192,8,4,2260,run_monash_time_unique1000,8,1,Monash__elecdemand_dataset/seed_2260/run_monash_time_unique1000/visualizations/archive_latex.tex
908,0.134358431,0.757000000,\frac{\sqrt{\mathrm{Jacov}}}{\mathrm{L2Norm} + \mathrm{Fisher} - \mathrm{GradNorm}},Jacov Sqrt L2-Norm Fisher Grad_Norm Sub Add Div <EOS>,(sqrt(Jacov) / (L2-Norm + (Fisher - Grad_Norm))),0.757000000,0.771000000,138,8,4,2139,run_monash_time_unique1000,9,1,Monash__elecdemand_dataset/seed_2139/run_monash_time_unique1000/visualizations/archive_latex.tex
909,0.133404030,0.757000000,\frac{\left(\mathrm{GradNorm}\right) \cdot \left(\left(\mathrm{Jacov}\right)^2\right)}{\sqrt{\mathrm{MParams}}},Grad_Norm Jacov Square Mul MParams Sqrt Div <EOS>,((Grad_Norm * square(Jacov)) / sqrt(MParams)),0.757000000,0.746500000,14,7,4,2264,run_monash_time_unique1000,9,1,Monash__elecdemand_dataset/seed_2264/run_monash_time_unique1000/visualizations/archive_latex.tex
910,0.132449629,0.756700000,\frac{\frac{\left(\log\left(\mathrm{GradNorm}\right)\right) \cdot \left(\mathrm{Jacov}\right)}{\mathrm{L2Norm}}}{-\mathrm{JacobFro}},Grad_Norm Log Jacov Mul L2-Norm Div Jacob_fro Negative Div <EOS>,(((log(Grad_Norm) * Jacov) / L2-Norm) / -(Jacob_fro)),0.756700000,0.769000000,116,9,5,2249,run_monash_time_unique1000,6,1,Monash__elecdemand_dataset/seed_2249/run_monash_time_unique1000/visualizations/archive_latex.tex
911,0.131495228,0.756700000,\frac{\mathrm{JacobFro}}{\left(\frac{\mathrm{Jacov}}{\mathrm{L2Norm}}\right) \cdot \left(\sqrt{\mathrm{GradNorm}}\right)},Jacob_fro Jacov L2-Norm Div Grad_Norm Sqrt Mul Div <EOS>,(Jacob_fro / ((Jacov / L2-Norm) * sqrt(Grad_Norm))),0.756700000,0.764200000,90,8,4,2253,run_monash_time_unique1000,6,1,Monash__elecdemand_dataset/seed_2253/run_monash_time_unique1000/visualizations/archive_latex.tex
912,0.130540827,0.756700000,\frac{-\frac{\left(\sqrt{\mathrm{GradNorm}}\right) \cdot \left(\mathrm{Jacov}\right)}{\mathrm{L2Norm}}}{\mathrm{JacobFro}},Grad_Norm Sqrt Jacov Mul L2-Norm Div Negative Jacob_fro Div <EOS>,(-(((sqrt(Grad_Norm) * Jacov) / L2-Norm)) / Jacob_fro),0.756700000,0.764200000,62,9,6,2249,run_monash_time_unique1000,7,1,Monash__elecdemand_dataset/seed_2249/run_monash_time_unique1000/visualizations/archive_latex.tex
913,0.129586426,0.756700000,\frac{\sqrt{\mathrm{Jacov}} - \frac{\mathrm{Snip}}{\mathrm{GradNorm}}}{\mathrm{JacobFro}},Jacov Sqrt Snip Grad_Norm Div Sub Jacob_fro Div <EOS>,((sqrt(Jacov) - (Snip / Grad_Norm)) / Jacob_fro),0.756700000,0.776700000,164,8,4,2285,run_monash_time_unique1000,8,2,Monash__elecdemand_dataset/seed_2285/run_monash_time_unique1000/visualizations/archive_latex.tex
914,0.128632025,0.756700000,\frac{\frac{\sqrt{\mathrm{Jacov}}}{\log\left(\mathrm{JacobFro} - \mathrm{Fisher}\right)}}{\mathrm{L2Norm}},Jacov Sqrt Jacob_fro Fisher Sub Log Div L2-Norm Div <EOS>,((sqrt(Jacov) / log((Jacob_fro - Fisher))) / L2-Norm),0.756700000,0.776400000,179,9,5,2246,run_monash_time_unique1000,9,1,Monash__elecdemand_dataset/seed_2246/run_monash_time_unique1000/visualizations/archive_latex.tex
915,0.127677625,0.756700000,\frac{\left(\mathrm{L2Norm}\right)^2}{\mathrm{Jacov}} - \mathrm{JacobFro} - \sqrt{\mathrm{GradNorm}},L2-Norm Square Jacov Div Jacob_fro Grad_Norm Sqrt Sub Sub <EOS>,((square(L2-Norm) / Jacov) - (Jacob_fro - sqrt(Grad_Norm))),0.756700000,0.833500000,37,9,4,2260,run_monash_time_unique1000,9,1,Monash__elecdemand_dataset/seed_2260/run_monash_time_unique1000/visualizations/archive_latex.tex
916,0.126723224,0.756700000,\frac{\mathrm{L2Norm}}{\left(\frac{\mathrm{Jacov}}{\mathrm{JacobFro}}\right) \cdot \left(\log\left(\mathrm{GradNorm}\right)\right)},L2-Norm Jacov Jacob_fro Div Grad_Norm Log Mul Div <EOS>,(L2-Norm / ((Jacov / Jacob_fro) * log(Grad_Norm))),0.756700000,0.769000000,17,8,4,2161,run_monash_time_unique1000,10,1,Monash__elecdemand_dataset/seed_2161/run_monash_time_unique1000/visualizations/archive_latex.tex
917,0.125768823,0.756700000,\frac{\mathrm{L2Norm}}{\left(\sqrt{\mathrm{GradNorm}}\right) \cdot \left(\frac{\mathrm{Jacov}}{\mathrm{JacobFro}}\right)},L2-Norm Grad_Norm Sqrt Jacov Jacob_fro Div Mul Div <EOS>,(L2-Norm / (sqrt(Grad_Norm) * (Jacov / Jacob_fro))),0.756700000,0.764200000,39,8,4,2260,run_monash_time_unique1000,10,1,Monash__elecdemand_dataset/seed_2260/run_monash_time_unique1000/visualizations/archive_latex.tex
918,0.124814422,0.756400000,\frac{\log\left(\mathrm{Snip} - \mathrm{Jacov}\right)}{\log\left(\left(\mathrm{JacobFro}\right) \cdot \left(\mathrm{L2Norm}\right)\right)},Snip Jacov Sub Log Jacob_fro L2-Norm Mul Log Div <EOS>,(log((Snip - Jacov)) / log((Jacob_fro * L2-Norm))),0.756400000,0.761800000,65,9,4,2139,run_monash_time_unique1000,10,1,Monash__elecdemand_dataset/seed_2139/run_monash_time_unique1000/visualizations/archive_latex.tex
919,0.123860021,0.756200000,\frac{\sqrt{\frac{\mathrm{Jacov}}{\mathrm{L2Norm}} - \mathrm{Fisher}}}{\mathrm{JacobFro}},Jacov L2-Norm Div Fisher Sub Sqrt Jacob_fro Div <EOS>,(sqrt(((Jacov / L2-Norm) - Fisher)) / Jacob_fro),0.756200000,0.781800000,60,8,5,2137,run_monash_time_unique1000,7,1,Monash__elecdemand_dataset/seed_2137/run_monash_time_unique1000/visualizations/archive_latex.tex
920,0.122905620,0.756200000,\frac{\frac{\mathrm{Snip}}{\mathrm{MParams}} - \mathrm{Jacov}}{\sqrt{\mathrm{JacobFro}}},Snip MParams Div Jacov Sub Jacob_fro Sqrt Div <EOS>,(((Snip / MParams) - Jacov) / sqrt(Jacob_fro)),0.756200000,0.773600000,88,8,4,2137,run_monash_time_unique1000,8,1,Monash__elecdemand_dataset/seed_2137/run_monash_time_unique1000/visualizations/archive_latex.tex
921,0.121951220,0.756200000,\frac{\sqrt{\mathrm{L2Norm}}}{\left(\log\left(\mathrm{GradNorm}\right)\right) \cdot \left(\mathrm{Jacov}\right)},L2-Norm Sqrt Grad_Norm Log Jacov Mul Div <EOS>,(sqrt(L2-Norm) / (log(Grad_Norm) * Jacov)),0.756200000,0.729200000,10,7,4,2249,run_monash_time_unique1000,8,1,Monash__elecdemand_dataset/seed_2249/run_monash_time_unique1000/visualizations/archive_latex.tex
922,0.120996819,0.756000000,\frac{\frac{\mathrm{Jacov}}{\mathrm{Fisher} - \mathrm{JacobFro}}}{\mathrm{L2Norm}},Jacov Fisher Jacob_fro Sub Div L2-Norm Div <EOS>,((Jacov / (Fisher - Jacob_fro)) / L2-Norm),0.756000000,0.774500000,144,7,4,2297,run_monash_time_unique1000,1,1,Monash__elecdemand_dataset/seed_2297/run_monash_time_unique1000/visualizations/archive_latex.tex
923,0.120042418,0.756000000,\frac{\frac{-\mathrm{Jacov}}{\mathrm{L2Norm}}}{\mathrm{JacobFro} - \mathrm{Fisher}},Jacov Negative L2-Norm Div Jacob_fro Fisher Sub Div <EOS>,((-(Jacov) / L2-Norm) / (Jacob_fro - Fisher)),0.756000000,0.774500000,74,8,4,2137,run_monash_time_unique1000,9,1,Monash__elecdemand_dataset/seed_2137/run_monash_time_unique1000/visualizations/archive_latex.tex
924,0.119088017,0.756000000,\left(\mathrm{JacobFro} - \mathrm{Fisher}\right) \cdot \left(\frac{\mathrm{L2Norm}}{\mathrm{Jacov}}\right),Jacob_fro Fisher Sub L2-Norm Jacov Div Mul <EOS>,((Jacob_fro - Fisher) * (L2-Norm / Jacov)),0.756000000,0.774500000,25,7,3,2246,run_monash_time_unique1000,10,1,Monash__elecdemand_dataset/seed_2246/run_monash_time_unique1000/visualizations/archive_latex.tex
925,0.118133616,0.755700000,\frac{\sqrt{\mathrm{Jacov}} + \mathrm{GFLOPs} + \mathrm{plain}}{\mathrm{L2Norm}},Jacov Sqrt GFLOPs plain Add Add L2-Norm Div <EOS>,((sqrt(Jacov) + (GFLOPs + plain)) / L2-Norm),0.755700000,0.744000000,169,8,4,2297,run_monash_time_unique1000,2,1,Monash__elecdemand_dataset/seed_2297/run_monash_time_unique1000/visualizations/archive_latex.tex
926,0.117179215,0.755500000,\frac{\frac{\mathrm{GradNorm}}{\mathrm{ZiCo}} - \mathrm{Jacov}}{\mathrm{L2Norm}},Grad_Norm ZiCo Div Jacov Sub L2-Norm Div <EOS>,(((Grad_Norm / ZiCo) - Jacov) / L2-Norm),0.755500000,0.746500000,167,7,4,2118,run_monash_time_unique1000,5,1,Monash__elecdemand_dataset/seed_2118/run_monash_time_unique1000/visualizations/archive_latex.tex
927,0.116224814,0.755200000,\frac{\mathrm{JacobFro}}{\frac{\mathrm{Jacov}}{\mathrm{L2Norm}} - \sqrt{\mathrm{GradNorm}}},Jacob_fro Jacov L2-Norm Div Grad_Norm Sqrt Sub Div <EOS>,(Jacob_fro / ((Jacov / L2-Norm) - sqrt(Grad_Norm))),0.755200000,0.776600000,62,8,4,2253,run_monash_time_unique1000,7,1,Monash__elecdemand_dataset/seed_2253/run_monash_time_unique1000/visualizations/archive_latex.tex
928,0.115270414,0.754600000,\frac{\frac{\mathrm{Snip} - \mathrm{Jacov}}{\mathrm{JacobFro}}}{\mathrm{L2Norm}},Snip Jacov Sub Jacob_fro Div L2-Norm Div <EOS>,(((Snip - Jacov) / Jacob_fro) / L2-Norm),0.754600000,0.762900000,12,7,4,2297,run_monash_time_unique1000,3,2,Monash__elecdemand_dataset/seed_2297/run_monash_time_unique1000/visualizations/archive_latex.tex
929,0.114316013,0.754600000,\frac{\frac{\mathrm{Snip} - \mathrm{Jacov}}{\mathrm{L2Norm}}}{\mathrm{JacobFro}},Snip Jacov Sub L2-Norm Div Jacob_fro Div <EOS>,(((Snip - Jacov) / L2-Norm) / Jacob_fro),0.754600000,0.762900000,130,7,4,2118,run_monash_time_unique1000,6,3,Monash__elecdemand_dataset/seed_2118/run_monash_time_unique1000/visualizations/archive_latex.tex
930,0.113361612,0.754600000,\left(\mathrm{JacobFro}\right) \cdot \left(\frac{\mathrm{L2Norm}}{\mathrm{Jacov} + -\mathrm{Snip}}\right),Jacob_fro L2-Norm Jacov Snip Negative Add Div Mul <EOS>,(Jacob_fro * (L2-Norm / (Jacov + -(Snip)))),0.754600000,0.762900000,13,8,5,2253,run_monash_time_unique1000,8,1,Monash__elecdemand_dataset/seed_2253/run_monash_time_unique1000/visualizations/archive_latex.tex
931,0.112407211,0.754200000,\frac{\frac{\sqrt{\mathrm{Jacov}} + \mathrm{Fisher}}{\log\left(\mathrm{JacobFro}\right)}}{\mathrm{L2Norm}},Jacov Sqrt Fisher Add Jacob_fro Log Div L2-Norm Div <EOS>,(((sqrt(Jacov) + Fisher) / log(Jacob_fro)) / L2-Norm),0.754200000,0.763500000,29,9,5,2285,run_monash_time_unique1000,10,1,Monash__elecdemand_dataset/seed_2285/run_monash_time_unique1000/visualizations/archive_latex.tex
932,0.111452810,0.753700000,\frac{\left(\log\left(\frac{\mathrm{Jacov}}{\mathrm{L2Norm}}\right)\right)^2}{\mathrm{JacobFro} - \mathrm{plain}},Jacov L2-Norm Div Log Square Jacob_fro plain Sub Div <EOS>,(square(log((Jacov / L2-Norm))) / (Jacob_fro - plain)),0.753700000,0.779700000,121,9,5,2137,run_monash_time_unique1000,10,1,Monash__elecdemand_dataset/seed_2137/run_monash_time_unique1000/visualizations/archive_latex.tex
933,0.110498409,0.753500000,\log\left(\mathrm{GradNorm}\right) - \frac{\mathrm{Jacov}}{\mathrm{L2Norm}},Grad_Norm Log Jacov L2-Norm Div Sub <EOS>,(log(Grad_Norm) - (Jacov / L2-Norm)),0.753500000,0.747200000,16,6,3,2253,run_monash_time_unique1000,9,1,Monash__elecdemand_dataset/seed_2253/run_monash_time_unique1000/visualizations/archive_latex.tex
934,0.109544008,0.753500000,\frac{\mathrm{plain} - \frac{\mathrm{Jacov}}{\mathrm{L2Norm}}}{\mathrm{JacobFro}},plain Jacov L2-Norm Div Sub Jacob_fro Div <EOS>,((plain - (Jacov / L2-Norm)) / Jacob_fro),0.753500000,0.767800000,137,7,4,2249,run_monash_time_unique1000,10,1,Monash__elecdemand_dataset/seed_2249/run_monash_time_unique1000/visualizations/archive_latex.tex
935,0.108589608,0.753200000,\frac{\mathrm{L2Norm}}{\mathrm{Jacov} + \mathrm{JacobFro} - \mathrm{Snip}},L2-Norm Jacov Jacob_fro Snip Sub Add Div <EOS>,(L2-Norm / (Jacov + (Jacob_fro - Snip))),0.753200000,0.726200000,54,7,4,2253,run_monash_time_unique1000,10,1,Monash__elecdemand_dataset/seed_2253/run_monash_time_unique1000/visualizations/archive_latex.tex
936,0.107635207,0.753000000,\frac{\sqrt{\mathrm{Jacov}} + \mathrm{Fisher} - \mathrm{GFLOPs}}{\log\left(\mathrm{JacobFro}\right)},Jacov Sqrt Fisher Add GFLOPs Sub Jacob_fro Log Div <EOS>,(((sqrt(Jacov) + Fisher) - GFLOPs) / log(Jacob_fro)),0.753000000,0.760400000,39,9,5,2118,run_monash_time_unique1000,7,1,Monash__elecdemand_dataset/seed_2118/run_monash_time_unique1000/visualizations/archive_latex.tex
937,0.106680806,0.752700000,\frac{\sqrt{\mathrm{Jacov}} - \mathrm{GFLOPs}}{\mathrm{JacobFro} - \mathrm{Fisher}},Jacov Sqrt GFLOPs Sub Jacob_fro Fisher Sub Div <EOS>,((sqrt(Jacov) - GFLOPs) / (Jacob_fro - Fisher)),0.752700000,0.788800000,9,8,4,2297,run_monash_time_unique1000,4,2,Monash__elecdemand_dataset/seed_2297/run_monash_time_unique1000/visualizations/archive_latex.tex
938,0.105726405,0.752300000,\frac{\left(\mathrm{GFLOPs} - \mathrm{Fisher} + \mathrm{JacobFro}\right)^2}{\mathrm{Jacov}},GFLOPs Fisher Sub Jacob_fro Add Square Jacov Div <EOS>,(square(((GFLOPs - Fisher) + Jacob_fro)) / Jacov),0.752300000,0.780100000,87,8,5,2297,run_monash_time_unique1000,5,1,Monash__elecdemand_dataset/seed_2297/run_monash_time_unique1000/visualizations/archive_latex.tex
939,0.104772004,0.750900000,\frac{\mathrm{Snip} - \mathrm{Jacov}}{\mathrm{L2Norm}},Snip Jacov Sub L2-Norm Div <EOS>,((Snip - Jacov) / L2-Norm),0.750900000,0.727600000,91,5,3,2297,run_monash_time_unique1000,6,2,Monash__elecdemand_dataset/seed_2297/run_monash_time_unique1000/visualizations/archive_latex.tex
940,0.103817603,0.750400000,\frac{\left(-\mathrm{GradNorm} - \mathrm{L2Norm} + \mathrm{L2Norm}\right)^2}{\mathrm{Jacov}},Grad_Norm L2-Norm Sub Negative L2-Norm Add Square Jacov Div <EOS>,(square((-((Grad_Norm - L2-Norm)) + L2-Norm)) / Jacov),0.750400000,0.754000000,75,9,6,2118,run_monash_time_unique1000,10,1,Monash__elecdemand_dataset/seed_2118/run_monash_time_unique1000/visualizations/archive_latex.tex
941,0.102863203,0.749900000,\frac{\mathrm{Snip} - \mathrm{GFLOPs} - \mathrm{Jacov}}{\mathrm{L2Norm}},Snip GFLOPs Sub Jacov Sub L2-Norm Div <EOS>,(((Snip - GFLOPs) - Jacov) / L2-Norm),0.749900000,0.727200000,95,7,4,2297,run_monash_time_unique1000,7,1,Monash__elecdemand_dataset/seed_2297/run_monash_time_unique1000/visualizations/archive_latex.tex
942,0.101908802,0.749400000,\frac{\mathrm{Fisher} + \sqrt{\mathrm{Jacov}} - \mathrm{GFLOPs}}{\sqrt{\mathrm{JacobFro}}},Fisher Jacov Sqrt Add GFLOPs Sub Jacob_fro Sqrt Div <EOS>,(((Fisher + sqrt(Jacov)) - GFLOPs) / sqrt(Jacob_fro)),0.749400000,0.767200000,24,9,5,2297,run_monash_time_unique1000,8,1,Monash__elecdemand_dataset/seed_2297/run_monash_time_unique1000/visualizations/archive_latex.tex
943,0.100954401,0.747800000,\mathrm{Fisher} + \sqrt{\mathrm{Jacov}} - \mathrm{MParams},Fisher Jacov Sqrt Add MParams Sub <EOS>,((Fisher + sqrt(Jacov)) - MParams),0.747800000,0.720600000,83,6,4,2297,run_monash_time_unique1000,9,1,Monash__elecdemand_dataset/seed_2297/run_monash_time_unique1000/visualizations/archive_latex.tex
944,0.100000000,0.747600000,\frac{\mathrm{Fisher} + \sqrt{\mathrm{Jacov}} - \mathrm{GFLOPs}}{\mathrm{JacobFro}},Fisher Jacov Sqrt Add GFLOPs Sub Jacob_fro Div <EOS>,(((Fisher + sqrt(Jacov)) - GFLOPs) / Jacob_fro),0.747600000,0.788000000,21,8,5,2297,run_monash_time_unique1000,10,1,Monash__elecdemand_dataset/seed_2297/run_monash_time_unique1000/visualizations/archive_latex.tex
