rank,weight,validation_fitness,formula,rpn_tokens,infix,score,train_fitness,generation,token_count,depth,source_seed,source_run,source_rank,occurrence_count,source_archive_latex
1,1.000000000,0.557600000,\sqrt{\mathrm{JacobFro} + \frac{\mathrm{L2Norm}}{\log\left(\mathrm{GSynFlow}\right)} - \mathrm{Jacov}},Jacob_fro L2-Norm GSynFlow Log Div Add Jacov Sub Sqrt <EOS>,sqrt(((Jacob_fro + (L2-Norm / log(GSynFlow))) - Jacov)),0.557600000,0.518300000,105,9,6,2030,run_monash_time_unique1000,1,2,TIME__CPHL__15T/seed_2030/run_monash_time_unique1000/visualizations/archive_latex.tex
2,0.999099099,0.557600000,\left(\frac{\mathrm{L2Norm}}{\log\left(\mathrm{GSynFlow}\right)} + \mathrm{JacobFro} - \mathrm{Jacov}\right)^2,L2-Norm GSynFlow Log Div Jacob_fro Add Jacov Sub Square <EOS>,square((((L2-Norm / log(GSynFlow)) + Jacob_fro) - Jacov)),0.557600000,0.518300000,80,9,6,2047,run_monash_time_unique1000,1,2,TIME__CPHL__15T/seed_2047/run_monash_time_unique1000/visualizations/archive_latex.tex
3,0.998198198,0.557600000,\sqrt{\frac{\mathrm{L2Norm}}{\log\left(\mathrm{GSynFlow}\right)} + \mathrm{JacobFro} - \mathrm{Jacov}},L2-Norm GSynFlow Log Div Jacob_fro Add Jacov Sub Sqrt <EOS>,sqrt((((L2-Norm / log(GSynFlow)) + Jacob_fro) - Jacov)),0.557600000,0.518300000,119,9,6,2104,run_monash_time_unique1000,1,1,TIME__CPHL__15T/seed_2104/run_monash_time_unique1000/visualizations/archive_latex.tex
4,0.997297297,0.557600000,\sqrt{\frac{\mathrm{L2Norm}}{\log\left(\mathrm{GSynFlow}\right)} - \mathrm{Jacov} - \mathrm{JacobFro}},L2-Norm GSynFlow Log Div Jacov Jacob_fro Sub Sub Sqrt <EOS>,sqrt(((L2-Norm / log(GSynFlow)) - (Jacov - Jacob_fro))),0.557600000,0.518300000,73,9,5,2112,run_monash_time_unique1000,1,2,TIME__CPHL__15T/seed_2112/run_monash_time_unique1000/visualizations/archive_latex.tex
5,0.996396396,0.557600000,\left(\frac{\mathrm{L2Norm}}{\log\left(\mathrm{GSynFlow}\right)} - \mathrm{Jacov} - \mathrm{JacobFro}\right)^2,L2-Norm GSynFlow Log Div Jacov Jacob_fro Sub Sub Square <EOS>,square(((L2-Norm / log(GSynFlow)) - (Jacov - Jacob_fro))),0.557600000,0.518300000,123,9,5,2120,run_monash_time_unique1000,1,1,TIME__CPHL__15T/seed_2120/run_monash_time_unique1000/visualizations/archive_latex.tex
6,0.995495495,0.557600000,\sqrt{\frac{\mathrm{L2Norm}}{\log\left(\mathrm{GSynFlow}\right)} - \mathrm{Jacov} + \mathrm{JacobFro}},L2-Norm GSynFlow Log Div Jacov Sub Jacob_fro Add Sqrt <EOS>,sqrt((((L2-Norm / log(GSynFlow)) - Jacov) + Jacob_fro)),0.557600000,0.518300000,73,9,6,2130,run_monash_time_unique1000,1,1,TIME__CPHL__15T/seed_2130/run_monash_time_unique1000/visualizations/archive_latex.tex
7,0.994594595,0.557600000,\log\left(\frac{\mathrm{L2Norm}}{\log\left(\mathrm{GSynFlow}\right)} - \mathrm{Jacov} - \mathrm{JacobFro}\right),L2-Norm GSynFlow Log Div Jacov Jacob_fro Sub Sub Log <EOS>,log(((L2-Norm / log(GSynFlow)) - (Jacov - Jacob_fro))),0.557600000,0.518300000,124,9,5,2160,run_monash_time_unique1000,1,2,TIME__CPHL__15T/seed_2160/run_monash_time_unique1000/visualizations/archive_latex.tex
8,0.993693694,0.551100000,\frac{\left(\frac{\mathrm{L2Norm}}{\log\left(\mathrm{GSynFlow}\right)} - \mathrm{Jacov}\right)^2}{\mathrm{L2Norm}},L2-Norm GSynFlow Log Div Jacov Sub Square L2-Norm Div <EOS>,(square(((L2-Norm / log(GSynFlow)) - Jacov)) / L2-Norm),0.551100000,0.550000000,158,9,6,2117,run_monash_time_unique1000,1,3,TIME__CPHL__15T/seed_2117/run_monash_time_unique1000/visualizations/archive_latex.tex
9,0.992792793,0.546300000,\frac{\mathrm{Fisher}}{\log\left(\mathrm{GSynFlow}\right)} - \frac{\mathrm{Jacov}}{\mathrm{L2Norm}},Fisher GSynFlow Log Div Jacov L2-Norm Div Sub <EOS>,((Fisher / log(GSynFlow)) - (Jacov / L2-Norm)),0.546300000,0.512600000,157,8,4,2032,run_monash_time_unique1000,1,3,TIME__CPHL__15T/seed_2032/run_monash_time_unique1000/visualizations/archive_latex.tex
10,0.991891892,0.546300000,\frac{\mathrm{Fisher}}{\log\left(-\mathrm{GSynFlow}\right)} - \frac{\mathrm{Jacov}}{\mathrm{L2Norm}},Fisher GSynFlow Negative Log Div Jacov L2-Norm Div Sub <EOS>,((Fisher / log(-(GSynFlow))) - (Jacov / L2-Norm)),0.546300000,0.512600000,120,9,5,2102,run_monash_time_unique1000,1,1,TIME__CPHL__15T/seed_2102/run_monash_time_unique1000/visualizations/archive_latex.tex
11,0.990990991,0.545000000,\sqrt{\frac{\mathrm{L2Norm}}{\log\left(\left(\mathrm{GSynFlow}\right)^2\right)} - \mathrm{Jacov}},L2-Norm GSynFlow Square Log Div Jacov Sub Sqrt <EOS>,sqrt(((L2-Norm / log(square(GSynFlow))) - Jacov)),0.545000000,0.458500000,110,8,6,2160,run_monash_time_unique1000,2,1,TIME__CPHL__15T/seed_2160/run_monash_time_unique1000/visualizations/archive_latex.tex
12,0.990090090,0.545000000,\left(\frac{\mathrm{L2Norm}}{\log\left(\mathrm{GSynFlow}\right)} - \mathrm{Jacov} + \mathrm{Jacov}\right)^2,L2-Norm GSynFlow Log Div Jacov Jacov Add Sub Square <EOS>,square(((L2-Norm / log(GSynFlow)) - (Jacov + Jacov))),0.545000000,0.458500000,178,9,5,2217,run_monash_time_unique1000,3,1,TIME__CPHL__15T/seed_2217/run_monash_time_unique1000/visualizations/archive_latex.tex
13,0.989189189,0.544000000,\sqrt{\frac{\mathrm{L2Norm} - \mathrm{GFLOPs}}{\log\left(\mathrm{GSynFlow}\right)} - \mathrm{Jacov}},L2-Norm GFLOPs Sub GSynFlow Log Div Jacov Sub Sqrt <EOS>,sqrt((((L2-Norm - GFLOPs) / log(GSynFlow)) - Jacov)),0.544000000,0.521700000,180,9,5,2030,run_monash_time_unique1000,2,2,TIME__CPHL__15T/seed_2030/run_monash_time_unique1000/visualizations/archive_latex.tex
14,0.988288288,0.541500000,\log\left(\frac{\mathrm{L2Norm}}{\log\left(\mathrm{GSynFlow}\right)} - \mathrm{Jacov} - \mathrm{GradNorm}\right),L2-Norm GSynFlow Log Div Jacov Grad_Norm Sub Sub Log <EOS>,log(((L2-Norm / log(GSynFlow)) - (Jacov - Grad_Norm))),0.541500000,0.514000000,72,9,5,2079,run_monash_time_unique1000,1,2,TIME__CPHL__15T/seed_2079/run_monash_time_unique1000/visualizations/archive_latex.tex
15,0.987387387,0.541500000,\left(\frac{\mathrm{L2Norm}}{\log\left(\mathrm{GSynFlow}\right)} - \mathrm{Jacov} - \mathrm{GradNorm}\right)^2,L2-Norm GSynFlow Log Div Jacov Grad_Norm Sub Sub Square <EOS>,square(((L2-Norm / log(GSynFlow)) - (Jacov - Grad_Norm))),0.541500000,0.514000000,134,9,5,2176,run_monash_time_unique1000,1,3,TIME__CPHL__15T/seed_2176/run_monash_time_unique1000/visualizations/archive_latex.tex
16,0.986486486,0.541500000,\log\left(\mathrm{GradNorm} + \frac{\mathrm{L2Norm}}{\log\left(\mathrm{GSynFlow}\right)} - \mathrm{Jacov}\right),Grad_Norm L2-Norm GSynFlow Log Div Jacov Sub Add Log <EOS>,log((Grad_Norm + ((L2-Norm / log(GSynFlow)) - Jacov))),0.541500000,0.514000000,81,9,6,2208,run_monash_time_unique1000,1,1,TIME__CPHL__15T/seed_2208/run_monash_time_unique1000/visualizations/archive_latex.tex
17,0.985585586,0.541500000,\left(\mathrm{GradNorm} + \frac{\mathrm{L2Norm}}{\log\left(\mathrm{GSynFlow}\right)} - \mathrm{Jacov}\right)^2,Grad_Norm L2-Norm GSynFlow Log Div Add Jacov Sub Square <EOS>,square(((Grad_Norm + (L2-Norm / log(GSynFlow))) - Jacov)),0.541500000,0.514000000,56,9,6,2043,run_monash_time_unique1000,2,1,TIME__CPHL__15T/seed_2043/run_monash_time_unique1000/visualizations/archive_latex.tex
18,0.984684685,0.541500000,\sqrt{\frac{\mathrm{L2Norm}}{\log\left(\mathrm{GSynFlow}\right)} - \mathrm{Jacov} - \mathrm{GradNorm}},L2-Norm GSynFlow Log Div Jacov Grad_Norm Sub Sub Sqrt <EOS>,sqrt(((L2-Norm / log(GSynFlow)) - (Jacov - Grad_Norm))),0.541500000,0.514000000,63,9,5,2181,run_monash_time_unique1000,2,1,TIME__CPHL__15T/seed_2181/run_monash_time_unique1000/visualizations/archive_latex.tex
19,0.983783784,0.541500000,\sqrt{\frac{\mathrm{L2Norm}}{\log\left(\mathrm{GSynFlow}\right)} + \mathrm{GradNorm} - \mathrm{Jacov}},L2-Norm GSynFlow Log Div Grad_Norm Add Jacov Sub Sqrt <EOS>,sqrt((((L2-Norm / log(GSynFlow)) + Grad_Norm) - Jacov)),0.541500000,0.514000000,121,9,6,2030,run_monash_time_unique1000,3,1,TIME__CPHL__15T/seed_2030/run_monash_time_unique1000/visualizations/archive_latex.tex
20,0.982882883,0.541500000,\log\left(\frac{\mathrm{L2Norm}}{\log\left(\mathrm{GSynFlow}\right)} + \mathrm{GradNorm} - \mathrm{Jacov}\right),L2-Norm GSynFlow Log Div Grad_Norm Add Jacov Sub Log <EOS>,log((((L2-Norm / log(GSynFlow)) + Grad_Norm) - Jacov)),0.541500000,0.514000000,116,9,6,2104,run_monash_time_unique1000,3,1,TIME__CPHL__15T/seed_2104/run_monash_time_unique1000/visualizations/archive_latex.tex
21,0.981981982,0.541500000,\left(\frac{\mathrm{L2Norm}}{\log\left(\mathrm{GSynFlow}\right)} - \mathrm{Jacov} + \mathrm{GradNorm}\right)^2,L2-Norm GSynFlow Log Div Jacov Sub Grad_Norm Add Square <EOS>,square((((L2-Norm / log(GSynFlow)) - Jacov) + Grad_Norm)),0.541500000,0.514000000,76,9,6,2130,run_monash_time_unique1000,3,1,TIME__CPHL__15T/seed_2130/run_monash_time_unique1000/visualizations/archive_latex.tex
22,0.981081081,0.541500000,\left(\frac{\mathrm{L2Norm}}{\log\left(\mathrm{GSynFlow}\right)} + \mathrm{GradNorm} - \mathrm{Jacov}\right)^2,L2-Norm GSynFlow Log Div Grad_Norm Add Jacov Sub Square <EOS>,square((((L2-Norm / log(GSynFlow)) + Grad_Norm) - Jacov)),0.541500000,0.514000000,149,9,6,2217,run_monash_time_unique1000,4,1,TIME__CPHL__15T/seed_2217/run_monash_time_unique1000/visualizations/archive_latex.tex
23,0.980180180,0.539400000,\frac{\mathrm{L2Norm}}{\log\left(\mathrm{GSynFlow}\right)} - \mathrm{Jacov} - \mathrm{L2Norm},L2-Norm GSynFlow Log Div Jacov Sub L2-Norm Sub <EOS>,(((L2-Norm / log(GSynFlow)) - Jacov) - L2-Norm),0.539400000,0.482400000,100,8,5,2029,run_monash_time_unique1000,1,6,TIME__CPHL__15T/seed_2029/run_monash_time_unique1000/visualizations/archive_latex.tex
24,0.979279279,0.539400000,\frac{\mathrm{L2Norm}}{\log\left(\mathrm{GSynFlow}\right)} - \mathrm{L2Norm} + \mathrm{Jacov},L2-Norm GSynFlow Log Div L2-Norm Jacov Add Sub <EOS>,((L2-Norm / log(GSynFlow)) - (L2-Norm + Jacov)),0.539400000,0.482400000,89,8,4,2034,run_monash_time_unique1000,1,25,TIME__CPHL__15T/seed_2034/run_monash_time_unique1000/visualizations/archive_latex.tex
25,0.978378378,0.539400000,\frac{\mathrm{L2Norm}}{\log\left(\mathrm{GSynFlow}\right)} - \mathrm{L2Norm} - \mathrm{Jacov},L2-Norm GSynFlow Log Div L2-Norm Sub Jacov Sub <EOS>,(((L2-Norm / log(GSynFlow)) - L2-Norm) - Jacov),0.539400000,0.482400000,18,8,5,2035,run_monash_time_unique1000,1,7,TIME__CPHL__15T/seed_2035/run_monash_time_unique1000/visualizations/archive_latex.tex
26,0.977477477,0.539400000,\frac{\mathrm{L2Norm}}{\log\left(\mathrm{GSynFlow}\right)} - \mathrm{Jacov} + \mathrm{L2Norm},L2-Norm GSynFlow Log Div Jacov L2-Norm Add Sub <EOS>,((L2-Norm / log(GSynFlow)) - (Jacov + L2-Norm)),0.539400000,0.482400000,42,8,4,2040,run_monash_time_unique1000,1,28,TIME__CPHL__15T/seed_2040/run_monash_time_unique1000/visualizations/archive_latex.tex
27,0.976576577,0.539000000,\log\left(\frac{\mathrm{L2Norm}}{\log\left(\mathrm{GSynFlow}\right)} - \mathrm{GFLOPs} - \mathrm{Jacov}\right),L2-Norm GSynFlow Log Div GFLOPs Sub Jacov Sub Log <EOS>,log((((L2-Norm / log(GSynFlow)) - GFLOPs) - Jacov)),0.539000000,0.531800000,54,9,6,2069,run_monash_time_unique1000,1,2,TIME__CPHL__15T/seed_2069/run_monash_time_unique1000/visualizations/archive_latex.tex
28,0.975675676,0.539000000,\log\left(\mathrm{Jacov} + \mathrm{GFLOPs} - \frac{\mathrm{L2Norm}}{\log\left(\mathrm{GSynFlow}\right)}\right),Jacov GFLOPs L2-Norm GSynFlow Log Div Sub Add Log <EOS>,log((Jacov + (GFLOPs - (L2-Norm / log(GSynFlow))))),0.539000000,0.531800000,69,9,6,2213,run_monash_time_unique1000,1,1,TIME__CPHL__15T/seed_2213/run_monash_time_unique1000/visualizations/archive_latex.tex
29,0.974774775,0.539000000,\log\left(\frac{\mathrm{L2Norm}}{\log\left(\mathrm{GSynFlow}\right)} - \mathrm{Jacov} + \mathrm{GFLOPs}\right),L2-Norm GSynFlow Log Div Jacov GFLOPs Add Sub Log <EOS>,log(((L2-Norm / log(GSynFlow)) - (Jacov + GFLOPs))),0.539000000,0.531800000,71,9,5,2040,run_monash_time_unique1000,2,3,TIME__CPHL__15T/seed_2040/run_monash_time_unique1000/visualizations/archive_latex.tex
30,0.973873874,0.539000000,\left(\frac{\mathrm{L2Norm}}{\log\left(\mathrm{GSynFlow}\right)} - \mathrm{GFLOPs} - \mathrm{Jacov}\right)^2,L2-Norm GSynFlow Log Div GFLOPs Sub Jacov Sub Square <EOS>,square((((L2-Norm / log(GSynFlow)) - GFLOPs) - Jacov)),0.539000000,0.531800000,47,9,6,2077,run_monash_time_unique1000,2,1,TIME__CPHL__15T/seed_2077/run_monash_time_unique1000/visualizations/archive_latex.tex
31,0.972972973,0.539000000,\log\left(\frac{\mathrm{L2Norm}}{\log\left(\mathrm{GSynFlow}\right)} - \mathrm{Jacov} - \mathrm{GFLOPs}\right),L2-Norm GSynFlow Log Div Jacov Sub GFLOPs Sub Log <EOS>,log((((L2-Norm / log(GSynFlow)) - Jacov) - GFLOPs)),0.539000000,0.531800000,171,9,6,2081,run_monash_time_unique1000,2,1,TIME__CPHL__15T/seed_2081/run_monash_time_unique1000/visualizations/archive_latex.tex
32,0.972072072,0.539000000,\left(\frac{\mathrm{L2Norm}}{\log\left(\mathrm{GSynFlow}\right)} - \mathrm{GFLOPs} + \mathrm{Jacov}\right)^2,L2-Norm GSynFlow Log Div GFLOPs Jacov Add Sub Square <EOS>,square(((L2-Norm / log(GSynFlow)) - (GFLOPs + Jacov))),0.539000000,0.531800000,64,9,5,2047,run_monash_time_unique1000,3,3,TIME__CPHL__15T/seed_2047/run_monash_time_unique1000/visualizations/archive_latex.tex
33,0.971171171,0.539000000,\log\left(\frac{\mathrm{L2Norm}}{\log\left(\mathrm{GSynFlow}\right)} - \mathrm{GFLOPs} + \mathrm{Jacov}\right),L2-Norm GSynFlow Log Div GFLOPs Jacov Add Sub Log <EOS>,log(((L2-Norm / log(GSynFlow)) - (GFLOPs + Jacov))),0.539000000,0.531800000,49,9,5,2208,run_monash_time_unique1000,3,2,TIME__CPHL__15T/seed_2208/run_monash_time_unique1000/visualizations/archive_latex.tex
34,0.970270270,0.539000000,\left(\frac{\mathrm{L2Norm}}{\log\left(\mathrm{GSynFlow}\right)} - \mathrm{Jacov} + \mathrm{GFLOPs}\right)^2,L2-Norm GSynFlow Log Div Jacov GFLOPs Add Sub Square <EOS>,square(((L2-Norm / log(GSynFlow)) - (Jacov + GFLOPs))),0.539000000,0.531800000,93,9,5,2112,run_monash_time_unique1000,4,1,TIME__CPHL__15T/seed_2112/run_monash_time_unique1000/visualizations/archive_latex.tex
35,0.969369369,0.539000000,\sqrt{\frac{\mathrm{L2Norm}}{\log\left(\mathrm{GSynFlow}\right)} - \mathrm{Jacov} + \mathrm{GFLOPs}},L2-Norm GSynFlow Log Div Jacov GFLOPs Add Sub Sqrt <EOS>,sqrt(((L2-Norm / log(GSynFlow)) - (Jacov + GFLOPs))),0.539000000,0.531800000,128,9,5,2120,run_monash_time_unique1000,4,2,TIME__CPHL__15T/seed_2120/run_monash_time_unique1000/visualizations/archive_latex.tex
36,0.968468468,0.539000000,\sqrt{\frac{\mathrm{L2Norm}}{\log\left(\mathrm{GSynFlow}\right)} - \mathrm{GFLOPs} - \mathrm{Jacov}},L2-Norm GSynFlow Log Div GFLOPs Sub Jacov Sub Sqrt <EOS>,sqrt((((L2-Norm / log(GSynFlow)) - GFLOPs) - Jacov)),0.539000000,0.531800000,118,9,6,2104,run_monash_time_unique1000,5,1,TIME__CPHL__15T/seed_2104/run_monash_time_unique1000/visualizations/archive_latex.tex
37,0.967567568,0.539000000,\sqrt{\frac{\mathrm{L2Norm}}{\log\left(\mathrm{GSynFlow}\right)} - \mathrm{Jacov} - \mathrm{GFLOPs}},L2-Norm GSynFlow Log Div Jacov Sub GFLOPs Sub Sqrt <EOS>,sqrt((((L2-Norm / log(GSynFlow)) - Jacov) - GFLOPs)),0.539000000,0.531800000,84,9,6,2130,run_monash_time_unique1000,5,1,TIME__CPHL__15T/seed_2130/run_monash_time_unique1000/visualizations/archive_latex.tex
38,0.966666667,0.538500000,\log\left(\frac{\mathrm{L2Norm}}{\log\left(\mathrm{GSynFlow}\right)} - \mathrm{Jacov}\right) - \mathrm{ZiCo},L2-Norm GSynFlow Log Div Jacov Sub Log ZiCo Sub <EOS>,(log(((L2-Norm / log(GSynFlow)) - Jacov)) - ZiCo),0.538500000,0.528700000,64,9,6,2130,run_monash_time_unique1000,6,1,TIME__CPHL__15T/seed_2130/run_monash_time_unique1000/visualizations/archive_latex.tex
39,0.965765766,0.538300000,\sqrt{\frac{\mathrm{JacobFro}}{\log\left(\mathrm{GSynFlow}\right)} - \mathrm{L2Norm} - \mathrm{Jacov}},Jacob_fro GSynFlow Log Div L2-Norm Sub Jacov Sub Sqrt <EOS>,sqrt((((Jacob_fro / log(GSynFlow)) - L2-Norm) - Jacov)),0.538300000,0.506500000,78,9,6,2062,run_monash_time_unique1000,1,3,TIME__CPHL__15T/seed_2062/run_monash_time_unique1000/visualizations/archive_latex.tex
40,0.964864865,0.538300000,\sqrt{\frac{\mathrm{JacobFro}}{\log\left(\mathrm{GSynFlow}\right)} - \mathrm{Jacov} - \mathrm{L2Norm}},Jacob_fro GSynFlow Log Div Jacov Sub L2-Norm Sub Sqrt <EOS>,sqrt((((Jacob_fro / log(GSynFlow)) - Jacov) - L2-Norm)),0.538300000,0.506500000,100,9,6,2172,run_monash_time_unique1000,1,1,TIME__CPHL__15T/seed_2172/run_monash_time_unique1000/visualizations/archive_latex.tex
41,0.963963964,0.538300000,\left(\frac{\mathrm{JacobFro}}{\log\left(\mathrm{GSynFlow}\right)} - \mathrm{Jacov} + \mathrm{L2Norm}\right)^2,Jacob_fro GSynFlow Log Div Jacov L2-Norm Add Sub Square <EOS>,square(((Jacob_fro / log(GSynFlow)) - (Jacov + L2-Norm))),0.538300000,0.506500000,84,9,5,2174,run_monash_time_unique1000,1,5,TIME__CPHL__15T/seed_2174/run_monash_time_unique1000/visualizations/archive_latex.tex
42,0.963063063,0.538300000,\left(\frac{\mathrm{JacobFro}}{\log\left(\mathrm{GSynFlow}\right)} - \mathrm{L2Norm} + \mathrm{Jacov}\right)^2,Jacob_fro GSynFlow Log Div L2-Norm Jacov Add Sub Square <EOS>,square(((Jacob_fro / log(GSynFlow)) - (L2-Norm + Jacov))),0.538300000,0.506500000,164,9,5,2183,run_monash_time_unique1000,1,4,TIME__CPHL__15T/seed_2183/run_monash_time_unique1000/visualizations/archive_latex.tex
43,0.962162162,0.538300000,\left(\frac{\mathrm{JacobFro}}{\log\left(\mathrm{GSynFlow}\right)} - \mathrm{Jacov} - \mathrm{L2Norm}\right)^2,Jacob_fro GSynFlow Log Div Jacov Sub L2-Norm Sub Square <EOS>,square((((Jacob_fro / log(GSynFlow)) - Jacov) - L2-Norm)),0.538300000,0.506500000,182,9,6,2215,run_monash_time_unique1000,1,4,TIME__CPHL__15T/seed_2215/run_monash_time_unique1000/visualizations/archive_latex.tex
44,0.961261261,0.538300000,\sqrt{\frac{\mathrm{JacobFro}}{\log\left(\mathrm{GSynFlow}\right)} - \mathrm{L2Norm} + \mathrm{Jacov}},Jacob_fro GSynFlow Log Div L2-Norm Jacov Add Sub Sqrt <EOS>,sqrt(((Jacob_fro / log(GSynFlow)) - (L2-Norm + Jacov))),0.538300000,0.506500000,70,9,5,2191,run_monash_time_unique1000,2,2,TIME__CPHL__15T/seed_2191/run_monash_time_unique1000/visualizations/archive_latex.tex
45,0.960360360,0.538300000,\log\left(\mathrm{Jacov} + \mathrm{L2Norm} - \frac{\mathrm{JacobFro}}{\log\left(\mathrm{GSynFlow}\right)}\right),Jacov L2-Norm Jacob_fro GSynFlow Log Div Sub Add Log <EOS>,log((Jacov + (L2-Norm - (Jacob_fro / log(GSynFlow))))),0.538300000,0.506500000,67,9,6,2213,run_monash_time_unique1000,2,1,TIME__CPHL__15T/seed_2213/run_monash_time_unique1000/visualizations/archive_latex.tex
46,0.959459459,0.538300000,\log\left(\frac{\mathrm{JacobFro}}{\log\left(\mathrm{GSynFlow}\right)} - \mathrm{Jacov} + \mathrm{L2Norm}\right),Jacob_fro GSynFlow Log Div Jacov L2-Norm Add Sub Log <EOS>,log(((Jacob_fro / log(GSynFlow)) - (Jacov + L2-Norm))),0.538300000,0.506500000,51,9,5,2040,run_monash_time_unique1000,3,4,TIME__CPHL__15T/seed_2040/run_monash_time_unique1000/visualizations/archive_latex.tex
47,0.958558559,0.538300000,\sqrt{\frac{\mathrm{JacobFro}}{\log\left(\mathrm{GSynFlow}\right)} - \mathrm{Jacov} + \mathrm{L2Norm}},Jacob_fro GSynFlow Log Div Jacov L2-Norm Add Sub Sqrt <EOS>,sqrt(((Jacob_fro / log(GSynFlow)) - (Jacov + L2-Norm))),0.538300000,0.506500000,75,9,5,2161,run_monash_time_unique1000,3,5,TIME__CPHL__15T/seed_2161/run_monash_time_unique1000/visualizations/archive_latex.tex
48,0.957657658,0.538300000,\left(\frac{\mathrm{JacobFro}}{\log\left(\mathrm{GSynFlow}\right)} - \mathrm{L2Norm} - \mathrm{Jacov}\right)^2,Jacob_fro GSynFlow Log Div L2-Norm Sub Jacov Sub Square <EOS>,square((((Jacob_fro / log(GSynFlow)) - L2-Norm) - Jacov)),0.538300000,0.506500000,41,9,6,2043,run_monash_time_unique1000,4,2,TIME__CPHL__15T/seed_2043/run_monash_time_unique1000/visualizations/archive_latex.tex
49,0.956756757,0.538300000,\log\left(\frac{\mathrm{JacobFro}}{\log\left(\mathrm{GSynFlow}\right)} - \mathrm{L2Norm} + \mathrm{Jacov}\right),Jacob_fro GSynFlow Log Div L2-Norm Jacov Add Sub Log <EOS>,log(((Jacob_fro / log(GSynFlow)) - (L2-Norm + Jacov))),0.538300000,0.506500000,20,9,5,2047,run_monash_time_unique1000,4,1,TIME__CPHL__15T/seed_2047/run_monash_time_unique1000/visualizations/archive_latex.tex
50,0.955855856,0.538300000,\log\left(\frac{\mathrm{JacobFro}}{\log\left(\mathrm{GSynFlow}\right)} - \mathrm{L2Norm} - \mathrm{Jacov}\right),Jacob_fro GSynFlow Log Div L2-Norm Sub Jacov Sub Log <EOS>,log((((Jacob_fro / log(GSynFlow)) - L2-Norm) - Jacov)),0.538300000,0.506500000,91,9,6,2030,run_monash_time_unique1000,6,1,TIME__CPHL__15T/seed_2030/run_monash_time_unique1000/visualizations/archive_latex.tex
51,0.954954955,0.538300000,\left(\left(\frac{\mathrm{L2Norm}}{\log\left(\mathrm{GSynFlow}\right)} - \mathrm{Jacov}\right)^2\right) \cdot \left(\mathrm{ZiCo}\right),L2-Norm GSynFlow Log Div Jacov Sub Square ZiCo Mul <EOS>,(square(((L2-Norm / log(GSynFlow)) - Jacov)) * ZiCo),0.538300000,0.527200000,156,9,6,2217,run_monash_time_unique1000,6,1,TIME__CPHL__15T/seed_2217/run_monash_time_unique1000/visualizations/archive_latex.tex
52,0.954054054,0.538300000,\sqrt{\frac{\mathrm{L2Norm}}{\log\left(\mathrm{GSynFlow}\right)} - \mathrm{Jacov}} - \mathrm{ZiCo},L2-Norm GSynFlow Log Div Jacov Sub Sqrt ZiCo Sub <EOS>,(sqrt(((L2-Norm / log(GSynFlow)) - Jacov)) - ZiCo),0.538300000,0.529200000,85,9,6,2130,run_monash_time_unique1000,7,1,TIME__CPHL__15T/seed_2130/run_monash_time_unique1000/visualizations/archive_latex.tex
53,0.953153153,0.538000000,\left(\frac{\mathrm{L2Norm}}{\log\left(\mathrm{GSynFlow}\right)} - \mathrm{Jacov} - \mathrm{MParams}\right)^2,L2-Norm GSynFlow Log Div Jacov MParams Sub Sub Square <EOS>,square(((L2-Norm / log(GSynFlow)) - (Jacov - MParams))),0.538000000,0.523200000,109,9,5,2176,run_monash_time_unique1000,4,1,TIME__CPHL__15T/seed_2176/run_monash_time_unique1000/visualizations/archive_latex.tex
54,0.952252252,0.538000000,\left(\mathrm{MParams} + \frac{\mathrm{L2Norm}}{\log\left(\mathrm{GSynFlow}\right)} - \mathrm{Jacov}\right)^2,MParams L2-Norm GSynFlow Log Div Add Jacov Sub Square <EOS>,square(((MParams + (L2-Norm / log(GSynFlow))) - Jacov)),0.538000000,0.523200000,47,9,6,2043,run_monash_time_unique1000,5,1,TIME__CPHL__15T/seed_2043/run_monash_time_unique1000/visualizations/archive_latex.tex
55,0.951351351,0.538000000,\log\left(\frac{\mathrm{L2Norm}}{\log\left(\mathrm{GSynFlow}\right)} - \mathrm{Jacov} - \mathrm{MParams}\right),L2-Norm GSynFlow Log Div Jacov MParams Sub Sub Log <EOS>,log(((L2-Norm / log(GSynFlow)) - (Jacov - MParams))),0.538000000,0.523200000,135,9,5,2160,run_monash_time_unique1000,6,1,TIME__CPHL__15T/seed_2160/run_monash_time_unique1000/visualizations/archive_latex.tex
56,0.950450450,0.538000000,\sqrt{\frac{\mathrm{L2Norm}}{\log\left(\mathrm{GSynFlow}\right)} - \mathrm{Jacov} - \mathrm{MParams}},L2-Norm GSynFlow Log Div Jacov MParams Sub Sub Sqrt <EOS>,sqrt(((L2-Norm / log(GSynFlow)) - (Jacov - MParams))),0.538000000,0.523200000,106,9,5,2181,run_monash_time_unique1000,6,1,TIME__CPHL__15T/seed_2181/run_monash_time_unique1000/visualizations/archive_latex.tex
57,0.949549550,0.538000000,\left(\frac{\mathrm{L2Norm}}{\log\left(\mathrm{GSynFlow}\right)} - \mathrm{Jacov} + \mathrm{MParams}\right)^2,L2-Norm GSynFlow Log Div Jacov Sub MParams Add Square <EOS>,square((((L2-Norm / log(GSynFlow)) - Jacov) + MParams)),0.538000000,0.523200000,87,9,6,2184,run_monash_time_unique1000,6,1,TIME__CPHL__15T/seed_2184/run_monash_time_unique1000/visualizations/archive_latex.tex
58,0.948648649,0.538000000,\sqrt{\mathrm{MParams} + \frac{\mathrm{L2Norm}}{\log\left(\mathrm{GSynFlow}\right)} - \mathrm{Jacov}},MParams L2-Norm GSynFlow Log Div Add Jacov Sub Sqrt <EOS>,sqrt(((MParams + (L2-Norm / log(GSynFlow))) - Jacov)),0.538000000,0.523200000,141,9,6,2030,run_monash_time_unique1000,7,1,TIME__CPHL__15T/seed_2030/run_monash_time_unique1000/visualizations/archive_latex.tex
59,0.947747748,0.538000000,\sqrt{\frac{\mathrm{L2Norm}}{\log\left(\mathrm{GSynFlow}\right)} + \mathrm{MParams} - \mathrm{Jacov}},L2-Norm GSynFlow Log Div MParams Add Jacov Sub Sqrt <EOS>,sqrt((((L2-Norm / log(GSynFlow)) + MParams) - Jacov)),0.538000000,0.523200000,136,9,6,2104,run_monash_time_unique1000,7,1,TIME__CPHL__15T/seed_2104/run_monash_time_unique1000/visualizations/archive_latex.tex
60,0.946846847,0.538000000,\sqrt{\frac{\mathrm{L2Norm} - \mathrm{plain}}{\log\left(\mathrm{GSynFlow}\right)} - \mathrm{Jacov}},L2-Norm plain Sub GSynFlow Log Div Jacov Sub Sqrt <EOS>,sqrt((((L2-Norm - plain) / log(GSynFlow)) - Jacov)),0.538000000,0.522800000,184,9,5,2030,run_monash_time_unique1000,8,1,TIME__CPHL__15T/seed_2030/run_monash_time_unique1000/visualizations/archive_latex.tex
61,0.945945946,0.538000000,\left(\frac{\mathrm{L2Norm}}{\log\left(\mathrm{GSynFlow}\right)} + \mathrm{MParams} - \mathrm{Jacov}\right)^2,L2-Norm GSynFlow Log Div MParams Add Jacov Sub Square <EOS>,square((((L2-Norm / log(GSynFlow)) + MParams) - Jacov)),0.538000000,0.523200000,116,9,6,2217,run_monash_time_unique1000,8,1,TIME__CPHL__15T/seed_2217/run_monash_time_unique1000/visualizations/archive_latex.tex
62,0.945045045,0.537800000,\log\left(\frac{\mathrm{L2Norm}}{\log\left(\mathrm{GSynFlow}\right)} - \mathrm{Jacov} - \mathrm{Fisher}\right),L2-Norm GSynFlow Log Div Jacov Fisher Sub Sub Log <EOS>,log(((L2-Norm / log(GSynFlow)) - (Jacov - Fisher))),0.537800000,0.527700000,67,9,5,2079,run_monash_time_unique1000,4,3,TIME__CPHL__15T/seed_2079/run_monash_time_unique1000/visualizations/archive_latex.tex
63,0.944144144,0.537800000,\left(\mathrm{Fisher} + \frac{\mathrm{L2Norm}}{\log\left(\mathrm{GSynFlow}\right)} - \mathrm{Jacov}\right)^2,Fisher L2-Norm GSynFlow Log Div Add Jacov Sub Square <EOS>,square(((Fisher + (L2-Norm / log(GSynFlow))) - Jacov)),0.537800000,0.527700000,44,9,6,2043,run_monash_time_unique1000,6,1,TIME__CPHL__15T/seed_2043/run_monash_time_unique1000/visualizations/archive_latex.tex
64,0.943243243,0.537800000,\sqrt{\mathrm{Fisher} + \frac{\mathrm{L2Norm}}{\log\left(\mathrm{GSynFlow}\right)} - \mathrm{Jacov}},Fisher L2-Norm GSynFlow Log Div Jacov Sub Add Sqrt <EOS>,sqrt((Fisher + ((L2-Norm / log(GSynFlow)) - Jacov))),0.537800000,0.527700000,90,9,6,2112,run_monash_time_unique1000,6,1,TIME__CPHL__15T/seed_2112/run_monash_time_unique1000/visualizations/archive_latex.tex
65,0.942342342,0.537800000,\sqrt{\frac{\mathrm{L2Norm}}{\log\left(\mathrm{GSynFlow}\right)} - \mathrm{Jacov} - \mathrm{Fisher}},L2-Norm GSynFlow Log Div Jacov Fisher Sub Sub Sqrt <EOS>,sqrt(((L2-Norm / log(GSynFlow)) - (Jacov - Fisher))),0.537800000,0.527700000,76,9,5,2181,run_monash_time_unique1000,7,1,TIME__CPHL__15T/seed_2181/run_monash_time_unique1000/visualizations/archive_latex.tex
66,0.941441441,0.537800000,\sqrt{\frac{\mathrm{L2Norm}}{\log\left(\mathrm{GSynFlow}\right)} + \mathrm{Fisher} - \mathrm{Jacov}},L2-Norm GSynFlow Log Div Fisher Add Jacov Sub Sqrt <EOS>,sqrt((((L2-Norm / log(GSynFlow)) + Fisher) - Jacov)),0.537800000,0.527700000,133,9,6,2104,run_monash_time_unique1000,8,2,TIME__CPHL__15T/seed_2104/run_monash_time_unique1000/visualizations/archive_latex.tex
67,0.940540541,0.537800000,\log\left(\frac{\mathrm{L2Norm}}{\log\left(\mathrm{GSynFlow}\right)} - \mathrm{Jacov} + \mathrm{Fisher}\right),L2-Norm GSynFlow Log Div Jacov Sub Fisher Add Log <EOS>,log((((L2-Norm / log(GSynFlow)) - Jacov) + Fisher)),0.537800000,0.527700000,83,9,6,2130,run_monash_time_unique1000,9,1,TIME__CPHL__15T/seed_2130/run_monash_time_unique1000/visualizations/archive_latex.tex
68,0.939639640,0.537800000,\left(\frac{\mathrm{L2Norm}}{\log\left(\mathrm{GSynFlow}\right)} + \mathrm{Fisher} - \mathrm{Jacov}\right)^2,L2-Norm GSynFlow Log Div Fisher Add Jacov Sub Square <EOS>,square((((L2-Norm / log(GSynFlow)) + Fisher) - Jacov)),0.537800000,0.527700000,137,9,6,2217,run_monash_time_unique1000,9,1,TIME__CPHL__15T/seed_2217/run_monash_time_unique1000/visualizations/archive_latex.tex
69,0.938738739,0.537700000,\log\left(\frac{\mathrm{L2Norm}}{\log\left(\mathrm{GSynFlow}\right)} - \mathrm{Jacov} - \mathrm{GFLOPs}\right),L2-Norm GSynFlow Log Div Jacov GFLOPs Sub Sub Log <EOS>,log(((L2-Norm / log(GSynFlow)) - (Jacov - GFLOPs))),0.537700000,0.517400000,65,9,5,2079,run_monash_time_unique1000,5,1,TIME__CPHL__15T/seed_2079/run_monash_time_unique1000/visualizations/archive_latex.tex
70,0.937837838,0.537600000,\sqrt{\frac{\mathrm{L2Norm}}{\log\left(\mathrm{GSynFlow}\right)} + \mathrm{plain} - \mathrm{Jacov}},L2-Norm GSynFlow Log Div plain Add Jacov Sub Sqrt <EOS>,sqrt((((L2-Norm / log(GSynFlow)) + plain) - Jacov)),0.537600000,0.528200000,89,9,6,2078,run_monash_time_unique1000,3,2,TIME__CPHL__15T/seed_2078/run_monash_time_unique1000/visualizations/archive_latex.tex
71,0.936936937,0.537600000,\log\left(\mathrm{plain} + \frac{\mathrm{L2Norm}}{\log\left(\mathrm{GSynFlow}\right)} - \mathrm{Jacov}\right),plain L2-Norm GSynFlow Log Div Jacov Sub Add Log <EOS>,log((plain + ((L2-Norm / log(GSynFlow)) - Jacov))),0.537600000,0.528200000,72,9,6,2208,run_monash_time_unique1000,5,1,TIME__CPHL__15T/seed_2208/run_monash_time_unique1000/visualizations/archive_latex.tex
72,0.936036036,0.537600000,\log\left(\frac{\mathrm{L2Norm}}{\log\left(\mathrm{GSynFlow}\right)} - \mathrm{Jacov} - \mathrm{plain}\right),L2-Norm GSynFlow Log Div Jacov plain Sub Sub Log <EOS>,log(((L2-Norm / log(GSynFlow)) - (Jacov - plain))),0.537600000,0.528200000,75,9,5,2079,run_monash_time_unique1000,6,2,TIME__CPHL__15T/seed_2079/run_monash_time_unique1000/visualizations/archive_latex.tex
73,0.935135135,0.537600000,\left(\frac{\mathrm{L2Norm}}{\log\left(\mathrm{GSynFlow}\right)} - \mathrm{Jacov} - \mathrm{plain}\right)^2,L2-Norm GSynFlow Log Div Jacov plain Sub Sub Square <EOS>,square(((L2-Norm / log(GSynFlow)) - (Jacov - plain))),0.537600000,0.528200000,122,9,5,2120,run_monash_time_unique1000,6,2,TIME__CPHL__15T/seed_2120/run_monash_time_unique1000/visualizations/archive_latex.tex
74,0.934234234,0.537600000,\left(\mathrm{plain} + \frac{\mathrm{L2Norm}}{\log\left(\mathrm{GSynFlow}\right)} - \mathrm{Jacov}\right)^2,plain L2-Norm GSynFlow Log Div Add Jacov Sub Square <EOS>,square(((plain + (L2-Norm / log(GSynFlow))) - Jacov)),0.537600000,0.528200000,45,9,6,2043,run_monash_time_unique1000,7,1,TIME__CPHL__15T/seed_2043/run_monash_time_unique1000/visualizations/archive_latex.tex
75,0.933333333,0.537600000,\sqrt{\frac{\mathrm{L2Norm}}{\log\left(\mathrm{GSynFlow}\right)} - \mathrm{Jacov} - \mathrm{plain}},L2-Norm GSynFlow Log Div Jacov plain Sub Sub Sqrt <EOS>,sqrt(((L2-Norm / log(GSynFlow)) - (Jacov - plain))),0.537600000,0.528200000,96,9,5,2181,run_monash_time_unique1000,8,1,TIME__CPHL__15T/seed_2181/run_monash_time_unique1000/visualizations/archive_latex.tex
76,0.932432432,0.537600000,\sqrt{\frac{\mathrm{L2Norm}}{\log\left(\mathrm{GSynFlow}\right)} - \mathrm{Jacov} + \mathrm{plain}},L2-Norm GSynFlow Log Div Jacov Sub plain Add Sqrt <EOS>,sqrt((((L2-Norm / log(GSynFlow)) - Jacov) + plain)),0.537600000,0.528200000,64,9,6,2130,run_monash_time_unique1000,10,1,TIME__CPHL__15T/seed_2130/run_monash_time_unique1000/visualizations/archive_latex.tex
77,0.931531532,0.537600000,\left(\frac{\mathrm{L2Norm}}{\log\left(\mathrm{GSynFlow}\right)} + \mathrm{plain} - \mathrm{Jacov}\right)^2,L2-Norm GSynFlow Log Div plain Add Jacov Sub Square <EOS>,square((((L2-Norm / log(GSynFlow)) + plain) - Jacov)),0.537600000,0.528200000,129,9,6,2217,run_monash_time_unique1000,10,1,TIME__CPHL__15T/seed_2217/run_monash_time_unique1000/visualizations/archive_latex.tex
78,0.930630631,0.537400000,\sqrt{\frac{\mathrm{L2Norm} - \mathrm{Fisher}}{\log\left(\mathrm{GSynFlow}\right)} - \mathrm{Jacov}},L2-Norm Fisher Sub GSynFlow Log Div Jacov Sub Sqrt <EOS>,sqrt((((L2-Norm - Fisher) / log(GSynFlow)) - Jacov)),0.537400000,0.523300000,176,9,5,2104,run_monash_time_unique1000,9,1,TIME__CPHL__15T/seed_2104/run_monash_time_unique1000/visualizations/archive_latex.tex
79,0.929729730,0.536600000,\sqrt{\frac{\mathrm{L2Norm}}{\log\left(\mathrm{GSynFlow}\right)} - \mathrm{Jacov}},L2-Norm GSynFlow Log Div Jacov Sub Sqrt <EOS>,sqrt(((L2-Norm / log(GSynFlow)) - Jacov)),0.536600000,0.524400000,73,7,5,2062,run_monash_time_unique1000,2,8,TIME__CPHL__15T/seed_2062/run_monash_time_unique1000/visualizations/archive_latex.tex
80,0.928828829,0.536600000,\left(\frac{\mathrm{L2Norm}}{\log\left(\mathrm{GSynFlow}\right)} - \mathrm{Jacov}\right)^2,L2-Norm GSynFlow Log Div Jacov Sub Square <EOS>,square(((L2-Norm / log(GSynFlow)) - Jacov)),0.536600000,0.524400000,160,7,5,2117,run_monash_time_unique1000,2,7,TIME__CPHL__15T/seed_2117/run_monash_time_unique1000/visualizations/archive_latex.tex
81,0.927927928,0.536600000,\log\left(\mathrm{Jacov} + \mathrm{ZiCo} - \frac{\mathrm{L2Norm}}{\log\left(\mathrm{GSynFlow}\right)}\right),Jacov ZiCo L2-Norm GSynFlow Log Div Sub Add Log <EOS>,log((Jacov + (ZiCo - (L2-Norm / log(GSynFlow))))),0.536600000,0.524200000,75,9,6,2213,run_monash_time_unique1000,3,1,TIME__CPHL__15T/seed_2213/run_monash_time_unique1000/visualizations/archive_latex.tex
82,0.927027027,0.536600000,\log\left(\frac{\mathrm{L2Norm}}{\log\left(\mathrm{GSynFlow}\right)} - \mathrm{Jacov}\right),L2-Norm GSynFlow Log Div Jacov Sub Log <EOS>,log(((L2-Norm / log(GSynFlow)) - Jacov)),0.536600000,0.524400000,71,7,5,2040,run_monash_time_unique1000,4,5,TIME__CPHL__15T/seed_2040/run_monash_time_unique1000/visualizations/archive_latex.tex
83,0.926126126,0.536600000,\sqrt{\frac{\mathrm{L2Norm}}{\log\left(\mathrm{GSynFlow}\right)} - \mathrm{ZiCo} + \mathrm{Jacov}},L2-Norm GSynFlow Log Div ZiCo Jacov Add Sub Sqrt <EOS>,sqrt(((L2-Norm / log(GSynFlow)) - (ZiCo + Jacov))),0.536600000,0.524200000,64,9,5,2191,run_monash_time_unique1000,4,2,TIME__CPHL__15T/seed_2191/run_monash_time_unique1000/visualizations/archive_latex.tex
84,0.925225225,0.536600000,\log\left(\frac{\mathrm{L2Norm}}{\log\left(\mathrm{GSynFlow}\right)} - \mathrm{Jacov} + \mathrm{ZiCo}\right),L2-Norm GSynFlow Log Div Jacov ZiCo Add Sub Log <EOS>,log(((L2-Norm / log(GSynFlow)) - (Jacov + ZiCo))),0.536600000,0.524200000,74,9,5,2040,run_monash_time_unique1000,5,3,TIME__CPHL__15T/seed_2040/run_monash_time_unique1000/visualizations/archive_latex.tex
85,0.924324324,0.536600000,\sqrt{\frac{\mathrm{L2Norm}}{\log\left(\mathrm{GSynFlow}\right)} - \mathrm{ZiCo} - \mathrm{Jacov}},L2-Norm GSynFlow Log Div ZiCo Sub Jacov Sub Sqrt <EOS>,sqrt((((L2-Norm / log(GSynFlow)) - ZiCo) - Jacov)),0.536600000,0.524200000,85,9,6,2078,run_monash_time_unique1000,5,1,TIME__CPHL__15T/seed_2078/run_monash_time_unique1000/visualizations/archive_latex.tex
86,0.923423423,0.536600000,\log\left(\frac{\mathrm{L2Norm}}{\log\left(\mathrm{GSynFlow}\right)} - \mathrm{ZiCo} + \mathrm{Jacov}\right),L2-Norm GSynFlow Log Div ZiCo Jacov Add Sub Log <EOS>,log(((L2-Norm / log(GSynFlow)) - (ZiCo + Jacov))),0.536600000,0.524200000,40,9,5,2047,run_monash_time_unique1000,6,1,TIME__CPHL__15T/seed_2047/run_monash_time_unique1000/visualizations/archive_latex.tex
87,0.922522523,0.536600000,\left(\frac{\mathrm{L2Norm}}{\log\left(\mathrm{GSynFlow}\right)} - \mathrm{Jacov} + \mathrm{ZiCo}\right)^2,L2-Norm GSynFlow Log Div Jacov ZiCo Add Sub Square <EOS>,square(((L2-Norm / log(GSynFlow)) - (Jacov + ZiCo))),0.536600000,0.524200000,127,9,5,2176,run_monash_time_unique1000,6,1,TIME__CPHL__15T/seed_2176/run_monash_time_unique1000/visualizations/archive_latex.tex
88,0.921621622,0.536600000,\log\left(\frac{\mathrm{L2Norm}}{\log\left(\mathrm{GSynFlow}\right)} + \mathrm{ZiCo} - \mathrm{Jacov}\right),L2-Norm GSynFlow Log Div ZiCo Add Jacov Sub Log <EOS>,log((((L2-Norm / log(GSynFlow)) + ZiCo) - Jacov)),0.536600000,0.524700000,68,9,6,2043,run_monash_time_unique1000,8,2,TIME__CPHL__15T/seed_2043/run_monash_time_unique1000/visualizations/archive_latex.tex
89,0.920720721,0.536600000,\log\left(\frac{\mathrm{L2Norm}}{\log\left(\mathrm{GSynFlow}\right)} - \mathrm{Jacov} - \mathrm{ZiCo}\right),L2-Norm GSynFlow Log Div Jacov ZiCo Sub Sub Log <EOS>,log(((L2-Norm / log(GSynFlow)) - (Jacov - ZiCo))),0.536600000,0.524700000,128,9,5,2160,run_monash_time_unique1000,9,1,TIME__CPHL__15T/seed_2160/run_monash_time_unique1000/visualizations/archive_latex.tex
90,0.919819820,0.536600000,\sqrt{\frac{\mathrm{L2Norm}}{\log\left(\mathrm{GSynFlow}\right)} - \mathrm{Jacov} - \mathrm{ZiCo}},L2-Norm GSynFlow Log Div Jacov ZiCo Sub Sub Sqrt <EOS>,sqrt(((L2-Norm / log(GSynFlow)) - (Jacov - ZiCo))),0.536600000,0.524700000,77,9,5,2181,run_monash_time_unique1000,9,1,TIME__CPHL__15T/seed_2181/run_monash_time_unique1000/visualizations/archive_latex.tex
91,0.918918919,0.536600000,\log\left(\frac{\mathrm{L2Norm}}{\log\left(\mathrm{GSynFlow}\right)} - \mathrm{ZiCo} - \mathrm{Jacov}\right),L2-Norm GSynFlow Log Div ZiCo Sub Jacov Sub Log <EOS>,log((((L2-Norm / log(GSynFlow)) - ZiCo) - Jacov)),0.536600000,0.524200000,53,9,6,2043,run_monash_time_unique1000,10,1,TIME__CPHL__15T/seed_2043/run_monash_time_unique1000/visualizations/archive_latex.tex
92,0.918018018,0.536300000,\left(\frac{\mathrm{ZiCo} + \mathrm{L2Norm}}{\log\left(\mathrm{GSynFlow}\right)} - \mathrm{Jacov}\right)^2,ZiCo L2-Norm Add GSynFlow Log Div Jacov Sub Square <EOS>,square((((ZiCo + L2-Norm) / log(GSynFlow)) - Jacov)),0.536300000,0.524700000,55,9,5,2077,run_monash_time_unique1000,5,1,TIME__CPHL__15T/seed_2077/run_monash_time_unique1000/visualizations/archive_latex.tex
93,0.917117117,0.535600000,\frac{\mathrm{L2Norm} - \frac{\mathrm{GradNorm}}{\log\left(\mathrm{GSynFlow}\right)}}{\mathrm{Jacov}},L2-Norm Grad_Norm GSynFlow Log Div Sub Jacov Div <EOS>,((L2-Norm - (Grad_Norm / log(GSynFlow))) / Jacov),0.535600000,0.508300000,136,8,5,2048,run_monash_time_unique1000,1,3,TIME__CPHL__15T/seed_2048/run_monash_time_unique1000/visualizations/archive_latex.tex
94,0.916216216,0.535600000,\frac{\mathrm{Jacov}}{\frac{\mathrm{GradNorm}}{\log\left(\mathrm{GSynFlow}\right)} - \mathrm{L2Norm}},Jacov Grad_Norm GSynFlow Log Div L2-Norm Sub Div <EOS>,(Jacov / ((Grad_Norm / log(GSynFlow)) - L2-Norm)),0.535600000,0.508300000,28,8,5,2069,run_monash_time_unique1000,2,1,TIME__CPHL__15T/seed_2069/run_monash_time_unique1000/visualizations/archive_latex.tex
95,0.915315315,0.535500000,\left(\frac{\mathrm{MParams} + \mathrm{L2Norm}}{\log\left(\mathrm{GSynFlow}\right)} - \mathrm{Jacov}\right)^2,MParams L2-Norm Add GSynFlow Log Div Jacov Sub Square <EOS>,square((((MParams + L2-Norm) / log(GSynFlow)) - Jacov)),0.535500000,0.526400000,42,9,5,2077,run_monash_time_unique1000,6,1,TIME__CPHL__15T/seed_2077/run_monash_time_unique1000/visualizations/archive_latex.tex
96,0.914414414,0.535400000,\left(\frac{\mathrm{L2Norm}}{\log\left(\mathrm{GSynFlow}\right)} - \mathrm{MParams} + \mathrm{Jacov}\right)^2,L2-Norm GSynFlow Log Div MParams Jacov Add Sub Square <EOS>,square(((L2-Norm / log(GSynFlow)) - (MParams + Jacov))),0.535400000,0.526100000,85,9,5,2037,run_monash_time_unique1000,3,2,TIME__CPHL__15T/seed_2037/run_monash_time_unique1000/visualizations/archive_latex.tex
97,0.913513514,0.535400000,\log\left(\mathrm{Jacov} + \mathrm{MParams} - \frac{\mathrm{L2Norm}}{\log\left(\mathrm{GSynFlow}\right)}\right),Jacov MParams L2-Norm GSynFlow Log Div Sub Add Log <EOS>,log((Jacov + (MParams - (L2-Norm / log(GSynFlow))))),0.535400000,0.526100000,60,9,6,2213,run_monash_time_unique1000,4,1,TIME__CPHL__15T/seed_2213/run_monash_time_unique1000/visualizations/archive_latex.tex
98,0.912612613,0.535400000,\sqrt{\frac{\mathrm{L2Norm}}{\log\left(\mathrm{GSynFlow}\right)} - \mathrm{MParams} + \mathrm{Jacov}},L2-Norm GSynFlow Log Div MParams Jacov Add Sub Sqrt <EOS>,sqrt(((L2-Norm / log(GSynFlow)) - (MParams + Jacov))),0.535400000,0.526100000,59,9,5,2191,run_monash_time_unique1000,5,2,TIME__CPHL__15T/seed_2191/run_monash_time_unique1000/visualizations/archive_latex.tex
99,0.911711712,0.535400000,\log\left(\frac{\mathrm{L2Norm}}{\log\left(\mathrm{GSynFlow}\right)} - \mathrm{Jacov} + \mathrm{MParams}\right),L2-Norm GSynFlow Log Div Jacov MParams Add Sub Log <EOS>,log(((L2-Norm / log(GSynFlow)) - (Jacov + MParams))),0.535400000,0.526100000,70,9,5,2040,run_monash_time_unique1000,6,2,TIME__CPHL__15T/seed_2040/run_monash_time_unique1000/visualizations/archive_latex.tex
100,0.910810811,0.535400000,\left(\frac{\mathrm{L2Norm}}{\log\left(\mathrm{GSynFlow}\right)} - \mathrm{MParams} - \mathrm{Jacov}\right)^2,L2-Norm GSynFlow Log Div MParams Sub Jacov Sub Square <EOS>,square((((L2-Norm / log(GSynFlow)) - MParams) - Jacov)),0.535400000,0.526100000,154,9,6,2077,run_monash_time_unique1000,7,1,TIME__CPHL__15T/seed_2077/run_monash_time_unique1000/visualizations/archive_latex.tex
101,0.909909910,0.535400000,\left(\frac{\mathrm{L2Norm}}{\log\left(\mathrm{GSynFlow}\right)} - \mathrm{Jacov} + \mathrm{MParams}\right)^2,L2-Norm GSynFlow Log Div Jacov MParams Add Sub Square <EOS>,square(((L2-Norm / log(GSynFlow)) - (Jacov + MParams))),0.535400000,0.526100000,104,9,5,2176,run_monash_time_unique1000,7,2,TIME__CPHL__15T/seed_2176/run_monash_time_unique1000/visualizations/archive_latex.tex
102,0.909009009,0.534400000,\frac{\mathrm{L2Norm}}{\log\left(\mathrm{GSynFlow}\right)} - \frac{\mathrm{Jacov}}{\mathrm{ZiCo}},L2-Norm GSynFlow Log Div Jacov ZiCo Div Sub <EOS>,((L2-Norm / log(GSynFlow)) - (Jacov / ZiCo)),0.534400000,0.454700000,31,8,4,2047,run_monash_time_unique1000,8,1,TIME__CPHL__15T/seed_2047/run_monash_time_unique1000/visualizations/archive_latex.tex
103,0.908108108,0.534100000,\frac{\mathrm{L2Norm}}{\log\left(\mathrm{GSynFlow}\right)} - \mathrm{Jacov} - \mathrm{GFLOPs},L2-Norm GSynFlow Log Div Jacov GFLOPs Sub Sub <EOS>,((L2-Norm / log(GSynFlow)) - (Jacov - GFLOPs)),0.534100000,0.454000000,133,8,4,2040,run_monash_time_unique1000,7,2,TIME__CPHL__15T/seed_2040/run_monash_time_unique1000/visualizations/archive_latex.tex
104,0.907207207,0.534000000,\left(\frac{\mathrm{plain} + \mathrm{L2Norm}}{\log\left(\mathrm{GSynFlow}\right)} - \mathrm{Jacov}\right)^2,plain L2-Norm Add GSynFlow Log Div Jacov Sub Square <EOS>,square((((plain + L2-Norm) / log(GSynFlow)) - Jacov)),0.534000000,0.527300000,65,9,5,2077,run_monash_time_unique1000,8,1,TIME__CPHL__15T/seed_2077/run_monash_time_unique1000/visualizations/archive_latex.tex
105,0.906306306,0.533900000,\frac{\left(\mathrm{GFLOPs}\right)^2}{\log\left(\mathrm{GSynFlow}\right)} - \mathrm{L2Norm} + \mathrm{Jacov},GFLOPs Square GSynFlow Log Div L2-Norm Jacov Add Sub <EOS>,((square(GFLOPs) / log(GSynFlow)) - (L2-Norm + Jacov)),0.533900000,0.519800000,102,9,4,2074,run_monash_time_unique1000,1,2,TIME__CPHL__15T/seed_2074/run_monash_time_unique1000/visualizations/archive_latex.tex
106,0.905405405,0.533900000,\frac{\left(\mathrm{GFLOPs}\right)^2}{\log\left(\mathrm{GSynFlow}\right)} - \mathrm{L2Norm} - \mathrm{Jacov},GFLOPs Square GSynFlow Log Div L2-Norm Sub Jacov Sub <EOS>,(((square(GFLOPs) / log(GSynFlow)) - L2-Norm) - Jacov),0.533900000,0.519800000,40,9,5,2029,run_monash_time_unique1000,2,5,TIME__CPHL__15T/seed_2029/run_monash_time_unique1000/visualizations/archive_latex.tex
107,0.904504505,0.533900000,\frac{\left(\mathrm{GFLOPs}\right)^2}{\log\left(\mathrm{GSynFlow}\right)} - \mathrm{Jacov} + \mathrm{L2Norm},GFLOPs Square GSynFlow Log Div Jacov L2-Norm Add Sub <EOS>,((square(GFLOPs) / log(GSynFlow)) - (Jacov + L2-Norm)),0.533900000,0.519800000,59,9,4,2040,run_monash_time_unique1000,8,2,TIME__CPHL__15T/seed_2040/run_monash_time_unique1000/visualizations/archive_latex.tex
108,0.903603604,0.532400000,\sqrt{\mathrm{Fisher} - \frac{\mathrm{L2Norm}}{\log\left(\mathrm{GSynFlow}\right)} + \mathrm{Jacov}},Fisher L2-Norm GSynFlow Log Div Sub Jacov Add Sqrt <EOS>,sqrt(((Fisher - (L2-Norm / log(GSynFlow))) + Jacov)),0.532400000,0.527100000,78,9,6,2213,run_monash_time_unique1000,5,1,TIME__CPHL__15T/seed_2213/run_monash_time_unique1000/visualizations/archive_latex.tex
109,0.902702703,0.532400000,\sqrt{\frac{\mathrm{L2Norm}}{\log\left(\mathrm{GSynFlow}\right)} - \mathrm{Fisher} + \mathrm{Jacov}},L2-Norm GSynFlow Log Div Fisher Jacov Add Sub Sqrt <EOS>,sqrt(((L2-Norm / log(GSynFlow)) - (Fisher + Jacov))),0.532400000,0.527100000,70,9,5,2191,run_monash_time_unique1000,6,1,TIME__CPHL__15T/seed_2191/run_monash_time_unique1000/visualizations/archive_latex.tex
110,0.901801802,0.532400000,\left(\frac{\mathrm{L2Norm}}{\log\left(\mathrm{GSynFlow}\right)} - \mathrm{Jacov} + \mathrm{Fisher}\right)^2,L2-Norm GSynFlow Log Div Jacov Fisher Add Sub Square <EOS>,square(((L2-Norm / log(GSynFlow)) - (Jacov + Fisher))),0.532400000,0.527100000,122,9,5,2176,run_monash_time_unique1000,8,1,TIME__CPHL__15T/seed_2176/run_monash_time_unique1000/visualizations/archive_latex.tex
111,0.900900901,0.532400000,\log\left(\frac{\mathrm{L2Norm}}{\log\left(\mathrm{GSynFlow}\right)} - \mathrm{Jacov} + \mathrm{Fisher}\right),L2-Norm GSynFlow Log Div Jacov Fisher Add Sub Log <EOS>,log(((L2-Norm / log(GSynFlow)) - (Jacov + Fisher))),0.532400000,0.527100000,66,9,5,2040,run_monash_time_unique1000,9,3,TIME__CPHL__15T/seed_2040/run_monash_time_unique1000/visualizations/archive_latex.tex
112,0.900000000,0.532400000,\left(\frac{\mathrm{L2Norm}}{\log\left(\mathrm{GSynFlow}\right)} - \mathrm{Fisher} + \mathrm{Jacov}\right)^2,L2-Norm GSynFlow Log Div Fisher Jacov Add Sub Square <EOS>,square(((L2-Norm / log(GSynFlow)) - (Fisher + Jacov))),0.532400000,0.527100000,63,9,5,2047,run_monash_time_unique1000,9,1,TIME__CPHL__15T/seed_2047/run_monash_time_unique1000/visualizations/archive_latex.tex
113,0.899099099,0.532400000,\log\left(\frac{\mathrm{L2Norm}}{\log\left(\mathrm{GSynFlow}\right)} - \mathrm{Fisher} + \mathrm{Jacov}\right),L2-Norm GSynFlow Log Div Fisher Jacov Add Sub Log <EOS>,log(((L2-Norm / log(GSynFlow)) - (Fisher + Jacov))),0.532400000,0.527100000,53,9,5,2208,run_monash_time_unique1000,9,1,TIME__CPHL__15T/seed_2208/run_monash_time_unique1000/visualizations/archive_latex.tex
114,0.898198198,0.532400000,\left(\frac{\mathrm{L2Norm}}{\log\left(\mathrm{GSynFlow}\right)} - \mathrm{Fisher} - \mathrm{Jacov}\right)^2,L2-Norm GSynFlow Log Div Fisher Sub Jacov Sub Square <EOS>,square((((L2-Norm / log(GSynFlow)) - Fisher) - Jacov)),0.532400000,0.527100000,73,9,6,2077,run_monash_time_unique1000,10,1,TIME__CPHL__15T/seed_2077/run_monash_time_unique1000/visualizations/archive_latex.tex
115,0.897297297,0.531900000,\frac{\left(\mathrm{GFLOPs}\right)^2}{\log\left(\sqrt{\mathrm{GSynFlow}}\right)} - \mathrm{Jacov},GFLOPs Square GSynFlow Sqrt Log Div Jacov Sub <EOS>,((square(GFLOPs) / log(sqrt(GSynFlow))) - Jacov),0.531900000,0.454400000,120,8,5,2169,run_monash_time_unique1000,2,1,TIME__CPHL__15T/seed_2169/run_monash_time_unique1000/visualizations/archive_latex.tex
116,0.896396396,0.531900000,\left(\frac{\mathrm{L2Norm}}{\log\left(\mathrm{GSynFlow}\right)} - \mathrm{Jacov} + \mathrm{GradNorm}\right)^2,L2-Norm GSynFlow Log Div Jacov Grad_Norm Add Sub Square <EOS>,square(((L2-Norm / log(GSynFlow)) - (Jacov + Grad_Norm))),0.531900000,0.531500000,164,9,5,2214,run_monash_time_unique1000,3,2,TIME__CPHL__15T/seed_2214/run_monash_time_unique1000/visualizations/archive_latex.tex
117,0.895495495,0.531900000,\sqrt{\frac{\mathrm{L2Norm}}{\log\left(\mathrm{GSynFlow}\right)} - \mathrm{GradNorm} + \mathrm{Jacov}},L2-Norm GSynFlow Log Div Grad_Norm Jacov Add Sub Sqrt <EOS>,sqrt(((L2-Norm / log(GSynFlow)) - (Grad_Norm + Jacov))),0.531900000,0.531500000,40,9,5,2208,run_monash_time_unique1000,10,1,TIME__CPHL__15T/seed_2208/run_monash_time_unique1000/visualizations/archive_latex.tex
118,0.894594595,0.531500000,\frac{\sqrt{\mathrm{L2Norm}} - \frac{\mathrm{MParams}}{\log\left(\mathrm{GSynFlow}\right)}}{\mathrm{Jacov}},L2-Norm Sqrt MParams GSynFlow Log Div Sub Jacov Div <EOS>,((sqrt(L2-Norm) - (MParams / log(GSynFlow))) / Jacov),0.531500000,0.515500000,121,9,5,2154,run_monash_time_unique1000,2,1,TIME__CPHL__15T/seed_2154/run_monash_time_unique1000/visualizations/archive_latex.tex
119,0.893693694,0.530000000,\frac{\mathrm{MParams} - \mathrm{Fisher}}{\log\left(\log\left(\mathrm{ZiCo}\right)\right)} - \mathrm{Jacov},MParams Fisher Sub ZiCo Log Log Div Jacov Sub <EOS>,(((MParams - Fisher) / log(log(ZiCo))) - Jacov),0.530000000,0.584100000,149,9,5,2138,run_monash_time_unique1000,1,1,TIME__CPHL__15T/seed_2138/run_monash_time_unique1000/visualizations/archive_latex.tex
120,0.892792793,0.529000000,\frac{\mathrm{L2Norm} - \frac{\sqrt{\mathrm{Jacov}}}{\log\left(\mathrm{GSynFlow}\right)}}{\mathrm{Jacov}},L2-Norm Jacov Sqrt GSynFlow Log Div Sub Jacov Div <EOS>,((L2-Norm - (sqrt(Jacov) / log(GSynFlow))) / Jacov),0.529000000,0.511100000,119,9,5,2108,run_monash_time_unique1000,2,2,TIME__CPHL__15T/seed_2108/run_monash_time_unique1000/visualizations/archive_latex.tex
121,0.891891892,0.528600000,\frac{\mathrm{GradNorm}}{\log\left(\sqrt{\mathrm{GSynFlow}}\right)} - \mathrm{Jacov},Grad_Norm GSynFlow Sqrt Log Div Jacov Sub <EOS>,((Grad_Norm / log(sqrt(GSynFlow))) - Jacov),0.528600000,0.480100000,177,7,5,2106,run_monash_time_unique1000,1,4,TIME__CPHL__15T/seed_2106/run_monash_time_unique1000/visualizations/archive_latex.tex
122,0.890990991,0.527700000,\frac{\sqrt{\mathrm{L2Norm} - \frac{\mathrm{JacobFro}}{\log\left(\mathrm{GSynFlow}\right)}}}{\mathrm{Jacov}},L2-Norm Jacob_fro GSynFlow Log Div Sub Sqrt Jacov Div <EOS>,(sqrt((L2-Norm - (Jacob_fro / log(GSynFlow)))) / Jacov),0.527700000,0.514300000,125,9,6,2154,run_monash_time_unique1000,3,1,TIME__CPHL__15T/seed_2154/run_monash_time_unique1000/visualizations/archive_latex.tex
123,0.890090090,0.526300000,\log\left(\frac{\left(\log\left(\mathrm{GraSP}\right)\right)^2}{\log\left(\mathrm{GSynFlow}\right)} - \mathrm{Jacov}\right),GraSP Log Square GSynFlow Log Div Jacov Sub Log <EOS>,log(((square(log(GraSP)) / log(GSynFlow)) - Jacov)),0.526300000,0.482000000,198,9,6,2089,run_monash_time_unique1000,1,1,TIME__CPHL__15T/seed_2089/run_monash_time_unique1000/visualizations/archive_latex.tex
124,0.889189189,0.525300000,\frac{\mathrm{L2Norm} - \frac{\mathrm{GFLOPs}}{\log\left(\sqrt{\mathrm{GSynFlow}}\right)}}{\mathrm{Jacov}},L2-Norm GFLOPs GSynFlow Sqrt Log Div Sub Jacov Div <EOS>,((L2-Norm - (GFLOPs / log(sqrt(GSynFlow)))) / Jacov),0.525300000,0.509300000,190,9,6,2108,run_monash_time_unique1000,3,2,TIME__CPHL__15T/seed_2108/run_monash_time_unique1000/visualizations/archive_latex.tex
125,0.888288288,0.525300000,\frac{\mathrm{Jacov}}{\frac{\mathrm{GFLOPs}}{\log\left(\sqrt{\mathrm{GSynFlow}}\right)} - \mathrm{L2Norm}},Jacov GFLOPs GSynFlow Sqrt Log Div L2-Norm Sub Div <EOS>,(Jacov / ((GFLOPs / log(sqrt(GSynFlow))) - L2-Norm)),0.525300000,0.509300000,54,9,6,2069,run_monash_time_unique1000,4,1,TIME__CPHL__15T/seed_2069/run_monash_time_unique1000/visualizations/archive_latex.tex
126,0.887387387,0.524000000,\frac{\sqrt{\mathrm{GraSP}}}{\log\left(\sqrt{\mathrm{GSynFlow}}\right)} - \mathrm{Jacov},GraSP Sqrt GSynFlow Sqrt Log Div Jacov Sub <EOS>,((sqrt(GraSP) / log(sqrt(GSynFlow))) - Jacov),0.524000000,0.457800000,200,8,5,2040,run_monash_time_unique1000,10,1,TIME__CPHL__15T/seed_2040/run_monash_time_unique1000/visualizations/archive_latex.tex
127,0.886486486,0.518800000,\frac{\sqrt{\mathrm{L2Norm} - \frac{\mathrm{GradNorm}}{\log\left(\mathrm{GSynFlow}\right)}}}{\mathrm{Jacov}},L2-Norm Grad_Norm GSynFlow Log Div Sub Sqrt Jacov Div <EOS>,(sqrt((L2-Norm - (Grad_Norm / log(GSynFlow)))) / Jacov),0.518800000,0.525900000,123,9,6,2154,run_monash_time_unique1000,5,1,TIME__CPHL__15T/seed_2154/run_monash_time_unique1000/visualizations/archive_latex.tex
128,0.885585586,0.517600000,\sqrt{\frac{\mathrm{L2Norm}}{\log\left(\mathrm{GSynFlow}\right)} - \mathrm{JacobFro} - \mathrm{Jacov}},L2-Norm GSynFlow Log Div Jacob_fro Sub Jacov Sub Sqrt <EOS>,sqrt((((L2-Norm / log(GSynFlow)) - Jacob_fro) - Jacov)),0.517600000,0.523300000,71,9,6,2062,run_monash_time_unique1000,3,1,TIME__CPHL__15T/seed_2062/run_monash_time_unique1000/visualizations/archive_latex.tex
129,0.884684685,0.517600000,\left(\frac{\mathrm{L2Norm}}{\log\left(\mathrm{GSynFlow}\right)} - \mathrm{JacobFro} + \mathrm{Jacov}\right)^2,L2-Norm GSynFlow Log Div Jacob_fro Jacov Add Sub Square <EOS>,square(((L2-Norm / log(GSynFlow)) - (Jacob_fro + Jacov))),0.517600000,0.523300000,87,9,5,2037,run_monash_time_unique1000,4,2,TIME__CPHL__15T/seed_2037/run_monash_time_unique1000/visualizations/archive_latex.tex
130,0.883783784,0.517600000,\log\left(\mathrm{Jacov} + \mathrm{JacobFro} - \frac{\mathrm{L2Norm}}{\log\left(\mathrm{GSynFlow}\right)}\right),Jacov Jacob_fro L2-Norm GSynFlow Log Div Sub Add Log <EOS>,log((Jacov + (Jacob_fro - (L2-Norm / log(GSynFlow))))),0.517600000,0.523300000,78,9,6,2213,run_monash_time_unique1000,6,1,TIME__CPHL__15T/seed_2213/run_monash_time_unique1000/visualizations/archive_latex.tex
131,0.882882883,0.517600000,\left(\frac{\mathrm{L2Norm}}{\log\left(\mathrm{GSynFlow}\right)} - \mathrm{Jacov} + \mathrm{JacobFro}\right)^2,L2-Norm GSynFlow Log Div Jacov Jacob_fro Add Sub Square <EOS>,square(((L2-Norm / log(GSynFlow)) - (Jacov + Jacob_fro))),0.517600000,0.523300000,123,9,5,2176,run_monash_time_unique1000,9,1,TIME__CPHL__15T/seed_2176/run_monash_time_unique1000/visualizations/archive_latex.tex
132,0.881981982,0.517200000,-\frac{\left(\mathrm{GFLOPs}\right)^2}{-\log\left(\mathrm{GSynFlow}\right)} - \mathrm{Jacov},GFLOPs Square GSynFlow Log Negative Div Negative Jacov Sub <EOS>,(-((square(GFLOPs) / -(log(GSynFlow)))) - Jacov),0.517200000,0.484000000,118,9,6,2094,run_monash_time_unique1000,1,1,TIME__CPHL__15T/seed_2094/run_monash_time_unique1000/visualizations/archive_latex.tex
133,0.881081081,0.517200000,\frac{\left(\mathrm{GFLOPs}\right)^2}{\log\left(\mathrm{GSynFlow}\right)} - \mathrm{Jacov},GFLOPs Square GSynFlow Log Div Jacov Sub <EOS>,((square(GFLOPs) / log(GSynFlow)) - Jacov),0.517200000,0.484000000,170,7,4,2107,run_monash_time_unique1000,1,5,TIME__CPHL__15T/seed_2107/run_monash_time_unique1000/visualizations/archive_latex.tex
134,0.880180180,0.515700000,\frac{\mathrm{Snip}}{\log\left(\left(\mathrm{GSynFlow}\right)^2\right)} - \mathrm{Jacov},Snip GSynFlow Square Log Div Jacov Sub <EOS>,((Snip / log(square(GSynFlow))) - Jacov),0.515700000,0.478300000,190,7,5,2149,run_monash_time_unique1000,1,1,TIME__CPHL__15T/seed_2149/run_monash_time_unique1000/visualizations/archive_latex.tex
135,0.879279279,0.513600000,\frac{\mathrm{JacobFro}}{\log\left(\mathrm{GSynFlow}\right)} - \mathrm{Jacov},Jacob_fro GSynFlow Log Div Jacov Sub <EOS>,((Jacob_fro / log(GSynFlow)) - Jacov),0.513600000,0.460600000,113,6,4,2121,run_monash_time_unique1000,1,2,TIME__CPHL__15T/seed_2121/run_monash_time_unique1000/visualizations/archive_latex.tex
136,0.878378378,0.513600000,\frac{\mathrm{JacobFro}}{\left(\log\left(\mathrm{GSynFlow}\right)\right) \cdot \left(\mathrm{Fisher}\right)} - \mathrm{Jacov},Jacob_fro GSynFlow Log Fisher Mul Div Jacov Sub <EOS>,((Jacob_fro / (log(GSynFlow) * Fisher)) - Jacov),0.513600000,0.425000000,123,8,5,2191,run_monash_time_unique1000,7,1,TIME__CPHL__15T/seed_2191/run_monash_time_unique1000/visualizations/archive_latex.tex
137,0.877477477,0.513500000,\sqrt{\mathrm{Jacov}} - \frac{\mathrm{GSynFlow}}{\mathrm{plain} - \mathrm{GSynFlow}},Jacov Sqrt GSynFlow plain GSynFlow Sub Div Sub <EOS>,(sqrt(Jacov) - (GSynFlow / (plain - GSynFlow))),0.513500000,0.479500000,169,8,4,2028,run_monash_time_unique1000,1,1,TIME__CPHL__15T/seed_2028/run_monash_time_unique1000/visualizations/archive_latex.tex
138,0.876576577,0.512600000,\frac{\sqrt{\mathrm{Snip}}}{\log\left(\mathrm{GSynFlow}\right)} - \mathrm{L2Norm} - \mathrm{Jacov},Snip Sqrt GSynFlow Log Div L2-Norm Sub Jacov Sub <EOS>,(((sqrt(Snip) / log(GSynFlow)) - L2-Norm) - Jacov),0.512600000,0.524500000,41,9,5,2086,run_monash_time_unique1000,1,5,TIME__CPHL__15T/seed_2086/run_monash_time_unique1000/visualizations/archive_latex.tex
139,0.875675676,0.512600000,\frac{\sqrt{\mathrm{Snip}}}{\log\left(\mathrm{GSynFlow}\right)} - \mathrm{L2Norm} + \mathrm{Jacov},Snip Sqrt GSynFlow Log Div L2-Norm Jacov Add Sub <EOS>,((sqrt(Snip) / log(GSynFlow)) - (L2-Norm + Jacov)),0.512600000,0.524500000,185,9,4,2088,run_monash_time_unique1000,1,4,TIME__CPHL__15T/seed_2088/run_monash_time_unique1000/visualizations/archive_latex.tex
140,0.874774775,0.512600000,\frac{\sqrt{\mathrm{Snip}}}{\log\left(\mathrm{GSynFlow}\right)} - \mathrm{Jacov} - \mathrm{L2Norm},Snip Sqrt GSynFlow Log Div Jacov Sub L2-Norm Sub <EOS>,(((sqrt(Snip) / log(GSynFlow)) - Jacov) - L2-Norm),0.512600000,0.524500000,104,9,5,2097,run_monash_time_unique1000,1,2,TIME__CPHL__15T/seed_2097/run_monash_time_unique1000/visualizations/archive_latex.tex
141,0.873873874,0.512600000,\frac{\sqrt{\mathrm{Snip}}}{\log\left(\mathrm{GSynFlow}\right)} - \mathrm{Jacov} + \mathrm{L2Norm},Snip Sqrt GSynFlow Log Div Jacov L2-Norm Add Sub <EOS>,((sqrt(Snip) / log(GSynFlow)) - (Jacov + L2-Norm)),0.512600000,0.524500000,55,9,4,2180,run_monash_time_unique1000,2,3,TIME__CPHL__15T/seed_2180/run_monash_time_unique1000/visualizations/archive_latex.tex
142,0.872972973,0.512300000,\frac{\mathrm{Snip}}{\log\left(\mathrm{GSynFlow}\right)} - \mathrm{Jacov} + \mathrm{L2Norm},Snip GSynFlow Log Div Jacov L2-Norm Add Sub <EOS>,((Snip / log(GSynFlow)) - (Jacov + L2-Norm)),0.512300000,0.448500000,90,8,4,2188,run_monash_time_unique1000,1,1,TIME__CPHL__15T/seed_2188/run_monash_time_unique1000/visualizations/archive_latex.tex
143,0.872072072,0.512300000,\frac{\mathrm{Snip}}{\log\left(\mathrm{GSynFlow}\right)} - \mathrm{L2Norm} + \mathrm{Jacov},Snip GSynFlow Log Div L2-Norm Jacov Add Sub <EOS>,((Snip / log(GSynFlow)) - (L2-Norm + Jacov)),0.512300000,0.448500000,102,8,4,2223,run_monash_time_unique1000,2,1,TIME__CPHL__15T/seed_2223/run_monash_time_unique1000/visualizations/archive_latex.tex
144,0.871171171,0.512300000,\frac{\mathrm{Snip}}{\log\left(\mathrm{GSynFlow}\right)} - \mathrm{L2Norm} - \mathrm{Jacov},Snip GSynFlow Log Div L2-Norm Sub Jacov Sub <EOS>,(((Snip / log(GSynFlow)) - L2-Norm) - Jacov),0.512300000,0.448500000,41,8,5,2072,run_monash_time_unique1000,3,1,TIME__CPHL__15T/seed_2072/run_monash_time_unique1000/visualizations/archive_latex.tex
145,0.870270270,0.510900000,\log\left(\frac{-\mathrm{Jacov}}{\log\left(\left(\mathrm{GSynFlow}\right)^2\right)} - \mathrm{Jacov}\right),Jacov Negative GSynFlow Square Log Div Jacov Sub Log <EOS>,log(((-(Jacov) / log(square(GSynFlow))) - Jacov)),0.510900000,0.531400000,53,9,6,2097,run_monash_time_unique1000,2,1,TIME__CPHL__15T/seed_2097/run_monash_time_unique1000/visualizations/archive_latex.tex
146,0.869369369,0.510800000,\frac{\mathrm{GFLOPs}}{\frac{\log\left(\mathrm{GSynFlow}\right)}{\mathrm{L2Norm}}} - \mathrm{Jacov},GFLOPs GSynFlow Log L2-Norm Div Div Jacov Sub <EOS>,((GFLOPs / (log(GSynFlow) / L2-Norm)) - Jacov),0.510800000,0.423000000,168,8,5,2194,run_monash_time_unique1000,2,1,TIME__CPHL__15T/seed_2194/run_monash_time_unique1000/visualizations/archive_latex.tex
147,0.868468468,0.510300000,\frac{\mathrm{L2Norm}}{\mathrm{Jacov} - \frac{\left(\mathrm{GFLOPs}\right)^2}{\log\left(\mathrm{GSynFlow}\right)}},L2-Norm Jacov GFLOPs Square GSynFlow Log Div Sub Div <EOS>,(L2-Norm / (Jacov - (square(GFLOPs) / log(GSynFlow)))),0.510300000,0.532600000,113,9,5,2163,run_monash_time_unique1000,1,1,TIME__CPHL__15T/seed_2163/run_monash_time_unique1000/visualizations/archive_latex.tex
148,0.867567568,0.510300000,\frac{\mathrm{plain}}{\log\left(\mathrm{GSynFlow}\right)} - \frac{\mathrm{Jacov}}{\mathrm{L2Norm}},plain GSynFlow Log Div Jacov L2-Norm Div Sub <EOS>,((plain / log(GSynFlow)) - (Jacov / L2-Norm)),0.510300000,0.482600000,85,8,4,2206,run_monash_time_unique1000,2,1,TIME__CPHL__15T/seed_2206/run_monash_time_unique1000/visualizations/archive_latex.tex
149,0.866666667,0.508600000,\frac{\log\left(\mathrm{GradNorm}\right) - \frac{\mathrm{GFLOPs}}{\log\left(\mathrm{GSynFlow}\right)}}{\mathrm{Jacov}},Grad_Norm Log GFLOPs GSynFlow Log Div Sub Jacov Div <EOS>,((log(Grad_Norm) - (GFLOPs / log(GSynFlow))) / Jacov),0.508600000,0.419000000,172,9,5,2154,run_monash_time_unique1000,6,1,TIME__CPHL__15T/seed_2154/run_monash_time_unique1000/visualizations/archive_latex.tex
150,0.865765766,0.508400000,\frac{\mathrm{GradNorm}}{\mathrm{GSynFlow} - \mathrm{plain}} - \mathrm{Jacov},Grad_Norm GSynFlow plain Sub Div Jacov Sub <EOS>,((Grad_Norm / (GSynFlow - plain)) - Jacov),0.508400000,0.485800000,108,7,4,2090,run_monash_time_unique1000,1,3,TIME__CPHL__15T/seed_2090/run_monash_time_unique1000/visualizations/archive_latex.tex
151,0.864864865,0.508400000,\frac{\mathrm{GradNorm}}{-\mathrm{plain} + \mathrm{GSynFlow}} - \mathrm{Jacov},Grad_Norm plain Negative GSynFlow Add Div Jacov Sub <EOS>,((Grad_Norm / (-(plain) + GSynFlow)) - Jacov),0.508400000,0.485800000,152,8,5,2162,run_monash_time_unique1000,1,1,TIME__CPHL__15T/seed_2162/run_monash_time_unique1000/visualizations/archive_latex.tex
152,0.863963964,0.508100000,\frac{\left(\mathrm{GradNorm}\right)^2}{\log\left(\mathrm{GSynFlow}\right)} - \mathrm{L2Norm} + \mathrm{Jacov},Grad_Norm Square GSynFlow Log Div L2-Norm Jacov Add Sub <EOS>,((square(Grad_Norm) / log(GSynFlow)) - (L2-Norm + Jacov)),0.508100000,0.455100000,113,9,4,2071,run_monash_time_unique1000,1,1,TIME__CPHL__15T/seed_2071/run_monash_time_unique1000/visualizations/archive_latex.tex
153,0.863063063,0.506900000,\sqrt{\frac{\mathrm{GradNorm}}{\log\left(\mathrm{GSynFlow}\right)} - \mathrm{L2Norm} - \mathrm{Jacov}},Grad_Norm GSynFlow Log Div L2-Norm Sub Jacov Sub Sqrt <EOS>,sqrt((((Grad_Norm / log(GSynFlow)) - L2-Norm) - Jacov)),0.506900000,0.537200000,46,9,6,2058,run_monash_time_unique1000,1,4,TIME__CPHL__15T/seed_2058/run_monash_time_unique1000/visualizations/archive_latex.tex
154,0.862162162,0.506900000,\left(\frac{\mathrm{GradNorm}}{\log\left(\mathrm{GSynFlow}\right)} - \mathrm{L2Norm} + \mathrm{Jacov}\right)^2,Grad_Norm GSynFlow Log Div L2-Norm Jacov Add Sub Square <EOS>,square(((Grad_Norm / log(GSynFlow)) - (L2-Norm + Jacov))),0.506900000,0.537200000,107,9,5,2054,run_monash_time_unique1000,2,2,TIME__CPHL__15T/seed_2054/run_monash_time_unique1000/visualizations/archive_latex.tex
155,0.861261261,0.506900000,\log\left(\frac{\mathrm{GradNorm}}{\log\left(\mathrm{GSynFlow}\right)} - \mathrm{Jacov} - \mathrm{L2Norm}\right),Grad_Norm GSynFlow Log Div Jacov Sub L2-Norm Sub Log <EOS>,log((((Grad_Norm / log(GSynFlow)) - Jacov) - L2-Norm)),0.506900000,0.537200000,110,9,6,2114,run_monash_time_unique1000,2,1,TIME__CPHL__15T/seed_2114/run_monash_time_unique1000/visualizations/archive_latex.tex
156,0.860360360,0.506900000,\left(\frac{\mathrm{GradNorm}}{\log\left(\mathrm{GSynFlow}\right)} - \mathrm{L2Norm} - \mathrm{Jacov}\right)^2,Grad_Norm GSynFlow Log Div L2-Norm Sub Jacov Sub Square <EOS>,square((((Grad_Norm / log(GSynFlow)) - L2-Norm) - Jacov)),0.506900000,0.537200000,99,9,6,2138,run_monash_time_unique1000,2,2,TIME__CPHL__15T/seed_2138/run_monash_time_unique1000/visualizations/archive_latex.tex
157,0.859459459,0.506900000,\left(\frac{\mathrm{GradNorm}}{\log\left(\mathrm{GSynFlow}\right)} - \mathrm{Jacov} - \mathrm{L2Norm}\right)^2,Grad_Norm GSynFlow Log Div Jacov Sub L2-Norm Sub Square <EOS>,square((((Grad_Norm / log(GSynFlow)) - Jacov) - L2-Norm)),0.506900000,0.537200000,115,9,6,2215,run_monash_time_unique1000,2,3,TIME__CPHL__15T/seed_2215/run_monash_time_unique1000/visualizations/archive_latex.tex
158,0.858558559,0.506900000,\left(\frac{\mathrm{GradNorm}}{\log\left(\mathrm{GSynFlow}\right)} - \mathrm{Jacov} + \mathrm{L2Norm}\right)^2,Grad_Norm GSynFlow Log Div Jacov L2-Norm Add Sub Square <EOS>,square(((Grad_Norm / log(GSynFlow)) - (Jacov + L2-Norm))),0.506900000,0.537200000,61,9,5,2164,run_monash_time_unique1000,3,3,TIME__CPHL__15T/seed_2164/run_monash_time_unique1000/visualizations/archive_latex.tex
159,0.857657658,0.506900000,\sqrt{\frac{\mathrm{GradNorm}}{\log\left(\mathrm{GSynFlow}\right)} - \mathrm{L2Norm} + \mathrm{Jacov}},Grad_Norm GSynFlow Log Div L2-Norm Jacov Add Sub Sqrt <EOS>,sqrt(((Grad_Norm / log(GSynFlow)) - (L2-Norm + Jacov))),0.506900000,0.537200000,69,9,5,2059,run_monash_time_unique1000,5,2,TIME__CPHL__15T/seed_2059/run_monash_time_unique1000/visualizations/archive_latex.tex
160,0.856756757,0.506900000,\log\left(\frac{\mathrm{GradNorm}}{\log\left(\mathrm{GSynFlow}\right)} - \mathrm{Jacov} + \mathrm{L2Norm}\right),Grad_Norm GSynFlow Log Div Jacov L2-Norm Add Sub Log <EOS>,log(((Grad_Norm / log(GSynFlow)) - (Jacov + L2-Norm))),0.506900000,0.537200000,72,9,5,2161,run_monash_time_unique1000,5,1,TIME__CPHL__15T/seed_2161/run_monash_time_unique1000/visualizations/archive_latex.tex
161,0.855855856,0.506900000,\log\left(\mathrm{Jacov} + \mathrm{L2Norm} - \frac{\mathrm{GradNorm}}{\log\left(\mathrm{GSynFlow}\right)}\right),Jacov L2-Norm Grad_Norm GSynFlow Log Div Sub Add Log <EOS>,log((Jacov + (L2-Norm - (Grad_Norm / log(GSynFlow))))),0.506900000,0.537200000,59,9,6,2213,run_monash_time_unique1000,7,1,TIME__CPHL__15T/seed_2213/run_monash_time_unique1000/visualizations/archive_latex.tex
162,0.854954955,0.506600000,\frac{\mathrm{L2Norm} - \frac{\sqrt{\mathrm{L2Norm}}}{\log\left(\mathrm{GSynFlow}\right)}}{\mathrm{Jacov}},L2-Norm L2-Norm Sqrt GSynFlow Log Div Sub Jacov Div <EOS>,((L2-Norm - (sqrt(L2-Norm) / log(GSynFlow))) / Jacov),0.506600000,0.519000000,130,9,5,2108,run_monash_time_unique1000,4,2,TIME__CPHL__15T/seed_2108/run_monash_time_unique1000/visualizations/archive_latex.tex
163,0.854054054,0.505700000,\frac{\sqrt{\mathrm{Jacov}}}{\log\left(\mathrm{GSynFlow}\right)} - \mathrm{L2Norm} + \mathrm{Jacov},Jacov Sqrt GSynFlow Log Div L2-Norm Jacov Add Sub <EOS>,((sqrt(Jacov) / log(GSynFlow)) - (L2-Norm + Jacov)),0.505700000,0.509100000,39,9,4,2106,run_monash_time_unique1000,2,2,TIME__CPHL__15T/seed_2106/run_monash_time_unique1000/visualizations/archive_latex.tex
164,0.853153153,0.505700000,\frac{\sqrt{\mathrm{Jacov}}}{\log\left(\mathrm{GSynFlow}\right)} - \mathrm{Jacov} - \mathrm{L2Norm},Jacov Sqrt GSynFlow Log Div Jacov Sub L2-Norm Sub <EOS>,(((sqrt(Jacov) / log(GSynFlow)) - Jacov) - L2-Norm),0.505700000,0.509100000,103,9,5,2097,run_monash_time_unique1000,3,1,TIME__CPHL__15T/seed_2097/run_monash_time_unique1000/visualizations/archive_latex.tex
165,0.852252252,0.505700000,\frac{\sqrt{\mathrm{Jacov}}}{\log\left(\mathrm{GSynFlow}\right)} - \mathrm{L2Norm} - \mathrm{Jacov},Jacov Sqrt GSynFlow Log Div L2-Norm Sub Jacov Sub <EOS>,(((sqrt(Jacov) / log(GSynFlow)) - L2-Norm) - Jacov),0.505700000,0.509100000,65,9,5,2062,run_monash_time_unique1000,6,1,TIME__CPHL__15T/seed_2062/run_monash_time_unique1000/visualizations/archive_latex.tex
166,0.851351351,0.505600000,\frac{\mathrm{GradNorm}}{\log\left(\mathrm{GSynFlow}\right)} + -\mathrm{L2Norm} - \mathrm{Jacov},Grad_Norm GSynFlow Log Div L2-Norm Negative Add Jacov Sub <EOS>,(((Grad_Norm / log(GSynFlow)) + -(L2-Norm)) - Jacov),0.505600000,0.525300000,149,9,5,2038,run_monash_time_unique1000,1,1,TIME__CPHL__15T/seed_2038/run_monash_time_unique1000/visualizations/archive_latex.tex
167,0.850450450,0.505600000,\frac{\mathrm{GradNorm}}{\log\left(\mathrm{GSynFlow}\right)} - \mathrm{Jacov} + \mathrm{L2Norm},Grad_Norm GSynFlow Log Div Jacov L2-Norm Add Sub <EOS>,((Grad_Norm / log(GSynFlow)) - (Jacov + L2-Norm)),0.505600000,0.525300000,154,8,4,2045,run_monash_time_unique1000,1,11,TIME__CPHL__15T/seed_2045/run_monash_time_unique1000/visualizations/archive_latex.tex
168,0.849549550,0.505600000,\frac{\mathrm{GradNorm}}{\log\left(\mathrm{GSynFlow}\right)} - \mathrm{L2Norm} - \mathrm{Jacov},Grad_Norm GSynFlow Log Div L2-Norm Sub Jacov Sub <EOS>,(((Grad_Norm / log(GSynFlow)) - L2-Norm) - Jacov),0.505600000,0.525300000,175,8,5,2046,run_monash_time_unique1000,1,17,TIME__CPHL__15T/seed_2046/run_monash_time_unique1000/visualizations/archive_latex.tex
169,0.848648649,0.505600000,\frac{\mathrm{GradNorm}}{\log\left(\mathrm{GSynFlow}\right)} - \mathrm{L2Norm} + \mathrm{Jacov},Grad_Norm GSynFlow Log Div L2-Norm Jacov Add Sub <EOS>,((Grad_Norm / log(GSynFlow)) - (L2-Norm + Jacov)),0.505600000,0.525300000,150,8,4,2050,run_monash_time_unique1000,1,17,TIME__CPHL__15T/seed_2050/run_monash_time_unique1000/visualizations/archive_latex.tex
170,0.847747748,0.505600000,\frac{\mathrm{GradNorm}}{\log\left(\mathrm{GSynFlow}\right)} - \mathrm{Jacov} - \mathrm{L2Norm},Grad_Norm GSynFlow Log Div Jacov Sub L2-Norm Sub <EOS>,(((Grad_Norm / log(GSynFlow)) - Jacov) - L2-Norm),0.505600000,0.525300000,119,8,5,2087,run_monash_time_unique1000,1,13,TIME__CPHL__15T/seed_2087/run_monash_time_unique1000/visualizations/archive_latex.tex
171,0.846846847,0.505600000,-\mathrm{Jacov} + \mathrm{L2Norm} - \frac{\mathrm{GradNorm}}{\log\left(\mathrm{GSynFlow}\right)},Jacov L2-Norm Grad_Norm GSynFlow Log Div Sub Add Negative <EOS>,-((Jacov + (L2-Norm - (Grad_Norm / log(GSynFlow))))),0.505600000,0.525300000,61,9,6,2213,run_monash_time_unique1000,8,1,TIME__CPHL__15T/seed_2213/run_monash_time_unique1000/visualizations/archive_latex.tex
172,0.845945946,0.503900000,\frac{\mathrm{JacobFro}}{\log\left(\mathrm{GSynFlow}\right)} + \mathrm{GFLOPs} - \mathrm{Jacov},Jacob_fro GSynFlow Log Div GFLOPs Add Jacov Sub <EOS>,(((Jacob_fro / log(GSynFlow)) + GFLOPs) - Jacov),0.503900000,0.445700000,173,8,5,2221,run_monash_time_unique1000,1,1,TIME__CPHL__15T/seed_2221/run_monash_time_unique1000/visualizations/archive_latex.tex
173,0.845045045,0.503900000,\frac{\mathrm{JacobFro}}{\log\left(\mathrm{GSynFlow}\right)} - \mathrm{Jacov} - \mathrm{GFLOPs},Jacob_fro GSynFlow Log Div Jacov GFLOPs Sub Sub <EOS>,((Jacob_fro / log(GSynFlow)) - (Jacov - GFLOPs)),0.503900000,0.445700000,145,8,4,2214,run_monash_time_unique1000,7,1,TIME__CPHL__15T/seed_2214/run_monash_time_unique1000/visualizations/archive_latex.tex
174,0.844144144,0.503200000,\frac{\mathrm{Snip}}{\log\left(\mathrm{GSynFlow}\right)} - \mathrm{Jacov},Snip GSynFlow Log Div Jacov Sub <EOS>,((Snip / log(GSynFlow)) - Jacov),0.503200000,0.433200000,116,6,4,2036,run_monash_time_unique1000,1,14,TIME__CPHL__15T/seed_2036/run_monash_time_unique1000/visualizations/archive_latex.tex
175,0.843243243,0.503200000,-\frac{\mathrm{Snip}}{-\log\left(\mathrm{GSynFlow}\right)} - \mathrm{Jacov},Snip GSynFlow Log Negative Div Negative Jacov Sub <EOS>,(-((Snip / -(log(GSynFlow)))) - Jacov),0.503200000,0.433200000,179,8,6,2055,run_monash_time_unique1000,1,1,TIME__CPHL__15T/seed_2055/run_monash_time_unique1000/visualizations/archive_latex.tex
176,0.842342342,0.503200000,\frac{\mathrm{Snip}}{\log\left(-\mathrm{GSynFlow}\right)} - \mathrm{Jacov},Snip GSynFlow Negative Log Div Jacov Sub <EOS>,((Snip / log(-(GSynFlow))) - Jacov),0.503200000,0.433200000,136,7,5,2150,run_monash_time_unique1000,1,1,TIME__CPHL__15T/seed_2150/run_monash_time_unique1000/visualizations/archive_latex.tex
177,0.841441441,0.503100000,\frac{\sqrt{\mathrm{Snip}}}{\log\left(\mathrm{GSynFlow}\right)} - \mathrm{Jacov},Snip Sqrt GSynFlow Log Div Jacov Sub <EOS>,((sqrt(Snip) / log(GSynFlow)) - Jacov),0.503100000,0.486900000,149,7,4,2110,run_monash_time_unique1000,1,9,TIME__CPHL__15T/seed_2110/run_monash_time_unique1000/visualizations/archive_latex.tex
178,0.840540541,0.503000000,\frac{\mathrm{Snip}}{\log\left(-\mathrm{GSynFlow}\right)} - \mathrm{Jacov} + \mathrm{ZiCo},Snip GSynFlow Negative Log Div Jacov Sub ZiCo Add <EOS>,(((Snip / log(-(GSynFlow))) - Jacov) + ZiCo),0.503000000,0.433200000,85,9,6,2186,run_monash_time_unique1000,3,1,TIME__CPHL__15T/seed_2186/run_monash_time_unique1000/visualizations/archive_latex.tex
179,0.839639640,0.502700000,\frac{\left(\frac{\mathrm{L2Norm}}{\log\left(\mathrm{GSynFlow}\right)} - \mathrm{Jacov}\right)^2}{\mathrm{JacobFro}},L2-Norm GSynFlow Log Div Jacov Sub Square Jacob_fro Div <EOS>,(square(((L2-Norm / log(GSynFlow)) - Jacov)) / Jacob_fro),0.502700000,0.521500000,173,9,6,2117,run_monash_time_unique1000,4,1,TIME__CPHL__15T/seed_2117/run_monash_time_unique1000/visualizations/archive_latex.tex
180,0.838738739,0.500700000,\frac{-\mathrm{Fisher} - \mathrm{Snip}}{\log\left(\mathrm{GSynFlow}\right)} - \mathrm{Jacov},Fisher Snip Sub Negative GSynFlow Log Div Jacov Sub <EOS>,((-((Fisher - Snip)) / log(GSynFlow)) - Jacov),0.500700000,0.432700000,104,9,5,2165,run_monash_time_unique1000,2,1,TIME__CPHL__15T/seed_2165/run_monash_time_unique1000/visualizations/archive_latex.tex
181,0.837837838,0.500600000,\frac{\mathrm{Snip} - \mathrm{GFLOPs}}{\log\left(\mathrm{GSynFlow}\right)} - \mathrm{Jacov},Snip GFLOPs Sub GSynFlow Log Div Jacov Sub <EOS>,(((Snip - GFLOPs) / log(GSynFlow)) - Jacov),0.500600000,0.435200000,155,8,4,2117,run_monash_time_unique1000,5,1,TIME__CPHL__15T/seed_2117/run_monash_time_unique1000/visualizations/archive_latex.tex
182,0.836936937,0.500400000,\frac{\sqrt{\mathrm{Jacov} + \frac{\left(\mathrm{GFLOPs}\right)^2}{\mathrm{Fisher}}}}{\mathrm{Jacov}},Jacov GFLOPs Square Fisher Div Add Sqrt Jacov Div <EOS>,(sqrt((Jacov + (square(GFLOPs) / Fisher))) / Jacov),0.500400000,0.536400000,184,9,6,2154,run_monash_time_unique1000,7,1,TIME__CPHL__15T/seed_2154/run_monash_time_unique1000/visualizations/archive_latex.tex
183,0.836036036,0.500300000,\frac{\mathrm{L2Norm}}{\log\left(\sqrt{\mathrm{GSynFlow}}\right)} - \mathrm{Jacov},L2-Norm GSynFlow Sqrt Log Div Jacov Sub <EOS>,((L2-Norm / log(sqrt(GSynFlow))) - Jacov),0.500300000,0.452500000,52,7,5,2132,run_monash_time_unique1000,1,3,TIME__CPHL__15T/seed_2132/run_monash_time_unique1000/visualizations/archive_latex.tex
184,0.835135135,0.499700000,\frac{\mathrm{Snip}}{\log\left(\mathrm{GSynFlow}\right)} - \mathrm{GradNorm} - \mathrm{Jacov},Snip GSynFlow Log Div Grad_Norm Sub Jacov Sub <EOS>,(((Snip / log(GSynFlow)) - Grad_Norm) - Jacov),0.499700000,0.433100000,75,8,5,2062,run_monash_time_unique1000,8,1,TIME__CPHL__15T/seed_2062/run_monash_time_unique1000/visualizations/archive_latex.tex
185,0.834234234,0.499400000,\frac{\mathrm{Snip}}{\log\left(\mathrm{GSynFlow}\right)} - \mathrm{Jacov} + \mathrm{plain},Snip GSynFlow Log Div Jacov plain Add Sub <EOS>,((Snip / log(GSynFlow)) - (Jacov + plain)),0.499400000,0.432200000,126,8,4,2214,run_monash_time_unique1000,9,1,TIME__CPHL__15T/seed_2214/run_monash_time_unique1000/visualizations/archive_latex.tex
186,0.833333333,0.498000000,\left(\left(\mathrm{L2Norm} + \mathrm{Jacov}\right)^2\right) \cdot \left(\sqrt{\mathrm{plain} - \mathrm{Fisher}}\right),L2-Norm Jacov Add Square plain Fisher Sub Sqrt Mul <EOS>,(square((L2-Norm + Jacov)) * sqrt((plain - Fisher))),0.498000000,0.510800000,168,9,4,2042,run_monash_time_unique1000,1,1,TIME__CPHL__15T/seed_2042/run_monash_time_unique1000/visualizations/archive_latex.tex
187,0.832432432,0.497600000,\frac{\mathrm{Snip}}{\frac{\log\left(\mathrm{GSynFlow}\right)}{\mathrm{Fisher}}} - \mathrm{Jacov},Snip GSynFlow Log Fisher Div Div Jacov Sub <EOS>,((Snip / (log(GSynFlow) / Fisher)) - Jacov),0.497600000,0.440800000,141,8,5,2055,run_monash_time_unique1000,2,1,TIME__CPHL__15T/seed_2055/run_monash_time_unique1000/visualizations/archive_latex.tex
188,0.831531532,0.497300000,\frac{\mathrm{GFLOPs}}{\log\left(\sqrt{\mathrm{GSynFlow}}\right)} - \mathrm{Jacov} + \mathrm{L2Norm},GFLOPs GSynFlow Sqrt Log Div Jacov L2-Norm Add Sub <EOS>,((GFLOPs / log(sqrt(GSynFlow))) - (Jacov + L2-Norm)),0.497300000,0.523600000,84,9,5,2124,run_monash_time_unique1000,1,3,TIME__CPHL__15T/seed_2124/run_monash_time_unique1000/visualizations/archive_latex.tex
189,0.830630631,0.497300000,\frac{\mathrm{GFLOPs}}{\log\left(\sqrt{\mathrm{GSynFlow}}\right)} - \mathrm{L2Norm} + \mathrm{Jacov},GFLOPs GSynFlow Sqrt Log Div L2-Norm Jacov Add Sub <EOS>,((GFLOPs / log(sqrt(GSynFlow))) - (L2-Norm + Jacov)),0.497300000,0.523600000,74,9,5,2063,run_monash_time_unique1000,2,7,TIME__CPHL__15T/seed_2063/run_monash_time_unique1000/visualizations/archive_latex.tex
190,0.829729730,0.497300000,\frac{\mathrm{GFLOPs}}{\log\left(\sqrt{\mathrm{GSynFlow}}\right)} - \mathrm{L2Norm} - \mathrm{Jacov},GFLOPs GSynFlow Sqrt Log Div L2-Norm Sub Jacov Sub <EOS>,(((GFLOPs / log(sqrt(GSynFlow))) - L2-Norm) - Jacov),0.497300000,0.523600000,189,9,6,2175,run_monash_time_unique1000,2,1,TIME__CPHL__15T/seed_2175/run_monash_time_unique1000/visualizations/archive_latex.tex
191,0.828828829,0.497100000,\frac{\mathrm{L2Norm} - \frac{\mathrm{GradNorm}}{\log\left(\left(\mathrm{GSynFlow}\right)^2\right)}}{\mathrm{Jacov}},L2-Norm Grad_Norm GSynFlow Square Log Div Sub Jacov Div <EOS>,((L2-Norm - (Grad_Norm / log(square(GSynFlow)))) / Jacov),0.497100000,0.521400000,133,9,6,2048,run_monash_time_unique1000,2,2,TIME__CPHL__15T/seed_2048/run_monash_time_unique1000/visualizations/archive_latex.tex
192,0.827927928,0.497100000,\frac{\mathrm{Jacov}}{\frac{\mathrm{GradNorm}}{\log\left(\left(\mathrm{GSynFlow}\right)^2\right)} - \mathrm{L2Norm}},Jacov Grad_Norm GSynFlow Square Log Div L2-Norm Sub Div <EOS>,(Jacov / ((Grad_Norm / log(square(GSynFlow))) - L2-Norm)),0.497100000,0.521400000,49,9,6,2069,run_monash_time_unique1000,8,1,TIME__CPHL__15T/seed_2069/run_monash_time_unique1000/visualizations/archive_latex.tex
193,0.827027027,0.496900000,\frac{\mathrm{L2Norm} - \frac{\log\left(\mathrm{GraSP}\right)}{\log\left(\mathrm{GSynFlow}\right)}}{\mathrm{Jacov}},L2-Norm GraSP Log GSynFlow Log Div Sub Jacov Div <EOS>,((L2-Norm - (log(GraSP) / log(GSynFlow))) / Jacov),0.496900000,0.514900000,114,9,5,2108,run_monash_time_unique1000,6,1,TIME__CPHL__15T/seed_2108/run_monash_time_unique1000/visualizations/archive_latex.tex
194,0.826126126,0.496900000,\frac{\mathrm{Jacov}}{\frac{\log\left(\mathrm{GraSP}\right)}{\log\left(\mathrm{GSynFlow}\right)} - \mathrm{L2Norm}},Jacov GraSP Log GSynFlow Log Div L2-Norm Sub Div <EOS>,(Jacov / ((log(GraSP) / log(GSynFlow)) - L2-Norm)),0.496900000,0.514900000,23,9,5,2069,run_monash_time_unique1000,9,1,TIME__CPHL__15T/seed_2069/run_monash_time_unique1000/visualizations/archive_latex.tex
195,0.825225225,0.494800000,\frac{\log\left(\mathrm{Jacov} + \frac{\left(\mathrm{GFLOPs}\right)^2}{\mathrm{Fisher}}\right)}{\mathrm{Jacov}},Jacov GFLOPs Square Fisher Div Add Log Jacov Div <EOS>,(log((Jacov + (square(GFLOPs) / Fisher))) / Jacov),0.494800000,0.551100000,186,9,6,2154,run_monash_time_unique1000,8,1,TIME__CPHL__15T/seed_2154/run_monash_time_unique1000/visualizations/archive_latex.tex
196,0.824324324,0.494400000,\frac{\left(\mathrm{GFLOPs}\right) \cdot \left(\mathrm{JacobFro}\right) - \mathrm{Jacov}}{\mathrm{L2Norm}},GFLOPs Jacob_fro Mul Jacov Sub L2-Norm Div <EOS>,(((GFLOPs * Jacob_fro) - Jacov) / L2-Norm),0.494400000,0.440000000,137,7,4,2076,run_monash_time_unique1000,1,3,TIME__CPHL__15T/seed_2076/run_monash_time_unique1000/visualizations/archive_latex.tex
197,0.823423423,0.494400000,\frac{\left(\mathrm{JacobFro}\right) \cdot \left(\mathrm{GFLOPs}\right) - \mathrm{Jacov}}{\mathrm{L2Norm}},Jacob_fro GFLOPs Mul Jacov Sub L2-Norm Div <EOS>,(((Jacob_fro * GFLOPs) - Jacov) / L2-Norm),0.494400000,0.440000000,65,7,4,2098,run_monash_time_unique1000,1,3,TIME__CPHL__15T/seed_2098/run_monash_time_unique1000/visualizations/archive_latex.tex
198,0.822522523,0.494400000,\frac{\mathrm{L2Norm}}{\mathrm{Jacov} - \left(\mathrm{JacobFro}\right) \cdot \left(\mathrm{GFLOPs}\right)},L2-Norm Jacov Jacob_fro GFLOPs Mul Sub Div <EOS>,(L2-Norm / (Jacov - (Jacob_fro * GFLOPs))),0.494400000,0.440000000,7,7,4,2196,run_monash_time_unique1000,1,3,TIME__CPHL__15T/seed_2196/run_monash_time_unique1000/visualizations/archive_latex.tex
199,0.821621622,0.494400000,\frac{\frac{\mathrm{GFLOPs}}{-\log\left(\mathrm{GSynFlow}\right)} + \mathrm{L2Norm}}{\mathrm{Jacov}},GFLOPs GSynFlow Log Negative Div L2-Norm Add Jacov Div <EOS>,(((GFLOPs / -(log(GSynFlow))) + L2-Norm) / Jacov),0.494400000,0.518200000,49,9,6,2174,run_monash_time_unique1000,2,1,TIME__CPHL__15T/seed_2174/run_monash_time_unique1000/visualizations/archive_latex.tex
200,0.820720721,0.494400000,\left(-\mathrm{plain} + \log\left(\mathrm{Fisher}\right)\right) \cdot \left(\mathrm{Jacov} + \mathrm{L2Norm}\right),plain Negative Fisher Log Add Jacov L2-Norm Add Mul <EOS>,((-(plain) + log(Fisher)) * (Jacov + L2-Norm)),0.494400000,0.455100000,105,9,4,2045,run_monash_time_unique1000,3,1,TIME__CPHL__15T/seed_2045/run_monash_time_unique1000/visualizations/archive_latex.tex
201,0.819819820,0.494400000,\frac{\mathrm{L2Norm} - \frac{\mathrm{GFLOPs}}{\log\left(\mathrm{GSynFlow}\right)}}{\mathrm{Jacov}},L2-Norm GFLOPs GSynFlow Log Div Sub Jacov Div <EOS>,((L2-Norm - (GFLOPs / log(GSynFlow))) / Jacov),0.494400000,0.518200000,165,8,5,2048,run_monash_time_unique1000,3,3,TIME__CPHL__15T/seed_2048/run_monash_time_unique1000/visualizations/archive_latex.tex
202,0.818918919,0.494400000,\frac{\mathrm{L2Norm}}{\mathrm{Jacov} - \left(\mathrm{GFLOPs}\right) \cdot \left(\mathrm{JacobFro}\right)},L2-Norm Jacov GFLOPs Jacob_fro Mul Sub Div <EOS>,(L2-Norm / (Jacov - (GFLOPs * Jacob_fro))),0.494400000,0.440000000,15,7,4,2068,run_monash_time_unique1000,3,1,TIME__CPHL__15T/seed_2068/run_monash_time_unique1000/visualizations/archive_latex.tex
203,0.818018018,0.494400000,\frac{\mathrm{Jacov}}{\frac{\mathrm{GFLOPs}}{\log\left(\mathrm{GSynFlow}\right)} - \mathrm{L2Norm}},Jacov GFLOPs GSynFlow Log Div L2-Norm Sub Div <EOS>,(Jacov / ((GFLOPs / log(GSynFlow)) - L2-Norm)),0.494400000,0.518200000,47,8,5,2069,run_monash_time_unique1000,10,1,TIME__CPHL__15T/seed_2069/run_monash_time_unique1000/visualizations/archive_latex.tex
204,0.817117117,0.494100000,\frac{\mathrm{GradNorm}}{\log\left(\frac{\mathrm{ZiCo}}{\log\left(\mathrm{GSynFlow}\right)}\right)} - \mathrm{Jacov},Grad_Norm ZiCo GSynFlow Log Div Log Div Jacov Sub <EOS>,((Grad_Norm / log((ZiCo / log(GSynFlow)))) - Jacov),0.494100000,0.546900000,170,9,6,2194,run_monash_time_unique1000,4,1,TIME__CPHL__15T/seed_2194/run_monash_time_unique1000/visualizations/archive_latex.tex
205,0.816216216,0.493900000,\frac{\log\left(\mathrm{GradNorm} - \mathrm{GFLOPs}\right)}{\left(\mathrm{Fisher}\right)^2} - \mathrm{Jacov},Grad_Norm GFLOPs Sub Log Fisher Square Div Jacov Sub <EOS>,((log((Grad_Norm - GFLOPs)) / square(Fisher)) - Jacov),0.493900000,0.448000000,44,9,5,2082,run_monash_time_unique1000,1,1,TIME__CPHL__15T/seed_2082/run_monash_time_unique1000/visualizations/archive_latex.tex
206,0.815315315,0.493100000,\frac{\mathrm{GradNorm}}{\log\left(\mathrm{GSynFlow}\right)} - \mathrm{Jacov},Grad_Norm GSynFlow Log Div Jacov Sub <EOS>,((Grad_Norm / log(GSynFlow)) - Jacov),0.493100000,0.488200000,133,6,4,2033,run_monash_time_unique1000,1,47,TIME__CPHL__15T/seed_2033/run_monash_time_unique1000/visualizations/archive_latex.tex
207,0.814414414,0.493100000,\frac{\mathrm{GradNorm}}{\log\left(\mathrm{GSynFlow}\right)} - \mathrm{Jacov} + \mathrm{ZiCo},Grad_Norm GSynFlow Log Div Jacov ZiCo Add Sub <EOS>,((Grad_Norm / log(GSynFlow)) - (Jacov + ZiCo)),0.493100000,0.488000000,144,8,4,2164,run_monash_time_unique1000,5,1,TIME__CPHL__15T/seed_2164/run_monash_time_unique1000/visualizations/archive_latex.tex
208,0.813513514,0.493100000,\frac{\mathrm{GradNorm}}{\log\left(\mathrm{GSynFlow}\right)} - \mathrm{Jacov} - \mathrm{ZiCo},Grad_Norm GSynFlow Log Div Jacov ZiCo Sub Sub <EOS>,((Grad_Norm / log(GSynFlow)) - (Jacov - ZiCo)),0.493100000,0.487900000,143,8,4,2164,run_monash_time_unique1000,6,1,TIME__CPHL__15T/seed_2164/run_monash_time_unique1000/visualizations/archive_latex.tex
209,0.812612613,0.492900000,\frac{\mathrm{L2Norm} + \left(-\mathrm{JacobFro}\right) \cdot \left(\mathrm{MParams}\right)}{\mathrm{Jacov}},L2-Norm Jacob_fro Negative MParams Mul Add Jacov Div <EOS>,((L2-Norm + (-(Jacob_fro) * MParams)) / Jacov),0.492900000,0.445600000,22,8,5,2086,run_monash_time_unique1000,2,1,TIME__CPHL__15T/seed_2086/run_monash_time_unique1000/visualizations/archive_latex.tex
210,0.811711712,0.492900000,\frac{\mathrm{Jacov}}{\left(\mathrm{JacobFro}\right) \cdot \left(\mathrm{MParams}\right) - \mathrm{L2Norm}},Jacov Jacob_fro MParams Mul L2-Norm Sub Div <EOS>,(Jacov / ((Jacob_fro * MParams) - L2-Norm)),0.492900000,0.445600000,32,7,4,2149,run_monash_time_unique1000,2,1,TIME__CPHL__15T/seed_2149/run_monash_time_unique1000/visualizations/archive_latex.tex
211,0.810810811,0.492900000,\frac{\mathrm{L2Norm} - \left(\mathrm{MParams}\right) \cdot \left(\mathrm{JacobFro}\right)}{\mathrm{Jacov}},L2-Norm MParams Jacob_fro Mul Sub Jacov Div <EOS>,((L2-Norm - (MParams * Jacob_fro)) / Jacov),0.492900000,0.445600000,28,7,4,2201,run_monash_time_unique1000,3,4,TIME__CPHL__15T/seed_2201/run_monash_time_unique1000/visualizations/archive_latex.tex
212,0.809909910,0.492900000,\frac{\mathrm{L2Norm} - \left(\mathrm{JacobFro}\right) \cdot \left(\mathrm{MParams}\right)}{\mathrm{Jacov}},L2-Norm Jacob_fro MParams Mul Sub Jacov Div <EOS>,((L2-Norm - (Jacob_fro * MParams)) / Jacov),0.492900000,0.445600000,89,7,4,2108,run_monash_time_unique1000,9,2,TIME__CPHL__15T/seed_2108/run_monash_time_unique1000/visualizations/archive_latex.tex
213,0.809009009,0.492500000,-\frac{\mathrm{GFLOPs}}{\log\left(\mathrm{plain}\right) + \mathrm{ZiCo}} - \mathrm{Jacov},GFLOPs plain Log ZiCo Add Div Negative Jacov Sub <EOS>,(-((GFLOPs / (log(plain) + ZiCo))) - Jacov),0.492500000,0.507200000,114,9,6,2038,run_monash_time_unique1000,3,1,TIME__CPHL__15T/seed_2038/run_monash_time_unique1000/visualizations/archive_latex.tex
214,0.808108108,0.492300000,\frac{\frac{\mathrm{GradNorm}}{\log\left(-\mathrm{GSynFlow}\right)} - \mathrm{Jacov}}{\mathrm{L2Norm}},Grad_Norm GSynFlow Negative Log Div Jacov Sub L2-Norm Div <EOS>,(((Grad_Norm / log(-(GSynFlow))) - Jacov) / L2-Norm),0.492300000,0.514100000,121,9,6,2075,run_monash_time_unique1000,3,1,TIME__CPHL__15T/seed_2075/run_monash_time_unique1000/visualizations/archive_latex.tex
215,0.807207207,0.492300000,\frac{\frac{\mathrm{GradNorm}}{\log\left(\mathrm{GSynFlow}\right)} - \mathrm{Jacov}}{\mathrm{L2Norm}},Grad_Norm GSynFlow Log Div Jacov Sub L2-Norm Div <EOS>,(((Grad_Norm / log(GSynFlow)) - Jacov) / L2-Norm),0.492300000,0.514100000,92,8,5,2172,run_monash_time_unique1000,4,5,TIME__CPHL__15T/seed_2172/run_monash_time_unique1000/visualizations/archive_latex.tex
216,0.806306306,0.492100000,\frac{\frac{-\mathrm{plain}}{\mathrm{GSynFlow} - \mathrm{plain}}}{\mathrm{Jacov}},plain Negative GSynFlow plain Sub Div Jacov Div <EOS>,((-(plain) / (GSynFlow - plain)) / Jacov),0.492100000,0.417400000,145,8,4,2128,run_monash_time_unique1000,1,1,TIME__CPHL__15T/seed_2128/run_monash_time_unique1000/visualizations/archive_latex.tex
217,0.805405405,0.492100000,\frac{\frac{\mathrm{plain}}{\mathrm{plain} - \mathrm{GSynFlow}}}{\mathrm{Jacov}},plain plain GSynFlow Sub Div Jacov Div <EOS>,((plain / (plain - GSynFlow)) / Jacov),0.492100000,0.417400000,181,7,4,2129,run_monash_time_unique1000,1,1,TIME__CPHL__15T/seed_2129/run_monash_time_unique1000/visualizations/archive_latex.tex
218,0.804504505,0.492000000,\frac{\mathrm{ZiCo} - \frac{\mathrm{Fisher}}{\log\left(\left(\mathrm{GSynFlow}\right)^2\right)}}{\mathrm{Jacov}},ZiCo Fisher GSynFlow Square Log Div Sub Jacov Div <EOS>,((ZiCo - (Fisher / log(square(GSynFlow)))) / Jacov),0.492000000,0.441200000,179,9,6,2128,run_monash_time_unique1000,2,1,TIME__CPHL__15T/seed_2128/run_monash_time_unique1000/visualizations/archive_latex.tex
219,0.803603604,0.491600000,\frac{\mathrm{plain} - \mathrm{Fisher}}{\log\left(\log\left(\mathrm{ZiCo}\right)\right)} - \mathrm{Jacov},plain Fisher Sub ZiCo Log Log Div Jacov Sub <EOS>,(((plain - Fisher) / log(log(ZiCo))) - Jacov),0.491600000,0.561100000,150,9,5,2138,run_monash_time_unique1000,4,1,TIME__CPHL__15T/seed_2138/run_monash_time_unique1000/visualizations/archive_latex.tex
220,0.802702703,0.490400000,\frac{\mathrm{GradNorm}}{\log\left(\mathrm{GSynFlow}\right)} - \mathrm{MParams} - \mathrm{Jacov},Grad_Norm GSynFlow Log Div MParams Sub Jacov Sub <EOS>,(((Grad_Norm / log(GSynFlow)) - MParams) - Jacov),0.490400000,0.488900000,41,8,5,2072,run_monash_time_unique1000,6,1,TIME__CPHL__15T/seed_2072/run_monash_time_unique1000/visualizations/archive_latex.tex
221,0.801801802,0.490400000,\frac{\log\left(\mathrm{Jacov}\right)}{\mathrm{ZiCo} + \log\left(\mathrm{GSynFlow}\right)} - \mathrm{Jacov},Jacov Log ZiCo GSynFlow Log Add Div Jacov Sub <EOS>,((log(Jacov) / (ZiCo + log(GSynFlow))) - Jacov),0.490400000,0.509300000,167,9,5,2194,run_monash_time_unique1000,6,1,TIME__CPHL__15T/seed_2194/run_monash_time_unique1000/visualizations/archive_latex.tex
222,0.800900901,0.490400000,\frac{\mathrm{GradNorm}}{\log\left(\mathrm{GSynFlow}\right)} - \mathrm{MParams} + \mathrm{Jacov},Grad_Norm GSynFlow Log Div MParams Jacov Add Sub <EOS>,((Grad_Norm / log(GSynFlow)) - (MParams + Jacov)),0.490400000,0.488900000,125,8,4,2220,run_monash_time_unique1000,6,1,TIME__CPHL__15T/seed_2220/run_monash_time_unique1000/visualizations/archive_latex.tex
223,0.800000000,0.490400000,\frac{\mathrm{GradNorm}}{\log\left(\mathrm{GSynFlow}\right)} - \mathrm{Jacov} + \mathrm{MParams},Grad_Norm GSynFlow Log Div Jacov MParams Add Sub <EOS>,((Grad_Norm / log(GSynFlow)) - (Jacov + MParams)),0.490400000,0.488900000,87,8,4,2180,run_monash_time_unique1000,7,1,TIME__CPHL__15T/seed_2180/run_monash_time_unique1000/visualizations/archive_latex.tex
224,0.799099099,0.490200000,\frac{\left(\mathrm{GradNorm}\right)^2}{\log\left(\mathrm{GSynFlow}\right)} - \mathrm{Jacov},Grad_Norm Square GSynFlow Log Div Jacov Sub <EOS>,((square(Grad_Norm) / log(GSynFlow)) - Jacov),0.490200000,0.435100000,126,7,4,2092,run_monash_time_unique1000,1,5,TIME__CPHL__15T/seed_2092/run_monash_time_unique1000/visualizations/archive_latex.tex
225,0.798198198,0.490200000,\frac{\left(\mathrm{GradNorm}\right)^2}{\log\left(-\mathrm{GSynFlow}\right)} - \mathrm{Jacov},Grad_Norm Square GSynFlow Negative Log Div Jacov Sub <EOS>,((square(Grad_Norm) / log(-(GSynFlow))) - Jacov),0.490200000,0.435100000,134,8,5,2205,run_monash_time_unique1000,5,1,TIME__CPHL__15T/seed_2205/run_monash_time_unique1000/visualizations/archive_latex.tex
226,0.797297297,0.489800000,\frac{\sqrt{\mathrm{GradNorm}}}{\frac{\log\left(\mathrm{GSynFlow}\right)}{\mathrm{L2Norm}}} - \mathrm{Jacov},Grad_Norm Sqrt GSynFlow Log L2-Norm Div Div Jacov Sub <EOS>,((sqrt(Grad_Norm) / (log(GSynFlow) / L2-Norm)) - Jacov),0.489800000,0.426600000,144,9,5,2088,run_monash_time_unique1000,3,1,TIME__CPHL__15T/seed_2088/run_monash_time_unique1000/visualizations/archive_latex.tex
227,0.796396396,0.489800000,\frac{\mathrm{GradNorm}}{\log\left(\mathrm{GSynFlow}\right)} - \mathrm{GradNorm} + \mathrm{Jacov},Grad_Norm GSynFlow Log Div Grad_Norm Jacov Add Sub <EOS>,((Grad_Norm / log(GSynFlow)) - (Grad_Norm + Jacov)),0.489800000,0.487500000,124,8,4,2074,run_monash_time_unique1000,6,1,TIME__CPHL__15T/seed_2074/run_monash_time_unique1000/visualizations/archive_latex.tex
228,0.795495495,0.489100000,\frac{\mathrm{GradNorm}}{\log\left(\mathrm{GSynFlow}\right)} - \mathrm{Jacov} + \log\left(\mathrm{L2Norm}\right),Grad_Norm GSynFlow Log Div Jacov L2-Norm Log Add Sub <EOS>,((Grad_Norm / log(GSynFlow)) - (Jacov + log(L2-Norm))),0.489100000,0.488900000,177,9,4,2170,run_monash_time_unique1000,3,1,TIME__CPHL__15T/seed_2170/run_monash_time_unique1000/visualizations/archive_latex.tex
229,0.794594595,0.489000000,\left(\mathrm{Fisher} + \log\left(\mathrm{Fisher}\right) - \mathrm{JacobFro}\right) \cdot \left(\mathrm{Jacov}\right),Fisher Fisher Log Add Jacob_fro Sub Jacov Mul <EOS>,(((Fisher + log(Fisher)) - Jacob_fro) * Jacov),0.489000000,0.427100000,193,8,5,2127,run_monash_time_unique1000,1,1,TIME__CPHL__15T/seed_2127/run_monash_time_unique1000/visualizations/archive_latex.tex
230,0.793693694,0.488700000,\frac{\mathrm{L2Norm} - \frac{\log\left(\mathrm{Snip}\right)}{\log\left(\mathrm{GSynFlow}\right)}}{\mathrm{Jacov}},L2-Norm Snip Log GSynFlow Log Div Sub Jacov Div <EOS>,((L2-Norm - (log(Snip) / log(GSynFlow))) / Jacov),0.488700000,0.512100000,141,9,5,2108,run_monash_time_unique1000,10,1,TIME__CPHL__15T/seed_2108/run_monash_time_unique1000/visualizations/archive_latex.tex
231,0.792792793,0.487900000,\frac{\sqrt{\mathrm{Jacov}}}{\log\left(\mathrm{GSynFlow}\right)} - \mathrm{Jacov},Jacov Sqrt GSynFlow Log Div Jacov Sub <EOS>,((sqrt(Jacov) / log(GSynFlow)) - Jacov),0.487900000,0.470300000,64,7,4,2066,run_monash_time_unique1000,3,1,TIME__CPHL__15T/seed_2066/run_monash_time_unique1000/visualizations/archive_latex.tex
232,0.791891892,0.487900000,\frac{\mathrm{L2Norm}}{\mathrm{ZiCo} + \log\left(\mathrm{GSynFlow}\right)} - \mathrm{Jacov},L2-Norm ZiCo GSynFlow Log Add Div Jacov Sub <EOS>,((L2-Norm / (ZiCo + log(GSynFlow))) - Jacov),0.487900000,0.544400000,165,8,5,2194,run_monash_time_unique1000,7,1,TIME__CPHL__15T/seed_2194/run_monash_time_unique1000/visualizations/archive_latex.tex
233,0.790990991,0.486800000,\frac{\mathrm{JacobFro}}{\log\left(\left(\mathrm{GSynFlow}\right)^2\right)} - \mathrm{Jacov} - \mathrm{L2Norm},Jacob_fro GSynFlow Square Log Div Jacov Sub L2-Norm Sub <EOS>,(((Jacob_fro / log(square(GSynFlow))) - Jacov) - L2-Norm),0.486800000,0.520700000,89,9,6,2087,run_monash_time_unique1000,2,1,TIME__CPHL__15T/seed_2087/run_monash_time_unique1000/visualizations/archive_latex.tex
234,0.790090090,0.486800000,\frac{\mathrm{JacobFro}}{\log\left(\left(\mathrm{GSynFlow}\right)^2\right)} - \mathrm{Jacov} + \mathrm{L2Norm},Jacob_fro GSynFlow Square Log Div Jacov L2-Norm Add Sub <EOS>,((Jacob_fro / log(square(GSynFlow))) - (Jacov + L2-Norm)),0.486800000,0.520700000,159,9,5,2065,run_monash_time_unique1000,4,2,TIME__CPHL__15T/seed_2065/run_monash_time_unique1000/visualizations/archive_latex.tex
235,0.789189189,0.486800000,\frac{\mathrm{JacobFro}}{\log\left(\left(\mathrm{GSynFlow}\right)^2\right)} - \mathrm{L2Norm} - \mathrm{Jacov},Jacob_fro GSynFlow Square Log Div L2-Norm Sub Jacov Sub <EOS>,(((Jacob_fro / log(square(GSynFlow))) - L2-Norm) - Jacov),0.486800000,0.520700000,114,9,6,2175,run_monash_time_unique1000,4,3,TIME__CPHL__15T/seed_2175/run_monash_time_unique1000/visualizations/archive_latex.tex
236,0.788288288,0.486800000,\frac{\mathrm{JacobFro}}{\log\left(\left(\mathrm{GSynFlow}\right)^2\right)} - \mathrm{L2Norm} + \mathrm{Jacov},Jacob_fro GSynFlow Square Log Div L2-Norm Jacov Add Sub <EOS>,((Jacob_fro / log(square(GSynFlow))) - (L2-Norm + Jacov)),0.486800000,0.520700000,45,9,5,2106,run_monash_time_unique1000,5,3,TIME__CPHL__15T/seed_2106/run_monash_time_unique1000/visualizations/archive_latex.tex
237,0.787387387,0.486700000,\frac{\frac{\mathrm{GFLOPs}}{\log\left(\sqrt{\mathrm{GSynFlow}}\right)} - \mathrm{Jacov}}{\mathrm{L2Norm}},GFLOPs GSynFlow Sqrt Log Div Jacov Sub L2-Norm Div <EOS>,(((GFLOPs / log(sqrt(GSynFlow))) - Jacov) / L2-Norm),0.486700000,0.510400000,170,9,6,2087,run_monash_time_unique1000,3,1,TIME__CPHL__15T/seed_2087/run_monash_time_unique1000/visualizations/archive_latex.tex
238,0.786486486,0.486700000,\left(\left(\mathrm{ZiCo}\right) \cdot \left(\mathrm{Jacov}\right)\right) \cdot \left(\mathrm{Fisher} - \mathrm{JacobFro}\right),ZiCo Jacov Mul Fisher Jacob_fro Sub Mul <EOS>,((ZiCo * Jacov) * (Fisher - Jacob_fro)),0.486700000,0.435300000,28,7,3,2177,run_monash_time_unique1000,3,1,TIME__CPHL__15T/seed_2177/run_monash_time_unique1000/visualizations/archive_latex.tex
239,0.785585586,0.486200000,\frac{\sqrt{\mathrm{L2Norm}}}{\log\left(\mathrm{GSynFlow}\right)} - \mathrm{L2Norm} + \mathrm{Jacov},L2-Norm Sqrt GSynFlow Log Div L2-Norm Jacov Add Sub <EOS>,((sqrt(L2-Norm) / log(GSynFlow)) - (L2-Norm + Jacov)),0.486200000,0.517400000,166,9,4,2101,run_monash_time_unique1000,2,7,TIME__CPHL__15T/seed_2101/run_monash_time_unique1000/visualizations/archive_latex.tex
240,0.784684685,0.486200000,\frac{\sqrt{\mathrm{L2Norm}}}{\log\left(\mathrm{GSynFlow}\right)} - \mathrm{Jacov} + \mathrm{L2Norm},L2-Norm Sqrt GSynFlow Log Div Jacov L2-Norm Add Sub <EOS>,((sqrt(L2-Norm) / log(GSynFlow)) - (Jacov + L2-Norm)),0.486200000,0.517400000,200,9,4,2167,run_monash_time_unique1000,2,10,TIME__CPHL__15T/seed_2167/run_monash_time_unique1000/visualizations/archive_latex.tex
241,0.783783784,0.486200000,\frac{\sqrt{\mathrm{L2Norm}}}{\log\left(\mathrm{GSynFlow}\right)} - \mathrm{L2Norm} - \mathrm{Jacov},L2-Norm Sqrt GSynFlow Log Div L2-Norm Sub Jacov Sub <EOS>,(((sqrt(L2-Norm) / log(GSynFlow)) - L2-Norm) - Jacov),0.486200000,0.517400000,42,9,5,2086,run_monash_time_unique1000,3,3,TIME__CPHL__15T/seed_2086/run_monash_time_unique1000/visualizations/archive_latex.tex
242,0.782882883,0.486200000,\frac{\sqrt{\mathrm{L2Norm}}}{\log\left(\mathrm{GSynFlow}\right)} - \mathrm{Jacov} - \mathrm{L2Norm},L2-Norm Sqrt GSynFlow Log Div Jacov Sub L2-Norm Sub <EOS>,(((sqrt(L2-Norm) / log(GSynFlow)) - Jacov) - L2-Norm),0.486200000,0.517400000,143,9,5,2109,run_monash_time_unique1000,3,2,TIME__CPHL__15T/seed_2109/run_monash_time_unique1000/visualizations/archive_latex.tex
243,0.781981982,0.486200000,\frac{\mathrm{GradNorm}}{\log\left(\mathrm{GSynFlow}\right)} - \mathrm{Jacov} - \mathrm{GFLOPs},Grad_Norm GSynFlow Log Div Jacov GFLOPs Sub Sub <EOS>,((Grad_Norm / log(GSynFlow)) - (Jacov - GFLOPs)),0.486200000,0.475600000,87,8,4,2059,run_monash_time_unique1000,9,1,TIME__CPHL__15T/seed_2059/run_monash_time_unique1000/visualizations/archive_latex.tex
244,0.781081081,0.485800000,-\left(\mathrm{GradNorm} + \mathrm{Jacov}\right) \cdot \left(\mathrm{JacobFro}\right) - \mathrm{Jacov},Grad_Norm Jacov Add Jacob_fro Mul Negative Jacov Sub <EOS>,(-(((Grad_Norm + Jacov) * Jacob_fro)) - Jacov),0.485800000,0.445900000,176,8,5,2135,run_monash_time_unique1000,1,1,TIME__CPHL__15T/seed_2135/run_monash_time_unique1000/visualizations/archive_latex.tex
245,0.780180180,0.485700000,\frac{\mathrm{GradNorm}}{\log\left(\mathrm{GSynFlow}\right)} + \mathrm{Fisher} - \mathrm{Jacov},Grad_Norm GSynFlow Log Div Fisher Add Jacov Sub <EOS>,(((Grad_Norm / log(GSynFlow)) + Fisher) - Jacov),0.485700000,0.489000000,150,8,5,2038,run_monash_time_unique1000,4,1,TIME__CPHL__15T/seed_2038/run_monash_time_unique1000/visualizations/archive_latex.tex
246,0.779279279,0.485400000,\frac{\frac{\log\left(\mathrm{GradNorm}\right)}{\mathrm{JacobFro}}}{\mathrm{Jacov}},Grad_Norm Log Jacob_fro Div Jacov Div <EOS>,((log(Grad_Norm) / Jacob_fro) / Jacov),0.485400000,0.416900000,170,6,4,2128,run_monash_time_unique1000,3,2,TIME__CPHL__15T/seed_2128/run_monash_time_unique1000/visualizations/archive_latex.tex
247,0.778378378,0.485400000,\frac{\frac{\log\left(-\mathrm{GradNorm}\right)}{\mathrm{JacobFro}}}{\mathrm{Jacov}},Grad_Norm Negative Log Jacob_fro Div Jacov Div <EOS>,((log(-(Grad_Norm)) / Jacob_fro) / Jacov),0.485400000,0.416900000,125,7,5,2048,run_monash_time_unique1000,5,1,TIME__CPHL__15T/seed_2048/run_monash_time_unique1000/visualizations/archive_latex.tex
248,0.777477477,0.484600000,\frac{\mathrm{GradNorm} - \mathrm{Fisher}}{\log\left(\mathrm{GSynFlow}\right)} - \mathrm{Jacov},Grad_Norm Fisher Sub GSynFlow Log Div Jacov Sub <EOS>,(((Grad_Norm - Fisher) / log(GSynFlow)) - Jacov),0.484600000,0.486000000,7,8,4,2114,run_monash_time_unique1000,6,1,TIME__CPHL__15T/seed_2114/run_monash_time_unique1000/visualizations/archive_latex.tex
249,0.776576577,0.483400000,\left(\frac{\mathrm{GFLOPs}}{\log\left(\mathrm{Fisher}\right) + \mathrm{MParams}} + \mathrm{Jacov}\right)^2,GFLOPs Fisher Log MParams Add Div Jacov Add Square <EOS>,square(((GFLOPs / (log(Fisher) + MParams)) + Jacov)),0.483400000,0.508700000,139,9,6,2125,run_monash_time_unique1000,1,1,TIME__CPHL__15T/seed_2125/run_monash_time_unique1000/visualizations/archive_latex.tex
250,0.775675676,0.483400000,\left(\mathrm{Jacov} + \frac{\mathrm{GFLOPs}}{\mathrm{MParams} + \log\left(\mathrm{Fisher}\right)}\right)^2,Jacov GFLOPs MParams Fisher Log Add Div Add Square <EOS>,square((Jacov + (GFLOPs / (MParams + log(Fisher))))),0.483400000,0.508700000,105,9,6,2139,run_monash_time_unique1000,1,1,TIME__CPHL__15T/seed_2139/run_monash_time_unique1000/visualizations/archive_latex.tex
251,0.774774775,0.482800000,\frac{\log\left(\mathrm{Snip} - \mathrm{plain}\right)}{\left(\mathrm{JacobFro}\right) \cdot \left(\mathrm{Jacov}\right)},Snip plain Sub Log Jacob_fro Jacov Mul Div <EOS>,(log((Snip - plain)) / (Jacob_fro * Jacov)),0.482800000,0.419500000,94,8,4,2118,run_monash_time_unique1000,2,1,TIME__CPHL__15T/seed_2118/run_monash_time_unique1000/visualizations/archive_latex.tex
252,0.773873874,0.482500000,\left(\mathrm{Fisher} - \mathrm{JacobFro}\right) \cdot \left(\mathrm{Jacov}\right) - \mathrm{L2Norm},Fisher Jacob_fro Sub Jacov Mul L2-Norm Sub <EOS>,(((Fisher - Jacob_fro) * Jacov) - L2-Norm),0.482500000,0.417700000,80,7,4,2136,run_monash_time_unique1000,1,1,TIME__CPHL__15T/seed_2136/run_monash_time_unique1000/visualizations/archive_latex.tex
253,0.772972973,0.482500000,\log\left(\left(\mathrm{JacobFro} - \mathrm{Fisher}\right) \cdot \left(\mathrm{Jacov}\right) + \mathrm{L2Norm}\right),Jacob_fro Fisher Sub Jacov Mul L2-Norm Add Log <EOS>,log((((Jacob_fro - Fisher) * Jacov) + L2-Norm)),0.482500000,0.417700000,39,8,5,2125,run_monash_time_unique1000,2,1,TIME__CPHL__15T/seed_2125/run_monash_time_unique1000/visualizations/archive_latex.tex
254,0.772072072,0.482400000,\mathrm{Jacov} - \left(\log\left(\mathrm{JacobFro}\right)\right) \cdot \left(\mathrm{Jacov}\right),Jacov Jacob_fro Log Jacov Mul Sub <EOS>,(Jacov - (log(Jacob_fro) * Jacov)),0.482400000,0.440800000,164,6,4,2174,run_monash_time_unique1000,4,1,TIME__CPHL__15T/seed_2174/run_monash_time_unique1000/visualizations/archive_latex.tex
255,0.771171171,0.482200000,\sqrt{\mathrm{Jacov}} - \sqrt{\frac{\mathrm{Fisher}}{\log\left(\log\left(\mathrm{GFLOPs}\right)\right)}},Jacov Sqrt Fisher GFLOPs Log Log Div Sqrt Sub <EOS>,(sqrt(Jacov) - sqrt((Fisher / log(log(GFLOPs))))),0.482200000,0.505500000,78,9,6,2053,run_monash_time_unique1000,1,2,TIME__CPHL__15T/seed_2053/run_monash_time_unique1000/visualizations/archive_latex.tex
256,0.770270270,0.482100000,\frac{\frac{\log\left(\mathrm{Snip}\right)}{\mathrm{JacobFro}}}{\mathrm{Jacov}},Snip Log Jacob_fro Div Jacov Div <EOS>,((log(Snip) / Jacob_fro) / Jacov),0.482100000,0.418900000,138,6,4,2128,run_monash_time_unique1000,4,1,TIME__CPHL__15T/seed_2128/run_monash_time_unique1000/visualizations/archive_latex.tex
257,0.769369369,0.482000000,\frac{\sqrt{\mathrm{Snip}}}{\mathrm{ZiCo} + \log\left(\mathrm{GSynFlow}\right)} - \mathrm{Jacov},Snip Sqrt ZiCo GSynFlow Log Add Div Jacov Sub <EOS>,((sqrt(Snip) / (ZiCo + log(GSynFlow))) - Jacov),0.482000000,0.509000000,167,9,5,2194,run_monash_time_unique1000,8,1,TIME__CPHL__15T/seed_2194/run_monash_time_unique1000/visualizations/archive_latex.tex
258,0.768468468,0.481900000,\frac{\mathrm{MParams} + \log\left(\left(\mathrm{GFLOPs}\right) \cdot \left(\mathrm{Jacov}\right)\right)}{\mathrm{L2Norm}},MParams GFLOPs Jacov Mul Log Add L2-Norm Div <EOS>,((MParams + log((GFLOPs * Jacov))) / L2-Norm),0.481900000,0.446400000,158,8,5,2178,run_monash_time_unique1000,1,1,TIME__CPHL__15T/seed_2178/run_monash_time_unique1000/visualizations/archive_latex.tex
259,0.767567568,0.481700000,\frac{\mathrm{Jacov} - \left(\mathrm{GFLOPs}\right)^2}{\mathrm{GFLOPs} - \mathrm{L2Norm}},Jacov GFLOPs Square Sub GFLOPs L2-Norm Sub Div <EOS>,((Jacov - square(GFLOPs)) / (GFLOPs - L2-Norm)),0.481700000,0.478300000,88,8,4,2186,run_monash_time_unique1000,5,1,TIME__CPHL__15T/seed_2186/run_monash_time_unique1000/visualizations/archive_latex.tex
260,0.766666667,0.480800000,\sqrt{\frac{\mathrm{L2Norm}}{\left(\mathrm{JacobFro}\right)^2} - \log\left(\mathrm{Jacov}\right)},L2-Norm Jacob_fro Square Div Jacov Log Sub Sqrt <EOS>,sqrt(((L2-Norm / square(Jacob_fro)) - log(Jacov))),0.480800000,0.478700000,32,8,5,2042,run_monash_time_unique1000,2,1,TIME__CPHL__15T/seed_2042/run_monash_time_unique1000/visualizations/archive_latex.tex
261,0.765765766,0.480600000,\left(-\mathrm{JacobFro}\right) \cdot \left(\mathrm{GradNorm} + \mathrm{Jacov}\right),Jacob_fro Negative Grad_Norm Jacov Add Mul <EOS>,(-(Jacob_fro) * (Grad_Norm + Jacov)),0.480600000,0.438600000,93,6,3,2080,run_monash_time_unique1000,1,2,TIME__CPHL__15T/seed_2080/run_monash_time_unique1000/visualizations/archive_latex.tex
262,0.764864865,0.480600000,\log\left(\left(\mathrm{JacobFro}\right) \cdot \left(\mathrm{Jacov} + \mathrm{GradNorm}\right)\right),Jacob_fro Jacov Grad_Norm Add Mul Log <EOS>,log((Jacob_fro * (Jacov + Grad_Norm))),0.480600000,0.438600000,19,6,4,2099,run_monash_time_unique1000,1,1,TIME__CPHL__15T/seed_2099/run_monash_time_unique1000/visualizations/archive_latex.tex
263,0.763963964,0.480600000,\left(-\mathrm{Jacov} + -\mathrm{GradNorm}\right) \cdot \left(\mathrm{JacobFro}\right),Jacov Negative Grad_Norm Negative Add Jacob_fro Mul <EOS>,((-(Jacov) + -(Grad_Norm)) * Jacob_fro),0.480600000,0.438600000,149,7,4,2144,run_monash_time_unique1000,1,1,TIME__CPHL__15T/seed_2144/run_monash_time_unique1000/visualizations/archive_latex.tex
264,0.763063063,0.480600000,\left(-\mathrm{GradNorm} - \mathrm{Jacov}\right) \cdot \left(\mathrm{JacobFro}\right),Grad_Norm Negative Jacov Sub Jacob_fro Mul <EOS>,((-(Grad_Norm) - Jacov) * Jacob_fro),0.480600000,0.438600000,149,6,4,2195,run_monash_time_unique1000,1,4,TIME__CPHL__15T/seed_2195/run_monash_time_unique1000/visualizations/archive_latex.tex
265,0.762162162,0.480600000,\left(\mathrm{JacobFro}\right) \cdot \left(-\mathrm{GradNorm} - \mathrm{Jacov}\right),Jacob_fro Grad_Norm Negative Jacov Sub Mul <EOS>,(Jacob_fro * (-(Grad_Norm) - Jacov)),0.480600000,0.438600000,24,6,4,2175,run_monash_time_unique1000,5,1,TIME__CPHL__15T/seed_2175/run_monash_time_unique1000/visualizations/archive_latex.tex
266,0.761261261,0.480600000,\left(-\mathrm{Jacov} - \mathrm{GradNorm}\right) \cdot \left(\mathrm{JacobFro}\right),Jacov Negative Grad_Norm Sub Jacob_fro Mul <EOS>,((-(Jacov) - Grad_Norm) * Jacob_fro),0.480600000,0.438600000,133,6,4,2215,run_monash_time_unique1000,6,1,TIME__CPHL__15T/seed_2215/run_monash_time_unique1000/visualizations/archive_latex.tex
267,0.760360360,0.480300000,\left(\mathrm{Jacov}\right) \cdot \left(\mathrm{Fisher} - \mathrm{MParams} - \mathrm{JacobFro}\right),Jacov Fisher MParams Sub Jacob_fro Sub Mul <EOS>,(Jacov * ((Fisher - MParams) - Jacob_fro)),0.480300000,0.419800000,81,7,4,2046,run_monash_time_unique1000,4,1,TIME__CPHL__15T/seed_2046/run_monash_time_unique1000/visualizations/archive_latex.tex
268,0.759459459,0.480200000,\frac{\sqrt{\frac{\log\left(\mathrm{Jacov}\right)}{\mathrm{JacobFro}}}}{\mathrm{Jacov}},Jacov Log Jacob_fro Div Sqrt Jacov Div <EOS>,(sqrt((log(Jacov) / Jacob_fro)) / Jacov),0.480200000,0.437700000,56,7,5,2135,run_monash_time_unique1000,2,1,TIME__CPHL__15T/seed_2135/run_monash_time_unique1000/visualizations/archive_latex.tex
269,0.758558559,0.480100000,-\left(\mathrm{JacobFro}\right) \cdot \left(\log\left(\left(\frac{\mathrm{JacobFro}}{\mathrm{Jacov}}\right)^2\right)\right),Jacob_fro Jacob_fro Jacov Div Square Log Mul Negative <EOS>,-((Jacob_fro * log(square((Jacob_fro / Jacov))))),0.480100000,0.446800000,66,8,6,2096,run_monash_time_unique1000,1,1,TIME__CPHL__15T/seed_2096/run_monash_time_unique1000/visualizations/archive_latex.tex
270,0.757657658,0.479800000,-\left(\frac{\mathrm{plain}}{\log\left(\log\left(\mathrm{GFLOPs}\right)\right)}\right)^2 + \mathrm{Jacov},plain GFLOPs Log Log Div Square Jacov Add Negative <EOS>,-((square((plain / log(log(GFLOPs)))) + Jacov)),0.479800000,0.428800000,167,9,7,2096,run_monash_time_unique1000,2,1,TIME__CPHL__15T/seed_2096/run_monash_time_unique1000/visualizations/archive_latex.tex
271,0.756756757,0.479800000,\frac{\frac{\mathrm{ZiCo}}{\mathrm{JacobFro}}}{\mathrm{GradNorm} + \mathrm{Jacov}},ZiCo Jacob_fro Div Grad_Norm Jacov Add Div <EOS>,((ZiCo / Jacob_fro) / (Grad_Norm + Jacov)),0.479800000,0.420900000,95,7,3,2139,run_monash_time_unique1000,2,1,TIME__CPHL__15T/seed_2139/run_monash_time_unique1000/visualizations/archive_latex.tex
272,0.755855856,0.479800000,\frac{\mathrm{GradNorm} + \mathrm{Jacov}}{\frac{-\mathrm{ZiCo}}{\mathrm{JacobFro}}},Grad_Norm Jacov Add ZiCo Negative Jacob_fro Div Div <EOS>,((Grad_Norm + Jacov) / (-(ZiCo) / Jacob_fro)),0.479800000,0.420900000,49,8,4,2093,run_monash_time_unique1000,3,1,TIME__CPHL__15T/seed_2093/run_monash_time_unique1000/visualizations/archive_latex.tex
273,0.754954955,0.479800000,-\mathrm{Jacov} + \left(\frac{\mathrm{plain}}{\log\left(\log\left(\mathrm{GFLOPs}\right)\right)}\right)^2,Jacov plain GFLOPs Log Log Div Square Add Negative <EOS>,-((Jacov + square((plain / log(log(GFLOPs)))))),0.479800000,0.428800000,148,9,7,2139,run_monash_time_unique1000,3,1,TIME__CPHL__15T/seed_2139/run_monash_time_unique1000/visualizations/archive_latex.tex
274,0.754054054,0.479800000,-\left(\frac{\mathrm{plain}}{\log\left(\log\left(\mathrm{GFLOPs}\right)\right)}\right)^2 - \mathrm{Jacov},plain GFLOPs Log Log Div Square Negative Jacov Sub <EOS>,(-(square((plain / log(log(GFLOPs))))) - Jacov),0.479800000,0.428800000,184,9,7,2212,run_monash_time_unique1000,3,1,TIME__CPHL__15T/seed_2212/run_monash_time_unique1000/visualizations/archive_latex.tex
275,0.753153153,0.479700000,\left(\sqrt{\mathrm{Jacov}} - \mathrm{Fisher}\right) \cdot \left(\mathrm{JacobFro}\right) - \mathrm{Jacov},Jacov Sqrt Fisher Sub Jacob_fro Mul Jacov Sub <EOS>,(((sqrt(Jacov) - Fisher) * Jacob_fro) - Jacov),0.479700000,0.430500000,53,8,5,2147,run_monash_time_unique1000,1,1,TIME__CPHL__15T/seed_2147/run_monash_time_unique1000/visualizations/archive_latex.tex
276,0.752252252,0.479700000,-\frac{\mathrm{GFLOPs}}{\mathrm{GSynFlow} - \left(\mathrm{MParams}\right)^2} - \mathrm{Jacov},GFLOPs GSynFlow MParams Square Sub Div Negative Jacov Sub <EOS>,(-((GFLOPs / (GSynFlow - square(MParams)))) - Jacov),0.479700000,0.523200000,116,9,6,2038,run_monash_time_unique1000,5,1,TIME__CPHL__15T/seed_2038/run_monash_time_unique1000/visualizations/archive_latex.tex
277,0.751351351,0.479700000,\left(\mathrm{Fisher} - \mathrm{JacobFro}\right) \cdot \left(\mathrm{Jacov} + \sqrt{\mathrm{L2Norm}}\right),Fisher Jacob_fro Sub Jacov L2-Norm Sqrt Add Mul <EOS>,((Fisher - Jacob_fro) * (Jacov + sqrt(L2-Norm))),0.479700000,0.423800000,178,8,4,2220,run_monash_time_unique1000,8,1,TIME__CPHL__15T/seed_2220/run_monash_time_unique1000/visualizations/archive_latex.tex
278,0.750450450,0.479500000,\frac{\mathrm{Fisher}}{-\mathrm{plain}} - \frac{\mathrm{Jacov}}{\mathrm{L2Norm}},Fisher plain Negative Div Jacov L2-Norm Div Sub <EOS>,((Fisher / -(plain)) - (Jacov / L2-Norm)),0.479500000,0.419700000,151,8,4,2158,run_monash_time_unique1000,2,1,TIME__CPHL__15T/seed_2158/run_monash_time_unique1000/visualizations/archive_latex.tex
279,0.749549550,0.479400000,-\left(\sqrt{-\mathrm{MParams} - \mathrm{JacobFro}}\right) \cdot \left(\mathrm{Jacov}\right),MParams Jacob_fro Sub Negative Sqrt Jacov Mul Negative <EOS>,-((sqrt(-((MParams - Jacob_fro))) * Jacov)),0.479400000,0.444600000,175,8,6,2080,run_monash_time_unique1000,2,1,TIME__CPHL__15T/seed_2080/run_monash_time_unique1000/visualizations/archive_latex.tex
280,0.748648649,0.479400000,\left(\mathrm{Jacov}\right) \cdot \left(\mathrm{Fisher} - \mathrm{JacobFro}\right) + \mathrm{GFLOPs},Jacov Fisher Jacob_fro Sub Mul GFLOPs Add <EOS>,((Jacov * (Fisher - Jacob_fro)) + GFLOPs),0.479400000,0.419400000,48,7,4,2084,run_monash_time_unique1000,2,1,TIME__CPHL__15T/seed_2084/run_monash_time_unique1000/visualizations/archive_latex.tex
281,0.747747748,0.479400000,\left(\mathrm{Fisher} - \mathrm{JacobFro}\right) \cdot \left(\mathrm{Jacov}\right) + \mathrm{GFLOPs},Fisher Jacob_fro Sub Jacov Mul GFLOPs Add <EOS>,(((Fisher - Jacob_fro) * Jacov) + GFLOPs),0.479400000,0.419400000,5,7,4,2100,run_monash_time_unique1000,3,1,TIME__CPHL__15T/seed_2100/run_monash_time_unique1000/visualizations/archive_latex.tex
282,0.746846847,0.479300000,\left(\mathrm{Jacov} - \mathrm{ZiCo}\right) \cdot \left(\mathrm{Fisher} - \mathrm{JacobFro}\right),Jacov ZiCo Sub Fisher Jacob_fro Sub Mul <EOS>,((Jacov - ZiCo) * (Fisher - Jacob_fro)),0.479300000,0.419300000,78,7,3,2084,run_monash_time_unique1000,3,1,TIME__CPHL__15T/seed_2084/run_monash_time_unique1000/visualizations/archive_latex.tex
283,0.745945946,0.478900000,\left(\mathrm{Fisher}\right)^2 - \left(\mathrm{JacobFro} - \mathrm{Fisher}\right) \cdot \left(\mathrm{Jacov}\right),Fisher Square Jacob_fro Fisher Sub Jacov Mul Sub <EOS>,(square(Fisher) - ((Jacob_fro - Fisher) * Jacov)),0.478900000,0.421400000,13,8,4,2186,run_monash_time_unique1000,6,1,TIME__CPHL__15T/seed_2186/run_monash_time_unique1000/visualizations/archive_latex.tex
284,0.745045045,0.478800000,\left(\mathrm{Fisher} - \mathrm{JacobFro}\right) \cdot \left(\mathrm{Jacov}\right) - \mathrm{Jacov},Fisher Jacob_fro Sub Jacov Mul Jacov Sub <EOS>,(((Fisher - Jacob_fro) * Jacov) - Jacov),0.478800000,0.425700000,128,7,4,2116,run_monash_time_unique1000,1,2,TIME__CPHL__15T/seed_2116/run_monash_time_unique1000/visualizations/archive_latex.tex
285,0.744144144,0.478800000,\left(\mathrm{Jacov}\right) \cdot \left(\mathrm{Fisher} - \mathrm{JacobFro}\right) - \mathrm{Jacov},Jacov Fisher Jacob_fro Sub Mul Jacov Sub <EOS>,((Jacov * (Fisher - Jacob_fro)) - Jacov),0.478800000,0.425700000,162,7,4,2185,run_monash_time_unique1000,2,2,TIME__CPHL__15T/seed_2185/run_monash_time_unique1000/visualizations/archive_latex.tex
286,0.743243243,0.478700000,\left(\mathrm{Fisher} - \mathrm{Jacov}\right) \cdot \left(\mathrm{JacobFro} - \mathrm{Fisher}\right),Fisher Jacov Sub Jacob_fro Fisher Sub Mul <EOS>,((Fisher - Jacov) * (Jacob_fro - Fisher)),0.478700000,0.416400000,38,7,3,2135,run_monash_time_unique1000,3,1,TIME__CPHL__15T/seed_2135/run_monash_time_unique1000/visualizations/archive_latex.tex
287,0.742342342,0.478600000,\left(\sqrt{\mathrm{GFLOPs}} - \mathrm{Jacov}\right) \cdot \left(\mathrm{JacobFro} - \mathrm{Fisher}\right),GFLOPs Sqrt Jacov Sub Jacob_fro Fisher Sub Mul <EOS>,((sqrt(GFLOPs) - Jacov) * (Jacob_fro - Fisher)),0.478600000,0.419000000,117,8,4,2175,run_monash_time_unique1000,6,1,TIME__CPHL__15T/seed_2175/run_monash_time_unique1000/visualizations/archive_latex.tex
288,0.741441441,0.478500000,\mathrm{Fisher} - \left(\mathrm{Jacov} + \mathrm{GradNorm}\right) \cdot \left(\mathrm{JacobFro}\right),Fisher Jacov Grad_Norm Add Jacob_fro Mul Sub <EOS>,(Fisher - ((Jacov + Grad_Norm) * Jacob_fro)),0.478500000,0.438800000,4,7,4,2218,run_monash_time_unique1000,3,1,TIME__CPHL__15T/seed_2218/run_monash_time_unique1000/visualizations/archive_latex.tex
289,0.740540541,0.478400000,\frac{\mathrm{JacobFro} - \sqrt{-\mathrm{Snip}}}{\mathrm{Fisher}} - \mathrm{Jacov},Jacob_fro Snip Negative Sqrt Sub Fisher Div Jacov Sub <EOS>,(((Jacob_fro - sqrt(-(Snip))) / Fisher) - Jacov),0.478400000,0.421200000,178,9,6,2197,run_monash_time_unique1000,1,1,TIME__CPHL__15T/seed_2197/run_monash_time_unique1000/visualizations/archive_latex.tex
290,0.739639640,0.478400000,\left(\mathrm{Jacov} + \sqrt{\mathrm{Snip}}\right) \cdot \left(\mathrm{MParams} - \mathrm{JacobFro}\right),Jacov Snip Sqrt Add MParams Jacob_fro Sub Mul <EOS>,((Jacov + sqrt(Snip)) * (MParams - Jacob_fro)),0.478400000,0.439900000,160,8,4,2213,run_monash_time_unique1000,9,1,TIME__CPHL__15T/seed_2213/run_monash_time_unique1000/visualizations/archive_latex.tex
291,0.738738739,0.478300000,\left(\mathrm{Jacov}\right) \cdot \left(\mathrm{Fisher} - \mathrm{JacobFro}\right),Jacov Fisher Jacob_fro Sub Mul <EOS>,(Jacov * (Fisher - Jacob_fro)),0.478300000,0.420000000,56,5,3,2027,run_monash_time_unique1000,1,3,TIME__CPHL__15T/seed_2027/run_monash_time_unique1000/visualizations/archive_latex.tex
292,0.737837838,0.478300000,\left(-\mathrm{JacobFro} + \mathrm{Fisher}\right) \cdot \left(\mathrm{Jacov}\right),Jacob_fro Negative Fisher Add Jacov Mul <EOS>,((-(Jacob_fro) + Fisher) * Jacov),0.478300000,0.420000000,14,6,4,2032,run_monash_time_unique1000,2,1,TIME__CPHL__15T/seed_2032/run_monash_time_unique1000/visualizations/archive_latex.tex
293,0.736936937,0.478300000,\sqrt{\mathrm{L2Norm}} - \left(\mathrm{JacobFro} - \mathrm{Fisher}\right) \cdot \left(\mathrm{Jacov}\right),L2-Norm Sqrt Jacob_fro Fisher Sub Jacov Mul Sub <EOS>,(sqrt(L2-Norm) - ((Jacob_fro - Fisher) * Jacov)),0.478300000,0.420000000,56,8,4,2125,run_monash_time_unique1000,3,1,TIME__CPHL__15T/seed_2125/run_monash_time_unique1000/visualizations/archive_latex.tex
294,0.736036036,0.478300000,\left(\sqrt{\mathrm{Jacov}}\right) \cdot \left(\sqrt{\mathrm{Fisher} - \mathrm{JacobFro}}\right),Jacov Sqrt Fisher Jacob_fro Sub Sqrt Mul <EOS>,(sqrt(Jacov) * sqrt((Fisher - Jacob_fro))),0.478300000,0.420000000,92,7,4,2183,run_monash_time_unique1000,3,1,TIME__CPHL__15T/seed_2183/run_monash_time_unique1000/visualizations/archive_latex.tex
295,0.735135135,0.478000000,\left(\sqrt{\mathrm{ZiCo}} - \mathrm{GradNorm} + \mathrm{Jacov}\right) \cdot \left(\mathrm{JacobFro}\right),ZiCo Sqrt Grad_Norm Jacov Add Sub Jacob_fro Mul <EOS>,((sqrt(ZiCo) - (Grad_Norm + Jacov)) * Jacob_fro),0.478000000,0.437500000,24,8,4,2171,run_monash_time_unique1000,1,1,TIME__CPHL__15T/seed_2171/run_monash_time_unique1000/visualizations/archive_latex.tex
296,0.734234234,0.477900000,\sqrt{\mathrm{Jacov}} - \frac{\mathrm{L2Norm} - \mathrm{MParams}}{\mathrm{JacobFro}},Jacov Sqrt L2-Norm MParams Sub Jacob_fro Div Sub <EOS>,(sqrt(Jacov) - ((L2-Norm - MParams) / Jacob_fro)),0.477900000,0.477500000,140,8,4,2053,run_monash_time_unique1000,2,1,TIME__CPHL__15T/seed_2053/run_monash_time_unique1000/visualizations/archive_latex.tex
297,0.733333333,0.477500000,\left(\mathrm{JacobFro} - \log\left(\sqrt{\mathrm{GFLOPs}}\right)\right) \cdot \left(\left(\mathrm{Jacov}\right)^2\right),Jacob_fro GFLOPs Sqrt Log Sub Jacov Square Mul <EOS>,((Jacob_fro - log(sqrt(GFLOPs))) * square(Jacov)),0.477500000,0.438800000,52,8,5,2094,run_monash_time_unique1000,3,1,TIME__CPHL__15T/seed_2094/run_monash_time_unique1000/visualizations/archive_latex.tex
298,0.732432432,0.477500000,\left(\mathrm{Jacov}\right) \cdot \left(\log\left(\mathrm{Fisher}\right) - \mathrm{JacobFro}\right),Jacov Fisher Log Jacob_fro Sub Mul <EOS>,(Jacov * (log(Fisher) - Jacob_fro)),0.477500000,0.433100000,183,6,4,2188,run_monash_time_unique1000,3,1,TIME__CPHL__15T/seed_2188/run_monash_time_unique1000/visualizations/archive_latex.tex
299,0.731531532,0.477500000,\left(\mathrm{ZiCo} - \mathrm{JacobFro} + \mathrm{Jacov}\right) \cdot \left(\mathrm{JacobFro}\right),ZiCo Jacob_fro Jacov Add Sub Jacob_fro Mul <EOS>,((ZiCo - (Jacob_fro + Jacov)) * Jacob_fro),0.477500000,0.440900000,104,7,4,2075,run_monash_time_unique1000,4,2,TIME__CPHL__15T/seed_2075/run_monash_time_unique1000/visualizations/archive_latex.tex
300,0.730630631,0.477500000,\left(\log\left(\mathrm{Fisher}\right) - \mathrm{JacobFro}\right) \cdot \left(\mathrm{Jacov}\right),Fisher Log Jacob_fro Sub Jacov Mul <EOS>,((log(Fisher) - Jacob_fro) * Jacov),0.477500000,0.433100000,47,6,4,2054,run_monash_time_unique1000,5,1,TIME__CPHL__15T/seed_2054/run_monash_time_unique1000/visualizations/archive_latex.tex
301,0.729729730,0.477500000,\left(\log\left(\mathrm{Fisher}\right) + -\mathrm{JacobFro}\right) \cdot \left(\mathrm{Jacov} - \mathrm{ZiCo}\right),Fisher Log Jacob_fro Negative Add Jacov ZiCo Sub Mul <EOS>,((log(Fisher) + -(Jacob_fro)) * (Jacov - ZiCo)),0.477500000,0.433500000,55,9,4,2223,run_monash_time_unique1000,7,1,TIME__CPHL__15T/seed_2223/run_monash_time_unique1000/visualizations/archive_latex.tex
302,0.728828829,0.477300000,\frac{\log\left(\mathrm{GSynFlow}\right)}{-\mathrm{Fisher}} - \mathrm{Jacov} - \mathrm{JacobFro},GSynFlow Log Fisher Negative Div Jacov Jacob_fro Sub Sub <EOS>,((log(GSynFlow) / -(Fisher)) - (Jacov - Jacob_fro)),0.477300000,0.479200000,155,9,4,2051,run_monash_time_unique1000,1,12,TIME__CPHL__15T/seed_2051/run_monash_time_unique1000/visualizations/archive_latex.tex
303,0.727927928,0.477300000,\mathrm{JacobFro} - \frac{\log\left(\mathrm{GSynFlow}\right)}{\mathrm{Fisher}} - \mathrm{Jacov},Jacob_fro GSynFlow Log Fisher Div Sub Jacov Sub <EOS>,((Jacob_fro - (log(GSynFlow) / Fisher)) - Jacov),0.477300000,0.479200000,94,8,5,2167,run_monash_time_unique1000,3,1,TIME__CPHL__15T/seed_2167/run_monash_time_unique1000/visualizations/archive_latex.tex
304,0.727027027,0.477300000,\frac{\log\left(\mathrm{GSynFlow}\right)}{-\mathrm{Fisher}} + \mathrm{JacobFro} - \mathrm{Jacov},GSynFlow Log Fisher Negative Div Jacob_fro Add Jacov Sub <EOS>,(((log(GSynFlow) / -(Fisher)) + Jacob_fro) - Jacov),0.477300000,0.479200000,85,9,5,2207,run_monash_time_unique1000,3,1,TIME__CPHL__15T/seed_2207/run_monash_time_unique1000/visualizations/archive_latex.tex
305,0.726126126,0.477000000,\frac{\frac{\sqrt{\mathrm{GradNorm}}}{\mathrm{JacobFro}}}{\mathrm{Jacov}},Grad_Norm Sqrt Jacob_fro Div Jacov Div <EOS>,((sqrt(Grad_Norm) / Jacob_fro) / Jacov),0.477000000,0.414900000,189,6,4,2060,run_monash_time_unique1000,1,1,TIME__CPHL__15T/seed_2060/run_monash_time_unique1000/visualizations/archive_latex.tex
306,0.725225225,0.477000000,\left(-\mathrm{Jacov} - \mathrm{JacobFro}\right) \cdot \left(\mathrm{JacobFro}\right),Jacov Negative Jacob_fro Sub Jacob_fro Mul <EOS>,((-(Jacov) - Jacob_fro) * Jacob_fro),0.477000000,0.440400000,93,6,4,2123,run_monash_time_unique1000,1,1,TIME__CPHL__15T/seed_2123/run_monash_time_unique1000/visualizations/archive_latex.tex
307,0.724324324,0.477000000,\log\left(\left(\mathrm{Jacov} + \mathrm{JacobFro}\right) \cdot \left(\mathrm{JacobFro}\right)\right),Jacov Jacob_fro Add Jacob_fro Mul Log <EOS>,log(((Jacov + Jacob_fro) * Jacob_fro)),0.477000000,0.440400000,26,6,4,2190,run_monash_time_unique1000,1,1,TIME__CPHL__15T/seed_2190/run_monash_time_unique1000/visualizations/archive_latex.tex
308,0.723423423,0.477000000,\left(\left(\mathrm{JacobFro} + \mathrm{Jacov}\right) \cdot \left(\mathrm{JacobFro}\right)\right)^2,Jacob_fro Jacov Add Jacob_fro Mul Square <EOS>,square(((Jacob_fro + Jacov) * Jacob_fro)),0.477000000,0.440400000,49,6,4,2222,run_monash_time_unique1000,1,1,TIME__CPHL__15T/seed_2222/run_monash_time_unique1000/visualizations/archive_latex.tex
309,0.722522523,0.477000000,\frac{\left(\mathrm{plain}\right) \cdot \left(\mathrm{JacobFro}\right)}{\mathrm{Fisher}} - \mathrm{Jacov},plain Jacob_fro Mul Fisher Div Jacov Sub <EOS>,(((plain * Jacob_fro) / Fisher) - Jacov),0.477000000,0.425700000,146,7,4,2064,run_monash_time_unique1000,2,4,TIME__CPHL__15T/seed_2064/run_monash_time_unique1000/visualizations/archive_latex.tex
310,0.721621622,0.477000000,\frac{\left(\mathrm{JacobFro}\right) \cdot \left(\mathrm{plain}\right)}{\mathrm{Fisher}} - \mathrm{Jacov},Jacob_fro plain Mul Fisher Div Jacov Sub <EOS>,(((Jacob_fro * plain) / Fisher) - Jacov),0.477000000,0.425700000,196,7,4,2085,run_monash_time_unique1000,2,2,TIME__CPHL__15T/seed_2085/run_monash_time_unique1000/visualizations/archive_latex.tex
311,0.720720721,0.477000000,\left(\mathrm{Jacov} + \mathrm{JacobFro}\right) \cdot \left(-\mathrm{JacobFro}\right),Jacov Jacob_fro Add Jacob_fro Negative Mul <EOS>,((Jacov + Jacob_fro) * -(Jacob_fro)),0.477000000,0.440400000,196,6,3,2107,run_monash_time_unique1000,2,1,TIME__CPHL__15T/seed_2107/run_monash_time_unique1000/visualizations/archive_latex.tex
312,0.719819820,0.477000000,\left(\frac{\mathrm{plain}}{\mathrm{Fisher}}\right) \cdot \left(\mathrm{JacobFro}\right) - \mathrm{Jacov},plain Fisher Div Jacob_fro Mul Jacov Sub <EOS>,(((plain / Fisher) * Jacob_fro) - Jacov),0.477000000,0.425700000,57,7,4,2157,run_monash_time_unique1000,2,2,TIME__CPHL__15T/seed_2157/run_monash_time_unique1000/visualizations/archive_latex.tex
313,0.718918919,0.477000000,\left(\mathrm{plain}\right) \cdot \left(\frac{\mathrm{JacobFro}}{\mathrm{Fisher}}\right) - \mathrm{Jacov},plain Jacob_fro Fisher Div Mul Jacov Sub <EOS>,((plain * (Jacob_fro / Fisher)) - Jacov),0.477000000,0.425700000,50,7,4,2096,run_monash_time_unique1000,3,1,TIME__CPHL__15T/seed_2096/run_monash_time_unique1000/visualizations/archive_latex.tex
314,0.718018018,0.477000000,\left(\left(\sqrt{\mathrm{JacobFro}}\right)^2\right) \cdot \left(-\mathrm{Jacov} - \mathrm{JacobFro}\right),Jacob_fro Sqrt Square Jacov Negative Jacob_fro Sub Mul <EOS>,(square(sqrt(Jacob_fro)) * (-(Jacov) - Jacob_fro)),0.477000000,0.440400000,187,8,4,2165,run_monash_time_unique1000,3,1,TIME__CPHL__15T/seed_2165/run_monash_time_unique1000/visualizations/archive_latex.tex
315,0.717117117,0.477000000,\left(\frac{\mathrm{JacobFro}}{\mathrm{Fisher}}\right) \cdot \left(\mathrm{plain}\right) - \mathrm{Jacov},Jacob_fro Fisher Div plain Mul Jacov Sub <EOS>,(((Jacob_fro / Fisher) * plain) - Jacov),0.477000000,0.425700000,55,7,4,2100,run_monash_time_unique1000,5,1,TIME__CPHL__15T/seed_2100/run_monash_time_unique1000/visualizations/archive_latex.tex
316,0.716216216,0.477000000,\frac{\sqrt{\frac{\mathrm{GradNorm}}{\left(\mathrm{JacobFro}\right)^2}}}{\mathrm{Jacov}},Grad_Norm Jacob_fro Square Div Sqrt Jacov Div <EOS>,(sqrt((Grad_Norm / square(Jacob_fro))) / Jacov),0.477000000,0.414900000,187,7,5,2174,run_monash_time_unique1000,5,1,TIME__CPHL__15T/seed_2174/run_monash_time_unique1000/visualizations/archive_latex.tex
317,0.715315315,0.477000000,\frac{\mathrm{plain}}{\frac{\mathrm{Fisher}}{\mathrm{JacobFro}}} - \mathrm{Jacov},plain Fisher Jacob_fro Div Div Jacov Sub <EOS>,((plain / (Fisher / Jacob_fro)) - Jacov),0.477000000,0.425700000,171,7,4,2164,run_monash_time_unique1000,7,1,TIME__CPHL__15T/seed_2164/run_monash_time_unique1000/visualizations/archive_latex.tex
318,0.714414414,0.477000000,\frac{\mathrm{MParams}}{\log\left(\mathrm{Fisher} - \log\left(\mathrm{GFLOPs}\right)\right)} - \mathrm{Jacov},MParams Fisher GFLOPs Log Sub Log Div Jacov Sub <EOS>,((MParams / log((Fisher - log(GFLOPs)))) - Jacov),0.477000000,0.429100000,159,9,6,2081,run_monash_time_unique1000,9,1,TIME__CPHL__15T/seed_2081/run_monash_time_unique1000/visualizations/archive_latex.tex
319,0.713513514,0.477000000,\frac{\mathrm{JacobFro}}{\frac{\mathrm{Fisher}}{\mathrm{plain}}} - \mathrm{Jacov},Jacob_fro Fisher plain Div Div Jacov Sub <EOS>,((Jacob_fro / (Fisher / plain)) - Jacov),0.477000000,0.425700000,128,7,4,2142,run_monash_time_unique1000,10,1,TIME__CPHL__15T/seed_2142/run_monash_time_unique1000/visualizations/archive_latex.tex
320,0.712612613,0.476900000,\frac{-\mathrm{GFLOPs}}{\mathrm{Fisher} - \mathrm{plain}} - \mathrm{Jacov},GFLOPs Negative Fisher plain Sub Div Jacov Sub <EOS>,((-(GFLOPs) / (Fisher - plain)) - Jacov),0.476900000,0.447600000,198,8,4,2166,run_monash_time_unique1000,2,1,TIME__CPHL__15T/seed_2166/run_monash_time_unique1000/visualizations/archive_latex.tex
321,0.711711712,0.476900000,\frac{\mathrm{GFLOPs}}{\mathrm{plain} - \mathrm{Fisher}} - \mathrm{Jacov},GFLOPs plain Fisher Sub Div Jacov Sub <EOS>,((GFLOPs / (plain - Fisher)) - Jacov),0.476900000,0.447600000,125,7,4,2149,run_monash_time_unique1000,4,3,TIME__CPHL__15T/seed_2149/run_monash_time_unique1000/visualizations/archive_latex.tex
322,0.710810811,0.476800000,\left(\log\left(\mathrm{Jacov}\right)\right) \cdot \left(\mathrm{JacobFro}\right) - \mathrm{GradNorm} + \mathrm{Jacov},Jacov Log Jacob_fro Mul Grad_Norm Jacov Add Sub <EOS>,((log(Jacov) * Jacob_fro) - (Grad_Norm + Jacov)),0.476800000,0.450000000,71,8,4,2051,run_monash_time_unique1000,2,1,TIME__CPHL__15T/seed_2051/run_monash_time_unique1000/visualizations/archive_latex.tex
323,0.709909910,0.476800000,\left(\mathrm{Jacov} - -\mathrm{GradNorm}\right) \cdot \left(\mathrm{plain} - \mathrm{JacobFro}\right),Jacov Grad_Norm Negative Sub plain Jacob_fro Sub Mul <EOS>,((Jacov - -(Grad_Norm)) * (plain - Jacob_fro)),0.476800000,0.441700000,52,8,4,2158,run_monash_time_unique1000,3,1,TIME__CPHL__15T/seed_2158/run_monash_time_unique1000/visualizations/archive_latex.tex
324,0.709009009,0.476800000,\frac{\sqrt{\mathrm{L2Norm}}}{\log\left(\mathrm{GSynFlow}\right)} - \mathrm{Jacov},L2-Norm Sqrt GSynFlow Log Div Jacov Sub <EOS>,((sqrt(L2-Norm) / log(GSynFlow)) - Jacov),0.476800000,0.488000000,144,7,4,2109,run_monash_time_unique1000,4,3,TIME__CPHL__15T/seed_2109/run_monash_time_unique1000/visualizations/archive_latex.tex
325,0.708108108,0.476800000,\left(\mathrm{JacobFro}\right) \cdot \left(\log\left(\mathrm{Jacov}\right)\right) - \mathrm{Jacov} + \mathrm{GradNorm},Jacob_fro Jacov Log Mul Jacov Grad_Norm Add Sub <EOS>,((Jacob_fro * log(Jacov)) - (Jacov + Grad_Norm)),0.476800000,0.450000000,45,8,4,2122,run_monash_time_unique1000,4,1,TIME__CPHL__15T/seed_2122/run_monash_time_unique1000/visualizations/archive_latex.tex
326,0.707207207,0.476800000,\frac{\sqrt{\mathrm{L2Norm}}}{\log\left(-\mathrm{GSynFlow}\right)} - \mathrm{Jacov},L2-Norm Sqrt GSynFlow Negative Log Div Jacov Sub <EOS>,((sqrt(L2-Norm) / log(-(GSynFlow))) - Jacov),0.476800000,0.488000000,72,8,5,2173,run_monash_time_unique1000,5,1,TIME__CPHL__15T/seed_2173/run_monash_time_unique1000/visualizations/archive_latex.tex
327,0.706306306,0.476700000,\frac{\left(\mathrm{Jacov}\right) \cdot \left(\mathrm{JacobFro}\right)}{\log\left(\frac{\mathrm{plain}}{\mathrm{GraSP}}\right)},Jacov Jacob_fro Mul plain GraSP Div Log Div <EOS>,((Jacov * Jacob_fro) / log((plain / GraSP))),0.476700000,0.425200000,99,8,4,2027,run_monash_time_unique1000,2,1,TIME__CPHL__15T/seed_2027/run_monash_time_unique1000/visualizations/archive_latex.tex
328,0.705405405,0.476700000,\frac{\log\left(\mathrm{JacobFro}\right)}{\mathrm{ZiCo} - \mathrm{Fisher}} - \mathrm{Jacov},Jacob_fro Log ZiCo Fisher Sub Div Jacov Sub <EOS>,((log(Jacob_fro) / (ZiCo - Fisher)) - Jacov),0.476700000,0.415500000,197,8,4,2061,run_monash_time_unique1000,2,1,TIME__CPHL__15T/seed_2061/run_monash_time_unique1000/visualizations/archive_latex.tex
329,0.704504505,0.476700000,\left(\left(\sqrt{\mathrm{Jacov}}\right)^2\right) \cdot \left(\sqrt{\mathrm{JacobFro}}\right) - \mathrm{JacobFro},Jacov Sqrt Square Jacob_fro Sqrt Mul Jacob_fro Sub <EOS>,((square(sqrt(Jacov)) * sqrt(Jacob_fro)) - Jacob_fro),0.476700000,0.445500000,45,8,5,2183,run_monash_time_unique1000,4,1,TIME__CPHL__15T/seed_2183/run_monash_time_unique1000/visualizations/archive_latex.tex
330,0.703603604,0.476600000,\left(\left(\mathrm{Jacov}\right)^2 - \left(\mathrm{Snip}\right) \cdot \left(\mathrm{Fisher}\right)\right) \cdot \left(\mathrm{JacobFro}\right),Jacov Square Snip Fisher Mul Sub Jacob_fro Mul <EOS>,((square(Jacov) - (Snip * Fisher)) * Jacob_fro),0.476600000,0.447900000,113,8,4,2149,run_monash_time_unique1000,5,1,TIME__CPHL__15T/seed_2149/run_monash_time_unique1000/visualizations/archive_latex.tex
331,0.702702703,0.476500000,\frac{\log\left(\mathrm{JacobFro}\right)}{\left(\mathrm{JacobFro}\right) \cdot \left(\mathrm{Fisher} + \mathrm{Jacov}\right)},Jacob_fro Log Jacob_fro Fisher Jacov Add Mul Div <EOS>,(log(Jacob_fro) / (Jacob_fro * (Fisher + Jacov))),0.476500000,0.436700000,144,8,4,2194,run_monash_time_unique1000,9,1,TIME__CPHL__15T/seed_2194/run_monash_time_unique1000/visualizations/archive_latex.tex
332,0.701801802,0.476400000,\left(\left(\mathrm{Jacov}\right)^2\right) \cdot \left(\left(\mathrm{JacobFro}\right) \cdot \left(\log\left(\mathrm{Jacov}\right)\right)\right),Jacov Square Jacob_fro Jacov Log Mul Mul <EOS>,(square(Jacov) * (Jacob_fro * log(Jacov))),0.476400000,0.447000000,51,7,4,2213,run_monash_time_unique1000,10,1,TIME__CPHL__15T/seed_2213/run_monash_time_unique1000/visualizations/archive_latex.tex
333,0.700900901,0.476300000,\left(\sqrt{\mathrm{JacobFro}}\right) \cdot \left(\mathrm{GFLOPs} - \mathrm{Jacov} + \mathrm{Jacov}\right),Jacob_fro Sqrt GFLOPs Jacov Jacov Add Sub Mul <EOS>,(sqrt(Jacob_fro) * (GFLOPs - (Jacov + Jacov))),0.476300000,0.436700000,4,8,4,2115,run_monash_time_unique1000,2,1,TIME__CPHL__15T/seed_2115/run_monash_time_unique1000/visualizations/archive_latex.tex
334,0.700000000,0.476300000,\left(\mathrm{Jacov}\right) \cdot \left(\frac{\mathrm{Jacov}}{\mathrm{Snip}} - \mathrm{plain}\right),Jacov Jacov Snip Div plain Sub Mul <EOS>,(Jacov * ((Jacov / Snip) - plain)),0.476300000,0.486800000,56,7,4,2147,run_monash_time_unique1000,2,1,TIME__CPHL__15T/seed_2147/run_monash_time_unique1000/visualizations/archive_latex.tex
335,0.699099099,0.476300000,\frac{\mathrm{JacobFro} + \sqrt{\mathrm{Jacov}}}{\left(\mathrm{Jacov}\right) \cdot \left(\mathrm{JacobFro}\right)},Jacob_fro Jacov Sqrt Add Jacov Jacob_fro Mul Div <EOS>,((Jacob_fro + sqrt(Jacov)) / (Jacov * Jacob_fro)),0.476300000,0.453900000,55,8,4,2172,run_monash_time_unique1000,6,1,TIME__CPHL__15T/seed_2172/run_monash_time_unique1000/visualizations/archive_latex.tex
336,0.698198198,0.476200000,\sqrt{\mathrm{Jacov}} - \log\left(\mathrm{Fisher}\right) + \mathrm{MParams} + \mathrm{plain},Jacov Sqrt Fisher Log MParams Add Sub plain Add <EOS>,((sqrt(Jacov) - (log(Fisher) + MParams)) + plain),0.476200000,0.510500000,17,9,5,2226,run_monash_time_unique1000,1,1,TIME__CPHL__15T/seed_2226/run_monash_time_unique1000/visualizations/archive_latex.tex
337,0.697297297,0.476200000,\left(-\mathrm{plain} - \mathrm{JacobFro} - \mathrm{Jacov}\right) \cdot \left(\mathrm{JacobFro}\right),plain Negative Jacob_fro Sub Jacov Sub Jacob_fro Mul <EOS>,(((-(plain) - Jacob_fro) - Jacov) * Jacob_fro),0.476200000,0.444900000,160,8,5,2163,run_monash_time_unique1000,3,1,TIME__CPHL__15T/seed_2163/run_monash_time_unique1000/visualizations/archive_latex.tex
338,0.696396396,0.476100000,\frac{\mathrm{Snip} + \mathrm{Jacov}}{\log\left(\mathrm{GSynFlow}\right)} - \mathrm{Jacov},Snip Jacov Add GSynFlow Log Div Jacov Sub <EOS>,(((Snip + Jacov) / log(GSynFlow)) - Jacov),0.476100000,0.525400000,140,8,4,2193,run_monash_time_unique1000,1,1,TIME__CPHL__15T/seed_2193/run_monash_time_unique1000/visualizations/archive_latex.tex
339,0.695495495,0.476100000,\mathrm{GFLOPs} + \left(\sqrt{\mathrm{MParams}} - \mathrm{JacobFro}\right) \cdot \left(\mathrm{Jacov}\right),GFLOPs MParams Sqrt Jacob_fro Sub Jacov Mul Add <EOS>,(GFLOPs + ((sqrt(MParams) - Jacob_fro) * Jacov)),0.476100000,0.416500000,57,8,5,2044,run_monash_time_unique1000,2,1,TIME__CPHL__15T/seed_2044/run_monash_time_unique1000/visualizations/archive_latex.tex
340,0.694594595,0.476100000,\frac{\mathrm{Jacov}}{\log\left(\sqrt{\mathrm{JacobFro}}\right)} - \mathrm{Jacov},Jacov Jacob_fro Sqrt Log Div Jacov Sub <EOS>,((Jacov / log(sqrt(Jacob_fro))) - Jacov),0.476100000,0.444900000,165,7,5,2117,run_monash_time_unique1000,7,1,TIME__CPHL__15T/seed_2117/run_monash_time_unique1000/visualizations/archive_latex.tex
341,0.693693694,0.476000000,\frac{\mathrm{plain}}{\sqrt{\mathrm{Fisher}}} - \frac{\mathrm{Jacov}}{\mathrm{L2Norm}},plain Fisher Sqrt Div Jacov L2-Norm Div Sub <EOS>,((plain / sqrt(Fisher)) - (Jacov / L2-Norm)),0.476000000,0.487400000,131,8,4,2197,run_monash_time_unique1000,2,1,TIME__CPHL__15T/seed_2197/run_monash_time_unique1000/visualizations/archive_latex.tex
342,0.692792793,0.476000000,\left(\left(\log\left(\mathrm{ZiCo}\right)\right)^2 - \mathrm{JacobFro} - \mathrm{Jacov}\right) \cdot \left(\mathrm{JacobFro}\right),ZiCo Log Square Jacob_fro Sub Jacov Sub Jacob_fro Mul <EOS>,(((square(log(ZiCo)) - Jacob_fro) - Jacov) * Jacob_fro),0.476000000,0.444500000,6,9,6,2185,run_monash_time_unique1000,3,1,TIME__CPHL__15T/seed_2185/run_monash_time_unique1000/visualizations/archive_latex.tex
343,0.691891892,0.476000000,\sqrt{\mathrm{Jacov}} - \frac{\mathrm{L2Norm}}{\mathrm{JacobFro}},Jacov Sqrt L2-Norm Jacob_fro Div Sub <EOS>,(sqrt(Jacov) - (L2-Norm / Jacob_fro)),0.476000000,0.473700000,155,6,3,2028,run_monash_time_unique1000,4,1,TIME__CPHL__15T/seed_2028/run_monash_time_unique1000/visualizations/archive_latex.tex
344,0.690990991,0.475900000,-\left(\mathrm{JacobFro}\right) \cdot \left(\mathrm{Jacov} + \mathrm{JacobFro}\right) - \mathrm{Jacov},Jacob_fro Jacov Jacob_fro Add Mul Negative Jacov Sub <EOS>,(-((Jacob_fro * (Jacov + Jacob_fro))) - Jacov),0.475900000,0.442700000,186,8,5,2187,run_monash_time_unique1000,2,1,TIME__CPHL__15T/seed_2187/run_monash_time_unique1000/visualizations/archive_latex.tex
345,0.690090090,0.475800000,\mathrm{JacobFro} + \left(\log\left(\log\left(\mathrm{JacobFro}\right)\right)\right) \cdot \left(-\mathrm{Jacov}\right),Jacob_fro Jacob_fro Log Log Jacov Negative Mul Add <EOS>,(Jacob_fro + (log(log(Jacob_fro)) * -(Jacov))),0.475800000,0.442900000,26,8,5,2206,run_monash_time_unique1000,5,1,TIME__CPHL__15T/seed_2206/run_monash_time_unique1000/visualizations/archive_latex.tex
346,0.689189189,0.475800000,-\left(\mathrm{Jacov}\right) \cdot \left(\sqrt{\mathrm{JacobFro}}\right) + \mathrm{plain} - \mathrm{GradNorm},Jacov Jacob_fro Sqrt Mul Negative plain Grad_Norm Sub Add <EOS>,(-((Jacov * sqrt(Jacob_fro))) + (plain - Grad_Norm)),0.475800000,0.448400000,176,9,5,2081,run_monash_time_unique1000,10,1,TIME__CPHL__15T/seed_2081/run_monash_time_unique1000/visualizations/archive_latex.tex
347,0.688288288,0.475600000,\left(\sqrt{\mathrm{JacobFro}}\right) \cdot \left(\mathrm{MParams} - \mathrm{Jacov}\right) - \mathrm{L2Norm},Jacob_fro Sqrt MParams Jacov Sub Mul L2-Norm Sub <EOS>,((sqrt(Jacob_fro) * (MParams - Jacov)) - L2-Norm),0.475600000,0.444300000,153,8,4,2044,run_monash_time_unique1000,3,1,TIME__CPHL__15T/seed_2044/run_monash_time_unique1000/visualizations/archive_latex.tex
348,0.687387387,0.475500000,\left(\left(\mathrm{Jacov} - \mathrm{plain}\right)^2\right) \cdot \left(\mathrm{JacobFro}\right),Jacov plain Sub Square Jacob_fro Mul <EOS>,(square((Jacov - plain)) * Jacob_fro),0.475500000,0.437600000,189,6,4,2095,run_monash_time_unique1000,1,1,TIME__CPHL__15T/seed_2095/run_monash_time_unique1000/visualizations/archive_latex.tex
349,0.686486486,0.475500000,\left(\sqrt{-\mathrm{JacobFro}}\right) \cdot \left(\mathrm{plain} - \mathrm{Jacov}\right),Jacob_fro Negative Sqrt plain Jacov Sub Mul <EOS>,(sqrt(-(Jacob_fro)) * (plain - Jacov)),0.475500000,0.437600000,39,7,4,2116,run_monash_time_unique1000,2,1,TIME__CPHL__15T/seed_2116/run_monash_time_unique1000/visualizations/archive_latex.tex
350,0.685585586,0.475500000,\frac{\mathrm{JacobFro}}{\log\left(\left(\mathrm{GSynFlow}\right)^2\right)} - \mathrm{Jacov},Jacob_fro GSynFlow Square Log Div Jacov Sub <EOS>,((Jacob_fro / log(square(GSynFlow))) - Jacov),0.475500000,0.478700000,177,7,5,2210,run_monash_time_unique1000,2,2,TIME__CPHL__15T/seed_2210/run_monash_time_unique1000/visualizations/archive_latex.tex
351,0.684684685,0.475500000,\left(\sqrt{\mathrm{JacobFro}}\right) \cdot \left(\mathrm{plain} - \mathrm{Jacov}\right),Jacob_fro Sqrt plain Jacov Sub Mul <EOS>,(sqrt(Jacob_fro) * (plain - Jacov)),0.475500000,0.437600000,6,6,3,2170,run_monash_time_unique1000,4,1,TIME__CPHL__15T/seed_2170/run_monash_time_unique1000/visualizations/archive_latex.tex
352,0.683783784,0.475500000,\frac{\mathrm{JacobFro}}{\log\left(\mathrm{GSynFlow}\right)} - \mathrm{Jacov} - \mathrm{Jacov},Jacob_fro GSynFlow Log Div Jacov Sub Jacov Sub <EOS>,(((Jacob_fro / log(GSynFlow)) - Jacov) - Jacov),0.475500000,0.478700000,34,8,5,2072,run_monash_time_unique1000,8,1,TIME__CPHL__15T/seed_2072/run_monash_time_unique1000/visualizations/archive_latex.tex
353,0.682882883,0.475400000,\frac{\mathrm{plain}}{-\log\left(\mathrm{GSynFlow} + \mathrm{Fisher}\right)} - \mathrm{Jacov},plain GSynFlow Fisher Add Log Negative Div Jacov Sub <EOS>,((plain / -(log((GSynFlow + Fisher)))) - Jacov),0.475400000,0.519700000,64,9,6,2143,run_monash_time_unique1000,3,1,TIME__CPHL__15T/seed_2143/run_monash_time_unique1000/visualizations/archive_latex.tex
354,0.681981982,0.475300000,\frac{\mathrm{GradNorm} - \mathrm{GFLOPs}}{\left(\mathrm{Fisher}\right)^2} - \mathrm{Jacov},Grad_Norm GFLOPs Sub Fisher Square Div Jacov Sub <EOS>,(((Grad_Norm - GFLOPs) / square(Fisher)) - Jacov),0.475300000,0.543600000,38,8,4,2082,run_monash_time_unique1000,2,1,TIME__CPHL__15T/seed_2082/run_monash_time_unique1000/visualizations/archive_latex.tex
355,0.681081081,0.475300000,\frac{-\mathrm{GFLOPs} - \mathrm{GradNorm}}{\left(\mathrm{Fisher}\right)^2} - \mathrm{Jacov},GFLOPs Grad_Norm Sub Negative Fisher Square Div Jacov Sub <EOS>,((-((GFLOPs - Grad_Norm)) / square(Fisher)) - Jacov),0.475300000,0.543600000,169,9,5,2132,run_monash_time_unique1000,2,1,TIME__CPHL__15T/seed_2132/run_monash_time_unique1000/visualizations/archive_latex.tex
356,0.680180180,0.475300000,\left(\mathrm{JacobFro}\right) \cdot \left(\mathrm{MParams} - \mathrm{Jacov} - \mathrm{JacobFro}\right),Jacob_fro MParams Jacov Sub Jacob_fro Sub Mul <EOS>,(Jacob_fro * ((MParams - Jacov) - Jacob_fro)),0.475300000,0.436200000,3,7,4,2107,run_monash_time_unique1000,3,1,TIME__CPHL__15T/seed_2107/run_monash_time_unique1000/visualizations/archive_latex.tex
357,0.679279279,0.475300000,\left(\log\left(\mathrm{Jacov} + \mathrm{JacobFro}\right)\right) \cdot \left(\log\left(\mathrm{JacobFro}\right)\right),Jacov Jacob_fro Add Log Jacob_fro Log Mul <EOS>,(log((Jacov + Jacob_fro)) * log(Jacob_fro)),0.475300000,0.422100000,34,7,4,2131,run_monash_time_unique1000,4,1,TIME__CPHL__15T/seed_2131/run_monash_time_unique1000/visualizations/archive_latex.tex
358,0.678378378,0.475300000,\left(\mathrm{JacobFro}\right) \cdot \left(\mathrm{MParams} - \mathrm{JacobFro} - \mathrm{Jacov}\right),Jacob_fro MParams Jacob_fro Sub Jacov Sub Mul <EOS>,(Jacob_fro * ((MParams - Jacob_fro) - Jacov)),0.475300000,0.436200000,142,7,4,2158,run_monash_time_unique1000,4,1,TIME__CPHL__15T/seed_2158/run_monash_time_unique1000/visualizations/archive_latex.tex
359,0.677477477,0.475300000,\left(\mathrm{JacobFro}\right) \cdot \left(\mathrm{MParams} - \mathrm{JacobFro} + \mathrm{Jacov}\right),Jacob_fro MParams Jacob_fro Jacov Add Sub Mul <EOS>,(Jacob_fro * (MParams - (Jacob_fro + Jacov))),0.475300000,0.436200000,22,7,4,2163,run_monash_time_unique1000,4,2,TIME__CPHL__15T/seed_2163/run_monash_time_unique1000/visualizations/archive_latex.tex
360,0.676576577,0.475200000,\left(\left(\left(\mathrm{Jacov}\right)^2 - \left(\mathrm{L2Norm}\right)^2\right) \cdot \left(\mathrm{JacobFro}\right)\right) \cdot \left(\mathrm{JacobFro}\right),Jacov Square L2-Norm Square Sub Jacob_fro Mul Jacob_fro Mul <EOS>,(((square(Jacov) - square(L2-Norm)) * Jacob_fro) * Jacob_fro),0.475200000,0.448300000,79,9,5,2174,run_monash_time_unique1000,6,1,TIME__CPHL__15T/seed_2174/run_monash_time_unique1000/visualizations/archive_latex.tex
361,0.675675676,0.475100000,\frac{\mathrm{GradNorm}}{\log\left(\left(\mathrm{L2Norm}\right) \cdot \left(\mathrm{GSynFlow}\right)\right)} - \mathrm{Jacov},Grad_Norm L2-Norm GSynFlow Mul Log Div Jacov Sub <EOS>,((Grad_Norm / log((L2-Norm * GSynFlow))) - Jacov),0.475100000,0.440600000,172,8,5,2194,run_monash_time_unique1000,10,1,TIME__CPHL__15T/seed_2194/run_monash_time_unique1000/visualizations/archive_latex.tex
362,0.674774775,0.475000000,\left(\mathrm{GFLOPs} + \left(\sqrt{\mathrm{JacobFro}}\right) \cdot \left(\mathrm{Jacov}\right)\right)^2,GFLOPs Jacob_fro Sqrt Jacov Mul Add Square <EOS>,square((GFLOPs + (sqrt(Jacob_fro) * Jacov))),0.475000000,0.441200000,181,7,5,2196,run_monash_time_unique1000,2,1,TIME__CPHL__15T/seed_2196/run_monash_time_unique1000/visualizations/archive_latex.tex
363,0.673873874,0.475000000,\log\left(\mathrm{MParams}\right) - \left(\sqrt{\mathrm{JacobFro}}\right) \cdot \left(\mathrm{Jacov}\right) - \mathrm{L2Norm},MParams Log Jacob_fro Sqrt Jacov Mul Sub L2-Norm Sub <EOS>,((log(MParams) - (sqrt(Jacob_fro) * Jacov)) - L2-Norm),0.475000000,0.448300000,139,9,5,2215,run_monash_time_unique1000,7,1,TIME__CPHL__15T/seed_2215/run_monash_time_unique1000/visualizations/archive_latex.tex
364,0.672972973,0.474900000,\left(\mathrm{Jacov} + \mathrm{Fisher}\right) \cdot \left(\left(\mathrm{Jacov}\right) \cdot \left(\mathrm{JacobFro}\right)\right),Jacov Fisher Add Jacov Jacob_fro Mul Mul <EOS>,((Jacov + Fisher) * (Jacov * Jacob_fro)),0.474900000,0.444800000,65,7,3,2146,run_monash_time_unique1000,2,1,TIME__CPHL__15T/seed_2146/run_monash_time_unique1000/visualizations/archive_latex.tex
365,0.672072072,0.474900000,\left(\mathrm{JacobFro}\right) \cdot \left(\left(\mathrm{Jacov} + \mathrm{Fisher}\right) \cdot \left(\mathrm{Jacov}\right)\right),Jacob_fro Jacov Fisher Add Jacov Mul Mul <EOS>,(Jacob_fro * ((Jacov + Fisher) * Jacov)),0.474900000,0.444800000,188,7,4,2115,run_monash_time_unique1000,3,1,TIME__CPHL__15T/seed_2115/run_monash_time_unique1000/visualizations/archive_latex.tex
366,0.671171171,0.474900000,\left(\mathrm{Jacov}\right) \cdot \left(\left(\mathrm{Jacov} + \mathrm{Fisher}\right) \cdot \left(\mathrm{JacobFro}\right)\right),Jacov Jacov Fisher Add Jacob_fro Mul Mul <EOS>,(Jacov * ((Jacov + Fisher) * Jacob_fro)),0.474900000,0.444800000,80,7,4,2216,run_monash_time_unique1000,3,1,TIME__CPHL__15T/seed_2216/run_monash_time_unique1000/visualizations/archive_latex.tex
367,0.670270270,0.474900000,\left(\left(-\mathrm{Jacov} + \log\left(\mathrm{Fisher}\right)\right)^2\right) \cdot \left(\mathrm{JacobFro}\right),Jacov Fisher Log Add Negative Square Jacob_fro Mul <EOS>,(square(-((Jacov + log(Fisher)))) * Jacob_fro),0.474900000,0.449700000,56,8,6,2158,run_monash_time_unique1000,5,1,TIME__CPHL__15T/seed_2158/run_monash_time_unique1000/visualizations/archive_latex.tex
368,0.669369369,0.474900000,\mathrm{Fisher} - \left(\mathrm{Jacov}\right) \cdot \left(\sqrt{\mathrm{JacobFro}}\right),Fisher Jacov Jacob_fro Sqrt Mul Sub <EOS>,(Fisher - (Jacov * sqrt(Jacob_fro))),0.474900000,0.440100000,39,6,4,2074,run_monash_time_unique1000,9,1,TIME__CPHL__15T/seed_2074/run_monash_time_unique1000/visualizations/archive_latex.tex
369,0.668468468,0.474900000,\left(\left(\mathrm{Jacov}\right) \cdot \left(\mathrm{Fisher} + \mathrm{Jacov}\right)\right) \cdot \left(\mathrm{JacobFro}\right),Jacov Fisher Jacov Add Mul Jacob_fro Mul <EOS>,((Jacov * (Fisher + Jacov)) * Jacob_fro),0.474900000,0.444800000,129,7,4,2220,run_monash_time_unique1000,10,1,TIME__CPHL__15T/seed_2220/run_monash_time_unique1000/visualizations/archive_latex.tex
370,0.667567568,0.474800000,\left(\log\left(\mathrm{Fisher}\right) - \mathrm{JacobFro}\right) \cdot \left(\mathrm{Jacov}\right) - \mathrm{Jacov},Fisher Log Jacob_fro Sub Jacov Mul Jacov Sub <EOS>,(((log(Fisher) - Jacob_fro) * Jacov) - Jacov),0.474800000,0.436900000,197,8,5,2110,run_monash_time_unique1000,3,1,TIME__CPHL__15T/seed_2110/run_monash_time_unique1000/visualizations/archive_latex.tex
371,0.666666667,0.474700000,\left(-\left(\log\left(\mathrm{ZiCo}\right)\right) \cdot \left(\left(\mathrm{Jacov}\right)^2\right)\right) \cdot \left(\mathrm{JacobFro}\right),ZiCo Log Jacov Square Mul Negative Jacob_fro Mul <EOS>,(-((log(ZiCo) * square(Jacov))) * Jacob_fro),0.474700000,0.447300000,82,8,5,2143,run_monash_time_unique1000,4,1,TIME__CPHL__15T/seed_2143/run_monash_time_unique1000/visualizations/archive_latex.tex
372,0.665765766,0.474600000,\left(\mathrm{JacobFro}\right) \cdot \left(\left(\mathrm{Jacov}\right)^2\right) + \left(\mathrm{GFLOPs}\right) \cdot \left(\mathrm{GraSP}\right),Jacob_fro Jacov Square Mul GFLOPs GraSP Mul Add <EOS>,((Jacob_fro * square(Jacov)) + (GFLOPs * GraSP)),0.474600000,0.443500000,13,8,4,2070,run_monash_time_unique1000,1,1,TIME__CPHL__15T/seed_2070/run_monash_time_unique1000/visualizations/archive_latex.tex
373,0.664864865,0.474600000,\left(\left(\mathrm{Jacov}\right) \cdot \left(\mathrm{JacobFro}\right)\right) \cdot \left(\mathrm{Jacov} + \mathrm{plain}\right),Jacov Jacob_fro Mul Jacov plain Add Mul <EOS>,((Jacov * Jacob_fro) * (Jacov + plain)),0.474600000,0.444800000,84,7,3,2155,run_monash_time_unique1000,1,1,TIME__CPHL__15T/seed_2155/run_monash_time_unique1000/visualizations/archive_latex.tex
374,0.663963964,0.474600000,\left(\mathrm{JacobFro}\right) \cdot \left(\left(\mathrm{Jacov} + \mathrm{plain}\right) \cdot \left(\mathrm{Jacov}\right)\right),Jacob_fro Jacov plain Add Jacov Mul Mul <EOS>,(Jacob_fro * ((Jacov + plain) * Jacov)),0.474600000,0.444800000,94,7,4,2070,run_monash_time_unique1000,2,1,TIME__CPHL__15T/seed_2070/run_monash_time_unique1000/visualizations/archive_latex.tex
375,0.663063063,0.474600000,\left(\left(\mathrm{Jacov}\right) \cdot \left(\mathrm{Jacov} + \mathrm{plain}\right)\right) \cdot \left(\mathrm{JacobFro}\right),Jacov Jacov plain Add Mul Jacob_fro Mul <EOS>,((Jacov * (Jacov + plain)) * Jacob_fro),0.474600000,0.444800000,23,7,4,2073,run_monash_time_unique1000,2,1,TIME__CPHL__15T/seed_2073/run_monash_time_unique1000/visualizations/archive_latex.tex
376,0.662162162,0.474600000,\sqrt{\mathrm{L2Norm}} - \mathrm{Snip} + \left(\mathrm{JacobFro}\right) \cdot \left(\mathrm{Jacov}\right),L2-Norm Sqrt Snip Jacob_fro Jacov Mul Add Sub <EOS>,(sqrt(L2-Norm) - (Snip + (Jacob_fro * Jacov))),0.474600000,0.422800000,126,8,4,2051,run_monash_time_unique1000,3,1,TIME__CPHL__15T/seed_2051/run_monash_time_unique1000/visualizations/archive_latex.tex
377,0.661261261,0.474600000,-\mathrm{Snip} + \left(\mathrm{JacobFro}\right) \cdot \left(\mathrm{Jacov}\right) + \mathrm{L2Norm},Snip Jacob_fro Jacov Mul Add L2-Norm Add Negative <EOS>,-(((Snip + (Jacob_fro * Jacov)) + L2-Norm)),0.474600000,0.425000000,54,8,5,2125,run_monash_time_unique1000,4,1,TIME__CPHL__15T/seed_2125/run_monash_time_unique1000/visualizations/archive_latex.tex
378,0.660360360,0.474600000,-\mathrm{L2Norm} - \mathrm{Snip} + \left(\mathrm{Jacov}\right) \cdot \left(\mathrm{JacobFro}\right),L2-Norm Negative Snip Jacov Jacob_fro Mul Add Sub <EOS>,(-(L2-Norm) - (Snip + (Jacov * Jacob_fro))),0.474600000,0.425000000,51,8,4,2216,run_monash_time_unique1000,4,1,TIME__CPHL__15T/seed_2216/run_monash_time_unique1000/visualizations/archive_latex.tex
379,0.659459459,0.474600000,\left(\mathrm{Jacov} + \mathrm{plain}\right) \cdot \left(\left(\mathrm{Jacov}\right) \cdot \left(\mathrm{JacobFro}\right)\right),Jacov plain Add Jacov Jacob_fro Mul Mul <EOS>,((Jacov + plain) * (Jacov * Jacob_fro)),0.474600000,0.444800000,175,7,3,2106,run_monash_time_unique1000,7,1,TIME__CPHL__15T/seed_2106/run_monash_time_unique1000/visualizations/archive_latex.tex
380,0.658558559,0.474500000,\left(\left(\mathrm{Jacov}\right) \cdot \left(\mathrm{MParams} + \mathrm{Jacov}\right)\right) \cdot \left(\mathrm{JacobFro}\right),Jacov MParams Jacov Add Mul Jacob_fro Mul <EOS>,((Jacov * (MParams + Jacov)) * Jacob_fro),0.474500000,0.442300000,8,7,4,2098,run_monash_time_unique1000,2,1,TIME__CPHL__15T/seed_2098/run_monash_time_unique1000/visualizations/archive_latex.tex
381,0.657657658,0.474500000,\frac{\frac{\mathrm{ZiCo}}{\mathrm{JacobFro}}}{\mathrm{Jacov} + \mathrm{MParams}},ZiCo Jacob_fro Div Jacov MParams Add Div <EOS>,((ZiCo / Jacob_fro) / (Jacov + MParams)),0.474500000,0.398700000,115,7,3,2042,run_monash_time_unique1000,3,1,TIME__CPHL__15T/seed_2042/run_monash_time_unique1000/visualizations/archive_latex.tex
382,0.656756757,0.474500000,\frac{\log\left(\mathrm{GSynFlow}\right)}{\mathrm{plain} + \log\left(\mathrm{MParams}\right)} - \mathrm{Jacov},GSynFlow Log plain MParams Log Add Div Jacov Sub <EOS>,((log(GSynFlow) / (plain + log(MParams))) - Jacov),0.474500000,0.525300000,126,9,5,2197,run_monash_time_unique1000,3,1,TIME__CPHL__15T/seed_2197/run_monash_time_unique1000/visualizations/archive_latex.tex
383,0.655855856,0.474500000,\frac{\log\left(\mathrm{GSynFlow}\right)}{\log\left(\mathrm{MParams}\right) + \mathrm{plain}} - \mathrm{Jacov},GSynFlow Log MParams Log plain Add Div Jacov Sub <EOS>,((log(GSynFlow) / (log(MParams) + plain)) - Jacov),0.474500000,0.525300000,182,9,5,2115,run_monash_time_unique1000,4,1,TIME__CPHL__15T/seed_2115/run_monash_time_unique1000/visualizations/archive_latex.tex
384,0.654954955,0.474500000,\left(\mathrm{MParams} + \mathrm{Jacov}\right) \cdot \left(\left(\mathrm{Jacov}\right) \cdot \left(\mathrm{JacobFro}\right)\right),MParams Jacov Add Jacov Jacob_fro Mul Mul <EOS>,((MParams + Jacov) * (Jacov * Jacob_fro)),0.474500000,0.442300000,35,7,3,2164,run_monash_time_unique1000,8,1,TIME__CPHL__15T/seed_2164/run_monash_time_unique1000/visualizations/archive_latex.tex
385,0.654054054,0.474400000,\sqrt{\left(-\left(\mathrm{Jacov}\right)^2\right) \cdot \left(\mathrm{JacobFro}\right)} + \mathrm{plain},Jacov Square Negative Jacob_fro Mul Sqrt plain Add <EOS>,(sqrt((-(square(Jacov)) * Jacob_fro)) + plain),0.474400000,0.440800000,52,8,6,2031,run_monash_time_unique1000,1,1,TIME__CPHL__15T/seed_2031/run_monash_time_unique1000/visualizations/archive_latex.tex
386,0.653153153,0.474400000,\left(\sqrt{\mathrm{Jacov}}\right) \cdot \left(\sqrt{\left(\mathrm{Jacov}\right) \cdot \left(\mathrm{JacobFro}\right)}\right) + \mathrm{plain},Jacov Sqrt Jacov Jacob_fro Mul Sqrt Mul plain Add <EOS>,((sqrt(Jacov) * sqrt((Jacov * Jacob_fro))) + plain),0.474400000,0.440800000,134,9,5,2123,run_monash_time_unique1000,2,1,TIME__CPHL__15T/seed_2123/run_monash_time_unique1000/visualizations/archive_latex.tex
387,0.652252252,0.474400000,\left(\left(\mathrm{Jacov}\right)^2 - \log\left(\mathrm{GSynFlow}\right)\right) \cdot \left(\mathrm{JacobFro}\right),Jacov Square GSynFlow Log Sub Jacob_fro Mul <EOS>,((square(Jacov) - log(GSynFlow)) * Jacob_fro),0.474400000,0.440400000,196,7,4,2140,run_monash_time_unique1000,2,1,TIME__CPHL__15T/seed_2140/run_monash_time_unique1000/visualizations/archive_latex.tex
388,0.651351351,0.474400000,\mathrm{plain} + \left(\mathrm{Jacov}\right) \cdot \left(-\sqrt{\mathrm{JacobFro}}\right),plain Jacov Jacob_fro Sqrt Negative Mul Add <EOS>,(plain + (Jacov * -(sqrt(Jacob_fro)))),0.474400000,0.440800000,33,7,5,2203,run_monash_time_unique1000,3,1,TIME__CPHL__15T/seed_2203/run_monash_time_unique1000/visualizations/archive_latex.tex
389,0.650450450,0.474400000,\left(-\mathrm{Jacov}\right) \cdot \left(\sqrt{\mathrm{JacobFro}}\right) + \mathrm{plain},Jacov Negative Jacob_fro Sqrt Mul plain Add <EOS>,((-(Jacov) * sqrt(Jacob_fro)) + plain),0.474400000,0.440800000,95,7,4,2122,run_monash_time_unique1000,5,1,TIME__CPHL__15T/seed_2122/run_monash_time_unique1000/visualizations/archive_latex.tex
390,0.649549550,0.474300000,\left(\left(\mathrm{Jacov}\right)^2\right) \cdot \left(\mathrm{JacobFro} + \frac{\mathrm{JacobFro}}{\mathrm{ZiCo}}\right),Jacov Square Jacob_fro Jacob_fro ZiCo Div Add Mul <EOS>,(square(Jacov) * (Jacob_fro + (Jacob_fro / ZiCo))),0.474300000,0.446300000,54,8,4,2039,run_monash_time_unique1000,1,1,TIME__CPHL__15T/seed_2039/run_monash_time_unique1000/visualizations/archive_latex.tex
391,0.648648649,0.474300000,\left(\mathrm{Jacov} + \sqrt{\mathrm{GFLOPs}}\right) \cdot \left(\left(\mathrm{Jacov}\right) \cdot \left(\mathrm{JacobFro}\right)\right),Jacov GFLOPs Sqrt Add Jacov Jacob_fro Mul Mul <EOS>,((Jacov + sqrt(GFLOPs)) * (Jacov * Jacob_fro)),0.474300000,0.441900000,93,8,4,2150,run_monash_time_unique1000,2,1,TIME__CPHL__15T/seed_2150/run_monash_time_unique1000/visualizations/archive_latex.tex
392,0.647747748,0.474300000,\mathrm{MParams} + \log\left(\mathrm{JacobFro}\right) - \frac{\mathrm{Jacov}}{\mathrm{L2Norm}},MParams Jacob_fro Log Add Jacov L2-Norm Div Sub <EOS>,((MParams + log(Jacob_fro)) - (Jacov / L2-Norm)),0.474300000,0.405300000,79,8,4,2174,run_monash_time_unique1000,7,1,TIME__CPHL__15T/seed_2174/run_monash_time_unique1000/visualizations/archive_latex.tex
393,0.646846847,0.474300000,\left(\mathrm{JacobFro}\right) \cdot \left(\mathrm{GraSP} + \left(\mathrm{Jacov}\right) \cdot \left(\mathrm{Jacov}\right)\right),Jacob_fro GraSP Jacov Jacov Mul Add Mul <EOS>,(Jacob_fro * (GraSP + (Jacov * Jacov))),0.474300000,0.453200000,90,7,4,2059,run_monash_time_unique1000,10,1,TIME__CPHL__15T/seed_2059/run_monash_time_unique1000/visualizations/archive_latex.tex
394,0.645945946,0.474200000,\left(\left(\mathrm{Jacov}\right)^2 + \mathrm{L2Norm} - \mathrm{Jacov}\right) \cdot \left(\mathrm{JacobFro}\right),Jacov Square L2-Norm Add Jacov Sub Jacob_fro Mul <EOS>,(((square(Jacov) + L2-Norm) - Jacov) * Jacob_fro),0.474200000,0.440400000,184,8,5,2129,run_monash_time_unique1000,2,1,TIME__CPHL__15T/seed_2129/run_monash_time_unique1000/visualizations/archive_latex.tex
395,0.645045045,0.474200000,\left(\mathrm{JacobFro}\right) \cdot \left(\left(\mathrm{Jacov} - \sqrt{\mathrm{GradNorm}}\right) \cdot \left(\mathrm{Jacov}\right)\right),Jacob_fro Jacov Grad_Norm Sqrt Sub Jacov Mul Mul <EOS>,(Jacob_fro * ((Jacov - sqrt(Grad_Norm)) * Jacov)),0.474200000,0.438700000,49,8,5,2201,run_monash_time_unique1000,4,1,TIME__CPHL__15T/seed_2201/run_monash_time_unique1000/visualizations/archive_latex.tex
396,0.644144144,0.474200000,\left(\mathrm{Jacov}\right) \cdot \left(\left(\mathrm{JacobFro}\right) \cdot \left(\mathrm{Jacov}\right) + \mathrm{GFLOPs}\right),Jacov Jacob_fro Jacov Mul GFLOPs Add Mul <EOS>,(Jacov * ((Jacob_fro * Jacov) + GFLOPs)),0.474200000,0.440600000,6,7,4,2057,run_monash_time_unique1000,5,1,TIME__CPHL__15T/seed_2057/run_monash_time_unique1000/visualizations/archive_latex.tex
397,0.643243243,0.474100000,\left(\mathrm{JacobFro}\right) \cdot \left(\frac{\left(\mathrm{Jacov}\right) \cdot \left(\mathrm{Jacov}\right)}{\mathrm{ZiCo}}\right),Jacob_fro Jacov Jacov Mul ZiCo Div Mul <EOS>,(Jacob_fro * ((Jacov * Jacov) / ZiCo)),0.474100000,0.448000000,177,7,4,2091,run_monash_time_unique1000,1,1,TIME__CPHL__15T/seed_2091/run_monash_time_unique1000/visualizations/archive_latex.tex
398,0.642342342,0.474100000,\frac{\sqrt{\frac{\mathrm{ZiCo}}{-\mathrm{JacobFro}}}}{\mathrm{Jacov}},ZiCo Jacob_fro Negative Div Sqrt Jacov Div <EOS>,(sqrt((ZiCo / -(Jacob_fro))) / Jacov),0.474100000,0.448000000,145,7,5,2060,run_monash_time_unique1000,2,1,TIME__CPHL__15T/seed_2060/run_monash_time_unique1000/visualizations/archive_latex.tex
399,0.641441441,0.474100000,\left(\frac{\left(\mathrm{Jacov}\right)^2}{\mathrm{ZiCo}}\right) \cdot \left(\mathrm{JacobFro}\right),Jacov Square ZiCo Div Jacob_fro Mul <EOS>,((square(Jacov) / ZiCo) * Jacob_fro),0.474100000,0.448000000,107,6,4,2111,run_monash_time_unique1000,2,2,TIME__CPHL__15T/seed_2111/run_monash_time_unique1000/visualizations/archive_latex.tex
400,0.640540541,0.474100000,\left(\left(\mathrm{Jacov}\right)^2\right) \cdot \left(\frac{\mathrm{JacobFro}}{\mathrm{ZiCo}}\right),Jacov Square Jacob_fro ZiCo Div Mul <EOS>,(square(Jacov) * (Jacob_fro / ZiCo)),0.474100000,0.448000000,72,6,3,2145,run_monash_time_unique1000,2,1,TIME__CPHL__15T/seed_2145/run_monash_time_unique1000/visualizations/archive_latex.tex
401,0.639639640,0.474100000,\left(\left(\mathrm{Jacov}\right)^2 + \mathrm{L2Norm} + \mathrm{GradNorm}\right) \cdot \left(\mathrm{JacobFro}\right),Jacov Square L2-Norm Grad_Norm Add Add Jacob_fro Mul <EOS>,((square(Jacov) + (L2-Norm + Grad_Norm)) * Jacob_fro),0.474100000,0.440400000,11,8,4,2171,run_monash_time_unique1000,2,1,TIME__CPHL__15T/seed_2171/run_monash_time_unique1000/visualizations/archive_latex.tex
402,0.638738739,0.474100000,\frac{\left(\mathrm{Jacov}\right) \cdot \left(\mathrm{JacobFro}\right)}{\frac{\mathrm{ZiCo}}{\mathrm{Jacov}}},Jacov Jacob_fro Mul ZiCo Jacov Div Div <EOS>,((Jacov * Jacob_fro) / (ZiCo / Jacov)),0.474100000,0.448000000,91,7,3,2224,run_monash_time_unique1000,2,1,TIME__CPHL__15T/seed_2224/run_monash_time_unique1000/visualizations/archive_latex.tex
403,0.637837838,0.474100000,\left(\sqrt{\mathrm{Jacov}}\right) \cdot \left(\log\left(\frac{\mathrm{JacobFro}}{\mathrm{ZiCo}}\right)\right),Jacov Sqrt Jacob_fro ZiCo Div Log Mul <EOS>,(sqrt(Jacov) * log((Jacob_fro / ZiCo))),0.474100000,0.451800000,73,7,4,2053,run_monash_time_unique1000,3,1,TIME__CPHL__15T/seed_2053/run_monash_time_unique1000/visualizations/archive_latex.tex
404,0.636936937,0.474100000,\left(\frac{\mathrm{Jacov}}{\mathrm{ZiCo}}\right) \cdot \left(\left(\mathrm{Jacov}\right) \cdot \left(\mathrm{JacobFro}\right)\right),Jacov ZiCo Div Jacov Jacob_fro Mul Mul <EOS>,((Jacov / ZiCo) * (Jacov * Jacob_fro)),0.474100000,0.448000000,17,7,3,2124,run_monash_time_unique1000,3,1,TIME__CPHL__15T/seed_2124/run_monash_time_unique1000/visualizations/archive_latex.tex
405,0.636036036,0.474100000,\mathrm{Snip} + \left(\mathrm{Jacov}\right) \cdot \left(\mathrm{Fisher} - \mathrm{JacobFro}\right),Snip Jacov Fisher Jacob_fro Sub Mul Add <EOS>,(Snip + (Jacov * (Fisher - Jacob_fro))),0.474100000,0.420900000,138,7,4,2090,run_monash_time_unique1000,4,1,TIME__CPHL__15T/seed_2090/run_monash_time_unique1000/visualizations/archive_latex.tex
406,0.635135135,0.474100000,\left(\left(\mathrm{ZiCo} + \mathrm{Jacov}\right)^2\right) \cdot \left(\frac{\mathrm{JacobFro}}{\mathrm{ZiCo}}\right),ZiCo Jacov Add Square Jacob_fro ZiCo Div Mul <EOS>,(square((ZiCo + Jacov)) * (Jacob_fro / ZiCo)),0.474100000,0.448000000,79,8,4,2107,run_monash_time_unique1000,4,1,TIME__CPHL__15T/seed_2107/run_monash_time_unique1000/visualizations/archive_latex.tex
407,0.634234234,0.474100000,\frac{-\mathrm{GFLOPs} + \left(\left(\mathrm{Jacov}\right)^2\right) \cdot \left(\mathrm{JacobFro}\right)}{\mathrm{ZiCo}},GFLOPs Negative Jacov Square Jacob_fro Mul Add ZiCo Div <EOS>,((-(GFLOPs) + (square(Jacov) * Jacob_fro)) / ZiCo),0.474100000,0.448000000,56,9,5,2128,run_monash_time_unique1000,5,1,TIME__CPHL__15T/seed_2128/run_monash_time_unique1000/visualizations/archive_latex.tex
408,0.633333333,0.474100000,\frac{\left(\left(\mathrm{Jacov}\right)^2\right) \cdot \left(\mathrm{JacobFro}\right)}{\mathrm{ZiCo}} - \mathrm{Jacov},Jacov Square Jacob_fro Mul ZiCo Div Jacov Sub <EOS>,(((square(Jacov) * Jacob_fro) / ZiCo) - Jacov),0.474100000,0.448000000,114,8,5,2131,run_monash_time_unique1000,5,1,TIME__CPHL__15T/seed_2131/run_monash_time_unique1000/visualizations/archive_latex.tex
409,0.632432432,0.474000000,\frac{\left(\log\left(\mathrm{JacobFro}\right)\right)^2}{\log\left(\mathrm{GSynFlow}\right)} - \mathrm{Jacov},Jacob_fro Log Square GSynFlow Log Div Jacov Sub <EOS>,((square(log(Jacob_fro)) / log(GSynFlow)) - Jacov),0.474000000,0.482200000,118,8,5,2189,run_monash_time_unique1000,1,1,TIME__CPHL__15T/seed_2189/run_monash_time_unique1000/visualizations/archive_latex.tex
410,0.631531532,0.474000000,\left(\mathrm{JacobFro}\right) \cdot \left(\left(\mathrm{Jacov}\right)^2 + \mathrm{Fisher}\right),Jacob_fro Jacov Square Fisher Add Mul <EOS>,(Jacob_fro * (square(Jacov) + Fisher)),0.474000000,0.440400000,23,6,4,2113,run_monash_time_unique1000,2,1,TIME__CPHL__15T/seed_2113/run_monash_time_unique1000/visualizations/archive_latex.tex
411,0.630630631,0.474000000,\left(\left(\mathrm{Jacov}\right)^2 + \mathrm{plain}\right) \cdot \left(\mathrm{JacobFro}\right),Jacov Square plain Add Jacob_fro Mul <EOS>,((square(Jacov) + plain) * Jacob_fro),0.474000000,0.440400000,85,6,4,2141,run_monash_time_unique1000,2,1,TIME__CPHL__15T/seed_2141/run_monash_time_unique1000/visualizations/archive_latex.tex
412,0.629729730,0.474000000,\frac{\mathrm{ZiCo}}{\mathrm{GFLOPs}} - \left(\mathrm{Jacov}\right) \cdot \left(\sqrt{\mathrm{JacobFro}}\right),ZiCo GFLOPs Div Jacov Jacob_fro Sqrt Mul Sub <EOS>,((ZiCo / GFLOPs) - (Jacov * sqrt(Jacob_fro))),0.474000000,0.440400000,4,8,4,2103,run_monash_time_unique1000,3,1,TIME__CPHL__15T/seed_2103/run_monash_time_unique1000/visualizations/archive_latex.tex
413,0.628828829,0.474000000,\left(\sqrt{-\mathrm{JacobFro}}\right) \cdot \left(-\mathrm{Jacov} - \mathrm{ZiCo}\right),Jacob_fro Negative Sqrt Jacov ZiCo Sub Negative Mul <EOS>,(sqrt(-(Jacob_fro)) * -((Jacov - ZiCo))),0.474000000,0.440400000,8,8,4,2028,run_monash_time_unique1000,5,1,TIME__CPHL__15T/seed_2028/run_monash_time_unique1000/visualizations/archive_latex.tex
414,0.627927928,0.474000000,\left(\sqrt{\mathrm{JacobFro}}\right) \cdot \left(\mathrm{ZiCo} - \mathrm{Jacov}\right),Jacob_fro Sqrt ZiCo Jacov Sub Mul <EOS>,(sqrt(Jacob_fro) * (ZiCo - Jacov)),0.474000000,0.440400000,187,6,3,2180,run_monash_time_unique1000,10,1,TIME__CPHL__15T/seed_2180/run_monash_time_unique1000/visualizations/archive_latex.tex
415,0.627027027,0.473900000,\left(\mathrm{ZiCo} - \sqrt{\mathrm{JacobFro}}\right) \cdot \left(\mathrm{Jacov}\right),ZiCo Jacob_fro Sqrt Sub Jacov Mul <EOS>,((ZiCo - sqrt(Jacob_fro)) * Jacov),0.473900000,0.439200000,3,6,4,2124,run_monash_time_unique1000,4,1,TIME__CPHL__15T/seed_2124/run_monash_time_unique1000/visualizations/archive_latex.tex
416,0.626126126,0.473800000,\left(\left(\mathrm{Jacov} + \mathrm{MParams}\right)^2\right) \cdot \left(\mathrm{JacobFro}\right),Jacov MParams Add Square Jacob_fro Mul <EOS>,(square((Jacov + MParams)) * Jacob_fro),0.473800000,0.441800000,40,6,4,2095,run_monash_time_unique1000,2,1,TIME__CPHL__15T/seed_2095/run_monash_time_unique1000/visualizations/archive_latex.tex
417,0.625225225,0.473800000,\left(\left(\sqrt{-\mathrm{ZiCo} - \mathrm{JacobFro}}\right) \cdot \left(\mathrm{Jacov}\right)\right)^2,ZiCo Jacob_fro Sub Negative Sqrt Jacov Mul Square <EOS>,square((sqrt(-((ZiCo - Jacob_fro))) * Jacov)),0.473800000,0.440000000,105,8,6,2111,run_monash_time_unique1000,3,1,TIME__CPHL__15T/seed_2111/run_monash_time_unique1000/visualizations/archive_latex.tex
418,0.624324324,0.473800000,\left(\left(\mathrm{Jacov}\right)^2\right) \cdot \left(\mathrm{JacobFro} - \mathrm{ZiCo}\right),Jacov Square Jacob_fro ZiCo Sub Mul <EOS>,(square(Jacov) * (Jacob_fro - ZiCo)),0.473800000,0.440000000,172,6,3,2118,run_monash_time_unique1000,3,1,TIME__CPHL__15T/seed_2118/run_monash_time_unique1000/visualizations/archive_latex.tex
419,0.623423423,0.473800000,\frac{\frac{\sqrt{\mathrm{Fisher}}}{\mathrm{plain}}}{\mathrm{Jacov} + \mathrm{L2Norm}},Fisher Sqrt plain Div Jacov L2-Norm Add Div <EOS>,((sqrt(Fisher) / plain) / (Jacov + L2-Norm)),0.473800000,0.430600000,28,8,4,2188,run_monash_time_unique1000,4,1,TIME__CPHL__15T/seed_2188/run_monash_time_unique1000/visualizations/archive_latex.tex
420,0.622522523,0.473800000,\log\left(\log\left(\mathrm{MParams}\right)\right) - \left(\sqrt{\mathrm{JacobFro}}\right) \cdot \left(\mathrm{Jacov}\right),MParams Log Log Jacob_fro Sqrt Jacov Mul Sub <EOS>,(log(log(MParams)) - (sqrt(Jacob_fro) * Jacov)),0.473800000,0.440300000,131,8,4,2046,run_monash_time_unique1000,5,1,TIME__CPHL__15T/seed_2046/run_monash_time_unique1000/visualizations/archive_latex.tex
421,0.621621622,0.473800000,\left(\mathrm{Jacov}\right) \cdot \left(\mathrm{L2Norm} + \left(\mathrm{Jacov}\right) \cdot \left(\mathrm{JacobFro}\right)\right),Jacov L2-Norm Jacov Jacob_fro Mul Add Mul <EOS>,(Jacov * (L2-Norm + (Jacov * Jacob_fro))),0.473800000,0.440400000,32,7,4,2074,run_monash_time_unique1000,10,1,TIME__CPHL__15T/seed_2074/run_monash_time_unique1000/visualizations/archive_latex.tex
422,0.620720721,0.473700000,\log\left(\left(\frac{\mathrm{L2Norm}}{\mathrm{plain}}\right) \cdot \left(\mathrm{Fisher}\right) + \mathrm{Jacov}\right),L2-Norm plain Div Fisher Mul Jacov Add Log <EOS>,log((((L2-Norm / plain) * Fisher) + Jacov)),0.473700000,0.432800000,191,8,5,2219,run_monash_time_unique1000,1,1,TIME__CPHL__15T/seed_2219/run_monash_time_unique1000/visualizations/archive_latex.tex
423,0.619819820,0.473700000,\frac{\mathrm{ZiCo}}{\left(\left(\mathrm{Jacov}\right)^2\right) \cdot \left(\mathrm{ZiCo} - \mathrm{JacobFro}\right)},ZiCo Jacov Square ZiCo Jacob_fro Sub Mul Div <EOS>,(ZiCo / (square(Jacov) * (ZiCo - Jacob_fro))),0.473700000,0.446500000,196,8,4,2222,run_monash_time_unique1000,2,1,TIME__CPHL__15T/seed_2222/run_monash_time_unique1000/visualizations/archive_latex.tex
424,0.618918919,0.473700000,\frac{\log\left(\mathrm{GraSP}\right)}{\log\left(\mathrm{GSynFlow}\right)} - \mathrm{L2Norm} - \mathrm{Jacov},GraSP Log GSynFlow Log Div L2-Norm Sub Jacov Sub <EOS>,(((log(GraSP) / log(GSynFlow)) - L2-Norm) - Jacov),0.473700000,0.508400000,131,9,5,2157,run_monash_time_unique1000,3,3,TIME__CPHL__15T/seed_2157/run_monash_time_unique1000/visualizations/archive_latex.tex
425,0.618018018,0.473700000,\frac{\log\left(\mathrm{GraSP}\right)}{\log\left(\mathrm{GSynFlow}\right)} - \mathrm{Jacov} + \mathrm{L2Norm},GraSP Log GSynFlow Log Div Jacov L2-Norm Add Sub <EOS>,((log(GraSP) / log(GSynFlow)) - (Jacov + L2-Norm)),0.473700000,0.508400000,139,9,4,2224,run_monash_time_unique1000,3,2,TIME__CPHL__15T/seed_2224/run_monash_time_unique1000/visualizations/archive_latex.tex
426,0.617117117,0.473700000,\frac{\log\left(\mathrm{L2Norm}\right)}{\mathrm{GSynFlow} - \mathrm{plain}} - \mathrm{Jacov},L2-Norm Log GSynFlow plain Sub Div Jacov Sub <EOS>,((log(L2-Norm) / (GSynFlow - plain)) - Jacov),0.473700000,0.475200000,198,8,4,2094,run_monash_time_unique1000,4,2,TIME__CPHL__15T/seed_2094/run_monash_time_unique1000/visualizations/archive_latex.tex
427,0.616216216,0.473700000,\left(\left(\mathrm{Jacov}\right)^2 - \mathrm{GradNorm}\right) \cdot \left(\mathrm{JacobFro}\right),Jacov Square Grad_Norm Sub Jacob_fro Mul <EOS>,((square(Jacov) - Grad_Norm) * Jacob_fro),0.473700000,0.440700000,196,6,4,2107,run_monash_time_unique1000,5,1,TIME__CPHL__15T/seed_2107/run_monash_time_unique1000/visualizations/archive_latex.tex
428,0.615315315,0.473600000,-\mathrm{MParams} + -\left(\mathrm{Jacov}\right) \cdot \left(\mathrm{JacobFro}\right) - \mathrm{Snip},MParams Negative Jacov Jacob_fro Mul Negative Add Snip Sub <EOS>,((-(MParams) + -((Jacov * Jacob_fro))) - Snip),0.473600000,0.423900000,46,9,5,2060,run_monash_time_unique1000,3,1,TIME__CPHL__15T/seed_2060/run_monash_time_unique1000/visualizations/archive_latex.tex
429,0.614414414,0.473600000,\left(\left(\mathrm{Jacov}\right)^2 - \sqrt{\mathrm{GSynFlow}}\right) \cdot \left(\mathrm{JacobFro}\right),Jacov Square GSynFlow Sqrt Sub Jacob_fro Mul <EOS>,((square(Jacov) - sqrt(GSynFlow)) * Jacob_fro),0.473600000,0.445000000,113,7,4,2140,run_monash_time_unique1000,3,1,TIME__CPHL__15T/seed_2140/run_monash_time_unique1000/visualizations/archive_latex.tex
430,0.613513514,0.473600000,\left(\mathrm{JacobFro}\right) \cdot \left(\left(\sqrt{\mathrm{plain}} + \mathrm{Jacov}\right)^2\right),Jacob_fro plain Sqrt Jacov Add Square Mul <EOS>,(Jacob_fro * square((sqrt(plain) + Jacov))),0.473600000,0.444500000,172,7,5,2058,run_monash_time_unique1000,4,1,TIME__CPHL__15T/seed_2058/run_monash_time_unique1000/visualizations/archive_latex.tex
431,0.612612613,0.473600000,-\mathrm{MParams} - \mathrm{Snip} - \left(\mathrm{JacobFro}\right) \cdot \left(\mathrm{Jacov}\right),MParams Negative Snip Sub Jacob_fro Jacov Mul Sub <EOS>,((-(MParams) - Snip) - (Jacob_fro * Jacov)),0.473600000,0.423900000,66,8,4,2096,run_monash_time_unique1000,4,1,TIME__CPHL__15T/seed_2096/run_monash_time_unique1000/visualizations/archive_latex.tex
432,0.611711712,0.473600000,\mathrm{Snip} + \left(\left(\mathrm{Jacov}\right)^2\right) \cdot \left(\mathrm{JacobFro}\right) - \mathrm{GraSP},Snip Jacov Square Jacob_fro Mul Add GraSP Sub <EOS>,((Snip + (square(Jacov) * Jacob_fro)) - GraSP),0.473600000,0.440600000,45,8,5,2205,run_monash_time_unique1000,7,1,TIME__CPHL__15T/seed_2205/run_monash_time_unique1000/visualizations/archive_latex.tex
433,0.610810811,0.473500000,\left(\left(\mathrm{Jacov}\right)^2\right) \cdot \left(\mathrm{JacobFro}\right) + \mathrm{GFLOPs},Jacov Square Jacob_fro Mul GFLOPs Add <EOS>,((square(Jacov) * Jacob_fro) + GFLOPs),0.473500000,0.440400000,126,6,4,2049,run_monash_time_unique1000,1,1,TIME__CPHL__15T/seed_2049/run_monash_time_unique1000/visualizations/archive_latex.tex
434,0.609909910,0.473500000,\log\left(\left(\mathrm{Jacov}\right) \cdot \left(\sqrt{\mathrm{JacobFro}}\right)\right),Jacov Jacob_fro Sqrt Mul Log <EOS>,log((Jacov * sqrt(Jacob_fro))),0.473500000,0.440400000,141,5,4,2052,run_monash_time_unique1000,1,1,TIME__CPHL__15T/seed_2052/run_monash_time_unique1000/visualizations/archive_latex.tex
435,0.609009009,0.473500000,\mathrm{Jacov} + \left(\left(\sqrt{\mathrm{JacobFro}}\right) \cdot \left(\mathrm{Jacov}\right)\right)^2,Jacov Jacob_fro Sqrt Jacov Mul Square Add <EOS>,(Jacov + square((sqrt(Jacob_fro) * Jacov))),0.473500000,0.440400000,148,7,5,2056,run_monash_time_unique1000,1,1,TIME__CPHL__15T/seed_2056/run_monash_time_unique1000/visualizations/archive_latex.tex
436,0.608108108,0.473500000,\left(\left(\mathrm{Jacov}\right)^2\right) \cdot \left(\mathrm{JacobFro}\right),Jacov Square Jacob_fro Mul <EOS>,(square(Jacov) * Jacob_fro),0.473500000,0.440400000,144,4,3,2083,run_monash_time_unique1000,1,29,TIME__CPHL__15T/seed_2083/run_monash_time_unique1000/visualizations/archive_latex.tex
437,0.607207207,0.473500000,\left(\left(-\mathrm{Jacov}\right)^2\right) \cdot \left(\mathrm{JacobFro}\right) + \mathrm{JacobFro},Jacov Negative Square Jacob_fro Mul Jacob_fro Add <EOS>,((square(-(Jacov)) * Jacob_fro) + Jacob_fro),0.473500000,0.440400000,18,7,5,2105,run_monash_time_unique1000,1,1,TIME__CPHL__15T/seed_2105/run_monash_time_unique1000/visualizations/archive_latex.tex
438,0.606306306,0.473500000,\left(\mathrm{JacobFro}\right) \cdot \left(\left(\mathrm{Jacov}\right)^2\right),Jacob_fro Jacov Square Mul <EOS>,(Jacob_fro * square(Jacov)),0.473500000,0.440400000,77,4,3,2133,run_monash_time_unique1000,1,19,TIME__CPHL__15T/seed_2133/run_monash_time_unique1000/visualizations/archive_latex.tex
439,0.605405405,0.473500000,\left(\left(\mathrm{Jacov}\right)^2\right) \cdot \left(\mathrm{JacobFro}\right) + \mathrm{MParams},Jacov Square Jacob_fro Mul MParams Add <EOS>,((square(Jacov) * Jacob_fro) + MParams),0.473500000,0.440400000,158,6,4,2151,run_monash_time_unique1000,1,1,TIME__CPHL__15T/seed_2151/run_monash_time_unique1000/visualizations/archive_latex.tex
440,0.604504505,0.473500000,\left(\mathrm{JacobFro}\right) \cdot \left(\left(\mathrm{Jacov}\right)^2 - \mathrm{Fisher}\right) - \mathrm{MParams},Jacob_fro Jacov Square Fisher Sub Mul MParams Sub <EOS>,((Jacob_fro * (square(Jacov) - Fisher)) - MParams),0.473500000,0.440800000,13,8,5,2168,run_monash_time_unique1000,1,1,TIME__CPHL__15T/seed_2168/run_monash_time_unique1000/visualizations/archive_latex.tex
441,0.603603604,0.473500000,\left(\mathrm{JacobFro}\right) \cdot \left(\left(-\mathrm{Jacov}\right)^2\right),Jacob_fro Jacov Negative Square Mul <EOS>,(Jacob_fro * square(-(Jacov))),0.473500000,0.440400000,183,5,4,2179,run_monash_time_unique1000,1,4,TIME__CPHL__15T/seed_2179/run_monash_time_unique1000/visualizations/archive_latex.tex
442,0.602702703,0.473500000,\left(\sqrt{\mathrm{JacobFro}}\right) \cdot \left(-\mathrm{Jacov}\right),Jacob_fro Sqrt Jacov Negative Mul <EOS>,(sqrt(Jacob_fro) * -(Jacov)),0.473500000,0.440400000,87,5,3,2225,run_monash_time_unique1000,1,3,TIME__CPHL__15T/seed_2225/run_monash_time_unique1000/visualizations/archive_latex.tex
443,0.601801802,0.473500000,\left(\sqrt{\mathrm{JacobFro}}\right) \cdot \left(\left(\sqrt{\mathrm{Jacov}}\right)^2\right),Jacob_fro Sqrt Jacov Sqrt Square Mul <EOS>,(sqrt(Jacob_fro) * square(sqrt(Jacov))),0.473500000,0.440400000,76,6,4,2036,run_monash_time_unique1000,2,1,TIME__CPHL__15T/seed_2036/run_monash_time_unique1000/visualizations/archive_latex.tex
444,0.600900901,0.473500000,\left(\left(\mathrm{Jacov}\right)^2\right) \cdot \left(\left(\sqrt{\mathrm{JacobFro}}\right)^2\right),Jacov Square Jacob_fro Sqrt Square Mul <EOS>,(square(Jacov) * square(sqrt(Jacob_fro))),0.473500000,0.440400000,177,6,4,2039,run_monash_time_unique1000,2,1,TIME__CPHL__15T/seed_2039/run_monash_time_unique1000/visualizations/archive_latex.tex
445,0.600000000,0.473500000,\frac{\frac{\sqrt{\mathrm{JacobFro}}}{\mathrm{JacobFro}}}{\mathrm{Jacov}},Jacob_fro Sqrt Jacob_fro Div Jacov Div <EOS>,((sqrt(Jacob_fro) / Jacob_fro) / Jacov),0.473500000,0.440400000,39,6,4,2041,run_monash_time_unique1000,2,2,TIME__CPHL__15T/seed_2041/run_monash_time_unique1000/visualizations/archive_latex.tex
446,0.599099099,0.473500000,\left(\left(\sqrt{\mathrm{JacobFro}}\right) \cdot \left(\mathrm{Jacov}\right)\right)^2,Jacob_fro Sqrt Jacov Mul Square <EOS>,square((sqrt(Jacob_fro) * Jacov)),0.473500000,0.440400000,114,5,4,2067,run_monash_time_unique1000,2,2,TIME__CPHL__15T/seed_2067/run_monash_time_unique1000/visualizations/archive_latex.tex
447,0.598198198,0.473500000,\left(\log\left(\mathrm{GraSP}\right) + \left(\mathrm{Jacov}\right) \cdot \left(\mathrm{JacobFro}\right)\right) \cdot \left(\mathrm{Jacov}\right),GraSP Log Jacov Jacob_fro Mul Add Jacov Mul <EOS>,((log(GraSP) + (Jacov * Jacob_fro)) * Jacov),0.473500000,0.440300000,89,8,4,2133,run_monash_time_unique1000,2,1,TIME__CPHL__15T/seed_2133/run_monash_time_unique1000/visualizations/archive_latex.tex
448,0.597297297,0.473500000,\left(-\sqrt{\mathrm{JacobFro}}\right) \cdot \left(\mathrm{Jacov}\right),Jacob_fro Sqrt Negative Jacov Mul <EOS>,(-(sqrt(Jacob_fro)) * Jacov),0.473500000,0.440400000,152,5,4,2134,run_monash_time_unique1000,2,5,TIME__CPHL__15T/seed_2134/run_monash_time_unique1000/visualizations/archive_latex.tex
449,0.596396396,0.473500000,\left(-\mathrm{Jacov}\right) \cdot \left(\sqrt{\mathrm{JacobFro}}\right),Jacov Negative Jacob_fro Sqrt Mul <EOS>,(-(Jacov) * sqrt(Jacob_fro)),0.473500000,0.440400000,70,5,3,2178,run_monash_time_unique1000,2,5,TIME__CPHL__15T/seed_2178/run_monash_time_unique1000/visualizations/archive_latex.tex
450,0.595495495,0.473500000,\left(\mathrm{Jacov}\right) \cdot \left(\left(\mathrm{Jacov}\right) \cdot \left(\mathrm{JacobFro}\right)\right) + \mathrm{JacobFro},Jacov Jacov Jacob_fro Mul Mul Jacob_fro Add <EOS>,((Jacov * (Jacov * Jacob_fro)) + Jacob_fro),0.473500000,0.440400000,127,7,4,2193,run_monash_time_unique1000,2,1,TIME__CPHL__15T/seed_2193/run_monash_time_unique1000/visualizations/archive_latex.tex
451,0.594594595,0.473500000,\left(\mathrm{JacobFro}\right) \cdot \left(\left(\mathrm{Jacov}\right)^2\right) - \mathrm{Jacov},Jacob_fro Jacov Square Mul Jacov Sub <EOS>,((Jacob_fro * square(Jacov)) - Jacov),0.473500000,0.440400000,77,6,4,2198,run_monash_time_unique1000,2,1,TIME__CPHL__15T/seed_2198/run_monash_time_unique1000/visualizations/archive_latex.tex
452,0.593693694,0.473500000,\left(\mathrm{JacobFro}\right) \cdot \left(\left(\mathrm{Jacov}\right)^2\right) - \mathrm{ZiCo} - \mathrm{L2Norm},Jacob_fro Jacov Square Mul ZiCo L2-Norm Sub Sub <EOS>,((Jacob_fro * square(Jacov)) - (ZiCo - L2-Norm)),0.473500000,0.440400000,21,8,4,2204,run_monash_time_unique1000,2,1,TIME__CPHL__15T/seed_2204/run_monash_time_unique1000/visualizations/archive_latex.tex
453,0.592792793,0.473500000,\left(\left(\mathrm{Jacov}\right)^2 - \mathrm{GFLOPs}\right) \cdot \left(\mathrm{JacobFro}\right),Jacov Square GFLOPs Sub Jacob_fro Mul <EOS>,((square(Jacov) - GFLOPs) * Jacob_fro),0.473500000,0.440400000,173,6,4,2219,run_monash_time_unique1000,2,1,TIME__CPHL__15T/seed_2219/run_monash_time_unique1000/visualizations/archive_latex.tex
454,0.591891892,0.473500000,\log\left(\left(\mathrm{Jacov}\right)^2\right) + \log\left(\mathrm{JacobFro}\right),Jacov Square Log Jacob_fro Log Add <EOS>,(log(square(Jacov)) + log(Jacob_fro)),0.473500000,0.440400000,157,6,4,2226,run_monash_time_unique1000,2,1,TIME__CPHL__15T/seed_2226/run_monash_time_unique1000/visualizations/archive_latex.tex
455,0.590990991,0.473500000,\log\left(\left(\sqrt{\mathrm{JacobFro}}\right) \cdot \left(\mathrm{Jacov}\right)\right),Jacob_fro Sqrt Jacov Mul Log <EOS>,log((sqrt(Jacob_fro) * Jacov)),0.473500000,0.440400000,178,5,4,2027,run_monash_time_unique1000,3,2,TIME__CPHL__15T/seed_2027/run_monash_time_unique1000/visualizations/archive_latex.tex
456,0.590090090,0.473500000,-\left(\sqrt{\mathrm{JacobFro}}\right) \cdot \left(\mathrm{Jacov}\right),Jacob_fro Sqrt Jacov Mul Negative <EOS>,-((sqrt(Jacob_fro) * Jacov)),0.473500000,0.440400000,11,5,4,2032,run_monash_time_unique1000,3,4,TIME__CPHL__15T/seed_2032/run_monash_time_unique1000/visualizations/archive_latex.tex
457,0.589189189,0.473500000,\left(\left(\mathrm{Jacov}\right)^2\right) \cdot \left(\mathrm{JacobFro}\right) - \mathrm{Jacov},Jacov Square Jacob_fro Mul Jacov Sub <EOS>,((square(Jacov) * Jacob_fro) - Jacov),0.473500000,0.440400000,190,6,4,2033,run_monash_time_unique1000,3,3,TIME__CPHL__15T/seed_2033/run_monash_time_unique1000/visualizations/archive_latex.tex
458,0.588288288,0.473500000,-\left(\sqrt{\mathrm{JacobFro}}\right) \cdot \left(\mathrm{Jacov} + \mathrm{Jacov}\right),Jacob_fro Sqrt Jacov Jacov Add Mul Negative <EOS>,-((sqrt(Jacob_fro) * (Jacov + Jacov))),0.473500000,0.440400000,124,7,4,2071,run_monash_time_unique1000,3,1,TIME__CPHL__15T/seed_2071/run_monash_time_unique1000/visualizations/archive_latex.tex
459,0.587387387,0.473500000,\left(\left(-\mathrm{Jacov}\right)^2\right) \cdot \left(\mathrm{JacobFro}\right),Jacov Negative Square Jacob_fro Mul <EOS>,(square(-(Jacov)) * Jacob_fro),0.473500000,0.440400000,26,5,4,2080,run_monash_time_unique1000,3,4,TIME__CPHL__15T/seed_2080/run_monash_time_unique1000/visualizations/archive_latex.tex
460,0.586486486,0.473500000,\left(\left(\mathrm{Jacov}\right) \cdot \left(\mathrm{Jacov}\right)\right) \cdot \left(\mathrm{JacobFro}\right),Jacov Jacov Mul Jacob_fro Mul <EOS>,((Jacov * Jacov) * Jacob_fro),0.473500000,0.440400000,40,5,3,2082,run_monash_time_unique1000,3,2,TIME__CPHL__15T/seed_2082/run_monash_time_unique1000/visualizations/archive_latex.tex
461,0.585585586,0.473500000,\left(\left(\mathrm{Jacov}\right)^2\right) \cdot \left(\mathrm{JacobFro}\right) - \mathrm{plain},Jacov Square Jacob_fro Mul plain Sub <EOS>,((square(Jacov) * Jacob_fro) - plain),0.473500000,0.440400000,166,6,4,2085,run_monash_time_unique1000,3,1,TIME__CPHL__15T/seed_2085/run_monash_time_unique1000/visualizations/archive_latex.tex
462,0.584684685,0.473500000,\left(\left(\mathrm{JacobFro}\right) \cdot \left(\mathrm{Jacov}\right)\right) \cdot \left(\mathrm{Jacov}\right),Jacob_fro Jacov Mul Jacov Mul <EOS>,((Jacob_fro * Jacov) * Jacov),0.473500000,0.440400000,31,5,3,2121,run_monash_time_unique1000,3,2,TIME__CPHL__15T/seed_2121/run_monash_time_unique1000/visualizations/archive_latex.tex
463,0.583783784,0.473500000,\left(\mathrm{JacobFro}\right) \cdot \left(\left(\mathrm{Jacov}\right)^2\right) - \mathrm{L2Norm},Jacob_fro Jacov Square Mul L2-Norm Sub <EOS>,((Jacob_fro * square(Jacov)) - L2-Norm),0.473500000,0.440400000,23,6,4,2132,run_monash_time_unique1000,3,2,TIME__CPHL__15T/seed_2132/run_monash_time_unique1000/visualizations/archive_latex.tex
464,0.582882883,0.473500000,\sqrt{\left(\mathrm{Jacov}\right) \cdot \left(\sqrt{\mathrm{JacobFro}}\right)},Jacov Jacob_fro Sqrt Mul Sqrt <EOS>,sqrt((Jacov * sqrt(Jacob_fro))),0.473500000,0.440400000,183,5,4,2136,run_monash_time_unique1000,3,1,TIME__CPHL__15T/seed_2136/run_monash_time_unique1000/visualizations/archive_latex.tex
465,0.581981982,0.473500000,\mathrm{MParams} + \left(\left(\mathrm{Jacov}\right) \cdot \left(\mathrm{Jacov}\right)\right) \cdot \left(\mathrm{JacobFro}\right),MParams Jacov Jacov Mul Jacob_fro Mul Add <EOS>,(MParams + ((Jacov * Jacov) * Jacob_fro)),0.473500000,0.440400000,79,7,4,2137,run_monash_time_unique1000,3,1,TIME__CPHL__15T/seed_2137/run_monash_time_unique1000/visualizations/archive_latex.tex
466,0.581081081,0.473500000,\left(-\left(\mathrm{Jacov}\right)^2\right) \cdot \left(-\mathrm{JacobFro}\right),Jacov Square Negative Jacob_fro Negative Mul <EOS>,(-(square(Jacov)) * -(Jacob_fro)),0.473500000,0.440400000,166,6,4,2146,run_monash_time_unique1000,3,1,TIME__CPHL__15T/seed_2146/run_monash_time_unique1000/visualizations/archive_latex.tex
467,0.580180180,0.473500000,\left(\left(\sqrt{-\mathrm{JacobFro}}\right) \cdot \left(\mathrm{Jacov}\right)\right)^2 - \mathrm{L2Norm},Jacob_fro Negative Sqrt Jacov Mul Square L2-Norm Sub <EOS>,(square((sqrt(-(Jacob_fro)) * Jacov)) - L2-Norm),0.473500000,0.440400000,44,8,6,2150,run_monash_time_unique1000,3,1,TIME__CPHL__15T/seed_2150/run_monash_time_unique1000/visualizations/archive_latex.tex
468,0.579279279,0.473500000,\left(\left(\mathrm{Jacov}\right)^2 - \frac{\mathrm{Fisher}}{\mathrm{Snip}}\right) \cdot \left(\mathrm{JacobFro}\right),Jacov Square Fisher Snip Div Sub Jacob_fro Mul <EOS>,((square(Jacov) - (Fisher / Snip)) * Jacob_fro),0.473500000,0.440400000,55,8,4,2162,run_monash_time_unique1000,3,1,TIME__CPHL__15T/seed_2162/run_monash_time_unique1000/visualizations/archive_latex.tex
469,0.578378378,0.473500000,\left(\mathrm{Jacov}\right) \cdot \left(-\sqrt{\mathrm{JacobFro}}\right),Jacov Jacob_fro Sqrt Negative Mul <EOS>,(Jacov * -(sqrt(Jacob_fro))),0.473500000,0.440400000,122,5,4,2029,run_monash_time_unique1000,4,1,TIME__CPHL__15T/seed_2029/run_monash_time_unique1000/visualizations/archive_latex.tex
470,0.577477477,0.473500000,\left(\left(\mathrm{Jacov}\right)^2\right) \cdot \left(\mathrm{JacobFro}\right) - \mathrm{MParams},Jacov Square Jacob_fro Mul MParams Sub <EOS>,((square(Jacov) * Jacob_fro) - MParams),0.473500000,0.440400000,101,6,4,2042,run_monash_time_unique1000,4,1,TIME__CPHL__15T/seed_2042/run_monash_time_unique1000/visualizations/archive_latex.tex
471,0.576576577,0.473500000,\left(\mathrm{JacobFro}\right) \cdot \left(\left(\mathrm{Jacov}\right)^2\right) - \mathrm{L2Norm} + \mathrm{Jacov},Jacob_fro Jacov Square Mul L2-Norm Jacov Add Sub <EOS>,((Jacob_fro * square(Jacov)) - (L2-Norm + Jacov)),0.473500000,0.440400000,190,8,4,2051,run_monash_time_unique1000,4,1,TIME__CPHL__15T/seed_2051/run_monash_time_unique1000/visualizations/archive_latex.tex
472,0.575675676,0.473500000,\left(\mathrm{ZiCo} - \log\left(\sqrt{\mathrm{JacobFro}}\right)\right) \cdot \left(\mathrm{Jacov}\right),ZiCo Jacob_fro Sqrt Log Sub Jacov Mul <EOS>,((ZiCo - log(sqrt(Jacob_fro))) * Jacov),0.473500000,0.448300000,10,7,5,2060,run_monash_time_unique1000,4,1,TIME__CPHL__15T/seed_2060/run_monash_time_unique1000/visualizations/archive_latex.tex
473,0.574774775,0.473500000,\left(\left(\mathrm{Jacov}\right)^2 + -\log\left(\mathrm{GraSP}\right)\right) \cdot \left(\mathrm{JacobFro}\right),Jacov Square GraSP Log Negative Add Jacob_fro Mul <EOS>,((square(Jacov) + -(log(GraSP))) * Jacob_fro),0.473500000,0.440800000,88,8,5,2068,run_monash_time_unique1000,4,1,TIME__CPHL__15T/seed_2068/run_monash_time_unique1000/visualizations/archive_latex.tex
474,0.573873874,0.473500000,\sqrt{\left(\sqrt{\mathrm{JacobFro}}\right) \cdot \left(\mathrm{Jacov}\right)},Jacob_fro Sqrt Jacov Mul Sqrt <EOS>,sqrt((sqrt(Jacob_fro) * Jacov)),0.473500000,0.440400000,90,5,4,2088,run_monash_time_unique1000,4,1,TIME__CPHL__15T/seed_2088/run_monash_time_unique1000/visualizations/archive_latex.tex
475,0.572972973,0.473500000,\left(\mathrm{JacobFro}\right) \cdot \left(\left(\mathrm{Jacov}\right)^2\right) - \mathrm{MParams},Jacob_fro Jacov Square Mul MParams Sub <EOS>,((Jacob_fro * square(Jacov)) - MParams),0.473500000,0.440400000,21,6,4,2089,run_monash_time_unique1000,4,1,TIME__CPHL__15T/seed_2089/run_monash_time_unique1000/visualizations/archive_latex.tex
476,0.572072072,0.473500000,\left(\left(\mathrm{Jacov}\right)^2\right) \cdot \left(\mathrm{JacobFro}\right) - \mathrm{GFLOPs} - \mathrm{L2Norm},Jacov Square Jacob_fro Mul GFLOPs L2-Norm Sub Sub <EOS>,((square(Jacov) * Jacob_fro) - (GFLOPs - L2-Norm)),0.473500000,0.440400000,74,8,4,2111,run_monash_time_unique1000,4,1,TIME__CPHL__15T/seed_2111/run_monash_time_unique1000/visualizations/archive_latex.tex
477,0.571171171,0.473500000,\left(\left(\sqrt{\mathrm{JacobFro}}\right)^2\right) \cdot \left(\left(\mathrm{Jacov}\right)^2\right),Jacob_fro Sqrt Square Jacov Square Mul <EOS>,(square(sqrt(Jacob_fro)) * square(Jacov)),0.473500000,0.440400000,47,6,4,2139,run_monash_time_unique1000,4,1,TIME__CPHL__15T/seed_2139/run_monash_time_unique1000/visualizations/archive_latex.tex
478,0.570270270,0.473500000,\left(\left(\mathrm{Jacov}\right) \cdot \left(\mathrm{JacobFro}\right)\right) \cdot \left(\mathrm{Jacov}\right),Jacov Jacob_fro Mul Jacov Mul <EOS>,((Jacov * Jacob_fro) * Jacov),0.473500000,0.440400000,26,5,3,2185,run_monash_time_unique1000,4,1,TIME__CPHL__15T/seed_2185/run_monash_time_unique1000/visualizations/archive_latex.tex
479,0.569369369,0.473500000,\mathrm{ZiCo} - \left(\sqrt{\mathrm{JacobFro}}\right) \cdot \left(\mathrm{Jacov}\right),ZiCo Jacob_fro Sqrt Jacov Mul Sub <EOS>,(ZiCo - (sqrt(Jacob_fro) * Jacov)),0.473500000,0.440400000,101,6,4,2203,run_monash_time_unique1000,4,1,TIME__CPHL__15T/seed_2203/run_monash_time_unique1000/visualizations/archive_latex.tex
480,0.568468468,0.473500000,\left(\mathrm{JacobFro}\right) \cdot \left(\left(\mathrm{Jacov}\right)^2\right) - \mathrm{Jacov} - \mathrm{L2Norm},Jacob_fro Jacov Square Mul Jacov Sub L2-Norm Sub <EOS>,(((Jacob_fro * square(Jacov)) - Jacov) - L2-Norm),0.473500000,0.440400000,115,8,5,2075,run_monash_time_unique1000,5,1,TIME__CPHL__15T/seed_2075/run_monash_time_unique1000/visualizations/archive_latex.tex
481,0.567567568,0.473500000,\log\left(\mathrm{Jacov}\right) + \log\left(\sqrt{\mathrm{JacobFro}}\right),Jacov Log Jacob_fro Sqrt Log Add <EOS>,(log(Jacov) + log(sqrt(Jacob_fro))),0.473500000,0.440400000,80,6,4,2094,run_monash_time_unique1000,5,1,TIME__CPHL__15T/seed_2094/run_monash_time_unique1000/visualizations/archive_latex.tex
482,0.566666667,0.473500000,\mathrm{JacobFro} - \left(\mathrm{Fisher} + \mathrm{Jacov}\right) \cdot \left(\sqrt{\mathrm{JacobFro}}\right),Jacob_fro Fisher Jacov Add Jacob_fro Sqrt Mul Sub <EOS>,(Jacob_fro - ((Fisher + Jacov) * sqrt(Jacob_fro))),0.473500000,0.444000000,172,8,4,2185,run_monash_time_unique1000,5,1,TIME__CPHL__15T/seed_2185/run_monash_time_unique1000/visualizations/archive_latex.tex
483,0.565765766,0.473500000,\left(\sqrt{-\mathrm{JacobFro}}\right) \cdot \left(-\mathrm{Jacov}\right),Jacob_fro Negative Sqrt Jacov Negative Mul <EOS>,(sqrt(-(Jacob_fro)) * -(Jacov)),0.473500000,0.440400000,193,6,4,2054,run_monash_time_unique1000,6,1,TIME__CPHL__15T/seed_2054/run_monash_time_unique1000/visualizations/archive_latex.tex
484,0.564864865,0.473500000,\left(\sqrt{\mathrm{GFLOPs}} + \left(\mathrm{Jacov}\right)^2 - \mathrm{GFLOPs}\right) \cdot \left(\mathrm{JacobFro}\right),GFLOPs Sqrt Jacov Square GFLOPs Sub Add Jacob_fro Mul <EOS>,((sqrt(GFLOPs) + (square(Jacov) - GFLOPs)) * Jacob_fro),0.473500000,0.440400000,51,9,5,2122,run_monash_time_unique1000,6,1,TIME__CPHL__15T/seed_2122/run_monash_time_unique1000/visualizations/archive_latex.tex
485,0.563963964,0.473500000,\left(\left(\mathrm{Jacov}\right)^2 - \mathrm{ZiCo}\right) \cdot \left(\mathrm{JacobFro}\right),Jacov Square ZiCo Sub Jacob_fro Mul <EOS>,((square(Jacov) - ZiCo) * Jacob_fro),0.473500000,0.440400000,15,6,4,2131,run_monash_time_unique1000,6,1,TIME__CPHL__15T/seed_2131/run_monash_time_unique1000/visualizations/archive_latex.tex
486,0.563063063,0.473500000,\left(\left(\mathrm{Jacov}\right)^2\right) \cdot \left(\mathrm{JacobFro}\right) - \mathrm{L2Norm} + \mathrm{Jacov},Jacov Square Jacob_fro Mul L2-Norm Jacov Add Sub <EOS>,((square(Jacov) * Jacob_fro) - (L2-Norm + Jacov)),0.473500000,0.440400000,178,8,4,2158,run_monash_time_unique1000,6,1,TIME__CPHL__15T/seed_2158/run_monash_time_unique1000/visualizations/archive_latex.tex
487,0.562162162,0.473500000,\left(\left(\mathrm{Jacov}\right)^2 + \mathrm{ZiCo}\right) \cdot \left(\mathrm{JacobFro}\right),Jacov Square ZiCo Add Jacob_fro Mul <EOS>,((square(Jacov) + ZiCo) * Jacob_fro),0.473500000,0.440400000,95,6,4,2057,run_monash_time_unique1000,7,1,TIME__CPHL__15T/seed_2057/run_monash_time_unique1000/visualizations/archive_latex.tex
488,0.561261261,0.473500000,\left(\mathrm{Jacov} - \mathrm{ZiCo}\right) \cdot \left(\left(\mathrm{JacobFro}\right) \cdot \left(\mathrm{Jacov}\right)\right),Jacov ZiCo Sub Jacob_fro Jacov Mul Mul <EOS>,((Jacov - ZiCo) * (Jacob_fro * Jacov)),0.473500000,0.440400000,14,7,3,2114,run_monash_time_unique1000,7,1,TIME__CPHL__15T/seed_2114/run_monash_time_unique1000/visualizations/archive_latex.tex
489,0.560360360,0.473500000,\left(\mathrm{ZiCo} + \left(\mathrm{Jacov}\right)^2\right) \cdot \left(\mathrm{JacobFro}\right),ZiCo Jacov Square Add Jacob_fro Mul <EOS>,((ZiCo + square(Jacov)) * Jacob_fro),0.473500000,0.440400000,177,6,4,2172,run_monash_time_unique1000,7,1,TIME__CPHL__15T/seed_2172/run_monash_time_unique1000/visualizations/archive_latex.tex
490,0.559459459,0.473500000,\left(\mathrm{Jacov}\right) \cdot \left(\left(\mathrm{JacobFro}\right) \cdot \left(\mathrm{Jacov}\right)\right),Jacov Jacob_fro Jacov Mul Mul <EOS>,(Jacov * (Jacob_fro * Jacov)),0.473500000,0.440400000,81,5,3,2186,run_monash_time_unique1000,7,1,TIME__CPHL__15T/seed_2186/run_monash_time_unique1000/visualizations/archive_latex.tex
491,0.558558559,0.473500000,\left(\left(\mathrm{Jacov}\right) \cdot \left(\mathrm{JacobFro}\right)\right) \cdot \left(\mathrm{Jacov}\right) - \mathrm{L2Norm},Jacov Jacob_fro Mul Jacov Mul L2-Norm Sub <EOS>,(((Jacov * Jacob_fro) * Jacov) - L2-Norm),0.473500000,0.440400000,53,7,4,2215,run_monash_time_unique1000,8,1,TIME__CPHL__15T/seed_2215/run_monash_time_unique1000/visualizations/archive_latex.tex
492,0.557657658,0.473500000,\mathrm{MParams} + \left(\mathrm{JacobFro}\right) \cdot \left(\left(\mathrm{Jacov}\right)^2\right),MParams Jacob_fro Jacov Square Mul Add <EOS>,(MParams + (Jacob_fro * square(Jacov))),0.473500000,0.440400000,55,6,4,2037,run_monash_time_unique1000,9,1,TIME__CPHL__15T/seed_2037/run_monash_time_unique1000/visualizations/archive_latex.tex
493,0.556756757,0.473500000,\log\left(\left(\mathrm{JacobFro}\right) \cdot \left(-\left(\mathrm{Jacov}\right)^2\right)\right),Jacob_fro Jacov Square Negative Mul Log <EOS>,log((Jacob_fro * -(square(Jacov)))),0.473500000,0.440400000,149,6,5,2072,run_monash_time_unique1000,9,1,TIME__CPHL__15T/seed_2072/run_monash_time_unique1000/visualizations/archive_latex.tex
494,0.555855856,0.473500000,\left(\mathrm{JacobFro}\right) \cdot \left(\mathrm{MParams} - -\left(\mathrm{Jacov}\right)^2\right),Jacob_fro MParams Jacov Square Negative Sub Mul <EOS>,(Jacob_fro * (MParams - -(square(Jacov)))),0.473500000,0.440400000,150,7,5,2164,run_monash_time_unique1000,10,1,TIME__CPHL__15T/seed_2164/run_monash_time_unique1000/visualizations/archive_latex.tex
495,0.554954955,0.473400000,-\mathrm{Snip} - \left(\mathrm{JacobFro}\right) \cdot \left(\mathrm{Jacov}\right),Snip Negative Jacob_fro Jacov Mul Sub <EOS>,(-(Snip) - (Jacob_fro * Jacov)),0.473400000,0.423800000,144,6,3,2056,run_monash_time_unique1000,2,1,TIME__CPHL__15T/seed_2056/run_monash_time_unique1000/visualizations/archive_latex.tex
496,0.554054054,0.473400000,-\mathrm{Snip} + \mathrm{ZiCo} - \left(\mathrm{JacobFro}\right) \cdot \left(\mathrm{Jacov}\right),Snip Negative ZiCo Jacob_fro Jacov Mul Sub Add <EOS>,(-(Snip) + (ZiCo - (Jacob_fro * Jacov))),0.473400000,0.423800000,126,8,4,2091,run_monash_time_unique1000,2,2,TIME__CPHL__15T/seed_2091/run_monash_time_unique1000/visualizations/archive_latex.tex
497,0.553153153,0.473400000,-\mathrm{Snip} + \left(-\mathrm{JacobFro}\right) \cdot \left(\mathrm{Jacov}\right),Snip Negative Jacob_fro Negative Jacov Mul Add <EOS>,(-(Snip) + (-(Jacob_fro) * Jacov)),0.473400000,0.423800000,85,7,4,2179,run_monash_time_unique1000,2,1,TIME__CPHL__15T/seed_2179/run_monash_time_unique1000/visualizations/archive_latex.tex
498,0.552252252,0.473400000,\left(\mathrm{plain} - \mathrm{Jacov} + \mathrm{GFLOPs}\right) \cdot \left(\mathrm{JacobFro}\right),plain Jacov GFLOPs Add Sub Jacob_fro Mul <EOS>,((plain - (Jacov + GFLOPs)) * Jacob_fro),0.473400000,0.423500000,88,7,4,2050,run_monash_time_unique1000,3,1,TIME__CPHL__15T/seed_2050/run_monash_time_unique1000/visualizations/archive_latex.tex
499,0.551351351,0.473400000,\log\left(\mathrm{Snip} + \left(\mathrm{JacobFro}\right) \cdot \left(\mathrm{Jacov}\right)\right),Snip Jacob_fro Jacov Mul Add Log <EOS>,log((Snip + (Jacob_fro * Jacov))),0.473400000,0.423800000,67,6,4,2166,run_monash_time_unique1000,4,1,TIME__CPHL__15T/seed_2166/run_monash_time_unique1000/visualizations/archive_latex.tex
500,0.550450450,0.473400000,-\mathrm{Snip} - \left(-\mathrm{JacobFro}\right) \cdot \left(\mathrm{Jacov}\right),Snip Jacob_fro Negative Jacov Mul Sub Negative <EOS>,-((Snip - (-(Jacob_fro) * Jacov))),0.473400000,0.423800000,168,7,5,2139,run_monash_time_unique1000,5,1,TIME__CPHL__15T/seed_2139/run_monash_time_unique1000/visualizations/archive_latex.tex
501,0.549549550,0.473400000,-\mathrm{plain} - \mathrm{Snip} - \left(\mathrm{Jacov}\right) \cdot \left(\mathrm{JacobFro}\right),plain Negative Snip Sub Jacov Jacob_fro Mul Sub <EOS>,((-(plain) - Snip) - (Jacov * Jacob_fro)),0.473400000,0.423000000,9,8,4,2224,run_monash_time_unique1000,5,1,TIME__CPHL__15T/seed_2224/run_monash_time_unique1000/visualizations/archive_latex.tex
502,0.548648649,0.473400000,\log\left(\sqrt{\mathrm{Jacov}}\right) - \left(\sqrt{-\mathrm{JacobFro}}\right) \cdot \left(\mathrm{Jacov}\right),Jacov Sqrt Log Jacob_fro Negative Sqrt Jacov Mul Sub <EOS>,(log(sqrt(Jacov)) - (sqrt(-(Jacob_fro)) * Jacov)),0.473400000,0.440800000,187,9,5,2128,run_monash_time_unique1000,7,1,TIME__CPHL__15T/seed_2128/run_monash_time_unique1000/visualizations/archive_latex.tex
503,0.547747748,0.473200000,\left(\left(\mathrm{Jacov}\right)^2\right) \cdot \left(\mathrm{JacobFro}\right) - \left(\mathrm{L2Norm}\right) \cdot \left(\mathrm{JacobFro}\right),Jacov Square Jacob_fro Mul L2-Norm Jacob_fro Mul Sub <EOS>,((square(Jacov) * Jacob_fro) - (L2-Norm * Jacob_fro)),0.473200000,0.440800000,6,8,4,2036,run_monash_time_unique1000,3,1,TIME__CPHL__15T/seed_2036/run_monash_time_unique1000/visualizations/archive_latex.tex
504,0.546846847,0.473200000,-\mathrm{GFLOPs} - \mathrm{Snip} - \left(\mathrm{JacobFro}\right) \cdot \left(\mathrm{Jacov}\right),GFLOPs Negative Snip Sub Jacob_fro Jacov Mul Sub <EOS>,((-(GFLOPs) - Snip) - (Jacob_fro * Jacov)),0.473200000,0.424000000,66,8,4,2135,run_monash_time_unique1000,5,1,TIME__CPHL__15T/seed_2135/run_monash_time_unique1000/visualizations/archive_latex.tex
505,0.545945946,0.473200000,\frac{\log\left(\mathrm{GraSP}\right)}{\log\left(\mathrm{GSynFlow}\right)} - \mathrm{GFLOPs} + \mathrm{Jacov},GraSP Log GSynFlow Log Div GFLOPs Jacov Add Sub <EOS>,((log(GraSP) / log(GSynFlow)) - (GFLOPs + Jacov)),0.473200000,0.485700000,85,9,4,2100,run_monash_time_unique1000,6,1,TIME__CPHL__15T/seed_2100/run_monash_time_unique1000/visualizations/archive_latex.tex
506,0.545045045,0.473200000,\left(\mathrm{JacobFro}\right) \cdot \left(\left(\mathrm{Jacov}\right) \cdot \left(\mathrm{Jacov}\right) - \mathrm{L2Norm}\right),Jacob_fro Jacov Jacov Mul L2-Norm Sub Mul <EOS>,(Jacob_fro * ((Jacov * Jacov) - L2-Norm)),0.473200000,0.440800000,2,7,4,2125,run_monash_time_unique1000,6,1,TIME__CPHL__15T/seed_2125/run_monash_time_unique1000/visualizations/archive_latex.tex
507,0.544144144,0.473200000,\left(\mathrm{JacobFro} - \sqrt{\mathrm{GradNorm}}\right) \cdot \left(\mathrm{ZiCo} - \mathrm{Jacov}\right),Jacob_fro Grad_Norm Sqrt Sub ZiCo Jacov Sub Mul <EOS>,((Jacob_fro - sqrt(Grad_Norm)) * (ZiCo - Jacov)),0.473200000,0.413200000,13,8,4,2185,run_monash_time_unique1000,6,1,TIME__CPHL__15T/seed_2185/run_monash_time_unique1000/visualizations/archive_latex.tex
508,0.543243243,0.473100000,\left(\frac{\mathrm{Fisher}}{-\mathrm{MParams}} - \mathrm{Jacov}\right) \cdot \left(\mathrm{JacobFro}\right),Fisher MParams Negative Div Jacov Sub Jacob_fro Mul <EOS>,(((Fisher / -(MParams)) - Jacov) * Jacob_fro),0.473100000,0.420900000,38,8,5,2055,run_monash_time_unique1000,4,1,TIME__CPHL__15T/seed_2055/run_monash_time_unique1000/visualizations/archive_latex.tex
509,0.542342342,0.473000000,\frac{\mathrm{GFLOPs} + \mathrm{MParams}}{\log\left(\mathrm{GSynFlow}\right)} - \mathrm{Jacov},GFLOPs MParams Add GSynFlow Log Div Jacov Sub <EOS>,(((GFLOPs + MParams) / log(GSynFlow)) - Jacov),0.473000000,0.482100000,118,8,4,2151,run_monash_time_unique1000,2,2,TIME__CPHL__15T/seed_2151/run_monash_time_unique1000/visualizations/archive_latex.tex
510,0.541441441,0.473000000,\frac{\mathrm{MParams} + \mathrm{GFLOPs}}{\log\left(\mathrm{GSynFlow}\right)} - \mathrm{Jacov},MParams GFLOPs Add GSynFlow Log Div Jacov Sub <EOS>,(((MParams + GFLOPs) / log(GSynFlow)) - Jacov),0.473000000,0.482100000,30,8,4,2041,run_monash_time_unique1000,3,1,TIME__CPHL__15T/seed_2041/run_monash_time_unique1000/visualizations/archive_latex.tex
511,0.540540541,0.473000000,\log\left(\frac{\mathrm{GFLOPs}}{\mathrm{GraSP}}\right) - \left(\mathrm{Jacov}\right) \cdot \left(\sqrt{\mathrm{JacobFro}}\right),GFLOPs GraSP Div Log Jacov Jacob_fro Sqrt Mul Sub <EOS>,(log((GFLOPs / GraSP)) - (Jacov * sqrt(Jacob_fro))),0.473000000,0.442500000,74,9,4,2127,run_monash_time_unique1000,3,1,TIME__CPHL__15T/seed_2127/run_monash_time_unique1000/visualizations/archive_latex.tex
512,0.539639640,0.473000000,\left(\left(-\mathrm{Jacov}\right)^2\right) \cdot \left(\mathrm{JacobFro}\right) + \mathrm{GraSP} + \mathrm{L2Norm},Jacov Negative Square Jacob_fro Mul GraSP L2-Norm Add Add <EOS>,((square(-(Jacov)) * Jacob_fro) + (GraSP + L2-Norm)),0.473000000,0.440900000,39,9,5,2129,run_monash_time_unique1000,3,1,TIME__CPHL__15T/seed_2129/run_monash_time_unique1000/visualizations/archive_latex.tex
513,0.538738739,0.473000000,\frac{\mathrm{MParams} - -\mathrm{GFLOPs}}{\log\left(\mathrm{GSynFlow}\right)} - \mathrm{Jacov},MParams GFLOPs Negative Sub GSynFlow Log Div Jacov Sub <EOS>,(((MParams - -(GFLOPs)) / log(GSynFlow)) - Jacov),0.473000000,0.482100000,111,9,5,2165,run_monash_time_unique1000,4,1,TIME__CPHL__15T/seed_2165/run_monash_time_unique1000/visualizations/archive_latex.tex
514,0.537837838,0.473000000,\mathrm{GraSP} + \left(\mathrm{Jacov}\right) \cdot \left(\left(\mathrm{JacobFro}\right) \cdot \left(\mathrm{Jacov}\right)\right),GraSP Jacov Jacob_fro Jacov Mul Mul Add <EOS>,(GraSP + (Jacov * (Jacob_fro * Jacov))),0.473000000,0.440900000,130,7,4,2111,run_monash_time_unique1000,5,1,TIME__CPHL__15T/seed_2111/run_monash_time_unique1000/visualizations/archive_latex.tex
515,0.536936937,0.473000000,\left(\mathrm{JacobFro}\right) \cdot \left(\left(-\mathrm{Jacov}\right) \cdot \left(\mathrm{L2Norm} - \mathrm{Jacov}\right)\right),Jacob_fro Jacov Negative L2-Norm Jacov Sub Mul Mul <EOS>,(Jacob_fro * (-(Jacov) * (L2-Norm - Jacov))),0.473000000,0.427800000,73,8,4,2216,run_monash_time_unique1000,7,1,TIME__CPHL__15T/seed_2216/run_monash_time_unique1000/visualizations/archive_latex.tex
516,0.536036036,0.472900000,-\mathrm{Snip} - \left(\mathrm{JacobFro}\right) \cdot \left(\mathrm{Jacov}\right) + \mathrm{JacobFro},Snip Negative Jacob_fro Jacov Mul Jacob_fro Add Sub <EOS>,(-(Snip) - ((Jacob_fro * Jacov) + Jacob_fro)),0.472900000,0.424100000,41,8,4,2073,run_monash_time_unique1000,4,1,TIME__CPHL__15T/seed_2073/run_monash_time_unique1000/visualizations/archive_latex.tex
517,0.535135135,0.472900000,\frac{\log\left(\frac{\mathrm{GradNorm}}{\mathrm{GSynFlow}}\right)}{\mathrm{Fisher}} - \mathrm{Jacov},Grad_Norm GSynFlow Div Log Fisher Div Jacov Sub <EOS>,((log((Grad_Norm / GSynFlow)) / Fisher) - Jacov),0.472900000,0.493400000,70,8,5,2082,run_monash_time_unique1000,4,1,TIME__CPHL__15T/seed_2082/run_monash_time_unique1000/visualizations/archive_latex.tex
518,0.534234234,0.472900000,\left(\left(\mathrm{Jacov}\right)^2\right) \cdot \left(\mathrm{ZiCo} + \mathrm{JacobFro}\right),Jacov Square ZiCo Jacob_fro Add Mul <EOS>,(square(Jacov) * (ZiCo + Jacob_fro)),0.472900000,0.441900000,176,6,3,2221,run_monash_time_unique1000,4,1,TIME__CPHL__15T/seed_2221/run_monash_time_unique1000/visualizations/archive_latex.tex
519,0.533333333,0.472900000,\left(\left(\mathrm{Jacov}\right) \cdot \left(\mathrm{JacobFro}\right)\right) \cdot \left(\mathrm{Jacov} + \mathrm{GFLOPs}\right),Jacov Jacob_fro Mul Jacov GFLOPs Add Mul <EOS>,((Jacov * Jacob_fro) * (Jacov + GFLOPs)),0.472900000,0.441200000,31,7,3,2089,run_monash_time_unique1000,5,1,TIME__CPHL__15T/seed_2089/run_monash_time_unique1000/visualizations/archive_latex.tex
520,0.532432432,0.472900000,\left(\mathrm{plain} + \mathrm{JacobFro}\right) \cdot \left(\mathrm{plain} - \mathrm{Jacov}\right),plain Jacob_fro Add plain Jacov Sub Mul <EOS>,((plain + Jacob_fro) * (plain - Jacov)),0.472900000,0.418400000,56,7,3,2060,run_monash_time_unique1000,6,1,TIME__CPHL__15T/seed_2060/run_monash_time_unique1000/visualizations/archive_latex.tex
521,0.531531532,0.472900000,\left(\left(\mathrm{ZiCo} + \mathrm{JacobFro}\right) \cdot \left(\mathrm{Jacov}\right)\right) \cdot \left(\mathrm{Jacov}\right),ZiCo Jacob_fro Add Jacov Mul Jacov Mul <EOS>,(((ZiCo + Jacob_fro) * Jacov) * Jacov),0.472900000,0.441900000,26,7,4,2183,run_monash_time_unique1000,6,1,TIME__CPHL__15T/seed_2183/run_monash_time_unique1000/visualizations/archive_latex.tex
522,0.530630631,0.472900000,\left(\left(\mathrm{Jacov}\right)^2\right) \cdot \left(\mathrm{JacobFro} + \mathrm{ZiCo}\right) - \mathrm{Jacov},Jacov Square Jacob_fro ZiCo Add Mul Jacov Sub <EOS>,((square(Jacov) * (Jacob_fro + ZiCo)) - Jacov),0.472900000,0.441900000,121,8,4,2224,run_monash_time_unique1000,6,1,TIME__CPHL__15T/seed_2224/run_monash_time_unique1000/visualizations/archive_latex.tex
523,0.529729730,0.472800000,\sqrt{\left(\mathrm{Jacov}\right) \cdot \left(\mathrm{JacobFro}\right)} - \mathrm{MParams},Jacov Jacob_fro Mul Sqrt MParams Sub <EOS>,(sqrt((Jacov * Jacob_fro)) - MParams),0.472800000,0.421900000,174,6,4,2070,run_monash_time_unique1000,4,1,TIME__CPHL__15T/seed_2070/run_monash_time_unique1000/visualizations/archive_latex.tex
524,0.528828829,0.472800000,\left(\left(\mathrm{Fisher}\right) \cdot \left(\mathrm{JacobFro}\right)\right) \cdot \left(\log\left(\log\left(\mathrm{MParams}\right)\right)\right) - \mathrm{Jacov},Fisher Jacob_fro Mul MParams Log Log Mul Jacov Sub <EOS>,(((Fisher * Jacob_fro) * log(log(MParams))) - Jacov),0.472800000,0.530500000,11,9,5,2159,run_monash_time_unique1000,4,1,TIME__CPHL__15T/seed_2159/run_monash_time_unique1000/visualizations/archive_latex.tex
525,0.527927928,0.472800000,\left(\log\left(\left(\mathrm{MParams}\right)^2\right) + \mathrm{Fisher} - \mathrm{JacobFro}\right) \cdot \left(\mathrm{Jacov}\right),MParams Square Log Fisher Add Jacob_fro Sub Jacov Mul <EOS>,(((log(square(MParams)) + Fisher) - Jacob_fro) * Jacov),0.472800000,0.414900000,38,9,6,2188,run_monash_time_unique1000,6,1,TIME__CPHL__15T/seed_2188/run_monash_time_unique1000/visualizations/archive_latex.tex
526,0.527027027,0.472600000,\left(-\mathrm{JacobFro}\right) \cdot \left(\mathrm{GFLOPs} + \mathrm{Jacov}\right) + \mathrm{Jacov},Jacob_fro Negative GFLOPs Jacov Add Mul Jacov Add <EOS>,((-(Jacob_fro) * (GFLOPs + Jacov)) + Jacov),0.472600000,0.421900000,194,8,4,2219,run_monash_time_unique1000,3,1,TIME__CPHL__15T/seed_2219/run_monash_time_unique1000/visualizations/archive_latex.tex
527,0.526126126,0.472600000,\left(\left(\mathrm{Jacov}\right)^2 + \mathrm{L2Norm}\right) \cdot \left(\mathrm{JacobFro} + \mathrm{ZiCo}\right),Jacov Square L2-Norm Add Jacob_fro ZiCo Add Mul <EOS>,((square(Jacov) + L2-Norm) * (Jacob_fro + ZiCo)),0.472600000,0.441100000,77,8,4,2044,run_monash_time_unique1000,5,1,TIME__CPHL__15T/seed_2044/run_monash_time_unique1000/visualizations/archive_latex.tex
528,0.525225225,0.472600000,\left(\mathrm{GradNorm} + \left(\mathrm{Jacov}\right) \cdot \left(\mathrm{JacobFro}\right)\right) \cdot \left(\mathrm{Jacov}\right),Grad_Norm Jacov Jacob_fro Mul Add Jacov Mul <EOS>,((Grad_Norm + (Jacov * Jacob_fro)) * Jacov),0.472600000,0.440900000,197,7,4,2157,run_monash_time_unique1000,6,1,TIME__CPHL__15T/seed_2157/run_monash_time_unique1000/visualizations/archive_latex.tex
529,0.524324324,0.472500000,-\left(\left(\log\left(\mathrm{JacobFro}\right)\right)^2\right) \cdot \left(\mathrm{Jacov}\right) - \mathrm{Jacov},Jacob_fro Log Square Jacov Mul Negative Jacov Sub <EOS>,(-((square(log(Jacob_fro)) * Jacov)) - Jacov),0.472500000,0.436200000,163,8,6,2187,run_monash_time_unique1000,4,1,TIME__CPHL__15T/seed_2187/run_monash_time_unique1000/visualizations/archive_latex.tex
530,0.523423423,0.472400000,-\left(\mathrm{Jacov}\right) \cdot \left(\sqrt{\mathrm{JacobFro}}\right) - \mathrm{plain},Jacov Jacob_fro Sqrt Mul Negative plain Sub <EOS>,(-((Jacov * sqrt(Jacob_fro))) - plain),0.472400000,0.441700000,59,7,5,2029,run_monash_time_unique1000,5,1,TIME__CPHL__15T/seed_2029/run_monash_time_unique1000/visualizations/archive_latex.tex
531,0.522522523,0.472400000,-\log\left(\mathrm{Fisher}\right) - \left(\mathrm{Jacov}\right) \cdot \left(\sqrt{\mathrm{JacobFro}}\right),Fisher Log Negative Jacov Jacob_fro Sqrt Mul Sub <EOS>,(-(log(Fisher)) - (Jacov * sqrt(Jacob_fro))),0.472400000,0.441900000,116,8,4,2106,run_monash_time_unique1000,8,1,TIME__CPHL__15T/seed_2106/run_monash_time_unique1000/visualizations/archive_latex.tex
532,0.521621622,0.472400000,\left(-\sqrt{\mathrm{JacobFro}}\right) \cdot \left(\mathrm{Jacov}\right) - \mathrm{plain},Jacob_fro Sqrt Negative Jacov Mul plain Sub <EOS>,((-(sqrt(Jacob_fro)) * Jacov) - plain),0.472400000,0.441700000,152,7,5,2106,run_monash_time_unique1000,9,1,TIME__CPHL__15T/seed_2106/run_monash_time_unique1000/visualizations/archive_latex.tex
533,0.520720721,0.472300000,\frac{-\mathrm{GFLOPs}}{\log\left(\mathrm{GSynFlow} + \mathrm{Fisher}\right)} - \mathrm{Jacov},GFLOPs Negative GSynFlow Fisher Add Log Div Jacov Sub <EOS>,((-(GFLOPs) / log((GSynFlow + Fisher))) - Jacov),0.472300000,0.526300000,82,9,5,2099,run_monash_time_unique1000,2,1,TIME__CPHL__15T/seed_2099/run_monash_time_unique1000/visualizations/archive_latex.tex
534,0.519819820,0.472300000,-\frac{\mathrm{GFLOPs}}{\log\left(\mathrm{Fisher} + \mathrm{GSynFlow}\right)} - \mathrm{Jacov},GFLOPs Fisher GSynFlow Add Log Div Negative Jacov Sub <EOS>,(-((GFLOPs / log((Fisher + GSynFlow)))) - Jacov),0.472300000,0.526300000,63,9,6,2144,run_monash_time_unique1000,3,2,TIME__CPHL__15T/seed_2144/run_monash_time_unique1000/visualizations/archive_latex.tex
535,0.518918919,0.472300000,\frac{-\mathrm{GFLOPs}}{\log\left(\mathrm{Fisher} + \mathrm{GSynFlow}\right)} - \mathrm{Jacov},GFLOPs Negative Fisher GSynFlow Add Log Div Jacov Sub <EOS>,((-(GFLOPs) / log((Fisher + GSynFlow))) - Jacov),0.472300000,0.526300000,56,9,5,2109,run_monash_time_unique1000,6,2,TIME__CPHL__15T/seed_2109/run_monash_time_unique1000/visualizations/archive_latex.tex
536,0.518018018,0.472300000,-\frac{\mathrm{GFLOPs}}{\log\left(\mathrm{GSynFlow} + \mathrm{Fisher}\right)} - \mathrm{Jacov},GFLOPs GSynFlow Fisher Add Log Div Negative Jacov Sub <EOS>,(-((GFLOPs / log((GSynFlow + Fisher)))) - Jacov),0.472300000,0.526300000,195,9,6,2038,run_monash_time_unique1000,8,1,TIME__CPHL__15T/seed_2038/run_monash_time_unique1000/visualizations/archive_latex.tex
537,0.517117117,0.472200000,\frac{\left(\mathrm{GFLOPs}\right)^2 - \mathrm{Fisher} + \mathrm{Jacov}}{\mathrm{L2Norm}},GFLOPs Square Fisher Jacov Add Sub L2-Norm Div <EOS>,((square(GFLOPs) - (Fisher + Jacov)) / L2-Norm),0.472200000,0.478200000,5,8,4,2092,run_monash_time_unique1000,3,1,TIME__CPHL__15T/seed_2092/run_monash_time_unique1000/visualizations/archive_latex.tex
538,0.516216216,0.472100000,\frac{\mathrm{L2Norm} - \frac{\sqrt{\mathrm{GradNorm}}}{\log\left(\mathrm{GSynFlow}\right)}}{\mathrm{Jacov}},L2-Norm Grad_Norm Sqrt GSynFlow Log Div Sub Jacov Div <EOS>,((L2-Norm - (sqrt(Grad_Norm) / log(GSynFlow))) / Jacov),0.472100000,0.506600000,99,9,5,2169,run_monash_time_unique1000,8,1,TIME__CPHL__15T/seed_2169/run_monash_time_unique1000/visualizations/archive_latex.tex
539,0.515315315,0.472000000,\left(\left(\mathrm{Jacov}\right)^2\right) \cdot \left(\mathrm{JacobFro} + \mathrm{plain}\right),Jacov Square Jacob_fro plain Add Mul <EOS>,(square(Jacov) * (Jacob_fro + plain)),0.472000000,0.440000000,158,6,3,2093,run_monash_time_unique1000,5,1,TIME__CPHL__15T/seed_2093/run_monash_time_unique1000/visualizations/archive_latex.tex
540,0.514414414,0.472000000,\left(-\mathrm{L2Norm} + \left(\mathrm{JacobFro}\right) \cdot \left(\mathrm{Jacov}\right)\right) \cdot \left(\mathrm{Jacov}\right),L2-Norm Negative Jacob_fro Jacov Mul Add Jacov Mul <EOS>,((-(L2-Norm) + (Jacob_fro * Jacov)) * Jacov),0.472000000,0.440000000,118,8,4,2086,run_monash_time_unique1000,6,1,TIME__CPHL__15T/seed_2086/run_monash_time_unique1000/visualizations/archive_latex.tex
541,0.513513514,0.472000000,\left(\left(\mathrm{Jacov}\right)^2\right) \cdot \left(\mathrm{plain} + \mathrm{JacobFro}\right),Jacov Square plain Jacob_fro Add Mul <EOS>,(square(Jacov) * (plain + Jacob_fro)),0.472000000,0.440000000,105,6,3,2149,run_monash_time_unique1000,7,2,TIME__CPHL__15T/seed_2149/run_monash_time_unique1000/visualizations/archive_latex.tex
542,0.512612613,0.471900000,\left(\mathrm{MParams} - \mathrm{Jacov}\right) \cdot \left(\sqrt{\mathrm{JacobFro}}\right),MParams Jacov Sub Jacob_fro Sqrt Mul <EOS>,((MParams - Jacov) * sqrt(Jacob_fro)),0.471900000,0.437700000,151,6,3,2209,run_monash_time_unique1000,1,1,TIME__CPHL__15T/seed_2209/run_monash_time_unique1000/visualizations/archive_latex.tex
543,0.511711712,0.471900000,\left(\sqrt{\mathrm{JacobFro}}\right) \cdot \left(\mathrm{Fisher} - \mathrm{Jacov}\right) - \mathrm{Fisher},Jacob_fro Sqrt Fisher Jacov Sub Mul Fisher Sub <EOS>,((sqrt(Jacob_fro) * (Fisher - Jacov)) - Fisher),0.471900000,0.434700000,122,8,4,2123,run_monash_time_unique1000,3,1,TIME__CPHL__15T/seed_2123/run_monash_time_unique1000/visualizations/archive_latex.tex
544,0.510810811,0.471900000,\left(\mathrm{MParams} - \mathrm{JacobFro}\right) \cdot \left(\mathrm{Jacov} + \mathrm{JacobFro}\right),MParams Jacob_fro Sub Jacov Jacob_fro Add Mul <EOS>,((MParams - Jacob_fro) * (Jacov + Jacob_fro)),0.471900000,0.455700000,50,7,3,2174,run_monash_time_unique1000,9,1,TIME__CPHL__15T/seed_2174/run_monash_time_unique1000/visualizations/archive_latex.tex
545,0.509909910,0.471800000,\left(\frac{\mathrm{Fisher}}{\mathrm{plain}}\right) \cdot \left(-\mathrm{L2Norm}\right) - \mathrm{Jacov},Fisher plain Div L2-Norm Negative Mul Jacov Sub <EOS>,(((Fisher / plain) * -(L2-Norm)) - Jacov),0.471800000,0.424400000,17,8,4,2056,run_monash_time_unique1000,3,1,TIME__CPHL__15T/seed_2056/run_monash_time_unique1000/visualizations/archive_latex.tex
546,0.509009009,0.471800000,\frac{-\mathrm{L2Norm}}{\frac{\mathrm{plain}}{\mathrm{Fisher}}} - \mathrm{Jacov},L2-Norm Negative plain Fisher Div Div Jacov Sub <EOS>,((-(L2-Norm) / (plain / Fisher)) - Jacov),0.471800000,0.424400000,29,8,4,2222,run_monash_time_unique1000,3,1,TIME__CPHL__15T/seed_2222/run_monash_time_unique1000/visualizations/archive_latex.tex
547,0.508108108,0.471800000,-\frac{\left(\mathrm{L2Norm}\right) \cdot \left(\mathrm{Fisher}\right)}{\mathrm{plain}} + \mathrm{Jacov},L2-Norm Fisher Mul plain Div Jacov Add Negative <EOS>,-((((L2-Norm * Fisher) / plain) + Jacov)),0.471800000,0.424400000,185,8,5,2139,run_monash_time_unique1000,6,1,TIME__CPHL__15T/seed_2139/run_monash_time_unique1000/visualizations/archive_latex.tex
548,0.507207207,0.471800000,\frac{\mathrm{L2Norm} - \left(\left(\mathrm{MParams}\right) \cdot \left(\log\left(\mathrm{JacobFro}\right)\right)\right)^2}{\mathrm{Jacov}},L2-Norm MParams Jacob_fro Log Mul Square Sub Jacov Div <EOS>,((L2-Norm - square((MParams * log(Jacob_fro)))) / Jacov),0.471800000,0.419700000,84,9,6,2048,run_monash_time_unique1000,7,1,TIME__CPHL__15T/seed_2048/run_monash_time_unique1000/visualizations/archive_latex.tex
549,0.506306306,0.471700000,\left(\left(\mathrm{Jacov}\right) \cdot \left(\left(\log\left(\mathrm{JacobFro}\right)\right)^2\right) + \mathrm{plain}\right)^2,Jacov Jacob_fro Log Square Mul plain Add Square <EOS>,square(((Jacov * square(log(Jacob_fro))) + plain)),0.471700000,0.439200000,10,8,6,2045,run_monash_time_unique1000,6,1,TIME__CPHL__15T/seed_2045/run_monash_time_unique1000/visualizations/archive_latex.tex
550,0.505405405,0.471600000,\left(\mathrm{Jacov} - \mathrm{MParams}\right) \cdot \left(\left(\mathrm{Jacov}\right) \cdot \left(\mathrm{JacobFro}\right)\right),Jacov MParams Sub Jacov Jacob_fro Mul Mul <EOS>,((Jacov - MParams) * (Jacov * Jacob_fro)),0.471600000,0.439800000,86,7,3,2136,run_monash_time_unique1000,4,1,TIME__CPHL__15T/seed_2136/run_monash_time_unique1000/visualizations/archive_latex.tex
551,0.504504505,0.471600000,\left(\left(\sqrt{\mathrm{MParams}} - \mathrm{Jacov}\right)^2\right) \cdot \left(\mathrm{JacobFro}\right) - \mathrm{Jacov},MParams Sqrt Jacov Sub Square Jacob_fro Mul Jacov Sub <EOS>,((square((sqrt(MParams) - Jacov)) * Jacob_fro) - Jacov),0.471600000,0.439700000,190,9,6,2211,run_monash_time_unique1000,4,1,TIME__CPHL__15T/seed_2211/run_monash_time_unique1000/visualizations/archive_latex.tex
552,0.503603604,0.471600000,\frac{\mathrm{GradNorm}}{\log\left(\left(\mathrm{GSynFlow}\right)^2\right)} - \mathrm{Jacov} + \mathrm{L2Norm},Grad_Norm GSynFlow Square Log Div Jacov L2-Norm Add Sub <EOS>,((Grad_Norm / log(square(GSynFlow))) - (Jacov + L2-Norm)),0.471600000,0.513400000,59,9,5,2201,run_monash_time_unique1000,6,1,TIME__CPHL__15T/seed_2201/run_monash_time_unique1000/visualizations/archive_latex.tex
553,0.502702703,0.471600000,\mathrm{ZiCo} - -\sqrt{\left(\mathrm{Jacov}\right) \cdot \left(\left(\log\left(\mathrm{JacobFro}\right)\right)^2\right)},ZiCo Jacov Jacob_fro Log Square Mul Sqrt Negative Sub <EOS>,(ZiCo - -(sqrt((Jacov * square(log(Jacob_fro)))))),0.471600000,0.436800000,170,9,7,2158,run_monash_time_unique1000,7,1,TIME__CPHL__15T/seed_2158/run_monash_time_unique1000/visualizations/archive_latex.tex
554,0.501801802,0.471600000,\frac{\mathrm{GradNorm}}{\log\left(\left(\mathrm{GSynFlow}\right)^2\right)} - \mathrm{L2Norm} + \mathrm{Jacov},Grad_Norm GSynFlow Square Log Div L2-Norm Jacov Add Sub <EOS>,((Grad_Norm / log(square(GSynFlow))) - (L2-Norm + Jacov)),0.471600000,0.513400000,174,9,5,2183,run_monash_time_unique1000,7,2,TIME__CPHL__15T/seed_2183/run_monash_time_unique1000/visualizations/archive_latex.tex
555,0.500900901,0.471500000,\frac{\mathrm{GFLOPs} + \sqrt{\mathrm{Jacov}}}{\mathrm{L2Norm}},GFLOPs Jacov Sqrt Add L2-Norm Div <EOS>,((GFLOPs + sqrt(Jacov)) / L2-Norm),0.471500000,0.493000000,150,6,4,2064,run_monash_time_unique1000,3,1,TIME__CPHL__15T/seed_2064/run_monash_time_unique1000/visualizations/archive_latex.tex
556,0.500000000,0.471500000,\mathrm{GradNorm} - \left(\mathrm{JacobFro} + \sqrt{\mathrm{Jacov}}\right) \cdot \left(\mathrm{Jacov}\right),Grad_Norm Jacob_fro Jacov Sqrt Add Jacov Mul Sub <EOS>,(Grad_Norm - ((Jacob_fro + sqrt(Jacov)) * Jacov)),0.471500000,0.434600000,3,8,5,2091,run_monash_time_unique1000,3,1,TIME__CPHL__15T/seed_2091/run_monash_time_unique1000/visualizations/archive_latex.tex
557,0.499099099,0.471500000,\frac{\sqrt{\mathrm{Jacov}} + \mathrm{GFLOPs}}{\mathrm{L2Norm}},Jacov Sqrt GFLOPs Add L2-Norm Div <EOS>,((sqrt(Jacov) + GFLOPs) / L2-Norm),0.471500000,0.493000000,126,6,4,2098,run_monash_time_unique1000,4,2,TIME__CPHL__15T/seed_2098/run_monash_time_unique1000/visualizations/archive_latex.tex
558,0.498198198,0.471500000,\sqrt{\left(\mathrm{Jacov}\right) \cdot \left(\mathrm{plain} - -\mathrm{JacobFro}\right) + \mathrm{Jacov}},Jacov plain Jacob_fro Negative Sub Mul Jacov Add Sqrt <EOS>,sqrt(((Jacov * (plain - -(Jacob_fro))) + Jacov)),0.471500000,0.419100000,110,9,6,2096,run_monash_time_unique1000,5,1,TIME__CPHL__15T/seed_2096/run_monash_time_unique1000/visualizations/archive_latex.tex
559,0.497297297,0.471500000,\mathrm{GradNorm} - \left(\sqrt{\mathrm{JacobFro}}\right) \cdot \left(\mathrm{Jacov}\right),Grad_Norm Jacob_fro Sqrt Jacov Mul Sub <EOS>,(Grad_Norm - (sqrt(Jacob_fro) * Jacov)),0.471500000,0.435700000,9,6,4,2029,run_monash_time_unique1000,6,2,TIME__CPHL__15T/seed_2029/run_monash_time_unique1000/visualizations/archive_latex.tex
560,0.496396396,0.471400000,\left(\mathrm{JacobFro}\right) \cdot \left(\left(\mathrm{GFLOPs} + \mathrm{Jacov}\right)^2 + \mathrm{GradNorm}\right),Jacob_fro GFLOPs Jacov Add Square Grad_Norm Add Mul <EOS>,(Jacob_fro * (square((GFLOPs + Jacov)) + Grad_Norm)),0.471400000,0.445500000,134,8,5,2132,run_monash_time_unique1000,4,1,TIME__CPHL__15T/seed_2132/run_monash_time_unique1000/visualizations/archive_latex.tex
561,0.495495495,0.471300000,\left(\mathrm{JacobFro}\right) \cdot \left(\mathrm{Fisher} - \mathrm{JacobFro} + \mathrm{Jacov}\right),Jacob_fro Fisher Jacob_fro Jacov Add Sub Mul <EOS>,(Jacob_fro * (Fisher - (Jacob_fro + Jacov))),0.471300000,0.434500000,189,7,4,2105,run_monash_time_unique1000,2,1,TIME__CPHL__15T/seed_2105/run_monash_time_unique1000/visualizations/archive_latex.tex
562,0.494594595,0.471300000,\left(\sqrt{\mathrm{JacobFro}}\right) \cdot \left(\mathrm{plain} - \mathrm{Jacov} - \mathrm{Fisher}\right),Jacob_fro Sqrt plain Jacov Sub Fisher Sub Mul <EOS>,(sqrt(Jacob_fro) * ((plain - Jacov) - Fisher)),0.471300000,0.445900000,165,8,4,2226,run_monash_time_unique1000,3,1,TIME__CPHL__15T/seed_2226/run_monash_time_unique1000/visualizations/archive_latex.tex
563,0.493693694,0.471300000,\frac{\mathrm{GFLOPs}}{\mathrm{GSynFlow} - \mathrm{plain}} - \mathrm{Jacov},GFLOPs GSynFlow plain Sub Div Jacov Sub <EOS>,((GFLOPs / (GSynFlow - plain)) - Jacov),0.471300000,0.479500000,184,7,4,2187,run_monash_time_unique1000,5,2,TIME__CPHL__15T/seed_2187/run_monash_time_unique1000/visualizations/archive_latex.tex
564,0.492792793,0.471300000,\left(\mathrm{JacobFro}\right) \cdot \left(\mathrm{Fisher} - \mathrm{Jacov} + \mathrm{JacobFro}\right),Jacob_fro Fisher Jacov Jacob_fro Add Sub Mul <EOS>,(Jacob_fro * (Fisher - (Jacov + Jacob_fro))),0.471300000,0.434500000,125,7,4,2122,run_monash_time_unique1000,7,1,TIME__CPHL__15T/seed_2122/run_monash_time_unique1000/visualizations/archive_latex.tex
565,0.491891892,0.471200000,\left(\mathrm{Jacov} - \mathrm{JacobFro}\right) \cdot \left(\left(\mathrm{Jacov}\right) \cdot \left(\mathrm{JacobFro}\right)\right),Jacov Jacob_fro Sub Jacov Jacob_fro Mul Mul <EOS>,((Jacov - Jacob_fro) * (Jacov * Jacob_fro)),0.471200000,0.436000000,67,7,3,2063,run_monash_time_unique1000,5,1,TIME__CPHL__15T/seed_2063/run_monash_time_unique1000/visualizations/archive_latex.tex
566,0.490990991,0.471200000,\left(\left(\mathrm{Jacov}\right) \cdot \left(\mathrm{Jacov} - \mathrm{JacobFro}\right)\right) \cdot \left(\mathrm{JacobFro}\right),Jacov Jacov Jacob_fro Sub Mul Jacob_fro Mul <EOS>,((Jacov * (Jacov - Jacob_fro)) * Jacob_fro),0.471200000,0.436000000,62,7,4,2090,run_monash_time_unique1000,6,1,TIME__CPHL__15T/seed_2090/run_monash_time_unique1000/visualizations/archive_latex.tex
567,0.490090090,0.471200000,\mathrm{JacobFro} - \left(\mathrm{JacobFro}\right) \cdot \left(\mathrm{GFLOPs} + \mathrm{Jacov}\right),Jacob_fro Jacob_fro GFLOPs Jacov Add Mul Sub <EOS>,(Jacob_fro - (Jacob_fro * (GFLOPs + Jacov))),0.471200000,0.423600000,3,7,4,2183,run_monash_time_unique1000,8,1,TIME__CPHL__15T/seed_2183/run_monash_time_unique1000/visualizations/archive_latex.tex
568,0.489189189,0.471100000,\left(\left(\mathrm{Jacov}\right)^2 + \mathrm{Snip}\right) \cdot \left(\mathrm{JacobFro} - \mathrm{plain}\right),Jacov Square Snip Add Jacob_fro plain Sub Mul <EOS>,((square(Jacov) + Snip) * (Jacob_fro - plain)),0.471100000,0.444400000,113,8,4,2190,run_monash_time_unique1000,2,1,TIME__CPHL__15T/seed_2190/run_monash_time_unique1000/visualizations/archive_latex.tex
569,0.488288288,0.471100000,\left(\sqrt{-\mathrm{GFLOPs}} - \mathrm{JacobFro}\right) \cdot \left(\mathrm{Jacov}\right) - \mathrm{L2Norm},GFLOPs Negative Sqrt Jacob_fro Sub Jacov Mul L2-Norm Sub <EOS>,(((sqrt(-(GFLOPs)) - Jacob_fro) * Jacov) - L2-Norm),0.471100000,0.416600000,200,9,6,2087,run_monash_time_unique1000,6,1,TIME__CPHL__15T/seed_2087/run_monash_time_unique1000/visualizations/archive_latex.tex
570,0.487387387,0.471000000,\mathrm{GradNorm} - \mathrm{Jacov} - \left(\mathrm{Jacov}\right) \cdot \left(\left(\log\left(\mathrm{JacobFro}\right)\right)^2\right),Grad_Norm Jacov Sub Jacov Jacob_fro Log Square Mul Sub <EOS>,((Grad_Norm - Jacov) - (Jacov * square(log(Jacob_fro)))),0.471000000,0.434400000,128,9,5,2195,run_monash_time_unique1000,2,1,TIME__CPHL__15T/seed_2195/run_monash_time_unique1000/visualizations/archive_latex.tex
571,0.486486486,0.471000000,\left(\log\left(\sqrt{\mathrm{JacobFro}}\right)\right) \cdot \left(\sqrt{\mathrm{Jacov}}\right),Jacob_fro Sqrt Log Jacov Sqrt Mul <EOS>,(log(sqrt(Jacob_fro)) * sqrt(Jacov)),0.471000000,0.440900000,46,6,4,2067,run_monash_time_unique1000,3,1,TIME__CPHL__15T/seed_2067/run_monash_time_unique1000/visualizations/archive_latex.tex
572,0.485585586,0.471000000,\sqrt{\left(\left(\log\left(\mathrm{JacobFro}\right)\right)^2\right) \cdot \left(\mathrm{Jacov}\right)},Jacob_fro Log Square Jacov Mul Sqrt <EOS>,sqrt((square(log(Jacob_fro)) * Jacov)),0.471000000,0.440900000,63,6,5,2113,run_monash_time_unique1000,3,1,TIME__CPHL__15T/seed_2113/run_monash_time_unique1000/visualizations/archive_latex.tex
573,0.484684685,0.471000000,\left(\log\left(\mathrm{JacobFro}\right)\right) \cdot \left(\sqrt{\mathrm{Jacov}}\right),Jacob_fro Log Jacov Sqrt Mul <EOS>,(log(Jacob_fro) * sqrt(Jacov)),0.471000000,0.440900000,4,5,3,2033,run_monash_time_unique1000,4,4,TIME__CPHL__15T/seed_2033/run_monash_time_unique1000/visualizations/archive_latex.tex
574,0.483783784,0.471000000,\left(\left(\log\left(\mathrm{JacobFro}\right)\right)^2\right) \cdot \left(\sqrt{\left(\mathrm{Jacov}\right)^2}\right),Jacob_fro Log Square Jacov Square Sqrt Mul <EOS>,(square(log(Jacob_fro)) * sqrt(square(Jacov))),0.471000000,0.440900000,198,7,4,2041,run_monash_time_unique1000,4,1,TIME__CPHL__15T/seed_2041/run_monash_time_unique1000/visualizations/archive_latex.tex
575,0.482882883,0.471000000,\left(-\mathrm{Jacov}\right) \cdot \left(\left(\log\left(\mathrm{JacobFro}\right)\right)^2\right),Jacov Negative Jacob_fro Log Square Mul <EOS>,(-(Jacov) * square(log(Jacob_fro))),0.471000000,0.440900000,83,6,4,2140,run_monash_time_unique1000,4,2,TIME__CPHL__15T/seed_2140/run_monash_time_unique1000/visualizations/archive_latex.tex
576,0.481981982,0.471000000,\left(-\sqrt{\mathrm{Jacov}}\right) \cdot \left(-\log\left(\mathrm{JacobFro}\right)\right),Jacov Sqrt Negative Jacob_fro Log Negative Mul <EOS>,(-(sqrt(Jacov)) * -(log(Jacob_fro))),0.471000000,0.440900000,54,7,4,2145,run_monash_time_unique1000,4,1,TIME__CPHL__15T/seed_2145/run_monash_time_unique1000/visualizations/archive_latex.tex
577,0.481081081,0.471000000,\left(\sqrt{\mathrm{Jacov}}\right) \cdot \left(\log\left(\mathrm{JacobFro}\right)\right),Jacov Sqrt Jacob_fro Log Mul <EOS>,(sqrt(Jacov) * log(Jacob_fro)),0.471000000,0.440900000,122,5,3,2146,run_monash_time_unique1000,4,3,TIME__CPHL__15T/seed_2146/run_monash_time_unique1000/visualizations/archive_latex.tex
578,0.480180180,0.471000000,\left(\log\left(\left(\mathrm{JacobFro}\right)^2\right)\right) \cdot \left(\sqrt{\mathrm{Jacov}}\right),Jacob_fro Square Log Jacov Sqrt Mul <EOS>,(log(square(Jacob_fro)) * sqrt(Jacov)),0.471000000,0.440900000,37,6,4,2212,run_monash_time_unique1000,4,1,TIME__CPHL__15T/seed_2212/run_monash_time_unique1000/visualizations/archive_latex.tex
579,0.479279279,0.471000000,\left(\sqrt{\mathrm{Jacov}}\right) \cdot \left(\log\left(\left(\mathrm{JacobFro}\right)^2\right)\right),Jacov Sqrt Jacob_fro Square Log Mul <EOS>,(sqrt(Jacov) * log(square(Jacob_fro))),0.471000000,0.440900000,181,6,4,2053,run_monash_time_unique1000,5,1,TIME__CPHL__15T/seed_2053/run_monash_time_unique1000/visualizations/archive_latex.tex
580,0.478378378,0.471000000,\left(\sqrt{\mathrm{Jacov}}\right) \cdot \left(\log\left(\sqrt{\mathrm{JacobFro}}\right)\right),Jacov Sqrt Jacob_fro Sqrt Log Mul <EOS>,(sqrt(Jacov) * log(sqrt(Jacob_fro))),0.471000000,0.440900000,143,6,4,2082,run_monash_time_unique1000,5,2,TIME__CPHL__15T/seed_2082/run_monash_time_unique1000/visualizations/archive_latex.tex
581,0.477477477,0.471000000,\log\left(\sqrt{\mathrm{Jacov}}\right) + \log\left(\log\left(\mathrm{JacobFro}\right)\right),Jacov Sqrt Log Jacob_fro Log Log Add <EOS>,(log(sqrt(Jacov)) + log(log(Jacob_fro))),0.471000000,0.440900000,195,7,4,2136,run_monash_time_unique1000,5,1,TIME__CPHL__15T/seed_2136/run_monash_time_unique1000/visualizations/archive_latex.tex
582,0.476576577,0.471000000,\log\left(\left(\mathrm{Jacov}\right) \cdot \left(\left(\log\left(\mathrm{JacobFro}\right)\right)^2\right)\right),Jacov Jacob_fro Log Square Mul Log <EOS>,log((Jacov * square(log(Jacob_fro)))),0.471000000,0.440900000,35,6,5,2159,run_monash_time_unique1000,5,1,TIME__CPHL__15T/seed_2159/run_monash_time_unique1000/visualizations/archive_latex.tex
583,0.475675676,0.471000000,\left(\sqrt{-\mathrm{Jacov}}\right) \cdot \left(\log\left(\mathrm{JacobFro}\right)\right),Jacov Negative Sqrt Jacob_fro Log Mul <EOS>,(sqrt(-(Jacov)) * log(Jacob_fro)),0.471000000,0.440900000,27,6,4,2044,run_monash_time_unique1000,6,1,TIME__CPHL__15T/seed_2044/run_monash_time_unique1000/visualizations/archive_latex.tex
584,0.474774775,0.471000000,\left(-\log\left(\mathrm{JacobFro}\right)\right) \cdot \left(\left(\log\left(\mathrm{JacobFro}\right)\right) \cdot \left(\mathrm{Jacov}\right)\right),Jacob_fro Log Negative Jacob_fro Log Jacov Mul Mul <EOS>,(-(log(Jacob_fro)) * (log(Jacob_fro) * Jacov)),0.471000000,0.440900000,2,8,4,2124,run_monash_time_unique1000,6,1,TIME__CPHL__15T/seed_2124/run_monash_time_unique1000/visualizations/archive_latex.tex
585,0.473873874,0.471000000,\left(\left(\left(\mathrm{JacobFro}\right)^2\right) \cdot \left(\mathrm{Jacov} + \mathrm{GradNorm}\right)\right) \cdot \left(\mathrm{Jacov}\right),Jacob_fro Square Jacov Grad_Norm Add Mul Jacov Mul <EOS>,((square(Jacob_fro) * (Jacov + Grad_Norm)) * Jacov),0.471000000,0.424400000,40,8,4,2224,run_monash_time_unique1000,7,1,TIME__CPHL__15T/seed_2224/run_monash_time_unique1000/visualizations/archive_latex.tex
586,0.472972973,0.471000000,\frac{\frac{\sqrt{\mathrm{Jacov}}}{\log\left(\mathrm{JacobFro}\right)}}{\mathrm{Jacov}},Jacov Sqrt Jacob_fro Log Div Jacov Div <EOS>,((sqrt(Jacov) / log(Jacob_fro)) / Jacov),0.471000000,0.440900000,125,7,4,2048,run_monash_time_unique1000,8,1,TIME__CPHL__15T/seed_2048/run_monash_time_unique1000/visualizations/archive_latex.tex
587,0.472072072,0.471000000,\sqrt{\left(\log\left(\mathrm{JacobFro}\right)\right) \cdot \left(-\sqrt{\mathrm{Jacov}}\right)},Jacob_fro Log Jacov Sqrt Negative Mul Sqrt <EOS>,sqrt((log(Jacob_fro) * -(sqrt(Jacov)))),0.471000000,0.440900000,108,7,5,2122,run_monash_time_unique1000,8,1,TIME__CPHL__15T/seed_2122/run_monash_time_unique1000/visualizations/archive_latex.tex
588,0.471171171,0.471000000,\left(\log\left(-\mathrm{JacobFro}\right)\right) \cdot \left(\sqrt{\mathrm{Jacov}}\right),Jacob_fro Negative Log Jacov Sqrt Mul <EOS>,(log(-(Jacob_fro)) * sqrt(Jacov)),0.471000000,0.440900000,193,6,4,2216,run_monash_time_unique1000,8,1,TIME__CPHL__15T/seed_2216/run_monash_time_unique1000/visualizations/archive_latex.tex
589,0.470270270,0.470900000,\frac{\log\left(\mathrm{GSynFlow}\right)}{\log\left(\mathrm{MParams}\right) + \mathrm{Fisher}} - \mathrm{Jacov},GSynFlow Log MParams Log Fisher Add Div Jacov Sub <EOS>,((log(GSynFlow) / (log(MParams) + Fisher)) - Jacov),0.470900000,0.508900000,124,9,5,2182,run_monash_time_unique1000,4,2,TIME__CPHL__15T/seed_2182/run_monash_time_unique1000/visualizations/archive_latex.tex
590,0.469369369,0.470900000,\frac{\log\left(\mathrm{GSynFlow}\right)}{\mathrm{Fisher} + \log\left(\mathrm{MParams}\right)} - \mathrm{Jacov},GSynFlow Log Fisher MParams Log Add Div Jacov Sub <EOS>,((log(GSynFlow) / (Fisher + log(MParams))) - Jacov),0.470900000,0.508900000,182,9,5,2207,run_monash_time_unique1000,5,1,TIME__CPHL__15T/seed_2207/run_monash_time_unique1000/visualizations/archive_latex.tex
591,0.468468468,0.470600000,\left(\left(\mathrm{GradNorm}\right) \cdot \left(\log\left(\log\left(\mathrm{MParams}\right)\right)\right)\right) \cdot \left(\mathrm{Fisher}\right) - \mathrm{Jacov},Grad_Norm MParams Log Log Mul Fisher Mul Jacov Sub <EOS>,(((Grad_Norm * log(log(MParams))) * Fisher) - Jacov),0.470600000,0.521100000,53,9,6,2168,run_monash_time_unique1000,2,1,TIME__CPHL__15T/seed_2168/run_monash_time_unique1000/visualizations/archive_latex.tex
592,0.467567568,0.470600000,\frac{\mathrm{GFLOPs}}{\log\left(\mathrm{GSynFlow}\right)} - \mathrm{Jacov} - \mathrm{L2Norm},GFLOPs GSynFlow Log Div Jacov Sub L2-Norm Sub <EOS>,(((GFLOPs / log(GSynFlow)) - Jacov) - L2-Norm),0.470600000,0.509200000,163,8,5,2225,run_monash_time_unique1000,2,14,TIME__CPHL__15T/seed_2225/run_monash_time_unique1000/visualizations/archive_latex.tex
593,0.466666667,0.470600000,\frac{\mathrm{GFLOPs}}{\log\left(\mathrm{GSynFlow}\right)} - \mathrm{Jacov} + \mathrm{L2Norm},GFLOPs GSynFlow Log Div Jacov L2-Norm Add Sub <EOS>,((GFLOPs / log(GSynFlow)) - (Jacov + L2-Norm)),0.470600000,0.509200000,61,8,4,2031,run_monash_time_unique1000,3,24,TIME__CPHL__15T/seed_2031/run_monash_time_unique1000/visualizations/archive_latex.tex
594,0.465765766,0.470600000,\frac{\mathrm{GFLOPs}}{\log\left(\mathrm{GSynFlow}\right)} - \mathrm{L2Norm} - \mathrm{Jacov},GFLOPs GSynFlow Log Div L2-Norm Sub Jacov Sub <EOS>,(((GFLOPs / log(GSynFlow)) - L2-Norm) - Jacov),0.470600000,0.509200000,71,8,5,2076,run_monash_time_unique1000,3,21,TIME__CPHL__15T/seed_2076/run_monash_time_unique1000/visualizations/archive_latex.tex
595,0.464864865,0.470600000,\frac{\mathrm{GFLOPs}}{\log\left(\mathrm{GSynFlow}\right)} - \mathrm{L2Norm} + \mathrm{Jacov},GFLOPs GSynFlow Log Div L2-Norm Jacov Add Sub <EOS>,((GFLOPs / log(GSynFlow)) - (L2-Norm + Jacov)),0.470600000,0.509200000,92,8,4,2171,run_monash_time_unique1000,3,24,TIME__CPHL__15T/seed_2171/run_monash_time_unique1000/visualizations/archive_latex.tex
596,0.463963964,0.470600000,\left(-\mathrm{Jacov}\right) \cdot \left(\mathrm{plain} + \mathrm{JacobFro}\right) - \mathrm{GFLOPs},Jacov Negative plain Jacob_fro Add Mul GFLOPs Sub <EOS>,((-(Jacov) * (plain + Jacob_fro)) - GFLOPs),0.470600000,0.420100000,110,8,4,2095,run_monash_time_unique1000,4,1,TIME__CPHL__15T/seed_2095/run_monash_time_unique1000/visualizations/archive_latex.tex
597,0.463063063,0.470600000,-\mathrm{Jacov} + \mathrm{L2Norm} + \frac{\mathrm{GFLOPs}}{\log\left(\mathrm{GSynFlow}\right)},Jacov L2-Norm Add Negative GFLOPs GSynFlow Log Div Add <EOS>,(-((Jacov + L2-Norm)) + (GFLOPs / log(GSynFlow))),0.470600000,0.509200000,61,9,4,2053,run_monash_time_unique1000,6,1,TIME__CPHL__15T/seed_2053/run_monash_time_unique1000/visualizations/archive_latex.tex
598,0.462162162,0.470600000,\left(\left(\mathrm{Fisher}\right) \cdot \left(\mathrm{GradNorm}\right)\right) \cdot \left(\log\left(\log\left(\mathrm{MParams}\right)\right)\right) - \mathrm{Jacov},Fisher Grad_Norm Mul MParams Log Log Mul Jacov Sub <EOS>,(((Fisher * Grad_Norm) * log(log(MParams))) - Jacov),0.470600000,0.521100000,21,9,5,2159,run_monash_time_unique1000,6,1,TIME__CPHL__15T/seed_2159/run_monash_time_unique1000/visualizations/archive_latex.tex
599,0.461261261,0.470400000,\frac{\log\left(\mathrm{Snip}\right)}{\log\left(\mathrm{GSynFlow}\right)} - \mathrm{Jacov} - \mathrm{L2Norm},Snip Log GSynFlow Log Div Jacov Sub L2-Norm Sub <EOS>,(((log(Snip) / log(GSynFlow)) - Jacov) - L2-Norm),0.470400000,0.508500000,97,9,5,2061,run_monash_time_unique1000,4,1,TIME__CPHL__15T/seed_2061/run_monash_time_unique1000/visualizations/archive_latex.tex
600,0.460360360,0.470400000,\frac{\log\left(\mathrm{Snip}\right)}{\log\left(\mathrm{GSynFlow}\right)} - \mathrm{L2Norm} + \mathrm{Jacov},Snip Log GSynFlow Log Div L2-Norm Jacov Add Sub <EOS>,((log(Snip) / log(GSynFlow)) - (L2-Norm + Jacov)),0.470400000,0.508500000,194,9,4,2123,run_monash_time_unique1000,5,3,TIME__CPHL__15T/seed_2123/run_monash_time_unique1000/visualizations/archive_latex.tex
601,0.459459459,0.470400000,\left(-\mathrm{Jacov} + \mathrm{plain}\right) \cdot \left(\left(\mathrm{JacobFro}\right) \cdot \left(\mathrm{ZiCo}\right)\right),Jacov Negative plain Add Jacob_fro ZiCo Mul Mul <EOS>,((-(Jacov) + plain) * (Jacob_fro * ZiCo)),0.470400000,0.417000000,159,8,4,2135,run_monash_time_unique1000,6,1,TIME__CPHL__15T/seed_2135/run_monash_time_unique1000/visualizations/archive_latex.tex
602,0.458558559,0.470400000,\frac{\log\left(\mathrm{Snip}\right)}{\log\left(\mathrm{GSynFlow}\right)} - \mathrm{Jacov} + \mathrm{L2Norm},Snip Log GSynFlow Log Div Jacov L2-Norm Add Sub <EOS>,((log(Snip) / log(GSynFlow)) - (Jacov + L2-Norm)),0.470400000,0.508500000,180,9,4,2202,run_monash_time_unique1000,6,3,TIME__CPHL__15T/seed_2202/run_monash_time_unique1000/visualizations/archive_latex.tex
603,0.457657658,0.470400000,\frac{\log\left(\mathrm{Snip}\right)}{\log\left(\mathrm{GSynFlow}\right)} - \mathrm{L2Norm} - \mathrm{Jacov},Snip Log GSynFlow Log Div L2-Norm Sub Jacov Sub <EOS>,(((log(Snip) / log(GSynFlow)) - L2-Norm) - Jacov),0.470400000,0.508500000,136,9,5,2203,run_monash_time_unique1000,6,6,TIME__CPHL__15T/seed_2203/run_monash_time_unique1000/visualizations/archive_latex.tex
604,0.456756757,0.470300000,\left(-\mathrm{plain} + \mathrm{JacobFro} - \mathrm{JacobFro}\right) \cdot \left(\mathrm{Jacov}\right),plain Jacob_fro Add Negative Jacob_fro Sub Jacov Mul <EOS>,((-((plain + Jacob_fro)) - Jacob_fro) * Jacov),0.470300000,0.412700000,120,8,5,2060,run_monash_time_unique1000,7,1,TIME__CPHL__15T/seed_2060/run_monash_time_unique1000/visualizations/archive_latex.tex
605,0.455855856,0.470300000,\frac{\left(\mathrm{JacobFro}\right) \cdot \left(\sqrt{\mathrm{GraSP}}\right)}{\mathrm{GradNorm}} - \mathrm{Jacov},Jacob_fro GraSP Sqrt Mul Grad_Norm Div Jacov Sub <EOS>,(((Jacob_fro * sqrt(GraSP)) / Grad_Norm) - Jacov),0.470300000,0.456600000,198,8,5,2206,run_monash_time_unique1000,8,1,TIME__CPHL__15T/seed_2206/run_monash_time_unique1000/visualizations/archive_latex.tex
606,0.454954955,0.470200000,\left(\mathrm{Jacov}\right) \cdot \left(\left(\mathrm{JacobFro} + \mathrm{Jacov}\right) \cdot \left(\mathrm{JacobFro}\right)\right),Jacov Jacob_fro Jacov Add Jacob_fro Mul Mul <EOS>,(Jacov * ((Jacob_fro + Jacov) * Jacob_fro)),0.470200000,0.454500000,43,7,4,2193,run_monash_time_unique1000,3,1,TIME__CPHL__15T/seed_2193/run_monash_time_unique1000/visualizations/archive_latex.tex
607,0.454054054,0.470200000,\left(\left(\mathrm{Jacov}\right) \cdot \left(\mathrm{JacobFro}\right)\right) \cdot \left(\mathrm{JacobFro} + \mathrm{Jacov}\right),Jacov Jacob_fro Mul Jacob_fro Jacov Add Mul <EOS>,((Jacov * Jacob_fro) * (Jacob_fro + Jacov)),0.470200000,0.454500000,4,7,3,2109,run_monash_time_unique1000,7,1,TIME__CPHL__15T/seed_2109/run_monash_time_unique1000/visualizations/archive_latex.tex
608,0.453153153,0.470000000,\left(-\sqrt{\mathrm{MParams}} - \mathrm{JacobFro}\right) \cdot \left(\left(\mathrm{Jacov}\right) \cdot \left(\mathrm{ZiCo}\right)\right),MParams Sqrt Negative Jacob_fro Sub Jacov ZiCo Mul Mul <EOS>,((-(sqrt(MParams)) - Jacob_fro) * (Jacov * ZiCo)),0.470000000,0.417100000,45,9,5,2071,run_monash_time_unique1000,4,1,TIME__CPHL__15T/seed_2071/run_monash_time_unique1000/visualizations/archive_latex.tex
609,0.452252252,0.470000000,\frac{\log\left(\mathrm{Jacov}\right)}{\log\left(\mathrm{GSynFlow}\right)} - \mathrm{Jacov} - \mathrm{L2Norm},Jacov Log GSynFlow Log Div Jacov Sub L2-Norm Sub <EOS>,(((log(Jacov) / log(GSynFlow)) - Jacov) - L2-Norm),0.470000000,0.510500000,42,9,5,2146,run_monash_time_unique1000,5,4,TIME__CPHL__15T/seed_2146/run_monash_time_unique1000/visualizations/archive_latex.tex
610,0.451351351,0.470000000,\frac{\log\left(\mathrm{Jacov}\right)}{\log\left(\mathrm{GSynFlow}\right)} - \mathrm{Jacov} + \mathrm{L2Norm},Jacov Log GSynFlow Log Div Jacov L2-Norm Add Sub <EOS>,((log(Jacov) / log(GSynFlow)) - (Jacov + L2-Norm)),0.470000000,0.510500000,198,9,4,2167,run_monash_time_unique1000,5,5,TIME__CPHL__15T/seed_2167/run_monash_time_unique1000/visualizations/archive_latex.tex
611,0.450450450,0.470000000,\frac{\log\left(\mathrm{Jacov}\right)}{\log\left(\mathrm{GSynFlow}\right)} - \mathrm{L2Norm} - \mathrm{Jacov},Jacov Log GSynFlow Log Div L2-Norm Sub Jacov Sub <EOS>,(((log(Jacov) / log(GSynFlow)) - L2-Norm) - Jacov),0.470000000,0.510500000,67,9,5,2118,run_monash_time_unique1000,6,5,TIME__CPHL__15T/seed_2118/run_monash_time_unique1000/visualizations/archive_latex.tex
612,0.449549550,0.470000000,\frac{\log\left(\mathrm{Jacov}\right)}{\log\left(\mathrm{GSynFlow}\right)} - \mathrm{L2Norm} + \mathrm{Jacov},Jacov Log GSynFlow Log Div L2-Norm Jacov Add Sub <EOS>,((log(Jacov) / log(GSynFlow)) - (L2-Norm + Jacov)),0.470000000,0.510500000,123,9,4,2145,run_monash_time_unique1000,6,7,TIME__CPHL__15T/seed_2145/run_monash_time_unique1000/visualizations/archive_latex.tex
613,0.448648649,0.470000000,\left(\mathrm{Fisher} - \mathrm{Jacov}\right) \cdot \left(\sqrt{\mathrm{JacobFro}}\right),Fisher Jacov Sub Jacob_fro Sqrt Mul <EOS>,((Fisher - Jacov) * sqrt(Jacob_fro)),0.470000000,0.435700000,48,6,3,2182,run_monash_time_unique1000,6,1,TIME__CPHL__15T/seed_2182/run_monash_time_unique1000/visualizations/archive_latex.tex
614,0.447747748,0.470000000,\left(\left(\mathrm{Fisher} - \mathrm{Jacov}\right)^2\right) \cdot \left(\mathrm{JacobFro}\right),Fisher Jacov Sub Square Jacob_fro Mul <EOS>,(square((Fisher - Jacov)) * Jacob_fro),0.470000000,0.435700000,10,6,4,2065,run_monash_time_unique1000,8,1,TIME__CPHL__15T/seed_2065/run_monash_time_unique1000/visualizations/archive_latex.tex
615,0.446846847,0.470000000,\left(\sqrt{\mathrm{JacobFro}}\right) \cdot \left(\mathrm{Fisher} - \mathrm{Jacov}\right),Jacob_fro Sqrt Fisher Jacov Sub Mul <EOS>,(sqrt(Jacob_fro) * (Fisher - Jacov)),0.470000000,0.435700000,89,6,3,2149,run_monash_time_unique1000,8,1,TIME__CPHL__15T/seed_2149/run_monash_time_unique1000/visualizations/archive_latex.tex
616,0.445945946,0.469900000,\left(\mathrm{L2Norm} + \left(\mathrm{ZiCo}\right) \cdot \left(\left(\mathrm{Jacov}\right)^2\right)\right) \cdot \left(\mathrm{JacobFro}\right),L2-Norm ZiCo Jacov Square Mul Add Jacob_fro Mul <EOS>,((L2-Norm + (ZiCo * square(Jacov))) * Jacob_fro),0.469900000,0.448700000,48,8,5,2178,run_monash_time_unique1000,3,1,TIME__CPHL__15T/seed_2178/run_monash_time_unique1000/visualizations/archive_latex.tex
617,0.445045045,0.469900000,\left(\sqrt{\mathrm{GSynFlow}}\right) \cdot \left(\log\left(\mathrm{plain}\right)\right) - \mathrm{Jacov},GSynFlow Sqrt plain Log Mul Jacov Sub <EOS>,((sqrt(GSynFlow) * log(plain)) - Jacov),0.469900000,0.439600000,111,7,4,2150,run_monash_time_unique1000,4,1,TIME__CPHL__15T/seed_2150/run_monash_time_unique1000/visualizations/archive_latex.tex
618,0.444144144,0.469900000,\left(-\sqrt{\mathrm{GSynFlow}}\right) \cdot \left(-\log\left(\mathrm{plain}\right)\right) - \mathrm{Jacov},GSynFlow Sqrt Negative plain Log Negative Mul Jacov Sub <EOS>,((-(sqrt(GSynFlow)) * -(log(plain))) - Jacov),0.469900000,0.439600000,198,9,5,2051,run_monash_time_unique1000,6,1,TIME__CPHL__15T/seed_2051/run_monash_time_unique1000/visualizations/archive_latex.tex
619,0.443243243,0.469900000,\left(\log\left(\mathrm{plain}\right)\right) \cdot \left(\sqrt{\mathrm{GSynFlow}}\right) - \mathrm{Jacov},plain Log GSynFlow Sqrt Mul Jacov Sub <EOS>,((log(plain) * sqrt(GSynFlow)) - Jacov),0.469900000,0.439600000,118,7,4,2119,run_monash_time_unique1000,7,2,TIME__CPHL__15T/seed_2119/run_monash_time_unique1000/visualizations/archive_latex.tex
620,0.442342342,0.469900000,-\left(\log\left(\mathrm{plain}\right)\right) \cdot \left(-\sqrt{\mathrm{GSynFlow}}\right) + \mathrm{Jacov},plain Log GSynFlow Sqrt Negative Mul Jacov Add Negative <EOS>,-(((log(plain) * -(sqrt(GSynFlow))) + Jacov)),0.469900000,0.439600000,177,9,6,2139,run_monash_time_unique1000,7,1,TIME__CPHL__15T/seed_2139/run_monash_time_unique1000/visualizations/archive_latex.tex
621,0.441441441,0.469900000,\left(\log\left(-\mathrm{plain}\right)\right) \cdot \left(\sqrt{\mathrm{GSynFlow}}\right) - \mathrm{Jacov},plain Negative Log GSynFlow Sqrt Mul Jacov Sub <EOS>,((log(-(plain)) * sqrt(GSynFlow)) - Jacov),0.469900000,0.439600000,146,8,5,2109,run_monash_time_unique1000,8,1,TIME__CPHL__15T/seed_2109/run_monash_time_unique1000/visualizations/archive_latex.tex
622,0.440540541,0.469800000,\frac{\mathrm{GFLOPs}}{\log\left(\mathrm{GSynFlow}\right)} - \mathrm{GFLOPs} + \mathrm{Jacov},GFLOPs GSynFlow Log Div GFLOPs Jacov Add Sub <EOS>,((GFLOPs / log(GSynFlow)) - (GFLOPs + Jacov)),0.469800000,0.483200000,194,8,4,2134,run_monash_time_unique1000,4,1,TIME__CPHL__15T/seed_2134/run_monash_time_unique1000/visualizations/archive_latex.tex
623,0.439639640,0.469800000,-\mathrm{GFLOPs} - \mathrm{Jacov} + \frac{\mathrm{GFLOPs}}{\log\left(\mathrm{GSynFlow}\right)},GFLOPs Negative Jacov Sub GFLOPs GSynFlow Log Div Add <EOS>,((-(GFLOPs) - Jacov) + (GFLOPs / log(GSynFlow))),0.469800000,0.483200000,28,9,4,2068,run_monash_time_unique1000,8,1,TIME__CPHL__15T/seed_2068/run_monash_time_unique1000/visualizations/archive_latex.tex
624,0.438738739,0.469800000,\log\left(\mathrm{GFLOPs}\right) - \left(\mathrm{JacobFro}\right) \cdot \left(\mathrm{GFLOPs} + \mathrm{Jacov}\right),GFLOPs Log Jacob_fro GFLOPs Jacov Add Mul Sub <EOS>,(log(GFLOPs) - (Jacob_fro * (GFLOPs + Jacov))),0.469800000,0.424500000,2,8,4,2183,run_monash_time_unique1000,10,1,TIME__CPHL__15T/seed_2183/run_monash_time_unique1000/visualizations/archive_latex.tex
625,0.437837838,0.469700000,\left(-\sqrt{\mathrm{JacobFro} - \mathrm{plain}}\right) \cdot \left(\mathrm{Jacov}\right),Jacob_fro plain Sub Sqrt Negative Jacov Mul <EOS>,(-(sqrt((Jacob_fro - plain))) * Jacov),0.469700000,0.445000000,83,7,5,2066,run_monash_time_unique1000,6,1,TIME__CPHL__15T/seed_2066/run_monash_time_unique1000/visualizations/archive_latex.tex
626,0.436936937,0.469700000,\sqrt{\left(\mathrm{JacobFro}\right) \cdot \left(\mathrm{Jacov}\right)} - \frac{\mathrm{Jacov}}{\mathrm{L2Norm}},Jacob_fro Jacov Mul Sqrt Jacov L2-Norm Div Sub <EOS>,(sqrt((Jacob_fro * Jacov)) - (Jacov / L2-Norm)),0.469700000,0.425000000,127,8,4,2115,run_monash_time_unique1000,7,1,TIME__CPHL__15T/seed_2115/run_monash_time_unique1000/visualizations/archive_latex.tex
627,0.436036036,0.469700000,\sqrt{\left(\mathrm{Jacov}\right) \cdot \left(\mathrm{JacobFro}\right)} - \frac{\mathrm{Jacov}}{\mathrm{L2Norm}},Jacov Jacob_fro Mul Sqrt Jacov L2-Norm Div Sub <EOS>,(sqrt((Jacov * Jacob_fro)) - (Jacov / L2-Norm)),0.469700000,0.425000000,118,8,4,2135,run_monash_time_unique1000,7,1,TIME__CPHL__15T/seed_2135/run_monash_time_unique1000/visualizations/archive_latex.tex
628,0.435135135,0.469600000,\left(-\mathrm{JacobFro}\right) \cdot \left(\mathrm{Jacov} + \mathrm{GFLOPs}\right) - \mathrm{ZiCo},Jacob_fro Negative Jacov GFLOPs Add Mul ZiCo Sub <EOS>,((-(Jacob_fro) * (Jacov + GFLOPs)) - ZiCo),0.469600000,0.424600000,136,8,4,2049,run_monash_time_unique1000,2,1,TIME__CPHL__15T/seed_2049/run_monash_time_unique1000/visualizations/archive_latex.tex
629,0.434234234,0.469600000,\left(-\mathrm{JacobFro}\right) \cdot \left(\mathrm{GFLOPs} + \mathrm{Jacov}\right),Jacob_fro Negative GFLOPs Jacov Add Mul <EOS>,(-(Jacob_fro) * (GFLOPs + Jacov)),0.469600000,0.424600000,35,6,3,2226,run_monash_time_unique1000,4,1,TIME__CPHL__15T/seed_2226/run_monash_time_unique1000/visualizations/archive_latex.tex
630,0.433333333,0.469600000,\sqrt{\mathrm{Jacov} + \frac{\mathrm{GFLOPs}}{\mathrm{Fisher} + \log\left(\mathrm{MParams}\right)}},Jacov GFLOPs Fisher MParams Log Add Div Add Sqrt <EOS>,sqrt((Jacov + (GFLOPs / (Fisher + log(MParams))))),0.469600000,0.481900000,171,9,6,2033,run_monash_time_unique1000,5,1,TIME__CPHL__15T/seed_2033/run_monash_time_unique1000/visualizations/archive_latex.tex
631,0.432432432,0.469600000,\left(\left(\mathrm{Jacov} + \mathrm{GFLOPs}\right) \cdot \left(\mathrm{JacobFro}\right)\right)^2,Jacov GFLOPs Add Jacob_fro Mul Square <EOS>,square(((Jacov + GFLOPs) * Jacob_fro)),0.469600000,0.424600000,88,6,4,2050,run_monash_time_unique1000,5,2,TIME__CPHL__15T/seed_2050/run_monash_time_unique1000/visualizations/archive_latex.tex
632,0.431531532,0.469600000,\left(\mathrm{JacobFro}\right) \cdot \left(-\mathrm{GFLOPs} - -\mathrm{Jacov}\right),Jacob_fro GFLOPs Jacov Negative Sub Negative Mul <EOS>,(Jacob_fro * -((GFLOPs - -(Jacov)))),0.469600000,0.424600000,153,7,5,2101,run_monash_time_unique1000,5,1,TIME__CPHL__15T/seed_2101/run_monash_time_unique1000/visualizations/archive_latex.tex
633,0.430630631,0.469600000,\left(\mathrm{JacobFro}\right) \cdot \left(-\mathrm{Jacov} + -\mathrm{GFLOPs}\right),Jacob_fro Jacov Negative GFLOPs Negative Add Mul <EOS>,(Jacob_fro * (-(Jacov) + -(GFLOPs))),0.469600000,0.424600000,196,7,4,2150,run_monash_time_unique1000,5,1,TIME__CPHL__15T/seed_2150/run_monash_time_unique1000/visualizations/archive_latex.tex
634,0.429729730,0.469600000,\left(-\mathrm{JacobFro}\right) \cdot \left(\mathrm{Jacov} + \mathrm{GFLOPs}\right),Jacob_fro Negative Jacov GFLOPs Add Mul <EOS>,(-(Jacob_fro) * (Jacov + GFLOPs)),0.469600000,0.424600000,160,6,3,2132,run_monash_time_unique1000,6,2,TIME__CPHL__15T/seed_2132/run_monash_time_unique1000/visualizations/archive_latex.tex
635,0.428828829,0.469600000,\mathrm{ZiCo} - \left(\mathrm{GFLOPs} + \mathrm{Jacov}\right) \cdot \left(\mathrm{JacobFro}\right),ZiCo GFLOPs Jacov Add Jacob_fro Mul Sub <EOS>,(ZiCo - ((GFLOPs + Jacov) * Jacob_fro)),0.469600000,0.424600000,6,7,4,2086,run_monash_time_unique1000,8,1,TIME__CPHL__15T/seed_2086/run_monash_time_unique1000/visualizations/archive_latex.tex
636,0.427927928,0.469600000,\left(-\mathrm{JacobFro}\right) \cdot \left(\mathrm{Jacov} + \mathrm{GFLOPs} - \mathrm{ZiCo}\right),Jacob_fro Negative Jacov GFLOPs ZiCo Sub Add Mul <EOS>,(-(Jacob_fro) * (Jacov + (GFLOPs - ZiCo))),0.469600000,0.423400000,33,8,4,2131,run_monash_time_unique1000,8,1,TIME__CPHL__15T/seed_2131/run_monash_time_unique1000/visualizations/archive_latex.tex
637,0.427027027,0.469600000,\mathrm{Fisher} - \left(\mathrm{JacobFro}\right) \cdot \left(\mathrm{Jacov} + \mathrm{GFLOPs}\right),Fisher Jacob_fro Jacov GFLOPs Add Mul Sub <EOS>,(Fisher - (Jacob_fro * (Jacov + GFLOPs))),0.469600000,0.423500000,30,7,4,2175,run_monash_time_unique1000,9,1,TIME__CPHL__15T/seed_2175/run_monash_time_unique1000/visualizations/archive_latex.tex
638,0.426126126,0.469600000,-\left(\mathrm{Jacov} + \mathrm{GFLOPs}\right) \cdot \left(\mathrm{JacobFro}\right),Jacov GFLOPs Add Jacob_fro Mul Negative <EOS>,-(((Jacov + GFLOPs) * Jacob_fro)),0.469600000,0.424600000,118,6,4,2186,run_monash_time_unique1000,10,1,TIME__CPHL__15T/seed_2186/run_monash_time_unique1000/visualizations/archive_latex.tex
639,0.425225225,0.469500000,\sqrt{\mathrm{Jacov} + \left(\mathrm{JacobFro}\right) \cdot \left(\log\left(\mathrm{GFLOPs}\right) + \mathrm{Jacov}\right)},Jacov Jacob_fro GFLOPs Log Jacov Add Mul Add Sqrt <EOS>,sqrt((Jacov + (Jacob_fro * (log(GFLOPs) + Jacov)))),0.469500000,0.413900000,186,9,6,2056,run_monash_time_unique1000,4,1,TIME__CPHL__15T/seed_2056/run_monash_time_unique1000/visualizations/archive_latex.tex
640,0.424324324,0.469300000,\left(\mathrm{JacobFro}\right) \cdot \left(\log\left(-\mathrm{GSynFlow}\right) - \mathrm{Jacov}\right) - \mathrm{Jacov},Jacob_fro GSynFlow Negative Log Jacov Sub Mul Jacov Sub <EOS>,((Jacob_fro * (log(-(GSynFlow)) - Jacov)) - Jacov),0.469300000,0.419400000,159,9,6,2085,run_monash_time_unique1000,4,1,TIME__CPHL__15T/seed_2085/run_monash_time_unique1000/visualizations/archive_latex.tex
641,0.423423423,0.469300000,\left(\left(\mathrm{Jacov}\right)^2 + \mathrm{Jacov}\right) \cdot \left(\mathrm{JacobFro} - \mathrm{plain}\right),Jacov Square Jacov Add Jacob_fro plain Sub Mul <EOS>,((square(Jacov) + Jacov) * (Jacob_fro - plain)),0.469300000,0.444600000,33,8,4,2178,run_monash_time_unique1000,4,1,TIME__CPHL__15T/seed_2178/run_monash_time_unique1000/visualizations/archive_latex.tex
642,0.422522523,0.469300000,\left(\mathrm{JacobFro}\right) \cdot \left(-\mathrm{Jacov} - \log\left(\mathrm{Snip}\right) + \mathrm{GFLOPs}\right),Jacob_fro Jacov Negative Snip Log GFLOPs Add Sub Mul <EOS>,(Jacob_fro * (-(Jacov) - (log(Snip) + GFLOPs))),0.469300000,0.426700000,7,9,5,2193,run_monash_time_unique1000,4,1,TIME__CPHL__15T/seed_2193/run_monash_time_unique1000/visualizations/archive_latex.tex
643,0.421621622,0.469300000,-\left(\mathrm{JacobFro}\right) \cdot \left(\sqrt{\mathrm{Snip}} + \mathrm{Jacov}\right) - \mathrm{Jacov},Jacob_fro Snip Sqrt Jacov Add Mul Negative Jacov Sub <EOS>,(-((Jacob_fro * (sqrt(Snip) + Jacov))) - Jacov),0.469300000,0.441300000,167,9,6,2131,run_monash_time_unique1000,9,1,TIME__CPHL__15T/seed_2131/run_monash_time_unique1000/visualizations/archive_latex.tex
644,0.420720721,0.469200000,\left(\mathrm{GraSP} + \left(\mathrm{Jacov}\right)^2\right) \cdot \left(\left(\mathrm{JacobFro}\right)^2\right),GraSP Jacov Square Add Jacob_fro Square Mul <EOS>,((GraSP + square(Jacov)) * square(Jacob_fro)),0.469200000,0.420300000,176,7,4,2129,run_monash_time_unique1000,4,1,TIME__CPHL__15T/seed_2129/run_monash_time_unique1000/visualizations/archive_latex.tex
645,0.419819820,0.469200000,\sqrt{\frac{\log\left(\mathrm{JacobFro}\right)}{\frac{\sqrt{\log\left(\mathrm{GradNorm}\right)}}{\mathrm{Jacov}}}},Jacob_fro Log Grad_Norm Log Sqrt Jacov Div Div Sqrt <EOS>,sqrt((log(Jacob_fro) / (sqrt(log(Grad_Norm)) / Jacov))),0.469200000,0.452900000,62,9,6,2056,run_monash_time_unique1000,5,1,TIME__CPHL__15T/seed_2056/run_monash_time_unique1000/visualizations/archive_latex.tex
646,0.418918919,0.469200000,\left(-\left(\mathrm{ZiCo}\right) \cdot \left(\mathrm{JacobFro}\right)\right) \cdot \left(\mathrm{Jacov}\right) - \mathrm{L2Norm},ZiCo Jacob_fro Mul Negative Jacov Mul L2-Norm Sub <EOS>,((-((ZiCo * Jacob_fro)) * Jacov) - L2-Norm),0.469200000,0.426800000,10,8,5,2188,run_monash_time_unique1000,9,1,TIME__CPHL__15T/seed_2188/run_monash_time_unique1000/visualizations/archive_latex.tex
647,0.418018018,0.469100000,\left(\log\left(\mathrm{MParams}\right) - \mathrm{JacobFro}\right) \cdot \left(\mathrm{Jacov} - \mathrm{ZiCo}\right),MParams Log Jacob_fro Sub Jacov ZiCo Sub Mul <EOS>,((log(MParams) - Jacob_fro) * (Jacov - ZiCo)),0.469100000,0.422000000,169,8,4,2219,run_monash_time_unique1000,4,1,TIME__CPHL__15T/seed_2219/run_monash_time_unique1000/visualizations/archive_latex.tex
648,0.417117117,0.469100000,\mathrm{JacobFro} - \left(\left(\mathrm{JacobFro}\right) \cdot \left(\mathrm{ZiCo}\right)\right) \cdot \left(\mathrm{Jacov}\right),Jacob_fro Jacob_fro ZiCo Mul Jacov Mul Sub <EOS>,(Jacob_fro - ((Jacob_fro * ZiCo) * Jacov)),0.469100000,0.419000000,29,7,4,2115,run_monash_time_unique1000,8,1,TIME__CPHL__15T/seed_2115/run_monash_time_unique1000/visualizations/archive_latex.tex
649,0.416216216,0.469000000,\frac{\log\left(\mathrm{Snip}\right)}{\log\left(\frac{\mathrm{ZiCo}}{\mathrm{Fisher}}\right)} - \mathrm{Jacov},Snip Log ZiCo Fisher Div Log Div Jacov Sub <EOS>,((log(Snip) / log((ZiCo / Fisher))) - Jacov),0.469000000,0.445600000,181,9,5,2141,run_monash_time_unique1000,4,1,TIME__CPHL__15T/seed_2141/run_monash_time_unique1000/visualizations/archive_latex.tex
650,0.415315315,0.469000000,\sqrt{\mathrm{Jacov}} - \log\left(\frac{\mathrm{GradNorm}}{\log\left(\mathrm{MParams}\right)}\right),Jacov Sqrt Grad_Norm MParams Log Div Log Sub <EOS>,(sqrt(Jacov) - log((Grad_Norm / log(MParams)))),0.469000000,0.448400000,137,8,5,2053,run_monash_time_unique1000,7,1,TIME__CPHL__15T/seed_2053/run_monash_time_unique1000/visualizations/archive_latex.tex
651,0.414414414,0.468900000,\left(\left(\mathrm{ZiCo}\right) \cdot \left(\left(\mathrm{Jacov}\right)^2\right)\right) \cdot \left(\left(\mathrm{JacobFro}\right) \cdot \left(\mathrm{JacobFro}\right)\right),ZiCo Jacov Square Mul Jacob_fro Jacob_fro Mul Mul <EOS>,((ZiCo * square(Jacov)) * (Jacob_fro * Jacob_fro)),0.468900000,0.422700000,49,8,4,2095,run_monash_time_unique1000,5,1,TIME__CPHL__15T/seed_2095/run_monash_time_unique1000/visualizations/archive_latex.tex
652,0.413513514,0.468900000,\frac{\sqrt{\mathrm{GradNorm}}}{\frac{-\mathrm{plain}}{\mathrm{GradNorm}}} - \mathrm{Jacov},Grad_Norm Sqrt plain Negative Grad_Norm Div Div Jacov Sub <EOS>,((sqrt(Grad_Norm) / (-(plain) / Grad_Norm)) - Jacov),0.468900000,0.443300000,134,9,5,2050,run_monash_time_unique1000,6,1,TIME__CPHL__15T/seed_2050/run_monash_time_unique1000/visualizations/archive_latex.tex
653,0.412612613,0.468900000,\frac{\mathrm{L2Norm}}{\mathrm{plain} - \left(\mathrm{GFLOPs}\right)^2 + \mathrm{Jacov}},L2-Norm plain GFLOPs Square Sub Jacov Add Div <EOS>,(L2-Norm / ((plain - square(GFLOPs)) + Jacov)),0.468900000,0.480800000,6,8,5,2095,run_monash_time_unique1000,6,1,TIME__CPHL__15T/seed_2095/run_monash_time_unique1000/visualizations/archive_latex.tex
654,0.411711712,0.468900000,\left(\log\left(\log\left(\mathrm{L2Norm}\right)\right) - \mathrm{JacobFro} - \mathrm{MParams}\right) \cdot \left(\mathrm{Jacov}\right),L2-Norm Log Log Jacob_fro MParams Sub Sub Jacov Mul <EOS>,((log(log(L2-Norm)) - (Jacob_fro - MParams)) * Jacov),0.468900000,0.415100000,81,9,5,2075,run_monash_time_unique1000,7,1,TIME__CPHL__15T/seed_2075/run_monash_time_unique1000/visualizations/archive_latex.tex
655,0.410810811,0.468800000,\frac{\left(\mathrm{MParams}\right) \cdot \left(\mathrm{JacobFro}\right) - \mathrm{Jacov}}{\mathrm{L2Norm}},MParams Jacob_fro Mul Jacov Sub L2-Norm Div <EOS>,(((MParams * Jacob_fro) - Jacov) / L2-Norm),0.468800000,0.494900000,121,7,4,2126,run_monash_time_unique1000,2,6,TIME__CPHL__15T/seed_2126/run_monash_time_unique1000/visualizations/archive_latex.tex
656,0.409909910,0.468800000,\frac{\mathrm{L2Norm}}{\mathrm{Jacov} - \left(\mathrm{JacobFro}\right) \cdot \left(\mathrm{MParams}\right)},L2-Norm Jacov Jacob_fro MParams Mul Sub Div <EOS>,(L2-Norm / (Jacov - (Jacob_fro * MParams))),0.468800000,0.494900000,62,7,4,2105,run_monash_time_unique1000,3,1,TIME__CPHL__15T/seed_2105/run_monash_time_unique1000/visualizations/archive_latex.tex
657,0.409009009,0.468800000,\left(-\mathrm{JacobFro}\right) \cdot \left(\mathrm{Jacov} + \left(\mathrm{MParams}\right)^2\right),Jacob_fro Negative Jacov MParams Square Add Mul <EOS>,(-(Jacob_fro) * (Jacov + square(MParams))),0.468800000,0.417500000,34,7,4,2124,run_monash_time_unique1000,8,1,TIME__CPHL__15T/seed_2124/run_monash_time_unique1000/visualizations/archive_latex.tex
658,0.408108108,0.468800000,\frac{\mathrm{L2Norm}}{\mathrm{Jacov} - \left(\mathrm{MParams}\right) \cdot \left(\mathrm{JacobFro}\right)},L2-Norm Jacov MParams Jacob_fro Mul Sub Div <EOS>,(L2-Norm / (Jacov - (MParams * Jacob_fro))),0.468800000,0.494900000,4,7,4,2068,run_monash_time_unique1000,9,1,TIME__CPHL__15T/seed_2068/run_monash_time_unique1000/visualizations/archive_latex.tex
659,0.407207207,0.468700000,\frac{\log\left(\mathrm{Jacov}\right)}{\log\left(\frac{\mathrm{ZiCo}}{\mathrm{Fisher}}\right)} - \mathrm{Jacov},Jacov Log ZiCo Fisher Div Log Div Jacov Sub <EOS>,((log(Jacov) / log((ZiCo / Fisher))) - Jacov),0.468700000,0.444900000,197,9,5,2144,run_monash_time_unique1000,4,1,TIME__CPHL__15T/seed_2144/run_monash_time_unique1000/visualizations/archive_latex.tex
660,0.406306306,0.468700000,\left(\mathrm{GFLOPs} - \mathrm{JacobFro} + \mathrm{JacobFro}\right) \cdot \left(\mathrm{Jacov}\right),GFLOPs Jacob_fro Jacob_fro Add Sub Jacov Mul <EOS>,((GFLOPs - (Jacob_fro + Jacob_fro)) * Jacov),0.468700000,0.416200000,178,7,4,2134,run_monash_time_unique1000,5,1,TIME__CPHL__15T/seed_2134/run_monash_time_unique1000/visualizations/archive_latex.tex
661,0.405405405,0.468700000,\left(\mathrm{GFLOPs}\right)^2 - \left(\mathrm{JacobFro}\right) \cdot \left(\mathrm{Jacov}\right) + \mathrm{JacobFro},GFLOPs Square Jacob_fro Jacov Mul Jacob_fro Add Sub <EOS>,(square(GFLOPs) - ((Jacob_fro * Jacov) + Jacob_fro)),0.468700000,0.410600000,2,8,4,2174,run_monash_time_unique1000,10,1,TIME__CPHL__15T/seed_2174/run_monash_time_unique1000/visualizations/archive_latex.tex
662,0.404504505,0.468600000,\mathrm{JacobFro} + \left(\frac{\mathrm{plain}}{\mathrm{Fisher}}\right)^2 - \mathrm{Jacov},Jacob_fro plain Fisher Div Square Add Jacov Sub <EOS>,((Jacob_fro + square((plain / Fisher))) - Jacov),0.468600000,0.428600000,52,8,5,2055,run_monash_time_unique1000,7,1,TIME__CPHL__15T/seed_2055/run_monash_time_unique1000/visualizations/archive_latex.tex
663,0.403603604,0.468600000,\left(\mathrm{JacobFro}\right) \cdot \left(\mathrm{MParams} + \log\left(\log\left(\mathrm{GFLOPs}\right)\right) - \mathrm{Jacov}\right),Jacob_fro MParams GFLOPs Log Log Add Jacov Sub Mul <EOS>,(Jacob_fro * ((MParams + log(log(GFLOPs))) - Jacov)),0.468600000,0.410600000,157,9,6,2145,run_monash_time_unique1000,7,1,TIME__CPHL__15T/seed_2145/run_monash_time_unique1000/visualizations/archive_latex.tex
664,0.402702703,0.468600000,\log\left(\mathrm{JacobFro} + \left(\mathrm{JacobFro}\right) \cdot \left(\mathrm{Jacov}\right) + \mathrm{L2Norm}\right),Jacob_fro Jacob_fro Jacov Mul Add L2-Norm Add Log <EOS>,log(((Jacob_fro + (Jacob_fro * Jacov)) + L2-Norm)),0.468600000,0.416500000,66,8,5,2125,run_monash_time_unique1000,8,1,TIME__CPHL__15T/seed_2125/run_monash_time_unique1000/visualizations/archive_latex.tex
665,0.401801802,0.468500000,\frac{\sqrt{\mathrm{GradNorm}}}{\log\left(\sqrt{\mathrm{GSynFlow}}\right)} - \mathrm{Jacov},Grad_Norm Sqrt GSynFlow Sqrt Log Div Jacov Sub <EOS>,((sqrt(Grad_Norm) / log(sqrt(GSynFlow))) - Jacov),0.468500000,0.483600000,134,8,5,2162,run_monash_time_unique1000,4,4,TIME__CPHL__15T/seed_2162/run_monash_time_unique1000/visualizations/archive_latex.tex
666,0.400900901,0.468500000,\frac{\left(\mathrm{GFLOPs}\right)^2 - \mathrm{Jacov}}{\mathrm{L2Norm} + \mathrm{plain}},GFLOPs Square Jacov Sub L2-Norm plain Add Div <EOS>,((square(GFLOPs) - Jacov) / (L2-Norm + plain)),0.468500000,0.479800000,19,8,4,2215,run_monash_time_unique1000,10,1,TIME__CPHL__15T/seed_2215/run_monash_time_unique1000/visualizations/archive_latex.tex
667,0.400000000,0.468400000,\log\left(\mathrm{ZiCo}\right) - \mathrm{L2Norm} - \left(\mathrm{JacobFro}\right) \cdot \left(\mathrm{Jacov}\right),ZiCo Log L2-Norm Sub Jacob_fro Jacov Mul Sub <EOS>,((log(ZiCo) - L2-Norm) - (Jacob_fro * Jacov)),0.468400000,0.415900000,42,8,4,2179,run_monash_time_unique1000,3,1,TIME__CPHL__15T/seed_2179/run_monash_time_unique1000/visualizations/archive_latex.tex
668,0.399099099,0.468400000,\left(\mathrm{L2Norm} + \left(\mathrm{Jacov}\right) \cdot \left(\mathrm{JacobFro}\right)\right)^2,L2-Norm Jacov Jacob_fro Mul Add Square <EOS>,square((L2-Norm + (Jacov * Jacob_fro))),0.468400000,0.416800000,103,6,4,2105,run_monash_time_unique1000,4,1,TIME__CPHL__15T/seed_2105/run_monash_time_unique1000/visualizations/archive_latex.tex
669,0.398198198,0.468400000,-\mathrm{ZiCo} - \left(\mathrm{JacobFro}\right) \cdot \left(\mathrm{Jacov}\right) + \mathrm{L2Norm},ZiCo Negative Jacob_fro Jacov Mul L2-Norm Add Sub <EOS>,(-(ZiCo) - ((Jacob_fro * Jacov) + L2-Norm)),0.468400000,0.416800000,84,8,4,2200,run_monash_time_unique1000,4,1,TIME__CPHL__15T/seed_2200/run_monash_time_unique1000/visualizations/archive_latex.tex
670,0.397297297,0.468400000,-\mathrm{L2Norm} + \left(\mathrm{Jacov}\right) \cdot \left(\mathrm{JacobFro}\right) + \mathrm{Fisher},L2-Norm Jacov Jacob_fro Mul Fisher Add Add Negative <EOS>,-((L2-Norm + ((Jacov * Jacob_fro) + Fisher))),0.468400000,0.416100000,47,8,5,2105,run_monash_time_unique1000,5,1,TIME__CPHL__15T/seed_2105/run_monash_time_unique1000/visualizations/archive_latex.tex
671,0.396396396,0.468400000,-\mathrm{MParams} - \mathrm{L2Norm} - \left(\mathrm{Jacov}\right) \cdot \left(\mathrm{JacobFro}\right),MParams Negative L2-Norm Sub Jacov Jacob_fro Mul Sub <EOS>,((-(MParams) - L2-Norm) - (Jacov * Jacob_fro)),0.468400000,0.416800000,62,8,4,2056,run_monash_time_unique1000,6,1,TIME__CPHL__15T/seed_2056/run_monash_time_unique1000/visualizations/archive_latex.tex
672,0.395495495,0.468400000,-\sqrt{\frac{\mathrm{Snip}}{\mathrm{GSynFlow} - \mathrm{ZiCo}}} - \mathrm{Jacov},Snip GSynFlow ZiCo Sub Div Sqrt Negative Jacov Sub <EOS>,(-(sqrt((Snip / (GSynFlow - ZiCo)))) - Jacov),0.468400000,0.577200000,196,9,6,2055,run_monash_time_unique1000,8,1,TIME__CPHL__15T/seed_2055/run_monash_time_unique1000/visualizations/archive_latex.tex
673,0.394594595,0.468400000,\left(-\mathrm{Jacov}\right) \cdot \left(\mathrm{JacobFro}\right) - \mathrm{L2Norm},Jacov Negative Jacob_fro Mul L2-Norm Sub <EOS>,((-(Jacov) * Jacob_fro) - L2-Norm),0.468400000,0.416800000,44,6,4,2136,run_monash_time_unique1000,8,1,TIME__CPHL__15T/seed_2136/run_monash_time_unique1000/visualizations/archive_latex.tex
674,0.393693694,0.468400000,\frac{\mathrm{L2Norm}}{\mathrm{ZiCo}} + -\left(\mathrm{JacobFro}\right) \cdot \left(\mathrm{Jacov}\right),L2-Norm ZiCo Div Jacob_fro Jacov Mul Negative Add <EOS>,((L2-Norm / ZiCo) + -((Jacob_fro * Jacov))),0.468400000,0.406700000,170,8,4,2145,run_monash_time_unique1000,8,1,TIME__CPHL__15T/seed_2145/run_monash_time_unique1000/visualizations/archive_latex.tex
675,0.392792793,0.468400000,\frac{\frac{\left(\mathrm{JacobFro}\right)^2}{\mathrm{L2Norm}}}{\mathrm{Fisher}} - \mathrm{Jacov},Jacob_fro Square L2-Norm Div Fisher Div Jacov Sub <EOS>,(((square(Jacob_fro) / L2-Norm) / Fisher) - Jacov),0.468400000,0.437500000,134,8,5,2202,run_monash_time_unique1000,8,1,TIME__CPHL__15T/seed_2202/run_monash_time_unique1000/visualizations/archive_latex.tex
676,0.391891892,0.468400000,\mathrm{GradNorm} - \left(\mathrm{JacobFro}\right) \cdot \left(\mathrm{Jacov}\right) - \mathrm{L2Norm},Grad_Norm Jacob_fro Jacov Mul Sub L2-Norm Sub <EOS>,((Grad_Norm - (Jacob_fro * Jacov)) - L2-Norm),0.468400000,0.414200000,14,7,4,2057,run_monash_time_unique1000,9,1,TIME__CPHL__15T/seed_2057/run_monash_time_unique1000/visualizations/archive_latex.tex
677,0.390990991,0.468400000,\left(\mathrm{JacobFro}\right) \cdot \left(-\mathrm{Jacov}\right) - \mathrm{L2Norm},Jacob_fro Jacov Negative Mul L2-Norm Sub <EOS>,((Jacob_fro * -(Jacov)) - L2-Norm),0.468400000,0.416800000,192,6,4,2087,run_monash_time_unique1000,9,1,TIME__CPHL__15T/seed_2087/run_monash_time_unique1000/visualizations/archive_latex.tex
678,0.390090090,0.468400000,\sqrt{\left(\mathrm{JacobFro}\right) \cdot \left(\mathrm{Jacov}\right) + \mathrm{L2Norm}},Jacob_fro Jacov Mul L2-Norm Add Sqrt <EOS>,sqrt(((Jacob_fro * Jacov) + L2-Norm)),0.468400000,0.416800000,49,6,4,2125,run_monash_time_unique1000,9,1,TIME__CPHL__15T/seed_2125/run_monash_time_unique1000/visualizations/archive_latex.tex
679,0.389189189,0.468400000,\mathrm{Jacov} - \left(\mathrm{JacobFro}\right) \cdot \left(\mathrm{Jacov}\right) - \mathrm{L2Norm},Jacov Jacob_fro Jacov Mul Sub L2-Norm Sub <EOS>,((Jacov - (Jacob_fro * Jacov)) - L2-Norm),0.468400000,0.415800000,10,7,4,2057,run_monash_time_unique1000,10,1,TIME__CPHL__15T/seed_2057/run_monash_time_unique1000/visualizations/archive_latex.tex
680,0.388288288,0.468400000,\left(\sqrt{\left(\mathrm{Jacov}\right) \cdot \left(\mathrm{JacobFro}\right)}\right)^2 + \mathrm{Jacov} - \mathrm{L2Norm},Jacov Jacob_fro Mul Sqrt Square Jacov Add L2-Norm Sub <EOS>,((square(sqrt((Jacov * Jacob_fro))) + Jacov) - L2-Norm),0.468400000,0.415800000,142,9,6,2188,run_monash_time_unique1000,10,1,TIME__CPHL__15T/seed_2188/run_monash_time_unique1000/visualizations/archive_latex.tex
681,0.387387387,0.468300000,\mathrm{MParams} - \left(\left(\mathrm{ZiCo}\right) \cdot \left(\mathrm{JacobFro}\right)\right) \cdot \left(\mathrm{Jacov}\right),MParams ZiCo Jacob_fro Mul Jacov Mul Sub <EOS>,(MParams - ((ZiCo * Jacob_fro) * Jacov)),0.468300000,0.420100000,27,7,4,2061,run_monash_time_unique1000,5,1,TIME__CPHL__15T/seed_2061/run_monash_time_unique1000/visualizations/archive_latex.tex
682,0.386486486,0.468300000,\frac{\frac{\log\left(\mathrm{L2Norm}\right)}{\mathrm{JacobFro} - \mathrm{ZiCo}}}{\mathrm{Jacov}},L2-Norm Log Jacob_fro ZiCo Sub Div Jacov Div <EOS>,((log(L2-Norm) / (Jacob_fro - ZiCo)) / Jacov),0.468300000,0.420600000,70,8,4,2128,run_monash_time_unique1000,8,1,TIME__CPHL__15T/seed_2128/run_monash_time_unique1000/visualizations/archive_latex.tex
683,0.385585586,0.468300000,\left(\sqrt{\mathrm{Jacov}} - \mathrm{plain}\right) \cdot \left(\mathrm{JacobFro}\right) - \mathrm{Jacov},Jacov Sqrt plain Sub Jacob_fro Mul Jacov Sub <EOS>,(((sqrt(Jacov) - plain) * Jacob_fro) - Jacov),0.468300000,0.433700000,160,8,5,2086,run_monash_time_unique1000,9,1,TIME__CPHL__15T/seed_2086/run_monash_time_unique1000/visualizations/archive_latex.tex
684,0.384684685,0.468200000,\log\left(\left(\sqrt{\mathrm{JacobFro}}\right) \cdot \left(\mathrm{Jacov}\right) - \mathrm{MParams} - \mathrm{Jacov}\right),Jacob_fro Sqrt Jacov Mul MParams Sub Jacov Sub Log <EOS>,log((((sqrt(Jacob_fro) * Jacov) - MParams) - Jacov)),0.468200000,0.436400000,86,9,6,2099,run_monash_time_unique1000,3,1,TIME__CPHL__15T/seed_2099/run_monash_time_unique1000/visualizations/archive_latex.tex
685,0.383783784,0.468200000,\mathrm{Fisher} - \mathrm{L2Norm} + \left(\mathrm{Jacov}\right) \cdot \left(\mathrm{JacobFro}\right),Fisher L2-Norm Jacov Jacob_fro Mul Add Sub <EOS>,(Fisher - (L2-Norm + (Jacov * Jacob_fro))),0.468200000,0.416400000,136,7,4,2155,run_monash_time_unique1000,3,1,TIME__CPHL__15T/seed_2155/run_monash_time_unique1000/visualizations/archive_latex.tex
686,0.382882883,0.468200000,\frac{\log\left(\frac{\left(\mathrm{Snip}\right)^2}{\mathrm{plain}}\right)}{\mathrm{Jacov}},Snip Square plain Div Log Jacov Div <EOS>,(log((square(Snip) / plain)) / Jacov),0.468200000,0.493100000,158,7,5,2129,run_monash_time_unique1000,5,1,TIME__CPHL__15T/seed_2129/run_monash_time_unique1000/visualizations/archive_latex.tex
687,0.381981982,0.468200000,\left(-\mathrm{JacobFro}\right) \cdot \left(\mathrm{Jacov} + \mathrm{MParams}\right),Jacob_fro Negative Jacov MParams Add Mul <EOS>,(-(Jacob_fro) * (Jacov + MParams)),0.468200000,0.415200000,120,6,3,2061,run_monash_time_unique1000,6,1,TIME__CPHL__15T/seed_2061/run_monash_time_unique1000/visualizations/archive_latex.tex
688,0.381081081,0.468200000,\mathrm{Fisher} - \left(\mathrm{JacobFro}\right) \cdot \left(\mathrm{Jacov}\right) + \mathrm{L2Norm},Fisher Jacob_fro Jacov Mul L2-Norm Add Sub <EOS>,(Fisher - ((Jacob_fro * Jacov) + L2-Norm)),0.468200000,0.416400000,176,7,4,2170,run_monash_time_unique1000,6,1,TIME__CPHL__15T/seed_2170/run_monash_time_unique1000/visualizations/archive_latex.tex
689,0.380180180,0.468200000,\mathrm{Fisher} + \left(-\mathrm{JacobFro}\right) \cdot \left(\mathrm{Jacov}\right) - \mathrm{L2Norm},Fisher Jacob_fro Negative Jacov Mul Add L2-Norm Sub <EOS>,((Fisher + (-(Jacob_fro) * Jacov)) - L2-Norm),0.468200000,0.416400000,130,8,5,2061,run_monash_time_unique1000,7,1,TIME__CPHL__15T/seed_2061/run_monash_time_unique1000/visualizations/archive_latex.tex
690,0.379279279,0.468200000,\left(-\mathrm{MParams} - \mathrm{Jacov}\right) \cdot \left(\mathrm{JacobFro}\right),MParams Negative Jacov Sub Jacob_fro Mul <EOS>,((-(MParams) - Jacov) * Jacob_fro),0.468200000,0.415200000,44,6,4,2100,run_monash_time_unique1000,7,1,TIME__CPHL__15T/seed_2100/run_monash_time_unique1000/visualizations/archive_latex.tex
691,0.378378378,0.468200000,\frac{\mathrm{GFLOPs}}{\log\left(\mathrm{GSynFlow}\right)} - \sqrt{\mathrm{L2Norm}} + \mathrm{Jacov},GFLOPs GSynFlow Log Div L2-Norm Sqrt Jacov Add Sub <EOS>,((GFLOPs / log(GSynFlow)) - (sqrt(L2-Norm) + Jacov)),0.468200000,0.483800000,121,9,4,2068,run_monash_time_unique1000,10,1,TIME__CPHL__15T/seed_2068/run_monash_time_unique1000/visualizations/archive_latex.tex
692,0.377477477,0.468200000,\left(-\mathrm{JacobFro}\right) \cdot \left(\mathrm{Jacov}\right) + \mathrm{Fisher} - \mathrm{L2Norm},Jacob_fro Negative Jacov Mul Fisher L2-Norm Sub Add <EOS>,((-(Jacob_fro) * Jacov) + (Fisher - L2-Norm)),0.468200000,0.416400000,7,8,4,2125,run_monash_time_unique1000,10,1,TIME__CPHL__15T/seed_2125/run_monash_time_unique1000/visualizations/archive_latex.tex
693,0.376576577,0.468100000,\frac{\log\left(\left(\mathrm{JacobFro}\right)^2\right)}{\mathrm{Fisher}} - \mathrm{L2Norm} + \mathrm{Jacov},Jacob_fro Square Log Fisher Div L2-Norm Jacov Add Sub <EOS>,((log(square(Jacob_fro)) / Fisher) - (L2-Norm + Jacov)),0.468100000,0.445300000,29,9,5,2192,run_monash_time_unique1000,4,1,TIME__CPHL__15T/seed_2192/run_monash_time_unique1000/visualizations/archive_latex.tex
694,0.375675676,0.468100000,\left(-\mathrm{Jacov}\right) \cdot \left(\mathrm{JacobFro}\right) - \mathrm{Jacov} + \mathrm{L2Norm},Jacov Negative Jacob_fro Mul Jacov L2-Norm Add Sub <EOS>,((-(Jacov) * Jacob_fro) - (Jacov + L2-Norm)),0.468100000,0.413800000,147,8,4,2200,run_monash_time_unique1000,5,1,TIME__CPHL__15T/seed_2200/run_monash_time_unique1000/visualizations/archive_latex.tex
695,0.374774775,0.468100000,\left(\frac{\left(\mathrm{Jacov}\right)^2}{\mathrm{JacobFro} - -\mathrm{L2Norm}}\right) \cdot \left(\mathrm{JacobFro}\right),Jacov Square Jacob_fro L2-Norm Negative Sub Div Jacob_fro Mul <EOS>,((square(Jacov) / (Jacob_fro - -(L2-Norm))) * Jacob_fro),0.468100000,0.475500000,138,9,5,2105,run_monash_time_unique1000,6,1,TIME__CPHL__15T/seed_2105/run_monash_time_unique1000/visualizations/archive_latex.tex
696,0.373873874,0.468100000,-\left(\mathrm{Jacov}\right) \cdot \left(\mathrm{JacobFro}\right) - \mathrm{L2Norm} - \mathrm{Jacov},Jacov Jacob_fro Mul Negative L2-Norm Sub Jacov Sub <EOS>,((-((Jacov * Jacob_fro)) - L2-Norm) - Jacov),0.468100000,0.413800000,100,8,5,2060,run_monash_time_unique1000,8,1,TIME__CPHL__15T/seed_2060/run_monash_time_unique1000/visualizations/archive_latex.tex
697,0.372972973,0.468100000,\left(-\mathrm{JacobFro}\right) \cdot \left(\mathrm{Jacov}\right) - \mathrm{L2Norm} - \mathrm{Jacov},Jacob_fro Negative Jacov Mul L2-Norm Sub Jacov Sub <EOS>,(((-(Jacob_fro) * Jacov) - L2-Norm) - Jacov),0.468100000,0.413800000,189,8,5,2075,run_monash_time_unique1000,8,1,TIME__CPHL__15T/seed_2075/run_monash_time_unique1000/visualizations/archive_latex.tex
698,0.372072072,0.468100000,\left(\mathrm{Jacov}\right) \cdot \left(-\mathrm{JacobFro}\right) - \mathrm{Jacov} + \mathrm{L2Norm},Jacov Jacob_fro Negative Mul Jacov L2-Norm Add Sub <EOS>,((Jacov * -(Jacob_fro)) - (Jacov + L2-Norm)),0.468100000,0.413800000,90,8,4,2093,run_monash_time_unique1000,8,1,TIME__CPHL__15T/seed_2093/run_monash_time_unique1000/visualizations/archive_latex.tex
699,0.371171171,0.468100000,\frac{\log\left(\left(\mathrm{JacobFro}\right)^2\right)}{\mathrm{Fisher}} - \mathrm{L2Norm} - \mathrm{Jacov},Jacob_fro Square Log Fisher Div L2-Norm Sub Jacov Sub <EOS>,(((log(square(Jacob_fro)) / Fisher) - L2-Norm) - Jacov),0.468100000,0.445300000,60,9,6,2119,run_monash_time_unique1000,8,2,TIME__CPHL__15T/seed_2119/run_monash_time_unique1000/visualizations/archive_latex.tex
700,0.370270270,0.468100000,\left(\left(-\mathrm{JacobFro}\right) \cdot \left(\mathrm{ZiCo}\right)\right) \cdot \left(\mathrm{Jacov} + \mathrm{MParams}\right),Jacob_fro Negative ZiCo Mul Jacov MParams Add Mul <EOS>,((-(Jacob_fro) * ZiCo) * (Jacov + MParams)),0.468100000,0.424100000,97,8,4,2135,run_monash_time_unique1000,8,1,TIME__CPHL__15T/seed_2135/run_monash_time_unique1000/visualizations/archive_latex.tex
701,0.369369369,0.468100000,-\left(\mathrm{JacobFro}\right) \cdot \left(\mathrm{Jacov}\right) - \mathrm{L2Norm} - \mathrm{Jacov},Jacob_fro Jacov Mul Negative L2-Norm Sub Jacov Sub <EOS>,((-((Jacob_fro * Jacov)) - L2-Norm) - Jacov),0.468100000,0.413800000,47,8,5,2044,run_monash_time_unique1000,9,1,TIME__CPHL__15T/seed_2044/run_monash_time_unique1000/visualizations/archive_latex.tex
702,0.368468468,0.468100000,\frac{\log\left(\left(\mathrm{JacobFro}\right)^2\right)}{\mathrm{Fisher}} - \mathrm{Jacov} + \mathrm{L2Norm},Jacob_fro Square Log Fisher Div Jacov L2-Norm Add Sub <EOS>,((log(square(Jacob_fro)) / Fisher) - (Jacov + L2-Norm)),0.468100000,0.445300000,125,9,5,2063,run_monash_time_unique1000,9,1,TIME__CPHL__15T/seed_2063/run_monash_time_unique1000/visualizations/archive_latex.tex
703,0.367567568,0.468100000,-\left(\mathrm{Jacov}\right) \cdot \left(\mathrm{JacobFro}\right) - \mathrm{L2Norm} + \mathrm{Jacov},Jacov Jacob_fro Mul Negative L2-Norm Jacov Add Sub <EOS>,(-((Jacov * Jacob_fro)) - (L2-Norm + Jacov)),0.468100000,0.413800000,183,8,4,2135,run_monash_time_unique1000,9,1,TIME__CPHL__15T/seed_2135/run_monash_time_unique1000/visualizations/archive_latex.tex
704,0.366666667,0.468100000,\left(\mathrm{JacobFro}\right) \cdot \left(-\mathrm{Jacov}\right) - \mathrm{Jacov} + \mathrm{L2Norm},Jacob_fro Jacov Negative Mul Jacov L2-Norm Add Sub <EOS>,((Jacob_fro * -(Jacov)) - (Jacov + L2-Norm)),0.468100000,0.413800000,82,8,4,2145,run_monash_time_unique1000,9,2,TIME__CPHL__15T/seed_2145/run_monash_time_unique1000/visualizations/archive_latex.tex
705,0.365765766,0.468100000,\left(\mathrm{Jacov}\right) \cdot \left(-\mathrm{JacobFro}\right) - \mathrm{L2Norm} + \mathrm{Jacov},Jacov Jacob_fro Negative Mul L2-Norm Jacov Add Sub <EOS>,((Jacov * -(Jacob_fro)) - (L2-Norm + Jacov)),0.468100000,0.413800000,123,8,4,2206,run_monash_time_unique1000,9,1,TIME__CPHL__15T/seed_2206/run_monash_time_unique1000/visualizations/archive_latex.tex
706,0.364864865,0.468100000,\left(\mathrm{JacobFro}\right) \cdot \left(-\mathrm{Jacov}\right) - \mathrm{Jacov} - \mathrm{L2Norm},Jacob_fro Jacov Negative Mul Jacov Sub L2-Norm Sub <EOS>,(((Jacob_fro * -(Jacov)) - Jacov) - L2-Norm),0.468100000,0.413800000,181,8,5,2087,run_monash_time_unique1000,10,1,TIME__CPHL__15T/seed_2087/run_monash_time_unique1000/visualizations/archive_latex.tex
707,0.363963964,0.468100000,\frac{\log\left(\left(\mathrm{JacobFro}\right)^2\right)}{\mathrm{Fisher}} - \mathrm{Jacov} - \mathrm{L2Norm},Jacob_fro Square Log Fisher Div Jacov Sub L2-Norm Sub <EOS>,(((log(square(Jacob_fro)) / Fisher) - Jacov) - L2-Norm),0.468100000,0.445300000,178,9,6,2175,run_monash_time_unique1000,10,1,TIME__CPHL__15T/seed_2175/run_monash_time_unique1000/visualizations/archive_latex.tex
708,0.363063063,0.468000000,\frac{\frac{\mathrm{ZiCo} + \mathrm{ZiCo}}{\sqrt{\mathrm{JacobFro}}}}{\mathrm{Jacov}},ZiCo ZiCo Add Jacob_fro Sqrt Div Jacov Div <EOS>,(((ZiCo + ZiCo) / sqrt(Jacob_fro)) / Jacov),0.468000000,0.427600000,4,8,4,2103,run_monash_time_unique1000,5,1,TIME__CPHL__15T/seed_2103/run_monash_time_unique1000/visualizations/archive_latex.tex
709,0.362162162,0.468000000,\frac{\frac{\mathrm{ZiCo}}{\sqrt{\mathrm{JacobFro}}}}{\mathrm{Jacov}},ZiCo Jacob_fro Sqrt Div Jacov Div <EOS>,((ZiCo / sqrt(Jacob_fro)) / Jacov),0.468000000,0.427600000,188,6,4,2048,run_monash_time_unique1000,9,2,TIME__CPHL__15T/seed_2048/run_monash_time_unique1000/visualizations/archive_latex.tex
710,0.361261261,0.468000000,\left(-\mathrm{Fisher} + \mathrm{plain} - \mathrm{Jacov}\right) \cdot \left(\mathrm{JacobFro}\right),Fisher Negative plain Add Jacov Sub Jacob_fro Mul <EOS>,(((-(Fisher) + plain) - Jacov) * Jacob_fro),0.468000000,0.415700000,78,8,5,2075,run_monash_time_unique1000,9,1,TIME__CPHL__15T/seed_2075/run_monash_time_unique1000/visualizations/archive_latex.tex
711,0.360360360,0.468000000,\frac{\sqrt{-\mathrm{JacobFro}}}{\frac{\mathrm{JacobFro}}{\frac{\mathrm{ZiCo}}{\mathrm{Jacov}}}},Jacob_fro Negative Sqrt Jacob_fro ZiCo Jacov Div Div Div <EOS>,(sqrt(-(Jacob_fro)) / (Jacob_fro / (ZiCo / Jacov))),0.468000000,0.427600000,18,9,4,2159,run_monash_time_unique1000,9,1,TIME__CPHL__15T/seed_2159/run_monash_time_unique1000/visualizations/archive_latex.tex
712,0.359459459,0.468000000,\left(\frac{\left(\mathrm{Jacov}\right)^2}{\left(\mathrm{ZiCo}\right)^2}\right) \cdot \left(\mathrm{JacobFro}\right),Jacov Square ZiCo Square Div Jacob_fro Mul <EOS>,((square(Jacov) / square(ZiCo)) * Jacob_fro),0.468000000,0.427600000,23,7,4,2131,run_monash_time_unique1000,10,1,TIME__CPHL__15T/seed_2131/run_monash_time_unique1000/visualizations/archive_latex.tex
713,0.358558559,0.468000000,\sqrt{\mathrm{Jacov}} + \frac{\mathrm{GFLOPs}}{\mathrm{GSynFlow} - \mathrm{MParams}},Jacov Sqrt GFLOPs GSynFlow MParams Sub Div Add <EOS>,(sqrt(Jacov) + (GFLOPs / (GSynFlow - MParams))),0.468000000,0.433300000,72,8,4,2159,run_monash_time_unique1000,10,1,TIME__CPHL__15T/seed_2159/run_monash_time_unique1000/visualizations/archive_latex.tex
714,0.357657658,0.467900000,\left(-\mathrm{ZiCo}\right) \cdot \left(\left(\mathrm{JacobFro}\right) \cdot \left(\mathrm{Jacov}\right)\right) - \mathrm{Jacov},ZiCo Negative Jacob_fro Jacov Mul Mul Jacov Sub <EOS>,((-(ZiCo) * (Jacob_fro * Jacov)) - Jacov),0.467900000,0.430000000,146,8,4,2070,run_monash_time_unique1000,5,1,TIME__CPHL__15T/seed_2070/run_monash_time_unique1000/visualizations/archive_latex.tex
715,0.356756757,0.467800000,\frac{\log\left(\mathrm{GraSP}\right)}{\log\left(\mathrm{GSynFlow}\right)} - \mathrm{Jacov},GraSP Log GSynFlow Log Div Jacov Sub <EOS>,((log(GraSP) / log(GSynFlow)) - Jacov),0.467800000,0.485300000,150,7,4,2085,run_monash_time_unique1000,5,4,TIME__CPHL__15T/seed_2085/run_monash_time_unique1000/visualizations/archive_latex.tex
716,0.355855856,0.467800000,\frac{-\mathrm{plain} + \log\left(\mathrm{Snip}\right)}{\mathrm{Jacov}},plain Negative Snip Log Add Jacov Div <EOS>,((-(plain) + log(Snip)) / Jacov),0.467800000,0.479100000,27,7,4,2129,run_monash_time_unique1000,6,1,TIME__CPHL__15T/seed_2129/run_monash_time_unique1000/visualizations/archive_latex.tex
717,0.354954955,0.467800000,-\mathrm{L2Norm} + \left(\mathrm{JacobFro}\right) \cdot \left(\mathrm{Jacov}\right) - \mathrm{plain},L2-Norm Jacob_fro Jacov Mul plain Sub Add Negative <EOS>,-((L2-Norm + ((Jacob_fro * Jacov) - plain))),0.467800000,0.416400000,15,8,5,2105,run_monash_time_unique1000,7,1,TIME__CPHL__15T/seed_2105/run_monash_time_unique1000/visualizations/archive_latex.tex
718,0.354054054,0.467800000,\log\left(\sqrt{\mathrm{GraSP}}\right) - \mathrm{L2Norm} - \left(\mathrm{JacobFro}\right) \cdot \left(\mathrm{Jacov}\right),GraSP Sqrt Log L2-Norm Sub Jacob_fro Jacov Mul Sub <EOS>,((log(sqrt(GraSP)) - L2-Norm) - (Jacob_fro * Jacov)),0.467800000,0.416200000,18,9,5,2100,run_monash_time_unique1000,8,1,TIME__CPHL__15T/seed_2100/run_monash_time_unique1000/visualizations/archive_latex.tex
719,0.353153153,0.467800000,\log\left(\mathrm{Fisher}\right) + \left(-\mathrm{JacobFro}\right) \cdot \left(\mathrm{Jacov}\right) - \mathrm{L2Norm},Fisher Log Jacob_fro Negative Jacov Mul L2-Norm Sub Add <EOS>,(log(Fisher) + ((-(Jacob_fro) * Jacov) - L2-Norm)),0.467800000,0.416200000,28,9,5,2065,run_monash_time_unique1000,9,1,TIME__CPHL__15T/seed_2065/run_monash_time_unique1000/visualizations/archive_latex.tex
720,0.352252252,0.467800000,\log\left(-\mathrm{GradNorm}\right) - \mathrm{L2Norm} + \left(\mathrm{Jacov}\right) \cdot \left(\mathrm{JacobFro}\right),Grad_Norm Negative Log L2-Norm Jacov Jacob_fro Mul Add Sub <EOS>,(log(-(Grad_Norm)) - (L2-Norm + (Jacov * Jacob_fro))),0.467800000,0.416200000,119,9,4,2093,run_monash_time_unique1000,9,1,TIME__CPHL__15T/seed_2093/run_monash_time_unique1000/visualizations/archive_latex.tex
721,0.351351351,0.467700000,\left(\mathrm{JacobFro}\right) \cdot \left(\sqrt{\mathrm{Jacov}}\right) - \mathrm{Jacov} - \mathrm{L2Norm},Jacob_fro Jacov Sqrt Mul Jacov Sub L2-Norm Sub <EOS>,(((Jacob_fro * sqrt(Jacov)) - Jacov) - L2-Norm),0.467700000,0.426900000,133,8,5,2092,run_monash_time_unique1000,4,2,TIME__CPHL__15T/seed_2092/run_monash_time_unique1000/visualizations/archive_latex.tex
722,0.350450450,0.467700000,\left(\mathrm{JacobFro}\right) \cdot \left(\sqrt{\mathrm{Jacov}}\right) - \mathrm{Jacov} + \mathrm{L2Norm},Jacob_fro Jacov Sqrt Mul Jacov L2-Norm Add Sub <EOS>,((Jacob_fro * sqrt(Jacov)) - (Jacov + L2-Norm)),0.467700000,0.426900000,63,8,4,2113,run_monash_time_unique1000,4,1,TIME__CPHL__15T/seed_2113/run_monash_time_unique1000/visualizations/archive_latex.tex
723,0.349549550,0.467700000,\left(\mathrm{JacobFro}\right) \cdot \left(\sqrt{\mathrm{Jacov}}\right) - \mathrm{L2Norm} - \mathrm{Jacov},Jacob_fro Jacov Sqrt Mul L2-Norm Sub Jacov Sub <EOS>,(((Jacob_fro * sqrt(Jacov)) - L2-Norm) - Jacov),0.467700000,0.426900000,102,8,5,2189,run_monash_time_unique1000,4,2,TIME__CPHL__15T/seed_2189/run_monash_time_unique1000/visualizations/archive_latex.tex
724,0.348648649,0.467700000,\mathrm{GFLOPs} - \left(\mathrm{JacobFro}\right) \cdot \left(\mathrm{Jacov}\right) - \mathrm{L2Norm},GFLOPs Jacob_fro Jacov Mul Sub L2-Norm Sub <EOS>,((GFLOPs - (Jacob_fro * Jacov)) - L2-Norm),0.467700000,0.416200000,33,7,4,2071,run_monash_time_unique1000,5,1,TIME__CPHL__15T/seed_2071/run_monash_time_unique1000/visualizations/archive_latex.tex
725,0.347747748,0.467700000,\left(\sqrt{\mathrm{Jacov}}\right) \cdot \left(\mathrm{JacobFro}\right) - \mathrm{Jacov} + \mathrm{L2Norm},Jacov Sqrt Jacob_fro Mul Jacov L2-Norm Add Sub <EOS>,((sqrt(Jacov) * Jacob_fro) - (Jacov + L2-Norm)),0.467700000,0.426900000,132,8,4,2134,run_monash_time_unique1000,6,2,TIME__CPHL__15T/seed_2134/run_monash_time_unique1000/visualizations/archive_latex.tex
726,0.346846847,0.467700000,\left(\sqrt{\mathrm{Jacov}}\right) \cdot \left(\mathrm{JacobFro}\right) - \mathrm{L2Norm} + \mathrm{Jacov},Jacov Sqrt Jacob_fro Mul L2-Norm Jacov Add Sub <EOS>,((sqrt(Jacov) * Jacob_fro) - (L2-Norm + Jacov)),0.467700000,0.426900000,143,8,4,2200,run_monash_time_unique1000,6,3,TIME__CPHL__15T/seed_2200/run_monash_time_unique1000/visualizations/archive_latex.tex
727,0.345945946,0.467700000,\left(\sqrt{\mathrm{Jacov}}\right) \cdot \left(\mathrm{JacobFro}\right) - \mathrm{Jacov} - \mathrm{L2Norm},Jacov Sqrt Jacob_fro Mul Jacov Sub L2-Norm Sub <EOS>,(((sqrt(Jacov) * Jacob_fro) - Jacov) - L2-Norm),0.467700000,0.426900000,139,8,5,2061,run_monash_time_unique1000,8,1,TIME__CPHL__15T/seed_2061/run_monash_time_unique1000/visualizations/archive_latex.tex
728,0.345045045,0.467700000,\left(\mathrm{JacobFro}\right) \cdot \left(\sqrt{\mathrm{Jacov}}\right) - \mathrm{L2Norm} + \mathrm{Jacov},Jacob_fro Jacov Sqrt Mul L2-Norm Jacov Add Sub <EOS>,((Jacob_fro * sqrt(Jacov)) - (L2-Norm + Jacov)),0.467700000,0.426900000,195,8,4,2128,run_monash_time_unique1000,10,1,TIME__CPHL__15T/seed_2128/run_monash_time_unique1000/visualizations/archive_latex.tex
729,0.344144144,0.467600000,\left(\mathrm{GradNorm}\right) \cdot \left(\log\left(\log\left(\mathrm{MParams}\right)\right)\right) - \mathrm{Jacov} - \mathrm{L2Norm},Grad_Norm MParams Log Log Mul Jacov Sub L2-Norm Sub <EOS>,(((Grad_Norm * log(log(MParams))) - Jacov) - L2-Norm),0.467600000,0.510200000,102,9,6,2209,run_monash_time_unique1000,2,1,TIME__CPHL__15T/seed_2209/run_monash_time_unique1000/visualizations/archive_latex.tex
730,0.343243243,0.467600000,\left(\log\left(\log\left(\mathrm{MParams}\right)\right)\right) \cdot \left(\mathrm{GradNorm}\right) - \mathrm{L2Norm} - \mathrm{Jacov},MParams Log Log Grad_Norm Mul L2-Norm Sub Jacov Sub <EOS>,(((log(log(MParams)) * Grad_Norm) - L2-Norm) - Jacov),0.467600000,0.510200000,139,9,6,2126,run_monash_time_unique1000,3,1,TIME__CPHL__15T/seed_2126/run_monash_time_unique1000/visualizations/archive_latex.tex
731,0.342342342,0.467600000,\frac{\left(\mathrm{JacobFro}\right)^2}{\mathrm{GradNorm}} - \mathrm{Jacov},Jacob_fro Square Grad_Norm Div Jacov Sub <EOS>,((square(Jacob_fro) / Grad_Norm) - Jacov),0.467600000,0.457100000,124,6,4,2032,run_monash_time_unique1000,4,12,TIME__CPHL__15T/seed_2032/run_monash_time_unique1000/visualizations/archive_latex.tex
732,0.341441441,0.467600000,\left(\left(\sqrt{\mathrm{JacobFro}}\right) \cdot \left(\mathrm{Jacov}\right) + \mathrm{Jacov}\right)^2,Jacob_fro Sqrt Jacov Mul Jacov Add Square <EOS>,square(((sqrt(Jacob_fro) * Jacov) + Jacov)),0.467600000,0.452000000,135,7,5,2155,run_monash_time_unique1000,4,1,TIME__CPHL__15T/seed_2155/run_monash_time_unique1000/visualizations/archive_latex.tex
733,0.340540541,0.467600000,\left(\log\left(\log\left(\mathrm{MParams}\right)\right)\right) \cdot \left(\mathrm{GradNorm}\right) - \mathrm{L2Norm} + \mathrm{Jacov},MParams Log Log Grad_Norm Mul L2-Norm Jacov Add Sub <EOS>,((log(log(MParams)) * Grad_Norm) - (L2-Norm + Jacov)),0.467600000,0.510200000,116,9,5,2199,run_monash_time_unique1000,5,1,TIME__CPHL__15T/seed_2199/run_monash_time_unique1000/visualizations/archive_latex.tex
734,0.339639640,0.467600000,\sqrt{\left(\left(\mathrm{Jacov}\right)^2\right) \cdot \left(\mathrm{JacobFro}\right)} - \mathrm{Jacov},Jacov Square Jacob_fro Mul Sqrt Jacov Sub <EOS>,(sqrt((square(Jacov) * Jacob_fro)) - Jacov),0.467600000,0.452000000,104,7,5,2033,run_monash_time_unique1000,6,2,TIME__CPHL__15T/seed_2033/run_monash_time_unique1000/visualizations/archive_latex.tex
735,0.338738739,0.467600000,\frac{\left(\mathrm{JacobFro}\right)^2 + \mathrm{Fisher}}{\mathrm{GradNorm}} - \mathrm{Jacov},Jacob_fro Square Fisher Add Grad_Norm Div Jacov Sub <EOS>,(((square(Jacob_fro) + Fisher) / Grad_Norm) - Jacov),0.467600000,0.455800000,163,8,5,2140,run_monash_time_unique1000,6,1,TIME__CPHL__15T/seed_2140/run_monash_time_unique1000/visualizations/archive_latex.tex
736,0.337837838,0.467600000,\log\left(\mathrm{Jacov} + \left(\sqrt{\mathrm{JacobFro}}\right) \cdot \left(\mathrm{Jacov}\right)\right),Jacov Jacob_fro Sqrt Jacov Mul Add Log <EOS>,log((Jacov + (sqrt(Jacob_fro) * Jacov))),0.467600000,0.452000000,165,7,5,2105,run_monash_time_unique1000,8,1,TIME__CPHL__15T/seed_2105/run_monash_time_unique1000/visualizations/archive_latex.tex
737,0.336936937,0.467600000,\left(\mathrm{Jacov} + \left(\sqrt{\mathrm{JacobFro}}\right) \cdot \left(\mathrm{Jacov}\right)\right)^2,Jacov Jacob_fro Sqrt Jacov Mul Add Square <EOS>,square((Jacov + (sqrt(Jacob_fro) * Jacov))),0.467600000,0.452000000,152,7,5,2139,run_monash_time_unique1000,8,1,TIME__CPHL__15T/seed_2139/run_monash_time_unique1000/visualizations/archive_latex.tex
738,0.336036036,0.467600000,\left(\mathrm{GradNorm}\right) \cdot \left(\log\left(\log\left(\mathrm{MParams}\right)\right)\right) - \mathrm{L2Norm} - \mathrm{Jacov},Grad_Norm MParams Log Log Mul L2-Norm Sub Jacov Sub <EOS>,(((Grad_Norm * log(log(MParams))) - L2-Norm) - Jacov),0.467600000,0.510200000,78,9,6,2046,run_monash_time_unique1000,9,1,TIME__CPHL__15T/seed_2046/run_monash_time_unique1000/visualizations/archive_latex.tex
739,0.335135135,0.467500000,\mathrm{Jacov} - \left(\sqrt{\mathrm{JacobFro}}\right) \cdot \left(\mathrm{Jacov}\right),Jacov Jacob_fro Sqrt Jacov Mul Sub <EOS>,(Jacov - (sqrt(Jacob_fro) * Jacov)),0.467500000,0.438500000,155,6,4,2083,run_monash_time_unique1000,2,1,TIME__CPHL__15T/seed_2083/run_monash_time_unique1000/visualizations/archive_latex.tex
740,0.334234234,0.467500000,\left(\mathrm{ZiCo}\right) \cdot \left(\left(-\mathrm{Jacov}\right) \cdot \left(\mathrm{JacobFro}\right)\right),ZiCo Jacov Negative Jacob_fro Mul Mul <EOS>,(ZiCo * (-(Jacov) * Jacob_fro)),0.467500000,0.420100000,11,6,4,2225,run_monash_time_unique1000,3,1,TIME__CPHL__15T/seed_2225/run_monash_time_unique1000/visualizations/archive_latex.tex
741,0.333333333,0.467500000,\left(-\mathrm{JacobFro}\right) \cdot \left(\left(\mathrm{Jacov}\right) \cdot \left(\mathrm{ZiCo}\right)\right),Jacob_fro Negative Jacov ZiCo Mul Mul <EOS>,(-(Jacob_fro) * (Jacov * ZiCo)),0.467500000,0.420100000,28,6,3,2178,run_monash_time_unique1000,5,1,TIME__CPHL__15T/seed_2178/run_monash_time_unique1000/visualizations/archive_latex.tex
742,0.332432432,0.467500000,\sqrt{\left(\mathrm{Jacov}\right) \cdot \left(\left(\mathrm{ZiCo}\right) \cdot \left(\mathrm{JacobFro}\right)\right)},Jacov ZiCo Jacob_fro Mul Mul Sqrt <EOS>,sqrt((Jacov * (ZiCo * Jacob_fro))),0.467500000,0.420100000,131,6,4,2033,run_monash_time_unique1000,7,1,TIME__CPHL__15T/seed_2033/run_monash_time_unique1000/visualizations/archive_latex.tex
743,0.331531532,0.467500000,\left(\left(\mathrm{ZiCo}\right)^2\right) \cdot \left(\left(\left(-\mathrm{Jacov}\right) \cdot \left(\mathrm{JacobFro}\right)\right)^2\right),ZiCo Square Jacov Negative Jacob_fro Mul Square Mul <EOS>,(square(ZiCo) * square((-(Jacov) * Jacob_fro))),0.467500000,0.420100000,145,8,5,2056,run_monash_time_unique1000,7,1,TIME__CPHL__15T/seed_2056/run_monash_time_unique1000/visualizations/archive_latex.tex
744,0.330630631,0.467500000,\left(-\mathrm{Jacov}\right) \cdot \left(\left(\mathrm{ZiCo}\right) \cdot \left(\mathrm{JacobFro}\right)\right),Jacov Negative ZiCo Jacob_fro Mul Mul <EOS>,(-(Jacov) * (ZiCo * Jacob_fro)),0.467500000,0.420100000,141,6,3,2182,run_monash_time_unique1000,8,1,TIME__CPHL__15T/seed_2182/run_monash_time_unique1000/visualizations/archive_latex.tex
745,0.329729730,0.467500000,-\left(\sqrt{\mathrm{JacobFro}}\right) \cdot \left(\mathrm{Jacov}\right) - \mathrm{Jacov},Jacob_fro Sqrt Jacov Mul Jacov Sub Negative <EOS>,-(((sqrt(Jacob_fro) * Jacov) - Jacov)),0.467500000,0.438500000,182,7,5,2136,run_monash_time_unique1000,9,1,TIME__CPHL__15T/seed_2136/run_monash_time_unique1000/visualizations/archive_latex.tex
746,0.328828829,0.467500000,\left(-\mathrm{ZiCo}\right) \cdot \left(\left(\mathrm{JacobFro}\right) \cdot \left(\mathrm{Jacov}\right)\right),ZiCo Negative Jacob_fro Jacov Mul Mul <EOS>,(-(ZiCo) * (Jacob_fro * Jacov)),0.467500000,0.420100000,92,6,3,2224,run_monash_time_unique1000,9,1,TIME__CPHL__15T/seed_2224/run_monash_time_unique1000/visualizations/archive_latex.tex
747,0.327927928,0.467500000,\mathrm{GFLOPs} - \left(\mathrm{JacobFro}\right) \cdot \left(\mathrm{Jacov} + \mathrm{GFLOPs}\right),GFLOPs Jacob_fro Jacov GFLOPs Add Mul Sub <EOS>,(GFLOPs - (Jacob_fro * (Jacov + GFLOPs))),0.467500000,0.422900000,149,7,4,2075,run_monash_time_unique1000,10,1,TIME__CPHL__15T/seed_2075/run_monash_time_unique1000/visualizations/archive_latex.tex
748,0.327027027,0.467500000,\frac{\sqrt{\mathrm{GFLOPs}}}{\mathrm{MParams} - \sqrt{\mathrm{GSynFlow}}} - \mathrm{Jacov},GFLOPs Sqrt MParams GSynFlow Sqrt Sub Div Jacov Sub <EOS>,((sqrt(GFLOPs) / (MParams - sqrt(GSynFlow))) - Jacov),0.467500000,0.519600000,187,9,5,2086,run_monash_time_unique1000,10,1,TIME__CPHL__15T/seed_2086/run_monash_time_unique1000/visualizations/archive_latex.tex
749,0.326126126,0.467500000,\left(\sqrt{\mathrm{JacobFro}}\right) \cdot \left(\sqrt{\left(\mathrm{ZiCo}\right) \cdot \left(\mathrm{Jacov}\right)}\right),Jacob_fro Sqrt ZiCo Jacov Mul Sqrt Mul <EOS>,(sqrt(Jacob_fro) * sqrt((ZiCo * Jacov))),0.467500000,0.420100000,187,7,4,2111,run_monash_time_unique1000,10,1,TIME__CPHL__15T/seed_2111/run_monash_time_unique1000/visualizations/archive_latex.tex
750,0.325225225,0.467400000,\frac{\log\left(\mathrm{L2Norm}\right)}{\log\left(\mathrm{GSynFlow}\right)} - \mathrm{Jacov} - \mathrm{L2Norm},L2-Norm Log GSynFlow Log Div Jacov Sub L2-Norm Sub <EOS>,(((log(L2-Norm) / log(GSynFlow)) - Jacov) - L2-Norm),0.467400000,0.510000000,141,9,5,2179,run_monash_time_unique1000,4,5,TIME__CPHL__15T/seed_2179/run_monash_time_unique1000/visualizations/archive_latex.tex
751,0.324324324,0.467400000,\left(-\mathrm{JacobFro}\right) \cdot \left(\mathrm{Jacov}\right) - \frac{\mathrm{Snip}}{\log\left(\mathrm{JacobFro}\right)},Jacob_fro Negative Jacov Mul Snip Jacob_fro Log Div Sub <EOS>,((-(Jacob_fro) * Jacov) - (Snip / log(Jacob_fro))),0.467400000,0.416800000,200,9,4,2042,run_monash_time_unique1000,5,1,TIME__CPHL__15T/seed_2042/run_monash_time_unique1000/visualizations/archive_latex.tex
752,0.323423423,0.467400000,\frac{\log\left(\mathrm{L2Norm}\right)}{\log\left(\mathrm{GSynFlow}\right)} - \mathrm{L2Norm} - \mathrm{Jacov},L2-Norm Log GSynFlow Log Div L2-Norm Sub Jacov Sub <EOS>,(((log(L2-Norm) / log(GSynFlow)) - L2-Norm) - Jacov),0.467400000,0.510000000,174,9,5,2189,run_monash_time_unique1000,5,5,TIME__CPHL__15T/seed_2189/run_monash_time_unique1000/visualizations/archive_latex.tex
753,0.322522523,0.467400000,\left(\sqrt{\log\left(\mathrm{JacobFro}\right)}\right) \cdot \left(\log\left(\mathrm{Jacov}\right)\right) - \mathrm{ZiCo},Jacob_fro Log Sqrt Jacov Log Mul ZiCo Sub <EOS>,((sqrt(log(Jacob_fro)) * log(Jacov)) - ZiCo),0.467400000,0.433100000,42,8,5,2098,run_monash_time_unique1000,6,1,TIME__CPHL__15T/seed_2098/run_monash_time_unique1000/visualizations/archive_latex.tex
754,0.321621622,0.467400000,\frac{\log\left(\mathrm{L2Norm}\right)}{\log\left(\mathrm{GSynFlow}\right)} - \mathrm{Jacov} + \mathrm{L2Norm},L2-Norm Log GSynFlow Log Div Jacov L2-Norm Add Sub <EOS>,((log(L2-Norm) / log(GSynFlow)) - (Jacov + L2-Norm)),0.467400000,0.510000000,190,9,4,2101,run_monash_time_unique1000,6,4,TIME__CPHL__15T/seed_2101/run_monash_time_unique1000/visualizations/archive_latex.tex
755,0.320720721,0.467400000,\frac{\log\left(\mathrm{L2Norm}\right)}{\log\left(\mathrm{GSynFlow}\right)} - \mathrm{L2Norm} + \mathrm{Jacov},L2-Norm Log GSynFlow Log Div L2-Norm Jacov Add Sub <EOS>,((log(L2-Norm) / log(GSynFlow)) - (L2-Norm + Jacov)),0.467400000,0.510000000,106,9,4,2167,run_monash_time_unique1000,6,2,TIME__CPHL__15T/seed_2167/run_monash_time_unique1000/visualizations/archive_latex.tex
756,0.319819820,0.467400000,\left(\mathrm{Fisher} - \mathrm{JacobFro}\right) \cdot \left(\mathrm{Jacov} + \mathrm{L2Norm}\right),Fisher Jacob_fro Sub Jacov L2-Norm Add Mul <EOS>,((Fisher - Jacob_fro) * (Jacov + L2-Norm)),0.467400000,0.474900000,183,7,3,2061,run_monash_time_unique1000,9,1,TIME__CPHL__15T/seed_2061/run_monash_time_unique1000/visualizations/archive_latex.tex
757,0.318918919,0.467300000,\frac{\sqrt{\mathrm{GradNorm}}}{\left(\mathrm{ZiCo}\right) \cdot \left(\left(\mathrm{Jacov}\right) \cdot \left(\mathrm{JacobFro}\right)\right)},Grad_Norm Sqrt ZiCo Jacov Jacob_fro Mul Mul Div <EOS>,(sqrt(Grad_Norm) / (ZiCo * (Jacov * Jacob_fro))),0.467300000,0.421400000,186,8,4,2152,run_monash_time_unique1000,3,1,TIME__CPHL__15T/seed_2152/run_monash_time_unique1000/visualizations/archive_latex.tex
758,0.318018018,0.467300000,-\left(\sqrt{-\mathrm{JacobFro}} + \mathrm{Jacov}\right) \cdot \left(\mathrm{JacobFro}\right),Jacob_fro Negative Sqrt Jacov Add Jacob_fro Mul Negative <EOS>,-(((sqrt(-(Jacob_fro)) + Jacov) * Jacob_fro)),0.467300000,0.415000000,199,8,6,2155,run_monash_time_unique1000,5,1,TIME__CPHL__15T/seed_2155/run_monash_time_unique1000/visualizations/archive_latex.tex
759,0.317117117,0.467300000,\log\left(\mathrm{Fisher}\right) - \left(\mathrm{JacobFro}\right) \cdot \left(\mathrm{plain} + \mathrm{Jacov}\right),Fisher Log Jacob_fro plain Jacov Add Mul Sub <EOS>,(log(Fisher) - (Jacob_fro * (plain + Jacov))),0.467300000,0.414300000,197,8,4,2221,run_monash_time_unique1000,5,1,TIME__CPHL__15T/seed_2221/run_monash_time_unique1000/visualizations/archive_latex.tex
760,0.316216216,0.467300000,\sqrt{\mathrm{Jacov}} + \log\left(\log\left(\mathrm{MParams}\right)\right),Jacov Sqrt MParams Log Log Add <EOS>,(sqrt(Jacov) + log(log(MParams))),0.467300000,0.436900000,90,6,4,2095,run_monash_time_unique1000,7,2,TIME__CPHL__15T/seed_2095/run_monash_time_unique1000/visualizations/archive_latex.tex
761,0.315315315,0.467200000,\frac{-\sqrt{\mathrm{GradNorm}}}{\mathrm{plain} - \mathrm{GSynFlow}} - \mathrm{Jacov},Grad_Norm Sqrt Negative plain GSynFlow Sub Div Jacov Sub <EOS>,((-(sqrt(Grad_Norm)) / (plain - GSynFlow)) - Jacov),0.467200000,0.479800000,111,9,5,2076,run_monash_time_unique1000,5,5,TIME__CPHL__15T/seed_2076/run_monash_time_unique1000/visualizations/archive_latex.tex
762,0.314414414,0.467200000,\frac{\sqrt{\mathrm{GradNorm}}}{-\mathrm{plain} - \mathrm{GSynFlow}} - \mathrm{Jacov},Grad_Norm Sqrt plain GSynFlow Sub Negative Div Jacov Sub <EOS>,((sqrt(Grad_Norm) / -((plain - GSynFlow))) - Jacov),0.467200000,0.479800000,113,9,5,2085,run_monash_time_unique1000,6,2,TIME__CPHL__15T/seed_2085/run_monash_time_unique1000/visualizations/archive_latex.tex
763,0.313513514,0.467100000,\frac{\sqrt{\mathrm{JacobFro}}}{\log\left(\mathrm{GSynFlow}\right)} - \mathrm{Jacov} + \mathrm{L2Norm},Jacob_fro Sqrt GSynFlow Log Div Jacov L2-Norm Add Sub <EOS>,((sqrt(Jacob_fro) / log(GSynFlow)) - (Jacov + L2-Norm)),0.467100000,0.510600000,148,9,4,2080,run_monash_time_unique1000,4,2,TIME__CPHL__15T/seed_2080/run_monash_time_unique1000/visualizations/archive_latex.tex
764,0.312612613,0.467100000,\frac{\sqrt{\mathrm{JacobFro}}}{\log\left(\mathrm{GSynFlow}\right)} - \mathrm{L2Norm} + \mathrm{Jacov},Jacob_fro Sqrt GSynFlow Log Div L2-Norm Jacov Add Sub <EOS>,((sqrt(Jacob_fro) / log(GSynFlow)) - (L2-Norm + Jacov)),0.467100000,0.510600000,145,9,4,2123,run_monash_time_unique1000,7,1,TIME__CPHL__15T/seed_2123/run_monash_time_unique1000/visualizations/archive_latex.tex
765,0.311711712,0.467000000,\left(-\sqrt{\left(\mathrm{ZiCo}\right) \cdot \left(\mathrm{JacobFro}\right)}\right) \cdot \left(\mathrm{Jacov}\right),ZiCo Jacob_fro Mul Sqrt Negative Jacov Mul <EOS>,(-(sqrt((ZiCo * Jacob_fro))) * Jacov),0.467000000,0.447800000,61,7,5,2225,run_monash_time_unique1000,4,1,TIME__CPHL__15T/seed_2225/run_monash_time_unique1000/visualizations/archive_latex.tex
766,0.310810811,0.467000000,\left(\left(\left(\mathrm{Jacov}\right) \cdot \left(\mathrm{ZiCo}\right)\right) \cdot \left(\mathrm{Jacov}\right)\right) \cdot \left(\mathrm{JacobFro}\right),Jacov ZiCo Mul Jacov Mul Jacob_fro Mul <EOS>,(((Jacov * ZiCo) * Jacov) * Jacob_fro),0.467000000,0.447800000,72,7,4,2156,run_monash_time_unique1000,5,1,TIME__CPHL__15T/seed_2156/run_monash_time_unique1000/visualizations/archive_latex.tex
767,0.309909910,0.467000000,\left(\mathrm{ZiCo}\right) \cdot \left(\left(\mathrm{JacobFro}\right) \cdot \left(\left(\mathrm{Jacov}\right)^2\right)\right),ZiCo Jacob_fro Jacov Square Mul Mul <EOS>,(ZiCo * (Jacob_fro * square(Jacov))),0.467000000,0.447800000,58,6,4,2134,run_monash_time_unique1000,7,1,TIME__CPHL__15T/seed_2134/run_monash_time_unique1000/visualizations/archive_latex.tex
768,0.309009009,0.467000000,\left(\left(\log\left(\mathrm{Snip}\right) + \mathrm{JacobFro}\right) \cdot \left(-\mathrm{ZiCo}\right)\right) \cdot \left(\mathrm{Jacov}\right),Snip Log Jacob_fro Add ZiCo Negative Mul Jacov Mul <EOS>,(((log(Snip) + Jacob_fro) * -(ZiCo)) * Jacov),0.467000000,0.422600000,34,9,5,2167,run_monash_time_unique1000,7,1,TIME__CPHL__15T/seed_2167/run_monash_time_unique1000/visualizations/archive_latex.tex
769,0.308108108,0.467000000,\left(\left(\mathrm{ZiCo}\right) \cdot \left(\mathrm{JacobFro}\right)\right) \cdot \left(\left(\mathrm{Jacov}\right)^2\right),ZiCo Jacob_fro Mul Jacov Square Mul <EOS>,((ZiCo * Jacob_fro) * square(Jacov)),0.467000000,0.447800000,72,6,3,2058,run_monash_time_unique1000,8,1,TIME__CPHL__15T/seed_2058/run_monash_time_unique1000/visualizations/archive_latex.tex
770,0.307207207,0.467000000,\left(\sqrt{\left(\mathrm{ZiCo}\right) \cdot \left(\mathrm{JacobFro}\right)}\right) \cdot \left(-\mathrm{Jacov}\right),ZiCo Jacob_fro Mul Sqrt Jacov Negative Mul <EOS>,(sqrt((ZiCo * Jacob_fro)) * -(Jacov)),0.467000000,0.447800000,63,7,4,2157,run_monash_time_unique1000,8,1,TIME__CPHL__15T/seed_2157/run_monash_time_unique1000/visualizations/archive_latex.tex
771,0.306306306,0.467000000,\left(\mathrm{ZiCo}\right) \cdot \left(\left(\left(\sqrt{\mathrm{JacobFro}}\right) \cdot \left(\mathrm{Jacov}\right)\right)^2\right),ZiCo Jacob_fro Sqrt Jacov Mul Square Mul <EOS>,(ZiCo * square((sqrt(Jacob_fro) * Jacov))),0.467000000,0.447800000,133,7,5,2139,run_monash_time_unique1000,9,1,TIME__CPHL__15T/seed_2139/run_monash_time_unique1000/visualizations/archive_latex.tex
772,0.305405405,0.467000000,\left(\left(\left(\mathrm{Jacov}\right)^2\right) \cdot \left(\mathrm{JacobFro}\right)\right) \cdot \left(\mathrm{ZiCo}\right),Jacov Square Jacob_fro Mul ZiCo Mul <EOS>,((square(Jacov) * Jacob_fro) * ZiCo),0.467000000,0.447800000,46,6,4,2169,run_monash_time_unique1000,10,1,TIME__CPHL__15T/seed_2169/run_monash_time_unique1000/visualizations/archive_latex.tex
773,0.304504505,0.466900000,\mathrm{L2Norm} - \left(\mathrm{JacobFro} - \mathrm{MParams}\right) \cdot \left(\mathrm{Jacov}\right),L2-Norm Jacob_fro MParams Sub Jacov Mul Sub <EOS>,(L2-Norm - ((Jacob_fro - MParams) * Jacov)),0.466900000,0.418200000,114,7,4,2049,run_monash_time_unique1000,3,1,TIME__CPHL__15T/seed_2049/run_monash_time_unique1000/visualizations/archive_latex.tex
774,0.303603604,0.466900000,\left(\left(\mathrm{JacobFro}\right) \cdot \left(\mathrm{Fisher} + \mathrm{Jacov}\right)\right)^2 - \mathrm{L2Norm},Jacob_fro Fisher Jacov Add Mul Square L2-Norm Sub <EOS>,(square((Jacob_fro * (Fisher + Jacov))) - L2-Norm),0.466900000,0.417900000,43,8,5,2042,run_monash_time_unique1000,6,1,TIME__CPHL__15T/seed_2042/run_monash_time_unique1000/visualizations/archive_latex.tex
775,0.302702703,0.466900000,\left(-\mathrm{JacobFro}\right) \cdot \left(\mathrm{Jacov} + \mathrm{Fisher}\right),Jacob_fro Negative Jacov Fisher Add Mul <EOS>,(-(Jacob_fro) * (Jacov + Fisher)),0.466900000,0.417900000,7,6,3,2170,run_monash_time_unique1000,7,2,TIME__CPHL__15T/seed_2170/run_monash_time_unique1000/visualizations/archive_latex.tex
776,0.301801802,0.466900000,\frac{\sqrt{\mathrm{GradNorm}}}{\log\left(\frac{\mathrm{GSynFlow}}{\mathrm{MParams}}\right)} - \mathrm{Jacov},Grad_Norm Sqrt GSynFlow MParams Div Log Div Jacov Sub <EOS>,((sqrt(Grad_Norm) / log((GSynFlow / MParams))) - Jacov),0.466900000,0.448600000,127,9,5,2050,run_monash_time_unique1000,9,1,TIME__CPHL__15T/seed_2050/run_monash_time_unique1000/visualizations/archive_latex.tex
777,0.300900901,0.466900000,\left(-\mathrm{plain} - \mathrm{Jacov}\right) \cdot \left(\mathrm{JacobFro}\right),plain Negative Jacov Sub Jacob_fro Mul <EOS>,((-(plain) - Jacov) * Jacob_fro),0.466900000,0.414300000,53,6,4,2048,run_monash_time_unique1000,10,1,TIME__CPHL__15T/seed_2048/run_monash_time_unique1000/visualizations/archive_latex.tex
778,0.300000000,0.466900000,\left(-\mathrm{Fisher} - \mathrm{Jacov}\right) \cdot \left(\mathrm{JacobFro}\right),Fisher Negative Jacov Sub Jacob_fro Mul <EOS>,((-(Fisher) - Jacov) * Jacob_fro),0.466900000,0.417900000,134,6,4,2139,run_monash_time_unique1000,10,1,TIME__CPHL__15T/seed_2139/run_monash_time_unique1000/visualizations/archive_latex.tex
779,0.299099099,0.466800000,\left(\left(\sqrt{\mathrm{Jacov}}\right)^2 - \log\left(\mathrm{plain}\right)\right) \cdot \left(\mathrm{JacobFro}\right),Jacov Sqrt Square plain Log Sub Jacob_fro Mul <EOS>,((square(sqrt(Jacov)) - log(plain)) * Jacob_fro),0.466800000,0.414500000,92,8,5,2129,run_monash_time_unique1000,7,1,TIME__CPHL__15T/seed_2129/run_monash_time_unique1000/visualizations/archive_latex.tex
780,0.298198198,0.466800000,\left(\log\left(\log\left(\mathrm{Fisher}\right)\right) - \mathrm{JacobFro}\right) \cdot \left(\mathrm{Jacov}\right),Fisher Log Log Jacob_fro Sub Jacov Mul <EOS>,((log(log(Fisher)) - Jacob_fro) * Jacov),0.466800000,0.420500000,147,7,5,2166,run_monash_time_unique1000,7,1,TIME__CPHL__15T/seed_2166/run_monash_time_unique1000/visualizations/archive_latex.tex
781,0.297297297,0.466800000,\left(\mathrm{Fisher}\right)^2 - \left(\sqrt{\mathrm{JacobFro}}\right) \cdot \left(\mathrm{Jacov}\right),Fisher Square Jacob_fro Sqrt Jacov Mul Sub <EOS>,(square(Fisher) - (sqrt(Jacob_fro) * Jacov)),0.466800000,0.438800000,132,7,4,2182,run_monash_time_unique1000,9,1,TIME__CPHL__15T/seed_2182/run_monash_time_unique1000/visualizations/archive_latex.tex
782,0.296396396,0.466800000,\left(-\log\left(\mathrm{plain}\right) - \mathrm{Jacov}\right) \cdot \left(\mathrm{JacobFro}\right),plain Log Negative Jacov Sub Jacob_fro Mul <EOS>,((-(log(plain)) - Jacov) * Jacob_fro),0.466800000,0.414500000,177,7,5,2061,run_monash_time_unique1000,10,1,TIME__CPHL__15T/seed_2061/run_monash_time_unique1000/visualizations/archive_latex.tex
783,0.295495495,0.466800000,\left(\left(\sqrt{\mathrm{Jacov}}\right)^2\right) \cdot \left(\mathrm{JacobFro}\right) + \left(\mathrm{GFLOPs}\right) \cdot \left(\mathrm{GradNorm}\right),Jacov Sqrt Square Jacob_fro Mul GFLOPs Grad_Norm Mul Add <EOS>,((square(sqrt(Jacov)) * Jacob_fro) + (GFLOPs * Grad_Norm)),0.466800000,0.408800000,156,9,5,2145,run_monash_time_unique1000,10,1,TIME__CPHL__15T/seed_2145/run_monash_time_unique1000/visualizations/archive_latex.tex
784,0.294594595,0.466700000,\left(\mathrm{plain} - \mathrm{Jacov}\right) \cdot \left(\mathrm{JacobFro}\right) - \mathrm{L2Norm},plain Jacov Sub Jacob_fro Mul L2-Norm Sub <EOS>,(((plain - Jacov) * Jacob_fro) - L2-Norm),0.466700000,0.414900000,26,7,4,2071,run_monash_time_unique1000,6,1,TIME__CPHL__15T/seed_2071/run_monash_time_unique1000/visualizations/archive_latex.tex
785,0.293693694,0.466700000,\left(\left(\sqrt{\mathrm{Jacov}} + \mathrm{Jacov}\right) \cdot \left(\mathrm{JacobFro}\right)\right)^2,Jacov Sqrt Jacov Add Jacob_fro Mul Square <EOS>,square(((sqrt(Jacov) + Jacov) * Jacob_fro)),0.466700000,0.414500000,105,7,5,2155,run_monash_time_unique1000,6,1,TIME__CPHL__15T/seed_2155/run_monash_time_unique1000/visualizations/archive_latex.tex
786,0.292792793,0.466700000,\frac{\log\left(\mathrm{GSynFlow}\right)}{\log\left(\mathrm{Fisher} + \mathrm{GSynFlow}\right)} - \mathrm{Jacov},GSynFlow Log Fisher GSynFlow Add Log Div Jacov Sub <EOS>,((log(GSynFlow) / log((Fisher + GSynFlow))) - Jacov),0.466700000,0.529500000,115,9,5,2035,run_monash_time_unique1000,7,1,TIME__CPHL__15T/seed_2035/run_monash_time_unique1000/visualizations/archive_latex.tex
787,0.291891892,0.466700000,\left(\mathrm{JacobFro}\right) \cdot \left(\left(-\mathrm{JacobFro}\right) \cdot \left(\mathrm{ZiCo}\right) - \mathrm{Jacov}\right),Jacob_fro Jacob_fro Negative ZiCo Mul Jacov Sub Mul <EOS>,(Jacob_fro * ((-(Jacob_fro) * ZiCo) - Jacov)),0.466700000,0.422900000,2,8,5,2093,run_monash_time_unique1000,10,1,TIME__CPHL__15T/seed_2093/run_monash_time_unique1000/visualizations/archive_latex.tex
788,0.290990991,0.466600000,\frac{\mathrm{GradNorm}}{\log\left(\left(\mathrm{GSynFlow}\right)^2\right)} - \mathrm{Jacov},Grad_Norm GSynFlow Square Log Div Jacov Sub <EOS>,((Grad_Norm / log(square(GSynFlow))) - Jacov),0.466600000,0.475800000,76,7,5,2080,run_monash_time_unique1000,5,1,TIME__CPHL__15T/seed_2080/run_monash_time_unique1000/visualizations/archive_latex.tex
789,0.290090090,0.466600000,\frac{\left(\mathrm{Fisher} - \mathrm{JacobFro}\right) \cdot \left(\mathrm{Jacov}\right)}{\sqrt{\mathrm{L2Norm}}},Fisher Jacob_fro Sub Jacov Mul L2-Norm Sqrt Div <EOS>,(((Fisher - Jacob_fro) * Jacov) / sqrt(L2-Norm)),0.466600000,0.421400000,198,8,4,2225,run_monash_time_unique1000,5,1,TIME__CPHL__15T/seed_2225/run_monash_time_unique1000/visualizations/archive_latex.tex
790,0.289189189,0.466600000,\frac{\mathrm{GradNorm}}{\log\left(\mathrm{GSynFlow}\right)} - \mathrm{Jacov} - \mathrm{Jacov},Grad_Norm GSynFlow Log Div Jacov Sub Jacov Sub <EOS>,(((Grad_Norm / log(GSynFlow)) - Jacov) - Jacov),0.466600000,0.475800000,167,8,5,2118,run_monash_time_unique1000,7,2,TIME__CPHL__15T/seed_2118/run_monash_time_unique1000/visualizations/archive_latex.tex
791,0.288288288,0.466600000,\frac{\mathrm{GradNorm}}{\log\left(\mathrm{GSynFlow}\right)} - \mathrm{Jacov} + \mathrm{Jacov},Grad_Norm GSynFlow Log Div Jacov Jacov Add Sub <EOS>,((Grad_Norm / log(GSynFlow)) - (Jacov + Jacov)),0.466600000,0.475800000,107,8,4,2054,run_monash_time_unique1000,10,1,TIME__CPHL__15T/seed_2054/run_monash_time_unique1000/visualizations/archive_latex.tex
792,0.287387387,0.466500000,\frac{\log\left(\left(\mathrm{MParams}\right) \cdot \left(\mathrm{Jacov}\right)\right)}{\mathrm{L2Norm}},MParams Jacov Mul Log L2-Norm Div <EOS>,(log((MParams * Jacov)) / L2-Norm),0.466500000,0.483000000,38,6,4,2150,run_monash_time_unique1000,6,1,TIME__CPHL__15T/seed_2150/run_monash_time_unique1000/visualizations/archive_latex.tex
793,0.286486486,0.466500000,\frac{\log\left(\left(\mathrm{Jacov}\right) \cdot \left(\mathrm{MParams}\right)\right)}{\mathrm{L2Norm}},Jacov MParams Mul Log L2-Norm Div <EOS>,(log((Jacov * MParams)) / L2-Norm),0.466500000,0.483000000,85,6,4,2197,run_monash_time_unique1000,7,1,TIME__CPHL__15T/seed_2197/run_monash_time_unique1000/visualizations/archive_latex.tex
794,0.285585586,0.466400000,\left(\mathrm{Jacov}\right) \cdot \left(\mathrm{MParams} + \mathrm{ZiCo} - \mathrm{JacobFro}\right),Jacov MParams ZiCo Jacob_fro Sub Add Mul <EOS>,(Jacov * (MParams + (ZiCo - Jacob_fro))),0.466400000,0.421300000,84,7,4,2147,run_monash_time_unique1000,4,1,TIME__CPHL__15T/seed_2147/run_monash_time_unique1000/visualizations/archive_latex.tex
795,0.284684685,0.466300000,\log\left(\mathrm{Jacov} + \mathrm{Jacov} + \left(\mathrm{JacobFro}\right) \cdot \left(\mathrm{Jacov}\right)\right),Jacov Jacov Jacob_fro Jacov Mul Add Add Log <EOS>,log((Jacov + (Jacov + (Jacob_fro * Jacov)))),0.466300000,0.419900000,191,8,5,2178,run_monash_time_unique1000,6,1,TIME__CPHL__15T/seed_2178/run_monash_time_unique1000/visualizations/archive_latex.tex
796,0.283783784,0.466300000,\left(-\mathrm{JacobFro} + \log\left(\mathrm{GraSP}\right)\right) \cdot \left(\mathrm{Jacov}\right),Jacob_fro GraSP Log Add Negative Jacov Mul <EOS>,(-((Jacob_fro + log(GraSP))) * Jacov),0.466300000,0.433800000,113,7,5,2055,run_monash_time_unique1000,9,2,TIME__CPHL__15T/seed_2055/run_monash_time_unique1000/visualizations/archive_latex.tex
797,0.282882883,0.466300000,\frac{\mathrm{MParams} + \left(\mathrm{GFLOPs}\right)^2 - \mathrm{Jacov}}{\mathrm{L2Norm}},MParams GFLOPs Square Jacov Sub Add L2-Norm Div <EOS>,((MParams + (square(GFLOPs) - Jacov)) / L2-Norm),0.466300000,0.482100000,53,8,5,2056,run_monash_time_unique1000,9,1,TIME__CPHL__15T/seed_2056/run_monash_time_unique1000/visualizations/archive_latex.tex
798,0.281981982,0.466300000,\mathrm{ZiCo} + \left(\mathrm{MParams} - \mathrm{Jacov}\right) \cdot \left(\mathrm{JacobFro}\right),ZiCo MParams Jacov Sub Jacob_fro Mul Add <EOS>,(ZiCo + ((MParams - Jacov) * Jacob_fro)),0.466300000,0.412000000,17,7,4,2105,run_monash_time_unique1000,9,1,TIME__CPHL__15T/seed_2105/run_monash_time_unique1000/visualizations/archive_latex.tex
799,0.281081081,0.466200000,\frac{\mathrm{ZiCo}}{\left(\mathrm{Fisher} - \mathrm{GFLOPs}\right)^2} - \mathrm{Jacov},ZiCo Fisher GFLOPs Sub Square Div Jacov Sub <EOS>,((ZiCo / square((Fisher - GFLOPs))) - Jacov),0.466200000,0.420600000,109,8,5,2179,run_monash_time_unique1000,5,1,TIME__CPHL__15T/seed_2179/run_monash_time_unique1000/visualizations/archive_latex.tex
800,0.280180180,0.466200000,\sqrt{\mathrm{Jacov}} - \sqrt{\frac{\mathrm{MParams}}{\mathrm{ZiCo} - \mathrm{GSynFlow}}},Jacov Sqrt MParams ZiCo GSynFlow Sub Div Sqrt Sub <EOS>,(sqrt(Jacov) - sqrt((MParams / (ZiCo - GSynFlow)))),0.466200000,0.574900000,136,9,5,2028,run_monash_time_unique1000,6,2,TIME__CPHL__15T/seed_2028/run_monash_time_unique1000/visualizations/archive_latex.tex
801,0.279279279,0.466200000,\left(\log\left(\mathrm{JacobFro}\right)\right) \cdot \left(\mathrm{GFLOPs} - \mathrm{Jacov}\right),Jacob_fro Log GFLOPs Jacov Sub Mul <EOS>,(log(Jacob_fro) * (GFLOPs - Jacov)),0.466200000,0.441900000,6,6,3,2115,run_monash_time_unique1000,9,1,TIME__CPHL__15T/seed_2115/run_monash_time_unique1000/visualizations/archive_latex.tex
802,0.278378378,0.466000000,\frac{\log\left(\mathrm{GSynFlow}\right)}{-\mathrm{Fisher}} - \mathrm{Jacov} - \mathrm{MParams},GSynFlow Log Fisher Negative Div Jacov Sub MParams Sub <EOS>,(((log(GSynFlow) / -(Fisher)) - Jacov) - MParams),0.466000000,0.484800000,186,9,5,2151,run_monash_time_unique1000,3,1,TIME__CPHL__15T/seed_2151/run_monash_time_unique1000/visualizations/archive_latex.tex
803,0.277477477,0.466000000,\frac{\log\left(\mathrm{GSynFlow}\right)}{-\mathrm{Fisher}} - \mathrm{MParams} + \mathrm{Jacov},GSynFlow Log Fisher Negative Div MParams Jacov Add Sub <EOS>,((log(GSynFlow) / -(Fisher)) - (MParams + Jacov)),0.466000000,0.484800000,187,9,4,2050,run_monash_time_unique1000,10,1,TIME__CPHL__15T/seed_2050/run_monash_time_unique1000/visualizations/archive_latex.tex
804,0.276576577,0.466000000,\mathrm{L2Norm} - \left(\mathrm{ZiCo}\right) \cdot \left(\left(\mathrm{JacobFro}\right) \cdot \left(\mathrm{Jacov}\right)\right),L2-Norm ZiCo Jacob_fro Jacov Mul Mul Sub <EOS>,(L2-Norm - (ZiCo * (Jacob_fro * Jacov))),0.466000000,0.413500000,34,7,4,2105,run_monash_time_unique1000,10,1,TIME__CPHL__15T/seed_2105/run_monash_time_unique1000/visualizations/archive_latex.tex
805,0.275675676,0.465900000,-\mathrm{MParams} - \left(\log\left(\mathrm{JacobFro}\right)\right) \cdot \left(\mathrm{Jacov}\right),MParams Negative Jacob_fro Log Jacov Mul Sub <EOS>,(-(MParams) - (log(Jacob_fro) * Jacov)),0.465900000,0.453300000,97,7,4,2151,run_monash_time_unique1000,4,1,TIME__CPHL__15T/seed_2151/run_monash_time_unique1000/visualizations/archive_latex.tex
806,0.274774775,0.465900000,\left(\left(\mathrm{Jacov}\right) \cdot \left(\log\left(\mathrm{JacobFro}\right)\right) + \mathrm{MParams}\right)^2,Jacov Jacob_fro Log Mul MParams Add Square <EOS>,square(((Jacov * log(Jacob_fro)) + MParams)),0.465900000,0.453300000,118,7,5,2204,run_monash_time_unique1000,4,1,TIME__CPHL__15T/seed_2204/run_monash_time_unique1000/visualizations/archive_latex.tex
807,0.273873874,0.465900000,\sqrt{\mathrm{Fisher} + \mathrm{Jacov}} + \sqrt{\mathrm{JacobFro}},Fisher Jacov Add Sqrt Jacob_fro Sqrt Add <EOS>,(sqrt((Fisher + Jacov)) + sqrt(Jacob_fro)),0.465900000,0.450800000,65,7,4,2210,run_monash_time_unique1000,4,1,TIME__CPHL__15T/seed_2210/run_monash_time_unique1000/visualizations/archive_latex.tex
808,0.272972973,0.465900000,\frac{\mathrm{GFLOPs}}{\log\left(\mathrm{GSynFlow}\right)} - \mathrm{Jacov} + \mathrm{Fisher},GFLOPs GSynFlow Log Div Jacov Fisher Add Sub <EOS>,((GFLOPs / log(GSynFlow)) - (Jacov + Fisher)),0.465900000,0.483800000,139,8,4,2200,run_monash_time_unique1000,7,1,TIME__CPHL__15T/seed_2200/run_monash_time_unique1000/visualizations/archive_latex.tex
809,0.272072072,0.465900000,\left(\left(\mathrm{Jacov}\right)^2\right) \cdot \left(\mathrm{JacobFro} + \mathrm{MParams}\right) + \mathrm{GFLOPs},Jacov Square Jacob_fro MParams Add Mul GFLOPs Add <EOS>,((square(Jacov) * (Jacob_fro + MParams)) + GFLOPs),0.465900000,0.435100000,178,8,4,2124,run_monash_time_unique1000,10,1,TIME__CPHL__15T/seed_2124/run_monash_time_unique1000/visualizations/archive_latex.tex
810,0.271171171,0.465800000,\left(-\mathrm{JacobFro}\right) \cdot \left(\mathrm{Jacov}\right) - \sqrt{-\mathrm{GraSP}},Jacob_fro Negative Jacov Mul GraSP Negative Sqrt Sub <EOS>,((-(Jacob_fro) * Jacov) - sqrt(-(GraSP))),0.465800000,0.414400000,154,8,4,2155,run_monash_time_unique1000,7,1,TIME__CPHL__15T/seed_2155/run_monash_time_unique1000/visualizations/archive_latex.tex
811,0.270270270,0.465800000,-\left(\mathrm{JacobFro}\right) \cdot \left(\mathrm{Jacov} + \mathrm{Fisher}\right) - \mathrm{L2Norm},Jacob_fro Jacov Fisher Add Mul Negative L2-Norm Sub <EOS>,(-((Jacob_fro * (Jacov + Fisher))) - L2-Norm),0.465800000,0.419200000,6,8,5,2178,run_monash_time_unique1000,7,1,TIME__CPHL__15T/seed_2178/run_monash_time_unique1000/visualizations/archive_latex.tex
812,0.269369369,0.465800000,\left(-\mathrm{JacobFro}\right) \cdot \left(\mathrm{Jacov}\right) - -\mathrm{Jacov},Jacob_fro Negative Jacov Mul Jacov Negative Sub <EOS>,((-(Jacob_fro) * Jacov) - -(Jacov)),0.465800000,0.410400000,70,7,4,2170,run_monash_time_unique1000,8,1,TIME__CPHL__15T/seed_2170/run_monash_time_unique1000/visualizations/archive_latex.tex
813,0.268468468,0.465700000,\frac{\mathrm{plain}}{\log\left(\log\left(\mathrm{GFLOPs}\right)\right)} - \left(\mathrm{Jacov}\right) \cdot \left(\mathrm{JacobFro}\right),plain GFLOPs Log Log Div Jacov Jacob_fro Mul Sub <EOS>,((plain / log(log(GFLOPs))) - (Jacov * Jacob_fro)),0.465700000,0.428300000,58,9,5,2031,run_monash_time_unique1000,4,1,TIME__CPHL__15T/seed_2031/run_monash_time_unique1000/visualizations/archive_latex.tex
814,0.267567568,0.465700000,\frac{\mathrm{GFLOPs}}{\log\left(\mathrm{GSynFlow}\right)} - \log\left(\mathrm{L2Norm}\right) + \mathrm{Jacov},GFLOPs GSynFlow Log Div L2-Norm Log Jacov Add Sub <EOS>,((GFLOPs / log(GSynFlow)) - (log(L2-Norm) + Jacov)),0.465700000,0.480400000,138,9,4,2156,run_monash_time_unique1000,6,1,TIME__CPHL__15T/seed_2156/run_monash_time_unique1000/visualizations/archive_latex.tex
815,0.266666667,0.465700000,\left(-\mathrm{Jacov} - \sqrt{\mathrm{GraSP}}\right) \cdot \left(\mathrm{JacobFro}\right) - \mathrm{Jacov},Jacov Negative GraSP Sqrt Sub Jacob_fro Mul Jacov Sub <EOS>,(((-(Jacov) - sqrt(GraSP)) * Jacob_fro) - Jacov),0.465700000,0.452400000,103,9,5,2199,run_monash_time_unique1000,6,1,TIME__CPHL__15T/seed_2199/run_monash_time_unique1000/visualizations/archive_latex.tex
816,0.265765766,0.465700000,\frac{\mathrm{GFLOPs}}{\log\left(\mathrm{GSynFlow}\right)} - \mathrm{Jacov} + \log\left(\mathrm{L2Norm}\right),GFLOPs GSynFlow Log Div Jacov L2-Norm Log Add Sub <EOS>,((GFLOPs / log(GSynFlow)) - (Jacov + log(L2-Norm))),0.465700000,0.480400000,124,9,4,2051,run_monash_time_unique1000,9,1,TIME__CPHL__15T/seed_2051/run_monash_time_unique1000/visualizations/archive_latex.tex
817,0.264864865,0.465700000,\left(\mathrm{MParams} - \mathrm{JacobFro}\right) \cdot \left(\mathrm{Jacov}\right) + \mathrm{JacobFro},MParams Jacob_fro Sub Jacov Mul Jacob_fro Add <EOS>,(((MParams - Jacob_fro) * Jacov) + Jacob_fro),0.465700000,0.421300000,91,7,4,2060,run_monash_time_unique1000,9,1,TIME__CPHL__15T/seed_2060/run_monash_time_unique1000/visualizations/archive_latex.tex
818,0.263963964,0.465700000,\frac{\mathrm{plain}}{\log\left(\log\left(\mathrm{GFLOPs}\right)\right)} - \left(\mathrm{JacobFro}\right) \cdot \left(\mathrm{Jacov}\right),plain GFLOPs Log Log Div Jacob_fro Jacov Mul Sub <EOS>,((plain / log(log(GFLOPs))) - (Jacob_fro * Jacov)),0.465700000,0.428300000,147,9,5,2170,run_monash_time_unique1000,9,1,TIME__CPHL__15T/seed_2170/run_monash_time_unique1000/visualizations/archive_latex.tex
819,0.263063063,0.465600000,\left(-\mathrm{Jacov}\right) \cdot \left(\left(\left(\mathrm{Jacov}\right) \cdot \left(\mathrm{JacobFro}\right)\right)^2\right),Jacov Negative Jacov Jacob_fro Mul Square Mul <EOS>,(-(Jacov) * square((Jacov * Jacob_fro))),0.465600000,0.438300000,66,7,4,2163,run_monash_time_unique1000,6,1,TIME__CPHL__15T/seed_2163/run_monash_time_unique1000/visualizations/archive_latex.tex
820,0.262162162,0.465600000,\mathrm{plain} - \frac{\log\left(\mathrm{JacobFro}\right)}{\frac{\mathrm{ZiCo}}{\mathrm{Jacov}}},plain Jacob_fro Log ZiCo Jacov Div Div Sub <EOS>,(plain - (log(Jacob_fro) / (ZiCo / Jacov))),0.465600000,0.440200000,26,8,4,2042,run_monash_time_unique1000,7,1,TIME__CPHL__15T/seed_2042/run_monash_time_unique1000/visualizations/archive_latex.tex
821,0.261261261,0.465600000,\frac{\log\left(\mathrm{JacobFro}\right)}{\mathrm{GSynFlow} - \mathrm{plain}} - \mathrm{Jacov},Jacob_fro Log GSynFlow plain Sub Div Jacov Sub <EOS>,((log(Jacob_fro) / (GSynFlow - plain)) - Jacov),0.465600000,0.474200000,107,8,4,2071,run_monash_time_unique1000,7,4,TIME__CPHL__15T/seed_2071/run_monash_time_unique1000/visualizations/archive_latex.tex
822,0.260360360,0.465600000,\frac{\sqrt{\mathrm{GraSP}}}{\left(\mathrm{Fisher}\right) \cdot \left(\mathrm{GFLOPs}\right)} - \mathrm{Jacov},GraSP Sqrt Fisher GFLOPs Mul Div Jacov Sub <EOS>,((sqrt(GraSP) / (Fisher * GFLOPs)) - Jacov),0.465600000,0.484800000,107,8,4,2166,run_monash_time_unique1000,8,1,TIME__CPHL__15T/seed_2166/run_monash_time_unique1000/visualizations/archive_latex.tex
823,0.259459459,0.465600000,\sqrt{\left(\mathrm{plain}\right) \cdot \left(\mathrm{Fisher}\right) + \left(\mathrm{Jacov}\right) \cdot \left(\mathrm{JacobFro}\right)},plain Fisher Mul Jacov Jacob_fro Mul Add Sqrt <EOS>,sqrt(((plain * Fisher) + (Jacov * Jacob_fro))),0.465600000,0.414900000,179,8,4,2056,run_monash_time_unique1000,10,1,TIME__CPHL__15T/seed_2056/run_monash_time_unique1000/visualizations/archive_latex.tex
824,0.258558559,0.465500000,\log\left(\left(\log\left(\log\left(\mathrm{JacobFro}\right)\right)\right) \cdot \left(\mathrm{Jacov}\right)\right),Jacob_fro Log Log Jacov Mul Log <EOS>,log((log(log(Jacob_fro)) * Jacov)),0.465500000,0.457600000,140,6,5,2121,run_monash_time_unique1000,5,1,TIME__CPHL__15T/seed_2121/run_monash_time_unique1000/visualizations/archive_latex.tex
825,0.257657658,0.465500000,\left(\mathrm{MParams} - \mathrm{JacobFro}\right) \cdot \left(\mathrm{Jacov}\right),MParams Jacob_fro Sub Jacov Mul <EOS>,((MParams - Jacob_fro) * Jacov),0.465500000,0.422700000,104,5,3,2199,run_monash_time_unique1000,7,2,TIME__CPHL__15T/seed_2199/run_monash_time_unique1000/visualizations/archive_latex.tex
826,0.256756757,0.465500000,\left(\sqrt{\left(\mathrm{JacobFro} - \mathrm{MParams}\right)^2}\right) \cdot \left(-\mathrm{Jacov}\right),Jacob_fro MParams Sub Square Sqrt Jacov Negative Mul <EOS>,(sqrt(square((Jacob_fro - MParams))) * -(Jacov)),0.465500000,0.422700000,27,8,5,2071,run_monash_time_unique1000,8,1,TIME__CPHL__15T/seed_2071/run_monash_time_unique1000/visualizations/archive_latex.tex
827,0.255855856,0.465500000,\left(\left(\mathrm{Jacov}\right) \cdot \left(\log\left(\log\left(\mathrm{JacobFro}\right)\right)\right)\right)^2,Jacov Jacob_fro Log Log Mul Square <EOS>,square((Jacov * log(log(Jacob_fro)))),0.465500000,0.457600000,148,6,5,2155,run_monash_time_unique1000,8,1,TIME__CPHL__15T/seed_2155/run_monash_time_unique1000/visualizations/archive_latex.tex
828,0.254954955,0.465500000,\sqrt{\mathrm{Jacov}} - \left(\mathrm{JacobFro} - \mathrm{MParams}\right) \cdot \left(\mathrm{Jacov}\right),Jacov Sqrt Jacob_fro MParams Sub Jacov Mul Sub <EOS>,(sqrt(Jacov) - ((Jacob_fro - MParams) * Jacov)),0.465500000,0.422500000,128,8,4,2053,run_monash_time_unique1000,9,1,TIME__CPHL__15T/seed_2053/run_monash_time_unique1000/visualizations/archive_latex.tex
829,0.254054054,0.465400000,\frac{\log\left(\mathrm{GraSP}\right)}{\mathrm{Fisher}} - \mathrm{Jacov} + \mathrm{L2Norm},GraSP Log Fisher Div Jacov L2-Norm Add Sub <EOS>,((log(GraSP) / Fisher) - (Jacov + L2-Norm)),0.465400000,0.447800000,68,8,4,2148,run_monash_time_unique1000,2,9,TIME__CPHL__15T/seed_2148/run_monash_time_unique1000/visualizations/archive_latex.tex
830,0.253153153,0.465400000,\frac{\log\left(\mathrm{GraSP}\right)}{\mathrm{Fisher}} - \mathrm{Jacov} - \mathrm{L2Norm},GraSP Log Fisher Div Jacov Sub L2-Norm Sub <EOS>,(((log(GraSP) / Fisher) - Jacov) - L2-Norm),0.465400000,0.447800000,113,8,5,2091,run_monash_time_unique1000,4,1,TIME__CPHL__15T/seed_2091/run_monash_time_unique1000/visualizations/archive_latex.tex
831,0.252252252,0.465400000,\frac{\log\left(\mathrm{GraSP}\right)}{\mathrm{Fisher}} - \mathrm{L2Norm} - \mathrm{Jacov},GraSP Log Fisher Div L2-Norm Sub Jacov Sub <EOS>,(((log(GraSP) / Fisher) - L2-Norm) - Jacov),0.465400000,0.447800000,19,8,5,2088,run_monash_time_unique1000,6,3,TIME__CPHL__15T/seed_2088/run_monash_time_unique1000/visualizations/archive_latex.tex
832,0.251351351,0.465400000,\frac{\log\left(\mathrm{GraSP}\right)}{\mathrm{Fisher}} - \mathrm{L2Norm} + \mathrm{Jacov},GraSP Log Fisher Div L2-Norm Jacov Add Sub <EOS>,((log(GraSP) / Fisher) - (L2-Norm + Jacov)),0.465400000,0.447800000,50,8,4,2103,run_monash_time_unique1000,6,2,TIME__CPHL__15T/seed_2103/run_monash_time_unique1000/visualizations/archive_latex.tex
833,0.250450450,0.465400000,\left(\log\left(\mathrm{Jacov} - \mathrm{Fisher}\right) - \mathrm{Jacov}\right) \cdot \left(\mathrm{JacobFro}\right),Jacov Fisher Sub Log Jacov Sub Jacob_fro Mul <EOS>,((log((Jacov - Fisher)) - Jacov) * Jacob_fro),0.465400000,0.412400000,74,8,5,2042,run_monash_time_unique1000,8,1,TIME__CPHL__15T/seed_2042/run_monash_time_unique1000/visualizations/archive_latex.tex
834,0.249549550,0.465400000,\left(\mathrm{Jacov}\right) \cdot \left(\mathrm{ZiCo} - \mathrm{JacobFro}\right) - \mathrm{GradNorm},Jacov ZiCo Jacob_fro Sub Mul Grad_Norm Sub <EOS>,((Jacov * (ZiCo - Jacob_fro)) - Grad_Norm),0.465400000,0.416300000,39,7,4,2200,run_monash_time_unique1000,8,1,TIME__CPHL__15T/seed_2200/run_monash_time_unique1000/visualizations/archive_latex.tex
835,0.248648649,0.465300000,\left(\mathrm{MParams} - \mathrm{JacobFro}\right) \cdot \left(\mathrm{Jacov} - \mathrm{ZiCo}\right),MParams Jacob_fro Sub Jacov ZiCo Sub Mul <EOS>,((MParams - Jacob_fro) * (Jacov - ZiCo)),0.465300000,0.422300000,10,7,3,2147,run_monash_time_unique1000,5,1,TIME__CPHL__15T/seed_2147/run_monash_time_unique1000/visualizations/archive_latex.tex
836,0.247747748,0.465300000,\sqrt{\mathrm{Jacov}} - \log\left(\frac{\mathrm{MParams}}{\frac{\mathrm{GraSP}}{\mathrm{Fisher}}}\right),Jacov Sqrt MParams GraSP Fisher Div Div Log Sub <EOS>,(sqrt(Jacov) - log((MParams / (GraSP / Fisher)))),0.465300000,0.514200000,118,9,5,2053,run_monash_time_unique1000,10,1,TIME__CPHL__15T/seed_2053/run_monash_time_unique1000/visualizations/archive_latex.tex
837,0.246846847,0.465200000,\frac{\mathrm{plain}}{\left(\left(\mathrm{Fisher}\right)^2\right) \cdot \left(\mathrm{MParams}\right)} - \mathrm{Jacov},plain Fisher Square MParams Mul Div Jacov Sub <EOS>,((plain / (square(Fisher) * MParams)) - Jacov),0.465200000,0.446400000,114,8,5,2113,run_monash_time_unique1000,5,1,TIME__CPHL__15T/seed_2113/run_monash_time_unique1000/visualizations/archive_latex.tex
838,0.245945946,0.465200000,\frac{\frac{\mathrm{plain}}{\mathrm{MParams}}}{\left(\mathrm{Fisher}\right)^2} - \mathrm{Jacov},plain MParams Div Fisher Square Div Jacov Sub <EOS>,(((plain / MParams) / square(Fisher)) - Jacov),0.465200000,0.446400000,193,8,4,2151,run_monash_time_unique1000,5,1,TIME__CPHL__15T/seed_2151/run_monash_time_unique1000/visualizations/archive_latex.tex
839,0.245045045,0.465200000,\frac{\left(\sqrt{\frac{-\mathrm{Fisher}}{\mathrm{GraSP}}}\right) \cdot \left(\mathrm{L2Norm}\right)}{\mathrm{Jacov}},Fisher Negative GraSP Div Sqrt L2-Norm Mul Jacov Div <EOS>,((sqrt((-(Fisher) / GraSP)) * L2-Norm) / Jacov),0.465200000,0.432400000,153,9,6,2129,run_monash_time_unique1000,8,1,TIME__CPHL__15T/seed_2129/run_monash_time_unique1000/visualizations/archive_latex.tex
840,0.244144144,0.465200000,\frac{\sqrt{\mathrm{Snip}} - \mathrm{MParams} - \left(\mathrm{plain}\right)^2}{\mathrm{Jacov}},Snip Sqrt MParams Sub plain Square Sub Jacov Div <EOS>,(((sqrt(Snip) - MParams) - square(plain)) / Jacov),0.465200000,0.439800000,112,9,5,2060,run_monash_time_unique1000,10,1,TIME__CPHL__15T/seed_2060/run_monash_time_unique1000/visualizations/archive_latex.tex
841,0.243243243,0.465100000,\frac{\log\left(\mathrm{GSynFlow}\right)}{-\mathrm{Fisher}} - \mathrm{Jacov},GSynFlow Log Fisher Negative Div Jacov Sub <EOS>,((log(GSynFlow) / -(Fisher)) - Jacov),0.465100000,0.484000000,115,7,4,2190,run_monash_time_unique1000,3,41,TIME__CPHL__15T/seed_2190/run_monash_time_unique1000/visualizations/archive_latex.tex
842,0.242342342,0.465100000,-\mathrm{Jacov} - \frac{\log\left(\mathrm{GSynFlow}\right)}{\mathrm{Fisher}},Jacov Negative GSynFlow Log Fisher Div Sub <EOS>,(-(Jacov) - (log(GSynFlow) / Fisher)),0.465100000,0.484000000,173,7,4,2049,run_monash_time_unique1000,4,1,TIME__CPHL__15T/seed_2049/run_monash_time_unique1000/visualizations/archive_latex.tex
843,0.241441441,0.465100000,\frac{-\log\left(\mathrm{GSynFlow}\right)}{\mathrm{Fisher}} - \mathrm{Jacov},GSynFlow Log Negative Fisher Div Jacov Sub <EOS>,((-(log(GSynFlow)) / Fisher) - Jacov),0.465100000,0.484000000,139,7,5,2165,run_monash_time_unique1000,5,3,TIME__CPHL__15T/seed_2165/run_monash_time_unique1000/visualizations/archive_latex.tex
844,0.240540541,0.465100000,-\frac{\log\left(\mathrm{GSynFlow}\right)}{\mathrm{Fisher}} - \mathrm{Jacov},GSynFlow Log Fisher Div Negative Jacov Sub <EOS>,(-((log(GSynFlow) / Fisher)) - Jacov),0.465100000,0.484000000,29,7,5,2110,run_monash_time_unique1000,6,4,TIME__CPHL__15T/seed_2110/run_monash_time_unique1000/visualizations/archive_latex.tex
845,0.239639640,0.465100000,\frac{\log\left(-\mathrm{GSynFlow}\right)}{-\mathrm{Fisher}} - \mathrm{Jacov},GSynFlow Negative Log Fisher Negative Div Jacov Sub <EOS>,((log(-(GSynFlow)) / -(Fisher)) - Jacov),0.465100000,0.484000000,135,8,5,2029,run_monash_time_unique1000,10,1,TIME__CPHL__15T/seed_2029/run_monash_time_unique1000/visualizations/archive_latex.tex
846,0.238738739,0.465000000,\left(\log\left(\mathrm{MParams}\right) - \log\left(\mathrm{Jacov}\right)\right) \cdot \left(\mathrm{L2Norm}\right) - \mathrm{Jacov},MParams Log Jacov Log Sub L2-Norm Mul Jacov Sub <EOS>,(((log(MParams) - log(Jacov)) * L2-Norm) - Jacov),0.465000000,0.519200000,34,9,5,2032,run_monash_time_unique1000,5,1,TIME__CPHL__15T/seed_2032/run_monash_time_unique1000/visualizations/archive_latex.tex
847,0.237837838,0.465000000,\left(\log\left(\frac{\mathrm{MParams}}{\mathrm{Jacov}}\right)\right) \cdot \left(\mathrm{L2Norm}\right) - \mathrm{Jacov},MParams Jacov Div Log L2-Norm Mul Jacov Sub <EOS>,((log((MParams / Jacov)) * L2-Norm) - Jacov),0.465000000,0.519200000,60,8,5,2107,run_monash_time_unique1000,6,1,TIME__CPHL__15T/seed_2107/run_monash_time_unique1000/visualizations/archive_latex.tex
848,0.236936937,0.464900000,\left(-\mathrm{Jacov}\right) \cdot \left(\log\left(\mathrm{JacobFro}\right)\right),Jacov Negative Jacob_fro Log Mul <EOS>,(-(Jacov) * log(Jacob_fro)),0.464900000,0.453600000,123,5,3,2052,run_monash_time_unique1000,2,6,TIME__CPHL__15T/seed_2052/run_monash_time_unique1000/visualizations/archive_latex.tex
849,0.236036036,0.464900000,\left(\log\left(\sqrt{\mathrm{JacobFro}}\right)\right) \cdot \left(-\mathrm{Jacov}\right),Jacob_fro Sqrt Log Jacov Negative Mul <EOS>,(log(sqrt(Jacob_fro)) * -(Jacov)),0.464900000,0.453600000,188,6,4,2083,run_monash_time_unique1000,3,2,TIME__CPHL__15T/seed_2083/run_monash_time_unique1000/visualizations/archive_latex.tex
850,0.235135135,0.464900000,\sqrt{\left(\log\left(\mathrm{JacobFro}\right)\right) \cdot \left(\mathrm{Jacov}\right)},Jacob_fro Log Jacov Mul Sqrt <EOS>,sqrt((log(Jacob_fro) * Jacov)),0.464900000,0.453600000,98,5,4,2195,run_monash_time_unique1000,3,1,TIME__CPHL__15T/seed_2195/run_monash_time_unique1000/visualizations/archive_latex.tex
851,0.234234234,0.464900000,\left(\log\left(\mathrm{JacobFro}\right)\right) \cdot \left(-\mathrm{Jacov}\right),Jacob_fro Log Jacov Negative Mul <EOS>,(log(Jacob_fro) * -(Jacov)),0.464900000,0.453600000,144,5,3,2209,run_monash_time_unique1000,3,3,TIME__CPHL__15T/seed_2209/run_monash_time_unique1000/visualizations/archive_latex.tex
852,0.233333333,0.464900000,\log\left(\left(\mathrm{Jacov}\right) \cdot \left(\log\left(\mathrm{JacobFro}\right)\right)\right),Jacov Jacob_fro Log Mul Log <EOS>,log((Jacov * log(Jacob_fro))),0.464900000,0.453600000,40,5,4,2099,run_monash_time_unique1000,4,1,TIME__CPHL__15T/seed_2099/run_monash_time_unique1000/visualizations/archive_latex.tex
853,0.232432432,0.464900000,\log\left(\log\left(\mathrm{JacobFro}\right)\right) + \log\left(\mathrm{Jacov}\right),Jacob_fro Log Log Jacov Log Add <EOS>,(log(log(Jacob_fro)) + log(Jacov)),0.464900000,0.453600000,175,6,4,2196,run_monash_time_unique1000,4,1,TIME__CPHL__15T/seed_2196/run_monash_time_unique1000/visualizations/archive_latex.tex
854,0.231531532,0.464900000,-\left(\mathrm{Jacov}\right) \cdot \left(\log\left(\mathrm{JacobFro}\right)\right),Jacov Jacob_fro Log Mul Negative <EOS>,-((Jacov * log(Jacob_fro))),0.464900000,0.453600000,196,5,4,2031,run_monash_time_unique1000,5,1,TIME__CPHL__15T/seed_2031/run_monash_time_unique1000/visualizations/archive_latex.tex
855,0.230630631,0.464900000,\left(\left(\log\left(\mathrm{JacobFro}\right)\right) \cdot \left(\mathrm{Jacov}\right)\right)^2,Jacob_fro Log Jacov Mul Square <EOS>,square((log(Jacob_fro) * Jacov)),0.464900000,0.453600000,69,5,4,2049,run_monash_time_unique1000,5,3,TIME__CPHL__15T/seed_2049/run_monash_time_unique1000/visualizations/archive_latex.tex
856,0.229729730,0.464900000,-\left(\log\left(\mathrm{JacobFro}\right)\right) \cdot \left(\mathrm{Jacov}\right),Jacob_fro Log Jacov Mul Negative <EOS>,-((log(Jacob_fro) * Jacov)),0.464900000,0.453600000,6,5,4,2153,run_monash_time_unique1000,5,4,TIME__CPHL__15T/seed_2153/run_monash_time_unique1000/visualizations/archive_latex.tex
857,0.228828829,0.464900000,\left(\left(\log\left(\mathrm{JacobFro}\right)\right)^2\right) \cdot \left(\left(\mathrm{Jacov}\right)^2\right),Jacob_fro Log Square Jacov Square Mul <EOS>,(square(log(Jacob_fro)) * square(Jacov)),0.464900000,0.453600000,77,6,4,2032,run_monash_time_unique1000,6,1,TIME__CPHL__15T/seed_2032/run_monash_time_unique1000/visualizations/archive_latex.tex
858,0.227927928,0.464900000,\left(\log\left(\left(\mathrm{JacobFro}\right)^2\right)\right) \cdot \left(-\mathrm{Jacov}\right),Jacob_fro Square Log Jacov Negative Mul <EOS>,(log(square(Jacob_fro)) * -(Jacov)),0.464900000,0.453600000,191,6,4,2193,run_monash_time_unique1000,6,1,TIME__CPHL__15T/seed_2193/run_monash_time_unique1000/visualizations/archive_latex.tex
859,0.227027027,0.464900000,\left(\mathrm{Jacov}\right) \cdot \left(-\log\left(\mathrm{JacobFro}\right)\right),Jacov Jacob_fro Log Negative Mul <EOS>,(Jacov * -(log(Jacob_fro))),0.464900000,0.453600000,71,5,4,2222,run_monash_time_unique1000,6,5,TIME__CPHL__15T/seed_2222/run_monash_time_unique1000/visualizations/archive_latex.tex
860,0.226126126,0.464900000,\left(-\mathrm{Jacov}\right) \cdot \left(\log\left(\left(\mathrm{JacobFro}\right)^2\right)\right),Jacov Negative Jacob_fro Square Log Mul <EOS>,(-(Jacov) * log(square(Jacob_fro))),0.464900000,0.453600000,34,6,4,2085,run_monash_time_unique1000,8,1,TIME__CPHL__15T/seed_2085/run_monash_time_unique1000/visualizations/archive_latex.tex
861,0.225225225,0.464900000,\left(\log\left(\sqrt{\mathrm{JacobFro}}\right)\right) \cdot \left(\mathrm{ZiCo} - \mathrm{Jacov}\right),Jacob_fro Sqrt Log ZiCo Jacov Sub Mul <EOS>,(log(sqrt(Jacob_fro)) * (ZiCo - Jacov)),0.464900000,0.453300000,15,7,4,2163,run_monash_time_unique1000,8,1,TIME__CPHL__15T/seed_2163/run_monash_time_unique1000/visualizations/archive_latex.tex
862,0.224324324,0.464900000,\log\left(\left(\log\left(\mathrm{JacobFro}\right)\right) \cdot \left(\mathrm{Jacov}\right)\right),Jacob_fro Log Jacov Mul Log <EOS>,log((log(Jacob_fro) * Jacov)),0.464900000,0.453600000,72,5,4,2166,run_monash_time_unique1000,9,1,TIME__CPHL__15T/seed_2166/run_monash_time_unique1000/visualizations/archive_latex.tex
863,0.223423423,0.464900000,\left(\left(\mathrm{Jacov}\right)^2\right) \cdot \left(\left(\log\left(\mathrm{JacobFro}\right)\right)^2\right),Jacov Square Jacob_fro Log Square Mul <EOS>,(square(Jacov) * square(log(Jacob_fro))),0.464900000,0.453600000,29,6,4,2199,run_monash_time_unique1000,9,1,TIME__CPHL__15T/seed_2199/run_monash_time_unique1000/visualizations/archive_latex.tex
864,0.222522523,0.464900000,\left(-\log\left(\mathrm{JacobFro}\right)\right) \cdot \left(\mathrm{Jacov}\right),Jacob_fro Log Negative Jacov Mul <EOS>,(-(log(Jacob_fro)) * Jacov),0.464900000,0.453600000,8,5,4,2134,run_monash_time_unique1000,10,1,TIME__CPHL__15T/seed_2134/run_monash_time_unique1000/visualizations/archive_latex.tex
865,0.221621622,0.464900000,\left(\log\left(\mathrm{JacobFro}\right)\right) \cdot \left(\mathrm{ZiCo} - \mathrm{Jacov}\right),Jacob_fro Log ZiCo Jacov Sub Mul <EOS>,(log(Jacob_fro) * (ZiCo - Jacov)),0.464900000,0.453300000,3,6,3,2173,run_monash_time_unique1000,10,1,TIME__CPHL__15T/seed_2173/run_monash_time_unique1000/visualizations/archive_latex.tex
866,0.220720721,0.464800000,-\mathrm{Jacov} - \left(\frac{\mathrm{Fisher}}{\mathrm{GSynFlow} - \mathrm{plain}}\right)^2,Jacov Negative Fisher GSynFlow plain Sub Div Square Sub <EOS>,(-(Jacov) - square((Fisher / (GSynFlow - plain)))),0.464800000,0.446500000,188,9,5,2099,run_monash_time_unique1000,5,1,TIME__CPHL__15T/seed_2099/run_monash_time_unique1000/visualizations/archive_latex.tex
867,0.219819820,0.464800000,\frac{\frac{\mathrm{ZiCo}}{\mathrm{Jacov}}}{\log\left(\mathrm{JacobFro}\right)},ZiCo Jacov Div Jacob_fro Log Div <EOS>,((ZiCo / Jacov) / log(Jacob_fro)),0.464800000,0.440600000,65,6,3,2092,run_monash_time_unique1000,6,1,TIME__CPHL__15T/seed_2092/run_monash_time_unique1000/visualizations/archive_latex.tex
868,0.218918919,0.464800000,-\left(\frac{\mathrm{Fisher}}{\mathrm{plain} - \mathrm{GSynFlow}}\right)^2 - \mathrm{Jacov},Fisher plain GSynFlow Sub Div Square Negative Jacov Sub <EOS>,(-(square((Fisher / (plain - GSynFlow)))) - Jacov),0.464800000,0.446500000,132,9,6,2094,run_monash_time_unique1000,6,1,TIME__CPHL__15T/seed_2094/run_monash_time_unique1000/visualizations/archive_latex.tex
869,0.218018018,0.464800000,\frac{\frac{\mathrm{ZiCo}}{\log\left(\sqrt{\mathrm{JacobFro}}\right)}}{\mathrm{Jacov}},ZiCo Jacob_fro Sqrt Log Div Jacov Div <EOS>,((ZiCo / log(sqrt(Jacob_fro))) / Jacov),0.464800000,0.440600000,32,7,5,2096,run_monash_time_unique1000,6,1,TIME__CPHL__15T/seed_2096/run_monash_time_unique1000/visualizations/archive_latex.tex
870,0.217117117,0.464800000,\frac{\frac{\mathrm{ZiCo}}{\log\left(\mathrm{JacobFro}\right)}}{\mathrm{Jacov}},ZiCo Jacob_fro Log Div Jacov Div <EOS>,((ZiCo / log(Jacob_fro)) / Jacov),0.464800000,0.440600000,76,6,4,2088,run_monash_time_unique1000,8,1,TIME__CPHL__15T/seed_2088/run_monash_time_unique1000/visualizations/archive_latex.tex
871,0.216216216,0.464800000,\frac{\mathrm{ZiCo}}{\left(\mathrm{Jacov}\right) \cdot \left(\log\left(\mathrm{JacobFro}\right)\right)},ZiCo Jacov Jacob_fro Log Mul Div <EOS>,(ZiCo / (Jacov * log(Jacob_fro))),0.464800000,0.440600000,190,6,4,2163,run_monash_time_unique1000,9,1,TIME__CPHL__15T/seed_2163/run_monash_time_unique1000/visualizations/archive_latex.tex
872,0.215315315,0.464700000,\left(-\mathrm{JacobFro}\right) \cdot \left(\mathrm{Jacov}\right) - \mathrm{Fisher},Jacob_fro Negative Jacov Mul Fisher Sub <EOS>,((-(Jacob_fro) * Jacov) - Fisher),0.464700000,0.414900000,146,6,4,2221,run_monash_time_unique1000,7,1,TIME__CPHL__15T/seed_2221/run_monash_time_unique1000/visualizations/archive_latex.tex
873,0.214414414,0.464700000,-\left(\mathrm{Jacov}\right) \cdot \left(\mathrm{JacobFro}\right) - \mathrm{JacobFro},Jacov Jacob_fro Mul Negative Jacob_fro Sub <EOS>,(-((Jacov * Jacob_fro)) - Jacob_fro),0.464700000,0.414400000,66,6,4,2095,run_monash_time_unique1000,8,1,TIME__CPHL__15T/seed_2095/run_monash_time_unique1000/visualizations/archive_latex.tex
874,0.213513514,0.464700000,\left(-\mathrm{JacobFro}\right) \cdot \left(\mathrm{Jacov}\right) - \mathrm{JacobFro},Jacob_fro Negative Jacov Mul Jacob_fro Sub <EOS>,((-(Jacob_fro) * Jacov) - Jacob_fro),0.464700000,0.414400000,149,6,4,2221,run_monash_time_unique1000,8,1,TIME__CPHL__15T/seed_2221/run_monash_time_unique1000/visualizations/archive_latex.tex
875,0.212612613,0.464700000,\mathrm{ZiCo} + \mathrm{GFLOPs} - \left(\mathrm{Jacov}\right) \cdot \left(\mathrm{JacobFro}\right),ZiCo GFLOPs Jacov Jacob_fro Mul Sub Add <EOS>,(ZiCo + (GFLOPs - (Jacov * Jacob_fro))),0.464700000,0.414100000,149,7,4,2042,run_monash_time_unique1000,9,1,TIME__CPHL__15T/seed_2042/run_monash_time_unique1000/visualizations/archive_latex.tex
876,0.211711712,0.464700000,\mathrm{GFLOPs} - \mathrm{Fisher} - \left(\mathrm{Jacov}\right) \cdot \left(\mathrm{JacobFro}\right),GFLOPs Fisher Sub Jacov Jacob_fro Mul Sub <EOS>,((GFLOPs - Fisher) - (Jacov * Jacob_fro)),0.464700000,0.415200000,194,7,3,2071,run_monash_time_unique1000,9,1,TIME__CPHL__15T/seed_2071/run_monash_time_unique1000/visualizations/archive_latex.tex
877,0.210810811,0.464700000,\mathrm{GradNorm} - \left(\mathrm{Jacov}\right) \cdot \left(\mathrm{ZiCo} + \mathrm{JacobFro}\right),Grad_Norm Jacov ZiCo Jacob_fro Add Mul Sub <EOS>,(Grad_Norm - (Jacov * (ZiCo + Jacob_fro))),0.464700000,0.412100000,200,7,4,2129,run_monash_time_unique1000,9,1,TIME__CPHL__15T/seed_2129/run_monash_time_unique1000/visualizations/archive_latex.tex
878,0.209909910,0.464700000,\sqrt{-\mathrm{Fisher}} - \mathrm{JacobFro} + \left(\mathrm{JacobFro}\right) \cdot \left(\mathrm{Jacov}\right),Fisher Negative Sqrt Jacob_fro Jacob_fro Jacov Mul Add Sub <EOS>,(sqrt(-(Fisher)) - (Jacob_fro + (Jacob_fro * Jacov))),0.464700000,0.414400000,187,9,4,2071,run_monash_time_unique1000,10,1,TIME__CPHL__15T/seed_2071/run_monash_time_unique1000/visualizations/archive_latex.tex
879,0.209009009,0.464600000,\left(\mathrm{JacobFro}\right) \cdot \left(\log\left(\mathrm{L2Norm}\right)\right) - \mathrm{Jacov} - \mathrm{L2Norm},Jacob_fro L2-Norm Log Mul Jacov Sub L2-Norm Sub <EOS>,(((Jacob_fro * log(L2-Norm)) - Jacov) - L2-Norm),0.464600000,0.451600000,56,8,5,2168,run_monash_time_unique1000,3,2,TIME__CPHL__15T/seed_2168/run_monash_time_unique1000/visualizations/archive_latex.tex
880,0.208108108,0.464600000,\left(\mathrm{JacobFro}\right) \cdot \left(\log\left(\mathrm{L2Norm}\right)\right) - \mathrm{Jacov} + \mathrm{L2Norm},Jacob_fro L2-Norm Log Mul Jacov L2-Norm Add Sub <EOS>,((Jacob_fro * log(L2-Norm)) - (Jacov + L2-Norm)),0.464600000,0.451600000,90,8,4,2190,run_monash_time_unique1000,4,3,TIME__CPHL__15T/seed_2190/run_monash_time_unique1000/visualizations/archive_latex.tex
881,0.207207207,0.464600000,\left(\left(\sqrt{\mathrm{Jacov}}\right)^2\right) \cdot \left(\mathrm{JacobFro}\right),Jacov Sqrt Square Jacob_fro Mul <EOS>,(square(sqrt(Jacov)) * Jacob_fro),0.464600000,0.414000000,142,5,4,2179,run_monash_time_unique1000,6,1,TIME__CPHL__15T/seed_2179/run_monash_time_unique1000/visualizations/archive_latex.tex
882,0.206306306,0.464600000,\left(\log\left(\mathrm{L2Norm}\right)\right) \cdot \left(\mathrm{JacobFro}\right) - \mathrm{Jacov} + \mathrm{L2Norm},L2-Norm Log Jacob_fro Mul Jacov L2-Norm Add Sub <EOS>,((log(L2-Norm) * Jacob_fro) - (Jacov + L2-Norm)),0.464600000,0.451600000,105,8,4,2192,run_monash_time_unique1000,6,2,TIME__CPHL__15T/seed_2192/run_monash_time_unique1000/visualizations/archive_latex.tex
883,0.205405405,0.464600000,\left(\mathrm{JacobFro}\right) \cdot \left(-\mathrm{Jacov}\right),Jacob_fro Jacov Negative Mul <EOS>,(Jacob_fro * -(Jacov)),0.464600000,0.414000000,79,4,3,2095,run_monash_time_unique1000,9,1,TIME__CPHL__15T/seed_2095/run_monash_time_unique1000/visualizations/archive_latex.tex
884,0.204504505,0.464600000,\left(\left(\mathrm{JacobFro}\right) \cdot \left(\mathrm{Jacov}\right)\right)^2,Jacob_fro Jacov Mul Square <EOS>,square((Jacob_fro * Jacov)),0.464600000,0.414000000,47,4,3,2221,run_monash_time_unique1000,9,1,TIME__CPHL__15T/seed_2221/run_monash_time_unique1000/visualizations/archive_latex.tex
885,0.203603604,0.464600000,\mathrm{L2Norm} + -\left(\mathrm{Jacov}\right) \cdot \left(\mathrm{JacobFro}\right),L2-Norm Jacov Jacob_fro Mul Negative Add <EOS>,(L2-Norm + -((Jacov * Jacob_fro))),0.464600000,0.410400000,115,6,4,2042,run_monash_time_unique1000,10,1,TIME__CPHL__15T/seed_2042/run_monash_time_unique1000/visualizations/archive_latex.tex
886,0.202702703,0.464600000,\left(-\mathrm{JacobFro}\right) \cdot \left(\mathrm{Jacov}\right),Jacob_fro Negative Jacov Mul <EOS>,(-(Jacob_fro) * Jacov),0.464600000,0.414000000,41,4,3,2129,run_monash_time_unique1000,10,1,TIME__CPHL__15T/seed_2129/run_monash_time_unique1000/visualizations/archive_latex.tex
887,0.201801802,0.464600000,\sqrt{\mathrm{JacobFro}} - \left(\mathrm{Jacov}\right) \cdot \left(\mathrm{JacobFro} + \mathrm{JacobFro}\right),Jacob_fro Sqrt Jacov Jacob_fro Jacob_fro Add Mul Sub <EOS>,(sqrt(Jacob_fro) - (Jacov * (Jacob_fro + Jacob_fro))),0.464600000,0.414900000,161,8,4,2155,run_monash_time_unique1000,10,1,TIME__CPHL__15T/seed_2155/run_monash_time_unique1000/visualizations/archive_latex.tex
888,0.200900901,0.464600000,\frac{\mathrm{Fisher}}{\log\left(\log\left(\mathrm{GFLOPs}\right)\right)} - \left(\mathrm{JacobFro}\right) \cdot \left(\mathrm{Jacov}\right),Fisher GFLOPs Log Log Div Jacob_fro Jacov Mul Sub <EOS>,((Fisher / log(log(GFLOPs))) - (Jacob_fro * Jacov)),0.464600000,0.455200000,130,9,5,2185,run_monash_time_unique1000,10,1,TIME__CPHL__15T/seed_2185/run_monash_time_unique1000/visualizations/archive_latex.tex
889,0.200000000,0.464500000,\sqrt{-\left(\log\left(\mathrm{Jacov}\right)\right) \cdot \left(\sqrt{\log\left(\mathrm{JacobFro}\right)}\right)},Jacov Log Jacob_fro Log Sqrt Mul Negative Sqrt <EOS>,sqrt(-((log(Jacov) * sqrt(log(Jacob_fro))))),0.464500000,0.436200000,178,8,6,2027,run_monash_time_unique1000,6,1,TIME__CPHL__15T/seed_2027/run_monash_time_unique1000/visualizations/archive_latex.tex
890,0.199099099,0.464500000,\left(\log\left(-\mathrm{Jacov}\right)\right) \cdot \left(\sqrt{\log\left(\mathrm{JacobFro}\right)}\right),Jacov Negative Log Jacob_fro Log Sqrt Mul <EOS>,(log(-(Jacov)) * sqrt(log(Jacob_fro))),0.464500000,0.436200000,170,7,4,2193,run_monash_time_unique1000,7,1,TIME__CPHL__15T/seed_2193/run_monash_time_unique1000/visualizations/archive_latex.tex
891,0.198198198,0.464500000,\left(\log\left(\mathrm{JacobFro}\right)\right) \cdot \left(\left(\log\left(\mathrm{Jacov}\right)\right)^2\right),Jacob_fro Log Jacov Log Square Mul <EOS>,(log(Jacob_fro) * square(log(Jacov))),0.464500000,0.436200000,175,6,4,2177,run_monash_time_unique1000,8,1,TIME__CPHL__15T/seed_2177/run_monash_time_unique1000/visualizations/archive_latex.tex
892,0.197297297,0.464500000,\left(\mathrm{MParams} - \mathrm{JacobFro}\right) \cdot \left(\mathrm{Jacov}\right) - \mathrm{Jacov},MParams Jacob_fro Sub Jacov Mul Jacov Sub <EOS>,(((MParams - Jacob_fro) * Jacov) - Jacov),0.464500000,0.428000000,64,7,4,2157,run_monash_time_unique1000,10,1,TIME__CPHL__15T/seed_2157/run_monash_time_unique1000/visualizations/archive_latex.tex
893,0.196396396,0.464500000,\left(\sqrt{\log\left(\mathrm{JacobFro}\right)}\right) \cdot \left(\log\left(\mathrm{Jacov}\right)\right),Jacob_fro Log Sqrt Jacov Log Mul <EOS>,(sqrt(log(Jacob_fro)) * log(Jacov)),0.464500000,0.436200000,115,6,4,2166,run_monash_time_unique1000,10,1,TIME__CPHL__15T/seed_2166/run_monash_time_unique1000/visualizations/archive_latex.tex
894,0.195495495,0.464400000,\left(-\log\left(\mathrm{Jacov}\right)\right) \cdot \left(\left(\mathrm{JacobFro}\right) \cdot \left(\mathrm{Jacov}\right)\right),Jacov Log Negative Jacob_fro Jacov Mul Mul <EOS>,(-(log(Jacov)) * (Jacob_fro * Jacov)),0.464400000,0.434600000,48,7,4,2146,run_monash_time_unique1000,8,1,TIME__CPHL__15T/seed_2146/run_monash_time_unique1000/visualizations/archive_latex.tex
895,0.194594595,0.464400000,\left(\mathrm{Jacov} + \mathrm{L2Norm}\right)^2 - \frac{\mathrm{Jacov}}{\left(\mathrm{Fisher}\right)^2},Jacov L2-Norm Add Square Jacov Fisher Square Div Sub <EOS>,(square((Jacov + L2-Norm)) - (Jacov / square(Fisher))),0.464400000,0.423600000,61,9,4,2095,run_monash_time_unique1000,10,1,TIME__CPHL__15T/seed_2095/run_monash_time_unique1000/visualizations/archive_latex.tex
896,0.193693694,0.464200000,\left(\frac{\mathrm{Jacov}}{\mathrm{GradNorm}} - \mathrm{JacobFro}\right) \cdot \left(\mathrm{Jacov}\right),Jacov Grad_Norm Div Jacob_fro Sub Jacov Mul <EOS>,(((Jacov / Grad_Norm) - Jacob_fro) * Jacov),0.464200000,0.445300000,133,7,4,2144,run_monash_time_unique1000,5,1,TIME__CPHL__15T/seed_2144/run_monash_time_unique1000/visualizations/archive_latex.tex
897,0.192792793,0.464200000,\left(\mathrm{MParams} - \mathrm{JacobFro} - \sqrt{\mathrm{plain}}\right) \cdot \left(\mathrm{Jacov}\right),MParams Jacob_fro Sub plain Sqrt Sub Jacov Mul <EOS>,(((MParams - Jacob_fro) - sqrt(plain)) * Jacov),0.464200000,0.422500000,137,8,4,2151,run_monash_time_unique1000,7,1,TIME__CPHL__15T/seed_2151/run_monash_time_unique1000/visualizations/archive_latex.tex
898,0.191891892,0.464100000,\mathrm{Fisher} - \mathrm{Jacov} - \frac{\log\left(\mathrm{GSynFlow}\right)}{\mathrm{Fisher}},Fisher Jacov Sub GSynFlow Log Fisher Div Sub <EOS>,((Fisher - Jacov) - (log(GSynFlow) / Fisher)),0.464100000,0.486400000,169,8,4,2195,run_monash_time_unique1000,4,2,TIME__CPHL__15T/seed_2195/run_monash_time_unique1000/visualizations/archive_latex.tex
899,0.190990991,0.464100000,\frac{\log\left(\mathrm{GSynFlow}\right)}{-\mathrm{Fisher}} - \mathrm{Jacov} - \mathrm{Fisher},GSynFlow Log Fisher Negative Div Jacov Fisher Sub Sub <EOS>,((log(GSynFlow) / -(Fisher)) - (Jacov - Fisher)),0.464100000,0.486400000,164,9,4,2189,run_monash_time_unique1000,7,4,TIME__CPHL__15T/seed_2189/run_monash_time_unique1000/visualizations/archive_latex.tex
900,0.190090090,0.464100000,\frac{\log\left(\mathrm{GSynFlow}\right)}{-\mathrm{Fisher}} - \mathrm{Jacov} + \mathrm{Fisher},GSynFlow Log Fisher Negative Div Jacov Sub Fisher Add <EOS>,(((log(GSynFlow) / -(Fisher)) - Jacov) + Fisher),0.464100000,0.486400000,81,9,5,2146,run_monash_time_unique1000,9,1,TIME__CPHL__15T/seed_2146/run_monash_time_unique1000/visualizations/archive_latex.tex
901,0.189189189,0.464100000,\frac{\log\left(\mathrm{GSynFlow}\right)}{-\mathrm{Fisher}} + \mathrm{Fisher} - \mathrm{Jacov},GSynFlow Log Fisher Negative Div Fisher Add Jacov Sub <EOS>,(((log(GSynFlow) / -(Fisher)) + Fisher) - Jacov),0.464100000,0.486400000,109,9,5,2119,run_monash_time_unique1000,10,1,TIME__CPHL__15T/seed_2119/run_monash_time_unique1000/visualizations/archive_latex.tex
902,0.188288288,0.463900000,\frac{\sqrt{\mathrm{GradNorm}} - \mathrm{plain}}{\mathrm{Jacov}},Grad_Norm Sqrt plain Sub Jacov Div <EOS>,((sqrt(Grad_Norm) - plain) / Jacov),0.463900000,0.437800000,5,6,4,2201,run_monash_time_unique1000,9,1,TIME__CPHL__15T/seed_2201/run_monash_time_unique1000/visualizations/archive_latex.tex
903,0.187387387,0.463900000,\left(\left(\log\left(\mathrm{JacobFro}\right)\right)^2\right) \cdot \left(-\mathrm{Jacov} + \mathrm{plain}\right),Jacob_fro Log Square Jacov Negative plain Add Mul <EOS>,(square(log(Jacob_fro)) * (-(Jacov) + plain)),0.463900000,0.439200000,5,8,4,2066,run_monash_time_unique1000,10,1,TIME__CPHL__15T/seed_2066/run_monash_time_unique1000/visualizations/archive_latex.tex
904,0.186486486,0.463900000,\left(\log\left(\mathrm{JacobFro}\right)\right) \cdot \left(\left(\sqrt{\mathrm{Jacov}}\right)^2 - \mathrm{MParams}\right),Jacob_fro Log Jacov Sqrt Square MParams Sub Mul <EOS>,(log(Jacob_fro) * (square(sqrt(Jacov)) - MParams)),0.463900000,0.454500000,11,8,5,2187,run_monash_time_unique1000,10,1,TIME__CPHL__15T/seed_2187/run_monash_time_unique1000/visualizations/archive_latex.tex
905,0.185585586,0.463800000,\frac{\log\left(\mathrm{Snip}\right)}{\log\left(\mathrm{GSynFlow}\right)} - \mathrm{Jacov},Snip Log GSynFlow Log Div Jacov Sub <EOS>,((log(Snip) / log(GSynFlow)) - Jacov),0.463800000,0.481400000,85,7,4,2092,run_monash_time_unique1000,7,1,TIME__CPHL__15T/seed_2092/run_monash_time_unique1000/visualizations/archive_latex.tex
906,0.184684685,0.463800000,\left(-\mathrm{L2Norm} - \mathrm{GradNorm} - \mathrm{Jacov}\right) \cdot \left(\mathrm{JacobFro}\right),L2-Norm Negative Grad_Norm Sub Jacov Sub Jacob_fro Mul <EOS>,(((-(L2-Norm) - Grad_Norm) - Jacov) * Jacob_fro),0.463800000,0.479500000,158,8,5,2163,run_monash_time_unique1000,10,1,TIME__CPHL__15T/seed_2163/run_monash_time_unique1000/visualizations/archive_latex.tex
907,0.183783784,0.463700000,\frac{\log\left(\mathrm{Jacov}\right)}{\mathrm{Fisher}} - \mathrm{L2Norm} - \mathrm{Jacov},Jacov Log Fisher Div L2-Norm Sub Jacov Sub <EOS>,(((log(Jacov) / Fisher) - L2-Norm) - Jacov),0.463700000,0.448400000,150,8,5,2036,run_monash_time_unique1000,5,3,TIME__CPHL__15T/seed_2036/run_monash_time_unique1000/visualizations/archive_latex.tex
908,0.182882883,0.463700000,\frac{\log\left(\mathrm{Jacov}\right)}{\mathrm{Fisher}} - \mathrm{L2Norm} + \mathrm{Jacov},Jacov Log Fisher Div L2-Norm Jacov Add Sub <EOS>,((log(Jacov) / Fisher) - (L2-Norm + Jacov)),0.463700000,0.448400000,103,8,4,2067,run_monash_time_unique1000,5,7,TIME__CPHL__15T/seed_2067/run_monash_time_unique1000/visualizations/archive_latex.tex
909,0.181981982,0.463700000,\frac{\log\left(\mathrm{Jacov}\right)}{\mathrm{Fisher}} - \mathrm{Jacov} + \mathrm{L2Norm},Jacov Log Fisher Div Jacov L2-Norm Add Sub <EOS>,((log(Jacov) / Fisher) - (Jacov + L2-Norm)),0.463700000,0.448400000,135,8,4,2137,run_monash_time_unique1000,5,10,TIME__CPHL__15T/seed_2137/run_monash_time_unique1000/visualizations/archive_latex.tex
910,0.181081081,0.463700000,\frac{\log\left(\mathrm{Jacov}\right)}{\mathrm{Fisher}} - \mathrm{Jacov} - \mathrm{L2Norm},Jacov Log Fisher Div Jacov Sub L2-Norm Sub <EOS>,(((log(Jacov) / Fisher) - Jacov) - L2-Norm),0.463700000,0.448400000,89,8,5,2219,run_monash_time_unique1000,5,3,TIME__CPHL__15T/seed_2219/run_monash_time_unique1000/visualizations/archive_latex.tex
911,0.180180180,0.463700000,\frac{\log\left(\frac{\mathrm{Snip}}{\mathrm{plain}}\right)}{\mathrm{Jacov}},Snip plain Div Log Jacov Div <EOS>,(log((Snip / plain)) / Jacov),0.463700000,0.477600000,25,6,4,2067,run_monash_time_unique1000,6,1,TIME__CPHL__15T/seed_2067/run_monash_time_unique1000/visualizations/archive_latex.tex
912,0.179279279,0.463700000,\left(\log\left(\mathrm{JacobFro}\right)\right) \cdot \left(\mathrm{MParams} - \mathrm{Jacov} + \mathrm{ZiCo}\right),Jacob_fro Log MParams Jacov Sub ZiCo Add Mul <EOS>,(log(Jacob_fro) * ((MParams - Jacov) + ZiCo)),0.463700000,0.450600000,3,8,4,2204,run_monash_time_unique1000,7,1,TIME__CPHL__15T/seed_2204/run_monash_time_unique1000/visualizations/archive_latex.tex
913,0.178378378,0.463600000,\mathrm{JacobFro} + \frac{\log\left(\mathrm{GraSP}\right)}{\mathrm{Fisher}} - \mathrm{Jacov},Jacob_fro GraSP Log Fisher Div Jacov Sub Add <EOS>,(Jacob_fro + ((log(GraSP) / Fisher) - Jacov)),0.463600000,0.423500000,138,8,5,2167,run_monash_time_unique1000,10,1,TIME__CPHL__15T/seed_2167/run_monash_time_unique1000/visualizations/archive_latex.tex
914,0.177477477,0.463500000,\frac{\log\left(\frac{\mathrm{Snip}}{\mathrm{plain}}\right)}{\mathrm{Jacov} + \mathrm{L2Norm}},Snip plain Div Log Jacov L2-Norm Add Div <EOS>,(log((Snip / plain)) / (Jacov + L2-Norm)),0.463500000,0.505100000,17,8,4,2067,run_monash_time_unique1000,7,1,TIME__CPHL__15T/seed_2067/run_monash_time_unique1000/visualizations/archive_latex.tex
915,0.176576577,0.463500000,\frac{\mathrm{JacobFro}}{\log\left(\log\left(\mathrm{GradNorm}\right)\right)} - \mathrm{Jacov},Jacob_fro Grad_Norm Log Log Div Jacov Sub <EOS>,((Jacob_fro / log(log(Grad_Norm))) - Jacov),0.463500000,0.441300000,130,7,5,2192,run_monash_time_unique1000,7,1,TIME__CPHL__15T/seed_2192/run_monash_time_unique1000/visualizations/archive_latex.tex
916,0.175675676,0.463500000,\frac{\log\left(\frac{\mathrm{Snip}}{\mathrm{plain}}\right)}{\mathrm{L2Norm} + \mathrm{Jacov}},Snip plain Div Log L2-Norm Jacov Add Div <EOS>,(log((Snip / plain)) / (L2-Norm + Jacov)),0.463500000,0.505100000,147,8,4,2222,run_monash_time_unique1000,7,1,TIME__CPHL__15T/seed_2222/run_monash_time_unique1000/visualizations/archive_latex.tex
917,0.174774775,0.463400000,\frac{\mathrm{GFLOPs}}{\log\left(\mathrm{GSynFlow}\right)} - \mathrm{Jacov},GFLOPs GSynFlow Log Div Jacov Sub <EOS>,((GFLOPs / log(GSynFlow)) - Jacov),0.463400000,0.479700000,151,6,4,2039,run_monash_time_unique1000,3,31,TIME__CPHL__15T/seed_2039/run_monash_time_unique1000/visualizations/archive_latex.tex
918,0.173873874,0.463400000,\frac{\left(\mathrm{GFLOPs}\right)^2 - \mathrm{Jacov}}{\mathrm{L2Norm} + \mathrm{MParams}},GFLOPs Square Jacov Sub L2-Norm MParams Add Div <EOS>,((square(GFLOPs) - Jacov) / (L2-Norm + MParams)),0.463400000,0.481700000,185,8,4,2226,run_monash_time_unique1000,6,1,TIME__CPHL__15T/seed_2226/run_monash_time_unique1000/visualizations/archive_latex.tex
919,0.172972973,0.463400000,\frac{\log\left(\mathrm{JacobFro}\right)}{\left(\mathrm{Jacov} - \mathrm{plain}\right) \cdot \left(\mathrm{JacobFro}\right)},Jacob_fro Log Jacov plain Sub Jacob_fro Mul Div <EOS>,(log(Jacob_fro) / ((Jacov - plain) * Jacob_fro)),0.463400000,0.440900000,6,8,4,2094,run_monash_time_unique1000,7,1,TIME__CPHL__15T/seed_2094/run_monash_time_unique1000/visualizations/archive_latex.tex
920,0.172072072,0.463400000,\sqrt{\mathrm{Fisher} - \mathrm{ZiCo}} - \left(\mathrm{Jacov}\right) \cdot \left(\mathrm{JacobFro}\right),Fisher ZiCo Sub Sqrt Jacov Jacob_fro Mul Sub <EOS>,(sqrt((Fisher - ZiCo)) - (Jacov * Jacob_fro)),0.463400000,0.414300000,188,8,4,2179,run_monash_time_unique1000,7,1,TIME__CPHL__15T/seed_2179/run_monash_time_unique1000/visualizations/archive_latex.tex
921,0.171171171,0.463300000,\left(\mathrm{Fisher} - \mathrm{Jacov}\right) \cdot \left(\log\left(\mathrm{JacobFro}\right)\right),Fisher Jacov Sub Jacob_fro Log Mul <EOS>,((Fisher - Jacov) * log(Jacob_fro)),0.463300000,0.452100000,85,6,3,2195,run_monash_time_unique1000,5,2,TIME__CPHL__15T/seed_2195/run_monash_time_unique1000/visualizations/archive_latex.tex
922,0.170270270,0.463300000,\frac{\frac{\log\left(\mathrm{L2Norm}\right)}{\mathrm{JacobFro}}}{\mathrm{Jacov}},L2-Norm Log Jacob_fro Div Jacov Div <EOS>,((log(L2-Norm) / Jacob_fro) / Jacov),0.463300000,0.423000000,21,6,4,2092,run_monash_time_unique1000,8,1,TIME__CPHL__15T/seed_2092/run_monash_time_unique1000/visualizations/archive_latex.tex
923,0.169369369,0.463300000,\left(-\log\left(\mathrm{JacobFro}\right)\right) \cdot \left(\mathrm{Jacov} - \mathrm{Fisher}\right),Jacob_fro Log Negative Jacov Fisher Sub Mul <EOS>,(-(log(Jacob_fro)) * (Jacov - Fisher)),0.463300000,0.452100000,77,7,4,2218,run_monash_time_unique1000,8,1,TIME__CPHL__15T/seed_2218/run_monash_time_unique1000/visualizations/archive_latex.tex
924,0.168468468,0.463200000,\left(\left(\mathrm{Jacov}\right)^2\right) \cdot \left(\mathrm{Fisher} + \mathrm{JacobFro}\right),Jacov Square Fisher Jacob_fro Add Mul <EOS>,(square(Jacov) * (Fisher + Jacob_fro)),0.463200000,0.431900000,77,6,3,2052,run_monash_time_unique1000,3,1,TIME__CPHL__15T/seed_2052/run_monash_time_unique1000/visualizations/archive_latex.tex
925,0.167567568,0.463200000,\left(\sqrt{\mathrm{GFLOPs}}\right) \cdot \left(\mathrm{JacobFro}\right) - \mathrm{L2Norm} + \mathrm{Jacov},GFLOPs Sqrt Jacob_fro Mul L2-Norm Jacov Add Sub <EOS>,((sqrt(GFLOPs) * Jacob_fro) - (L2-Norm + Jacov)),0.463200000,0.452900000,192,8,4,2152,run_monash_time_unique1000,6,1,TIME__CPHL__15T/seed_2152/run_monash_time_unique1000/visualizations/archive_latex.tex
926,0.166666667,0.463200000,\left(-\mathrm{Jacov}\right) \cdot \left(\mathrm{JacobFro}\right) - \frac{\mathrm{MParams}}{\mathrm{Fisher}},Jacov Negative Jacob_fro Mul MParams Fisher Div Sub <EOS>,((-(Jacov) * Jacob_fro) - (MParams / Fisher)),0.463200000,0.418600000,128,8,4,2049,run_monash_time_unique1000,7,1,TIME__CPHL__15T/seed_2049/run_monash_time_unique1000/visualizations/archive_latex.tex
927,0.165765766,0.463200000,\left(\sqrt{-\mathrm{GFLOPs}}\right) \cdot \left(\mathrm{JacobFro}\right) - \mathrm{Jacov} + \mathrm{L2Norm},GFLOPs Negative Sqrt Jacob_fro Mul Jacov L2-Norm Add Sub <EOS>,((sqrt(-(GFLOPs)) * Jacob_fro) - (Jacov + L2-Norm)),0.463200000,0.452900000,119,9,5,2210,run_monash_time_unique1000,7,1,TIME__CPHL__15T/seed_2210/run_monash_time_unique1000/visualizations/archive_latex.tex
928,0.164864865,0.463200000,\left(\sqrt{\mathrm{GFLOPs}}\right) \cdot \left(\mathrm{JacobFro}\right) - \mathrm{Jacov} - \mathrm{L2Norm},GFLOPs Sqrt Jacob_fro Mul Jacov Sub L2-Norm Sub <EOS>,(((sqrt(GFLOPs) * Jacob_fro) - Jacov) - L2-Norm),0.463200000,0.452900000,164,8,5,2225,run_monash_time_unique1000,8,1,TIME__CPHL__15T/seed_2225/run_monash_time_unique1000/visualizations/archive_latex.tex
929,0.163963964,0.463200000,\left(\sqrt{\mathrm{GFLOPs}}\right) \cdot \left(\mathrm{JacobFro}\right) - \mathrm{L2Norm} - \mathrm{Jacov},GFLOPs Sqrt Jacob_fro Mul L2-Norm Sub Jacov Sub <EOS>,(((sqrt(GFLOPs) * Jacob_fro) - L2-Norm) - Jacov),0.463200000,0.452900000,170,8,5,2101,run_monash_time_unique1000,9,1,TIME__CPHL__15T/seed_2101/run_monash_time_unique1000/visualizations/archive_latex.tex
930,0.163063063,0.463200000,\left(\mathrm{JacobFro}\right) \cdot \left(\sqrt{\mathrm{GFLOPs}}\right) - \mathrm{L2Norm} + \mathrm{Jacov},Jacob_fro GFLOPs Sqrt Mul L2-Norm Jacov Add Sub <EOS>,((Jacob_fro * sqrt(GFLOPs)) - (L2-Norm + Jacov)),0.463200000,0.452900000,149,8,4,2121,run_monash_time_unique1000,9,1,TIME__CPHL__15T/seed_2121/run_monash_time_unique1000/visualizations/archive_latex.tex
931,0.162162162,0.463200000,\left(\sqrt{\mathrm{GFLOPs}}\right) \cdot \left(\mathrm{JacobFro}\right) - \mathrm{Jacov} + \mathrm{L2Norm},GFLOPs Sqrt Jacob_fro Mul Jacov L2-Norm Add Sub <EOS>,((sqrt(GFLOPs) * Jacob_fro) - (Jacov + L2-Norm)),0.463200000,0.452900000,183,8,4,2085,run_monash_time_unique1000,10,1,TIME__CPHL__15T/seed_2085/run_monash_time_unique1000/visualizations/archive_latex.tex
932,0.161261261,0.463200000,\left(\mathrm{JacobFro}\right) \cdot \left(\sqrt{\mathrm{GFLOPs}}\right) - \mathrm{L2Norm} - \mathrm{Jacov},Jacob_fro GFLOPs Sqrt Mul L2-Norm Sub Jacov Sub <EOS>,(((Jacob_fro * sqrt(GFLOPs)) - L2-Norm) - Jacov),0.463200000,0.452900000,183,8,5,2097,run_monash_time_unique1000,10,1,TIME__CPHL__15T/seed_2097/run_monash_time_unique1000/visualizations/archive_latex.tex
933,0.160360360,0.463100000,\frac{\mathrm{L2Norm}}{\mathrm{Jacov} - \left(\mathrm{GFLOPs}\right)^2},L2-Norm Jacov GFLOPs Square Sub Div <EOS>,(L2-Norm / (Jacov - square(GFLOPs))),0.463100000,0.483400000,141,6,4,2171,run_monash_time_unique1000,5,3,TIME__CPHL__15T/seed_2171/run_monash_time_unique1000/visualizations/archive_latex.tex
934,0.159459459,0.463100000,\frac{\left(-\mathrm{GFLOPs}\right)^2 - \mathrm{Jacov}}{\mathrm{L2Norm}},GFLOPs Negative Square Jacov Sub L2-Norm Div <EOS>,((square(-(GFLOPs)) - Jacov) / L2-Norm),0.463100000,0.483400000,76,7,5,2209,run_monash_time_unique1000,5,1,TIME__CPHL__15T/seed_2209/run_monash_time_unique1000/visualizations/archive_latex.tex
935,0.158558559,0.463100000,\frac{\left(\mathrm{GFLOPs}\right)^2 - \mathrm{Jacov}}{\mathrm{L2Norm}},GFLOPs Square Jacov Sub L2-Norm Div <EOS>,((square(GFLOPs) - Jacov) / L2-Norm),0.463100000,0.483400000,20,6,4,2080,run_monash_time_unique1000,6,5,TIME__CPHL__15T/seed_2080/run_monash_time_unique1000/visualizations/archive_latex.tex
936,0.157657658,0.463100000,\frac{-\mathrm{L2Norm}}{\left(\mathrm{GFLOPs}\right)^2 - \mathrm{Jacov}},L2-Norm Negative GFLOPs Square Jacov Sub Div <EOS>,(-(L2-Norm) / (square(GFLOPs) - Jacov)),0.463100000,0.483400000,75,7,4,2028,run_monash_time_unique1000,8,1,TIME__CPHL__15T/seed_2028/run_monash_time_unique1000/visualizations/archive_latex.tex
937,0.156756757,0.463100000,\frac{\left(\mathrm{GFLOPs}\right)^2 - \mathrm{L2Norm} - \mathrm{Jacov}}{\mathrm{L2Norm}},GFLOPs Square L2-Norm Sub Jacov Sub L2-Norm Div <EOS>,(((square(GFLOPs) - L2-Norm) - Jacov) / L2-Norm),0.463100000,0.483400000,63,8,5,2094,run_monash_time_unique1000,8,1,TIME__CPHL__15T/seed_2094/run_monash_time_unique1000/visualizations/archive_latex.tex
938,0.155855856,0.463100000,\frac{\left(\mathrm{GFLOPs}\right)^2}{\mathrm{L2Norm}} - \frac{\mathrm{Jacov}}{\mathrm{L2Norm}},GFLOPs Square L2-Norm Div Jacov L2-Norm Div Sub <EOS>,((square(GFLOPs) / L2-Norm) - (Jacov / L2-Norm)),0.463100000,0.483400000,154,8,4,2156,run_monash_time_unique1000,8,1,TIME__CPHL__15T/seed_2156/run_monash_time_unique1000/visualizations/archive_latex.tex
939,0.154954955,0.463100000,\frac{\left(\mathrm{GFLOPs}\right) \cdot \left(\mathrm{GFLOPs}\right) - \mathrm{Jacov}}{\mathrm{L2Norm}},GFLOPs GFLOPs Mul Jacov Sub L2-Norm Div <EOS>,(((GFLOPs * GFLOPs) - Jacov) / L2-Norm),0.463100000,0.483400000,162,7,4,2098,run_monash_time_unique1000,9,1,TIME__CPHL__15T/seed_2098/run_monash_time_unique1000/visualizations/archive_latex.tex
940,0.154054054,0.463100000,\frac{\sqrt{\left(-\mathrm{GFLOPs}\right)^2 - \mathrm{Jacov}}}{\sqrt{\mathrm{L2Norm}}},GFLOPs Negative Square Jacov Sub Sqrt L2-Norm Sqrt Div <EOS>,(sqrt((square(-(GFLOPs)) - Jacov)) / sqrt(L2-Norm)),0.463100000,0.483400000,12,9,6,2193,run_monash_time_unique1000,9,1,TIME__CPHL__15T/seed_2193/run_monash_time_unique1000/visualizations/archive_latex.tex
941,0.153153153,0.463000000,\left(\mathrm{plain} - \sqrt{\mathrm{GradNorm}}\right) \cdot \left(\mathrm{L2Norm}\right) - \mathrm{Jacov},plain Grad_Norm Sqrt Sub L2-Norm Mul Jacov Sub <EOS>,(((plain - sqrt(Grad_Norm)) * L2-Norm) - Jacov),0.463000000,0.481900000,91,8,5,2147,run_monash_time_unique1000,6,1,TIME__CPHL__15T/seed_2147/run_monash_time_unique1000/visualizations/archive_latex.tex
942,0.152252252,0.462900000,\frac{\log\left(\log\left(\frac{\mathrm{Snip}}{\mathrm{plain}}\right)\right)}{\mathrm{Jacov} + \mathrm{ZiCo}},Snip plain Div Log Log Jacov ZiCo Add Div <EOS>,(log(log((Snip / plain))) / (Jacov + ZiCo)),0.462900000,0.481600000,57,9,5,2067,run_monash_time_unique1000,9,1,TIME__CPHL__15T/seed_2067/run_monash_time_unique1000/visualizations/archive_latex.tex
943,0.151351351,0.462800000,\left(\log\left(\mathrm{Jacov}\right)\right) \cdot \left(\mathrm{JacobFro}\right) - \mathrm{JacobFro} - \mathrm{Jacov},Jacov Log Jacob_fro Mul Jacob_fro Sub Jacov Sub <EOS>,(((log(Jacov) * Jacob_fro) - Jacob_fro) - Jacov),0.462800000,0.436900000,127,8,5,2151,run_monash_time_unique1000,8,1,TIME__CPHL__15T/seed_2151/run_monash_time_unique1000/visualizations/archive_latex.tex
944,0.150450450,0.462800000,\left(\mathrm{JacobFro}\right) \cdot \left(\log\left(\mathrm{Jacov}\right)\right) - \mathrm{Jacov} - \mathrm{JacobFro},Jacob_fro Jacov Log Mul Jacov Sub Jacob_fro Sub <EOS>,(((Jacob_fro * log(Jacov)) - Jacov) - Jacob_fro),0.462800000,0.436900000,96,8,5,2222,run_monash_time_unique1000,8,1,TIME__CPHL__15T/seed_2222/run_monash_time_unique1000/visualizations/archive_latex.tex
945,0.149549550,0.462600000,-\left(\log\left(\mathrm{L2Norm}\right) + \mathrm{JacobFro}\right) \cdot \left(\mathrm{Jacov}\right),L2-Norm Log Jacob_fro Add Jacov Mul Negative <EOS>,-(((log(L2-Norm) + Jacob_fro) * Jacov)),0.462600000,0.424900000,184,7,5,2096,run_monash_time_unique1000,7,1,TIME__CPHL__15T/seed_2096/run_monash_time_unique1000/visualizations/archive_latex.tex
946,0.148648649,0.462600000,\frac{\sqrt{\mathrm{GradNorm}}}{\log\left(\mathrm{GSynFlow}\right)} - \mathrm{Jacov} + \mathrm{L2Norm},Grad_Norm Sqrt GSynFlow Log Div Jacov L2-Norm Add Sub <EOS>,((sqrt(Grad_Norm) / log(GSynFlow)) - (Jacov + L2-Norm)),0.462600000,0.509500000,62,9,4,2204,run_monash_time_unique1000,8,1,TIME__CPHL__15T/seed_2204/run_monash_time_unique1000/visualizations/archive_latex.tex
947,0.147747748,0.462600000,\frac{\sqrt{\mathrm{GradNorm}}}{\log\left(\mathrm{GSynFlow}\right)} - \mathrm{Jacov} - \mathrm{L2Norm},Grad_Norm Sqrt GSynFlow Log Div Jacov Sub L2-Norm Sub <EOS>,(((sqrt(Grad_Norm) / log(GSynFlow)) - Jacov) - L2-Norm),0.462600000,0.509500000,200,9,5,2132,run_monash_time_unique1000,9,1,TIME__CPHL__15T/seed_2132/run_monash_time_unique1000/visualizations/archive_latex.tex
948,0.146846847,0.462600000,\frac{\mathrm{JacobFro} - \mathrm{GradNorm}}{\log\left(\mathrm{GSynFlow}\right)} - \mathrm{Jacov},Jacob_fro Grad_Norm Sub GSynFlow Log Div Jacov Sub <EOS>,(((Jacob_fro - Grad_Norm) / log(GSynFlow)) - Jacov),0.462600000,0.481400000,194,8,4,2203,run_monash_time_unique1000,9,1,TIME__CPHL__15T/seed_2203/run_monash_time_unique1000/visualizations/archive_latex.tex
949,0.145945946,0.462600000,\frac{\sqrt{\mathrm{GradNorm}}}{\log\left(\left(\mathrm{plain}\right) \cdot \left(\mathrm{Fisher}\right)\right)} - \mathrm{Jacov},Grad_Norm Sqrt plain Fisher Mul Log Div Jacov Sub <EOS>,((sqrt(Grad_Norm) / log((plain * Fisher))) - Jacov),0.462600000,0.478200000,112,9,5,2098,run_monash_time_unique1000,10,1,TIME__CPHL__15T/seed_2098/run_monash_time_unique1000/visualizations/archive_latex.tex
950,0.145045045,0.462500000,\left(\left(\mathrm{JacobFro}\right) \cdot \left(\mathrm{ZiCo}\right)\right) \cdot \left(\sqrt{\mathrm{Jacov}}\right) - \mathrm{Jacov},Jacob_fro ZiCo Mul Jacov Sqrt Mul Jacov Sub <EOS>,(((Jacob_fro * ZiCo) * sqrt(Jacov)) - Jacov),0.462500000,0.445100000,126,8,4,2140,run_monash_time_unique1000,9,1,TIME__CPHL__15T/seed_2140/run_monash_time_unique1000/visualizations/archive_latex.tex
951,0.144144144,0.462400000,\frac{\log\left(\mathrm{Snip} - \mathrm{GSynFlow}\right)}{\mathrm{L2Norm} + \mathrm{Jacov}},Snip GSynFlow Sub Log L2-Norm Jacov Add Div <EOS>,(log((Snip - GSynFlow)) / (L2-Norm + Jacov)),0.462400000,0.485700000,33,8,4,2138,run_monash_time_unique1000,8,1,TIME__CPHL__15T/seed_2138/run_monash_time_unique1000/visualizations/archive_latex.tex
952,0.143243243,0.462300000,\frac{\frac{\log\left(\log\left(\mathrm{JacobFro}\right)\right)}{\mathrm{Jacov}}}{\mathrm{JacobFro}},Jacob_fro Log Log Jacov Div Jacob_fro Div <EOS>,((log(log(Jacob_fro)) / Jacov) / Jacob_fro),0.462300000,0.437500000,42,7,5,2222,run_monash_time_unique1000,9,1,TIME__CPHL__15T/seed_2222/run_monash_time_unique1000/visualizations/archive_latex.tex
953,0.142342342,0.462200000,\left(\mathrm{GradNorm} + -\mathrm{L2Norm} - \mathrm{Jacov}\right) \cdot \left(\mathrm{JacobFro}\right),Grad_Norm L2-Norm Negative Add Jacov Sub Jacob_fro Mul <EOS>,(((Grad_Norm + -(L2-Norm)) - Jacov) * Jacob_fro),0.462200000,0.442500000,173,8,5,2064,run_monash_time_unique1000,5,1,TIME__CPHL__15T/seed_2064/run_monash_time_unique1000/visualizations/archive_latex.tex
954,0.141441441,0.462200000,\frac{\mathrm{ZiCo}}{\mathrm{Jacov} + \frac{\log\left(\mathrm{L2Norm}\right)}{\left(\mathrm{plain}\right)^2}},ZiCo Jacov L2-Norm Log plain Square Div Add Div <EOS>,(ZiCo / (Jacov + (log(L2-Norm) / square(plain)))),0.462200000,0.423000000,85,9,5,2222,run_monash_time_unique1000,10,1,TIME__CPHL__15T/seed_2222/run_monash_time_unique1000/visualizations/archive_latex.tex
955,0.140540541,0.462100000,\frac{\mathrm{MParams}}{\mathrm{ZiCo} - \mathrm{Fisher}} - \mathrm{Jacov},MParams ZiCo Fisher Sub Div Jacov Sub <EOS>,((MParams / (ZiCo - Fisher)) - Jacov),0.462100000,0.461000000,193,7,4,2133,run_monash_time_unique1000,3,1,TIME__CPHL__15T/seed_2133/run_monash_time_unique1000/visualizations/archive_latex.tex
956,0.139639640,0.462100000,\sqrt{\mathrm{Jacov} + \mathrm{L2Norm}} + \log\left(\log\left(\mathrm{MParams}\right)\right),Jacov L2-Norm Add Sqrt MParams Log Log Add <EOS>,(sqrt((Jacov + L2-Norm)) + log(log(MParams))),0.462100000,0.477600000,50,8,4,2210,run_monash_time_unique1000,8,1,TIME__CPHL__15T/seed_2210/run_monash_time_unique1000/visualizations/archive_latex.tex
957,0.138738739,0.462000000,\left(-\mathrm{JacobFro} + \log\left(\mathrm{Jacov}\right)\right) \cdot \left(\mathrm{Jacov}\right),Jacob_fro Jacov Log Add Negative Jacov Mul <EOS>,(-((Jacob_fro + log(Jacov))) * Jacov),0.462000000,0.435400000,147,7,5,2153,run_monash_time_unique1000,7,1,TIME__CPHL__15T/seed_2153/run_monash_time_unique1000/visualizations/archive_latex.tex
958,0.137837838,0.462000000,\frac{\mathrm{JacobFro}}{\left(\sqrt{\mathrm{GFLOPs}}\right) \cdot \left(\mathrm{Fisher}\right)} - \mathrm{Jacov},Jacob_fro GFLOPs Sqrt Fisher Mul Div Jacov Sub <EOS>,((Jacob_fro / (sqrt(GFLOPs) * Fisher)) - Jacov),0.462000000,0.432900000,145,8,5,2212,run_monash_time_unique1000,7,1,TIME__CPHL__15T/seed_2212/run_monash_time_unique1000/visualizations/archive_latex.tex
959,0.136936937,0.461900000,\frac{\sqrt{\mathrm{JacobFro}}}{\mathrm{Fisher}} - \mathrm{L2Norm} - \mathrm{Jacov},Jacob_fro Sqrt Fisher Div L2-Norm Sub Jacov Sub <EOS>,(((sqrt(Jacob_fro) / Fisher) - L2-Norm) - Jacov),0.461900000,0.454800000,119,8,5,2147,run_monash_time_unique1000,7,1,TIME__CPHL__15T/seed_2147/run_monash_time_unique1000/visualizations/archive_latex.tex
960,0.136036036,0.461900000,\frac{\sqrt{\mathrm{JacobFro}}}{\mathrm{Fisher}} - \mathrm{Jacov} + \mathrm{L2Norm},Jacob_fro Sqrt Fisher Div Jacov L2-Norm Add Sub <EOS>,((sqrt(Jacob_fro) / Fisher) - (Jacov + L2-Norm)),0.461900000,0.454800000,199,8,4,2210,run_monash_time_unique1000,9,1,TIME__CPHL__15T/seed_2210/run_monash_time_unique1000/visualizations/archive_latex.tex
961,0.135135135,0.461800000,\mathrm{Fisher} + \left(\log\left(\mathrm{Jacov}\right)\right) \cdot \left(\mathrm{JacobFro}\right) - \mathrm{Jacov},Fisher Jacov Log Jacob_fro Mul Add Jacov Sub <EOS>,((Fisher + (log(Jacov) * Jacob_fro)) - Jacov),0.461800000,0.425800000,160,8,5,2091,run_monash_time_unique1000,6,1,TIME__CPHL__15T/seed_2091/run_monash_time_unique1000/visualizations/archive_latex.tex
962,0.134234234,0.461700000,\frac{\left(\mathrm{JacobFro}\right)^2}{\mathrm{GradNorm}} - \mathrm{L2Norm} - \mathrm{Jacov},Jacob_fro Square Grad_Norm Div L2-Norm Sub Jacov Sub <EOS>,(((square(Jacob_fro) / Grad_Norm) - L2-Norm) - Jacov),0.461700000,0.452500000,181,8,5,2148,run_monash_time_unique1000,3,4,TIME__CPHL__15T/seed_2148/run_monash_time_unique1000/visualizations/archive_latex.tex
963,0.133333333,0.461700000,\frac{\left(\mathrm{JacobFro}\right)^2}{\mathrm{GradNorm}} - \mathrm{Jacov} + \mathrm{L2Norm},Jacob_fro Square Grad_Norm Div Jacov L2-Norm Add Sub <EOS>,((square(Jacob_fro) / Grad_Norm) - (Jacov + L2-Norm)),0.461700000,0.452500000,163,8,4,2073,run_monash_time_unique1000,6,2,TIME__CPHL__15T/seed_2073/run_monash_time_unique1000/visualizations/archive_latex.tex
964,0.132432432,0.461700000,\frac{\left(\mathrm{JacobFro}\right)^2}{\mathrm{GradNorm}} - \mathrm{L2Norm} + \mathrm{Jacov},Jacob_fro Square Grad_Norm Div L2-Norm Jacov Add Sub <EOS>,((square(Jacob_fro) / Grad_Norm) - (L2-Norm + Jacov)),0.461700000,0.452500000,28,8,4,2091,run_monash_time_unique1000,7,2,TIME__CPHL__15T/seed_2091/run_monash_time_unique1000/visualizations/archive_latex.tex
965,0.131531532,0.461700000,\frac{\left(\mathrm{JacobFro}\right)^2}{\mathrm{GradNorm}} - \mathrm{Jacov} - \mathrm{L2Norm},Jacob_fro Square Grad_Norm Div Jacov Sub L2-Norm Sub <EOS>,(((square(Jacob_fro) / Grad_Norm) - Jacov) - L2-Norm),0.461700000,0.452500000,129,8,5,2032,run_monash_time_unique1000,8,1,TIME__CPHL__15T/seed_2032/run_monash_time_unique1000/visualizations/archive_latex.tex
966,0.130630631,0.461600000,\mathrm{JacobFro} - \frac{\log\left(\mathrm{L2Norm}\right)}{-\mathrm{Fisher}} - \mathrm{Jacov},Jacob_fro L2-Norm Log Fisher Negative Div Sub Jacov Sub <EOS>,((Jacob_fro - (log(L2-Norm) / -(Fisher))) - Jacov),0.461600000,0.429200000,117,9,5,2133,run_monash_time_unique1000,4,1,TIME__CPHL__15T/seed_2133/run_monash_time_unique1000/visualizations/archive_latex.tex
967,0.129729730,0.461600000,\mathrm{JacobFro} - \mathrm{Jacov} - \frac{\log\left(\mathrm{L2Norm}\right)}{-\mathrm{Fisher}},Jacob_fro Jacov Sub L2-Norm Log Fisher Negative Div Sub <EOS>,((Jacob_fro - Jacov) - (log(L2-Norm) / -(Fisher))),0.461600000,0.429200000,112,9,4,2209,run_monash_time_unique1000,6,1,TIME__CPHL__15T/seed_2209/run_monash_time_unique1000/visualizations/archive_latex.tex
968,0.128828829,0.461500000,\sqrt{\mathrm{Jacov}} - -\sqrt{\mathrm{JacobFro}},Jacov Sqrt Jacob_fro Sqrt Negative Sub <EOS>,(sqrt(Jacov) - -(sqrt(Jacob_fro))),0.461500000,0.443100000,191,6,4,2039,run_monash_time_unique1000,4,1,TIME__CPHL__15T/seed_2039/run_monash_time_unique1000/visualizations/archive_latex.tex
969,0.127927928,0.461500000,\sqrt{\mathrm{Jacov}} + \sqrt{\mathrm{JacobFro}},Jacov Sqrt Jacob_fro Sqrt Add <EOS>,(sqrt(Jacov) + sqrt(Jacob_fro)),0.461500000,0.443100000,150,5,3,2083,run_monash_time_unique1000,4,3,TIME__CPHL__15T/seed_2083/run_monash_time_unique1000/visualizations/archive_latex.tex
970,0.127027027,0.461500000,\sqrt{\mathrm{JacobFro}} - -\sqrt{\mathrm{Jacov}},Jacob_fro Sqrt Jacov Sqrt Negative Sub <EOS>,(sqrt(Jacob_fro) - -(sqrt(Jacov))),0.461500000,0.443100000,28,6,4,2144,run_monash_time_unique1000,6,1,TIME__CPHL__15T/seed_2144/run_monash_time_unique1000/visualizations/archive_latex.tex
971,0.126126126,0.461500000,\left(-\mathrm{GradNorm} - \mathrm{Jacov}\right) \cdot \left(\mathrm{Fisher} + \mathrm{JacobFro}\right),Grad_Norm Negative Jacov Sub Fisher Jacob_fro Add Mul <EOS>,((-(Grad_Norm) - Jacov) * (Fisher + Jacob_fro)),0.461500000,0.426800000,27,8,4,2099,run_monash_time_unique1000,7,1,TIME__CPHL__15T/seed_2099/run_monash_time_unique1000/visualizations/archive_latex.tex
972,0.125225225,0.461500000,\sqrt{\mathrm{JacobFro}} + \sqrt{\mathrm{Jacov}},Jacob_fro Sqrt Jacov Sqrt Add <EOS>,(sqrt(Jacob_fro) + sqrt(Jacov)),0.461500000,0.443100000,14,5,3,2027,run_monash_time_unique1000,8,2,TIME__CPHL__15T/seed_2027/run_monash_time_unique1000/visualizations/archive_latex.tex
973,0.124324324,0.461500000,--\sqrt{\mathrm{Jacov}} + -\sqrt{\mathrm{JacobFro}},Jacov Sqrt Negative Jacob_fro Sqrt Negative Add Negative <EOS>,-((-(sqrt(Jacov)) + -(sqrt(Jacob_fro)))),0.461500000,0.443100000,90,8,5,2151,run_monash_time_unique1000,9,1,TIME__CPHL__15T/seed_2151/run_monash_time_unique1000/visualizations/archive_latex.tex
974,0.123423423,0.461300000,\left(\log\left(\mathrm{Jacov}\right)\right) \cdot \left(\mathrm{JacobFro}\right) - \mathrm{Jacov},Jacov Log Jacob_fro Mul Jacov Sub <EOS>,((log(Jacov) * Jacob_fro) - Jacov),0.461300000,0.429000000,166,6,4,2116,run_monash_time_unique1000,4,4,TIME__CPHL__15T/seed_2116/run_monash_time_unique1000/visualizations/archive_latex.tex
975,0.122522523,0.461300000,\frac{\mathrm{JacobFro}}{\sqrt{\mathrm{Fisher}}} - \mathrm{Jacov},Jacob_fro Fisher Sqrt Div Jacov Sub <EOS>,((Jacob_fro / sqrt(Fisher)) - Jacov),0.461300000,0.452000000,194,6,4,2168,run_monash_time_unique1000,4,10,TIME__CPHL__15T/seed_2168/run_monash_time_unique1000/visualizations/archive_latex.tex
976,0.121621622,0.461300000,\left(\mathrm{JacobFro}\right) \cdot \left(\log\left(\mathrm{Jacov}\right)\right) - \mathrm{Jacov},Jacob_fro Jacov Log Mul Jacov Sub <EOS>,((Jacob_fro * log(Jacov)) - Jacov),0.461300000,0.429000000,24,6,4,2168,run_monash_time_unique1000,5,2,TIME__CPHL__15T/seed_2168/run_monash_time_unique1000/visualizations/archive_latex.tex
977,0.120720721,0.461300000,\frac{\mathrm{ZiCo}}{\frac{\log\left(\mathrm{Snip}\right)}{\left(\mathrm{plain}\right)^2} + \mathrm{Jacov}},ZiCo Snip Log plain Square Div Jacov Add Div <EOS>,(ZiCo / ((log(Snip) / square(plain)) + Jacov)),0.461300000,0.425600000,190,9,5,2080,run_monash_time_unique1000,7,1,TIME__CPHL__15T/seed_2080/run_monash_time_unique1000/visualizations/archive_latex.tex
978,0.119819820,0.461300000,\frac{\sqrt{\mathrm{Fisher}}}{\frac{\mathrm{Fisher}}{\mathrm{JacobFro}}} - \mathrm{Jacov},Fisher Sqrt Fisher Jacob_fro Div Div Jacov Sub <EOS>,((sqrt(Fisher) / (Fisher / Jacob_fro)) - Jacov),0.461300000,0.452000000,166,8,4,2082,run_monash_time_unique1000,9,1,TIME__CPHL__15T/seed_2082/run_monash_time_unique1000/visualizations/archive_latex.tex
979,0.118918919,0.461300000,\left(\sqrt{\mathrm{JacobFro}}\right) \cdot \left(\mathrm{L2Norm} - \mathrm{Jacov}\right) - \mathrm{Jacov},Jacob_fro Sqrt L2-Norm Jacov Sub Mul Jacov Sub <EOS>,((sqrt(Jacob_fro) * (L2-Norm - Jacov)) - Jacov),0.461300000,0.424700000,175,8,4,2027,run_monash_time_unique1000,10,1,TIME__CPHL__15T/seed_2027/run_monash_time_unique1000/visualizations/archive_latex.tex
980,0.118018018,0.461200000,\mathrm{JacobFro} - \mathrm{Jacov} + \frac{\mathrm{GFLOPs}}{\log\left(\log\left(\mathrm{GSynFlow}\right)\right)},Jacob_fro Jacov GFLOPs GSynFlow Log Log Div Add Sub <EOS>,(Jacob_fro - (Jacov + (GFLOPs / log(log(GSynFlow))))),0.461200000,0.569300000,116,9,6,2171,run_monash_time_unique1000,6,1,TIME__CPHL__15T/seed_2171/run_monash_time_unique1000/visualizations/archive_latex.tex
981,0.117117117,0.461200000,\mathrm{JacobFro} - \mathrm{Jacov} - \frac{\mathrm{GFLOPs}}{\log\left(\log\left(\mathrm{GSynFlow}\right)\right)},Jacob_fro Jacov Sub GFLOPs GSynFlow Log Log Div Sub <EOS>,((Jacob_fro - Jacov) - (GFLOPs / log(log(GSynFlow)))),0.461200000,0.569300000,97,9,5,2028,run_monash_time_unique1000,9,1,TIME__CPHL__15T/seed_2028/run_monash_time_unique1000/visualizations/archive_latex.tex
982,0.116216216,0.461200000,\left(\left(\mathrm{Jacov}\right)^2\right) \cdot \left(\log\left(\mathrm{GFLOPs}\right) + \mathrm{Fisher} + \mathrm{JacobFro}\right),Jacov Square GFLOPs Log Fisher Add Jacob_fro Add Mul <EOS>,(square(Jacov) * ((log(GFLOPs) + Fisher) + Jacob_fro)),0.461200000,0.431000000,145,9,5,2138,run_monash_time_unique1000,9,1,TIME__CPHL__15T/seed_2138/run_monash_time_unique1000/visualizations/archive_latex.tex
983,0.115315315,0.461100000,\mathrm{ZiCo} - \left(\sqrt{\mathrm{JacobFro}}\right) \cdot \left(\left(\mathrm{Jacov}\right) \cdot \left(\mathrm{ZiCo}\right)\right),ZiCo Jacob_fro Sqrt Jacov ZiCo Mul Mul Sub <EOS>,(ZiCo - (sqrt(Jacob_fro) * (Jacov * ZiCo))),0.461100000,0.441100000,135,8,4,2178,run_monash_time_unique1000,8,1,TIME__CPHL__15T/seed_2178/run_monash_time_unique1000/visualizations/archive_latex.tex
984,0.114414414,0.460900000,\frac{\log\left(\frac{\mathrm{ZiCo}}{\mathrm{GSynFlow}}\right)}{\mathrm{Fisher}} - \mathrm{Jacov},ZiCo GSynFlow Div Log Fisher Div Jacov Sub <EOS>,((log((ZiCo / GSynFlow)) / Fisher) - Jacov),0.460900000,0.483100000,106,8,5,2031,run_monash_time_unique1000,7,1,TIME__CPHL__15T/seed_2031/run_monash_time_unique1000/visualizations/archive_latex.tex
985,0.113513514,0.460900000,\frac{\mathrm{L2Norm} - \left(\mathrm{plain} + \mathrm{MParams}\right)^2}{\mathrm{Jacov}},L2-Norm plain MParams Add Square Sub Jacov Div <EOS>,((L2-Norm - square((plain + MParams))) / Jacov),0.460900000,0.508200000,17,8,5,2212,run_monash_time_unique1000,9,1,TIME__CPHL__15T/seed_2212/run_monash_time_unique1000/visualizations/archive_latex.tex
986,0.112612613,0.460800000,\mathrm{JacobFro} - \mathrm{Jacov} + \left(-\mathrm{ZiCo}\right) \cdot \left(\mathrm{Jacov}\right),Jacob_fro Jacov ZiCo Negative Jacov Mul Add Sub <EOS>,(Jacob_fro - (Jacov + (-(ZiCo) * Jacov))),0.460800000,0.448200000,151,8,5,2171,run_monash_time_unique1000,7,1,TIME__CPHL__15T/seed_2171/run_monash_time_unique1000/visualizations/archive_latex.tex
987,0.111711712,0.460800000,\left(\log\left(\mathrm{Jacov}\right)\right) \cdot \left(\mathrm{JacobFro}\right) + \mathrm{plain} - \mathrm{Jacov},Jacov Log Jacob_fro Mul plain Add Jacov Sub <EOS>,(((log(Jacov) * Jacob_fro) + plain) - Jacov),0.460800000,0.425300000,170,8,5,2084,run_monash_time_unique1000,10,1,TIME__CPHL__15T/seed_2084/run_monash_time_unique1000/visualizations/archive_latex.tex
988,0.110810811,0.460700000,\frac{\left(\mathrm{GFLOPs}\right)^2 - \mathrm{GFLOPs} + \mathrm{Jacov}}{\mathrm{L2Norm}},GFLOPs Square GFLOPs Jacov Add Sub L2-Norm Div <EOS>,((square(GFLOPs) - (GFLOPs + Jacov)) / L2-Norm),0.460700000,0.484800000,4,8,4,2092,run_monash_time_unique1000,10,1,TIME__CPHL__15T/seed_2092/run_monash_time_unique1000/visualizations/archive_latex.tex
989,0.109909910,0.460600000,-\left(\frac{\mathrm{L2Norm}}{\mathrm{ZiCo} - \mathrm{JacobFro}}\right)^2 - \mathrm{Jacov},L2-Norm ZiCo Jacob_fro Sub Div Square Negative Jacov Sub <EOS>,(-(square((L2-Norm / (ZiCo - Jacob_fro)))) - Jacov),0.460600000,0.485800000,148,9,6,2110,run_monash_time_unique1000,8,1,TIME__CPHL__15T/seed_2110/run_monash_time_unique1000/visualizations/archive_latex.tex
990,0.109009009,0.460400000,\left(\left(\frac{\mathrm{L2Norm}}{\mathrm{JacobFro}}\right)^2 + \mathrm{Jacov} + \mathrm{L2Norm}\right)^2,L2-Norm Jacob_fro Div Square Jacov L2-Norm Add Add Square <EOS>,square((square((L2-Norm / Jacob_fro)) + (Jacov + L2-Norm))),0.460400000,0.501100000,14,9,5,2096,run_monash_time_unique1000,9,1,TIME__CPHL__15T/seed_2096/run_monash_time_unique1000/visualizations/archive_latex.tex
991,0.108108108,0.460400000,\sqrt{\left(\left(\mathrm{JacobFro}\right)^2\right) \cdot \left(\sqrt{\mathrm{Jacov}}\right)} - \mathrm{Jacov},Jacob_fro Square Jacov Sqrt Mul Sqrt Jacov Sub <EOS>,(sqrt((square(Jacob_fro) * sqrt(Jacov))) - Jacov),0.460400000,0.434500000,120,8,5,2203,run_monash_time_unique1000,10,1,TIME__CPHL__15T/seed_2203/run_monash_time_unique1000/visualizations/archive_latex.tex
992,0.107207207,0.460300000,\frac{\log\left(\frac{\mathrm{plain}}{\mathrm{GSynFlow}}\right)}{\mathrm{Fisher}} - \mathrm{Jacov},plain GSynFlow Div Log Fisher Div Jacov Sub <EOS>,((log((plain / GSynFlow)) / Fisher) - Jacov),0.460300000,0.488400000,54,8,5,2127,run_monash_time_unique1000,7,1,TIME__CPHL__15T/seed_2127/run_monash_time_unique1000/visualizations/archive_latex.tex
993,0.106306306,0.460300000,\log\left(\left(\mathrm{JacobFro}\right)^2\right) + \sqrt{\mathrm{Jacov}},Jacob_fro Square Log Jacov Sqrt Add <EOS>,(log(square(Jacob_fro)) + sqrt(Jacov)),0.460300000,0.449900000,196,6,4,2209,run_monash_time_unique1000,7,1,TIME__CPHL__15T/seed_2209/run_monash_time_unique1000/visualizations/archive_latex.tex
994,0.105405405,0.460300000,-\left(\frac{\mathrm{L2Norm}}{\mathrm{JacobFro}}\right)^2 + \mathrm{Jacov} + \mathrm{L2Norm},L2-Norm Jacob_fro Div Square Jacov L2-Norm Add Add Negative <EOS>,-((square((L2-Norm / Jacob_fro)) + (Jacov + L2-Norm))),0.460300000,0.500900000,12,9,5,2096,run_monash_time_unique1000,10,1,TIME__CPHL__15T/seed_2096/run_monash_time_unique1000/visualizations/archive_latex.tex
995,0.104504505,0.460200000,-\frac{\mathrm{Fisher}}{\log\left(\mathrm{GSynFlow} + \mathrm{Fisher}\right)} - \mathrm{Jacov},Fisher GSynFlow Fisher Add Log Div Negative Jacov Sub <EOS>,(-((Fisher / log((GSynFlow + Fisher)))) - Jacov),0.460200000,0.517300000,101,9,6,2153,run_monash_time_unique1000,8,1,TIME__CPHL__15T/seed_2153/run_monash_time_unique1000/visualizations/archive_latex.tex
996,0.103603604,0.460100000,\frac{\mathrm{plain}}{\left(\mathrm{Fisher}\right)^2} - \mathrm{L2Norm} + \mathrm{Jacov},plain Fisher Square Div L2-Norm Jacov Add Sub <EOS>,((plain / square(Fisher)) - (L2-Norm + Jacov)),0.460100000,0.443000000,164,8,4,2152,run_monash_time_unique1000,7,2,TIME__CPHL__15T/seed_2152/run_monash_time_unique1000/visualizations/archive_latex.tex
997,0.102702703,0.460100000,\frac{\frac{\mathrm{GFLOPs}}{\mathrm{MParams}}}{\log\left(\mathrm{GSynFlow}\right)} - \mathrm{Jacov},GFLOPs MParams Div GSynFlow Log Div Jacov Sub <EOS>,(((GFLOPs / MParams) / log(GSynFlow)) - Jacov),0.460100000,0.477700000,127,8,4,2090,run_monash_time_unique1000,9,2,TIME__CPHL__15T/seed_2090/run_monash_time_unique1000/visualizations/archive_latex.tex
998,0.101801802,0.460100000,\left(\log\left(\mathrm{GFLOPs} - \mathrm{Jacov}\right)\right) \cdot \left(\mathrm{JacobFro}\right) - \mathrm{Jacov},GFLOPs Jacov Sub Log Jacob_fro Mul Jacov Sub <EOS>,((log((GFLOPs - Jacov)) * Jacob_fro) - Jacov),0.460100000,0.426900000,59,8,5,2147,run_monash_time_unique1000,9,1,TIME__CPHL__15T/seed_2147/run_monash_time_unique1000/visualizations/archive_latex.tex
999,0.100900901,0.460100000,\frac{\mathrm{plain}}{\left(\mathrm{Fisher}\right)^2} - \mathrm{Jacov} + \mathrm{L2Norm},plain Fisher Square Div Jacov L2-Norm Add Sub <EOS>,((plain / square(Fisher)) - (Jacov + L2-Norm)),0.460100000,0.443000000,84,8,4,2067,run_monash_time_unique1000,10,1,TIME__CPHL__15T/seed_2067/run_monash_time_unique1000/visualizations/archive_latex.tex
1000,0.100000000,0.460000000,\frac{\log\left(\mathrm{Snip}\right)}{\mathrm{Fisher}} - \mathrm{L2Norm} + \mathrm{Jacov},Snip Log Fisher Div L2-Norm Jacov Add Sub <EOS>,((log(Snip) / Fisher) - (L2-Norm + Jacov)),0.460000000,0.449500000,39,8,4,2103,run_monash_time_unique1000,8,1,TIME__CPHL__15T/seed_2103/run_monash_time_unique1000/visualizations/archive_latex.tex
