rank,weight,validation_fitness,formula,rpn_tokens,infix,score,train_fitness,generation,token_count,depth,source_seed,source_run,source_rank,occurrence_count,source_archive_latex
1,1.000000000,0.647900000,\left(\sqrt{\mathrm{Jacov}}\right) \cdot \left(-\mathrm{GFLOPs}\right) + \frac{\mathrm{Snip}}{\mathrm{plain}},Jacov Sqrt GFLOPs Negative Mul Snip plain Div Add <EOS>,((sqrt(Jacov) * -(GFLOPs)) + (Snip / plain)),0.647900000,0.696800000,99,9,4,2190,run_monash_time_unique1000,1,1,TIME__NE_China_Wind__H/seed_2190/run_monash_time_unique1000/visualizations/archive_latex.tex
2,0.999099099,0.640100000,\left(\mathrm{GFLOPs} - \frac{\mathrm{MParams}}{\mathrm{ZiCo}}\right) \cdot \left(\mathrm{Jacov}\right),GFLOPs MParams ZiCo Div Sub Jacov Mul <EOS>,((GFLOPs - (MParams / ZiCo)) * Jacov),0.640100000,0.654200000,129,7,4,2092,run_monash_time_unique1000,1,1,TIME__NE_China_Wind__H/seed_2092/run_monash_time_unique1000/visualizations/archive_latex.tex
3,0.998198198,0.639600000,\left(\mathrm{GFLOPs} - \left(\frac{\mathrm{MParams}}{\mathrm{plain}}\right)^2\right) \cdot \left(\mathrm{Jacov}\right),GFLOPs MParams plain Div Square Sub Jacov Mul <EOS>,((GFLOPs - square((MParams / plain))) * Jacov),0.639600000,0.639900000,179,8,5,2117,run_monash_time_unique1000,1,1,TIME__NE_China_Wind__H/seed_2117/run_monash_time_unique1000/visualizations/archive_latex.tex
4,0.997297297,0.638600000,\left(\left(\mathrm{ZiCo}\right) \cdot \left(\mathrm{GFLOPs}\right) - \mathrm{MParams}\right) \cdot \left(\mathrm{Jacov}\right),ZiCo GFLOPs Mul MParams Sub Jacov Mul <EOS>,(((ZiCo * GFLOPs) - MParams) * Jacov),0.638600000,0.645500000,69,7,4,2160,run_monash_time_unique1000,1,1,TIME__NE_China_Wind__H/seed_2160/run_monash_time_unique1000/visualizations/archive_latex.tex
5,0.996396396,0.630700000,\left(\left(\mathrm{plain}\right) \cdot \left(\mathrm{GFLOPs}\right) - \left(\mathrm{MParams}\right)^2\right) \cdot \left(\mathrm{Jacov}\right),plain GFLOPs Mul MParams Square Sub Jacov Mul <EOS>,(((plain * GFLOPs) - square(MParams)) * Jacov),0.630700000,0.661800000,81,8,4,2033,run_monash_time_unique1000,1,1,TIME__NE_China_Wind__H/seed_2033/run_monash_time_unique1000/visualizations/archive_latex.tex
6,0.995495495,0.630700000,\left(\mathrm{Jacov}\right) \cdot \left(\left(\mathrm{GFLOPs}\right) \cdot \left(\mathrm{plain}\right) - \left(\mathrm{MParams}\right)^2\right),Jacov GFLOPs plain Mul MParams Square Sub Mul <EOS>,(Jacov * ((GFLOPs * plain) - square(MParams))),0.630700000,0.661800000,33,8,4,2051,run_monash_time_unique1000,1,1,TIME__NE_China_Wind__H/seed_2051/run_monash_time_unique1000/visualizations/archive_latex.tex
7,0.994594595,0.630700000,\left(\mathrm{Jacov}\right) \cdot \left(\left(\mathrm{plain}\right) \cdot \left(\mathrm{GFLOPs}\right) - \left(\mathrm{MParams}\right)^2\right),Jacov plain GFLOPs Mul MParams Square Sub Mul <EOS>,(Jacov * ((plain * GFLOPs) - square(MParams))),0.630700000,0.661800000,12,8,4,2071,run_monash_time_unique1000,1,1,TIME__NE_China_Wind__H/seed_2071/run_monash_time_unique1000/visualizations/archive_latex.tex
8,0.993693694,0.630700000,\left(\left(\mathrm{GFLOPs}\right) \cdot \left(\mathrm{plain}\right) - \left(\mathrm{MParams}\right)^2\right) \cdot \left(\mathrm{Jacov}\right),GFLOPs plain Mul MParams Square Sub Jacov Mul <EOS>,(((GFLOPs * plain) - square(MParams)) * Jacov),0.630700000,0.661800000,33,8,4,2218,run_monash_time_unique1000,1,1,TIME__NE_China_Wind__H/seed_2218/run_monash_time_unique1000/visualizations/archive_latex.tex
9,0.992792793,0.629700000,\left(\mathrm{Jacov}\right) \cdot \left(\log\left(\left(\mathrm{plain}\right) \cdot \left(\mathrm{GFLOPs}\right) - \left(\mathrm{MParams}\right)^2\right)\right),Jacov plain GFLOPs Mul MParams Square Sub Log Mul <EOS>,(Jacov * log(((plain * GFLOPs) - square(MParams)))),0.629700000,0.667400000,28,9,5,2071,run_monash_time_unique1000,2,1,TIME__NE_China_Wind__H/seed_2071/run_monash_time_unique1000/visualizations/archive_latex.tex
10,0.991891892,0.629700000,\left(\log\left(\left(\mathrm{GFLOPs}\right) \cdot \left(\mathrm{plain}\right) - \left(\mathrm{MParams}\right)^2\right)\right) \cdot \left(\mathrm{Jacov}\right),GFLOPs plain Mul MParams Square Sub Log Jacov Mul <EOS>,(log(((GFLOPs * plain) - square(MParams))) * Jacov),0.629700000,0.667400000,49,9,5,2218,run_monash_time_unique1000,2,1,TIME__NE_China_Wind__H/seed_2218/run_monash_time_unique1000/visualizations/archive_latex.tex
11,0.990990991,0.618000000,\mathrm{Snip} - \left(\mathrm{GFLOPs}\right) \cdot \left(\left(\mathrm{plain}\right) \cdot \left(\sqrt{\mathrm{Jacov}}\right)\right),Snip GFLOPs plain Jacov Sqrt Mul Mul Sub <EOS>,(Snip - (GFLOPs * (plain * sqrt(Jacov)))),0.618000000,0.655500000,14,8,5,2221,run_monash_time_unique1000,1,1,TIME__NE_China_Wind__H/seed_2221/run_monash_time_unique1000/visualizations/archive_latex.tex
12,0.990090090,0.614500000,\left(\left(\mathrm{GFLOPs}\right) \cdot \left(\sqrt{\mathrm{plain}}\right) - \left(\mathrm{MParams}\right)^2\right) \cdot \left(\mathrm{Jacov}\right),GFLOPs plain Sqrt Mul MParams Square Sub Jacov Mul <EOS>,(((GFLOPs * sqrt(plain)) - square(MParams)) * Jacov),0.614500000,0.654900000,41,9,5,2218,run_monash_time_unique1000,3,1,TIME__NE_China_Wind__H/seed_2218/run_monash_time_unique1000/visualizations/archive_latex.tex
13,0.989189189,0.611000000,\left(\mathrm{Jacov}\right) \cdot \left(\left(\mathrm{MParams} - \left(\mathrm{GFLOPs}\right) \cdot \left(\mathrm{ZiCo}\right)\right)^2\right),Jacov MParams GFLOPs ZiCo Mul Sub Square Mul <EOS>,(Jacov * square((MParams - (GFLOPs * ZiCo)))),0.611000000,0.621500000,132,8,5,2180,run_monash_time_unique1000,1,1,TIME__NE_China_Wind__H/seed_2180/run_monash_time_unique1000/visualizations/archive_latex.tex
14,0.988288288,0.605500000,\left(\left(\mathrm{GFLOPs} - \frac{\mathrm{MParams}}{\mathrm{ZiCo}}\right)^2\right) \cdot \left(\mathrm{Jacov}\right),GFLOPs MParams ZiCo Div Sub Square Jacov Mul <EOS>,(square((GFLOPs - (MParams / ZiCo))) * Jacov),0.605500000,0.611100000,200,8,5,2151,run_monash_time_unique1000,1,1,TIME__NE_China_Wind__H/seed_2151/run_monash_time_unique1000/visualizations/archive_latex.tex
15,0.987387387,0.603500000,\left(\left(\mathrm{Jacov}\right) \cdot \left(\mathrm{plain}\right)\right) \cdot \left(\mathrm{GFLOPs} - \left(\mathrm{MParams}\right)^2\right),Jacov plain Mul GFLOPs MParams Square Sub Mul <EOS>,((Jacov * plain) * (GFLOPs - square(MParams))),0.603500000,0.647400000,15,8,4,2043,run_monash_time_unique1000,1,1,TIME__NE_China_Wind__H/seed_2043/run_monash_time_unique1000/visualizations/archive_latex.tex
16,0.986486486,0.603500000,\left(\mathrm{plain}\right) \cdot \left(\left(\mathrm{GFLOPs} - \left(\mathrm{MParams}\right)^2\right) \cdot \left(\mathrm{Jacov}\right)\right),plain GFLOPs MParams Square Sub Jacov Mul Mul <EOS>,(plain * ((GFLOPs - square(MParams)) * Jacov)),0.603500000,0.647400000,188,8,5,2044,run_monash_time_unique1000,1,2,TIME__NE_China_Wind__H/seed_2044/run_monash_time_unique1000/visualizations/archive_latex.tex
17,0.985585586,0.603500000,\left(\left(\mathrm{plain}\right) \cdot \left(\mathrm{GFLOPs} - \left(\mathrm{MParams}\right)^2\right)\right) \cdot \left(\mathrm{Jacov}\right),plain GFLOPs MParams Square Sub Mul Jacov Mul <EOS>,((plain * (GFLOPs - square(MParams))) * Jacov),0.603500000,0.647400000,25,8,5,2050,run_monash_time_unique1000,1,2,TIME__NE_China_Wind__H/seed_2050/run_monash_time_unique1000/visualizations/archive_latex.tex
18,0.984684685,0.603500000,\left(\mathrm{GFLOPs} - \left(\mathrm{MParams}\right)^2\right) \cdot \left(\left(\mathrm{Jacov}\right) \cdot \left(\mathrm{plain}\right)\right),GFLOPs MParams Square Sub Jacov plain Mul Mul <EOS>,((GFLOPs - square(MParams)) * (Jacov * plain)),0.603500000,0.647400000,181,8,4,2059,run_monash_time_unique1000,1,2,TIME__NE_China_Wind__H/seed_2059/run_monash_time_unique1000/visualizations/archive_latex.tex
19,0.983783784,0.603500000,\left(\mathrm{Jacov}\right) \cdot \left(\left(\mathrm{plain}\right) \cdot \left(\mathrm{GFLOPs} - \left(\mathrm{MParams}\right)^2\right)\right),Jacov plain GFLOPs MParams Square Sub Mul Mul <EOS>,(Jacov * (plain * (GFLOPs - square(MParams)))),0.603500000,0.647400000,39,8,5,2133,run_monash_time_unique1000,1,2,TIME__NE_China_Wind__H/seed_2133/run_monash_time_unique1000/visualizations/archive_latex.tex
20,0.982882883,0.603500000,\left(\left(\mathrm{GFLOPs} - \left(\mathrm{MParams}\right)^2\right) \cdot \left(\mathrm{Jacov}\right)\right) \cdot \left(\mathrm{plain}\right),GFLOPs MParams Square Sub Jacov Mul plain Mul <EOS>,(((GFLOPs - square(MParams)) * Jacov) * plain),0.603500000,0.647400000,49,8,5,2188,run_monash_time_unique1000,1,1,TIME__NE_China_Wind__H/seed_2188/run_monash_time_unique1000/visualizations/archive_latex.tex
21,0.981981982,0.603300000,\left(\frac{\frac{\mathrm{GraSP}}{\mathrm{GFLOPs}}}{\left(\mathrm{plain}\right)^2}\right)^2 + \mathrm{Jacov},GraSP GFLOPs Div plain Square Div Square Jacov Add <EOS>,(square(((GraSP / GFLOPs) / square(plain))) + Jacov),0.603300000,0.676100000,81,9,5,2046,run_monash_time_unique1000,1,1,TIME__NE_China_Wind__H/seed_2046/run_monash_time_unique1000/visualizations/archive_latex.tex
22,0.981081081,0.602000000,\mathrm{Jacov} + \frac{\mathrm{MParams}}{\left(\frac{\mathrm{GFLOPs}}{\mathrm{L2Norm}}\right)^2},Jacov MParams GFLOPs L2-Norm Div Square Div Add <EOS>,(Jacov + (MParams / square((GFLOPs / L2-Norm)))),0.602000000,0.615500000,119,8,5,2129,run_monash_time_unique1000,1,1,TIME__NE_China_Wind__H/seed_2129/run_monash_time_unique1000/visualizations/archive_latex.tex
23,0.980180180,0.599500000,\left(\left(\left(\mathrm{plain}\right)^2\right) \cdot \left(\frac{\mathrm{Jacov}}{\mathrm{Snip}}\right)\right) \cdot \left(\log\left(\mathrm{GFLOPs}\right)\right),plain Square Jacov Snip Div Mul GFLOPs Log Mul <EOS>,((square(plain) * (Jacov / Snip)) * log(GFLOPs)),0.599500000,0.683100000,47,9,4,2028,run_monash_time_unique1000,1,3,TIME__NE_China_Wind__H/seed_2028/run_monash_time_unique1000/visualizations/archive_latex.tex
24,0.979279279,0.599500000,\left(\log\left(\mathrm{GFLOPs}\right)\right) \cdot \left(\left(\frac{\mathrm{Jacov}}{\mathrm{Snip}}\right) \cdot \left(\left(\mathrm{plain}\right)^2\right)\right),GFLOPs Log Jacov Snip Div plain Square Mul Mul <EOS>,(log(GFLOPs) * ((Jacov / Snip) * square(plain))),0.599500000,0.683100000,22,9,4,2036,run_monash_time_unique1000,1,6,TIME__NE_China_Wind__H/seed_2036/run_monash_time_unique1000/visualizations/archive_latex.tex
25,0.978378378,0.599500000,\left(\log\left(\mathrm{GFLOPs}\right)\right) \cdot \left(\frac{\mathrm{Jacov}}{\frac{\mathrm{Snip}}{\left(\mathrm{plain}\right)^2}}\right),GFLOPs Log Jacov Snip plain Square Div Div Mul <EOS>,(log(GFLOPs) * (Jacov / (Snip / square(plain)))),0.599500000,0.683100000,41,9,5,2048,run_monash_time_unique1000,1,1,TIME__NE_China_Wind__H/seed_2048/run_monash_time_unique1000/visualizations/archive_latex.tex
26,0.977477477,0.599500000,\left(\frac{\left(\mathrm{plain}\right)^2}{\mathrm{Snip}}\right) \cdot \left(\left(\log\left(\mathrm{GFLOPs}\right)\right) \cdot \left(\mathrm{Jacov}\right)\right),plain Square Snip Div GFLOPs Log Jacov Mul Mul <EOS>,((square(plain) / Snip) * (log(GFLOPs) * Jacov)),0.599500000,0.683100000,117,9,4,2049,run_monash_time_unique1000,1,4,TIME__NE_China_Wind__H/seed_2049/run_monash_time_unique1000/visualizations/archive_latex.tex
27,0.976576577,0.599500000,\left(\log\left(\mathrm{GFLOPs}\right)\right) \cdot \left(\frac{\left(\mathrm{Jacov}\right) \cdot \left(\left(\mathrm{plain}\right)^2\right)}{\mathrm{Snip}}\right),GFLOPs Log Jacov plain Square Mul Snip Div Mul <EOS>,(log(GFLOPs) * ((Jacov * square(plain)) / Snip)),0.599500000,0.683100000,17,9,5,2056,run_monash_time_unique1000,1,3,TIME__NE_China_Wind__H/seed_2056/run_monash_time_unique1000/visualizations/archive_latex.tex
28,0.975675676,0.599500000,\left(\left(\mathrm{Jacov}\right) \cdot \left(\left(\mathrm{plain}\right)^2\right)\right) \cdot \left(\frac{\log\left(\mathrm{GFLOPs}\right)}{\mathrm{Snip}}\right),Jacov plain Square Mul GFLOPs Log Snip Div Mul <EOS>,((Jacov * square(plain)) * (log(GFLOPs) / Snip)),0.599500000,0.683100000,46,9,4,2057,run_monash_time_unique1000,1,2,TIME__NE_China_Wind__H/seed_2057/run_monash_time_unique1000/visualizations/archive_latex.tex
29,0.974774775,0.599500000,\left(\left(\log\left(\mathrm{GFLOPs}\right)\right) \cdot \left(\left(\mathrm{plain}\right)^2\right)\right) \cdot \left(\frac{\mathrm{Jacov}}{\mathrm{Snip}}\right),GFLOPs Log plain Square Mul Jacov Snip Div Mul <EOS>,((log(GFLOPs) * square(plain)) * (Jacov / Snip)),0.599500000,0.683100000,63,9,4,2061,run_monash_time_unique1000,1,10,TIME__NE_China_Wind__H/seed_2061/run_monash_time_unique1000/visualizations/archive_latex.tex
30,0.973873874,0.599500000,\left(\left(\left(\mathrm{plain}\right)^2\right) \cdot \left(\log\left(\mathrm{GFLOPs}\right)\right)\right) \cdot \left(\frac{\mathrm{Jacov}}{\mathrm{Snip}}\right),plain Square GFLOPs Log Mul Jacov Snip Div Mul <EOS>,((square(plain) * log(GFLOPs)) * (Jacov / Snip)),0.599500000,0.683100000,196,9,4,2074,run_monash_time_unique1000,1,4,TIME__NE_China_Wind__H/seed_2074/run_monash_time_unique1000/visualizations/archive_latex.tex
31,0.972972973,0.599500000,\left(\frac{\mathrm{Jacov}}{\mathrm{Snip}}\right) \cdot \left(\left(\left(\mathrm{plain}\right)^2\right) \cdot \left(\log\left(\mathrm{GFLOPs}\right)\right)\right),Jacov Snip Div plain Square GFLOPs Log Mul Mul <EOS>,((Jacov / Snip) * (square(plain) * log(GFLOPs))),0.599500000,0.683100000,37,9,4,2075,run_monash_time_unique1000,1,6,TIME__NE_China_Wind__H/seed_2075/run_monash_time_unique1000/visualizations/archive_latex.tex
32,0.972072072,0.599500000,\left(\left(\log\left(\mathrm{GFLOPs}\right)\right) \cdot \left(\frac{\mathrm{Jacov}}{\mathrm{Snip}}\right)\right) \cdot \left(\left(\mathrm{plain}\right)^2\right),GFLOPs Log Jacov Snip Div Mul plain Square Mul <EOS>,((log(GFLOPs) * (Jacov / Snip)) * square(plain)),0.599500000,0.683100000,108,9,4,2076,run_monash_time_unique1000,1,10,TIME__NE_China_Wind__H/seed_2076/run_monash_time_unique1000/visualizations/archive_latex.tex
33,0.971171171,0.599500000,\frac{\left(\mathrm{Jacov}\right) \cdot \left(\left(\left(\mathrm{plain}\right)^2\right) \cdot \left(\log\left(\mathrm{GFLOPs}\right)\right)\right)}{\mathrm{Snip}},Jacov plain Square GFLOPs Log Mul Mul Snip Div <EOS>,((Jacov * (square(plain) * log(GFLOPs))) / Snip),0.599500000,0.683100000,12,9,5,2079,run_monash_time_unique1000,1,1,TIME__NE_China_Wind__H/seed_2079/run_monash_time_unique1000/visualizations/archive_latex.tex
34,0.970270270,0.599500000,\frac{\left(\log\left(\mathrm{GFLOPs}\right)\right) \cdot \left(\left(\mathrm{Jacov}\right) \cdot \left(\left(\mathrm{plain}\right)^2\right)\right)}{\mathrm{Snip}},GFLOPs Log Jacov plain Square Mul Mul Snip Div <EOS>,((log(GFLOPs) * (Jacov * square(plain))) / Snip),0.599500000,0.683100000,54,9,5,2081,run_monash_time_unique1000,1,1,TIME__NE_China_Wind__H/seed_2081/run_monash_time_unique1000/visualizations/archive_latex.tex
35,0.969369369,0.599500000,\left(\left(\mathrm{Jacov}\right) \cdot \left(\log\left(\mathrm{GFLOPs}\right)\right)\right) \cdot \left(\frac{\left(\mathrm{plain}\right)^2}{\mathrm{Snip}}\right),Jacov GFLOPs Log Mul plain Square Snip Div Mul <EOS>,((Jacov * log(GFLOPs)) * (square(plain) / Snip)),0.599500000,0.683100000,123,9,4,2084,run_monash_time_unique1000,1,2,TIME__NE_China_Wind__H/seed_2084/run_monash_time_unique1000/visualizations/archive_latex.tex
36,0.968468468,0.599500000,\left(\left(\frac{\left(\mathrm{plain}\right)^2}{\mathrm{Snip}}\right) \cdot \left(\log\left(\mathrm{GFLOPs}\right)\right)\right) \cdot \left(\mathrm{Jacov}\right),plain Square Snip Div GFLOPs Log Mul Jacov Mul <EOS>,(((square(plain) / Snip) * log(GFLOPs)) * Jacov),0.599500000,0.683100000,25,9,5,2094,run_monash_time_unique1000,1,1,TIME__NE_China_Wind__H/seed_2094/run_monash_time_unique1000/visualizations/archive_latex.tex
37,0.967567568,0.599500000,\left(\log\left(\mathrm{GFLOPs}\right)\right) \cdot \left(\left(\mathrm{Jacov}\right) \cdot \left(\frac{\left(\mathrm{plain}\right)^2}{\mathrm{Snip}}\right)\right),GFLOPs Log Jacov plain Square Snip Div Mul Mul <EOS>,(log(GFLOPs) * (Jacov * (square(plain) / Snip))),0.599500000,0.683100000,137,9,5,2097,run_monash_time_unique1000,1,1,TIME__NE_China_Wind__H/seed_2097/run_monash_time_unique1000/visualizations/archive_latex.tex
38,0.966666667,0.599500000,\frac{\log\left(\mathrm{GFLOPs}\right)}{\frac{\mathrm{Snip}}{\left(\left(\mathrm{plain}\right)^2\right) \cdot \left(\mathrm{Jacov}\right)}},GFLOPs Log Snip plain Square Jacov Mul Div Div <EOS>,(log(GFLOPs) / (Snip / (square(plain) * Jacov))),0.599500000,0.683100000,18,9,5,2098,run_monash_time_unique1000,1,1,TIME__NE_China_Wind__H/seed_2098/run_monash_time_unique1000/visualizations/archive_latex.tex
39,0.965765766,0.599500000,\frac{\left(\left(\log\left(\mathrm{GFLOPs}\right)\right) \cdot \left(\left(\mathrm{plain}\right)^2\right)\right) \cdot \left(\mathrm{Jacov}\right)}{\mathrm{Snip}},GFLOPs Log plain Square Mul Jacov Mul Snip Div <EOS>,(((log(GFLOPs) * square(plain)) * Jacov) / Snip),0.599500000,0.683100000,77,9,5,2100,run_monash_time_unique1000,1,1,TIME__NE_China_Wind__H/seed_2100/run_monash_time_unique1000/visualizations/archive_latex.tex
40,0.964864865,0.599500000,\left(\frac{\log\left(\mathrm{GFLOPs}\right)}{\mathrm{Snip}}\right) \cdot \left(\left(\left(\mathrm{plain}\right)^2\right) \cdot \left(\mathrm{Jacov}\right)\right),GFLOPs Log Snip Div plain Square Jacov Mul Mul <EOS>,((log(GFLOPs) / Snip) * (square(plain) * Jacov)),0.599500000,0.683100000,29,9,4,2103,run_monash_time_unique1000,1,3,TIME__NE_China_Wind__H/seed_2103/run_monash_time_unique1000/visualizations/archive_latex.tex
41,0.963963964,0.599500000,\left(\log\left(\mathrm{GFLOPs}\right)\right) \cdot \left(\left(\left(\mathrm{plain}\right)^2\right) \cdot \left(\frac{\mathrm{Jacov}}{\mathrm{Snip}}\right)\right),GFLOPs Log plain Square Jacov Snip Div Mul Mul <EOS>,(log(GFLOPs) * (square(plain) * (Jacov / Snip))),0.599500000,0.683100000,90,9,4,2106,run_monash_time_unique1000,1,3,TIME__NE_China_Wind__H/seed_2106/run_monash_time_unique1000/visualizations/archive_latex.tex
42,0.963063063,0.599500000,\left(\frac{\mathrm{Jacov}}{\mathrm{Snip}}\right) \cdot \left(\left(\log\left(\mathrm{GFLOPs}\right)\right) \cdot \left(\left(\mathrm{plain}\right)^2\right)\right),Jacov Snip Div GFLOPs Log plain Square Mul Mul <EOS>,((Jacov / Snip) * (log(GFLOPs) * square(plain))),0.599500000,0.683100000,35,9,4,2124,run_monash_time_unique1000,1,5,TIME__NE_China_Wind__H/seed_2124/run_monash_time_unique1000/visualizations/archive_latex.tex
43,0.962162162,0.599500000,\frac{\left(\left(\left(\mathrm{plain}\right)^2\right) \cdot \left(\log\left(\mathrm{GFLOPs}\right)\right)\right) \cdot \left(\mathrm{Jacov}\right)}{\mathrm{Snip}},plain Square GFLOPs Log Mul Jacov Mul Snip Div <EOS>,(((square(plain) * log(GFLOPs)) * Jacov) / Snip),0.599500000,0.683100000,18,9,5,2127,run_monash_time_unique1000,1,1,TIME__NE_China_Wind__H/seed_2127/run_monash_time_unique1000/visualizations/archive_latex.tex
44,0.961261261,0.599500000,\left(\frac{\mathrm{Jacov}}{\frac{\mathrm{Snip}}{\log\left(\mathrm{GFLOPs}\right)}}\right) \cdot \left(\left(\mathrm{plain}\right)^2\right),Jacov Snip GFLOPs Log Div Div plain Square Mul <EOS>,((Jacov / (Snip / log(GFLOPs))) * square(plain)),0.599500000,0.683100000,33,9,5,2136,run_monash_time_unique1000,1,1,TIME__NE_China_Wind__H/seed_2136/run_monash_time_unique1000/visualizations/archive_latex.tex
45,0.960360360,0.599500000,\left(\frac{\left(\mathrm{Jacov}\right) \cdot \left(\log\left(\mathrm{GFLOPs}\right)\right)}{\mathrm{Snip}}\right) \cdot \left(\left(\mathrm{plain}\right)^2\right),Jacov GFLOPs Log Mul Snip Div plain Square Mul <EOS>,(((Jacov * log(GFLOPs)) / Snip) * square(plain)),0.599500000,0.683100000,45,9,5,2145,run_monash_time_unique1000,1,1,TIME__NE_China_Wind__H/seed_2145/run_monash_time_unique1000/visualizations/archive_latex.tex
46,0.959459459,0.599500000,\left(\left(\log\left(\mathrm{GFLOPs}\right)\right) \cdot \left(\mathrm{Jacov}\right)\right) \cdot \left(\frac{\left(\mathrm{plain}\right)^2}{\mathrm{Snip}}\right),GFLOPs Log Jacov Mul plain Square Snip Div Mul <EOS>,((log(GFLOPs) * Jacov) * (square(plain) / Snip)),0.599500000,0.683100000,20,9,4,2159,run_monash_time_unique1000,1,4,TIME__NE_China_Wind__H/seed_2159/run_monash_time_unique1000/visualizations/archive_latex.tex
47,0.958558559,0.599500000,\left(\left(\mathrm{plain}\right)^2\right) \cdot \left(\left(\log\left(\mathrm{GFLOPs}\right)\right) \cdot \left(\frac{\mathrm{Jacov}}{\mathrm{Snip}}\right)\right),plain Square GFLOPs Log Jacov Snip Div Mul Mul <EOS>,(square(plain) * (log(GFLOPs) * (Jacov / Snip))),0.599500000,0.683100000,34,9,4,2170,run_monash_time_unique1000,1,2,TIME__NE_China_Wind__H/seed_2170/run_monash_time_unique1000/visualizations/archive_latex.tex
48,0.957657658,0.599500000,\left(\frac{\left(\log\left(\mathrm{GFLOPs}\right)\right) \cdot \left(\left(\mathrm{plain}\right)^2\right)}{\mathrm{Snip}}\right) \cdot \left(\mathrm{Jacov}\right),GFLOPs Log plain Square Mul Snip Div Jacov Mul <EOS>,(((log(GFLOPs) * square(plain)) / Snip) * Jacov),0.599500000,0.683100000,52,9,5,2172,run_monash_time_unique1000,1,1,TIME__NE_China_Wind__H/seed_2172/run_monash_time_unique1000/visualizations/archive_latex.tex
49,0.956756757,0.599500000,\frac{\left(\left(\mathrm{plain}\right)^2\right) \cdot \left(\left(\log\left(\mathrm{GFLOPs}\right)\right) \cdot \left(\mathrm{Jacov}\right)\right)}{\mathrm{Snip}},plain Square GFLOPs Log Jacov Mul Mul Snip Div <EOS>,((square(plain) * (log(GFLOPs) * Jacov)) / Snip),0.599500000,0.683100000,43,9,5,2176,run_monash_time_unique1000,1,1,TIME__NE_China_Wind__H/seed_2176/run_monash_time_unique1000/visualizations/archive_latex.tex
50,0.955855856,0.599500000,\left(\left(\frac{\left(\mathrm{plain}\right)^2}{\mathrm{Snip}}\right) \cdot \left(\mathrm{Jacov}\right)\right) \cdot \left(\log\left(\mathrm{GFLOPs}\right)\right),plain Square Snip Div Jacov Mul GFLOPs Log Mul <EOS>,(((square(plain) / Snip) * Jacov) * log(GFLOPs)),0.599500000,0.683100000,56,9,5,2179,run_monash_time_unique1000,1,1,TIME__NE_China_Wind__H/seed_2179/run_monash_time_unique1000/visualizations/archive_latex.tex
51,0.954954955,0.599500000,\left(\left(\frac{\mathrm{Jacov}}{\mathrm{Snip}}\right) \cdot \left(\left(\mathrm{plain}\right)^2\right)\right) \cdot \left(\log\left(\mathrm{GFLOPs}\right)\right),Jacov Snip Div plain Square Mul GFLOPs Log Mul <EOS>,(((Jacov / Snip) * square(plain)) * log(GFLOPs)),0.599500000,0.683100000,108,9,4,2185,run_monash_time_unique1000,1,2,TIME__NE_China_Wind__H/seed_2185/run_monash_time_unique1000/visualizations/archive_latex.tex
52,0.954054054,0.599500000,\left(\left(\mathrm{plain}\right)^2\right) \cdot \left(\left(\frac{\mathrm{Jacov}}{\mathrm{Snip}}\right) \cdot \left(\log\left(\mathrm{GFLOPs}\right)\right)\right),plain Square Jacov Snip Div GFLOPs Log Mul Mul <EOS>,(square(plain) * ((Jacov / Snip) * log(GFLOPs))),0.599500000,0.683100000,94,9,4,2186,run_monash_time_unique1000,1,1,TIME__NE_China_Wind__H/seed_2186/run_monash_time_unique1000/visualizations/archive_latex.tex
53,0.953153153,0.599500000,\left(\left(\mathrm{plain}\right)^2\right) \cdot \left(\left(\frac{\log\left(\mathrm{GFLOPs}\right)}{\mathrm{Snip}}\right) \cdot \left(\mathrm{Jacov}\right)\right),plain Square GFLOPs Log Snip Div Jacov Mul Mul <EOS>,(square(plain) * ((log(GFLOPs) / Snip) * Jacov)),0.599500000,0.683100000,15,9,5,2207,run_monash_time_unique1000,1,1,TIME__NE_China_Wind__H/seed_2207/run_monash_time_unique1000/visualizations/archive_latex.tex
54,0.952252252,0.599500000,\frac{\log\left(\mathrm{GFLOPs}\right)}{\frac{\frac{\mathrm{Snip}}{\left(\mathrm{plain}\right)^2}}{\mathrm{Jacov}}},GFLOPs Log Snip plain Square Div Jacov Div Div <EOS>,(log(GFLOPs) / ((Snip / square(plain)) / Jacov)),0.599500000,0.683100000,13,9,5,2213,run_monash_time_unique1000,1,1,TIME__NE_China_Wind__H/seed_2213/run_monash_time_unique1000/visualizations/archive_latex.tex
55,0.951351351,0.599500000,\frac{\left(\mathrm{Jacov}\right) \cdot \left(\log\left(\mathrm{GFLOPs}\right)\right)}{\frac{\mathrm{Snip}}{\left(\mathrm{plain}\right)^2}},Jacov GFLOPs Log Mul Snip plain Square Div Div <EOS>,((Jacov * log(GFLOPs)) / (Snip / square(plain))),0.599500000,0.683100000,111,9,4,2217,run_monash_time_unique1000,1,1,TIME__NE_China_Wind__H/seed_2217/run_monash_time_unique1000/visualizations/archive_latex.tex
56,0.950450450,0.599500000,\left(\frac{\log\left(\mathrm{GFLOPs}\right)}{\mathrm{Snip}}\right) \cdot \left(\left(\mathrm{Jacov}\right) \cdot \left(\left(\mathrm{plain}\right)^2\right)\right),GFLOPs Log Snip Div Jacov plain Square Mul Mul <EOS>,((log(GFLOPs) / Snip) * (Jacov * square(plain))),0.599500000,0.683100000,25,9,4,2190,run_monash_time_unique1000,2,1,TIME__NE_China_Wind__H/seed_2190/run_monash_time_unique1000/visualizations/archive_latex.tex
57,0.949549550,0.599500000,\left(\mathrm{Jacov}\right) \cdot \left(\left(\frac{\left(\mathrm{plain}\right)^2}{\mathrm{Snip}}\right) \cdot \left(\log\left(\mathrm{GFLOPs}\right)\right)\right),Jacov plain Square Snip Div GFLOPs Log Mul Mul <EOS>,(Jacov * ((square(plain) / Snip) * log(GFLOPs))),0.599500000,0.683100000,114,9,5,2202,run_monash_time_unique1000,2,1,TIME__NE_China_Wind__H/seed_2202/run_monash_time_unique1000/visualizations/archive_latex.tex
58,0.948648649,0.598300000,\left(\left(\mathrm{GFLOPs}\right) \cdot \left(\mathrm{plain} - \log\left(\sqrt{\mathrm{GradNorm}}\right)\right)\right) \cdot \left(\mathrm{Jacov}\right),GFLOPs plain Grad_Norm Sqrt Log Sub Mul Jacov Mul <EOS>,((GFLOPs * (plain - log(sqrt(Grad_Norm)))) * Jacov),0.598300000,0.679100000,144,9,6,2091,run_monash_time_unique1000,3,1,TIME__NE_China_Wind__H/seed_2091/run_monash_time_unique1000/visualizations/archive_latex.tex
59,0.947747748,0.595200000,\left(\sqrt{\mathrm{Jacov}}\right) \cdot \left(-\mathrm{GFLOPs}\right) + \left(\mathrm{MParams}\right) \cdot \left(\mathrm{JacobFro}\right),Jacov Sqrt GFLOPs Negative Mul MParams Jacob_fro Mul Add <EOS>,((sqrt(Jacov) * -(GFLOPs)) + (MParams * Jacob_fro)),0.595200000,0.623900000,182,9,4,2190,run_monash_time_unique1000,3,1,TIME__NE_China_Wind__H/seed_2190/run_monash_time_unique1000/visualizations/archive_latex.tex
60,0.946846847,0.595100000,\left(\log\left(\mathrm{GFLOPs} - \left(\mathrm{MParams}\right)^2\right)\right) \cdot \left(\left(\mathrm{Jacov}\right) \cdot \left(\mathrm{plain}\right)\right),GFLOPs MParams Square Sub Log Jacov plain Mul Mul <EOS>,(log((GFLOPs - square(MParams))) * (Jacov * plain)),0.595100000,0.669500000,180,9,5,2059,run_monash_time_unique1000,3,1,TIME__NE_China_Wind__H/seed_2059/run_monash_time_unique1000/visualizations/archive_latex.tex
61,0.945945946,0.594300000,\left(\left(\log\left(\mathrm{GFLOPs}\right)\right) \cdot \left(\mathrm{Jacov}\right)\right) \cdot \left(\mathrm{Fisher}\right) + \mathrm{L2Norm},GFLOPs Log Jacov Mul Fisher Mul L2-Norm Add <EOS>,(((log(GFLOPs) * Jacov) * Fisher) + L2-Norm),0.594300000,0.581800000,145,8,5,2146,run_monash_time_unique1000,1,1,TIME__NE_China_Wind__H/seed_2146/run_monash_time_unique1000/visualizations/archive_latex.tex
62,0.945045045,0.594300000,\mathrm{L2Norm} + \left(\log\left(\mathrm{GFLOPs}\right)\right) \cdot \left(\left(\mathrm{Jacov}\right) \cdot \left(\mathrm{Fisher}\right)\right),L2-Norm GFLOPs Log Jacov Fisher Mul Mul Add <EOS>,(L2-Norm + (log(GFLOPs) * (Jacov * Fisher))),0.594300000,0.581800000,34,8,4,2197,run_monash_time_unique1000,2,1,TIME__NE_China_Wind__H/seed_2197/run_monash_time_unique1000/visualizations/archive_latex.tex
63,0.944144144,0.594300000,\mathrm{L2Norm} + \left(\left(\log\left(\mathrm{GFLOPs}\right)\right) \cdot \left(\mathrm{Fisher}\right)\right) \cdot \left(\mathrm{Jacov}\right),L2-Norm GFLOPs Log Fisher Mul Jacov Mul Add <EOS>,(L2-Norm + ((log(GFLOPs) * Fisher) * Jacov)),0.594300000,0.581800000,26,8,5,2151,run_monash_time_unique1000,3,1,TIME__NE_China_Wind__H/seed_2151/run_monash_time_unique1000/visualizations/archive_latex.tex
64,0.943243243,0.591700000,\left(\left(\left(\mathrm{plain}\right)^2\right) \cdot \left(\frac{\sqrt{\mathrm{Jacov}}}{\mathrm{GraSP}}\right)\right) \cdot \left(\mathrm{GFLOPs}\right),plain Square Jacov Sqrt GraSP Div Mul GFLOPs Mul <EOS>,((square(plain) * (sqrt(Jacov) / GraSP)) * GFLOPs),0.591700000,0.655300000,46,9,5,2104,run_monash_time_unique1000,2,1,TIME__NE_China_Wind__H/seed_2104/run_monash_time_unique1000/visualizations/archive_latex.tex
65,0.942342342,0.591700000,\left(\left(\log\left(\mathrm{GFLOPs}\right)\right) \cdot \left(\mathrm{plain} - \log\left(\mathrm{MParams}\right)\right)\right) \cdot \left(\mathrm{Jacov}\right),GFLOPs Log plain MParams Log Sub Mul Jacov Mul <EOS>,((log(GFLOPs) * (plain - log(MParams))) * Jacov),0.591700000,0.604500000,135,9,5,2172,run_monash_time_unique1000,2,1,TIME__NE_China_Wind__H/seed_2172/run_monash_time_unique1000/visualizations/archive_latex.tex
66,0.941441441,0.591700000,\left(\left(\mathrm{Jacov}\right) \cdot \left(\mathrm{plain} - \log\left(\mathrm{MParams}\right)\right)\right) \cdot \left(\log\left(\mathrm{GFLOPs}\right)\right),Jacov plain MParams Log Sub Mul GFLOPs Log Mul <EOS>,((Jacov * (plain - log(MParams))) * log(GFLOPs)),0.591700000,0.604500000,196,9,5,2216,run_monash_time_unique1000,2,1,TIME__NE_China_Wind__H/seed_2216/run_monash_time_unique1000/visualizations/archive_latex.tex
67,0.940540541,0.591700000,\left(\left(\mathrm{Jacov}\right) \cdot \left(\log\left(\mathrm{GFLOPs}\right)\right)\right) \cdot \left(\mathrm{plain} - \log\left(\mathrm{MParams}\right)\right),Jacov GFLOPs Log Mul plain MParams Log Sub Mul <EOS>,((Jacov * log(GFLOPs)) * (plain - log(MParams))),0.591700000,0.604500000,120,9,4,2220,run_monash_time_unique1000,2,1,TIME__NE_China_Wind__H/seed_2220/run_monash_time_unique1000/visualizations/archive_latex.tex
68,0.939639640,0.591700000,\left(\frac{\mathrm{GFLOPs}}{\mathrm{GraSP}}\right) \cdot \left(\left(\sqrt{\mathrm{Jacov}}\right) \cdot \left(\left(\mathrm{plain}\right)^2\right)\right),GFLOPs GraSP Div Jacov Sqrt plain Square Mul Mul <EOS>,((GFLOPs / GraSP) * (sqrt(Jacov) * square(plain))),0.591700000,0.655300000,159,9,4,2063,run_monash_time_unique1000,3,1,TIME__NE_China_Wind__H/seed_2063/run_monash_time_unique1000/visualizations/archive_latex.tex
69,0.938738739,0.591700000,\left(\mathrm{Jacov}\right) \cdot \left(\left(\left(\left(\mathrm{plain}\right)^2\right) \cdot \left(\frac{\mathrm{GFLOPs}}{\mathrm{GraSP}}\right)\right)^2\right),Jacov plain Square GFLOPs GraSP Div Mul Square Mul <EOS>,(Jacov * square((square(plain) * (GFLOPs / GraSP)))),0.591700000,0.655300000,34,9,5,2071,run_monash_time_unique1000,4,1,TIME__NE_China_Wind__H/seed_2071/run_monash_time_unique1000/visualizations/archive_latex.tex
70,0.937837838,0.591100000,\frac{\left(\left(\left(\mathrm{plain}\right)^2\right) \cdot \left(\mathrm{GFLOPs}\right)\right) \cdot \left(\mathrm{Jacov}\right)}{-\mathrm{GraSP}},plain Square GFLOPs Mul Jacov Mul GraSP Negative Div <EOS>,(((square(plain) * GFLOPs) * Jacov) / -(GraSP)),0.591100000,0.643800000,125,9,5,2038,run_monash_time_unique1000,1,1,TIME__NE_China_Wind__H/seed_2038/run_monash_time_unique1000/visualizations/archive_latex.tex
71,0.936936937,0.591100000,\left(\frac{\mathrm{Jacov}}{-\mathrm{GraSP}}\right) \cdot \left(\left(\left(\mathrm{plain}\right)^2\right) \cdot \left(\mathrm{GFLOPs}\right)\right),Jacov GraSP Negative Div plain Square GFLOPs Mul Mul <EOS>,((Jacov / -(GraSP)) * (square(plain) * GFLOPs)),0.591100000,0.643800000,123,9,4,2075,run_monash_time_unique1000,2,1,TIME__NE_China_Wind__H/seed_2075/run_monash_time_unique1000/visualizations/archive_latex.tex
72,0.936036036,0.591100000,\frac{\left(\left(\mathrm{GFLOPs}\right) \cdot \left(\mathrm{Jacov}\right)\right) \cdot \left(\left(\mathrm{plain}\right)^2\right)}{-\mathrm{GraSP}},GFLOPs Jacov Mul plain Square Mul GraSP Negative Div <EOS>,(((GFLOPs * Jacov) * square(plain)) / -(GraSP)),0.591100000,0.643800000,57,9,4,2076,run_monash_time_unique1000,2,1,TIME__NE_China_Wind__H/seed_2076/run_monash_time_unique1000/visualizations/archive_latex.tex
73,0.935135135,0.591100000,\left(\mathrm{Jacov}\right) \cdot \left(\left(\left(\mathrm{plain}\right)^2\right) \cdot \left(\frac{\mathrm{GFLOPs}}{-\mathrm{GraSP}}\right)\right),Jacov plain Square GFLOPs GraSP Negative Div Mul Mul <EOS>,(Jacov * (square(plain) * (GFLOPs / -(GraSP)))),0.591100000,0.643800000,5,9,5,2079,run_monash_time_unique1000,2,1,TIME__NE_China_Wind__H/seed_2079/run_monash_time_unique1000/visualizations/archive_latex.tex
74,0.934234234,0.591100000,\left(\frac{\left(\mathrm{GFLOPs}\right) \cdot \left(\mathrm{Jacov}\right)}{-\mathrm{GraSP}}\right) \cdot \left(\left(\mathrm{plain}\right)^2\right),GFLOPs Jacov Mul GraSP Negative Div plain Square Mul <EOS>,(((GFLOPs * Jacov) / -(GraSP)) * square(plain)),0.591100000,0.643800000,178,9,4,2087,run_monash_time_unique1000,2,3,TIME__NE_China_Wind__H/seed_2087/run_monash_time_unique1000/visualizations/archive_latex.tex
75,0.933333333,0.591100000,\left(\left(\left(\frac{\mathrm{plain}}{\sqrt{\mathrm{GraSP}}}\right)^2\right) \cdot \left(\mathrm{GFLOPs}\right)\right) \cdot \left(\mathrm{Jacov}\right),plain GraSP Sqrt Div Square GFLOPs Mul Jacov Mul <EOS>,((square((plain / sqrt(GraSP))) * GFLOPs) * Jacov),0.591100000,0.643800000,20,9,6,2094,run_monash_time_unique1000,2,1,TIME__NE_China_Wind__H/seed_2094/run_monash_time_unique1000/visualizations/archive_latex.tex
76,0.932432432,0.591100000,\left(\frac{\mathrm{GFLOPs}}{-\mathrm{GraSP}}\right) \cdot \left(\left(\left(\mathrm{plain}\right)^2\right) \cdot \left(\mathrm{Jacov}\right)\right),GFLOPs GraSP Negative Div plain Square Jacov Mul Mul <EOS>,((GFLOPs / -(GraSP)) * (square(plain) * Jacov)),0.591100000,0.643800000,131,9,4,2103,run_monash_time_unique1000,2,1,TIME__NE_China_Wind__H/seed_2103/run_monash_time_unique1000/visualizations/archive_latex.tex
77,0.931531532,0.591100000,\frac{\mathrm{GraSP}}{\left(\left(\mathrm{GFLOPs}\right) \cdot \left(\left(\mathrm{plain}\right)^2\right)\right) \cdot \left(\mathrm{Jacov}\right)},GraSP GFLOPs plain Square Mul Jacov Mul Div <EOS>,(GraSP / ((GFLOPs * square(plain)) * Jacov)),0.591100000,0.643800000,104,8,5,2129,run_monash_time_unique1000,2,1,TIME__NE_China_Wind__H/seed_2129/run_monash_time_unique1000/visualizations/archive_latex.tex
78,0.930630631,0.591100000,\left(\left(\mathrm{GFLOPs}\right) \cdot \left(\left(\mathrm{plain}\right)^2\right)\right) \cdot \left(\frac{\mathrm{Jacov}}{-\mathrm{GraSP}}\right),GFLOPs plain Square Mul Jacov GraSP Negative Div Mul <EOS>,((GFLOPs * square(plain)) * (Jacov / -(GraSP))),0.591100000,0.643800000,47,9,4,2130,run_monash_time_unique1000,2,3,TIME__NE_China_Wind__H/seed_2130/run_monash_time_unique1000/visualizations/archive_latex.tex
79,0.929729730,0.591100000,\left(\frac{\left(\mathrm{plain}\right)^2}{-\mathrm{GraSP}}\right) \cdot \left(\left(\mathrm{GFLOPs}\right) \cdot \left(\mathrm{Jacov}\right)\right),plain Square GraSP Negative Div GFLOPs Jacov Mul Mul <EOS>,((square(plain) / -(GraSP)) * (GFLOPs * Jacov)),0.591100000,0.643800000,61,9,4,2140,run_monash_time_unique1000,2,2,TIME__NE_China_Wind__H/seed_2140/run_monash_time_unique1000/visualizations/archive_latex.tex
80,0.928828829,0.591100000,\left(\frac{\left(\mathrm{Jacov}\right) \cdot \left(\mathrm{GFLOPs}\right)}{-\mathrm{GraSP}}\right) \cdot \left(\left(\mathrm{plain}\right)^2\right),Jacov GFLOPs Mul GraSP Negative Div plain Square Mul <EOS>,(((Jacov * GFLOPs) / -(GraSP)) * square(plain)),0.591100000,0.643800000,102,9,4,2145,run_monash_time_unique1000,2,1,TIME__NE_China_Wind__H/seed_2145/run_monash_time_unique1000/visualizations/archive_latex.tex
81,0.927927928,0.591100000,\left(\left(\mathrm{GFLOPs}\right) \cdot \left(\mathrm{Jacov}\right)\right) \cdot \left(\frac{\left(\mathrm{plain}\right)^2}{-\mathrm{GraSP}}\right),GFLOPs Jacov Mul plain Square GraSP Negative Div Mul <EOS>,((GFLOPs * Jacov) * (square(plain) / -(GraSP))),0.591100000,0.643800000,117,9,4,2159,run_monash_time_unique1000,2,1,TIME__NE_China_Wind__H/seed_2159/run_monash_time_unique1000/visualizations/archive_latex.tex
82,0.927027027,0.591100000,\left(\left(\mathrm{GFLOPs}\right) \cdot \left(\mathrm{Jacov}\right)\right) \cdot \left(\left(\frac{\mathrm{plain}}{\sqrt{\mathrm{GraSP}}}\right)^2\right),GFLOPs Jacov Mul plain GraSP Sqrt Div Square Mul <EOS>,((GFLOPs * Jacov) * square((plain / sqrt(GraSP)))),0.591100000,0.643800000,79,9,5,2167,run_monash_time_unique1000,2,1,TIME__NE_China_Wind__H/seed_2167/run_monash_time_unique1000/visualizations/archive_latex.tex
83,0.926126126,0.591100000,\left(\frac{\mathrm{Jacov}}{\mathrm{GraSP}}\right) \cdot \left(\left(\left(\mathrm{plain}\right)^2\right) \cdot \left(-\mathrm{GFLOPs}\right)\right),Jacov GraSP Div plain Square GFLOPs Negative Mul Mul <EOS>,((Jacov / GraSP) * (square(plain) * -(GFLOPs))),0.591100000,0.643800000,142,9,4,2181,run_monash_time_unique1000,2,1,TIME__NE_China_Wind__H/seed_2181/run_monash_time_unique1000/visualizations/archive_latex.tex
84,0.925225225,0.591100000,\left(\left(\mathrm{GFLOPs}\right) \cdot \left(\left(\frac{\mathrm{plain}}{\sqrt{\mathrm{GraSP}}}\right)^2\right)\right) \cdot \left(\mathrm{Jacov}\right),GFLOPs plain GraSP Sqrt Div Square Mul Jacov Mul <EOS>,((GFLOPs * square((plain / sqrt(GraSP)))) * Jacov),0.591100000,0.643800000,121,9,6,2184,run_monash_time_unique1000,2,1,TIME__NE_China_Wind__H/seed_2184/run_monash_time_unique1000/visualizations/archive_latex.tex
85,0.924324324,0.591100000,\left(\frac{\mathrm{Jacov}}{-\mathrm{GraSP}}\right) \cdot \left(\left(\mathrm{GFLOPs}\right) \cdot \left(\left(\mathrm{plain}\right)^2\right)\right),Jacov GraSP Negative Div GFLOPs plain Square Mul Mul <EOS>,((Jacov / -(GraSP)) * (GFLOPs * square(plain))),0.591100000,0.643800000,178,9,4,2196,run_monash_time_unique1000,2,2,TIME__NE_China_Wind__H/seed_2196/run_monash_time_unique1000/visualizations/archive_latex.tex
86,0.923423423,0.591100000,\frac{\mathrm{GraSP}}{\left(\mathrm{GFLOPs}\right) \cdot \left(\left(\mathrm{Jacov}\right) \cdot \left(\left(\mathrm{plain}\right)^2\right)\right)},GraSP GFLOPs Jacov plain Square Mul Mul Div <EOS>,(GraSP / (GFLOPs * (Jacov * square(plain)))),0.591100000,0.643800000,86,8,5,2199,run_monash_time_unique1000,2,1,TIME__NE_China_Wind__H/seed_2199/run_monash_time_unique1000/visualizations/archive_latex.tex
87,0.922522523,0.591100000,\left(\left(\mathrm{plain}\right)^2\right) \cdot \left(\left(\frac{\mathrm{GFLOPs}}{-\mathrm{GraSP}}\right) \cdot \left(\mathrm{Jacov}\right)\right),plain Square GFLOPs GraSP Negative Div Jacov Mul Mul <EOS>,(square(plain) * ((GFLOPs / -(GraSP)) * Jacov)),0.591100000,0.643800000,74,9,5,2207,run_monash_time_unique1000,2,1,TIME__NE_China_Wind__H/seed_2207/run_monash_time_unique1000/visualizations/archive_latex.tex
88,0.921621622,0.591100000,\left(\left(\mathrm{GFLOPs}\right) \cdot \left(\frac{\mathrm{Jacov}}{-\mathrm{GraSP}}\right)\right) \cdot \left(\left(\mathrm{plain}\right)^2\right),GFLOPs Jacov GraSP Negative Div Mul plain Square Mul <EOS>,((GFLOPs * (Jacov / -(GraSP))) * square(plain)),0.591100000,0.643800000,78,9,5,2215,run_monash_time_unique1000,2,1,TIME__NE_China_Wind__H/seed_2215/run_monash_time_unique1000/visualizations/archive_latex.tex
89,0.920720721,0.591100000,\frac{\left(\mathrm{Jacov}\right) \cdot \left(\mathrm{GFLOPs}\right)}{\left(\frac{\sqrt{\mathrm{GraSP}}}{\mathrm{plain}}\right)^2},Jacov GFLOPs Mul GraSP Sqrt plain Div Square Div <EOS>,((Jacov * GFLOPs) / square((sqrt(GraSP) / plain))),0.591100000,0.643800000,39,9,5,2217,run_monash_time_unique1000,2,1,TIME__NE_China_Wind__H/seed_2217/run_monash_time_unique1000/visualizations/archive_latex.tex
90,0.919819820,0.591100000,\frac{\left(\left(\left(\mathrm{plain}\right)^2\right) \cdot \left(-\mathrm{GFLOPs}\right)\right) \cdot \left(\mathrm{Jacov}\right)}{\mathrm{GraSP}},plain Square GFLOPs Negative Mul Jacov Mul GraSP Div <EOS>,(((square(plain) * -(GFLOPs)) * Jacov) / GraSP),0.591100000,0.643800000,119,9,5,2225,run_monash_time_unique1000,2,1,TIME__NE_China_Wind__H/seed_2225/run_monash_time_unique1000/visualizations/archive_latex.tex
91,0.918918919,0.591100000,\frac{\mathrm{GraSP}}{\left(\left(\left(\mathrm{plain}\right)^2\right) \cdot \left(\mathrm{GFLOPs}\right)\right) \cdot \left(\mathrm{Jacov}\right)},GraSP plain Square GFLOPs Mul Jacov Mul Div <EOS>,(GraSP / ((square(plain) * GFLOPs) * Jacov)),0.591100000,0.643800000,172,8,5,2033,run_monash_time_unique1000,3,2,TIME__NE_China_Wind__H/seed_2033/run_monash_time_unique1000/visualizations/archive_latex.tex
92,0.918018018,0.591100000,\left(\left(\mathrm{Jacov}\right) \cdot \left(\left(\mathrm{plain}\right)^2\right)\right) \cdot \left(\frac{\mathrm{GFLOPs}}{-\mathrm{GraSP}}\right),Jacov plain Square Mul GFLOPs GraSP Negative Div Mul <EOS>,((Jacov * square(plain)) * (GFLOPs / -(GraSP))),0.591100000,0.643800000,73,9,4,2043,run_monash_time_unique1000,3,1,TIME__NE_China_Wind__H/seed_2043/run_monash_time_unique1000/visualizations/archive_latex.tex
93,0.917117117,0.591100000,\left(\mathrm{GFLOPs}\right) \cdot \left(\frac{\left(\mathrm{Jacov}\right) \cdot \left(\left(\mathrm{plain}\right)^2\right)}{-\mathrm{GraSP}}\right),GFLOPs Jacov plain Square Mul GraSP Negative Div Mul <EOS>,(GFLOPs * ((Jacov * square(plain)) / -(GraSP))),0.591100000,0.643800000,99,9,5,2180,run_monash_time_unique1000,3,1,TIME__NE_China_Wind__H/seed_2180/run_monash_time_unique1000/visualizations/archive_latex.tex
94,0.916216216,0.591100000,\left(\left(\mathrm{Jacov}\right) \cdot \left(\left(\frac{\mathrm{plain}}{\sqrt{\mathrm{GraSP}}}\right)^2\right)\right) \cdot \left(\mathrm{GFLOPs}\right),Jacov plain GraSP Sqrt Div Square Mul GFLOPs Mul <EOS>,((Jacov * square((plain / sqrt(GraSP)))) * GFLOPs),0.591100000,0.643800000,54,9,6,2216,run_monash_time_unique1000,3,1,TIME__NE_China_Wind__H/seed_2216/run_monash_time_unique1000/visualizations/archive_latex.tex
95,0.915315315,0.591100000,\left(\mathrm{GFLOPs}\right) \cdot \left(\left(\frac{\mathrm{Jacov}}{-\mathrm{GraSP}}\right) \cdot \left(\left(\mathrm{plain}\right)^2\right)\right),GFLOPs Jacov GraSP Negative Div plain Square Mul Mul <EOS>,(GFLOPs * ((Jacov / -(GraSP)) * square(plain))),0.591100000,0.643800000,65,9,5,2059,run_monash_time_unique1000,4,1,TIME__NE_China_Wind__H/seed_2059/run_monash_time_unique1000/visualizations/archive_latex.tex
96,0.914414414,0.591100000,\left(\left(\left(\mathrm{plain}\right)^2\right) \cdot \left(\mathrm{GFLOPs}\right)\right) \cdot \left(\frac{\mathrm{Jacov}}{-\mathrm{GraSP}}\right),plain Square GFLOPs Mul Jacov GraSP Negative Div Mul <EOS>,((square(plain) * GFLOPs) * (Jacov / -(GraSP))),0.591100000,0.643800000,160,9,4,2091,run_monash_time_unique1000,4,1,TIME__NE_China_Wind__H/seed_2091/run_monash_time_unique1000/visualizations/archive_latex.tex
97,0.913513514,0.590300000,\left(\left(\frac{\mathrm{Jacov}}{\mathrm{Snip}}\right) \cdot \left(\log\left(\mathrm{GFLOPs}\right)\right)\right) \cdot \left(\mathrm{Fisher}\right),Jacov Snip Div GFLOPs Log Mul Fisher Mul <EOS>,(((Jacov / Snip) * log(GFLOPs)) * Fisher),0.590300000,0.621200000,89,8,4,2070,run_monash_time_unique1000,1,1,TIME__NE_China_Wind__H/seed_2070/run_monash_time_unique1000/visualizations/archive_latex.tex
98,0.912612613,0.590300000,\left(\left(\frac{\mathrm{Fisher}}{\mathrm{Snip}}\right) \cdot \left(\log\left(\mathrm{GFLOPs}\right)\right)\right) \cdot \left(\mathrm{Jacov}\right),Fisher Snip Div GFLOPs Log Mul Jacov Mul <EOS>,(((Fisher / Snip) * log(GFLOPs)) * Jacov),0.590300000,0.621200000,139,8,4,2153,run_monash_time_unique1000,1,4,TIME__NE_China_Wind__H/seed_2153/run_monash_time_unique1000/visualizations/archive_latex.tex
99,0.911711712,0.590300000,\frac{\left(\mathrm{Fisher}\right) \cdot \left(\left(\log\left(\mathrm{GFLOPs}\right)\right) \cdot \left(\mathrm{Jacov}\right)\right)}{\mathrm{Snip}},Fisher GFLOPs Log Jacov Mul Mul Snip Div <EOS>,((Fisher * (log(GFLOPs) * Jacov)) / Snip),0.590300000,0.621200000,47,8,5,2204,run_monash_time_unique1000,1,1,TIME__NE_China_Wind__H/seed_2204/run_monash_time_unique1000/visualizations/archive_latex.tex
100,0.910810811,0.590300000,\left(\log\left(\mathrm{GFLOPs}\right)\right) \cdot \left(\frac{\mathrm{Fisher}}{\frac{\mathrm{Snip}}{\mathrm{Jacov}}}\right),GFLOPs Log Fisher Snip Jacov Div Div Mul <EOS>,(log(GFLOPs) * (Fisher / (Snip / Jacov))),0.590300000,0.621200000,144,8,4,2224,run_monash_time_unique1000,1,1,TIME__NE_China_Wind__H/seed_2224/run_monash_time_unique1000/visualizations/archive_latex.tex
101,0.909909910,0.590300000,\left(\log\left(\mathrm{GFLOPs}\right)\right) \cdot \left(\frac{\mathrm{Jacov}}{\frac{\mathrm{Snip}}{\mathrm{Fisher}}}\right),GFLOPs Log Jacov Snip Fisher Div Div Mul <EOS>,(log(GFLOPs) * (Jacov / (Snip / Fisher))),0.590300000,0.621200000,45,8,4,2048,run_monash_time_unique1000,2,1,TIME__NE_China_Wind__H/seed_2048/run_monash_time_unique1000/visualizations/archive_latex.tex
102,0.909009009,0.590300000,\left(\frac{\mathrm{Fisher}}{\mathrm{Snip}}\right) \cdot \left(\left(\log\left(\mathrm{GFLOPs}\right)\right) \cdot \left(\mathrm{Jacov}\right)\right),Fisher Snip Div GFLOPs Log Jacov Mul Mul <EOS>,((Fisher / Snip) * (log(GFLOPs) * Jacov)),0.590300000,0.621200000,143,8,4,2049,run_monash_time_unique1000,2,3,TIME__NE_China_Wind__H/seed_2049/run_monash_time_unique1000/visualizations/archive_latex.tex
103,0.908108108,0.590300000,\left(\left(\mathrm{Jacov}\right) \cdot \left(\mathrm{Fisher}\right)\right) \cdot \left(\frac{\log\left(\mathrm{GFLOPs}\right)}{\mathrm{Snip}}\right),Jacov Fisher Mul GFLOPs Log Snip Div Mul <EOS>,((Jacov * Fisher) * (log(GFLOPs) / Snip)),0.590300000,0.621200000,54,8,4,2057,run_monash_time_unique1000,2,1,TIME__NE_China_Wind__H/seed_2057/run_monash_time_unique1000/visualizations/archive_latex.tex
104,0.907207207,0.590300000,\left(\left(\log\left(\mathrm{GFLOPs}\right)\right) \cdot \left(\mathrm{Fisher}\right)\right) \cdot \left(\frac{\mathrm{Jacov}}{\mathrm{Snip}}\right),GFLOPs Log Fisher Mul Jacov Snip Div Mul <EOS>,((log(GFLOPs) * Fisher) * (Jacov / Snip)),0.590300000,0.621200000,66,8,4,2061,run_monash_time_unique1000,2,3,TIME__NE_China_Wind__H/seed_2061/run_monash_time_unique1000/visualizations/archive_latex.tex
105,0.906306306,0.590300000,\frac{\left(\left(\mathrm{Fisher}\right) \cdot \left(\log\left(\mathrm{GFLOPs}\right)\right)\right) \cdot \left(\mathrm{Jacov}\right)}{\mathrm{Snip}},Fisher GFLOPs Log Mul Jacov Mul Snip Div <EOS>,(((Fisher * log(GFLOPs)) * Jacov) / Snip),0.590300000,0.621200000,47,8,5,2074,run_monash_time_unique1000,2,1,TIME__NE_China_Wind__H/seed_2074/run_monash_time_unique1000/visualizations/archive_latex.tex
106,0.905405405,0.590300000,\left(\frac{\left(\mathrm{Jacov}\right) \cdot \left(\mathrm{Fisher}\right)}{\mathrm{Snip}}\right) \cdot \left(\log\left(\mathrm{GFLOPs}\right)\right),Jacov Fisher Mul Snip Div GFLOPs Log Mul <EOS>,(((Jacov * Fisher) / Snip) * log(GFLOPs)),0.590300000,0.621200000,31,8,4,2084,run_monash_time_unique1000,2,1,TIME__NE_China_Wind__H/seed_2084/run_monash_time_unique1000/visualizations/archive_latex.tex
107,0.904504505,0.590300000,\frac{\left(\left(\log\left(\mathrm{GFLOPs}\right)\right) \cdot \left(\mathrm{Fisher}\right)\right) \cdot \left(\mathrm{Jacov}\right)}{\mathrm{Snip}},GFLOPs Log Fisher Mul Jacov Mul Snip Div <EOS>,(((log(GFLOPs) * Fisher) * Jacov) / Snip),0.590300000,0.621200000,83,8,5,2100,run_monash_time_unique1000,2,1,TIME__NE_China_Wind__H/seed_2100/run_monash_time_unique1000/visualizations/archive_latex.tex
108,0.903603604,0.590300000,\left(\log\left(\mathrm{GFLOPs}\right)\right) \cdot \left(\frac{\left(\mathrm{Fisher}\right) \cdot \left(\mathrm{Jacov}\right)}{\mathrm{Snip}}\right),GFLOPs Log Fisher Jacov Mul Snip Div Mul <EOS>,(log(GFLOPs) * ((Fisher * Jacov) / Snip)),0.590300000,0.621200000,41,8,4,2109,run_monash_time_unique1000,2,1,TIME__NE_China_Wind__H/seed_2109/run_monash_time_unique1000/visualizations/archive_latex.tex
109,0.902702703,0.590300000,\left(\frac{\mathrm{Jacov}}{\mathrm{Snip}}\right) \cdot \left(\left(\log\left(\mathrm{GFLOPs}\right)\right) \cdot \left(\mathrm{Fisher}\right)\right),Jacov Snip Div GFLOPs Log Fisher Mul Mul <EOS>,((Jacov / Snip) * (log(GFLOPs) * Fisher)),0.590300000,0.621200000,66,8,4,2124,run_monash_time_unique1000,2,2,TIME__NE_China_Wind__H/seed_2124/run_monash_time_unique1000/visualizations/archive_latex.tex
110,0.901801802,0.590300000,\left(\left(\log\left(\mathrm{GFLOPs}\right)\right) \cdot \left(\frac{\mathrm{Jacov}}{\mathrm{Snip}}\right)\right) \cdot \left(\mathrm{Fisher}\right),GFLOPs Log Jacov Snip Div Mul Fisher Mul <EOS>,((log(GFLOPs) * (Jacov / Snip)) * Fisher),0.590300000,0.621200000,119,8,4,2141,run_monash_time_unique1000,2,2,TIME__NE_China_Wind__H/seed_2141/run_monash_time_unique1000/visualizations/archive_latex.tex
111,0.900900901,0.590300000,\left(\frac{\mathrm{Jacov}}{\mathrm{Snip}}\right) \cdot \left(\left(\mathrm{Fisher}\right) \cdot \left(\log\left(\mathrm{GFLOPs}\right)\right)\right),Jacov Snip Div Fisher GFLOPs Log Mul Mul <EOS>,((Jacov / Snip) * (Fisher * log(GFLOPs))),0.590300000,0.621200000,121,8,4,2150,run_monash_time_unique1000,2,2,TIME__NE_China_Wind__H/seed_2150/run_monash_time_unique1000/visualizations/archive_latex.tex
112,0.900000000,0.590300000,\left(\left(\log\left(\mathrm{GFLOPs}\right)\right) \cdot \left(\mathrm{Jacov}\right)\right) \cdot \left(\frac{\mathrm{Fisher}}{\mathrm{Snip}}\right),GFLOPs Log Jacov Mul Fisher Snip Div Mul <EOS>,((log(GFLOPs) * Jacov) * (Fisher / Snip)),0.590300000,0.621200000,137,8,4,2154,run_monash_time_unique1000,2,4,TIME__NE_China_Wind__H/seed_2154/run_monash_time_unique1000/visualizations/archive_latex.tex
113,0.899099099,0.590300000,\frac{\left(\mathrm{Fisher}\right) \cdot \left(\left(\mathrm{Jacov}\right) \cdot \left(\log\left(\mathrm{GFLOPs}\right)\right)\right)}{\mathrm{Snip}},Fisher Jacov GFLOPs Log Mul Mul Snip Div <EOS>,((Fisher * (Jacov * log(GFLOPs))) / Snip),0.590300000,0.621200000,23,8,5,2160,run_monash_time_unique1000,2,1,TIME__NE_China_Wind__H/seed_2160/run_monash_time_unique1000/visualizations/archive_latex.tex
114,0.898198198,0.590300000,\left(\mathrm{Fisher}\right) \cdot \left(\left(\log\left(\mathrm{GFLOPs}\right)\right) \cdot \left(\frac{\mathrm{Jacov}}{\mathrm{Snip}}\right)\right),Fisher GFLOPs Log Jacov Snip Div Mul Mul <EOS>,(Fisher * (log(GFLOPs) * (Jacov / Snip))),0.590300000,0.621200000,46,8,4,2170,run_monash_time_unique1000,2,1,TIME__NE_China_Wind__H/seed_2170/run_monash_time_unique1000/visualizations/archive_latex.tex
115,0.897297297,0.590300000,\left(\left(\log\left(\mathrm{GFLOPs}\right)\right) \cdot \left(\frac{\mathrm{Fisher}}{\mathrm{Snip}}\right)\right) \cdot \left(\mathrm{Jacov}\right),GFLOPs Log Fisher Snip Div Mul Jacov Mul <EOS>,((log(GFLOPs) * (Fisher / Snip)) * Jacov),0.590300000,0.621200000,33,8,4,2173,run_monash_time_unique1000,2,1,TIME__NE_China_Wind__H/seed_2173/run_monash_time_unique1000/visualizations/archive_latex.tex
116,0.896396396,0.590300000,\left(\left(\frac{\mathrm{Fisher}}{\mathrm{Snip}}\right) \cdot \left(\mathrm{Jacov}\right)\right) \cdot \left(\log\left(\mathrm{GFLOPs}\right)\right),Fisher Snip Div Jacov Mul GFLOPs Log Mul <EOS>,(((Fisher / Snip) * Jacov) * log(GFLOPs)),0.590300000,0.621200000,61,8,4,2179,run_monash_time_unique1000,2,1,TIME__NE_China_Wind__H/seed_2179/run_monash_time_unique1000/visualizations/archive_latex.tex
117,0.895495495,0.590300000,\left(\left(\frac{\mathrm{Jacov}}{\mathrm{Snip}}\right) \cdot \left(\mathrm{Fisher}\right)\right) \cdot \left(\log\left(\mathrm{GFLOPs}\right)\right),Jacov Snip Div Fisher Mul GFLOPs Log Mul <EOS>,(((Jacov / Snip) * Fisher) * log(GFLOPs)),0.590300000,0.621200000,129,8,4,2185,run_monash_time_unique1000,2,1,TIME__NE_China_Wind__H/seed_2185/run_monash_time_unique1000/visualizations/archive_latex.tex
118,0.894594595,0.590300000,\left(\mathrm{Fisher}\right) \cdot \left(\left(\frac{\mathrm{Jacov}}{\mathrm{Snip}}\right) \cdot \left(\log\left(\mathrm{GFLOPs}\right)\right)\right),Fisher Jacov Snip Div GFLOPs Log Mul Mul <EOS>,(Fisher * ((Jacov / Snip) * log(GFLOPs))),0.590300000,0.621200000,101,8,4,2186,run_monash_time_unique1000,2,1,TIME__NE_China_Wind__H/seed_2186/run_monash_time_unique1000/visualizations/archive_latex.tex
119,0.893693694,0.590300000,\left(\mathrm{Jacov}\right) \cdot \left(\left(\frac{\log\left(\mathrm{GFLOPs}\right)}{\mathrm{Snip}}\right) \cdot \left(\mathrm{Fisher}\right)\right),Jacov GFLOPs Log Snip Div Fisher Mul Mul <EOS>,(Jacov * ((log(GFLOPs) / Snip) * Fisher)),0.590300000,0.621200000,60,8,5,2198,run_monash_time_unique1000,2,1,TIME__NE_China_Wind__H/seed_2198/run_monash_time_unique1000/visualizations/archive_latex.tex
120,0.892792793,0.590300000,\left(\frac{\log\left(\mathrm{GFLOPs}\right)}{\mathrm{Snip}}\right) \cdot \left(\left(\mathrm{Fisher}\right) \cdot \left(\mathrm{Jacov}\right)\right),GFLOPs Log Snip Div Fisher Jacov Mul Mul <EOS>,((log(GFLOPs) / Snip) * (Fisher * Jacov)),0.590300000,0.621200000,73,8,4,2206,run_monash_time_unique1000,2,1,TIME__NE_China_Wind__H/seed_2206/run_monash_time_unique1000/visualizations/archive_latex.tex
121,0.891891892,0.590300000,\frac{\log\left(\mathrm{GFLOPs}\right)}{\frac{\frac{\mathrm{Snip}}{\mathrm{Fisher}}}{\mathrm{Jacov}}},GFLOPs Log Snip Fisher Div Jacov Div Div <EOS>,(log(GFLOPs) / ((Snip / Fisher) / Jacov)),0.590300000,0.621200000,31,8,4,2213,run_monash_time_unique1000,2,1,TIME__NE_China_Wind__H/seed_2213/run_monash_time_unique1000/visualizations/archive_latex.tex
122,0.890990991,0.590300000,\left(\log\left(\mathrm{GFLOPs}\right)\right) \cdot \left(\frac{\left(\mathrm{Jacov}\right) \cdot \left(\mathrm{Fisher}\right)}{\mathrm{Snip}}\right),GFLOPs Log Jacov Fisher Mul Snip Div Mul <EOS>,(log(GFLOPs) * ((Jacov * Fisher) / Snip)),0.590300000,0.621200000,36,8,4,2214,run_monash_time_unique1000,2,3,TIME__NE_China_Wind__H/seed_2214/run_monash_time_unique1000/visualizations/archive_latex.tex
123,0.890090090,0.590300000,\left(\log\left(\mathrm{GFLOPs}\right)\right) \cdot \left(\left(\frac{\mathrm{Fisher}}{\mathrm{Snip}}\right) \cdot \left(\mathrm{Jacov}\right)\right),GFLOPs Log Fisher Snip Div Jacov Mul Mul <EOS>,(log(GFLOPs) * ((Fisher / Snip) * Jacov)),0.590300000,0.621200000,166,8,4,2221,run_monash_time_unique1000,2,1,TIME__NE_China_Wind__H/seed_2221/run_monash_time_unique1000/visualizations/archive_latex.tex
124,0.889189189,0.590300000,\left(\frac{\left(\log\left(\mathrm{GFLOPs}\right)\right) \cdot \left(\mathrm{Jacov}\right)}{\mathrm{Snip}}\right) \cdot \left(\mathrm{Fisher}\right),GFLOPs Log Jacov Mul Snip Div Fisher Mul <EOS>,(((log(GFLOPs) * Jacov) / Snip) * Fisher),0.590300000,0.621200000,38,8,5,2120,run_monash_time_unique1000,3,1,TIME__NE_China_Wind__H/seed_2120/run_monash_time_unique1000/visualizations/archive_latex.tex
125,0.888288288,0.590300000,\left(\left(\mathrm{Jacov}\right) \cdot \left(\log\left(\mathrm{GFLOPs}\right)\right)\right) \cdot \left(\frac{\mathrm{Fisher}}{\mathrm{Snip}}\right),Jacov GFLOPs Log Mul Fisher Snip Div Mul <EOS>,((Jacov * log(GFLOPs)) * (Fisher / Snip)),0.590300000,0.621200000,31,8,4,2220,run_monash_time_unique1000,3,1,TIME__NE_China_Wind__H/seed_2220/run_monash_time_unique1000/visualizations/archive_latex.tex
126,0.887387387,0.590300000,\left(\left(\mathrm{Fisher}\right) \cdot \left(\frac{\mathrm{Jacov}}{\mathrm{Snip}}\right)\right) \cdot \left(\log\left(\mathrm{GFLOPs}\right)\right),Fisher Jacov Snip Div Mul GFLOPs Log Mul <EOS>,((Fisher * (Jacov / Snip)) * log(GFLOPs)),0.590300000,0.621200000,41,8,4,2225,run_monash_time_unique1000,3,1,TIME__NE_China_Wind__H/seed_2225/run_monash_time_unique1000/visualizations/archive_latex.tex
127,0.886486486,0.590300000,\left(\left(\mathrm{Fisher}\right) \cdot \left(\log\left(\mathrm{GFLOPs}\right)\right)\right) \cdot \left(\frac{\mathrm{Jacov}}{\mathrm{Snip}}\right),Fisher GFLOPs Log Mul Jacov Snip Div Mul <EOS>,((Fisher * log(GFLOPs)) * (Jacov / Snip)),0.590300000,0.621200000,70,8,4,2117,run_monash_time_unique1000,4,2,TIME__NE_China_Wind__H/seed_2117/run_monash_time_unique1000/visualizations/archive_latex.tex
128,0.885585586,0.590300000,\left(\left(\mathrm{Jacov}\right) \cdot \left(\frac{\mathrm{Fisher}}{\mathrm{Snip}}\right)\right) \cdot \left(\log\left(\mathrm{GFLOPs}\right)\right),Jacov Fisher Snip Div Mul GFLOPs Log Mul <EOS>,((Jacov * (Fisher / Snip)) * log(GFLOPs)),0.590300000,0.621200000,69,8,4,2216,run_monash_time_unique1000,4,1,TIME__NE_China_Wind__H/seed_2216/run_monash_time_unique1000/visualizations/archive_latex.tex
129,0.884684685,0.589000000,\left(\sqrt{\mathrm{GFLOPs}} + \left(\log\left(\mathrm{plain}\right)\right) \cdot \left(\mathrm{GFLOPs}\right)\right) \cdot \left(\mathrm{Jacov}\right),GFLOPs Sqrt plain Log GFLOPs Mul Add Jacov Mul <EOS>,((sqrt(GFLOPs) + (log(plain) * GFLOPs)) * Jacov),0.589000000,0.644300000,118,9,5,2061,run_monash_time_unique1000,3,1,TIME__NE_China_Wind__H/seed_2061/run_monash_time_unique1000/visualizations/archive_latex.tex
130,0.883783784,0.589000000,\left(\mathrm{Jacov}\right) \cdot \left(\sqrt{\mathrm{GFLOPs}} + \left(\mathrm{GFLOPs}\right) \cdot \left(\log\left(\mathrm{plain}\right)\right)\right),Jacov GFLOPs Sqrt GFLOPs plain Log Mul Add Mul <EOS>,(Jacov * (sqrt(GFLOPs) + (GFLOPs * log(plain)))),0.589000000,0.644300000,56,9,5,2075,run_monash_time_unique1000,3,1,TIME__NE_China_Wind__H/seed_2075/run_monash_time_unique1000/visualizations/archive_latex.tex
131,0.882882883,0.589000000,\left(\sqrt{\mathrm{GFLOPs}} + \left(\mathrm{GFLOPs}\right) \cdot \left(\log\left(\mathrm{plain}\right)\right)\right) \cdot \left(\mathrm{Jacov}\right),GFLOPs Sqrt GFLOPs plain Log Mul Add Jacov Mul <EOS>,((sqrt(GFLOPs) + (GFLOPs * log(plain))) * Jacov),0.589000000,0.644300000,83,9,5,2173,run_monash_time_unique1000,3,1,TIME__NE_China_Wind__H/seed_2173/run_monash_time_unique1000/visualizations/archive_latex.tex
132,0.881981982,0.589000000,\left(\mathrm{Jacov}\right) \cdot \left(\left(\log\left(\mathrm{plain}\right)\right) \cdot \left(\mathrm{GFLOPs}\right) + \sqrt{\mathrm{GFLOPs}}\right),Jacov plain Log GFLOPs Mul GFLOPs Sqrt Add Mul <EOS>,(Jacov * ((log(plain) * GFLOPs) + sqrt(GFLOPs))),0.589000000,0.644300000,51,9,5,2202,run_monash_time_unique1000,3,1,TIME__NE_China_Wind__H/seed_2202/run_monash_time_unique1000/visualizations/archive_latex.tex
133,0.881081081,0.588100000,\frac{\mathrm{Snip}}{\mathrm{Fisher}} + \left(\mathrm{Jacov}\right) \cdot \left(\mathrm{GFLOPs}\right),Snip Fisher Div Jacov GFLOPs Mul Add <EOS>,((Snip / Fisher) + (Jacov * GFLOPs)),0.588100000,0.617400000,124,7,3,2030,run_monash_time_unique1000,1,5,TIME__NE_China_Wind__H/seed_2030/run_monash_time_unique1000/visualizations/archive_latex.tex
134,0.880180180,0.588100000,\left(\mathrm{Jacov}\right) \cdot \left(\mathrm{GFLOPs}\right) + \frac{\mathrm{Snip}}{\mathrm{Fisher}},Jacov GFLOPs Mul Snip Fisher Div Add <EOS>,((Jacov * GFLOPs) + (Snip / Fisher)),0.588100000,0.617400000,195,7,3,2067,run_monash_time_unique1000,1,7,TIME__NE_China_Wind__H/seed_2067/run_monash_time_unique1000/visualizations/archive_latex.tex
135,0.879279279,0.588100000,\frac{\mathrm{Snip}}{\mathrm{Fisher}} + \left(\mathrm{GFLOPs}\right) \cdot \left(\mathrm{Jacov}\right),Snip Fisher Div GFLOPs Jacov Mul Add <EOS>,((Snip / Fisher) + (GFLOPs * Jacov)),0.588100000,0.617400000,156,7,3,2078,run_monash_time_unique1000,1,8,TIME__NE_China_Wind__H/seed_2078/run_monash_time_unique1000/visualizations/archive_latex.tex
136,0.878378378,0.588100000,\left(\mathrm{GFLOPs}\right) \cdot \left(\mathrm{Jacov}\right) + \frac{\mathrm{Snip}}{\mathrm{Fisher}},GFLOPs Jacov Mul Snip Fisher Div Add <EOS>,((GFLOPs * Jacov) + (Snip / Fisher)),0.588100000,0.617400000,5,7,3,2090,run_monash_time_unique1000,1,6,TIME__NE_China_Wind__H/seed_2090/run_monash_time_unique1000/visualizations/archive_latex.tex
137,0.877477477,0.588100000,\left(\mathrm{GFLOPs}\right) \cdot \left(\mathrm{Jacov}\right) - -\frac{\mathrm{Snip}}{\mathrm{Fisher}},GFLOPs Jacov Mul Snip Fisher Div Negative Sub <EOS>,((GFLOPs * Jacov) - -((Snip / Fisher))),0.588100000,0.617400000,177,8,4,2101,run_monash_time_unique1000,1,1,TIME__NE_China_Wind__H/seed_2101/run_monash_time_unique1000/visualizations/archive_latex.tex
138,0.876576577,0.588100000,\sqrt{\left(\frac{\mathrm{Snip}}{\mathrm{Fisher}}\right)^2} + \left(\mathrm{GFLOPs}\right) \cdot \left(\mathrm{Jacov}\right),Snip Fisher Div Square Sqrt GFLOPs Jacov Mul Add <EOS>,(sqrt(square((Snip / Fisher))) + (GFLOPs * Jacov)),0.588100000,0.617400000,168,9,5,2201,run_monash_time_unique1000,1,1,TIME__NE_China_Wind__H/seed_2201/run_monash_time_unique1000/visualizations/archive_latex.tex
139,0.875675676,0.586800000,\left(\mathrm{Jacov}\right) \cdot \left(\left(\sqrt{\mathrm{GFLOPs}} - \mathrm{MParams}\right) \cdot \left(\mathrm{Snip}\right)\right),Jacov GFLOPs Sqrt MParams Sub Snip Mul Mul <EOS>,(Jacov * ((sqrt(GFLOPs) - MParams) * Snip)),0.586800000,0.547200000,5,8,5,2085,run_monash_time_unique1000,2,1,TIME__NE_China_Wind__H/seed_2085/run_monash_time_unique1000/visualizations/archive_latex.tex
140,0.874774775,0.586200000,\frac{-\frac{\frac{\mathrm{Snip}}{\mathrm{GFLOPs}}}{\left(\mathrm{plain}\right)^2}}{\mathrm{Jacov}},Snip GFLOPs Div plain Square Div Negative Jacov Div <EOS>,(-(((Snip / GFLOPs) / square(plain))) / Jacov),0.586200000,0.661700000,172,9,5,2108,run_monash_time_unique1000,1,1,TIME__NE_China_Wind__H/seed_2108/run_monash_time_unique1000/visualizations/archive_latex.tex
141,0.873873874,0.586200000,\frac{\mathrm{Jacov}}{\frac{\frac{\mathrm{Snip}}{\mathrm{GFLOPs}}}{\left(\mathrm{plain}\right)^2}},Jacov Snip GFLOPs Div plain Square Div Div <EOS>,(Jacov / ((Snip / GFLOPs) / square(plain))),0.586200000,0.661700000,95,8,4,2164,run_monash_time_unique1000,1,1,TIME__NE_China_Wind__H/seed_2164/run_monash_time_unique1000/visualizations/archive_latex.tex
142,0.872972973,0.586200000,\frac{\mathrm{Jacov}}{\frac{\mathrm{Snip}}{\left(\mathrm{GFLOPs}\right) \cdot \left(\left(\mathrm{plain}\right)^2\right)}},Jacov Snip GFLOPs plain Square Mul Div Div <EOS>,(Jacov / (Snip / (GFLOPs * square(plain)))),0.586200000,0.661700000,100,8,5,2177,run_monash_time_unique1000,1,1,TIME__NE_China_Wind__H/seed_2177/run_monash_time_unique1000/visualizations/archive_latex.tex
143,0.872072072,0.586200000,\left(\mathrm{GFLOPs}\right) \cdot \left(\frac{\left(\mathrm{Jacov}\right) \cdot \left(\left(\mathrm{plain}\right)^2\right)}{\mathrm{Snip}}\right),GFLOPs Jacov plain Square Mul Snip Div Mul <EOS>,(GFLOPs * ((Jacov * square(plain)) / Snip)),0.586200000,0.661700000,14,8,5,2193,run_monash_time_unique1000,1,4,TIME__NE_China_Wind__H/seed_2193/run_monash_time_unique1000/visualizations/archive_latex.tex
144,0.871171171,0.586200000,\left(\frac{\left(\mathrm{GFLOPs}\right) \cdot \left(\mathrm{Jacov}\right)}{\mathrm{Snip}}\right) \cdot \left(\left(\mathrm{plain}\right)^2\right),GFLOPs Jacov Mul Snip Div plain Square Mul <EOS>,(((GFLOPs * Jacov) / Snip) * square(plain)),0.586200000,0.661700000,11,8,4,2219,run_monash_time_unique1000,1,3,TIME__NE_China_Wind__H/seed_2219/run_monash_time_unique1000/visualizations/archive_latex.tex
145,0.870270270,0.586200000,\left(\left(\left(\mathrm{plain}\right)^2\right) \cdot \left(\frac{\mathrm{Jacov}}{\mathrm{Snip}}\right)\right) \cdot \left(\mathrm{GFLOPs}\right),plain Square Jacov Snip Div Mul GFLOPs Mul <EOS>,((square(plain) * (Jacov / Snip)) * GFLOPs),0.586200000,0.661700000,48,8,4,2028,run_monash_time_unique1000,2,3,TIME__NE_China_Wind__H/seed_2028/run_monash_time_unique1000/visualizations/archive_latex.tex
146,0.869369369,0.586200000,\left(\mathrm{GFLOPs}\right) \cdot \left(\left(\frac{\mathrm{Jacov}}{\mathrm{Snip}}\right) \cdot \left(\left(\mathrm{plain}\right)^2\right)\right),GFLOPs Jacov Snip Div plain Square Mul Mul <EOS>,(GFLOPs * ((Jacov / Snip) * square(plain))),0.586200000,0.661700000,23,8,4,2036,run_monash_time_unique1000,2,6,TIME__NE_China_Wind__H/seed_2036/run_monash_time_unique1000/visualizations/archive_latex.tex
147,0.868468468,0.586200000,\left(\left(\mathrm{GFLOPs}\right) \cdot \left(\left(\mathrm{plain}\right)^2\right)\right) \cdot \left(\frac{\mathrm{Jacov}}{\mathrm{Snip}}\right),GFLOPs plain Square Mul Jacov Snip Div Mul <EOS>,((GFLOPs * square(plain)) * (Jacov / Snip)),0.586200000,0.661700000,35,8,4,2069,run_monash_time_unique1000,2,7,TIME__NE_China_Wind__H/seed_2069/run_monash_time_unique1000/visualizations/archive_latex.tex
148,0.867567568,0.586200000,\left(\left(\frac{\left(\mathrm{plain}\right)^2}{\mathrm{Snip}}\right) \cdot \left(\mathrm{GFLOPs}\right)\right) \cdot \left(\mathrm{Jacov}\right),plain Square Snip Div GFLOPs Mul Jacov Mul <EOS>,(((square(plain) / Snip) * GFLOPs) * Jacov),0.586200000,0.661700000,30,8,5,2072,run_monash_time_unique1000,2,2,TIME__NE_China_Wind__H/seed_2072/run_monash_time_unique1000/visualizations/archive_latex.tex
149,0.866666667,0.586200000,\left(\left(\mathrm{GFLOPs}\right) \cdot \left(\frac{\mathrm{Jacov}}{\mathrm{Snip}}\right)\right) \cdot \left(\left(\mathrm{plain}\right)^2\right),GFLOPs Jacov Snip Div Mul plain Square Mul <EOS>,((GFLOPs * (Jacov / Snip)) * square(plain)),0.586200000,0.661700000,35,8,4,2082,run_monash_time_unique1000,2,7,TIME__NE_China_Wind__H/seed_2082/run_monash_time_unique1000/visualizations/archive_latex.tex
150,0.865765766,0.586200000,\frac{\mathrm{GFLOPs}}{\frac{\mathrm{Snip}}{\left(\left(\mathrm{plain}\right)^2\right) \cdot \left(\mathrm{Jacov}\right)}},GFLOPs Snip plain Square Jacov Mul Div Div <EOS>,(GFLOPs / (Snip / (square(plain) * Jacov))),0.586200000,0.661700000,8,8,5,2098,run_monash_time_unique1000,2,1,TIME__NE_China_Wind__H/seed_2098/run_monash_time_unique1000/visualizations/archive_latex.tex
151,0.864864865,0.586200000,\left(\mathrm{GFLOPs}\right) \cdot \left(\left(\left(\mathrm{plain}\right)^2\right) \cdot \left(\frac{\mathrm{Jacov}}{\mathrm{Snip}}\right)\right),GFLOPs plain Square Jacov Snip Div Mul Mul <EOS>,(GFLOPs * (square(plain) * (Jacov / Snip))),0.586200000,0.661700000,91,8,4,2106,run_monash_time_unique1000,2,3,TIME__NE_China_Wind__H/seed_2106/run_monash_time_unique1000/visualizations/archive_latex.tex
152,0.863963964,0.586200000,\frac{\left(\left(\left(\mathrm{plain}\right)^2\right) \cdot \left(\mathrm{GFLOPs}\right)\right) \cdot \left(\mathrm{Jacov}\right)}{\mathrm{Snip}},plain Square GFLOPs Mul Jacov Mul Snip Div <EOS>,(((square(plain) * GFLOPs) * Jacov) / Snip),0.586200000,0.661700000,19,8,5,2127,run_monash_time_unique1000,2,1,TIME__NE_China_Wind__H/seed_2127/run_monash_time_unique1000/visualizations/archive_latex.tex
153,0.863063063,0.586200000,\left(\left(\left(\mathrm{plain}\right)^2\right) \cdot \left(\frac{\mathrm{GFLOPs}}{\mathrm{Snip}}\right)\right) \cdot \left(\mathrm{Jacov}\right),plain Square GFLOPs Snip Div Mul Jacov Mul <EOS>,((square(plain) * (GFLOPs / Snip)) * Jacov),0.586200000,0.661700000,54,8,4,2153,run_monash_time_unique1000,2,5,TIME__NE_China_Wind__H/seed_2153/run_monash_time_unique1000/visualizations/archive_latex.tex
154,0.862162162,0.586200000,\left(\mathrm{Jacov}\right) \cdot \left(\left(\frac{\mathrm{GFLOPs}}{\mathrm{Snip}}\right) \cdot \left(\left(\mathrm{plain}\right)^2\right)\right),Jacov GFLOPs Snip Div plain Square Mul Mul <EOS>,(Jacov * ((GFLOPs / Snip) * square(plain))),0.586200000,0.661700000,44,8,4,2168,run_monash_time_unique1000,2,2,TIME__NE_China_Wind__H/seed_2168/run_monash_time_unique1000/visualizations/archive_latex.tex
155,0.861261261,0.586200000,\frac{\left(\left(\mathrm{plain}\right)^2\right) \cdot \left(\left(\mathrm{GFLOPs}\right) \cdot \left(\mathrm{Jacov}\right)\right)}{\mathrm{Snip}},plain Square GFLOPs Jacov Mul Mul Snip Div <EOS>,((square(plain) * (GFLOPs * Jacov)) / Snip),0.586200000,0.661700000,48,8,4,2176,run_monash_time_unique1000,2,4,TIME__NE_China_Wind__H/seed_2176/run_monash_time_unique1000/visualizations/archive_latex.tex
156,0.860360360,0.586200000,\left(\left(\mathrm{plain}\right)^2\right) \cdot \left(\left(\frac{\mathrm{GFLOPs}}{\mathrm{Snip}}\right) \cdot \left(\mathrm{Jacov}\right)\right),plain Square GFLOPs Snip Div Jacov Mul Mul <EOS>,(square(plain) * ((GFLOPs / Snip) * Jacov)),0.586200000,0.661700000,19,8,4,2044,run_monash_time_unique1000,3,2,TIME__NE_China_Wind__H/seed_2044/run_monash_time_unique1000/visualizations/archive_latex.tex
157,0.859459459,0.586200000,\left(\mathrm{GFLOPs}\right) \cdot \left(\frac{\mathrm{Jacov}}{\frac{\mathrm{Snip}}{\left(\mathrm{plain}\right)^2}}\right),GFLOPs Jacov Snip plain Square Div Div Mul <EOS>,(GFLOPs * (Jacov / (Snip / square(plain)))),0.586200000,0.661700000,37,8,5,2048,run_monash_time_unique1000,3,1,TIME__NE_China_Wind__H/seed_2048/run_monash_time_unique1000/visualizations/archive_latex.tex
158,0.858558559,0.586200000,\left(\left(\mathrm{plain}\right)^2\right) \cdot \left(\frac{\left(\mathrm{GFLOPs}\right) \cdot \left(\mathrm{Jacov}\right)}{\mathrm{Snip}}\right),plain Square GFLOPs Jacov Mul Snip Div Mul <EOS>,(square(plain) * ((GFLOPs * Jacov) / Snip)),0.586200000,0.661700000,34,8,4,2049,run_monash_time_unique1000,3,1,TIME__NE_China_Wind__H/seed_2049/run_monash_time_unique1000/visualizations/archive_latex.tex
159,0.857657658,0.586200000,\left(\frac{\mathrm{Jacov}}{\mathrm{Snip}}\right) \cdot \left(\left(\left(\mathrm{plain}\right)^2\right) \cdot \left(\mathrm{GFLOPs}\right)\right),Jacov Snip Div plain Square GFLOPs Mul Mul <EOS>,((Jacov / Snip) * (square(plain) * GFLOPs)),0.586200000,0.661700000,62,8,4,2051,run_monash_time_unique1000,3,3,TIME__NE_China_Wind__H/seed_2051/run_monash_time_unique1000/visualizations/archive_latex.tex
160,0.856756757,0.586200000,\left(\left(\mathrm{Jacov}\right) \cdot \left(\left(\mathrm{plain}\right)^2\right)\right) \cdot \left(\frac{\mathrm{GFLOPs}}{\mathrm{Snip}}\right),Jacov plain Square Mul GFLOPs Snip Div Mul <EOS>,((Jacov * square(plain)) * (GFLOPs / Snip)),0.586200000,0.661700000,47,8,4,2057,run_monash_time_unique1000,3,2,TIME__NE_China_Wind__H/seed_2057/run_monash_time_unique1000/visualizations/archive_latex.tex
161,0.855855856,0.586200000,\frac{\left(\left(\mathrm{GFLOPs}\right) \cdot \left(\mathrm{Jacov}\right)\right) \cdot \left(\left(\mathrm{plain}\right)^2\right)}{\mathrm{Snip}},GFLOPs Jacov Mul plain Square Mul Snip Div <EOS>,(((GFLOPs * Jacov) * square(plain)) / Snip),0.586200000,0.661700000,11,8,4,2076,run_monash_time_unique1000,3,1,TIME__NE_China_Wind__H/seed_2076/run_monash_time_unique1000/visualizations/archive_latex.tex
162,0.854954955,0.586200000,\left(\mathrm{Jacov}\right) \cdot \left(\left(\left(\mathrm{plain}\right)^2\right) \cdot \left(\frac{\mathrm{GFLOPs}}{\mathrm{Snip}}\right)\right),Jacov plain Square GFLOPs Snip Div Mul Mul <EOS>,(Jacov * (square(plain) * (GFLOPs / Snip))),0.586200000,0.661700000,6,8,4,2079,run_monash_time_unique1000,3,3,TIME__NE_China_Wind__H/seed_2079/run_monash_time_unique1000/visualizations/archive_latex.tex
163,0.854054054,0.586200000,\left(\left(\mathrm{Jacov}\right) \cdot \left(\mathrm{GFLOPs}\right)\right) \cdot \left(\frac{\left(\mathrm{plain}\right)^2}{\mathrm{Snip}}\right),Jacov GFLOPs Mul plain Square Snip Div Mul <EOS>,((Jacov * GFLOPs) * (square(plain) / Snip)),0.586200000,0.661700000,125,8,4,2084,run_monash_time_unique1000,3,1,TIME__NE_China_Wind__H/seed_2084/run_monash_time_unique1000/visualizations/archive_latex.tex
164,0.853153153,0.586200000,\left(\left(\frac{\mathrm{GFLOPs}}{\mathrm{Snip}}\right) \cdot \left(\left(\mathrm{plain}\right)^2\right)\right) \cdot \left(\mathrm{Jacov}\right),GFLOPs Snip Div plain Square Mul Jacov Mul <EOS>,(((GFLOPs / Snip) * square(plain)) * Jacov),0.586200000,0.661700000,73,8,4,2100,run_monash_time_unique1000,3,4,TIME__NE_China_Wind__H/seed_2100/run_monash_time_unique1000/visualizations/archive_latex.tex
165,0.852252252,0.586200000,\left(\frac{\mathrm{GFLOPs}}{\mathrm{Snip}}\right) \cdot \left(\left(\left(\mathrm{plain}\right)^2\right) \cdot \left(\mathrm{Jacov}\right)\right),GFLOPs Snip Div plain Square Jacov Mul Mul <EOS>,((GFLOPs / Snip) * (square(plain) * Jacov)),0.586200000,0.661700000,30,8,4,2103,run_monash_time_unique1000,3,3,TIME__NE_China_Wind__H/seed_2103/run_monash_time_unique1000/visualizations/archive_latex.tex
166,0.851351351,0.586200000,\left(\frac{\mathrm{Jacov}}{\mathrm{Snip}}\right) \cdot \left(\left(\mathrm{GFLOPs}\right) \cdot \left(\left(\mathrm{plain}\right)^2\right)\right),Jacov Snip Div GFLOPs plain Square Mul Mul <EOS>,((Jacov / Snip) * (GFLOPs * square(plain))),0.586200000,0.661700000,36,8,4,2124,run_monash_time_unique1000,3,4,TIME__NE_China_Wind__H/seed_2124/run_monash_time_unique1000/visualizations/archive_latex.tex
167,0.850450450,0.586200000,\left(\frac{\mathrm{Jacov}}{\frac{\mathrm{Snip}}{\mathrm{GFLOPs}}}\right) \cdot \left(\left(\mathrm{plain}\right)^2\right),Jacov Snip GFLOPs Div Div plain Square Mul <EOS>,((Jacov / (Snip / GFLOPs)) * square(plain)),0.586200000,0.661700000,22,8,4,2136,run_monash_time_unique1000,3,1,TIME__NE_China_Wind__H/seed_2136/run_monash_time_unique1000/visualizations/archive_latex.tex
168,0.849549550,0.586200000,\left(\frac{\left(\mathrm{plain}\right)^2}{\frac{\mathrm{Snip}}{\mathrm{GFLOPs}}}\right) \cdot \left(\mathrm{Jacov}\right),plain Square Snip GFLOPs Div Div Jacov Mul <EOS>,((square(plain) / (Snip / GFLOPs)) * Jacov),0.586200000,0.661700000,33,8,4,2137,run_monash_time_unique1000,3,1,TIME__NE_China_Wind__H/seed_2137/run_monash_time_unique1000/visualizations/archive_latex.tex
169,0.848648649,0.586200000,\left(\frac{\left(\mathrm{Jacov}\right) \cdot \left(\mathrm{GFLOPs}\right)}{\mathrm{Snip}}\right) \cdot \left(\left(\mathrm{plain}\right)^2\right),Jacov GFLOPs Mul Snip Div plain Square Mul <EOS>,(((Jacov * GFLOPs) / Snip) * square(plain)),0.586200000,0.661700000,46,8,4,2145,run_monash_time_unique1000,3,1,TIME__NE_China_Wind__H/seed_2145/run_monash_time_unique1000/visualizations/archive_latex.tex
170,0.847747748,0.586200000,\frac{\left(\left(\mathrm{plain}\right)^2\right) \cdot \left(\left(\mathrm{Jacov}\right) \cdot \left(\mathrm{GFLOPs}\right)\right)}{\mathrm{Snip}},plain Square Jacov GFLOPs Mul Mul Snip Div <EOS>,((square(plain) * (Jacov * GFLOPs)) / Snip),0.586200000,0.661700000,22,8,4,2160,run_monash_time_unique1000,3,1,TIME__NE_China_Wind__H/seed_2160/run_monash_time_unique1000/visualizations/archive_latex.tex
171,0.846846847,0.586200000,\left(\left(\mathrm{plain}\right)^2\right) \cdot \left(\left(\mathrm{GFLOPs}\right) \cdot \left(\frac{\mathrm{Jacov}}{\mathrm{Snip}}\right)\right),plain Square GFLOPs Jacov Snip Div Mul Mul <EOS>,(square(plain) * (GFLOPs * (Jacov / Snip))),0.586200000,0.661700000,21,8,4,2170,run_monash_time_unique1000,3,1,TIME__NE_China_Wind__H/seed_2170/run_monash_time_unique1000/visualizations/archive_latex.tex
172,0.845945946,0.586200000,\left(\left(\frac{\left(\mathrm{plain}\right)^2}{\mathrm{Snip}}\right) \cdot \left(\mathrm{Jacov}\right)\right) \cdot \left(\mathrm{GFLOPs}\right),plain Square Snip Div Jacov Mul GFLOPs Mul <EOS>,(((square(plain) / Snip) * Jacov) * GFLOPs),0.586200000,0.661700000,57,8,5,2179,run_monash_time_unique1000,3,1,TIME__NE_China_Wind__H/seed_2179/run_monash_time_unique1000/visualizations/archive_latex.tex
173,0.845045045,0.586200000,\left(\left(\frac{\mathrm{Jacov}}{\mathrm{Snip}}\right) \cdot \left(\left(\mathrm{plain}\right)^2\right)\right) \cdot \left(\mathrm{GFLOPs}\right),Jacov Snip Div plain Square Mul GFLOPs Mul <EOS>,(((Jacov / Snip) * square(plain)) * GFLOPs),0.586200000,0.661700000,109,8,4,2185,run_monash_time_unique1000,3,2,TIME__NE_China_Wind__H/seed_2185/run_monash_time_unique1000/visualizations/archive_latex.tex
174,0.844144144,0.586200000,\left(\frac{\left(\mathrm{plain}\right)^2}{\mathrm{Snip}}\right) \cdot \left(\left(\mathrm{GFLOPs}\right) \cdot \left(\mathrm{Jacov}\right)\right),plain Square Snip Div GFLOPs Jacov Mul Mul <EOS>,((square(plain) / Snip) * (GFLOPs * Jacov)),0.586200000,0.661700000,40,8,4,2205,run_monash_time_unique1000,3,2,TIME__NE_China_Wind__H/seed_2205/run_monash_time_unique1000/visualizations/archive_latex.tex
175,0.843243243,0.586200000,\frac{\mathrm{GFLOPs}}{\frac{\frac{\mathrm{Snip}}{\left(\mathrm{plain}\right)^2}}{\mathrm{Jacov}}},GFLOPs Snip plain Square Div Jacov Div Div <EOS>,(GFLOPs / ((Snip / square(plain)) / Jacov)),0.586200000,0.661700000,9,8,5,2213,run_monash_time_unique1000,3,1,TIME__NE_China_Wind__H/seed_2213/run_monash_time_unique1000/visualizations/archive_latex.tex
176,0.842342342,0.586200000,\left(\frac{\mathrm{GFLOPs}}{\mathrm{Snip}}\right) \cdot \left(\left(\mathrm{Jacov}\right) \cdot \left(\left(\mathrm{plain}\right)^2\right)\right),GFLOPs Snip Div Jacov plain Square Mul Mul <EOS>,((GFLOPs / Snip) * (Jacov * square(plain))),0.586200000,0.661700000,32,8,4,2214,run_monash_time_unique1000,3,2,TIME__NE_China_Wind__H/seed_2214/run_monash_time_unique1000/visualizations/archive_latex.tex
177,0.841441441,0.586200000,\frac{\left(\mathrm{Jacov}\right) \cdot \left(\mathrm{GFLOPs}\right)}{\frac{\mathrm{Snip}}{\left(\mathrm{plain}\right)^2}},Jacov GFLOPs Mul Snip plain Square Div Div <EOS>,((Jacov * GFLOPs) / (Snip / square(plain))),0.586200000,0.661700000,44,8,4,2217,run_monash_time_unique1000,3,1,TIME__NE_China_Wind__H/seed_2217/run_monash_time_unique1000/visualizations/archive_latex.tex
178,0.840540541,0.586200000,\left(\left(\left(\mathrm{plain}\right)^2\right) \cdot \left(\mathrm{GFLOPs}\right)\right) \cdot \left(\frac{\mathrm{Jacov}}{\mathrm{Snip}}\right),plain Square GFLOPs Mul Jacov Snip Div Mul <EOS>,((square(plain) * GFLOPs) * (Jacov / Snip)),0.586200000,0.661700000,16,8,4,2033,run_monash_time_unique1000,4,2,TIME__NE_China_Wind__H/seed_2033/run_monash_time_unique1000/visualizations/archive_latex.tex
179,0.839639640,0.586200000,\left(\left(\mathrm{GFLOPs}\right) \cdot \left(\mathrm{Jacov}\right)\right) \cdot \left(\frac{\left(\mathrm{plain}\right)^2}{\mathrm{Snip}}\right),GFLOPs Jacov Mul plain Square Snip Div Mul <EOS>,((GFLOPs * Jacov) * (square(plain) / Snip)),0.586200000,0.661700000,183,8,4,2094,run_monash_time_unique1000,4,4,TIME__NE_China_Wind__H/seed_2094/run_monash_time_unique1000/visualizations/archive_latex.tex
180,0.838738739,0.586200000,\left(\left(\mathrm{plain}\right)^2\right) \cdot \left(\left(\mathrm{Jacov}\right) \cdot \left(\frac{\mathrm{GFLOPs}}{\mathrm{Snip}}\right)\right),plain Square Jacov GFLOPs Snip Div Mul Mul <EOS>,(square(plain) * (Jacov * (GFLOPs / Snip))),0.586200000,0.661700000,17,8,4,2186,run_monash_time_unique1000,4,1,TIME__NE_China_Wind__H/seed_2186/run_monash_time_unique1000/visualizations/archive_latex.tex
181,0.837837838,0.586200000,\left(\left(\frac{\mathrm{GFLOPs}}{\mathrm{Snip}}\right) \cdot \left(\mathrm{Jacov}\right)\right) \cdot \left(\left(\mathrm{plain}\right)^2\right),GFLOPs Snip Div Jacov Mul plain Square Mul <EOS>,(((GFLOPs / Snip) * Jacov) * square(plain)),0.586200000,0.661700000,8,8,4,2195,run_monash_time_unique1000,4,1,TIME__NE_China_Wind__H/seed_2195/run_monash_time_unique1000/visualizations/archive_latex.tex
182,0.836936937,0.586200000,\left(\mathrm{Jacov}\right) \cdot \left(\left(\frac{\left(\mathrm{plain}\right)^2}{\mathrm{Snip}}\right) \cdot \left(\mathrm{GFLOPs}\right)\right),Jacov plain Square Snip Div GFLOPs Mul Mul <EOS>,(Jacov * ((square(plain) / Snip) * GFLOPs)),0.586200000,0.661700000,115,8,5,2202,run_monash_time_unique1000,4,1,TIME__NE_China_Wind__H/seed_2202/run_monash_time_unique1000/visualizations/archive_latex.tex
183,0.836036036,0.586200000,\left(\left(\mathrm{plain}\right)^2\right) \cdot \left(\frac{\left(\mathrm{Jacov}\right) \cdot \left(\mathrm{GFLOPs}\right)}{\mathrm{Snip}}\right),plain Square Jacov GFLOPs Mul Snip Div Mul <EOS>,(square(plain) * ((Jacov * GFLOPs) / Snip)),0.586200000,0.661700000,10,8,4,2220,run_monash_time_unique1000,4,1,TIME__NE_China_Wind__H/seed_2220/run_monash_time_unique1000/visualizations/archive_latex.tex
184,0.835135135,0.585900000,\left(\left(\log\left(\mathrm{GFLOPs}\right)\right) \cdot \left(\mathrm{Jacov}\right)\right) \cdot \left(\left(\frac{\mathrm{plain}}{\mathrm{L2Norm}}\right)^2\right),GFLOPs Log Jacov Mul plain L2-Norm Div Square Mul <EOS>,((log(GFLOPs) * Jacov) * square((plain / L2-Norm))),0.585900000,0.642400000,127,9,4,2054,run_monash_time_unique1000,1,3,TIME__NE_China_Wind__H/seed_2054/run_monash_time_unique1000/visualizations/archive_latex.tex
185,0.834234234,0.585900000,\left(\log\left(\mathrm{GFLOPs}\right)\right) \cdot \left(\frac{\left(\mathrm{plain}\right) \cdot \left(\mathrm{Jacov}\right)}{\sqrt{\mathrm{MParams}}}\right),GFLOPs Log plain Jacov Mul MParams Sqrt Div Mul <EOS>,(log(GFLOPs) * ((plain * Jacov) / sqrt(MParams))),0.585900000,0.664200000,32,9,4,2183,run_monash_time_unique1000,1,1,TIME__NE_China_Wind__H/seed_2183/run_monash_time_unique1000/visualizations/archive_latex.tex
186,0.833333333,0.585900000,\left(\left(\log\left(\mathrm{GFLOPs}\right)\right) \cdot \left(\mathrm{Jacov}\right)\right) \cdot \left(\frac{\mathrm{plain}}{\sqrt{\mathrm{MParams}}}\right),GFLOPs Log Jacov Mul plain MParams Sqrt Div Mul <EOS>,((log(GFLOPs) * Jacov) * (plain / sqrt(MParams))),0.585900000,0.664200000,193,9,4,2054,run_monash_time_unique1000,2,3,TIME__NE_China_Wind__H/seed_2054/run_monash_time_unique1000/visualizations/archive_latex.tex
187,0.832432432,0.585900000,\left(\frac{\left(\log\left(\mathrm{GFLOPs}\right)\right) \cdot \left(\mathrm{Jacov}\right)}{\sqrt{\mathrm{MParams}}}\right) \cdot \left(\mathrm{plain}\right),GFLOPs Log Jacov Mul MParams Sqrt Div plain Mul <EOS>,(((log(GFLOPs) * Jacov) / sqrt(MParams)) * plain),0.585900000,0.664200000,15,9,5,2219,run_monash_time_unique1000,2,2,TIME__NE_China_Wind__H/seed_2219/run_monash_time_unique1000/visualizations/archive_latex.tex
188,0.831531532,0.585900000,\left(\frac{\log\left(\mathrm{GFLOPs}\right)}{\sqrt{\mathrm{MParams}}}\right) \cdot \left(\left(\mathrm{Jacov}\right) \cdot \left(\mathrm{plain}\right)\right),GFLOPs Log MParams Sqrt Div Jacov plain Mul Mul <EOS>,((log(GFLOPs) / sqrt(MParams)) * (Jacov * plain)),0.585900000,0.664200000,37,9,4,2036,run_monash_time_unique1000,3,1,TIME__NE_China_Wind__H/seed_2036/run_monash_time_unique1000/visualizations/archive_latex.tex
189,0.830630631,0.585900000,\left(\log\left(\mathrm{GFLOPs}\right)\right) \cdot \left(\left(\mathrm{Jacov}\right) \cdot \left(\frac{\mathrm{plain}}{\sqrt{\mathrm{MParams}}}\right)\right),GFLOPs Log Jacov plain MParams Sqrt Div Mul Mul <EOS>,(log(GFLOPs) * (Jacov * (plain / sqrt(MParams)))),0.585900000,0.664200000,138,9,5,2062,run_monash_time_unique1000,3,1,TIME__NE_China_Wind__H/seed_2062/run_monash_time_unique1000/visualizations/archive_latex.tex
190,0.829729730,0.585900000,\left(\left(\log\left(\mathrm{GFLOPs}\right)\right) \cdot \left(\mathrm{plain}\right)\right) \cdot \left(\frac{\mathrm{Jacov}}{\sqrt{\mathrm{MParams}}}\right),GFLOPs Log plain Mul Jacov MParams Sqrt Div Mul <EOS>,((log(GFLOPs) * plain) * (Jacov / sqrt(MParams))),0.585900000,0.664200000,52,9,4,2073,run_monash_time_unique1000,3,2,TIME__NE_China_Wind__H/seed_2073/run_monash_time_unique1000/visualizations/archive_latex.tex
191,0.828828829,0.585900000,\left(\log\left(\mathrm{GFLOPs}\right)\right) \cdot \left(\left(\mathrm{Jacov}\right) \cdot \left(\left(\frac{\mathrm{plain}}{\mathrm{L2Norm}}\right)^2\right)\right),GFLOPs Log Jacov plain L2-Norm Div Square Mul Mul <EOS>,(log(GFLOPs) * (Jacov * square((plain / L2-Norm)))),0.585900000,0.642400000,98,9,5,2097,run_monash_time_unique1000,3,5,TIME__NE_China_Wind__H/seed_2097/run_monash_time_unique1000/visualizations/archive_latex.tex
192,0.827927928,0.585900000,\frac{\log\left(\mathrm{GFLOPs}\right)}{\frac{\sqrt{\mathrm{MParams}}}{\left(\mathrm{plain}\right) \cdot \left(\mathrm{Jacov}\right)}},GFLOPs Log MParams Sqrt plain Jacov Mul Div Div <EOS>,(log(GFLOPs) / (sqrt(MParams) / (plain * Jacov))),0.585900000,0.664200000,13,9,4,2098,run_monash_time_unique1000,3,1,TIME__NE_China_Wind__H/seed_2098/run_monash_time_unique1000/visualizations/archive_latex.tex
193,0.827027027,0.585900000,\left(\left(\left(\frac{\mathrm{plain}}{\mathrm{L2Norm}}\right)^2\right) \cdot \left(\log\left(\mathrm{GFLOPs}\right)\right)\right) \cdot \left(\mathrm{Jacov}\right),plain L2-Norm Div Square GFLOPs Log Mul Jacov Mul <EOS>,((square((plain / L2-Norm)) * log(GFLOPs)) * Jacov),0.585900000,0.642400000,190,9,5,2127,run_monash_time_unique1000,3,2,TIME__NE_China_Wind__H/seed_2127/run_monash_time_unique1000/visualizations/archive_latex.tex
194,0.826126126,0.585900000,\left(\left(\frac{\mathrm{plain}}{\mathrm{L2Norm}}\right)^2\right) \cdot \left(\left(\log\left(\mathrm{GFLOPs}\right)\right) \cdot \left(\mathrm{Jacov}\right)\right),plain L2-Norm Div Square GFLOPs Log Jacov Mul Mul <EOS>,(square((plain / L2-Norm)) * (log(GFLOPs) * Jacov)),0.585900000,0.642400000,70,9,4,2153,run_monash_time_unique1000,3,2,TIME__NE_China_Wind__H/seed_2153/run_monash_time_unique1000/visualizations/archive_latex.tex
195,0.825225225,0.585900000,\left(\mathrm{Jacov}\right) \cdot \left(\left(\log\left(\mathrm{GFLOPs}\right)\right) \cdot \left(\left(\frac{\mathrm{plain}}{\mathrm{L2Norm}}\right)^2\right)\right),Jacov GFLOPs Log plain L2-Norm Div Square Mul Mul <EOS>,(Jacov * (log(GFLOPs) * square((plain / L2-Norm)))),0.585900000,0.642400000,96,9,5,2168,run_monash_time_unique1000,3,1,TIME__NE_China_Wind__H/seed_2168/run_monash_time_unique1000/visualizations/archive_latex.tex
196,0.824324324,0.585900000,\left(\log\left(\mathrm{GFLOPs}\right)\right) \cdot \left(\frac{\mathrm{Jacov}}{\left(\frac{\mathrm{L2Norm}}{\mathrm{plain}}\right)^2}\right),GFLOPs Log Jacov L2-Norm plain Div Square Div Mul <EOS>,(log(GFLOPs) * (Jacov / square((L2-Norm / plain)))),0.585900000,0.642400000,138,9,5,2048,run_monash_time_unique1000,4,1,TIME__NE_China_Wind__H/seed_2048/run_monash_time_unique1000/visualizations/archive_latex.tex
197,0.823423423,0.585900000,\left(\left(\mathrm{Jacov}\right) \cdot \left(\left(\frac{\mathrm{plain}}{\mathrm{L2Norm}}\right)^2\right)\right) \cdot \left(\log\left(\mathrm{GFLOPs}\right)\right),Jacov plain L2-Norm Div Square Mul GFLOPs Log Mul <EOS>,((Jacov * square((plain / L2-Norm))) * log(GFLOPs)),0.585900000,0.642400000,102,9,5,2057,run_monash_time_unique1000,4,1,TIME__NE_China_Wind__H/seed_2057/run_monash_time_unique1000/visualizations/archive_latex.tex
198,0.822522523,0.585900000,\frac{\left(\left(\log\left(\mathrm{GFLOPs}\right)\right) \cdot \left(\mathrm{Jacov}\right)\right) \cdot \left(\mathrm{plain}\right)}{\sqrt{\mathrm{MParams}}},GFLOPs Log Jacov Mul plain Mul MParams Sqrt Div <EOS>,(((log(GFLOPs) * Jacov) * plain) / sqrt(MParams)),0.585900000,0.664200000,31,9,5,2076,run_monash_time_unique1000,4,3,TIME__NE_China_Wind__H/seed_2076/run_monash_time_unique1000/visualizations/archive_latex.tex
199,0.821621622,0.585900000,\frac{\left(\mathrm{Jacov}\right) \cdot \left(\left(\mathrm{plain}\right) \cdot \left(\log\left(\mathrm{GFLOPs}\right)\right)\right)}{\sqrt{\mathrm{MParams}}},Jacov plain GFLOPs Log Mul Mul MParams Sqrt Div <EOS>,((Jacov * (plain * log(GFLOPs))) / sqrt(MParams)),0.585900000,0.664200000,21,9,5,2079,run_monash_time_unique1000,4,1,TIME__NE_China_Wind__H/seed_2079/run_monash_time_unique1000/visualizations/archive_latex.tex
200,0.820720721,0.585900000,\frac{\left(\log\left(\mathrm{GFLOPs}\right)\right) \cdot \left(\left(\mathrm{Jacov}\right) \cdot \left(\mathrm{plain}\right)\right)}{\sqrt{\mathrm{MParams}}},GFLOPs Log Jacov plain Mul Mul MParams Sqrt Div <EOS>,((log(GFLOPs) * (Jacov * plain)) / sqrt(MParams)),0.585900000,0.664200000,45,9,4,2081,run_monash_time_unique1000,4,1,TIME__NE_China_Wind__H/seed_2081/run_monash_time_unique1000/visualizations/archive_latex.tex
201,0.819819820,0.585900000,\left(\log\left(\mathrm{GFLOPs}\right)\right) \cdot \left(\left(\mathrm{plain}\right) \cdot \left(\frac{\mathrm{Jacov}}{\sqrt{\mathrm{MParams}}}\right)\right),GFLOPs Log plain Jacov MParams Sqrt Div Mul Mul <EOS>,(log(GFLOPs) * (plain * (Jacov / sqrt(MParams)))),0.585900000,0.664200000,40,9,5,2097,run_monash_time_unique1000,4,1,TIME__NE_China_Wind__H/seed_2097/run_monash_time_unique1000/visualizations/archive_latex.tex
202,0.818918919,0.585900000,\frac{\left(\left(\log\left(\mathrm{GFLOPs}\right)\right) \cdot \left(\mathrm{plain}\right)\right) \cdot \left(\mathrm{Jacov}\right)}{\sqrt{\mathrm{MParams}}},GFLOPs Log plain Mul Jacov Mul MParams Sqrt Div <EOS>,(((log(GFLOPs) * plain) * Jacov) / sqrt(MParams)),0.585900000,0.664200000,41,9,5,2100,run_monash_time_unique1000,4,1,TIME__NE_China_Wind__H/seed_2100/run_monash_time_unique1000/visualizations/archive_latex.tex
203,0.818018018,0.585900000,\left(\log\left(\mathrm{GFLOPs}\right)\right) \cdot \left(\left(\frac{\mathrm{Jacov}}{\sqrt{\mathrm{MParams}}}\right) \cdot \left(\mathrm{plain}\right)\right),GFLOPs Log Jacov MParams Sqrt Div plain Mul Mul <EOS>,(log(GFLOPs) * ((Jacov / sqrt(MParams)) * plain)),0.585900000,0.664200000,49,9,5,2103,run_monash_time_unique1000,4,2,TIME__NE_China_Wind__H/seed_2103/run_monash_time_unique1000/visualizations/archive_latex.tex
204,0.817117117,0.585900000,\left(\log\left(\mathrm{GFLOPs}\right)\right) \cdot \left(\left(\left(\frac{\mathrm{plain}}{\mathrm{L2Norm}}\right)^2\right) \cdot \left(\mathrm{Jacov}\right)\right),GFLOPs Log plain L2-Norm Div Square Jacov Mul Mul <EOS>,(log(GFLOPs) * (square((plain / L2-Norm)) * Jacov)),0.585900000,0.642400000,139,9,5,2109,run_monash_time_unique1000,4,1,TIME__NE_China_Wind__H/seed_2109/run_monash_time_unique1000/visualizations/archive_latex.tex
205,0.816216216,0.585900000,\left(\mathrm{Jacov}\right) \cdot \left(\left(\log\left(\mathrm{GFLOPs}\right)\right) \cdot \left(\frac{\mathrm{plain}}{\sqrt{\mathrm{MParams}}}\right)\right),Jacov GFLOPs Log plain MParams Sqrt Div Mul Mul <EOS>,(Jacov * (log(GFLOPs) * (plain / sqrt(MParams)))),0.585900000,0.664200000,139,9,5,2124,run_monash_time_unique1000,4,2,TIME__NE_China_Wind__H/seed_2124/run_monash_time_unique1000/visualizations/archive_latex.tex
206,0.815315315,0.585900000,\left(\left(\frac{\mathrm{plain}}{\sqrt{\mathrm{MParams}}}\right) \cdot \left(\log\left(\mathrm{GFLOPs}\right)\right)\right) \cdot \left(\mathrm{Jacov}\right),plain MParams Sqrt Div GFLOPs Log Mul Jacov Mul <EOS>,(((plain / sqrt(MParams)) * log(GFLOPs)) * Jacov),0.585900000,0.664200000,72,9,5,2127,run_monash_time_unique1000,4,2,TIME__NE_China_Wind__H/seed_2127/run_monash_time_unique1000/visualizations/archive_latex.tex
207,0.814414414,0.585900000,\left(\left(\mathrm{Jacov}\right) \cdot \left(\log\left(\mathrm{GFLOPs}\right)\right)\right) \cdot \left(\frac{\mathrm{plain}}{\sqrt{\mathrm{MParams}}}\right),Jacov GFLOPs Log Mul plain MParams Sqrt Div Mul <EOS>,((Jacov * log(GFLOPs)) * (plain / sqrt(MParams))),0.585900000,0.664200000,171,9,4,2145,run_monash_time_unique1000,4,1,TIME__NE_China_Wind__H/seed_2145/run_monash_time_unique1000/visualizations/archive_latex.tex
208,0.813513514,0.585900000,\left(\frac{\mathrm{plain}}{\sqrt{\mathrm{MParams}}}\right) \cdot \left(\left(\log\left(\mathrm{GFLOPs}\right)\right) \cdot \left(\mathrm{Jacov}\right)\right),plain MParams Sqrt Div GFLOPs Log Jacov Mul Mul <EOS>,((plain / sqrt(MParams)) * (log(GFLOPs) * Jacov)),0.585900000,0.664200000,97,9,4,2153,run_monash_time_unique1000,4,2,TIME__NE_China_Wind__H/seed_2153/run_monash_time_unique1000/visualizations/archive_latex.tex
209,0.812612613,0.585900000,\left(\log\left(\mathrm{GFLOPs}\right)\right) \cdot \left(\frac{\mathrm{plain}}{\frac{\sqrt{\mathrm{MParams}}}{\mathrm{Jacov}}}\right),GFLOPs Log plain MParams Sqrt Jacov Div Div Mul <EOS>,(log(GFLOPs) * (plain / (sqrt(MParams) / Jacov))),0.585900000,0.664200000,192,9,5,2168,run_monash_time_unique1000,4,1,TIME__NE_China_Wind__H/seed_2168/run_monash_time_unique1000/visualizations/archive_latex.tex
210,0.811711712,0.585900000,\left(\left(\frac{\log\left(\mathrm{GFLOPs}\right)}{\sqrt{\mathrm{MParams}}}\right) \cdot \left(\mathrm{plain}\right)\right) \cdot \left(\mathrm{Jacov}\right),GFLOPs Log MParams Sqrt Div plain Mul Jacov Mul <EOS>,(((log(GFLOPs) / sqrt(MParams)) * plain) * Jacov),0.585900000,0.664200000,28,9,5,2172,run_monash_time_unique1000,4,1,TIME__NE_China_Wind__H/seed_2172/run_monash_time_unique1000/visualizations/archive_latex.tex
211,0.810810811,0.585900000,\left(\frac{\log\left(\mathrm{GFLOPs}\right)}{\sqrt{\mathrm{MParams}}}\right) \cdot \left(\left(\mathrm{plain}\right) \cdot \left(\mathrm{Jacov}\right)\right),GFLOPs Log MParams Sqrt Div plain Jacov Mul Mul <EOS>,((log(GFLOPs) / sqrt(MParams)) * (plain * Jacov)),0.585900000,0.664200000,54,9,4,2206,run_monash_time_unique1000,4,1,TIME__NE_China_Wind__H/seed_2206/run_monash_time_unique1000/visualizations/archive_latex.tex
212,0.809909910,0.585900000,\left(\frac{\mathrm{Jacov}}{\sqrt{\mathrm{MParams}}}\right) \cdot \left(\left(\log\left(\mathrm{GFLOPs}\right)\right) \cdot \left(\mathrm{plain}\right)\right),Jacov MParams Sqrt Div GFLOPs Log plain Mul Mul <EOS>,((Jacov / sqrt(MParams)) * (log(GFLOPs) * plain)),0.585900000,0.664200000,105,9,4,2209,run_monash_time_unique1000,4,1,TIME__NE_China_Wind__H/seed_2209/run_monash_time_unique1000/visualizations/archive_latex.tex
213,0.809009009,0.585900000,\frac{\log\left(\mathrm{GFLOPs}\right)}{\frac{\frac{\sqrt{\mathrm{MParams}}}{\mathrm{plain}}}{\mathrm{Jacov}}},GFLOPs Log MParams Sqrt plain Div Jacov Div Div <EOS>,(log(GFLOPs) / ((sqrt(MParams) / plain) / Jacov)),0.585900000,0.664200000,148,9,5,2213,run_monash_time_unique1000,4,1,TIME__NE_China_Wind__H/seed_2213/run_monash_time_unique1000/visualizations/archive_latex.tex
214,0.808108108,0.585900000,\left(\left(\log\left(\mathrm{GFLOPs}\right)\right) \cdot \left(\frac{\mathrm{Jacov}}{\sqrt{\mathrm{MParams}}}\right)\right) \cdot \left(\mathrm{plain}\right),GFLOPs Log Jacov MParams Sqrt Div Mul plain Mul <EOS>,((log(GFLOPs) * (Jacov / sqrt(MParams))) * plain),0.585900000,0.664200000,45,9,5,2215,run_monash_time_unique1000,4,1,TIME__NE_China_Wind__H/seed_2215/run_monash_time_unique1000/visualizations/archive_latex.tex
215,0.807207207,0.585900000,\frac{\left(\mathrm{Jacov}\right) \cdot \left(\log\left(\mathrm{GFLOPs}\right)\right)}{\left(\frac{\mathrm{L2Norm}}{\mathrm{plain}}\right)^2},Jacov GFLOPs Log Mul L2-Norm plain Div Square Div <EOS>,((Jacov * log(GFLOPs)) / square((L2-Norm / plain))),0.585900000,0.642400000,15,9,4,2217,run_monash_time_unique1000,4,1,TIME__NE_China_Wind__H/seed_2217/run_monash_time_unique1000/visualizations/archive_latex.tex
216,0.806306306,0.585900000,\left(\frac{\left(\mathrm{plain}\right) \cdot \left(\log\left(\mathrm{GFLOPs}\right)\right)}{\sqrt{\mathrm{MParams}}}\right) \cdot \left(\mathrm{Jacov}\right),plain GFLOPs Log Mul MParams Sqrt Div Jacov Mul <EOS>,(((plain * log(GFLOPs)) / sqrt(MParams)) * Jacov),0.585900000,0.664200000,51,9,5,2033,run_monash_time_unique1000,5,1,TIME__NE_China_Wind__H/seed_2033/run_monash_time_unique1000/visualizations/archive_latex.tex
217,0.805405405,0.585900000,\left(\left(\mathrm{Jacov}\right) \cdot \left(\mathrm{plain}\right)\right) \cdot \left(\frac{\log\left(\mathrm{GFLOPs}\right)}{\sqrt{\mathrm{MParams}}}\right),Jacov plain Mul GFLOPs Log MParams Sqrt Div Mul <EOS>,((Jacov * plain) * (log(GFLOPs) / sqrt(MParams))),0.585900000,0.664200000,17,9,4,2057,run_monash_time_unique1000,5,1,TIME__NE_China_Wind__H/seed_2057/run_monash_time_unique1000/visualizations/archive_latex.tex
218,0.804504505,0.585900000,\left(\left(\log\left(\mathrm{GFLOPs}\right)\right) \cdot \left(\left(\frac{\mathrm{plain}}{\mathrm{L2Norm}}\right)^2\right)\right) \cdot \left(\mathrm{Jacov}\right),GFLOPs Log plain L2-Norm Div Square Mul Jacov Mul <EOS>,((log(GFLOPs) * square((plain / L2-Norm))) * Jacov),0.585900000,0.642400000,21,9,5,2061,run_monash_time_unique1000,5,2,TIME__NE_China_Wind__H/seed_2061/run_monash_time_unique1000/visualizations/archive_latex.tex
219,0.803603604,0.585900000,\frac{\left(\mathrm{Jacov}\right) \cdot \left(\left(\log\left(\mathrm{GFLOPs}\right)\right) \cdot \left(\mathrm{plain}\right)\right)}{\sqrt{\mathrm{MParams}}},Jacov GFLOPs Log plain Mul Mul MParams Sqrt Div <EOS>,((Jacov * (log(GFLOPs) * plain)) / sqrt(MParams)),0.585900000,0.664200000,82,9,5,2063,run_monash_time_unique1000,5,1,TIME__NE_China_Wind__H/seed_2063/run_monash_time_unique1000/visualizations/archive_latex.tex
220,0.802702703,0.585900000,\left(\frac{\mathrm{Jacov}}{\sqrt{\mathrm{MParams}}}\right) \cdot \left(\left(\mathrm{plain}\right) \cdot \left(\log\left(\mathrm{GFLOPs}\right)\right)\right),Jacov MParams Sqrt Div plain GFLOPs Log Mul Mul <EOS>,((Jacov / sqrt(MParams)) * (plain * log(GFLOPs))),0.585900000,0.664200000,36,9,4,2075,run_monash_time_unique1000,5,1,TIME__NE_China_Wind__H/seed_2075/run_monash_time_unique1000/visualizations/archive_latex.tex
221,0.801801802,0.585900000,\frac{\left(\log\left(\mathrm{GFLOPs}\right)\right) \cdot \left(\left(\mathrm{plain}\right) \cdot \left(\mathrm{Jacov}\right)\right)}{\sqrt{\mathrm{MParams}}},GFLOPs Log plain Jacov Mul Mul MParams Sqrt Div <EOS>,((log(GFLOPs) * (plain * Jacov)) / sqrt(MParams)),0.585900000,0.664200000,106,9,4,2109,run_monash_time_unique1000,5,1,TIME__NE_China_Wind__H/seed_2109/run_monash_time_unique1000/visualizations/archive_latex.tex
222,0.800900901,0.585900000,\left(\mathrm{Jacov}\right) \cdot \left(\left(\left(\frac{\mathrm{plain}}{\mathrm{L2Norm}}\right)^2\right) \cdot \left(\log\left(\mathrm{GFLOPs}\right)\right)\right),Jacov plain L2-Norm Div Square GFLOPs Log Mul Mul <EOS>,(Jacov * (square((plain / L2-Norm)) * log(GFLOPs))),0.585900000,0.642400000,39,9,5,2133,run_monash_time_unique1000,5,2,TIME__NE_China_Wind__H/seed_2133/run_monash_time_unique1000/visualizations/archive_latex.tex
223,0.800000000,0.585900000,\left(\left(\frac{\mathrm{plain}}{\mathrm{L2Norm}}\right)^2\right) \cdot \left(\left(\mathrm{Jacov}\right) \cdot \left(\log\left(\mathrm{GFLOPs}\right)\right)\right),plain L2-Norm Div Square Jacov GFLOPs Log Mul Mul <EOS>,(square((plain / L2-Norm)) * (Jacov * log(GFLOPs))),0.585900000,0.642400000,135,9,4,2186,run_monash_time_unique1000,5,1,TIME__NE_China_Wind__H/seed_2186/run_monash_time_unique1000/visualizations/archive_latex.tex
224,0.799099099,0.585900000,\left(\log\left(\mathrm{GFLOPs}\right)\right) \cdot \left(\frac{\left(\mathrm{Jacov}\right) \cdot \left(\mathrm{plain}\right)}{\sqrt{\mathrm{MParams}}}\right),GFLOPs Log Jacov plain Mul MParams Sqrt Div Mul <EOS>,(log(GFLOPs) * ((Jacov * plain) / sqrt(MParams))),0.585900000,0.664200000,20,9,4,2220,run_monash_time_unique1000,5,2,TIME__NE_China_Wind__H/seed_2220/run_monash_time_unique1000/visualizations/archive_latex.tex
225,0.798198198,0.585900000,\left(\mathrm{plain}\right) \cdot \left(\left(\mathrm{Jacov}\right) \cdot \left(\frac{\log\left(\mathrm{GFLOPs}\right)}{\sqrt{\mathrm{MParams}}}\right)\right),plain Jacov GFLOPs Log MParams Sqrt Div Mul Mul <EOS>,(plain * (Jacov * (log(GFLOPs) / sqrt(MParams)))),0.585900000,0.664200000,66,9,5,2186,run_monash_time_unique1000,6,1,TIME__NE_China_Wind__H/seed_2186/run_monash_time_unique1000/visualizations/archive_latex.tex
226,0.797297297,0.585900000,\left(\left(\frac{\log\left(\mathrm{GFLOPs}\right)}{\sqrt{\mathrm{MParams}}}\right) \cdot \left(\mathrm{Jacov}\right)\right) \cdot \left(\mathrm{plain}\right),GFLOPs Log MParams Sqrt Div Jacov Mul plain Mul <EOS>,(((log(GFLOPs) / sqrt(MParams)) * Jacov) * plain),0.585900000,0.664200000,11,9,5,2188,run_monash_time_unique1000,6,1,TIME__NE_China_Wind__H/seed_2188/run_monash_time_unique1000/visualizations/archive_latex.tex
227,0.796396396,0.585900000,\left(\left(\mathrm{Jacov}\right) \cdot \left(\frac{\mathrm{plain}}{\sqrt{\mathrm{MParams}}}\right)\right) \cdot \left(\log\left(\mathrm{GFLOPs}\right)\right),Jacov plain MParams Sqrt Div Mul GFLOPs Log Mul <EOS>,((Jacov * (plain / sqrt(MParams))) * log(GFLOPs)),0.585900000,0.664200000,73,9,5,2216,run_monash_time_unique1000,6,1,TIME__NE_China_Wind__H/seed_2216/run_monash_time_unique1000/visualizations/archive_latex.tex
228,0.795495495,0.585700000,\frac{\frac{\mathrm{Snip}}{\left(\mathrm{plain}\right)^2}}{\mathrm{GFLOPs}} - \sqrt{\mathrm{Jacov}},Snip plain Square Div GFLOPs Div Jacov Sqrt Sub <EOS>,(((Snip / square(plain)) / GFLOPs) - sqrt(Jacov)),0.585700000,0.702800000,161,9,5,2176,run_monash_time_unique1000,3,1,TIME__NE_China_Wind__H/seed_2176/run_monash_time_unique1000/visualizations/archive_latex.tex
229,0.794594595,0.585400000,\left(\mathrm{GFLOPs} - \left(\mathrm{MParams}\right)^2\right) \cdot \left(\mathrm{plain} + \mathrm{Jacov}\right),GFLOPs MParams Square Sub plain Jacov Add Mul <EOS>,((GFLOPs - square(MParams)) * (plain + Jacov)),0.585400000,0.584100000,112,8,4,2058,run_monash_time_unique1000,1,1,TIME__NE_China_Wind__H/seed_2058/run_monash_time_unique1000/visualizations/archive_latex.tex
230,0.793693694,0.584900000,\left(\mathrm{GFLOPs} - \left(\mathrm{MParams}\right)^2\right) \cdot \left(\mathrm{Jacov}\right),GFLOPs MParams Square Sub Jacov Mul <EOS>,((GFLOPs - square(MParams)) * Jacov),0.584900000,0.584900000,173,6,4,2039,run_monash_time_unique1000,1,10,TIME__NE_China_Wind__H/seed_2039/run_monash_time_unique1000/visualizations/archive_latex.tex
231,0.792792793,0.584900000,\left(\mathrm{Jacov}\right) \cdot \left(\mathrm{GFLOPs} - \left(\mathrm{MParams}\right)^2\right),Jacov GFLOPs MParams Square Sub Mul <EOS>,(Jacov * (GFLOPs - square(MParams))),0.584900000,0.584900000,170,6,4,2211,run_monash_time_unique1000,1,6,TIME__NE_China_Wind__H/seed_2211/run_monash_time_unique1000/visualizations/archive_latex.tex
232,0.791891892,0.584900000,\left(\mathrm{GFLOPs} - \left(\mathrm{MParams}\right)^2\right) \cdot \left(\mathrm{Jacov} - \mathrm{ZiCo}\right),GFLOPs MParams Square Sub Jacov ZiCo Sub Mul <EOS>,((GFLOPs - square(MParams)) * (Jacov - ZiCo)),0.584900000,0.584800000,172,8,4,2039,run_monash_time_unique1000,2,1,TIME__NE_China_Wind__H/seed_2039/run_monash_time_unique1000/visualizations/archive_latex.tex
233,0.790990991,0.584800000,\left(\left(\frac{\mathrm{GradNorm}}{\mathrm{MParams}}\right) \cdot \left(\mathrm{Jacov}\right)\right) \cdot \left(\log\left(\mathrm{GFLOPs}\right)\right),Grad_Norm MParams Div Jacov Mul GFLOPs Log Mul <EOS>,(((Grad_Norm / MParams) * Jacov) * log(GFLOPs)),0.584800000,0.550600000,194,8,4,2028,run_monash_time_unique1000,3,2,TIME__NE_China_Wind__H/seed_2028/run_monash_time_unique1000/visualizations/archive_latex.tex
234,0.790090090,0.584800000,\frac{\left(\log\left(\mathrm{GFLOPs}\right)\right) \cdot \left(\left(\mathrm{GradNorm}\right) \cdot \left(\mathrm{Jacov}\right)\right)}{\mathrm{MParams}},GFLOPs Log Grad_Norm Jacov Mul Mul MParams Div <EOS>,((log(GFLOPs) * (Grad_Norm * Jacov)) / MParams),0.584800000,0.550600000,180,8,4,2106,run_monash_time_unique1000,3,2,TIME__NE_China_Wind__H/seed_2106/run_monash_time_unique1000/visualizations/archive_latex.tex
235,0.789189189,0.584800000,\left(\log\left(\mathrm{GFLOPs}\right)\right) \cdot \left(\left(\mathrm{Jacov}\right) \cdot \left(\frac{\mathrm{GradNorm}}{\mathrm{MParams}}\right)\right),GFLOPs Log Jacov Grad_Norm MParams Div Mul Mul <EOS>,(log(GFLOPs) * (Jacov * (Grad_Norm / MParams))),0.584800000,0.550600000,135,8,4,2062,run_monash_time_unique1000,4,4,TIME__NE_China_Wind__H/seed_2062/run_monash_time_unique1000/visualizations/archive_latex.tex
236,0.788288288,0.584800000,\left(\left(\mathrm{Jacov}\right) \cdot \left(\log\left(\mathrm{GFLOPs}\right)\right)\right) \cdot \left(\frac{\mathrm{GradNorm}}{\mathrm{MParams}}\right),Jacov GFLOPs Log Mul Grad_Norm MParams Div Mul <EOS>,((Jacov * log(GFLOPs)) * (Grad_Norm / MParams)),0.584800000,0.550600000,126,8,4,2084,run_monash_time_unique1000,4,1,TIME__NE_China_Wind__H/seed_2084/run_monash_time_unique1000/visualizations/archive_latex.tex
237,0.787387387,0.584800000,\left(\left(\frac{\mathrm{GradNorm}}{\mathrm{MParams}}\right) \cdot \left(\log\left(\mathrm{GFLOPs}\right)\right)\right) \cdot \left(\mathrm{Jacov}\right),Grad_Norm MParams Div GFLOPs Log Mul Jacov Mul <EOS>,(((Grad_Norm / MParams) * log(GFLOPs)) * Jacov),0.584800000,0.550600000,147,8,4,2092,run_monash_time_unique1000,4,3,TIME__NE_China_Wind__H/seed_2092/run_monash_time_unique1000/visualizations/archive_latex.tex
238,0.786486486,0.584800000,\left(\left(\mathrm{GradNorm}\right) \cdot \left(\frac{\mathrm{Jacov}}{\mathrm{MParams}}\right)\right) \cdot \left(\log\left(\mathrm{GFLOPs}\right)\right),Grad_Norm Jacov MParams Div Mul GFLOPs Log Mul <EOS>,((Grad_Norm * (Jacov / MParams)) * log(GFLOPs)),0.584800000,0.550600000,54,8,4,2104,run_monash_time_unique1000,4,1,TIME__NE_China_Wind__H/seed_2104/run_monash_time_unique1000/visualizations/archive_latex.tex
239,0.785585586,0.584800000,\left(\frac{\mathrm{GradNorm}}{\mathrm{MParams}}\right) \cdot \left(\left(\log\left(\mathrm{GFLOPs}\right)\right) \cdot \left(\mathrm{Jacov}\right)\right),Grad_Norm MParams Div GFLOPs Log Jacov Mul Mul <EOS>,((Grad_Norm / MParams) * (log(GFLOPs) * Jacov)),0.584800000,0.550600000,105,8,4,2140,run_monash_time_unique1000,4,1,TIME__NE_China_Wind__H/seed_2140/run_monash_time_unique1000/visualizations/archive_latex.tex
240,0.784684685,0.584800000,\left(\left(\log\left(\mathrm{GFLOPs}\right)\right) \cdot \left(\mathrm{Jacov}\right)\right) \cdot \left(\frac{\mathrm{GradNorm}}{\mathrm{MParams}}\right),GFLOPs Log Jacov Mul Grad_Norm MParams Div Mul <EOS>,((log(GFLOPs) * Jacov) * (Grad_Norm / MParams)),0.584800000,0.550600000,140,8,4,2154,run_monash_time_unique1000,4,3,TIME__NE_China_Wind__H/seed_2154/run_monash_time_unique1000/visualizations/archive_latex.tex
241,0.783783784,0.584800000,\left(\log\left(\mathrm{GFLOPs}\right)\right) \cdot \left(\frac{\mathrm{Jacov}}{\frac{\mathrm{MParams}}{\mathrm{GradNorm}}}\right),GFLOPs Log Jacov MParams Grad_Norm Div Div Mul <EOS>,(log(GFLOPs) * (Jacov / (MParams / Grad_Norm))),0.584800000,0.550600000,112,8,4,2048,run_monash_time_unique1000,5,1,TIME__NE_China_Wind__H/seed_2048/run_monash_time_unique1000/visualizations/archive_latex.tex
242,0.782882883,0.584800000,\frac{\left(\left(\log\left(\mathrm{GFLOPs}\right)\right) \cdot \left(\mathrm{Jacov}\right)\right) \cdot \left(\mathrm{GradNorm}\right)}{\mathrm{MParams}},GFLOPs Log Jacov Mul Grad_Norm Mul MParams Div <EOS>,(((log(GFLOPs) * Jacov) * Grad_Norm) / MParams),0.584800000,0.550600000,38,8,5,2076,run_monash_time_unique1000,5,1,TIME__NE_China_Wind__H/seed_2076/run_monash_time_unique1000/visualizations/archive_latex.tex
243,0.781981982,0.584800000,\left(\mathrm{Jacov}\right) \cdot \left(\left(\log\left(\mathrm{GFLOPs}\right)\right) \cdot \left(\frac{\mathrm{GradNorm}}{\mathrm{MParams}}\right)\right),Jacov GFLOPs Log Grad_Norm MParams Div Mul Mul <EOS>,(Jacov * (log(GFLOPs) * (Grad_Norm / MParams))),0.584800000,0.550600000,30,8,4,2168,run_monash_time_unique1000,5,1,TIME__NE_China_Wind__H/seed_2168/run_monash_time_unique1000/visualizations/archive_latex.tex
244,0.781081081,0.584800000,\frac{\log\left(\mathrm{GFLOPs}\right)}{\frac{\frac{\mathrm{MParams}}{\mathrm{GradNorm}}}{\mathrm{Jacov}}},GFLOPs Log MParams Grad_Norm Div Jacov Div Div <EOS>,(log(GFLOPs) / ((MParams / Grad_Norm) / Jacov)),0.584800000,0.550600000,33,8,4,2213,run_monash_time_unique1000,5,1,TIME__NE_China_Wind__H/seed_2213/run_monash_time_unique1000/visualizations/archive_latex.tex
245,0.780180180,0.584800000,\left(\frac{\mathrm{Jacov}}{\frac{\mathrm{MParams}}{\mathrm{GradNorm}}}\right) \cdot \left(\log\left(\mathrm{GFLOPs}\right)\right),Jacov MParams Grad_Norm Div Div GFLOPs Log Mul <EOS>,((Jacov / (MParams / Grad_Norm)) * log(GFLOPs)),0.584800000,0.550600000,167,8,4,2043,run_monash_time_unique1000,6,1,TIME__NE_China_Wind__H/seed_2043/run_monash_time_unique1000/visualizations/archive_latex.tex
246,0.779279279,0.584800000,\left(\left(\log\left(\mathrm{GFLOPs}\right)\right) \cdot \left(\frac{\mathrm{GradNorm}}{\mathrm{MParams}}\right)\right) \cdot \left(\mathrm{Jacov}\right),GFLOPs Log Grad_Norm MParams Div Mul Jacov Mul <EOS>,((log(GFLOPs) * (Grad_Norm / MParams)) * Jacov),0.584800000,0.550600000,180,8,4,2173,run_monash_time_unique1000,6,2,TIME__NE_China_Wind__H/seed_2173/run_monash_time_unique1000/visualizations/archive_latex.tex
247,0.778378378,0.584800000,\left(\mathrm{Jacov}\right) \cdot \left(\left(\frac{\mathrm{GradNorm}}{\mathrm{MParams}}\right) \cdot \left(\log\left(\mathrm{GFLOPs}\right)\right)\right),Jacov Grad_Norm MParams Div GFLOPs Log Mul Mul <EOS>,(Jacov * ((Grad_Norm / MParams) * log(GFLOPs))),0.584800000,0.550600000,110,8,4,2202,run_monash_time_unique1000,6,1,TIME__NE_China_Wind__H/seed_2202/run_monash_time_unique1000/visualizations/archive_latex.tex
248,0.777477477,0.584800000,\left(\left(\mathrm{Jacov}\right) \cdot \left(\frac{\mathrm{GradNorm}}{\mathrm{MParams}}\right)\right) \cdot \left(\log\left(\mathrm{GFLOPs}\right)\right),Jacov Grad_Norm MParams Div Mul GFLOPs Log Mul <EOS>,((Jacov * (Grad_Norm / MParams)) * log(GFLOPs)),0.584800000,0.550600000,104,8,4,2216,run_monash_time_unique1000,7,1,TIME__NE_China_Wind__H/seed_2216/run_monash_time_unique1000/visualizations/archive_latex.tex
249,0.776576577,0.584600000,\left(\left(\mathrm{Jacov}\right) \cdot \left(\log\left(\mathrm{GFLOPs}\right)\right)\right) \cdot \left(\frac{\mathrm{plain}}{\left(\mathrm{L2Norm}\right)^2}\right),Jacov GFLOPs Log Mul plain L2-Norm Square Div Mul <EOS>,((Jacov * log(GFLOPs)) * (plain / square(L2-Norm))),0.584600000,0.655200000,166,9,4,2110,run_monash_time_unique1000,1,3,TIME__NE_China_Wind__H/seed_2110/run_monash_time_unique1000/visualizations/archive_latex.tex
250,0.775675676,0.584600000,\left(\left(\log\left(\mathrm{GFLOPs}\right)\right) \cdot \left(\frac{\mathrm{plain}}{\left(\mathrm{L2Norm}\right)^2}\right)\right) \cdot \left(\mathrm{Jacov}\right),GFLOPs Log plain L2-Norm Square Div Mul Jacov Mul <EOS>,((log(GFLOPs) * (plain / square(L2-Norm))) * Jacov),0.584600000,0.655200000,52,9,5,2119,run_monash_time_unique1000,3,3,TIME__NE_China_Wind__H/seed_2119/run_monash_time_unique1000/visualizations/archive_latex.tex
251,0.774774775,0.584600000,\frac{\left(\log\left(\mathrm{GFLOPs}\right)\right) \cdot \left(\left(\mathrm{Jacov}\right) \cdot \left(\mathrm{plain}\right)\right)}{\left(\mathrm{L2Norm}\right)^2},GFLOPs Log Jacov plain Mul Mul L2-Norm Square Div <EOS>,((log(GFLOPs) * (Jacov * plain)) / square(L2-Norm)),0.584600000,0.655200000,89,9,4,2194,run_monash_time_unique1000,3,3,TIME__NE_China_Wind__H/seed_2194/run_monash_time_unique1000/visualizations/archive_latex.tex
252,0.773873874,0.584600000,\left(\frac{\left(\log\left(\mathrm{GFLOPs}\right)\right) \cdot \left(\mathrm{Jacov}\right)}{\left(\mathrm{L2Norm}\right)^2}\right) \cdot \left(\mathrm{plain}\right),GFLOPs Log Jacov Mul L2-Norm Square Div plain Mul <EOS>,(((log(GFLOPs) * Jacov) / square(L2-Norm)) * plain),0.584600000,0.655200000,12,9,5,2219,run_monash_time_unique1000,3,2,TIME__NE_China_Wind__H/seed_2219/run_monash_time_unique1000/visualizations/archive_latex.tex
253,0.772972973,0.584600000,\left(\left(\log\left(\mathrm{GFLOPs}\right)\right) \cdot \left(\mathrm{plain}\right)\right) \cdot \left(\frac{\mathrm{Jacov}}{\left(\mathrm{L2Norm}\right)^2}\right),GFLOPs Log plain Mul Jacov L2-Norm Square Div Mul <EOS>,((log(GFLOPs) * plain) * (Jacov / square(L2-Norm))),0.584600000,0.655200000,33,9,4,2073,run_monash_time_unique1000,4,2,TIME__NE_China_Wind__H/seed_2073/run_monash_time_unique1000/visualizations/archive_latex.tex
254,0.772072072,0.584600000,\frac{\left(\left(\mathrm{plain}\right) \cdot \left(\log\left(\mathrm{GFLOPs}\right)\right)\right) \cdot \left(\mathrm{Jacov}\right)}{\left(\mathrm{L2Norm}\right)^2},plain GFLOPs Log Mul Jacov Mul L2-Norm Square Div <EOS>,(((plain * log(GFLOPs)) * Jacov) / square(L2-Norm)),0.584600000,0.655200000,45,9,5,2074,run_monash_time_unique1000,4,1,TIME__NE_China_Wind__H/seed_2074/run_monash_time_unique1000/visualizations/archive_latex.tex
255,0.771171171,0.584600000,\left(\left(\log\left(\mathrm{GFLOPs}\right)\right) \cdot \left(\frac{\mathrm{Jacov}}{\left(\mathrm{L2Norm}\right)^2}\right)\right) \cdot \left(\mathrm{plain}\right),GFLOPs Log Jacov L2-Norm Square Div Mul plain Mul <EOS>,((log(GFLOPs) * (Jacov / square(L2-Norm))) * plain),0.584600000,0.655200000,36,9,5,2082,run_monash_time_unique1000,4,1,TIME__NE_China_Wind__H/seed_2082/run_monash_time_unique1000/visualizations/archive_latex.tex
256,0.770270270,0.584600000,\left(\frac{\mathrm{Jacov}}{\frac{\left(\mathrm{L2Norm}\right)^2}{\log\left(\mathrm{GFLOPs}\right)}}\right) \cdot \left(\mathrm{plain}\right),Jacov L2-Norm Square GFLOPs Log Div Div plain Mul <EOS>,((Jacov / (square(L2-Norm) / log(GFLOPs))) * plain),0.584600000,0.655200000,39,9,5,2136,run_monash_time_unique1000,4,1,TIME__NE_China_Wind__H/seed_2136/run_monash_time_unique1000/visualizations/archive_latex.tex
257,0.769369369,0.584600000,\left(\frac{\mathrm{plain}}{\frac{\left(\mathrm{L2Norm}\right)^2}{\log\left(\mathrm{GFLOPs}\right)}}\right) \cdot \left(\mathrm{Jacov}\right),plain L2-Norm Square GFLOPs Log Div Div Jacov Mul <EOS>,((plain / (square(L2-Norm) / log(GFLOPs))) * Jacov),0.584600000,0.655200000,11,9,5,2137,run_monash_time_unique1000,4,1,TIME__NE_China_Wind__H/seed_2137/run_monash_time_unique1000/visualizations/archive_latex.tex
258,0.768468468,0.584600000,\left(\left(\frac{\mathrm{Jacov}}{\left(\mathrm{L2Norm}\right)^2}\right) \cdot \left(\mathrm{plain}\right)\right) \cdot \left(\log\left(\mathrm{GFLOPs}\right)\right),Jacov L2-Norm Square Div plain Mul GFLOPs Log Mul <EOS>,(((Jacov / square(L2-Norm)) * plain) * log(GFLOPs)),0.584600000,0.655200000,56,9,5,2185,run_monash_time_unique1000,4,1,TIME__NE_China_Wind__H/seed_2185/run_monash_time_unique1000/visualizations/archive_latex.tex
259,0.767567568,0.584600000,\left(\frac{\log\left(\mathrm{GFLOPs}\right)}{\left(\mathrm{L2Norm}\right)^2}\right) \cdot \left(\left(\mathrm{Jacov}\right) \cdot \left(\mathrm{plain}\right)\right),GFLOPs Log L2-Norm Square Div Jacov plain Mul Mul <EOS>,((log(GFLOPs) / square(L2-Norm)) * (Jacov * plain)),0.584600000,0.655200000,24,9,4,2036,run_monash_time_unique1000,5,2,TIME__NE_China_Wind__H/seed_2036/run_monash_time_unique1000/visualizations/archive_latex.tex
260,0.766666667,0.584600000,\left(\mathrm{plain}\right) \cdot \left(\left(\log\left(\mathrm{GFLOPs}\right)\right) \cdot \left(\frac{\mathrm{Jacov}}{\left(\mathrm{L2Norm}\right)^2}\right)\right),plain GFLOPs Log Jacov L2-Norm Square Div Mul Mul <EOS>,(plain * (log(GFLOPs) * (Jacov / square(L2-Norm)))),0.584600000,0.655200000,111,9,5,2044,run_monash_time_unique1000,5,1,TIME__NE_China_Wind__H/seed_2044/run_monash_time_unique1000/visualizations/archive_latex.tex
261,0.765765766,0.584600000,\left(\frac{\mathrm{Jacov}}{\left(\mathrm{L2Norm}\right)^2}\right) \cdot \left(\left(\mathrm{plain}\right) \cdot \left(\log\left(\mathrm{GFLOPs}\right)\right)\right),Jacov L2-Norm Square Div plain GFLOPs Log Mul Mul <EOS>,((Jacov / square(L2-Norm)) * (plain * log(GFLOPs))),0.584600000,0.655200000,79,9,4,2051,run_monash_time_unique1000,5,3,TIME__NE_China_Wind__H/seed_2051/run_monash_time_unique1000/visualizations/archive_latex.tex
262,0.764864865,0.584600000,\left(\log\left(\mathrm{GFLOPs}\right)\right) \cdot \left(\left(\mathrm{Jacov}\right) \cdot \left(\frac{\mathrm{plain}}{\left(\mathrm{L2Norm}\right)^2}\right)\right),GFLOPs Log Jacov plain L2-Norm Square Div Mul Mul <EOS>,(log(GFLOPs) * (Jacov * (plain / square(L2-Norm)))),0.584600000,0.655200000,32,9,5,2062,run_monash_time_unique1000,5,1,TIME__NE_China_Wind__H/seed_2062/run_monash_time_unique1000/visualizations/archive_latex.tex
263,0.763963964,0.584600000,\left(\log\left(\mathrm{GFLOPs}\right)\right) \cdot \left(\left(\mathrm{plain}\right) \cdot \left(\frac{\mathrm{Jacov}}{\left(\mathrm{L2Norm}\right)^2}\right)\right),GFLOPs Log plain Jacov L2-Norm Square Div Mul Mul <EOS>,(log(GFLOPs) * (plain * (Jacov / square(L2-Norm)))),0.584600000,0.655200000,119,9,5,2097,run_monash_time_unique1000,5,1,TIME__NE_China_Wind__H/seed_2097/run_monash_time_unique1000/visualizations/archive_latex.tex
264,0.763063063,0.584600000,\left(\frac{\log\left(\mathrm{GFLOPs}\right)}{\left(\mathrm{L2Norm}\right)^2}\right) \cdot \left(\left(\mathrm{plain}\right) \cdot \left(\mathrm{Jacov}\right)\right),GFLOPs Log L2-Norm Square Div plain Jacov Mul Mul <EOS>,((log(GFLOPs) / square(L2-Norm)) * (plain * Jacov)),0.584600000,0.655200000,56,9,4,2103,run_monash_time_unique1000,5,2,TIME__NE_China_Wind__H/seed_2103/run_monash_time_unique1000/visualizations/archive_latex.tex
265,0.762162162,0.584600000,\left(\left(\frac{\mathrm{plain}}{\left(\mathrm{L2Norm}\right)^2}\right) \cdot \left(\mathrm{Jacov}\right)\right) \cdot \left(\log\left(\mathrm{GFLOPs}\right)\right),plain L2-Norm Square Div Jacov Mul GFLOPs Log Mul <EOS>,(((plain / square(L2-Norm)) * Jacov) * log(GFLOPs)),0.584600000,0.655200000,50,9,5,2104,run_monash_time_unique1000,5,1,TIME__NE_China_Wind__H/seed_2104/run_monash_time_unique1000/visualizations/archive_latex.tex
266,0.761261261,0.584600000,\left(\mathrm{Jacov}\right) \cdot \left(\left(\frac{\log\left(\mathrm{GFLOPs}\right)}{\left(\mathrm{L2Norm}\right)^2}\right) \cdot \left(\mathrm{plain}\right)\right),Jacov GFLOPs Log L2-Norm Square Div plain Mul Mul <EOS>,(Jacov * ((log(GFLOPs) / square(L2-Norm)) * plain)),0.584600000,0.655200000,15,9,5,2124,run_monash_time_unique1000,5,1,TIME__NE_China_Wind__H/seed_2124/run_monash_time_unique1000/visualizations/archive_latex.tex
267,0.760360360,0.584600000,\left(\left(\frac{\mathrm{plain}}{\left(\mathrm{L2Norm}\right)^2}\right) \cdot \left(\log\left(\mathrm{GFLOPs}\right)\right)\right) \cdot \left(\mathrm{Jacov}\right),plain L2-Norm Square Div GFLOPs Log Mul Jacov Mul <EOS>,(((plain / square(L2-Norm)) * log(GFLOPs)) * Jacov),0.584600000,0.655200000,72,9,5,2127,run_monash_time_unique1000,5,2,TIME__NE_China_Wind__H/seed_2127/run_monash_time_unique1000/visualizations/archive_latex.tex
268,0.759459459,0.584600000,\frac{\left(\mathrm{plain}\right) \cdot \left(\left(\log\left(\mathrm{GFLOPs}\right)\right) \cdot \left(\mathrm{Jacov}\right)\right)}{\left(\mathrm{L2Norm}\right)^2},plain GFLOPs Log Jacov Mul Mul L2-Norm Square Div <EOS>,((plain * (log(GFLOPs) * Jacov)) / square(L2-Norm)),0.584600000,0.655200000,41,9,5,2140,run_monash_time_unique1000,5,1,TIME__NE_China_Wind__H/seed_2140/run_monash_time_unique1000/visualizations/archive_latex.tex
269,0.758558559,0.584600000,\left(\left(\log\left(\mathrm{GFLOPs}\right)\right) \cdot \left(\mathrm{Jacov}\right)\right) \cdot \left(\frac{\mathrm{plain}}{\left(\mathrm{L2Norm}\right)^2}\right),GFLOPs Log Jacov Mul plain L2-Norm Square Div Mul <EOS>,((log(GFLOPs) * Jacov) * (plain / square(L2-Norm))),0.584600000,0.655200000,179,9,4,2167,run_monash_time_unique1000,5,3,TIME__NE_China_Wind__H/seed_2167/run_monash_time_unique1000/visualizations/archive_latex.tex
270,0.757657658,0.584600000,\left(\frac{\mathrm{plain}}{\left(\mathrm{L2Norm}\right)^2}\right) \cdot \left(\left(\log\left(\mathrm{GFLOPs}\right)\right) \cdot \left(\mathrm{Jacov}\right)\right),plain L2-Norm Square Div GFLOPs Log Jacov Mul Mul <EOS>,((plain / square(L2-Norm)) * (log(GFLOPs) * Jacov)),0.584600000,0.655200000,177,9,4,2205,run_monash_time_unique1000,5,2,TIME__NE_China_Wind__H/seed_2205/run_monash_time_unique1000/visualizations/archive_latex.tex
271,0.756756757,0.584600000,\left(\mathrm{plain}\right) \cdot \left(\left(\frac{\log\left(\mathrm{GFLOPs}\right)}{\left(\mathrm{L2Norm}\right)^2}\right) \cdot \left(\mathrm{Jacov}\right)\right),plain GFLOPs Log L2-Norm Square Div Jacov Mul Mul <EOS>,(plain * ((log(GFLOPs) / square(L2-Norm)) * Jacov)),0.584600000,0.655200000,22,9,5,2207,run_monash_time_unique1000,5,1,TIME__NE_China_Wind__H/seed_2207/run_monash_time_unique1000/visualizations/archive_latex.tex
272,0.755855856,0.584600000,\frac{\left(\mathrm{Jacov}\right) \cdot \left(\log\left(\mathrm{GFLOPs}\right)\right)}{\frac{\left(\mathrm{L2Norm}\right)^2}{\mathrm{plain}}},Jacov GFLOPs Log Mul L2-Norm Square plain Div Div <EOS>,((Jacov * log(GFLOPs)) / (square(L2-Norm) / plain)),0.584600000,0.655200000,74,9,4,2217,run_monash_time_unique1000,5,1,TIME__NE_China_Wind__H/seed_2217/run_monash_time_unique1000/visualizations/archive_latex.tex
273,0.754954955,0.584600000,\left(\left(\mathrm{plain}\right) \cdot \left(\frac{\mathrm{Jacov}}{\left(\mathrm{L2Norm}\right)^2}\right)\right) \cdot \left(\log\left(\mathrm{GFLOPs}\right)\right),plain Jacov L2-Norm Square Div Mul GFLOPs Log Mul <EOS>,((plain * (Jacov / square(L2-Norm))) * log(GFLOPs)),0.584600000,0.655200000,92,9,5,2225,run_monash_time_unique1000,5,2,TIME__NE_China_Wind__H/seed_2225/run_monash_time_unique1000/visualizations/archive_latex.tex
274,0.754054054,0.584600000,\left(\frac{\left(\mathrm{plain}\right) \cdot \left(\log\left(\mathrm{GFLOPs}\right)\right)}{\left(\mathrm{L2Norm}\right)^2}\right) \cdot \left(\mathrm{Jacov}\right),plain GFLOPs Log Mul L2-Norm Square Div Jacov Mul <EOS>,(((plain * log(GFLOPs)) / square(L2-Norm)) * Jacov),0.584600000,0.655200000,18,9,5,2033,run_monash_time_unique1000,6,1,TIME__NE_China_Wind__H/seed_2033/run_monash_time_unique1000/visualizations/archive_latex.tex
275,0.753153153,0.584600000,\left(\left(\mathrm{Jacov}\right) \cdot \left(\mathrm{plain}\right)\right) \cdot \left(\frac{\log\left(\mathrm{GFLOPs}\right)}{\left(\mathrm{L2Norm}\right)^2}\right),Jacov plain Mul GFLOPs Log L2-Norm Square Div Mul <EOS>,((Jacov * plain) * (log(GFLOPs) / square(L2-Norm))),0.584600000,0.655200000,26,9,4,2057,run_monash_time_unique1000,6,1,TIME__NE_China_Wind__H/seed_2057/run_monash_time_unique1000/visualizations/archive_latex.tex
276,0.752252252,0.584600000,\frac{\left(\mathrm{Jacov}\right) \cdot \left(\left(\log\left(\mathrm{GFLOPs}\right)\right) \cdot \left(\mathrm{plain}\right)\right)}{\left(\mathrm{L2Norm}\right)^2},Jacov GFLOPs Log plain Mul Mul L2-Norm Square Div <EOS>,((Jacov * (log(GFLOPs) * plain)) / square(L2-Norm)),0.584600000,0.655200000,65,9,5,2063,run_monash_time_unique1000,6,1,TIME__NE_China_Wind__H/seed_2063/run_monash_time_unique1000/visualizations/archive_latex.tex
277,0.751351351,0.584600000,\frac{\left(\left(\log\left(\mathrm{GFLOPs}\right)\right) \cdot \left(\mathrm{Jacov}\right)\right) \cdot \left(\mathrm{plain}\right)}{\left(\mathrm{L2Norm}\right)^2},GFLOPs Log Jacov Mul plain Mul L2-Norm Square Div <EOS>,(((log(GFLOPs) * Jacov) * plain) / square(L2-Norm)),0.584600000,0.655200000,98,9,5,2076,run_monash_time_unique1000,6,2,TIME__NE_China_Wind__H/seed_2076/run_monash_time_unique1000/visualizations/archive_latex.tex
278,0.750450450,0.584600000,\left(\frac{\mathrm{Jacov}}{\left(\mathrm{L2Norm}\right)^2}\right) \cdot \left(\left(\log\left(\mathrm{GFLOPs}\right)\right) \cdot \left(\mathrm{plain}\right)\right),Jacov L2-Norm Square Div GFLOPs Log plain Mul Mul <EOS>,((Jacov / square(L2-Norm)) * (log(GFLOPs) * plain)),0.584600000,0.655200000,44,9,4,2196,run_monash_time_unique1000,6,1,TIME__NE_China_Wind__H/seed_2196/run_monash_time_unique1000/visualizations/archive_latex.tex
279,0.749549550,0.584600000,\left(\mathrm{Jacov}\right) \cdot \left(\left(\log\left(\mathrm{GFLOPs}\right)\right) \cdot \left(\frac{\mathrm{plain}}{\left(\mathrm{L2Norm}\right)^2}\right)\right),Jacov GFLOPs Log plain L2-Norm Square Div Mul Mul <EOS>,(Jacov * (log(GFLOPs) * (plain / square(L2-Norm)))),0.584600000,0.655200000,40,9,5,2209,run_monash_time_unique1000,6,1,TIME__NE_China_Wind__H/seed_2209/run_monash_time_unique1000/visualizations/archive_latex.tex
280,0.748648649,0.584600000,\frac{\log\left(\mathrm{GFLOPs}\right)}{\frac{\frac{\left(\mathrm{L2Norm}\right)^2}{\mathrm{plain}}}{\mathrm{Jacov}}},GFLOPs Log L2-Norm Square plain Div Jacov Div Div <EOS>,(log(GFLOPs) / ((square(L2-Norm) / plain) / Jacov)),0.584600000,0.655200000,37,9,5,2213,run_monash_time_unique1000,6,1,TIME__NE_China_Wind__H/seed_2213/run_monash_time_unique1000/visualizations/archive_latex.tex
281,0.747747748,0.584600000,\left(\mathrm{plain}\right) \cdot \left(\frac{\left(\mathrm{Jacov}\right) \cdot \left(\log\left(\mathrm{GFLOPs}\right)\right)}{\left(\mathrm{L2Norm}\right)^2}\right),plain Jacov GFLOPs Log Mul L2-Norm Square Div Mul <EOS>,(plain * ((Jacov * log(GFLOPs)) / square(L2-Norm))),0.584600000,0.655200000,35,9,5,2220,run_monash_time_unique1000,6,1,TIME__NE_China_Wind__H/seed_2220/run_monash_time_unique1000/visualizations/archive_latex.tex
282,0.746846847,0.584600000,\left(\log\left(\mathrm{GFLOPs}\right)\right) \cdot \left(\frac{\left(\mathrm{Jacov}\right) \cdot \left(\mathrm{plain}\right)}{\left(\mathrm{L2Norm}\right)^2}\right),GFLOPs Log Jacov plain Mul L2-Norm Square Div Mul <EOS>,(log(GFLOPs) * ((Jacov * plain) / square(L2-Norm))),0.584600000,0.655200000,79,9,4,2059,run_monash_time_unique1000,7,2,TIME__NE_China_Wind__H/seed_2059/run_monash_time_unique1000/visualizations/archive_latex.tex
283,0.745945946,0.584600000,\frac{\left(\mathrm{Jacov}\right) \cdot \left(\left(\mathrm{plain}\right) \cdot \left(\log\left(\mathrm{GFLOPs}\right)\right)\right)}{\left(\mathrm{L2Norm}\right)^2},Jacov plain GFLOPs Log Mul Mul L2-Norm Square Div <EOS>,((Jacov * (plain * log(GFLOPs))) / square(L2-Norm)),0.584600000,0.655200000,57,9,5,2071,run_monash_time_unique1000,7,1,TIME__NE_China_Wind__H/seed_2071/run_monash_time_unique1000/visualizations/archive_latex.tex
284,0.745045045,0.584600000,\left(\left(\mathrm{plain}\right) \cdot \left(\log\left(\mathrm{GFLOPs}\right)\right)\right) \cdot \left(\frac{\mathrm{Jacov}}{\left(\mathrm{L2Norm}\right)^2}\right),plain GFLOPs Log Mul Jacov L2-Norm Square Div Mul <EOS>,((plain * log(GFLOPs)) * (Jacov / square(L2-Norm))),0.584600000,0.655200000,39,9,4,2091,run_monash_time_unique1000,7,1,TIME__NE_China_Wind__H/seed_2091/run_monash_time_unique1000/visualizations/archive_latex.tex
285,0.744144144,0.584600000,\frac{\left(\log\left(\mathrm{GFLOPs}\right)\right) \cdot \left(\left(\mathrm{plain}\right) \cdot \left(\mathrm{Jacov}\right)\right)}{\left(\mathrm{L2Norm}\right)^2},GFLOPs Log plain Jacov Mul Mul L2-Norm Square Div <EOS>,((log(GFLOPs) * (plain * Jacov)) / square(L2-Norm)),0.584600000,0.655200000,44,9,4,2109,run_monash_time_unique1000,7,1,TIME__NE_China_Wind__H/seed_2109/run_monash_time_unique1000/visualizations/archive_latex.tex
286,0.743243243,0.584600000,\left(\mathrm{plain}\right) \cdot \left(\left(\mathrm{Jacov}\right) \cdot \left(\frac{\log\left(\mathrm{GFLOPs}\right)}{\left(\mathrm{L2Norm}\right)^2}\right)\right),plain Jacov GFLOPs Log L2-Norm Square Div Mul Mul <EOS>,(plain * (Jacov * (log(GFLOPs) / square(L2-Norm)))),0.584600000,0.655200000,71,9,5,2186,run_monash_time_unique1000,7,1,TIME__NE_China_Wind__H/seed_2186/run_monash_time_unique1000/visualizations/archive_latex.tex
287,0.742342342,0.584600000,\frac{\left(\left(\mathrm{Jacov}\right) \cdot \left(\mathrm{plain}\right)\right) \cdot \left(\log\left(\mathrm{GFLOPs}\right)\right)}{\left(\mathrm{L2Norm}\right)^2},Jacov plain Mul GFLOPs Log Mul L2-Norm Square Div <EOS>,(((Jacov * plain) * log(GFLOPs)) / square(L2-Norm)),0.584600000,0.655200000,184,9,4,2197,run_monash_time_unique1000,8,1,TIME__NE_China_Wind__H/seed_2197/run_monash_time_unique1000/visualizations/archive_latex.tex
288,0.741441441,0.584600000,\left(\left(\mathrm{Jacov}\right) \cdot \left(\frac{\mathrm{plain}}{\left(\mathrm{L2Norm}\right)^2}\right)\right) \cdot \left(\log\left(\mathrm{GFLOPs}\right)\right),Jacov plain L2-Norm Square Div Mul GFLOPs Log Mul <EOS>,((Jacov * (plain / square(L2-Norm))) * log(GFLOPs)),0.584600000,0.655200000,42,9,5,2216,run_monash_time_unique1000,8,1,TIME__NE_China_Wind__H/seed_2216/run_monash_time_unique1000/visualizations/archive_latex.tex
289,0.740540541,0.584400000,\left(\left(\mathrm{GFLOPs}\right) \cdot \left(\mathrm{Jacov}\right)\right) \cdot \left(\log\left(\mathrm{ZiCo} + \left(\mathrm{plain}\right)^2\right)\right),GFLOPs Jacov Mul ZiCo plain Square Add Log Mul <EOS>,((GFLOPs * Jacov) * log((ZiCo + square(plain)))),0.584400000,0.654800000,90,9,5,2200,run_monash_time_unique1000,2,2,TIME__NE_China_Wind__H/seed_2200/run_monash_time_unique1000/visualizations/archive_latex.tex
290,0.739639640,0.584400000,\left(\left(\mathrm{Jacov}\right) \cdot \left(\log\left(\mathrm{ZiCo} + \left(\mathrm{plain}\right)^2\right)\right)\right) \cdot \left(\mathrm{GFLOPs}\right),Jacov ZiCo plain Square Add Log Mul GFLOPs Mul <EOS>,((Jacov * log((ZiCo + square(plain)))) * GFLOPs),0.584400000,0.654800000,70,9,6,2028,run_monash_time_unique1000,4,1,TIME__NE_China_Wind__H/seed_2028/run_monash_time_unique1000/visualizations/archive_latex.tex
291,0.738738739,0.584400000,\left(\left(\log\left(\left(\mathrm{plain}\right)^2 + \mathrm{ZiCo}\right)\right) \cdot \left(\mathrm{GFLOPs}\right)\right) \cdot \left(\mathrm{Jacov}\right),plain Square ZiCo Add Log GFLOPs Mul Jacov Mul <EOS>,((log((square(plain) + ZiCo)) * GFLOPs) * Jacov),0.584400000,0.654800000,47,9,6,2050,run_monash_time_unique1000,4,3,TIME__NE_China_Wind__H/seed_2050/run_monash_time_unique1000/visualizations/archive_latex.tex
292,0.737837838,0.584400000,\left(\mathrm{GFLOPs}\right) \cdot \left(\left(\log\left(\mathrm{ZiCo} + \left(\mathrm{plain}\right)^2\right)\right) \cdot \left(\mathrm{Jacov}\right)\right),GFLOPs ZiCo plain Square Add Log Jacov Mul Mul <EOS>,(GFLOPs * (log((ZiCo + square(plain))) * Jacov)),0.584400000,0.654800000,78,9,6,2106,run_monash_time_unique1000,4,1,TIME__NE_China_Wind__H/seed_2106/run_monash_time_unique1000/visualizations/archive_latex.tex
293,0.736936937,0.584400000,\left(\mathrm{GFLOPs}\right) \cdot \left(\left(\mathrm{Jacov}\right) \cdot \left(\log\left(\left(\mathrm{plain}\right)^2 + \mathrm{ZiCo}\right)\right)\right),GFLOPs Jacov plain Square ZiCo Add Log Mul Mul <EOS>,(GFLOPs * (Jacov * log((square(plain) + ZiCo)))),0.584400000,0.654800000,86,9,6,2194,run_monash_time_unique1000,4,3,TIME__NE_China_Wind__H/seed_2194/run_monash_time_unique1000/visualizations/archive_latex.tex
294,0.736036036,0.584400000,\left(\mathrm{Jacov}\right) \cdot \left(\left(\mathrm{GFLOPs}\right) \cdot \left(\log\left(\mathrm{ZiCo} + \left(\mathrm{plain}\right)^2\right)\right)\right),Jacov GFLOPs ZiCo plain Square Add Log Mul Mul <EOS>,(Jacov * (GFLOPs * log((ZiCo + square(plain))))),0.584400000,0.654800000,40,9,6,2198,run_monash_time_unique1000,4,3,TIME__NE_China_Wind__H/seed_2198/run_monash_time_unique1000/visualizations/archive_latex.tex
295,0.735135135,0.584400000,\left(\left(\log\left(\left(\mathrm{plain}\right)^2 + \mathrm{ZiCo}\right)\right) \cdot \left(\mathrm{Jacov}\right)\right) \cdot \left(\mathrm{GFLOPs}\right),plain Square ZiCo Add Log Jacov Mul GFLOPs Mul <EOS>,((log((square(plain) + ZiCo)) * Jacov) * GFLOPs),0.584400000,0.654800000,169,9,6,2179,run_monash_time_unique1000,5,2,TIME__NE_China_Wind__H/seed_2179/run_monash_time_unique1000/visualizations/archive_latex.tex
296,0.734234234,0.584400000,\left(\left(\mathrm{Jacov}\right) \cdot \left(\mathrm{GFLOPs}\right)\right) \cdot \left(\log\left(\left(\mathrm{plain}\right)^2 + \mathrm{ZiCo}\right)\right),Jacov GFLOPs Mul plain Square ZiCo Add Log Mul <EOS>,((Jacov * GFLOPs) * log((square(plain) + ZiCo))),0.584400000,0.654800000,85,9,5,2185,run_monash_time_unique1000,5,1,TIME__NE_China_Wind__H/seed_2185/run_monash_time_unique1000/visualizations/archive_latex.tex
297,0.733333333,0.584400000,\left(\log\left(\mathrm{ZiCo} + \left(\mathrm{plain}\right)^2\right)\right) \cdot \left(\left(\mathrm{GFLOPs}\right) \cdot \left(\mathrm{Jacov}\right)\right),ZiCo plain Square Add Log GFLOPs Jacov Mul Mul <EOS>,(log((ZiCo + square(plain))) * (GFLOPs * Jacov)),0.584400000,0.654800000,95,9,5,2205,run_monash_time_unique1000,6,1,TIME__NE_China_Wind__H/seed_2205/run_monash_time_unique1000/visualizations/archive_latex.tex
298,0.732432432,0.584400000,\left(\mathrm{GFLOPs}\right) \cdot \left(\left(\mathrm{Jacov}\right) \cdot \left(\log\left(\mathrm{ZiCo} + \left(\mathrm{plain}\right)^2\right)\right)\right),GFLOPs Jacov ZiCo plain Square Add Log Mul Mul <EOS>,(GFLOPs * (Jacov * log((ZiCo + square(plain))))),0.584400000,0.654800000,9,9,6,2190,run_monash_time_unique1000,7,1,TIME__NE_China_Wind__H/seed_2190/run_monash_time_unique1000/visualizations/archive_latex.tex
299,0.731531532,0.584400000,\left(\mathrm{GFLOPs}\right) \cdot \left(\left(\log\left(\left(\mathrm{plain}\right)^2 + \mathrm{ZiCo}\right)\right) \cdot \left(\mathrm{Jacov}\right)\right),GFLOPs plain Square ZiCo Add Log Jacov Mul Mul <EOS>,(GFLOPs * (log((square(plain) + ZiCo)) * Jacov)),0.584400000,0.654800000,160,9,6,2109,run_monash_time_unique1000,8,1,TIME__NE_China_Wind__H/seed_2109/run_monash_time_unique1000/visualizations/archive_latex.tex
300,0.730630631,0.584400000,\left(\left(\mathrm{Jacov}\right) \cdot \left(\log\left(\left(\mathrm{plain}\right)^2 + \mathrm{ZiCo}\right)\right)\right) \cdot \left(\mathrm{GFLOPs}\right),Jacov plain Square ZiCo Add Log Mul GFLOPs Mul <EOS>,((Jacov * log((square(plain) + ZiCo))) * GFLOPs),0.584400000,0.654800000,165,9,6,2216,run_monash_time_unique1000,9,1,TIME__NE_China_Wind__H/seed_2216/run_monash_time_unique1000/visualizations/archive_latex.tex
301,0.729729730,0.584100000,\left(\left(\frac{\mathrm{GFLOPs}}{\mathrm{MParams}}\right)^2\right) \cdot \left(\left(\log\left(\mathrm{GFLOPs}\right)\right) \cdot \left(\mathrm{Jacov}\right)\right),GFLOPs MParams Div Square GFLOPs Log Jacov Mul Mul <EOS>,(square((GFLOPs / MParams)) * (log(GFLOPs) * Jacov)),0.584100000,0.623100000,106,9,4,2221,run_monash_time_unique1000,4,3,TIME__NE_China_Wind__H/seed_2221/run_monash_time_unique1000/visualizations/archive_latex.tex
302,0.728828829,0.584100000,\left(\left(\left(\frac{\mathrm{GFLOPs}}{\mathrm{MParams}}\right)^2\right) \cdot \left(\log\left(\mathrm{GFLOPs}\right)\right)\right) \cdot \left(\mathrm{Jacov}\right),GFLOPs MParams Div Square GFLOPs Log Mul Jacov Mul <EOS>,((square((GFLOPs / MParams)) * log(GFLOPs)) * Jacov),0.584100000,0.623100000,118,9,5,2050,run_monash_time_unique1000,5,2,TIME__NE_China_Wind__H/seed_2050/run_monash_time_unique1000/visualizations/archive_latex.tex
303,0.727927928,0.584100000,\left(\left(\left(\frac{\mathrm{GFLOPs}}{\mathrm{MParams}}\right)^2\right) \cdot \left(\mathrm{Jacov}\right)\right) \cdot \left(\log\left(\mathrm{GFLOPs}\right)\right),GFLOPs MParams Div Square Jacov Mul GFLOPs Log Mul <EOS>,((square((GFLOPs / MParams)) * Jacov) * log(GFLOPs)),0.584100000,0.623100000,138,9,5,2179,run_monash_time_unique1000,6,1,TIME__NE_China_Wind__H/seed_2179/run_monash_time_unique1000/visualizations/archive_latex.tex
304,0.727027027,0.584100000,\left(\mathrm{Jacov}\right) \cdot \left(\left(\left(\frac{\mathrm{GFLOPs}}{\mathrm{MParams}}\right)^2\right) \cdot \left(\log\left(\mathrm{GFLOPs}\right)\right)\right),Jacov GFLOPs MParams Div Square GFLOPs Log Mul Mul <EOS>,(Jacov * (square((GFLOPs / MParams)) * log(GFLOPs))),0.584100000,0.623100000,103,9,5,2202,run_monash_time_unique1000,7,1,TIME__NE_China_Wind__H/seed_2202/run_monash_time_unique1000/visualizations/archive_latex.tex
305,0.726126126,0.583300000,\left(\frac{\frac{\mathrm{Snip}}{\left(\mathrm{plain}\right)^2}}{\mathrm{GFLOPs}}\right)^2 + \mathrm{Jacov},Snip plain Square Div GFLOPs Div Square Jacov Add <EOS>,(square(((Snip / square(plain)) / GFLOPs)) + Jacov),0.583300000,0.711000000,200,9,6,2029,run_monash_time_unique1000,1,4,TIME__NE_China_Wind__H/seed_2029/run_monash_time_unique1000/visualizations/archive_latex.tex
306,0.725225225,0.583300000,\left(\frac{\frac{\mathrm{Snip}}{\mathrm{GFLOPs}}}{\left(\mathrm{plain}\right)^2}\right)^2 + \mathrm{Jacov},Snip GFLOPs Div plain Square Div Square Jacov Add <EOS>,(square(((Snip / GFLOPs) / square(plain))) + Jacov),0.583300000,0.711000000,117,9,5,2031,run_monash_time_unique1000,1,12,TIME__NE_China_Wind__H/seed_2031/run_monash_time_unique1000/visualizations/archive_latex.tex
307,0.724324324,0.583300000,\mathrm{Jacov} + \left(\frac{\frac{\mathrm{Snip}}{\left(\mathrm{plain}\right)^2}}{\mathrm{GFLOPs}}\right)^2,Jacov Snip plain Square Div GFLOPs Div Square Add <EOS>,(Jacov + square(((Snip / square(plain)) / GFLOPs))),0.583300000,0.711000000,133,9,6,2035,run_monash_time_unique1000,1,3,TIME__NE_China_Wind__H/seed_2035/run_monash_time_unique1000/visualizations/archive_latex.tex
308,0.723423423,0.583300000,\mathrm{Jacov} + \left(\frac{\mathrm{Snip}}{\left(\left(\mathrm{plain}\right)^2\right) \cdot \left(\mathrm{GFLOPs}\right)}\right)^2,Jacov Snip plain Square GFLOPs Mul Div Square Add <EOS>,(Jacov + square((Snip / (square(plain) * GFLOPs)))),0.583300000,0.711000000,190,9,6,2066,run_monash_time_unique1000,1,3,TIME__NE_China_Wind__H/seed_2066/run_monash_time_unique1000/visualizations/archive_latex.tex
309,0.722522523,0.583300000,\mathrm{Jacov} + \left(\frac{\frac{\mathrm{Snip}}{\mathrm{GFLOPs}}}{\left(\mathrm{plain}\right)^2}\right)^2,Jacov Snip GFLOPs Div plain Square Div Square Add <EOS>,(Jacov + square(((Snip / GFLOPs) / square(plain)))),0.583300000,0.711000000,81,9,5,2083,run_monash_time_unique1000,1,4,TIME__NE_China_Wind__H/seed_2083/run_monash_time_unique1000/visualizations/archive_latex.tex
310,0.721621622,0.583300000,\mathrm{Jacov} + \left(\frac{\mathrm{Snip}}{\left(\mathrm{GFLOPs}\right) \cdot \left(\left(\mathrm{plain}\right)^2\right)}\right)^2,Jacov Snip GFLOPs plain Square Mul Div Square Add <EOS>,(Jacov + square((Snip / (GFLOPs * square(plain))))),0.583300000,0.711000000,189,9,6,2126,run_monash_time_unique1000,1,4,TIME__NE_China_Wind__H/seed_2126/run_monash_time_unique1000/visualizations/archive_latex.tex
311,0.720720721,0.583300000,\left(\frac{\mathrm{Snip}}{\left(\left(\mathrm{plain}\right)^2\right) \cdot \left(\mathrm{GFLOPs}\right)}\right)^2 + \mathrm{Jacov},Snip plain Square GFLOPs Mul Div Square Jacov Add <EOS>,(square((Snip / (square(plain) * GFLOPs))) + Jacov),0.583300000,0.711000000,176,9,6,2078,run_monash_time_unique1000,2,1,TIME__NE_China_Wind__H/seed_2078/run_monash_time_unique1000/visualizations/archive_latex.tex
312,0.719819820,0.583300000,\left(\frac{\mathrm{Snip}}{\left(\mathrm{GFLOPs}\right) \cdot \left(\left(\mathrm{plain}\right)^2\right)}\right)^2 + \mathrm{Jacov},Snip GFLOPs plain Square Mul Div Square Jacov Add <EOS>,(square((Snip / (GFLOPs * square(plain)))) + Jacov),0.583300000,0.711000000,66,9,6,2211,run_monash_time_unique1000,2,2,TIME__NE_China_Wind__H/seed_2211/run_monash_time_unique1000/visualizations/archive_latex.tex
313,0.718918919,0.583200000,\left(\mathrm{GFLOPs}\right) \cdot \left(\mathrm{Jacov}\right) + \frac{\sqrt{\mathrm{L2Norm}}}{\left(\mathrm{Fisher}\right)^2},GFLOPs Jacov Mul L2-Norm Sqrt Fisher Square Div Add <EOS>,((GFLOPs * Jacov) + (sqrt(L2-Norm) / square(Fisher))),0.583200000,0.613300000,4,9,4,2041,run_monash_time_unique1000,1,1,TIME__NE_China_Wind__H/seed_2041/run_monash_time_unique1000/visualizations/archive_latex.tex
314,0.718018018,0.582900000,\mathrm{Jacov} - \frac{\mathrm{GFLOPs}}{\frac{\mathrm{MParams}}{\mathrm{Snip}}},Jacov GFLOPs MParams Snip Div Div Sub <EOS>,(Jacov - (GFLOPs / (MParams / Snip))),0.582900000,0.598200000,6,7,4,2077,run_monash_time_unique1000,1,1,TIME__NE_China_Wind__H/seed_2077/run_monash_time_unique1000/visualizations/archive_latex.tex
315,0.717117117,0.582900000,\frac{-\left(\mathrm{Snip}\right) \cdot \left(\mathrm{GFLOPs}\right)}{\mathrm{MParams}} + \mathrm{Jacov},Snip GFLOPs Mul Negative MParams Div Jacov Add <EOS>,((-((Snip * GFLOPs)) / MParams) + Jacov),0.582900000,0.598200000,192,8,5,2116,run_monash_time_unique1000,2,1,TIME__NE_China_Wind__H/seed_2116/run_monash_time_unique1000/visualizations/archive_latex.tex
316,0.716216216,0.582700000,\left(\left(\frac{\log\left(\mathrm{GFLOPs}\right)}{\mathrm{MParams}}\right)^2\right) \cdot \left(\left(\mathrm{Snip}\right) \cdot \left(\mathrm{Jacov}\right)\right),GFLOPs Log MParams Div Square Snip Jacov Mul Mul <EOS>,(square((log(GFLOPs) / MParams)) * (Snip * Jacov)),0.582700000,0.606300000,77,9,5,2206,run_monash_time_unique1000,6,1,TIME__NE_China_Wind__H/seed_2206/run_monash_time_unique1000/visualizations/archive_latex.tex
317,0.715315315,0.582700000,\left(\mathrm{GFLOPs} - \left(\mathrm{MParams}\right)^2\right) \cdot \left(\mathrm{Jacov}\right) + \mathrm{JacobFro},GFLOPs MParams Square Sub Jacov Mul Jacob_fro Add <EOS>,(((GFLOPs - square(MParams)) * Jacov) + Jacob_fro),0.582700000,0.593300000,63,8,5,2103,run_monash_time_unique1000,7,1,TIME__NE_China_Wind__H/seed_2103/run_monash_time_unique1000/visualizations/archive_latex.tex
318,0.714414414,0.582400000,\left(\frac{\mathrm{JacobFro}}{\left(\mathrm{plain}\right)^2}\right)^2 + \left(\mathrm{GFLOPs}\right) \cdot \left(\mathrm{Jacov}\right),Jacob_fro plain Square Div Square GFLOPs Jacov Mul Add <EOS>,(square((Jacob_fro / square(plain))) + (GFLOPs * Jacov)),0.582400000,0.669400000,118,9,5,2049,run_monash_time_unique1000,4,1,TIME__NE_China_Wind__H/seed_2049/run_monash_time_unique1000/visualizations/archive_latex.tex
319,0.713513514,0.582400000,\left(\mathrm{GFLOPs}\right) \cdot \left(\mathrm{Jacov}\right) + \left(\frac{\mathrm{JacobFro}}{\left(\mathrm{plain}\right)^2}\right)^2,GFLOPs Jacov Mul Jacob_fro plain Square Div Square Add <EOS>,((GFLOPs * Jacov) + square((Jacob_fro / square(plain)))),0.582400000,0.669400000,134,9,5,2085,run_monash_time_unique1000,5,1,TIME__NE_China_Wind__H/seed_2085/run_monash_time_unique1000/visualizations/archive_latex.tex
320,0.712612613,0.581800000,\left(\log\left(\mathrm{GFLOPs}\right)\right) \cdot \left(\left(\mathrm{Jacov}\right) \cdot \left(\sqrt{\frac{\mathrm{Fisher}}{\mathrm{MParams}}}\right)\right),GFLOPs Log Jacov Fisher MParams Div Sqrt Mul Mul <EOS>,(log(GFLOPs) * (Jacov * sqrt((Fisher / MParams)))),0.581800000,0.624200000,186,9,5,2194,run_monash_time_unique1000,5,1,TIME__NE_China_Wind__H/seed_2194/run_monash_time_unique1000/visualizations/archive_latex.tex
321,0.711711712,0.581200000,\frac{\frac{\mathrm{Snip}}{\mathrm{plain}}}{\mathrm{GFLOPs}} - \sqrt{\mathrm{Jacov}},Snip plain Div GFLOPs Div Jacov Sqrt Sub <EOS>,(((Snip / plain) / GFLOPs) - sqrt(Jacov)),0.581200000,0.706400000,122,8,4,2176,run_monash_time_unique1000,5,1,TIME__NE_China_Wind__H/seed_2176/run_monash_time_unique1000/visualizations/archive_latex.tex
322,0.710810811,0.581200000,\left(\mathrm{Jacov}\right) \cdot \left(\mathrm{Fisher} + \mathrm{GFLOPs} - \left(\mathrm{MParams}\right)^2\right),Jacov Fisher GFLOPs Add MParams Square Sub Mul <EOS>,(Jacov * ((Fisher + GFLOPs) - square(MParams))),0.581200000,0.582200000,64,8,4,2202,run_monash_time_unique1000,8,1,TIME__NE_China_Wind__H/seed_2202/run_monash_time_unique1000/visualizations/archive_latex.tex
323,0.709909910,0.580800000,\left(\mathrm{Jacov}\right) \cdot \left(\left(\left(\frac{\mathrm{L2Norm}}{\mathrm{MParams}}\right) \cdot \left(\mathrm{GFLOPs}\right)\right)^2\right),Jacov L2-Norm MParams Div GFLOPs Mul Square Mul <EOS>,(Jacov * square(((L2-Norm / MParams) * GFLOPs))),0.580800000,0.608900000,130,8,5,2072,run_monash_time_unique1000,4,1,TIME__NE_China_Wind__H/seed_2072/run_monash_time_unique1000/visualizations/archive_latex.tex
324,0.709009009,0.580800000,\left(\left(\left(\mathrm{GFLOPs}\right) \cdot \left(\frac{\mathrm{L2Norm}}{\mathrm{MParams}}\right)\right)^2\right) \cdot \left(\mathrm{Jacov}\right),GFLOPs L2-Norm MParams Div Mul Square Jacov Mul <EOS>,(square((GFLOPs * (L2-Norm / MParams))) * Jacov),0.580800000,0.608900000,155,8,5,2119,run_monash_time_unique1000,4,2,TIME__NE_China_Wind__H/seed_2119/run_monash_time_unique1000/visualizations/archive_latex.tex
325,0.708108108,0.580800000,\left(\mathrm{Jacov}\right) \cdot \left(\left(\frac{\left(\mathrm{GFLOPs}\right) \cdot \left(\mathrm{L2Norm}\right)}{\mathrm{MParams}}\right)^2\right),Jacov GFLOPs L2-Norm Mul MParams Div Square Mul <EOS>,(Jacov * square(((GFLOPs * L2-Norm) / MParams))),0.580800000,0.608900000,190,8,5,2071,run_monash_time_unique1000,8,1,TIME__NE_China_Wind__H/seed_2071/run_monash_time_unique1000/visualizations/archive_latex.tex
326,0.707207207,0.580600000,\left(\frac{\frac{\mathrm{Snip}}{\mathrm{plain}}}{\mathrm{GFLOPs}}\right)^2 + \mathrm{Jacov},Snip plain Div GFLOPs Div Square Jacov Add <EOS>,(square(((Snip / plain) / GFLOPs)) + Jacov),0.580600000,0.713200000,199,8,5,2029,run_monash_time_unique1000,2,5,TIME__NE_China_Wind__H/seed_2029/run_monash_time_unique1000/visualizations/archive_latex.tex
327,0.706306306,0.580600000,\left(\frac{\frac{\mathrm{Snip}}{\mathrm{GFLOPs}}}{\mathrm{plain}}\right)^2 + \mathrm{Jacov},Snip GFLOPs Div plain Div Square Jacov Add <EOS>,(square(((Snip / GFLOPs) / plain)) + Jacov),0.580600000,0.713200000,115,8,5,2031,run_monash_time_unique1000,2,11,TIME__NE_China_Wind__H/seed_2031/run_monash_time_unique1000/visualizations/archive_latex.tex
328,0.705405405,0.580600000,\mathrm{Jacov} + \left(\frac{\frac{\mathrm{Snip}}{\mathrm{plain}}}{\mathrm{GFLOPs}}\right)^2,Jacov Snip plain Div GFLOPs Div Square Add <EOS>,(Jacov + square(((Snip / plain) / GFLOPs))),0.580600000,0.713200000,129,8,5,2035,run_monash_time_unique1000,2,3,TIME__NE_China_Wind__H/seed_2035/run_monash_time_unique1000/visualizations/archive_latex.tex
329,0.704504505,0.580600000,\mathrm{Jacov} + \left(\frac{\mathrm{Snip}}{\left(\mathrm{plain}\right) \cdot \left(\mathrm{GFLOPs}\right)}\right)^2,Jacov Snip plain GFLOPs Mul Div Square Add <EOS>,(Jacov + square((Snip / (plain * GFLOPs)))),0.580600000,0.713200000,189,8,5,2066,run_monash_time_unique1000,2,3,TIME__NE_China_Wind__H/seed_2066/run_monash_time_unique1000/visualizations/archive_latex.tex
330,0.703603604,0.580600000,\mathrm{Jacov} + \left(\frac{\frac{\mathrm{Snip}}{\mathrm{GFLOPs}}}{\mathrm{plain}}\right)^2,Jacov Snip GFLOPs Div plain Div Square Add <EOS>,(Jacov + square(((Snip / GFLOPs) / plain))),0.580600000,0.713200000,82,8,5,2083,run_monash_time_unique1000,2,4,TIME__NE_China_Wind__H/seed_2083/run_monash_time_unique1000/visualizations/archive_latex.tex
331,0.702702703,0.580600000,\mathrm{Jacov} + \left(\frac{\mathrm{Snip}}{\left(\mathrm{GFLOPs}\right) \cdot \left(\mathrm{plain}\right)}\right)^2,Jacov Snip GFLOPs plain Mul Div Square Add <EOS>,(Jacov + square((Snip / (GFLOPs * plain)))),0.580600000,0.713200000,188,8,5,2126,run_monash_time_unique1000,2,4,TIME__NE_China_Wind__H/seed_2126/run_monash_time_unique1000/visualizations/archive_latex.tex
332,0.701801802,0.580600000,\mathrm{Jacov} + \frac{\left(\frac{\mathrm{Snip}}{\mathrm{GFLOPs}}\right)^2}{\left(\mathrm{plain}\right)^2},Jacov Snip GFLOPs Div Square plain Square Div Add <EOS>,(Jacov + (square((Snip / GFLOPs)) / square(plain))),0.580600000,0.713200000,89,9,5,2164,run_monash_time_unique1000,2,1,TIME__NE_China_Wind__H/seed_2164/run_monash_time_unique1000/visualizations/archive_latex.tex
333,0.700900901,0.580600000,\left(\frac{\mathrm{Snip}}{\left(\mathrm{plain}\right) \cdot \left(\mathrm{GFLOPs}\right)}\right)^2 + \mathrm{Jacov},Snip plain GFLOPs Mul Div Square Jacov Add <EOS>,(square((Snip / (plain * GFLOPs))) + Jacov),0.580600000,0.713200000,175,8,5,2078,run_monash_time_unique1000,3,1,TIME__NE_China_Wind__H/seed_2078/run_monash_time_unique1000/visualizations/archive_latex.tex
334,0.700000000,0.580600000,\left(\frac{\mathrm{Snip}}{\left(\mathrm{GFLOPs}\right) \cdot \left(\mathrm{plain}\right)}\right)^2 + \mathrm{Jacov},Snip GFLOPs plain Mul Div Square Jacov Add <EOS>,(square((Snip / (GFLOPs * plain))) + Jacov),0.580600000,0.713200000,63,8,5,2211,run_monash_time_unique1000,3,2,TIME__NE_China_Wind__H/seed_2211/run_monash_time_unique1000/visualizations/archive_latex.tex
335,0.699099099,0.580300000,\frac{\mathrm{Jacov}}{\left(\frac{\frac{\mathrm{Snip}}{\mathrm{plain}}}{\mathrm{GFLOPs}}\right)^2},Jacov Snip plain Div GFLOPs Div Square Div <EOS>,(Jacov / square(((Snip / plain) / GFLOPs))),0.580300000,0.678700000,101,8,5,2146,run_monash_time_unique1000,2,4,TIME__NE_China_Wind__H/seed_2146/run_monash_time_unique1000/visualizations/archive_latex.tex
336,0.698198198,0.580300000,\left(\left(\left(\frac{\mathrm{plain}}{\mathrm{Snip}}\right) \cdot \left(\mathrm{GFLOPs}\right)\right)^2\right) \cdot \left(\mathrm{Jacov}\right),plain Snip Div GFLOPs Mul Square Jacov Mul <EOS>,(square(((plain / Snip) * GFLOPs)) * Jacov),0.580300000,0.678700000,37,8,5,2165,run_monash_time_unique1000,2,7,TIME__NE_China_Wind__H/seed_2165/run_monash_time_unique1000/visualizations/archive_latex.tex
337,0.697297297,0.580300000,\frac{\mathrm{Jacov}}{\left(\frac{\mathrm{Snip}}{\left(\mathrm{plain}\right) \cdot \left(\mathrm{GFLOPs}\right)}\right)^2},Jacov Snip plain GFLOPs Mul Div Square Div <EOS>,(Jacov / square((Snip / (plain * GFLOPs)))),0.580300000,0.678700000,190,8,5,2066,run_monash_time_unique1000,3,4,TIME__NE_China_Wind__H/seed_2066/run_monash_time_unique1000/visualizations/archive_latex.tex
338,0.696396396,0.580300000,\frac{\mathrm{Jacov}}{\left(\frac{\frac{\mathrm{Snip}}{\mathrm{GFLOPs}}}{\mathrm{plain}}\right)^2},Jacov Snip GFLOPs Div plain Div Square Div <EOS>,(Jacov / square(((Snip / GFLOPs) / plain))),0.580300000,0.678700000,83,8,5,2083,run_monash_time_unique1000,3,4,TIME__NE_China_Wind__H/seed_2083/run_monash_time_unique1000/visualizations/archive_latex.tex
339,0.695495495,0.580300000,\frac{\mathrm{Jacov}}{\left(\frac{\mathrm{Snip}}{\left(\mathrm{GFLOPs}\right) \cdot \left(\mathrm{plain}\right)}\right)^2},Jacov Snip GFLOPs plain Mul Div Square Div <EOS>,(Jacov / square((Snip / (GFLOPs * plain)))),0.580300000,0.678700000,189,8,5,2126,run_monash_time_unique1000,3,4,TIME__NE_China_Wind__H/seed_2126/run_monash_time_unique1000/visualizations/archive_latex.tex
340,0.694594595,0.580300000,\frac{\mathrm{Jacov}}{\frac{\left(\frac{\mathrm{Snip}}{\mathrm{GFLOPs}}\right)^2}{\left(\mathrm{plain}\right)^2}},Jacov Snip GFLOPs Div Square plain Square Div Div <EOS>,(Jacov / (square((Snip / GFLOPs)) / square(plain))),0.580300000,0.678700000,94,9,5,2164,run_monash_time_unique1000,3,1,TIME__NE_China_Wind__H/seed_2164/run_monash_time_unique1000/visualizations/archive_latex.tex
341,0.693693694,0.580300000,\frac{\frac{\frac{\mathrm{Snip}}{\mathrm{plain}}}{\mathrm{GFLOPs}}}{\sqrt{\mathrm{Jacov}}},Snip plain Div GFLOPs Div Jacov Sqrt Div <EOS>,(((Snip / plain) / GFLOPs) / sqrt(Jacov)),0.580300000,0.678700000,166,8,4,2108,run_monash_time_unique1000,4,2,TIME__NE_China_Wind__H/seed_2108/run_monash_time_unique1000/visualizations/archive_latex.tex
342,0.692792793,0.580300000,\left(\mathrm{Jacov}\right) \cdot \left(\left(\left(\frac{\mathrm{plain}}{\mathrm{Snip}}\right) \cdot \left(\mathrm{GFLOPs}\right)\right)^2\right),Jacov plain Snip Div GFLOPs Mul Square Mul <EOS>,(Jacov * square(((plain / Snip) * GFLOPs))),0.580300000,0.678700000,156,8,5,2150,run_monash_time_unique1000,4,2,TIME__NE_China_Wind__H/seed_2150/run_monash_time_unique1000/visualizations/archive_latex.tex
343,0.691891892,0.580300000,\left(\mathrm{Jacov}\right) \cdot \left(\left(\left(\mathrm{plain}\right)^2\right) \cdot \left(\left(\frac{\mathrm{GFLOPs}}{\mathrm{Snip}}\right)^2\right)\right),Jacov plain Square GFLOPs Snip Div Square Mul Mul <EOS>,(Jacov * (square(plain) * square((GFLOPs / Snip)))),0.580300000,0.678700000,20,9,5,2079,run_monash_time_unique1000,5,2,TIME__NE_China_Wind__H/seed_2079/run_monash_time_unique1000/visualizations/archive_latex.tex
344,0.690990991,0.580300000,\left(\left(\mathrm{GFLOPs}\right)^2\right) \cdot \left(\left(\left(\frac{\mathrm{plain}}{\mathrm{Snip}}\right)^2\right) \cdot \left(\mathrm{Jacov}\right)\right),GFLOPs Square plain Snip Div Square Jacov Mul Mul <EOS>,(square(GFLOPs) * (square((plain / Snip)) * Jacov)),0.580300000,0.678700000,84,9,5,2106,run_monash_time_unique1000,5,1,TIME__NE_China_Wind__H/seed_2106/run_monash_time_unique1000/visualizations/archive_latex.tex
345,0.690090090,0.580300000,\left(\left(\frac{\mathrm{plain}}{\frac{\mathrm{Snip}}{\mathrm{GFLOPs}}}\right)^2\right) \cdot \left(\mathrm{Jacov}\right),plain Snip GFLOPs Div Div Square Jacov Mul <EOS>,(square((plain / (Snip / GFLOPs))) * Jacov),0.580300000,0.678700000,19,8,5,2137,run_monash_time_unique1000,5,1,TIME__NE_China_Wind__H/seed_2137/run_monash_time_unique1000/visualizations/archive_latex.tex
346,0.689189189,0.580300000,\left(\left(\left(\mathrm{GFLOPs}\right) \cdot \left(\frac{\mathrm{plain}}{\mathrm{Snip}}\right)\right)^2\right) \cdot \left(\mathrm{Jacov}\right),GFLOPs plain Snip Div Mul Square Jacov Mul <EOS>,(square((GFLOPs * (plain / Snip))) * Jacov),0.580300000,0.678700000,39,8,5,2184,run_monash_time_unique1000,5,4,TIME__NE_China_Wind__H/seed_2184/run_monash_time_unique1000/visualizations/archive_latex.tex
347,0.688288288,0.580300000,\left(\mathrm{Jacov}\right) \cdot \left(\left(\left(\frac{\mathrm{GFLOPs}}{\mathrm{Snip}}\right) \cdot \left(\mathrm{plain}\right)\right)^2\right),Jacov GFLOPs Snip Div plain Mul Square Mul <EOS>,(Jacov * square(((GFLOPs / Snip) * plain))),0.580300000,0.678700000,39,8,5,2198,run_monash_time_unique1000,5,4,TIME__NE_China_Wind__H/seed_2198/run_monash_time_unique1000/visualizations/archive_latex.tex
348,0.687387387,0.580300000,\frac{\mathrm{Snip}}{\left(\mathrm{GFLOPs}\right) \cdot \left(\left(\mathrm{plain}\right) \cdot \left(\sqrt{\mathrm{Jacov}}\right)\right)},Snip GFLOPs plain Jacov Sqrt Mul Mul Div <EOS>,(Snip / (GFLOPs * (plain * sqrt(Jacov)))),0.580300000,0.678700000,9,8,5,2221,run_monash_time_unique1000,5,1,TIME__NE_China_Wind__H/seed_2221/run_monash_time_unique1000/visualizations/archive_latex.tex
349,0.686486486,0.580300000,\left(\left(\mathrm{plain}\right)^2\right) \cdot \left(\left(\left(\frac{\mathrm{GFLOPs}}{\mathrm{Snip}}\right)^2\right) \cdot \left(\mathrm{Jacov}\right)\right),plain Square GFLOPs Snip Div Square Jacov Mul Mul <EOS>,(square(plain) * (square((GFLOPs / Snip)) * Jacov)),0.580300000,0.678700000,27,9,5,2044,run_monash_time_unique1000,6,1,TIME__NE_China_Wind__H/seed_2044/run_monash_time_unique1000/visualizations/archive_latex.tex
350,0.685585586,0.580300000,\left(\left(\left(\mathrm{plain}\right) \cdot \left(\frac{\mathrm{GFLOPs}}{\mathrm{Snip}}\right)\right)^2\right) \cdot \left(\mathrm{Jacov}\right),plain GFLOPs Snip Div Mul Square Jacov Mul <EOS>,(square((plain * (GFLOPs / Snip))) * Jacov),0.580300000,0.678700000,36,8,5,2050,run_monash_time_unique1000,6,4,TIME__NE_China_Wind__H/seed_2050/run_monash_time_unique1000/visualizations/archive_latex.tex
351,0.684684685,0.580300000,\left(\left(\mathrm{GFLOPs}\right)^2\right) \cdot \left(\left(\mathrm{Jacov}\right) \cdot \left(\left(\frac{\mathrm{plain}}{\mathrm{Snip}}\right)^2\right)\right),GFLOPs Square Jacov plain Snip Div Square Mul Mul <EOS>,(square(GFLOPs) * (Jacov * square((plain / Snip)))),0.580300000,0.678700000,44,9,5,2062,run_monash_time_unique1000,6,1,TIME__NE_China_Wind__H/seed_2062/run_monash_time_unique1000/visualizations/archive_latex.tex
352,0.683783784,0.580300000,\left(\left(\mathrm{GFLOPs}\right) \cdot \left(\frac{\sqrt{\mathrm{Jacov}}}{-\mathrm{Snip}}\right)\right) \cdot \left(\mathrm{plain}\right),GFLOPs Jacov Sqrt Snip Negative Div Mul plain Mul <EOS>,((GFLOPs * (sqrt(Jacov) / -(Snip))) * plain),0.580300000,0.678700000,37,9,5,2167,run_monash_time_unique1000,6,1,TIME__NE_China_Wind__H/seed_2167/run_monash_time_unique1000/visualizations/archive_latex.tex
353,0.682882883,0.580300000,\left(\left(\frac{\left(\mathrm{GFLOPs}\right) \cdot \left(\mathrm{plain}\right)}{\mathrm{Snip}}\right)^2\right) \cdot \left(\mathrm{Jacov}\right),GFLOPs plain Mul Snip Div Square Jacov Mul <EOS>,(square(((GFLOPs * plain) / Snip)) * Jacov),0.580300000,0.678700000,54,8,5,2172,run_monash_time_unique1000,6,1,TIME__NE_China_Wind__H/seed_2172/run_monash_time_unique1000/visualizations/archive_latex.tex
354,0.681981982,0.580300000,\left(\frac{\mathrm{Jacov}}{\left(\mathrm{Snip}\right)^2}\right) \cdot \left(\left(\left(\mathrm{GFLOPs}\right) \cdot \left(\mathrm{plain}\right)\right)^2\right),Jacov Snip Square Div GFLOPs plain Mul Square Mul <EOS>,((Jacov / square(Snip)) * square((GFLOPs * plain))),0.580300000,0.678700000,13,9,4,2181,run_monash_time_unique1000,6,1,TIME__NE_China_Wind__H/seed_2181/run_monash_time_unique1000/visualizations/archive_latex.tex
355,0.681081081,0.580300000,\left(\left(\frac{\left(\mathrm{plain}\right) \cdot \left(\mathrm{GFLOPs}\right)}{\mathrm{Snip}}\right)^2\right) \cdot \left(\mathrm{Jacov}\right),plain GFLOPs Mul Snip Div Square Jacov Mul <EOS>,(square(((plain * GFLOPs) / Snip)) * Jacov),0.580300000,0.678700000,84,8,5,2033,run_monash_time_unique1000,7,1,TIME__NE_China_Wind__H/seed_2033/run_monash_time_unique1000/visualizations/archive_latex.tex
356,0.680180180,0.580300000,\left(\mathrm{Jacov}\right) \cdot \left(\left(\left(\mathrm{GFLOPs}\right) \cdot \left(\frac{\mathrm{plain}}{\mathrm{Snip}}\right)\right)^2\right),Jacov GFLOPs plain Snip Div Mul Square Mul <EOS>,(Jacov * square((GFLOPs * (plain / Snip)))),0.580300000,0.678700000,62,8,5,2209,run_monash_time_unique1000,7,1,TIME__NE_China_Wind__H/seed_2209/run_monash_time_unique1000/visualizations/archive_latex.tex
357,0.679279279,0.580300000,\frac{\left(\mathrm{GFLOPs}\right)^2}{\frac{\left(\frac{\mathrm{Snip}}{\mathrm{plain}}\right)^2}{\mathrm{Jacov}}},GFLOPs Square Snip plain Div Square Jacov Div Div <EOS>,(square(GFLOPs) / (square((Snip / plain)) / Jacov)),0.580300000,0.678700000,11,9,5,2213,run_monash_time_unique1000,7,1,TIME__NE_China_Wind__H/seed_2213/run_monash_time_unique1000/visualizations/archive_latex.tex
358,0.678378378,0.580300000,\left(\left(\mathrm{plain}\right)^2\right) \cdot \left(\left(\mathrm{Jacov}\right) \cdot \left(\left(\frac{\mathrm{GFLOPs}}{\mathrm{Snip}}\right)^2\right)\right),plain Square Jacov GFLOPs Snip Div Square Mul Mul <EOS>,(square(plain) * (Jacov * square((GFLOPs / Snip)))),0.580300000,0.678700000,23,9,5,2186,run_monash_time_unique1000,8,1,TIME__NE_China_Wind__H/seed_2186/run_monash_time_unique1000/visualizations/archive_latex.tex
359,0.677477477,0.580300000,\frac{\left(\sqrt{\mathrm{Jacov}}\right) \cdot \left(-\mathrm{GFLOPs}\right)}{\frac{\mathrm{Snip}}{\mathrm{plain}}},Jacov Sqrt GFLOPs Negative Mul Snip plain Div Div <EOS>,((sqrt(Jacov) * -(GFLOPs)) / (Snip / plain)),0.580300000,0.678700000,86,9,4,2190,run_monash_time_unique1000,8,1,TIME__NE_China_Wind__H/seed_2190/run_monash_time_unique1000/visualizations/archive_latex.tex
360,0.676576577,0.580300000,\left(\mathrm{Jacov}\right) \cdot \left(\left(\left(\mathrm{plain}\right) \cdot \left(\frac{\mathrm{GFLOPs}}{\mathrm{Snip}}\right)\right)^2\right),Jacov plain GFLOPs Snip Div Mul Square Mul <EOS>,(Jacov * square((plain * (GFLOPs / Snip)))),0.580300000,0.678700000,49,8,5,2071,run_monash_time_unique1000,9,1,TIME__NE_China_Wind__H/seed_2071/run_monash_time_unique1000/visualizations/archive_latex.tex
361,0.675675676,0.580300000,-\left(\frac{\mathrm{GFLOPs}}{\mathrm{Snip}}\right) \cdot \left(\left(\sqrt{\mathrm{Jacov}}\right) \cdot \left(\mathrm{plain}\right)\right),GFLOPs Snip Div Jacov Sqrt plain Mul Mul Negative <EOS>,-(((GFLOPs / Snip) * (sqrt(Jacov) * plain))),0.580300000,0.678700000,68,9,5,2199,run_monash_time_unique1000,9,1,TIME__NE_China_Wind__H/seed_2199/run_monash_time_unique1000/visualizations/archive_latex.tex
362,0.674774775,0.579900000,\left(\mathrm{plain}\right) \cdot \left(\frac{\left(\left(\mathrm{GFLOPs}\right)^2\right) \cdot \left(\mathrm{Jacov}\right)}{\mathrm{MParams}}\right),plain GFLOPs Square Jacov Mul MParams Div Mul <EOS>,(plain * ((square(GFLOPs) * Jacov) / MParams)),0.579900000,0.667700000,40,8,5,2049,run_monash_time_unique1000,5,1,TIME__NE_China_Wind__H/seed_2049/run_monash_time_unique1000/visualizations/archive_latex.tex
363,0.673873874,0.579900000,\left(\left(\left(\mathrm{GFLOPs}\right)^2\right) \cdot \left(\mathrm{plain}\right)\right) \cdot \left(\frac{\mathrm{Jacov}}{\mathrm{MParams}}\right),GFLOPs Square plain Mul Jacov MParams Div Mul <EOS>,((square(GFLOPs) * plain) * (Jacov / MParams)),0.579900000,0.667700000,61,8,4,2073,run_monash_time_unique1000,5,1,TIME__NE_China_Wind__H/seed_2073/run_monash_time_unique1000/visualizations/archive_latex.tex
364,0.672972973,0.579900000,\frac{\left(\left(\mathrm{plain}\right) \cdot \left(\left(\mathrm{GFLOPs}\right)^2\right)\right) \cdot \left(\mathrm{Jacov}\right)}{\mathrm{MParams}},plain GFLOPs Square Mul Jacov Mul MParams Div <EOS>,(((plain * square(GFLOPs)) * Jacov) / MParams),0.579900000,0.667700000,38,8,5,2074,run_monash_time_unique1000,5,4,TIME__NE_China_Wind__H/seed_2074/run_monash_time_unique1000/visualizations/archive_latex.tex
365,0.672072072,0.579900000,\left(\left(\frac{\left(\mathrm{GFLOPs}\right)^2}{\mathrm{MParams}}\right) \cdot \left(\mathrm{plain}\right)\right) \cdot \left(\mathrm{Jacov}\right),GFLOPs Square MParams Div plain Mul Jacov Mul <EOS>,(((square(GFLOPs) / MParams) * plain) * Jacov),0.579900000,0.667700000,59,8,5,2100,run_monash_time_unique1000,5,3,TIME__NE_China_Wind__H/seed_2100/run_monash_time_unique1000/visualizations/archive_latex.tex
366,0.671171171,0.579900000,\left(\left(\mathrm{Jacov}\right) \cdot \left(\frac{\mathrm{plain}}{\mathrm{MParams}}\right)\right) \cdot \left(\left(\mathrm{GFLOPs}\right)^2\right),Jacov plain MParams Div Mul GFLOPs Square Mul <EOS>,((Jacov * (plain / MParams)) * square(GFLOPs)),0.579900000,0.667700000,108,8,4,2150,run_monash_time_unique1000,5,1,TIME__NE_China_Wind__H/seed_2150/run_monash_time_unique1000/visualizations/archive_latex.tex
367,0.670270270,0.579900000,\left(\left(\left(\mathrm{GFLOPs}\right)^2\right) \cdot \left(\frac{\mathrm{Jacov}}{\mathrm{MParams}}\right)\right) \cdot \left(\mathrm{plain}\right),GFLOPs Square Jacov MParams Div Mul plain Mul <EOS>,((square(GFLOPs) * (Jacov / MParams)) * plain),0.579900000,0.667700000,55,8,4,2154,run_monash_time_unique1000,5,1,TIME__NE_China_Wind__H/seed_2154/run_monash_time_unique1000/visualizations/archive_latex.tex
368,0.669369369,0.579900000,\left(\frac{\left(\mathrm{GFLOPs}\right)^2}{\mathrm{MParams}}\right) \cdot \left(\left(\mathrm{Jacov}\right) \cdot \left(\mathrm{plain}\right)\right),GFLOPs Square MParams Div Jacov plain Mul Mul <EOS>,((square(GFLOPs) / MParams) * (Jacov * plain)),0.579900000,0.667700000,16,8,4,2036,run_monash_time_unique1000,6,1,TIME__NE_China_Wind__H/seed_2036/run_monash_time_unique1000/visualizations/archive_latex.tex
369,0.668468468,0.579900000,\left(\left(\mathrm{GFLOPs}\right)^2\right) \cdot \left(\frac{\mathrm{Jacov}}{\frac{\mathrm{MParams}}{\mathrm{plain}}}\right),GFLOPs Square Jacov MParams plain Div Div Mul <EOS>,(square(GFLOPs) * (Jacov / (MParams / plain))),0.579900000,0.667700000,37,8,4,2048,run_monash_time_unique1000,6,1,TIME__NE_China_Wind__H/seed_2048/run_monash_time_unique1000/visualizations/archive_latex.tex
370,0.667567568,0.579900000,\left(\left(\left(\mathrm{GFLOPs}\right)^2\right) \cdot \left(\mathrm{Jacov}\right)\right) \cdot \left(\frac{\mathrm{plain}}{\mathrm{MParams}}\right),GFLOPs Square Jacov Mul plain MParams Div Mul <EOS>,((square(GFLOPs) * Jacov) * (plain / MParams)),0.579900000,0.667700000,37,8,4,2085,run_monash_time_unique1000,6,1,TIME__NE_China_Wind__H/seed_2085/run_monash_time_unique1000/visualizations/archive_latex.tex
371,0.666666667,0.579900000,\frac{\left(\left(\mathrm{GFLOPs}\right)^2\right) \cdot \left(\left(\mathrm{plain}\right) \cdot \left(\mathrm{Jacov}\right)\right)}{\mathrm{MParams}},GFLOPs Square plain Jacov Mul Mul MParams Div <EOS>,((square(GFLOPs) * (plain * Jacov)) / MParams),0.579900000,0.667700000,32,8,4,2106,run_monash_time_unique1000,6,1,TIME__NE_China_Wind__H/seed_2106/run_monash_time_unique1000/visualizations/archive_latex.tex
372,0.665765766,0.579900000,\frac{\left(\left(\left(\mathrm{GFLOPs}\right)^2\right) \cdot \left(\mathrm{Jacov}\right)\right) \cdot \left(\mathrm{plain}\right)}{\mathrm{MParams}},GFLOPs Square Jacov Mul plain Mul MParams Div <EOS>,(((square(GFLOPs) * Jacov) * plain) / MParams),0.579900000,0.667700000,47,8,5,2140,run_monash_time_unique1000,6,2,TIME__NE_China_Wind__H/seed_2140/run_monash_time_unique1000/visualizations/archive_latex.tex
373,0.664864865,0.579900000,\left(\mathrm{Jacov}\right) \cdot \left(\left(\frac{\left(\mathrm{GFLOPs}\right)^2}{\mathrm{MParams}}\right) \cdot \left(\mathrm{plain}\right)\right),Jacov GFLOPs Square MParams Div plain Mul Mul <EOS>,(Jacov * ((square(GFLOPs) / MParams) * plain)),0.579900000,0.667700000,43,8,5,2198,run_monash_time_unique1000,6,1,TIME__NE_China_Wind__H/seed_2198/run_monash_time_unique1000/visualizations/archive_latex.tex
374,0.663963964,0.579900000,\left(\left(\mathrm{GFLOPs}\right)^2\right) \cdot \left(\left(\frac{\mathrm{plain}}{\mathrm{MParams}}\right) \cdot \left(\mathrm{Jacov}\right)\right),GFLOPs Square plain MParams Div Jacov Mul Mul <EOS>,(square(GFLOPs) * ((plain / MParams) * Jacov)),0.579900000,0.667700000,18,8,4,2217,run_monash_time_unique1000,6,1,TIME__NE_China_Wind__H/seed_2217/run_monash_time_unique1000/visualizations/archive_latex.tex
375,0.663063063,0.579900000,\left(\mathrm{plain}\right) \cdot \left(\left(\frac{\left(\mathrm{GFLOPs}\right)^2}{\mathrm{MParams}}\right) \cdot \left(\mathrm{Jacov}\right)\right),plain GFLOPs Square MParams Div Jacov Mul Mul <EOS>,(plain * ((square(GFLOPs) / MParams) * Jacov)),0.579900000,0.667700000,27,8,5,2044,run_monash_time_unique1000,7,1,TIME__NE_China_Wind__H/seed_2044/run_monash_time_unique1000/visualizations/archive_latex.tex
376,0.662162162,0.579900000,\left(\left(\mathrm{Jacov}\right) \cdot \left(\mathrm{plain}\right)\right) \cdot \left(\frac{\left(\mathrm{GFLOPs}\right)^2}{\mathrm{MParams}}\right),Jacov plain Mul GFLOPs Square MParams Div Mul <EOS>,((Jacov * plain) * (square(GFLOPs) / MParams)),0.579900000,0.667700000,21,8,4,2057,run_monash_time_unique1000,7,1,TIME__NE_China_Wind__H/seed_2057/run_monash_time_unique1000/visualizations/archive_latex.tex
377,0.661261261,0.579900000,\frac{\left(\left(\mathrm{GFLOPs}\right)^2\right) \cdot \left(\left(\mathrm{Jacov}\right) \cdot \left(\mathrm{plain}\right)\right)}{\mathrm{MParams}},GFLOPs Square Jacov plain Mul Mul MParams Div <EOS>,((square(GFLOPs) * (Jacov * plain)) / MParams),0.579900000,0.667700000,90,8,4,2081,run_monash_time_unique1000,7,1,TIME__NE_China_Wind__H/seed_2081/run_monash_time_unique1000/visualizations/archive_latex.tex
378,0.660360360,0.579900000,\left(\frac{\left(\left(\mathrm{GFLOPs}\right)^2\right) \cdot \left(\mathrm{Jacov}\right)}{\mathrm{MParams}}\right) \cdot \left(\mathrm{plain}\right),GFLOPs Square Jacov Mul MParams Div plain Mul <EOS>,(((square(GFLOPs) * Jacov) / MParams) * plain),0.579900000,0.667700000,26,8,5,2087,run_monash_time_unique1000,7,1,TIME__NE_China_Wind__H/seed_2087/run_monash_time_unique1000/visualizations/archive_latex.tex
379,0.659459459,0.579900000,\frac{\left(\left(\mathrm{plain}\right) \cdot \left(\mathrm{Jacov}\right)\right) \cdot \left(\left(\mathrm{GFLOPs}\right)^2\right)}{\mathrm{MParams}},plain Jacov Mul GFLOPs Square Mul MParams Div <EOS>,(((plain * Jacov) * square(GFLOPs)) / MParams),0.579900000,0.667700000,38,8,4,2104,run_monash_time_unique1000,7,1,TIME__NE_China_Wind__H/seed_2104/run_monash_time_unique1000/visualizations/archive_latex.tex
380,0.658558559,0.579900000,\left(\frac{\mathrm{Jacov}}{\mathrm{MParams}}\right) \cdot \left(\left(\left(\mathrm{GFLOPs}\right)^2\right) \cdot \left(\mathrm{plain}\right)\right),Jacov MParams Div GFLOPs Square plain Mul Mul <EOS>,((Jacov / MParams) * (square(GFLOPs) * plain)),0.579900000,0.667700000,143,8,4,2124,run_monash_time_unique1000,7,2,TIME__NE_China_Wind__H/seed_2124/run_monash_time_unique1000/visualizations/archive_latex.tex
381,0.657657658,0.579900000,\left(\frac{\left(\mathrm{Jacov}\right) \cdot \left(\left(\mathrm{GFLOPs}\right)^2\right)}{\mathrm{MParams}}\right) \cdot \left(\mathrm{plain}\right),Jacov GFLOPs Square Mul MParams Div plain Mul <EOS>,(((Jacov * square(GFLOPs)) / MParams) * plain),0.579900000,0.667700000,66,8,5,2145,run_monash_time_unique1000,7,1,TIME__NE_China_Wind__H/seed_2145/run_monash_time_unique1000/visualizations/archive_latex.tex
382,0.656756757,0.579900000,\left(\frac{\left(\mathrm{GFLOPs}\right)^2}{\mathrm{MParams}}\right) \cdot \left(\left(\mathrm{plain}\right) \cdot \left(\mathrm{Jacov}\right)\right),GFLOPs Square MParams Div plain Jacov Mul Mul <EOS>,((square(GFLOPs) / MParams) * (plain * Jacov)),0.579900000,0.667700000,68,8,4,2206,run_monash_time_unique1000,7,1,TIME__NE_China_Wind__H/seed_2206/run_monash_time_unique1000/visualizations/archive_latex.tex
383,0.655855856,0.579900000,\left(\left(\mathrm{GFLOPs}\right)^2\right) \cdot \left(\frac{\left(\mathrm{Jacov}\right) \cdot \left(\mathrm{plain}\right)}{\mathrm{MParams}}\right),GFLOPs Square Jacov plain Mul MParams Div Mul <EOS>,(square(GFLOPs) * ((Jacov * plain) / MParams)),0.579900000,0.667700000,57,8,4,2220,run_monash_time_unique1000,7,2,TIME__NE_China_Wind__H/seed_2220/run_monash_time_unique1000/visualizations/archive_latex.tex
384,0.654954955,0.579900000,\left(\frac{\left(\mathrm{plain}\right) \cdot \left(\left(\mathrm{GFLOPs}\right)^2\right)}{\mathrm{MParams}}\right) \cdot \left(\mathrm{Jacov}\right),plain GFLOPs Square Mul MParams Div Jacov Mul <EOS>,(((plain * square(GFLOPs)) / MParams) * Jacov),0.579900000,0.667700000,13,8,5,2033,run_monash_time_unique1000,8,1,TIME__NE_China_Wind__H/seed_2033/run_monash_time_unique1000/visualizations/archive_latex.tex
385,0.654054054,0.579900000,\left(\frac{\mathrm{Jacov}}{\mathrm{MParams}}\right) \cdot \left(\left(\mathrm{plain}\right) \cdot \left(\left(\mathrm{GFLOPs}\right)^2\right)\right),Jacov MParams Div plain GFLOPs Square Mul Mul <EOS>,((Jacov / MParams) * (plain * square(GFLOPs))),0.579900000,0.667700000,172,8,4,2075,run_monash_time_unique1000,8,1,TIME__NE_China_Wind__H/seed_2075/run_monash_time_unique1000/visualizations/archive_latex.tex
386,0.653153153,0.579900000,\left(\left(\frac{\mathrm{plain}}{\mathrm{MParams}}\right) \cdot \left(\left(\mathrm{GFLOPs}\right)^2\right)\right) \cdot \left(\mathrm{Jacov}\right),plain MParams Div GFLOPs Square Mul Jacov Mul <EOS>,(((plain / MParams) * square(GFLOPs)) * Jacov),0.579900000,0.667700000,25,8,4,2094,run_monash_time_unique1000,8,1,TIME__NE_China_Wind__H/seed_2094/run_monash_time_unique1000/visualizations/archive_latex.tex
387,0.652252252,0.579900000,\left(\left(\mathrm{GFLOPs}\right)^2\right) \cdot \left(\frac{\mathrm{plain}}{\frac{\mathrm{MParams}}{\mathrm{Jacov}}}\right),GFLOPs Square plain MParams Jacov Div Div Mul <EOS>,(square(GFLOPs) * (plain / (MParams / Jacov))),0.579900000,0.667700000,59,8,4,2168,run_monash_time_unique1000,8,1,TIME__NE_China_Wind__H/seed_2168/run_monash_time_unique1000/visualizations/archive_latex.tex
388,0.651351351,0.579900000,\frac{\left(\mathrm{GFLOPs}\right)^2}{\frac{\mathrm{MParams}}{\left(\mathrm{Jacov}\right) \cdot \left(\mathrm{plain}\right)}},GFLOPs Square MParams Jacov plain Mul Div Div <EOS>,(square(GFLOPs) / (MParams / (Jacov * plain))),0.579900000,0.667700000,145,8,4,2205,run_monash_time_unique1000,8,1,TIME__NE_China_Wind__H/seed_2205/run_monash_time_unique1000/visualizations/archive_latex.tex
389,0.650450450,0.579900000,\frac{\left(\mathrm{GFLOPs}\right)^2}{\frac{\frac{\mathrm{MParams}}{\mathrm{plain}}}{\mathrm{Jacov}}},GFLOPs Square MParams plain Div Jacov Div Div <EOS>,(square(GFLOPs) / ((MParams / plain) / Jacov)),0.579900000,0.667700000,13,8,4,2213,run_monash_time_unique1000,8,1,TIME__NE_China_Wind__H/seed_2213/run_monash_time_unique1000/visualizations/archive_latex.tex
390,0.649549550,0.579900000,\left(\left(\mathrm{GFLOPs}\right)^2\right) \cdot \left(\left(\mathrm{plain}\right) \cdot \left(\frac{\mathrm{Jacov}}{\mathrm{MParams}}\right)\right),GFLOPs Square plain Jacov MParams Div Mul Mul <EOS>,(square(GFLOPs) * (plain * (Jacov / MParams))),0.579900000,0.667700000,131,8,4,2109,run_monash_time_unique1000,9,1,TIME__NE_China_Wind__H/seed_2109/run_monash_time_unique1000/visualizations/archive_latex.tex
391,0.648648649,0.579900000,\left(\left(\frac{\left(\mathrm{GFLOPs}\right)^2}{\mathrm{MParams}}\right) \cdot \left(\mathrm{Jacov}\right)\right) \cdot \left(\mathrm{plain}\right),GFLOPs Square MParams Div Jacov Mul plain Mul <EOS>,(((square(GFLOPs) / MParams) * Jacov) * plain),0.579900000,0.667700000,17,8,5,2188,run_monash_time_unique1000,9,1,TIME__NE_China_Wind__H/seed_2188/run_monash_time_unique1000/visualizations/archive_latex.tex
392,0.647747748,0.579900000,\left(\left(\mathrm{GFLOPs}\right)^2\right) \cdot \left(\left(\frac{\mathrm{Jacov}}{\mathrm{MParams}}\right) \cdot \left(\mathrm{plain}\right)\right),GFLOPs Square Jacov MParams Div plain Mul Mul <EOS>,(square(GFLOPs) * ((Jacov / MParams) * plain)),0.579900000,0.667700000,86,8,4,2218,run_monash_time_unique1000,9,1,TIME__NE_China_Wind__H/seed_2218/run_monash_time_unique1000/visualizations/archive_latex.tex
393,0.646846847,0.579600000,\left(\mathrm{GFLOPs}\right) \cdot \left(\frac{\left(\mathrm{Jacov}\right) \cdot \left(\left(\mathrm{plain}\right)^2\right)}{\sqrt{\mathrm{GraSP}}}\right),GFLOPs Jacov plain Square Mul GraSP Sqrt Div Mul <EOS>,(GFLOPs * ((Jacov * square(plain)) / sqrt(GraSP))),0.579600000,0.667400000,38,9,5,2056,run_monash_time_unique1000,3,2,TIME__NE_China_Wind__H/seed_2056/run_monash_time_unique1000/visualizations/archive_latex.tex
394,0.645945946,0.579600000,\frac{\left(\left(\left(\mathrm{GFLOPs}\right)^2\right) \cdot \left(\left(\mathrm{plain}\right)^2\right)\right) \cdot \left(\mathrm{Jacov}\right)}{\mathrm{MParams}},GFLOPs Square plain Square Mul Jacov Mul MParams Div <EOS>,(((square(GFLOPs) * square(plain)) * Jacov) / MParams),0.579600000,0.667300000,83,9,5,2119,run_monash_time_unique1000,5,1,TIME__NE_China_Wind__H/seed_2119/run_monash_time_unique1000/visualizations/archive_latex.tex
395,0.645045045,0.579600000,\left(\frac{\left(\mathrm{GFLOPs}\right) \cdot \left(\mathrm{Jacov}\right)}{\sqrt{\mathrm{GraSP}}}\right) \cdot \left(\left(\mathrm{plain}\right)^2\right),GFLOPs Jacov Mul GraSP Sqrt Div plain Square Mul <EOS>,(((GFLOPs * Jacov) / sqrt(GraSP)) * square(plain)),0.579600000,0.667400000,60,9,4,2141,run_monash_time_unique1000,5,2,TIME__NE_China_Wind__H/seed_2141/run_monash_time_unique1000/visualizations/archive_latex.tex
396,0.644144144,0.579600000,\left(\left(\mathrm{GFLOPs}\right) \cdot \left(\frac{\mathrm{Jacov}}{\sqrt{\mathrm{GraSP}}}\right)\right) \cdot \left(\left(\mathrm{plain}\right)^2\right),GFLOPs Jacov GraSP Sqrt Div Mul plain Square Mul <EOS>,((GFLOPs * (Jacov / sqrt(GraSP))) * square(plain)),0.579600000,0.667400000,77,9,5,2215,run_monash_time_unique1000,5,4,TIME__NE_China_Wind__H/seed_2215/run_monash_time_unique1000/visualizations/archive_latex.tex
397,0.643243243,0.579600000,\left(\left(\mathrm{plain}\right)^2\right) \cdot \left(\frac{\left(\left(\mathrm{GFLOPs}\right)^2\right) \cdot \left(\mathrm{Jacov}\right)}{\mathrm{MParams}}\right),plain Square GFLOPs Square Jacov Mul MParams Div Mul <EOS>,(square(plain) * ((square(GFLOPs) * Jacov) / MParams)),0.579600000,0.667300000,39,9,5,2049,run_monash_time_unique1000,6,1,TIME__NE_China_Wind__H/seed_2049/run_monash_time_unique1000/visualizations/archive_latex.tex
398,0.642342342,0.579600000,\left(\left(\left(\mathrm{GFLOPs}\right) \cdot \left(\mathrm{plain}\right)\right)^2\right) \cdot \left(\frac{\mathrm{Jacov}}{\mathrm{MParams}}\right),GFLOPs plain Mul Square Jacov MParams Div Mul <EOS>,(square((GFLOPs * plain)) * (Jacov / MParams)),0.579600000,0.667300000,59,8,4,2073,run_monash_time_unique1000,6,2,TIME__NE_China_Wind__H/seed_2073/run_monash_time_unique1000/visualizations/archive_latex.tex
399,0.641441441,0.579600000,\frac{\left(\left(\left(\mathrm{plain}\right)^2\right) \cdot \left(\left(\mathrm{GFLOPs}\right)^2\right)\right) \cdot \left(\mathrm{Jacov}\right)}{\mathrm{MParams}},plain Square GFLOPs Square Mul Jacov Mul MParams Div <EOS>,(((square(plain) * square(GFLOPs)) * Jacov) / MParams),0.579600000,0.667300000,37,9,5,2074,run_monash_time_unique1000,6,3,TIME__NE_China_Wind__H/seed_2074/run_monash_time_unique1000/visualizations/archive_latex.tex
400,0.640540541,0.579600000,\left(\mathrm{Jacov}\right) \cdot \left(\left(\left(\mathrm{plain}\right)^2\right) \cdot \left(\frac{\mathrm{GFLOPs}}{\sqrt{\mathrm{GraSP}}}\right)\right),Jacov plain Square GFLOPs GraSP Sqrt Div Mul Mul <EOS>,(Jacov * (square(plain) * (GFLOPs / sqrt(GraSP)))),0.579600000,0.667400000,33,9,5,2079,run_monash_time_unique1000,6,1,TIME__NE_China_Wind__H/seed_2079/run_monash_time_unique1000/visualizations/archive_latex.tex
401,0.639639640,0.579600000,\left(\left(\frac{\left(\mathrm{GFLOPs}\right)^2}{\mathrm{MParams}}\right) \cdot \left(\left(\mathrm{plain}\right)^2\right)\right) \cdot \left(\mathrm{Jacov}\right),GFLOPs Square MParams Div plain Square Mul Jacov Mul <EOS>,(((square(GFLOPs) / MParams) * square(plain)) * Jacov),0.579600000,0.667300000,80,9,5,2100,run_monash_time_unique1000,6,1,TIME__NE_China_Wind__H/seed_2100/run_monash_time_unique1000/visualizations/archive_latex.tex
402,0.638738739,0.579600000,\left(\left(\mathrm{Jacov}\right) \cdot \left(\frac{\left(\mathrm{plain}\right)^2}{\mathrm{MParams}}\right)\right) \cdot \left(\left(\mathrm{GFLOPs}\right)^2\right),Jacov plain Square MParams Div Mul GFLOPs Square Mul <EOS>,((Jacov * (square(plain) / MParams)) * square(GFLOPs)),0.579600000,0.667300000,98,9,5,2150,run_monash_time_unique1000,6,1,TIME__NE_China_Wind__H/seed_2150/run_monash_time_unique1000/visualizations/archive_latex.tex
403,0.637837838,0.579600000,\left(\left(\left(\mathrm{GFLOPs}\right)^2\right) \cdot \left(\frac{\mathrm{Jacov}}{\mathrm{MParams}}\right)\right) \cdot \left(\left(\mathrm{plain}\right)^2\right),GFLOPs Square Jacov MParams Div Mul plain Square Mul <EOS>,((square(GFLOPs) * (Jacov / MParams)) * square(plain)),0.579600000,0.667300000,102,9,4,2154,run_monash_time_unique1000,6,1,TIME__NE_China_Wind__H/seed_2154/run_monash_time_unique1000/visualizations/archive_latex.tex
404,0.636936937,0.579600000,\left(\left(\left(\mathrm{GFLOPs}\right) \cdot \left(\frac{\mathrm{plain}}{\sqrt{\mathrm{MParams}}}\right)\right)^2\right) \cdot \left(\mathrm{Jacov}\right),GFLOPs plain MParams Sqrt Div Mul Square Jacov Mul <EOS>,(square((GFLOPs * (plain / sqrt(MParams)))) * Jacov),0.579600000,0.667300000,124,9,6,2184,run_monash_time_unique1000,6,1,TIME__NE_China_Wind__H/seed_2184/run_monash_time_unique1000/visualizations/archive_latex.tex
405,0.636036036,0.579600000,\left(\left(\mathrm{GFLOPs}\right)^2\right) \cdot \left(\left(\frac{\mathrm{Jacov}}{\mathrm{MParams}}\right) \cdot \left(\left(\mathrm{plain}\right)^2\right)\right),GFLOPs Square Jacov MParams Div plain Square Mul Mul <EOS>,(square(GFLOPs) * ((Jacov / MParams) * square(plain))),0.579600000,0.667300000,26,9,4,2036,run_monash_time_unique1000,7,2,TIME__NE_China_Wind__H/seed_2036/run_monash_time_unique1000/visualizations/archive_latex.tex
406,0.635135135,0.579600000,\left(\left(\mathrm{GFLOPs}\right)^2\right) \cdot \left(\frac{\mathrm{Jacov}}{\frac{\mathrm{MParams}}{\left(\mathrm{plain}\right)^2}}\right),GFLOPs Square Jacov MParams plain Square Div Div Mul <EOS>,(square(GFLOPs) * (Jacov / (MParams / square(plain)))),0.579600000,0.667300000,82,9,5,2048,run_monash_time_unique1000,7,1,TIME__NE_China_Wind__H/seed_2048/run_monash_time_unique1000/visualizations/archive_latex.tex
407,0.634234234,0.579600000,\left(\left(\mathrm{plain}\right)^2\right) \cdot \left(\frac{\left(\mathrm{GFLOPs}\right) \cdot \left(\mathrm{Jacov}\right)}{\sqrt{\mathrm{GraSP}}}\right),plain Square GFLOPs Jacov Mul GraSP Sqrt Div Mul <EOS>,(square(plain) * ((GFLOPs * Jacov) / sqrt(GraSP))),0.579600000,0.667400000,173,9,4,2049,run_monash_time_unique1000,7,1,TIME__NE_China_Wind__H/seed_2049/run_monash_time_unique1000/visualizations/archive_latex.tex
408,0.633333333,0.579600000,\frac{\left(\left(\left(\mathrm{plain}\right)^2\right) \cdot \left(\mathrm{GFLOPs}\right)\right) \cdot \left(\mathrm{Jacov}\right)}{\sqrt{\mathrm{GraSP}}},plain Square GFLOPs Mul Jacov Mul GraSP Sqrt Div <EOS>,(((square(plain) * GFLOPs) * Jacov) / sqrt(GraSP)),0.579600000,0.667400000,29,9,5,2074,run_monash_time_unique1000,7,1,TIME__NE_China_Wind__H/seed_2074/run_monash_time_unique1000/visualizations/archive_latex.tex
409,0.632432432,0.579600000,\left(\left(\left(\mathrm{GFLOPs}\right)^2\right) \cdot \left(\mathrm{Jacov}\right)\right) \cdot \left(\frac{\left(\mathrm{plain}\right)^2}{\mathrm{MParams}}\right),GFLOPs Square Jacov Mul plain Square MParams Div Mul <EOS>,((square(GFLOPs) * Jacov) * (square(plain) / MParams)),0.579600000,0.667300000,115,9,4,2085,run_monash_time_unique1000,7,1,TIME__NE_China_Wind__H/seed_2085/run_monash_time_unique1000/visualizations/archive_latex.tex
410,0.631531532,0.579600000,\frac{\left(\left(\mathrm{GFLOPs}\right)^2\right) \cdot \left(\left(\left(\mathrm{plain}\right)^2\right) \cdot \left(\mathrm{Jacov}\right)\right)}{\mathrm{MParams}},GFLOPs Square plain Square Jacov Mul Mul MParams Div <EOS>,((square(GFLOPs) * (square(plain) * Jacov)) / MParams),0.579600000,0.667300000,26,9,5,2106,run_monash_time_unique1000,7,1,TIME__NE_China_Wind__H/seed_2106/run_monash_time_unique1000/visualizations/archive_latex.tex
411,0.630630631,0.579600000,\left(\frac{\mathrm{Jacov}}{\sqrt{\mathrm{GraSP}}}\right) \cdot \left(\left(\left(\mathrm{plain}\right)^2\right) \cdot \left(\mathrm{GFLOPs}\right)\right),Jacov GraSP Sqrt Div plain Square GFLOPs Mul Mul <EOS>,((Jacov / sqrt(GraSP)) * (square(plain) * GFLOPs)),0.579600000,0.667400000,175,9,4,2133,run_monash_time_unique1000,7,2,TIME__NE_China_Wind__H/seed_2133/run_monash_time_unique1000/visualizations/archive_latex.tex
412,0.629729730,0.579600000,\frac{\left(\left(\left(\mathrm{GFLOPs}\right)^2\right) \cdot \left(\mathrm{Jacov}\right)\right) \cdot \left(\left(\mathrm{plain}\right)^2\right)}{\mathrm{MParams}},GFLOPs Square Jacov Mul plain Square Mul MParams Div <EOS>,(((square(GFLOPs) * Jacov) * square(plain)) / MParams),0.579600000,0.667300000,85,9,5,2140,run_monash_time_unique1000,7,2,TIME__NE_China_Wind__H/seed_2140/run_monash_time_unique1000/visualizations/archive_latex.tex
413,0.628828829,0.579600000,\left(\frac{\mathrm{Jacov}}{\mathrm{MParams}}\right) \cdot \left(\left(\left(\mathrm{GFLOPs}\right) \cdot \left(\mathrm{plain}\right)\right)^2\right),Jacov MParams Div GFLOPs plain Mul Square Mul <EOS>,((Jacov / MParams) * square((GFLOPs * plain))),0.579600000,0.667300000,27,8,4,2181,run_monash_time_unique1000,7,1,TIME__NE_China_Wind__H/seed_2181/run_monash_time_unique1000/visualizations/archive_latex.tex
414,0.627927928,0.579600000,\left(\mathrm{Jacov}\right) \cdot \left(\left(\frac{\left(\mathrm{GFLOPs}\right)^2}{\mathrm{MParams}}\right) \cdot \left(\left(\mathrm{plain}\right)^2\right)\right),Jacov GFLOPs Square MParams Div plain Square Mul Mul <EOS>,(Jacov * ((square(GFLOPs) / MParams) * square(plain))),0.579600000,0.667300000,128,9,5,2198,run_monash_time_unique1000,7,1,TIME__NE_China_Wind__H/seed_2198/run_monash_time_unique1000/visualizations/archive_latex.tex
415,0.627027027,0.579600000,\left(\left(\mathrm{GFLOPs}\right)^2\right) \cdot \left(\left(\frac{\left(\mathrm{plain}\right)^2}{\mathrm{MParams}}\right) \cdot \left(\mathrm{Jacov}\right)\right),GFLOPs Square plain Square MParams Div Jacov Mul Mul <EOS>,(square(GFLOPs) * ((square(plain) / MParams) * Jacov)),0.579600000,0.667300000,43,9,5,2217,run_monash_time_unique1000,7,1,TIME__NE_China_Wind__H/seed_2217/run_monash_time_unique1000/visualizations/archive_latex.tex
416,0.626126126,0.579600000,\left(\mathrm{GFLOPs}\right) \cdot \left(\left(\frac{\mathrm{Jacov}}{\sqrt{\mathrm{GraSP}}}\right) \cdot \left(\left(\mathrm{plain}\right)^2\right)\right),GFLOPs Jacov GraSP Sqrt Div plain Square Mul Mul <EOS>,(GFLOPs * ((Jacov / sqrt(GraSP)) * square(plain))),0.579600000,0.667400000,44,9,5,2036,run_monash_time_unique1000,8,2,TIME__NE_China_Wind__H/seed_2036/run_monash_time_unique1000/visualizations/archive_latex.tex
417,0.625225225,0.579600000,\left(\left(\mathrm{plain}\right)^2\right) \cdot \left(\left(\frac{\left(\mathrm{GFLOPs}\right)^2}{\mathrm{MParams}}\right) \cdot \left(\mathrm{Jacov}\right)\right),plain Square GFLOPs Square MParams Div Jacov Mul Mul <EOS>,(square(plain) * ((square(GFLOPs) / MParams) * Jacov)),0.579600000,0.667300000,60,9,5,2044,run_monash_time_unique1000,8,1,TIME__NE_China_Wind__H/seed_2044/run_monash_time_unique1000/visualizations/archive_latex.tex
418,0.624324324,0.579600000,\left(\left(\left(\mathrm{plain}\right) \cdot \left(\mathrm{GFLOPs}\right)\right)^2\right) \cdot \left(\frac{\mathrm{Jacov}}{\mathrm{MParams}}\right),plain GFLOPs Mul Square Jacov MParams Div Mul <EOS>,(square((plain * GFLOPs)) * (Jacov / MParams)),0.579600000,0.667300000,58,8,4,2081,run_monash_time_unique1000,8,1,TIME__NE_China_Wind__H/seed_2081/run_monash_time_unique1000/visualizations/archive_latex.tex
419,0.623423423,0.579600000,\left(\frac{\left(\left(\mathrm{GFLOPs}\right)^2\right) \cdot \left(\mathrm{Jacov}\right)}{\mathrm{MParams}}\right) \cdot \left(\left(\mathrm{plain}\right)^2\right),GFLOPs Square Jacov Mul MParams Div plain Square Mul <EOS>,(((square(GFLOPs) * Jacov) / MParams) * square(plain)),0.579600000,0.667300000,30,9,5,2087,run_monash_time_unique1000,8,1,TIME__NE_China_Wind__H/seed_2087/run_monash_time_unique1000/visualizations/archive_latex.tex
420,0.622522523,0.579600000,\left(\left(\left(\mathrm{plain}\right)^2\right) \cdot \left(\mathrm{GFLOPs}\right)\right) \cdot \left(\frac{\mathrm{Jacov}}{\sqrt{\mathrm{GraSP}}}\right),plain Square GFLOPs Mul Jacov GraSP Sqrt Div Mul <EOS>,((square(plain) * GFLOPs) * (Jacov / sqrt(GraSP))),0.579600000,0.667400000,111,9,4,2091,run_monash_time_unique1000,8,2,TIME__NE_China_Wind__H/seed_2091/run_monash_time_unique1000/visualizations/archive_latex.tex
421,0.621621622,0.579600000,\left(\mathrm{Jacov}\right) \cdot \left(\left(\left(\frac{\mathrm{GFLOPs}}{\sqrt{\mathrm{MParams}}}\right) \cdot \left(\mathrm{plain}\right)\right)^2\right),Jacov GFLOPs MParams Sqrt Div plain Mul Square Mul <EOS>,(Jacov * square(((GFLOPs / sqrt(MParams)) * plain))),0.579600000,0.667300000,193,9,6,2124,run_monash_time_unique1000,8,1,TIME__NE_China_Wind__H/seed_2124/run_monash_time_unique1000/visualizations/archive_latex.tex
422,0.620720721,0.579600000,\left(\frac{\left(\mathrm{plain}\right)^2}{\sqrt{\mathrm{GraSP}}}\right) \cdot \left(\left(\mathrm{GFLOPs}\right) \cdot \left(\mathrm{Jacov}\right)\right),plain Square GraSP Sqrt Div GFLOPs Jacov Mul Mul <EOS>,((square(plain) / sqrt(GraSP)) * (GFLOPs * Jacov)),0.579600000,0.667400000,52,9,4,2140,run_monash_time_unique1000,8,2,TIME__NE_China_Wind__H/seed_2140/run_monash_time_unique1000/visualizations/archive_latex.tex
423,0.619819820,0.579600000,\left(\frac{\left(\mathrm{Jacov}\right) \cdot \left(\left(\mathrm{GFLOPs}\right)^2\right)}{\mathrm{MParams}}\right) \cdot \left(\left(\mathrm{plain}\right)^2\right),Jacov GFLOPs Square Mul MParams Div plain Square Mul <EOS>,(((Jacov * square(GFLOPs)) / MParams) * square(plain)),0.579600000,0.667300000,70,9,5,2145,run_monash_time_unique1000,8,1,TIME__NE_China_Wind__H/seed_2145/run_monash_time_unique1000/visualizations/archive_latex.tex
424,0.618918919,0.579600000,\left(\left(\mathrm{GFLOPs}\right) \cdot \left(\mathrm{Jacov}\right)\right) \cdot \left(\frac{\left(\mathrm{plain}\right)^2}{\sqrt{\mathrm{GraSP}}}\right),GFLOPs Jacov Mul plain Square GraSP Sqrt Div Mul <EOS>,((GFLOPs * Jacov) * (square(plain) / sqrt(GraSP))),0.579600000,0.667400000,111,9,4,2159,run_monash_time_unique1000,8,1,TIME__NE_China_Wind__H/seed_2159/run_monash_time_unique1000/visualizations/archive_latex.tex
425,0.618018018,0.579600000,\left(\frac{\left(\left(\mathrm{GFLOPs}\right) \cdot \left(\mathrm{plain}\right)\right)^2}{\mathrm{MParams}}\right) \cdot \left(\mathrm{Jacov}\right),GFLOPs plain Mul Square MParams Div Jacov Mul <EOS>,((square((GFLOPs * plain)) / MParams) * Jacov),0.579600000,0.667300000,145,8,5,2172,run_monash_time_unique1000,8,1,TIME__NE_China_Wind__H/seed_2172/run_monash_time_unique1000/visualizations/archive_latex.tex
426,0.617117117,0.579600000,\left(\frac{\mathrm{Jacov}}{\sqrt{\mathrm{GraSP}}}\right) \cdot \left(\left(\mathrm{GFLOPs}\right) \cdot \left(\left(\mathrm{plain}\right)^2\right)\right),Jacov GraSP Sqrt Div GFLOPs plain Square Mul Mul <EOS>,((Jacov / sqrt(GraSP)) * (GFLOPs * square(plain))),0.579600000,0.667400000,120,9,4,2196,run_monash_time_unique1000,8,1,TIME__NE_China_Wind__H/seed_2196/run_monash_time_unique1000/visualizations/archive_latex.tex
427,0.616216216,0.579600000,\left(\mathrm{Jacov}\right) \cdot \left(\left(\frac{\mathrm{GFLOPs}}{\sqrt{\mathrm{GraSP}}}\right) \cdot \left(\left(\mathrm{plain}\right)^2\right)\right),Jacov GFLOPs GraSP Sqrt Div plain Square Mul Mul <EOS>,(Jacov * ((GFLOPs / sqrt(GraSP)) * square(plain))),0.579600000,0.667400000,65,9,5,2198,run_monash_time_unique1000,8,1,TIME__NE_China_Wind__H/seed_2198/run_monash_time_unique1000/visualizations/archive_latex.tex
428,0.615315315,0.579600000,\left(\frac{\left(\mathrm{GFLOPs}\right)^2}{\mathrm{MParams}}\right) \cdot \left(\left(\left(\mathrm{plain}\right)^2\right) \cdot \left(\mathrm{Jacov}\right)\right),GFLOPs Square MParams Div plain Square Jacov Mul Mul <EOS>,((square(GFLOPs) / MParams) * (square(plain) * Jacov)),0.579600000,0.667300000,77,9,4,2206,run_monash_time_unique1000,8,1,TIME__NE_China_Wind__H/seed_2206/run_monash_time_unique1000/visualizations/archive_latex.tex
429,0.614414414,0.579600000,\left(\left(\mathrm{GFLOPs}\right)^2\right) \cdot \left(\frac{\left(\mathrm{Jacov}\right) \cdot \left(\left(\mathrm{plain}\right)^2\right)}{\mathrm{MParams}}\right),GFLOPs Square Jacov plain Square Mul MParams Div Mul <EOS>,(square(GFLOPs) * ((Jacov * square(plain)) / MParams)),0.579600000,0.667300000,100,9,5,2220,run_monash_time_unique1000,8,1,TIME__NE_China_Wind__H/seed_2220/run_monash_time_unique1000/visualizations/archive_latex.tex
430,0.613513514,0.579600000,\left(\frac{\left(\left(\mathrm{plain}\right) \cdot \left(\mathrm{GFLOPs}\right)\right)^2}{\mathrm{MParams}}\right) \cdot \left(\mathrm{Jacov}\right),plain GFLOPs Mul Square MParams Div Jacov Mul <EOS>,((square((plain * GFLOPs)) / MParams) * Jacov),0.579600000,0.667300000,42,8,5,2033,run_monash_time_unique1000,9,1,TIME__NE_China_Wind__H/seed_2033/run_monash_time_unique1000/visualizations/archive_latex.tex
431,0.612612613,0.579600000,\left(\left(\mathrm{plain}\right)^2\right) \cdot \left(\left(\frac{\mathrm{GFLOPs}}{\sqrt{\mathrm{GraSP}}}\right) \cdot \left(\mathrm{Jacov}\right)\right),plain Square GFLOPs GraSP Sqrt Div Jacov Mul Mul <EOS>,(square(plain) * ((GFLOPs / sqrt(GraSP)) * Jacov)),0.579600000,0.667400000,140,9,5,2044,run_monash_time_unique1000,9,1,TIME__NE_China_Wind__H/seed_2044/run_monash_time_unique1000/visualizations/archive_latex.tex
432,0.611711712,0.579600000,\left(\frac{\mathrm{Jacov}}{\mathrm{MParams}}\right) \cdot \left(\left(\left(\mathrm{plain}\right) \cdot \left(\mathrm{GFLOPs}\right)\right)^2\right),Jacov MParams Div plain GFLOPs Mul Square Mul <EOS>,((Jacov / MParams) * square((plain * GFLOPs))),0.579600000,0.667300000,142,8,4,2075,run_monash_time_unique1000,9,2,TIME__NE_China_Wind__H/seed_2075/run_monash_time_unique1000/visualizations/archive_latex.tex
433,0.610810811,0.579600000,\frac{\left(\left(\mathrm{GFLOPs}\right) \cdot \left(\mathrm{Jacov}\right)\right) \cdot \left(\left(\mathrm{plain}\right)^2\right)}{\sqrt{\mathrm{GraSP}}},GFLOPs Jacov Mul plain Square Mul GraSP Sqrt Div <EOS>,(((GFLOPs * Jacov) * square(plain)) / sqrt(GraSP)),0.579600000,0.667400000,30,9,4,2076,run_monash_time_unique1000,9,1,TIME__NE_China_Wind__H/seed_2076/run_monash_time_unique1000/visualizations/archive_latex.tex
434,0.609909910,0.579600000,\frac{\left(\mathrm{GFLOPs}\right) \cdot \left(\left(\mathrm{Jacov}\right) \cdot \left(\left(\mathrm{plain}\right)^2\right)\right)}{\sqrt{\mathrm{GraSP}}},GFLOPs Jacov plain Square Mul Mul GraSP Sqrt Div <EOS>,((GFLOPs * (Jacov * square(plain))) / sqrt(GraSP)),0.579600000,0.667400000,145,9,5,2081,run_monash_time_unique1000,9,1,TIME__NE_China_Wind__H/seed_2081/run_monash_time_unique1000/visualizations/archive_latex.tex
435,0.609009009,0.579600000,\left(\left(\frac{\left(\mathrm{plain}\right)^2}{\mathrm{MParams}}\right) \cdot \left(\left(\mathrm{GFLOPs}\right)^2\right)\right) \cdot \left(\mathrm{Jacov}\right),plain Square MParams Div GFLOPs Square Mul Jacov Mul <EOS>,(((square(plain) / MParams) * square(GFLOPs)) * Jacov),0.579600000,0.667300000,20,9,5,2094,run_monash_time_unique1000,9,1,TIME__NE_China_Wind__H/seed_2094/run_monash_time_unique1000/visualizations/archive_latex.tex
436,0.608108108,0.579600000,\left(\frac{\left(\mathrm{Jacov}\right) \cdot \left(\mathrm{GFLOPs}\right)}{\sqrt{\mathrm{GraSP}}}\right) \cdot \left(\left(\mathrm{plain}\right)^2\right),Jacov GFLOPs Mul GraSP Sqrt Div plain Square Mul <EOS>,(((Jacov * GFLOPs) / sqrt(GraSP)) * square(plain)),0.579600000,0.667400000,123,9,4,2145,run_monash_time_unique1000,9,1,TIME__NE_China_Wind__H/seed_2145/run_monash_time_unique1000/visualizations/archive_latex.tex
437,0.607207207,0.579600000,\left(\frac{\mathrm{Jacov}}{\mathrm{MParams}}\right) \cdot \left(\left(\left(\mathrm{GFLOPs}\right)^2\right) \cdot \left(\left(\mathrm{plain}\right)^2\right)\right),Jacov MParams Div GFLOPs Square plain Square Mul Mul <EOS>,((Jacov / MParams) * (square(GFLOPs) * square(plain))),0.579600000,0.667300000,85,9,4,2168,run_monash_time_unique1000,9,2,TIME__NE_China_Wind__H/seed_2168/run_monash_time_unique1000/visualizations/archive_latex.tex
438,0.606306306,0.579600000,\left(\mathrm{Jacov}\right) \cdot \left(\frac{\left(\left(\mathrm{GFLOPs}\right) \cdot \left(\mathrm{plain}\right)\right)^2}{\mathrm{MParams}}\right),Jacov GFLOPs plain Mul Square MParams Div Mul <EOS>,(Jacov * (square((GFLOPs * plain)) / MParams)),0.579600000,0.667300000,135,8,5,2173,run_monash_time_unique1000,9,1,TIME__NE_China_Wind__H/seed_2173/run_monash_time_unique1000/visualizations/archive_latex.tex
439,0.605405405,0.579600000,\left(\left(\mathrm{plain}\right)^2\right) \cdot \left(\left(\mathrm{Jacov}\right) \cdot \left(\frac{\mathrm{GFLOPs}}{\sqrt{\mathrm{GraSP}}}\right)\right),plain Square Jacov GFLOPs GraSP Sqrt Div Mul Mul <EOS>,(square(plain) * (Jacov * (GFLOPs / sqrt(GraSP)))),0.579600000,0.667400000,20,9,5,2186,run_monash_time_unique1000,9,1,TIME__NE_China_Wind__H/seed_2186/run_monash_time_unique1000/visualizations/archive_latex.tex
440,0.604504505,0.579600000,\frac{\left(\mathrm{GFLOPs}\right)^2}{\frac{\frac{\mathrm{MParams}}{\left(\mathrm{plain}\right)^2}}{\mathrm{Jacov}}},GFLOPs Square MParams plain Square Div Jacov Div Div <EOS>,(square(GFLOPs) / ((MParams / square(plain)) / Jacov)),0.579600000,0.667300000,12,9,5,2213,run_monash_time_unique1000,9,1,TIME__NE_China_Wind__H/seed_2213/run_monash_time_unique1000/visualizations/archive_latex.tex
441,0.603603604,0.579600000,\left(\left(\left(\mathrm{plain}\right)^2\right) \cdot \left(\frac{\mathrm{Jacov}}{\sqrt{\mathrm{GraSP}}}\right)\right) \cdot \left(\mathrm{GFLOPs}\right),plain Square Jacov GraSP Sqrt Div Mul GFLOPs Mul <EOS>,((square(plain) * (Jacov / sqrt(GraSP))) * GFLOPs),0.579600000,0.667400000,180,9,5,2225,run_monash_time_unique1000,9,1,TIME__NE_China_Wind__H/seed_2225/run_monash_time_unique1000/visualizations/archive_latex.tex
442,0.602702703,0.579600000,\left(\left(\mathrm{GFLOPs}\right)^2\right) \cdot \left(\left(\left(\mathrm{plain}\right)^2\right) \cdot \left(\frac{\mathrm{Jacov}}{\mathrm{MParams}}\right)\right),GFLOPs Square plain Square Jacov MParams Div Mul Mul <EOS>,(square(GFLOPs) * (square(plain) * (Jacov / MParams))),0.579600000,0.667300000,130,9,4,2109,run_monash_time_unique1000,10,1,TIME__NE_China_Wind__H/seed_2109/run_monash_time_unique1000/visualizations/archive_latex.tex
443,0.601801802,0.579600000,\left(\mathrm{Jacov}\right) \cdot \left(\left(\left(\frac{\mathrm{plain}}{\sqrt{\mathrm{MParams}}}\right) \cdot \left(\mathrm{GFLOPs}\right)\right)^2\right),Jacov plain MParams Sqrt Div GFLOPs Mul Square Mul <EOS>,(Jacov * square(((plain / sqrt(MParams)) * GFLOPs))),0.579600000,0.667300000,182,9,6,2202,run_monash_time_unique1000,10,1,TIME__NE_China_Wind__H/seed_2202/run_monash_time_unique1000/visualizations/archive_latex.tex
444,0.600900901,0.579600000,\frac{\mathrm{GFLOPs}}{\frac{\frac{\sqrt{\mathrm{GraSP}}}{\left(\mathrm{plain}\right)^2}}{\mathrm{Jacov}}},GFLOPs GraSP Sqrt plain Square Div Jacov Div Div <EOS>,(GFLOPs / ((sqrt(GraSP) / square(plain)) / Jacov)),0.579600000,0.667400000,142,9,5,2213,run_monash_time_unique1000,10,1,TIME__NE_China_Wind__H/seed_2213/run_monash_time_unique1000/visualizations/archive_latex.tex
445,0.600000000,0.579500000,\frac{\left(\left(\log\left(\mathrm{GFLOPs}\right)\right) \cdot \left(\mathrm{Jacov}\right)\right) \cdot \left(\mathrm{plain}\right)}{\mathrm{Snip}},GFLOPs Log Jacov Mul plain Mul Snip Div <EOS>,(((log(GFLOPs) * Jacov) * plain) / Snip),0.579500000,0.654100000,10,8,5,2114,run_monash_time_unique1000,1,1,TIME__NE_China_Wind__H/seed_2114/run_monash_time_unique1000/visualizations/archive_latex.tex
446,0.599099099,0.579500000,\frac{\left(\log\left(\mathrm{GFLOPs}\right)\right) \cdot \left(\left(\mathrm{plain}\right) \cdot \left(\mathrm{Jacov}\right)\right)}{\mathrm{Snip}},GFLOPs Log plain Jacov Mul Mul Snip Div <EOS>,((log(GFLOPs) * (plain * Jacov)) / Snip),0.579500000,0.654100000,15,8,4,2212,run_monash_time_unique1000,1,3,TIME__NE_China_Wind__H/seed_2212/run_monash_time_unique1000/visualizations/archive_latex.tex
447,0.598198198,0.579500000,\left(\left(\log\left(\mathrm{GFLOPs}\right)\right) \cdot \left(\mathrm{Jacov}\right)\right) \cdot \left(\frac{\mathrm{plain}}{\mathrm{Snip}}\right),GFLOPs Log Jacov Mul plain Snip Div Mul <EOS>,((log(GFLOPs) * Jacov) * (plain / Snip)),0.579500000,0.654100000,43,8,4,2054,run_monash_time_unique1000,3,6,TIME__NE_China_Wind__H/seed_2054/run_monash_time_unique1000/visualizations/archive_latex.tex
448,0.597297297,0.579500000,\left(\left(\log\left(\mathrm{GFLOPs}\right)\right) \cdot \left(\frac{\mathrm{Jacov}}{\mathrm{Snip}}\right)\right) \cdot \left(\mathrm{plain}\right),GFLOPs Log Jacov Snip Div Mul plain Mul <EOS>,((log(GFLOPs) * (Jacov / Snip)) * plain),0.579500000,0.654100000,22,8,4,2112,run_monash_time_unique1000,3,8,TIME__NE_China_Wind__H/seed_2112/run_monash_time_unique1000/visualizations/archive_latex.tex
449,0.596396396,0.579500000,\frac{\log\left(\mathrm{GFLOPs}\right)}{\frac{\mathrm{Snip}}{\left(\mathrm{Jacov}\right) \cdot \left(\mathrm{plain}\right)}},GFLOPs Log Snip Jacov plain Mul Div Div <EOS>,(log(GFLOPs) / (Snip / (Jacov * plain))),0.579500000,0.654100000,25,8,4,2035,run_monash_time_unique1000,4,1,TIME__NE_China_Wind__H/seed_2035/run_monash_time_unique1000/visualizations/archive_latex.tex
450,0.595495495,0.579500000,\left(\log\left(\mathrm{GFLOPs}\right)\right) \cdot \left(\frac{\left(\mathrm{Jacov}\right) \cdot \left(\mathrm{plain}\right)}{\mathrm{Snip}}\right),GFLOPs Log Jacov plain Mul Snip Div Mul <EOS>,(log(GFLOPs) * ((Jacov * plain) / Snip)),0.579500000,0.654100000,18,8,4,2056,run_monash_time_unique1000,4,2,TIME__NE_China_Wind__H/seed_2056/run_monash_time_unique1000/visualizations/archive_latex.tex
451,0.594594595,0.579500000,\frac{\log\left(\mathrm{GFLOPs}\right)}{\frac{\mathrm{Snip}}{\left(\mathrm{plain}\right) \cdot \left(\mathrm{Jacov}\right)}},GFLOPs Log Snip plain Jacov Mul Div Div <EOS>,(log(GFLOPs) / (Snip / (plain * Jacov))),0.579500000,0.654100000,17,8,4,2098,run_monash_time_unique1000,4,1,TIME__NE_China_Wind__H/seed_2098/run_monash_time_unique1000/visualizations/archive_latex.tex
452,0.593693694,0.579500000,\frac{\left(\mathrm{plain}\right) \cdot \left(\left(\mathrm{Jacov}\right) \cdot \left(\log\left(\mathrm{GFLOPs}\right)\right)\right)}{\mathrm{Snip}},plain Jacov GFLOPs Log Mul Mul Snip Div <EOS>,((plain * (Jacov * log(GFLOPs))) / Snip),0.579500000,0.654100000,22,8,5,2160,run_monash_time_unique1000,4,1,TIME__NE_China_Wind__H/seed_2160/run_monash_time_unique1000/visualizations/archive_latex.tex
453,0.592792793,0.579500000,\frac{\mathrm{Jacov}}{\frac{\frac{\mathrm{Snip}}{\log\left(\mathrm{GFLOPs}\right)}}{\mathrm{plain}}},Jacov Snip GFLOPs Log Div plain Div Div <EOS>,(Jacov / ((Snip / log(GFLOPs)) / plain)),0.579500000,0.654100000,97,8,5,2164,run_monash_time_unique1000,4,1,TIME__NE_China_Wind__H/seed_2164/run_monash_time_unique1000/visualizations/archive_latex.tex
454,0.591891892,0.579500000,\left(\mathrm{plain}\right) \cdot \left(\left(\log\left(\mathrm{GFLOPs}\right)\right) \cdot \left(\frac{\mathrm{Jacov}}{\mathrm{Snip}}\right)\right),plain GFLOPs Log Jacov Snip Div Mul Mul <EOS>,(plain * (log(GFLOPs) * (Jacov / Snip))),0.579500000,0.654100000,35,8,4,2170,run_monash_time_unique1000,4,2,TIME__NE_China_Wind__H/seed_2170/run_monash_time_unique1000/visualizations/archive_latex.tex
455,0.590990991,0.579500000,\left(\left(\frac{\mathrm{plain}}{\mathrm{Snip}}\right) \cdot \left(\mathrm{Jacov}\right)\right) \cdot \left(\log\left(\mathrm{GFLOPs}\right)\right),plain Snip Div Jacov Mul GFLOPs Log Mul <EOS>,(((plain / Snip) * Jacov) * log(GFLOPs)),0.579500000,0.654100000,44,8,4,2028,run_monash_time_unique1000,5,2,TIME__NE_China_Wind__H/seed_2028/run_monash_time_unique1000/visualizations/archive_latex.tex
456,0.590090090,0.579500000,\left(\frac{\mathrm{Jacov}}{\mathrm{Snip}}\right) \cdot \left(\left(\mathrm{plain}\right) \cdot \left(\log\left(\mathrm{GFLOPs}\right)\right)\right),Jacov Snip Div plain GFLOPs Log Mul Mul <EOS>,((Jacov / Snip) * (plain * log(GFLOPs))),0.579500000,0.654100000,50,8,4,2051,run_monash_time_unique1000,6,3,TIME__NE_China_Wind__H/seed_2051/run_monash_time_unique1000/visualizations/archive_latex.tex
457,0.589189189,0.579500000,\left(\frac{\left(\mathrm{Jacov}\right) \cdot \left(\mathrm{plain}\right)}{\mathrm{Snip}}\right) \cdot \left(\log\left(\mathrm{GFLOPs}\right)\right),Jacov plain Mul Snip Div GFLOPs Log Mul <EOS>,(((Jacov * plain) / Snip) * log(GFLOPs)),0.579500000,0.654100000,31,8,4,2084,run_monash_time_unique1000,6,1,TIME__NE_China_Wind__H/seed_2084/run_monash_time_unique1000/visualizations/archive_latex.tex
458,0.588288288,0.579500000,\left(\left(\log\left(\mathrm{GFLOPs}\right)\right) \cdot \left(\mathrm{plain}\right)\right) \cdot \left(\frac{\mathrm{Jacov}}{\mathrm{Snip}}\right),GFLOPs Log plain Mul Jacov Snip Div Mul <EOS>,((log(GFLOPs) * plain) * (Jacov / Snip)),0.579500000,0.654100000,30,8,4,2119,run_monash_time_unique1000,6,4,TIME__NE_China_Wind__H/seed_2119/run_monash_time_unique1000/visualizations/archive_latex.tex
459,0.587387387,0.579500000,\left(\left(\frac{\mathrm{Jacov}}{\mathrm{Snip}}\right) \cdot \left(\mathrm{plain}\right)\right) \cdot \left(\log\left(\mathrm{GFLOPs}\right)\right),Jacov Snip Div plain Mul GFLOPs Log Mul <EOS>,(((Jacov / Snip) * plain) * log(GFLOPs)),0.579500000,0.654100000,44,8,4,2185,run_monash_time_unique1000,6,1,TIME__NE_China_Wind__H/seed_2185/run_monash_time_unique1000/visualizations/archive_latex.tex
460,0.586486486,0.579500000,\left(\left(\mathrm{Jacov}\right) \cdot \left(\mathrm{plain}\right)\right) \cdot \left(\frac{\log\left(\mathrm{GFLOPs}\right)}{\mathrm{Snip}}\right),Jacov plain Mul GFLOPs Log Snip Div Mul <EOS>,((Jacov * plain) * (log(GFLOPs) / Snip)),0.579500000,0.654100000,48,8,4,2207,run_monash_time_unique1000,6,3,TIME__NE_China_Wind__H/seed_2207/run_monash_time_unique1000/visualizations/archive_latex.tex
461,0.585585586,0.579500000,\left(\frac{\left(\log\left(\mathrm{GFLOPs}\right)\right) \cdot \left(\mathrm{Jacov}\right)}{\mathrm{Snip}}\right) \cdot \left(\mathrm{plain}\right),GFLOPs Log Jacov Mul Snip Div plain Mul <EOS>,(((log(GFLOPs) * Jacov) / Snip) * plain),0.579500000,0.654100000,6,8,5,2219,run_monash_time_unique1000,6,1,TIME__NE_China_Wind__H/seed_2219/run_monash_time_unique1000/visualizations/archive_latex.tex
462,0.584684685,0.579500000,\left(\frac{\mathrm{plain}}{\mathrm{Snip}}\right) \cdot \left(\left(\log\left(\mathrm{GFLOPs}\right)\right) \cdot \left(\mathrm{Jacov}\right)\right),plain Snip Div GFLOPs Log Jacov Mul Mul <EOS>,((plain / Snip) * (log(GFLOPs) * Jacov)),0.579500000,0.654100000,128,8,4,2221,run_monash_time_unique1000,6,4,TIME__NE_China_Wind__H/seed_2221/run_monash_time_unique1000/visualizations/archive_latex.tex
463,0.583783784,0.579500000,\left(\left(\frac{\mathrm{plain}}{\mathrm{Snip}}\right) \cdot \left(\log\left(\mathrm{GFLOPs}\right)\right)\right) \cdot \left(\mathrm{Jacov}\right),plain Snip Div GFLOPs Log Mul Jacov Mul <EOS>,(((plain / Snip) * log(GFLOPs)) * Jacov),0.579500000,0.654100000,116,8,4,2050,run_monash_time_unique1000,7,5,TIME__NE_China_Wind__H/seed_2050/run_monash_time_unique1000/visualizations/archive_latex.tex
464,0.582882883,0.579500000,\left(\left(\log\left(\mathrm{GFLOPs}\right)\right) \cdot \left(\frac{\mathrm{plain}}{\mathrm{Snip}}\right)\right) \cdot \left(\mathrm{Jacov}\right),GFLOPs Log plain Snip Div Mul Jacov Mul <EOS>,((log(GFLOPs) * (plain / Snip)) * Jacov),0.579500000,0.654100000,53,8,4,2061,run_monash_time_unique1000,7,4,TIME__NE_China_Wind__H/seed_2061/run_monash_time_unique1000/visualizations/archive_latex.tex
465,0.581981982,0.579500000,\left(\log\left(\mathrm{GFLOPs}\right)\right) \cdot \left(\left(\mathrm{Jacov}\right) \cdot \left(\frac{\mathrm{plain}}{\mathrm{Snip}}\right)\right),GFLOPs Log Jacov plain Snip Div Mul Mul <EOS>,(log(GFLOPs) * (Jacov * (plain / Snip))),0.579500000,0.654100000,20,8,4,2062,run_monash_time_unique1000,7,2,TIME__NE_China_Wind__H/seed_2062/run_monash_time_unique1000/visualizations/archive_latex.tex
466,0.581081081,0.579500000,\frac{\left(\mathrm{Jacov}\right) \cdot \left(\left(\mathrm{plain}\right) \cdot \left(\log\left(\mathrm{GFLOPs}\right)\right)\right)}{\mathrm{Snip}},Jacov plain GFLOPs Log Mul Mul Snip Div <EOS>,((Jacov * (plain * log(GFLOPs))) / Snip),0.579500000,0.654100000,10,8,5,2079,run_monash_time_unique1000,7,1,TIME__NE_China_Wind__H/seed_2079/run_monash_time_unique1000/visualizations/archive_latex.tex
467,0.580180180,0.579500000,\left(\log\left(\mathrm{GFLOPs}\right)\right) \cdot \left(\left(\mathrm{plain}\right) \cdot \left(\frac{\mathrm{Jacov}}{\mathrm{Snip}}\right)\right),GFLOPs Log plain Jacov Snip Div Mul Mul <EOS>,(log(GFLOPs) * (plain * (Jacov / Snip))),0.579500000,0.654100000,33,8,4,2092,run_monash_time_unique1000,7,2,TIME__NE_China_Wind__H/seed_2092/run_monash_time_unique1000/visualizations/archive_latex.tex
468,0.579279279,0.579500000,\frac{\left(\left(\log\left(\mathrm{GFLOPs}\right)\right) \cdot \left(\mathrm{plain}\right)\right) \cdot \left(\mathrm{Jacov}\right)}{\mathrm{Snip}},GFLOPs Log plain Mul Jacov Mul Snip Div <EOS>,(((log(GFLOPs) * plain) * Jacov) / Snip),0.579500000,0.654100000,49,8,5,2100,run_monash_time_unique1000,7,1,TIME__NE_China_Wind__H/seed_2100/run_monash_time_unique1000/visualizations/archive_latex.tex
469,0.578378378,0.579500000,\frac{\left(\left(\mathrm{plain}\right) \cdot \left(\log\left(\mathrm{GFLOPs}\right)\right)\right) \cdot \left(\mathrm{Jacov}\right)}{\mathrm{Snip}},plain GFLOPs Log Mul Jacov Mul Snip Div <EOS>,(((plain * log(GFLOPs)) * Jacov) / Snip),0.579500000,0.654100000,19,8,5,2127,run_monash_time_unique1000,7,1,TIME__NE_China_Wind__H/seed_2127/run_monash_time_unique1000/visualizations/archive_latex.tex
470,0.577477477,0.579500000,\left(\mathrm{Jacov}\right) \cdot \left(\left(\frac{\mathrm{plain}}{\mathrm{Snip}}\right) \cdot \left(\log\left(\mathrm{GFLOPs}\right)\right)\right),Jacov plain Snip Div GFLOPs Log Mul Mul <EOS>,(Jacov * ((plain / Snip) * log(GFLOPs))),0.579500000,0.654100000,62,8,4,2150,run_monash_time_unique1000,7,1,TIME__NE_China_Wind__H/seed_2150/run_monash_time_unique1000/visualizations/archive_latex.tex
471,0.576576577,0.579500000,\left(\frac{\mathrm{Jacov}}{\mathrm{Snip}}\right) \cdot \left(\left(\log\left(\mathrm{GFLOPs}\right)\right) \cdot \left(\mathrm{plain}\right)\right),Jacov Snip Div GFLOPs Log plain Mul Mul <EOS>,((Jacov / Snip) * (log(GFLOPs) * plain)),0.579500000,0.654100000,20,8,4,2043,run_monash_time_unique1000,8,4,TIME__NE_China_Wind__H/seed_2043/run_monash_time_unique1000/visualizations/archive_latex.tex
472,0.575675676,0.579500000,\left(\left(\mathrm{plain}\right) \cdot \left(\log\left(\mathrm{GFLOPs}\right)\right)\right) \cdot \left(\frac{\mathrm{Jacov}}{\mathrm{Snip}}\right),plain GFLOPs Log Mul Jacov Snip Div Mul <EOS>,((plain * log(GFLOPs)) * (Jacov / Snip)),0.579500000,0.654100000,198,8,4,2074,run_monash_time_unique1000,8,2,TIME__NE_China_Wind__H/seed_2074/run_monash_time_unique1000/visualizations/archive_latex.tex
473,0.574774775,0.579500000,\frac{\left(\left(\mathrm{plain}\right) \cdot \left(\mathrm{Jacov}\right)\right) \cdot \left(\log\left(\mathrm{GFLOPs}\right)\right)}{\mathrm{Snip}},plain Jacov Mul GFLOPs Log Mul Snip Div <EOS>,(((plain * Jacov) * log(GFLOPs)) / Snip),0.579500000,0.654100000,36,8,4,2104,run_monash_time_unique1000,8,2,TIME__NE_China_Wind__H/seed_2104/run_monash_time_unique1000/visualizations/archive_latex.tex
474,0.573873874,0.579500000,\frac{\left(\mathrm{Jacov}\right) \cdot \left(\log\left(\mathrm{GFLOPs}\right)\right)}{\frac{\mathrm{Snip}}{\mathrm{plain}}},Jacov GFLOPs Log Mul Snip plain Div Div <EOS>,((Jacov * log(GFLOPs)) / (Snip / plain)),0.579500000,0.654100000,37,8,4,2217,run_monash_time_unique1000,8,1,TIME__NE_China_Wind__H/seed_2217/run_monash_time_unique1000/visualizations/archive_latex.tex
475,0.572972973,0.579500000,\left(\log\left(\mathrm{GFLOPs}\right)\right) \cdot \left(\left(\frac{\mathrm{Jacov}}{\mathrm{Snip}}\right) \cdot \left(\mathrm{plain}\right)\right),GFLOPs Log Jacov Snip Div plain Mul Mul <EOS>,(log(GFLOPs) * ((Jacov / Snip) * plain)),0.579500000,0.654100000,19,8,4,2059,run_monash_time_unique1000,9,1,TIME__NE_China_Wind__H/seed_2059/run_monash_time_unique1000/visualizations/archive_latex.tex
476,0.572072072,0.579500000,\left(\frac{\log\left(\mathrm{GFLOPs}\right)}{\frac{\mathrm{Snip}}{\mathrm{plain}}}\right) \cdot \left(\mathrm{Jacov}\right),GFLOPs Log Snip plain Div Div Jacov Mul <EOS>,((log(GFLOPs) / (Snip / plain)) * Jacov),0.579500000,0.654100000,29,8,4,2172,run_monash_time_unique1000,9,1,TIME__NE_China_Wind__H/seed_2172/run_monash_time_unique1000/visualizations/archive_latex.tex
477,0.571171171,0.579500000,\left(\frac{\log\left(\mathrm{GFLOPs}\right)}{\mathrm{Snip}}\right) \cdot \left(\left(\mathrm{Jacov}\right) \cdot \left(\mathrm{plain}\right)\right),GFLOPs Log Snip Div Jacov plain Mul Mul <EOS>,((log(GFLOPs) / Snip) * (Jacov * plain)),0.579500000,0.654100000,26,8,4,2190,run_monash_time_unique1000,9,1,TIME__NE_China_Wind__H/seed_2190/run_monash_time_unique1000/visualizations/archive_latex.tex
478,0.570270270,0.579500000,\left(\mathrm{Jacov}\right) \cdot \left(\left(\log\left(\mathrm{GFLOPs}\right)\right) \cdot \left(\frac{\mathrm{plain}}{\mathrm{Snip}}\right)\right),Jacov GFLOPs Log plain Snip Div Mul Mul <EOS>,(Jacov * (log(GFLOPs) * (plain / Snip))),0.579500000,0.654100000,54,8,4,2198,run_monash_time_unique1000,9,2,TIME__NE_China_Wind__H/seed_2198/run_monash_time_unique1000/visualizations/archive_latex.tex
479,0.569369369,0.579500000,\left(\frac{\log\left(\mathrm{GFLOPs}\right)}{\mathrm{Snip}}\right) \cdot \left(\left(\mathrm{plain}\right) \cdot \left(\mathrm{Jacov}\right)\right),GFLOPs Log Snip Div plain Jacov Mul Mul <EOS>,((log(GFLOPs) / Snip) * (plain * Jacov)),0.579500000,0.654100000,45,8,4,2206,run_monash_time_unique1000,9,2,TIME__NE_China_Wind__H/seed_2206/run_monash_time_unique1000/visualizations/archive_latex.tex
480,0.568468468,0.579500000,\left(\left(\mathrm{Jacov}\right) \cdot \left(\log\left(\mathrm{GFLOPs}\right)\right)\right) \cdot \left(\frac{\mathrm{plain}}{\mathrm{Snip}}\right),Jacov GFLOPs Log Mul plain Snip Div Mul <EOS>,((Jacov * log(GFLOPs)) * (plain / Snip)),0.579500000,0.654100000,31,8,4,2220,run_monash_time_unique1000,9,1,TIME__NE_China_Wind__H/seed_2220/run_monash_time_unique1000/visualizations/archive_latex.tex
481,0.567567568,0.579500000,\left(\mathrm{plain}\right) \cdot \left(\left(\frac{\mathrm{Jacov}}{\mathrm{Snip}}\right) \cdot \left(\log\left(\mathrm{GFLOPs}\right)\right)\right),plain Jacov Snip Div GFLOPs Log Mul Mul <EOS>,(plain * ((Jacov / Snip) * log(GFLOPs))),0.579500000,0.654100000,95,8,4,2186,run_monash_time_unique1000,10,1,TIME__NE_China_Wind__H/seed_2186/run_monash_time_unique1000/visualizations/archive_latex.tex
482,0.566666667,0.579500000,\frac{\left(\log\left(\mathrm{GFLOPs}\right)\right) \cdot \left(\left(\mathrm{Jacov}\right) \cdot \left(\mathrm{plain}\right)\right)}{\mathrm{Snip}},GFLOPs Log Jacov plain Mul Mul Snip Div <EOS>,((log(GFLOPs) * (Jacov * plain)) / Snip),0.579500000,0.654100000,80,8,4,2199,run_monash_time_unique1000,10,1,TIME__NE_China_Wind__H/seed_2199/run_monash_time_unique1000/visualizations/archive_latex.tex
483,0.565765766,0.579500000,\left(\left(\mathrm{Jacov}\right) \cdot \left(\frac{\mathrm{plain}}{\mathrm{Snip}}\right)\right) \cdot \left(\log\left(\mathrm{GFLOPs}\right)\right),Jacov plain Snip Div Mul GFLOPs Log Mul <EOS>,((Jacov * (plain / Snip)) * log(GFLOPs)),0.579500000,0.654100000,16,8,4,2216,run_monash_time_unique1000,10,1,TIME__NE_China_Wind__H/seed_2216/run_monash_time_unique1000/visualizations/archive_latex.tex
484,0.564864865,0.579500000,\left(\left(\mathrm{plain}\right) \cdot \left(\frac{\mathrm{Jacov}}{\mathrm{Snip}}\right)\right) \cdot \left(\log\left(\mathrm{GFLOPs}\right)\right),plain Jacov Snip Div Mul GFLOPs Log Mul <EOS>,((plain * (Jacov / Snip)) * log(GFLOPs)),0.579500000,0.654100000,41,8,4,2225,run_monash_time_unique1000,10,1,TIME__NE_China_Wind__H/seed_2225/run_monash_time_unique1000/visualizations/archive_latex.tex
485,0.563963964,0.579100000,\left(\left(\log\left(\mathrm{GFLOPs}\right)\right) \cdot \left(\mathrm{Jacov}\right)\right) \cdot \left(\sqrt{\frac{\mathrm{plain}}{\mathrm{MParams}}}\right),GFLOPs Log Jacov Mul plain MParams Div Sqrt Mul <EOS>,((log(GFLOPs) * Jacov) * sqrt((plain / MParams))),0.579100000,0.641600000,150,9,4,2174,run_monash_time_unique1000,7,2,TIME__NE_China_Wind__H/seed_2174/run_monash_time_unique1000/visualizations/archive_latex.tex
486,0.563063063,0.579100000,\left(\log\left(\mathrm{GFLOPs}\right)\right) \cdot \left(\left(\sqrt{\frac{\mathrm{plain}}{\mathrm{MParams}}}\right) \cdot \left(\mathrm{Jacov}\right)\right),GFLOPs Log plain MParams Div Sqrt Jacov Mul Mul <EOS>,(log(GFLOPs) * (sqrt((plain / MParams)) * Jacov)),0.579100000,0.641600000,193,9,5,2106,run_monash_time_unique1000,9,1,TIME__NE_China_Wind__H/seed_2106/run_monash_time_unique1000/visualizations/archive_latex.tex
487,0.562162162,0.579100000,\left(\log\left(\mathrm{GFLOPs}\right)\right) \cdot \left(\left(\mathrm{Jacov}\right) \cdot \left(\sqrt{\frac{\mathrm{plain}}{\mathrm{MParams}}}\right)\right),GFLOPs Log Jacov plain MParams Div Sqrt Mul Mul <EOS>,(log(GFLOPs) * (Jacov * sqrt((plain / MParams)))),0.579100000,0.641600000,146,9,5,2190,run_monash_time_unique1000,10,1,TIME__NE_China_Wind__H/seed_2190/run_monash_time_unique1000/visualizations/archive_latex.tex
488,0.561261261,0.579000000,\left(\frac{\left(\mathrm{Jacov}\right) \cdot \left(\mathrm{plain}\right)}{\left(\mathrm{L2Norm}\right)^2}\right) \cdot \left(\mathrm{GFLOPs}\right),Jacov plain Mul L2-Norm Square Div GFLOPs Mul <EOS>,(((Jacov * plain) / square(L2-Norm)) * GFLOPs),0.579000000,0.628300000,61,8,4,2165,run_monash_time_unique1000,3,1,TIME__NE_China_Wind__H/seed_2165/run_monash_time_unique1000/visualizations/archive_latex.tex
489,0.560360360,0.579000000,\frac{\left(\left(\mathrm{GFLOPs}\right) \cdot \left(\mathrm{Jacov}\right)\right) \cdot \left(\mathrm{plain}\right)}{\left(\mathrm{L2Norm}\right)^2},GFLOPs Jacov Mul plain Mul L2-Norm Square Div <EOS>,(((GFLOPs * Jacov) * plain) / square(L2-Norm)),0.579000000,0.628300000,63,8,4,2112,run_monash_time_unique1000,4,2,TIME__NE_China_Wind__H/seed_2112/run_monash_time_unique1000/visualizations/archive_latex.tex
490,0.559459459,0.579000000,\frac{\left(\mathrm{plain}\right) \cdot \left(\left(\mathrm{GFLOPs}\right) \cdot \left(\mathrm{Jacov}\right)\right)}{\left(\mathrm{L2Norm}\right)^2},plain GFLOPs Jacov Mul Mul L2-Norm Square Div <EOS>,((plain * (GFLOPs * Jacov)) / square(L2-Norm)),0.579000000,0.628300000,33,8,4,2204,run_monash_time_unique1000,4,2,TIME__NE_China_Wind__H/seed_2204/run_monash_time_unique1000/visualizations/archive_latex.tex
491,0.558558559,0.579000000,\frac{\left(\mathrm{plain}\right) \cdot \left(\left(\mathrm{Jacov}\right) \cdot \left(\mathrm{GFLOPs}\right)\right)}{\left(\mathrm{L2Norm}\right)^2},plain Jacov GFLOPs Mul Mul L2-Norm Square Div <EOS>,((plain * (Jacov * GFLOPs)) / square(L2-Norm)),0.579000000,0.628300000,20,8,4,2160,run_monash_time_unique1000,5,1,TIME__NE_China_Wind__H/seed_2160/run_monash_time_unique1000/visualizations/archive_latex.tex
492,0.557657658,0.579000000,\left(\mathrm{GFLOPs}\right) \cdot \left(\left(\mathrm{Jacov}\right) \cdot \left(\frac{\mathrm{plain}}{\left(\mathrm{L2Norm}\right)^2}\right)\right),GFLOPs Jacov plain L2-Norm Square Div Mul Mul <EOS>,(GFLOPs * (Jacov * (plain / square(L2-Norm)))),0.579000000,0.628300000,68,8,5,2082,run_monash_time_unique1000,6,2,TIME__NE_China_Wind__H/seed_2082/run_monash_time_unique1000/visualizations/archive_latex.tex
493,0.556756757,0.579000000,\left(\left(\mathrm{GFLOPs}\right) \cdot \left(\left(\frac{\sqrt{\mathrm{plain}}}{\mathrm{L2Norm}}\right)^2\right)\right) \cdot \left(\mathrm{Jacov}\right),GFLOPs plain Sqrt L2-Norm Div Square Mul Jacov Mul <EOS>,((GFLOPs * square((sqrt(plain) / L2-Norm))) * Jacov),0.579000000,0.628300000,175,9,6,2119,run_monash_time_unique1000,7,1,TIME__NE_China_Wind__H/seed_2119/run_monash_time_unique1000/visualizations/archive_latex.tex
494,0.555855856,0.579000000,\left(\left(\mathrm{GFLOPs}\right) \cdot \left(\mathrm{plain}\right)\right) \cdot \left(\frac{\mathrm{Jacov}}{\left(\mathrm{L2Norm}\right)^2}\right),GFLOPs plain Mul Jacov L2-Norm Square Div Mul <EOS>,((GFLOPs * plain) * (Jacov / square(L2-Norm))),0.579000000,0.628300000,38,8,4,2130,run_monash_time_unique1000,7,3,TIME__NE_China_Wind__H/seed_2130/run_monash_time_unique1000/visualizations/archive_latex.tex
495,0.554954955,0.579000000,\frac{\left(\left(\mathrm{Jacov}\right) \cdot \left(\mathrm{plain}\right)\right) \cdot \left(\mathrm{GFLOPs}\right)}{\left(\mathrm{L2Norm}\right)^2},Jacov plain Mul GFLOPs Mul L2-Norm Square Div <EOS>,(((Jacov * plain) * GFLOPs) / square(L2-Norm)),0.579000000,0.628300000,84,8,4,2185,run_monash_time_unique1000,7,1,TIME__NE_China_Wind__H/seed_2185/run_monash_time_unique1000/visualizations/archive_latex.tex
496,0.554054054,0.579000000,\frac{\mathrm{L2Norm}}{\sqrt{\left(\mathrm{GFLOPs}\right) \cdot \left(\left(\mathrm{plain}\right) \cdot \left(\mathrm{Jacov}\right)\right)}},L2-Norm GFLOPs plain Jacov Mul Mul Sqrt Div <EOS>,(L2-Norm / sqrt((GFLOPs * (plain * Jacov)))),0.579000000,0.628300000,23,8,5,2221,run_monash_time_unique1000,7,1,TIME__NE_China_Wind__H/seed_2221/run_monash_time_unique1000/visualizations/archive_latex.tex
497,0.553153153,0.579000000,\left(\mathrm{GFLOPs}\right) \cdot \left(\frac{\mathrm{Jacov}}{\frac{\left(\mathrm{L2Norm}\right)^2}{\mathrm{plain}}}\right),GFLOPs Jacov L2-Norm Square plain Div Div Mul <EOS>,(GFLOPs * (Jacov / (square(L2-Norm) / plain))),0.579000000,0.628300000,132,8,5,2048,run_monash_time_unique1000,8,1,TIME__NE_China_Wind__H/seed_2048/run_monash_time_unique1000/visualizations/archive_latex.tex
498,0.552252252,0.579000000,\frac{\left(\left(\mathrm{plain}\right) \cdot \left(\mathrm{GFLOPs}\right)\right) \cdot \left(\mathrm{Jacov}\right)}{\left(\mathrm{L2Norm}\right)^2},plain GFLOPs Mul Jacov Mul L2-Norm Square Div <EOS>,(((plain * GFLOPs) * Jacov) / square(L2-Norm)),0.579000000,0.628300000,73,8,4,2050,run_monash_time_unique1000,8,2,TIME__NE_China_Wind__H/seed_2050/run_monash_time_unique1000/visualizations/archive_latex.tex
499,0.551351351,0.579000000,\frac{\left(\mathrm{Jacov}\right) \cdot \left(\left(\mathrm{GFLOPs}\right) \cdot \left(\mathrm{plain}\right)\right)}{\left(\mathrm{L2Norm}\right)^2},Jacov GFLOPs plain Mul Mul L2-Norm Square Div <EOS>,((Jacov * (GFLOPs * plain)) / square(L2-Norm)),0.579000000,0.628300000,66,8,4,2063,run_monash_time_unique1000,8,1,TIME__NE_China_Wind__H/seed_2063/run_monash_time_unique1000/visualizations/archive_latex.tex
500,0.550450450,0.579000000,\left(\mathrm{GFLOPs}\right) \cdot \left(\left(\mathrm{plain}\right) \cdot \left(\frac{\mathrm{Jacov}}{\left(\mathrm{L2Norm}\right)^2}\right)\right),GFLOPs plain Jacov L2-Norm Square Div Mul Mul <EOS>,(GFLOPs * (plain * (Jacov / square(L2-Norm)))),0.579000000,0.628300000,13,8,5,2097,run_monash_time_unique1000,8,1,TIME__NE_China_Wind__H/seed_2097/run_monash_time_unique1000/visualizations/archive_latex.tex
501,0.549549550,0.579000000,\left(\frac{\mathrm{plain}}{\frac{\left(\mathrm{L2Norm}\right)^2}{\mathrm{GFLOPs}}}\right) \cdot \left(\mathrm{Jacov}\right),plain L2-Norm Square GFLOPs Div Div Jacov Mul <EOS>,((plain / (square(L2-Norm) / GFLOPs)) * Jacov),0.579000000,0.628300000,13,8,5,2137,run_monash_time_unique1000,8,1,TIME__NE_China_Wind__H/seed_2137/run_monash_time_unique1000/visualizations/archive_latex.tex
502,0.548648649,0.579000000,\left(\frac{\mathrm{plain}}{\left(\mathrm{L2Norm}\right)^2}\right) \cdot \left(\left(\mathrm{GFLOPs}\right) \cdot \left(\mathrm{Jacov}\right)\right),plain L2-Norm Square Div GFLOPs Jacov Mul Mul <EOS>,((plain / square(L2-Norm)) * (GFLOPs * Jacov)),0.579000000,0.628300000,32,8,4,2153,run_monash_time_unique1000,8,1,TIME__NE_China_Wind__H/seed_2153/run_monash_time_unique1000/visualizations/archive_latex.tex
503,0.547747748,0.579000000,\left(\left(\mathrm{GFLOPs}\right) \cdot \left(\mathrm{Jacov}\right)\right) \cdot \left(\frac{\mathrm{plain}}{\left(\mathrm{L2Norm}\right)^2}\right),GFLOPs Jacov Mul plain L2-Norm Square Div Mul <EOS>,((GFLOPs * Jacov) * (plain / square(L2-Norm))),0.579000000,0.628300000,21,8,4,2174,run_monash_time_unique1000,8,1,TIME__NE_China_Wind__H/seed_2174/run_monash_time_unique1000/visualizations/archive_latex.tex
504,0.546846847,0.579000000,\left(\frac{\mathrm{GFLOPs}}{\left(\mathrm{L2Norm}\right)^2}\right) \cdot \left(\left(\mathrm{Jacov}\right) \cdot \left(\mathrm{plain}\right)\right),GFLOPs L2-Norm Square Div Jacov plain Mul Mul <EOS>,((GFLOPs / square(L2-Norm)) * (Jacov * plain)),0.579000000,0.628300000,142,8,4,2036,run_monash_time_unique1000,9,1,TIME__NE_China_Wind__H/seed_2036/run_monash_time_unique1000/visualizations/archive_latex.tex
505,0.545945946,0.579000000,\left(\left(\mathrm{Jacov}\right) \cdot \left(\mathrm{plain}\right)\right) \cdot \left(\frac{\mathrm{GFLOPs}}{\left(\mathrm{L2Norm}\right)^2}\right),Jacov plain Mul GFLOPs L2-Norm Square Div Mul <EOS>,((Jacov * plain) * (GFLOPs / square(L2-Norm))),0.579000000,0.628300000,54,8,4,2043,run_monash_time_unique1000,9,2,TIME__NE_China_Wind__H/seed_2043/run_monash_time_unique1000/visualizations/archive_latex.tex
506,0.545045045,0.579000000,\left(\left(\frac{\mathrm{plain}}{\left(\mathrm{L2Norm}\right)^2}\right) \cdot \left(\mathrm{Jacov}\right)\right) \cdot \left(\mathrm{GFLOPs}\right),plain L2-Norm Square Div Jacov Mul GFLOPs Mul <EOS>,(((plain / square(L2-Norm)) * Jacov) * GFLOPs),0.579000000,0.628300000,51,8,5,2104,run_monash_time_unique1000,9,1,TIME__NE_China_Wind__H/seed_2104/run_monash_time_unique1000/visualizations/archive_latex.tex
507,0.544144144,0.579000000,\left(\left(\mathrm{plain}\right) \cdot \left(\mathrm{GFLOPs}\right)\right) \cdot \left(\frac{\mathrm{Jacov}}{\left(\mathrm{L2Norm}\right)^2}\right),plain GFLOPs Mul Jacov L2-Norm Square Div Mul <EOS>,((plain * GFLOPs) * (Jacov / square(L2-Norm))),0.579000000,0.628300000,100,8,4,2117,run_monash_time_unique1000,9,2,TIME__NE_China_Wind__H/seed_2117/run_monash_time_unique1000/visualizations/archive_latex.tex
508,0.543243243,0.579000000,\left(\frac{\mathrm{Jacov}}{\left(\mathrm{L2Norm}\right)^2}\right) \cdot \left(\left(\mathrm{plain}\right) \cdot \left(\mathrm{GFLOPs}\right)\right),Jacov L2-Norm Square Div plain GFLOPs Mul Mul <EOS>,((Jacov / square(L2-Norm)) * (plain * GFLOPs)),0.579000000,0.628300000,194,8,4,2133,run_monash_time_unique1000,9,1,TIME__NE_China_Wind__H/seed_2133/run_monash_time_unique1000/visualizations/archive_latex.tex
509,0.542342342,0.579000000,\frac{\left(\mathrm{Jacov}\right) \cdot \left(\mathrm{GFLOPs}\right)}{\frac{\left(\mathrm{L2Norm}\right)^2}{\mathrm{plain}}},Jacov GFLOPs Mul L2-Norm Square plain Div Div <EOS>,((Jacov * GFLOPs) / (square(L2-Norm) / plain)),0.579000000,0.628300000,30,8,4,2217,run_monash_time_unique1000,9,1,TIME__NE_China_Wind__H/seed_2217/run_monash_time_unique1000/visualizations/archive_latex.tex
510,0.541441441,0.579000000,\left(\mathrm{GFLOPs}\right) \cdot \left(\frac{\left(\mathrm{Jacov}\right) \cdot \left(\mathrm{plain}\right)}{\left(\mathrm{L2Norm}\right)^2}\right),GFLOPs Jacov plain Mul L2-Norm Square Div Mul <EOS>,(GFLOPs * ((Jacov * plain) / square(L2-Norm))),0.579000000,0.628300000,46,8,4,2059,run_monash_time_unique1000,10,1,TIME__NE_China_Wind__H/seed_2059/run_monash_time_unique1000/visualizations/archive_latex.tex
511,0.540540541,0.579000000,\frac{\left(\mathrm{GFLOPs}\right) \cdot \left(\left(\mathrm{plain}\right) \cdot \left(\mathrm{Jacov}\right)\right)}{\left(\mathrm{L2Norm}\right)^2},GFLOPs plain Jacov Mul Mul L2-Norm Square Div <EOS>,((GFLOPs * (plain * Jacov)) / square(L2-Norm)),0.579000000,0.628300000,31,8,4,2106,run_monash_time_unique1000,10,1,TIME__NE_China_Wind__H/seed_2106/run_monash_time_unique1000/visualizations/archive_latex.tex
512,0.539639640,0.579000000,\left(\mathrm{Jacov}\right) \cdot \left(\left(\frac{\mathrm{GFLOPs}}{\left(\mathrm{L2Norm}\right)^2}\right) \cdot \left(\mathrm{plain}\right)\right),Jacov GFLOPs L2-Norm Square Div plain Mul Mul <EOS>,(Jacov * ((GFLOPs / square(L2-Norm)) * plain)),0.579000000,0.628300000,14,8,5,2124,run_monash_time_unique1000,10,2,TIME__NE_China_Wind__H/seed_2124/run_monash_time_unique1000/visualizations/archive_latex.tex
513,0.538738739,0.579000000,\left(\left(\mathrm{GFLOPs}\right) \cdot \left(\frac{\mathrm{plain}}{\left(\mathrm{L2Norm}\right)^2}\right)\right) \cdot \left(\mathrm{Jacov}\right),GFLOPs plain L2-Norm Square Div Mul Jacov Mul <EOS>,((GFLOPs * (plain / square(L2-Norm))) * Jacov),0.579000000,0.628300000,160,8,5,2172,run_monash_time_unique1000,10,1,TIME__NE_China_Wind__H/seed_2172/run_monash_time_unique1000/visualizations/archive_latex.tex
514,0.537837838,0.579000000,\left(\frac{\mathrm{Jacov}}{\left(\mathrm{L2Norm}\right)^2}\right) \cdot \left(\left(\mathrm{GFLOPs}\right) \cdot \left(\mathrm{plain}\right)\right),Jacov L2-Norm Square Div GFLOPs plain Mul Mul <EOS>,((Jacov / square(L2-Norm)) * (GFLOPs * plain)),0.579000000,0.628300000,19,8,4,2181,run_monash_time_unique1000,10,1,TIME__NE_China_Wind__H/seed_2181/run_monash_time_unique1000/visualizations/archive_latex.tex
515,0.536936937,0.579000000,\left(\frac{\mathrm{GFLOPs}}{\left(\mathrm{L2Norm}\right)^2}\right) \cdot \left(\left(\mathrm{plain}\right) \cdot \left(\mathrm{Jacov}\right)\right),GFLOPs L2-Norm Square Div plain Jacov Mul Mul <EOS>,((GFLOPs / square(L2-Norm)) * (plain * Jacov)),0.579000000,0.628300000,44,8,4,2206,run_monash_time_unique1000,10,1,TIME__NE_China_Wind__H/seed_2206/run_monash_time_unique1000/visualizations/archive_latex.tex
516,0.536036036,0.579000000,\left(\mathrm{plain}\right) \cdot \left(\frac{\left(\mathrm{Jacov}\right) \cdot \left(\mathrm{GFLOPs}\right)}{\left(\mathrm{L2Norm}\right)^2}\right),plain Jacov GFLOPs Mul L2-Norm Square Div Mul <EOS>,(plain * ((Jacov * GFLOPs) / square(L2-Norm))),0.579000000,0.628300000,36,8,4,2220,run_monash_time_unique1000,10,1,TIME__NE_China_Wind__H/seed_2220/run_monash_time_unique1000/visualizations/archive_latex.tex
517,0.535135135,0.578300000,\left(\frac{\mathrm{Jacov}}{\mathrm{MParams}}\right) \cdot \left(\left(\log\left(\mathrm{GFLOPs}\right)\right) \cdot \left(\mathrm{plain}\right)\right),Jacov MParams Div GFLOPs Log plain Mul Mul <EOS>,((Jacov / MParams) * (log(GFLOPs) * plain)),0.578300000,0.585500000,102,8,4,2055,run_monash_time_unique1000,1,1,TIME__NE_China_Wind__H/seed_2055/run_monash_time_unique1000/visualizations/archive_latex.tex
518,0.534234234,0.578300000,\left(\left(\log\left(\mathrm{GFLOPs}\right)\right) \cdot \left(\mathrm{Jacov}\right)\right) \cdot \left(\frac{\mathrm{plain}}{\mathrm{MParams}}\right),GFLOPs Log Jacov Mul plain MParams Div Mul <EOS>,((log(GFLOPs) * Jacov) * (plain / MParams)),0.578300000,0.585500000,36,8,4,2054,run_monash_time_unique1000,4,1,TIME__NE_China_Wind__H/seed_2054/run_monash_time_unique1000/visualizations/archive_latex.tex
519,0.533333333,0.578300000,\left(\log\left(\mathrm{GFLOPs}\right)\right) \cdot \left(\frac{\left(\mathrm{Jacov}\right) \cdot \left(\mathrm{plain}\right)}{\mathrm{MParams}}\right),GFLOPs Log Jacov plain Mul MParams Div Mul <EOS>,(log(GFLOPs) * ((Jacov * plain) / MParams)),0.578300000,0.585500000,40,8,4,2056,run_monash_time_unique1000,5,1,TIME__NE_China_Wind__H/seed_2056/run_monash_time_unique1000/visualizations/archive_latex.tex
520,0.532432432,0.578300000,\left(\frac{\left(\mathrm{Jacov}\right) \cdot \left(\mathrm{plain}\right)}{\mathrm{MParams}}\right) \cdot \left(\log\left(\mathrm{GFLOPs}\right)\right),Jacov plain Mul MParams Div GFLOPs Log Mul <EOS>,(((Jacov * plain) / MParams) * log(GFLOPs)),0.578300000,0.585500000,8,8,4,2084,run_monash_time_unique1000,7,2,TIME__NE_China_Wind__H/seed_2084/run_monash_time_unique1000/visualizations/archive_latex.tex
521,0.531531532,0.578300000,\left(\left(\left(\log\left(\mathrm{GFLOPs}\right)\right) \cdot \left(\frac{\mathrm{plain}}{\mathrm{Snip}}\right)\right)^2\right) \cdot \left(\mathrm{Jacov}\right),GFLOPs Log plain Snip Div Mul Square Jacov Mul <EOS>,(square((log(GFLOPs) * (plain / Snip))) * Jacov),0.578300000,0.703000000,60,9,5,2061,run_monash_time_unique1000,8,3,TIME__NE_China_Wind__H/seed_2061/run_monash_time_unique1000/visualizations/archive_latex.tex
522,0.530630631,0.578300000,\left(\left(\left(\frac{\mathrm{plain}}{\mathrm{Snip}}\right) \cdot \left(\log\left(\mathrm{GFLOPs}\right)\right)\right)^2\right) \cdot \left(\mathrm{Jacov}\right),plain Snip Div GFLOPs Log Mul Square Jacov Mul <EOS>,(square(((plain / Snip) * log(GFLOPs))) * Jacov),0.578300000,0.703000000,14,9,5,2072,run_monash_time_unique1000,8,2,TIME__NE_China_Wind__H/seed_2072/run_monash_time_unique1000/visualizations/archive_latex.tex
523,0.529729730,0.578300000,\frac{\left(\mathrm{Jacov}\right) \cdot \left(\left(\mathrm{plain}\right) \cdot \left(\log\left(\mathrm{GFLOPs}\right)\right)\right)}{\mathrm{MParams}},Jacov plain GFLOPs Log Mul Mul MParams Div <EOS>,((Jacov * (plain * log(GFLOPs))) / MParams),0.578300000,0.585500000,22,8,5,2079,run_monash_time_unique1000,8,1,TIME__NE_China_Wind__H/seed_2079/run_monash_time_unique1000/visualizations/archive_latex.tex
524,0.528828829,0.578300000,\left(\left(\frac{\mathrm{plain}}{\mathrm{MParams}}\right) \cdot \left(\mathrm{Jacov}\right)\right) \cdot \left(\log\left(\mathrm{GFLOPs}\right)\right),plain MParams Div Jacov Mul GFLOPs Log Mul <EOS>,(((plain / MParams) * Jacov) * log(GFLOPs)),0.578300000,0.585500000,101,8,4,2179,run_monash_time_unique1000,8,1,TIME__NE_China_Wind__H/seed_2179/run_monash_time_unique1000/visualizations/archive_latex.tex
525,0.527927928,0.578300000,\left(\left(\left(\mathrm{plain}\right) \cdot \left(\frac{\log\left(\mathrm{GFLOPs}\right)}{\mathrm{Snip}}\right)\right)^2\right) \cdot \left(\mathrm{Jacov}\right),plain GFLOPs Log Snip Div Mul Square Jacov Mul <EOS>,(square((plain * (log(GFLOPs) / Snip))) * Jacov),0.578300000,0.703000000,35,9,6,2050,run_monash_time_unique1000,9,2,TIME__NE_China_Wind__H/seed_2050/run_monash_time_unique1000/visualizations/archive_latex.tex
526,0.527027027,0.578300000,\left(\left(\frac{\mathrm{plain}}{\frac{\mathrm{Snip}}{\log\left(\mathrm{GFLOPs}\right)}}\right)^2\right) \cdot \left(\mathrm{Jacov}\right),plain Snip GFLOPs Log Div Div Square Jacov Mul <EOS>,(square((plain / (Snip / log(GFLOPs)))) * Jacov),0.578300000,0.703000000,22,9,6,2137,run_monash_time_unique1000,9,1,TIME__NE_China_Wind__H/seed_2137/run_monash_time_unique1000/visualizations/archive_latex.tex
527,0.526126126,0.578300000,\left(\left(\log\left(\mathrm{GFLOPs}\right)\right) \cdot \left(\frac{\mathrm{plain}}{\mathrm{MParams}}\right)\right) \cdot \left(\mathrm{Jacov}\right),GFLOPs Log plain MParams Div Mul Jacov Mul <EOS>,((log(GFLOPs) * (plain / MParams)) * Jacov),0.578300000,0.585500000,53,8,4,2184,run_monash_time_unique1000,9,1,TIME__NE_China_Wind__H/seed_2184/run_monash_time_unique1000/visualizations/archive_latex.tex
528,0.525225225,0.578300000,\left(\left(\mathrm{plain}\right) \cdot \left(\frac{\mathrm{Jacov}}{\mathrm{MParams}}\right)\right) \cdot \left(\log\left(\mathrm{GFLOPs}\right)\right),plain Jacov MParams Div Mul GFLOPs Log Mul <EOS>,((plain * (Jacov / MParams)) * log(GFLOPs)),0.578300000,0.585500000,48,8,4,2043,run_monash_time_unique1000,10,1,TIME__NE_China_Wind__H/seed_2043/run_monash_time_unique1000/visualizations/archive_latex.tex
529,0.524324324,0.578300000,\left(\frac{\mathrm{Jacov}}{\mathrm{MParams}}\right) \cdot \left(\left(\mathrm{plain}\right) \cdot \left(\log\left(\mathrm{GFLOPs}\right)\right)\right),Jacov MParams Div plain GFLOPs Log Mul Mul <EOS>,((Jacov / MParams) * (plain * log(GFLOPs))),0.578300000,0.585500000,27,8,4,2133,run_monash_time_unique1000,10,1,TIME__NE_China_Wind__H/seed_2133/run_monash_time_unique1000/visualizations/archive_latex.tex
530,0.523423423,0.578200000,\mathrm{Snip} - \left(\mathrm{GFLOPs}\right) \cdot \left(\left(\left(\mathrm{plain}\right)^2\right) \cdot \left(\sqrt{\mathrm{Jacov}}\right)\right),Snip GFLOPs plain Square Jacov Sqrt Mul Mul Sub <EOS>,(Snip - (GFLOPs * (square(plain) * sqrt(Jacov)))),0.578200000,0.657000000,42,9,5,2221,run_monash_time_unique1000,8,1,TIME__NE_China_Wind__H/seed_2221/run_monash_time_unique1000/visualizations/archive_latex.tex
531,0.522522523,0.577000000,\left(\frac{\left(\mathrm{Jacov}\right) \cdot \left(\mathrm{Snip}\right)}{\mathrm{MParams}}\right) \cdot \left(\log\left(\mathrm{GFLOPs}\right)\right),Jacov Snip Mul MParams Div GFLOPs Log Mul <EOS>,(((Jacov * Snip) / MParams) * log(GFLOPs)),0.577000000,0.616000000,54,8,4,2028,run_monash_time_unique1000,6,1,TIME__NE_China_Wind__H/seed_2028/run_monash_time_unique1000/visualizations/archive_latex.tex
532,0.521621622,0.577000000,\left(\log\left(\mathrm{GFLOPs}\right)\right) \cdot \left(\left(\mathrm{Jacov}\right) \cdot \left(\frac{\mathrm{Snip}}{\mathrm{MParams}}\right)\right),GFLOPs Log Jacov Snip MParams Div Mul Mul <EOS>,(log(GFLOPs) * (Jacov * (Snip / MParams))),0.577000000,0.616000000,119,8,4,2082,run_monash_time_unique1000,7,4,TIME__NE_China_Wind__H/seed_2082/run_monash_time_unique1000/visualizations/archive_latex.tex
533,0.520720721,0.577000000,\left(\left(\log\left(\mathrm{GFLOPs}\right)\right) \cdot \left(\mathrm{Jacov}\right)\right) \cdot \left(\frac{\mathrm{Snip}}{\mathrm{MParams}}\right),GFLOPs Log Jacov Mul Snip MParams Div Mul <EOS>,((log(GFLOPs) * Jacov) * (Snip / MParams)),0.577000000,0.616000000,174,8,4,2215,run_monash_time_unique1000,7,3,TIME__NE_China_Wind__H/seed_2215/run_monash_time_unique1000/visualizations/archive_latex.tex
534,0.519819820,0.577000000,\left(\left(\mathrm{Jacov}\right) \cdot \left(\log\left(\mathrm{GFLOPs}\right)\right)\right) \cdot \left(\frac{\mathrm{Snip}}{\mathrm{MParams}}\right),Jacov GFLOPs Log Mul Snip MParams Div Mul <EOS>,((Jacov * log(GFLOPs)) * (Snip / MParams)),0.577000000,0.616000000,143,8,4,2084,run_monash_time_unique1000,8,1,TIME__NE_China_Wind__H/seed_2084/run_monash_time_unique1000/visualizations/archive_latex.tex
535,0.518918919,0.577000000,\left(\left(\frac{\mathrm{Snip}}{\mathrm{MParams}}\right) \cdot \left(\log\left(\mathrm{GFLOPs}\right)\right)\right) \cdot \left(\mathrm{Jacov}\right),Snip MParams Div GFLOPs Log Mul Jacov Mul <EOS>,(((Snip / MParams) * log(GFLOPs)) * Jacov),0.577000000,0.616000000,56,8,4,2127,run_monash_time_unique1000,8,2,TIME__NE_China_Wind__H/seed_2127/run_monash_time_unique1000/visualizations/archive_latex.tex
536,0.518018018,0.577000000,\left(\left(\log\left(\mathrm{GFLOPs}\right)\right) \cdot \left(\frac{\mathrm{Jacov}}{\mathrm{MParams}}\right)\right) \cdot \left(\mathrm{Snip}\right),GFLOPs Log Jacov MParams Div Mul Snip Mul <EOS>,((log(GFLOPs) * (Jacov / MParams)) * Snip),0.577000000,0.616000000,110,8,4,2154,run_monash_time_unique1000,8,2,TIME__NE_China_Wind__H/seed_2154/run_monash_time_unique1000/visualizations/archive_latex.tex
537,0.517117117,0.577000000,\left(\frac{\mathrm{Snip}}{\mathrm{MParams}}\right) \cdot \left(\left(\log\left(\mathrm{GFLOPs}\right)\right) \cdot \left(\mathrm{Jacov}\right)\right),Snip MParams Div GFLOPs Log Jacov Mul Mul <EOS>,((Snip / MParams) * (log(GFLOPs) * Jacov)),0.577000000,0.616000000,141,8,4,2049,run_monash_time_unique1000,9,2,TIME__NE_China_Wind__H/seed_2049/run_monash_time_unique1000/visualizations/archive_latex.tex
538,0.516216216,0.577000000,\left(\left(\log\left(\mathrm{GFLOPs}\right)\right) \cdot \left(\mathrm{Snip}\right)\right) \cdot \left(\frac{\mathrm{Jacov}}{\mathrm{MParams}}\right),GFLOPs Log Snip Mul Jacov MParams Div Mul <EOS>,((log(GFLOPs) * Snip) * (Jacov / MParams)),0.577000000,0.616000000,94,8,4,2073,run_monash_time_unique1000,9,1,TIME__NE_China_Wind__H/seed_2073/run_monash_time_unique1000/visualizations/archive_latex.tex
539,0.515315315,0.577000000,\left(\log\left(\mathrm{GFLOPs}\right)\right) \cdot \left(\left(\mathrm{Snip}\right) \cdot \left(\frac{\mathrm{Jacov}}{\mathrm{MParams}}\right)\right),GFLOPs Log Snip Jacov MParams Div Mul Mul <EOS>,(log(GFLOPs) * (Snip * (Jacov / MParams))),0.577000000,0.616000000,91,8,4,2097,run_monash_time_unique1000,9,1,TIME__NE_China_Wind__H/seed_2097/run_monash_time_unique1000/visualizations/archive_latex.tex
540,0.514414414,0.577000000,\left(\left(\frac{\mathrm{Snip}}{\mathrm{MParams}}\right) \cdot \left(\mathrm{Jacov}\right)\right) \cdot \left(\log\left(\mathrm{GFLOPs}\right)\right),Snip MParams Div Jacov Mul GFLOPs Log Mul <EOS>,(((Snip / MParams) * Jacov) * log(GFLOPs)),0.577000000,0.616000000,61,8,4,2179,run_monash_time_unique1000,9,2,TIME__NE_China_Wind__H/seed_2179/run_monash_time_unique1000/visualizations/archive_latex.tex
541,0.513513514,0.577000000,\left(\log\left(\mathrm{GFLOPs}\right)\right) \cdot \left(\left(\frac{\mathrm{Snip}}{\mathrm{MParams}}\right) \cdot \left(\mathrm{Jacov}\right)\right),GFLOPs Log Snip MParams Div Jacov Mul Mul <EOS>,(log(GFLOPs) * ((Snip / MParams) * Jacov)),0.577000000,0.616000000,153,8,4,2221,run_monash_time_unique1000,9,2,TIME__NE_China_Wind__H/seed_2221/run_monash_time_unique1000/visualizations/archive_latex.tex
542,0.512612613,0.577000000,\left(\log\left(\mathrm{GFLOPs}\right)\right) \cdot \left(\left(\frac{\mathrm{Jacov}}{\mathrm{MParams}}\right) \cdot \left(\mathrm{Snip}\right)\right),GFLOPs Log Jacov MParams Div Snip Mul Mul <EOS>,(log(GFLOPs) * ((Jacov / MParams) * Snip)),0.577000000,0.616000000,50,8,4,2036,run_monash_time_unique1000,10,1,TIME__NE_China_Wind__H/seed_2036/run_monash_time_unique1000/visualizations/archive_latex.tex
543,0.511711712,0.577000000,\left(\left(\mathrm{Jacov}\right) \cdot \left(\mathrm{Snip}\right)\right) \cdot \left(\frac{\log\left(\mathrm{GFLOPs}\right)}{\mathrm{MParams}}\right),Jacov Snip Mul GFLOPs Log MParams Div Mul <EOS>,((Jacov * Snip) * (log(GFLOPs) / MParams)),0.577000000,0.616000000,49,8,4,2057,run_monash_time_unique1000,10,1,TIME__NE_China_Wind__H/seed_2057/run_monash_time_unique1000/visualizations/archive_latex.tex
544,0.510810811,0.577000000,\frac{\left(\left(\mathrm{Snip}\right) \cdot \left(\log\left(\mathrm{GFLOPs}\right)\right)\right) \cdot \left(\mathrm{Jacov}\right)}{\mathrm{MParams}},Snip GFLOPs Log Mul Jacov Mul MParams Div <EOS>,(((Snip * log(GFLOPs)) * Jacov) / MParams),0.577000000,0.616000000,35,8,5,2074,run_monash_time_unique1000,10,1,TIME__NE_China_Wind__H/seed_2074/run_monash_time_unique1000/visualizations/archive_latex.tex
545,0.509909910,0.577000000,\left(\mathrm{Jacov}\right) \cdot \left(\left(\frac{\mathrm{Snip}}{\mathrm{MParams}}\right) \cdot \left(\log\left(\mathrm{GFLOPs}\right)\right)\right),Jacov Snip MParams Div GFLOPs Log Mul Mul <EOS>,(Jacov * ((Snip / MParams) * log(GFLOPs))),0.577000000,0.616000000,139,8,4,2150,run_monash_time_unique1000,10,1,TIME__NE_China_Wind__H/seed_2150/run_monash_time_unique1000/visualizations/archive_latex.tex
546,0.509009009,0.577000000,\left(\left(\log\left(\mathrm{GFLOPs}\right)\right) \cdot \left(\frac{\mathrm{Snip}}{\mathrm{MParams}}\right)\right) \cdot \left(\mathrm{Jacov}\right),GFLOPs Log Snip MParams Div Mul Jacov Mul <EOS>,((log(GFLOPs) * (Snip / MParams)) * Jacov),0.577000000,0.616000000,54,8,4,2184,run_monash_time_unique1000,10,1,TIME__NE_China_Wind__H/seed_2184/run_monash_time_unique1000/visualizations/archive_latex.tex
547,0.508108108,0.577000000,\left(\frac{\mathrm{Jacov}}{\mathrm{MParams}}\right) \cdot \left(\left(\log\left(\mathrm{GFLOPs}\right)\right) \cdot \left(\mathrm{Snip}\right)\right),Jacov MParams Div GFLOPs Log Snip Mul Mul <EOS>,((Jacov / MParams) * (log(GFLOPs) * Snip)),0.577000000,0.616000000,62,8,4,2196,run_monash_time_unique1000,10,1,TIME__NE_China_Wind__H/seed_2196/run_monash_time_unique1000/visualizations/archive_latex.tex
548,0.507207207,0.576300000,\left(\left(\frac{\log\left(\mathrm{MParams}\right)}{\mathrm{GSynFlow}}\right)^2 + \mathrm{Jacov}\right) \cdot \left(\mathrm{plain}\right),MParams Log GSynFlow Div Square Jacov Add plain Mul <EOS>,((square((log(MParams) / GSynFlow)) + Jacov) * plain),0.576300000,0.648700000,107,9,6,2210,run_monash_time_unique1000,3,1,TIME__NE_China_Wind__H/seed_2210/run_monash_time_unique1000/visualizations/archive_latex.tex
549,0.506306306,0.576300000,\left(\mathrm{plain}\right) \cdot \left(\mathrm{Jacov} + \left(\frac{\log\left(\mathrm{MParams}\right)}{\mathrm{GSynFlow}}\right)^2\right),plain Jacov MParams Log GSynFlow Div Square Add Mul <EOS>,(plain * (Jacov + square((log(MParams) / GSynFlow)))),0.576300000,0.648700000,103,9,6,2079,run_monash_time_unique1000,9,1,TIME__NE_China_Wind__H/seed_2079/run_monash_time_unique1000/visualizations/archive_latex.tex
550,0.505405405,0.576100000,\left(\frac{\log\left(\mathrm{MParams}\right)}{\mathrm{GSynFlow}}\right)^2 + \left(\mathrm{Jacov}\right) \cdot \left(\mathrm{plain}\right),MParams Log GSynFlow Div Square Jacov plain Mul Add <EOS>,(square((log(MParams) / GSynFlow)) + (Jacov * plain)),0.576100000,0.650000000,119,9,5,2032,run_monash_time_unique1000,1,1,TIME__NE_China_Wind__H/seed_2032/run_monash_time_unique1000/visualizations/archive_latex.tex
551,0.504504505,0.576100000,\left(\frac{\log\left(\mathrm{MParams}\right)}{\mathrm{GSynFlow}}\right)^2 + \left(\mathrm{plain}\right) \cdot \left(\mathrm{Jacov}\right),MParams Log GSynFlow Div Square plain Jacov Mul Add <EOS>,(square((log(MParams) / GSynFlow)) + (plain * Jacov)),0.576100000,0.650000000,41,9,5,2098,run_monash_time_unique1000,5,1,TIME__NE_China_Wind__H/seed_2098/run_monash_time_unique1000/visualizations/archive_latex.tex
552,0.503603604,0.575600000,\left(\left(\mathrm{GFLOPs}\right) \cdot \left(\left(\mathrm{plain}\right)^2\right)\right) \cdot \left(\frac{\mathrm{Jacov}}{\left(\mathrm{Snip}\right)^2}\right),GFLOPs plain Square Mul Jacov Snip Square Div Mul <EOS>,((GFLOPs * square(plain)) * (Jacov / square(Snip))),0.575600000,0.616100000,39,9,4,2069,run_monash_time_unique1000,3,2,TIME__NE_China_Wind__H/seed_2069/run_monash_time_unique1000/visualizations/archive_latex.tex
553,0.502702703,0.575600000,\left(\frac{\left(\mathrm{GFLOPs}\right) \cdot \left(\mathrm{Jacov}\right)}{\left(\mathrm{Snip}\right)^2}\right) \cdot \left(\left(\mathrm{plain}\right)^2\right),GFLOPs Jacov Mul Snip Square Div plain Square Mul <EOS>,(((GFLOPs * Jacov) / square(Snip)) * square(plain)),0.575600000,0.616100000,93,9,4,2112,run_monash_time_unique1000,5,1,TIME__NE_China_Wind__H/seed_2112/run_monash_time_unique1000/visualizations/archive_latex.tex
554,0.501801802,0.575600000,\frac{\left(\left(\mathrm{plain}\right)^2\right) \cdot \left(\left(\mathrm{Jacov}\right) \cdot \left(\mathrm{GFLOPs}\right)\right)}{\left(\mathrm{Snip}\right)^2},plain Square Jacov GFLOPs Mul Mul Snip Square Div <EOS>,((square(plain) * (Jacov * GFLOPs)) / square(Snip)),0.575600000,0.616100000,28,9,4,2160,run_monash_time_unique1000,6,1,TIME__NE_China_Wind__H/seed_2160/run_monash_time_unique1000/visualizations/archive_latex.tex
555,0.500900901,0.575600000,\left(\frac{\mathrm{Jacov}}{\left(\mathrm{Snip}\right)^2}\right) \cdot \left(\left(\left(\mathrm{plain}\right)^2\right) \cdot \left(\mathrm{GFLOPs}\right)\right),Jacov Snip Square Div plain Square GFLOPs Mul Mul <EOS>,((Jacov / square(Snip)) * (square(plain) * GFLOPs)),0.575600000,0.616100000,105,9,4,2051,run_monash_time_unique1000,7,1,TIME__NE_China_Wind__H/seed_2051/run_monash_time_unique1000/visualizations/archive_latex.tex
556,0.500000000,0.575600000,\left(\left(\mathrm{GFLOPs}\right) \cdot \left(\mathrm{Jacov}\right)\right) \cdot \left(\left(\frac{\mathrm{plain}}{\mathrm{Snip}}\right)^2\right),GFLOPs Jacov Mul plain Snip Div Square Mul <EOS>,((GFLOPs * Jacov) * square((plain / Snip))),0.575600000,0.616100000,185,8,4,2082,run_monash_time_unique1000,8,4,TIME__NE_China_Wind__H/seed_2082/run_monash_time_unique1000/visualizations/archive_latex.tex
557,0.499099099,0.575600000,\left(\left(\mathrm{plain}\right)^2\right) \cdot \left(\frac{\left(\mathrm{GFLOPs}\right) \cdot \left(\mathrm{Jacov}\right)}{\left(\mathrm{Snip}\right)^2}\right),plain Square GFLOPs Jacov Mul Snip Square Div Mul <EOS>,(square(plain) * ((GFLOPs * Jacov) / square(Snip))),0.575600000,0.616100000,156,9,4,2100,run_monash_time_unique1000,8,1,TIME__NE_China_Wind__H/seed_2100/run_monash_time_unique1000/visualizations/archive_latex.tex
558,0.498198198,0.575600000,\left(\mathrm{GFLOPs}\right) \cdot \left(\frac{\mathrm{Jacov}}{\left(\frac{\mathrm{Snip}}{\mathrm{plain}}\right)^2}\right),GFLOPs Jacov Snip plain Div Square Div Mul <EOS>,(GFLOPs * (Jacov / square((Snip / plain)))),0.575600000,0.616100000,164,8,5,2048,run_monash_time_unique1000,9,1,TIME__NE_China_Wind__H/seed_2048/run_monash_time_unique1000/visualizations/archive_latex.tex
559,0.497297297,0.575600000,\left(\left(\mathrm{Jacov}\right) \cdot \left(\mathrm{GFLOPs}\right)\right) \cdot \left(\left(\frac{\mathrm{plain}}{\mathrm{Snip}}\right)^2\right),Jacov GFLOPs Mul plain Snip Div Square Mul <EOS>,((Jacov * GFLOPs) * square((plain / Snip))),0.575600000,0.616100000,98,8,4,2084,run_monash_time_unique1000,9,1,TIME__NE_China_Wind__H/seed_2084/run_monash_time_unique1000/visualizations/archive_latex.tex
560,0.496396396,0.575400000,\left(\log\left(\mathrm{plain}\right) + \mathrm{ZiCo}\right) \cdot \left(\left(\log\left(\mathrm{GFLOPs}\right)\right) \cdot \left(\mathrm{Jacov}\right)\right),plain Log ZiCo Add GFLOPs Log Jacov Mul Mul <EOS>,((log(plain) + ZiCo) * (log(GFLOPs) * Jacov)),0.575400000,0.687200000,15,9,4,2223,run_monash_time_unique1000,4,4,TIME__NE_China_Wind__H/seed_2223/run_monash_time_unique1000/visualizations/archive_latex.tex
561,0.495495495,0.575400000,\left(\left(\log\left(\mathrm{GFLOPs}\right)\right) \cdot \left(\mathrm{Jacov}\right)\right) \cdot \left(\log\left(\mathrm{plain}\right) + \mathrm{ZiCo}\right),GFLOPs Log Jacov Mul plain Log ZiCo Add Mul <EOS>,((log(GFLOPs) * Jacov) * (log(plain) + ZiCo)),0.575400000,0.687200000,22,9,4,2054,run_monash_time_unique1000,5,2,TIME__NE_China_Wind__H/seed_2054/run_monash_time_unique1000/visualizations/archive_latex.tex
562,0.494594595,0.575400000,\left(\log\left(\mathrm{GFLOPs}\right)\right) \cdot \left(\left(\mathrm{Jacov}\right) \cdot \left(\log\left(\mathrm{plain}\right) + \mathrm{ZiCo}\right)\right),GFLOPs Log Jacov plain Log ZiCo Add Mul Mul <EOS>,(log(GFLOPs) * (Jacov * (log(plain) + ZiCo))),0.575400000,0.687200000,62,9,5,2214,run_monash_time_unique1000,5,3,TIME__NE_China_Wind__H/seed_2214/run_monash_time_unique1000/visualizations/archive_latex.tex
563,0.493693694,0.575400000,\left(\left(\mathrm{Jacov}\right) \cdot \left(\log\left(\mathrm{plain}\right) + \mathrm{ZiCo}\right)\right) \cdot \left(\log\left(\mathrm{GFLOPs}\right)\right),Jacov plain Log ZiCo Add Mul GFLOPs Log Mul <EOS>,((Jacov * (log(plain) + ZiCo)) * log(GFLOPs)),0.575400000,0.687200000,198,9,5,2028,run_monash_time_unique1000,7,1,TIME__NE_China_Wind__H/seed_2028/run_monash_time_unique1000/visualizations/archive_latex.tex
564,0.492792793,0.575400000,\left(\mathrm{ZiCo} + \log\left(\mathrm{plain}\right)\right) \cdot \left(\left(\log\left(\mathrm{GFLOPs}\right)\right) \cdot \left(\mathrm{Jacov}\right)\right),ZiCo plain Log Add GFLOPs Log Jacov Mul Mul <EOS>,((ZiCo + log(plain)) * (log(GFLOPs) * Jacov)),0.575400000,0.687200000,96,9,4,2207,run_monash_time_unique1000,7,1,TIME__NE_China_Wind__H/seed_2207/run_monash_time_unique1000/visualizations/archive_latex.tex
565,0.491891892,0.575400000,\left(\left(\log\left(\mathrm{GFLOPs}\right)\right) \cdot \left(\mathrm{ZiCo} + \log\left(\mathrm{plain}\right)\right)\right) \cdot \left(\mathrm{Jacov}\right),GFLOPs Log ZiCo plain Log Add Mul Jacov Mul <EOS>,((log(GFLOPs) * (ZiCo + log(plain))) * Jacov),0.575400000,0.687200000,28,9,5,2119,run_monash_time_unique1000,8,2,TIME__NE_China_Wind__H/seed_2119/run_monash_time_unique1000/visualizations/archive_latex.tex
566,0.490990991,0.575400000,\left(\left(\mathrm{Jacov}\right) \cdot \left(\mathrm{ZiCo} + \log\left(\mathrm{plain}\right)\right)\right) \cdot \left(\log\left(\mathrm{GFLOPs}\right)\right),Jacov ZiCo plain Log Add Mul GFLOPs Log Mul <EOS>,((Jacov * (ZiCo + log(plain))) * log(GFLOPs)),0.575400000,0.687200000,18,9,5,2185,run_monash_time_unique1000,8,1,TIME__NE_China_Wind__H/seed_2185/run_monash_time_unique1000/visualizations/archive_latex.tex
567,0.490090090,0.575400000,\left(\left(\log\left(\mathrm{plain}\right) + \mathrm{ZiCo}\right) \cdot \left(\log\left(\mathrm{GFLOPs}\right)\right)\right) \cdot \left(\mathrm{Jacov}\right),plain Log ZiCo Add GFLOPs Log Mul Jacov Mul <EOS>,(((log(plain) + ZiCo) * log(GFLOPs)) * Jacov),0.575400000,0.687200000,186,9,5,2092,run_monash_time_unique1000,9,1,TIME__NE_China_Wind__H/seed_2092/run_monash_time_unique1000/visualizations/archive_latex.tex
568,0.489189189,0.575400000,\left(\log\left(\mathrm{GFLOPs}\right)\right) \cdot \left(\left(\mathrm{Jacov}\right) \cdot \left(\mathrm{ZiCo} + \log\left(\mathrm{plain}\right)\right)\right),GFLOPs Log Jacov ZiCo plain Log Add Mul Mul <EOS>,(log(GFLOPs) * (Jacov * (ZiCo + log(plain)))),0.575400000,0.687200000,76,9,5,2062,run_monash_time_unique1000,10,2,TIME__NE_China_Wind__H/seed_2062/run_monash_time_unique1000/visualizations/archive_latex.tex
569,0.488288288,0.575400000,\left(\left(\mathrm{Jacov}\right) \cdot \left(\log\left(\mathrm{GFLOPs}\right)\right)\right) \cdot \left(\mathrm{ZiCo} + \log\left(\mathrm{plain}\right)\right),Jacov GFLOPs Log Mul ZiCo plain Log Add Mul <EOS>,((Jacov * log(GFLOPs)) * (ZiCo + log(plain))),0.575400000,0.687200000,149,9,4,2084,run_monash_time_unique1000,10,1,TIME__NE_China_Wind__H/seed_2084/run_monash_time_unique1000/visualizations/archive_latex.tex
570,0.487387387,0.575400000,\left(\left(\log\left(\mathrm{GFLOPs}\right)\right) \cdot \left(\mathrm{Jacov}\right)\right) \cdot \left(\mathrm{ZiCo} + \log\left(\mathrm{plain}\right)\right),GFLOPs Log Jacov Mul ZiCo plain Log Add Mul <EOS>,((log(GFLOPs) * Jacov) * (ZiCo + log(plain))),0.575400000,0.687200000,29,9,4,2167,run_monash_time_unique1000,10,1,TIME__NE_China_Wind__H/seed_2167/run_monash_time_unique1000/visualizations/archive_latex.tex
571,0.486486486,0.575400000,\left(\left(\log\left(\mathrm{plain}\right) + \mathrm{ZiCo}\right) \cdot \left(\mathrm{Jacov}\right)\right) \cdot \left(\log\left(\mathrm{GFLOPs}\right)\right),plain Log ZiCo Add Jacov Mul GFLOPs Log Mul <EOS>,(((log(plain) + ZiCo) * Jacov) * log(GFLOPs)),0.575400000,0.687200000,163,9,5,2179,run_monash_time_unique1000,10,1,TIME__NE_China_Wind__H/seed_2179/run_monash_time_unique1000/visualizations/archive_latex.tex
572,0.485585586,0.575200000,\left(\left(\mathrm{GFLOPs}\right) \cdot \left(\mathrm{Jacov}\right)\right) \cdot \left(\left(\frac{\mathrm{plain}}{\log\left(\mathrm{GradNorm}\right)}\right)^2\right),GFLOPs Jacov Mul plain Grad_Norm Log Div Square Mul <EOS>,((GFLOPs * Jacov) * square((plain / log(Grad_Norm)))),0.575200000,0.675700000,131,9,5,2215,run_monash_time_unique1000,8,2,TIME__NE_China_Wind__H/seed_2215/run_monash_time_unique1000/visualizations/archive_latex.tex
573,0.484684685,0.575200000,\left(\left(\mathrm{GFLOPs}\right) \cdot \left(\left(\frac{\mathrm{plain}}{\log\left(\mathrm{GradNorm}\right)}\right)^2\right)\right) \cdot \left(\mathrm{Jacov}\right),GFLOPs plain Grad_Norm Log Div Square Mul Jacov Mul <EOS>,((GFLOPs * square((plain / log(Grad_Norm)))) * Jacov),0.575200000,0.675700000,39,9,6,2119,run_monash_time_unique1000,9,1,TIME__NE_China_Wind__H/seed_2119/run_monash_time_unique1000/visualizations/archive_latex.tex
574,0.483783784,0.575200000,\left(\mathrm{GFLOPs}\right) \cdot \left(\frac{\mathrm{Jacov}}{\left(\frac{\log\left(\mathrm{GradNorm}\right)}{\mathrm{plain}}\right)^2}\right),GFLOPs Jacov Grad_Norm Log plain Div Square Div Mul <EOS>,(GFLOPs * (Jacov / square((log(Grad_Norm) / plain)))),0.575200000,0.675700000,133,9,6,2048,run_monash_time_unique1000,10,1,TIME__NE_China_Wind__H/seed_2048/run_monash_time_unique1000/visualizations/archive_latex.tex
575,0.482882883,0.575200000,\left(\left(\left(\frac{\mathrm{plain}}{\log\left(\mathrm{GradNorm}\right)}\right)^2\right) \cdot \left(\mathrm{GFLOPs}\right)\right) \cdot \left(\mathrm{Jacov}\right),plain Grad_Norm Log Div Square GFLOPs Mul Jacov Mul <EOS>,((square((plain / log(Grad_Norm))) * GFLOPs) * Jacov),0.575200000,0.675700000,101,9,6,2092,run_monash_time_unique1000,10,1,TIME__NE_China_Wind__H/seed_2092/run_monash_time_unique1000/visualizations/archive_latex.tex
576,0.481981982,0.575000000,\frac{\left(\mathrm{plain}\right) \cdot \left(\left(\mathrm{GFLOPs}\right) \cdot \left(\mathrm{Jacov}\right)\right)}{\sqrt{\mathrm{MParams}}},plain GFLOPs Jacov Mul Mul MParams Sqrt Div <EOS>,((plain * (GFLOPs * Jacov)) / sqrt(MParams)),0.575000000,0.634600000,137,8,4,2101,run_monash_time_unique1000,2,2,TIME__NE_China_Wind__H/seed_2101/run_monash_time_unique1000/visualizations/archive_latex.tex
577,0.481081081,0.575000000,\left(\frac{\left(\mathrm{Jacov}\right) \cdot \left(\mathrm{plain}\right)}{\sqrt{\mathrm{MParams}}}\right) \cdot \left(\mathrm{GFLOPs}\right),Jacov plain Mul MParams Sqrt Div GFLOPs Mul <EOS>,(((Jacov * plain) / sqrt(MParams)) * GFLOPs),0.575000000,0.634600000,65,8,4,2165,run_monash_time_unique1000,4,1,TIME__NE_China_Wind__H/seed_2165/run_monash_time_unique1000/visualizations/archive_latex.tex
578,0.480180180,0.575000000,\left(\frac{\mathrm{Jacov}}{\frac{\sqrt{\mathrm{MParams}}}{\mathrm{GFLOPs}}}\right) \cdot \left(\mathrm{plain}\right),Jacov MParams Sqrt GFLOPs Div Div plain Mul <EOS>,((Jacov / (sqrt(MParams) / GFLOPs)) * plain),0.575000000,0.634600000,19,8,5,2136,run_monash_time_unique1000,5,1,TIME__NE_China_Wind__H/seed_2136/run_monash_time_unique1000/visualizations/archive_latex.tex
579,0.479279279,0.575000000,\left(\mathrm{GFLOPs}\right) \cdot \left(\frac{\left(\mathrm{plain}\right) \cdot \left(\mathrm{Jacov}\right)}{\sqrt{\mathrm{MParams}}}\right),GFLOPs plain Jacov Mul MParams Sqrt Div Mul <EOS>,(GFLOPs * ((plain * Jacov) / sqrt(MParams))),0.575000000,0.634600000,33,8,4,2183,run_monash_time_unique1000,5,1,TIME__NE_China_Wind__H/seed_2183/run_monash_time_unique1000/visualizations/archive_latex.tex
580,0.478378378,0.575000000,\left(\left(\mathrm{GFLOPs}\right) \cdot \left(\mathrm{Jacov}\right)\right) \cdot \left(\frac{\mathrm{plain}}{\sqrt{\mathrm{MParams}}}\right),GFLOPs Jacov Mul plain MParams Sqrt Div Mul <EOS>,((GFLOPs * Jacov) * (plain / sqrt(MParams))),0.575000000,0.634600000,194,8,4,2054,run_monash_time_unique1000,6,1,TIME__NE_China_Wind__H/seed_2054/run_monash_time_unique1000/visualizations/archive_latex.tex
581,0.477477477,0.575000000,\frac{\mathrm{GFLOPs}}{\frac{\sqrt{\mathrm{MParams}}}{\left(\mathrm{plain}\right) \cdot \left(\mathrm{Jacov}\right)}},GFLOPs MParams Sqrt plain Jacov Mul Div Div <EOS>,(GFLOPs / (sqrt(MParams) / (plain * Jacov))),0.575000000,0.634600000,12,8,4,2098,run_monash_time_unique1000,6,1,TIME__NE_China_Wind__H/seed_2098/run_monash_time_unique1000/visualizations/archive_latex.tex
582,0.476576577,0.575000000,\left(\frac{\left(\mathrm{GFLOPs}\right) \cdot \left(\mathrm{Jacov}\right)}{\sqrt{\mathrm{MParams}}}\right) \cdot \left(\mathrm{plain}\right),GFLOPs Jacov Mul MParams Sqrt Div plain Mul <EOS>,(((GFLOPs * Jacov) / sqrt(MParams)) * plain),0.575000000,0.634600000,16,8,4,2219,run_monash_time_unique1000,7,1,TIME__NE_China_Wind__H/seed_2219/run_monash_time_unique1000/visualizations/archive_latex.tex
583,0.475675676,0.575000000,\left(\mathrm{plain}\right) \cdot \left(\left(\frac{\mathrm{GFLOPs}}{\sqrt{\mathrm{MParams}}}\right) \cdot \left(\mathrm{Jacov}\right)\right),plain GFLOPs MParams Sqrt Div Jacov Mul Mul <EOS>,(plain * ((GFLOPs / sqrt(MParams)) * Jacov)),0.575000000,0.634600000,14,8,5,2207,run_monash_time_unique1000,8,1,TIME__NE_China_Wind__H/seed_2207/run_monash_time_unique1000/visualizations/archive_latex.tex
584,0.474774775,0.575000000,\frac{\left(\left(\mathrm{GFLOPs}\right) \cdot \left(\mathrm{plain}\right)\right) \cdot \left(\mathrm{Jacov}\right)}{\sqrt{\mathrm{MParams}}},GFLOPs plain Mul Jacov Mul MParams Sqrt Div <EOS>,(((GFLOPs * plain) * Jacov) / sqrt(MParams)),0.575000000,0.634600000,42,8,4,2100,run_monash_time_unique1000,9,2,TIME__NE_China_Wind__H/seed_2100/run_monash_time_unique1000/visualizations/archive_latex.tex
585,0.473873874,0.575000000,\left(\mathrm{GFLOPs}\right) \cdot \left(\left(\frac{\mathrm{Jacov}}{\sqrt{\mathrm{MParams}}}\right) \cdot \left(\mathrm{plain}\right)\right),GFLOPs Jacov MParams Sqrt Div plain Mul Mul <EOS>,(GFLOPs * ((Jacov / sqrt(MParams)) * plain)),0.575000000,0.634600000,11,8,5,2061,run_monash_time_unique1000,10,1,TIME__NE_China_Wind__H/seed_2061/run_monash_time_unique1000/visualizations/archive_latex.tex
586,0.472972973,0.575000000,\frac{\left(\mathrm{Jacov}\right) \cdot \left(\left(\mathrm{plain}\right) \cdot \left(\mathrm{GFLOPs}\right)\right)}{\sqrt{\mathrm{MParams}}},Jacov plain GFLOPs Mul Mul MParams Sqrt Div <EOS>,((Jacov * (plain * GFLOPs)) / sqrt(MParams)),0.575000000,0.634600000,24,8,4,2079,run_monash_time_unique1000,10,1,TIME__NE_China_Wind__H/seed_2079/run_monash_time_unique1000/visualizations/archive_latex.tex
587,0.472072072,0.574400000,\frac{\left(\mathrm{L2Norm}\right)^2}{\left(\mathrm{GFLOPs}\right) \cdot \left(\left(\mathrm{plain}\right) \cdot \left(\sqrt{\mathrm{Jacov}}\right)\right)},L2-Norm Square GFLOPs plain Jacov Sqrt Mul Mul Div <EOS>,(square(L2-Norm) / (GFLOPs * (plain * sqrt(Jacov)))),0.574400000,0.668600000,40,9,5,2221,run_monash_time_unique1000,10,1,TIME__NE_China_Wind__H/seed_2221/run_monash_time_unique1000/visualizations/archive_latex.tex
588,0.471171171,0.574100000,\left(\mathrm{Jacov} + \frac{\sqrt{\mathrm{Jacov}}}{\mathrm{Fisher}}\right) \cdot \left(\mathrm{GFLOPs}\right),Jacov Jacov Sqrt Fisher Div Add GFLOPs Mul <EOS>,((Jacov + (sqrt(Jacov) / Fisher)) * GFLOPs),0.574100000,0.619500000,7,8,5,2027,run_monash_time_unique1000,1,2,TIME__NE_China_Wind__H/seed_2027/run_monash_time_unique1000/visualizations/archive_latex.tex
589,0.470270270,0.574100000,\left(\sqrt{\mathrm{Fisher}} + \log\left(\mathrm{plain}\right)\right) \cdot \left(\left(\mathrm{Jacov}\right) \cdot \left(\mathrm{GFLOPs}\right)\right),Fisher Sqrt plain Log Add Jacov GFLOPs Mul Mul <EOS>,((sqrt(Fisher) + log(plain)) * (Jacov * GFLOPs)),0.574100000,0.640200000,137,9,4,2135,run_monash_time_unique1000,1,1,TIME__NE_China_Wind__H/seed_2135/run_monash_time_unique1000/visualizations/archive_latex.tex
590,0.469369369,0.574100000,\left(\mathrm{GFLOPs}\right) \cdot \left(\mathrm{Jacov} + \frac{\sqrt{\mathrm{Jacov}}}{\mathrm{Fisher}}\right),GFLOPs Jacov Jacov Sqrt Fisher Div Add Mul <EOS>,(GFLOPs * (Jacov + (sqrt(Jacov) / Fisher))),0.574100000,0.619500000,81,8,5,2141,run_monash_time_unique1000,8,1,TIME__NE_China_Wind__H/seed_2141/run_monash_time_unique1000/visualizations/archive_latex.tex
591,0.468468468,0.573900000,\left(\left(\log\left(\mathrm{GFLOPs}\right)\right) \cdot \left(\left(\mathrm{plain}\right)^2\right)\right) \cdot \left(\frac{\mathrm{Jacov}}{\mathrm{GradNorm}}\right),GFLOPs Log plain Square Mul Jacov Grad_Norm Div Mul <EOS>,((log(GFLOPs) * square(plain)) * (Jacov / Grad_Norm)),0.573900000,0.691500000,29,9,4,2069,run_monash_time_unique1000,4,3,TIME__NE_China_Wind__H/seed_2069/run_monash_time_unique1000/visualizations/archive_latex.tex
592,0.467567568,0.573900000,\left(\log\left(\mathrm{GFLOPs}\right)\right) \cdot \left(\frac{\left(\mathrm{Jacov}\right) \cdot \left(\left(\mathrm{plain}\right)^2\right)}{\mathrm{GradNorm}}\right),GFLOPs Log Jacov plain Square Mul Grad_Norm Div Mul <EOS>,(log(GFLOPs) * ((Jacov * square(plain)) / Grad_Norm)),0.573900000,0.691500000,11,9,5,2056,run_monash_time_unique1000,6,2,TIME__NE_China_Wind__H/seed_2056/run_monash_time_unique1000/visualizations/archive_latex.tex
593,0.466666667,0.573900000,\left(\left(\log\left(\mathrm{GFLOPs}\right)\right) \cdot \left(\frac{\mathrm{Jacov}}{\mathrm{GradNorm}}\right)\right) \cdot \left(\left(\mathrm{plain}\right)^2\right),GFLOPs Log Jacov Grad_Norm Div Mul plain Square Mul <EOS>,((log(GFLOPs) * (Jacov / Grad_Norm)) * square(plain)),0.573900000,0.691500000,33,9,4,2112,run_monash_time_unique1000,6,5,TIME__NE_China_Wind__H/seed_2112/run_monash_time_unique1000/visualizations/archive_latex.tex
594,0.465765766,0.573900000,\left(\frac{\mathrm{Jacov}}{\frac{\mathrm{GradNorm}}{\log\left(\mathrm{GFLOPs}\right)}}\right) \cdot \left(\left(\mathrm{plain}\right)^2\right),Jacov Grad_Norm GFLOPs Log Div Div plain Square Mul <EOS>,((Jacov / (Grad_Norm / log(GFLOPs))) * square(plain)),0.573900000,0.691500000,12,9,5,2136,run_monash_time_unique1000,6,1,TIME__NE_China_Wind__H/seed_2136/run_monash_time_unique1000/visualizations/archive_latex.tex
595,0.464864865,0.573900000,\left(\left(\mathrm{plain}\right)^2\right) \cdot \left(\left(\log\left(\mathrm{GFLOPs}\right)\right) \cdot \left(\frac{\mathrm{Jacov}}{\mathrm{GradNorm}}\right)\right),plain Square GFLOPs Log Jacov Grad_Norm Div Mul Mul <EOS>,(square(plain) * (log(GFLOPs) * (Jacov / Grad_Norm))),0.573900000,0.691500000,32,9,4,2170,run_monash_time_unique1000,6,1,TIME__NE_China_Wind__H/seed_2170/run_monash_time_unique1000/visualizations/archive_latex.tex
596,0.463963964,0.573900000,\left(\log\left(\mathrm{GFLOPs}\right)\right) \cdot \left(\left(\frac{\mathrm{Jacov}}{\mathrm{GradNorm}}\right) \cdot \left(\left(\mathrm{plain}\right)^2\right)\right),GFLOPs Log Jacov Grad_Norm Div plain Square Mul Mul <EOS>,(log(GFLOPs) * ((Jacov / Grad_Norm) * square(plain))),0.573900000,0.691500000,49,9,4,2194,run_monash_time_unique1000,6,1,TIME__NE_China_Wind__H/seed_2194/run_monash_time_unique1000/visualizations/archive_latex.tex
597,0.463063063,0.573900000,\left(\left(\log\left(\mathrm{GFLOPs}\right)\right) \cdot \left(\mathrm{Jacov}\right)\right) \cdot \left(\frac{\left(\mathrm{plain}\right)^2}{\mathrm{GradNorm}}\right),GFLOPs Log Jacov Mul plain Square Grad_Norm Div Mul <EOS>,((log(GFLOPs) * Jacov) * (square(plain) / Grad_Norm)),0.573900000,0.691500000,11,9,4,2195,run_monash_time_unique1000,6,1,TIME__NE_China_Wind__H/seed_2195/run_monash_time_unique1000/visualizations/archive_latex.tex
598,0.462162162,0.573900000,\frac{\left(\left(\mathrm{plain}\right)^2\right) \cdot \left(\left(\log\left(\mathrm{GFLOPs}\right)\right) \cdot \left(\mathrm{Jacov}\right)\right)}{\mathrm{GradNorm}},plain Square GFLOPs Log Jacov Mul Mul Grad_Norm Div <EOS>,((square(plain) * (log(GFLOPs) * Jacov)) / Grad_Norm),0.573900000,0.691500000,13,9,5,2204,run_monash_time_unique1000,6,2,TIME__NE_China_Wind__H/seed_2204/run_monash_time_unique1000/visualizations/archive_latex.tex
599,0.461261261,0.573900000,\frac{\log\left(\mathrm{GFLOPs}\right)}{\frac{\mathrm{GradNorm}}{\left(\left(\mathrm{plain}\right)^2\right) \cdot \left(\mathrm{Jacov}\right)}},GFLOPs Log Grad_Norm plain Square Jacov Mul Div Div <EOS>,(log(GFLOPs) / (Grad_Norm / (square(plain) * Jacov))),0.573900000,0.691500000,15,9,5,2098,run_monash_time_unique1000,7,1,TIME__NE_China_Wind__H/seed_2098/run_monash_time_unique1000/visualizations/archive_latex.tex
600,0.460360360,0.573900000,\frac{\left(\left(\mathrm{plain}\right)^2\right) \cdot \left(\left(\mathrm{Jacov}\right) \cdot \left(\log\left(\mathrm{GFLOPs}\right)\right)\right)}{\mathrm{GradNorm}},plain Square Jacov GFLOPs Log Mul Mul Grad_Norm Div <EOS>,((square(plain) * (Jacov * log(GFLOPs))) / Grad_Norm),0.573900000,0.691500000,16,9,5,2160,run_monash_time_unique1000,7,1,TIME__NE_China_Wind__H/seed_2160/run_monash_time_unique1000/visualizations/archive_latex.tex
601,0.459459459,0.573900000,\left(\left(\left(\mathrm{plain}\right)^2\right) \cdot \left(\frac{\mathrm{Jacov}}{\mathrm{GradNorm}}\right)\right) \cdot \left(\log\left(\mathrm{GFLOPs}\right)\right),plain Square Jacov Grad_Norm Div Mul GFLOPs Log Mul <EOS>,((square(plain) * (Jacov / Grad_Norm)) * log(GFLOPs)),0.573900000,0.691500000,60,9,4,2028,run_monash_time_unique1000,8,1,TIME__NE_China_Wind__H/seed_2028/run_monash_time_unique1000/visualizations/archive_latex.tex
602,0.458558559,0.573900000,\left(\frac{\mathrm{Jacov}}{\mathrm{GradNorm}}\right) \cdot \left(\left(\left(\mathrm{plain}\right)^2\right) \cdot \left(\log\left(\mathrm{GFLOPs}\right)\right)\right),Jacov Grad_Norm Div plain Square GFLOPs Log Mul Mul <EOS>,((Jacov / Grad_Norm) * (square(plain) * log(GFLOPs))),0.573900000,0.691500000,55,9,4,2051,run_monash_time_unique1000,8,1,TIME__NE_China_Wind__H/seed_2051/run_monash_time_unique1000/visualizations/archive_latex.tex
603,0.457657658,0.573900000,\frac{\left(\left(\left(\mathrm{plain}\right)^2\right) \cdot \left(\log\left(\mathrm{GFLOPs}\right)\right)\right) \cdot \left(\mathrm{Jacov}\right)}{\mathrm{GradNorm}},plain Square GFLOPs Log Mul Jacov Mul Grad_Norm Div <EOS>,(((square(plain) * log(GFLOPs)) * Jacov) / Grad_Norm),0.573900000,0.691500000,39,9,5,2127,run_monash_time_unique1000,9,2,TIME__NE_China_Wind__H/seed_2127/run_monash_time_unique1000/visualizations/archive_latex.tex
604,0.456756757,0.573900000,\left(\left(\mathrm{plain}\right)^2\right) \cdot \left(\left(\frac{\log\left(\mathrm{GFLOPs}\right)}{\mathrm{GradNorm}}\right) \cdot \left(\mathrm{Jacov}\right)\right),plain Square GFLOPs Log Grad_Norm Div Jacov Mul Mul <EOS>,(square(plain) * ((log(GFLOPs) / Grad_Norm) * Jacov)),0.573900000,0.691500000,29,9,5,2207,run_monash_time_unique1000,9,1,TIME__NE_China_Wind__H/seed_2207/run_monash_time_unique1000/visualizations/archive_latex.tex
605,0.455855856,0.573900000,\left(\frac{\log\left(\mathrm{GFLOPs}\right)}{\mathrm{GradNorm}}\right) \cdot \left(\left(\left(\mathrm{plain}\right)^2\right) \cdot \left(\mathrm{Jacov}\right)\right),GFLOPs Log Grad_Norm Div plain Square Jacov Mul Mul <EOS>,((log(GFLOPs) / Grad_Norm) * (square(plain) * Jacov)),0.573900000,0.691500000,64,9,4,2073,run_monash_time_unique1000,10,1,TIME__NE_China_Wind__H/seed_2073/run_monash_time_unique1000/visualizations/archive_latex.tex
606,0.454954955,0.573900000,\frac{\left(\left(\log\left(\mathrm{GFLOPs}\right)\right) \cdot \left(\left(\mathrm{plain}\right)^2\right)\right) \cdot \left(\mathrm{Jacov}\right)}{\mathrm{GradNorm}},GFLOPs Log plain Square Mul Jacov Mul Grad_Norm Div <EOS>,(((log(GFLOPs) * square(plain)) * Jacov) / Grad_Norm),0.573900000,0.691500000,61,9,5,2100,run_monash_time_unique1000,10,1,TIME__NE_China_Wind__H/seed_2100/run_monash_time_unique1000/visualizations/archive_latex.tex
607,0.454054054,0.573900000,\left(\left(\frac{\mathrm{Jacov}}{\mathrm{GradNorm}}\right) \cdot \left(\left(\mathrm{plain}\right)^2\right)\right) \cdot \left(\log\left(\mathrm{GFLOPs}\right)\right),Jacov Grad_Norm Div plain Square Mul GFLOPs Log Mul <EOS>,(((Jacov / Grad_Norm) * square(plain)) * log(GFLOPs)),0.573900000,0.691500000,76,9,4,2185,run_monash_time_unique1000,10,1,TIME__NE_China_Wind__H/seed_2185/run_monash_time_unique1000/visualizations/archive_latex.tex
608,0.453153153,0.573800000,\left(\frac{\log\left(\mathrm{plain}\right)}{\mathrm{GSynFlow}}\right)^2 + \left(\mathrm{plain}\right) \cdot \left(\mathrm{Jacov}\right),plain Log GSynFlow Div Square plain Jacov Mul Add <EOS>,(square((log(plain) / GSynFlow)) + (plain * Jacov)),0.573800000,0.633100000,109,9,5,2128,run_monash_time_unique1000,1,1,TIME__NE_China_Wind__H/seed_2128/run_monash_time_unique1000/visualizations/archive_latex.tex
609,0.452252252,0.573800000,\left(\mathrm{GFLOPs}\right) \cdot \left(\left(\mathrm{Jacov}\right) \cdot \left(\left(\frac{\mathrm{plain}}{\log\left(\mathrm{GraSP}\right)}\right)^2\right)\right),GFLOPs Jacov plain GraSP Log Div Square Mul Mul <EOS>,(GFLOPs * (Jacov * square((plain / log(GraSP))))),0.573800000,0.665700000,13,9,6,2193,run_monash_time_unique1000,2,1,TIME__NE_China_Wind__H/seed_2193/run_monash_time_unique1000/visualizations/archive_latex.tex
610,0.451351351,0.573600000,\left(\left(\frac{\mathrm{Fisher}}{\mathrm{GSynFlow}}\right)^2 + \mathrm{Jacov}\right) \cdot \left(\mathrm{plain}\right),Fisher GSynFlow Div Square Jacov Add plain Mul <EOS>,((square((Fisher / GSynFlow)) + Jacov) * plain),0.573600000,0.629500000,43,8,5,2099,run_monash_time_unique1000,1,3,TIME__NE_China_Wind__H/seed_2099/run_monash_time_unique1000/visualizations/archive_latex.tex
611,0.450450450,0.573600000,\left(\mathrm{plain}\right) \cdot \left(\mathrm{Jacov} + \left(\frac{\mathrm{Fisher}}{\mathrm{GSynFlow}}\right)^2\right),plain Jacov Fisher GSynFlow Div Square Add Mul <EOS>,(plain * (Jacov + square((Fisher / GSynFlow)))),0.573600000,0.629500000,189,8,5,2157,run_monash_time_unique1000,1,2,TIME__NE_China_Wind__H/seed_2157/run_monash_time_unique1000/visualizations/archive_latex.tex
612,0.449549550,0.573600000,\left(\mathrm{Jacov} + \left(\frac{\mathrm{Fisher}}{\mathrm{GSynFlow}}\right)^2\right) \cdot \left(\mathrm{plain}\right),Jacov Fisher GSynFlow Div Square Add plain Mul <EOS>,((Jacov + square((Fisher / GSynFlow))) * plain),0.573600000,0.629500000,124,8,5,2171,run_monash_time_unique1000,4,2,TIME__NE_China_Wind__H/seed_2171/run_monash_time_unique1000/visualizations/archive_latex.tex
613,0.448648649,0.573600000,\left(\mathrm{plain}\right) \cdot \left(\mathrm{Jacov} - -\left(\frac{\mathrm{Fisher}}{\mathrm{GSynFlow}}\right)^2\right),plain Jacov Fisher GSynFlow Div Square Negative Sub Mul <EOS>,(plain * (Jacov - -(square((Fisher / GSynFlow))))),0.573600000,0.629500000,187,9,6,2214,run_monash_time_unique1000,7,1,TIME__NE_China_Wind__H/seed_2214/run_monash_time_unique1000/visualizations/archive_latex.tex
614,0.447747748,0.573500000,\frac{\mathrm{Jacov}}{\frac{\mathrm{Snip}}{\log\left(\mathrm{GFLOPs}\right)}} - \left(\mathrm{plain}\right)^2,Jacov Snip GFLOPs Log Div Div plain Square Sub <EOS>,((Jacov / (Snip / log(GFLOPs))) - square(plain)),0.573500000,0.614000000,40,9,5,2136,run_monash_time_unique1000,7,1,TIME__NE_China_Wind__H/seed_2136/run_monash_time_unique1000/visualizations/archive_latex.tex
615,0.446846847,0.573500000,\left(\log\left(\mathrm{GFLOPs}\right)\right) \cdot \left(\frac{\mathrm{Jacov}}{\mathrm{Snip}}\right) - \left(\mathrm{plain}\right)^2,GFLOPs Log Jacov Snip Div Mul plain Square Sub <EOS>,((log(GFLOPs) * (Jacov / Snip)) - square(plain)),0.573500000,0.614000000,39,9,4,2082,run_monash_time_unique1000,10,3,TIME__NE_China_Wind__H/seed_2082/run_monash_time_unique1000/visualizations/archive_latex.tex
616,0.445945946,0.573200000,\left(\mathrm{plain}\right) \cdot \left(\left(\frac{\mathrm{ZiCo}}{\mathrm{GSynFlow}}\right)^2 + \mathrm{Jacov}\right),plain ZiCo GSynFlow Div Square Jacov Add Mul <EOS>,(plain * (square((ZiCo / GSynFlow)) + Jacov)),0.573200000,0.633400000,53,8,5,2068,run_monash_time_unique1000,1,2,TIME__NE_China_Wind__H/seed_2068/run_monash_time_unique1000/visualizations/archive_latex.tex
617,0.445045045,0.573200000,\left(\frac{\left(\mathrm{ZiCo}\right)^2}{\left(\mathrm{GSynFlow}\right)^2} + \mathrm{Jacov}\right) \cdot \left(\mathrm{plain}\right),ZiCo Square GSynFlow Square Div Jacov Add plain Mul <EOS>,(((square(ZiCo) / square(GSynFlow)) + Jacov) * plain),0.573200000,0.633400000,22,9,5,2123,run_monash_time_unique1000,1,1,TIME__NE_China_Wind__H/seed_2123/run_monash_time_unique1000/visualizations/archive_latex.tex
618,0.444144144,0.573200000,\left(\mathrm{Jacov} + \left(\frac{\mathrm{ZiCo}}{\mathrm{GSynFlow}}\right)^2\right) \cdot \left(\mathrm{plain}\right),Jacov ZiCo GSynFlow Div Square Add plain Mul <EOS>,((Jacov + square((ZiCo / GSynFlow))) * plain),0.573200000,0.633400000,119,8,5,2161,run_monash_time_unique1000,1,2,TIME__NE_China_Wind__H/seed_2161/run_monash_time_unique1000/visualizations/archive_latex.tex
619,0.443243243,0.573200000,\left(\left(\frac{\mathrm{ZiCo}}{\mathrm{GSynFlow}}\right)^2 + \mathrm{Jacov}\right) \cdot \left(\mathrm{plain}\right),ZiCo GSynFlow Div Square Jacov Add plain Mul <EOS>,((square((ZiCo / GSynFlow)) + Jacov) * plain),0.573200000,0.633400000,85,8,5,2099,run_monash_time_unique1000,2,4,TIME__NE_China_Wind__H/seed_2099/run_monash_time_unique1000/visualizations/archive_latex.tex
620,0.442342342,0.572800000,\left(\left(\log\left(\mathrm{GFLOPs}\right)\right)^2\right) \cdot \left(\frac{\left(\mathrm{Jacov}\right) \cdot \left(\mathrm{plain}\right)}{\mathrm{MParams}}\right),GFLOPs Log Square Jacov plain Mul MParams Div Mul <EOS>,(square(log(GFLOPs)) * ((Jacov * plain) / MParams)),0.572800000,0.680400000,39,9,4,2056,run_monash_time_unique1000,7,1,TIME__NE_China_Wind__H/seed_2056/run_monash_time_unique1000/visualizations/archive_latex.tex
621,0.441441441,0.572800000,\left(\left(\left(\log\left(\mathrm{GFLOPs}\right)\right)^2\right) \cdot \left(\mathrm{Jacov}\right)\right) \cdot \left(\frac{\mathrm{plain}}{\mathrm{MParams}}\right),GFLOPs Log Square Jacov Mul plain MParams Div Mul <EOS>,((square(log(GFLOPs)) * Jacov) * (plain / MParams)),0.572800000,0.680400000,66,9,5,2141,run_monash_time_unique1000,10,1,TIME__NE_China_Wind__H/seed_2141/run_monash_time_unique1000/visualizations/archive_latex.tex
622,0.440540541,0.572700000,\left(\mathrm{plain}\right) \cdot \left(\mathrm{Jacov}\right) + \left(\frac{\mathrm{Fisher}}{\mathrm{GSynFlow}}\right)^2,plain Jacov Mul Fisher GSynFlow Div Square Add <EOS>,((plain * Jacov) + square((Fisher / GSynFlow))),0.572700000,0.598300000,40,8,4,2037,run_monash_time_unique1000,1,4,TIME__NE_China_Wind__H/seed_2037/run_monash_time_unique1000/visualizations/archive_latex.tex
623,0.439639640,0.572700000,\left(\frac{\mathrm{Fisher}}{\mathrm{GSynFlow}}\right)^2 + \left(\mathrm{plain}\right) \cdot \left(\mathrm{Jacov}\right),Fisher GSynFlow Div Square plain Jacov Mul Add <EOS>,(square((Fisher / GSynFlow)) + (plain * Jacov)),0.572700000,0.598300000,114,8,4,2042,run_monash_time_unique1000,1,7,TIME__NE_China_Wind__H/seed_2042/run_monash_time_unique1000/visualizations/archive_latex.tex
624,0.438738739,0.572700000,\left(\mathrm{Jacov}\right) \cdot \left(\mathrm{plain}\right) + \left(\frac{\mathrm{Fisher}}{\mathrm{GSynFlow}}\right)^2,Jacov plain Mul Fisher GSynFlow Div Square Add <EOS>,((Jacov * plain) + square((Fisher / GSynFlow))),0.572700000,0.598300000,74,8,4,2047,run_monash_time_unique1000,1,5,TIME__NE_China_Wind__H/seed_2047/run_monash_time_unique1000/visualizations/archive_latex.tex
625,0.437837838,0.572700000,\left(\frac{\mathrm{Fisher}}{\mathrm{GSynFlow}}\right)^2 + \left(\mathrm{Jacov}\right) \cdot \left(\mathrm{plain}\right),Fisher GSynFlow Div Square Jacov plain Mul Add <EOS>,(square((Fisher / GSynFlow)) + (Jacov * plain)),0.572700000,0.598300000,148,8,4,2156,run_monash_time_unique1000,1,2,TIME__NE_China_Wind__H/seed_2156/run_monash_time_unique1000/visualizations/archive_latex.tex
626,0.436936937,0.572700000,\frac{\left(\mathrm{Fisher}\right)^2}{\left(\mathrm{GSynFlow}\right)^2} + \left(\mathrm{Jacov}\right) \cdot \left(\mathrm{plain}\right),Fisher Square GSynFlow Square Div Jacov plain Mul Add <EOS>,((square(Fisher) / square(GSynFlow)) + (Jacov * plain)),0.572700000,0.598300000,117,9,4,2175,run_monash_time_unique1000,1,2,TIME__NE_China_Wind__H/seed_2175/run_monash_time_unique1000/visualizations/archive_latex.tex
627,0.436036036,0.572600000,\frac{\left(\log\left(\mathrm{GFLOPs}\right)\right) \cdot \left(\left(\mathrm{plain}\right) \cdot \left(\mathrm{Jacov}\right)\right)}{\mathrm{L2Norm}},GFLOPs Log plain Jacov Mul Mul L2-Norm Div <EOS>,((log(GFLOPs) * (plain * Jacov)) / L2-Norm),0.572600000,0.665200000,13,8,4,2134,run_monash_time_unique1000,1,2,TIME__NE_China_Wind__H/seed_2134/run_monash_time_unique1000/visualizations/archive_latex.tex
628,0.435135135,0.572600000,\left(\mathrm{plain}\right) \cdot \left(\frac{\left(\log\left(\mathrm{GFLOPs}\right)\right) \cdot \left(\mathrm{Jacov}\right)}{\mathrm{L2Norm}}\right),plain GFLOPs Log Jacov Mul L2-Norm Div Mul <EOS>,(plain * ((log(GFLOPs) * Jacov) / L2-Norm)),0.572600000,0.665200000,13,8,5,2157,run_monash_time_unique1000,2,1,TIME__NE_China_Wind__H/seed_2157/run_monash_time_unique1000/visualizations/archive_latex.tex
629,0.434234234,0.572600000,\left(\frac{\mathrm{plain}}{\mathrm{L2Norm}}\right) \cdot \left(\left(\log\left(\mathrm{GFLOPs}\right)\right) \cdot \left(\mathrm{Jacov}\right)\right),plain L2-Norm Div GFLOPs Log Jacov Mul Mul <EOS>,((plain / L2-Norm) * (log(GFLOPs) * Jacov)),0.572600000,0.665200000,179,8,4,2162,run_monash_time_unique1000,2,2,TIME__NE_China_Wind__H/seed_2162/run_monash_time_unique1000/visualizations/archive_latex.tex
630,0.433333333,0.572600000,\left(\left(\frac{\mathrm{plain}}{\mathrm{L2Norm}}\right) \cdot \left(\mathrm{Jacov}\right)\right) \cdot \left(\log\left(\mathrm{GFLOPs}\right)\right),plain L2-Norm Div Jacov Mul GFLOPs Log Mul <EOS>,(((plain / L2-Norm) * Jacov) * log(GFLOPs)),0.572600000,0.665200000,7,8,4,2045,run_monash_time_unique1000,3,1,TIME__NE_China_Wind__H/seed_2045/run_monash_time_unique1000/visualizations/archive_latex.tex
631,0.432432432,0.572600000,\left(\log\left(\mathrm{GFLOPs}\right)\right) \cdot \left(\left(\frac{\mathrm{Jacov}}{\mathrm{L2Norm}}\right) \cdot \left(\mathrm{plain}\right)\right),GFLOPs Log Jacov L2-Norm Div plain Mul Mul <EOS>,(log(GFLOPs) * ((Jacov / L2-Norm) * plain)),0.572600000,0.665200000,26,8,4,2183,run_monash_time_unique1000,6,1,TIME__NE_China_Wind__H/seed_2183/run_monash_time_unique1000/visualizations/archive_latex.tex
632,0.431531532,0.572600000,\left(\left(\log\left(\mathrm{GFLOPs}\right)\right) \cdot \left(\mathrm{Jacov}\right)\right) \cdot \left(\frac{\mathrm{plain}}{\mathrm{L2Norm}}\right),GFLOPs Log Jacov Mul plain L2-Norm Div Mul <EOS>,((log(GFLOPs) * Jacov) * (plain / L2-Norm)),0.572600000,0.665200000,41,8,4,2054,run_monash_time_unique1000,7,1,TIME__NE_China_Wind__H/seed_2054/run_monash_time_unique1000/visualizations/archive_latex.tex
633,0.430630631,0.572600000,\left(\frac{\mathrm{Jacov}}{\mathrm{L2Norm}}\right) \cdot \left(\left(\log\left(\mathrm{GFLOPs}\right)\right) \cdot \left(\mathrm{plain}\right)\right),Jacov L2-Norm Div GFLOPs Log plain Mul Mul <EOS>,((Jacov / L2-Norm) * (log(GFLOPs) * plain)),0.572600000,0.665200000,13,8,4,2112,run_monash_time_unique1000,7,1,TIME__NE_China_Wind__H/seed_2112/run_monash_time_unique1000/visualizations/archive_latex.tex
634,0.429729730,0.572600000,\frac{\left(\log\left(\mathrm{GFLOPs}\right)\right) \cdot \left(\left(\mathrm{Jacov}\right) \cdot \left(\mathrm{plain}\right)\right)}{\mathrm{L2Norm}},GFLOPs Log Jacov plain Mul Mul L2-Norm Div <EOS>,((log(GFLOPs) * (Jacov * plain)) / L2-Norm),0.572600000,0.665200000,44,8,4,2194,run_monash_time_unique1000,7,1,TIME__NE_China_Wind__H/seed_2194/run_monash_time_unique1000/visualizations/archive_latex.tex
635,0.428828829,0.572600000,\left(\mathrm{plain}\right) \cdot \left(\left(\frac{\mathrm{Jacov}}{\mathrm{L2Norm}}\right) \cdot \left(\log\left(\mathrm{GFLOPs}\right)\right)\right),plain Jacov L2-Norm Div GFLOPs Log Mul Mul <EOS>,(plain * ((Jacov / L2-Norm) * log(GFLOPs))),0.572600000,0.665200000,72,8,4,2204,run_monash_time_unique1000,7,1,TIME__NE_China_Wind__H/seed_2204/run_monash_time_unique1000/visualizations/archive_latex.tex
636,0.427927928,0.572600000,\left(\log\left(\mathrm{GFLOPs}\right)\right) \cdot \left(\frac{\left(\mathrm{Jacov}\right) \cdot \left(\mathrm{plain}\right)}{\mathrm{L2Norm}}\right),GFLOPs Log Jacov plain Mul L2-Norm Div Mul <EOS>,(log(GFLOPs) * ((Jacov * plain) / L2-Norm)),0.572600000,0.665200000,19,8,4,2056,run_monash_time_unique1000,8,2,TIME__NE_China_Wind__H/seed_2056/run_monash_time_unique1000/visualizations/archive_latex.tex
637,0.427027027,0.572600000,\left(\left(\mathrm{Jacov}\right) \cdot \left(\log\left(\mathrm{GFLOPs}\right)\right)\right) \cdot \left(\frac{\mathrm{plain}}{\mathrm{L2Norm}}\right),Jacov GFLOPs Log Mul plain L2-Norm Div Mul <EOS>,((Jacov * log(GFLOPs)) * (plain / L2-Norm)),0.572600000,0.665200000,72,8,4,2160,run_monash_time_unique1000,8,1,TIME__NE_China_Wind__H/seed_2160/run_monash_time_unique1000/visualizations/archive_latex.tex
638,0.426126126,0.572600000,\left(\frac{\left(\log\left(\mathrm{GFLOPs}\right)\right) \cdot \left(\mathrm{Jacov}\right)}{\mathrm{L2Norm}}\right) \cdot \left(\mathrm{plain}\right),GFLOPs Log Jacov Mul L2-Norm Div plain Mul <EOS>,(((log(GFLOPs) * Jacov) / L2-Norm) * plain),0.572600000,0.665200000,11,8,5,2219,run_monash_time_unique1000,8,1,TIME__NE_China_Wind__H/seed_2219/run_monash_time_unique1000/visualizations/archive_latex.tex
639,0.425225225,0.572600000,\left(\left(\mathrm{plain}\right) \cdot \left(\frac{\mathrm{Jacov}}{\mathrm{L2Norm}}\right)\right) \cdot \left(\log\left(\mathrm{GFLOPs}\right)\right),plain Jacov L2-Norm Div Mul GFLOPs Log Mul <EOS>,((plain * (Jacov / L2-Norm)) * log(GFLOPs)),0.572600000,0.665200000,133,8,4,2028,run_monash_time_unique1000,9,1,TIME__NE_China_Wind__H/seed_2028/run_monash_time_unique1000/visualizations/archive_latex.tex
640,0.424324324,0.572600000,\left(\frac{\mathrm{Jacov}}{\mathrm{L2Norm}}\right) \cdot \left(\left(\mathrm{plain}\right) \cdot \left(\log\left(\mathrm{GFLOPs}\right)\right)\right),Jacov L2-Norm Div plain GFLOPs Log Mul Mul <EOS>,((Jacov / L2-Norm) * (plain * log(GFLOPs))),0.572600000,0.665200000,56,8,4,2051,run_monash_time_unique1000,9,1,TIME__NE_China_Wind__H/seed_2051/run_monash_time_unique1000/visualizations/archive_latex.tex
641,0.423423423,0.572600000,\left(\left(\frac{\mathrm{plain}}{\mathrm{L2Norm}}\right) \cdot \left(\log\left(\mathrm{GFLOPs}\right)\right)\right) \cdot \left(\mathrm{Jacov}\right),plain L2-Norm Div GFLOPs Log Mul Jacov Mul <EOS>,(((plain / L2-Norm) * log(GFLOPs)) * Jacov),0.572600000,0.665200000,29,8,4,2072,run_monash_time_unique1000,9,2,TIME__NE_China_Wind__H/seed_2072/run_monash_time_unique1000/visualizations/archive_latex.tex
642,0.422522523,0.572600000,\frac{\log\left(\mathrm{GFLOPs}\right)}{\frac{\mathrm{L2Norm}}{\left(\mathrm{plain}\right) \cdot \left(\mathrm{Jacov}\right)}},GFLOPs Log L2-Norm plain Jacov Mul Div Div <EOS>,(log(GFLOPs) / (L2-Norm / (plain * Jacov))),0.572600000,0.665200000,7,8,4,2098,run_monash_time_unique1000,9,1,TIME__NE_China_Wind__H/seed_2098/run_monash_time_unique1000/visualizations/archive_latex.tex
643,0.421621622,0.572000000,\left(\left(\log\left(\mathrm{GFLOPs}\right)\right) \cdot \left(\mathrm{Jacov}\right)\right) \cdot \left(\left(\frac{\mathrm{plain}}{\mathrm{GradNorm}}\right)^2\right),GFLOPs Log Jacov Mul plain Grad_Norm Div Square Mul <EOS>,((log(GFLOPs) * Jacov) * square((plain / Grad_Norm))),0.572000000,0.692600000,126,9,4,2054,run_monash_time_unique1000,8,1,TIME__NE_China_Wind__H/seed_2054/run_monash_time_unique1000/visualizations/archive_latex.tex
644,0.420720721,0.571400000,\left(\mathrm{GFLOPs}\right) \cdot \left(\frac{\left(\mathrm{Jacov}\right) \cdot \left(\left(\mathrm{plain}\right)^2\right)}{\mathrm{GradNorm}}\right),GFLOPs Jacov plain Square Mul Grad_Norm Div Mul <EOS>,(GFLOPs * ((Jacov * square(plain)) / Grad_Norm)),0.571400000,0.671700000,148,8,5,2125,run_monash_time_unique1000,1,3,TIME__NE_China_Wind__H/seed_2125/run_monash_time_unique1000/visualizations/archive_latex.tex
645,0.419819820,0.571400000,\left(\left(\frac{\left(\mathrm{plain}\right)^2}{\mathrm{GradNorm}}\right) \cdot \left(\mathrm{GFLOPs}\right)\right) \cdot \left(\mathrm{Jacov}\right),plain Square Grad_Norm Div GFLOPs Mul Jacov Mul <EOS>,(((square(plain) / Grad_Norm) * GFLOPs) * Jacov),0.571400000,0.671700000,32,8,5,2037,run_monash_time_unique1000,2,1,TIME__NE_China_Wind__H/seed_2037/run_monash_time_unique1000/visualizations/archive_latex.tex
646,0.418918919,0.571400000,\left(\frac{\mathrm{Jacov}}{\frac{\mathrm{GradNorm}}{\left(\mathrm{plain}\right)^2}}\right) \cdot \left(\mathrm{GFLOPs}\right),Jacov Grad_Norm plain Square Div Div GFLOPs Mul <EOS>,((Jacov / (Grad_Norm / square(plain))) * GFLOPs),0.571400000,0.671700000,132,8,5,2148,run_monash_time_unique1000,2,1,TIME__NE_China_Wind__H/seed_2148/run_monash_time_unique1000/visualizations/archive_latex.tex
647,0.418018018,0.571400000,\frac{\left(\left(\mathrm{GFLOPs}\right) \cdot \left(\left(\mathrm{plain}\right)^2\right)\right) \cdot \left(\mathrm{Jacov}\right)}{\mathrm{GradNorm}},GFLOPs plain Square Mul Jacov Mul Grad_Norm Div <EOS>,(((GFLOPs * square(plain)) * Jacov) / Grad_Norm),0.571400000,0.671700000,24,8,5,2146,run_monash_time_unique1000,3,1,TIME__NE_China_Wind__H/seed_2146/run_monash_time_unique1000/visualizations/archive_latex.tex
648,0.417117117,0.571400000,\left(\mathrm{GFLOPs}\right) \cdot \left(\left(\mathrm{Jacov}\right) \cdot \left(\frac{\left(\mathrm{plain}\right)^2}{\mathrm{GradNorm}}\right)\right),GFLOPs Jacov plain Square Grad_Norm Div Mul Mul <EOS>,(GFLOPs * (Jacov * (square(plain) / Grad_Norm))),0.571400000,0.671700000,25,8,5,2193,run_monash_time_unique1000,3,1,TIME__NE_China_Wind__H/seed_2193/run_monash_time_unique1000/visualizations/archive_latex.tex
649,0.416216216,0.571400000,\frac{-\mathrm{GradNorm}}{\left(\mathrm{Jacov}\right) \cdot \left(\left(\mathrm{GFLOPs}\right) \cdot \left(\left(\mathrm{plain}\right)^2\right)\right)},Grad_Norm Negative Jacov GFLOPs plain Square Mul Mul Div <EOS>,(-(Grad_Norm) / (Jacov * (GFLOPs * square(plain)))),0.571400000,0.671700000,11,9,5,2210,run_monash_time_unique1000,4,1,TIME__NE_China_Wind__H/seed_2210/run_monash_time_unique1000/visualizations/archive_latex.tex
650,0.415315315,0.571400000,\left(\left(\mathrm{Jacov}\right) \cdot \left(\frac{\left(\mathrm{plain}\right)^2}{\mathrm{GradNorm}}\right)\right) \cdot \left(\mathrm{GFLOPs}\right),Jacov plain Square Grad_Norm Div Mul GFLOPs Mul <EOS>,((Jacov * (square(plain) / Grad_Norm)) * GFLOPs),0.571400000,0.671700000,147,8,5,2211,run_monash_time_unique1000,4,1,TIME__NE_China_Wind__H/seed_2211/run_monash_time_unique1000/visualizations/archive_latex.tex
651,0.414414414,0.571400000,\frac{\mathrm{Jacov}}{\frac{\mathrm{GradNorm}}{\left(\left(\mathrm{plain}\right)^2\right) \cdot \left(\mathrm{GFLOPs}\right)}},Jacov Grad_Norm plain Square GFLOPs Mul Div Div <EOS>,(Jacov / (Grad_Norm / (square(plain) * GFLOPs))),0.571400000,0.671700000,95,8,5,2226,run_monash_time_unique1000,5,1,TIME__NE_China_Wind__H/seed_2226/run_monash_time_unique1000/visualizations/archive_latex.tex
652,0.413513514,0.571400000,\left(\left(\mathrm{GFLOPs}\right) \cdot \left(\left(\mathrm{plain}\right)^2\right)\right) \cdot \left(\frac{\mathrm{Jacov}}{\mathrm{GradNorm}}\right),GFLOPs plain Square Mul Jacov Grad_Norm Div Mul <EOS>,((GFLOPs * square(plain)) * (Jacov / Grad_Norm)),0.571400000,0.671700000,30,8,4,2069,run_monash_time_unique1000,6,1,TIME__NE_China_Wind__H/seed_2069/run_monash_time_unique1000/visualizations/archive_latex.tex
653,0.412612613,0.571400000,\frac{\left(\left(\mathrm{GFLOPs}\right) \cdot \left(\mathrm{Jacov}\right)\right) \cdot \left(\left(\mathrm{plain}\right)^2\right)}{\mathrm{GradNorm}},GFLOPs Jacov Mul plain Square Mul Grad_Norm Div <EOS>,(((GFLOPs * Jacov) * square(plain)) / Grad_Norm),0.571400000,0.671700000,8,8,4,2195,run_monash_time_unique1000,7,1,TIME__NE_China_Wind__H/seed_2195/run_monash_time_unique1000/visualizations/archive_latex.tex
654,0.411711712,0.571400000,\left(\frac{\left(\mathrm{GFLOPs}\right) \cdot \left(\mathrm{Jacov}\right)}{\mathrm{GradNorm}}\right) \cdot \left(\left(\mathrm{plain}\right)^2\right),GFLOPs Jacov Mul Grad_Norm Div plain Square Mul <EOS>,(((GFLOPs * Jacov) / Grad_Norm) * square(plain)),0.571400000,0.671700000,27,8,4,2112,run_monash_time_unique1000,8,1,TIME__NE_China_Wind__H/seed_2112/run_monash_time_unique1000/visualizations/archive_latex.tex
655,0.410810811,0.571400000,\left(\frac{\mathrm{Jacov}}{\frac{\mathrm{GradNorm}}{\mathrm{GFLOPs}}}\right) \cdot \left(\left(\mathrm{plain}\right)^2\right),Jacov Grad_Norm GFLOPs Div Div plain Square Mul <EOS>,((Jacov / (Grad_Norm / GFLOPs)) * square(plain)),0.571400000,0.671700000,13,8,4,2136,run_monash_time_unique1000,8,1,TIME__NE_China_Wind__H/seed_2136/run_monash_time_unique1000/visualizations/archive_latex.tex
656,0.409909910,0.571400000,\left(\left(\mathrm{plain}\right)^2\right) \cdot \left(\left(\mathrm{GFLOPs}\right) \cdot \left(\frac{\mathrm{Jacov}}{\mathrm{GradNorm}}\right)\right),plain Square GFLOPs Jacov Grad_Norm Div Mul Mul <EOS>,(square(plain) * (GFLOPs * (Jacov / Grad_Norm))),0.571400000,0.671700000,26,8,4,2170,run_monash_time_unique1000,8,1,TIME__NE_China_Wind__H/seed_2170/run_monash_time_unique1000/visualizations/archive_latex.tex
657,0.409009009,0.571400000,\left(\mathrm{GFLOPs}\right) \cdot \left(\left(\frac{\mathrm{Jacov}}{\mathrm{GradNorm}}\right) \cdot \left(\left(\mathrm{plain}\right)^2\right)\right),GFLOPs Jacov Grad_Norm Div plain Square Mul Mul <EOS>,(GFLOPs * ((Jacov / Grad_Norm) * square(plain))),0.571400000,0.671700000,50,8,4,2194,run_monash_time_unique1000,8,1,TIME__NE_China_Wind__H/seed_2194/run_monash_time_unique1000/visualizations/archive_latex.tex
658,0.408108108,0.571400000,\frac{\left(\left(\mathrm{plain}\right)^2\right) \cdot \left(\left(\mathrm{GFLOPs}\right) \cdot \left(\mathrm{Jacov}\right)\right)}{\mathrm{GradNorm}},plain Square GFLOPs Jacov Mul Mul Grad_Norm Div <EOS>,((square(plain) * (GFLOPs * Jacov)) / Grad_Norm),0.571400000,0.671700000,15,8,4,2204,run_monash_time_unique1000,8,2,TIME__NE_China_Wind__H/seed_2204/run_monash_time_unique1000/visualizations/archive_latex.tex
659,0.407207207,0.571400000,\frac{\left(\left(\mathrm{plain}\right)^2\right) \cdot \left(\left(\mathrm{Jacov}\right) \cdot \left(\mathrm{GFLOPs}\right)\right)}{\mathrm{GradNorm}},plain Square Jacov GFLOPs Mul Mul Grad_Norm Div <EOS>,((square(plain) * (Jacov * GFLOPs)) / Grad_Norm),0.571400000,0.671700000,17,8,4,2160,run_monash_time_unique1000,9,1,TIME__NE_China_Wind__H/seed_2160/run_monash_time_unique1000/visualizations/archive_latex.tex
660,0.406306306,0.571400000,\left(\left(\left(\mathrm{plain}\right)^2\right) \cdot \left(\frac{\mathrm{Jacov}}{\mathrm{GradNorm}}\right)\right) \cdot \left(\mathrm{GFLOPs}\right),plain Square Jacov Grad_Norm Div Mul GFLOPs Mul <EOS>,((square(plain) * (Jacov / Grad_Norm)) * GFLOPs),0.571400000,0.671700000,61,8,4,2028,run_monash_time_unique1000,10,1,TIME__NE_China_Wind__H/seed_2028/run_monash_time_unique1000/visualizations/archive_latex.tex
661,0.405405405,0.571400000,\left(\frac{\mathrm{Jacov}}{\mathrm{GradNorm}}\right) \cdot \left(\left(\left(\mathrm{plain}\right)^2\right) \cdot \left(\mathrm{GFLOPs}\right)\right),Jacov Grad_Norm Div plain Square GFLOPs Mul Mul <EOS>,((Jacov / Grad_Norm) * (square(plain) * GFLOPs)),0.571400000,0.671700000,56,8,4,2051,run_monash_time_unique1000,10,1,TIME__NE_China_Wind__H/seed_2051/run_monash_time_unique1000/visualizations/archive_latex.tex
662,0.404504505,0.571400000,\frac{\mathrm{GFLOPs}}{\frac{\mathrm{GradNorm}}{\left(\left(\mathrm{plain}\right)^2\right) \cdot \left(\mathrm{Jacov}\right)}},GFLOPs Grad_Norm plain Square Jacov Mul Div Div <EOS>,(GFLOPs / (Grad_Norm / (square(plain) * Jacov))),0.571400000,0.671700000,10,8,5,2098,run_monash_time_unique1000,10,1,TIME__NE_China_Wind__H/seed_2098/run_monash_time_unique1000/visualizations/archive_latex.tex
663,0.403603604,0.571300000,\left(\mathrm{GFLOPs}\right) \cdot \left(\left(\mathrm{Jacov}\right) \cdot \left(\mathrm{ZiCo} + \log\left(\mathrm{plain}\right)\right)\right),GFLOPs Jacov ZiCo plain Log Add Mul Mul <EOS>,(GFLOPs * (Jacov * (ZiCo + log(plain)))),0.571300000,0.663700000,13,8,5,2152,run_monash_time_unique1000,1,1,TIME__NE_China_Wind__H/seed_2152/run_monash_time_unique1000/visualizations/archive_latex.tex
664,0.402702703,0.571300000,\left(\left(\mathrm{GFLOPs}\right) \cdot \left(\log\left(\mathrm{plain}\right) + \mathrm{ZiCo}\right)\right) \cdot \left(\mathrm{Jacov}\right),GFLOPs plain Log ZiCo Add Mul Jacov Mul <EOS>,((GFLOPs * (log(plain) + ZiCo)) * Jacov),0.571300000,0.663700000,6,8,5,2067,run_monash_time_unique1000,3,1,TIME__NE_China_Wind__H/seed_2067/run_monash_time_unique1000/visualizations/archive_latex.tex
665,0.401801802,0.571300000,\left(\log\left(\mathrm{plain}\right) + \mathrm{ZiCo}\right) \cdot \left(\left(\mathrm{GFLOPs}\right) \cdot \left(\mathrm{Jacov}\right)\right),plain Log ZiCo Add GFLOPs Jacov Mul Mul <EOS>,((log(plain) + ZiCo) * (GFLOPs * Jacov)),0.571300000,0.663700000,16,8,4,2223,run_monash_time_unique1000,5,2,TIME__NE_China_Wind__H/seed_2223/run_monash_time_unique1000/visualizations/archive_latex.tex
666,0.400900901,0.571300000,\left(\left(\mathrm{GFLOPs}\right) \cdot \left(\mathrm{Jacov}\right)\right) \cdot \left(\log\left(\mathrm{plain}\right) + \mathrm{ZiCo}\right),GFLOPs Jacov Mul plain Log ZiCo Add Mul <EOS>,((GFLOPs * Jacov) * (log(plain) + ZiCo)),0.571300000,0.663700000,23,8,4,2054,run_monash_time_unique1000,9,1,TIME__NE_China_Wind__H/seed_2054/run_monash_time_unique1000/visualizations/archive_latex.tex
667,0.400000000,0.570900000,\left(\left(\mathrm{GFLOPs}\right)^2\right) \cdot \left(\frac{\left(\mathrm{Jacov}\right) \cdot \left(\sqrt{\mathrm{plain}}\right)}{\mathrm{MParams}}\right),GFLOPs Square Jacov plain Sqrt Mul MParams Div Mul <EOS>,(square(GFLOPs) * ((Jacov * sqrt(plain)) / MParams)),0.570900000,0.645700000,6,9,5,2056,run_monash_time_unique1000,10,1,TIME__NE_China_Wind__H/seed_2056/run_monash_time_unique1000/visualizations/archive_latex.tex
668,0.399099099,0.570700000,\left(\left(\sqrt{\mathrm{GFLOPs}}\right) \cdot \left(\log\left(\mathrm{plain}\right) + \mathrm{ZiCo}\right)\right) \cdot \left(\mathrm{Jacov}\right),GFLOPs Sqrt plain Log ZiCo Add Mul Jacov Mul <EOS>,((sqrt(GFLOPs) * (log(plain) + ZiCo)) * Jacov),0.570700000,0.626500000,8,9,5,2067,run_monash_time_unique1000,4,1,TIME__NE_China_Wind__H/seed_2067/run_monash_time_unique1000/visualizations/archive_latex.tex
669,0.398198198,0.570700000,\left(\log\left(\mathrm{plain}\right) + \mathrm{ZiCo}\right) \cdot \left(\left(\sqrt{\mathrm{GFLOPs}}\right) \cdot \left(\mathrm{Jacov}\right)\right),plain Log ZiCo Add GFLOPs Sqrt Jacov Mul Mul <EOS>,((log(plain) + ZiCo) * (sqrt(GFLOPs) * Jacov)),0.570700000,0.626500000,27,9,4,2223,run_monash_time_unique1000,6,2,TIME__NE_China_Wind__H/seed_2223/run_monash_time_unique1000/visualizations/archive_latex.tex
670,0.397297297,0.570400000,\frac{\left(\left(\mathrm{plain}\right) \cdot \left(\mathrm{GFLOPs}\right)\right) \cdot \left(\mathrm{Jacov}\right)}{\sqrt{\mathrm{GraSP}}},plain GFLOPs Mul Jacov Mul GraSP Sqrt Div <EOS>,(((plain * GFLOPs) * Jacov) / sqrt(GraSP)),0.570400000,0.628600000,45,8,4,2191,run_monash_time_unique1000,1,1,TIME__NE_China_Wind__H/seed_2191/run_monash_time_unique1000/visualizations/archive_latex.tex
671,0.396396396,0.570400000,\left(\left(\frac{\mathrm{GFLOPs}}{\sqrt{\mathrm{GraSP}}}\right) \cdot \left(\mathrm{plain}\right)\right) \cdot \left(\mathrm{Jacov}\right),GFLOPs GraSP Sqrt Div plain Mul Jacov Mul <EOS>,(((GFLOPs / sqrt(GraSP)) * plain) * Jacov),0.570400000,0.628600000,175,8,5,2102,run_monash_time_unique1000,3,1,TIME__NE_China_Wind__H/seed_2102/run_monash_time_unique1000/visualizations/archive_latex.tex
672,0.395495495,0.570400000,\left(\left(\mathrm{GFLOPs}\right) \cdot \left(\frac{\mathrm{plain}}{\sqrt{\mathrm{GraSP}}}\right)\right) \cdot \left(\mathrm{Jacov}\right),GFLOPs plain GraSP Sqrt Div Mul Jacov Mul <EOS>,((GFLOPs * (plain / sqrt(GraSP))) * Jacov),0.570400000,0.628600000,60,8,5,2144,run_monash_time_unique1000,4,2,TIME__NE_China_Wind__H/seed_2144/run_monash_time_unique1000/visualizations/archive_latex.tex
673,0.394594595,0.570400000,\left(\frac{\left(\mathrm{Jacov}\right) \cdot \left(\mathrm{plain}\right)}{\sqrt{\mathrm{GraSP}}}\right) \cdot \left(\mathrm{GFLOPs}\right),Jacov plain Mul GraSP Sqrt Div GFLOPs Mul <EOS>,(((Jacov * plain) / sqrt(GraSP)) * GFLOPs),0.570400000,0.628600000,53,8,4,2165,run_monash_time_unique1000,6,1,TIME__NE_China_Wind__H/seed_2165/run_monash_time_unique1000/visualizations/archive_latex.tex
674,0.393693694,0.570400000,\left(\frac{\left(\mathrm{GFLOPs}\right) \cdot \left(\mathrm{Jacov}\right)}{\sqrt{\mathrm{GraSP}}}\right) \cdot \left(\mathrm{plain}\right),GFLOPs Jacov Mul GraSP Sqrt Div plain Mul <EOS>,(((GFLOPs * Jacov) / sqrt(GraSP)) * plain),0.570400000,0.628600000,70,8,4,2112,run_monash_time_unique1000,9,1,TIME__NE_China_Wind__H/seed_2112/run_monash_time_unique1000/visualizations/archive_latex.tex
675,0.392792793,0.570100000,\left(\mathrm{GFLOPs}\right) \cdot \left(\mathrm{Jacov}\right) + \frac{\mathrm{GFLOPs}}{\left(\mathrm{Fisher}\right)^2},GFLOPs Jacov Mul GFLOPs Fisher Square Div Add <EOS>,((GFLOPs * Jacov) + (GFLOPs / square(Fisher))),0.570100000,0.620400000,10,8,4,2041,run_monash_time_unique1000,2,1,TIME__NE_China_Wind__H/seed_2041/run_monash_time_unique1000/visualizations/archive_latex.tex
676,0.391891892,0.570100000,\frac{\mathrm{GFLOPs}}{\left(\mathrm{Fisher}\right)^2} + \left(\mathrm{Jacov}\right) \cdot \left(\mathrm{GFLOPs}\right),GFLOPs Fisher Square Div Jacov GFLOPs Mul Add <EOS>,((GFLOPs / square(Fisher)) + (Jacov * GFLOPs)),0.570100000,0.620400000,135,8,4,2187,run_monash_time_unique1000,3,2,TIME__NE_China_Wind__H/seed_2187/run_monash_time_unique1000/visualizations/archive_latex.tex
677,0.390990991,0.570100000,\left(\mathrm{Jacov}\right) \cdot \left(\mathrm{GFLOPs}\right) + \frac{\mathrm{GFLOPs}}{\left(\mathrm{Fisher}\right)^2},Jacov GFLOPs Mul GFLOPs Fisher Square Div Add <EOS>,((Jacov * GFLOPs) + (GFLOPs / square(Fisher))),0.570100000,0.620400000,183,8,4,2126,run_monash_time_unique1000,4,3,TIME__NE_China_Wind__H/seed_2126/run_monash_time_unique1000/visualizations/archive_latex.tex
678,0.390090090,0.569900000,\mathrm{Snip} + \left(\log\left(\sqrt{\mathrm{GFLOPs}}\right)\right) \cdot \left(\left(\mathrm{plain}\right) \cdot \left(\mathrm{Jacov}\right)\right),Snip GFLOPs Sqrt Log plain Jacov Mul Mul Add <EOS>,(Snip + (log(sqrt(GFLOPs)) * (plain * Jacov))),0.569900000,0.658200000,14,9,5,2183,run_monash_time_unique1000,7,1,TIME__NE_China_Wind__H/seed_2183/run_monash_time_unique1000/visualizations/archive_latex.tex
679,0.389189189,0.569600000,\left(\log\left(\mathrm{GFLOPs}\right)\right) \cdot \left(\mathrm{L2Norm} + \left(\mathrm{plain}\right) \cdot \left(\mathrm{Jacov}\right)\right),GFLOPs Log L2-Norm plain Jacov Mul Add Mul <EOS>,(log(GFLOPs) * (L2-Norm + (plain * Jacov))),0.569600000,0.646500000,170,8,4,2058,run_monash_time_unique1000,3,1,TIME__NE_China_Wind__H/seed_2058/run_monash_time_unique1000/visualizations/archive_latex.tex
680,0.388288288,0.569600000,\mathrm{Jacov} + \left(\log\left(\mathrm{plain}\right)\right) \cdot \left(\left(\mathrm{GFLOPs}\right) \cdot \left(-\mathrm{L2Norm}\right)\right),Jacov plain Log GFLOPs L2-Norm Negative Mul Mul Add <EOS>,(Jacov + (log(plain) * (GFLOPs * -(L2-Norm)))),0.569600000,0.584800000,142,9,5,2129,run_monash_time_unique1000,4,1,TIME__NE_China_Wind__H/seed_2129/run_monash_time_unique1000/visualizations/archive_latex.tex
681,0.387387387,0.569600000,\left(\log\left(\mathrm{GFLOPs}\right)\right) \cdot \left(\mathrm{L2Norm} + \left(\mathrm{Jacov}\right) \cdot \left(\mathrm{plain}\right)\right),GFLOPs Log L2-Norm Jacov plain Mul Add Mul <EOS>,(log(GFLOPs) * (L2-Norm + (Jacov * plain))),0.569600000,0.646500000,10,8,4,2194,run_monash_time_unique1000,9,1,TIME__NE_China_Wind__H/seed_2194/run_monash_time_unique1000/visualizations/archive_latex.tex
682,0.386486486,0.569400000,\left(\left(\mathrm{Jacov}\right) \cdot \left(\mathrm{GFLOPs}\right)\right) \cdot \left(\sqrt{\mathrm{GFLOPs}} - \mathrm{MParams}\right),Jacov GFLOPs Mul GFLOPs Sqrt MParams Sub Mul <EOS>,((Jacov * GFLOPs) * (sqrt(GFLOPs) - MParams)),0.569400000,0.603200000,178,8,4,2144,run_monash_time_unique1000,5,1,TIME__NE_China_Wind__H/seed_2144/run_monash_time_unique1000/visualizations/archive_latex.tex
683,0.385585586,0.567900000,\frac{\mathrm{MParams}}{\left(\sqrt{\left(\mathrm{GFLOPs}\right) \cdot \left(\mathrm{Jacov}\right)}\right) \cdot \left(\mathrm{GFLOPs}\right)},MParams GFLOPs Jacov Mul Sqrt GFLOPs Mul Div <EOS>,(MParams / (sqrt((GFLOPs * Jacov)) * GFLOPs)),0.567900000,0.608900000,186,8,5,2039,run_monash_time_unique1000,3,1,TIME__NE_China_Wind__H/seed_2039/run_monash_time_unique1000/visualizations/archive_latex.tex
684,0.384684685,0.567900000,\left(\left(\mathrm{GFLOPs}\right) \cdot \left(\mathrm{Jacov}\right)\right) \cdot \left(\left(\frac{\mathrm{GFLOPs}}{\mathrm{MParams}}\right)^2\right),GFLOPs Jacov Mul GFLOPs MParams Div Square Mul <EOS>,((GFLOPs * Jacov) * square((GFLOPs / MParams))),0.567900000,0.608900000,126,8,4,2054,run_monash_time_unique1000,10,1,TIME__NE_China_Wind__H/seed_2054/run_monash_time_unique1000/visualizations/archive_latex.tex
685,0.383783784,0.567400000,\frac{\mathrm{JacobFro}}{\mathrm{Fisher}} + \left(\sqrt{\mathrm{GFLOPs}}\right) \cdot \left(\mathrm{Jacov}\right),Jacob_fro Fisher Div GFLOPs Sqrt Jacov Mul Add <EOS>,((Jacob_fro / Fisher) + (sqrt(GFLOPs) * Jacov)),0.567400000,0.599200000,10,8,4,2223,run_monash_time_unique1000,7,1,TIME__NE_China_Wind__H/seed_2223/run_monash_time_unique1000/visualizations/archive_latex.tex
686,0.382882883,0.567400000,\left(\mathrm{GFLOPs}\right) \cdot \left(\left(\frac{\mathrm{Jacov}}{\log\left(\mathrm{GradNorm}\right)}\right) \cdot \left(\left(\mathrm{plain}\right)^2\right)\right),GFLOPs Jacov Grad_Norm Log Div plain Square Mul Mul <EOS>,(GFLOPs * ((Jacov / log(Grad_Norm)) * square(plain))),0.567400000,0.666300000,66,9,5,2194,run_monash_time_unique1000,10,1,TIME__NE_China_Wind__H/seed_2194/run_monash_time_unique1000/visualizations/archive_latex.tex
687,0.381981982,0.567100000,\left(\mathrm{GFLOPs}\right) \cdot \left(\mathrm{Jacov}\right) + \left(\frac{\mathrm{MParams}}{\mathrm{Fisher}}\right)^2,GFLOPs Jacov Mul MParams Fisher Div Square Add <EOS>,((GFLOPs * Jacov) + square((MParams / Fisher))),0.567100000,0.623300000,142,8,4,2147,run_monash_time_unique1000,1,2,TIME__NE_China_Wind__H/seed_2147/run_monash_time_unique1000/visualizations/archive_latex.tex
688,0.381081081,0.567100000,\left(\frac{\mathrm{MParams}}{\mathrm{Fisher}}\right)^2 + \left(\mathrm{GFLOPs}\right) \cdot \left(\mathrm{Jacov}\right),MParams Fisher Div Square GFLOPs Jacov Mul Add <EOS>,(square((MParams / Fisher)) + (GFLOPs * Jacov)),0.567100000,0.623300000,184,8,4,2152,run_monash_time_unique1000,2,3,TIME__NE_China_Wind__H/seed_2152/run_monash_time_unique1000/visualizations/archive_latex.tex
689,0.380180180,0.566900000,\left(\mathrm{Jacov}\right) \cdot \left(\mathrm{GFLOPs}\right) + \left(\frac{\mathrm{JacobFro}}{\mathrm{plain}}\right)^2,Jacov GFLOPs Mul Jacob_fro plain Div Square Add <EOS>,((Jacov * GFLOPs) + square((Jacob_fro / plain))),0.566900000,0.668900000,73,8,4,2027,run_monash_time_unique1000,2,1,TIME__NE_China_Wind__H/seed_2027/run_monash_time_unique1000/visualizations/archive_latex.tex
690,0.379279279,0.566900000,\left(\frac{\mathrm{JacobFro}}{\mathrm{plain}}\right)^2 + \left(\mathrm{GFLOPs}\right) \cdot \left(\mathrm{Jacov}\right),Jacob_fro plain Div Square GFLOPs Jacov Mul Add <EOS>,(square((Jacob_fro / plain)) + (GFLOPs * Jacov)),0.566900000,0.668900000,198,8,4,2042,run_monash_time_unique1000,2,2,TIME__NE_China_Wind__H/seed_2042/run_monash_time_unique1000/visualizations/archive_latex.tex
691,0.378378378,0.566900000,\left(\frac{\mathrm{GFLOPs}}{\mathrm{MParams}}\right) \cdot \left(\left(\sqrt{\mathrm{GFLOPs}}\right) \cdot \left(\mathrm{Jacov}\right)\right),GFLOPs MParams Div GFLOPs Sqrt Jacov Mul Mul <EOS>,((GFLOPs / MParams) * (sqrt(GFLOPs) * Jacov)),0.566900000,0.594100000,176,8,4,2089,run_monash_time_unique1000,2,1,TIME__NE_China_Wind__H/seed_2089/run_monash_time_unique1000/visualizations/archive_latex.tex
692,0.377477477,0.566900000,\left(\mathrm{GFLOPs}\right) \cdot \left(\mathrm{Jacov}\right) + \left(\frac{\mathrm{JacobFro}}{\mathrm{plain}}\right)^2,GFLOPs Jacov Mul Jacob_fro plain Div Square Add <EOS>,((GFLOPs * Jacov) + square((Jacob_fro / plain))),0.566900000,0.668900000,158,8,4,2146,run_monash_time_unique1000,4,1,TIME__NE_China_Wind__H/seed_2146/run_monash_time_unique1000/visualizations/archive_latex.tex
693,0.376576577,0.566900000,\frac{\left(\mathrm{JacobFro}\right)^2}{\left(\mathrm{plain}\right)^2} + \left(\mathrm{GFLOPs}\right) \cdot \left(\mathrm{Jacov}\right),Jacob_fro Square plain Square Div GFLOPs Jacov Mul Add <EOS>,((square(Jacob_fro) / square(plain)) + (GFLOPs * Jacov)),0.566900000,0.668900000,194,9,4,2219,run_monash_time_unique1000,9,1,TIME__NE_China_Wind__H/seed_2219/run_monash_time_unique1000/visualizations/archive_latex.tex
694,0.375675676,0.566100000,\left(\left(\mathrm{plain}\right) \cdot \left(\frac{\mathrm{GFLOPs}}{\sqrt{\mathrm{Snip}}}\right)\right) \cdot \left(\mathrm{Jacov}\right),plain GFLOPs Snip Sqrt Div Mul Jacov Mul <EOS>,((plain * (GFLOPs / sqrt(Snip))) * Jacov),0.566100000,0.638300000,133,8,5,2102,run_monash_time_unique1000,4,1,TIME__NE_China_Wind__H/seed_2102/run_monash_time_unique1000/visualizations/archive_latex.tex
695,0.374774775,0.566100000,\frac{\mathrm{Jacov}}{\frac{\frac{\sqrt{\mathrm{Snip}}}{\mathrm{GFLOPs}}}{\mathrm{plain}}},Jacov Snip Sqrt GFLOPs Div plain Div Div <EOS>,(Jacov / ((sqrt(Snip) / GFLOPs) / plain)),0.566100000,0.638300000,82,8,5,2030,run_monash_time_unique1000,5,1,TIME__NE_China_Wind__H/seed_2030/run_monash_time_unique1000/visualizations/archive_latex.tex
696,0.373873874,0.566100000,\frac{\left(\left(\mathrm{GFLOPs}\right) \cdot \left(\mathrm{plain}\right)\right) \cdot \left(\mathrm{Jacov}\right)}{\sqrt{\mathrm{Snip}}},GFLOPs plain Mul Jacov Mul Snip Sqrt Div <EOS>,(((GFLOPs * plain) * Jacov) / sqrt(Snip)),0.566100000,0.638300000,12,8,4,2069,run_monash_time_unique1000,7,1,TIME__NE_China_Wind__H/seed_2069/run_monash_time_unique1000/visualizations/archive_latex.tex
697,0.372972973,0.566100000,\left(\frac{\left(\mathrm{Jacov}\right) \cdot \left(\mathrm{plain}\right)}{\sqrt{\mathrm{Snip}}}\right) \cdot \left(\mathrm{GFLOPs}\right),Jacov plain Mul Snip Sqrt Div GFLOPs Mul <EOS>,(((Jacov * plain) / sqrt(Snip)) * GFLOPs),0.566100000,0.638300000,53,8,4,2165,run_monash_time_unique1000,7,1,TIME__NE_China_Wind__H/seed_2165/run_monash_time_unique1000/visualizations/archive_latex.tex
698,0.372072072,0.566100000,\left(\mathrm{plain}\right) \cdot \left(\left(\frac{\mathrm{Jacov}}{\sqrt{\mathrm{Snip}}}\right) \cdot \left(\mathrm{GFLOPs}\right)\right),plain Jacov Snip Sqrt Div GFLOPs Mul Mul <EOS>,(plain * ((Jacov / sqrt(Snip)) * GFLOPs)),0.566100000,0.638300000,94,8,5,2204,run_monash_time_unique1000,9,1,TIME__NE_China_Wind__H/seed_2204/run_monash_time_unique1000/visualizations/archive_latex.tex
699,0.371171171,0.566100000,\left(\left(\frac{\mathrm{plain}}{\sqrt{\mathrm{Snip}}}\right) \cdot \left(\mathrm{GFLOPs}\right)\right) \cdot \left(\mathrm{Jacov}\right),plain Snip Sqrt Div GFLOPs Mul Jacov Mul <EOS>,(((plain / sqrt(Snip)) * GFLOPs) * Jacov),0.566100000,0.638300000,19,8,5,2072,run_monash_time_unique1000,10,1,TIME__NE_China_Wind__H/seed_2072/run_monash_time_unique1000/visualizations/archive_latex.tex
700,0.370270270,0.566100000,\left(\frac{\left(\mathrm{GFLOPs}\right) \cdot \left(\mathrm{Jacov}\right)}{\sqrt{\mathrm{Snip}}}\right) \cdot \left(\mathrm{plain}\right),GFLOPs Jacov Mul Snip Sqrt Div plain Mul <EOS>,(((GFLOPs * Jacov) / sqrt(Snip)) * plain),0.566100000,0.638300000,8,8,4,2219,run_monash_time_unique1000,10,1,TIME__NE_China_Wind__H/seed_2219/run_monash_time_unique1000/visualizations/archive_latex.tex
701,0.369369369,0.565400000,\left(\mathrm{GFLOPs}\right) \cdot \left(\mathrm{Jacov} - \frac{\mathrm{GraSP}}{\left(\mathrm{plain}\right)^2}\right),GFLOPs Jacov GraSP plain Square Div Sub Mul <EOS>,(GFLOPs * (Jacov - (GraSP / square(plain)))),0.565400000,0.588800000,188,8,5,2164,run_monash_time_unique1000,5,1,TIME__NE_China_Wind__H/seed_2164/run_monash_time_unique1000/visualizations/archive_latex.tex
702,0.368468468,0.565100000,\left(\mathrm{GFLOPs}\right) \cdot \left(\mathrm{Jacov}\right) - \frac{\mathrm{GraSP}}{\mathrm{Fisher}},GFLOPs Jacov Mul GraSP Fisher Div Sub <EOS>,((GFLOPs * Jacov) - (GraSP / Fisher)),0.565100000,0.559200000,80,7,3,2200,run_monash_time_unique1000,3,1,TIME__NE_China_Wind__H/seed_2200/run_monash_time_unique1000/visualizations/archive_latex.tex
703,0.367567568,0.564700000,\left(\left(\mathrm{plain}\right) \cdot \left(\frac{\log\left(\mathrm{GFLOPs}\right)}{\sqrt{\mathrm{Snip}}}\right)\right) \cdot \left(\mathrm{Jacov}\right),plain GFLOPs Log Snip Sqrt Div Mul Jacov Mul <EOS>,((plain * (log(GFLOPs) / sqrt(Snip))) * Jacov),0.564700000,0.671700000,132,9,5,2102,run_monash_time_unique1000,5,1,TIME__NE_China_Wind__H/seed_2102/run_monash_time_unique1000/visualizations/archive_latex.tex
704,0.366666667,0.564300000,\left(\mathrm{plain}\right) \cdot \left(\mathrm{Jacov}\right) + \frac{\left(\mathrm{ZiCo}\right)^2}{\left(\mathrm{GSynFlow}\right)^2},plain Jacov Mul ZiCo Square GSynFlow Square Div Add <EOS>,((plain * Jacov) + (square(ZiCo) / square(GSynFlow))),0.564300000,0.607000000,26,9,4,2053,run_monash_time_unique1000,1,1,TIME__NE_China_Wind__H/seed_2053/run_monash_time_unique1000/visualizations/archive_latex.tex
705,0.365765766,0.564300000,\left(\mathrm{plain}\right) \cdot \left(\mathrm{Jacov}\right) + \frac{\mathrm{MParams}}{\left(\mathrm{GSynFlow}\right)^2},plain Jacov Mul MParams GSynFlow Square Div Add <EOS>,((plain * Jacov) + (MParams / square(GSynFlow))),0.564300000,0.648100000,58,8,4,2064,run_monash_time_unique1000,1,10,TIME__NE_China_Wind__H/seed_2064/run_monash_time_unique1000/visualizations/archive_latex.tex
706,0.364864865,0.564300000,\left(\mathrm{Jacov}\right) \cdot \left(\mathrm{plain}\right) + \frac{\mathrm{MParams}}{\left(\mathrm{GSynFlow}\right)^2},Jacov plain Mul MParams GSynFlow Square Div Add <EOS>,((Jacov * plain) + (MParams / square(GSynFlow))),0.564300000,0.648100000,61,8,4,2065,run_monash_time_unique1000,1,7,TIME__NE_China_Wind__H/seed_2065/run_monash_time_unique1000/visualizations/archive_latex.tex
707,0.363963964,0.564300000,\left(\mathrm{Jacov}\right) \cdot \left(\mathrm{plain}\right) + \left(\frac{\mathrm{ZiCo}}{\mathrm{GSynFlow}}\right)^2,Jacov plain Mul ZiCo GSynFlow Div Square Add <EOS>,((Jacov * plain) + square((ZiCo / GSynFlow))),0.564300000,0.607000000,118,8,4,2142,run_monash_time_unique1000,1,2,TIME__NE_China_Wind__H/seed_2142/run_monash_time_unique1000/visualizations/archive_latex.tex
708,0.363063063,0.564300000,\left(\mathrm{L2Norm} + \left(\mathrm{Jacov}\right) \cdot \left(\mathrm{plain}\right)\right) \cdot \left(\mathrm{GFLOPs}\right),L2-Norm Jacov plain Mul Add GFLOPs Mul <EOS>,((L2-Norm + (Jacov * plain)) * GFLOPs),0.564300000,0.628400000,164,7,4,2163,run_monash_time_unique1000,1,1,TIME__NE_China_Wind__H/seed_2163/run_monash_time_unique1000/visualizations/archive_latex.tex
709,0.362162162,0.564300000,\frac{\mathrm{MParams}}{\left(\mathrm{GSynFlow}\right)^2} + \left(\mathrm{plain}\right) \cdot \left(\mathrm{Jacov}\right),MParams GSynFlow Square Div plain Jacov Mul Add <EOS>,((MParams / square(GSynFlow)) + (plain * Jacov)),0.564300000,0.648100000,35,8,4,2032,run_monash_time_unique1000,2,6,TIME__NE_China_Wind__H/seed_2032/run_monash_time_unique1000/visualizations/archive_latex.tex
710,0.361261261,0.564300000,\left(\mathrm{GFLOPs}\right) \cdot \left(\left(\mathrm{Jacov}\right) \cdot \left(\mathrm{plain}\right) + \mathrm{L2Norm}\right),GFLOPs Jacov plain Mul L2-Norm Add Mul <EOS>,(GFLOPs * ((Jacov * plain) + L2-Norm)),0.564300000,0.628400000,151,7,4,2125,run_monash_time_unique1000,2,2,TIME__NE_China_Wind__H/seed_2125/run_monash_time_unique1000/visualizations/archive_latex.tex
711,0.360360360,0.564300000,\left(\mathrm{plain}\right) \cdot \left(\mathrm{Jacov}\right) + \left(\frac{\mathrm{ZiCo}}{\mathrm{GSynFlow}}\right)^2,plain Jacov Mul ZiCo GSynFlow Div Square Add <EOS>,((plain * Jacov) + square((ZiCo / GSynFlow))),0.564300000,0.607000000,34,8,4,2158,run_monash_time_unique1000,2,5,TIME__NE_China_Wind__H/seed_2158/run_monash_time_unique1000/visualizations/archive_latex.tex
712,0.359459459,0.564300000,\frac{\mathrm{MParams}}{\left(\mathrm{GSynFlow}\right)^2} + \left(\mathrm{Jacov}\right) \cdot \left(\mathrm{plain}\right),MParams GSynFlow Square Div Jacov plain Mul Add <EOS>,((MParams / square(GSynFlow)) + (Jacov * plain)),0.564300000,0.648100000,52,8,4,2175,run_monash_time_unique1000,2,9,TIME__NE_China_Wind__H/seed_2175/run_monash_time_unique1000/visualizations/archive_latex.tex
713,0.358558559,0.564300000,\frac{\left(\mathrm{ZiCo}\right)^2}{\left(\mathrm{GSynFlow}\right)^2} + \left(\mathrm{Jacov}\right) \cdot \left(\mathrm{plain}\right),ZiCo Square GSynFlow Square Div Jacov plain Mul Add <EOS>,((square(ZiCo) / square(GSynFlow)) + (Jacov * plain)),0.564300000,0.607000000,115,9,4,2125,run_monash_time_unique1000,3,2,TIME__NE_China_Wind__H/seed_2125/run_monash_time_unique1000/visualizations/archive_latex.tex
714,0.357657658,0.564300000,\left(\frac{\mathrm{ZiCo}}{\mathrm{GSynFlow}}\right)^2 + \left(\mathrm{plain}\right) \cdot \left(\mathrm{Jacov}\right),ZiCo GSynFlow Div Square plain Jacov Mul Add <EOS>,(square((ZiCo / GSynFlow)) + (plain * Jacov)),0.564300000,0.607000000,160,8,4,2128,run_monash_time_unique1000,3,5,TIME__NE_China_Wind__H/seed_2128/run_monash_time_unique1000/visualizations/archive_latex.tex
715,0.356756757,0.564300000,\left(\mathrm{GFLOPs}\right) \cdot \left(\mathrm{L2Norm} + \left(\mathrm{plain}\right) \cdot \left(\mathrm{Jacov}\right)\right),GFLOPs L2-Norm plain Jacov Mul Add Mul <EOS>,(GFLOPs * (L2-Norm + (plain * Jacov))),0.564300000,0.628400000,200,7,4,2157,run_monash_time_unique1000,3,1,TIME__NE_China_Wind__H/seed_2157/run_monash_time_unique1000/visualizations/archive_latex.tex
716,0.355855856,0.564300000,\frac{\left(\mathrm{ZiCo}\right)^2}{\left(\mathrm{GSynFlow}\right)^2} + \left(\mathrm{plain}\right) \cdot \left(\mathrm{Jacov}\right),ZiCo Square GSynFlow Square Div plain Jacov Mul Add <EOS>,((square(ZiCo) / square(GSynFlow)) + (plain * Jacov)),0.564300000,0.607000000,104,9,4,2226,run_monash_time_unique1000,6,1,TIME__NE_China_Wind__H/seed_2226/run_monash_time_unique1000/visualizations/archive_latex.tex
717,0.354954955,0.564200000,\left(\log\left(\mathrm{plain} + \mathrm{ZiCo}\right)\right) \cdot \left(\left(\log\left(\mathrm{GFLOPs}\right)\right) \cdot \left(\mathrm{Jacov}\right)\right),plain ZiCo Add Log GFLOPs Log Jacov Mul Mul <EOS>,(log((plain + ZiCo)) * (log(GFLOPs) * Jacov)),0.564200000,0.682700000,91,9,4,2223,run_monash_time_unique1000,8,1,TIME__NE_China_Wind__H/seed_2223/run_monash_time_unique1000/visualizations/archive_latex.tex
718,0.354054054,0.564100000,\left(\left(\frac{\mathrm{Jacov}}{\mathrm{L2Norm}}\right) \cdot \left(\mathrm{plain}\right)\right) \cdot \left(\mathrm{GFLOPs}\right),Jacov L2-Norm Div plain Mul GFLOPs Mul <EOS>,(((Jacov / L2-Norm) * plain) * GFLOPs),0.564100000,0.638500000,161,7,4,2088,run_monash_time_unique1000,1,2,TIME__NE_China_Wind__H/seed_2088/run_monash_time_unique1000/visualizations/archive_latex.tex
719,0.353153153,0.564100000,\left(\mathrm{GFLOPs}\right) \cdot \left(\left(\mathrm{Jacov}\right) \cdot \left(\frac{\mathrm{plain}}{\mathrm{L2Norm}}\right)\right),GFLOPs Jacov plain L2-Norm Div Mul Mul <EOS>,(GFLOPs * (Jacov * (plain / L2-Norm))),0.564100000,0.638500000,127,7,4,2095,run_monash_time_unique1000,1,1,TIME__NE_China_Wind__H/seed_2095/run_monash_time_unique1000/visualizations/archive_latex.tex
720,0.352252252,0.564100000,\frac{\mathrm{Jacov}}{\frac{\frac{\mathrm{L2Norm}}{\mathrm{GFLOPs}}}{\mathrm{plain}}},Jacov L2-Norm GFLOPs Div plain Div Div <EOS>,(Jacov / ((L2-Norm / GFLOPs) / plain)),0.564100000,0.638500000,173,7,4,2115,run_monash_time_unique1000,1,2,TIME__NE_China_Wind__H/seed_2115/run_monash_time_unique1000/visualizations/archive_latex.tex
721,0.351351351,0.564100000,\left(\mathrm{Jacov}\right) \cdot \left(\left(\mathrm{plain}\right) \cdot \left(\frac{\mathrm{GFLOPs}}{\mathrm{L2Norm}}\right)\right),Jacov plain GFLOPs L2-Norm Div Mul Mul <EOS>,(Jacov * (plain * (GFLOPs / L2-Norm))),0.564100000,0.638500000,6,7,4,2203,run_monash_time_unique1000,1,1,TIME__NE_China_Wind__H/seed_2203/run_monash_time_unique1000/visualizations/archive_latex.tex
722,0.350450450,0.564100000,\left(\mathrm{plain}\right) \cdot \left(\left(\mathrm{Jacov}\right) \cdot \left(\frac{\mathrm{GFLOPs}}{\mathrm{L2Norm}}\right)\right),plain Jacov GFLOPs L2-Norm Div Mul Mul <EOS>,(plain * (Jacov * (GFLOPs / L2-Norm))),0.564100000,0.638500000,167,7,4,2208,run_monash_time_unique1000,1,1,TIME__NE_China_Wind__H/seed_2208/run_monash_time_unique1000/visualizations/archive_latex.tex
723,0.349549550,0.564100000,\frac{\left(\mathrm{GFLOPs}\right) \cdot \left(\left(\mathrm{plain}\right) \cdot \left(\mathrm{Jacov}\right)\right)}{\mathrm{L2Norm}},GFLOPs plain Jacov Mul Mul L2-Norm Div <EOS>,((GFLOPs * (plain * Jacov)) / L2-Norm),0.564100000,0.638500000,6,7,4,2134,run_monash_time_unique1000,2,3,TIME__NE_China_Wind__H/seed_2134/run_monash_time_unique1000/visualizations/archive_latex.tex
724,0.348648649,0.564100000,\frac{\left(\mathrm{Jacov}\right) \cdot \left(\left(\mathrm{plain}\right) \cdot \left(\mathrm{GFLOPs}\right)\right)}{\mathrm{L2Norm}},Jacov plain GFLOPs Mul Mul L2-Norm Div <EOS>,((Jacov * (plain * GFLOPs)) / L2-Norm),0.564100000,0.638500000,166,7,4,2143,run_monash_time_unique1000,3,1,TIME__NE_China_Wind__H/seed_2143/run_monash_time_unique1000/visualizations/archive_latex.tex
725,0.347747748,0.564100000,\left(\left(\mathrm{GFLOPs}\right) \cdot \left(\frac{\mathrm{Jacov}}{\mathrm{L2Norm}}\right)\right) \cdot \left(\mathrm{plain}\right),GFLOPs Jacov L2-Norm Div Mul plain Mul <EOS>,((GFLOPs * (Jacov / L2-Norm)) * plain),0.564100000,0.638500000,9,7,4,2161,run_monash_time_unique1000,3,1,TIME__NE_China_Wind__H/seed_2161/run_monash_time_unique1000/visualizations/archive_latex.tex
726,0.346846847,0.564100000,\left(\frac{\mathrm{plain}}{\mathrm{L2Norm}}\right) \cdot \left(\left(\mathrm{GFLOPs}\right) \cdot \left(\mathrm{Jacov}\right)\right),plain L2-Norm Div GFLOPs Jacov Mul Mul <EOS>,((plain / L2-Norm) * (GFLOPs * Jacov)),0.564100000,0.638500000,178,7,3,2162,run_monash_time_unique1000,3,1,TIME__NE_China_Wind__H/seed_2162/run_monash_time_unique1000/visualizations/archive_latex.tex
727,0.345945946,0.564100000,\left(\left(\frac{\mathrm{plain}}{\mathrm{L2Norm}}\right) \cdot \left(\mathrm{Jacov}\right)\right) \cdot \left(\mathrm{GFLOPs}\right),plain L2-Norm Div Jacov Mul GFLOPs Mul <EOS>,(((plain / L2-Norm) * Jacov) * GFLOPs),0.564100000,0.638500000,6,7,4,2045,run_monash_time_unique1000,4,1,TIME__NE_China_Wind__H/seed_2045/run_monash_time_unique1000/visualizations/archive_latex.tex
728,0.345045045,0.564100000,\frac{\left(\mathrm{plain}\right) \cdot \left(\mathrm{GFLOPs}\right)}{\frac{\mathrm{L2Norm}}{\mathrm{Jacov}}},plain GFLOPs Mul L2-Norm Jacov Div Div <EOS>,((plain * GFLOPs) / (L2-Norm / Jacov)),0.564100000,0.638500000,145,7,3,2121,run_monash_time_unique1000,4,1,TIME__NE_China_Wind__H/seed_2121/run_monash_time_unique1000/visualizations/archive_latex.tex
729,0.344144144,0.564100000,\left(\mathrm{plain}\right) \cdot \left(\frac{\left(\mathrm{GFLOPs}\right) \cdot \left(\mathrm{Jacov}\right)}{\mathrm{L2Norm}}\right),plain GFLOPs Jacov Mul L2-Norm Div Mul <EOS>,(plain * ((GFLOPs * Jacov) / L2-Norm)),0.564100000,0.638500000,14,7,4,2157,run_monash_time_unique1000,4,1,TIME__NE_China_Wind__H/seed_2157/run_monash_time_unique1000/visualizations/archive_latex.tex
730,0.343243243,0.564100000,\left(\left(\mathrm{GFLOPs}\right) \cdot \left(\mathrm{Jacov}\right)\right) \cdot \left(\log\left(\mathrm{ZiCo} + \mathrm{plain}\right)\right),GFLOPs Jacov Mul ZiCo plain Add Log Mul <EOS>,((GFLOPs * Jacov) * log((ZiCo + plain))),0.564100000,0.667200000,88,8,4,2200,run_monash_time_unique1000,4,1,TIME__NE_China_Wind__H/seed_2200/run_monash_time_unique1000/visualizations/archive_latex.tex
731,0.342342342,0.564100000,\frac{\mathrm{Jacov}}{\frac{\frac{\mathrm{L2Norm}}{\mathrm{plain}}}{\mathrm{GFLOPs}}},Jacov L2-Norm plain Div GFLOPs Div Div <EOS>,(Jacov / ((L2-Norm / plain) / GFLOPs)),0.564100000,0.638500000,149,7,4,2035,run_monash_time_unique1000,5,2,TIME__NE_China_Wind__H/seed_2035/run_monash_time_unique1000/visualizations/archive_latex.tex
732,0.341441441,0.564100000,\frac{\mathrm{Jacov}}{\frac{\mathrm{L2Norm}}{\left(\mathrm{plain}\right) \cdot \left(\mathrm{GFLOPs}\right)}},Jacov L2-Norm plain GFLOPs Mul Div Div <EOS>,(Jacov / (L2-Norm / (plain * GFLOPs))),0.564100000,0.638500000,171,7,4,2066,run_monash_time_unique1000,5,1,TIME__NE_China_Wind__H/seed_2066/run_monash_time_unique1000/visualizations/archive_latex.tex
733,0.340540541,0.564100000,\left(\mathrm{plain}\right) \cdot \left(\left(\frac{\mathrm{Jacov}}{\mathrm{L2Norm}}\right) \cdot \left(\mathrm{GFLOPs}\right)\right),plain Jacov L2-Norm Div GFLOPs Mul Mul <EOS>,(plain * ((Jacov / L2-Norm) * GFLOPs)),0.564100000,0.638500000,144,7,4,2093,run_monash_time_unique1000,5,1,TIME__NE_China_Wind__H/seed_2093/run_monash_time_unique1000/visualizations/archive_latex.tex
734,0.339639640,0.564100000,\frac{\left(\left(\mathrm{GFLOPs}\right) \cdot \left(\mathrm{plain}\right)\right) \cdot \left(\mathrm{Jacov}\right)}{\mathrm{L2Norm}},GFLOPs plain Mul Jacov Mul L2-Norm Div <EOS>,(((GFLOPs * plain) * Jacov) / L2-Norm),0.564100000,0.638500000,30,7,4,2146,run_monash_time_unique1000,5,1,TIME__NE_China_Wind__H/seed_2146/run_monash_time_unique1000/visualizations/archive_latex.tex
735,0.338738739,0.564100000,\left(\left(\mathrm{Jacov}\right) \cdot \left(\mathrm{GFLOPs}\right)\right) \cdot \left(\frac{\mathrm{plain}}{\mathrm{L2Norm}}\right),Jacov GFLOPs Mul plain L2-Norm Div Mul <EOS>,((Jacov * GFLOPs) * (plain / L2-Norm)),0.564100000,0.638500000,168,7,3,2166,run_monash_time_unique1000,5,2,TIME__NE_China_Wind__H/seed_2166/run_monash_time_unique1000/visualizations/archive_latex.tex
736,0.337837838,0.564100000,\frac{\mathrm{Jacov}}{\frac{\mathrm{L2Norm}}{\left(\mathrm{GFLOPs}\right) \cdot \left(\mathrm{plain}\right)}},Jacov L2-Norm GFLOPs plain Mul Div Div <EOS>,(Jacov / (L2-Norm / (GFLOPs * plain))),0.564100000,0.638500000,140,7,4,2177,run_monash_time_unique1000,5,1,TIME__NE_China_Wind__H/seed_2177/run_monash_time_unique1000/visualizations/archive_latex.tex
737,0.336936937,0.564100000,\left(\frac{\mathrm{Jacov}}{\mathrm{L2Norm}}\right) \cdot \left(\left(\mathrm{plain}\right) \cdot \left(\mathrm{GFLOPs}\right)\right),Jacov L2-Norm Div plain GFLOPs Mul Mul <EOS>,((Jacov / L2-Norm) * (plain * GFLOPs)),0.564100000,0.638500000,107,7,3,2211,run_monash_time_unique1000,6,2,TIME__NE_China_Wind__H/seed_2211/run_monash_time_unique1000/visualizations/archive_latex.tex
738,0.336036036,0.564100000,\left(\left(\mathrm{plain}\right) \cdot \left(\frac{\mathrm{Jacov}}{\mathrm{L2Norm}}\right)\right) \cdot \left(\mathrm{GFLOPs}\right),plain Jacov L2-Norm Div Mul GFLOPs Mul <EOS>,((plain * (Jacov / L2-Norm)) * GFLOPs),0.564100000,0.638500000,112,7,4,2144,run_monash_time_unique1000,7,1,TIME__NE_China_Wind__H/seed_2144/run_monash_time_unique1000/visualizations/archive_latex.tex
739,0.335135135,0.564100000,\left(\left(\mathrm{GFLOPs}\right) \cdot \left(\mathrm{plain}\right)\right) \cdot \left(\frac{\mathrm{Jacov}}{\mathrm{L2Norm}}\right),GFLOPs plain Mul Jacov L2-Norm Div Mul <EOS>,((GFLOPs * plain) * (Jacov / L2-Norm)),0.564100000,0.638500000,34,7,3,2069,run_monash_time_unique1000,8,1,TIME__NE_China_Wind__H/seed_2069/run_monash_time_unique1000/visualizations/archive_latex.tex
740,0.334234234,0.564100000,\left(\mathrm{GFLOPs}\right) \cdot \left(\left(\frac{\mathrm{Jacov}}{\mathrm{L2Norm}}\right) \cdot \left(\mathrm{plain}\right)\right),GFLOPs Jacov L2-Norm Div plain Mul Mul <EOS>,(GFLOPs * ((Jacov / L2-Norm) * plain)),0.564100000,0.638500000,28,7,4,2183,run_monash_time_unique1000,8,1,TIME__NE_China_Wind__H/seed_2183/run_monash_time_unique1000/visualizations/archive_latex.tex
741,0.333333333,0.564100000,\left(\left(\mathrm{GFLOPs}\right) \cdot \left(\mathrm{Jacov}\right)\right) \cdot \left(\frac{\mathrm{plain}}{\mathrm{L2Norm}}\right),GFLOPs Jacov Mul plain L2-Norm Div Mul <EOS>,((GFLOPs * Jacov) * (plain / L2-Norm)),0.564100000,0.638500000,56,7,3,2195,run_monash_time_unique1000,8,1,TIME__NE_China_Wind__H/seed_2195/run_monash_time_unique1000/visualizations/archive_latex.tex
742,0.332432432,0.564100000,\left(\log\left(\mathrm{plain} + \mathrm{ZiCo}\right)\right) \cdot \left(\left(\mathrm{GFLOPs}\right) \cdot \left(\mathrm{Jacov}\right)\right),plain ZiCo Add Log GFLOPs Jacov Mul Mul <EOS>,(log((plain + ZiCo)) * (GFLOPs * Jacov)),0.564100000,0.667200000,14,8,4,2223,run_monash_time_unique1000,9,1,TIME__NE_China_Wind__H/seed_2223/run_monash_time_unique1000/visualizations/archive_latex.tex
743,0.331531532,0.564100000,\left(\frac{\mathrm{Jacov}}{\frac{\mathrm{L2Norm}}{\mathrm{GFLOPs}}}\right) \cdot \left(\mathrm{plain}\right),Jacov L2-Norm GFLOPs Div Div plain Mul <EOS>,((Jacov / (L2-Norm / GFLOPs)) * plain),0.564100000,0.638500000,10,7,4,2136,run_monash_time_unique1000,10,1,TIME__NE_China_Wind__H/seed_2136/run_monash_time_unique1000/visualizations/archive_latex.tex
744,0.330630631,0.563900000,\left(\left(\mathrm{Jacov}\right) \cdot \left(\mathrm{plain}\right) + \mathrm{Snip}\right) \cdot \left(\log\left(\mathrm{GFLOPs}\right)\right),Jacov plain Mul Snip Add GFLOPs Log Mul <EOS>,(((Jacov * plain) + Snip) * log(GFLOPs)),0.563900000,0.625900000,196,8,4,2115,run_monash_time_unique1000,2,1,TIME__NE_China_Wind__H/seed_2115/run_monash_time_unique1000/visualizations/archive_latex.tex
745,0.329729730,0.563800000,\left(\mathrm{plain}\right) \cdot \left(\frac{\mathrm{MParams}}{\left(\mathrm{GSynFlow}\right)^2} + \mathrm{Jacov}\right),plain MParams GSynFlow Square Div Jacov Add Mul <EOS>,(plain * ((MParams / square(GSynFlow)) + Jacov)),0.563800000,0.643700000,33,8,5,2143,run_monash_time_unique1000,4,1,TIME__NE_China_Wind__H/seed_2143/run_monash_time_unique1000/visualizations/archive_latex.tex
746,0.328828829,0.563800000,\left(\mathrm{plain}\right) \cdot \left(\mathrm{Jacov} + \frac{\mathrm{MParams}}{\left(\mathrm{GSynFlow}\right)^2}\right),plain Jacov MParams GSynFlow Square Div Add Mul <EOS>,(plain * (Jacov + (MParams / square(GSynFlow)))),0.563800000,0.643700000,188,8,5,2157,run_monash_time_unique1000,5,2,TIME__NE_China_Wind__H/seed_2157/run_monash_time_unique1000/visualizations/archive_latex.tex
747,0.327927928,0.563700000,\left(\left(\log\left(\mathrm{GFLOPs}\right)\right) \cdot \left(\mathrm{Jacov}\right)\right) \cdot \left(\log\left(\mathrm{plain}\right) + \mathrm{plain}\right),GFLOPs Log Jacov Mul plain Log plain Add Mul <EOS>,((log(GFLOPs) * Jacov) * (log(plain) + plain)),0.563700000,0.676900000,178,9,4,2200,run_monash_time_unique1000,5,1,TIME__NE_China_Wind__H/seed_2200/run_monash_time_unique1000/visualizations/archive_latex.tex
748,0.327027027,0.563700000,\left(\log\left(\mathrm{plain}\right) + \mathrm{plain}\right) \cdot \left(\left(\log\left(\mathrm{GFLOPs}\right)\right) \cdot \left(\mathrm{Jacov}\right)\right),plain Log plain Add GFLOPs Log Jacov Mul Mul <EOS>,((log(plain) + plain) * (log(GFLOPs) * Jacov)),0.563700000,0.676900000,40,9,4,2223,run_monash_time_unique1000,10,1,TIME__NE_China_Wind__H/seed_2223/run_monash_time_unique1000/visualizations/archive_latex.tex
749,0.326126126,0.563500000,\frac{\mathrm{ZiCo}}{\left(\mathrm{GSynFlow}\right)^2} + \left(\mathrm{plain}\right) \cdot \left(\mathrm{Jacov}\right),ZiCo GSynFlow Square Div plain Jacov Mul Add <EOS>,((ZiCo / square(GSynFlow)) + (plain * Jacov)),0.563500000,0.642100000,20,8,4,2032,run_monash_time_unique1000,3,2,TIME__NE_China_Wind__H/seed_2032/run_monash_time_unique1000/visualizations/archive_latex.tex
750,0.325225225,0.563500000,\frac{\mathrm{ZiCo}}{\left(\mathrm{GSynFlow}\right)^2} + \left(\mathrm{Jacov}\right) \cdot \left(\mathrm{plain}\right),ZiCo GSynFlow Square Div Jacov plain Mul Add <EOS>,((ZiCo / square(GSynFlow)) + (Jacov * plain)),0.563500000,0.642100000,20,8,4,2132,run_monash_time_unique1000,5,2,TIME__NE_China_Wind__H/seed_2132/run_monash_time_unique1000/visualizations/archive_latex.tex
751,0.324324324,0.563500000,\left(\mathrm{Jacov}\right) \cdot \left(\mathrm{plain}\right) + \frac{\mathrm{ZiCo}}{\left(\mathrm{GSynFlow}\right)^2},Jacov plain Mul ZiCo GSynFlow Square Div Add <EOS>,((Jacov * plain) + (ZiCo / square(GSynFlow))),0.563500000,0.642100000,27,8,4,2166,run_monash_time_unique1000,6,1,TIME__NE_China_Wind__H/seed_2166/run_monash_time_unique1000/visualizations/archive_latex.tex
752,0.323423423,0.563200000,\left(\mathrm{GFLOPs}\right) \cdot \left(\mathrm{Jacov}\right) + \frac{\log\left(\mathrm{GraSP}\right)}{\left(\mathrm{Fisher}\right)^2},GFLOPs Jacov Mul GraSP Log Fisher Square Div Add <EOS>,((GFLOPs * Jacov) + (log(GraSP) / square(Fisher))),0.563200000,0.614900000,8,9,4,2041,run_monash_time_unique1000,3,1,TIME__NE_China_Wind__H/seed_2041/run_monash_time_unique1000/visualizations/archive_latex.tex
753,0.322522523,0.562800000,\left(\mathrm{Jacov}\right) \cdot \left(\mathrm{plain}\right) + \frac{\mathrm{Fisher}}{\left(\mathrm{GSynFlow}\right)^2},Jacov plain Mul Fisher GSynFlow Square Div Add <EOS>,((Jacov * plain) + (Fisher / square(GSynFlow))),0.562800000,0.639800000,50,8,4,2111,run_monash_time_unique1000,1,10,TIME__NE_China_Wind__H/seed_2111/run_monash_time_unique1000/visualizations/archive_latex.tex
754,0.321621622,0.562800000,\frac{\mathrm{Fisher}}{\left(\mathrm{GSynFlow}\right)^2} + \left(\mathrm{Jacov}\right) \cdot \left(\mathrm{plain}\right),Fisher GSynFlow Square Div Jacov plain Mul Add <EOS>,((Fisher / square(GSynFlow)) + (Jacov * plain)),0.562800000,0.639800000,29,8,4,2113,run_monash_time_unique1000,2,10,TIME__NE_China_Wind__H/seed_2113/run_monash_time_unique1000/visualizations/archive_latex.tex
755,0.320720721,0.562800000,\left(\mathrm{plain}\right) \cdot \left(\mathrm{Jacov}\right) + \frac{\mathrm{Fisher}}{\left(\mathrm{GSynFlow}\right)^2},plain Jacov Mul Fisher GSynFlow Square Div Add <EOS>,((plain * Jacov) + (Fisher / square(GSynFlow))),0.562800000,0.639800000,128,8,4,2147,run_monash_time_unique1000,2,9,TIME__NE_China_Wind__H/seed_2147/run_monash_time_unique1000/visualizations/archive_latex.tex
756,0.319819820,0.562800000,\left(\mathrm{Jacov}\right) \cdot \left(\mathrm{plain}\right) + \left(\frac{\sqrt{\mathrm{Fisher}}}{\mathrm{GSynFlow}}\right)^2,Jacov plain Mul Fisher Sqrt GSynFlow Div Square Add <EOS>,((Jacov * plain) + square((sqrt(Fisher) / GSynFlow))),0.562800000,0.639800000,158,9,5,2047,run_monash_time_unique1000,3,1,TIME__NE_China_Wind__H/seed_2047/run_monash_time_unique1000/visualizations/archive_latex.tex
757,0.318918919,0.562800000,\frac{\mathrm{Fisher}}{\left(\mathrm{GSynFlow}\right)^2} + \left(\mathrm{plain}\right) \cdot \left(\mathrm{Jacov}\right),Fisher GSynFlow Square Div plain Jacov Mul Add <EOS>,((Fisher / square(GSynFlow)) + (plain * Jacov)),0.562800000,0.639800000,27,8,4,2032,run_monash_time_unique1000,4,6,TIME__NE_China_Wind__H/seed_2032/run_monash_time_unique1000/visualizations/archive_latex.tex
758,0.318018018,0.562300000,\left(\left(\mathrm{GFLOPs}\right) \cdot \left(\log\left(\mathrm{plain}\right) + \sqrt{\mathrm{ZiCo}}\right)\right) \cdot \left(\mathrm{Jacov}\right),GFLOPs plain Log ZiCo Sqrt Add Mul Jacov Mul <EOS>,((GFLOPs * (log(plain) + sqrt(ZiCo))) * Jacov),0.562300000,0.649700000,11,9,5,2067,run_monash_time_unique1000,7,1,TIME__NE_China_Wind__H/seed_2067/run_monash_time_unique1000/visualizations/archive_latex.tex
759,0.317117117,0.561800000,\left(\mathrm{plain}\right) \cdot \left(\mathrm{Jacov} + \frac{-\mathrm{Jacov}}{\left(\mathrm{GFLOPs}\right)^2}\right),plain Jacov Jacov Negative GFLOPs Square Div Add Mul <EOS>,(plain * (Jacov + (-(Jacov) / square(GFLOPs)))),0.561800000,0.624200000,57,9,5,2093,run_monash_time_unique1000,8,1,TIME__NE_China_Wind__H/seed_2093/run_monash_time_unique1000/visualizations/archive_latex.tex
760,0.316216216,0.561600000,\left(\left(\mathrm{GFLOPs}\right) \cdot \left(\mathrm{Jacov}\right)\right) \cdot \left(\log\left(\left(\mathrm{ZiCo}\right)^2 + \mathrm{plain}\right)\right),GFLOPs Jacov Mul ZiCo Square plain Add Log Mul <EOS>,((GFLOPs * Jacov) * log((square(ZiCo) + plain))),0.561600000,0.648900000,123,9,5,2200,run_monash_time_unique1000,6,1,TIME__NE_China_Wind__H/seed_2200/run_monash_time_unique1000/visualizations/archive_latex.tex
761,0.315315315,0.561100000,\left(\mathrm{plain}\right) \cdot \left(\frac{\mathrm{ZiCo}}{\left(\mathrm{GSynFlow}\right)^2} + \mathrm{Jacov}\right),plain ZiCo GSynFlow Square Div Jacov Add Mul <EOS>,(plain * ((ZiCo / square(GSynFlow)) + Jacov)),0.561100000,0.642800000,20,8,5,2068,run_monash_time_unique1000,2,1,TIME__NE_China_Wind__H/seed_2068/run_monash_time_unique1000/visualizations/archive_latex.tex
762,0.314414414,0.561100000,\left(\mathrm{Jacov} + \frac{\mathrm{ZiCo}}{\left(\mathrm{GSynFlow}\right)^2}\right) \cdot \left(\mathrm{plain}\right),Jacov ZiCo GSynFlow Square Div Add plain Mul <EOS>,((Jacov + (ZiCo / square(GSynFlow))) * plain),0.561100000,0.642800000,149,8,5,2088,run_monash_time_unique1000,2,1,TIME__NE_China_Wind__H/seed_2088/run_monash_time_unique1000/visualizations/archive_latex.tex
763,0.313513514,0.561100000,\left(\frac{\mathrm{ZiCo}}{\left(\mathrm{GSynFlow}\right)^2} + \mathrm{Jacov}\right) \cdot \left(\mathrm{plain}\right),ZiCo GSynFlow Square Div Jacov Add plain Mul <EOS>,(((ZiCo / square(GSynFlow)) + Jacov) * plain),0.561100000,0.642800000,81,8,5,2226,run_monash_time_unique1000,8,1,TIME__NE_China_Wind__H/seed_2226/run_monash_time_unique1000/visualizations/archive_latex.tex
764,0.312612613,0.561100000,\left(\mathrm{plain}\right) \cdot \left(\mathrm{Jacov} + \frac{\mathrm{ZiCo}}{\left(\mathrm{GSynFlow}\right)^2}\right),plain Jacov ZiCo GSynFlow Square Div Add Mul <EOS>,(plain * (Jacov + (ZiCo / square(GSynFlow)))),0.561100000,0.642800000,19,8,5,2093,run_monash_time_unique1000,9,1,TIME__NE_China_Wind__H/seed_2093/run_monash_time_unique1000/visualizations/archive_latex.tex
765,0.311711712,0.560600000,\left(\left(\log\left(\mathrm{GFLOPs}\right)\right) \cdot \left(\mathrm{Jacov}\right)\right) \cdot \left(\frac{\sqrt{\mathrm{Fisher}}}{\mathrm{Snip}}\right),GFLOPs Log Jacov Mul Fisher Sqrt Snip Div Mul <EOS>,((log(GFLOPs) * Jacov) * (sqrt(Fisher) / Snip)),0.560600000,0.617600000,85,9,4,2195,run_monash_time_unique1000,9,1,TIME__NE_China_Wind__H/seed_2195/run_monash_time_unique1000/visualizations/archive_latex.tex
766,0.310810811,0.560300000,\left(\left(\mathrm{Jacov}\right) \cdot \left(\mathrm{GFLOPs}\right)\right) \cdot \left(\log\left(\mathrm{plain}\right) + \mathrm{plain}\right),Jacov GFLOPs Mul plain Log plain Add Mul <EOS>,((Jacov * GFLOPs) * (log(plain) + plain)),0.560300000,0.660500000,145,8,4,2105,run_monash_time_unique1000,2,1,TIME__NE_China_Wind__H/seed_2105/run_monash_time_unique1000/visualizations/archive_latex.tex
767,0.309909910,0.560300000,\left(\left(\mathrm{plain} + \log\left(\mathrm{plain}\right)\right) \cdot \left(\mathrm{Jacov}\right)\right) \cdot \left(\mathrm{GFLOPs}\right),plain plain Log Add Jacov Mul GFLOPs Mul <EOS>,(((plain + log(plain)) * Jacov) * GFLOPs),0.560300000,0.660500000,125,8,5,2111,run_monash_time_unique1000,2,1,TIME__NE_China_Wind__H/seed_2111/run_monash_time_unique1000/visualizations/archive_latex.tex
768,0.309009009,0.560300000,\left(\left(\mathrm{GFLOPs}\right) \cdot \left(\mathrm{Jacov}\right)\right) \cdot \left(\log\left(\mathrm{plain}\right) + \mathrm{plain}\right),GFLOPs Jacov Mul plain Log plain Add Mul <EOS>,((GFLOPs * Jacov) * (log(plain) + plain)),0.560300000,0.660500000,5,8,4,2037,run_monash_time_unique1000,3,2,TIME__NE_China_Wind__H/seed_2037/run_monash_time_unique1000/visualizations/archive_latex.tex
769,0.308108108,0.560300000,\left(\left(\mathrm{Jacov}\right) \cdot \left(\mathrm{plain} + \log\left(\mathrm{plain}\right)\right)\right) \cdot \left(\mathrm{GFLOPs}\right),Jacov plain plain Log Add Mul GFLOPs Mul <EOS>,((Jacov * (plain + log(plain))) * GFLOPs),0.560300000,0.660500000,131,8,5,2030,run_monash_time_unique1000,7,1,TIME__NE_China_Wind__H/seed_2030/run_monash_time_unique1000/visualizations/archive_latex.tex
770,0.307207207,0.560300000,\left(\left(\mathrm{GFLOPs}\right) \cdot \left(\log\left(\mathrm{plain}\right) + \mathrm{plain}\right)\right) \cdot \left(\mathrm{Jacov}\right),GFLOPs plain Log plain Add Mul Jacov Mul <EOS>,((GFLOPs * (log(plain) + plain)) * Jacov),0.560300000,0.660500000,9,8,5,2067,run_monash_time_unique1000,8,1,TIME__NE_China_Wind__H/seed_2067/run_monash_time_unique1000/visualizations/archive_latex.tex
771,0.306306306,0.560100000,\left(\mathrm{Jacov}\right) \cdot \left(\mathrm{plain}\right) + \frac{\sqrt{\mathrm{ZiCo}}}{\left(\mathrm{GSynFlow}\right)^2},Jacov plain Mul ZiCo Sqrt GSynFlow Square Div Add <EOS>,((Jacov * plain) + (sqrt(ZiCo) / square(GSynFlow))),0.560100000,0.650200000,43,9,4,2111,run_monash_time_unique1000,3,2,TIME__NE_China_Wind__H/seed_2111/run_monash_time_unique1000/visualizations/archive_latex.tex
772,0.305405405,0.560100000,\left(\mathrm{plain}\right) \cdot \left(\mathrm{Jacov}\right) + \frac{\sqrt{\mathrm{ZiCo}}}{\left(\mathrm{GSynFlow}\right)^2},plain Jacov Mul ZiCo Sqrt GSynFlow Square Div Add <EOS>,((plain * Jacov) + (sqrt(ZiCo) / square(GSynFlow))),0.560100000,0.650200000,37,9,4,2147,run_monash_time_unique1000,3,2,TIME__NE_China_Wind__H/seed_2147/run_monash_time_unique1000/visualizations/archive_latex.tex
773,0.304504505,0.560100000,\frac{\sqrt{\mathrm{ZiCo}}}{\left(\mathrm{GSynFlow}\right)^2} + \left(\mathrm{Jacov}\right) \cdot \left(\mathrm{plain}\right),ZiCo Sqrt GSynFlow Square Div Jacov plain Mul Add <EOS>,((sqrt(ZiCo) / square(GSynFlow)) + (Jacov * plain)),0.560100000,0.650200000,15,9,4,2046,run_monash_time_unique1000,6,2,TIME__NE_China_Wind__H/seed_2046/run_monash_time_unique1000/visualizations/archive_latex.tex
774,0.303603604,0.560100000,\frac{\sqrt{\mathrm{ZiCo}}}{\left(\mathrm{GSynFlow}\right)^2} + \left(\mathrm{plain}\right) \cdot \left(\mathrm{Jacov}\right),ZiCo Sqrt GSynFlow Square Div plain Jacov Mul Add <EOS>,((sqrt(ZiCo) / square(GSynFlow)) + (plain * Jacov)),0.560100000,0.650200000,15,9,4,2187,run_monash_time_unique1000,8,1,TIME__NE_China_Wind__H/seed_2187/run_monash_time_unique1000/visualizations/archive_latex.tex
775,0.302702703,0.560000000,\left(\mathrm{GFLOPs}\right) \cdot \left(\mathrm{Jacov}\right) + \frac{\mathrm{GradNorm}}{\left(\mathrm{Fisher}\right)^2},GFLOPs Jacov Mul Grad_Norm Fisher Square Div Add <EOS>,((GFLOPs * Jacov) + (Grad_Norm / square(Fisher))),0.560000000,0.623500000,9,8,4,2189,run_monash_time_unique1000,2,2,TIME__NE_China_Wind__H/seed_2189/run_monash_time_unique1000/visualizations/archive_latex.tex
776,0.301801802,0.559800000,\left(\mathrm{GradNorm} - \frac{\left(\mathrm{Fisher}\right)^2}{\mathrm{GSynFlow}}\right) \cdot \left(\mathrm{Jacov}\right),Grad_Norm Fisher Square GSynFlow Div Sub Jacov Mul <EOS>,((Grad_Norm - (square(Fisher) / GSynFlow)) * Jacov),0.559800000,0.600500000,114,8,5,2102,run_monash_time_unique1000,6,1,TIME__NE_China_Wind__H/seed_2102/run_monash_time_unique1000/visualizations/archive_latex.tex
777,0.300900901,0.559800000,\left(\mathrm{Jacov}\right) \cdot \left(\mathrm{GFLOPs} - \mathrm{MParams} - \mathrm{MParams}\right),Jacov GFLOPs MParams Sub MParams Sub Mul <EOS>,(Jacov * ((GFLOPs - MParams) - MParams)),0.559800000,0.604300000,171,7,4,2211,run_monash_time_unique1000,7,1,TIME__NE_China_Wind__H/seed_2211/run_monash_time_unique1000/visualizations/archive_latex.tex
778,0.300000000,0.559700000,\left(\frac{\mathrm{Fisher}}{\left(\mathrm{GSynFlow}\right)^2} + \mathrm{Jacov}\right) \cdot \left(\mathrm{plain}\right),Fisher GSynFlow Square Div Jacov Add plain Mul <EOS>,(((Fisher / square(GSynFlow)) + Jacov) * plain),0.559700000,0.640800000,89,8,5,2115,run_monash_time_unique1000,3,1,TIME__NE_China_Wind__H/seed_2115/run_monash_time_unique1000/visualizations/archive_latex.tex
779,0.299099099,0.559700000,\left(\mathrm{plain}\right) \cdot \left(\mathrm{Jacov} + \frac{\mathrm{Fisher}}{\left(\mathrm{GSynFlow}\right)^2}\right),plain Jacov Fisher GSynFlow Square Div Add Mul <EOS>,(plain * (Jacov + (Fisher / square(GSynFlow)))),0.559700000,0.640800000,19,8,5,2093,run_monash_time_unique1000,10,1,TIME__NE_China_Wind__H/seed_2093/run_monash_time_unique1000/visualizations/archive_latex.tex
780,0.298198198,0.559500000,\left(\left(\mathrm{GFLOPs}\right) \cdot \left(\mathrm{Jacov}\right)\right) \cdot \left(\frac{\mathrm{plain}}{\mathrm{Snip}}\right),GFLOPs Jacov Mul plain Snip Div Mul <EOS>,((GFLOPs * Jacov) * (plain / Snip)),0.559500000,0.631200000,93,7,3,2118,run_monash_time_unique1000,1,3,TIME__NE_China_Wind__H/seed_2118/run_monash_time_unique1000/visualizations/archive_latex.tex
781,0.297297297,0.559500000,\left(\mathrm{GFLOPs}\right) \cdot \left(\left(\frac{\mathrm{plain}}{\mathrm{Snip}}\right) \cdot \left(\mathrm{Jacov}\right)\right),GFLOPs plain Snip Div Jacov Mul Mul <EOS>,(GFLOPs * ((plain / Snip) * Jacov)),0.559500000,0.631200000,76,7,4,2053,run_monash_time_unique1000,2,3,TIME__NE_China_Wind__H/seed_2053/run_monash_time_unique1000/visualizations/archive_latex.tex
782,0.296396396,0.559500000,\left(\left(\mathrm{Jacov}\right) \cdot \left(\frac{\mathrm{GFLOPs}}{\mathrm{Snip}}\right)\right) \cdot \left(\mathrm{plain}\right),Jacov GFLOPs Snip Div Mul plain Mul <EOS>,((Jacov * (GFLOPs / Snip)) * plain),0.559500000,0.631200000,127,7,4,2070,run_monash_time_unique1000,2,1,TIME__NE_China_Wind__H/seed_2070/run_monash_time_unique1000/visualizations/archive_latex.tex
783,0.295495495,0.559500000,\frac{\left(\left(\mathrm{GFLOPs}\right) \cdot \left(\mathrm{Jacov}\right)\right) \cdot \left(\mathrm{plain}\right)}{\mathrm{Snip}},GFLOPs Jacov Mul plain Mul Snip Div <EOS>,(((GFLOPs * Jacov) * plain) / Snip),0.559500000,0.631200000,11,7,4,2114,run_monash_time_unique1000,2,1,TIME__NE_China_Wind__H/seed_2114/run_monash_time_unique1000/visualizations/archive_latex.tex
784,0.294594595,0.559500000,\left(\frac{\left(\mathrm{Jacov}\right) \cdot \left(\mathrm{plain}\right)}{\mathrm{Snip}}\right) \cdot \left(\mathrm{GFLOPs}\right),Jacov plain Mul Snip Div GFLOPs Mul <EOS>,(((Jacov * plain) / Snip) * GFLOPs),0.559500000,0.631200000,96,7,4,2142,run_monash_time_unique1000,2,1,TIME__NE_China_Wind__H/seed_2142/run_monash_time_unique1000/visualizations/archive_latex.tex
785,0.293693694,0.559500000,\left(\mathrm{Jacov}\right) \cdot \left(\frac{\mathrm{GFLOPs}}{\frac{\mathrm{Snip}}{\mathrm{plain}}}\right),Jacov GFLOPs Snip plain Div Div Mul <EOS>,(Jacov * (GFLOPs / (Snip / plain))),0.559500000,0.631200000,13,7,4,2203,run_monash_time_unique1000,2,1,TIME__NE_China_Wind__H/seed_2203/run_monash_time_unique1000/visualizations/archive_latex.tex
786,0.292792793,0.559500000,\left(\mathrm{GFLOPs}\right) \cdot \left(\left(\mathrm{Jacov}\right) \cdot \left(\frac{\mathrm{plain}}{\mathrm{Snip}}\right)\right),GFLOPs Jacov plain Snip Div Mul Mul <EOS>,(GFLOPs * (Jacov * (plain / Snip))),0.559500000,0.631200000,3,7,4,2031,run_monash_time_unique1000,3,2,TIME__NE_China_Wind__H/seed_2031/run_monash_time_unique1000/visualizations/archive_latex.tex
787,0.291891892,0.559500000,\left(\mathrm{Jacov}\right) \cdot \left(\frac{\left(\mathrm{GFLOPs}\right) \cdot \left(\mathrm{plain}\right)}{\mathrm{Snip}}\right),Jacov GFLOPs plain Mul Snip Div Mul <EOS>,(Jacov * ((GFLOPs * plain) / Snip)),0.559500000,0.631200000,68,7,4,2148,run_monash_time_unique1000,3,1,TIME__NE_China_Wind__H/seed_2148/run_monash_time_unique1000/visualizations/archive_latex.tex
788,0.290990991,0.559500000,\left(\frac{\mathrm{plain}}{\frac{\mathrm{Snip}}{\mathrm{GFLOPs}}}\right) \cdot \left(\mathrm{Jacov}\right),plain Snip GFLOPs Div Div Jacov Mul <EOS>,((plain / (Snip / GFLOPs)) * Jacov),0.559500000,0.631200000,170,7,4,2058,run_monash_time_unique1000,4,1,TIME__NE_China_Wind__H/seed_2058/run_monash_time_unique1000/visualizations/archive_latex.tex
789,0.290090090,0.559500000,\frac{\left(\mathrm{plain}\right) \cdot \left(\left(\mathrm{GFLOPs}\right) \cdot \left(\mathrm{Jacov}\right)\right)}{\mathrm{Snip}},plain GFLOPs Jacov Mul Mul Snip Div <EOS>,((plain * (GFLOPs * Jacov)) / Snip),0.559500000,0.631200000,92,7,4,2080,run_monash_time_unique1000,4,2,TIME__NE_China_Wind__H/seed_2080/run_monash_time_unique1000/visualizations/archive_latex.tex
790,0.289189189,0.559500000,\frac{\mathrm{Jacov}}{\frac{\frac{\mathrm{Snip}}{\mathrm{GFLOPs}}}{\mathrm{plain}}},Jacov Snip GFLOPs Div plain Div Div <EOS>,(Jacov / ((Snip / GFLOPs) / plain)),0.559500000,0.631200000,132,7,4,2107,run_monash_time_unique1000,4,2,TIME__NE_China_Wind__H/seed_2107/run_monash_time_unique1000/visualizations/archive_latex.tex
791,0.288288288,0.559500000,\left(\frac{\mathrm{plain}}{\mathrm{Snip}}\right) \cdot \left(\left(\mathrm{Jacov}\right) \cdot \left(\mathrm{GFLOPs}\right)\right),plain Snip Div Jacov GFLOPs Mul Mul <EOS>,((plain / Snip) * (Jacov * GFLOPs)),0.559500000,0.631200000,180,7,3,2175,run_monash_time_unique1000,4,2,TIME__NE_China_Wind__H/seed_2175/run_monash_time_unique1000/visualizations/archive_latex.tex
792,0.287387387,0.559500000,\frac{\left(\left(\mathrm{plain}\right) \cdot \left(\mathrm{GFLOPs}\right)\right) \cdot \left(\mathrm{Jacov}\right)}{\mathrm{Snip}},plain GFLOPs Mul Jacov Mul Snip Div <EOS>,(((plain * GFLOPs) * Jacov) / Snip),0.559500000,0.631200000,9,7,4,2032,run_monash_time_unique1000,5,1,TIME__NE_China_Wind__H/seed_2032/run_monash_time_unique1000/visualizations/archive_latex.tex
793,0.286486486,0.559500000,\frac{\mathrm{Jacov}}{\frac{\mathrm{Snip}}{\left(\mathrm{GFLOPs}\right) \cdot \left(\mathrm{plain}\right)}},Jacov Snip GFLOPs plain Mul Div Div <EOS>,(Jacov / (Snip / (GFLOPs * plain))),0.559500000,0.631200000,106,7,4,2139,run_monash_time_unique1000,5,3,TIME__NE_China_Wind__H/seed_2139/run_monash_time_unique1000/visualizations/archive_latex.tex
794,0.285585586,0.559500000,\frac{\mathrm{Jacov}}{\frac{\frac{\mathrm{Snip}}{\mathrm{plain}}}{\mathrm{GFLOPs}}},Jacov Snip plain Div GFLOPs Div Div <EOS>,(Jacov / ((Snip / plain) / GFLOPs)),0.559500000,0.631200000,100,7,4,2146,run_monash_time_unique1000,6,2,TIME__NE_China_Wind__H/seed_2146/run_monash_time_unique1000/visualizations/archive_latex.tex
795,0.284684685,0.559500000,\left(\left(\mathrm{plain}\right) \cdot \left(\frac{\mathrm{GFLOPs}}{\mathrm{Snip}}\right)\right) \cdot \left(\mathrm{Jacov}\right),plain GFLOPs Snip Div Mul Jacov Mul <EOS>,((plain * (GFLOPs / Snip)) * Jacov),0.559500000,0.631200000,132,7,4,2102,run_monash_time_unique1000,7,1,TIME__NE_China_Wind__H/seed_2102/run_monash_time_unique1000/visualizations/archive_latex.tex
796,0.283783784,0.559500000,\frac{\frac{\frac{\mathrm{Snip}}{\mathrm{GFLOPs}}}{-\mathrm{plain}}}{\mathrm{Jacov}},Snip GFLOPs Div plain Negative Div Jacov Div <EOS>,(((Snip / GFLOPs) / -(plain)) / Jacov),0.559500000,0.631200000,135,8,4,2132,run_monash_time_unique1000,7,1,TIME__NE_China_Wind__H/seed_2132/run_monash_time_unique1000/visualizations/archive_latex.tex
797,0.282882883,0.559500000,\left(\left(\mathrm{Jacov}\right) \cdot \left(\mathrm{GFLOPs}\right)\right) \cdot \left(\frac{\mathrm{plain}}{\mathrm{Snip}}\right),Jacov GFLOPs Mul plain Snip Div Mul <EOS>,((Jacov * GFLOPs) * (plain / Snip)),0.559500000,0.631200000,167,7,3,2166,run_monash_time_unique1000,7,1,TIME__NE_China_Wind__H/seed_2166/run_monash_time_unique1000/visualizations/archive_latex.tex
798,0.281981982,0.559500000,\frac{\frac{\frac{\mathrm{Snip}}{-\mathrm{GFLOPs}}}{\mathrm{plain}}}{\mathrm{Jacov}},Snip GFLOPs Negative Div plain Div Jacov Div <EOS>,(((Snip / -(GFLOPs)) / plain) / Jacov),0.559500000,0.631200000,165,8,5,2144,run_monash_time_unique1000,8,1,TIME__NE_China_Wind__H/seed_2144/run_monash_time_unique1000/visualizations/archive_latex.tex
799,0.281081081,0.559500000,\left(\left(\mathrm{GFLOPs}\right) \cdot \left(\mathrm{plain}\right)\right) \cdot \left(\frac{\mathrm{Jacov}}{\mathrm{Snip}}\right),GFLOPs plain Mul Jacov Snip Div Mul <EOS>,((GFLOPs * plain) * (Jacov / Snip)),0.559500000,0.631200000,36,7,3,2069,run_monash_time_unique1000,9,1,TIME__NE_China_Wind__H/seed_2069/run_monash_time_unique1000/visualizations/archive_latex.tex
800,0.280180180,0.559500000,\left(\left(\frac{\mathrm{GFLOPs}}{\mathrm{Snip}}\right) \cdot \left(\mathrm{Jacov}\right)\right) \cdot \left(\mathrm{plain}\right),GFLOPs Snip Div Jacov Mul plain Mul <EOS>,(((GFLOPs / Snip) * Jacov) * plain),0.559500000,0.631200000,75,7,4,2083,run_monash_time_unique1000,9,1,TIME__NE_China_Wind__H/seed_2083/run_monash_time_unique1000/visualizations/archive_latex.tex
801,0.279279279,0.559500000,\frac{\mathrm{Jacov}}{\frac{\mathrm{Snip}}{\left(\mathrm{plain}\right) \cdot \left(\mathrm{GFLOPs}\right)}},Jacov Snip plain GFLOPs Mul Div Div <EOS>,(Jacov / (Snip / (plain * GFLOPs))),0.559500000,0.631200000,172,7,4,2183,run_monash_time_unique1000,9,1,TIME__NE_China_Wind__H/seed_2183/run_monash_time_unique1000/visualizations/archive_latex.tex
802,0.278378378,0.559400000,\left(\mathrm{Jacov}\right) \cdot \left(\sqrt{\mathrm{Fisher}}\right) + \left(\frac{\mathrm{MParams}}{\mathrm{GSynFlow}}\right)^2,Jacov Fisher Sqrt Mul MParams GSynFlow Div Square Add <EOS>,((Jacov * sqrt(Fisher)) + square((MParams / GSynFlow))),0.559400000,0.624100000,86,9,4,2080,run_monash_time_unique1000,5,1,TIME__NE_China_Wind__H/seed_2080/run_monash_time_unique1000/visualizations/archive_latex.tex
803,0.277477477,0.559400000,\left(\left(\frac{\log\left(\mathrm{GFLOPs}\right)}{\sqrt{\mathrm{GraSP}}}\right) \cdot \left(\mathrm{plain}\right)\right) \cdot \left(\mathrm{Jacov}\right),GFLOPs Log GraSP Sqrt Div plain Mul Jacov Mul <EOS>,(((log(GFLOPs) / sqrt(GraSP)) * plain) * Jacov),0.559400000,0.650200000,174,9,5,2102,run_monash_time_unique1000,8,1,TIME__NE_China_Wind__H/seed_2102/run_monash_time_unique1000/visualizations/archive_latex.tex
804,0.276576577,0.559000000,\frac{\frac{\mathrm{Snip}}{\mathrm{Fisher}}}{\left(-\mathrm{Jacov}\right) \cdot \left(\mathrm{GFLOPs}\right)},Snip Fisher Div Jacov Negative GFLOPs Mul Div <EOS>,((Snip / Fisher) / (-(Jacov) * GFLOPs)),0.559000000,0.578100000,127,8,4,2095,run_monash_time_unique1000,2,1,TIME__NE_China_Wind__H/seed_2095/run_monash_time_unique1000/visualizations/archive_latex.tex
805,0.275675676,0.559000000,\left(\mathrm{GFLOPs}\right) \cdot \left(\frac{\mathrm{Jacov}}{\frac{\mathrm{Snip}}{\mathrm{Fisher}}}\right),GFLOPs Jacov Snip Fisher Div Div Mul <EOS>,(GFLOPs * (Jacov / (Snip / Fisher))),0.559000000,0.578100000,161,7,4,2053,run_monash_time_unique1000,3,1,TIME__NE_China_Wind__H/seed_2053/run_monash_time_unique1000/visualizations/archive_latex.tex
806,0.274774775,0.559000000,\left(\left(\frac{\mathrm{Jacov}}{\mathrm{Snip}}\right) \cdot \left(\mathrm{GFLOPs}\right)\right) \cdot \left(\mathrm{Fisher}\right),Jacov Snip Div GFLOPs Mul Fisher Mul <EOS>,(((Jacov / Snip) * GFLOPs) * Fisher),0.559000000,0.578100000,88,7,4,2070,run_monash_time_unique1000,3,1,TIME__NE_China_Wind__H/seed_2070/run_monash_time_unique1000/visualizations/archive_latex.tex
807,0.273873874,0.559000000,\frac{\left(\left(\mathrm{GFLOPs}\right) \cdot \left(\mathrm{Jacov}\right)\right) \cdot \left(\mathrm{Fisher}\right)}{\mathrm{Snip}},GFLOPs Jacov Mul Fisher Mul Snip Div <EOS>,(((GFLOPs * Jacov) * Fisher) / Snip),0.559000000,0.578100000,12,7,4,2114,run_monash_time_unique1000,3,1,TIME__NE_China_Wind__H/seed_2114/run_monash_time_unique1000/visualizations/archive_latex.tex
808,0.272972973,0.559000000,\left(\mathrm{Jacov}\right) \cdot \left(\frac{\mathrm{GFLOPs}}{\frac{\mathrm{Snip}}{\mathrm{Fisher}}}\right),Jacov GFLOPs Snip Fisher Div Div Mul <EOS>,(Jacov * (GFLOPs / (Snip / Fisher))),0.559000000,0.578100000,12,7,4,2203,run_monash_time_unique1000,3,1,TIME__NE_China_Wind__H/seed_2203/run_monash_time_unique1000/visualizations/archive_latex.tex
809,0.272072072,0.559000000,\left(\left(\mathrm{Fisher}\right) \cdot \left(\mathrm{Jacov}\right)\right) \cdot \left(\frac{\mathrm{GFLOPs}}{\mathrm{Snip}}\right),Fisher Jacov Mul GFLOPs Snip Div Mul <EOS>,((Fisher * Jacov) * (GFLOPs / Snip)),0.559000000,0.578100000,120,7,3,2031,run_monash_time_unique1000,4,1,TIME__NE_China_Wind__H/seed_2031/run_monash_time_unique1000/visualizations/archive_latex.tex
810,0.271171171,0.559000000,\left(\mathrm{Fisher}\right) \cdot \left(\left(\frac{\mathrm{GFLOPs}}{\mathrm{Snip}}\right) \cdot \left(\mathrm{Jacov}\right)\right),Fisher GFLOPs Snip Div Jacov Mul Mul <EOS>,(Fisher * ((GFLOPs / Snip) * Jacov)),0.559000000,0.578100000,112,7,4,2161,run_monash_time_unique1000,6,1,TIME__NE_China_Wind__H/seed_2161/run_monash_time_unique1000/visualizations/archive_latex.tex
811,0.270270270,0.559000000,\left(\mathrm{GFLOPs}\right) \cdot \left(\frac{\mathrm{Fisher}}{\frac{\mathrm{Snip}}{\mathrm{Jacov}}}\right),GFLOPs Fisher Snip Jacov Div Div Mul <EOS>,(GFLOPs * (Fisher / (Snip / Jacov))),0.559000000,0.578100000,145,7,4,2224,run_monash_time_unique1000,6,1,TIME__NE_China_Wind__H/seed_2224/run_monash_time_unique1000/visualizations/archive_latex.tex
812,0.269369369,0.559000000,\left(\frac{\left(\mathrm{Fisher}\right) \cdot \left(\mathrm{GFLOPs}\right)}{\mathrm{Snip}}\right) \cdot \left(\mathrm{Jacov}\right),Fisher GFLOPs Mul Snip Div Jacov Mul <EOS>,(((Fisher * GFLOPs) / Snip) * Jacov),0.559000000,0.578100000,6,7,4,2129,run_monash_time_unique1000,7,1,TIME__NE_China_Wind__H/seed_2129/run_monash_time_unique1000/visualizations/archive_latex.tex
813,0.268468468,0.559000000,\left(\frac{\mathrm{Jacov}}{\mathrm{Snip}}\right) \cdot \left(\left(\mathrm{GFLOPs}\right) \cdot \left(\mathrm{Fisher}\right)\right),Jacov Snip Div GFLOPs Fisher Mul Mul <EOS>,((Jacov / Snip) * (GFLOPs * Fisher)),0.559000000,0.578100000,178,7,3,2144,run_monash_time_unique1000,9,1,TIME__NE_China_Wind__H/seed_2144/run_monash_time_unique1000/visualizations/archive_latex.tex
814,0.267567568,0.558500000,\left(\left(\mathrm{GFLOPs}\right) \cdot \left(\mathrm{plain}\right) + -\mathrm{MParams}\right) \cdot \left(\mathrm{Jacov}\right),GFLOPs plain Mul MParams Negative Add Jacov Mul <EOS>,(((GFLOPs * plain) + -(MParams)) * Jacov),0.558500000,0.656100000,48,8,4,2122,run_monash_time_unique1000,1,1,TIME__NE_China_Wind__H/seed_2122/run_monash_time_unique1000/visualizations/archive_latex.tex
815,0.266666667,0.558500000,\left(\left(\mathrm{GFLOPs}\right) \cdot \left(\mathrm{plain}\right) - \mathrm{MParams}\right) \cdot \left(\mathrm{Jacov}\right),GFLOPs plain Mul MParams Sub Jacov Mul <EOS>,(((GFLOPs * plain) - MParams) * Jacov),0.558500000,0.656100000,197,7,4,2080,run_monash_time_unique1000,6,1,TIME__NE_China_Wind__H/seed_2080/run_monash_time_unique1000/visualizations/archive_latex.tex
816,0.265765766,0.558500000,\left(\left(\mathrm{plain}\right) \cdot \left(\mathrm{GFLOPs}\right) - \mathrm{MParams}\right) \cdot \left(\mathrm{Jacov}\right),plain GFLOPs Mul MParams Sub Jacov Mul <EOS>,(((plain * GFLOPs) - MParams) * Jacov),0.558500000,0.656100000,181,7,4,2161,run_monash_time_unique1000,7,1,TIME__NE_China_Wind__H/seed_2161/run_monash_time_unique1000/visualizations/archive_latex.tex
817,0.264864865,0.558300000,\left(\mathrm{plain} - \frac{\log\left(\mathrm{GradNorm}\right)}{\mathrm{GFLOPs}}\right) \cdot \left(\mathrm{Jacov}\right),plain Grad_Norm Log GFLOPs Div Sub Jacov Mul <EOS>,((plain - (log(Grad_Norm) / GFLOPs)) * Jacov),0.558300000,0.672400000,69,8,5,2102,run_monash_time_unique1000,9,1,TIME__NE_China_Wind__H/seed_2102/run_monash_time_unique1000/visualizations/archive_latex.tex
818,0.263963964,0.558200000,\left(\mathrm{Jacov}\right) \cdot \left(\log\left(\mathrm{GFLOPs}\right)\right) - \frac{\mathrm{Snip}}{\mathrm{MParams}},Jacov GFLOPs Log Mul Snip MParams Div Sub <EOS>,((Jacov * log(GFLOPs)) - (Snip / MParams)),0.558200000,0.595000000,95,8,4,2163,run_monash_time_unique1000,2,1,TIME__NE_China_Wind__H/seed_2163/run_monash_time_unique1000/visualizations/archive_latex.tex
819,0.263063063,0.558200000,\left(\log\left(\mathrm{GFLOPs}\right)\right) \cdot \left(\mathrm{Jacov}\right) - \frac{\mathrm{Snip}}{\mathrm{MParams}},GFLOPs Log Jacov Mul Snip MParams Div Sub <EOS>,((log(GFLOPs) * Jacov) - (Snip / MParams)),0.558200000,0.595000000,9,8,4,2192,run_monash_time_unique1000,5,1,TIME__NE_China_Wind__H/seed_2192/run_monash_time_unique1000/visualizations/archive_latex.tex
820,0.262162162,0.558200000,-\frac{\mathrm{Snip}}{\mathrm{MParams}} + \left(\mathrm{Jacov}\right) \cdot \left(\log\left(\mathrm{GFLOPs}\right)\right),Snip MParams Div Negative Jacov GFLOPs Log Mul Add <EOS>,(-((Snip / MParams)) + (Jacov * log(GFLOPs))),0.558200000,0.595000000,194,9,4,2045,run_monash_time_unique1000,6,1,TIME__NE_China_Wind__H/seed_2045/run_monash_time_unique1000/visualizations/archive_latex.tex
821,0.261261261,0.558000000,\left(\left(\mathrm{GFLOPs}\right) \cdot \left(\mathrm{Jacov}\right)\right) \cdot \left(\sqrt{\log\left(\mathrm{ZiCo} + \mathrm{plain}\right)}\right),GFLOPs Jacov Mul ZiCo plain Add Log Sqrt Mul <EOS>,((GFLOPs * Jacov) * sqrt(log((ZiCo + plain)))),0.558000000,0.637900000,111,9,5,2200,run_monash_time_unique1000,7,1,TIME__NE_China_Wind__H/seed_2200/run_monash_time_unique1000/visualizations/archive_latex.tex
822,0.260360360,0.558000000,\left(\left(\log\left(\mathrm{GFLOPs}\right)\right) \cdot \left(\left(\mathrm{plain}\right)^2\right)\right) \cdot \left(\frac{\mathrm{Jacov}}{\mathrm{L2Norm}}\right),GFLOPs Log plain Square Mul Jacov L2-Norm Div Mul <EOS>,((log(GFLOPs) * square(plain)) * (Jacov / L2-Norm)),0.558000000,0.658900000,32,9,4,2069,run_monash_time_unique1000,10,1,TIME__NE_China_Wind__H/seed_2069/run_monash_time_unique1000/visualizations/archive_latex.tex
823,0.259459459,0.557900000,\frac{\frac{\frac{\mathrm{GraSP}}{\mathrm{GFLOPs}}}{\mathrm{plain}}}{\mathrm{Jacov}},GraSP GFLOPs Div plain Div Jacov Div <EOS>,(((GraSP / GFLOPs) / plain) / Jacov),0.557900000,0.580800000,15,7,4,2053,run_monash_time_unique1000,4,1,TIME__NE_China_Wind__H/seed_2053/run_monash_time_unique1000/visualizations/archive_latex.tex
824,0.258558559,0.557900000,\frac{\mathrm{GraSP}}{\left(\left(\mathrm{GFLOPs}\right) \cdot \left(\mathrm{plain}\right)\right) \cdot \left(\mathrm{Jacov}\right)},GraSP GFLOPs plain Mul Jacov Mul Div <EOS>,(GraSP / ((GFLOPs * plain) * Jacov)),0.557900000,0.580800000,105,7,4,2129,run_monash_time_unique1000,8,1,TIME__NE_China_Wind__H/seed_2129/run_monash_time_unique1000/visualizations/archive_latex.tex
825,0.257657658,0.557800000,\left(\mathrm{GFLOPs}\right) \cdot \left(\left(\mathrm{Jacov}\right) \cdot \left(\mathrm{plain} - \sqrt{\mathrm{ZiCo}}\right)\right),GFLOPs Jacov plain ZiCo Sqrt Sub Mul Mul <EOS>,(GFLOPs * (Jacov * (plain - sqrt(ZiCo)))),0.557800000,0.656500000,29,8,5,2152,run_monash_time_unique1000,7,1,TIME__NE_China_Wind__H/seed_2152/run_monash_time_unique1000/visualizations/archive_latex.tex
826,0.256756757,0.557500000,\mathrm{Jacov} - \left(\mathrm{GFLOPs}\right)^2 + \frac{\mathrm{ZiCo}}{\left(\mathrm{GSynFlow}\right)^2},Jacov GFLOPs Square Sub ZiCo GSynFlow Square Div Add <EOS>,((Jacov - square(GFLOPs)) + (ZiCo / square(GSynFlow))),0.557500000,0.619300000,70,9,4,2027,run_monash_time_unique1000,4,1,TIME__NE_China_Wind__H/seed_2027/run_monash_time_unique1000/visualizations/archive_latex.tex
827,0.255855856,0.557400000,\frac{\sqrt{\mathrm{Fisher}}}{\left(\mathrm{GSynFlow}\right)^2} + \left(\mathrm{plain}\right) \cdot \left(\mathrm{Jacov}\right),Fisher Sqrt GSynFlow Square Div plain Jacov Mul Add <EOS>,((sqrt(Fisher) / square(GSynFlow)) + (plain * Jacov)),0.557400000,0.641800000,26,9,4,2224,run_monash_time_unique1000,7,1,TIME__NE_China_Wind__H/seed_2224/run_monash_time_unique1000/visualizations/archive_latex.tex
828,0.254954955,0.557300000,\mathrm{L2Norm} + \left(\sqrt{\log\left(\mathrm{GFLOPs}\right)}\right) \cdot \left(\left(\mathrm{plain}\right) \cdot \left(\mathrm{Jacov}\right)\right),L2-Norm GFLOPs Log Sqrt plain Jacov Mul Mul Add <EOS>,(L2-Norm + (sqrt(log(GFLOPs)) * (plain * Jacov))),0.557300000,0.629300000,13,9,5,2183,run_monash_time_unique1000,10,1,TIME__NE_China_Wind__H/seed_2183/run_monash_time_unique1000/visualizations/archive_latex.tex
829,0.254054054,0.557200000,\frac{\sqrt{\mathrm{GFLOPs}}}{\left(\mathrm{GSynFlow}\right)^2} + \left(\mathrm{Jacov}\right) \cdot \left(\mathrm{plain}\right),GFLOPs Sqrt GSynFlow Square Div Jacov plain Mul Add <EOS>,((sqrt(GFLOPs) / square(GSynFlow)) + (Jacov * plain)),0.557200000,0.657300000,131,9,4,2135,run_monash_time_unique1000,5,2,TIME__NE_China_Wind__H/seed_2135/run_monash_time_unique1000/visualizations/archive_latex.tex
830,0.253153153,0.557200000,\frac{\sqrt{\mathrm{GFLOPs}}}{\left(\mathrm{GSynFlow}\right)^2} + \left(\mathrm{plain}\right) \cdot \left(\mathrm{Jacov}\right),GFLOPs Sqrt GSynFlow Square Div plain Jacov Mul Add <EOS>,((sqrt(GFLOPs) / square(GSynFlow)) + (plain * Jacov)),0.557200000,0.657300000,18,9,4,2187,run_monash_time_unique1000,9,1,TIME__NE_China_Wind__H/seed_2187/run_monash_time_unique1000/visualizations/archive_latex.tex
831,0.252252252,0.557100000,\left(\mathrm{Jacov}\right) \cdot \left(\mathrm{plain}\right) + \frac{\sqrt{\mathrm{plain}}}{\left(\mathrm{GSynFlow}\right)^2},Jacov plain Mul plain Sqrt GSynFlow Square Div Add <EOS>,((Jacov * plain) + (sqrt(plain) / square(GSynFlow))),0.557100000,0.651200000,49,9,4,2129,run_monash_time_unique1000,9,1,TIME__NE_China_Wind__H/seed_2129/run_monash_time_unique1000/visualizations/archive_latex.tex
832,0.251351351,0.557100000,\frac{\sqrt{\mathrm{plain}}}{\left(\mathrm{GSynFlow}\right)^2} + \left(\mathrm{plain}\right) \cdot \left(\mathrm{Jacov}\right),plain Sqrt GSynFlow Square Div plain Jacov Mul Add <EOS>,((sqrt(plain) / square(GSynFlow)) + (plain * Jacov)),0.557100000,0.651200000,88,9,4,2187,run_monash_time_unique1000,10,1,TIME__NE_China_Wind__H/seed_2187/run_monash_time_unique1000/visualizations/archive_latex.tex
833,0.250450450,0.556900000,\frac{\mathrm{ZiCo}}{\left(\mathrm{GSynFlow}\right)^2} + \left(\mathrm{Jacov}\right) \cdot \left(\sqrt{\mathrm{Fisher}}\right),ZiCo GSynFlow Square Div Jacov Fisher Sqrt Mul Add <EOS>,((ZiCo / square(GSynFlow)) + (Jacov * sqrt(Fisher))),0.556900000,0.631600000,31,9,4,2113,run_monash_time_unique1000,3,1,TIME__NE_China_Wind__H/seed_2113/run_monash_time_unique1000/visualizations/archive_latex.tex
834,0.249549550,0.556700000,\left(\sqrt{\mathrm{GradNorm}}\right) \cdot \left(\mathrm{Jacov}\right) + \frac{\mathrm{ZiCo}}{\left(\mathrm{GSynFlow}\right)^2},Grad_Norm Sqrt Jacov Mul ZiCo GSynFlow Square Div Add <EOS>,((sqrt(Grad_Norm) * Jacov) + (ZiCo / square(GSynFlow))),0.556700000,0.596700000,13,9,4,2157,run_monash_time_unique1000,6,1,TIME__NE_China_Wind__H/seed_2157/run_monash_time_unique1000/visualizations/archive_latex.tex
835,0.248648649,0.556400000,\left(\mathrm{Jacov}\right) \cdot \left(\mathrm{plain}\right) + \frac{\log\left(\left(\mathrm{Jacov}\right)^2\right)}{\mathrm{GSynFlow}},Jacov plain Mul Jacov Square Log GSynFlow Div Add <EOS>,((Jacov * plain) + (log(square(Jacov)) / GSynFlow)),0.556400000,0.655100000,92,9,5,2121,run_monash_time_unique1000,5,1,TIME__NE_China_Wind__H/seed_2121/run_monash_time_unique1000/visualizations/archive_latex.tex
836,0.247747748,0.556400000,\mathrm{Snip} + \left(\log\left(\mathrm{GFLOPs}\right)\right) \cdot \left(\left(\mathrm{Jacov}\right) \cdot \left(\mathrm{plain}\right)\right),Snip GFLOPs Log Jacov plain Mul Mul Add <EOS>,(Snip + (log(GFLOPs) * (Jacov * plain))),0.556400000,0.656600000,22,8,4,2152,run_monash_time_unique1000,8,1,TIME__NE_China_Wind__H/seed_2152/run_monash_time_unique1000/visualizations/archive_latex.tex
837,0.246846847,0.556300000,\left(\mathrm{plain} - \frac{\mathrm{Fisher}}{\mathrm{MParams}}\right) \cdot \left(\mathrm{Jacov}\right),plain Fisher MParams Div Sub Jacov Mul <EOS>,((plain - (Fisher / MParams)) * Jacov),0.556300000,0.626100000,48,7,4,2102,run_monash_time_unique1000,10,1,TIME__NE_China_Wind__H/seed_2102/run_monash_time_unique1000/visualizations/archive_latex.tex
838,0.245945946,0.556200000,\left(\left(\mathrm{plain}\right) \cdot \left(\mathrm{ZiCo} + \log\left(\mathrm{GFLOPs}\right)\right)\right) \cdot \left(\mathrm{Jacov}\right),plain ZiCo GFLOPs Log Add Mul Jacov Mul <EOS>,((plain * (ZiCo + log(GFLOPs))) * Jacov),0.556200000,0.654800000,192,8,5,2178,run_monash_time_unique1000,2,1,TIME__NE_China_Wind__H/seed_2178/run_monash_time_unique1000/visualizations/archive_latex.tex
839,0.245045045,0.556200000,\left(\left(\mathrm{GFLOPs}\right) \cdot \left(\mathrm{Jacov}\right)\right) \cdot \left(\log\left(\sqrt{\mathrm{plain} + \mathrm{plain}}\right)\right),GFLOPs Jacov Mul plain plain Add Sqrt Log Mul <EOS>,((GFLOPs * Jacov) * log(sqrt((plain + plain)))),0.556200000,0.641900000,8,9,5,2037,run_monash_time_unique1000,4,1,TIME__NE_China_Wind__H/seed_2037/run_monash_time_unique1000/visualizations/archive_latex.tex
840,0.244144144,0.556200000,\left(\left(\mathrm{Jacov}\right) \cdot \left(\mathrm{GFLOPs}\right)\right) \cdot \left(\log\left(\mathrm{plain} + \mathrm{plain}\right)\right),Jacov GFLOPs Mul plain plain Add Log Mul <EOS>,((Jacov * GFLOPs) * log((plain + plain))),0.556200000,0.641900000,167,8,4,2156,run_monash_time_unique1000,4,1,TIME__NE_China_Wind__H/seed_2156/run_monash_time_unique1000/visualizations/archive_latex.tex
841,0.243243243,0.556200000,\left(\left(\mathrm{Jacov}\right) \cdot \left(\mathrm{GFLOPs}\right)\right) \cdot \left(\log\left(\mathrm{plain} - -\mathrm{plain}\right)\right),Jacov GFLOPs Mul plain plain Negative Sub Log Mul <EOS>,((Jacov * GFLOPs) * log((plain - -(plain)))),0.556200000,0.641900000,195,9,5,2175,run_monash_time_unique1000,5,1,TIME__NE_China_Wind__H/seed_2175/run_monash_time_unique1000/visualizations/archive_latex.tex
842,0.242342342,0.556200000,\left(\left(\mathrm{GFLOPs}\right) \cdot \left(\mathrm{Jacov}\right)\right) \cdot \left(\log\left(\mathrm{plain} + \mathrm{plain}\right)\right),GFLOPs Jacov Mul plain plain Add Log Mul <EOS>,((GFLOPs * Jacov) * log((plain + plain))),0.556200000,0.641900000,98,8,4,2200,run_monash_time_unique1000,8,1,TIME__NE_China_Wind__H/seed_2200/run_monash_time_unique1000/visualizations/archive_latex.tex
843,0.241441441,0.556100000,\left(\log\left(\mathrm{GFLOPs}\right)\right) \cdot \left(\left(\mathrm{Jacov}\right) \cdot \left(\mathrm{plain} - \sqrt{\mathrm{ZiCo}}\right)\right),GFLOPs Log Jacov plain ZiCo Sqrt Sub Mul Mul <EOS>,(log(GFLOPs) * (Jacov * (plain - sqrt(ZiCo)))),0.556100000,0.671700000,24,9,5,2152,run_monash_time_unique1000,9,1,TIME__NE_China_Wind__H/seed_2152/run_monash_time_unique1000/visualizations/archive_latex.tex
844,0.240540541,0.556100000,\left(\left(\log\left(\mathrm{GFLOPs}\right)\right) \cdot \left(\mathrm{Jacov}\right)\right) \cdot \left(\frac{\mathrm{plain}}{\sqrt{\mathrm{L2Norm}}}\right),GFLOPs Log Jacov Mul plain L2-Norm Sqrt Div Mul <EOS>,((log(GFLOPs) * Jacov) * (plain / sqrt(L2-Norm))),0.556100000,0.658100000,80,9,4,2200,run_monash_time_unique1000,9,1,TIME__NE_China_Wind__H/seed_2200/run_monash_time_unique1000/visualizations/archive_latex.tex
845,0.239639640,0.556000000,\left(\mathrm{plain}\right) \cdot \left(\frac{\sqrt{\mathrm{GSynFlow}}}{\left(\mathrm{GSynFlow}\right)^2} + \mathrm{Jacov}\right),plain GSynFlow Sqrt GSynFlow Square Div Jacov Add Mul <EOS>,(plain * ((sqrt(GSynFlow) / square(GSynFlow)) + Jacov)),0.556000000,0.639600000,24,9,5,2123,run_monash_time_unique1000,2,2,TIME__NE_China_Wind__H/seed_2123/run_monash_time_unique1000/visualizations/archive_latex.tex
846,0.238738739,0.556000000,\left(\frac{\sqrt{\mathrm{GSynFlow}}}{\left(\mathrm{GSynFlow}\right)^2} + \mathrm{Jacov}\right) \cdot \left(\mathrm{plain}\right),GSynFlow Sqrt GSynFlow Square Div Jacov Add plain Mul <EOS>,(((sqrt(GSynFlow) / square(GSynFlow)) + Jacov) * plain),0.556000000,0.639600000,175,9,5,2099,run_monash_time_unique1000,6,1,TIME__NE_China_Wind__H/seed_2099/run_monash_time_unique1000/visualizations/archive_latex.tex
847,0.237837838,0.555700000,\left(\mathrm{GFLOPs}\right) \cdot \left(\mathrm{Jacov}\right) + \frac{\mathrm{L2Norm}}{\mathrm{Fisher}},GFLOPs Jacov Mul L2-Norm Fisher Div Add <EOS>,((GFLOPs * Jacov) + (L2-Norm / Fisher)),0.555700000,0.619900000,6,7,3,2052,run_monash_time_unique1000,1,5,TIME__NE_China_Wind__H/seed_2052/run_monash_time_unique1000/visualizations/archive_latex.tex
848,0.236936937,0.555700000,\frac{\mathrm{L2Norm}}{\mathrm{Fisher}} + \left(\mathrm{GFLOPs}\right) \cdot \left(\mathrm{Jacov}\right),L2-Norm Fisher Div GFLOPs Jacov Mul Add <EOS>,((L2-Norm / Fisher) + (GFLOPs * Jacov)),0.555700000,0.619900000,97,7,3,2138,run_monash_time_unique1000,1,6,TIME__NE_China_Wind__H/seed_2138/run_monash_time_unique1000/visualizations/archive_latex.tex
849,0.236036036,0.555700000,\mathrm{Jacov} + \frac{\frac{\left(\mathrm{L2Norm}\right)^2}{\mathrm{plain}}}{\mathrm{GFLOPs}},Jacov L2-Norm Square plain Div GFLOPs Div Add <EOS>,(Jacov + ((square(L2-Norm) / plain) / GFLOPs)),0.555700000,0.669300000,58,8,5,2149,run_monash_time_unique1000,1,2,TIME__NE_China_Wind__H/seed_2149/run_monash_time_unique1000/visualizations/archive_latex.tex
850,0.235135135,0.555700000,\frac{\frac{\left(\mathrm{L2Norm}\right)^2}{\mathrm{plain}}}{\mathrm{GFLOPs}} + \mathrm{Jacov},L2-Norm Square plain Div GFLOPs Div Jacov Add <EOS>,(((square(L2-Norm) / plain) / GFLOPs) + Jacov),0.555700000,0.669300000,174,8,5,2123,run_monash_time_unique1000,3,1,TIME__NE_China_Wind__H/seed_2123/run_monash_time_unique1000/visualizations/archive_latex.tex
851,0.234234234,0.555700000,\frac{\mathrm{L2Norm}}{\mathrm{Fisher}} + \left(\mathrm{Jacov}\right) \cdot \left(\mathrm{GFLOPs}\right),L2-Norm Fisher Div Jacov GFLOPs Mul Add <EOS>,((L2-Norm / Fisher) + (Jacov * GFLOPs)),0.555700000,0.619900000,98,7,3,2163,run_monash_time_unique1000,3,4,TIME__NE_China_Wind__H/seed_2163/run_monash_time_unique1000/visualizations/archive_latex.tex
852,0.233333333,0.555700000,\sqrt{\mathrm{Jacov} + \frac{\left(\mathrm{L2Norm}\right)^2}{\left(\mathrm{GFLOPs}\right) \cdot \left(\mathrm{plain}\right)}},Jacov L2-Norm Square GFLOPs plain Mul Div Add Sqrt <EOS>,sqrt((Jacov + (square(L2-Norm) / (GFLOPs * plain)))),0.555700000,0.669900000,25,9,5,2212,run_monash_time_unique1000,4,1,TIME__NE_China_Wind__H/seed_2212/run_monash_time_unique1000/visualizations/archive_latex.tex
853,0.232432432,0.555700000,\left(\mathrm{Jacov}\right) \cdot \left(\mathrm{GFLOPs}\right) + \frac{\mathrm{L2Norm}}{\mathrm{Fisher}},Jacov GFLOPs Mul L2-Norm Fisher Div Add <EOS>,((Jacov * GFLOPs) + (L2-Norm / Fisher)),0.555700000,0.619900000,69,7,3,2027,run_monash_time_unique1000,5,2,TIME__NE_China_Wind__H/seed_2027/run_monash_time_unique1000/visualizations/archive_latex.tex
854,0.231531532,0.555700000,\mathrm{Jacov} + \frac{\frac{\left(\mathrm{L2Norm}\right)^2}{\mathrm{GFLOPs}}}{\mathrm{plain}},Jacov L2-Norm Square GFLOPs Div plain Div Add <EOS>,(Jacov + ((square(L2-Norm) / GFLOPs) / plain)),0.555700000,0.669300000,168,8,5,2107,run_monash_time_unique1000,5,2,TIME__NE_China_Wind__H/seed_2107/run_monash_time_unique1000/visualizations/archive_latex.tex
855,0.230630631,0.555700000,\frac{\frac{\left(\mathrm{L2Norm}\right)^2}{\mathrm{GFLOPs}}}{\mathrm{plain}} + \mathrm{Jacov},L2-Norm Square GFLOPs Div plain Div Jacov Add <EOS>,(((square(L2-Norm) / GFLOPs) / plain) + Jacov),0.555700000,0.669300000,186,8,5,2116,run_monash_time_unique1000,5,1,TIME__NE_China_Wind__H/seed_2116/run_monash_time_unique1000/visualizations/archive_latex.tex
856,0.229729730,0.555700000,\mathrm{Jacov} + \left(\frac{\mathrm{L2Norm}}{\sqrt{\left(\mathrm{GFLOPs}\right) \cdot \left(\mathrm{plain}\right)}}\right)^2,Jacov L2-Norm GFLOPs plain Mul Sqrt Div Square Add <EOS>,(Jacov + square((L2-Norm / sqrt((GFLOPs * plain))))),0.555700000,0.669300000,184,9,6,2126,run_monash_time_unique1000,5,2,TIME__NE_China_Wind__H/seed_2126/run_monash_time_unique1000/visualizations/archive_latex.tex
857,0.228828829,0.555700000,\mathrm{Jacov} + \frac{\left(\mathrm{L2Norm}\right)^2}{\left(\mathrm{plain}\right) \cdot \left(\mathrm{GFLOPs}\right)},Jacov L2-Norm Square plain GFLOPs Mul Div Add <EOS>,(Jacov + (square(L2-Norm) / (plain * GFLOPs))),0.555700000,0.669300000,145,8,4,2212,run_monash_time_unique1000,5,1,TIME__NE_China_Wind__H/seed_2212/run_monash_time_unique1000/visualizations/archive_latex.tex
858,0.227927928,0.555700000,\frac{\left(\mathrm{L2Norm}\right)^2}{\left(\mathrm{plain}\right) \cdot \left(\mathrm{GFLOPs}\right)} + \mathrm{Jacov},L2-Norm Square plain GFLOPs Mul Div Jacov Add <EOS>,((square(L2-Norm) / (plain * GFLOPs)) + Jacov),0.555700000,0.669300000,152,8,4,2101,run_monash_time_unique1000,6,1,TIME__NE_China_Wind__H/seed_2101/run_monash_time_unique1000/visualizations/archive_latex.tex
859,0.227027027,0.555700000,\mathrm{Jacov} + \frac{\left(\mathrm{L2Norm}\right)^2}{\left(\mathrm{GFLOPs}\right) \cdot \left(\mathrm{plain}\right)},Jacov L2-Norm Square GFLOPs plain Mul Div Add <EOS>,(Jacov + (square(L2-Norm) / (GFLOPs * plain))),0.555700000,0.669300000,144,8,4,2177,run_monash_time_unique1000,8,1,TIME__NE_China_Wind__H/seed_2177/run_monash_time_unique1000/visualizations/archive_latex.tex
860,0.226126126,0.555700000,\left(\frac{\mathrm{L2Norm}}{\sqrt{\left(\mathrm{GFLOPs}\right) \cdot \left(\mathrm{plain}\right)}}\right)^2 + \mathrm{Jacov},L2-Norm GFLOPs plain Mul Sqrt Div Square Jacov Add <EOS>,(square((L2-Norm / sqrt((GFLOPs * plain)))) + Jacov),0.555700000,0.669300000,69,9,6,2211,run_monash_time_unique1000,8,1,TIME__NE_China_Wind__H/seed_2211/run_monash_time_unique1000/visualizations/archive_latex.tex
861,0.225225225,0.555700000,\mathrm{Jacov} + \left(\frac{\mathrm{L2Norm}}{\sqrt{\left(\mathrm{plain}\right) \cdot \left(\mathrm{GFLOPs}\right)}}\right)^2,Jacov L2-Norm plain GFLOPs Mul Sqrt Div Square Add <EOS>,(Jacov + square((L2-Norm / sqrt((plain * GFLOPs))))),0.555700000,0.669300000,78,9,6,2226,run_monash_time_unique1000,10,1,TIME__NE_China_Wind__H/seed_2226/run_monash_time_unique1000/visualizations/archive_latex.tex
862,0.224324324,0.555600000,\frac{\left(\mathrm{Jacov}\right) \cdot \left(\log\left(\mathrm{GFLOPs}\right)\right)}{\frac{\mathrm{MParams}}{\sqrt{\mathrm{MParams}}}},Jacov GFLOPs Log Mul MParams MParams Sqrt Div Div <EOS>,((Jacov * log(GFLOPs)) / (MParams / sqrt(MParams))),0.555600000,0.600600000,192,9,4,2066,run_monash_time_unique1000,8,1,TIME__NE_China_Wind__H/seed_2066/run_monash_time_unique1000/visualizations/archive_latex.tex
863,0.223423423,0.555500000,\left(\mathrm{Jacov}\right) \cdot \left(\mathrm{plain}\right) + \frac{\sqrt{\mathrm{GSynFlow}}}{\left(\mathrm{GSynFlow}\right)^2},Jacov plain Mul GSynFlow Sqrt GSynFlow Square Div Add <EOS>,((Jacov * plain) + (sqrt(GSynFlow) / square(GSynFlow))),0.555500000,0.627700000,21,9,4,2178,run_monash_time_unique1000,3,3,TIME__NE_China_Wind__H/seed_2178/run_monash_time_unique1000/visualizations/archive_latex.tex
864,0.222522523,0.555500000,\left(\mathrm{plain}\right) \cdot \left(\mathrm{Jacov}\right) + \frac{\sqrt{\mathrm{GSynFlow}}}{\left(\mathrm{GSynFlow}\right)^2},plain Jacov Mul GSynFlow Sqrt GSynFlow Square Div Add <EOS>,((plain * Jacov) + (sqrt(GSynFlow) / square(GSynFlow))),0.555500000,0.627700000,66,9,4,2090,run_monash_time_unique1000,4,3,TIME__NE_China_Wind__H/seed_2090/run_monash_time_unique1000/visualizations/archive_latex.tex
865,0.221621622,0.555500000,\frac{\sqrt{\mathrm{GSynFlow}}}{\left(\mathrm{GSynFlow}\right)^2} + \left(\mathrm{plain}\right) \cdot \left(\mathrm{Jacov}\right),GSynFlow Sqrt GSynFlow Square Div plain Jacov Mul Add <EOS>,((sqrt(GSynFlow) / square(GSynFlow)) + (plain * Jacov)),0.555500000,0.627700000,27,9,4,2032,run_monash_time_unique1000,6,2,TIME__NE_China_Wind__H/seed_2032/run_monash_time_unique1000/visualizations/archive_latex.tex
866,0.220720721,0.555500000,\frac{\sqrt{\mathrm{GSynFlow}}}{\left(\mathrm{GSynFlow}\right)^2} + \left(\mathrm{Jacov}\right) \cdot \left(\mathrm{plain}\right),GSynFlow Sqrt GSynFlow Square Div Jacov plain Mul Add <EOS>,((sqrt(GSynFlow) / square(GSynFlow)) + (Jacov * plain)),0.555500000,0.627700000,49,9,4,2175,run_monash_time_unique1000,7,1,TIME__NE_China_Wind__H/seed_2175/run_monash_time_unique1000/visualizations/archive_latex.tex
867,0.219819820,0.555200000,\left(\left(\mathrm{Jacov}\right) \cdot \left(\mathrm{GFLOPs} - \mathrm{MParams}\right)\right) \cdot \left(\mathrm{plain}\right),Jacov GFLOPs MParams Sub Mul plain Mul <EOS>,((Jacov * (GFLOPs - MParams)) * plain),0.555200000,0.645300000,67,7,4,2110,run_monash_time_unique1000,4,1,TIME__NE_China_Wind__H/seed_2110/run_monash_time_unique1000/visualizations/archive_latex.tex
868,0.218918919,0.555200000,\left(\mathrm{Jacov}\right) \cdot \left(\left(\mathrm{plain}\right) \cdot \left(\mathrm{GFLOPs} - \mathrm{MParams}\right)\right),Jacov plain GFLOPs MParams Sub Mul Mul <EOS>,(Jacov * (plain * (GFLOPs - MParams))),0.555200000,0.645300000,28,7,4,2203,run_monash_time_unique1000,4,1,TIME__NE_China_Wind__H/seed_2203/run_monash_time_unique1000/visualizations/archive_latex.tex
869,0.218018018,0.555200000,\left(\mathrm{GFLOPs} - \mathrm{MParams}\right) \cdot \left(\left(\mathrm{plain}\right) \cdot \left(\mathrm{Jacov}\right)\right),GFLOPs MParams Sub plain Jacov Mul Mul <EOS>,((GFLOPs - MParams) * (plain * Jacov)),0.555200000,0.645300000,114,7,3,2058,run_monash_time_unique1000,5,2,TIME__NE_China_Wind__H/seed_2058/run_monash_time_unique1000/visualizations/archive_latex.tex
870,0.217117117,0.555200000,\left(\left(\mathrm{plain}\right) \cdot \left(-\mathrm{MParams} + \mathrm{GFLOPs}\right)\right) \cdot \left(\mathrm{Jacov}\right),plain MParams Negative GFLOPs Add Mul Jacov Mul <EOS>,((plain * (-(MParams) + GFLOPs)) * Jacov),0.555200000,0.645300000,183,8,5,2108,run_monash_time_unique1000,6,1,TIME__NE_China_Wind__H/seed_2108/run_monash_time_unique1000/visualizations/archive_latex.tex
871,0.216216216,0.555200000,\left(\mathrm{Jacov}\right) \cdot \left(\left(\mathrm{GFLOPs} - \mathrm{MParams}\right) \cdot \left(\mathrm{plain}\right)\right),Jacov GFLOPs MParams Sub plain Mul Mul <EOS>,(Jacov * ((GFLOPs - MParams) * plain)),0.555200000,0.645300000,169,7,4,2126,run_monash_time_unique1000,6,1,TIME__NE_China_Wind__H/seed_2126/run_monash_time_unique1000/visualizations/archive_latex.tex
872,0.215315315,0.555100000,\left(\log\left(\mathrm{GFLOPs}\right)\right) \cdot \left(\mathrm{Jacov}\right) + \frac{\mathrm{JacobFro}}{\mathrm{Fisher}},GFLOPs Log Jacov Mul Jacob_fro Fisher Div Add <EOS>,((log(GFLOPs) * Jacov) + (Jacob_fro / Fisher)),0.555100000,0.636700000,197,8,4,2203,run_monash_time_unique1000,5,2,TIME__NE_China_Wind__H/seed_2203/run_monash_time_unique1000/visualizations/archive_latex.tex
873,0.214414414,0.554900000,\left(\frac{\mathrm{ZiCo}}{\mathrm{GSynFlow}}\right)^2 + \mathrm{Jacov} + -\mathrm{Snip},ZiCo GSynFlow Div Square Jacov Add Snip Negative Add <EOS>,((square((ZiCo / GSynFlow)) + Jacov) + -(Snip)),0.554900000,0.608500000,97,9,5,2060,run_monash_time_unique1000,1,1,TIME__NE_China_Wind__H/seed_2060/run_monash_time_unique1000/visualizations/archive_latex.tex
874,0.213513514,0.554900000,\left(\frac{\mathrm{ZiCo}}{\mathrm{GSynFlow}}\right)^2 + \mathrm{Jacov} - \mathrm{Snip},ZiCo GSynFlow Div Square Jacov Add Snip Sub <EOS>,((square((ZiCo / GSynFlow)) + Jacov) - Snip),0.554900000,0.608500000,117,8,5,2222,run_monash_time_unique1000,1,1,TIME__NE_China_Wind__H/seed_2222/run_monash_time_unique1000/visualizations/archive_latex.tex
875,0.212612613,0.554900000,\left(\mathrm{plain}\right) \cdot \left(\mathrm{Jacov}\right) + \frac{\sqrt{\mathrm{Jacov}}}{\mathrm{GSynFlow}},plain Jacov Mul Jacov Sqrt GSynFlow Div Add <EOS>,((plain * Jacov) + (sqrt(Jacov) / GSynFlow)),0.554900000,0.663100000,36,8,4,2064,run_monash_time_unique1000,2,9,TIME__NE_China_Wind__H/seed_2064/run_monash_time_unique1000/visualizations/archive_latex.tex
876,0.211711712,0.554900000,\frac{\sqrt{\mathrm{Jacov}}}{\mathrm{GSynFlow}} + \left(\mathrm{Jacov}\right) \cdot \left(\mathrm{plain}\right),Jacov Sqrt GSynFlow Div Jacov plain Mul Add <EOS>,((sqrt(Jacov) / GSynFlow) + (Jacov * plain)),0.554900000,0.663100000,34,8,4,2208,run_monash_time_unique1000,3,8,TIME__NE_China_Wind__H/seed_2208/run_monash_time_unique1000/visualizations/archive_latex.tex
877,0.210810811,0.554900000,\left(\frac{\mathrm{ZiCo}}{\mathrm{GSynFlow}}\right)^2 - \mathrm{Snip} + \mathrm{Jacov},ZiCo GSynFlow Div Square Snip Sub Jacov Add <EOS>,((square((ZiCo / GSynFlow)) - Snip) + Jacov),0.554900000,0.608500000,176,8,5,2115,run_monash_time_unique1000,4,5,TIME__NE_China_Wind__H/seed_2115/run_monash_time_unique1000/visualizations/archive_latex.tex
878,0.209909910,0.554900000,\left(\mathrm{Jacov}\right) \cdot \left(\mathrm{plain}\right) + \frac{\sqrt{\mathrm{Jacov}}}{\mathrm{GSynFlow}},Jacov plain Mul Jacov Sqrt GSynFlow Div Add <EOS>,((Jacov * plain) + (sqrt(Jacov) / GSynFlow)),0.554900000,0.663100000,20,8,4,2178,run_monash_time_unique1000,4,7,TIME__NE_China_Wind__H/seed_2178/run_monash_time_unique1000/visualizations/archive_latex.tex
879,0.209009009,0.554900000,\frac{\sqrt{\mathrm{Jacov}}}{\mathrm{GSynFlow}} + \left(\mathrm{plain}\right) \cdot \left(\mathrm{Jacov}\right),Jacov Sqrt GSynFlow Div plain Jacov Mul Add <EOS>,((sqrt(Jacov) / GSynFlow) + (plain * Jacov)),0.554900000,0.663100000,192,8,4,2128,run_monash_time_unique1000,6,3,TIME__NE_China_Wind__H/seed_2128/run_monash_time_unique1000/visualizations/archive_latex.tex
880,0.208108108,0.554900000,\mathrm{Jacov} - \mathrm{Snip} + \left(\frac{\mathrm{ZiCo}}{\mathrm{GSynFlow}}\right)^2,Jacov Snip Sub ZiCo GSynFlow Div Square Add <EOS>,((Jacov - Snip) + square((ZiCo / GSynFlow))),0.554900000,0.608500000,126,8,4,2158,run_monash_time_unique1000,7,1,TIME__NE_China_Wind__H/seed_2158/run_monash_time_unique1000/visualizations/archive_latex.tex
881,0.207207207,0.554900000,\frac{\left(\mathrm{ZiCo}\right)^2}{\left(\mathrm{GSynFlow}\right)^2} - \mathrm{Snip} + \mathrm{Jacov},ZiCo Square GSynFlow Square Div Snip Sub Jacov Add <EOS>,(((square(ZiCo) / square(GSynFlow)) - Snip) + Jacov),0.554900000,0.608500000,13,9,5,2032,run_monash_time_unique1000,8,1,TIME__NE_China_Wind__H/seed_2032/run_monash_time_unique1000/visualizations/archive_latex.tex
882,0.206306306,0.554900000,\mathrm{Jacov} + \left(\frac{\mathrm{ZiCo}}{\mathrm{GSynFlow}}\right)^2 - \mathrm{Snip},Jacov ZiCo GSynFlow Div Square Snip Sub Add <EOS>,(Jacov + (square((ZiCo / GSynFlow)) - Snip)),0.554900000,0.608500000,133,8,5,2083,run_monash_time_unique1000,10,1,TIME__NE_China_Wind__H/seed_2083/run_monash_time_unique1000/visualizations/archive_latex.tex
883,0.205405405,0.554500000,\frac{\left(\mathrm{plain}\right) \cdot \left(\left(\mathrm{GFLOPs}\right) \cdot \left(\mathrm{Jacov}\right)\right)}{\sqrt{\mathrm{L2Norm}}},plain GFLOPs Jacov Mul Mul L2-Norm Sqrt Div <EOS>,((plain * (GFLOPs * Jacov)) / sqrt(L2-Norm)),0.554500000,0.631700000,136,8,4,2101,run_monash_time_unique1000,7,1,TIME__NE_China_Wind__H/seed_2101/run_monash_time_unique1000/visualizations/archive_latex.tex
884,0.204504505,0.554500000,\left(\mathrm{Jacov}\right) \cdot \left(\log\left(\mathrm{GraSP}\right)\right) + \frac{\mathrm{ZiCo}}{\left(\mathrm{GSynFlow}\right)^2},Jacov GraSP Log Mul ZiCo GSynFlow Square Div Add <EOS>,((Jacov * log(GraSP)) + (ZiCo / square(GSynFlow))),0.554500000,0.592800000,32,9,4,2139,run_monash_time_unique1000,7,1,TIME__NE_China_Wind__H/seed_2139/run_monash_time_unique1000/visualizations/archive_latex.tex
885,0.203603604,0.554500000,\left(\left(\frac{\mathrm{plain}}{\sqrt{\mathrm{L2Norm}}}\right) \cdot \left(\mathrm{Jacov}\right)\right) \cdot \left(\mathrm{GFLOPs}\right),plain L2-Norm Sqrt Div Jacov Mul GFLOPs Mul <EOS>,(((plain / sqrt(L2-Norm)) * Jacov) * GFLOPs),0.554500000,0.631700000,5,8,5,2045,run_monash_time_unique1000,8,1,TIME__NE_China_Wind__H/seed_2045/run_monash_time_unique1000/visualizations/archive_latex.tex
886,0.202702703,0.554100000,\left(\left(\mathrm{GFLOPs}\right) \cdot \left(\log\left(\mathrm{plain}\right) + \sqrt{\mathrm{plain}}\right)\right) \cdot \left(\mathrm{Jacov}\right),GFLOPs plain Log plain Sqrt Add Mul Jacov Mul <EOS>,((GFLOPs * (log(plain) + sqrt(plain))) * Jacov),0.554100000,0.641700000,11,9,5,2067,run_monash_time_unique1000,9,1,TIME__NE_China_Wind__H/seed_2067/run_monash_time_unique1000/visualizations/archive_latex.tex
887,0.201801802,0.554000000,\left(\left(\log\left(\sqrt{\mathrm{GFLOPs}}\right)\right) \cdot \left(\mathrm{Jacov}\right)\right) \cdot \left(\mathrm{plain}\right) + \mathrm{L2Norm},GFLOPs Sqrt Log Jacov Mul plain Mul L2-Norm Add <EOS>,(((log(sqrt(GFLOPs)) * Jacov) * plain) + L2-Norm),0.554000000,0.658800000,14,9,6,2114,run_monash_time_unique1000,4,1,TIME__NE_China_Wind__H/seed_2114/run_monash_time_unique1000/visualizations/archive_latex.tex
888,0.200900901,0.554000000,\left(\log\left(\sqrt{\mathrm{GFLOPs}}\right)\right) \cdot \left(\left(\mathrm{Jacov}\right) \cdot \left(\mathrm{plain}\right)\right) + \mathrm{L2Norm},GFLOPs Sqrt Log Jacov plain Mul Mul L2-Norm Add <EOS>,((log(sqrt(GFLOPs)) * (Jacov * plain)) + L2-Norm),0.554000000,0.658800000,8,9,5,2116,run_monash_time_unique1000,6,1,TIME__NE_China_Wind__H/seed_2116/run_monash_time_unique1000/visualizations/archive_latex.tex
889,0.200000000,0.554000000,\left(\frac{\log\left(\mathrm{GFLOPs}\right)}{\left(\mathrm{L2Norm} + \mathrm{ZiCo}\right)^2}\right) \cdot \left(\mathrm{Jacov}\right),GFLOPs Log L2-Norm ZiCo Add Square Div Jacov Mul <EOS>,((log(GFLOPs) / square((L2-Norm + ZiCo))) * Jacov),0.554000000,0.594500000,3,9,5,2135,run_monash_time_unique1000,7,1,TIME__NE_China_Wind__H/seed_2135/run_monash_time_unique1000/visualizations/archive_latex.tex
890,0.199099099,0.553900000,\left(\mathrm{Jacov}\right) \cdot \left(\mathrm{plain}\right) + \left(\frac{\mathrm{MParams}}{\mathrm{GSynFlow}}\right)^2,Jacov plain Mul MParams GSynFlow Div Square Add <EOS>,((Jacov * plain) + square((MParams / GSynFlow))),0.553900000,0.609900000,118,8,4,2142,run_monash_time_unique1000,3,7,TIME__NE_China_Wind__H/seed_2142/run_monash_time_unique1000/visualizations/archive_latex.tex
891,0.198198198,0.553900000,\left(\frac{\mathrm{MParams}}{\mathrm{GSynFlow}}\right)^2 + \left(\mathrm{plain}\right) \cdot \left(\mathrm{Jacov}\right),MParams GSynFlow Div Square plain Jacov Mul Add <EOS>,(square((MParams / GSynFlow)) + (plain * Jacov)),0.553900000,0.609900000,151,8,4,2042,run_monash_time_unique1000,4,6,TIME__NE_China_Wind__H/seed_2042/run_monash_time_unique1000/visualizations/archive_latex.tex
892,0.197297297,0.553900000,\left(\frac{\mathrm{MParams}}{\mathrm{GSynFlow}}\right)^2 + \left(\mathrm{Jacov}\right) \cdot \left(\mathrm{plain}\right),MParams GSynFlow Div Square Jacov plain Mul Add <EOS>,(square((MParams / GSynFlow)) + (Jacov * plain)),0.553900000,0.609900000,137,8,4,2123,run_monash_time_unique1000,4,5,TIME__NE_China_Wind__H/seed_2123/run_monash_time_unique1000/visualizations/archive_latex.tex
893,0.196396396,0.553900000,\left(\mathrm{plain}\right) \cdot \left(\mathrm{Jacov}\right) + \left(\frac{\mathrm{MParams}}{\mathrm{GSynFlow}}\right)^2,plain Jacov Mul MParams GSynFlow Div Square Add <EOS>,((plain * Jacov) + square((MParams / GSynFlow))),0.553900000,0.609900000,96,8,4,2039,run_monash_time_unique1000,6,3,TIME__NE_China_Wind__H/seed_2039/run_monash_time_unique1000/visualizations/archive_latex.tex
894,0.195495495,0.553900000,\left(\mathrm{plain}\right) \cdot \left(\mathrm{Jacov}\right) + \frac{\left(\mathrm{MParams}\right)^2}{\left(\mathrm{GSynFlow}\right)^2},plain Jacov Mul MParams Square GSynFlow Square Div Add <EOS>,((plain * Jacov) + (square(MParams) / square(GSynFlow))),0.553900000,0.609900000,42,9,4,2139,run_monash_time_unique1000,8,1,TIME__NE_China_Wind__H/seed_2139/run_monash_time_unique1000/visualizations/archive_latex.tex
895,0.194594595,0.553900000,\frac{\left(\mathrm{MParams}\right)^2}{\left(\mathrm{GSynFlow}\right)^2} + \left(\mathrm{Jacov}\right) \cdot \left(\mathrm{plain}\right),MParams Square GSynFlow Square Div Jacov plain Mul Add <EOS>,((square(MParams) / square(GSynFlow)) + (Jacov * plain)),0.553900000,0.609900000,13,9,4,2132,run_monash_time_unique1000,10,1,TIME__NE_China_Wind__H/seed_2132/run_monash_time_unique1000/visualizations/archive_latex.tex
896,0.193693694,0.553700000,\left(\mathrm{Jacov} + \frac{\log\left(\mathrm{Jacov}\right)}{\mathrm{GSynFlow}}\right) \cdot \left(\mathrm{plain}\right),Jacov Jacov Log GSynFlow Div Add plain Mul <EOS>,((Jacov + (log(Jacov) / GSynFlow)) * plain),0.553700000,0.645000000,154,8,5,2088,run_monash_time_unique1000,3,2,TIME__NE_China_Wind__H/seed_2088/run_monash_time_unique1000/visualizations/archive_latex.tex
897,0.192792793,0.553700000,\left(\mathrm{plain}\right) \cdot \left(\mathrm{Jacov} + \frac{\log\left(\mathrm{Jacov}\right)}{\mathrm{GSynFlow}}\right),plain Jacov Jacov Log GSynFlow Div Add Mul <EOS>,(plain * (Jacov + (log(Jacov) / GSynFlow))),0.553700000,0.645000000,38,8,5,2045,run_monash_time_unique1000,9,1,TIME__NE_China_Wind__H/seed_2045/run_monash_time_unique1000/visualizations/archive_latex.tex
898,0.191891892,0.553600000,\left(\mathrm{Fisher}\right) \cdot \left(\frac{\left(\mathrm{GFLOPs}\right) \cdot \left(\mathrm{Jacov}\right)}{\mathrm{GradNorm}}\right),Fisher GFLOPs Jacov Mul Grad_Norm Div Mul <EOS>,(Fisher * ((GFLOPs * Jacov) / Grad_Norm)),0.553600000,0.626100000,162,7,4,2191,run_monash_time_unique1000,2,1,TIME__NE_China_Wind__H/seed_2191/run_monash_time_unique1000/visualizations/archive_latex.tex
899,0.190990991,0.553600000,\left(\mathrm{GFLOPs}\right) \cdot \left(\left(\frac{\mathrm{Jacov}}{\mathrm{GradNorm}}\right) \cdot \left(\mathrm{Fisher}\right)\right),GFLOPs Jacov Grad_Norm Div Fisher Mul Mul <EOS>,(GFLOPs * ((Jacov / Grad_Norm) * Fisher)),0.553600000,0.626100000,31,7,4,2095,run_monash_time_unique1000,3,1,TIME__NE_China_Wind__H/seed_2095/run_monash_time_unique1000/visualizations/archive_latex.tex
900,0.190090090,0.553600000,\left(\left(\frac{\mathrm{Fisher}}{\mathrm{GradNorm}}\right) \cdot \left(\mathrm{Jacov}\right)\right) \cdot \left(\mathrm{GFLOPs}\right),Fisher Grad_Norm Div Jacov Mul GFLOPs Mul <EOS>,(((Fisher / Grad_Norm) * Jacov) * GFLOPs),0.553600000,0.626100000,79,7,4,2148,run_monash_time_unique1000,4,1,TIME__NE_China_Wind__H/seed_2148/run_monash_time_unique1000/visualizations/archive_latex.tex
901,0.189189189,0.553600000,\frac{-\mathrm{GradNorm}}{\left(\mathrm{Jacov}\right) \cdot \left(\left(\mathrm{GFLOPs}\right) \cdot \left(\mathrm{Fisher}\right)\right)},Grad_Norm Negative Jacov GFLOPs Fisher Mul Mul Div <EOS>,(-(Grad_Norm) / (Jacov * (GFLOPs * Fisher))),0.553600000,0.626100000,12,8,4,2210,run_monash_time_unique1000,5,1,TIME__NE_China_Wind__H/seed_2210/run_monash_time_unique1000/visualizations/archive_latex.tex
902,0.188288288,0.553600000,\frac{\left(\left(\mathrm{GFLOPs}\right) \cdot \left(\mathrm{Fisher}\right)\right) \cdot \left(\mathrm{Jacov}\right)}{\mathrm{GradNorm}},GFLOPs Fisher Mul Jacov Mul Grad_Norm Div <EOS>,(((GFLOPs * Fisher) * Jacov) / Grad_Norm),0.553600000,0.626100000,34,7,4,2128,run_monash_time_unique1000,8,1,TIME__NE_China_Wind__H/seed_2128/run_monash_time_unique1000/visualizations/archive_latex.tex
903,0.187387387,0.553600000,\left(\left(\mathrm{Jacov}\right) \cdot \left(\frac{\mathrm{Fisher}}{\mathrm{GradNorm}}\right)\right) \cdot \left(\mathrm{GFLOPs}\right),Jacov Fisher Grad_Norm Div Mul GFLOPs Mul <EOS>,((Jacov * (Fisher / Grad_Norm)) * GFLOPs),0.553600000,0.626100000,147,7,4,2211,run_monash_time_unique1000,10,1,TIME__NE_China_Wind__H/seed_2211/run_monash_time_unique1000/visualizations/archive_latex.tex
904,0.186486486,0.553500000,\frac{\mathrm{Fisher}}{\left(\mathrm{GSynFlow}\right)^2} + \left(\mathrm{Jacov}\right) \cdot \left(\sqrt{\mathrm{GradNorm}}\right),Fisher GSynFlow Square Div Jacov Grad_Norm Sqrt Mul Add <EOS>,((Fisher / square(GSynFlow)) + (Jacov * sqrt(Grad_Norm))),0.553500000,0.600300000,19,9,4,2113,run_monash_time_unique1000,4,1,TIME__NE_China_Wind__H/seed_2113/run_monash_time_unique1000/visualizations/archive_latex.tex
905,0.185585586,0.553500000,\frac{\mathrm{Fisher}}{\left(\mathrm{GSynFlow}\right)^2} + \left(\sqrt{\mathrm{GradNorm}}\right) \cdot \left(\mathrm{Jacov}\right),Fisher GSynFlow Square Div Grad_Norm Sqrt Jacov Mul Add <EOS>,((Fisher / square(GSynFlow)) + (sqrt(Grad_Norm) * Jacov)),0.553500000,0.600300000,136,9,4,2116,run_monash_time_unique1000,7,1,TIME__NE_China_Wind__H/seed_2116/run_monash_time_unique1000/visualizations/archive_latex.tex
906,0.184684685,0.553500000,\left(\sqrt{\mathrm{GradNorm}}\right) \cdot \left(\mathrm{Jacov}\right) + \frac{\mathrm{Fisher}}{\left(\mathrm{GSynFlow}\right)^2},Grad_Norm Sqrt Jacov Mul Fisher GSynFlow Square Div Add <EOS>,((sqrt(Grad_Norm) * Jacov) + (Fisher / square(GSynFlow))),0.553500000,0.600300000,11,9,4,2126,run_monash_time_unique1000,7,2,TIME__NE_China_Wind__H/seed_2126/run_monash_time_unique1000/visualizations/archive_latex.tex
907,0.183783784,0.553400000,\left(\left(\sqrt{\log\left(\mathrm{GFLOPs}\right)}\right) \cdot \left(\mathrm{Jacov}\right)\right) \cdot \left(\left(\mathrm{ZiCo}\right) \cdot \left(\mathrm{plain}\right)\right),GFLOPs Log Sqrt Jacov Mul ZiCo plain Mul Mul <EOS>,((sqrt(log(GFLOPs)) * Jacov) * (ZiCo * plain)),0.553400000,0.641600000,36,9,5,2200,run_monash_time_unique1000,10,1,TIME__NE_China_Wind__H/seed_2200/run_monash_time_unique1000/visualizations/archive_latex.tex
908,0.182882883,0.553200000,\frac{\mathrm{ZiCo}}{\left(\mathrm{GSynFlow}\right)^2} + \left(\mathrm{GradNorm}\right) \cdot \left(\mathrm{Jacov}\right),ZiCo GSynFlow Square Div Grad_Norm Jacov Mul Add <EOS>,((ZiCo / square(GSynFlow)) + (Grad_Norm * Jacov)),0.553200000,0.583700000,165,8,4,2077,run_monash_time_unique1000,4,1,TIME__NE_China_Wind__H/seed_2077/run_monash_time_unique1000/visualizations/archive_latex.tex
909,0.181981982,0.553200000,\frac{\mathrm{ZiCo}}{\left(\mathrm{GSynFlow}\right)^2} + \left(\mathrm{Jacov}\right) \cdot \left(\mathrm{GradNorm}\right),ZiCo GSynFlow Square Div Jacov Grad_Norm Mul Add <EOS>,((ZiCo / square(GSynFlow)) + (Jacov * Grad_Norm)),0.553200000,0.583700000,14,8,4,2113,run_monash_time_unique1000,5,1,TIME__NE_China_Wind__H/seed_2113/run_monash_time_unique1000/visualizations/archive_latex.tex
910,0.181081081,0.553200000,\left(\mathrm{plain}\right) \cdot \left(\mathrm{Jacov} + \frac{\sqrt{\mathrm{Fisher}}}{\left(\mathrm{GSynFlow}\right)^2}\right),plain Jacov Fisher Sqrt GSynFlow Square Div Add Mul <EOS>,(plain * (Jacov + (sqrt(Fisher) / square(GSynFlow)))),0.553200000,0.643000000,20,9,5,2107,run_monash_time_unique1000,6,1,TIME__NE_China_Wind__H/seed_2107/run_monash_time_unique1000/visualizations/archive_latex.tex
911,0.180180180,0.553200000,\left(\mathrm{Jacov}\right) \cdot \left(\mathrm{GradNorm}\right) + \frac{\mathrm{ZiCo}}{\left(\mathrm{GSynFlow}\right)^2},Jacov Grad_Norm Mul ZiCo GSynFlow Square Div Add <EOS>,((Jacov * Grad_Norm) + (ZiCo / square(GSynFlow))),0.553200000,0.583700000,93,8,4,2178,run_monash_time_unique1000,6,1,TIME__NE_China_Wind__H/seed_2178/run_monash_time_unique1000/visualizations/archive_latex.tex
912,0.179279279,0.553200000,\left(\mathrm{GradNorm}\right) \cdot \left(\mathrm{Jacov}\right) + \frac{\mathrm{ZiCo}}{\left(\mathrm{GSynFlow}\right)^2},Grad_Norm Jacov Mul ZiCo GSynFlow Square Div Add <EOS>,((Grad_Norm * Jacov) + (ZiCo / square(GSynFlow))),0.553200000,0.583700000,15,8,4,2126,run_monash_time_unique1000,8,2,TIME__NE_China_Wind__H/seed_2126/run_monash_time_unique1000/visualizations/archive_latex.tex
913,0.178378378,0.552800000,\left(\log\left(\mathrm{GFLOPs}\right)\right) \cdot \left(\frac{\mathrm{Jacov}}{\mathrm{MParams}} + \mathrm{Jacov}\right),GFLOPs Log Jacov MParams Div Jacov Add Mul <EOS>,(log(GFLOPs) * ((Jacov / MParams) + Jacov)),0.552800000,0.601600000,121,8,4,2203,run_monash_time_unique1000,6,1,TIME__NE_China_Wind__H/seed_2203/run_monash_time_unique1000/visualizations/archive_latex.tex
914,0.177477477,0.552700000,\frac{\left(\mathrm{Snip}\right) \cdot \left(\mathrm{Jacov}\right)}{\frac{\mathrm{MParams}}{\mathrm{GFLOPs}}},Snip Jacov Mul MParams GFLOPs Div Div <EOS>,((Snip * Jacov) / (MParams / GFLOPs)),0.552700000,0.572600000,61,7,3,2222,run_monash_time_unique1000,2,1,TIME__NE_China_Wind__H/seed_2222/run_monash_time_unique1000/visualizations/archive_latex.tex
915,0.176576577,0.552700000,\left(\mathrm{GFLOPs}\right) \cdot \left(\frac{\mathrm{Jacov}}{\frac{\mathrm{MParams}}{\mathrm{Snip}}}\right),GFLOPs Jacov MParams Snip Div Div Mul <EOS>,(GFLOPs * (Jacov / (MParams / Snip))),0.552700000,0.572600000,157,7,4,2053,run_monash_time_unique1000,5,1,TIME__NE_China_Wind__H/seed_2053/run_monash_time_unique1000/visualizations/archive_latex.tex
916,0.175675676,0.552700000,\left(\mathrm{Jacov}\right) \cdot \left(\frac{\mathrm{GFLOPs}}{\frac{\mathrm{MParams}}{\mathrm{Snip}}}\right),Jacov GFLOPs MParams Snip Div Div Mul <EOS>,(Jacov * (GFLOPs / (MParams / Snip))),0.552700000,0.572600000,4,7,4,2077,run_monash_time_unique1000,5,1,TIME__NE_China_Wind__H/seed_2077/run_monash_time_unique1000/visualizations/archive_latex.tex
917,0.174774775,0.552700000,\left(\left(\frac{\mathrm{GFLOPs}}{\mathrm{MParams}}\right) \cdot \left(\mathrm{Snip}\right)\right) \cdot \left(\mathrm{Jacov}\right),GFLOPs MParams Div Snip Mul Jacov Mul <EOS>,(((GFLOPs / MParams) * Snip) * Jacov),0.552700000,0.572600000,93,7,4,2212,run_monash_time_unique1000,6,1,TIME__NE_China_Wind__H/seed_2212/run_monash_time_unique1000/visualizations/archive_latex.tex
918,0.173873874,0.552700000,\left(\frac{\mathrm{Snip}}{\mathrm{MParams}}\right) \cdot \left(\left(\mathrm{GFLOPs}\right) \cdot \left(\mathrm{Jacov}\right)\right),Snip MParams Div GFLOPs Jacov Mul Mul <EOS>,((Snip / MParams) * (GFLOPs * Jacov)),0.552700000,0.572600000,175,7,3,2107,run_monash_time_unique1000,7,1,TIME__NE_China_Wind__H/seed_2107/run_monash_time_unique1000/visualizations/archive_latex.tex
919,0.172972973,0.552700000,\frac{-\mathrm{MParams}}{\left(\mathrm{Snip}\right) \cdot \left(\left(\mathrm{GFLOPs}\right) \cdot \left(\mathrm{Jacov}\right)\right)},MParams Negative Snip GFLOPs Jacov Mul Mul Div <EOS>,(-(MParams) / (Snip * (GFLOPs * Jacov))),0.552700000,0.572600000,99,8,4,2157,run_monash_time_unique1000,7,1,TIME__NE_China_Wind__H/seed_2157/run_monash_time_unique1000/visualizations/archive_latex.tex
920,0.172072072,0.552700000,\left(\left(\mathrm{GFLOPs}\right) \cdot \left(\frac{\mathrm{Jacov}}{\mathrm{MParams}}\right)\right) \cdot \left(\mathrm{Snip}\right),GFLOPs Jacov MParams Div Mul Snip Mul <EOS>,((GFLOPs * (Jacov / MParams)) * Snip),0.552700000,0.572600000,138,7,4,2171,run_monash_time_unique1000,7,1,TIME__NE_China_Wind__H/seed_2171/run_monash_time_unique1000/visualizations/archive_latex.tex
921,0.171171171,0.552700000,\left(\frac{\mathrm{GFLOPs}}{\mathrm{MParams}}\right) \cdot \left(\left(\mathrm{Jacov}\right) \cdot \left(\mathrm{Snip}\right)\right),GFLOPs MParams Div Jacov Snip Mul Mul <EOS>,((GFLOPs / MParams) * (Jacov * Snip)),0.552700000,0.572600000,7,7,3,2164,run_monash_time_unique1000,8,1,TIME__NE_China_Wind__H/seed_2164/run_monash_time_unique1000/visualizations/archive_latex.tex
922,0.170270270,0.552700000,\left(\left(\frac{\mathrm{Snip}}{\mathrm{MParams}}\right) \cdot \left(\mathrm{Jacov}\right)\right) \cdot \left(\mathrm{GFLOPs}\right),Snip MParams Div Jacov Mul GFLOPs Mul <EOS>,(((Snip / MParams) * Jacov) * GFLOPs),0.552700000,0.572600000,28,7,4,2139,run_monash_time_unique1000,9,1,TIME__NE_China_Wind__H/seed_2139/run_monash_time_unique1000/visualizations/archive_latex.tex
923,0.169369369,0.552700000,\left(\left(\mathrm{GFLOPs}\right) \cdot \left(\frac{\mathrm{Snip}}{\mathrm{MParams}}\right)\right) \cdot \left(\mathrm{Jacov}\right),GFLOPs Snip MParams Div Mul Jacov Mul <EOS>,((GFLOPs * (Snip / MParams)) * Jacov),0.552700000,0.572600000,62,7,4,2144,run_monash_time_unique1000,10,1,TIME__NE_China_Wind__H/seed_2144/run_monash_time_unique1000/visualizations/archive_latex.tex
924,0.168468468,0.552600000,\left(\frac{\left(\log\left(\mathrm{GFLOPs}\right)\right) \cdot \left(\mathrm{plain}\right)}{\mathrm{GradNorm}}\right) \cdot \left(\mathrm{Jacov}\right),GFLOPs Log plain Mul Grad_Norm Div Jacov Mul <EOS>,(((log(GFLOPs) * plain) / Grad_Norm) * Jacov),0.552600000,0.660100000,192,8,5,2118,run_monash_time_unique1000,2,1,TIME__NE_China_Wind__H/seed_2118/run_monash_time_unique1000/visualizations/archive_latex.tex
925,0.167567568,0.552600000,\left(\mathrm{plain}\right) \cdot \left(\frac{\left(\log\left(\mathrm{GFLOPs}\right)\right) \cdot \left(\mathrm{Jacov}\right)}{\mathrm{GradNorm}}\right),plain GFLOPs Log Jacov Mul Grad_Norm Div Mul <EOS>,(plain * ((log(GFLOPs) * Jacov) / Grad_Norm)),0.552600000,0.660100000,15,8,5,2157,run_monash_time_unique1000,8,1,TIME__NE_China_Wind__H/seed_2157/run_monash_time_unique1000/visualizations/archive_latex.tex
926,0.166666667,0.552200000,\left(\mathrm{plain}\right) \cdot \left(\mathrm{Jacov}\right) + \left(\frac{\log\left(\mathrm{Fisher}\right)}{\mathrm{GSynFlow}}\right)^2,plain Jacov Mul Fisher Log GSynFlow Div Square Add <EOS>,((plain * Jacov) + square((log(Fisher) / GSynFlow))),0.552200000,0.662900000,31,9,5,2039,run_monash_time_unique1000,7,1,TIME__NE_China_Wind__H/seed_2039/run_monash_time_unique1000/visualizations/archive_latex.tex
927,0.165765766,0.552200000,\left(\mathrm{Jacov}\right) \cdot \left(\mathrm{plain}\right) + \left(\frac{\log\left(\mathrm{Fisher}\right)}{\mathrm{GSynFlow}}\right)^2,Jacov plain Mul Fisher Log GSynFlow Div Square Add <EOS>,((Jacov * plain) + square((log(Fisher) / GSynFlow))),0.552200000,0.662900000,187,9,5,2139,run_monash_time_unique1000,10,1,TIME__NE_China_Wind__H/seed_2139/run_monash_time_unique1000/visualizations/archive_latex.tex
928,0.164864865,0.552000000,\mathrm{L2Norm} + \left(\left(\log\left(\mathrm{GFLOPs}\right)\right) \cdot \left(\mathrm{Jacov}\right)\right) \cdot \left(\left(\mathrm{plain}\right)^2\right),L2-Norm GFLOPs Log Jacov Mul plain Square Mul Add <EOS>,(L2-Norm + ((log(GFLOPs) * Jacov) * square(plain))),0.552000000,0.663500000,9,9,5,2114,run_monash_time_unique1000,5,1,TIME__NE_China_Wind__H/seed_2114/run_monash_time_unique1000/visualizations/archive_latex.tex
929,0.163963964,0.551900000,\left(\mathrm{GradNorm}\right) \cdot \left(\mathrm{Jacov}\right) + \frac{\sqrt{\mathrm{MParams}}}{\left(\mathrm{GSynFlow}\right)^2},Grad_Norm Jacov Mul MParams Sqrt GSynFlow Square Div Add <EOS>,((Grad_Norm * Jacov) + (sqrt(MParams) / square(GSynFlow))),0.551900000,0.605300000,53,9,4,2182,run_monash_time_unique1000,7,1,TIME__NE_China_Wind__H/seed_2182/run_monash_time_unique1000/visualizations/archive_latex.tex
930,0.163063063,0.551800000,\left(\left(\log\left(\left(\mathrm{GFLOPs}\right)^2\right)\right) \cdot \left(\mathrm{Fisher}\right)\right) \cdot \left(-\left(\mathrm{Jacov}\right)^2\right),GFLOPs Square Log Fisher Mul Jacov Square Negative Mul <EOS>,((log(square(GFLOPs)) * Fisher) * -(square(Jacov))),0.551800000,0.594900000,78,9,5,2090,run_monash_time_unique1000,6,1,TIME__NE_China_Wind__H/seed_2090/run_monash_time_unique1000/visualizations/archive_latex.tex
931,0.162162162,0.551800000,\left(\mathrm{GFLOPs}\right) \cdot \left(\left(\mathrm{Jacov}\right) \cdot \left(\frac{\mathrm{plain}}{\log\left(\mathrm{GraSP}\right)}\right)\right),GFLOPs Jacov plain GraSP Log Div Mul Mul <EOS>,(GFLOPs * (Jacov * (plain / log(GraSP)))),0.551800000,0.633400000,14,8,5,2193,run_monash_time_unique1000,9,1,TIME__NE_China_Wind__H/seed_2193/run_monash_time_unique1000/visualizations/archive_latex.tex
932,0.161261261,0.551600000,\left(\frac{\left(\mathrm{plain}\right) \cdot \left(\mathrm{Jacov}\right)}{\mathrm{L2Norm}}\right) \cdot \left(\sqrt{\log\left(\mathrm{GFLOPs}\right)}\right),plain Jacov Mul L2-Norm Div GFLOPs Log Sqrt Mul <EOS>,(((plain * Jacov) / L2-Norm) * sqrt(log(GFLOPs))),0.551600000,0.594800000,13,9,4,2090,run_monash_time_unique1000,7,1,TIME__NE_China_Wind__H/seed_2090/run_monash_time_unique1000/visualizations/archive_latex.tex
933,0.160360360,0.551600000,\left(\mathrm{GFLOPs}\right) \cdot \left(\left(\mathrm{Jacov}\right) \cdot \left(\left(\mathrm{plain}\right)^2\right) + \mathrm{L2Norm}\right),GFLOPs Jacov plain Square Mul L2-Norm Add Mul <EOS>,(GFLOPs * ((Jacov * square(plain)) + L2-Norm)),0.551600000,0.632200000,150,8,5,2125,run_monash_time_unique1000,8,2,TIME__NE_China_Wind__H/seed_2125/run_monash_time_unique1000/visualizations/archive_latex.tex
934,0.159459459,0.551600000,\left(\left(\frac{\mathrm{plain}}{\mathrm{L2Norm}}\right) \cdot \left(\mathrm{Jacov}\right)\right) \cdot \left(\sqrt{\log\left(\mathrm{GFLOPs}\right)}\right),plain L2-Norm Div Jacov Mul GFLOPs Log Sqrt Mul <EOS>,(((plain / L2-Norm) * Jacov) * sqrt(log(GFLOPs))),0.551600000,0.594800000,12,9,4,2045,run_monash_time_unique1000,10,1,TIME__NE_China_Wind__H/seed_2045/run_monash_time_unique1000/visualizations/archive_latex.tex
935,0.158558559,0.551500000,\left(\mathrm{plain}\right) \cdot \left(\frac{\sqrt{\mathrm{Snip}}}{\mathrm{GSynFlow}} + \mathrm{Jacov}\right),plain Snip Sqrt GSynFlow Div Jacov Add Mul <EOS>,(plain * ((sqrt(Snip) / GSynFlow) + Jacov)),0.551500000,0.639700000,54,8,5,2096,run_monash_time_unique1000,1,3,TIME__NE_China_Wind__H/seed_2096/run_monash_time_unique1000/visualizations/archive_latex.tex
936,0.157657658,0.551500000,\left(\left(\mathrm{JacobFro}\right) \cdot \left(-\mathrm{GFLOPs}\right)\right) \cdot \left(\mathrm{plain}\right) + \mathrm{Jacov},Jacob_fro GFLOPs Negative Mul plain Mul Jacov Add <EOS>,(((Jacob_fro * -(GFLOPs)) * plain) + Jacov),0.551500000,0.598700000,198,8,5,2060,run_monash_time_unique1000,2,1,TIME__NE_China_Wind__H/seed_2060/run_monash_time_unique1000/visualizations/archive_latex.tex
937,0.156756757,0.551500000,\left(\left(\mathrm{GFLOPs}\right) \cdot \left(-\mathrm{plain}\right)\right) \cdot \left(\mathrm{JacobFro}\right) + \mathrm{Jacov},GFLOPs plain Negative Mul Jacob_fro Mul Jacov Add <EOS>,(((GFLOPs * -(plain)) * Jacob_fro) + Jacov),0.551500000,0.598700000,159,8,5,2070,run_monash_time_unique1000,4,1,TIME__NE_China_Wind__H/seed_2070/run_monash_time_unique1000/visualizations/archive_latex.tex
938,0.155855856,0.551500000,\left(\mathrm{plain}\right) \cdot \left(\mathrm{Jacov} + \frac{\sqrt{\mathrm{Snip}}}{\mathrm{GSynFlow}}\right),plain Jacov Snip Sqrt GSynFlow Div Add Mul <EOS>,(plain * (Jacov + (sqrt(Snip) / GSynFlow))),0.551500000,0.639700000,184,8,5,2208,run_monash_time_unique1000,4,2,TIME__NE_China_Wind__H/seed_2208/run_monash_time_unique1000/visualizations/archive_latex.tex
939,0.154954955,0.551500000,\left(-\mathrm{JacobFro}\right) \cdot \left(\left(\mathrm{plain}\right) \cdot \left(\mathrm{GFLOPs}\right)\right) + \mathrm{Jacov},Jacob_fro Negative plain GFLOPs Mul Mul Jacov Add <EOS>,((-(Jacob_fro) * (plain * GFLOPs)) + Jacov),0.551500000,0.598700000,154,8,4,2115,run_monash_time_unique1000,5,2,TIME__NE_China_Wind__H/seed_2115/run_monash_time_unique1000/visualizations/archive_latex.tex
940,0.154054054,0.551500000,\mathrm{Jacov} + \left(\left(-\mathrm{JacobFro}\right) \cdot \left(\mathrm{plain}\right)\right) \cdot \left(\mathrm{GFLOPs}\right),Jacov Jacob_fro Negative plain Mul GFLOPs Mul Add <EOS>,(Jacov + ((-(Jacob_fro) * plain) * GFLOPs)),0.551500000,0.598700000,188,8,5,2035,run_monash_time_unique1000,7,1,TIME__NE_China_Wind__H/seed_2035/run_monash_time_unique1000/visualizations/archive_latex.tex
941,0.153153153,0.551500000,\mathrm{Jacov} + \left(-\mathrm{JacobFro}\right) \cdot \left(\left(\mathrm{plain}\right) \cdot \left(\mathrm{GFLOPs}\right)\right),Jacov Jacob_fro Negative plain GFLOPs Mul Mul Add <EOS>,(Jacov + (-(Jacob_fro) * (plain * GFLOPs))),0.551500000,0.598700000,118,8,4,2169,run_monash_time_unique1000,7,1,TIME__NE_China_Wind__H/seed_2169/run_monash_time_unique1000/visualizations/archive_latex.tex
942,0.152252252,0.551500000,\mathrm{Jacov} - \left(\mathrm{plain}\right) \cdot \left(\left(\mathrm{GFLOPs}\right) \cdot \left(\mathrm{JacobFro}\right)\right),Jacov plain GFLOPs Jacob_fro Mul Mul Sub <EOS>,(Jacov - (plain * (GFLOPs * Jacob_fro))),0.551500000,0.598700000,10,7,4,2203,run_monash_time_unique1000,7,1,TIME__NE_China_Wind__H/seed_2203/run_monash_time_unique1000/visualizations/archive_latex.tex
943,0.151351351,0.551500000,\left(\frac{\sqrt{\mathrm{Snip}}}{\mathrm{GSynFlow}} + \mathrm{Jacov}\right) \cdot \left(\mathrm{plain}\right),Snip Sqrt GSynFlow Div Jacov Add plain Mul <EOS>,(((sqrt(Snip) / GSynFlow) + Jacov) * plain),0.551500000,0.639700000,43,8,5,2099,run_monash_time_unique1000,8,1,TIME__NE_China_Wind__H/seed_2099/run_monash_time_unique1000/visualizations/archive_latex.tex
944,0.150450450,0.551500000,\left(\mathrm{Jacov} + \frac{\sqrt{\mathrm{Snip}}}{\mathrm{GSynFlow}}\right) \cdot \left(\mathrm{plain}\right),Jacov Snip Sqrt GSynFlow Div Add plain Mul <EOS>,((Jacov + (sqrt(Snip) / GSynFlow)) * plain),0.551500000,0.639700000,5,8,5,2166,run_monash_time_unique1000,9,2,TIME__NE_China_Wind__H/seed_2166/run_monash_time_unique1000/visualizations/archive_latex.tex
945,0.149549550,0.551400000,\left(\mathrm{plain}\right) \cdot \left(\frac{\sqrt{\mathrm{L2Norm}}}{\mathrm{GSynFlow}} + \mathrm{Jacov}\right),plain L2-Norm Sqrt GSynFlow Div Jacov Add Mul <EOS>,(plain * ((sqrt(L2-Norm) / GSynFlow) + Jacov)),0.551400000,0.643300000,52,8,5,2060,run_monash_time_unique1000,3,2,TIME__NE_China_Wind__H/seed_2060/run_monash_time_unique1000/visualizations/archive_latex.tex
946,0.148648649,0.551400000,\left(\mathrm{plain}\right) \cdot \left(\mathrm{Jacov}\right) + \left(\frac{\log\left(\mathrm{ZiCo}\right)}{\mathrm{GSynFlow}}\right)^2,plain Jacov Mul ZiCo Log GSynFlow Div Square Add <EOS>,((plain * Jacov) + square((log(ZiCo) / GSynFlow))),0.551400000,0.656000000,196,9,5,2064,run_monash_time_unique1000,3,1,TIME__NE_China_Wind__H/seed_2064/run_monash_time_unique1000/visualizations/archive_latex.tex
947,0.147747748,0.551400000,\left(\mathrm{Jacov} + \frac{\sqrt{\mathrm{L2Norm}}}{\mathrm{GSynFlow}}\right) \cdot \left(\mathrm{plain}\right),Jacov L2-Norm Sqrt GSynFlow Div Add plain Mul <EOS>,((Jacov + (sqrt(L2-Norm) / GSynFlow)) * plain),0.551400000,0.643300000,28,8,5,2111,run_monash_time_unique1000,6,1,TIME__NE_China_Wind__H/seed_2111/run_monash_time_unique1000/visualizations/archive_latex.tex
948,0.146846847,0.551400000,\left(\mathrm{JacobFro} + \mathrm{Jacov}\right) \cdot \left(\frac{\left(\mathrm{GFLOPs}\right)^2}{\mathrm{MParams}}\right),Jacob_fro Jacov Add GFLOPs Square MParams Div Mul <EOS>,((Jacob_fro + Jacov) * (square(GFLOPs) / MParams)),0.551400000,0.600900000,115,8,4,2203,run_monash_time_unique1000,8,1,TIME__NE_China_Wind__H/seed_2203/run_monash_time_unique1000/visualizations/archive_latex.tex
949,0.145945946,0.551400000,\left(\frac{\log\left(\mathrm{ZiCo}\right)}{\mathrm{GSynFlow}}\right)^2 + \left(\mathrm{Jacov}\right) \cdot \left(\mathrm{plain}\right),ZiCo Log GSynFlow Div Square Jacov plain Mul Add <EOS>,(square((log(ZiCo) / GSynFlow)) + (Jacov * plain)),0.551400000,0.656000000,50,9,5,2032,run_monash_time_unique1000,10,1,TIME__NE_China_Wind__H/seed_2032/run_monash_time_unique1000/visualizations/archive_latex.tex
950,0.145045045,0.551400000,\left(\left(\mathrm{plain} - \mathrm{ZiCo}\right) \cdot \left(\sqrt{\mathrm{GFLOPs}}\right)\right) \cdot \left(\mathrm{Jacov}\right),plain ZiCo Sub GFLOPs Sqrt Mul Jacov Mul <EOS>,(((plain - ZiCo) * sqrt(GFLOPs)) * Jacov),0.551400000,0.617800000,8,8,4,2177,run_monash_time_unique1000,10,1,TIME__NE_China_Wind__H/seed_2177/run_monash_time_unique1000/visualizations/archive_latex.tex
951,0.144144144,0.551300000,\left(\mathrm{Fisher}\right) \cdot \left(\mathrm{Jacov}\right) + \left(\frac{\mathrm{ZiCo}}{\mathrm{GSynFlow}}\right)^2,Fisher Jacov Mul ZiCo GSynFlow Div Square Add <EOS>,((Fisher * Jacov) + square((ZiCo / GSynFlow))),0.551300000,0.604800000,163,8,4,2064,run_monash_time_unique1000,4,1,TIME__NE_China_Wind__H/seed_2064/run_monash_time_unique1000/visualizations/archive_latex.tex
952,0.143243243,0.551300000,\left(\frac{\mathrm{plain}}{\mathrm{GSynFlow}}\right)^2 + \left(\sqrt{\mathrm{GraSP}}\right) \cdot \left(\mathrm{Jacov}\right),plain GSynFlow Div Square GraSP Sqrt Jacov Mul Add <EOS>,(square((plain / GSynFlow)) + (sqrt(GraSP) * Jacov)),0.551300000,0.628800000,82,9,4,2042,run_monash_time_unique1000,5,1,TIME__NE_China_Wind__H/seed_2042/run_monash_time_unique1000/visualizations/archive_latex.tex
953,0.142342342,0.551100000,\left(\left(\mathrm{Jacov}\right) \cdot \left(\frac{\mathrm{GFLOPs}}{\mathrm{MParams}}\right)\right) \cdot \left(\log\left(\mathrm{GFLOPs}\right)\right),Jacov GFLOPs MParams Div Mul GFLOPs Log Mul <EOS>,((Jacov * (GFLOPs / MParams)) * log(GFLOPs)),0.551100000,0.598700000,176,8,4,2138,run_monash_time_unique1000,2,1,TIME__NE_China_Wind__H/seed_2138/run_monash_time_unique1000/visualizations/archive_latex.tex
954,0.141441441,0.551100000,\left(\mathrm{GFLOPs}\right) \cdot \left(\frac{\mathrm{Jacov}}{\frac{\mathrm{MParams}}{\log\left(\mathrm{GFLOPs}\right)}}\right),GFLOPs Jacov MParams GFLOPs Log Div Div Mul <EOS>,(GFLOPs * (Jacov / (MParams / log(GFLOPs)))),0.551100000,0.598700000,156,8,5,2053,run_monash_time_unique1000,6,1,TIME__NE_China_Wind__H/seed_2053/run_monash_time_unique1000/visualizations/archive_latex.tex
955,0.140540541,0.551100000,\frac{\left(\mathrm{GFLOPs}\right) \cdot \left(\mathrm{Jacov}\right)}{\frac{\mathrm{MParams}}{\log\left(\mathrm{GFLOPs}\right)}},GFLOPs Jacov Mul MParams GFLOPs Log Div Div <EOS>,((GFLOPs * Jacov) / (MParams / log(GFLOPs))),0.551100000,0.598700000,162,8,4,2068,run_monash_time_unique1000,6,1,TIME__NE_China_Wind__H/seed_2068/run_monash_time_unique1000/visualizations/archive_latex.tex
956,0.139639640,0.550800000,\left(\left(\mathrm{GFLOPs}\right) \cdot \left(\mathrm{Jacov}\right)\right) \cdot \left(\frac{\mathrm{plain}}{\log\left(\mathrm{Snip}\right)}\right),GFLOPs Jacov Mul plain Snip Log Div Mul <EOS>,((GFLOPs * Jacov) * (plain / log(Snip))),0.550800000,0.637700000,94,8,4,2118,run_monash_time_unique1000,3,1,TIME__NE_China_Wind__H/seed_2118/run_monash_time_unique1000/visualizations/archive_latex.tex
957,0.138738739,0.550800000,\frac{\mathrm{ZiCo}}{\left(\mathrm{GSynFlow}\right)^2} + \left(\mathrm{Jacov}\right) \cdot \left(\sqrt{\mathrm{GFLOPs}}\right),ZiCo GSynFlow Square Div Jacov GFLOPs Sqrt Mul Add <EOS>,((ZiCo / square(GSynFlow)) + (Jacov * sqrt(GFLOPs))),0.550800000,0.634600000,175,9,4,2042,run_monash_time_unique1000,6,1,TIME__NE_China_Wind__H/seed_2042/run_monash_time_unique1000/visualizations/archive_latex.tex
958,0.137837838,0.550800000,\frac{\left(\left(\mathrm{GFLOPs}\right) \cdot \left(\mathrm{plain}\right)\right) \cdot \left(\mathrm{Jacov}\right)}{\log\left(\mathrm{Snip}\right)},GFLOPs plain Mul Jacov Mul Snip Log Div <EOS>,(((GFLOPs * plain) * Jacov) / log(Snip)),0.550800000,0.637700000,34,8,4,2146,run_monash_time_unique1000,8,1,TIME__NE_China_Wind__H/seed_2146/run_monash_time_unique1000/visualizations/archive_latex.tex
959,0.136936937,0.550700000,\mathrm{GraSP} + \mathrm{Jacov} + \left(\frac{\mathrm{ZiCo}}{\mathrm{GSynFlow}}\right)^2,GraSP Jacov ZiCo GSynFlow Div Square Add Add <EOS>,(GraSP + (Jacov + square((ZiCo / GSynFlow)))),0.550700000,0.631000000,49,8,5,2034,run_monash_time_unique1000,1,1,TIME__NE_China_Wind__H/seed_2034/run_monash_time_unique1000/visualizations/archive_latex.tex
960,0.136036036,0.550700000,\mathrm{Jacov} + \frac{\left(\mathrm{ZiCo}\right)^2}{\left(\mathrm{GSynFlow}\right)^2} + \mathrm{GraSP},Jacov ZiCo Square GSynFlow Square Div Add GraSP Add <EOS>,((Jacov + (square(ZiCo) / square(GSynFlow))) + GraSP),0.550700000,0.631000000,72,9,5,2040,run_monash_time_unique1000,1,1,TIME__NE_China_Wind__H/seed_2040/run_monash_time_unique1000/visualizations/archive_latex.tex
961,0.135135135,0.550700000,\left(\frac{\mathrm{ZiCo}}{\mathrm{GSynFlow}}\right)^2 + \mathrm{GraSP} + \mathrm{Jacov},ZiCo GSynFlow Div Square GraSP Add Jacov Add <EOS>,((square((ZiCo / GSynFlow)) + GraSP) + Jacov),0.550700000,0.631000000,58,8,5,2222,run_monash_time_unique1000,3,1,TIME__NE_China_Wind__H/seed_2222/run_monash_time_unique1000/visualizations/archive_latex.tex
962,0.134234234,0.550700000,\mathrm{Jacov} + \left(\frac{\mathrm{ZiCo}}{\mathrm{GSynFlow}}\right)^2 + \mathrm{GraSP},Jacov ZiCo GSynFlow Div Square GraSP Add Add <EOS>,(Jacov + (square((ZiCo / GSynFlow)) + GraSP)),0.550700000,0.631000000,64,8,5,2142,run_monash_time_unique1000,4,2,TIME__NE_China_Wind__H/seed_2142/run_monash_time_unique1000/visualizations/archive_latex.tex
963,0.133333333,0.550700000,\mathrm{GraSP} + \left(\frac{\mathrm{ZiCo}}{\mathrm{GSynFlow}}\right)^2 + \mathrm{Jacov},GraSP ZiCo GSynFlow Div Square Add Jacov Add <EOS>,((GraSP + square((ZiCo / GSynFlow))) + Jacov),0.550700000,0.631000000,29,8,5,2148,run_monash_time_unique1000,5,1,TIME__NE_China_Wind__H/seed_2148/run_monash_time_unique1000/visualizations/archive_latex.tex
964,0.132432432,0.550700000,\frac{\mathrm{MParams}}{\left(\mathrm{GSynFlow}\right)^2} + \left(\mathrm{Jacov}\right) \cdot \left(\sqrt{\mathrm{plain}}\right),MParams GSynFlow Square Div Jacov plain Sqrt Mul Add <EOS>,((MParams / square(GSynFlow)) + (Jacov * sqrt(plain))),0.550700000,0.642200000,70,9,4,2208,run_monash_time_unique1000,5,3,TIME__NE_China_Wind__H/seed_2208/run_monash_time_unique1000/visualizations/archive_latex.tex
965,0.131531532,0.550700000,\left(\sqrt{\mathrm{plain}}\right) \cdot \left(\mathrm{Jacov}\right) + \frac{\mathrm{MParams}}{\left(\mathrm{GSynFlow}\right)^2},plain Sqrt Jacov Mul MParams GSynFlow Square Div Add <EOS>,((sqrt(plain) * Jacov) + (MParams / square(GSynFlow))),0.550700000,0.642200000,37,9,4,2182,run_monash_time_unique1000,8,2,TIME__NE_China_Wind__H/seed_2182/run_monash_time_unique1000/visualizations/archive_latex.tex
966,0.130630631,0.550700000,\left(\frac{\mathrm{ZiCo}}{\mathrm{GSynFlow}}\right)^2 + \mathrm{Jacov} + \mathrm{GraSP},ZiCo GSynFlow Div Square Jacov GraSP Add Add <EOS>,(square((ZiCo / GSynFlow)) + (Jacov + GraSP)),0.550700000,0.631000000,171,8,4,2099,run_monash_time_unique1000,9,1,TIME__NE_China_Wind__H/seed_2099/run_monash_time_unique1000/visualizations/archive_latex.tex
967,0.129729730,0.550700000,\mathrm{Jacov} + \mathrm{GraSP} + \left(\frac{\mathrm{ZiCo}}{\mathrm{GSynFlow}}\right)^2,Jacov GraSP ZiCo GSynFlow Div Square Add Add <EOS>,(Jacov + (GraSP + square((ZiCo / GSynFlow)))),0.550700000,0.631000000,110,8,5,2126,run_monash_time_unique1000,9,1,TIME__NE_China_Wind__H/seed_2126/run_monash_time_unique1000/visualizations/archive_latex.tex
968,0.128828829,0.550700000,\left(\frac{\mathrm{ZiCo}}{\mathrm{GSynFlow}}\right)^2 + \mathrm{GraSP} + \mathrm{Jacov},ZiCo GSynFlow Div Square GraSP Jacov Add Add <EOS>,(square((ZiCo / GSynFlow)) + (GraSP + Jacov)),0.550700000,0.631000000,85,8,4,2135,run_monash_time_unique1000,9,1,TIME__NE_China_Wind__H/seed_2135/run_monash_time_unique1000/visualizations/archive_latex.tex
969,0.127927928,0.550700000,\left(\mathrm{Jacov}\right) \cdot \left(\sqrt{\mathrm{plain}}\right) + \frac{\mathrm{MParams}}{\left(\mathrm{GSynFlow}\right)^2},Jacov plain Sqrt Mul MParams GSynFlow Square Div Add <EOS>,((Jacov * sqrt(plain)) + (MParams / square(GSynFlow))),0.550700000,0.642200000,25,9,4,2166,run_monash_time_unique1000,10,1,TIME__NE_China_Wind__H/seed_2166/run_monash_time_unique1000/visualizations/archive_latex.tex
970,0.127027027,0.550600000,\frac{\left(\mathrm{GFLOPs}\right) \cdot \left(\left(\mathrm{plain}\right) \cdot \left(\mathrm{Jacov}\right)\right)}{\mathrm{GradNorm}},GFLOPs plain Jacov Mul Mul Grad_Norm Div <EOS>,((GFLOPs * (plain * Jacov)) / Grad_Norm),0.550600000,0.639500000,8,7,4,2134,run_monash_time_unique1000,3,1,TIME__NE_China_Wind__H/seed_2134/run_monash_time_unique1000/visualizations/archive_latex.tex
971,0.126126126,0.550600000,\left(\frac{\left(\mathrm{GFLOPs}\right) \cdot \left(\mathrm{plain}\right)}{\mathrm{GradNorm}}\right) \cdot \left(\mathrm{Jacov}\right),GFLOPs plain Mul Grad_Norm Div Jacov Mul <EOS>,(((GFLOPs * plain) / Grad_Norm) * Jacov),0.550600000,0.639500000,191,7,4,2118,run_monash_time_unique1000,4,1,TIME__NE_China_Wind__H/seed_2118/run_monash_time_unique1000/visualizations/archive_latex.tex
972,0.125225225,0.550600000,\left(\mathrm{Jacov}\right) \cdot \left(\frac{\left(\mathrm{GFLOPs}\right) \cdot \left(\mathrm{plain}\right)}{\mathrm{GradNorm}}\right),Jacov GFLOPs plain Mul Grad_Norm Div Mul <EOS>,(Jacov * ((GFLOPs * plain) / Grad_Norm)),0.550600000,0.639500000,84,7,4,2041,run_monash_time_unique1000,5,1,TIME__NE_China_Wind__H/seed_2041/run_monash_time_unique1000/visualizations/archive_latex.tex
973,0.124324324,0.550600000,\left(\left(\frac{\mathrm{plain}}{\mathrm{GradNorm}}\right) \cdot \left(\mathrm{GFLOPs}\right)\right) \cdot \left(\mathrm{Jacov}\right),plain Grad_Norm Div GFLOPs Mul Jacov Mul <EOS>,(((plain / Grad_Norm) * GFLOPs) * Jacov),0.550600000,0.639500000,33,7,4,2037,run_monash_time_unique1000,6,1,TIME__NE_China_Wind__H/seed_2037/run_monash_time_unique1000/visualizations/archive_latex.tex
974,0.123423423,0.550600000,\left(\left(\mathrm{Jacov}\right) \cdot \left(\frac{\mathrm{plain}}{\mathrm{GradNorm}}\right)\right) \cdot \left(\mathrm{GFLOPs}\right),Jacov plain Grad_Norm Div Mul GFLOPs Mul <EOS>,((Jacov * (plain / Grad_Norm)) * GFLOPs),0.550600000,0.639500000,36,7,4,2115,run_monash_time_unique1000,6,1,TIME__NE_China_Wind__H/seed_2115/run_monash_time_unique1000/visualizations/archive_latex.tex
975,0.122522523,0.550600000,\frac{-\mathrm{GradNorm}}{\left(\mathrm{Jacov}\right) \cdot \left(\left(\mathrm{GFLOPs}\right) \cdot \left(\mathrm{plain}\right)\right)},Grad_Norm Negative Jacov GFLOPs plain Mul Mul Div <EOS>,(-(Grad_Norm) / (Jacov * (GFLOPs * plain))),0.550600000,0.639500000,12,8,4,2210,run_monash_time_unique1000,6,1,TIME__NE_China_Wind__H/seed_2210/run_monash_time_unique1000/visualizations/archive_latex.tex
976,0.121621622,0.550600000,\left(\mathrm{GFLOPs}\right) \cdot \left(\frac{\left(\mathrm{Jacov}\right) \cdot \left(\mathrm{plain}\right)}{\mathrm{GradNorm}}\right),GFLOPs Jacov plain Mul Grad_Norm Div Mul <EOS>,(GFLOPs * ((Jacov * plain) / Grad_Norm)),0.550600000,0.639500000,147,7,4,2125,run_monash_time_unique1000,9,1,TIME__NE_China_Wind__H/seed_2125/run_monash_time_unique1000/visualizations/archive_latex.tex
977,0.120720721,0.550600000,\left(\mathrm{plain}\right) \cdot \left(\frac{\left(\mathrm{GFLOPs}\right) \cdot \left(\mathrm{Jacov}\right)}{\mathrm{GradNorm}}\right),plain GFLOPs Jacov Mul Grad_Norm Div Mul <EOS>,(plain * ((GFLOPs * Jacov) / Grad_Norm)),0.550600000,0.639500000,16,7,4,2157,run_monash_time_unique1000,9,1,TIME__NE_China_Wind__H/seed_2157/run_monash_time_unique1000/visualizations/archive_latex.tex
978,0.119819820,0.550600000,\frac{\left(\mathrm{Jacov}\right) \cdot \left(\mathrm{plain}\right)}{\frac{\mathrm{GradNorm}}{\mathrm{GFLOPs}}},Jacov plain Mul Grad_Norm GFLOPs Div Div <EOS>,((Jacov * plain) / (Grad_Norm / GFLOPs)),0.550600000,0.639500000,51,7,3,2203,run_monash_time_unique1000,9,1,TIME__NE_China_Wind__H/seed_2203/run_monash_time_unique1000/visualizations/archive_latex.tex
979,0.118918919,0.550600000,\left(\left(\mathrm{GFLOPs}\right) \cdot \left(\frac{\mathrm{Jacov}}{\mathrm{GradNorm}}\right)\right) \cdot \left(\mathrm{plain}\right),GFLOPs Jacov Grad_Norm Div Mul plain Mul <EOS>,((GFLOPs * (Jacov / Grad_Norm)) * plain),0.550600000,0.639500000,169,7,4,2099,run_monash_time_unique1000,10,1,TIME__NE_China_Wind__H/seed_2099/run_monash_time_unique1000/visualizations/archive_latex.tex
980,0.118018018,0.550600000,\left(\frac{\mathrm{GFLOPs}}{\mathrm{GradNorm}}\right) \cdot \left(\left(\mathrm{plain}\right) \cdot \left(\mathrm{Jacov}\right)\right),GFLOPs Grad_Norm Div plain Jacov Mul Mul <EOS>,((GFLOPs / Grad_Norm) * (plain * Jacov)),0.550600000,0.639500000,28,7,3,2128,run_monash_time_unique1000,10,1,TIME__NE_China_Wind__H/seed_2128/run_monash_time_unique1000/visualizations/archive_latex.tex
981,0.117117117,0.550400000,\mathrm{GraSP} + \mathrm{Jacov} + \frac{\mathrm{ZiCo}}{\left(\mathrm{GSynFlow}\right)^2},GraSP Jacov Add ZiCo GSynFlow Square Div Add <EOS>,((GraSP + Jacov) + (ZiCo / square(GSynFlow))),0.550400000,0.642000000,149,8,4,2089,run_monash_time_unique1000,3,1,TIME__NE_China_Wind__H/seed_2089/run_monash_time_unique1000/visualizations/archive_latex.tex
982,0.116216216,0.550300000,\left(\sqrt{\left(\mathrm{plain}\right) \cdot \left(\log\left(\mathrm{GFLOPs}\right)\right)}\right) \cdot \left(\mathrm{Jacov}\right),plain GFLOPs Log Mul Sqrt Jacov Mul <EOS>,(sqrt((plain * log(GFLOPs))) * Jacov),0.550300000,0.617600000,82,7,5,2052,run_monash_time_unique1000,2,1,TIME__NE_China_Wind__H/seed_2052/run_monash_time_unique1000/visualizations/archive_latex.tex
983,0.115315315,0.550300000,\left(\mathrm{Jacov}\right) \cdot \left(\sqrt{\left(\log\left(\mathrm{GFLOPs}\right)\right) \cdot \left(\mathrm{plain}\right)}\right),Jacov GFLOPs Log plain Mul Sqrt Mul <EOS>,(Jacov * sqrt((log(GFLOPs) * plain))),0.550300000,0.617600000,9,7,5,2105,run_monash_time_unique1000,3,1,TIME__NE_China_Wind__H/seed_2105/run_monash_time_unique1000/visualizations/archive_latex.tex
984,0.114414414,0.550300000,\left(\sqrt{\log\left(\mathrm{GFLOPs}\right)}\right) \cdot \left(\left(\sqrt{\mathrm{plain}}\right) \cdot \left(\mathrm{Jacov}\right)\right),GFLOPs Log Sqrt plain Sqrt Jacov Mul Mul <EOS>,(sqrt(log(GFLOPs)) * (sqrt(plain) * Jacov)),0.550300000,0.617600000,11,8,4,2134,run_monash_time_unique1000,4,1,TIME__NE_China_Wind__H/seed_2134/run_monash_time_unique1000/visualizations/archive_latex.tex
985,0.113513514,0.550300000,\left(\mathrm{Jacov}\right) \cdot \left(\sqrt{\left(\mathrm{plain}\right) \cdot \left(\log\left(\mathrm{GFLOPs}\right)\right)}\right),Jacov plain GFLOPs Log Mul Sqrt Mul <EOS>,(Jacov * sqrt((plain * log(GFLOPs)))),0.550300000,0.617600000,132,7,5,2047,run_monash_time_unique1000,7,1,TIME__NE_China_Wind__H/seed_2047/run_monash_time_unique1000/visualizations/archive_latex.tex
986,0.112612613,0.549900000,\left(\left(\log\left(\mathrm{GFLOPs}\right)\right) \cdot \left(\mathrm{Jacov}\right)\right) \cdot \left(\mathrm{plain}\right) + \mathrm{L2Norm},GFLOPs Log Jacov Mul plain Mul L2-Norm Add <EOS>,(((log(GFLOPs) * Jacov) * plain) + L2-Norm),0.549900000,0.655500000,5,8,5,2114,run_monash_time_unique1000,6,1,TIME__NE_China_Wind__H/seed_2114/run_monash_time_unique1000/visualizations/archive_latex.tex
987,0.111711712,0.549800000,\left(\mathrm{GFLOPs}\right) \cdot \left(\mathrm{Snip} + \left(\mathrm{Jacov}\right) \cdot \left(\mathrm{plain}\right)\right),GFLOPs Snip Jacov plain Mul Add Mul <EOS>,(GFLOPs * (Snip + (Jacov * plain))),0.549800000,0.619000000,6,7,4,2031,run_monash_time_unique1000,5,1,TIME__NE_China_Wind__H/seed_2031/run_monash_time_unique1000/visualizations/archive_latex.tex
988,0.110810811,0.549800000,\left(\left(\mathrm{Jacov}\right) \cdot \left(\mathrm{plain}\right) + \mathrm{Snip}\right) \cdot \left(\mathrm{GFLOPs}\right),Jacov plain Mul Snip Add GFLOPs Mul <EOS>,(((Jacov * plain) + Snip) * GFLOPs),0.549800000,0.619000000,197,7,4,2115,run_monash_time_unique1000,7,1,TIME__NE_China_Wind__H/seed_2115/run_monash_time_unique1000/visualizations/archive_latex.tex
989,0.109909910,0.549800000,\left(\left(\mathrm{plain}\right) \cdot \left(\mathrm{Jacov}\right) + \mathrm{Snip}\right) \cdot \left(\mathrm{GFLOPs}\right),plain Jacov Mul Snip Add GFLOPs Mul <EOS>,(((plain * Jacov) + Snip) * GFLOPs),0.549800000,0.619000000,153,7,4,2121,run_monash_time_unique1000,7,1,TIME__NE_China_Wind__H/seed_2121/run_monash_time_unique1000/visualizations/archive_latex.tex
990,0.109009009,0.549800000,\left(\mathrm{Jacov}\right) \cdot \left(\sqrt{\mathrm{plain}} + \left(\mathrm{GFLOPs}\right) \cdot \left(\mathrm{plain}\right)\right),Jacov plain Sqrt GFLOPs plain Mul Add Mul <EOS>,(Jacov * (sqrt(plain) + (GFLOPs * plain))),0.549800000,0.619600000,12,8,4,2203,run_monash_time_unique1000,10,1,TIME__NE_China_Wind__H/seed_2203/run_monash_time_unique1000/visualizations/archive_latex.tex
991,0.108108108,0.549700000,\mathrm{Jacov} + \left(\frac{\left(\mathrm{GFLOPs}\right)^2}{\mathrm{MParams}}\right) \cdot \left(\mathrm{Jacov}\right),Jacov GFLOPs Square MParams Div Jacov Mul Add <EOS>,(Jacov + ((square(GFLOPs) / MParams) * Jacov)),0.549700000,0.599300000,101,8,5,2157,run_monash_time_unique1000,10,1,TIME__NE_China_Wind__H/seed_2157/run_monash_time_unique1000/visualizations/archive_latex.tex
992,0.107207207,0.549600000,\left(\mathrm{Jacov}\right) \cdot \left(\left(\mathrm{GFLOPs} + \sqrt{\mathrm{ZiCo}}\right) \cdot \left(\mathrm{plain}\right)\right),Jacov GFLOPs ZiCo Sqrt Add plain Mul Mul <EOS>,(Jacov * ((GFLOPs + sqrt(ZiCo)) * plain)),0.549600000,0.629200000,100,8,5,2064,run_monash_time_unique1000,5,1,TIME__NE_China_Wind__H/seed_2064/run_monash_time_unique1000/visualizations/archive_latex.tex
993,0.106306306,0.549600000,\left(\left(\sqrt{\mathrm{ZiCo}} + \mathrm{GFLOPs}\right) \cdot \left(\mathrm{plain}\right)\right) \cdot \left(\mathrm{Jacov}\right),ZiCo Sqrt GFLOPs Add plain Mul Jacov Mul <EOS>,(((sqrt(ZiCo) + GFLOPs) * plain) * Jacov),0.549600000,0.629200000,10,8,5,2101,run_monash_time_unique1000,8,1,TIME__NE_China_Wind__H/seed_2101/run_monash_time_unique1000/visualizations/archive_latex.tex
994,0.105405405,0.549500000,\left(\mathrm{plain}\right) \cdot \left(\left(\mathrm{GFLOPs}\right) \cdot \left(\mathrm{Jacov}\right) + \mathrm{Jacov}\right),plain GFLOPs Jacov Mul Jacov Add Mul <EOS>,(plain * ((GFLOPs * Jacov) + Jacov)),0.549500000,0.628000000,198,7,4,2055,run_monash_time_unique1000,2,2,TIME__NE_China_Wind__H/seed_2055/run_monash_time_unique1000/visualizations/archive_latex.tex
995,0.104504505,0.549500000,\left(\left(\mathrm{GFLOPs}\right) \cdot \left(\mathrm{plain}\right) + \mathrm{plain}\right) \cdot \left(\mathrm{Jacov}\right),GFLOPs plain Mul plain Add Jacov Mul <EOS>,(((GFLOPs * plain) + plain) * Jacov),0.549500000,0.628000000,47,7,4,2122,run_monash_time_unique1000,2,1,TIME__NE_China_Wind__H/seed_2122/run_monash_time_unique1000/visualizations/archive_latex.tex
996,0.103603604,0.549500000,\left(\mathrm{Jacov}\right) \cdot \left(\mathrm{plain} + \left(\mathrm{GFLOPs}\right) \cdot \left(\mathrm{plain}\right)\right),Jacov plain GFLOPs plain Mul Add Mul <EOS>,(Jacov * (plain + (GFLOPs * plain))),0.549500000,0.628000000,8,7,4,2191,run_monash_time_unique1000,3,1,TIME__NE_China_Wind__H/seed_2191/run_monash_time_unique1000/visualizations/archive_latex.tex
997,0.102702703,0.549500000,\left(\mathrm{Jacov} + \left(\mathrm{GFLOPs}\right) \cdot \left(\mathrm{Jacov}\right)\right) \cdot \left(\mathrm{plain}\right),Jacov GFLOPs Jacov Mul Add plain Mul <EOS>,((Jacov + (GFLOPs * Jacov)) * plain),0.549500000,0.628000000,82,7,4,2155,run_monash_time_unique1000,4,2,TIME__NE_China_Wind__H/seed_2155/run_monash_time_unique1000/visualizations/archive_latex.tex
998,0.101801802,0.549500000,\left(\left(\mathrm{GFLOPs}\right) \cdot \left(\mathrm{Jacov}\right) + \mathrm{Jacov}\right) \cdot \left(\mathrm{plain}\right),GFLOPs Jacov Mul Jacov Add plain Mul <EOS>,(((GFLOPs * Jacov) + Jacov) * plain),0.549500000,0.628000000,9,7,4,2148,run_monash_time_unique1000,6,1,TIME__NE_China_Wind__H/seed_2148/run_monash_time_unique1000/visualizations/archive_latex.tex
999,0.100900901,0.549500000,\left(\mathrm{plain}\right) \cdot \left(\left(\mathrm{Jacov}\right) \cdot \left(\mathrm{GFLOPs}\right) + \mathrm{Jacov}\right),plain Jacov GFLOPs Mul Jacov Add Mul <EOS>,(plain * ((Jacov * GFLOPs) + Jacov)),0.549500000,0.628000000,9,7,4,2210,run_monash_time_unique1000,7,1,TIME__NE_China_Wind__H/seed_2210/run_monash_time_unique1000/visualizations/archive_latex.tex
1000,0.100000000,0.549200000,\left(\mathrm{GradNorm}\right) \cdot \left(\mathrm{Jacov}\right) + \frac{\mathrm{MParams}}{\left(\mathrm{GSynFlow}\right)^2},Grad_Norm Jacov Mul MParams GSynFlow Square Div Add <EOS>,((Grad_Norm * Jacov) + (MParams / square(GSynFlow))),0.549200000,0.584200000,34,8,4,2142,run_monash_time_unique1000,5,2,TIME__NE_China_Wind__H/seed_2142/run_monash_time_unique1000/visualizations/archive_latex.tex
