rank,weight,validation_fitness,formula,rpn_tokens,infix,score,train_fitness,generation,token_count,depth,source_seed,source_run,source_rank,occurrence_count,source_archive_latex
1,1.000000000,0.661200000,\frac{\left(\mathrm{MParams}\right) \cdot \left(\sqrt{\mathrm{Jacov}}\right) - \log\left(\mathrm{GSynFlow}\right)}{\mathrm{ZiCo}},MParams Jacov Sqrt Mul GSynFlow Log Sub ZiCo Div <EOS>,(((MParams * sqrt(Jacov)) - log(GSynFlow)) / ZiCo),0.661200000,0.389400000,145,9,5,2179,run_monash_time_unique1000,1,1,TIME__Coastal_T_S__H/seed_2179/run_monash_time_unique1000/visualizations/archive_latex.tex
2,0.999099099,0.656300000,\left(\sqrt{-\mathrm{Jacov}}\right) \cdot \left(\mathrm{MParams}\right) - \log\left(\mathrm{GSynFlow}\right),Jacov Negative Sqrt MParams Mul GSynFlow Log Sub <EOS>,((sqrt(-(Jacov)) * MParams) - log(GSynFlow)),0.656300000,0.396800000,151,8,5,2095,run_monash_time_unique1000,1,1,TIME__Coastal_T_S__H/seed_2095/run_monash_time_unique1000/visualizations/archive_latex.tex
3,0.998198198,0.656300000,\left(\sqrt{\mathrm{Jacov}}\right) \cdot \left(\mathrm{MParams}\right) - \log\left(\mathrm{GSynFlow}\right),Jacov Sqrt MParams Mul GSynFlow Log Sub <EOS>,((sqrt(Jacov) * MParams) - log(GSynFlow)),0.656300000,0.396800000,13,7,4,2097,run_monash_time_unique1000,1,3,TIME__Coastal_T_S__H/seed_2097/run_monash_time_unique1000/visualizations/archive_latex.tex
4,0.997297297,0.656300000,\left(\mathrm{MParams}\right) \cdot \left(\sqrt{\mathrm{Jacov}}\right) - \log\left(\mathrm{GSynFlow}\right),MParams Jacov Sqrt Mul GSynFlow Log Sub <EOS>,((MParams * sqrt(Jacov)) - log(GSynFlow)),0.656300000,0.396800000,128,7,4,2098,run_monash_time_unique1000,1,3,TIME__Coastal_T_S__H/seed_2098/run_monash_time_unique1000/visualizations/archive_latex.tex
5,0.996396396,0.655400000,\left(\sqrt{\mathrm{Jacov}}\right) \cdot \left(\mathrm{MParams}\right) - \log\left(\left(\mathrm{GSynFlow}\right) \cdot \left(\mathrm{ZiCo}\right)\right),Jacov Sqrt MParams Mul GSynFlow ZiCo Mul Log Sub <EOS>,((sqrt(Jacov) * MParams) - log((GSynFlow * ZiCo))),0.655400000,0.398800000,95,9,4,2097,run_monash_time_unique1000,2,1,TIME__Coastal_T_S__H/seed_2097/run_monash_time_unique1000/visualizations/archive_latex.tex
6,0.995495495,0.640700000,\left(\sqrt{\mathrm{Jacov}}\right) \cdot \left(\mathrm{MParams}\right) - \log\left(\frac{\mathrm{GSynFlow}}{\mathrm{L2Norm}}\right),Jacov Sqrt MParams Mul GSynFlow L2-Norm Div Log Sub <EOS>,((sqrt(Jacov) * MParams) - log((GSynFlow / L2-Norm))),0.640700000,0.388900000,181,9,4,2097,run_monash_time_unique1000,3,1,TIME__Coastal_T_S__H/seed_2097/run_monash_time_unique1000/visualizations/archive_latex.tex
7,0.994594595,0.638300000,\mathrm{MParams} - \log\left(\mathrm{GSynFlow}\right) - \sqrt{\left(\mathrm{MParams}\right) \cdot \left(\mathrm{Jacov}\right)},MParams GSynFlow Log MParams Jacov Mul Sqrt Sub Sub <EOS>,(MParams - (log(GSynFlow) - sqrt((MParams * Jacov)))),0.638300000,0.585300000,8,9,5,2194,run_monash_time_unique1000,1,1,TIME__Coastal_T_S__H/seed_2194/run_monash_time_unique1000/visualizations/archive_latex.tex
8,0.993693694,0.638300000,\sqrt{\left(\mathrm{Jacov}\right) \cdot \left(\mathrm{MParams}\right)} - \log\left(\mathrm{GSynFlow}\right) + \mathrm{MParams},Jacov MParams Mul Sqrt GSynFlow Log Sub MParams Add <EOS>,((sqrt((Jacov * MParams)) - log(GSynFlow)) + MParams),0.638300000,0.585300000,66,9,5,2140,run_monash_time_unique1000,2,1,TIME__Coastal_T_S__H/seed_2140/run_monash_time_unique1000/visualizations/archive_latex.tex
9,0.992792793,0.638300000,\sqrt{\left(\mathrm{MParams}\right) \cdot \left(\mathrm{Jacov}\right)} - \log\left(\mathrm{GSynFlow}\right) + \mathrm{MParams},MParams Jacov Mul Sqrt GSynFlow Log Sub MParams Add <EOS>,((sqrt((MParams * Jacov)) - log(GSynFlow)) + MParams),0.638300000,0.585300000,94,9,5,2157,run_monash_time_unique1000,2,1,TIME__Coastal_T_S__H/seed_2157/run_monash_time_unique1000/visualizations/archive_latex.tex
10,0.991891892,0.638300000,\sqrt{\left(\mathrm{MParams}\right) \cdot \left(\mathrm{Jacov}\right)} + \mathrm{MParams} - \log\left(\mathrm{GSynFlow}\right),MParams Jacov Mul Sqrt MParams Add GSynFlow Log Sub <EOS>,((sqrt((MParams * Jacov)) + MParams) - log(GSynFlow)),0.638300000,0.585300000,139,9,5,2179,run_monash_time_unique1000,3,1,TIME__Coastal_T_S__H/seed_2179/run_monash_time_unique1000/visualizations/archive_latex.tex
11,0.990990991,0.635500000,\sqrt{\left(\mathrm{Jacov} - \mathrm{L2Norm}\right) \cdot \left(\mathrm{MParams}\right)} - \log\left(\mathrm{GSynFlow}\right),Jacov L2-Norm Sub MParams Mul Sqrt GSynFlow Log Sub <EOS>,(sqrt(((Jacov - L2-Norm) * MParams)) - log(GSynFlow)),0.635500000,0.582500000,47,9,5,2140,run_monash_time_unique1000,3,1,TIME__Coastal_T_S__H/seed_2140/run_monash_time_unique1000/visualizations/archive_latex.tex
12,0.990090090,0.635500000,\sqrt{\left(\mathrm{L2Norm} - \mathrm{Jacov}\right) \cdot \left(\mathrm{MParams}\right)} - \log\left(\mathrm{GSynFlow}\right),L2-Norm Jacov Sub MParams Mul Sqrt GSynFlow Log Sub <EOS>,(sqrt(((L2-Norm - Jacov) * MParams)) - log(GSynFlow)),0.635500000,0.582500000,147,9,5,2157,run_monash_time_unique1000,3,1,TIME__Coastal_T_S__H/seed_2157/run_monash_time_unique1000/visualizations/archive_latex.tex
13,0.989189189,0.632200000,\sqrt{\left(\mathrm{MParams}\right) \cdot \left(\mathrm{Jacov}\right)} - \log\left(\frac{\mathrm{GSynFlow}}{\mathrm{MParams}}\right),MParams Jacov Mul Sqrt GSynFlow MParams Div Log Sub <EOS>,(sqrt((MParams * Jacov)) - log((GSynFlow / MParams))),0.632200000,0.597900000,38,9,4,2157,run_monash_time_unique1000,4,1,TIME__Coastal_T_S__H/seed_2157/run_monash_time_unique1000/visualizations/archive_latex.tex
14,0.988288288,0.627700000,\sqrt{\left(\mathrm{Jacov} - \mathrm{Snip}\right) \cdot \left(\mathrm{MParams}\right)} - \log\left(\mathrm{GSynFlow}\right),Jacov Snip Sub MParams Mul Sqrt GSynFlow Log Sub <EOS>,(sqrt(((Jacov - Snip) * MParams)) - log(GSynFlow)),0.627700000,0.506000000,51,9,5,2140,run_monash_time_unique1000,4,1,TIME__Coastal_T_S__H/seed_2140/run_monash_time_unique1000/visualizations/archive_latex.tex
15,0.987387387,0.627700000,\sqrt{\left(\mathrm{MParams}\right) \cdot \left(\mathrm{Jacov} - \mathrm{Snip}\right)} - \log\left(\mathrm{GSynFlow}\right),MParams Jacov Snip Sub Mul Sqrt GSynFlow Log Sub <EOS>,(sqrt((MParams * (Jacov - Snip))) - log(GSynFlow)),0.627700000,0.506000000,70,9,5,2157,run_monash_time_unique1000,5,1,TIME__Coastal_T_S__H/seed_2157/run_monash_time_unique1000/visualizations/archive_latex.tex
16,0.986486486,0.623100000,\left(\sqrt{\mathrm{Jacov}}\right) \cdot \left(\mathrm{MParams}\right) - \left(\mathrm{plain}\right) \cdot \left(\log\left(\mathrm{GSynFlow}\right)\right),Jacov Sqrt MParams Mul plain GSynFlow Log Mul Sub <EOS>,((sqrt(Jacov) * MParams) - (plain * log(GSynFlow))),0.623100000,0.524400000,200,9,4,2097,run_monash_time_unique1000,4,1,TIME__Coastal_T_S__H/seed_2097/run_monash_time_unique1000/visualizations/archive_latex.tex
17,0.985585586,0.622600000,\sqrt{\left(\mathrm{MParams}\right) \cdot \left(\mathrm{Jacov}\right)} - \log\left(\frac{\mathrm{GSynFlow}}{\mathrm{GFLOPs}}\right),MParams Jacov Mul Sqrt GSynFlow GFLOPs Div Log Sub <EOS>,(sqrt((MParams * Jacov)) - log((GSynFlow / GFLOPs))),0.622600000,0.584400000,37,9,4,2157,run_monash_time_unique1000,6,1,TIME__Coastal_T_S__H/seed_2157/run_monash_time_unique1000/visualizations/archive_latex.tex
18,0.984684685,0.622100000,\left(\mathrm{L2Norm}\right) \cdot \left(\sqrt{\left(\mathrm{MParams}\right) \cdot \left(\mathrm{Jacov}\right)} - \log\left(\mathrm{GSynFlow}\right)\right),L2-Norm MParams Jacov Mul Sqrt GSynFlow Log Sub Mul <EOS>,(L2-Norm * (sqrt((MParams * Jacov)) - log(GSynFlow))),0.622100000,0.593700000,136,9,5,2179,run_monash_time_unique1000,4,1,TIME__Coastal_T_S__H/seed_2179/run_monash_time_unique1000/visualizations/archive_latex.tex
19,0.983783784,0.616700000,\sqrt{\left(\mathrm{Jacov}\right) \cdot \left(\mathrm{MParams}\right)} - \log\left(\left(\mathrm{JacobFro}\right) \cdot \left(\mathrm{GSynFlow}\right)\right),Jacov MParams Mul Sqrt Jacob_fro GSynFlow Mul Log Sub <EOS>,(sqrt((Jacov * MParams)) - log((Jacob_fro * GSynFlow))),0.616700000,0.554600000,133,9,4,2140,run_monash_time_unique1000,5,1,TIME__Coastal_T_S__H/seed_2140/run_monash_time_unique1000/visualizations/archive_latex.tex
20,0.982882883,0.616700000,\sqrt{\left(\mathrm{MParams}\right) \cdot \left(\mathrm{Jacov}\right)} - \log\left(\left(\mathrm{GSynFlow}\right) \cdot \left(\mathrm{JacobFro}\right)\right),MParams Jacov Mul Sqrt GSynFlow Jacob_fro Mul Log Sub <EOS>,(sqrt((MParams * Jacov)) - log((GSynFlow * Jacob_fro))),0.616700000,0.554600000,188,9,4,2179,run_monash_time_unique1000,5,2,TIME__Coastal_T_S__H/seed_2179/run_monash_time_unique1000/visualizations/archive_latex.tex
21,0.981981982,0.615800000,\left(\sqrt{\mathrm{Jacov}}\right) \cdot \left(\mathrm{MParams}\right) - \log\left(\mathrm{GSynFlow}\right) + \mathrm{MParams},Jacov Sqrt MParams Mul GSynFlow Log Sub MParams Add <EOS>,(((sqrt(Jacov) * MParams) - log(GSynFlow)) + MParams),0.615800000,0.370500000,16,9,5,2097,run_monash_time_unique1000,5,1,TIME__Coastal_T_S__H/seed_2097/run_monash_time_unique1000/visualizations/archive_latex.tex
22,0.981081081,0.612600000,\sqrt{\left(\mathrm{MParams}\right) \cdot \left(\mathrm{Jacov}\right)} - \log\left(\frac{\mathrm{GSynFlow}}{\mathrm{Snip}}\right),MParams Jacov Mul Sqrt GSynFlow Snip Div Log Sub <EOS>,(sqrt((MParams * Jacov)) - log((GSynFlow / Snip))),0.612600000,0.567400000,49,9,4,2157,run_monash_time_unique1000,8,1,TIME__Coastal_T_S__H/seed_2157/run_monash_time_unique1000/visualizations/archive_latex.tex
23,0.980180180,0.610800000,\sqrt{\left(\mathrm{Jacov}\right) \cdot \left(\mathrm{MParams}\right)} - \log\left(\frac{\mathrm{GSynFlow}}{\mathrm{L2Norm}}\right),Jacov MParams Mul Sqrt GSynFlow L2-Norm Div Log Sub <EOS>,(sqrt((Jacov * MParams)) - log((GSynFlow / L2-Norm))),0.610800000,0.556900000,192,9,4,2140,run_monash_time_unique1000,6,1,TIME__Coastal_T_S__H/seed_2140/run_monash_time_unique1000/visualizations/archive_latex.tex
24,0.979279279,0.610800000,\sqrt{\left(\mathrm{MParams}\right) \cdot \left(\mathrm{Jacov}\right)} - \log\left(\frac{\mathrm{GSynFlow}}{\mathrm{L2Norm}}\right),MParams Jacov Mul Sqrt GSynFlow L2-Norm Div Log Sub <EOS>,(sqrt((MParams * Jacov)) - log((GSynFlow / L2-Norm))),0.610800000,0.556900000,48,9,4,2157,run_monash_time_unique1000,9,1,TIME__Coastal_T_S__H/seed_2157/run_monash_time_unique1000/visualizations/archive_latex.tex
25,0.978378378,0.609200000,\sqrt{\left(\mathrm{Jacov} + \mathrm{Jacov}\right) \cdot \left(\mathrm{MParams}\right)} - \log\left(\mathrm{GSynFlow}\right),Jacov Jacov Add MParams Mul Sqrt GSynFlow Log Sub <EOS>,(sqrt(((Jacov + Jacov) * MParams)) - log(GSynFlow)),0.609200000,0.539600000,55,9,5,2140,run_monash_time_unique1000,7,1,TIME__Coastal_T_S__H/seed_2140/run_monash_time_unique1000/visualizations/archive_latex.tex
26,0.977477477,0.608400000,\sqrt{\left(\mathrm{Jacov} - \mathrm{GFLOPs}\right) \cdot \left(\mathrm{MParams}\right)} - \log\left(\mathrm{GSynFlow}\right),Jacov GFLOPs Sub MParams Mul Sqrt GSynFlow Log Sub <EOS>,(sqrt(((Jacov - GFLOPs) * MParams)) - log(GSynFlow)),0.608400000,0.558100000,38,9,5,2140,run_monash_time_unique1000,8,1,TIME__Coastal_T_S__H/seed_2140/run_monash_time_unique1000/visualizations/archive_latex.tex
27,0.976576577,0.608400000,\sqrt{\left(\mathrm{GFLOPs} - \mathrm{Jacov}\right) \cdot \left(\mathrm{MParams}\right)} - \log\left(\mathrm{GSynFlow}\right),GFLOPs Jacov Sub MParams Mul Sqrt GSynFlow Log Sub <EOS>,(sqrt(((GFLOPs - Jacov) * MParams)) - log(GSynFlow)),0.608400000,0.558100000,132,9,5,2157,run_monash_time_unique1000,10,1,TIME__Coastal_T_S__H/seed_2157/run_monash_time_unique1000/visualizations/archive_latex.tex
28,0.975675676,0.608200000,\sqrt{\left(\mathrm{Fisher} - \mathrm{MParams}\right) \cdot \left(\mathrm{Jacov}\right)} - \log\left(\mathrm{GSynFlow}\right),Fisher MParams Sub Jacov Mul Sqrt GSynFlow Log Sub <EOS>,(sqrt(((Fisher - MParams) * Jacov)) - log(GSynFlow)),0.608200000,0.546800000,138,9,5,2179,run_monash_time_unique1000,6,1,TIME__Coastal_T_S__H/seed_2179/run_monash_time_unique1000/visualizations/archive_latex.tex
29,0.974774775,0.605100000,\sqrt{\left(\mathrm{Jacov}\right) \cdot \left(\mathrm{MParams}\right)} - \log\left(\frac{\mathrm{GSynFlow}}{\mathrm{GraSP}}\right),Jacov MParams Mul Sqrt GSynFlow GraSP Div Log Sub <EOS>,(sqrt((Jacov * MParams)) - log((GSynFlow / GraSP))),0.605100000,0.538800000,194,9,4,2140,run_monash_time_unique1000,9,1,TIME__Coastal_T_S__H/seed_2140/run_monash_time_unique1000/visualizations/archive_latex.tex
30,0.973873874,0.604600000,\sqrt{\left(\mathrm{Jacov}\right) \cdot \left(\mathrm{MParams}\right)} - \log\left(\left(\mathrm{GSynFlow}\right) \cdot \left(\mathrm{plain}\right)\right),Jacov MParams Mul Sqrt GSynFlow plain Mul Log Sub <EOS>,(sqrt((Jacov * MParams)) - log((GSynFlow * plain))),0.604600000,0.550100000,127,9,4,2140,run_monash_time_unique1000,10,1,TIME__Coastal_T_S__H/seed_2140/run_monash_time_unique1000/visualizations/archive_latex.tex
31,0.972972973,0.603100000,\sqrt{\left(\mathrm{MParams}\right) \cdot \left(\mathrm{Jacov}\right)} - \log\left(\mathrm{GSynFlow}\right) - \mathrm{plain},MParams Jacov Mul Sqrt GSynFlow Log Sub plain Sub <EOS>,((sqrt((MParams * Jacov)) - log(GSynFlow)) - plain),0.603100000,0.554100000,169,9,5,2179,run_monash_time_unique1000,7,1,TIME__Coastal_T_S__H/seed_2179/run_monash_time_unique1000/visualizations/archive_latex.tex
32,0.972072072,0.602900000,\sqrt{\left(\mathrm{MParams}\right) \cdot \left(\mathrm{Jacov}\right)} - \log\left(\left(\mathrm{Jacov}\right) \cdot \left(\mathrm{GSynFlow}\right)\right),MParams Jacov Mul Sqrt Jacov GSynFlow Mul Log Sub <EOS>,(sqrt((MParams * Jacov)) - log((Jacov * GSynFlow))),0.602900000,0.540000000,138,9,4,2179,run_monash_time_unique1000,8,1,TIME__Coastal_T_S__H/seed_2179/run_monash_time_unique1000/visualizations/archive_latex.tex
33,0.971171171,0.601900000,\mathrm{GradNorm} - \log\left(\mathrm{GSynFlow}\right) - \sqrt{\left(\mathrm{MParams}\right) \cdot \left(\mathrm{Jacov}\right)},Grad_Norm GSynFlow Log MParams Jacov Mul Sqrt Sub Sub <EOS>,(Grad_Norm - (log(GSynFlow) - sqrt((MParams * Jacov)))),0.601900000,0.541500000,10,9,5,2194,run_monash_time_unique1000,2,1,TIME__Coastal_T_S__H/seed_2194/run_monash_time_unique1000/visualizations/archive_latex.tex
34,0.970270270,0.601900000,\sqrt{\left(\mathrm{MParams}\right) \cdot \left(\mathrm{Jacov}\right)} + \mathrm{GradNorm} - \log\left(\mathrm{GSynFlow}\right),MParams Jacov Mul Sqrt Grad_Norm Add GSynFlow Log Sub <EOS>,((sqrt((MParams * Jacov)) + Grad_Norm) - log(GSynFlow)),0.601900000,0.541500000,140,9,5,2179,run_monash_time_unique1000,9,1,TIME__Coastal_T_S__H/seed_2179/run_monash_time_unique1000/visualizations/archive_latex.tex
35,0.969369369,0.599200000,\frac{\mathrm{ZiCo}}{\log\left(\mathrm{GSynFlow}\right) - \sqrt{\left(\mathrm{MParams}\right) \cdot \left(\mathrm{Jacov}\right)}},ZiCo GSynFlow Log MParams Jacov Mul Sqrt Sub Div <EOS>,(ZiCo / (log(GSynFlow) - sqrt((MParams * Jacov)))),0.599200000,0.529400000,35,9,5,2194,run_monash_time_unique1000,3,1,TIME__Coastal_T_S__H/seed_2194/run_monash_time_unique1000/visualizations/archive_latex.tex
36,0.968468468,0.599200000,\frac{\sqrt{\left(\mathrm{MParams}\right) \cdot \left(\mathrm{Jacov}\right)} - \log\left(\mathrm{GSynFlow}\right)}{\mathrm{ZiCo}},MParams Jacov Mul Sqrt GSynFlow Log Sub ZiCo Div <EOS>,((sqrt((MParams * Jacov)) - log(GSynFlow)) / ZiCo),0.599200000,0.529400000,189,9,5,2179,run_monash_time_unique1000,10,1,TIME__Coastal_T_S__H/seed_2179/run_monash_time_unique1000/visualizations/archive_latex.tex
37,0.967567568,0.596400000,\mathrm{GFLOPs} - \log\left(\mathrm{GSynFlow}\right) - \frac{\left(\mathrm{MParams}\right)^2}{\mathrm{Fisher}},GFLOPs GSynFlow Log MParams Square Fisher Div Sub Sub <EOS>,(GFLOPs - (log(GSynFlow) - (square(MParams) / Fisher))),0.596400000,0.380100000,106,9,5,2062,run_monash_time_unique1000,1,1,TIME__Coastal_T_S__H/seed_2062/run_monash_time_unique1000/visualizations/archive_latex.tex
38,0.966666667,0.596400000,\mathrm{GFLOPs} + \frac{\left(\mathrm{MParams}\right)^2}{\mathrm{Fisher}} - \log\left(\mathrm{GSynFlow}\right),GFLOPs MParams Square Fisher Div Add GSynFlow Log Sub <EOS>,((GFLOPs + (square(MParams) / Fisher)) - log(GSynFlow)),0.596400000,0.380100000,117,9,5,2141,run_monash_time_unique1000,1,1,TIME__Coastal_T_S__H/seed_2141/run_monash_time_unique1000/visualizations/archive_latex.tex
39,0.965765766,0.595100000,\mathrm{GFLOPs} - \log\left(\mathrm{GSynFlow}\right) - \sqrt{\left(\mathrm{MParams}\right) \cdot \left(\mathrm{Jacov}\right)},GFLOPs GSynFlow Log MParams Jacov Mul Sqrt Sub Sub <EOS>,(GFLOPs - (log(GSynFlow) - sqrt((MParams * Jacov)))),0.595100000,0.507900000,17,9,5,2194,run_monash_time_unique1000,4,1,TIME__Coastal_T_S__H/seed_2194/run_monash_time_unique1000/visualizations/archive_latex.tex
40,0.964864865,0.594000000,\mathrm{MParams} - \frac{\log\left(\mathrm{GSynFlow}\right)}{\sqrt{\mathrm{Jacov}}},MParams GSynFlow Log Jacov Sqrt Div Sub <EOS>,(MParams - (log(GSynFlow) / sqrt(Jacov))),0.594000000,0.375500000,24,7,4,2106,run_monash_time_unique1000,1,4,TIME__Coastal_T_S__H/seed_2106/run_monash_time_unique1000/visualizations/archive_latex.tex
41,0.963963964,0.593900000,\left(\sqrt{\mathrm{Jacov}}\right) \cdot \left(\sqrt{\mathrm{MParams}}\right) - \log\left(\mathrm{GSynFlow}\right),Jacov Sqrt MParams Sqrt Mul GSynFlow Log Sub <EOS>,((sqrt(Jacov) * sqrt(MParams)) - log(GSynFlow)),0.593900000,0.547300000,47,8,4,2097,run_monash_time_unique1000,6,1,TIME__Coastal_T_S__H/seed_2097/run_monash_time_unique1000/visualizations/archive_latex.tex
42,0.963063063,0.591700000,\left(\frac{\sqrt{\mathrm{Jacov}}}{\log\left(\left(\mathrm{JacobFro}\right) \cdot \left(\mathrm{GSynFlow}\right)\right)}\right) \cdot \left(\mathrm{MParams}\right),Jacov Sqrt Jacob_fro GSynFlow Mul Log Div MParams Mul <EOS>,((sqrt(Jacov) / log((Jacob_fro * GSynFlow))) * MParams),0.591700000,0.457200000,72,9,5,2225,run_monash_time_unique1000,1,1,TIME__Coastal_T_S__H/seed_2225/run_monash_time_unique1000/visualizations/archive_latex.tex
43,0.962162162,0.590200000,\mathrm{ZiCo} - \log\left(\mathrm{GSynFlow}\right) - \sqrt{\left(\mathrm{MParams}\right) \cdot \left(\mathrm{Jacov}\right)},ZiCo GSynFlow Log MParams Jacov Mul Sqrt Sub Sub <EOS>,(ZiCo - (log(GSynFlow) - sqrt((MParams * Jacov)))),0.590200000,0.551500000,21,9,5,2194,run_monash_time_unique1000,5,1,TIME__Coastal_T_S__H/seed_2194/run_monash_time_unique1000/visualizations/archive_latex.tex
44,0.961261261,0.586000000,\mathrm{Fisher} - \log\left(\mathrm{GSynFlow}\right) - \sqrt{\left(\mathrm{MParams}\right) \cdot \left(\mathrm{Jacov}\right)},Fisher GSynFlow Log MParams Jacov Mul Sqrt Sub Sub <EOS>,(Fisher - (log(GSynFlow) - sqrt((MParams * Jacov)))),0.586000000,0.544800000,12,9,5,2194,run_monash_time_unique1000,6,1,TIME__Coastal_T_S__H/seed_2194/run_monash_time_unique1000/visualizations/archive_latex.tex
45,0.960360360,0.581900000,\mathrm{MParams} - \left(\log\left(\mathrm{GSynFlow}\right)\right) \cdot \left(\frac{\log\left(\mathrm{GraSP}\right)}{\mathrm{L2Norm}}\right),MParams GSynFlow Log GraSP Log L2-Norm Div Mul Sub <EOS>,(MParams - (log(GSynFlow) * (log(GraSP) / L2-Norm))),0.581900000,0.369100000,191,9,5,2192,run_monash_time_unique1000,1,1,TIME__Coastal_T_S__H/seed_2192/run_monash_time_unique1000/visualizations/archive_latex.tex
46,0.959459459,0.581200000,\mathrm{plain} - \log\left(\mathrm{GSynFlow}\right) - \sqrt{\left(\mathrm{MParams}\right) \cdot \left(\mathrm{Jacov}\right)},plain GSynFlow Log MParams Jacov Mul Sqrt Sub Sub <EOS>,(plain - (log(GSynFlow) - sqrt((MParams * Jacov)))),0.581200000,0.534700000,13,9,5,2194,run_monash_time_unique1000,7,1,TIME__Coastal_T_S__H/seed_2194/run_monash_time_unique1000/visualizations/archive_latex.tex
47,0.958558559,0.579200000,\mathrm{MParams} - \frac{\left(\log\left(\mathrm{GSynFlow}\right)\right) \cdot \left(\mathrm{GradNorm}\right)}{\mathrm{L2Norm}},MParams GSynFlow Log Grad_Norm Mul L2-Norm Div Sub <EOS>,(MParams - ((log(GSynFlow) * Grad_Norm) / L2-Norm)),0.579200000,0.442400000,50,8,5,2061,run_monash_time_unique1000,1,1,TIME__Coastal_T_S__H/seed_2061/run_monash_time_unique1000/visualizations/archive_latex.tex
48,0.957657658,0.579200000,\mathrm{MParams} - \left(\frac{\mathrm{GradNorm}}{\mathrm{L2Norm}}\right) \cdot \left(\log\left(\mathrm{GSynFlow}\right)\right),MParams Grad_Norm L2-Norm Div GSynFlow Log Mul Sub <EOS>,(MParams - ((Grad_Norm / L2-Norm) * log(GSynFlow))),0.579200000,0.442400000,188,8,4,2156,run_monash_time_unique1000,1,1,TIME__Coastal_T_S__H/seed_2156/run_monash_time_unique1000/visualizations/archive_latex.tex
49,0.956756757,0.567400000,\left(\sqrt{\mathrm{Jacov}}\right) \cdot \left(\mathrm{MParams}\right) - \log\left(\left(\mathrm{GSynFlow}\right)^2\right),Jacov Sqrt MParams Mul GSynFlow Square Log Sub <EOS>,((sqrt(Jacov) * MParams) - log(square(GSynFlow))),0.567400000,0.496300000,153,8,4,2095,run_monash_time_unique1000,2,2,TIME__Coastal_T_S__H/seed_2095/run_monash_time_unique1000/visualizations/archive_latex.tex
50,0.955855856,0.565600000,\frac{\mathrm{MParams}}{\sqrt{\log\left(\mathrm{GFLOPs} + \left(\mathrm{GSynFlow}\right) \cdot \left(\mathrm{ZiCo}\right)\right)}},MParams GFLOPs GSynFlow ZiCo Mul Add Log Sqrt Div <EOS>,(MParams / sqrt(log((GFLOPs + (GSynFlow * ZiCo))))),0.565600000,0.404500000,15,9,6,2113,run_monash_time_unique1000,1,1,TIME__Coastal_T_S__H/seed_2113/run_monash_time_unique1000/visualizations/archive_latex.tex
51,0.954954955,0.564800000,\mathrm{MParams} - \left(\frac{\mathrm{Fisher}}{\mathrm{plain}}\right) \cdot \left(\log\left(\sqrt{\mathrm{GSynFlow}}\right)\right),MParams Fisher plain Div GSynFlow Sqrt Log Mul Sub <EOS>,(MParams - ((Fisher / plain) * log(sqrt(GSynFlow)))),0.564800000,0.482000000,77,9,5,2139,run_monash_time_unique1000,1,1,TIME__Coastal_T_S__H/seed_2139/run_monash_time_unique1000/visualizations/archive_latex.tex
52,0.954054054,0.563400000,\left(\sqrt{\mathrm{L2Norm}}\right) \cdot \left(\mathrm{MParams}\right) - \log\left(\mathrm{GSynFlow}\right) + \mathrm{plain},L2-Norm Sqrt MParams Mul GSynFlow Log plain Add Sub <EOS>,((sqrt(L2-Norm) * MParams) - (log(GSynFlow) + plain)),0.563400000,0.454000000,19,9,4,2097,run_monash_time_unique1000,8,1,TIME__Coastal_T_S__H/seed_2097/run_monash_time_unique1000/visualizations/archive_latex.tex
53,0.953153153,0.562200000,\mathrm{MParams} - \left(\log\left(\mathrm{GSynFlow}\right)\right) \cdot \left(\frac{\sqrt{\mathrm{GraSP}}}{\mathrm{Snip}}\right),MParams GSynFlow Log GraSP Sqrt Snip Div Mul Sub <EOS>,(MParams - (log(GSynFlow) * (sqrt(GraSP) / Snip))),0.562200000,0.391000000,75,9,5,2044,run_monash_time_unique1000,1,1,TIME__Coastal_T_S__H/seed_2044/run_monash_time_unique1000/visualizations/archive_latex.tex
54,0.952252252,0.561000000,\frac{\frac{\left(\mathrm{JacobFro}\right) \cdot \left(\mathrm{plain}\right)}{\mathrm{Jacov}}}{\mathrm{GradNorm}},Jacob_fro plain Mul Jacov Div Grad_Norm Div <EOS>,(((Jacob_fro * plain) / Jacov) / Grad_Norm),0.561000000,0.348700000,26,7,4,2198,run_monash_time_unique1000,1,1,TIME__Coastal_T_S__H/seed_2198/run_monash_time_unique1000/visualizations/archive_latex.tex
55,0.951351351,0.561000000,\frac{\frac{\mathrm{JacobFro}}{\mathrm{GradNorm}}}{\frac{\mathrm{Jacov}}{\mathrm{plain}}},Jacob_fro Grad_Norm Div Jacov plain Div Div <EOS>,((Jacob_fro / Grad_Norm) / (Jacov / plain)),0.561000000,0.348700000,156,7,3,2199,run_monash_time_unique1000,1,1,TIME__Coastal_T_S__H/seed_2199/run_monash_time_unique1000/visualizations/archive_latex.tex
56,0.950450450,0.558900000,\left(\mathrm{MParams}\right) \cdot \left(\mathrm{L2Norm}\right) - \left(\log\left(\mathrm{GSynFlow}\right)\right) \cdot \left(\mathrm{GradNorm}\right),MParams L2-Norm Mul GSynFlow Log Grad_Norm Mul Sub <EOS>,((MParams * L2-Norm) - (log(GSynFlow) * Grad_Norm)),0.558900000,0.386200000,102,8,4,2164,run_monash_time_unique1000,1,1,TIME__Coastal_T_S__H/seed_2164/run_monash_time_unique1000/visualizations/archive_latex.tex
57,0.949549550,0.557300000,\left(\mathrm{MParams}\right)^2 - \log\left(\frac{\sqrt{\mathrm{GSynFlow}}}{\left(\mathrm{MParams}\right)^2}\right),MParams Square GSynFlow Sqrt MParams Square Div Log Sub <EOS>,(square(MParams) - log((sqrt(GSynFlow) / square(MParams)))),0.557300000,0.435800000,197,9,5,2037,run_monash_time_unique1000,1,3,TIME__Coastal_T_S__H/seed_2037/run_monash_time_unique1000/visualizations/archive_latex.tex
58,0.948648649,0.556600000,\left(\left(\mathrm{MParams}\right)^2\right) \cdot \left(\sqrt{\frac{\log\left(\mathrm{GSynFlow}\right)}{\sqrt{\mathrm{GSynFlow}}}}\right),MParams Square GSynFlow Log GSynFlow Sqrt Div Sqrt Mul <EOS>,(square(MParams) * sqrt((log(GSynFlow) / sqrt(GSynFlow)))),0.556600000,0.407700000,22,9,5,2070,run_monash_time_unique1000,1,1,TIME__Coastal_T_S__H/seed_2070/run_monash_time_unique1000/visualizations/archive_latex.tex
59,0.947747748,0.556600000,\left(\sqrt{\frac{\log\left(\mathrm{GSynFlow}\right)}{\sqrt{\mathrm{GSynFlow}}}}\right) \cdot \left(\left(\mathrm{MParams}\right)^2\right),GSynFlow Log GSynFlow Sqrt Div Sqrt MParams Square Mul <EOS>,(sqrt((log(GSynFlow) / sqrt(GSynFlow))) * square(MParams)),0.556600000,0.407700000,32,9,5,2087,run_monash_time_unique1000,1,1,TIME__Coastal_T_S__H/seed_2087/run_monash_time_unique1000/visualizations/archive_latex.tex
60,0.946846847,0.556400000,\frac{\mathrm{MParams}}{\mathrm{ZiCo}} - \log\left(\sqrt{\mathrm{GSynFlow}} + \mathrm{GFLOPs}\right),MParams ZiCo Div GSynFlow Sqrt GFLOPs Add Log Sub <EOS>,((MParams / ZiCo) - log((sqrt(GSynFlow) + GFLOPs))),0.556400000,0.554700000,55,9,5,2169,run_monash_time_unique1000,1,1,TIME__Coastal_T_S__H/seed_2169/run_monash_time_unique1000/visualizations/archive_latex.tex
61,0.945945946,0.556400000,\mathrm{MParams} - \frac{\log\left(\sqrt{\mathrm{GSynFlow}}\right)}{\log\left(\mathrm{Snip}\right)},MParams GSynFlow Sqrt Log Snip Log Div Sub <EOS>,(MParams - (log(sqrt(GSynFlow)) / log(Snip))),0.556400000,0.393400000,163,8,5,2207,run_monash_time_unique1000,1,1,TIME__Coastal_T_S__H/seed_2207/run_monash_time_unique1000/visualizations/archive_latex.tex
62,0.945045045,0.556300000,\frac{\frac{\mathrm{MParams}}{\log\left(\left(\mathrm{GraSP}\right) \cdot \left(\sqrt{\mathrm{GSynFlow}}\right)\right)}}{\mathrm{ZiCo}},MParams GraSP GSynFlow Sqrt Mul Log Div ZiCo Div <EOS>,((MParams / log((GraSP * sqrt(GSynFlow)))) / ZiCo),0.556300000,0.478100000,132,9,6,2040,run_monash_time_unique1000,1,1,TIME__Coastal_T_S__H/seed_2040/run_monash_time_unique1000/visualizations/archive_latex.tex
63,0.944144144,0.556200000,\left(\sqrt{\mathrm{L2Norm}}\right) \cdot \left(\mathrm{MParams}\right) - \log\left(\mathrm{GSynFlow}\right) + \mathrm{Fisher},L2-Norm Sqrt MParams Mul GSynFlow Log Fisher Add Sub <EOS>,((sqrt(L2-Norm) * MParams) - (log(GSynFlow) + Fisher)),0.556200000,0.450600000,30,9,4,2097,run_monash_time_unique1000,9,1,TIME__Coastal_T_S__H/seed_2097/run_monash_time_unique1000/visualizations/archive_latex.tex
64,0.943243243,0.554800000,\frac{\frac{\mathrm{MParams}}{\mathrm{GFLOPs} + \sqrt{\mathrm{MParams}}}}{\left(\mathrm{ZiCo}\right)^2},MParams GFLOPs MParams Sqrt Add Div ZiCo Square Div <EOS>,((MParams / (GFLOPs + sqrt(MParams))) / square(ZiCo)),0.554800000,0.403400000,11,9,5,2223,run_monash_time_unique1000,1,1,TIME__Coastal_T_S__H/seed_2223/run_monash_time_unique1000/visualizations/archive_latex.tex
65,0.942342342,0.554600000,\left(\sqrt{\mathrm{L2Norm}}\right) \cdot \left(\mathrm{MParams}\right) - \log\left(\mathrm{GSynFlow}\right),L2-Norm Sqrt MParams Mul GSynFlow Log Sub <EOS>,((sqrt(L2-Norm) * MParams) - log(GSynFlow)),0.554600000,0.444500000,8,7,4,2105,run_monash_time_unique1000,2,2,TIME__Coastal_T_S__H/seed_2105/run_monash_time_unique1000/visualizations/archive_latex.tex
66,0.941441441,0.552400000,\frac{\frac{\sqrt{\mathrm{MParams}}}{\mathrm{ZiCo}}}{\mathrm{GFLOPs} + \sqrt{\mathrm{Snip}}},MParams Sqrt ZiCo Div GFLOPs Snip Sqrt Add Div <EOS>,((sqrt(MParams) / ZiCo) / (GFLOPs + sqrt(Snip))),0.552400000,0.454300000,73,9,4,2046,run_monash_time_unique1000,1,1,TIME__Coastal_T_S__H/seed_2046/run_monash_time_unique1000/visualizations/archive_latex.tex
67,0.940540541,0.551200000,\left(\log\left(\left(\mathrm{JacobFro}\right) \cdot \left(\mathrm{GFLOPs}\right)\right)\right) \cdot \left(\mathrm{MParams}\right) - \log\left(\mathrm{GSynFlow}\right),Jacob_fro GFLOPs Mul Log MParams Mul GSynFlow Log Sub <EOS>,((log((Jacob_fro * GFLOPs)) * MParams) - log(GSynFlow)),0.551200000,0.452100000,14,9,5,2076,run_monash_time_unique1000,1,1,TIME__Coastal_T_S__H/seed_2076/run_monash_time_unique1000/visualizations/archive_latex.tex
68,0.939639640,0.551100000,\frac{\mathrm{MParams}}{\log\left(\sqrt{\left(\mathrm{Snip}\right) \cdot \left(\sqrt{\mathrm{GSynFlow}}\right)}\right)},MParams Snip GSynFlow Sqrt Mul Sqrt Log Div <EOS>,(MParams / log(sqrt((Snip * sqrt(GSynFlow))))),0.551100000,0.464800000,178,8,6,2052,run_monash_time_unique1000,1,2,TIME__Coastal_T_S__H/seed_2052/run_monash_time_unique1000/visualizations/archive_latex.tex
69,0.938738739,0.551100000,\frac{\mathrm{MParams}}{\log\left(\sqrt{\left(\sqrt{\mathrm{GSynFlow}}\right) \cdot \left(\mathrm{Snip}\right)}\right)},MParams GSynFlow Sqrt Snip Mul Sqrt Log Div <EOS>,(MParams / log(sqrt((sqrt(GSynFlow) * Snip)))),0.551100000,0.464800000,162,8,6,2072,run_monash_time_unique1000,1,1,TIME__Coastal_T_S__H/seed_2072/run_monash_time_unique1000/visualizations/archive_latex.tex
70,0.937837838,0.551100000,\frac{\mathrm{MParams}}{\log\left(\sqrt{\left(-\sqrt{\mathrm{GSynFlow}}\right) \cdot \left(\mathrm{Snip}\right)}\right)},MParams GSynFlow Sqrt Negative Snip Mul Sqrt Log Div <EOS>,(MParams / log(sqrt((-(sqrt(GSynFlow)) * Snip)))),0.551100000,0.464800000,86,9,7,2078,run_monash_time_unique1000,1,1,TIME__Coastal_T_S__H/seed_2078/run_monash_time_unique1000/visualizations/archive_latex.tex
71,0.936936937,0.551100000,\frac{\mathrm{MParams}}{\log\left(\left(-\sqrt{\mathrm{GSynFlow}}\right) \cdot \left(\mathrm{Snip}\right)\right)},MParams GSynFlow Sqrt Negative Snip Mul Log Div <EOS>,(MParams / log((-(sqrt(GSynFlow)) * Snip))),0.551100000,0.464800000,139,8,6,2084,run_monash_time_unique1000,1,1,TIME__Coastal_T_S__H/seed_2084/run_monash_time_unique1000/visualizations/archive_latex.tex
72,0.936036036,0.551100000,\frac{\mathrm{MParams}}{\log\left(\left(\mathrm{GSynFlow}\right) \cdot \left(\left(\mathrm{Snip}\right)^2\right)\right)},MParams GSynFlow Snip Square Mul Log Div <EOS>,(MParams / log((GSynFlow * square(Snip)))),0.551100000,0.464800000,101,7,5,2114,run_monash_time_unique1000,1,1,TIME__Coastal_T_S__H/seed_2114/run_monash_time_unique1000/visualizations/archive_latex.tex
73,0.935135135,0.551100000,\frac{\mathrm{MParams}}{\log\left(\left(\mathrm{Snip}\right) \cdot \left(\sqrt{\mathrm{GSynFlow}}\right)\right)},MParams Snip GSynFlow Sqrt Mul Log Div <EOS>,(MParams / log((Snip * sqrt(GSynFlow)))),0.551100000,0.464800000,25,7,5,2187,run_monash_time_unique1000,1,1,TIME__Coastal_T_S__H/seed_2187/run_monash_time_unique1000/visualizations/archive_latex.tex
74,0.934234234,0.551100000,\frac{\log\left(\left(\sqrt{\mathrm{GSynFlow}}\right) \cdot \left(\mathrm{Snip}\right)\right)}{-\mathrm{MParams}},GSynFlow Sqrt Snip Mul Log MParams Negative Div <EOS>,(log((sqrt(GSynFlow) * Snip)) / -(MParams)),0.551100000,0.464800000,95,8,5,2209,run_monash_time_unique1000,1,1,TIME__Coastal_T_S__H/seed_2209/run_monash_time_unique1000/visualizations/archive_latex.tex
75,0.933333333,0.551100000,\frac{\mathrm{MParams}}{\log\left(\left(\sqrt{\mathrm{GSynFlow}}\right) \cdot \left(\mathrm{Snip}\right)\right)},MParams GSynFlow Sqrt Snip Mul Log Div <EOS>,(MParams / log((sqrt(GSynFlow) * Snip))),0.551100000,0.464800000,90,7,5,2224,run_monash_time_unique1000,1,1,TIME__Coastal_T_S__H/seed_2224/run_monash_time_unique1000/visualizations/archive_latex.tex
76,0.932432432,0.550300000,\mathrm{L2Norm} - \log\left(\left(\frac{\mathrm{GSynFlow}}{\left(\log\left(\mathrm{GSynFlow}\right)\right)^2}\right)^2\right),L2-Norm GSynFlow GSynFlow Log Square Div Square Log Sub <EOS>,(L2-Norm - log(square((GSynFlow / square(log(GSynFlow)))))),0.550300000,0.376400000,118,9,7,2048,run_monash_time_unique1000,1,3,TIME__Coastal_T_S__H/seed_2048/run_monash_time_unique1000/visualizations/archive_latex.tex
77,0.931531532,0.550300000,\frac{\frac{\mathrm{MParams}}{\left(\mathrm{ZiCo}\right)^2}}{\mathrm{GFLOPs} + \mathrm{ZiCo}},MParams ZiCo Square Div GFLOPs ZiCo Add Div <EOS>,((MParams / square(ZiCo)) / (GFLOPs + ZiCo)),0.550300000,0.416100000,153,8,4,2116,run_monash_time_unique1000,1,1,TIME__Coastal_T_S__H/seed_2116/run_monash_time_unique1000/visualizations/archive_latex.tex
78,0.930630631,0.550000000,\frac{\mathrm{MParams}}{\log\left(\left(\mathrm{GraSP}\right) \cdot \left(\sqrt{\mathrm{GSynFlow}}\right)\right)} - \mathrm{ZiCo},MParams GraSP GSynFlow Sqrt Mul Log Div ZiCo Sub <EOS>,((MParams / log((GraSP * sqrt(GSynFlow)))) - ZiCo),0.550000000,0.508700000,120,9,6,2040,run_monash_time_unique1000,2,1,TIME__Coastal_T_S__H/seed_2040/run_monash_time_unique1000/visualizations/archive_latex.tex
79,0.929729730,0.549300000,\frac{\mathrm{MParams}}{\left(\mathrm{ZiCo}\right)^2} - \log\left(\frac{\mathrm{GSynFlow}}{\mathrm{Jacov}}\right),MParams ZiCo Square Div GSynFlow Jacov Div Log Sub <EOS>,((MParams / square(ZiCo)) - log((GSynFlow / Jacov))),0.549300000,0.497300000,21,9,4,2163,run_monash_time_unique1000,1,3,TIME__Coastal_T_S__H/seed_2163/run_monash_time_unique1000/visualizations/archive_latex.tex
80,0.928828829,0.546800000,\frac{\mathrm{Fisher}}{\sqrt{\left(\frac{\mathrm{JacobFro}}{\mathrm{Jacov}}\right) \cdot \left(\log\left(\mathrm{plain}\right)\right)}},Fisher Jacob_fro Jacov Div plain Log Mul Sqrt Div <EOS>,(Fisher / sqrt(((Jacob_fro / Jacov) * log(plain)))),0.546800000,0.424400000,134,9,5,2162,run_monash_time_unique1000,1,1,TIME__Coastal_T_S__H/seed_2162/run_monash_time_unique1000/visualizations/archive_latex.tex
81,0.927927928,0.546300000,\left(\mathrm{MParams}\right) \cdot \left(\mathrm{GradNorm}\right) - \log\left(\left(\log\left(\mathrm{plain}\right)\right) \cdot \left(\mathrm{GSynFlow}\right)\right),MParams Grad_Norm Mul plain Log GSynFlow Mul Log Sub <EOS>,((MParams * Grad_Norm) - log((log(plain) * GSynFlow))),0.546300000,0.408500000,19,9,5,2170,run_monash_time_unique1000,1,1,TIME__Coastal_T_S__H/seed_2170/run_monash_time_unique1000/visualizations/archive_latex.tex
82,0.927027027,0.546300000,\left(\mathrm{GradNorm}\right) \cdot \left(\mathrm{MParams}\right) - \log\left(\left(\mathrm{GSynFlow}\right) \cdot \left(\log\left(\mathrm{plain}\right)\right)\right),Grad_Norm MParams Mul GSynFlow plain Log Mul Log Sub <EOS>,((Grad_Norm * MParams) - log((GSynFlow * log(plain)))),0.546300000,0.408500000,175,9,5,2156,run_monash_time_unique1000,2,1,TIME__Coastal_T_S__H/seed_2156/run_monash_time_unique1000/visualizations/archive_latex.tex
83,0.926126126,0.545700000,\frac{\mathrm{MParams}}{\left(\mathrm{ZiCo}\right)^2} + \mathrm{MParams} - \log\left(\mathrm{GSynFlow}\right),MParams ZiCo Square Div MParams Add GSynFlow Log Sub <EOS>,(((MParams / square(ZiCo)) + MParams) - log(GSynFlow)),0.545700000,0.479400000,20,9,5,2168,run_monash_time_unique1000,2,1,TIME__Coastal_T_S__H/seed_2168/run_monash_time_unique1000/visualizations/archive_latex.tex
84,0.925225225,0.544900000,\mathrm{GradNorm} - \log\left(\sqrt{\mathrm{GSynFlow}}\right) + \frac{\mathrm{MParams}}{\mathrm{Fisher}},Grad_Norm GSynFlow Sqrt Log Sub MParams Fisher Div Add <EOS>,((Grad_Norm - log(sqrt(GSynFlow))) + (MParams / Fisher)),0.544900000,0.507800000,172,9,5,2148,run_monash_time_unique1000,1,1,TIME__Coastal_T_S__H/seed_2148/run_monash_time_unique1000/visualizations/archive_latex.tex
85,0.924324324,0.544300000,\mathrm{GFLOPs} + \left(\mathrm{MParams}\right) \cdot \left(\log\left(\mathrm{Jacov}\right)\right) - \log\left(\mathrm{GSynFlow}\right),GFLOPs MParams Jacov Log Mul Add GSynFlow Log Sub <EOS>,((GFLOPs + (MParams * log(Jacov))) - log(GSynFlow)),0.544300000,0.496800000,23,9,5,2173,run_monash_time_unique1000,1,1,TIME__Coastal_T_S__H/seed_2173/run_monash_time_unique1000/visualizations/archive_latex.tex
86,0.923423423,0.543600000,\log\left(\frac{\mathrm{MParams}}{\frac{\log\left(\mathrm{GSynFlow} + \mathrm{GFLOPs}\right)}{\mathrm{MParams}}}\right),MParams GSynFlow GFLOPs Add Log MParams Div Div Log <EOS>,log((MParams / (log((GSynFlow + GFLOPs)) / MParams))),0.543600000,0.413700000,36,9,6,2146,run_monash_time_unique1000,1,1,TIME__Coastal_T_S__H/seed_2146/run_monash_time_unique1000/visualizations/archive_latex.tex
87,0.922522523,0.543600000,\frac{\mathrm{MParams}}{\sqrt{\log\left(\mathrm{GSynFlow} + \mathrm{GFLOPs}\right)}},MParams GSynFlow GFLOPs Add Log Sqrt Div <EOS>,(MParams / sqrt(log((GSynFlow + GFLOPs)))),0.543600000,0.413700000,59,7,5,2205,run_monash_time_unique1000,1,2,TIME__Coastal_T_S__H/seed_2205/run_monash_time_unique1000/visualizations/archive_latex.tex
88,0.921621622,0.543600000,\frac{\mathrm{MParams}}{\sqrt{\log\left(\mathrm{GFLOPs} + \mathrm{GSynFlow}\right)}},MParams GFLOPs GSynFlow Add Log Sqrt Div <EOS>,(MParams / sqrt(log((GFLOPs + GSynFlow)))),0.543600000,0.413700000,48,7,5,2072,run_monash_time_unique1000,2,2,TIME__Coastal_T_S__H/seed_2072/run_monash_time_unique1000/visualizations/archive_latex.tex
89,0.920720721,0.541500000,\frac{\mathrm{MParams}}{\log\left(\left(\sqrt{\mathrm{GSynFlow}}\right) \cdot \left(\mathrm{L2Norm}\right)\right)},MParams GSynFlow Sqrt L2-Norm Mul Log Div <EOS>,(MParams / log((sqrt(GSynFlow) * L2-Norm))),0.541500000,0.462200000,159,7,5,2172,run_monash_time_unique1000,1,2,TIME__Coastal_T_S__H/seed_2172/run_monash_time_unique1000/visualizations/archive_latex.tex
90,0.919819820,0.541500000,\frac{\mathrm{MParams}}{\log\left(\sqrt{\left(\sqrt{\mathrm{GSynFlow}}\right) \cdot \left(\mathrm{L2Norm}\right)}\right)},MParams GSynFlow Sqrt L2-Norm Mul Sqrt Log Div <EOS>,(MParams / log(sqrt((sqrt(GSynFlow) * L2-Norm)))),0.541500000,0.462200000,63,8,6,2084,run_monash_time_unique1000,2,1,TIME__Coastal_T_S__H/seed_2084/run_monash_time_unique1000/visualizations/archive_latex.tex
91,0.918918919,0.541000000,\frac{\mathrm{MParams}}{\log\left(\left(\sqrt{\mathrm{GSynFlow}}\right) \cdot \left(\mathrm{GraSP}\right)\right)},MParams GSynFlow Sqrt GraSP Mul Log Div <EOS>,(MParams / log((sqrt(GSynFlow) * GraSP))),0.541000000,0.422200000,141,7,5,2089,run_monash_time_unique1000,1,2,TIME__Coastal_T_S__H/seed_2089/run_monash_time_unique1000/visualizations/archive_latex.tex
92,0.918018018,0.541000000,\frac{\sqrt{\left(\mathrm{MParams}\right)^2}}{\log\left(\left(\sqrt{\mathrm{GSynFlow}}\right) \cdot \left(\mathrm{GraSP}\right)\right)},MParams Square Sqrt GSynFlow Sqrt GraSP Mul Log Div <EOS>,(sqrt(square(MParams)) / log((sqrt(GSynFlow) * GraSP))),0.541000000,0.422200000,163,9,5,2204,run_monash_time_unique1000,1,1,TIME__Coastal_T_S__H/seed_2204/run_monash_time_unique1000/visualizations/archive_latex.tex
93,0.917117117,0.541000000,\frac{\mathrm{MParams}}{\log\left(\left(\mathrm{GraSP}\right) \cdot \left(\sqrt{\mathrm{GSynFlow}}\right)\right)},MParams GraSP GSynFlow Sqrt Mul Log Div <EOS>,(MParams / log((GraSP * sqrt(GSynFlow)))),0.541000000,0.422200000,123,7,5,2040,run_monash_time_unique1000,3,1,TIME__Coastal_T_S__H/seed_2040/run_monash_time_unique1000/visualizations/archive_latex.tex
94,0.916216216,0.539900000,\frac{\left(\mathrm{MParams}\right)^2}{\sqrt{\mathrm{GraSP} - \mathrm{GSynFlow}}} - \mathrm{ZiCo},MParams Square GraSP GSynFlow Sub Sqrt Div ZiCo Sub <EOS>,((square(MParams) / sqrt((GraSP - GSynFlow))) - ZiCo),0.539900000,0.520200000,69,9,5,2121,run_monash_time_unique1000,1,1,TIME__Coastal_T_S__H/seed_2121/run_monash_time_unique1000/visualizations/archive_latex.tex
95,0.915315315,0.539900000,\frac{\left(\mathrm{MParams}\right)^2}{\sqrt{\mathrm{GSynFlow} - \mathrm{GraSP}}} - \mathrm{ZiCo},MParams Square GSynFlow GraSP Sub Sqrt Div ZiCo Sub <EOS>,((square(MParams) / sqrt((GSynFlow - GraSP))) - ZiCo),0.539900000,0.520200000,81,9,5,2040,run_monash_time_unique1000,4,1,TIME__Coastal_T_S__H/seed_2040/run_monash_time_unique1000/visualizations/archive_latex.tex
96,0.914414414,0.539300000,\frac{\mathrm{MParams}}{\mathrm{GFLOPs} + \mathrm{ZiCo}} - \mathrm{ZiCo},MParams GFLOPs ZiCo Add Div ZiCo Sub <EOS>,((MParams / (GFLOPs + ZiCo)) - ZiCo),0.539300000,0.390900000,94,7,4,2040,run_monash_time_unique1000,5,1,TIME__Coastal_T_S__H/seed_2040/run_monash_time_unique1000/visualizations/archive_latex.tex
97,0.913513514,0.539100000,\left(\mathrm{MParams}\right) \cdot \left(\left(\mathrm{MParams}\right)^2 - \left(\mathrm{Fisher}\right) \cdot \left(\log\left(\mathrm{GSynFlow}\right)\right)\right),MParams MParams Square Fisher GSynFlow Log Mul Sub Mul <EOS>,(MParams * (square(MParams) - (Fisher * log(GSynFlow)))),0.539100000,0.394400000,84,9,5,2139,run_monash_time_unique1000,3,1,TIME__Coastal_T_S__H/seed_2139/run_monash_time_unique1000/visualizations/archive_latex.tex
98,0.912612613,0.538300000,\frac{\frac{\mathrm{MParams}}{\left(\mathrm{ZiCo}\right)^2}}{\mathrm{Fisher} + \mathrm{GFLOPs}},MParams ZiCo Square Div Fisher GFLOPs Add Div <EOS>,((MParams / square(ZiCo)) / (Fisher + GFLOPs)),0.538300000,0.383300000,149,8,4,2159,run_monash_time_unique1000,1,1,TIME__Coastal_T_S__H/seed_2159/run_monash_time_unique1000/visualizations/archive_latex.tex
99,0.911711712,0.537600000,\mathrm{MParams} - \frac{\log\left(\mathrm{GSynFlow}\right)}{\log\left(\left(\mathrm{L2Norm}\right)^2\right)},MParams GSynFlow Log L2-Norm Square Log Div Sub <EOS>,(MParams - (log(GSynFlow) / log(square(L2-Norm)))),0.537600000,0.460900000,194,8,5,2034,run_monash_time_unique1000,1,1,TIME__Coastal_T_S__H/seed_2034/run_monash_time_unique1000/visualizations/archive_latex.tex
100,0.910810811,0.537600000,\mathrm{MParams} - \frac{\log\left(\sqrt{\mathrm{GSynFlow}}\right)}{\log\left(\mathrm{L2Norm}\right)},MParams GSynFlow Sqrt Log L2-Norm Log Div Sub <EOS>,(MParams - (log(sqrt(GSynFlow)) / log(L2-Norm))),0.537600000,0.460900000,147,8,5,2113,run_monash_time_unique1000,4,1,TIME__Coastal_T_S__H/seed_2113/run_monash_time_unique1000/visualizations/archive_latex.tex
101,0.909909910,0.537600000,\sqrt{\mathrm{MParams} - \frac{\log\left(\sqrt{\mathrm{GSynFlow}}\right)}{\log\left(\mathrm{L2Norm}\right)}},MParams GSynFlow Sqrt Log L2-Norm Log Div Sub Sqrt <EOS>,sqrt((MParams - (log(sqrt(GSynFlow)) / log(L2-Norm)))),0.537600000,0.460000000,148,9,6,2113,run_monash_time_unique1000,5,1,TIME__Coastal_T_S__H/seed_2113/run_monash_time_unique1000/visualizations/archive_latex.tex
102,0.909009009,0.537400000,\frac{\mathrm{MParams}}{\log\left(\left(\frac{\mathrm{Snip}}{\mathrm{GFLOPs}}\right) \cdot \left(\sqrt{\mathrm{GSynFlow}}\right)\right)},MParams Snip GFLOPs Div GSynFlow Sqrt Mul Log Div <EOS>,(MParams / log(((Snip / GFLOPs) * sqrt(GSynFlow)))),0.537400000,0.475200000,101,9,5,2218,run_monash_time_unique1000,1,1,TIME__Coastal_T_S__H/seed_2218/run_monash_time_unique1000/visualizations/archive_latex.tex
103,0.908108108,0.537200000,\left(\left(\log\left(\mathrm{GSynFlow}\right)\right) \cdot \left(\mathrm{GFLOPs}\right)\right)^2 - \mathrm{GSynFlow},GSynFlow Log GFLOPs Mul Square GSynFlow Sub <EOS>,(square((log(GSynFlow) * GFLOPs)) - GSynFlow),0.537200000,0.344600000,120,7,5,2178,run_monash_time_unique1000,1,1,TIME__Coastal_T_S__H/seed_2178/run_monash_time_unique1000/visualizations/archive_latex.tex
104,0.907207207,0.536900000,\frac{\mathrm{MParams}}{\left(\mathrm{ZiCo}\right)^2} - \log\left(\frac{\mathrm{GSynFlow}}{\mathrm{Snip}}\right),MParams ZiCo Square Div GSynFlow Snip Div Log Sub <EOS>,((MParams / square(ZiCo)) - log((GSynFlow / Snip))),0.536900000,0.478400000,79,9,4,2219,run_monash_time_unique1000,1,3,TIME__Coastal_T_S__H/seed_2219/run_monash_time_unique1000/visualizations/archive_latex.tex
105,0.906306306,0.536800000,\frac{\mathrm{MParams}}{\mathrm{GFLOPs} + \sqrt{\mathrm{ZiCo}}} - \mathrm{ZiCo},MParams GFLOPs ZiCo Sqrt Add Div ZiCo Sub <EOS>,((MParams / (GFLOPs + sqrt(ZiCo))) - ZiCo),0.536800000,0.385100000,94,8,5,2040,run_monash_time_unique1000,6,1,TIME__Coastal_T_S__H/seed_2040/run_monash_time_unique1000/visualizations/archive_latex.tex
106,0.905405405,0.536700000,\mathrm{MParams} - \left(\mathrm{ZiCo}\right) \cdot \left(\log\left(\mathrm{GSynFlow} + \mathrm{Snip}\right)\right),MParams ZiCo GSynFlow Snip Add Log Mul Sub <EOS>,(MParams - (ZiCo * log((GSynFlow + Snip)))),0.536700000,0.471100000,11,8,5,2139,run_monash_time_unique1000,4,1,TIME__Coastal_T_S__H/seed_2139/run_monash_time_unique1000/visualizations/archive_latex.tex
107,0.904504505,0.536600000,\frac{\mathrm{MParams}}{\left(\mathrm{ZiCo}\right)^2} - \log\left(\frac{\mathrm{GSynFlow}}{\mathrm{MParams}}\right),MParams ZiCo Square Div GSynFlow MParams Div Log Sub <EOS>,((MParams / square(ZiCo)) - log((GSynFlow / MParams))),0.536600000,0.501500000,15,9,4,2163,run_monash_time_unique1000,3,3,TIME__Coastal_T_S__H/seed_2163/run_monash_time_unique1000/visualizations/archive_latex.tex
108,0.903603604,0.536000000,\frac{\mathrm{MParams}}{\left(\mathrm{ZiCo}\right)^2} - \log\left(\frac{\mathrm{GSynFlow}}{\mathrm{L2Norm}}\right),MParams ZiCo Square Div GSynFlow L2-Norm Div Log Sub <EOS>,((MParams / square(ZiCo)) - log((GSynFlow / L2-Norm))),0.536000000,0.480300000,18,9,4,2163,run_monash_time_unique1000,4,3,TIME__Coastal_T_S__H/seed_2163/run_monash_time_unique1000/visualizations/archive_latex.tex
109,0.902702703,0.535700000,\frac{\mathrm{JacobFro}}{\left(\mathrm{L2Norm}\right) \cdot \left(\mathrm{Jacov}\right)} - \mathrm{ZiCo},Jacob_fro L2-Norm Jacov Mul Div ZiCo Sub <EOS>,((Jacob_fro / (L2-Norm * Jacov)) - ZiCo),0.535700000,0.395100000,29,7,4,2036,run_monash_time_unique1000,1,1,TIME__Coastal_T_S__H/seed_2036/run_monash_time_unique1000/visualizations/archive_latex.tex
110,0.901801802,0.535700000,\frac{\frac{\mathrm{JacobFro}}{\mathrm{Jacov}}}{\mathrm{L2Norm}} - \mathrm{ZiCo},Jacob_fro Jacov Div L2-Norm Div ZiCo Sub <EOS>,(((Jacob_fro / Jacov) / L2-Norm) - ZiCo),0.535700000,0.395100000,93,7,4,2121,run_monash_time_unique1000,2,1,TIME__Coastal_T_S__H/seed_2121/run_monash_time_unique1000/visualizations/archive_latex.tex
111,0.900900901,0.535700000,\frac{\left(\mathrm{MParams}\right)^2}{\sqrt{\mathrm{Snip} + \mathrm{GSynFlow}}} - \mathrm{ZiCo},MParams Square Snip GSynFlow Add Sqrt Div ZiCo Sub <EOS>,((square(MParams) / sqrt((Snip + GSynFlow))) - ZiCo),0.535700000,0.520800000,65,9,5,2121,run_monash_time_unique1000,3,2,TIME__Coastal_T_S__H/seed_2121/run_monash_time_unique1000/visualizations/archive_latex.tex
112,0.900000000,0.535500000,\left(\frac{\mathrm{MParams}}{\left(\mathrm{ZiCo}\right)^2} - \log\left(\mathrm{GSynFlow}\right)\right) \cdot \left(\mathrm{MParams}\right),MParams ZiCo Square Div GSynFlow Log Sub MParams Mul <EOS>,(((MParams / square(ZiCo)) - log(GSynFlow)) * MParams),0.535500000,0.382000000,26,9,5,2103,run_monash_time_unique1000,1,1,TIME__Coastal_T_S__H/seed_2103/run_monash_time_unique1000/visualizations/archive_latex.tex
113,0.899099099,0.535500000,\left(\frac{\mathrm{MParams}}{\mathrm{ZiCo}}\right)^2 - \left(\log\left(\mathrm{GSynFlow}\right)\right) \cdot \left(\mathrm{MParams}\right),MParams ZiCo Div Square GSynFlow Log MParams Mul Sub <EOS>,(square((MParams / ZiCo)) - (log(GSynFlow) * MParams)),0.535500000,0.382000000,38,9,4,2133,run_monash_time_unique1000,1,1,TIME__Coastal_T_S__H/seed_2133/run_monash_time_unique1000/visualizations/archive_latex.tex
114,0.898198198,0.535400000,\left(\mathrm{MParams}\right) \cdot \left(\log\left(\log\left(\sqrt{\mathrm{Jacov}} - \log\left(\mathrm{GSynFlow}\right)\right)\right)\right),MParams Jacov Sqrt GSynFlow Log Sub Log Log Mul <EOS>,(MParams * log(log((sqrt(Jacov) - log(GSynFlow))))),0.535400000,0.504300000,184,9,6,2213,run_monash_time_unique1000,1,1,TIME__Coastal_T_S__H/seed_2213/run_monash_time_unique1000/visualizations/archive_latex.tex
115,0.897297297,0.535100000,\left(\left(\log\left(\mathrm{JacobFro}\right)\right) \cdot \left(\mathrm{MParams}\right) - \log\left(\mathrm{GSynFlow}\right)\right) \cdot \left(\mathrm{MParams}\right),Jacob_fro Log MParams Mul GSynFlow Log Sub MParams Mul <EOS>,(((log(Jacob_fro) * MParams) - log(GSynFlow)) * MParams),0.535100000,0.451600000,141,9,5,2225,run_monash_time_unique1000,2,1,TIME__Coastal_T_S__H/seed_2225/run_monash_time_unique1000/visualizations/archive_latex.tex
116,0.896396396,0.534900000,\frac{\mathrm{L2Norm} - \log\left(\mathrm{GSynFlow}\right) - \mathrm{GFLOPs}}{\sqrt{\mathrm{ZiCo}}},L2-Norm GSynFlow Log Sub GFLOPs Sub ZiCo Sqrt Div <EOS>,(((L2-Norm - log(GSynFlow)) - GFLOPs) / sqrt(ZiCo)),0.534900000,0.494000000,22,9,5,2210,run_monash_time_unique1000,1,1,TIME__Coastal_T_S__H/seed_2210/run_monash_time_unique1000/visualizations/archive_latex.tex
117,0.895495495,0.534900000,\mathrm{GFLOPs} + \frac{\mathrm{MParams}}{\left(\mathrm{ZiCo}\right)^2} - \log\left(\mathrm{GSynFlow}\right),GFLOPs MParams ZiCo Square Div Add GSynFlow Log Sub <EOS>,((GFLOPs + (MParams / square(ZiCo))) - log(GSynFlow)),0.534900000,0.392300000,138,9,5,2141,run_monash_time_unique1000,2,1,TIME__Coastal_T_S__H/seed_2141/run_monash_time_unique1000/visualizations/archive_latex.tex
118,0.894594595,0.534700000,\mathrm{MParams} - \log\left(\left(\mathrm{ZiCo}\right) \cdot \left(\sqrt{\mathrm{GSynFlow}} + \mathrm{L2Norm}\right)\right),MParams ZiCo GSynFlow Sqrt L2-Norm Add Mul Log Sub <EOS>,(MParams - log((ZiCo * (sqrt(GSynFlow) + L2-Norm)))),0.534700000,0.529300000,40,9,6,2080,run_monash_time_unique1000,1,1,TIME__Coastal_T_S__H/seed_2080/run_monash_time_unique1000/visualizations/archive_latex.tex
119,0.893693694,0.534000000,\left(\log\left(\frac{\mathrm{JacobFro}}{\mathrm{Jacov}}\right)\right) \cdot \left(-\left(\mathrm{ZiCo}\right)^2\right),Jacob_fro Jacov Div Log ZiCo Square Negative Mul <EOS>,(log((Jacob_fro / Jacov)) * -(square(ZiCo))),0.534000000,0.388100000,133,8,4,2124,run_monash_time_unique1000,1,1,TIME__Coastal_T_S__H/seed_2124/run_monash_time_unique1000/visualizations/archive_latex.tex
120,0.892792793,0.533800000,\frac{\mathrm{MParams}}{\left(\mathrm{ZiCo}\right)^2} - \log\left(\mathrm{GSynFlow}\right) - \mathrm{Fisher},MParams ZiCo Square Div GSynFlow Log Sub Fisher Sub <EOS>,(((MParams / square(ZiCo)) - log(GSynFlow)) - Fisher),0.533800000,0.471900000,47,9,5,2176,run_monash_time_unique1000,1,1,TIME__Coastal_T_S__H/seed_2176/run_monash_time_unique1000/visualizations/archive_latex.tex
121,0.891891892,0.533700000,\frac{\mathrm{MParams}}{\sqrt{\left(\mathrm{GraSP}\right) \cdot \left(\mathrm{GFLOPs}\right)}} - \left(\mathrm{ZiCo}\right)^2,MParams GraSP GFLOPs Mul Sqrt Div ZiCo Square Sub <EOS>,((MParams / sqrt((GraSP * GFLOPs))) - square(ZiCo)),0.533700000,0.478500000,107,9,5,2032,run_monash_time_unique1000,1,1,TIME__Coastal_T_S__H/seed_2032/run_monash_time_unique1000/visualizations/archive_latex.tex
122,0.890990991,0.533400000,\left(\mathrm{L2Norm}\right)^2 - \mathrm{GSynFlow} - \frac{\left(\mathrm{GradNorm}\right)^2}{\mathrm{GSynFlow}},L2-Norm Square GSynFlow Grad_Norm Square GSynFlow Div Sub Sub <EOS>,(square(L2-Norm) - (GSynFlow - (square(Grad_Norm) / GSynFlow))),0.533400000,0.392700000,190,9,5,2111,run_monash_time_unique1000,1,1,TIME__Coastal_T_S__H/seed_2111/run_monash_time_unique1000/visualizations/archive_latex.tex
123,0.890090090,0.533200000,\frac{\mathrm{MParams}}{\left(\mathrm{ZiCo}\right)^2} - \log\left(\mathrm{GSynFlow}\right) + \mathrm{plain},MParams ZiCo Square Div GSynFlow Log plain Add Sub <EOS>,((MParams / square(ZiCo)) - (log(GSynFlow) + plain)),0.533200000,0.475100000,128,9,4,2050,run_monash_time_unique1000,1,2,TIME__Coastal_T_S__H/seed_2050/run_monash_time_unique1000/visualizations/archive_latex.tex
124,0.889189189,0.533100000,-\frac{\mathrm{Jacov}}{\mathrm{JacobFro}} - \mathrm{ZiCo} + \mathrm{ZiCo},Jacov Jacob_fro Div Negative ZiCo ZiCo Add Sub <EOS>,(-((Jacov / Jacob_fro)) - (ZiCo + ZiCo)),0.533100000,0.397600000,50,8,4,2069,run_monash_time_unique1000,1,1,TIME__Coastal_T_S__H/seed_2069/run_monash_time_unique1000/visualizations/archive_latex.tex
125,0.888288288,0.533000000,\left(\frac{\mathrm{Jacov}}{\mathrm{JacobFro} - \mathrm{GradNorm}}\right)^2 - \mathrm{ZiCo},Jacov Jacob_fro Grad_Norm Sub Div Square ZiCo Sub <EOS>,(square((Jacov / (Jacob_fro - Grad_Norm))) - ZiCo),0.533000000,0.396600000,17,8,5,2121,run_monash_time_unique1000,4,1,TIME__Coastal_T_S__H/seed_2121/run_monash_time_unique1000/visualizations/archive_latex.tex
126,0.887387387,0.532900000,\left(\left(\left(\mathrm{MParams}\right)^2\right) \cdot \left(\sqrt{\mathrm{GradNorm}}\right)\right)^2 - \sqrt{\mathrm{GSynFlow}},MParams Square Grad_Norm Sqrt Mul Square GSynFlow Sqrt Sub <EOS>,(square((square(MParams) * sqrt(Grad_Norm))) - sqrt(GSynFlow)),0.532900000,0.546500000,168,9,5,2047,run_monash_time_unique1000,1,1,TIME__Coastal_T_S__H/seed_2047/run_monash_time_unique1000/visualizations/archive_latex.tex
127,0.886486486,0.532900000,\left(\mathrm{GradNorm}\right) \cdot \left(\left(\left(\mathrm{MParams}\right) \cdot \left(\mathrm{MParams}\right)\right)^2\right) - \sqrt{\mathrm{GSynFlow}},Grad_Norm MParams MParams Mul Square Mul GSynFlow Sqrt Sub <EOS>,((Grad_Norm * square((MParams * MParams))) - sqrt(GSynFlow)),0.532900000,0.546500000,29,9,5,2123,run_monash_time_unique1000,1,4,TIME__Coastal_T_S__H/seed_2123/run_monash_time_unique1000/visualizations/archive_latex.tex
128,0.885585586,0.532900000,\left(\left(\left(\mathrm{MParams}\right) \cdot \left(\mathrm{MParams}\right)\right)^2\right) \cdot \left(\mathrm{GradNorm}\right) - \sqrt{\mathrm{GSynFlow}},MParams MParams Mul Square Grad_Norm Mul GSynFlow Sqrt Sub <EOS>,((square((MParams * MParams)) * Grad_Norm) - sqrt(GSynFlow)),0.532900000,0.546500000,31,9,5,2205,run_monash_time_unique1000,2,2,TIME__Coastal_T_S__H/seed_2205/run_monash_time_unique1000/visualizations/archive_latex.tex
129,0.884684685,0.532200000,\frac{\mathrm{L2Norm} - \log\left(\mathrm{GSynFlow}\right) - -\mathrm{GFLOPs}}{\mathrm{ZiCo}},L2-Norm GSynFlow Log GFLOPs Negative Sub Sub ZiCo Div <EOS>,((L2-Norm - (log(GSynFlow) - -(GFLOPs))) / ZiCo),0.532200000,0.487300000,67,9,5,2049,run_monash_time_unique1000,1,1,TIME__Coastal_T_S__H/seed_2049/run_monash_time_unique1000/visualizations/archive_latex.tex
130,0.883783784,0.532200000,\frac{\mathrm{L2Norm} - \log\left(\mathrm{GSynFlow}\right) + \mathrm{GFLOPs}}{\mathrm{ZiCo}},L2-Norm GSynFlow Log GFLOPs Add Sub ZiCo Div <EOS>,((L2-Norm - (log(GSynFlow) + GFLOPs)) / ZiCo),0.532200000,0.487300000,174,8,5,2107,run_monash_time_unique1000,1,3,TIME__Coastal_T_S__H/seed_2107/run_monash_time_unique1000/visualizations/archive_latex.tex
131,0.882882883,0.532200000,\frac{\mathrm{L2Norm} - \mathrm{GFLOPs} - \log\left(\mathrm{GSynFlow}\right)}{\mathrm{ZiCo}},L2-Norm GFLOPs Sub GSynFlow Log Sub ZiCo Div <EOS>,(((L2-Norm - GFLOPs) - log(GSynFlow)) / ZiCo),0.532200000,0.487300000,8,8,4,2109,run_monash_time_unique1000,3,1,TIME__Coastal_T_S__H/seed_2109/run_monash_time_unique1000/visualizations/archive_latex.tex
132,0.881981982,0.532200000,\frac{\mathrm{MParams}}{\left(\mathrm{ZiCo}\right)^2} - \log\left(\mathrm{GSynFlow}\right) - \mathrm{ZiCo},MParams ZiCo Square Div GSynFlow Log ZiCo Sub Sub <EOS>,((MParams / square(ZiCo)) - (log(GSynFlow) - ZiCo)),0.532200000,0.475100000,121,9,4,2163,run_monash_time_unique1000,5,1,TIME__Coastal_T_S__H/seed_2163/run_monash_time_unique1000/visualizations/archive_latex.tex
133,0.881081081,0.532200000,\frac{\mathrm{MParams}}{\left(\mathrm{ZiCo}\right)^2} + \mathrm{ZiCo} - \log\left(\mathrm{GSynFlow}\right),MParams ZiCo Square Div ZiCo Add GSynFlow Log Sub <EOS>,(((MParams / square(ZiCo)) + ZiCo) - log(GSynFlow)),0.532200000,0.475100000,21,9,5,2168,run_monash_time_unique1000,5,1,TIME__Coastal_T_S__H/seed_2168/run_monash_time_unique1000/visualizations/archive_latex.tex
134,0.880180180,0.532000000,\sqrt{\mathrm{MParams}} - \frac{\log\left(\sqrt{\mathrm{GSynFlow}}\right)}{\sqrt{\mathrm{L2Norm}}},MParams Sqrt GSynFlow Sqrt Log L2-Norm Sqrt Div Sub <EOS>,(sqrt(MParams) - (log(sqrt(GSynFlow)) / sqrt(L2-Norm))),0.532000000,0.476900000,170,9,5,2153,run_monash_time_unique1000,1,1,TIME__Coastal_T_S__H/seed_2153/run_monash_time_unique1000/visualizations/archive_latex.tex
135,0.879279279,0.532000000,\left(\frac{\mathrm{Jacov}}{\mathrm{JacobFro}}\right)^2 - \mathrm{ZiCo},Jacov Jacob_fro Div Square ZiCo Sub <EOS>,(square((Jacov / Jacob_fro)) - ZiCo),0.532000000,0.399100000,30,6,4,2121,run_monash_time_unique1000,5,1,TIME__Coastal_T_S__H/seed_2121/run_monash_time_unique1000/visualizations/archive_latex.tex
136,0.878378378,0.531900000,-\log\left(\left(\mathrm{GSynFlow}\right)^2\right) - \mathrm{L2Norm} + \sqrt{\mathrm{Jacov}},GSynFlow Square Log L2-Norm Sub Negative Jacov Sqrt Add <EOS>,(-((log(square(GSynFlow)) - L2-Norm)) + sqrt(Jacov)),0.531900000,0.521000000,62,9,6,2066,run_monash_time_unique1000,1,1,TIME__Coastal_T_S__H/seed_2066/run_monash_time_unique1000/visualizations/archive_latex.tex
137,0.877477477,0.531900000,\sqrt{\mathrm{Jacov}} + \mathrm{L2Norm} - \log\left(\left(\mathrm{GSynFlow}\right)^2\right),Jacov Sqrt L2-Norm Add GSynFlow Square Log Sub <EOS>,((sqrt(Jacov) + L2-Norm) - log(square(GSynFlow))),0.531900000,0.521000000,61,8,4,2145,run_monash_time_unique1000,1,1,TIME__Coastal_T_S__H/seed_2145/run_monash_time_unique1000/visualizations/archive_latex.tex
138,0.876576577,0.531900000,\mathrm{L2Norm} - \log\left(\left(\mathrm{GSynFlow}\right)^2\right) + \sqrt{\mathrm{Jacov}},L2-Norm GSynFlow Square Log Sub Jacov Sqrt Add <EOS>,((L2-Norm - log(square(GSynFlow))) + sqrt(Jacov)),0.531900000,0.521000000,89,8,5,2046,run_monash_time_unique1000,2,1,TIME__Coastal_T_S__H/seed_2046/run_monash_time_unique1000/visualizations/archive_latex.tex
139,0.875675676,0.531900000,\mathrm{L2Norm} - \log\left(\left(\mathrm{GSynFlow}\right)^2\right) - \sqrt{\mathrm{Jacov}},L2-Norm GSynFlow Square Log Jacov Sqrt Sub Sub <EOS>,(L2-Norm - (log(square(GSynFlow)) - sqrt(Jacov))),0.531900000,0.521000000,58,8,5,2062,run_monash_time_unique1000,2,1,TIME__Coastal_T_S__H/seed_2062/run_monash_time_unique1000/visualizations/archive_latex.tex
140,0.874774775,0.531900000,\sqrt{\mathrm{Jacov}} - -\mathrm{L2Norm} + \log\left(\left(\mathrm{GSynFlow}\right)^2\right),Jacov Sqrt L2-Norm Negative GSynFlow Square Log Add Sub <EOS>,(sqrt(Jacov) - (-(L2-Norm) + log(square(GSynFlow)))),0.531900000,0.521000000,120,9,5,2141,run_monash_time_unique1000,3,1,TIME__Coastal_T_S__H/seed_2141/run_monash_time_unique1000/visualizations/archive_latex.tex
141,0.873873874,0.531700000,\left(\left(\mathrm{MParams}\right) \cdot \left(\mathrm{MParams}\right)\right)^2 - \frac{\sqrt{\mathrm{GSynFlow}}}{\mathrm{GFLOPs}},MParams MParams Mul Square GSynFlow Sqrt GFLOPs Div Sub <EOS>,(square((MParams * MParams)) - (sqrt(GSynFlow) / GFLOPs)),0.531700000,0.555100000,146,9,4,2031,run_monash_time_unique1000,1,6,TIME__Coastal_T_S__H/seed_2031/run_monash_time_unique1000/visualizations/archive_latex.tex
142,0.872972973,0.531700000,\frac{\mathrm{MParams}}{\left(\mathrm{ZiCo}\right)^2} - \log\left(\left(\mathrm{GSynFlow}\right) \cdot \left(\mathrm{plain}\right)\right),MParams ZiCo Square Div GSynFlow plain Mul Log Sub <EOS>,((MParams / square(ZiCo)) - log((GSynFlow * plain))),0.531700000,0.476300000,91,9,4,2138,run_monash_time_unique1000,1,4,TIME__Coastal_T_S__H/seed_2138/run_monash_time_unique1000/visualizations/archive_latex.tex
143,0.872072072,0.531700000,\frac{\mathrm{MParams}}{\left(\mathrm{ZiCo}\right)^2} - \log\left(\frac{\mathrm{GSynFlow}}{\mathrm{ZiCo}}\right),MParams ZiCo Square Div GSynFlow ZiCo Div Log Sub <EOS>,((MParams / square(ZiCo)) - log((GSynFlow / ZiCo))),0.531700000,0.474600000,69,9,4,2120,run_monash_time_unique1000,2,4,TIME__Coastal_T_S__H/seed_2120/run_monash_time_unique1000/visualizations/archive_latex.tex
144,0.871171171,0.531700000,\frac{\mathrm{MParams}}{\left(\mathrm{ZiCo}\right)^2} - \log\left(\left(\mathrm{plain}\right) \cdot \left(\mathrm{GSynFlow}\right)\right),MParams ZiCo Square Div plain GSynFlow Mul Log Sub <EOS>,((MParams / square(ZiCo)) - log((plain * GSynFlow))),0.531700000,0.476300000,101,9,4,2113,run_monash_time_unique1000,10,1,TIME__Coastal_T_S__H/seed_2113/run_monash_time_unique1000/visualizations/archive_latex.tex
145,0.870270270,0.531100000,\left(\mathrm{MParams}\right)^2 - \sqrt{\frac{\sqrt{\mathrm{GSynFlow}}}{\left(\mathrm{MParams}\right)^2}},MParams Square GSynFlow Sqrt MParams Square Div Sqrt Sub <EOS>,(square(MParams) - sqrt((sqrt(GSynFlow) / square(MParams)))),0.531100000,0.533000000,63,9,5,2042,run_monash_time_unique1000,1,33,TIME__Coastal_T_S__H/seed_2042/run_monash_time_unique1000/visualizations/archive_latex.tex
146,0.869369369,0.531000000,\left(\left(\mathrm{MParams}\right) \cdot \left(\mathrm{MParams}\right)\right)^2 - \sqrt{\frac{\mathrm{GSynFlow}}{\mathrm{L2Norm}}},MParams MParams Mul Square GSynFlow L2-Norm Div Sqrt Sub <EOS>,(square((MParams * MParams)) - sqrt((GSynFlow / L2-Norm))),0.531000000,0.529800000,91,9,4,2067,run_monash_time_unique1000,1,6,TIME__Coastal_T_S__H/seed_2067/run_monash_time_unique1000/visualizations/archive_latex.tex
147,0.868468468,0.531000000,\mathrm{MParams} - \frac{\log\left(\mathrm{GSynFlow}\right)}{\sqrt{\mathrm{Fisher} - \mathrm{L2Norm}}},MParams GSynFlow Log Fisher L2-Norm Sub Sqrt Div Sub <EOS>,(MParams - (log(GSynFlow) / sqrt((Fisher - L2-Norm)))),0.531000000,0.428400000,102,9,5,2202,run_monash_time_unique1000,2,1,TIME__Coastal_T_S__H/seed_2202/run_monash_time_unique1000/visualizations/archive_latex.tex
148,0.867567568,0.530900000,\frac{\mathrm{MParams}}{\left(\mathrm{ZiCo}\right)^2} - \log\left(\mathrm{GSynFlow}\right),MParams ZiCo Square Div GSynFlow Log Sub <EOS>,((MParams / square(ZiCo)) - log(GSynFlow)),0.530900000,0.475700000,103,7,4,2100,run_monash_time_unique1000,1,15,TIME__Coastal_T_S__H/seed_2100/run_monash_time_unique1000/visualizations/archive_latex.tex
149,0.866666667,0.530900000,\left(\frac{\sqrt{\mathrm{MParams}}}{-\mathrm{ZiCo}}\right)^2 - \log\left(\mathrm{GSynFlow}\right),MParams Sqrt ZiCo Negative Div Square GSynFlow Log Sub <EOS>,(square((sqrt(MParams) / -(ZiCo))) - log(GSynFlow)),0.530900000,0.475700000,105,9,5,2150,run_monash_time_unique1000,1,1,TIME__Coastal_T_S__H/seed_2150/run_monash_time_unique1000/visualizations/archive_latex.tex
150,0.865765766,0.530900000,\frac{\mathrm{MParams}}{\left(\mathrm{ZiCo}\right)^2} - \log\left(-\mathrm{GSynFlow}\right),MParams ZiCo Square Div GSynFlow Negative Log Sub <EOS>,((MParams / square(ZiCo)) - log(-(GSynFlow))),0.530900000,0.475700000,46,8,4,2133,run_monash_time_unique1000,2,1,TIME__Coastal_T_S__H/seed_2133/run_monash_time_unique1000/visualizations/archive_latex.tex
151,0.864864865,0.530600000,\frac{\mathrm{L2Norm} - \log\left(\left(\log\left(\mathrm{plain}\right)\right) \cdot \left(\mathrm{GSynFlow}\right)\right)}{\mathrm{ZiCo}},L2-Norm plain Log GSynFlow Mul Log Sub ZiCo Div <EOS>,((L2-Norm - log((log(plain) * GSynFlow))) / ZiCo),0.530600000,0.436300000,153,9,6,2057,run_monash_time_unique1000,1,2,TIME__Coastal_T_S__H/seed_2057/run_monash_time_unique1000/visualizations/archive_latex.tex
152,0.863963964,0.530600000,\frac{\mathrm{L2Norm} - \log\left(\left(\mathrm{GSynFlow}\right) \cdot \left(\log\left(\mathrm{plain}\right)\right)\right)}{\mathrm{ZiCo}},L2-Norm GSynFlow plain Log Mul Log Sub ZiCo Div <EOS>,((L2-Norm - log((GSynFlow * log(plain)))) / ZiCo),0.530600000,0.436300000,193,9,6,2208,run_monash_time_unique1000,1,3,TIME__Coastal_T_S__H/seed_2208/run_monash_time_unique1000/visualizations/archive_latex.tex
153,0.863063063,0.530400000,\mathrm{L2Norm} - \log\left(\left(\frac{\mathrm{GSynFlow}}{\mathrm{Snip} + \mathrm{Jacov}}\right)^2\right),L2-Norm GSynFlow Snip Jacov Add Div Square Log Sub <EOS>,(L2-Norm - log(square((GSynFlow / (Snip + Jacov))))),0.530400000,0.524600000,60,9,6,2063,run_monash_time_unique1000,1,5,TIME__Coastal_T_S__H/seed_2063/run_monash_time_unique1000/visualizations/archive_latex.tex
154,0.862162162,0.530400000,\mathrm{L2Norm} - \log\left(\left(\frac{\mathrm{GSynFlow}}{\mathrm{Jacov} + \mathrm{Snip}}\right)^2\right),L2-Norm GSynFlow Jacov Snip Add Div Square Log Sub <EOS>,(L2-Norm - log(square((GSynFlow / (Jacov + Snip))))),0.530400000,0.524600000,61,9,6,2088,run_monash_time_unique1000,1,6,TIME__Coastal_T_S__H/seed_2088/run_monash_time_unique1000/visualizations/archive_latex.tex
155,0.861261261,0.530200000,\left(\left(\mathrm{MParams}\right) \cdot \left(\mathrm{MParams}\right)\right)^2 - \frac{\sqrt{\mathrm{GSynFlow}}}{\mathrm{GradNorm}},MParams MParams Mul Square GSynFlow Sqrt Grad_Norm Div Sub <EOS>,(square((MParams * MParams)) - (sqrt(GSynFlow) / Grad_Norm)),0.530200000,0.546500000,145,9,4,2031,run_monash_time_unique1000,2,6,TIME__Coastal_T_S__H/seed_2031/run_monash_time_unique1000/visualizations/archive_latex.tex
156,0.860360360,0.530000000,\left(\mathrm{MParams}\right) \cdot \left(\left(\mathrm{MParams}\right) \cdot \left(\log\left(\mathrm{Jacov}\right)\right) - \log\left(\mathrm{GSynFlow}\right)\right),MParams MParams Jacov Log Mul GSynFlow Log Sub Mul <EOS>,(MParams * ((MParams * log(Jacov)) - log(GSynFlow))),0.530000000,0.532800000,186,9,5,2132,run_monash_time_unique1000,1,1,TIME__Coastal_T_S__H/seed_2132/run_monash_time_unique1000/visualizations/archive_latex.tex
157,0.859459459,0.530000000,\left(\left(\log\left(\mathrm{Jacov}\right)\right) \cdot \left(\mathrm{MParams}\right) - \log\left(\mathrm{GSynFlow}\right)\right) \cdot \left(\mathrm{MParams}\right),Jacov Log MParams Mul GSynFlow Log Sub MParams Mul <EOS>,(((log(Jacov) * MParams) - log(GSynFlow)) * MParams),0.530000000,0.532800000,164,9,5,2225,run_monash_time_unique1000,3,1,TIME__Coastal_T_S__H/seed_2225/run_monash_time_unique1000/visualizations/archive_latex.tex
158,0.858558559,0.529900000,\frac{\mathrm{MParams}}{\mathrm{ZiCo}} - \log\left(\frac{\sqrt{\mathrm{GSynFlow}}}{\mathrm{MParams}}\right),MParams ZiCo Div GSynFlow Sqrt MParams Div Log Sub <EOS>,((MParams / ZiCo) - log((sqrt(GSynFlow) / MParams))),0.529900000,0.496000000,41,9,5,2169,run_monash_time_unique1000,3,2,TIME__Coastal_T_S__H/seed_2169/run_monash_time_unique1000/visualizations/archive_latex.tex
159,0.857657658,0.529800000,\mathrm{MParams} - \frac{\log\left(\mathrm{GSynFlow}\right)}{\sqrt{\mathrm{L2Norm}}},MParams GSynFlow Log L2-Norm Sqrt Div Sub <EOS>,(MParams - (log(GSynFlow) / sqrt(L2-Norm))),0.529800000,0.428100000,190,7,4,2094,run_monash_time_unique1000,1,2,TIME__Coastal_T_S__H/seed_2094/run_monash_time_unique1000/visualizations/archive_latex.tex
160,0.856756757,0.529800000,\mathrm{MParams} - \frac{\log\left(\mathrm{GSynFlow}\right)}{\sqrt{-\mathrm{L2Norm}}},MParams GSynFlow Log L2-Norm Negative Sqrt Div Sub <EOS>,(MParams - (log(GSynFlow) / sqrt(-(L2-Norm)))),0.529800000,0.428100000,68,8,5,2197,run_monash_time_unique1000,2,1,TIME__Coastal_T_S__H/seed_2197/run_monash_time_unique1000/visualizations/archive_latex.tex
161,0.855855856,0.529500000,\frac{\mathrm{MParams}}{\left(\mathrm{ZiCo}\right)^2} - \log\left(\frac{\mathrm{GSynFlow}}{\mathrm{GFLOPs}}\right),MParams ZiCo Square Div GSynFlow GFLOPs Div Log Sub <EOS>,((MParams / square(ZiCo)) - log((GSynFlow / GFLOPs))),0.529500000,0.493800000,22,9,4,2163,run_monash_time_unique1000,9,2,TIME__Coastal_T_S__H/seed_2163/run_monash_time_unique1000/visualizations/archive_latex.tex
162,0.854954955,0.528900000,\frac{\left(\left(\mathrm{Jacov}\right) \cdot \left(\left(\mathrm{MParams}\right)^2\right)\right)^2}{\sqrt{\mathrm{GSynFlow}}},Jacov MParams Square Mul Square GSynFlow Sqrt Div <EOS>,(square((Jacov * square(MParams))) / sqrt(GSynFlow)),0.528900000,0.538900000,199,8,5,2027,run_monash_time_unique1000,1,14,TIME__Coastal_T_S__H/seed_2027/run_monash_time_unique1000/visualizations/archive_latex.tex
163,0.854054054,0.528900000,\frac{\left(\left(\left(\mathrm{MParams}\right)^2\right) \cdot \left(\mathrm{Jacov}\right)\right)^2}{\sqrt{\mathrm{GSynFlow}}},MParams Square Jacov Mul Square GSynFlow Sqrt Div <EOS>,(square((square(MParams) * Jacov)) / sqrt(GSynFlow)),0.528900000,0.538900000,26,8,5,2054,run_monash_time_unique1000,1,22,TIME__Coastal_T_S__H/seed_2054/run_monash_time_unique1000/visualizations/archive_latex.tex
164,0.853153153,0.528900000,\left(\sqrt{\frac{\left(\mathrm{Jacov}\right)^2}{\sqrt{\mathrm{GSynFlow}}}}\right) \cdot \left(\left(\mathrm{MParams}\right)^2\right),Jacov Square GSynFlow Sqrt Div Sqrt MParams Square Mul <EOS>,(sqrt((square(Jacov) / sqrt(GSynFlow))) * square(MParams)),0.528900000,0.538900000,46,9,5,2075,run_monash_time_unique1000,1,5,TIME__Coastal_T_S__H/seed_2075/run_monash_time_unique1000/visualizations/archive_latex.tex
165,0.852252252,0.528900000,\left(\left(\mathrm{MParams}\right)^2\right) \cdot \left(\sqrt{\frac{\left(\mathrm{Jacov}\right)^2}{\sqrt{\mathrm{GSynFlow}}}}\right),MParams Square Jacov Square GSynFlow Sqrt Div Sqrt Mul <EOS>,(square(MParams) * sqrt((square(Jacov) / sqrt(GSynFlow)))),0.528900000,0.538900000,22,9,5,2161,run_monash_time_unique1000,1,3,TIME__Coastal_T_S__H/seed_2161/run_monash_time_unique1000/visualizations/archive_latex.tex
166,0.851351351,0.528900000,\frac{\left(\mathrm{MParams}\right)^2}{\sqrt{\frac{\sqrt{\mathrm{GSynFlow}}}{\left(\mathrm{Jacov}\right)^2}}},MParams Square GSynFlow Sqrt Jacov Square Div Sqrt Div <EOS>,(square(MParams) / sqrt((sqrt(GSynFlow) / square(Jacov)))),0.528900000,0.538900000,121,9,5,2221,run_monash_time_unique1000,1,23,TIME__Coastal_T_S__H/seed_2221/run_monash_time_unique1000/visualizations/archive_latex.tex
167,0.850450450,0.528900000,\frac{\left(\left(\left(\mathrm{MParams}\right) \cdot \left(\mathrm{Jacov}\right)\right) \cdot \left(\mathrm{MParams}\right)\right)^2}{\sqrt{\mathrm{GSynFlow}}},MParams Jacov Mul MParams Mul Square GSynFlow Sqrt Div <EOS>,(square(((MParams * Jacov) * MParams)) / sqrt(GSynFlow)),0.528900000,0.538900000,86,9,5,2146,run_monash_time_unique1000,3,2,TIME__Coastal_T_S__H/seed_2146/run_monash_time_unique1000/visualizations/archive_latex.tex
168,0.849549550,0.528900000,\frac{\left(\left(\mathrm{MParams}\right) \cdot \left(\left(\mathrm{MParams}\right) \cdot \left(\mathrm{Jacov}\right)\right)\right)^2}{\sqrt{\mathrm{GSynFlow}}},MParams MParams Jacov Mul Mul Square GSynFlow Sqrt Div <EOS>,(square((MParams * (MParams * Jacov))) / sqrt(GSynFlow)),0.528900000,0.538900000,81,9,5,2095,run_monash_time_unique1000,4,1,TIME__Coastal_T_S__H/seed_2095/run_monash_time_unique1000/visualizations/archive_latex.tex
169,0.848648649,0.528900000,\frac{\left(\left(\left(\mathrm{Jacov}\right) \cdot \left(\mathrm{MParams}\right)\right) \cdot \left(\mathrm{MParams}\right)\right)^2}{\sqrt{\mathrm{GSynFlow}}},Jacov MParams Mul MParams Mul Square GSynFlow Sqrt Div <EOS>,(square(((Jacov * MParams) * MParams)) / sqrt(GSynFlow)),0.528900000,0.538900000,191,9,5,2121,run_monash_time_unique1000,6,1,TIME__Coastal_T_S__H/seed_2121/run_monash_time_unique1000/visualizations/archive_latex.tex
170,0.847747748,0.528600000,\left(\frac{\mathrm{MParams}}{\left(\mathrm{ZiCo}\right)^2} - \log\left(\mathrm{GSynFlow}\right)\right)^2,MParams ZiCo Square Div GSynFlow Log Sub Square <EOS>,square(((MParams / square(ZiCo)) - log(GSynFlow))),0.528600000,0.473100000,63,8,5,2182,run_monash_time_unique1000,2,2,TIME__Coastal_T_S__H/seed_2182/run_monash_time_unique1000/visualizations/archive_latex.tex
171,0.846846847,0.528600000,\sqrt{\frac{\mathrm{MParams}}{\left(\mathrm{ZiCo}\right)^2} - \log\left(-\mathrm{GSynFlow}\right)},MParams ZiCo Square Div GSynFlow Negative Log Sub Sqrt <EOS>,sqrt(((MParams / square(ZiCo)) - log(-(GSynFlow)))),0.528600000,0.473100000,47,9,5,2133,run_monash_time_unique1000,3,1,TIME__Coastal_T_S__H/seed_2133/run_monash_time_unique1000/visualizations/archive_latex.tex
172,0.845945946,0.528600000,\log\left(\frac{\mathrm{MParams}}{\left(\mathrm{ZiCo}\right)^2} - \log\left(\mathrm{GSynFlow}\right)\right),MParams ZiCo Square Div GSynFlow Log Sub Log <EOS>,log(((MParams / square(ZiCo)) - log(GSynFlow))),0.528600000,0.473100000,105,8,5,2163,run_monash_time_unique1000,10,1,TIME__Coastal_T_S__H/seed_2163/run_monash_time_unique1000/visualizations/archive_latex.tex
173,0.845045045,0.528200000,\frac{\mathrm{MParams}}{\left(\mathrm{ZiCo}\right)^2} - \log\left(\mathrm{GSynFlow} + \mathrm{GFLOPs}\right),MParams ZiCo Square Div GSynFlow GFLOPs Add Log Sub <EOS>,((MParams / square(ZiCo)) - log((GSynFlow + GFLOPs))),0.528200000,0.477600000,132,9,4,2101,run_monash_time_unique1000,2,1,TIME__Coastal_T_S__H/seed_2101/run_monash_time_unique1000/visualizations/archive_latex.tex
174,0.844144144,0.527900000,\left(\mathrm{ZiCo}\right) \cdot \left(\log\left(\mathrm{MParams}\right) - \sqrt{\mathrm{GFLOPs}}\right),ZiCo MParams Log GFLOPs Sqrt Sub Mul <EOS>,(ZiCo * (log(MParams) - sqrt(GFLOPs))),0.527900000,0.471500000,183,7,4,2146,run_monash_time_unique1000,4,1,TIME__Coastal_T_S__H/seed_2146/run_monash_time_unique1000/visualizations/archive_latex.tex
175,0.843243243,0.527600000,\frac{\frac{\mathrm{Jacov}}{\mathrm{MParams} - \mathrm{JacobFro}}}{\left(\mathrm{ZiCo}\right)^2},Jacov MParams Jacob_fro Sub Div ZiCo Square Div <EOS>,((Jacov / (MParams - Jacob_fro)) / square(ZiCo)),0.527600000,0.364800000,102,8,4,2091,run_monash_time_unique1000,1,1,TIME__Coastal_T_S__H/seed_2091/run_monash_time_unique1000/visualizations/archive_latex.tex
176,0.842342342,0.527600000,\left(\log\left(\sqrt{\mathrm{GSynFlow}}\right)\right) \cdot \left(\mathrm{GraSP}\right) - \left(\mathrm{GFLOPs}\right) \cdot \left(\mathrm{Jacov}\right),GSynFlow Sqrt Log GraSP Mul GFLOPs Jacov Mul Sub <EOS>,((log(sqrt(GSynFlow)) * GraSP) - (GFLOPs * Jacov)),0.527600000,0.447200000,55,9,5,2108,run_monash_time_unique1000,3,1,TIME__Coastal_T_S__H/seed_2108/run_monash_time_unique1000/visualizations/archive_latex.tex
177,0.841441441,0.527500000,\left(\mathrm{MParams}\right)^2 - \sqrt{\frac{\sqrt{\mathrm{GSynFlow}}}{\log\left(\mathrm{GSynFlow}\right)}},MParams Square GSynFlow Sqrt GSynFlow Log Div Sqrt Sub <EOS>,(square(MParams) - sqrt((sqrt(GSynFlow) / log(GSynFlow)))),0.527500000,0.435000000,195,9,5,2037,run_monash_time_unique1000,3,2,TIME__Coastal_T_S__H/seed_2037/run_monash_time_unique1000/visualizations/archive_latex.tex
178,0.840540541,0.527400000,\left(\frac{\mathrm{Jacov}}{-\mathrm{JacobFro} - \mathrm{MParams}}\right)^2 - \mathrm{ZiCo},Jacov Jacob_fro Negative MParams Sub Div Square ZiCo Sub <EOS>,(square((Jacov / (-(Jacob_fro) - MParams))) - ZiCo),0.527400000,0.398800000,49,9,6,2121,run_monash_time_unique1000,7,1,TIME__Coastal_T_S__H/seed_2121/run_monash_time_unique1000/visualizations/archive_latex.tex
179,0.839639640,0.527300000,\mathrm{L2Norm} - \log\left(\left(\frac{\mathrm{GSynFlow}}{\log\left(\mathrm{GSynFlow}\right)}\right)^2\right),L2-Norm GSynFlow GSynFlow Log Div Square Log Sub <EOS>,(L2-Norm - log(square((GSynFlow / log(GSynFlow))))),0.527300000,0.448400000,99,8,6,2083,run_monash_time_unique1000,2,3,TIME__Coastal_T_S__H/seed_2083/run_monash_time_unique1000/visualizations/archive_latex.tex
180,0.838738739,0.527200000,\left(\mathrm{MParams} - \mathrm{GFLOPs}\right) \cdot \left(\frac{\mathrm{ZiCo}}{\mathrm{GFLOPs}}\right),MParams GFLOPs Sub ZiCo GFLOPs Div Mul <EOS>,((MParams - GFLOPs) * (ZiCo / GFLOPs)),0.527200000,0.409900000,76,7,3,2087,run_monash_time_unique1000,3,1,TIME__Coastal_T_S__H/seed_2087/run_monash_time_unique1000/visualizations/archive_latex.tex
181,0.837837838,0.527100000,\frac{\mathrm{MParams}}{\mathrm{ZiCo}} - \left(\log\left(\mathrm{GSynFlow}\right)\right) \cdot \left(\mathrm{ZiCo}\right),MParams ZiCo Div GSynFlow Log ZiCo Mul Sub <EOS>,((MParams / ZiCo) - (log(GSynFlow) * ZiCo)),0.527100000,0.471800000,72,8,4,2096,run_monash_time_unique1000,1,4,TIME__Coastal_T_S__H/seed_2096/run_monash_time_unique1000/visualizations/archive_latex.tex
182,0.836936937,0.527100000,\frac{\mathrm{MParams}}{\mathrm{ZiCo}} - \left(\mathrm{ZiCo}\right) \cdot \left(\log\left(\mathrm{GSynFlow}\right)\right),MParams ZiCo Div ZiCo GSynFlow Log Mul Sub <EOS>,((MParams / ZiCo) - (ZiCo * log(GSynFlow))),0.527100000,0.471800000,155,8,4,2075,run_monash_time_unique1000,2,3,TIME__Coastal_T_S__H/seed_2075/run_monash_time_unique1000/visualizations/archive_latex.tex
183,0.836036036,0.526900000,\mathrm{MParams} - \left(\log\left(\frac{\mathrm{GSynFlow}}{\mathrm{MParams}}\right)\right) \cdot \left(\left(\mathrm{ZiCo}\right)^2\right),MParams GSynFlow MParams Div Log ZiCo Square Mul Sub <EOS>,(MParams - (log((GSynFlow / MParams)) * square(ZiCo))),0.526900000,0.512400000,174,9,5,2051,run_monash_time_unique1000,1,3,TIME__Coastal_T_S__H/seed_2051/run_monash_time_unique1000/visualizations/archive_latex.tex
184,0.835135135,0.526900000,\left(\frac{\left(\mathrm{MParams}\right)^2}{\mathrm{ZiCo}}\right)^2 - \sqrt{\mathrm{GSynFlow}},MParams Square ZiCo Div Square GSynFlow Sqrt Sub <EOS>,(square((square(MParams) / ZiCo)) - sqrt(GSynFlow)),0.526900000,0.536500000,41,8,5,2142,run_monash_time_unique1000,1,27,TIME__Coastal_T_S__H/seed_2142/run_monash_time_unique1000/visualizations/archive_latex.tex
185,0.834234234,0.526900000,\left(\left(\mathrm{MParams}\right) \cdot \left(\frac{\mathrm{MParams}}{\mathrm{ZiCo}}\right)\right)^2 - \sqrt{\mathrm{GSynFlow}},MParams MParams ZiCo Div Mul Square GSynFlow Sqrt Sub <EOS>,(square((MParams * (MParams / ZiCo))) - sqrt(GSynFlow)),0.526900000,0.536500000,141,9,5,2027,run_monash_time_unique1000,2,8,TIME__Coastal_T_S__H/seed_2027/run_monash_time_unique1000/visualizations/archive_latex.tex
186,0.833333333,0.526900000,\left(\left(-\mathrm{ZiCo}\right)^2\right) \cdot \left(\frac{\mathrm{JacobFro}}{\mathrm{Jacov}} - \mathrm{Fisher}\right),ZiCo Negative Square Jacob_fro Jacov Div Fisher Sub Mul <EOS>,(square(-(ZiCo)) * ((Jacob_fro / Jacov) - Fisher)),0.526900000,0.368800000,73,9,4,2057,run_monash_time_unique1000,2,1,TIME__Coastal_T_S__H/seed_2057/run_monash_time_unique1000/visualizations/archive_latex.tex
187,0.832432432,0.526900000,\left(\left(\frac{\mathrm{MParams}}{\mathrm{ZiCo}}\right) \cdot \left(\mathrm{MParams}\right)\right)^2 - \sqrt{\mathrm{GSynFlow}},MParams ZiCo Div MParams Mul Square GSynFlow Sqrt Sub <EOS>,(square(((MParams / ZiCo) * MParams)) - sqrt(GSynFlow)),0.526900000,0.536500000,120,9,5,2112,run_monash_time_unique1000,2,4,TIME__Coastal_T_S__H/seed_2112/run_monash_time_unique1000/visualizations/archive_latex.tex
188,0.831531532,0.526800000,\frac{\sqrt{\sqrt{\frac{\mathrm{MParams}}{\mathrm{GFLOPs}}} - \mathrm{ZiCo}}}{\mathrm{ZiCo}},MParams GFLOPs Div Sqrt ZiCo Sub Sqrt ZiCo Div <EOS>,(sqrt((sqrt((MParams / GFLOPs)) - ZiCo)) / ZiCo),0.526800000,0.403700000,53,9,6,2032,run_monash_time_unique1000,2,1,TIME__Coastal_T_S__H/seed_2032/run_monash_time_unique1000/visualizations/archive_latex.tex
189,0.830630631,0.526600000,\sqrt{\frac{\mathrm{Jacov}}{\left(\mathrm{JacobFro}\right) \cdot \left(\mathrm{ZiCo}\right)}} - \log\left(\mathrm{ZiCo}\right),Jacov Jacob_fro ZiCo Mul Div Sqrt ZiCo Log Sub <EOS>,(sqrt((Jacov / (Jacob_fro * ZiCo))) - log(ZiCo)),0.526600000,0.393900000,50,9,5,2066,run_monash_time_unique1000,2,1,TIME__Coastal_T_S__H/seed_2066/run_monash_time_unique1000/visualizations/archive_latex.tex
190,0.829729730,0.526200000,\left(\mathrm{L2Norm} - \log\left(\left(\mathrm{GSynFlow}\right)^2\right)\right) \cdot \left(\sqrt{\log\left(\mathrm{Jacov}\right)}\right),L2-Norm GSynFlow Square Log Sub Jacov Log Sqrt Mul <EOS>,((L2-Norm - log(square(GSynFlow))) * sqrt(log(Jacov))),0.526200000,0.530900000,109,9,5,2046,run_monash_time_unique1000,3,1,TIME__Coastal_T_S__H/seed_2046/run_monash_time_unique1000/visualizations/archive_latex.tex
191,0.828828829,0.526200000,\left(\left(\log\left(\left(\mathrm{GSynFlow}\right)^2\right) - \mathrm{L2Norm}\right)^2\right) \cdot \left(\log\left(\mathrm{Jacov}\right)\right),GSynFlow Square Log L2-Norm Sub Square Jacov Log Mul <EOS>,(square((log(square(GSynFlow)) - L2-Norm)) * log(Jacov)),0.526200000,0.530900000,82,9,6,2066,run_monash_time_unique1000,3,1,TIME__Coastal_T_S__H/seed_2066/run_monash_time_unique1000/visualizations/archive_latex.tex
192,0.827927928,0.525600000,\left(\mathrm{MParams}\right)^2 - \sqrt{\frac{\sqrt{\mathrm{GSynFlow}}}{\mathrm{GradNorm}}},MParams Square GSynFlow Sqrt Grad_Norm Div Sqrt Sub <EOS>,(square(MParams) - sqrt((sqrt(GSynFlow) / Grad_Norm))),0.525600000,0.541200000,105,8,5,2167,run_monash_time_unique1000,2,33,TIME__Coastal_T_S__H/seed_2167/run_monash_time_unique1000/visualizations/archive_latex.tex
193,0.827027027,0.525500000,\left(\mathrm{MParams}\right)^2 - \sqrt{\frac{\sqrt{\mathrm{GSynFlow}}}{\mathrm{GFLOPs}}},MParams Square GSynFlow Sqrt GFLOPs Div Sqrt Sub <EOS>,(square(MParams) - sqrt((sqrt(GSynFlow) / GFLOPs))),0.525500000,0.548200000,109,8,5,2167,run_monash_time_unique1000,3,33,TIME__Coastal_T_S__H/seed_2167/run_monash_time_unique1000/visualizations/archive_latex.tex
194,0.826126126,0.525400000,\left(\mathrm{L2Norm} - \log\left(\left(\mathrm{GSynFlow}\right)^2\right)\right) \cdot \left(\log\left(\log\left(\mathrm{Jacov}\right)\right)\right),L2-Norm GSynFlow Square Log Sub Jacov Log Log Mul <EOS>,((L2-Norm - log(square(GSynFlow))) * log(log(Jacov))),0.525400000,0.537600000,108,9,5,2046,run_monash_time_unique1000,4,1,TIME__Coastal_T_S__H/seed_2046/run_monash_time_unique1000/visualizations/archive_latex.tex
195,0.825225225,0.525200000,\left(\left(\frac{\mathrm{ZiCo}}{\mathrm{Jacov}}\right) \cdot \left(\mathrm{ZiCo}\right)\right) \cdot \left(\mathrm{JacobFro}\right),ZiCo Jacov Div ZiCo Mul Jacob_fro Mul <EOS>,(((ZiCo / Jacov) * ZiCo) * Jacob_fro),0.525200000,0.361500000,97,7,4,2029,run_monash_time_unique1000,1,1,TIME__Coastal_T_S__H/seed_2029/run_monash_time_unique1000/visualizations/archive_latex.tex
196,0.824324324,0.525200000,\frac{\left(\left(\mathrm{ZiCo}\right)^2\right) \cdot \left(\mathrm{JacobFro}\right)}{\mathrm{Jacov}},ZiCo Square Jacob_fro Mul Jacov Div <EOS>,((square(ZiCo) * Jacob_fro) / Jacov),0.525200000,0.361500000,70,6,4,2041,run_monash_time_unique1000,1,1,TIME__Coastal_T_S__H/seed_2041/run_monash_time_unique1000/visualizations/archive_latex.tex
197,0.823423423,0.525200000,\left(-\sqrt{\frac{\mathrm{JacobFro}}{\mathrm{Jacov}}}\right) \cdot \left(\mathrm{ZiCo}\right),Jacob_fro Jacov Div Sqrt Negative ZiCo Mul <EOS>,(-(sqrt((Jacob_fro / Jacov))) * ZiCo),0.525200000,0.361500000,126,7,5,2126,run_monash_time_unique1000,1,1,TIME__Coastal_T_S__H/seed_2126/run_monash_time_unique1000/visualizations/archive_latex.tex
198,0.822522523,0.525200000,\frac{\sqrt{\frac{\mathrm{Jacov}}{\mathrm{JacobFro}}}}{\mathrm{ZiCo}},Jacov Jacob_fro Div Sqrt ZiCo Div <EOS>,(sqrt((Jacov / Jacob_fro)) / ZiCo),0.525200000,0.361500000,99,6,4,2091,run_monash_time_unique1000,2,2,TIME__Coastal_T_S__H/seed_2091/run_monash_time_unique1000/visualizations/archive_latex.tex
199,0.821621622,0.525200000,\left(\frac{\mathrm{ZiCo}}{\mathrm{Jacov}}\right) \cdot \left(\left(\mathrm{ZiCo}\right) \cdot \left(\mathrm{JacobFro}\right)\right),ZiCo Jacov Div ZiCo Jacob_fro Mul Mul <EOS>,((ZiCo / Jacov) * (ZiCo * Jacob_fro)),0.525200000,0.361500000,126,7,3,2156,run_monash_time_unique1000,3,1,TIME__Coastal_T_S__H/seed_2156/run_monash_time_unique1000/visualizations/archive_latex.tex
200,0.820720721,0.525200000,\left(\left(\frac{\mathrm{ZiCo}}{\mathrm{Jacov}}\right) \cdot \left(\mathrm{JacobFro}\right)\right) \cdot \left(\mathrm{ZiCo}\right),ZiCo Jacov Div Jacob_fro Mul ZiCo Mul <EOS>,(((ZiCo / Jacov) * Jacob_fro) * ZiCo),0.525200000,0.361500000,71,7,4,2201,run_monash_time_unique1000,3,1,TIME__Coastal_T_S__H/seed_2201/run_monash_time_unique1000/visualizations/archive_latex.tex
201,0.819819820,0.525200000,\frac{\left(\left(\mathrm{JacobFro}\right) \cdot \left(\mathrm{ZiCo}\right)\right)^2}{\left(\mathrm{Jacov}\right) \cdot \left(\mathrm{JacobFro}\right)},Jacob_fro ZiCo Mul Square Jacov Jacob_fro Mul Div <EOS>,(square((Jacob_fro * ZiCo)) / (Jacov * Jacob_fro)),0.525200000,0.361500000,12,8,4,2210,run_monash_time_unique1000,4,1,TIME__Coastal_T_S__H/seed_2210/run_monash_time_unique1000/visualizations/archive_latex.tex
202,0.818918919,0.525000000,\left(\left(\left(\mathrm{MParams}\right)^2\right) \cdot \left(\log\left(\mathrm{Fisher}\right)\right)\right)^2 - \sqrt{\mathrm{GSynFlow}},MParams Square Fisher Log Mul Square GSynFlow Sqrt Sub <EOS>,(square((square(MParams) * log(Fisher))) - sqrt(GSynFlow)),0.525000000,0.443400000,29,9,5,2098,run_monash_time_unique1000,4,1,TIME__Coastal_T_S__H/seed_2098/run_monash_time_unique1000/visualizations/archive_latex.tex
203,0.818018018,0.524900000,\frac{\left(\mathrm{MParams}\right)^2}{\sqrt{\left(\sqrt{\mathrm{GSynFlow}}\right) \cdot \left(\log\left(\mathrm{plain}\right)\right)}},MParams Square GSynFlow Sqrt plain Log Mul Sqrt Div <EOS>,(square(MParams) / sqrt((sqrt(GSynFlow) * log(plain)))),0.524900000,0.517200000,76,9,5,2039,run_monash_time_unique1000,1,31,TIME__Coastal_T_S__H/seed_2039/run_monash_time_unique1000/visualizations/archive_latex.tex
204,0.817117117,0.524900000,\frac{\left(\mathrm{MParams}\right)^2}{\sqrt{\left(\log\left(\mathrm{plain}\right)\right) \cdot \left(\sqrt{\mathrm{GSynFlow}}\right)}},MParams Square plain Log GSynFlow Sqrt Mul Sqrt Div <EOS>,(square(MParams) / sqrt((log(plain) * sqrt(GSynFlow)))),0.524900000,0.517200000,39,9,5,2074,run_monash_time_unique1000,1,9,TIME__Coastal_T_S__H/seed_2074/run_monash_time_unique1000/visualizations/archive_latex.tex
205,0.816216216,0.524900000,-\mathrm{ZiCo} - \mathrm{ZiCo} + \frac{\mathrm{MParams}}{\mathrm{GFLOPs}},ZiCo Negative ZiCo Sub MParams GFLOPs Div Add <EOS>,((-(ZiCo) - ZiCo) + (MParams / GFLOPs)),0.524900000,0.414100000,30,8,4,2218,run_monash_time_unique1000,2,1,TIME__Coastal_T_S__H/seed_2218/run_monash_time_unique1000/visualizations/archive_latex.tex
206,0.815315315,0.524900000,\frac{\mathrm{MParams}}{\mathrm{GFLOPs}} - \mathrm{ZiCo} + \mathrm{ZiCo},MParams GFLOPs Div ZiCo ZiCo Add Sub <EOS>,((MParams / GFLOPs) - (ZiCo + ZiCo)),0.524900000,0.414100000,81,7,3,2175,run_monash_time_unique1000,6,1,TIME__Coastal_T_S__H/seed_2175/run_monash_time_unique1000/visualizations/archive_latex.tex
207,0.814414414,0.524900000,\frac{\mathrm{MParams}}{\mathrm{GFLOPs} + \mathrm{GFLOPs}} - \mathrm{ZiCo},MParams GFLOPs GFLOPs Add Div ZiCo Sub <EOS>,((MParams / (GFLOPs + GFLOPs)) - ZiCo),0.524900000,0.414100000,187,7,4,2040,run_monash_time_unique1000,9,1,TIME__Coastal_T_S__H/seed_2040/run_monash_time_unique1000/visualizations/archive_latex.tex
208,0.813513514,0.524900000,\left(\log\left(\frac{\mathrm{MParams}}{\mathrm{JacobFro} - \mathrm{GSynFlow}}\right)\right) \cdot \left(\mathrm{ZiCo}\right),MParams Jacob_fro GSynFlow Sub Div Log ZiCo Mul <EOS>,(log((MParams / (Jacob_fro - GSynFlow))) * ZiCo),0.524900000,0.482000000,47,8,5,2121,run_monash_time_unique1000,9,1,TIME__Coastal_T_S__H/seed_2121/run_monash_time_unique1000/visualizations/archive_latex.tex
209,0.812612613,0.524500000,\mathrm{GradNorm} - \log\left(\left(\log\left(\mathrm{plain}\right)\right) \cdot \left(\mathrm{JacobFro} - \mathrm{GSynFlow}\right)\right),Grad_Norm plain Log Jacob_fro GSynFlow Sub Mul Log Sub <EOS>,(Grad_Norm - log((log(plain) * (Jacob_fro - GSynFlow)))),0.524500000,0.471300000,31,9,5,2119,run_monash_time_unique1000,1,1,TIME__Coastal_T_S__H/seed_2119/run_monash_time_unique1000/visualizations/archive_latex.tex
210,0.811711712,0.524500000,\mathrm{L2Norm} - \log\left(\left(\mathrm{GSynFlow}\right)^2\right) - \left(\log\left(\mathrm{Jacov}\right)\right)^2,L2-Norm GSynFlow Square Log Jacov Log Square Sub Sub <EOS>,(L2-Norm - (log(square(GSynFlow)) - square(log(Jacov)))),0.524500000,0.519200000,76,9,5,2062,run_monash_time_unique1000,3,1,TIME__Coastal_T_S__H/seed_2062/run_monash_time_unique1000/visualizations/archive_latex.tex
211,0.810810811,0.524500000,\mathrm{L2Norm} - \log\left(\left(\mathrm{GSynFlow}\right)^2\right) + \left(\log\left(\mathrm{Jacov}\right)\right)^2,L2-Norm GSynFlow Square Log Sub Jacov Log Square Add <EOS>,((L2-Norm - log(square(GSynFlow))) + square(log(Jacov))),0.524500000,0.519200000,123,9,5,2046,run_monash_time_unique1000,5,1,TIME__Coastal_T_S__H/seed_2046/run_monash_time_unique1000/visualizations/archive_latex.tex
212,0.809909910,0.524300000,\left(\mathrm{MParams}\right)^2 - \sqrt{\frac{\sqrt{\mathrm{GSynFlow}}}{\log\left(\mathrm{Snip}\right)}},MParams Square GSynFlow Sqrt Snip Log Div Sqrt Sub <EOS>,(square(MParams) - sqrt((sqrt(GSynFlow) / log(Snip)))),0.524300000,0.530600000,115,9,5,2167,run_monash_time_unique1000,4,31,TIME__Coastal_T_S__H/seed_2167/run_monash_time_unique1000/visualizations/archive_latex.tex
213,0.809009009,0.524200000,\left(\frac{\mathrm{MParams}}{\mathrm{GFLOPs}}\right)^2 - \mathrm{ZiCo},MParams GFLOPs Div Square ZiCo Sub <EOS>,(square((MParams / GFLOPs)) - ZiCo),0.524200000,0.409800000,113,6,4,2050,run_monash_time_unique1000,2,4,TIME__Coastal_T_S__H/seed_2050/run_monash_time_unique1000/visualizations/archive_latex.tex
214,0.808108108,0.524200000,\left(\log\left(\frac{\mathrm{GFLOPs}}{\mathrm{MParams}}\right)\right) \cdot \left(-\left(\mathrm{ZiCo}\right)^2\right),GFLOPs MParams Div Log ZiCo Square Negative Mul <EOS>,(log((GFLOPs / MParams)) * -(square(ZiCo))),0.524200000,0.407400000,139,8,4,2124,run_monash_time_unique1000,2,1,TIME__Coastal_T_S__H/seed_2124/run_monash_time_unique1000/visualizations/archive_latex.tex
215,0.807207207,0.524200000,\frac{\left(\mathrm{MParams}\right)^2}{\left(\mathrm{GFLOPs}\right)^2} - \mathrm{ZiCo},MParams Square GFLOPs Square Div ZiCo Sub <EOS>,((square(MParams) / square(GFLOPs)) - ZiCo),0.524200000,0.409800000,79,7,4,2121,run_monash_time_unique1000,10,1,TIME__Coastal_T_S__H/seed_2121/run_monash_time_unique1000/visualizations/archive_latex.tex
216,0.806306306,0.524100000,\frac{\frac{\mathrm{MParams}}{\sqrt{\log\left(\mathrm{plain}\right)}}}{\mathrm{JacobFro} - \mathrm{GSynFlow}},MParams plain Log Sqrt Div Jacob_fro GSynFlow Sub Div <EOS>,((MParams / sqrt(log(plain))) / (Jacob_fro - GSynFlow)),0.524100000,0.412100000,52,9,5,2045,run_monash_time_unique1000,1,1,TIME__Coastal_T_S__H/seed_2045/run_monash_time_unique1000/visualizations/archive_latex.tex
217,0.805405405,0.523900000,\left(\sqrt{\frac{\mathrm{Jacov}}{\sqrt{\mathrm{GSynFlow}}}}\right) \cdot \left(\left(\mathrm{MParams}\right)^2\right),Jacov GSynFlow Sqrt Div Sqrt MParams Square Mul <EOS>,(sqrt((Jacov / sqrt(GSynFlow))) * square(MParams)),0.523900000,0.522200000,36,8,5,2128,run_monash_time_unique1000,2,5,TIME__Coastal_T_S__H/seed_2128/run_monash_time_unique1000/visualizations/archive_latex.tex
218,0.804504505,0.523900000,\frac{\left(\mathrm{MParams}\right) \cdot \left(\mathrm{MParams}\right)}{\sqrt{\frac{\sqrt{\mathrm{GSynFlow}}}{\mathrm{Jacov}}}},MParams MParams Mul GSynFlow Sqrt Jacov Div Sqrt Div <EOS>,((MParams * MParams) / sqrt((sqrt(GSynFlow) / Jacov))),0.523900000,0.522200000,43,9,5,2132,run_monash_time_unique1000,2,2,TIME__Coastal_T_S__H/seed_2132/run_monash_time_unique1000/visualizations/archive_latex.tex
219,0.803603604,0.523900000,\frac{\left(\left(\sqrt{\mathrm{Jacov}}\right) \cdot \left(\left(\mathrm{MParams}\right)^2\right)\right)^2}{\sqrt{\mathrm{GSynFlow}}},Jacov Sqrt MParams Square Mul Square GSynFlow Sqrt Div <EOS>,(square((sqrt(Jacov) * square(MParams))) / sqrt(GSynFlow)),0.523900000,0.522200000,116,9,5,2160,run_monash_time_unique1000,2,10,TIME__Coastal_T_S__H/seed_2160/run_monash_time_unique1000/visualizations/archive_latex.tex
220,0.802702703,0.523900000,\left(\left(\mathrm{MParams}\right)^2\right) \cdot \left(\sqrt{\frac{\mathrm{Jacov}}{\sqrt{\mathrm{GSynFlow}}}}\right),MParams Square Jacov GSynFlow Sqrt Div Sqrt Mul <EOS>,(square(MParams) * sqrt((Jacov / sqrt(GSynFlow)))),0.523900000,0.522200000,25,8,5,2161,run_monash_time_unique1000,2,6,TIME__Coastal_T_S__H/seed_2161/run_monash_time_unique1000/visualizations/archive_latex.tex
221,0.801801802,0.523900000,\left(\mathrm{MParams}\right) \cdot \left(\left(\sqrt{\frac{\mathrm{Jacov}}{\sqrt{\mathrm{GSynFlow}}}}\right) \cdot \left(\mathrm{MParams}\right)\right),MParams Jacov GSynFlow Sqrt Div Sqrt MParams Mul Mul <EOS>,(MParams * (sqrt((Jacov / sqrt(GSynFlow))) * MParams)),0.523900000,0.522200000,52,9,6,2215,run_monash_time_unique1000,2,2,TIME__Coastal_T_S__H/seed_2215/run_monash_time_unique1000/visualizations/archive_latex.tex
222,0.800900901,0.523900000,\frac{\left(\left(\left(\mathrm{MParams}\right)^2\right) \cdot \left(\sqrt{\mathrm{Jacov}}\right)\right)^2}{\sqrt{\mathrm{GSynFlow}}},MParams Square Jacov Sqrt Mul Square GSynFlow Sqrt Div <EOS>,(square((square(MParams) * sqrt(Jacov))) / sqrt(GSynFlow)),0.523900000,0.522200000,31,9,5,2054,run_monash_time_unique1000,3,16,TIME__Coastal_T_S__H/seed_2054/run_monash_time_unique1000/visualizations/archive_latex.tex
223,0.800000000,0.523900000,\frac{\left(\mathrm{MParams}\right)^2}{\sqrt{\frac{\sqrt{\mathrm{GSynFlow}}}{\mathrm{Jacov}}}},MParams Square GSynFlow Sqrt Jacov Div Sqrt Div <EOS>,(square(MParams) / sqrt((sqrt(GSynFlow) / Jacov))),0.523900000,0.522200000,105,8,5,2221,run_monash_time_unique1000,3,29,TIME__Coastal_T_S__H/seed_2221/run_monash_time_unique1000/visualizations/archive_latex.tex
224,0.799099099,0.523900000,\mathrm{L2Norm} - \frac{\log\left(\left(\mathrm{GSynFlow}\right)^2\right) - \mathrm{L2Norm}}{\mathrm{ZiCo}},L2-Norm GSynFlow Square Log L2-Norm Sub ZiCo Div Sub <EOS>,(L2-Norm - ((log(square(GSynFlow)) - L2-Norm) / ZiCo)),0.523900000,0.488300000,80,9,6,2066,run_monash_time_unique1000,4,1,TIME__Coastal_T_S__H/seed_2066/run_monash_time_unique1000/visualizations/archive_latex.tex
225,0.798198198,0.523900000,\log\left(\mathrm{MParams}\right) - \frac{\log\left(\mathrm{GSynFlow}\right)}{\sqrt{\mathrm{Snip}}},MParams Log GSynFlow Log Snip Sqrt Div Sub <EOS>,(log(MParams) - (log(GSynFlow) / sqrt(Snip))),0.523900000,0.458500000,151,8,4,2175,run_monash_time_unique1000,9,1,TIME__Coastal_T_S__H/seed_2175/run_monash_time_unique1000/visualizations/archive_latex.tex
226,0.797297297,0.523700000,\left(\mathrm{MParams}\right) \cdot \left(\sqrt{\frac{\mathrm{Jacov}}{\sqrt{\mathrm{GSynFlow}}}} + \mathrm{MParams}\right),MParams Jacov GSynFlow Sqrt Div Sqrt MParams Add Mul <EOS>,(MParams * (sqrt((Jacov / sqrt(GSynFlow))) + MParams)),0.523700000,0.482400000,58,9,6,2215,run_monash_time_unique1000,3,2,TIME__Coastal_T_S__H/seed_2215/run_monash_time_unique1000/visualizations/archive_latex.tex
227,0.796396396,0.523600000,\sqrt{\frac{\left(\mathrm{L2Norm}\right) \cdot \left(\mathrm{MParams}\right)}{\mathrm{ZiCo}}} - \log\left(\mathrm{GSynFlow}\right),L2-Norm MParams Mul ZiCo Div Sqrt GSynFlow Log Sub <EOS>,(sqrt(((L2-Norm * MParams) / ZiCo)) - log(GSynFlow)),0.523600000,0.495200000,97,9,5,2188,run_monash_time_unique1000,1,1,TIME__Coastal_T_S__H/seed_2188/run_monash_time_unique1000/visualizations/archive_latex.tex
228,0.795495495,0.523500000,\left(\mathrm{MParams}\right)^2 - \sqrt{\frac{\sqrt{\mathrm{GSynFlow}}}{\log\left(\mathrm{GraSP}\right)}},MParams Square GSynFlow Sqrt GraSP Log Div Sqrt Sub <EOS>,(square(MParams) - sqrt((sqrt(GSynFlow) / log(GraSP)))),0.523500000,0.526500000,112,9,5,2167,run_monash_time_unique1000,5,30,TIME__Coastal_T_S__H/seed_2167/run_monash_time_unique1000/visualizations/archive_latex.tex
229,0.794594595,0.523400000,\mathrm{L2Norm} - \log\left(\left(\frac{\mathrm{GSynFlow}}{\mathrm{L2Norm} + \mathrm{Jacov}}\right)^2\right),L2-Norm GSynFlow L2-Norm Jacov Add Div Square Log Sub <EOS>,(L2-Norm - log(square((GSynFlow / (L2-Norm + Jacov))))),0.523400000,0.540100000,61,9,6,2063,run_monash_time_unique1000,2,4,TIME__Coastal_T_S__H/seed_2063/run_monash_time_unique1000/visualizations/archive_latex.tex
230,0.793693694,0.523400000,\mathrm{L2Norm} - \log\left(\left(\frac{\mathrm{GSynFlow}}{\mathrm{Jacov} + \mathrm{L2Norm}}\right)^2\right),L2-Norm GSynFlow Jacov L2-Norm Add Div Square Log Sub <EOS>,(L2-Norm - log(square((GSynFlow / (Jacov + L2-Norm))))),0.523400000,0.540100000,103,9,6,2135,run_monash_time_unique1000,2,7,TIME__Coastal_T_S__H/seed_2135/run_monash_time_unique1000/visualizations/archive_latex.tex
231,0.792792793,0.523300000,\frac{\mathrm{MParams}}{\mathrm{ZiCo}} + \log\left(\frac{\mathrm{Jacov}}{\sqrt{\mathrm{GSynFlow}}}\right),MParams ZiCo Div Jacov GSynFlow Sqrt Div Log Add <EOS>,((MParams / ZiCo) + log((Jacov / sqrt(GSynFlow)))),0.523300000,0.472100000,192,9,5,2150,run_monash_time_unique1000,5,1,TIME__Coastal_T_S__H/seed_2150/run_monash_time_unique1000/visualizations/archive_latex.tex
232,0.791891892,0.523300000,\frac{\mathrm{MParams}}{\mathrm{ZiCo}} - \log\left(\frac{\sqrt{\mathrm{GSynFlow}}}{\mathrm{Jacov}}\right),MParams ZiCo Div GSynFlow Sqrt Jacov Div Log Sub <EOS>,((MParams / ZiCo) - log((sqrt(GSynFlow) / Jacov))),0.523300000,0.472100000,45,9,5,2169,run_monash_time_unique1000,10,1,TIME__Coastal_T_S__H/seed_2169/run_monash_time_unique1000/visualizations/archive_latex.tex
233,0.790990991,0.522900000,\frac{\mathrm{L2Norm} - \log\left(\left(\mathrm{GSynFlow}\right) \cdot \left(\sqrt{\mathrm{GSynFlow}}\right)\right)}{\mathrm{ZiCo}},L2-Norm GSynFlow GSynFlow Sqrt Mul Log Sub ZiCo Div <EOS>,((L2-Norm - log((GSynFlow * sqrt(GSynFlow)))) / ZiCo),0.522900000,0.475200000,122,9,6,2185,run_monash_time_unique1000,1,1,TIME__Coastal_T_S__H/seed_2185/run_monash_time_unique1000/visualizations/archive_latex.tex
234,0.790090090,0.522400000,\left(\mathrm{MParams}\right)^2 - \sqrt{\left(\sqrt{\mathrm{GSynFlow}}\right) \cdot \left(\left(\mathrm{ZiCo}\right)^2\right)},MParams Square GSynFlow Sqrt ZiCo Square Mul Sqrt Sub <EOS>,(square(MParams) - sqrt((sqrt(GSynFlow) * square(ZiCo)))),0.522400000,0.538700000,118,9,5,2039,run_monash_time_unique1000,2,14,TIME__Coastal_T_S__H/seed_2039/run_monash_time_unique1000/visualizations/archive_latex.tex
235,0.789189189,0.522400000,\left(\mathrm{MParams}\right)^2 - \sqrt{\left(\left(\mathrm{ZiCo}\right)^2\right) \cdot \left(\sqrt{\mathrm{GSynFlow}}\right)},MParams Square ZiCo Square GSynFlow Sqrt Mul Sqrt Sub <EOS>,(square(MParams) - sqrt((square(ZiCo) * sqrt(GSynFlow)))),0.522400000,0.538700000,41,9,5,2074,run_monash_time_unique1000,2,2,TIME__Coastal_T_S__H/seed_2074/run_monash_time_unique1000/visualizations/archive_latex.tex
236,0.788288288,0.522200000,\left(\frac{\mathrm{MParams}}{\sqrt{\mathrm{GSynFlow}}}\right)^2 + \frac{\mathrm{MParams}}{\mathrm{Fisher}},MParams GSynFlow Sqrt Div Square MParams Fisher Div Add <EOS>,(square((MParams / sqrt(GSynFlow))) + (MParams / Fisher)),0.522200000,0.389400000,44,9,5,2043,run_monash_time_unique1000,1,1,TIME__Coastal_T_S__H/seed_2043/run_monash_time_unique1000/visualizations/archive_latex.tex
237,0.787387387,0.522200000,\left(\mathrm{GFLOPs}\right) \cdot \left(\left(\left(\mathrm{MParams}\right) \cdot \left(\mathrm{MParams}\right)\right)^2\right) - \sqrt{\mathrm{GSynFlow}},GFLOPs MParams MParams Mul Square Mul GSynFlow Sqrt Sub <EOS>,((GFLOPs * square((MParams * MParams))) - sqrt(GSynFlow)),0.522200000,0.551900000,44,9,5,2123,run_monash_time_unique1000,4,3,TIME__Coastal_T_S__H/seed_2123/run_monash_time_unique1000/visualizations/archive_latex.tex
238,0.786486486,0.522200000,\left(\left(\left(\mathrm{MParams}\right)^2\right) \cdot \left(\sqrt{\mathrm{GFLOPs}}\right)\right)^2 - \sqrt{\mathrm{GSynFlow}},MParams Square GFLOPs Sqrt Mul Square GSynFlow Sqrt Sub <EOS>,(square((square(MParams) * sqrt(GFLOPs))) - sqrt(GSynFlow)),0.522200000,0.551900000,165,9,5,2047,run_monash_time_unique1000,5,1,TIME__Coastal_T_S__H/seed_2047/run_monash_time_unique1000/visualizations/archive_latex.tex
239,0.785585586,0.522200000,\left(\left(\left(\mathrm{MParams}\right) \cdot \left(\mathrm{MParams}\right)\right)^2\right) \cdot \left(\mathrm{GFLOPs}\right) - \sqrt{\mathrm{GSynFlow}},MParams MParams Mul Square GFLOPs Mul GSynFlow Sqrt Sub <EOS>,((square((MParams * MParams)) * GFLOPs) - sqrt(GSynFlow)),0.522200000,0.551900000,43,9,5,2095,run_monash_time_unique1000,6,2,TIME__Coastal_T_S__H/seed_2095/run_monash_time_unique1000/visualizations/archive_latex.tex
240,0.784684685,0.522000000,\left(\log\left(\mathrm{ZiCo}\right) + \frac{\mathrm{Jacov}}{\mathrm{JacobFro}}\right)^2,ZiCo Log Jacov Jacob_fro Div Add Square <EOS>,square((log(ZiCo) + (Jacov / Jacob_fro))),0.522000000,0.393300000,35,7,4,2098,run_monash_time_unique1000,7,1,TIME__Coastal_T_S__H/seed_2098/run_monash_time_unique1000/visualizations/archive_latex.tex
241,0.783783784,0.521800000,\left(\mathrm{MParams}\right)^2 - \sqrt{\frac{\sqrt{\mathrm{GSynFlow}}}{\log\left(\mathrm{L2Norm}\right)}},MParams Square GSynFlow Sqrt L2-Norm Log Div Sqrt Sub <EOS>,(square(MParams) - sqrt((sqrt(GSynFlow) / log(L2-Norm)))),0.521800000,0.515800000,108,9,5,2167,run_monash_time_unique1000,6,17,TIME__Coastal_T_S__H/seed_2167/run_monash_time_unique1000/visualizations/archive_latex.tex
242,0.782882883,0.521700000,\mathrm{MParams} - \log\left(\sqrt{\frac{\sqrt{\mathrm{GSynFlow}}}{\left(\mathrm{MParams}\right)^2}}\right),MParams GSynFlow Sqrt MParams Square Div Sqrt Log Sub <EOS>,(MParams - log(sqrt((sqrt(GSynFlow) / square(MParams))))),0.521700000,0.503700000,184,9,6,2120,run_monash_time_unique1000,9,1,TIME__Coastal_T_S__H/seed_2120/run_monash_time_unique1000/visualizations/archive_latex.tex
243,0.781981982,0.521100000,\frac{\left(\mathrm{MParams}\right) \cdot \left(\sqrt{\mathrm{GradNorm}}\right)}{\mathrm{Fisher}} - \log\left(\mathrm{GSynFlow}\right),MParams Grad_Norm Sqrt Mul Fisher Div GSynFlow Log Sub <EOS>,(((MParams * sqrt(Grad_Norm)) / Fisher) - log(GSynFlow)),0.521100000,0.463700000,115,9,5,2141,run_monash_time_unique1000,4,1,TIME__Coastal_T_S__H/seed_2141/run_monash_time_unique1000/visualizations/archive_latex.tex
244,0.781081081,0.521000000,\frac{\mathrm{MParams}}{\left(\log\left(\left(\mathrm{GSynFlow}\right) \cdot \left(\mathrm{MParams}\right)\right) + \mathrm{L2Norm}\right)^2},MParams GSynFlow MParams Mul Log L2-Norm Add Square Div <EOS>,(MParams / square((log((GSynFlow * MParams)) + L2-Norm))),0.521000000,0.408400000,113,9,6,2041,run_monash_time_unique1000,2,1,TIME__Coastal_T_S__H/seed_2041/run_monash_time_unique1000/visualizations/archive_latex.tex
245,0.780180180,0.520800000,\mathrm{MParams} - \frac{\sqrt{\frac{\sqrt{\mathrm{GSynFlow}}}{\mathrm{GradNorm}}}}{\mathrm{MParams}},MParams GSynFlow Sqrt Grad_Norm Div Sqrt MParams Div Sub <EOS>,(MParams - (sqrt((sqrt(GSynFlow) / Grad_Norm)) / MParams)),0.520800000,0.521800000,27,9,6,2174,run_monash_time_unique1000,1,3,TIME__Coastal_T_S__H/seed_2174/run_monash_time_unique1000/visualizations/archive_latex.tex
246,0.779279279,0.520200000,\mathrm{MParams} - \left(\log\left(\mathrm{L2Norm} + \mathrm{GSynFlow}\right)\right) \cdot \left(\mathrm{ZiCo}\right),MParams L2-Norm GSynFlow Add Log ZiCo Mul Sub <EOS>,(MParams - (log((L2-Norm + GSynFlow)) * ZiCo)),0.520200000,0.473800000,175,8,5,2064,run_monash_time_unique1000,1,1,TIME__Coastal_T_S__H/seed_2064/run_monash_time_unique1000/visualizations/archive_latex.tex
247,0.778378378,0.520200000,\mathrm{MParams} - \left(\mathrm{ZiCo}\right) \cdot \left(\log\left(\mathrm{L2Norm} + \mathrm{GSynFlow}\right)\right),MParams ZiCo L2-Norm GSynFlow Add Log Mul Sub <EOS>,(MParams - (ZiCo * log((L2-Norm + GSynFlow)))),0.520200000,0.473800000,119,8,5,2091,run_monash_time_unique1000,3,1,TIME__Coastal_T_S__H/seed_2091/run_monash_time_unique1000/visualizations/archive_latex.tex
248,0.777477477,0.520200000,\mathrm{MParams} - \left(\mathrm{ZiCo}\right) \cdot \left(\log\left(\mathrm{GSynFlow} + \mathrm{L2Norm}\right)\right),MParams ZiCo GSynFlow L2-Norm Add Log Mul Sub <EOS>,(MParams - (ZiCo * log((GSynFlow + L2-Norm)))),0.520200000,0.473800000,4,8,5,2139,run_monash_time_unique1000,9,1,TIME__Coastal_T_S__H/seed_2139/run_monash_time_unique1000/visualizations/archive_latex.tex
249,0.776576577,0.519900000,\mathrm{L2Norm} - \mathrm{GFLOPs} + \log\left(\left(\mathrm{GSynFlow}\right) \cdot \left(\log\left(\mathrm{GFLOPs}\right)\right)\right),L2-Norm GFLOPs GSynFlow GFLOPs Log Mul Log Add Sub <EOS>,(L2-Norm - (GFLOPs + log((GSynFlow * log(GFLOPs))))),0.519900000,0.442800000,50,9,6,2086,run_monash_time_unique1000,3,1,TIME__Coastal_T_S__H/seed_2086/run_monash_time_unique1000/visualizations/archive_latex.tex
250,0.775675676,0.519800000,\frac{\left(\left(\mathrm{Jacov}\right) \cdot \left(\mathrm{MParams}\right)\right)^2}{\frac{\sqrt{\mathrm{GSynFlow}}}{\mathrm{MParams}}},Jacov MParams Mul Square GSynFlow Sqrt MParams Div Div <EOS>,(square((Jacov * MParams)) / (sqrt(GSynFlow) / MParams)),0.519800000,0.543600000,18,9,4,2039,run_monash_time_unique1000,3,8,TIME__Coastal_T_S__H/seed_2039/run_monash_time_unique1000/visualizations/archive_latex.tex
251,0.774774775,0.519800000,\frac{\left(\left(\left(\mathrm{MParams}\right) \cdot \left(\mathrm{Jacov}\right)\right)^2\right) \cdot \left(\mathrm{MParams}\right)}{\sqrt{\mathrm{GSynFlow}}},MParams Jacov Mul Square MParams Mul GSynFlow Sqrt Div <EOS>,((square((MParams * Jacov)) * MParams) / sqrt(GSynFlow)),0.519800000,0.543600000,60,9,5,2027,run_monash_time_unique1000,4,3,TIME__Coastal_T_S__H/seed_2027/run_monash_time_unique1000/visualizations/archive_latex.tex
252,0.773873874,0.519800000,\frac{\left(\mathrm{MParams}\right) \cdot \left(\left(\left(\mathrm{MParams}\right) \cdot \left(\mathrm{Jacov}\right)\right)^2\right)}{\sqrt{\mathrm{GSynFlow}}},MParams MParams Jacov Mul Square Mul GSynFlow Sqrt Div <EOS>,((MParams * square((MParams * Jacov))) / sqrt(GSynFlow)),0.519800000,0.543600000,60,9,5,2033,run_monash_time_unique1000,4,2,TIME__Coastal_T_S__H/seed_2033/run_monash_time_unique1000/visualizations/archive_latex.tex
253,0.772972973,0.519800000,\left(\frac{\left(\left(\mathrm{MParams}\right) \cdot \left(\mathrm{Jacov}\right)\right)^2}{\sqrt{\mathrm{GSynFlow}}}\right) \cdot \left(\mathrm{MParams}\right),MParams Jacov Mul Square GSynFlow Sqrt Div MParams Mul <EOS>,((square((MParams * Jacov)) / sqrt(GSynFlow)) * MParams),0.519800000,0.543600000,167,9,5,2075,run_monash_time_unique1000,4,2,TIME__Coastal_T_S__H/seed_2075/run_monash_time_unique1000/visualizations/archive_latex.tex
254,0.772072072,0.519800000,\left(\mathrm{MParams}\right) \cdot \left(\frac{\left(\left(\mathrm{Jacov}\right) \cdot \left(\mathrm{MParams}\right)\right)^2}{\sqrt{\mathrm{GSynFlow}}}\right),MParams Jacov MParams Mul Square GSynFlow Sqrt Div Mul <EOS>,(MParams * (square((Jacov * MParams)) / sqrt(GSynFlow))),0.519800000,0.543600000,14,9,5,2112,run_monash_time_unique1000,4,2,TIME__Coastal_T_S__H/seed_2112/run_monash_time_unique1000/visualizations/archive_latex.tex
255,0.771171171,0.519800000,\frac{\left(\mathrm{MParams}\right) \cdot \left(\left(\left(\mathrm{Jacov}\right) \cdot \left(\mathrm{MParams}\right)\right)^2\right)}{\sqrt{\mathrm{GSynFlow}}},MParams Jacov MParams Mul Square Mul GSynFlow Sqrt Div <EOS>,((MParams * square((Jacov * MParams))) / sqrt(GSynFlow)),0.519800000,0.543600000,196,9,5,2183,run_monash_time_unique1000,4,3,TIME__Coastal_T_S__H/seed_2183/run_monash_time_unique1000/visualizations/archive_latex.tex
256,0.770270270,0.519800000,\left(\frac{\left(\left(\mathrm{Jacov}\right) \cdot \left(\mathrm{MParams}\right)\right)^2}{\sqrt{\mathrm{GSynFlow}}}\right) \cdot \left(\mathrm{MParams}\right),Jacov MParams Mul Square GSynFlow Sqrt Div MParams Mul <EOS>,((square((Jacov * MParams)) / sqrt(GSynFlow)) * MParams),0.519800000,0.543600000,49,9,5,2204,run_monash_time_unique1000,4,1,TIME__Coastal_T_S__H/seed_2204/run_monash_time_unique1000/visualizations/archive_latex.tex
257,0.769369369,0.519800000,\frac{\left(\left(\mathrm{MParams}\right) \cdot \left(\left(\left(\mathrm{MParams}\right) \cdot \left(\mathrm{Jacov}\right)\right)^2\right)\right)^2}{\mathrm{GSynFlow}},MParams MParams Jacov Mul Square Mul Square GSynFlow Div <EOS>,(square((MParams * square((MParams * Jacov)))) / GSynFlow),0.519800000,0.543600000,135,9,6,2103,run_monash_time_unique1000,6,1,TIME__Coastal_T_S__H/seed_2103/run_monash_time_unique1000/visualizations/archive_latex.tex
258,0.768468468,0.519800000,\frac{\left(\left(\left(\mathrm{Jacov}\right) \cdot \left(\mathrm{MParams}\right)\right)^2\right) \cdot \left(\mathrm{MParams}\right)}{\sqrt{\mathrm{GSynFlow}}},Jacov MParams Mul Square MParams Mul GSynFlow Sqrt Div <EOS>,((square((Jacov * MParams)) * MParams) / sqrt(GSynFlow)),0.519800000,0.543600000,134,9,5,2172,run_monash_time_unique1000,6,1,TIME__Coastal_T_S__H/seed_2172/run_monash_time_unique1000/visualizations/archive_latex.tex
259,0.767567568,0.519800000,\left(\frac{\mathrm{MParams}}{\sqrt{\mathrm{GSynFlow}}}\right) \cdot \left(\left(\left(\mathrm{MParams}\right) \cdot \left(\mathrm{Jacov}\right)\right)^2\right),MParams GSynFlow Sqrt Div MParams Jacov Mul Square Mul <EOS>,((MParams / sqrt(GSynFlow)) * square((MParams * Jacov))),0.519800000,0.543600000,78,9,4,2058,run_monash_time_unique1000,9,1,TIME__Coastal_T_S__H/seed_2058/run_monash_time_unique1000/visualizations/archive_latex.tex
260,0.766666667,0.519800000,\frac{\mathrm{MParams}}{\frac{\sqrt{\mathrm{GSynFlow}}}{\left(\left(\mathrm{Jacov}\right) \cdot \left(\mathrm{MParams}\right)\right)^2}},MParams GSynFlow Sqrt Jacov MParams Mul Square Div Div <EOS>,(MParams / (sqrt(GSynFlow) / square((Jacov * MParams)))),0.519800000,0.543600000,52,9,5,2093,run_monash_time_unique1000,9,1,TIME__Coastal_T_S__H/seed_2093/run_monash_time_unique1000/visualizations/archive_latex.tex
261,0.765765766,0.519800000,\frac{\left(\left(\mathrm{MParams}\right) \cdot \left(\mathrm{Jacov}\right)\right)^2}{\frac{\sqrt{\mathrm{GSynFlow}}}{\mathrm{MParams}}},MParams Jacov Mul Square GSynFlow Sqrt MParams Div Div <EOS>,(square((MParams * Jacov)) / (sqrt(GSynFlow) / MParams)),0.519800000,0.543600000,69,9,4,2102,run_monash_time_unique1000,10,1,TIME__Coastal_T_S__H/seed_2102/run_monash_time_unique1000/visualizations/archive_latex.tex
262,0.764864865,0.519700000,\frac{\mathrm{MParams}}{\sqrt{\mathrm{GSynFlow} + \frac{\mathrm{JacobFro}}{\log\left(\mathrm{GSynFlow}\right)}}},MParams GSynFlow Jacob_fro GSynFlow Log Div Add Sqrt Div <EOS>,(MParams / sqrt((GSynFlow + (Jacob_fro / log(GSynFlow))))),0.519700000,0.408000000,16,9,6,2043,run_monash_time_unique1000,2,1,TIME__Coastal_T_S__H/seed_2043/run_monash_time_unique1000/visualizations/archive_latex.tex
263,0.763963964,0.519700000,\frac{\left(\left(\mathrm{ZiCo}\right)^2\right) \cdot \left(\mathrm{JacobFro}\right)}{\left(\mathrm{Jacov}\right) \cdot \left(\mathrm{L2Norm}\right)},ZiCo Square Jacob_fro Mul Jacov L2-Norm Mul Div <EOS>,((square(ZiCo) * Jacob_fro) / (Jacov * L2-Norm)),0.519700000,0.387100000,68,8,4,2208,run_monash_time_unique1000,2,1,TIME__Coastal_T_S__H/seed_2208/run_monash_time_unique1000/visualizations/archive_latex.tex
264,0.763063063,0.519700000,\left(\frac{\frac{-\mathrm{Jacov}}{\left(\mathrm{ZiCo}\right)^2}}{\mathrm{JacobFro}}\right) \cdot \left(\mathrm{L2Norm}\right),Jacov Negative ZiCo Square Div Jacob_fro Div L2-Norm Mul <EOS>,(((-(Jacov) / square(ZiCo)) / Jacob_fro) * L2-Norm),0.519700000,0.387100000,28,9,5,2220,run_monash_time_unique1000,3,1,TIME__Coastal_T_S__H/seed_2220/run_monash_time_unique1000/visualizations/archive_latex.tex
265,0.762162162,0.519600000,\mathrm{L2Norm} - \mathrm{GFLOPs} + \log\left(\left(\mathrm{GSynFlow}\right) \cdot \left(\log\left(\mathrm{plain}\right)\right)\right),L2-Norm GFLOPs GSynFlow plain Log Mul Log Add Sub <EOS>,(L2-Norm - (GFLOPs + log((GSynFlow * log(plain))))),0.519600000,0.444700000,49,9,6,2086,run_monash_time_unique1000,4,1,TIME__Coastal_T_S__H/seed_2086/run_monash_time_unique1000/visualizations/archive_latex.tex
266,0.761261261,0.519600000,\mathrm{L2Norm} - \mathrm{GFLOPs} - \log\left(\left(\log\left(\mathrm{plain}\right)\right) \cdot \left(\mathrm{GSynFlow}\right)\right),L2-Norm GFLOPs Sub plain Log GSynFlow Mul Log Sub <EOS>,((L2-Norm - GFLOPs) - log((log(plain) * GSynFlow))),0.519600000,0.444700000,88,9,5,2109,run_monash_time_unique1000,5,1,TIME__Coastal_T_S__H/seed_2109/run_monash_time_unique1000/visualizations/archive_latex.tex
267,0.760360360,0.519400000,\log\left(\frac{\mathrm{MParams}}{\mathrm{ZiCo}}\right) - \sqrt{\mathrm{L2Norm}} - \mathrm{ZiCo},MParams ZiCo Div Log L2-Norm Sqrt ZiCo Sub Sub <EOS>,(log((MParams / ZiCo)) - (sqrt(L2-Norm) - ZiCo)),0.519400000,0.464900000,8,9,4,2029,run_monash_time_unique1000,2,1,TIME__Coastal_T_S__H/seed_2029/run_monash_time_unique1000/visualizations/archive_latex.tex
268,0.759459459,0.519300000,\left(\frac{\left(\mathrm{GFLOPs}\right) \cdot \left(\mathrm{MParams}\right)}{\mathrm{plain}}\right)^2 - \sqrt{\mathrm{GSynFlow}},GFLOPs MParams Mul plain Div Square GSynFlow Sqrt Sub <EOS>,(square(((GFLOPs * MParams) / plain)) - sqrt(GSynFlow)),0.519300000,0.512800000,35,9,5,2064,run_monash_time_unique1000,2,3,TIME__Coastal_T_S__H/seed_2064/run_monash_time_unique1000/visualizations/archive_latex.tex
269,0.758558559,0.519300000,\mathrm{L2Norm} - \log\left(\left(\mathrm{GSynFlow} - \left(\mathrm{plain}\right) \cdot \left(\mathrm{GSynFlow}\right)\right)^2\right),L2-Norm GSynFlow plain GSynFlow Mul Sub Square Log Sub <EOS>,(L2-Norm - log(square((GSynFlow - (plain * GSynFlow))))),0.519300000,0.495900000,160,9,6,2135,run_monash_time_unique1000,3,3,TIME__Coastal_T_S__H/seed_2135/run_monash_time_unique1000/visualizations/archive_latex.tex
270,0.757657658,0.519300000,\mathrm{L2Norm} - \log\left(\left(\mathrm{GSynFlow} - \left(\mathrm{GSynFlow}\right) \cdot \left(\mathrm{plain}\right)\right)^2\right),L2-Norm GSynFlow GSynFlow plain Mul Sub Square Log Sub <EOS>,(L2-Norm - log(square((GSynFlow - (GSynFlow * plain))))),0.519300000,0.495900000,177,9,6,2193,run_monash_time_unique1000,3,2,TIME__Coastal_T_S__H/seed_2193/run_monash_time_unique1000/visualizations/archive_latex.tex
271,0.756756757,0.519300000,\mathrm{L2Norm} - \log\left(\left(\left(\mathrm{GSynFlow}\right) \cdot \left(\mathrm{plain}\right) - \mathrm{GSynFlow}\right)^2\right),L2-Norm GSynFlow plain Mul GSynFlow Sub Square Log Sub <EOS>,(L2-Norm - log(square(((GSynFlow * plain) - GSynFlow)))),0.519300000,0.495900000,140,9,6,2048,run_monash_time_unique1000,4,2,TIME__Coastal_T_S__H/seed_2048/run_monash_time_unique1000/visualizations/archive_latex.tex
272,0.755855856,0.519300000,\left(\left(\mathrm{MParams}\right) \cdot \left(\frac{\mathrm{GFLOPs}}{\mathrm{plain}}\right)\right)^2 - \sqrt{\mathrm{GSynFlow}},MParams GFLOPs plain Div Mul Square GSynFlow Sqrt Sub <EOS>,(square((MParams * (GFLOPs / plain))) - sqrt(GSynFlow)),0.519300000,0.512800000,62,9,5,2065,run_monash_time_unique1000,4,3,TIME__Coastal_T_S__H/seed_2065/run_monash_time_unique1000/visualizations/archive_latex.tex
273,0.754954955,0.519300000,\mathrm{L2Norm} - \log\left(\left(\left(\mathrm{plain}\right) \cdot \left(\mathrm{GSynFlow}\right) - \mathrm{GSynFlow}\right)^2\right),L2-Norm plain GSynFlow Mul GSynFlow Sub Square Log Sub <EOS>,(L2-Norm - log(square(((plain * GSynFlow) - GSynFlow)))),0.519300000,0.495900000,46,9,6,2088,run_monash_time_unique1000,4,1,TIME__Coastal_T_S__H/seed_2088/run_monash_time_unique1000/visualizations/archive_latex.tex
274,0.754054054,0.519300000,\left(\left(\frac{\mathrm{GFLOPs}}{\mathrm{plain}}\right) \cdot \left(\mathrm{MParams}\right)\right)^2 - \sqrt{\mathrm{GSynFlow}},GFLOPs plain Div MParams Mul Square GSynFlow Sqrt Sub <EOS>,(square(((GFLOPs / plain) * MParams)) - sqrt(GSynFlow)),0.519300000,0.512800000,82,9,5,2129,run_monash_time_unique1000,4,4,TIME__Coastal_T_S__H/seed_2129/run_monash_time_unique1000/visualizations/archive_latex.tex
275,0.753153153,0.519300000,\left(\left(\mathrm{GFLOPs}\right) \cdot \left(\frac{\mathrm{MParams}}{\mathrm{plain}}\right)\right)^2 - \sqrt{\mathrm{GSynFlow}},GFLOPs MParams plain Div Mul Square GSynFlow Sqrt Sub <EOS>,(square((GFLOPs * (MParams / plain))) - sqrt(GSynFlow)),0.519300000,0.512800000,67,9,5,2033,run_monash_time_unique1000,5,2,TIME__Coastal_T_S__H/seed_2033/run_monash_time_unique1000/visualizations/archive_latex.tex
276,0.752252252,0.519300000,\left(\left(\frac{\mathrm{MParams}}{\mathrm{plain}}\right) \cdot \left(\mathrm{GFLOPs}\right)\right)^2 - \sqrt{\mathrm{GSynFlow}},MParams plain Div GFLOPs Mul Square GSynFlow Sqrt Sub <EOS>,(square(((MParams / plain) * GFLOPs)) - sqrt(GSynFlow)),0.519300000,0.512800000,60,9,5,2201,run_monash_time_unique1000,5,1,TIME__Coastal_T_S__H/seed_2201/run_monash_time_unique1000/visualizations/archive_latex.tex
277,0.751351351,0.519300000,\left(\frac{\mathrm{GFLOPs}}{\frac{\mathrm{plain}}{\mathrm{MParams}}}\right)^2 - \sqrt{\mathrm{GSynFlow}},GFLOPs plain MParams Div Div Square GSynFlow Sqrt Sub <EOS>,(square((GFLOPs / (plain / MParams))) - sqrt(GSynFlow)),0.519300000,0.512800000,136,9,5,2036,run_monash_time_unique1000,6,1,TIME__Coastal_T_S__H/seed_2036/run_monash_time_unique1000/visualizations/archive_latex.tex
278,0.750450450,0.519300000,\left(\mathrm{MParams}\right)^2 - \sqrt{\frac{\sqrt{\mathrm{GSynFlow}}}{\log\left(\mathrm{Jacov}\right)}},MParams Square GSynFlow Sqrt Jacov Log Div Sqrt Sub <EOS>,(square(MParams) - sqrt((sqrt(GSynFlow) / log(Jacov)))),0.519300000,0.543400000,194,9,5,2037,run_monash_time_unique1000,7,11,TIME__Coastal_T_S__H/seed_2037/run_monash_time_unique1000/visualizations/archive_latex.tex
279,0.749549550,0.519300000,\left(\frac{\mathrm{MParams}}{\frac{\mathrm{plain}}{\mathrm{GFLOPs}}}\right)^2 - \sqrt{\mathrm{GSynFlow}},MParams plain GFLOPs Div Div Square GSynFlow Sqrt Sub <EOS>,(square((MParams / (plain / GFLOPs))) - sqrt(GSynFlow)),0.519300000,0.512800000,44,9,5,2098,run_monash_time_unique1000,8,1,TIME__Coastal_T_S__H/seed_2098/run_monash_time_unique1000/visualizations/archive_latex.tex
280,0.748648649,0.519200000,\left(\mathrm{MParams}\right)^2 - \sqrt{\frac{\sqrt{\mathrm{GSynFlow}}}{\log\left(\mathrm{JacobFro}\right)}},MParams Square GSynFlow Sqrt Jacob_fro Log Div Sqrt Sub <EOS>,(square(MParams) - sqrt((sqrt(GSynFlow) / log(Jacob_fro)))),0.519200000,0.527800000,195,9,5,2037,run_monash_time_unique1000,8,4,TIME__Coastal_T_S__H/seed_2037/run_monash_time_unique1000/visualizations/archive_latex.tex
281,0.747747748,0.519000000,\left(\frac{\mathrm{MParams}}{\mathrm{JacobFro}}\right) \cdot \left(\sqrt{\mathrm{Jacov}} - \log\left(\mathrm{GSynFlow}\right)\right),MParams Jacob_fro Div Jacov Sqrt GSynFlow Log Sub Mul <EOS>,((MParams / Jacob_fro) * (sqrt(Jacov) - log(GSynFlow))),0.519000000,0.488500000,35,9,4,2038,run_monash_time_unique1000,1,3,TIME__Coastal_T_S__H/seed_2038/run_monash_time_unique1000/visualizations/archive_latex.tex
282,0.746846847,0.518500000,\frac{\left(\frac{\left(\mathrm{MParams}\right)^2}{\left(\mathrm{plain}\right)^2}\right)^2}{\sqrt{\mathrm{GSynFlow}}},MParams Square plain Square Div Square GSynFlow Sqrt Div <EOS>,(square((square(MParams) / square(plain))) / sqrt(GSynFlow)),0.518500000,0.486000000,90,9,5,2200,run_monash_time_unique1000,2,23,TIME__Coastal_T_S__H/seed_2200/run_monash_time_unique1000/visualizations/archive_latex.tex
283,0.745945946,0.518400000,\frac{\frac{\mathrm{MParams}}{\left(\mathrm{ZiCo}\right)^2}}{\mathrm{GSynFlow} + \left(\mathrm{L2Norm}\right)^2},MParams ZiCo Square Div GSynFlow L2-Norm Square Add Div <EOS>,((MParams / square(ZiCo)) / (GSynFlow + square(L2-Norm))),0.518400000,0.485400000,180,9,4,2159,run_monash_time_unique1000,2,1,TIME__Coastal_T_S__H/seed_2159/run_monash_time_unique1000/visualizations/archive_latex.tex
284,0.745045045,0.518400000,\frac{\mathrm{MParams}}{\left(\left(\mathrm{ZiCo}\right)^2\right) \cdot \left(\left(\mathrm{L2Norm}\right)^2 + \mathrm{GSynFlow}\right)},MParams ZiCo Square L2-Norm Square GSynFlow Add Mul Div <EOS>,(MParams / (square(ZiCo) * (square(L2-Norm) + GSynFlow))),0.518400000,0.485400000,27,9,5,2091,run_monash_time_unique1000,4,1,TIME__Coastal_T_S__H/seed_2091/run_monash_time_unique1000/visualizations/archive_latex.tex
285,0.744144144,0.518000000,\left(\mathrm{MParams}\right) \cdot \left(\sqrt{\frac{\mathrm{Jacov}}{\sqrt{\mathrm{GSynFlow}}}} + \mathrm{GFLOPs}\right),MParams Jacov GSynFlow Sqrt Div Sqrt GFLOPs Add Mul <EOS>,(MParams * (sqrt((Jacov / sqrt(GSynFlow))) + GFLOPs)),0.518000000,0.384600000,128,9,6,2062,run_monash_time_unique1000,6,1,TIME__Coastal_T_S__H/seed_2062/run_monash_time_unique1000/visualizations/archive_latex.tex
286,0.743243243,0.517700000,\log\left(\frac{\mathrm{MParams}}{\left(\mathrm{ZiCo}\right)^2}\right) - \sqrt{\mathrm{GFLOPs}},MParams ZiCo Square Div Log GFLOPs Sqrt Sub <EOS>,(log((MParams / square(ZiCo))) - sqrt(GFLOPs)),0.517700000,0.463600000,21,8,5,2047,run_monash_time_unique1000,7,1,TIME__Coastal_T_S__H/seed_2047/run_monash_time_unique1000/visualizations/archive_latex.tex
287,0.742342342,0.517400000,\mathrm{MParams} - \mathrm{ZiCo} - \left(\log\left(\mathrm{GSynFlow}\right)\right) \cdot \left(\left(\mathrm{ZiCo}\right)^2\right),MParams ZiCo Sub GSynFlow Log ZiCo Square Mul Sub <EOS>,((MParams - ZiCo) - (log(GSynFlow) * square(ZiCo))),0.517400000,0.487600000,127,9,4,2111,run_monash_time_unique1000,4,1,TIME__Coastal_T_S__H/seed_2111/run_monash_time_unique1000/visualizations/archive_latex.tex
288,0.741441441,0.517000000,\left(\left(\mathrm{GFLOPs}\right) \cdot \left(\left(\left(\mathrm{MParams}\right) \cdot \left(\mathrm{MParams}\right)\right)^2\right)\right)^2 - \mathrm{GSynFlow},GFLOPs MParams MParams Mul Square Mul Square GSynFlow Sub <EOS>,(square((GFLOPs * square((MParams * MParams)))) - GSynFlow),0.517000000,0.555300000,44,9,6,2134,run_monash_time_unique1000,7,2,TIME__Coastal_T_S__H/seed_2134/run_monash_time_unique1000/visualizations/archive_latex.tex
289,0.740540541,0.516500000,\left(\left(\mathrm{MParams}\right) \cdot \left(\mathrm{MParams} + \mathrm{MParams}\right)\right)^2 - \sqrt{\mathrm{GSynFlow}},MParams MParams MParams Add Mul Square GSynFlow Sqrt Sub <EOS>,(square((MParams * (MParams + MParams))) - sqrt(GSynFlow)),0.516500000,0.492000000,137,9,5,2033,run_monash_time_unique1000,6,2,TIME__Coastal_T_S__H/seed_2033/run_monash_time_unique1000/visualizations/archive_latex.tex
290,0.739639640,0.516500000,\left(\left(\mathrm{MParams} + \mathrm{MParams}\right) \cdot \left(\mathrm{MParams}\right)\right)^2 - \sqrt{\mathrm{GSynFlow}},MParams MParams Add MParams Mul Square GSynFlow Sqrt Sub <EOS>,(square(((MParams + MParams) * MParams)) - sqrt(GSynFlow)),0.516500000,0.492000000,116,9,5,2181,run_monash_time_unique1000,7,2,TIME__Coastal_T_S__H/seed_2181/run_monash_time_unique1000/visualizations/archive_latex.tex
291,0.738738739,0.516100000,\left(\left(\mathrm{GradNorm}\right) \cdot \left(\left(\left(\mathrm{MParams}\right) \cdot \left(\mathrm{MParams}\right)\right)^2\right)\right)^2 - \mathrm{GSynFlow},Grad_Norm MParams MParams Mul Square Mul Square GSynFlow Sub <EOS>,(square((Grad_Norm * square((MParams * MParams)))) - GSynFlow),0.516100000,0.551700000,28,9,6,2134,run_monash_time_unique1000,8,2,TIME__Coastal_T_S__H/seed_2134/run_monash_time_unique1000/visualizations/archive_latex.tex
292,0.737837838,0.516000000,\frac{\mathrm{Fisher}}{\sqrt{\left(\log\left(\mathrm{plain}\right)\right) \cdot \left(\frac{\mathrm{Snip}}{\mathrm{MParams}}\right)}},Fisher plain Log Snip MParams Div Mul Sqrt Div <EOS>,(Fisher / sqrt((log(plain) * (Snip / MParams)))),0.516000000,0.383100000,110,9,5,2162,run_monash_time_unique1000,2,1,TIME__Coastal_T_S__H/seed_2162/run_monash_time_unique1000/visualizations/archive_latex.tex
293,0.736936937,0.515900000,\mathrm{L2Norm} - \frac{\log\left(\sqrt{\frac{\mathrm{GSynFlow}}{\mathrm{Jacov}}}\right)}{\mathrm{ZiCo}},L2-Norm GSynFlow Jacov Div Sqrt Log ZiCo Div Sub <EOS>,(L2-Norm - (log(sqrt((GSynFlow / Jacov))) / ZiCo)),0.515900000,0.440500000,175,9,6,2193,run_monash_time_unique1000,4,1,TIME__Coastal_T_S__H/seed_2193/run_monash_time_unique1000/visualizations/archive_latex.tex
294,0.736036036,0.515900000,\frac{\left(\left(\log\left(\mathrm{GSynFlow}\right)\right) \cdot \left(\mathrm{MParams}\right)\right)^2}{\mathrm{JacobFro} - \mathrm{GSynFlow}},GSynFlow Log MParams Mul Square Jacob_fro GSynFlow Sub Div <EOS>,(square((log(GSynFlow) * MParams)) / (Jacob_fro - GSynFlow)),0.515900000,0.380900000,81,9,5,2150,run_monash_time_unique1000,7,1,TIME__Coastal_T_S__H/seed_2150/run_monash_time_unique1000/visualizations/archive_latex.tex
295,0.735135135,0.515800000,\left(\mathrm{MParams}\right) \cdot \left(\left(\mathrm{MParams}\right)^2\right) - \frac{\sqrt{\mathrm{GSynFlow}}}{\mathrm{GFLOPs}},MParams MParams Square Mul GSynFlow Sqrt GFLOPs Div Sub <EOS>,((MParams * square(MParams)) - (sqrt(GSynFlow) / GFLOPs)),0.515800000,0.492600000,18,9,4,2104,run_monash_time_unique1000,9,1,TIME__Coastal_T_S__H/seed_2104/run_monash_time_unique1000/visualizations/archive_latex.tex
296,0.734234234,0.515700000,\frac{\left(\mathrm{MParams}\right)^2}{\sqrt{\left(\left(\mathrm{plain}\right)^2\right) \cdot \left(\sqrt{\mathrm{GSynFlow}}\right)}},MParams Square plain Square GSynFlow Sqrt Mul Sqrt Div <EOS>,(square(MParams) / sqrt((square(plain) * sqrt(GSynFlow)))),0.515700000,0.507100000,37,9,5,2074,run_monash_time_unique1000,3,1,TIME__Coastal_T_S__H/seed_2074/run_monash_time_unique1000/visualizations/archive_latex.tex
297,0.733333333,0.515700000,\frac{\left(\frac{\left(\mathrm{MParams}\right)^2}{\mathrm{plain}}\right)^2}{\sqrt{\mathrm{GSynFlow}}},MParams Square plain Div Square GSynFlow Sqrt Div <EOS>,(square((square(MParams) / plain)) / sqrt(GSynFlow)),0.515700000,0.507100000,94,8,5,2200,run_monash_time_unique1000,3,26,TIME__Coastal_T_S__H/seed_2200/run_monash_time_unique1000/visualizations/archive_latex.tex
298,0.732432432,0.515700000,\frac{\left(\mathrm{MParams}\right)^2}{\sqrt{\left(\sqrt{\mathrm{GSynFlow}}\right) \cdot \left(\left(\mathrm{plain}\right)^2\right)}},MParams Square GSynFlow Sqrt plain Square Mul Sqrt Div <EOS>,(square(MParams) / sqrt((sqrt(GSynFlow) * square(plain)))),0.515700000,0.507100000,98,9,5,2039,run_monash_time_unique1000,4,5,TIME__Coastal_T_S__H/seed_2039/run_monash_time_unique1000/visualizations/archive_latex.tex
299,0.731531532,0.515700000,\frac{\left(\left(\mathrm{MParams}\right) \cdot \left(\frac{\mathrm{MParams}}{\mathrm{plain}}\right)\right)^2}{\sqrt{\mathrm{GSynFlow}}},MParams MParams plain Div Mul Square GSynFlow Sqrt Div <EOS>,(square((MParams * (MParams / plain))) / sqrt(GSynFlow)),0.515700000,0.507100000,81,9,5,2027,run_monash_time_unique1000,5,5,TIME__Coastal_T_S__H/seed_2027/run_monash_time_unique1000/visualizations/archive_latex.tex
300,0.730630631,0.515700000,\mathrm{MParams} - \left(\mathrm{ZiCo}\right) \cdot \left(\log\left(\sqrt{\mathrm{JacobFro} + \mathrm{GSynFlow}}\right)\right),MParams ZiCo Jacob_fro GSynFlow Add Sqrt Log Mul Sub <EOS>,(MParams - (ZiCo * log(sqrt((Jacob_fro + GSynFlow))))),0.515700000,0.367600000,119,9,6,2091,run_monash_time_unique1000,5,1,TIME__Coastal_T_S__H/seed_2091/run_monash_time_unique1000/visualizations/archive_latex.tex
301,0.729729730,0.515700000,\frac{\left(\left(\frac{\mathrm{MParams}}{\mathrm{plain}}\right) \cdot \left(\mathrm{MParams}\right)\right)^2}{\sqrt{\mathrm{GSynFlow}}},MParams plain Div MParams Mul Square GSynFlow Sqrt Div <EOS>,(square(((MParams / plain) * MParams)) / sqrt(GSynFlow)),0.515700000,0.507100000,54,9,5,2129,run_monash_time_unique1000,5,2,TIME__Coastal_T_S__H/seed_2129/run_monash_time_unique1000/visualizations/archive_latex.tex
302,0.728828829,0.515200000,\mathrm{L2Norm} - \log\left(\left(\left(\mathrm{GSynFlow}\right) \cdot \left(\log\left(\mathrm{plain}\right)\right)\right)^2\right),L2-Norm GSynFlow plain Log Mul Square Log Sub <EOS>,(L2-Norm - log(square((GSynFlow * log(plain))))),0.515200000,0.501300000,64,8,6,2131,run_monash_time_unique1000,1,6,TIME__Coastal_T_S__H/seed_2131/run_monash_time_unique1000/visualizations/archive_latex.tex
303,0.727927928,0.515200000,\mathrm{L2Norm} - \log\left(\left(\left(\log\left(\mathrm{plain}\right)\right) \cdot \left(\mathrm{GSynFlow}\right)\right)^2\right),L2-Norm plain Log GSynFlow Mul Square Log Sub <EOS>,(L2-Norm - log(square((log(plain) * GSynFlow)))),0.515200000,0.501300000,138,8,6,2063,run_monash_time_unique1000,3,3,TIME__Coastal_T_S__H/seed_2063/run_monash_time_unique1000/visualizations/archive_latex.tex
304,0.727027027,0.515200000,\mathrm{L2Norm} - \log\left(\left(\left(\mathrm{GSynFlow}\right)^2\right) \cdot \left(\left(\log\left(\mathrm{plain}\right)\right)^2\right)\right),L2-Norm GSynFlow Square plain Log Square Mul Log Sub <EOS>,(L2-Norm - log((square(GSynFlow) * square(log(plain))))),0.515200000,0.501300000,33,9,6,2086,run_monash_time_unique1000,6,1,TIME__Coastal_T_S__H/seed_2086/run_monash_time_unique1000/visualizations/archive_latex.tex
305,0.726126126,0.514900000,\frac{\mathrm{MParams}}{\sqrt{\sqrt{\mathrm{GSynFlow}} + \mathrm{Snip}}} - \mathrm{ZiCo},MParams GSynFlow Sqrt Snip Add Sqrt Div ZiCo Sub <EOS>,((MParams / sqrt((sqrt(GSynFlow) + Snip))) - ZiCo),0.514900000,0.487600000,87,9,6,2032,run_monash_time_unique1000,6,1,TIME__Coastal_T_S__H/seed_2032/run_monash_time_unique1000/visualizations/archive_latex.tex
306,0.725225225,0.514400000,\left(-\log\left(\left(\mathrm{GSynFlow}\right)^2\right) - \mathrm{L2Norm}\right) \cdot \left(\log\left(\mathrm{Jacov}\right)\right),GSynFlow Square Log L2-Norm Sub Negative Jacov Log Mul <EOS>,(-((log(square(GSynFlow)) - L2-Norm)) * log(Jacov)),0.514400000,0.524900000,81,9,6,2066,run_monash_time_unique1000,5,1,TIME__Coastal_T_S__H/seed_2066/run_monash_time_unique1000/visualizations/archive_latex.tex
307,0.724324324,0.514400000,\left(\mathrm{L2Norm} - \log\left(\left(\mathrm{GSynFlow}\right)^2\right)\right) \cdot \left(\log\left(\mathrm{Jacov}\right)\right),L2-Norm GSynFlow Square Log Sub Jacov Log Mul <EOS>,((L2-Norm - log(square(GSynFlow))) * log(Jacov)),0.514400000,0.524900000,107,8,5,2046,run_monash_time_unique1000,6,1,TIME__Coastal_T_S__H/seed_2046/run_monash_time_unique1000/visualizations/archive_latex.tex
308,0.723423423,0.514400000,\frac{\sqrt{\frac{\mathrm{MParams}}{\sqrt{\left(\mathrm{GFLOPs}\right) \cdot \left(\mathrm{Snip}\right)}}}}{\mathrm{ZiCo}},MParams GFLOPs Snip Mul Sqrt Div Sqrt ZiCo Div <EOS>,(sqrt((MParams / sqrt((GFLOPs * Snip)))) / ZiCo),0.514400000,0.374400000,42,9,6,2032,run_monash_time_unique1000,7,1,TIME__Coastal_T_S__H/seed_2032/run_monash_time_unique1000/visualizations/archive_latex.tex
309,0.722522523,0.514300000,\frac{\mathrm{L2Norm} - \left(\log\left(\mathrm{GFLOPs}\right)\right) \cdot \left(\sqrt{\mathrm{Snip}}\right)}{\mathrm{ZiCo}},L2-Norm GFLOPs Log Snip Sqrt Mul Sub ZiCo Div <EOS>,((L2-Norm - (log(GFLOPs) * sqrt(Snip))) / ZiCo),0.514300000,0.423700000,192,9,5,2185,run_monash_time_unique1000,2,1,TIME__Coastal_T_S__H/seed_2185/run_monash_time_unique1000/visualizations/archive_latex.tex
310,0.721621622,0.513900000,\left(\mathrm{MParams}\right)^2 - \left(\log\left(\mathrm{GSynFlow}\right)\right) \cdot \left(\mathrm{Fisher}\right),MParams Square GSynFlow Log Fisher Mul Sub <EOS>,(square(MParams) - (log(GSynFlow) * Fisher)),0.513900000,0.359100000,170,7,4,2056,run_monash_time_unique1000,7,1,TIME__Coastal_T_S__H/seed_2056/run_monash_time_unique1000/visualizations/archive_latex.tex
311,0.720720721,0.513900000,\left(\mathrm{MParams}\right) \cdot \left(\mathrm{MParams}\right) - \left(\log\left(\mathrm{GSynFlow}\right)\right) \cdot \left(\mathrm{Fisher}\right),MParams MParams Mul GSynFlow Log Fisher Mul Sub <EOS>,((MParams * MParams) - (log(GSynFlow) * Fisher)),0.513900000,0.359100000,148,8,4,2065,run_monash_time_unique1000,7,1,TIME__Coastal_T_S__H/seed_2065/run_monash_time_unique1000/visualizations/archive_latex.tex
312,0.719819820,0.513800000,\left(\left(\log\left(\sqrt{\mathrm{GSynFlow}}\right)\right) \cdot \left(\mathrm{ZiCo}\right) - \mathrm{MParams}\right) \cdot \left(\mathrm{Jacov}\right),GSynFlow Sqrt Log ZiCo Mul MParams Sub Jacov Mul <EOS>,(((log(sqrt(GSynFlow)) * ZiCo) - MParams) * Jacov),0.513800000,0.492200000,16,9,6,2200,run_monash_time_unique1000,4,1,TIME__Coastal_T_S__H/seed_2200/run_monash_time_unique1000/visualizations/archive_latex.tex
313,0.718918919,0.513700000,\mathrm{L2Norm} - \frac{\log\left(\mathrm{GSynFlow}\right)}{\mathrm{GFLOPs}} - \log\left(\mathrm{GSynFlow}\right),L2-Norm GSynFlow Log GFLOPs Div Sub GSynFlow Log Sub <EOS>,((L2-Norm - (log(GSynFlow) / GFLOPs)) - log(GSynFlow)),0.513700000,0.407300000,56,9,5,2203,run_monash_time_unique1000,3,1,TIME__Coastal_T_S__H/seed_2203/run_monash_time_unique1000/visualizations/archive_latex.tex
314,0.718018018,0.513700000,\mathrm{L2Norm} - \log\left(\mathrm{GSynFlow}\right) - \frac{\log\left(\mathrm{GSynFlow}\right)}{\mathrm{GFLOPs}},L2-Norm GSynFlow Log Sub GSynFlow Log GFLOPs Div Sub <EOS>,((L2-Norm - log(GSynFlow)) - (log(GSynFlow) / GFLOPs)),0.513700000,0.407300000,10,9,4,2086,run_monash_time_unique1000,7,1,TIME__Coastal_T_S__H/seed_2086/run_monash_time_unique1000/visualizations/archive_latex.tex
315,0.717117117,0.513500000,\frac{\mathrm{L2Norm} - \log\left(\mathrm{GSynFlow}\right) + \sqrt{\mathrm{plain}}}{\mathrm{ZiCo}},L2-Norm GSynFlow Log plain Sqrt Add Sub ZiCo Div <EOS>,((L2-Norm - (log(GSynFlow) + sqrt(plain))) / ZiCo),0.513500000,0.397400000,57,9,5,2049,run_monash_time_unique1000,2,1,TIME__Coastal_T_S__H/seed_2049/run_monash_time_unique1000/visualizations/archive_latex.tex
316,0.716216216,0.513400000,\left(\mathrm{MParams}\right) \cdot \left(\log\left(\frac{\mathrm{Jacov}}{\sqrt{\mathrm{GSynFlow}}} - \mathrm{MParams}\right)\right),MParams Jacov GSynFlow Sqrt Div MParams Sub Log Mul <EOS>,(MParams * log(((Jacov / sqrt(GSynFlow)) - MParams))),0.513400000,0.484800000,69,9,6,2215,run_monash_time_unique1000,4,1,TIME__Coastal_T_S__H/seed_2215/run_monash_time_unique1000/visualizations/archive_latex.tex
317,0.715315315,0.513400000,\left(\log\left(\frac{\mathrm{Jacov}}{\sqrt{\mathrm{GSynFlow}}} - \mathrm{MParams}\right)\right) \cdot \left(\mathrm{MParams}\right),Jacov GSynFlow Sqrt Div MParams Sub Log MParams Mul <EOS>,(log(((Jacov / sqrt(GSynFlow)) - MParams)) * MParams),0.513400000,0.484800000,81,9,6,2083,run_monash_time_unique1000,5,1,TIME__Coastal_T_S__H/seed_2083/run_monash_time_unique1000/visualizations/archive_latex.tex
318,0.714414414,0.512900000,\log\left(\frac{\mathrm{MParams}}{\mathrm{ZiCo}}\right) - \sqrt{\mathrm{L2Norm}},MParams ZiCo Div Log L2-Norm Sqrt Sub <EOS>,(log((MParams / ZiCo)) - sqrt(L2-Norm)),0.512900000,0.468000000,7,7,4,2029,run_monash_time_unique1000,3,2,TIME__Coastal_T_S__H/seed_2029/run_monash_time_unique1000/visualizations/archive_latex.tex
319,0.713513514,0.512900000,\log\left(-\frac{\mathrm{MParams}}{\mathrm{ZiCo}}\right) - \sqrt{\mathrm{L2Norm}},MParams ZiCo Div Negative Log L2-Norm Sqrt Sub <EOS>,(log(-((MParams / ZiCo))) - sqrt(L2-Norm)),0.512900000,0.468000000,199,8,5,2033,run_monash_time_unique1000,8,1,TIME__Coastal_T_S__H/seed_2033/run_monash_time_unique1000/visualizations/archive_latex.tex
320,0.712612613,0.512800000,\frac{\mathrm{L2Norm} - \log\left(\mathrm{GSynFlow}\right) + \mathrm{plain}}{\mathrm{ZiCo}},L2-Norm GSynFlow Log plain Add Sub ZiCo Div <EOS>,((L2-Norm - (log(GSynFlow) + plain)) / ZiCo),0.512800000,0.400400000,111,8,5,2130,run_monash_time_unique1000,1,2,TIME__Coastal_T_S__H/seed_2130/run_monash_time_unique1000/visualizations/archive_latex.tex
321,0.711711712,0.512800000,\frac{\mathrm{L2Norm} - \mathrm{plain} - \log\left(\mathrm{GSynFlow}\right)}{\mathrm{ZiCo}},L2-Norm plain Sub GSynFlow Log Sub ZiCo Div <EOS>,(((L2-Norm - plain) - log(GSynFlow)) / ZiCo),0.512800000,0.400400000,14,8,4,2189,run_monash_time_unique1000,1,1,TIME__Coastal_T_S__H/seed_2189/run_monash_time_unique1000/visualizations/archive_latex.tex
322,0.710810811,0.512800000,\frac{\mathrm{L2Norm} - \log\left(\mathrm{GSynFlow}\right) - \mathrm{plain}}{\mathrm{ZiCo}},L2-Norm GSynFlow Log Sub plain Sub ZiCo Div <EOS>,(((L2-Norm - log(GSynFlow)) - plain) / ZiCo),0.512800000,0.400400000,33,8,5,2210,run_monash_time_unique1000,8,1,TIME__Coastal_T_S__H/seed_2210/run_monash_time_unique1000/visualizations/archive_latex.tex
323,0.709909910,0.512700000,\left(-\sqrt{\frac{\mathrm{GFLOPs}}{\mathrm{MParams}} + \mathrm{ZiCo}}\right) \cdot \left(\mathrm{ZiCo}\right),GFLOPs MParams Div ZiCo Add Sqrt Negative ZiCo Mul <EOS>,(-(sqrt(((GFLOPs / MParams) + ZiCo))) * ZiCo),0.512700000,0.397000000,112,9,6,2126,run_monash_time_unique1000,2,1,TIME__Coastal_T_S__H/seed_2126/run_monash_time_unique1000/visualizations/archive_latex.tex
324,0.709009009,0.512700000,\frac{\mathrm{L2Norm} - \log\left(\left(\mathrm{GSynFlow}\right) \cdot \left(\mathrm{plain}\right)\right)}{\mathrm{ZiCo}},L2-Norm GSynFlow plain Mul Log Sub ZiCo Div <EOS>,((L2-Norm - log((GSynFlow * plain))) / ZiCo),0.512700000,0.402800000,112,8,5,2130,run_monash_time_unique1000,2,4,TIME__Coastal_T_S__H/seed_2130/run_monash_time_unique1000/visualizations/archive_latex.tex
325,0.708108108,0.512700000,\frac{\mathrm{L2Norm} - \log\left(\left(\mathrm{plain}\right) \cdot \left(\mathrm{GSynFlow}\right)\right)}{\mathrm{ZiCo}},L2-Norm plain GSynFlow Mul Log Sub ZiCo Div <EOS>,((L2-Norm - log((plain * GSynFlow))) / ZiCo),0.512700000,0.402800000,114,8,5,2222,run_monash_time_unique1000,2,1,TIME__Coastal_T_S__H/seed_2222/run_monash_time_unique1000/visualizations/archive_latex.tex
326,0.707207207,0.512700000,\left(\left(\left(\mathrm{GradNorm}\right) \cdot \left(\mathrm{MParams}\right)\right) \cdot \left(\left(\mathrm{MParams}\right)^2\right)\right)^2 - \mathrm{GSynFlow},Grad_Norm MParams Mul MParams Square Mul Square GSynFlow Sub <EOS>,(square(((Grad_Norm * MParams) * square(MParams))) - GSynFlow),0.512700000,0.451400000,30,9,5,2056,run_monash_time_unique1000,8,1,TIME__Coastal_T_S__H/seed_2056/run_monash_time_unique1000/visualizations/archive_latex.tex
327,0.706306306,0.512700000,\left(\left(\left(\mathrm{MParams}\right)^2\right) \cdot \left(\left(\mathrm{GradNorm}\right) \cdot \left(\mathrm{MParams}\right)\right)\right)^2 - \mathrm{GSynFlow},MParams Square Grad_Norm MParams Mul Mul Square GSynFlow Sub <EOS>,(square((square(MParams) * (Grad_Norm * MParams))) - GSynFlow),0.512700000,0.451400000,27,9,5,2110,run_monash_time_unique1000,8,1,TIME__Coastal_T_S__H/seed_2110/run_monash_time_unique1000/visualizations/archive_latex.tex
328,0.705405405,0.512700000,\left(\left(\left(\mathrm{MParams}\right) \cdot \left(\mathrm{GradNorm}\right)\right) \cdot \left(\left(\mathrm{MParams}\right)^2\right)\right)^2 - \mathrm{GSynFlow},MParams Grad_Norm Mul MParams Square Mul Square GSynFlow Sub <EOS>,(square(((MParams * Grad_Norm) * square(MParams))) - GSynFlow),0.512700000,0.451400000,172,9,5,2033,run_monash_time_unique1000,9,1,TIME__Coastal_T_S__H/seed_2033/run_monash_time_unique1000/visualizations/archive_latex.tex
329,0.704504505,0.512700000,\left(\left(\mathrm{GradNorm}\right) \cdot \left(\left(\mathrm{MParams}\right) \cdot \left(\left(\mathrm{MParams}\right)^2\right)\right)\right)^2 - \mathrm{GSynFlow},Grad_Norm MParams MParams Square Mul Mul Square GSynFlow Sub <EOS>,(square((Grad_Norm * (MParams * square(MParams)))) - GSynFlow),0.512700000,0.451400000,26,9,6,2134,run_monash_time_unique1000,10,1,TIME__Coastal_T_S__H/seed_2134/run_monash_time_unique1000/visualizations/archive_latex.tex
330,0.703603604,0.512600000,\left(\left(\left(\mathrm{GFLOPs}\right) \cdot \left(\left(\mathrm{MParams}\right)^2\right)\right) \cdot \left(\mathrm{MParams}\right)\right)^2 - \mathrm{GSynFlow},GFLOPs MParams Square Mul MParams Mul Square GSynFlow Sub <EOS>,(square(((GFLOPs * square(MParams)) * MParams)) - GSynFlow),0.512600000,0.464900000,175,9,6,2136,run_monash_time_unique1000,1,2,TIME__Coastal_T_S__H/seed_2136/run_monash_time_unique1000/visualizations/archive_latex.tex
331,0.702702703,0.512600000,\left(\left(\left(\mathrm{MParams}\right)^2\right) \cdot \left(\left(\mathrm{GFLOPs}\right) \cdot \left(\mathrm{MParams}\right)\right)\right)^2 - \mathrm{GSynFlow},MParams Square GFLOPs MParams Mul Mul Square GSynFlow Sub <EOS>,(square((square(MParams) * (GFLOPs * MParams))) - GSynFlow),0.512600000,0.464900000,49,9,5,2056,run_monash_time_unique1000,9,2,TIME__Coastal_T_S__H/seed_2056/run_monash_time_unique1000/visualizations/archive_latex.tex
332,0.701801802,0.512500000,\mathrm{MParams} - \frac{\sqrt{\left(\sqrt{\mathrm{GSynFlow}}\right) \cdot \left(\mathrm{Fisher}\right)}}{\mathrm{MParams}},MParams GSynFlow Sqrt Fisher Mul Sqrt MParams Div Sub <EOS>,(MParams - (sqrt((sqrt(GSynFlow) * Fisher)) / MParams)),0.512500000,0.499000000,67,9,6,2052,run_monash_time_unique1000,9,1,TIME__Coastal_T_S__H/seed_2052/run_monash_time_unique1000/visualizations/archive_latex.tex
333,0.700900901,0.512300000,\left(\mathrm{MParams}\right)^2 - \sqrt{\frac{\sqrt{\mathrm{GSynFlow}}}{\sqrt{\mathrm{L2Norm}}}},MParams Square GSynFlow Sqrt L2-Norm Sqrt Div Sqrt Sub <EOS>,(square(MParams) - sqrt((sqrt(GSynFlow) / sqrt(L2-Norm)))),0.512300000,0.527900000,116,9,5,2167,run_monash_time_unique1000,9,1,TIME__Coastal_T_S__H/seed_2167/run_monash_time_unique1000/visualizations/archive_latex.tex
334,0.700000000,0.512000000,\frac{\left(\mathrm{GradNorm}\right)^2 + \sqrt{\mathrm{GFLOPs}}}{\sqrt{\log\left(\mathrm{plain}\right)}},Grad_Norm Square GFLOPs Sqrt Add plain Log Sqrt Div <EOS>,((square(Grad_Norm) + sqrt(GFLOPs)) / sqrt(log(plain))),0.512000000,0.345900000,200,9,4,2155,run_monash_time_unique1000,1,1,TIME__Coastal_T_S__H/seed_2155/run_monash_time_unique1000/visualizations/archive_latex.tex
335,0.699099099,0.512000000,\frac{\mathrm{L2Norm} - \log\left(\left(\mathrm{GSynFlow}\right) \cdot \left(\mathrm{Snip}\right)\right)}{\mathrm{ZiCo}},L2-Norm GSynFlow Snip Mul Log Sub ZiCo Div <EOS>,((L2-Norm - log((GSynFlow * Snip))) / ZiCo),0.512000000,0.396700000,198,8,5,2208,run_monash_time_unique1000,3,2,TIME__Coastal_T_S__H/seed_2208/run_monash_time_unique1000/visualizations/archive_latex.tex
336,0.698198198,0.512000000,\frac{\mathrm{L2Norm} - \log\left(\left(\mathrm{Snip}\right) \cdot \left(\mathrm{GSynFlow}\right)\right)}{\mathrm{ZiCo}},L2-Norm Snip GSynFlow Mul Log Sub ZiCo Div <EOS>,((L2-Norm - log((Snip * GSynFlow))) / ZiCo),0.512000000,0.396700000,111,8,5,2222,run_monash_time_unique1000,3,1,TIME__Coastal_T_S__H/seed_2222/run_monash_time_unique1000/visualizations/archive_latex.tex
337,0.697297297,0.511900000,\frac{\log\left(\mathrm{GSynFlow}\right)}{\frac{\mathrm{Snip}}{\mathrm{GraSP}}} + \mathrm{L2Norm},GSynFlow Log Snip GraSP Div Div L2-Norm Add <EOS>,((log(GSynFlow) / (Snip / GraSP)) + L2-Norm),0.511900000,0.446900000,27,8,4,2110,run_monash_time_unique1000,9,1,TIME__Coastal_T_S__H/seed_2110/run_monash_time_unique1000/visualizations/archive_latex.tex
338,0.696396396,0.511700000,\frac{\mathrm{MParams}}{\sqrt{\mathrm{JacobFro} + \mathrm{GSynFlow}}} - \left(\mathrm{ZiCo}\right)^2,MParams Jacob_fro GSynFlow Add Sqrt Div ZiCo Square Sub <EOS>,((MParams / sqrt((Jacob_fro + GSynFlow))) - square(ZiCo)),0.511700000,0.461900000,67,9,5,2082,run_monash_time_unique1000,4,1,TIME__Coastal_T_S__H/seed_2082/run_monash_time_unique1000/visualizations/archive_latex.tex
339,0.695495495,0.511700000,\frac{\mathrm{MParams}}{\sqrt{\mathrm{GSynFlow} + \mathrm{JacobFro}}} - \left(\mathrm{ZiCo}\right)^2,MParams GSynFlow Jacob_fro Add Sqrt Div ZiCo Square Sub <EOS>,((MParams / sqrt((GSynFlow + Jacob_fro))) - square(ZiCo)),0.511700000,0.461900000,73,9,5,2032,run_monash_time_unique1000,8,1,TIME__Coastal_T_S__H/seed_2032/run_monash_time_unique1000/visualizations/archive_latex.tex
340,0.694594595,0.511600000,\frac{\left(\sqrt{\mathrm{MParams}}\right) \cdot \left(\mathrm{GradNorm}\right)}{\sqrt{\mathrm{GSynFlow}} + \mathrm{Snip}},MParams Sqrt Grad_Norm Mul GSynFlow Sqrt Snip Add Div <EOS>,((sqrt(MParams) * Grad_Norm) / (sqrt(GSynFlow) + Snip)),0.511600000,0.472700000,35,9,4,2045,run_monash_time_unique1000,2,1,TIME__Coastal_T_S__H/seed_2045/run_monash_time_unique1000/visualizations/archive_latex.tex
341,0.693693694,0.511600000,\frac{\left(\mathrm{MParams}\right)^2}{\sqrt{\frac{\sqrt{\mathrm{GSynFlow}}}{\log\left(\mathrm{MParams}\right)}}},MParams Square GSynFlow Sqrt MParams Log Div Sqrt Div <EOS>,(square(MParams) / sqrt((sqrt(GSynFlow) / log(MParams)))),0.511600000,0.374400000,100,9,5,2114,run_monash_time_unique1000,6,2,TIME__Coastal_T_S__H/seed_2114/run_monash_time_unique1000/visualizations/archive_latex.tex
342,0.692792793,0.511600000,\mathrm{L2Norm} - \log\left(\left(\mathrm{GSynFlow}\right)^2\right) - \left(\mathrm{GradNorm}\right) \cdot \left(\mathrm{MParams}\right),L2-Norm GSynFlow Square Log Grad_Norm MParams Mul Sub Sub <EOS>,(L2-Norm - (log(square(GSynFlow)) - (Grad_Norm * MParams))),0.511600000,0.388000000,39,9,5,2062,run_monash_time_unique1000,7,1,TIME__Coastal_T_S__H/seed_2062/run_monash_time_unique1000/visualizations/archive_latex.tex
343,0.691891892,0.511300000,\frac{\left(\frac{\left(\mathrm{MParams}\right)^2}{\log\left(\mathrm{plain}\right)}\right)^2}{\sqrt{\mathrm{GSynFlow}}},MParams Square plain Log Div Square GSynFlow Sqrt Div <EOS>,(square((square(MParams) / log(plain))) / sqrt(GSynFlow)),0.511300000,0.479700000,18,9,5,2054,run_monash_time_unique1000,5,18,TIME__Coastal_T_S__H/seed_2054/run_monash_time_unique1000/visualizations/archive_latex.tex
344,0.690990991,0.511200000,\mathrm{L2Norm} - \frac{\mathrm{Snip}}{\mathrm{GradNorm}} - \log\left(\mathrm{GSynFlow}\right),L2-Norm Snip Grad_Norm Div Sub GSynFlow Log Sub <EOS>,((L2-Norm - (Snip / Grad_Norm)) - log(GSynFlow)),0.511200000,0.475700000,113,8,4,2141,run_monash_time_unique1000,5,1,TIME__Coastal_T_S__H/seed_2141/run_monash_time_unique1000/visualizations/archive_latex.tex
345,0.690090090,0.511200000,\mathrm{L2Norm} - \log\left(\mathrm{GSynFlow}\right) - \frac{\mathrm{Snip}}{\mathrm{GradNorm}},L2-Norm GSynFlow Log Sub Snip Grad_Norm Div Sub <EOS>,((L2-Norm - log(GSynFlow)) - (Snip / Grad_Norm)),0.511200000,0.475700000,96,8,4,2046,run_monash_time_unique1000,7,1,TIME__Coastal_T_S__H/seed_2046/run_monash_time_unique1000/visualizations/archive_latex.tex
346,0.689189189,0.511100000,\frac{\mathrm{L2Norm} - \left(\sqrt{\mathrm{plain}}\right) \cdot \left(\log\left(\mathrm{GSynFlow}\right)\right)}{\mathrm{ZiCo}},L2-Norm plain Sqrt GSynFlow Log Mul Sub ZiCo Div <EOS>,((L2-Norm - (sqrt(plain) * log(GSynFlow))) / ZiCo),0.511100000,0.457300000,194,9,5,2218,run_monash_time_unique1000,3,1,TIME__Coastal_T_S__H/seed_2218/run_monash_time_unique1000/visualizations/archive_latex.tex
347,0.688288288,0.511000000,\frac{\mathrm{L2Norm}}{\mathrm{ZiCo}} - \left(\log\left(\mathrm{GSynFlow}\right)\right) \cdot \left(\log\left(\mathrm{L2Norm}\right)\right),L2-Norm ZiCo Div GSynFlow Log L2-Norm Log Mul Sub <EOS>,((L2-Norm / ZiCo) - (log(GSynFlow) * log(L2-Norm))),0.511000000,0.488600000,20,9,4,2180,run_monash_time_unique1000,1,1,TIME__Coastal_T_S__H/seed_2180/run_monash_time_unique1000/visualizations/archive_latex.tex
348,0.687387387,0.511000000,\frac{\mathrm{MParams}}{\mathrm{ZiCo}} - \left(\log\left(\mathrm{GSynFlow}\right)\right) \cdot \left(\mathrm{Fisher}\right),MParams ZiCo Div GSynFlow Log Fisher Mul Sub <EOS>,((MParams / ZiCo) - (log(GSynFlow) * Fisher)),0.511000000,0.507200000,46,8,4,2164,run_monash_time_unique1000,2,3,TIME__Coastal_T_S__H/seed_2164/run_monash_time_unique1000/visualizations/archive_latex.tex
349,0.686486486,0.511000000,\frac{\mathrm{MParams}}{\mathrm{ZiCo}} - \left(\mathrm{Fisher}\right) \cdot \left(\log\left(\mathrm{GSynFlow}\right)\right),MParams ZiCo Div Fisher GSynFlow Log Mul Sub <EOS>,((MParams / ZiCo) - (Fisher * log(GSynFlow))),0.511000000,0.507200000,159,8,4,2207,run_monash_time_unique1000,2,3,TIME__Coastal_T_S__H/seed_2207/run_monash_time_unique1000/visualizations/archive_latex.tex
350,0.685585586,0.510900000,\mathrm{L2Norm} - \log\left(\left(\mathrm{GSynFlow} - \frac{\mathrm{GSynFlow}}{\mathrm{plain}}\right)^2\right),L2-Norm GSynFlow GSynFlow plain Div Sub Square Log Sub <EOS>,(L2-Norm - log(square((GSynFlow - (GSynFlow / plain))))),0.510900000,0.504100000,197,9,6,2063,run_monash_time_unique1000,4,4,TIME__Coastal_T_S__H/seed_2063/run_monash_time_unique1000/visualizations/archive_latex.tex
351,0.684684685,0.510900000,\mathrm{L2Norm} - \log\left(\left(\frac{\mathrm{GSynFlow}}{\mathrm{plain}} - \mathrm{GSynFlow}\right)^2\right),L2-Norm GSynFlow plain Div GSynFlow Sub Square Log Sub <EOS>,(L2-Norm - log(square(((GSynFlow / plain) - GSynFlow)))),0.510900000,0.504100000,41,9,6,2088,run_monash_time_unique1000,5,2,TIME__Coastal_T_S__H/seed_2088/run_monash_time_unique1000/visualizations/archive_latex.tex
352,0.683783784,0.510800000,\frac{\sqrt{\mathrm{L2Norm}}}{\mathrm{GSynFlow}} - \mathrm{GSynFlow} - \left(\mathrm{L2Norm}\right)^2,L2-Norm Sqrt GSynFlow Div GSynFlow L2-Norm Square Sub Sub <EOS>,((sqrt(L2-Norm) / GSynFlow) - (GSynFlow - square(L2-Norm))),0.510800000,0.470100000,70,9,4,2206,run_monash_time_unique1000,1,1,TIME__Coastal_T_S__H/seed_2206/run_monash_time_unique1000/visualizations/archive_latex.tex
353,0.682882883,0.510800000,\left(\frac{\mathrm{MParams}}{\mathrm{ZiCo}}\right) \cdot \left(\sqrt{\mathrm{Jacov}} - \log\left(\mathrm{GSynFlow}\right)\right),MParams ZiCo Div Jacov Sqrt GSynFlow Log Sub Mul <EOS>,((MParams / ZiCo) * (sqrt(Jacov) - log(GSynFlow))),0.510800000,0.553400000,129,9,4,2038,run_monash_time_unique1000,2,3,TIME__Coastal_T_S__H/seed_2038/run_monash_time_unique1000/visualizations/archive_latex.tex
354,0.681981982,0.510800000,\frac{\left(\mathrm{MParams}\right) \cdot \left(\sqrt{\mathrm{Jacov}} - \log\left(\mathrm{GSynFlow}\right)\right)}{\mathrm{ZiCo}},MParams Jacov Sqrt GSynFlow Log Sub Mul ZiCo Div <EOS>,((MParams * (sqrt(Jacov) - log(GSynFlow))) / ZiCo),0.510800000,0.553400000,125,9,5,2213,run_monash_time_unique1000,4,1,TIME__Coastal_T_S__H/seed_2213/run_monash_time_unique1000/visualizations/archive_latex.tex
355,0.681081081,0.510800000,\frac{\left(\sqrt{\mathrm{Jacov}} - \log\left(\mathrm{GSynFlow}\right)\right) \cdot \left(\mathrm{MParams}\right)}{\mathrm{ZiCo}},Jacov Sqrt GSynFlow Log Sub MParams Mul ZiCo Div <EOS>,(((sqrt(Jacov) - log(GSynFlow)) * MParams) / ZiCo),0.510800000,0.553400000,99,9,5,2225,run_monash_time_unique1000,4,1,TIME__Coastal_T_S__H/seed_2225/run_monash_time_unique1000/visualizations/archive_latex.tex
356,0.680180180,0.510700000,\mathrm{L2Norm} + \mathrm{GFLOPs} - \log\left(\left(\frac{\mathrm{GSynFlow}}{\mathrm{Jacov}}\right)^2\right),L2-Norm GFLOPs Add GSynFlow Jacov Div Square Log Sub <EOS>,((L2-Norm + GFLOPs) - log(square((GSynFlow / Jacov)))),0.510700000,0.491400000,124,9,5,2203,run_monash_time_unique1000,4,5,TIME__Coastal_T_S__H/seed_2203/run_monash_time_unique1000/visualizations/archive_latex.tex
357,0.679279279,0.510700000,\mathrm{GFLOPs} + \mathrm{L2Norm} - \log\left(\left(\frac{\mathrm{GSynFlow}}{\mathrm{Jacov}}\right)^2\right),GFLOPs L2-Norm GSynFlow Jacov Div Square Log Sub Add <EOS>,(GFLOPs + (L2-Norm - log(square((GSynFlow / Jacov))))),0.510700000,0.491400000,80,9,6,2135,run_monash_time_unique1000,5,1,TIME__Coastal_T_S__H/seed_2135/run_monash_time_unique1000/visualizations/archive_latex.tex
358,0.678378378,0.510700000,\mathrm{GFLOPs} + \mathrm{L2Norm} - \log\left(\left(\frac{\mathrm{GSynFlow}}{\mathrm{Jacov}}\right)^2\right),GFLOPs L2-Norm Add GSynFlow Jacov Div Square Log Sub <EOS>,((GFLOPs + L2-Norm) - log(square((GSynFlow / Jacov)))),0.510700000,0.491400000,72,9,5,2193,run_monash_time_unique1000,6,3,TIME__Coastal_T_S__H/seed_2193/run_monash_time_unique1000/visualizations/archive_latex.tex
359,0.677477477,0.510600000,\left(\mathrm{MParams}\right)^2 - \sqrt{\frac{\sqrt{\mathrm{GSynFlow}}}{\mathrm{MParams}}},MParams Square GSynFlow Sqrt MParams Div Sqrt Sub <EOS>,(square(MParams) - sqrt((sqrt(GSynFlow) / MParams))),0.510600000,0.456600000,120,8,5,2039,run_monash_time_unique1000,5,3,TIME__Coastal_T_S__H/seed_2039/run_monash_time_unique1000/visualizations/archive_latex.tex
360,0.676576577,0.510500000,\left(\mathrm{ZiCo}\right) \cdot \left(\mathrm{MParams} - \log\left(\mathrm{GSynFlow} - \mathrm{JacobFro}\right)\right),ZiCo MParams GSynFlow Jacob_fro Sub Log Sub Mul <EOS>,(ZiCo * (MParams - log((GSynFlow - Jacob_fro)))),0.510500000,0.436800000,119,8,5,2055,run_monash_time_unique1000,7,1,TIME__Coastal_T_S__H/seed_2055/run_monash_time_unique1000/visualizations/archive_latex.tex
361,0.675675676,0.510200000,\mathrm{MParams} - \frac{\log\left(\sqrt{\mathrm{GSynFlow}}\right)}{\frac{\mathrm{GradNorm}}{\mathrm{plain}}},MParams GSynFlow Sqrt Log Grad_Norm plain Div Div Sub <EOS>,(MParams - (log(sqrt(GSynFlow)) / (Grad_Norm / plain))),0.510200000,0.409300000,182,9,5,2156,run_monash_time_unique1000,5,1,TIME__Coastal_T_S__H/seed_2156/run_monash_time_unique1000/visualizations/archive_latex.tex
362,0.674774775,0.510000000,\left(\mathrm{MParams}\right)^2 - \sqrt{\left(\sqrt{\mathrm{GSynFlow}}\right) \cdot \left(\mathrm{ZiCo}\right)},MParams Square GSynFlow Sqrt ZiCo Mul Sqrt Sub <EOS>,(square(MParams) - sqrt((sqrt(GSynFlow) * ZiCo))),0.510000000,0.467400000,37,8,5,2090,run_monash_time_unique1000,2,9,TIME__Coastal_T_S__H/seed_2090/run_monash_time_unique1000/visualizations/archive_latex.tex
363,0.673873874,0.510000000,\left(\mathrm{MParams}\right)^2 - \sqrt{\left(\mathrm{ZiCo}\right) \cdot \left(\sqrt{\mathrm{GSynFlow}}\right)},MParams Square ZiCo GSynFlow Sqrt Mul Sqrt Sub <EOS>,(square(MParams) - sqrt((ZiCo * sqrt(GSynFlow)))),0.510000000,0.467400000,50,8,5,2191,run_monash_time_unique1000,2,8,TIME__Coastal_T_S__H/seed_2191/run_monash_time_unique1000/visualizations/archive_latex.tex
364,0.672972973,0.510000000,\left(\mathrm{MParams}\right) \cdot \left(\mathrm{MParams}\right) - \sqrt{\left(\sqrt{\mathrm{GSynFlow}}\right) \cdot \left(\mathrm{ZiCo}\right)},MParams MParams Mul GSynFlow Sqrt ZiCo Mul Sqrt Sub <EOS>,((MParams * MParams) - sqrt((sqrt(GSynFlow) * ZiCo))),0.510000000,0.467400000,111,9,5,2032,run_monash_time_unique1000,9,1,TIME__Coastal_T_S__H/seed_2032/run_monash_time_unique1000/visualizations/archive_latex.tex
365,0.672072072,0.509900000,\left(\mathrm{MParams}\right)^2 - \sqrt{\frac{\mathrm{GSynFlow}}{\mathrm{Jacov}}} - \mathrm{ZiCo},MParams Square GSynFlow Jacov Div Sqrt Sub ZiCo Sub <EOS>,((square(MParams) - sqrt((GSynFlow / Jacov))) - ZiCo),0.509900000,0.440900000,33,9,5,2035,run_monash_time_unique1000,1,1,TIME__Coastal_T_S__H/seed_2035/run_monash_time_unique1000/visualizations/archive_latex.tex
366,0.671171171,0.509900000,\left(\mathrm{MParams}\right)^2 - \frac{\frac{\sqrt{\mathrm{GSynFlow}}}{\mathrm{GFLOPs}}}{\mathrm{MParams}},MParams Square GSynFlow Sqrt GFLOPs Div MParams Div Sub <EOS>,(square(MParams) - ((sqrt(GSynFlow) / GFLOPs) / MParams)),0.509900000,0.485700000,12,9,5,2174,run_monash_time_unique1000,2,1,TIME__Coastal_T_S__H/seed_2174/run_monash_time_unique1000/visualizations/archive_latex.tex
367,0.670270270,0.509900000,\frac{\mathrm{L2Norm} - \log\left(\left(\mathrm{L2Norm}\right) \cdot \left(\mathrm{GSynFlow}\right)\right)}{\mathrm{ZiCo}},L2-Norm L2-Norm GSynFlow Mul Log Sub ZiCo Div <EOS>,((L2-Norm - log((L2-Norm * GSynFlow))) / ZiCo),0.509900000,0.397400000,149,8,5,2057,run_monash_time_unique1000,3,3,TIME__Coastal_T_S__H/seed_2057/run_monash_time_unique1000/visualizations/archive_latex.tex
368,0.669369369,0.509900000,\left(\mathrm{MParams}\right)^2 - \frac{\sqrt{\mathrm{GSynFlow}}}{\left(\mathrm{GFLOPs}\right) \cdot \left(\mathrm{MParams}\right)},MParams Square GSynFlow Sqrt GFLOPs MParams Mul Div Sub <EOS>,(square(MParams) - (sqrt(GSynFlow) / (GFLOPs * MParams))),0.509900000,0.485700000,53,9,4,2160,run_monash_time_unique1000,3,1,TIME__Coastal_T_S__H/seed_2160/run_monash_time_unique1000/visualizations/archive_latex.tex
369,0.668468468,0.509900000,\frac{\mathrm{L2Norm} - \log\left(\left(\mathrm{GSynFlow}\right) \cdot \left(\mathrm{L2Norm}\right)\right)}{\mathrm{ZiCo}},L2-Norm GSynFlow L2-Norm Mul Log Sub ZiCo Div <EOS>,((L2-Norm - log((GSynFlow * L2-Norm))) / ZiCo),0.509900000,0.397400000,31,8,5,2189,run_monash_time_unique1000,3,1,TIME__Coastal_T_S__H/seed_2189/run_monash_time_unique1000/visualizations/archive_latex.tex
370,0.667567568,0.509900000,\left(\mathrm{MParams}\right)^2 - \frac{\sqrt{\mathrm{GSynFlow}}}{\left(\mathrm{MParams}\right) \cdot \left(\mathrm{GFLOPs}\right)},MParams Square GSynFlow Sqrt MParams GFLOPs Mul Div Sub <EOS>,(square(MParams) - (sqrt(GSynFlow) / (MParams * GFLOPs))),0.509900000,0.485700000,17,9,4,2156,run_monash_time_unique1000,6,2,TIME__Coastal_T_S__H/seed_2156/run_monash_time_unique1000/visualizations/archive_latex.tex
371,0.666666667,0.509800000,\frac{\mathrm{L2Norm} - \log\left(\left(\mathrm{GSynFlow}\right) \cdot \left(\log\left(\mathrm{GraSP}\right)\right)\right)}{\mathrm{ZiCo}},L2-Norm GSynFlow GraSP Log Mul Log Sub ZiCo Div <EOS>,((L2-Norm - log((GSynFlow * log(GraSP)))) / ZiCo),0.509800000,0.398200000,120,9,6,2185,run_monash_time_unique1000,3,1,TIME__Coastal_T_S__H/seed_2185/run_monash_time_unique1000/visualizations/archive_latex.tex
372,0.665765766,0.509700000,\frac{\mathrm{L2Norm} - \mathrm{Fisher} - \log\left(\mathrm{GSynFlow}\right)}{\mathrm{ZiCo}},L2-Norm Fisher Sub GSynFlow Log Sub ZiCo Div <EOS>,(((L2-Norm - Fisher) - log(GSynFlow)) / ZiCo),0.509700000,0.396900000,122,8,4,2051,run_monash_time_unique1000,3,2,TIME__Coastal_T_S__H/seed_2051/run_monash_time_unique1000/visualizations/archive_latex.tex
373,0.664864865,0.509700000,\frac{\mathrm{MParams}}{\left(\mathrm{ZiCo}\right)^2} - \log\left(\mathrm{plain} + \mathrm{GSynFlow}\right),MParams ZiCo Square Div plain GSynFlow Add Log Sub <EOS>,((MParams / square(ZiCo)) - log((plain + GSynFlow))),0.509700000,0.480800000,93,9,4,2133,run_monash_time_unique1000,4,1,TIME__Coastal_T_S__H/seed_2133/run_monash_time_unique1000/visualizations/archive_latex.tex
374,0.663963964,0.509700000,\mathrm{L2Norm} - \log\left(\left(\frac{\mathrm{GSynFlow}}{\left(\mathrm{Jacov}\right)^2}\right)^2\right),L2-Norm GSynFlow Jacov Square Div Square Log Sub <EOS>,(L2-Norm - log(square((GSynFlow / square(Jacov))))),0.509700000,0.515400000,97,8,6,2203,run_monash_time_unique1000,5,11,TIME__Coastal_T_S__H/seed_2203/run_monash_time_unique1000/visualizations/archive_latex.tex
375,0.663063063,0.509700000,\frac{\mathrm{L2Norm} - \log\left(\mathrm{GSynFlow}\right)}{\mathrm{ZiCo}} - \mathrm{Fisher},L2-Norm GSynFlow Log Sub ZiCo Div Fisher Sub <EOS>,(((L2-Norm - log(GSynFlow)) / ZiCo) - Fisher),0.509700000,0.395000000,16,8,5,2193,run_monash_time_unique1000,8,1,TIME__Coastal_T_S__H/seed_2193/run_monash_time_unique1000/visualizations/archive_latex.tex
376,0.662162162,0.509700000,\left(\mathrm{GradNorm}\right) \cdot \left(\left(\left(\mathrm{MParams}\right)^2\right) \cdot \left(\mathrm{MParams}\right)\right) - \sqrt{\mathrm{GSynFlow}},Grad_Norm MParams Square MParams Mul Mul GSynFlow Sqrt Sub <EOS>,((Grad_Norm * (square(MParams) * MParams)) - sqrt(GSynFlow)),0.509700000,0.465100000,83,9,5,2172,run_monash_time_unique1000,9,1,TIME__Coastal_T_S__H/seed_2172/run_monash_time_unique1000/visualizations/archive_latex.tex
377,0.661261261,0.509700000,\frac{\mathrm{L2Norm} - \mathrm{Fisher} + \log\left(\mathrm{GSynFlow}\right)}{\mathrm{ZiCo}},L2-Norm Fisher GSynFlow Log Add Sub ZiCo Div <EOS>,((L2-Norm - (Fisher + log(GSynFlow))) / ZiCo),0.509700000,0.396900000,10,8,5,2190,run_monash_time_unique1000,9,1,TIME__Coastal_T_S__H/seed_2190/run_monash_time_unique1000/visualizations/archive_latex.tex
378,0.660360360,0.509700000,\left(\left(\mathrm{MParams}\right) \cdot \left(\mathrm{GradNorm}\right)\right) \cdot \left(\left(\mathrm{MParams}\right)^2\right) - \sqrt{\mathrm{GSynFlow}},MParams Grad_Norm Mul MParams Square Mul GSynFlow Sqrt Sub <EOS>,(((MParams * Grad_Norm) * square(MParams)) - sqrt(GSynFlow)),0.509700000,0.465100000,170,9,4,2033,run_monash_time_unique1000,10,1,TIME__Coastal_T_S__H/seed_2033/run_monash_time_unique1000/visualizations/archive_latex.tex
379,0.659459459,0.509600000,\left(\mathrm{MParams}\right) \cdot \left(\sqrt{\mathrm{Jacov}} + \mathrm{MParams} - \log\left(\mathrm{GSynFlow}\right)\right),MParams Jacov Sqrt MParams Add GSynFlow Log Sub Mul <EOS>,(MParams * ((sqrt(Jacov) + MParams) - log(GSynFlow))),0.509600000,0.519800000,25,9,5,2038,run_monash_time_unique1000,3,1,TIME__Coastal_T_S__H/seed_2038/run_monash_time_unique1000/visualizations/archive_latex.tex
380,0.658558559,0.509600000,\left(\mathrm{MParams}\right) \cdot \left(\sqrt{\mathrm{Jacov}} - \log\left(\mathrm{GSynFlow}\right) + \mathrm{MParams}\right),MParams Jacov Sqrt GSynFlow Log Sub MParams Add Mul <EOS>,(MParams * ((sqrt(Jacov) - log(GSynFlow)) + MParams)),0.509600000,0.519800000,47,9,5,2195,run_monash_time_unique1000,3,1,TIME__Coastal_T_S__H/seed_2195/run_monash_time_unique1000/visualizations/archive_latex.tex
381,0.657657658,0.509600000,\left(\mathrm{MParams}\right) \cdot \left(\mathrm{MParams} + \sqrt{\mathrm{Jacov}} - \log\left(\mathrm{GSynFlow}\right)\right),MParams MParams Jacov Sqrt Add GSynFlow Log Sub Mul <EOS>,(MParams * ((MParams + sqrt(Jacov)) - log(GSynFlow))),0.509600000,0.519800000,23,9,5,2132,run_monash_time_unique1000,5,1,TIME__Coastal_T_S__H/seed_2132/run_monash_time_unique1000/visualizations/archive_latex.tex
382,0.656756757,0.509600000,\left(\mathrm{MParams}\right) \cdot \left(\mathrm{MParams} + \sqrt{\mathrm{Jacov}} - \log\left(\mathrm{GSynFlow}\right)\right),MParams MParams Jacov Sqrt GSynFlow Log Sub Add Mul <EOS>,(MParams * (MParams + (sqrt(Jacov) - log(GSynFlow)))),0.509600000,0.519800000,173,9,5,2213,run_monash_time_unique1000,5,1,TIME__Coastal_T_S__H/seed_2213/run_monash_time_unique1000/visualizations/archive_latex.tex
383,0.655855856,0.509600000,\left(\mathrm{MParams} + \sqrt{\mathrm{Jacov}} - \log\left(\mathrm{GSynFlow}\right)\right) \cdot \left(\mathrm{MParams}\right),MParams Jacov Sqrt GSynFlow Log Sub Add MParams Mul <EOS>,((MParams + (sqrt(Jacov) - log(GSynFlow))) * MParams),0.509600000,0.519800000,76,9,5,2225,run_monash_time_unique1000,5,1,TIME__Coastal_T_S__H/seed_2225/run_monash_time_unique1000/visualizations/archive_latex.tex
384,0.654954955,0.509600000,\frac{\mathrm{L2Norm} - \log\left(\mathrm{GSynFlow}\right) + \sqrt{\mathrm{L2Norm}}}{\mathrm{ZiCo}},L2-Norm GSynFlow Log L2-Norm Sqrt Add Sub ZiCo Div <EOS>,((L2-Norm - (log(GSynFlow) + sqrt(L2-Norm))) / ZiCo),0.509600000,0.412300000,129,9,5,2032,run_monash_time_unique1000,10,1,TIME__Coastal_T_S__H/seed_2032/run_monash_time_unique1000/visualizations/archive_latex.tex
385,0.654054054,0.509300000,\frac{\mathrm{L2Norm} - \log\left(\left(\mathrm{GSynFlow}\right) \cdot \left(\sqrt{\mathrm{plain}}\right)\right)}{\mathrm{ZiCo}},L2-Norm GSynFlow plain Sqrt Mul Log Sub ZiCo Div <EOS>,((L2-Norm - log((GSynFlow * sqrt(plain)))) / ZiCo),0.509300000,0.400700000,196,9,6,2208,run_monash_time_unique1000,4,1,TIME__Coastal_T_S__H/seed_2208/run_monash_time_unique1000/visualizations/archive_latex.tex
386,0.653153153,0.509200000,\left(\left(\mathrm{MParams}\right) \cdot \left(\log\left(\mathrm{Fisher}\right)\right)\right)^2 - \log\left(\sqrt{\mathrm{GSynFlow}}\right),MParams Fisher Log Mul Square GSynFlow Sqrt Log Sub <EOS>,(square((MParams * log(Fisher))) - log(sqrt(GSynFlow))),0.509200000,0.475200000,159,9,5,2183,run_monash_time_unique1000,8,1,TIME__Coastal_T_S__H/seed_2183/run_monash_time_unique1000/visualizations/archive_latex.tex
387,0.652252252,0.509000000,\frac{\mathrm{L2Norm} - \log\left(\mathrm{GSynFlow}\right) + \sqrt{\mathrm{Fisher}}}{\mathrm{ZiCo}},L2-Norm GSynFlow Log Fisher Sqrt Add Sub ZiCo Div <EOS>,((L2-Norm - (log(GSynFlow) + sqrt(Fisher))) / ZiCo),0.509000000,0.396500000,178,9,5,2057,run_monash_time_unique1000,4,1,TIME__Coastal_T_S__H/seed_2057/run_monash_time_unique1000/visualizations/archive_latex.tex
388,0.651351351,0.508900000,\left(\frac{\mathrm{MParams}}{\sqrt{\log\left(\mathrm{plain}\right)}}\right)^2 - \log\left(\mathrm{GSynFlow}\right),MParams plain Log Sqrt Div Square GSynFlow Log Sub <EOS>,(square((MParams / sqrt(log(plain)))) - log(GSynFlow)),0.508900000,0.430400000,22,9,6,2103,run_monash_time_unique1000,10,1,TIME__Coastal_T_S__H/seed_2103/run_monash_time_unique1000/visualizations/archive_latex.tex
389,0.650450450,0.508800000,\mathrm{MParams} - \left(\mathrm{ZiCo}\right) \cdot \left(\log\left(\mathrm{JacobFro} + \mathrm{GSynFlow}\right)\right),MParams ZiCo Jacob_fro GSynFlow Add Log Mul Sub <EOS>,(MParams - (ZiCo * log((Jacob_fro + GSynFlow)))),0.508800000,0.504500000,118,8,5,2091,run_monash_time_unique1000,6,1,TIME__Coastal_T_S__H/seed_2091/run_monash_time_unique1000/visualizations/archive_latex.tex
390,0.649549550,0.508700000,\frac{\mathrm{L2Norm} - \log\left(\left(\mathrm{GSynFlow}\right) \cdot \left(\mathrm{GFLOPs}\right)\right)}{\mathrm{ZiCo}},L2-Norm GSynFlow GFLOPs Mul Log Sub ZiCo Div <EOS>,((L2-Norm - log((GSynFlow * GFLOPs))) / ZiCo),0.508700000,0.405900000,188,8,5,2049,run_monash_time_unique1000,3,2,TIME__Coastal_T_S__H/seed_2049/run_monash_time_unique1000/visualizations/archive_latex.tex
391,0.648648649,0.508700000,\frac{\mathrm{L2Norm} - \log\left(\mathrm{GFLOPs}\right) - \log\left(\mathrm{GSynFlow}\right)}{\mathrm{ZiCo}},L2-Norm GFLOPs Log Sub GSynFlow Log Sub ZiCo Div <EOS>,(((L2-Norm - log(GFLOPs)) - log(GSynFlow)) / ZiCo),0.508700000,0.405900000,14,9,5,2182,run_monash_time_unique1000,3,2,TIME__Coastal_T_S__H/seed_2182/run_monash_time_unique1000/visualizations/archive_latex.tex
392,0.647747748,0.508700000,\frac{\mathrm{L2Norm} - \log\left(\left(\sqrt{\mathrm{GradNorm}}\right) \cdot \left(\mathrm{GSynFlow}\right)\right)}{\mathrm{ZiCo}},L2-Norm Grad_Norm Sqrt GSynFlow Mul Log Sub ZiCo Div <EOS>,((L2-Norm - log((sqrt(Grad_Norm) * GSynFlow))) / ZiCo),0.508700000,0.395900000,147,9,6,2057,run_monash_time_unique1000,5,1,TIME__Coastal_T_S__H/seed_2057/run_monash_time_unique1000/visualizations/archive_latex.tex
393,0.646846847,0.508700000,\frac{\mathrm{L2Norm} - \log\left(\left(\mathrm{GFLOPs}\right) \cdot \left(\mathrm{GSynFlow}\right)\right)}{\mathrm{ZiCo}},L2-Norm GFLOPs GSynFlow Mul Log Sub ZiCo Div <EOS>,((L2-Norm - log((GFLOPs * GSynFlow))) / ZiCo),0.508700000,0.405900000,104,8,5,2048,run_monash_time_unique1000,9,1,TIME__Coastal_T_S__H/seed_2048/run_monash_time_unique1000/visualizations/archive_latex.tex
394,0.645945946,0.508500000,\mathrm{MParams} - \left(\sqrt{\mathrm{GSynFlow}}\right) \cdot \left(\left(\frac{\mathrm{ZiCo}}{\mathrm{MParams}}\right)^2\right),MParams GSynFlow Sqrt ZiCo MParams Div Square Mul Sub <EOS>,(MParams - (sqrt(GSynFlow) * square((ZiCo / MParams)))),0.508500000,0.476900000,46,9,5,2226,run_monash_time_unique1000,2,1,TIME__Coastal_T_S__H/seed_2226/run_monash_time_unique1000/visualizations/archive_latex.tex
395,0.645045045,0.508500000,\mathrm{MParams} - \left(\left(\frac{\mathrm{ZiCo}}{\mathrm{MParams}}\right)^2\right) \cdot \left(\sqrt{\mathrm{GSynFlow}}\right),MParams ZiCo MParams Div Square GSynFlow Sqrt Mul Sub <EOS>,(MParams - (square((ZiCo / MParams)) * sqrt(GSynFlow))),0.508500000,0.476900000,146,9,5,2191,run_monash_time_unique1000,3,1,TIME__Coastal_T_S__H/seed_2191/run_monash_time_unique1000/visualizations/archive_latex.tex
396,0.644144144,0.508500000,\frac{\mathrm{L2Norm} - \log\left(\left(\mathrm{GradNorm}\right) \cdot \left(\mathrm{GSynFlow}\right)\right)}{\mathrm{ZiCo}},L2-Norm Grad_Norm GSynFlow Mul Log Sub ZiCo Div <EOS>,((L2-Norm - log((Grad_Norm * GSynFlow))) / ZiCo),0.508500000,0.398600000,173,8,5,2107,run_monash_time_unique1000,4,2,TIME__Coastal_T_S__H/seed_2107/run_monash_time_unique1000/visualizations/archive_latex.tex
397,0.643243243,0.508500000,\frac{\mathrm{L2Norm} - \log\left(\left(\mathrm{GSynFlow}\right) \cdot \left(\mathrm{GradNorm}\right)\right)}{\mathrm{ZiCo}},L2-Norm GSynFlow Grad_Norm Mul Log Sub ZiCo Div <EOS>,((L2-Norm - log((GSynFlow * Grad_Norm))) / ZiCo),0.508500000,0.398600000,30,8,5,2189,run_monash_time_unique1000,4,1,TIME__Coastal_T_S__H/seed_2189/run_monash_time_unique1000/visualizations/archive_latex.tex
398,0.642342342,0.508500000,\frac{\mathrm{L2Norm} - \log\left(\mathrm{GradNorm}\right) + \log\left(\mathrm{GSynFlow}\right)}{\mathrm{ZiCo}},L2-Norm Grad_Norm Log GSynFlow Log Add Sub ZiCo Div <EOS>,((L2-Norm - (log(Grad_Norm) + log(GSynFlow))) / ZiCo),0.508500000,0.398600000,15,9,5,2190,run_monash_time_unique1000,10,1,TIME__Coastal_T_S__H/seed_2190/run_monash_time_unique1000/visualizations/archive_latex.tex
399,0.641441441,0.508400000,\left(\frac{\mathrm{MParams}}{\mathrm{plain}}\right) \cdot \left(\sqrt{\mathrm{Jacov}} - \log\left(\mathrm{GSynFlow}\right)\right),MParams plain Div Jacov Sqrt GSynFlow Log Sub Mul <EOS>,((MParams / plain) * (sqrt(Jacov) - log(GSynFlow))),0.508400000,0.510400000,105,9,4,2038,run_monash_time_unique1000,4,4,TIME__Coastal_T_S__H/seed_2038/run_monash_time_unique1000/visualizations/archive_latex.tex
400,0.640540541,0.508400000,\frac{\left(\sqrt{\mathrm{Jacov}} - \log\left(\mathrm{GSynFlow}\right)\right) \cdot \left(\mathrm{MParams}\right)}{\mathrm{plain}},Jacov Sqrt GSynFlow Log Sub MParams Mul plain Div <EOS>,(((sqrt(Jacov) - log(GSynFlow)) * MParams) / plain),0.508400000,0.510400000,101,9,5,2225,run_monash_time_unique1000,6,1,TIME__Coastal_T_S__H/seed_2225/run_monash_time_unique1000/visualizations/archive_latex.tex
401,0.639639640,0.508200000,\frac{\frac{\mathrm{GradNorm}}{\mathrm{JacobFro} - \mathrm{GSynFlow}}}{\sqrt{\log\left(\mathrm{plain}\right)}},Grad_Norm Jacob_fro GSynFlow Sub Div plain Log Sqrt Div <EOS>,((Grad_Norm / (Jacob_fro - GSynFlow)) / sqrt(log(plain))),0.508200000,0.387400000,115,9,4,2209,run_monash_time_unique1000,2,1,TIME__Coastal_T_S__H/seed_2209/run_monash_time_unique1000/visualizations/archive_latex.tex
402,0.638738739,0.508200000,\left(\mathrm{MParams}\right) \cdot \left(\log\left(\left(\mathrm{JacobFro}\right) \cdot \left(\mathrm{MParams}\right)\right)\right) - \log\left(\mathrm{GSynFlow}\right),MParams Jacob_fro MParams Mul Log Mul GSynFlow Log Sub <EOS>,((MParams * log((Jacob_fro * MParams))) - log(GSynFlow)),0.508200000,0.456700000,27,9,5,2173,run_monash_time_unique1000,8,1,TIME__Coastal_T_S__H/seed_2173/run_monash_time_unique1000/visualizations/archive_latex.tex
403,0.637837838,0.508000000,\frac{\left(\left(\mathrm{Jacov}\right) \cdot \left(\frac{\mathrm{MParams}}{\mathrm{plain}}\right)\right)^2}{\sqrt{\mathrm{GSynFlow}}},Jacov MParams plain Div Mul Square GSynFlow Sqrt Div <EOS>,(square((Jacov * (MParams / plain))) / sqrt(GSynFlow)),0.508000000,0.491600000,142,9,5,2160,run_monash_time_unique1000,4,5,TIME__Coastal_T_S__H/seed_2160/run_monash_time_unique1000/visualizations/archive_latex.tex
404,0.636936937,0.508000000,\frac{\left(\left(\frac{\mathrm{MParams}}{\mathrm{plain}}\right) \cdot \left(\mathrm{Jacov}\right)\right)^2}{\sqrt{\mathrm{GSynFlow}}},MParams plain Div Jacov Mul Square GSynFlow Sqrt Div <EOS>,(square(((MParams / plain) * Jacov)) / sqrt(GSynFlow)),0.508000000,0.491600000,62,9,5,2129,run_monash_time_unique1000,6,8,TIME__Coastal_T_S__H/seed_2129/run_monash_time_unique1000/visualizations/archive_latex.tex
405,0.636036036,0.508000000,\frac{\left(\left(\mathrm{MParams}\right) \cdot \left(\frac{\mathrm{Jacov}}{\mathrm{plain}}\right)\right)^2}{\sqrt{\mathrm{GSynFlow}}},MParams Jacov plain Div Mul Square GSynFlow Sqrt Div <EOS>,(square((MParams * (Jacov / plain))) / sqrt(GSynFlow)),0.508000000,0.491600000,148,9,5,2027,run_monash_time_unique1000,7,3,TIME__Coastal_T_S__H/seed_2027/run_monash_time_unique1000/visualizations/archive_latex.tex
406,0.635135135,0.508000000,\frac{\left(\frac{\left(\mathrm{MParams}\right) \cdot \left(\mathrm{Jacov}\right)}{\mathrm{plain}}\right)^2}{\sqrt{\mathrm{GSynFlow}}},MParams Jacov Mul plain Div Square GSynFlow Sqrt Div <EOS>,(square(((MParams * Jacov) / plain)) / sqrt(GSynFlow)),0.508000000,0.491600000,85,9,5,2214,run_monash_time_unique1000,7,1,TIME__Coastal_T_S__H/seed_2214/run_monash_time_unique1000/visualizations/archive_latex.tex
407,0.634234234,0.508000000,\frac{\left(\left(\frac{\mathrm{Jacov}}{\mathrm{plain}}\right) \cdot \left(\mathrm{MParams}\right)\right)^2}{\sqrt{\mathrm{GSynFlow}}},Jacov plain Div MParams Mul Square GSynFlow Sqrt Div <EOS>,(square(((Jacov / plain) * MParams)) / sqrt(GSynFlow)),0.508000000,0.491600000,122,9,5,2112,run_monash_time_unique1000,8,2,TIME__Coastal_T_S__H/seed_2112/run_monash_time_unique1000/visualizations/archive_latex.tex
408,0.633333333,0.507600000,\left(\mathrm{MParams}\right)^2 - \sqrt{\frac{\mathrm{GSynFlow}}{\mathrm{JacobFro}}} - \mathrm{MParams},MParams Square GSynFlow Jacob_fro Div Sqrt Sub MParams Sub <EOS>,((square(MParams) - sqrt((GSynFlow / Jacob_fro))) - MParams),0.507600000,0.426600000,26,9,5,2035,run_monash_time_unique1000,2,1,TIME__Coastal_T_S__H/seed_2035/run_monash_time_unique1000/visualizations/archive_latex.tex
409,0.632432432,0.507500000,\mathrm{L2Norm} - \log\left(\left(\left(\left(\log\left(\mathrm{plain}\right)\right)^2\right) \cdot \left(\mathrm{GSynFlow}\right)\right)^2\right),L2-Norm plain Log Square GSynFlow Mul Square Log Sub <EOS>,(L2-Norm - log(square((square(log(plain)) * GSynFlow)))),0.507500000,0.484200000,117,9,7,2141,run_monash_time_unique1000,6,1,TIME__Coastal_T_S__H/seed_2141/run_monash_time_unique1000/visualizations/archive_latex.tex
410,0.631531532,0.507200000,\left(\mathrm{MParams}\right)^2 - \log\left(\left(\mathrm{GSynFlow}\right)^2\right) - \mathrm{L2Norm},MParams Square GSynFlow Square Log L2-Norm Sub Sub <EOS>,(square(MParams) - (log(square(GSynFlow)) - L2-Norm)),0.507200000,0.488200000,149,8,5,2066,run_monash_time_unique1000,6,1,TIME__Coastal_T_S__H/seed_2066/run_monash_time_unique1000/visualizations/archive_latex.tex
411,0.630630631,0.507200000,\left(\mathrm{MParams}\right)^2 - -\mathrm{L2Norm} + \log\left(\left(\mathrm{GSynFlow}\right)^2\right),MParams Square L2-Norm Negative GSynFlow Square Log Add Sub <EOS>,(square(MParams) - (-(L2-Norm) + log(square(GSynFlow)))),0.507200000,0.488200000,48,9,5,2141,run_monash_time_unique1000,7,1,TIME__Coastal_T_S__H/seed_2141/run_monash_time_unique1000/visualizations/archive_latex.tex
412,0.629729730,0.507200000,\mathrm{L2Norm} - \log\left(\left(\mathrm{GSynFlow}\right)^2\right) + \left(\mathrm{MParams}\right)^2,L2-Norm GSynFlow Square Log Sub MParams Square Add <EOS>,((L2-Norm - log(square(GSynFlow))) + square(MParams)),0.507200000,0.488200000,79,8,5,2046,run_monash_time_unique1000,8,1,TIME__Coastal_T_S__H/seed_2046/run_monash_time_unique1000/visualizations/archive_latex.tex
413,0.628828829,0.507200000,\mathrm{L2Norm} - \log\left(\left(\mathrm{GSynFlow}\right)^2\right) - \left(\mathrm{MParams}\right)^2,L2-Norm GSynFlow Square Log MParams Square Sub Sub <EOS>,(L2-Norm - (log(square(GSynFlow)) - square(MParams))),0.507200000,0.488200000,42,8,5,2062,run_monash_time_unique1000,8,1,TIME__Coastal_T_S__H/seed_2062/run_monash_time_unique1000/visualizations/archive_latex.tex
414,0.627927928,0.507200000,\left(\mathrm{MParams}\right)^2 - \log\left(\left(\mathrm{GSynFlow}\right)^2\right) + -\mathrm{L2Norm},MParams Square GSynFlow Square Log L2-Norm Negative Add Sub <EOS>,(square(MParams) - (log(square(GSynFlow)) + -(L2-Norm))),0.507200000,0.488200000,24,9,5,2204,run_monash_time_unique1000,8,1,TIME__Coastal_T_S__H/seed_2204/run_monash_time_unique1000/visualizations/archive_latex.tex
415,0.627027027,0.507200000,\left(\mathrm{MParams}\right)^2 + \mathrm{L2Norm} - \log\left(\left(\mathrm{GSynFlow}\right)^2\right),MParams Square L2-Norm Add GSynFlow Square Log Sub <EOS>,((square(MParams) + L2-Norm) - log(square(GSynFlow))),0.507200000,0.488200000,50,8,4,2145,run_monash_time_unique1000,9,1,TIME__Coastal_T_S__H/seed_2145/run_monash_time_unique1000/visualizations/archive_latex.tex
416,0.626126126,0.507100000,\left(\frac{\mathrm{MParams}}{\mathrm{GFLOPs}}\right)^2 - \sqrt{\mathrm{ZiCo}},MParams GFLOPs Div Square ZiCo Sqrt Sub <EOS>,(square((MParams / GFLOPs)) - sqrt(ZiCo)),0.507100000,0.401900000,112,7,4,2050,run_monash_time_unique1000,3,1,TIME__Coastal_T_S__H/seed_2050/run_monash_time_unique1000/visualizations/archive_latex.tex
417,0.625225225,0.507100000,\frac{\mathrm{MParams}}{\mathrm{GSynFlow}} + \frac{\mathrm{L2Norm}}{\mathrm{ZiCo}},MParams GSynFlow Div L2-Norm ZiCo Div Add <EOS>,((MParams / GSynFlow) + (L2-Norm / ZiCo)),0.507100000,0.358100000,89,7,3,2126,run_monash_time_unique1000,3,1,TIME__Coastal_T_S__H/seed_2126/run_monash_time_unique1000/visualizations/archive_latex.tex
418,0.624324324,0.507100000,\frac{\mathrm{MParams} - \left(\log\left(\mathrm{GSynFlow}\right)\right) \cdot \left(\left(\mathrm{Fisher}\right)^2\right)}{\mathrm{plain}},MParams GSynFlow Log Fisher Square Mul Sub plain Div <EOS>,((MParams - (log(GSynFlow) * square(Fisher))) / plain),0.507100000,0.469100000,200,9,5,2208,run_monash_time_unique1000,5,1,TIME__Coastal_T_S__H/seed_2208/run_monash_time_unique1000/visualizations/archive_latex.tex
419,0.623423423,0.507100000,\frac{\mathrm{L2Norm}}{\mathrm{ZiCo}} + \frac{\mathrm{MParams}}{\mathrm{GSynFlow}},L2-Norm ZiCo Div MParams GSynFlow Div Add <EOS>,((L2-Norm / ZiCo) + (MParams / GSynFlow)),0.507100000,0.358100000,7,7,3,2065,run_monash_time_unique1000,10,1,TIME__Coastal_T_S__H/seed_2065/run_monash_time_unique1000/visualizations/archive_latex.tex
420,0.622522523,0.507000000,\frac{\log\left(\log\left(\mathrm{ZiCo}\right)\right) + \mathrm{MParams}}{\mathrm{JacobFro} - \mathrm{GSynFlow}},ZiCo Log Log MParams Add Jacob_fro GSynFlow Sub Div <EOS>,((log(log(ZiCo)) + MParams) / (Jacob_fro - GSynFlow)),0.507000000,0.461100000,30,9,5,2159,run_monash_time_unique1000,3,2,TIME__Coastal_T_S__H/seed_2159/run_monash_time_unique1000/visualizations/archive_latex.tex
421,0.621621622,0.506900000,\frac{\mathrm{L2Norm} - \log\left(\left(\mathrm{GSynFlow}\right) \cdot \left(\sqrt{\mathrm{Fisher}}\right)\right)}{\mathrm{ZiCo}},L2-Norm GSynFlow Fisher Sqrt Mul Log Sub ZiCo Div <EOS>,((L2-Norm - log((GSynFlow * sqrt(Fisher)))) / ZiCo),0.506900000,0.404700000,198,9,6,2208,run_monash_time_unique1000,6,1,TIME__Coastal_T_S__H/seed_2208/run_monash_time_unique1000/visualizations/archive_latex.tex
422,0.620720721,0.506700000,\frac{\sqrt{\mathrm{MParams}}}{\log\left(\mathrm{GSynFlow}\right) + \mathrm{L2Norm}},MParams Sqrt GSynFlow Log L2-Norm Add Div <EOS>,(sqrt(MParams) / (log(GSynFlow) + L2-Norm)),0.506700000,0.378300000,169,7,4,2074,run_monash_time_unique1000,7,1,TIME__Coastal_T_S__H/seed_2074/run_monash_time_unique1000/visualizations/archive_latex.tex
423,0.619819820,0.506600000,\frac{\mathrm{L2Norm} - \log\left(\left(\mathrm{GSynFlow}\right) \cdot \left(\mathrm{Fisher}\right)\right)}{\mathrm{ZiCo}},L2-Norm GSynFlow Fisher Mul Log Sub ZiCo Div <EOS>,((L2-Norm - log((GSynFlow * Fisher))) / ZiCo),0.506600000,0.403400000,67,8,5,2049,run_monash_time_unique1000,4,1,TIME__Coastal_T_S__H/seed_2049/run_monash_time_unique1000/visualizations/archive_latex.tex
424,0.618918919,0.506600000,\frac{\mathrm{L2Norm} - \log\left(\left(\mathrm{Fisher}\right) \cdot \left(\mathrm{GSynFlow}\right)\right)}{\mathrm{ZiCo}},L2-Norm Fisher GSynFlow Mul Log Sub ZiCo Div <EOS>,((L2-Norm - log((Fisher * GSynFlow))) / ZiCo),0.506600000,0.403400000,109,8,5,2051,run_monash_time_unique1000,4,2,TIME__Coastal_T_S__H/seed_2051/run_monash_time_unique1000/visualizations/archive_latex.tex
425,0.618018018,0.506600000,\frac{\mathrm{L2Norm} - \log\left(\mathrm{GSynFlow}\right) + \log\left(\mathrm{Fisher}\right)}{\mathrm{ZiCo}},L2-Norm GSynFlow Log Fisher Log Add Sub ZiCo Div <EOS>,((L2-Norm - (log(GSynFlow) + log(Fisher))) / ZiCo),0.506600000,0.403400000,128,9,5,2189,run_monash_time_unique1000,5,1,TIME__Coastal_T_S__H/seed_2189/run_monash_time_unique1000/visualizations/archive_latex.tex
426,0.617117117,0.506500000,\frac{\mathrm{L2Norm} - \log\left(\left(\mathrm{JacobFro}\right) \cdot \left(\mathrm{GSynFlow}\right)\right)}{\mathrm{ZiCo}},L2-Norm Jacob_fro GSynFlow Mul Log Sub ZiCo Div <EOS>,((L2-Norm - log((Jacob_fro * GSynFlow))) / ZiCo),0.506500000,0.399700000,107,8,5,2051,run_monash_time_unique1000,5,2,TIME__Coastal_T_S__H/seed_2051/run_monash_time_unique1000/visualizations/archive_latex.tex
427,0.616216216,0.506200000,\mathrm{L2Norm} - \left(\mathrm{ZiCo}\right) \cdot \left(\mathrm{L2Norm}\right) - \log\left(\mathrm{GSynFlow}\right),L2-Norm ZiCo L2-Norm Mul Sub GSynFlow Log Sub <EOS>,((L2-Norm - (ZiCo * L2-Norm)) - log(GSynFlow)),0.506200000,0.512400000,23,8,4,2141,run_monash_time_unique1000,8,2,TIME__Coastal_T_S__H/seed_2141/run_monash_time_unique1000/visualizations/archive_latex.tex
428,0.615315315,0.506100000,\frac{\mathrm{L2Norm} - \log\left(\frac{\mathrm{GSynFlow}}{\mathrm{ZiCo}}\right)}{\mathrm{ZiCo}},L2-Norm GSynFlow ZiCo Div Log Sub ZiCo Div <EOS>,((L2-Norm - log((GSynFlow / ZiCo))) / ZiCo),0.506100000,0.394200000,164,8,5,2185,run_monash_time_unique1000,5,1,TIME__Coastal_T_S__H/seed_2185/run_monash_time_unique1000/visualizations/archive_latex.tex
429,0.614414414,0.506000000,\left(\frac{\mathrm{L2Norm} - \log\left(\mathrm{GSynFlow}\right)}{\mathrm{ZiCo}}\right)^2 - \mathrm{GraSP},L2-Norm GSynFlow Log Sub ZiCo Div Square GraSP Sub <EOS>,(square(((L2-Norm - log(GSynFlow)) / ZiCo)) - GraSP),0.506000000,0.397800000,22,9,6,2182,run_monash_time_unique1000,4,1,TIME__Coastal_T_S__H/seed_2182/run_monash_time_unique1000/visualizations/archive_latex.tex
430,0.613513514,0.505900000,\left(\mathrm{MParams}\right)^2 - \frac{\mathrm{GSynFlow}}{\mathrm{JacobFro}} - \log\left(\mathrm{ZiCo}\right),MParams Square GSynFlow Jacob_fro Div Sub ZiCo Log Sub <EOS>,((square(MParams) - (GSynFlow / Jacob_fro)) - log(ZiCo)),0.505900000,0.463600000,192,9,4,2218,run_monash_time_unique1000,4,1,TIME__Coastal_T_S__H/seed_2218/run_monash_time_unique1000/visualizations/archive_latex.tex
431,0.612612613,0.505700000,\frac{\mathrm{L2Norm}}{\mathrm{ZiCo}} - \frac{\log\left(\mathrm{GSynFlow}\right)}{\mathrm{ZiCo}},L2-Norm ZiCo Div GSynFlow Log ZiCo Div Sub <EOS>,((L2-Norm / ZiCo) - (log(GSynFlow) / ZiCo)),0.505700000,0.397500000,174,8,4,2165,run_monash_time_unique1000,1,1,TIME__Coastal_T_S__H/seed_2165/run_monash_time_unique1000/visualizations/archive_latex.tex
432,0.611711712,0.505700000,\frac{\mathrm{L2Norm} - \log\left(\mathrm{GSynFlow}\right)}{\mathrm{ZiCo}},L2-Norm GSynFlow Log Sub ZiCo Div <EOS>,((L2-Norm - log(GSynFlow)) / ZiCo),0.505700000,0.397500000,41,6,4,2212,run_monash_time_unique1000,1,22,TIME__Coastal_T_S__H/seed_2212/run_monash_time_unique1000/visualizations/archive_latex.tex
433,0.610810811,0.505700000,\frac{\mathrm{L2Norm} - \log\left(\mathrm{GSynFlow}\right)}{\mathrm{ZiCo}} - \mathrm{ZiCo},L2-Norm GSynFlow Log Sub ZiCo Div ZiCo Sub <EOS>,(((L2-Norm - log(GSynFlow)) / ZiCo) - ZiCo),0.505700000,0.399200000,44,8,5,2188,run_monash_time_unique1000,2,2,TIME__Coastal_T_S__H/seed_2188/run_monash_time_unique1000/visualizations/archive_latex.tex
434,0.609909910,0.505700000,\frac{-\log\left(\mathrm{GSynFlow}\right) - \mathrm{L2Norm}}{\mathrm{ZiCo}} - \mathrm{ZiCo},GSynFlow Log L2-Norm Sub Negative ZiCo Div ZiCo Sub <EOS>,((-((log(GSynFlow) - L2-Norm)) / ZiCo) - ZiCo),0.505700000,0.399200000,18,9,6,2206,run_monash_time_unique1000,2,1,TIME__Coastal_T_S__H/seed_2206/run_monash_time_unique1000/visualizations/archive_latex.tex
435,0.609009009,0.505700000,\frac{\left(\log\left(\mathrm{GSynFlow}\right) - \mathrm{L2Norm}\right)^2}{\left(\mathrm{ZiCo}\right)^2},GSynFlow Log L2-Norm Sub Square ZiCo Square Div <EOS>,(square((log(GSynFlow) - L2-Norm)) / square(ZiCo)),0.505700000,0.397500000,110,8,5,2066,run_monash_time_unique1000,7,1,TIME__Coastal_T_S__H/seed_2066/run_monash_time_unique1000/visualizations/archive_latex.tex
436,0.608108108,0.505500000,\frac{-\log\left(\mathrm{GSynFlow}\right) - \mathrm{L2Norm}}{\mathrm{ZiCo}} - \mathrm{MParams},GSynFlow Log L2-Norm Sub Negative ZiCo Div MParams Sub <EOS>,((-((log(GSynFlow) - L2-Norm)) / ZiCo) - MParams),0.505500000,0.408400000,18,9,6,2206,run_monash_time_unique1000,4,1,TIME__Coastal_T_S__H/seed_2206/run_monash_time_unique1000/visualizations/archive_latex.tex
437,0.607207207,0.505500000,\frac{\mathrm{L2Norm} - \log\left(\mathrm{GSynFlow}\right)}{\mathrm{ZiCo}} - \mathrm{MParams},L2-Norm GSynFlow Log Sub ZiCo Div MParams Sub <EOS>,(((L2-Norm - log(GSynFlow)) / ZiCo) - MParams),0.505500000,0.408400000,28,8,5,2182,run_monash_time_unique1000,6,2,TIME__Coastal_T_S__H/seed_2182/run_monash_time_unique1000/visualizations/archive_latex.tex
438,0.606306306,0.505500000,\mathrm{L2Norm} - \log\left(\left(\mathrm{GSynFlow}\right)^2\right) - \frac{\mathrm{MParams}}{\mathrm{ZiCo}},L2-Norm GSynFlow Square Log MParams ZiCo Div Sub Sub <EOS>,(L2-Norm - (log(square(GSynFlow)) - (MParams / ZiCo))),0.505500000,0.494300000,45,9,5,2062,run_monash_time_unique1000,9,1,TIME__Coastal_T_S__H/seed_2062/run_monash_time_unique1000/visualizations/archive_latex.tex
439,0.605405405,0.505300000,\frac{\mathrm{L2Norm} - \sqrt{\mathrm{MParams}} + \log\left(\mathrm{GSynFlow}\right)}{\mathrm{ZiCo}},L2-Norm MParams Sqrt GSynFlow Log Add Sub ZiCo Div <EOS>,((L2-Norm - (sqrt(MParams) + log(GSynFlow))) / ZiCo),0.505300000,0.406400000,44,9,5,2222,run_monash_time_unique1000,6,1,TIME__Coastal_T_S__H/seed_2222/run_monash_time_unique1000/visualizations/archive_latex.tex
440,0.604504505,0.505300000,\frac{\mathrm{L2Norm} - \sqrt{\mathrm{MParams}} - \log\left(\mathrm{GSynFlow}\right)}{\mathrm{ZiCo}},L2-Norm MParams Sqrt Sub GSynFlow Log Sub ZiCo Div <EOS>,(((L2-Norm - sqrt(MParams)) - log(GSynFlow)) / ZiCo),0.505300000,0.406400000,9,9,5,2189,run_monash_time_unique1000,9,1,TIME__Coastal_T_S__H/seed_2189/run_monash_time_unique1000/visualizations/archive_latex.tex
441,0.603603604,0.505200000,\frac{\mathrm{L2Norm} - \log\left(\left(\left(\mathrm{GradNorm}\right)^2\right) \cdot \left(\mathrm{GSynFlow}\right)\right)}{\mathrm{ZiCo}},L2-Norm Grad_Norm Square GSynFlow Mul Log Sub ZiCo Div <EOS>,((L2-Norm - log((square(Grad_Norm) * GSynFlow))) / ZiCo),0.505200000,0.408900000,148,9,6,2057,run_monash_time_unique1000,8,1,TIME__Coastal_T_S__H/seed_2057/run_monash_time_unique1000/visualizations/archive_latex.tex
442,0.602702703,0.505200000,\frac{\mathrm{L2Norm} - \log\left(\mathrm{GSynFlow}\right)}{\sqrt{\mathrm{ZiCo}}} - \mathrm{GFLOPs},L2-Norm GSynFlow Log Sub ZiCo Sqrt Div GFLOPs Sub <EOS>,(((L2-Norm - log(GSynFlow)) / sqrt(ZiCo)) - GFLOPs),0.505200000,0.444000000,8,9,5,2189,run_monash_time_unique1000,10,1,TIME__Coastal_T_S__H/seed_2189/run_monash_time_unique1000/visualizations/archive_latex.tex
443,0.601801802,0.505000000,\left(\frac{\mathrm{MParams}}{\mathrm{plain}}\right) \cdot \left(\log\left(\frac{\mathrm{Jacov}}{\sqrt{\mathrm{GSynFlow}}}\right)\right),MParams plain Div Jacov GSynFlow Sqrt Div Log Mul <EOS>,((MParams / plain) * log((Jacov / sqrt(GSynFlow)))),0.505000000,0.455500000,121,9,5,2161,run_monash_time_unique1000,3,2,TIME__Coastal_T_S__H/seed_2161/run_monash_time_unique1000/visualizations/archive_latex.tex
444,0.600900901,0.505000000,\left(\frac{\log\left(\frac{\left(\mathrm{Jacov}\right)^2}{\mathrm{GSynFlow}}\right)}{\mathrm{plain}}\right) \cdot \left(\mathrm{MParams}\right),Jacov Square GSynFlow Div Log plain Div MParams Mul <EOS>,((log((square(Jacov) / GSynFlow)) / plain) * MParams),0.505000000,0.455500000,35,9,6,2174,run_monash_time_unique1000,3,1,TIME__Coastal_T_S__H/seed_2174/run_monash_time_unique1000/visualizations/archive_latex.tex
445,0.600000000,0.505000000,\left(\log\left(\frac{\mathrm{Jacov}}{\sqrt{\mathrm{GSynFlow}}}\right)\right) \cdot \left(\frac{\mathrm{MParams}}{\mathrm{plain}}\right),Jacov GSynFlow Sqrt Div Log MParams plain Div Mul <EOS>,(log((Jacov / sqrt(GSynFlow))) * (MParams / plain)),0.505000000,0.455500000,139,9,5,2087,run_monash_time_unique1000,5,1,TIME__Coastal_T_S__H/seed_2087/run_monash_time_unique1000/visualizations/archive_latex.tex
446,0.599099099,0.505000000,\frac{\log\left(\frac{\mathrm{Jacov}}{\sqrt{\mathrm{GSynFlow}}}\right)}{\frac{\mathrm{plain}}{\mathrm{MParams}}},Jacov GSynFlow Sqrt Div Log plain MParams Div Div <EOS>,(log((Jacov / sqrt(GSynFlow))) / (plain / MParams)),0.505000000,0.455500000,14,9,5,2066,run_monash_time_unique1000,8,1,TIME__Coastal_T_S__H/seed_2066/run_monash_time_unique1000/visualizations/archive_latex.tex
447,0.598198198,0.504900000,\left(\mathrm{MParams}\right)^2 - \frac{\sqrt{\frac{\mathrm{GSynFlow}}{\mathrm{GradNorm}}}}{\mathrm{GFLOPs}},MParams Square GSynFlow Grad_Norm Div Sqrt GFLOPs Div Sub <EOS>,(square(MParams) - (sqrt((GSynFlow / Grad_Norm)) / GFLOPs)),0.504900000,0.456400000,186,9,5,2057,run_monash_time_unique1000,9,1,TIME__Coastal_T_S__H/seed_2057/run_monash_time_unique1000/visualizations/archive_latex.tex
448,0.597297297,0.504700000,\mathrm{MParams} - \frac{\mathrm{GSynFlow}}{\mathrm{JacobFro}} - \left(\log\left(\mathrm{ZiCo}\right)\right)^2,MParams GSynFlow Jacob_fro Div ZiCo Log Square Sub Sub <EOS>,(MParams - ((GSynFlow / Jacob_fro) - square(log(ZiCo)))),0.504700000,0.476000000,43,9,5,2035,run_monash_time_unique1000,3,1,TIME__Coastal_T_S__H/seed_2035/run_monash_time_unique1000/visualizations/archive_latex.tex
449,0.596396396,0.504700000,\left(\frac{\mathrm{MParams}}{\mathrm{L2Norm}}\right) \cdot \left(\sqrt{\mathrm{Jacov}} - \log\left(\mathrm{GSynFlow}\right)\right),MParams L2-Norm Div Jacov Sqrt GSynFlow Log Sub Mul <EOS>,((MParams / L2-Norm) * (sqrt(Jacov) - log(GSynFlow))),0.504700000,0.541900000,34,9,4,2038,run_monash_time_unique1000,5,3,TIME__Coastal_T_S__H/seed_2038/run_monash_time_unique1000/visualizations/archive_latex.tex
450,0.595495495,0.504700000,\frac{\mathrm{L2Norm} - \log\left(\left(\mathrm{GSynFlow}\right) \cdot \left(\mathrm{MParams}\right)\right)}{\mathrm{ZiCo}},L2-Norm GSynFlow MParams Mul Log Sub ZiCo Div <EOS>,((L2-Norm - log((GSynFlow * MParams))) / ZiCo),0.504700000,0.397200000,195,8,5,2105,run_monash_time_unique1000,7,1,TIME__Coastal_T_S__H/seed_2105/run_monash_time_unique1000/visualizations/archive_latex.tex
451,0.594594595,0.504700000,\left(\frac{\mathrm{L2Norm} - \log\left(\mathrm{GSynFlow}\right)}{\mathrm{ZiCo}}\right)^2 - \mathrm{GSynFlow},L2-Norm GSynFlow Log Sub ZiCo Div Square GSynFlow Sub <EOS>,(square(((L2-Norm - log(GSynFlow)) / ZiCo)) - GSynFlow),0.504700000,0.497200000,8,9,6,2182,run_monash_time_unique1000,7,1,TIME__Coastal_T_S__H/seed_2182/run_monash_time_unique1000/visualizations/archive_latex.tex
452,0.593693694,0.504700000,\frac{\left(\sqrt{\mathrm{Jacov}} - \log\left(\mathrm{GSynFlow}\right)\right) \cdot \left(\mathrm{MParams}\right)}{\mathrm{L2Norm}},Jacov Sqrt GSynFlow Log Sub MParams Mul L2-Norm Div <EOS>,(((sqrt(Jacov) - log(GSynFlow)) * MParams) / L2-Norm),0.504700000,0.541900000,100,9,5,2225,run_monash_time_unique1000,7,1,TIME__Coastal_T_S__H/seed_2225/run_monash_time_unique1000/visualizations/archive_latex.tex
453,0.592792793,0.504700000,\frac{\left(\mathrm{MParams}\right) \cdot \left(\sqrt{\mathrm{Jacov}} - \log\left(\mathrm{GSynFlow}\right)\right)}{\mathrm{L2Norm}},MParams Jacov Sqrt GSynFlow Log Sub Mul L2-Norm Div <EOS>,((MParams * (sqrt(Jacov) - log(GSynFlow))) / L2-Norm),0.504700000,0.541900000,126,9,5,2213,run_monash_time_unique1000,8,1,TIME__Coastal_T_S__H/seed_2213/run_monash_time_unique1000/visualizations/archive_latex.tex
454,0.591891892,0.504700000,\left(\mathrm{MParams}\right) \cdot \left(\sqrt{\frac{\mathrm{L2Norm}}{\sqrt{\mathrm{GSynFlow}}}} + \mathrm{MParams}\right),MParams L2-Norm GSynFlow Sqrt Div Sqrt MParams Add Mul <EOS>,(MParams * (sqrt((L2-Norm / sqrt(GSynFlow))) + MParams)),0.504700000,0.430100000,80,9,6,2062,run_monash_time_unique1000,10,1,TIME__Coastal_T_S__H/seed_2062/run_monash_time_unique1000/visualizations/archive_latex.tex
455,0.590990991,0.504600000,\frac{\left(\mathrm{ZiCo}\right)^2 + \mathrm{L2Norm} - \log\left(\mathrm{GSynFlow}\right)}{\mathrm{ZiCo}},ZiCo Square L2-Norm GSynFlow Log Sub Add ZiCo Div <EOS>,((square(ZiCo) + (L2-Norm - log(GSynFlow))) / ZiCo),0.504600000,0.396600000,72,9,5,2166,run_monash_time_unique1000,3,1,TIME__Coastal_T_S__H/seed_2166/run_monash_time_unique1000/visualizations/archive_latex.tex
456,0.590090090,0.504600000,\frac{\mathrm{L2Norm} - \log\left(\frac{\mathrm{GSynFlow}}{\mathrm{Jacov}}\right)}{\mathrm{ZiCo}},L2-Norm GSynFlow Jacov Div Log Sub ZiCo Div <EOS>,((L2-Norm - log((GSynFlow / Jacov))) / ZiCo),0.504600000,0.396800000,142,8,5,2222,run_monash_time_unique1000,7,1,TIME__Coastal_T_S__H/seed_2222/run_monash_time_unique1000/visualizations/archive_latex.tex
457,0.589189189,0.504400000,\mathrm{MParams} - \frac{\sqrt{\frac{\mathrm{GSynFlow}}{\mathrm{Snip}}}}{\left(\mathrm{MParams}\right)^2},MParams GSynFlow Snip Div Sqrt MParams Square Div Sub <EOS>,(MParams - (sqrt((GSynFlow / Snip)) / square(MParams))),0.504400000,0.478800000,172,9,5,2107,run_monash_time_unique1000,6,1,TIME__Coastal_T_S__H/seed_2107/run_monash_time_unique1000/visualizations/archive_latex.tex
458,0.588288288,0.504400000,\left(\left(\log\left(\sqrt{\mathrm{GSynFlow}}\right)\right) \cdot \left(\mathrm{Fisher}\right) - \mathrm{MParams}\right) \cdot \left(\mathrm{Jacov}\right),GSynFlow Sqrt Log Fisher Mul MParams Sub Jacov Mul <EOS>,(((log(sqrt(GSynFlow)) * Fisher) - MParams) * Jacov),0.504400000,0.492300000,46,9,6,2200,run_monash_time_unique1000,6,1,TIME__Coastal_T_S__H/seed_2200/run_monash_time_unique1000/visualizations/archive_latex.tex
459,0.587387387,0.504100000,\frac{\mathrm{L2Norm} - \log\left(\left(\mathrm{GSynFlow}\right) \cdot \left(\mathrm{GraSP}\right)\right)}{\mathrm{ZiCo}},L2-Norm GSynFlow GraSP Mul Log Sub ZiCo Div <EOS>,((L2-Norm - log((GSynFlow * GraSP))) / ZiCo),0.504100000,0.414500000,40,8,5,2212,run_monash_time_unique1000,2,2,TIME__Coastal_T_S__H/seed_2212/run_monash_time_unique1000/visualizations/archive_latex.tex
460,0.586486486,0.504100000,\frac{\mathrm{L2Norm} - \log\left(\left(\mathrm{GraSP}\right) \cdot \left(\mathrm{GSynFlow}\right)\right)}{\mathrm{ZiCo}},L2-Norm GraSP GSynFlow Mul Log Sub ZiCo Div <EOS>,((L2-Norm - log((GraSP * GSynFlow))) / ZiCo),0.504100000,0.414500000,131,8,5,2185,run_monash_time_unique1000,7,2,TIME__Coastal_T_S__H/seed_2185/run_monash_time_unique1000/visualizations/archive_latex.tex
461,0.585585586,0.504000000,\left(\mathrm{MParams}\right) \cdot \left(\log\left(\mathrm{Jacov}\right)\right) - \log\left(\mathrm{GSynFlow} + \mathrm{MParams}\right),MParams Jacov Log Mul GSynFlow MParams Add Log Sub <EOS>,((MParams * log(Jacov)) - log((GSynFlow + MParams))),0.504000000,0.466900000,136,9,4,2173,run_monash_time_unique1000,10,1,TIME__Coastal_T_S__H/seed_2173/run_monash_time_unique1000/visualizations/archive_latex.tex
462,0.584684685,0.503800000,\mathrm{L2Norm} - \log\left(\frac{\left(\mathrm{GSynFlow}\right)^2}{\mathrm{plain} + \mathrm{GSynFlow}}\right),L2-Norm GSynFlow Square plain GSynFlow Add Div Log Sub <EOS>,(L2-Norm - log((square(GSynFlow) / (plain + GSynFlow)))),0.503800000,0.399900000,83,9,5,2135,run_monash_time_unique1000,7,1,TIME__Coastal_T_S__H/seed_2135/run_monash_time_unique1000/visualizations/archive_latex.tex
463,0.583783784,0.503700000,\mathrm{MParams} - \left(\sqrt{\mathrm{ZiCo}}\right) \cdot \left(\log\left(\mathrm{JacobFro} - \mathrm{GSynFlow}\right)\right),MParams ZiCo Sqrt Jacob_fro GSynFlow Sub Log Mul Sub <EOS>,(MParams - (sqrt(ZiCo) * log((Jacob_fro - GSynFlow)))),0.503700000,0.482000000,118,9,5,2091,run_monash_time_unique1000,7,1,TIME__Coastal_T_S__H/seed_2091/run_monash_time_unique1000/visualizations/archive_latex.tex
464,0.582882883,0.503600000,\mathrm{MParams} - \left(\mathrm{Fisher}\right) \cdot \left(\log\left(\frac{\sqrt{\mathrm{GSynFlow}}}{\mathrm{MParams}}\right)\right),MParams Fisher GSynFlow Sqrt MParams Div Log Mul Sub <EOS>,(MParams - (Fisher * log((sqrt(GSynFlow) / MParams)))),0.503600000,0.498300000,51,9,6,2197,run_monash_time_unique1000,3,1,TIME__Coastal_T_S__H/seed_2197/run_monash_time_unique1000/visualizations/archive_latex.tex
465,0.581981982,0.503600000,\log\left(\mathrm{L2Norm}\right) - \frac{\log\left(\mathrm{GSynFlow}\right) - \mathrm{L2Norm}}{\mathrm{ZiCo}},L2-Norm Log GSynFlow Log L2-Norm Sub ZiCo Div Sub <EOS>,(log(L2-Norm) - ((log(GSynFlow) - L2-Norm) / ZiCo)),0.503600000,0.394400000,113,9,5,2066,run_monash_time_unique1000,9,1,TIME__Coastal_T_S__H/seed_2066/run_monash_time_unique1000/visualizations/archive_latex.tex
466,0.581081081,0.503200000,\frac{\left(\mathrm{MParams}\right)^2}{\mathrm{ZiCo}} - \frac{\sqrt{\mathrm{GSynFlow}}}{\mathrm{GFLOPs}},MParams Square ZiCo Div GSynFlow Sqrt GFLOPs Div Sub <EOS>,((square(MParams) / ZiCo) - (sqrt(GSynFlow) / GFLOPs)),0.503200000,0.494600000,200,9,4,2031,run_monash_time_unique1000,3,1,TIME__Coastal_T_S__H/seed_2031/run_monash_time_unique1000/visualizations/archive_latex.tex
467,0.580180180,0.503200000,\mathrm{MParams} - \left(\mathrm{ZiCo}\right) \cdot \left(\log\left(\mathrm{JacobFro} - \mathrm{GSynFlow}\right)\right),MParams ZiCo Jacob_fro GSynFlow Sub Log Mul Sub <EOS>,(MParams - (ZiCo * log((Jacob_fro - GSynFlow)))),0.503200000,0.508600000,117,8,5,2091,run_monash_time_unique1000,8,1,TIME__Coastal_T_S__H/seed_2091/run_monash_time_unique1000/visualizations/archive_latex.tex
468,0.579279279,0.503200000,\mathrm{MParams} - \left(\log\left(\mathrm{JacobFro} - \mathrm{GSynFlow}\right)\right) \cdot \left(\mathrm{ZiCo}\right),MParams Jacob_fro GSynFlow Sub Log ZiCo Mul Sub <EOS>,(MParams - (log((Jacob_fro - GSynFlow)) * ZiCo)),0.503200000,0.508600000,151,8,5,2222,run_monash_time_unique1000,9,1,TIME__Coastal_T_S__H/seed_2222/run_monash_time_unique1000/visualizations/archive_latex.tex
469,0.578378378,0.503200000,\left(\mathrm{MParams}\right) \cdot \left(\left(\mathrm{MParams}\right)^2\right) - \sqrt{\frac{\mathrm{GSynFlow}}{\mathrm{Snip}}},MParams MParams Square Mul GSynFlow Snip Div Sqrt Sub <EOS>,((MParams * square(MParams)) - sqrt((GSynFlow / Snip))),0.503200000,0.498400000,55,9,4,2127,run_monash_time_unique1000,10,1,TIME__Coastal_T_S__H/seed_2127/run_monash_time_unique1000/visualizations/archive_latex.tex
470,0.577477477,0.503100000,\frac{\frac{\mathrm{MParams}}{\left(\mathrm{ZiCo}\right)^2}}{\mathrm{GFLOPs}},MParams ZiCo Square Div GFLOPs Div <EOS>,((MParams / square(ZiCo)) / GFLOPs),0.503100000,0.389200000,106,6,4,2028,run_monash_time_unique1000,1,4,TIME__Coastal_T_S__H/seed_2028/run_monash_time_unique1000/visualizations/archive_latex.tex
471,0.576576577,0.503100000,\frac{\mathrm{MParams}}{\left(\mathrm{GFLOPs}\right) \cdot \left(\left(\mathrm{ZiCo}\right)^2\right)},MParams GFLOPs ZiCo Square Mul Div <EOS>,(MParams / (GFLOPs * square(ZiCo))),0.503100000,0.389200000,77,6,4,2059,run_monash_time_unique1000,1,2,TIME__Coastal_T_S__H/seed_2059/run_monash_time_unique1000/visualizations/archive_latex.tex
472,0.575675676,0.503100000,\frac{\left(\left(\mathrm{ZiCo}\right)^2\right) \cdot \left(-\mathrm{GFLOPs}\right)}{\mathrm{MParams}},ZiCo Square GFLOPs Negative Mul MParams Div <EOS>,((square(ZiCo) * -(GFLOPs)) / MParams),0.503100000,0.389200000,176,7,4,2073,run_monash_time_unique1000,1,1,TIME__Coastal_T_S__H/seed_2073/run_monash_time_unique1000/visualizations/archive_latex.tex
473,0.574774775,0.503100000,\left(\frac{\mathrm{GFLOPs}}{\mathrm{MParams}}\right) \cdot \left(-\left(\mathrm{ZiCo}\right)^2\right),GFLOPs MParams Div ZiCo Square Negative Mul <EOS>,((GFLOPs / MParams) * -(square(ZiCo))),0.503100000,0.389200000,140,7,4,2124,run_monash_time_unique1000,3,1,TIME__Coastal_T_S__H/seed_2124/run_monash_time_unique1000/visualizations/archive_latex.tex
474,0.573873874,0.503100000,\left(-\sqrt{\mathrm{GFLOPs}}\right) \cdot \left(\frac{\mathrm{ZiCo}}{\sqrt{\mathrm{MParams}}}\right),GFLOPs Sqrt Negative ZiCo MParams Sqrt Div Mul <EOS>,(-(sqrt(GFLOPs)) * (ZiCo / sqrt(MParams))),0.503100000,0.389200000,25,8,4,2192,run_monash_time_unique1000,3,1,TIME__Coastal_T_S__H/seed_2192/run_monash_time_unique1000/visualizations/archive_latex.tex
475,0.572972973,0.503100000,\left(\frac{\frac{\mathrm{MParams}}{-\left(\mathrm{ZiCo}\right)^2}}{\mathrm{GFLOPs}}\right)^2,MParams ZiCo Square Negative Div GFLOPs Div Square <EOS>,square(((MParams / -(square(ZiCo))) / GFLOPs)),0.503100000,0.389200000,192,8,6,2209,run_monash_time_unique1000,3,1,TIME__Coastal_T_S__H/seed_2209/run_monash_time_unique1000/visualizations/archive_latex.tex
476,0.572072072,0.503100000,\frac{\frac{\mathrm{MParams}}{\mathrm{GFLOPs}}}{\left(\mathrm{ZiCo}\right) \cdot \left(\mathrm{ZiCo}\right)},MParams GFLOPs Div ZiCo ZiCo Mul Div <EOS>,((MParams / GFLOPs) / (ZiCo * ZiCo)),0.503100000,0.389200000,46,7,3,2035,run_monash_time_unique1000,4,1,TIME__Coastal_T_S__H/seed_2035/run_monash_time_unique1000/visualizations/archive_latex.tex
477,0.571171171,0.503100000,\frac{\mathrm{MParams}}{\sqrt{\mathrm{JacobFro} - \mathrm{GSynFlow}}} - \mathrm{ZiCo},MParams Jacob_fro GSynFlow Sub Sqrt Div ZiCo Sub <EOS>,((MParams / sqrt((Jacob_fro - GSynFlow))) - ZiCo),0.503100000,0.450500000,39,8,5,2082,run_monash_time_unique1000,5,1,TIME__Coastal_T_S__H/seed_2082/run_monash_time_unique1000/visualizations/archive_latex.tex
478,0.570270270,0.503100000,\frac{\mathrm{MParams}}{\left(\left(\mathrm{ZiCo}\right)^2\right) \cdot \left(\mathrm{GFLOPs}\right)},MParams ZiCo Square GFLOPs Mul Div <EOS>,(MParams / (square(ZiCo) * GFLOPs)),0.503100000,0.389200000,66,6,4,2081,run_monash_time_unique1000,7,3,TIME__Coastal_T_S__H/seed_2081/run_monash_time_unique1000/visualizations/archive_latex.tex
479,0.569369369,0.503100000,\frac{\left(\frac{\sqrt{\mathrm{MParams}}}{\mathrm{ZiCo}}\right)^2}{\mathrm{GFLOPs}},MParams Sqrt ZiCo Div Square GFLOPs Div <EOS>,(square((sqrt(MParams) / ZiCo)) / GFLOPs),0.503100000,0.389200000,34,7,5,2200,run_monash_time_unique1000,7,1,TIME__Coastal_T_S__H/seed_2200/run_monash_time_unique1000/visualizations/archive_latex.tex
480,0.568468468,0.503100000,\frac{\frac{\frac{\mathrm{MParams}}{\mathrm{ZiCo}}}{\mathrm{GFLOPs}}}{\mathrm{ZiCo}},MParams ZiCo Div GFLOPs Div ZiCo Div <EOS>,(((MParams / ZiCo) / GFLOPs) / ZiCo),0.503100000,0.389200000,110,7,4,2225,run_monash_time_unique1000,8,1,TIME__Coastal_T_S__H/seed_2225/run_monash_time_unique1000/visualizations/archive_latex.tex
481,0.567567568,0.502900000,\frac{\mathrm{L2Norm} - \log\left(\frac{\mathrm{GSynFlow}}{\mathrm{L2Norm}}\right)}{\mathrm{ZiCo}},L2-Norm GSynFlow L2-Norm Div Log Sub ZiCo Div <EOS>,((L2-Norm - log((GSynFlow / L2-Norm))) / ZiCo),0.502900000,0.400700000,27,8,5,2226,run_monash_time_unique1000,3,1,TIME__Coastal_T_S__H/seed_2226/run_monash_time_unique1000/visualizations/archive_latex.tex
482,0.566666667,0.502900000,\frac{\mathrm{L2Norm} - \log\left(\left(\mathrm{ZiCo}\right) \cdot \left(\mathrm{GSynFlow}\right)\right)}{\mathrm{ZiCo}},L2-Norm ZiCo GSynFlow Mul Log Sub ZiCo Div <EOS>,((L2-Norm - log((ZiCo * GSynFlow))) / ZiCo),0.502900000,0.404800000,156,8,5,2049,run_monash_time_unique1000,6,2,TIME__Coastal_T_S__H/seed_2049/run_monash_time_unique1000/visualizations/archive_latex.tex
483,0.565765766,0.502700000,\frac{\frac{\mathrm{L2Norm}}{\left(\mathrm{ZiCo}\right)^2}}{\log\left(\mathrm{JacobFro} - \mathrm{GSynFlow}\right)},L2-Norm ZiCo Square Div Jacob_fro GSynFlow Sub Log Div <EOS>,((L2-Norm / square(ZiCo)) / log((Jacob_fro - GSynFlow))),0.502700000,0.486900000,127,9,4,2028,run_monash_time_unique1000,2,2,TIME__Coastal_T_S__H/seed_2028/run_monash_time_unique1000/visualizations/archive_latex.tex
484,0.564864865,0.502700000,\frac{\frac{\mathrm{L2Norm}}{\left(\mathrm{ZiCo}\right)^2}}{\log\left(\mathrm{GSynFlow} - \mathrm{JacobFro}\right)},L2-Norm ZiCo Square Div GSynFlow Jacob_fro Sub Log Div <EOS>,((L2-Norm / square(ZiCo)) / log((GSynFlow - Jacob_fro))),0.502700000,0.486900000,63,9,4,2081,run_monash_time_unique1000,8,1,TIME__Coastal_T_S__H/seed_2081/run_monash_time_unique1000/visualizations/archive_latex.tex
485,0.563963964,0.502700000,\mathrm{Fisher} - \frac{\log\left(\mathrm{GSynFlow}\right) - \mathrm{L2Norm}}{\mathrm{ZiCo}},Fisher GSynFlow Log L2-Norm Sub ZiCo Div Sub <EOS>,(Fisher - ((log(GSynFlow) - L2-Norm) / ZiCo)),0.502700000,0.398700000,187,8,5,2066,run_monash_time_unique1000,10,1,TIME__Coastal_T_S__H/seed_2066/run_monash_time_unique1000/visualizations/archive_latex.tex
486,0.563063063,0.502600000,\mathrm{GFLOPs} + \mathrm{L2Norm} - \log\left(\left(\left(\mathrm{GSynFlow}\right) \cdot \left(\mathrm{plain}\right)\right)^2\right),GFLOPs L2-Norm GSynFlow plain Mul Square Log Sub Add <EOS>,(GFLOPs + (L2-Norm - log(square((GSynFlow * plain))))),0.502600000,0.489800000,76,9,6,2135,run_monash_time_unique1000,8,1,TIME__Coastal_T_S__H/seed_2135/run_monash_time_unique1000/visualizations/archive_latex.tex
487,0.562162162,0.502600000,\mathrm{GFLOPs} + \mathrm{L2Norm} - \log\left(\left(\left(\mathrm{plain}\right) \cdot \left(\mathrm{GSynFlow}\right)\right)^2\right),GFLOPs L2-Norm plain GSynFlow Mul Square Log Sub Add <EOS>,(GFLOPs + (L2-Norm - log(square((plain * GSynFlow))))),0.502600000,0.489800000,92,9,6,2141,run_monash_time_unique1000,10,1,TIME__Coastal_T_S__H/seed_2141/run_monash_time_unique1000/visualizations/archive_latex.tex
488,0.561261261,0.502400000,\frac{\log\left(\frac{\left(\mathrm{Snip}\right)^2}{\log\left(\mathrm{plain}\right)}\right)}{\mathrm{ZiCo}},Snip Square plain Log Div Log ZiCo Div <EOS>,(log((square(Snip) / log(plain))) / ZiCo),0.502400000,0.388900000,17,8,5,2061,run_monash_time_unique1000,3,1,TIME__Coastal_T_S__H/seed_2061/run_monash_time_unique1000/visualizations/archive_latex.tex
489,0.560360360,0.502400000,\frac{\sqrt{\mathrm{MParams}}}{\mathrm{ZiCo}} - \left(\mathrm{GFLOPs}\right) \cdot \left(\mathrm{ZiCo}\right),MParams Sqrt ZiCo Div GFLOPs ZiCo Mul Sub <EOS>,((sqrt(MParams) / ZiCo) - (GFLOPs * ZiCo)),0.502400000,0.487000000,127,8,4,2116,run_monash_time_unique1000,3,1,TIME__Coastal_T_S__H/seed_2116/run_monash_time_unique1000/visualizations/archive_latex.tex
490,0.559459459,0.502400000,\frac{\mathrm{L2Norm} - \log\left(\mathrm{GSynFlow}\right)}{\mathrm{ZiCo}} - \mathrm{GFLOPs},L2-Norm GSynFlow Log Sub ZiCo Div GFLOPs Sub <EOS>,(((L2-Norm - log(GSynFlow)) / ZiCo) - GFLOPs),0.502400000,0.431400000,45,8,5,2198,run_monash_time_unique1000,3,2,TIME__Coastal_T_S__H/seed_2198/run_monash_time_unique1000/visualizations/archive_latex.tex
491,0.558558559,0.502400000,\left(\mathrm{MParams}\right)^2 - \sqrt{\left(\sqrt{\mathrm{Fisher}}\right) \cdot \left(\sqrt{\mathrm{GSynFlow}}\right)},MParams Square Fisher Sqrt GSynFlow Sqrt Mul Sqrt Sub <EOS>,(square(MParams) - sqrt((sqrt(Fisher) * sqrt(GSynFlow)))),0.502400000,0.463900000,84,9,5,2170,run_monash_time_unique1000,4,5,TIME__Coastal_T_S__H/seed_2170/run_monash_time_unique1000/visualizations/archive_latex.tex
492,0.557657658,0.502400000,\frac{\sqrt{\mathrm{MParams}}}{\mathrm{ZiCo}} - \left(\mathrm{ZiCo}\right) \cdot \left(\mathrm{GFLOPs}\right),MParams Sqrt ZiCo Div ZiCo GFLOPs Mul Sub <EOS>,((sqrt(MParams) / ZiCo) - (ZiCo * GFLOPs)),0.502400000,0.487000000,148,8,4,2219,run_monash_time_unique1000,4,1,TIME__Coastal_T_S__H/seed_2219/run_monash_time_unique1000/visualizations/archive_latex.tex
493,0.556756757,0.502400000,\left(\mathrm{MParams}\right)^2 - \sqrt{\left(\sqrt{\mathrm{GSynFlow}}\right) \cdot \left(\sqrt{\mathrm{Fisher}}\right)},MParams Square GSynFlow Sqrt Fisher Sqrt Mul Sqrt Sub <EOS>,(square(MParams) - sqrt((sqrt(GSynFlow) * sqrt(Fisher)))),0.502400000,0.463900000,129,9,5,2111,run_monash_time_unique1000,6,2,TIME__Coastal_T_S__H/seed_2111/run_monash_time_unique1000/visualizations/archive_latex.tex
494,0.555855856,0.502100000,\left(\mathrm{MParams}\right)^2 - \sqrt{\frac{\sqrt{\mathrm{GSynFlow}}}{\sqrt{\mathrm{Jacov}}}},MParams Square GSynFlow Sqrt Jacov Sqrt Div Sqrt Sub <EOS>,(square(MParams) - sqrt((sqrt(GSynFlow) / sqrt(Jacov)))),0.502100000,0.512500000,196,9,5,2037,run_monash_time_unique1000,9,1,TIME__Coastal_T_S__H/seed_2037/run_monash_time_unique1000/visualizations/archive_latex.tex
495,0.554954955,0.501800000,\mathrm{MParams} - \left(\log\left(\mathrm{GSynFlow}\right)\right) \cdot \left(\left(\mathrm{ZiCo}\right)^2\right),MParams GSynFlow Log ZiCo Square Mul Sub <EOS>,(MParams - (log(GSynFlow) * square(ZiCo))),0.501800000,0.490300000,59,7,4,2030,run_monash_time_unique1000,1,6,TIME__Coastal_T_S__H/seed_2030/run_monash_time_unique1000/visualizations/archive_latex.tex
496,0.554054054,0.501800000,\mathrm{MParams} - \left(\left(\mathrm{ZiCo}\right)^2\right) \cdot \left(\log\left(\mathrm{GSynFlow}\right)\right),MParams ZiCo Square GSynFlow Log Mul Sub <EOS>,(MParams - (square(ZiCo) * log(GSynFlow))),0.501800000,0.490300000,140,7,4,2148,run_monash_time_unique1000,2,2,TIME__Coastal_T_S__H/seed_2148/run_monash_time_unique1000/visualizations/archive_latex.tex
497,0.553153153,0.501800000,\mathrm{MParams} - \left(\mathrm{ZiCo}\right) \cdot \left(\left(\mathrm{ZiCo}\right) \cdot \left(\log\left(\mathrm{GSynFlow}\right)\right)\right),MParams ZiCo ZiCo GSynFlow Log Mul Mul Sub <EOS>,(MParams - (ZiCo * (ZiCo * log(GSynFlow)))),0.501800000,0.490300000,118,8,5,2187,run_monash_time_unique1000,2,1,TIME__Coastal_T_S__H/seed_2187/run_monash_time_unique1000/visualizations/archive_latex.tex
498,0.552252252,0.501700000,\frac{\sqrt{\mathrm{MParams}}}{\left(\mathrm{ZiCo}\right)^2} - \mathrm{GFLOPs},MParams Sqrt ZiCo Square Div GFLOPs Sub <EOS>,((sqrt(MParams) / square(ZiCo)) - GFLOPs),0.501700000,0.489100000,178,7,4,2077,run_monash_time_unique1000,1,1,TIME__Coastal_T_S__H/seed_2077/run_monash_time_unique1000/visualizations/archive_latex.tex
499,0.551351351,0.501600000,\mathrm{MParams} - \left(\sqrt{\frac{\sqrt{\mathrm{GSynFlow}}}{\mathrm{MParams}}}\right) \cdot \left(\mathrm{ZiCo}\right),MParams GSynFlow Sqrt MParams Div Sqrt ZiCo Mul Sub <EOS>,(MParams - (sqrt((sqrt(GSynFlow) / MParams)) * ZiCo)),0.501600000,0.480100000,24,9,6,2106,run_monash_time_unique1000,2,1,TIME__Coastal_T_S__H/seed_2106/run_monash_time_unique1000/visualizations/archive_latex.tex
500,0.550450450,0.501300000,\frac{\left(\left(\mathrm{MParams} - \mathrm{ZiCo}\right) \cdot \left(\mathrm{Jacov}\right)\right)^2}{\sqrt{\mathrm{GSynFlow}}},MParams ZiCo Sub Jacov Mul Square GSynFlow Sqrt Div <EOS>,(square(((MParams - ZiCo) * Jacov)) / sqrt(GSynFlow)),0.501300000,0.527600000,57,9,5,2054,run_monash_time_unique1000,6,4,TIME__Coastal_T_S__H/seed_2054/run_monash_time_unique1000/visualizations/archive_latex.tex
501,0.549549550,0.501300000,\frac{\left(\left(\mathrm{Jacov}\right) \cdot \left(\mathrm{ZiCo} - \mathrm{MParams}\right)\right)^2}{\sqrt{\mathrm{GSynFlow}}},Jacov ZiCo MParams Sub Mul Square GSynFlow Sqrt Div <EOS>,(square((Jacov * (ZiCo - MParams))) / sqrt(GSynFlow)),0.501300000,0.527600000,144,9,5,2129,run_monash_time_unique1000,7,2,TIME__Coastal_T_S__H/seed_2129/run_monash_time_unique1000/visualizations/archive_latex.tex
502,0.548648649,0.501300000,\left(\mathrm{MParams}\right)^2 - \frac{\sqrt{\mathrm{GSynFlow}}}{\left(\mathrm{MParams}\right) \cdot \left(\mathrm{GradNorm}\right)},MParams Square GSynFlow Sqrt MParams Grad_Norm Mul Div Sub <EOS>,(square(MParams) - (sqrt(GSynFlow) / (MParams * Grad_Norm))),0.501300000,0.465400000,19,9,4,2156,run_monash_time_unique1000,7,1,TIME__Coastal_T_S__H/seed_2156/run_monash_time_unique1000/visualizations/archive_latex.tex
503,0.547747748,0.501300000,\left(\mathrm{MParams}\right)^2 - \frac{\frac{\sqrt{\mathrm{GSynFlow}}}{\mathrm{MParams}}}{\mathrm{GradNorm}},MParams Square GSynFlow Sqrt MParams Div Grad_Norm Div Sub <EOS>,(square(MParams) - ((sqrt(GSynFlow) / MParams) / Grad_Norm)),0.501300000,0.465400000,159,9,5,2185,run_monash_time_unique1000,8,1,TIME__Coastal_T_S__H/seed_2185/run_monash_time_unique1000/visualizations/archive_latex.tex
504,0.546846847,0.501300000,\frac{\left(\left(\mathrm{ZiCo} - \mathrm{MParams}\right) \cdot \left(\mathrm{Jacov}\right)\right)^2}{\sqrt{\mathrm{GSynFlow}}},ZiCo MParams Sub Jacov Mul Square GSynFlow Sqrt Div <EOS>,(square(((ZiCo - MParams) * Jacov)) / sqrt(GSynFlow)),0.501300000,0.527600000,160,9,5,2055,run_monash_time_unique1000,9,3,TIME__Coastal_T_S__H/seed_2055/run_monash_time_unique1000/visualizations/archive_latex.tex
505,0.545945946,0.501200000,\frac{\left(\frac{\mathrm{L2Norm}}{\left(\mathrm{ZiCo}\right)^2}\right)^2}{\mathrm{JacobFro} - \mathrm{GSynFlow}},L2-Norm ZiCo Square Div Square Jacob_fro GSynFlow Sub Div <EOS>,(square((L2-Norm / square(ZiCo))) / (Jacob_fro - GSynFlow)),0.501200000,0.435900000,75,9,5,2200,run_monash_time_unique1000,8,1,TIME__Coastal_T_S__H/seed_2200/run_monash_time_unique1000/visualizations/archive_latex.tex
506,0.545045045,0.500900000,\mathrm{L2Norm} - \log\left(\frac{\left(\mathrm{GSynFlow}\right)^2}{\mathrm{Snip} + \mathrm{Jacov}}\right),L2-Norm GSynFlow Square Snip Jacov Add Div Log Sub <EOS>,(L2-Norm - log((square(GSynFlow) / (Snip + Jacov)))),0.500900000,0.506000000,70,9,5,2063,run_monash_time_unique1000,7,2,TIME__Coastal_T_S__H/seed_2063/run_monash_time_unique1000/visualizations/archive_latex.tex
507,0.544144144,0.500900000,\mathrm{L2Norm} - \log\left(\frac{\left(\mathrm{GSynFlow}\right)^2}{\mathrm{Jacov} + \mathrm{Snip}}\right),L2-Norm GSynFlow Square Jacov Snip Add Div Log Sub <EOS>,(L2-Norm - log((square(GSynFlow) / (Jacov + Snip)))),0.500900000,0.506000000,106,9,5,2135,run_monash_time_unique1000,9,1,TIME__Coastal_T_S__H/seed_2135/run_monash_time_unique1000/visualizations/archive_latex.tex
508,0.543243243,0.500500000,\frac{\left(\mathrm{MParams}\right) \cdot \left(\sqrt{\mathrm{MParams}}\right)}{\sqrt{\mathrm{GSynFlow}}} + \mathrm{MParams},MParams MParams Sqrt Mul GSynFlow Sqrt Div MParams Add <EOS>,(((MParams * sqrt(MParams)) / sqrt(GSynFlow)) + MParams),0.500500000,0.395100000,81,9,5,2075,run_monash_time_unique1000,6,1,TIME__Coastal_T_S__H/seed_2075/run_monash_time_unique1000/visualizations/archive_latex.tex
509,0.542342342,0.500500000,\left(\left(\mathrm{plain} - \mathrm{GFLOPs}\right)^2\right) \cdot \left(\mathrm{MParams}\right) - \sqrt{\mathrm{GSynFlow}},plain GFLOPs Sub Square MParams Mul GSynFlow Sqrt Sub <EOS>,((square((plain - GFLOPs)) * MParams) - sqrt(GSynFlow)),0.500500000,0.440000000,141,9,5,2027,run_monash_time_unique1000,8,1,TIME__Coastal_T_S__H/seed_2027/run_monash_time_unique1000/visualizations/archive_latex.tex
510,0.541441441,0.500500000,\left(\sqrt{\mathrm{MParams}}\right) \cdot \left(\frac{\mathrm{MParams}}{\sqrt{\mathrm{GSynFlow}}}\right) + \mathrm{MParams},MParams Sqrt MParams GSynFlow Sqrt Div Mul MParams Add <EOS>,((sqrt(MParams) * (MParams / sqrt(GSynFlow))) + MParams),0.500500000,0.395100000,29,9,5,2213,run_monash_time_unique1000,9,1,TIME__Coastal_T_S__H/seed_2213/run_monash_time_unique1000/visualizations/archive_latex.tex
511,0.540540541,0.500500000,\sqrt{\frac{\mathrm{MParams}}{\mathrm{JacobFro} - \mathrm{GSynFlow}}} - \left(\mathrm{ZiCo}\right)^2,MParams Jacob_fro GSynFlow Sub Div Sqrt ZiCo Square Sub <EOS>,(sqrt((MParams / (Jacob_fro - GSynFlow))) - square(ZiCo)),0.500500000,0.456500000,121,9,5,2091,run_monash_time_unique1000,10,1,TIME__Coastal_T_S__H/seed_2091/run_monash_time_unique1000/visualizations/archive_latex.tex
512,0.539639640,0.500400000,\frac{\mathrm{L2Norm} - \log\left(\left(\mathrm{GSynFlow}\right)^2 + \mathrm{GSynFlow}\right)}{\mathrm{ZiCo}},L2-Norm GSynFlow Square GSynFlow Add Log Sub ZiCo Div <EOS>,((L2-Norm - log((square(GSynFlow) + GSynFlow))) / ZiCo),0.500400000,0.488000000,194,9,6,2105,run_monash_time_unique1000,9,1,TIME__Coastal_T_S__H/seed_2105/run_monash_time_unique1000/visualizations/archive_latex.tex
513,0.538738739,0.500200000,\mathrm{MParams} - \frac{\sqrt{\frac{\mathrm{GSynFlow}}{\mathrm{L2Norm}}}}{\left(\mathrm{MParams}\right)^2},MParams GSynFlow L2-Norm Div Sqrt MParams Square Div Sub <EOS>,(MParams - (sqrt((GSynFlow / L2-Norm)) / square(MParams))),0.500200000,0.465900000,114,9,5,2041,run_monash_time_unique1000,3,1,TIME__Coastal_T_S__H/seed_2041/run_monash_time_unique1000/visualizations/archive_latex.tex
514,0.537837838,0.500200000,\log\left(\mathrm{MParams}\right) - \mathrm{ZiCo} + \sqrt{\mathrm{L2Norm}},MParams Log ZiCo L2-Norm Sqrt Add Sub <EOS>,(log(MParams) - (ZiCo + sqrt(L2-Norm))),0.500200000,0.459800000,192,7,4,2107,run_monash_time_unique1000,8,1,TIME__Coastal_T_S__H/seed_2107/run_monash_time_unique1000/visualizations/archive_latex.tex
515,0.536936937,0.500100000,\mathrm{MParams} - \frac{\sqrt{\mathrm{GSynFlow}}}{\left(\left(\mathrm{MParams}\right) \cdot \left(\mathrm{MParams}\right)\right)^2},MParams GSynFlow Sqrt MParams MParams Mul Square Div Sub <EOS>,(MParams - (sqrt(GSynFlow) / square((MParams * MParams)))),0.500100000,0.487400000,68,9,5,2160,run_monash_time_unique1000,8,1,TIME__Coastal_T_S__H/seed_2160/run_monash_time_unique1000/visualizations/archive_latex.tex
516,0.536036036,0.500100000,\mathrm{L2Norm} - \log\left(\left(\mathrm{GSynFlow}\right) \cdot \left(\left(\mathrm{GFLOPs}\right) \cdot \left(\sqrt{\mathrm{GSynFlow}}\right)\right)\right),L2-Norm GSynFlow GFLOPs GSynFlow Sqrt Mul Mul Log Sub <EOS>,(L2-Norm - log((GSynFlow * (GFLOPs * sqrt(GSynFlow))))),0.500100000,0.479200000,192,9,6,2193,run_monash_time_unique1000,10,1,TIME__Coastal_T_S__H/seed_2193/run_monash_time_unique1000/visualizations/archive_latex.tex
517,0.535135135,0.500000000,\frac{\frac{\mathrm{MParams}}{\left(\mathrm{ZiCo}\right)^2}}{\mathrm{JacobFro} - \mathrm{GSynFlow}},MParams ZiCo Square Div Jacob_fro GSynFlow Sub Div <EOS>,((MParams / square(ZiCo)) / (Jacob_fro - GSynFlow)),0.500000000,0.468200000,18,8,4,2147,run_monash_time_unique1000,1,5,TIME__Coastal_T_S__H/seed_2147/run_monash_time_unique1000/visualizations/archive_latex.tex
518,0.534234234,0.500000000,\frac{\left(\frac{\sqrt{\mathrm{MParams}}}{\mathrm{ZiCo}}\right)^2}{\mathrm{JacobFro} - \mathrm{GSynFlow}},MParams Sqrt ZiCo Div Square Jacob_fro GSynFlow Sub Div <EOS>,(square((sqrt(MParams) / ZiCo)) / (Jacob_fro - GSynFlow)),0.500000000,0.468200000,57,9,5,2077,run_monash_time_unique1000,2,1,TIME__Coastal_T_S__H/seed_2077/run_monash_time_unique1000/visualizations/archive_latex.tex
519,0.533333333,0.500000000,\frac{\left(\frac{\mathrm{MParams}}{\left(\mathrm{ZiCo}\right)^2}\right)^2}{\mathrm{JacobFro} - \mathrm{GSynFlow}},MParams ZiCo Square Div Square Jacob_fro GSynFlow Sub Div <EOS>,(square((MParams / square(ZiCo))) / (Jacob_fro - GSynFlow)),0.500000000,0.485300000,23,9,5,2147,run_monash_time_unique1000,2,5,TIME__Coastal_T_S__H/seed_2147/run_monash_time_unique1000/visualizations/archive_latex.tex
520,0.532432432,0.500000000,\frac{\mathrm{MParams}}{\left(\mathrm{JacobFro} - \mathrm{GSynFlow}\right) \cdot \left(\left(\mathrm{ZiCo}\right)^2\right)},MParams Jacob_fro GSynFlow Sub ZiCo Square Mul Div <EOS>,(MParams / ((Jacob_fro - GSynFlow) * square(ZiCo))),0.500000000,0.468200000,52,8,4,2059,run_monash_time_unique1000,3,2,TIME__Coastal_T_S__H/seed_2059/run_monash_time_unique1000/visualizations/archive_latex.tex
521,0.531531532,0.500000000,\frac{\frac{\mathrm{MParams}}{\mathrm{JacobFro} - \mathrm{GSynFlow}}}{\left(\mathrm{ZiCo}\right)^2},MParams Jacob_fro GSynFlow Sub Div ZiCo Square Div <EOS>,((MParams / (Jacob_fro - GSynFlow)) / square(ZiCo)),0.500000000,0.468200000,44,8,4,2082,run_monash_time_unique1000,6,1,TIME__Coastal_T_S__H/seed_2082/run_monash_time_unique1000/visualizations/archive_latex.tex
522,0.530630631,0.500000000,\mathrm{L2Norm} - \log\left(\frac{\left(\frac{\mathrm{GSynFlow}}{\mathrm{Jacov}}\right)^2}{\mathrm{Jacov}}\right),L2-Norm GSynFlow Jacov Div Square Jacov Div Log Sub <EOS>,(L2-Norm - log((square((GSynFlow / Jacov)) / Jacov))),0.500000000,0.507900000,77,9,6,2203,run_monash_time_unique1000,6,5,TIME__Coastal_T_S__H/seed_2203/run_monash_time_unique1000/visualizations/archive_latex.tex
523,0.529729730,0.500000000,\frac{\left(\left(\mathrm{MParams}\right)^2 - \mathrm{Fisher}\right)^2}{\sqrt{\mathrm{GSynFlow}}},MParams Square Fisher Sub Square GSynFlow Sqrt Div <EOS>,(square((square(MParams) - Fisher)) / sqrt(GSynFlow)),0.500000000,0.426000000,85,8,5,2054,run_monash_time_unique1000,7,2,TIME__Coastal_T_S__H/seed_2054/run_monash_time_unique1000/visualizations/archive_latex.tex
524,0.528828829,0.500000000,\frac{\left(\mathrm{Fisher} - \left(\mathrm{MParams}\right)^2\right)^2}{\sqrt{\mathrm{GSynFlow}}},Fisher MParams Square Sub Square GSynFlow Sqrt Div <EOS>,(square((Fisher - square(MParams))) / sqrt(GSynFlow)),0.500000000,0.426000000,191,8,5,2214,run_monash_time_unique1000,9,1,TIME__Coastal_T_S__H/seed_2214/run_monash_time_unique1000/visualizations/archive_latex.tex
525,0.527927928,0.500000000,\frac{\left(\left(\mathrm{MParams}\right) \cdot \left(\mathrm{MParams}\right) - \mathrm{Fisher}\right)^2}{\sqrt{\mathrm{GSynFlow}}},MParams MParams Mul Fisher Sub Square GSynFlow Sqrt Div <EOS>,(square(((MParams * MParams) - Fisher)) / sqrt(GSynFlow)),0.500000000,0.426000000,96,9,5,2112,run_monash_time_unique1000,10,1,TIME__Coastal_T_S__H/seed_2112/run_monash_time_unique1000/visualizations/archive_latex.tex
526,0.527027027,0.499800000,\left(\left(\mathrm{MParams}\right) \cdot \left(\mathrm{MParams}\right)\right)^2 - \left(\mathrm{ZiCo}\right) \cdot \left(\sqrt{\mathrm{GSynFlow}}\right),MParams MParams Mul Square ZiCo GSynFlow Sqrt Mul Sub <EOS>,(square((MParams * MParams)) - (ZiCo * sqrt(GSynFlow))),0.499800000,0.464300000,136,9,4,2143,run_monash_time_unique1000,7,1,TIME__Coastal_T_S__H/seed_2143/run_monash_time_unique1000/visualizations/archive_latex.tex
527,0.526126126,0.499700000,\mathrm{MParams} - \left(\log\left(\sqrt{\mathrm{GSynFlow}} + \mathrm{plain}\right)\right) \cdot \left(\mathrm{ZiCo}\right),MParams GSynFlow Sqrt plain Add Log ZiCo Mul Sub <EOS>,(MParams - (log((sqrt(GSynFlow) + plain)) * ZiCo)),0.499700000,0.493700000,121,9,6,2192,run_monash_time_unique1000,4,1,TIME__Coastal_T_S__H/seed_2192/run_monash_time_unique1000/visualizations/archive_latex.tex
528,0.525225225,0.499700000,\frac{\mathrm{MParams} - \mathrm{Jacov}}{\mathrm{JacobFro}} - \mathrm{ZiCo},MParams Jacov Sub Jacob_fro Div ZiCo Sub <EOS>,(((MParams - Jacov) / Jacob_fro) - ZiCo),0.499700000,0.364800000,166,7,4,2213,run_monash_time_unique1000,10,1,TIME__Coastal_T_S__H/seed_2213/run_monash_time_unique1000/visualizations/archive_latex.tex
529,0.524324324,0.499500000,\mathrm{MParams} - \frac{\sqrt{\frac{\sqrt{\mathrm{GSynFlow}}}{\mathrm{MParams}}}}{\mathrm{MParams}},MParams GSynFlow Sqrt MParams Div Sqrt MParams Div Sub <EOS>,(MParams - (sqrt((sqrt(GSynFlow) / MParams)) / MParams)),0.499500000,0.498500000,161,9,6,2053,run_monash_time_unique1000,1,2,TIME__Coastal_T_S__H/seed_2053/run_monash_time_unique1000/visualizations/archive_latex.tex
530,0.523423423,0.499500000,\left(\mathrm{MParams} - \left(\log\left(\mathrm{GSynFlow}\right)\right) \cdot \left(\left(\mathrm{ZiCo}\right)^2\right)\right)^2,MParams GSynFlow Log ZiCo Square Mul Sub Square <EOS>,square((MParams - (log(GSynFlow) * square(ZiCo)))),0.499500000,0.487700000,60,8,5,2030,run_monash_time_unique1000,2,1,TIME__Coastal_T_S__H/seed_2030/run_monash_time_unique1000/visualizations/archive_latex.tex
531,0.522522523,0.499500000,\mathrm{L2Norm} - \log\left(\left(\left(\mathrm{GSynFlow}\right) \cdot \left(\sqrt{\log\left(\mathrm{plain}\right)}\right)\right)^2\right),L2-Norm GSynFlow plain Log Sqrt Mul Square Log Sub <EOS>,(L2-Norm - log(square((GSynFlow * sqrt(log(plain)))))),0.499500000,0.494900000,171,9,7,2131,run_monash_time_unique1000,2,1,TIME__Coastal_T_S__H/seed_2131/run_monash_time_unique1000/visualizations/archive_latex.tex
532,0.521621622,0.499500000,\mathrm{L2Norm} - \log\left(\left(\left(\mathrm{GSynFlow}\right) \cdot \left(\mathrm{GSynFlow}\right)\right) \cdot \left(\log\left(\mathrm{plain}\right)\right)\right),L2-Norm GSynFlow GSynFlow Mul plain Log Mul Log Sub <EOS>,(L2-Norm - log(((GSynFlow * GSynFlow) * log(plain)))),0.499500000,0.494900000,100,9,5,2197,run_monash_time_unique1000,4,1,TIME__Coastal_T_S__H/seed_2197/run_monash_time_unique1000/visualizations/archive_latex.tex
533,0.520720721,0.499500000,\left(\mathrm{MParams} - \left(\left(\mathrm{ZiCo}\right)^2\right) \cdot \left(\log\left(\mathrm{GSynFlow}\right)\right)\right)^2,MParams ZiCo Square GSynFlow Log Mul Sub Square <EOS>,square((MParams - (square(ZiCo) * log(GSynFlow)))),0.499500000,0.487700000,91,8,5,2220,run_monash_time_unique1000,5,1,TIME__Coastal_T_S__H/seed_2220/run_monash_time_unique1000/visualizations/archive_latex.tex
534,0.519819820,0.499500000,\left(\mathrm{MParams}\right) \cdot \left(\sqrt{\frac{\mathrm{Jacov}}{\mathrm{plain}}} - \log\left(\mathrm{GSynFlow}\right)\right),MParams Jacov plain Div Sqrt GSynFlow Log Sub Mul <EOS>,(MParams * (sqrt((Jacov / plain)) - log(GSynFlow))),0.499500000,0.534400000,86,9,5,2038,run_monash_time_unique1000,6,3,TIME__Coastal_T_S__H/seed_2038/run_monash_time_unique1000/visualizations/archive_latex.tex
535,0.518918919,0.499500000,\mathrm{L2Norm} - \log\left(\left(\log\left(\mathrm{plain}\right)\right) \cdot \left(\left(\mathrm{GSynFlow}\right)^2\right)\right),L2-Norm plain Log GSynFlow Square Mul Log Sub <EOS>,(L2-Norm - log((log(plain) * square(GSynFlow)))),0.499500000,0.494900000,17,8,5,2088,run_monash_time_unique1000,8,1,TIME__Coastal_T_S__H/seed_2088/run_monash_time_unique1000/visualizations/archive_latex.tex
536,0.518018018,0.499500000,\log\left(\mathrm{MParams} - \left(\log\left(\mathrm{GSynFlow}\right)\right) \cdot \left(\left(\mathrm{ZiCo}\right)^2\right)\right),MParams GSynFlow Log ZiCo Square Mul Sub Log <EOS>,log((MParams - (log(GSynFlow) * square(ZiCo)))),0.499500000,0.487700000,12,8,5,2107,run_monash_time_unique1000,9,1,TIME__Coastal_T_S__H/seed_2107/run_monash_time_unique1000/visualizations/archive_latex.tex
537,0.517117117,0.499500000,\mathrm{L2Norm} - \log\left(\left(\left(\log\left(\mathrm{plain}\right)\right) \cdot \left(\mathrm{GSynFlow}\right)\right) \cdot \left(\mathrm{GSynFlow}\right)\right),L2-Norm plain Log GSynFlow Mul GSynFlow Mul Log Sub <EOS>,(L2-Norm - log(((log(plain) * GSynFlow) * GSynFlow))),0.499500000,0.494900000,103,9,6,2194,run_monash_time_unique1000,9,1,TIME__Coastal_T_S__H/seed_2194/run_monash_time_unique1000/visualizations/archive_latex.tex
538,0.516216216,0.499300000,\left(\sqrt{\mathrm{Jacov}} - \log\left(\mathrm{GSynFlow}\right)\right) \cdot \left(\mathrm{MParams}\right) - \mathrm{plain},Jacov Sqrt GSynFlow Log Sub MParams Mul plain Sub <EOS>,(((sqrt(Jacov) - log(GSynFlow)) * MParams) - plain),0.499300000,0.534400000,102,9,5,2225,run_monash_time_unique1000,9,1,TIME__Coastal_T_S__H/seed_2225/run_monash_time_unique1000/visualizations/archive_latex.tex
539,0.515315315,0.499200000,\mathrm{L2Norm} - \frac{\log\left(\left(\frac{\mathrm{GSynFlow}}{\mathrm{JacobFro}}\right)^2\right)}{\mathrm{plain}},L2-Norm GSynFlow Jacob_fro Div Square Log plain Div Sub <EOS>,(L2-Norm - (log(square((GSynFlow / Jacob_fro))) / plain)),0.499200000,0.378400000,51,9,6,2184,run_monash_time_unique1000,10,1,TIME__Coastal_T_S__H/seed_2184/run_monash_time_unique1000/visualizations/archive_latex.tex
540,0.514414414,0.498700000,\frac{\left(\mathrm{GSynFlow}\right) \cdot \left(\log\left(\mathrm{MParams}\right)\right)}{\mathrm{JacobFro} - \mathrm{GSynFlow}},GSynFlow MParams Log Mul Jacob_fro GSynFlow Sub Div <EOS>,((GSynFlow * log(MParams)) / (Jacob_fro - GSynFlow)),0.498700000,0.458600000,156,8,4,2045,run_monash_time_unique1000,3,2,TIME__Coastal_T_S__H/seed_2045/run_monash_time_unique1000/visualizations/archive_latex.tex
541,0.513513514,0.498700000,\left(\left(\mathrm{MParams}\right) \cdot \left(\mathrm{MParams}\right)\right)^2 - \sqrt{\frac{\mathrm{GSynFlow}}{\mathrm{Snip}}},MParams MParams Mul Square GSynFlow Snip Div Sqrt Sub <EOS>,(square((MParams * MParams)) - sqrt((GSynFlow / Snip))),0.498700000,0.510400000,174,9,4,2082,run_monash_time_unique1000,7,1,TIME__Coastal_T_S__H/seed_2082/run_monash_time_unique1000/visualizations/archive_latex.tex
542,0.512612613,0.498700000,\mathrm{MParams} - \left(\log\left(\sqrt{\mathrm{GSynFlow}}\right)\right) \cdot \left(\mathrm{Fisher}\right) + \mathrm{Fisher},MParams GSynFlow Sqrt Log Fisher Mul Fisher Add Sub <EOS>,(MParams - ((log(sqrt(GSynFlow)) * Fisher) + Fisher)),0.498700000,0.504700000,31,9,6,2107,run_monash_time_unique1000,10,1,TIME__Coastal_T_S__H/seed_2107/run_monash_time_unique1000/visualizations/archive_latex.tex
543,0.511711712,0.498500000,\frac{\left(\left(\mathrm{plain}\right)^2 - \mathrm{GradNorm}\right)^2}{\mathrm{JacobFro} - \mathrm{GSynFlow}},plain Square Grad_Norm Sub Square Jacob_fro GSynFlow Sub Div <EOS>,(square((square(plain) - Grad_Norm)) / (Jacob_fro - GSynFlow)),0.498500000,0.387400000,92,9,5,2100,run_monash_time_unique1000,2,1,TIME__Coastal_T_S__H/seed_2100/run_monash_time_unique1000/visualizations/archive_latex.tex
544,0.510810811,0.498500000,\frac{\left(\mathrm{MParams}\right)^2}{\sqrt{\sqrt{\mathrm{GSynFlow}} - \left(\mathrm{ZiCo}\right)^2}},MParams Square GSynFlow Sqrt ZiCo Square Sub Sqrt Div <EOS>,(square(MParams) / sqrt((sqrt(GSynFlow) - square(ZiCo)))),0.498500000,0.471900000,70,9,5,2074,run_monash_time_unique1000,10,1,TIME__Coastal_T_S__H/seed_2074/run_monash_time_unique1000/visualizations/archive_latex.tex
545,0.509909910,0.498400000,\left(\mathrm{MParams}\right)^2 - \left(\sqrt{\mathrm{GSynFlow}}\right) \cdot \left(\frac{\mathrm{ZiCo}}{\mathrm{GFLOPs}}\right),MParams Square GSynFlow Sqrt ZiCo GFLOPs Div Mul Sub <EOS>,(square(MParams) - (sqrt(GSynFlow) * (ZiCo / GFLOPs))),0.498400000,0.483900000,172,9,4,2118,run_monash_time_unique1000,1,2,TIME__Coastal_T_S__H/seed_2118/run_monash_time_unique1000/visualizations/archive_latex.tex
546,0.509009009,0.498400000,\left(\mathrm{MParams}\right)^2 - \frac{\sqrt{\mathrm{GSynFlow}}}{\frac{\mathrm{GFLOPs}}{\mathrm{ZiCo}}},MParams Square GSynFlow Sqrt GFLOPs ZiCo Div Div Sub <EOS>,(square(MParams) - (sqrt(GSynFlow) / (GFLOPs / ZiCo))),0.498400000,0.483900000,119,9,4,2106,run_monash_time_unique1000,3,1,TIME__Coastal_T_S__H/seed_2106/run_monash_time_unique1000/visualizations/archive_latex.tex
547,0.508108108,0.498400000,\left(\mathrm{MParams}\right)^2 - \left(\frac{\mathrm{ZiCo}}{\mathrm{GFLOPs}}\right) \cdot \left(\sqrt{\mathrm{GSynFlow}}\right),MParams Square ZiCo GFLOPs Div GSynFlow Sqrt Mul Sub <EOS>,(square(MParams) - ((ZiCo / GFLOPs) * sqrt(GSynFlow))),0.498400000,0.483900000,24,9,4,2061,run_monash_time_unique1000,4,4,TIME__Coastal_T_S__H/seed_2061/run_monash_time_unique1000/visualizations/archive_latex.tex
548,0.507207207,0.498400000,\mathrm{L2Norm} - \log\left(\left(\frac{\mathrm{GSynFlow}}{\left(\mathrm{MParams}\right) \cdot \left(\mathrm{Jacov}\right)}\right)^2\right),L2-Norm GSynFlow MParams Jacov Mul Div Square Log Sub <EOS>,(L2-Norm - log(square((GSynFlow / (MParams * Jacov))))),0.498400000,0.496000000,106,9,6,2083,run_monash_time_unique1000,7,2,TIME__Coastal_T_S__H/seed_2083/run_monash_time_unique1000/visualizations/archive_latex.tex
549,0.506306306,0.498400000,\left(\mathrm{MParams}\right) \cdot \left(\frac{\mathrm{GradNorm} - \log\left(\sqrt{\mathrm{GSynFlow}}\right)}{\mathrm{plain}}\right),MParams Grad_Norm GSynFlow Sqrt Log Sub plain Div Mul <EOS>,(MParams * ((Grad_Norm - log(sqrt(GSynFlow))) / plain)),0.498400000,0.476900000,55,9,6,2195,run_monash_time_unique1000,7,1,TIME__Coastal_T_S__H/seed_2195/run_monash_time_unique1000/visualizations/archive_latex.tex
550,0.505405405,0.498400000,\frac{\left(\mathrm{MParams}\right)^2}{\sqrt{\sqrt{\mathrm{GSynFlow}} + \log\left(\mathrm{GFLOPs}\right)}},MParams Square GSynFlow Sqrt GFLOPs Log Add Sqrt Div <EOS>,(square(MParams) / sqrt((sqrt(GSynFlow) + log(GFLOPs)))),0.498400000,0.461200000,168,9,5,2111,run_monash_time_unique1000,8,1,TIME__Coastal_T_S__H/seed_2111/run_monash_time_unique1000/visualizations/archive_latex.tex
551,0.504504505,0.498200000,\frac{\log\left(\mathrm{plain}\right) - \log\left(\mathrm{GSynFlow}\right) + \mathrm{L2Norm}}{\mathrm{ZiCo}},plain Log GSynFlow Log Sub L2-Norm Add ZiCo Div <EOS>,(((log(plain) - log(GSynFlow)) + L2-Norm) / ZiCo),0.498200000,0.400500000,19,9,5,2064,run_monash_time_unique1000,4,1,TIME__Coastal_T_S__H/seed_2064/run_monash_time_unique1000/visualizations/archive_latex.tex
552,0.503603604,0.498200000,\mathrm{MParams} - \frac{\sqrt{\left(\sqrt{\mathrm{GSynFlow}}\right) \cdot \left(\mathrm{plain}\right)}}{\mathrm{GradNorm}},MParams GSynFlow Sqrt plain Mul Sqrt Grad_Norm Div Sub <EOS>,(MParams - (sqrt((sqrt(GSynFlow) * plain)) / Grad_Norm)),0.498200000,0.509600000,140,9,6,2064,run_monash_time_unique1000,5,2,TIME__Coastal_T_S__H/seed_2064/run_monash_time_unique1000/visualizations/archive_latex.tex
553,0.502702703,0.498200000,\frac{\mathrm{L2Norm} - \log\left(\mathrm{GSynFlow}\right) - \log\left(\mathrm{plain}\right)}{\mathrm{ZiCo}},L2-Norm GSynFlow Log plain Log Sub Sub ZiCo Div <EOS>,((L2-Norm - (log(GSynFlow) - log(plain))) / ZiCo),0.498200000,0.400500000,69,9,5,2049,run_monash_time_unique1000,7,1,TIME__Coastal_T_S__H/seed_2049/run_monash_time_unique1000/visualizations/archive_latex.tex
554,0.501801802,0.498200000,\frac{\mathrm{L2Norm} - \log\left(\frac{\mathrm{GSynFlow}}{\mathrm{plain}}\right)}{\mathrm{ZiCo}},L2-Norm GSynFlow plain Div Log Sub ZiCo Div <EOS>,((L2-Norm - log((GSynFlow / plain))) / ZiCo),0.498200000,0.400500000,121,8,5,2185,run_monash_time_unique1000,9,1,TIME__Coastal_T_S__H/seed_2185/run_monash_time_unique1000/visualizations/archive_latex.tex
555,0.500900901,0.498100000,\frac{\mathrm{L2Norm} - \left(\log\left(\mathrm{GSynFlow}\right)\right) \cdot \left(\mathrm{plain}\right)}{\mathrm{ZiCo}},L2-Norm GSynFlow Log plain Mul Sub ZiCo Div <EOS>,((L2-Norm - (log(GSynFlow) * plain)) / ZiCo),0.498100000,0.487500000,110,8,5,2130,run_monash_time_unique1000,4,6,TIME__Coastal_T_S__H/seed_2130/run_monash_time_unique1000/visualizations/archive_latex.tex
556,0.500000000,0.498100000,\left(\log\left(\frac{\left(\mathrm{Jacov}\right)^2}{\mathrm{GSynFlow}} + \mathrm{GradNorm}\right)\right) \cdot \left(\mathrm{MParams}\right),Jacov Square GSynFlow Div Grad_Norm Add Log MParams Mul <EOS>,(log(((square(Jacov) / GSynFlow) + Grad_Norm)) * MParams),0.498100000,0.471400000,56,9,6,2174,run_monash_time_unique1000,5,1,TIME__Coastal_T_S__H/seed_2174/run_monash_time_unique1000/visualizations/archive_latex.tex
557,0.499099099,0.498000000,\frac{\mathrm{L2Norm} - \mathrm{MParams} + \log\left(\mathrm{GSynFlow}\right)}{\mathrm{ZiCo}},L2-Norm MParams GSynFlow Log Add Sub ZiCo Div <EOS>,((L2-Norm - (MParams + log(GSynFlow))) / ZiCo),0.498000000,0.420600000,73,8,5,2051,run_monash_time_unique1000,9,1,TIME__Coastal_T_S__H/seed_2051/run_monash_time_unique1000/visualizations/archive_latex.tex
558,0.498198198,0.498000000,\left(\frac{\sqrt{\log\left(\mathrm{ZiCo}\right)}}{\mathrm{Jacov} + \mathrm{JacobFro}}\right) \cdot \left(\mathrm{JacobFro}\right),ZiCo Log Sqrt Jacov Jacob_fro Add Div Jacob_fro Mul <EOS>,((sqrt(log(ZiCo)) / (Jacov + Jacob_fro)) * Jacob_fro),0.498000000,0.359700000,158,9,5,2132,run_monash_time_unique1000,9,1,TIME__Coastal_T_S__H/seed_2132/run_monash_time_unique1000/visualizations/archive_latex.tex
559,0.497297297,0.497800000,\left(\sqrt{\frac{\mathrm{MParams}}{\sqrt{\mathrm{GSynFlow}}}}\right) \cdot \left(\frac{\mathrm{MParams}}{\mathrm{plain}}\right),MParams GSynFlow Sqrt Div Sqrt MParams plain Div Mul <EOS>,(sqrt((MParams / sqrt(GSynFlow))) * (MParams / plain)),0.497800000,0.480300000,139,9,5,2087,run_monash_time_unique1000,6,1,TIME__Coastal_T_S__H/seed_2087/run_monash_time_unique1000/visualizations/archive_latex.tex
560,0.496396396,0.497800000,\frac{\left(\frac{\mathrm{MParams}}{\mathrm{plain}}\right)^2}{\frac{\sqrt{\mathrm{GSynFlow}}}{\mathrm{MParams}}},MParams plain Div Square GSynFlow Sqrt MParams Div Div <EOS>,(square((MParams / plain)) / (sqrt(GSynFlow) / MParams)),0.497800000,0.480300000,191,9,4,2143,run_monash_time_unique1000,8,1,TIME__Coastal_T_S__H/seed_2143/run_monash_time_unique1000/visualizations/archive_latex.tex
561,0.495495495,0.497800000,\frac{\left(\left(\frac{\mathrm{MParams}}{\mathrm{plain}}\right)^2\right) \cdot \left(\mathrm{MParams}\right)}{\sqrt{\mathrm{GSynFlow}}},MParams plain Div Square MParams Mul GSynFlow Sqrt Div <EOS>,((square((MParams / plain)) * MParams) / sqrt(GSynFlow)),0.497800000,0.480300000,118,9,5,2027,run_monash_time_unique1000,9,1,TIME__Coastal_T_S__H/seed_2027/run_monash_time_unique1000/visualizations/archive_latex.tex
562,0.494594595,0.497800000,\frac{\mathrm{MParams}}{\left(\sqrt{\frac{\sqrt{\mathrm{GSynFlow}}}{\mathrm{MParams}}}\right) \cdot \left(\mathrm{plain}\right)},MParams GSynFlow Sqrt MParams Div Sqrt plain Mul Div <EOS>,(MParams / (sqrt((sqrt(GSynFlow) / MParams)) * plain)),0.497800000,0.480300000,56,9,6,2225,run_monash_time_unique1000,10,1,TIME__Coastal_T_S__H/seed_2225/run_monash_time_unique1000/visualizations/archive_latex.tex
563,0.493693694,0.497700000,\left(\mathrm{MParams}\right)^2 - \sqrt{\left(\mathrm{Fisher}\right) \cdot \left(\sqrt{\mathrm{GSynFlow}}\right)},MParams Square Fisher GSynFlow Sqrt Mul Sqrt Sub <EOS>,(square(MParams) - sqrt((Fisher * sqrt(GSynFlow)))),0.497700000,0.479800000,64,8,5,2170,run_monash_time_unique1000,6,5,TIME__Coastal_T_S__H/seed_2170/run_monash_time_unique1000/visualizations/archive_latex.tex
564,0.492792793,0.497700000,\left(\mathrm{MParams}\right)^2 - \sqrt{\left(\sqrt{\mathrm{GSynFlow}}\right) \cdot \left(\mathrm{Fisher}\right)},MParams Square GSynFlow Sqrt Fisher Mul Sqrt Sub <EOS>,(square(MParams) - sqrt((sqrt(GSynFlow) * Fisher))),0.497700000,0.479800000,99,8,5,2039,run_monash_time_unique1000,8,5,TIME__Coastal_T_S__H/seed_2039/run_monash_time_unique1000/visualizations/archive_latex.tex
565,0.491891892,0.497700000,\left(-\mathrm{MParams}\right)^2 - \sqrt{\left(\mathrm{Fisher}\right) \cdot \left(\sqrt{\mathrm{GSynFlow}}\right)},MParams Negative Square Fisher GSynFlow Sqrt Mul Sqrt Sub <EOS>,(square(-(MParams)) - sqrt((Fisher * sqrt(GSynFlow)))),0.497700000,0.479800000,193,9,5,2082,run_monash_time_unique1000,8,1,TIME__Coastal_T_S__H/seed_2082/run_monash_time_unique1000/visualizations/archive_latex.tex
566,0.490990991,0.497700000,\left(\mathrm{GFLOPs}\right) \cdot \left(\mathrm{MParams}\right) - \frac{\sqrt{\mathrm{GSynFlow}}}{\left(\mathrm{MParams}\right)^2},GFLOPs MParams Mul GSynFlow Sqrt MParams Square Div Sub <EOS>,((GFLOPs * MParams) - (sqrt(GSynFlow) / square(MParams))),0.497700000,0.473400000,82,9,4,2160,run_monash_time_unique1000,10,1,TIME__Coastal_T_S__H/seed_2160/run_monash_time_unique1000/visualizations/archive_latex.tex
567,0.490090090,0.497700000,\mathrm{MParams} - \log\left(\mathrm{GSynFlow}\right) - \left(\log\left(\mathrm{Jacov}\right)\right) \cdot \left(\mathrm{MParams}\right),MParams GSynFlow Log Jacov Log MParams Mul Sub Sub <EOS>,(MParams - (log(GSynFlow) - (log(Jacov) * MParams))),0.497700000,0.456100000,162,9,5,2194,run_monash_time_unique1000,10,1,TIME__Coastal_T_S__H/seed_2194/run_monash_time_unique1000/visualizations/archive_latex.tex
568,0.489189189,0.497500000,\mathrm{MParams} - \sqrt{\left(\frac{\mathrm{ZiCo}}{\mathrm{GFLOPs}}\right) \cdot \left(\sqrt{\mathrm{GSynFlow}}\right)},MParams ZiCo GFLOPs Div GSynFlow Sqrt Mul Sqrt Sub <EOS>,(MParams - sqrt(((ZiCo / GFLOPs) * sqrt(GSynFlow)))),0.497500000,0.484100000,22,9,5,2061,run_monash_time_unique1000,5,2,TIME__Coastal_T_S__H/seed_2061/run_monash_time_unique1000/visualizations/archive_latex.tex
569,0.488288288,0.497400000,\mathrm{MParams} - \sqrt{\frac{\sqrt{\mathrm{GSynFlow}}}{\left(\mathrm{MParams}\right) \cdot \left(\mathrm{GFLOPs}\right)}},MParams GSynFlow Sqrt MParams GFLOPs Mul Div Sqrt Sub <EOS>,(MParams - sqrt((sqrt(GSynFlow) / (MParams * GFLOPs)))),0.497400000,0.494900000,97,9,5,2174,run_monash_time_unique1000,6,1,TIME__Coastal_T_S__H/seed_2174/run_monash_time_unique1000/visualizations/archive_latex.tex
570,0.487387387,0.497400000,\left(\mathrm{MParams}\right) \cdot \left(\sqrt{\mathrm{Jacov} + \mathrm{Jacov}} - \log\left(\mathrm{GSynFlow}\right)\right),MParams Jacov Jacov Add Sqrt GSynFlow Log Sub Mul <EOS>,(MParams * (sqrt((Jacov + Jacov)) - log(GSynFlow))),0.497400000,0.475800000,56,9,5,2038,run_monash_time_unique1000,7,3,TIME__Coastal_T_S__H/seed_2038/run_monash_time_unique1000/visualizations/archive_latex.tex
571,0.486486486,0.497400000,\mathrm{MParams} - \sqrt{\frac{\sqrt{\mathrm{GSynFlow}}}{\left(\mathrm{GFLOPs}\right) \cdot \left(\mathrm{MParams}\right)}},MParams GSynFlow Sqrt GFLOPs MParams Mul Div Sqrt Sub <EOS>,(MParams - sqrt((sqrt(GSynFlow) / (GFLOPs * MParams)))),0.497400000,0.494900000,72,9,5,2083,run_monash_time_unique1000,8,1,TIME__Coastal_T_S__H/seed_2083/run_monash_time_unique1000/visualizations/archive_latex.tex
572,0.485585586,0.497400000,\mathrm{L2Norm} - \log\left(\frac{\left(\mathrm{GSynFlow}\right)^2}{\mathrm{L2Norm} + \mathrm{Jacov}}\right),L2-Norm GSynFlow Square L2-Norm Jacov Add Div Log Sub <EOS>,(L2-Norm - log((square(GSynFlow) / (L2-Norm + Jacov)))),0.497400000,0.506700000,64,9,5,2063,run_monash_time_unique1000,9,2,TIME__Coastal_T_S__H/seed_2063/run_monash_time_unique1000/visualizations/archive_latex.tex
573,0.484684685,0.497300000,\left(\mathrm{MParams}\right)^2 - \sqrt{\left(\sqrt{\mathrm{GSynFlow}}\right) \cdot \left(\log\left(\mathrm{plain}\right)\right)},MParams Square GSynFlow Sqrt plain Log Mul Sqrt Sub <EOS>,(square(MParams) - sqrt((sqrt(GSynFlow) * log(plain)))),0.497300000,0.501300000,69,9,5,2153,run_monash_time_unique1000,3,2,TIME__Coastal_T_S__H/seed_2153/run_monash_time_unique1000/visualizations/archive_latex.tex
574,0.483783784,0.497300000,\left(\mathrm{MParams}\right)^2 - \sqrt{\left(\log\left(\mathrm{plain}\right)\right) \cdot \left(\sqrt{\mathrm{GSynFlow}}\right)},MParams Square plain Log GSynFlow Sqrt Mul Sqrt Sub <EOS>,(square(MParams) - sqrt((log(plain) * sqrt(GSynFlow)))),0.497300000,0.501300000,39,9,5,2142,run_monash_time_unique1000,9,1,TIME__Coastal_T_S__H/seed_2142/run_monash_time_unique1000/visualizations/archive_latex.tex
575,0.482882883,0.497100000,\mathrm{L2Norm} - \log\left(\left(\frac{\mathrm{GSynFlow}}{\log\left(\log\left(\mathrm{GSynFlow}\right)\right)}\right)^2\right),L2-Norm GSynFlow GSynFlow Log Log Div Square Log Sub <EOS>,(L2-Norm - log(square((GSynFlow / log(log(GSynFlow)))))),0.497100000,0.500200000,66,9,7,2131,run_monash_time_unique1000,3,2,TIME__Coastal_T_S__H/seed_2131/run_monash_time_unique1000/visualizations/archive_latex.tex
576,0.481981982,0.497100000,\frac{\sqrt{\left(\mathrm{Jacov}\right)^2}}{\mathrm{JacobFro}} - \mathrm{ZiCo},Jacov Square Sqrt Jacob_fro Div ZiCo Sub <EOS>,((sqrt(square(Jacov)) / Jacob_fro) - ZiCo),0.497100000,0.360200000,28,7,5,2209,run_monash_time_unique1000,4,1,TIME__Coastal_T_S__H/seed_2209/run_monash_time_unique1000/visualizations/archive_latex.tex
577,0.481081081,0.497100000,\mathrm{MParams} - \frac{\frac{\sqrt{\mathrm{GSynFlow}}}{\mathrm{GradNorm}}}{\left(\mathrm{MParams}\right)^2},MParams GSynFlow Sqrt Grad_Norm Div MParams Square Div Sub <EOS>,(MParams - ((sqrt(GSynFlow) / Grad_Norm) / square(MParams))),0.497100000,0.458500000,126,9,5,2208,run_monash_time_unique1000,8,1,TIME__Coastal_T_S__H/seed_2208/run_monash_time_unique1000/visualizations/archive_latex.tex
578,0.480180180,0.496900000,\mathrm{MParams} - \frac{\frac{\sqrt{\mathrm{GSynFlow}}}{\left(\mathrm{MParams}\right)^2}}{\mathrm{GFLOPs}},MParams GSynFlow Sqrt MParams Square Div GFLOPs Div Sub <EOS>,(MParams - ((sqrt(GSynFlow) / square(MParams)) / GFLOPs)),0.496900000,0.487800000,119,9,5,2035,run_monash_time_unique1000,6,1,TIME__Coastal_T_S__H/seed_2035/run_monash_time_unique1000/visualizations/archive_latex.tex
579,0.479279279,0.496900000,\mathrm{MParams} - \left(\log\left(\frac{\sqrt{\mathrm{GSynFlow}}}{\mathrm{GFLOPs}}\right)\right) \cdot \left(\mathrm{ZiCo}\right),MParams GSynFlow Sqrt GFLOPs Div Log ZiCo Mul Sub <EOS>,(MParams - (log((sqrt(GSynFlow) / GFLOPs)) * ZiCo)),0.496900000,0.486800000,77,9,6,2064,run_monash_time_unique1000,6,1,TIME__Coastal_T_S__H/seed_2064/run_monash_time_unique1000/visualizations/archive_latex.tex
580,0.478378378,0.496900000,\left(\frac{\left(\left(\mathrm{MParams}\right) \cdot \left(\mathrm{Jacov}\right)\right)^2}{\sqrt{\mathrm{GSynFlow}}}\right) \cdot \left(\mathrm{GFLOPs}\right),MParams Jacov Mul Square GSynFlow Sqrt Div GFLOPs Mul <EOS>,((square((MParams * Jacov)) / sqrt(GSynFlow)) * GFLOPs),0.496900000,0.533300000,168,9,5,2075,run_monash_time_unique1000,9,1,TIME__Coastal_T_S__H/seed_2075/run_monash_time_unique1000/visualizations/archive_latex.tex
581,0.477477477,0.496900000,\frac{\left(\left(\mathrm{Jacov}\right) \cdot \left(\mathrm{MParams}\right)\right)^2}{\frac{\sqrt{\mathrm{GSynFlow}}}{\mathrm{GFLOPs}}},Jacov MParams Mul Square GSynFlow Sqrt GFLOPs Div Div <EOS>,(square((Jacov * MParams)) / (sqrt(GSynFlow) / GFLOPs)),0.496900000,0.533300000,137,9,4,2143,run_monash_time_unique1000,9,3,TIME__Coastal_T_S__H/seed_2143/run_monash_time_unique1000/visualizations/archive_latex.tex
582,0.476576577,0.496900000,\left(\frac{\left(\mathrm{MParams}\right)^2}{\sqrt{\mathrm{ZiCo}}}\right)^2 - \sqrt{\mathrm{GSynFlow}},MParams Square ZiCo Sqrt Div Square GSynFlow Sqrt Sub <EOS>,(square((square(MParams) / sqrt(ZiCo))) - sqrt(GSynFlow)),0.496900000,0.465900000,127,9,5,2055,run_monash_time_unique1000,10,3,TIME__Coastal_T_S__H/seed_2055/run_monash_time_unique1000/visualizations/archive_latex.tex
583,0.475675676,0.496700000,\left(\log\left(\frac{\mathrm{Jacov} + \mathrm{L2Norm}}{\sqrt{\mathrm{GSynFlow}}}\right)\right) \cdot \left(\mathrm{MParams}\right),Jacov L2-Norm Add GSynFlow Sqrt Div Log MParams Mul <EOS>,(log(((Jacov + L2-Norm) / sqrt(GSynFlow))) * MParams),0.496700000,0.525700000,58,9,5,2128,run_monash_time_unique1000,3,2,TIME__Coastal_T_S__H/seed_2128/run_monash_time_unique1000/visualizations/archive_latex.tex
584,0.474774775,0.496700000,\left(\mathrm{MParams}\right) \cdot \left(\log\left(\frac{\left(\mathrm{Jacov} + \mathrm{L2Norm}\right)^2}{\mathrm{GSynFlow}}\right)\right),MParams Jacov L2-Norm Add Square GSynFlow Div Log Mul <EOS>,(MParams * log((square((Jacov + L2-Norm)) / GSynFlow))),0.496700000,0.525700000,132,9,6,2070,run_monash_time_unique1000,4,1,TIME__Coastal_T_S__H/seed_2070/run_monash_time_unique1000/visualizations/archive_latex.tex
585,0.473873874,0.496700000,\left(\mathrm{MParams}\right) \cdot \left(\log\left(\frac{\mathrm{Jacov} + \mathrm{L2Norm}}{\sqrt{\mathrm{GSynFlow}}}\right)\right),MParams Jacov L2-Norm Add GSynFlow Sqrt Div Log Mul <EOS>,(MParams * log(((Jacov + L2-Norm) / sqrt(GSynFlow)))),0.496700000,0.525700000,195,9,5,2215,run_monash_time_unique1000,5,1,TIME__Coastal_T_S__H/seed_2215/run_monash_time_unique1000/visualizations/archive_latex.tex
586,0.472972973,0.496700000,\frac{\mathrm{L2Norm} - \left(\sqrt{\mathrm{GFLOPs}}\right) \cdot \left(\sqrt{\mathrm{Snip}}\right)}{\mathrm{ZiCo}},L2-Norm GFLOPs Sqrt Snip Sqrt Mul Sub ZiCo Div <EOS>,((L2-Norm - (sqrt(GFLOPs) * sqrt(Snip))) / ZiCo),0.496700000,0.500700000,114,9,5,2049,run_monash_time_unique1000,8,1,TIME__Coastal_T_S__H/seed_2049/run_monash_time_unique1000/visualizations/archive_latex.tex
587,0.472072072,0.496400000,\mathrm{MParams} - \left(\left(\mathrm{ZiCo}\right)^2\right) \cdot \left(\log\left(\frac{\mathrm{GSynFlow}}{\mathrm{GradNorm}}\right)\right),MParams ZiCo Square GSynFlow Grad_Norm Div Log Mul Sub <EOS>,(MParams - (square(ZiCo) * log((GSynFlow / Grad_Norm)))),0.496400000,0.486400000,170,9,5,2220,run_monash_time_unique1000,6,1,TIME__Coastal_T_S__H/seed_2220/run_monash_time_unique1000/visualizations/archive_latex.tex
588,0.471171171,0.496300000,\left(\sqrt{\frac{\mathrm{Jacov}}{\sqrt{\mathrm{GSynFlow}}}}\right) \cdot \left(\mathrm{MParams}\right) + \mathrm{GFLOPs},Jacov GSynFlow Sqrt Div Sqrt MParams Mul GFLOPs Add <EOS>,((sqrt((Jacov / sqrt(GSynFlow))) * MParams) + GFLOPs),0.496300000,0.500200000,81,9,6,2128,run_monash_time_unique1000,4,1,TIME__Coastal_T_S__H/seed_2128/run_monash_time_unique1000/visualizations/archive_latex.tex
589,0.470270270,0.496100000,\left(\mathrm{Snip}\right) \cdot \left(\frac{\sqrt{\mathrm{Jacov}}}{\mathrm{plain}} - \log\left(\mathrm{GSynFlow}\right)\right),Snip Jacov Sqrt plain Div GSynFlow Log Sub Mul <EOS>,(Snip * ((sqrt(Jacov) / plain) - log(GSynFlow))),0.496100000,0.469200000,41,9,5,2038,run_monash_time_unique1000,8,1,TIME__Coastal_T_S__H/seed_2038/run_monash_time_unique1000/visualizations/archive_latex.tex
590,0.469369369,0.496000000,\frac{\mathrm{GradNorm}}{\left(\mathrm{plain}\right) \cdot \left(\log\left(\mathrm{GSynFlow} - \mathrm{JacobFro}\right)\right)},Grad_Norm plain GSynFlow Jacob_fro Sub Log Mul Div <EOS>,(Grad_Norm / (plain * log((GSynFlow - Jacob_fro)))),0.496000000,0.410600000,161,8,5,2119,run_monash_time_unique1000,2,1,TIME__Coastal_T_S__H/seed_2119/run_monash_time_unique1000/visualizations/archive_latex.tex
591,0.468468468,0.496000000,\frac{\frac{\mathrm{GradNorm}}{\mathrm{plain}}}{\log\left(\mathrm{JacobFro} - \mathrm{GSynFlow}\right)},Grad_Norm plain Div Jacob_fro GSynFlow Sub Log Div <EOS>,((Grad_Norm / plain) / log((Jacob_fro - GSynFlow))),0.496000000,0.410600000,69,8,4,2209,run_monash_time_unique1000,5,1,TIME__Coastal_T_S__H/seed_2209/run_monash_time_unique1000/visualizations/archive_latex.tex
592,0.467567568,0.495900000,\mathrm{L2Norm} - \log\left(\left(\frac{\left(\mathrm{GSynFlow}\right) \cdot \left(\mathrm{Fisher}\right)}{\mathrm{Jacov}}\right)^2\right),L2-Norm GSynFlow Fisher Mul Jacov Div Square Log Sub <EOS>,(L2-Norm - log(square(((GSynFlow * Fisher) / Jacov)))),0.495900000,0.495800000,110,9,6,2083,run_monash_time_unique1000,10,1,TIME__Coastal_T_S__H/seed_2083/run_monash_time_unique1000/visualizations/archive_latex.tex
593,0.466666667,0.495800000,\frac{\sqrt{\mathrm{MParams}}}{\left(\mathrm{plain}\right) \cdot \left(\mathrm{JacobFro} - \mathrm{GSynFlow}\right)},MParams Sqrt plain Jacob_fro GSynFlow Sub Mul Div <EOS>,(sqrt(MParams) / (plain * (Jacob_fro - GSynFlow))),0.495800000,0.361800000,106,8,4,2119,run_monash_time_unique1000,3,2,TIME__Coastal_T_S__H/seed_2119/run_monash_time_unique1000/visualizations/archive_latex.tex
594,0.465765766,0.495800000,\frac{\left(\mathrm{MParams}\right)^2 + \mathrm{L2Norm} - \log\left(\mathrm{GSynFlow}\right)}{\mathrm{ZiCo}},MParams Square L2-Norm GSynFlow Log Sub Add ZiCo Div <EOS>,((square(MParams) + (L2-Norm - log(GSynFlow))) / ZiCo),0.495800000,0.371000000,73,9,5,2166,run_monash_time_unique1000,5,1,TIME__Coastal_T_S__H/seed_2166/run_monash_time_unique1000/visualizations/archive_latex.tex
595,0.464864865,0.495700000,\frac{\frac{\mathrm{MParams}}{\mathrm{ZiCo}}}{\mathrm{GFLOPs} + \mathrm{ZiCo}},MParams ZiCo Div GFLOPs ZiCo Add Div <EOS>,((MParams / ZiCo) / (GFLOPs + ZiCo)),0.495700000,0.353500000,150,7,3,2159,run_monash_time_unique1000,7,1,TIME__Coastal_T_S__H/seed_2159/run_monash_time_unique1000/visualizations/archive_latex.tex
596,0.463963964,0.495700000,\mathrm{L2Norm} - \log\left(\left(\frac{\mathrm{GSynFlow}}{\frac{\mathrm{Jacov}}{\mathrm{JacobFro}}}\right)^2\right),L2-Norm GSynFlow Jacov Jacob_fro Div Div Square Log Sub <EOS>,(L2-Norm - log(square((GSynFlow / (Jacov / Jacob_fro))))),0.495700000,0.492800000,102,9,6,2203,run_monash_time_unique1000,8,1,TIME__Coastal_T_S__H/seed_2203/run_monash_time_unique1000/visualizations/archive_latex.tex
597,0.463063063,0.495700000,\mathrm{L2Norm} - \log\left(\left(\left(\frac{\mathrm{JacobFro}}{\mathrm{Jacov}}\right) \cdot \left(\mathrm{GSynFlow}\right)\right)^2\right),L2-Norm Jacob_fro Jacov Div GSynFlow Mul Square Log Sub <EOS>,(L2-Norm - log(square(((Jacob_fro / Jacov) * GSynFlow)))),0.495700000,0.492800000,20,9,6,2063,run_monash_time_unique1000,10,1,TIME__Coastal_T_S__H/seed_2063/run_monash_time_unique1000/visualizations/archive_latex.tex
598,0.462162162,0.495600000,\frac{\left(\frac{\sqrt{\mathrm{MParams}}}{\mathrm{plain}}\right)^2}{\mathrm{JacobFro} - \mathrm{GSynFlow}},MParams Sqrt plain Div Square Jacob_fro GSynFlow Sub Div <EOS>,(square((sqrt(MParams) / plain)) / (Jacob_fro - GSynFlow)),0.495600000,0.379300000,56,9,5,2077,run_monash_time_unique1000,3,1,TIME__Coastal_T_S__H/seed_2077/run_monash_time_unique1000/visualizations/archive_latex.tex
599,0.461261261,0.495600000,\frac{\frac{\mathrm{MParams}}{\left(\mathrm{plain}\right)^2}}{\mathrm{JacobFro} - \mathrm{GSynFlow}},MParams plain Square Div Jacob_fro GSynFlow Sub Div <EOS>,((MParams / square(plain)) / (Jacob_fro - GSynFlow)),0.495600000,0.379300000,20,8,4,2147,run_monash_time_unique1000,3,3,TIME__Coastal_T_S__H/seed_2147/run_monash_time_unique1000/visualizations/archive_latex.tex
600,0.460360360,0.495100000,\frac{\left(\frac{\mathrm{MParams}}{\left(\mathrm{plain}\right)^2}\right)^2}{\mathrm{JacobFro} - \mathrm{GSynFlow}},MParams plain Square Div Square Jacob_fro GSynFlow Sub Div <EOS>,(square((MParams / square(plain))) / (Jacob_fro - GSynFlow)),0.495100000,0.381500000,27,9,5,2147,run_monash_time_unique1000,4,1,TIME__Coastal_T_S__H/seed_2147/run_monash_time_unique1000/visualizations/archive_latex.tex
601,0.459459459,0.495000000,\mathrm{MParams} - \sqrt{\frac{\sqrt{\mathrm{GSynFlow}}}{\mathrm{GFLOPs}}} - \mathrm{MParams},MParams GSynFlow Sqrt GFLOPs Div Sqrt MParams Sub Sub <EOS>,(MParams - (sqrt((sqrt(GSynFlow) / GFLOPs)) - MParams)),0.495000000,0.501200000,20,9,6,2136,run_monash_time_unique1000,2,2,TIME__Coastal_T_S__H/seed_2136/run_monash_time_unique1000/visualizations/archive_latex.tex
602,0.458558559,0.495000000,\frac{\frac{\mathrm{L2Norm}}{\left(\mathrm{ZiCo}\right)^2}}{\log\left(\mathrm{JacobFro} + \mathrm{GSynFlow}\right)},L2-Norm ZiCo Square Div Jacob_fro GSynFlow Add Log Div <EOS>,((L2-Norm / square(ZiCo)) / log((Jacob_fro + GSynFlow))),0.495000000,0.466800000,91,9,4,2059,run_monash_time_unique1000,5,2,TIME__Coastal_T_S__H/seed_2059/run_monash_time_unique1000/visualizations/archive_latex.tex
603,0.457657658,0.494800000,\left(\mathrm{MParams}\right) \cdot \left(\log\left(\frac{\left(\mathrm{Jacov}\right)^2}{\mathrm{GSynFlow}} + \mathrm{GFLOPs}\right)\right),MParams Jacov Square GSynFlow Div GFLOPs Add Log Mul <EOS>,(MParams * log(((square(Jacov) / GSynFlow) + GFLOPs))),0.494800000,0.469100000,31,9,6,2215,run_monash_time_unique1000,6,1,TIME__Coastal_T_S__H/seed_2215/run_monash_time_unique1000/visualizations/archive_latex.tex
604,0.456756757,0.494800000,\left(\log\left(\frac{\left(\mathrm{Jacov}\right)^2}{\mathrm{GSynFlow}} + \mathrm{GFLOPs}\right)\right) \cdot \left(\mathrm{MParams}\right),Jacov Square GSynFlow Div GFLOPs Add Log MParams Mul <EOS>,(log(((square(Jacov) / GSynFlow) + GFLOPs)) * MParams),0.494800000,0.469100000,19,9,6,2174,run_monash_time_unique1000,8,1,TIME__Coastal_T_S__H/seed_2174/run_monash_time_unique1000/visualizations/archive_latex.tex
605,0.455855856,0.494700000,\left(\left(\left(\mathrm{MParams}\right)^2\right) \cdot \left(\mathrm{MParams}\right)\right)^2 - \frac{\mathrm{GSynFlow}}{\mathrm{Snip}},MParams Square MParams Mul Square GSynFlow Snip Div Sub <EOS>,(square((square(MParams) * MParams)) - (GSynFlow / Snip)),0.494700000,0.487300000,183,9,5,2082,run_monash_time_unique1000,9,1,TIME__Coastal_T_S__H/seed_2082/run_monash_time_unique1000/visualizations/archive_latex.tex
606,0.454954955,0.494600000,\frac{\mathrm{MParams}}{\sqrt{\frac{\sqrt{\mathrm{GSynFlow}}}{\mathrm{MParams}} + \mathrm{GFLOPs}}},MParams GSynFlow Sqrt MParams Div GFLOPs Add Sqrt Div <EOS>,(MParams / sqrt(((sqrt(GSynFlow) / MParams) + GFLOPs))),0.494600000,0.489200000,51,9,6,2174,run_monash_time_unique1000,9,1,TIME__Coastal_T_S__H/seed_2174/run_monash_time_unique1000/visualizations/archive_latex.tex
607,0.454054054,0.494600000,-\mathrm{GFLOPs} - \left(\frac{\left(\mathrm{ZiCo}\right)^2}{\mathrm{MParams}}\right) \cdot \left(\mathrm{Snip}\right),GFLOPs Negative ZiCo Square MParams Div Snip Mul Sub <EOS>,(-(GFLOPs) - ((square(ZiCo) / MParams) * Snip)),0.494600000,0.455800000,86,9,5,2208,run_monash_time_unique1000,9,1,TIME__Coastal_T_S__H/seed_2208/run_monash_time_unique1000/visualizations/archive_latex.tex
608,0.453153153,0.494500000,\mathrm{L2Norm} + \mathrm{GradNorm} - \log\left(\left(\frac{\mathrm{GSynFlow}}{\mathrm{Jacov}}\right)^2\right),L2-Norm Grad_Norm Add GSynFlow Jacov Div Square Log Sub <EOS>,((L2-Norm + Grad_Norm) - log(square((GSynFlow / Jacov)))),0.494500000,0.487100000,101,9,5,2203,run_monash_time_unique1000,9,1,TIME__Coastal_T_S__H/seed_2203/run_monash_time_unique1000/visualizations/archive_latex.tex
609,0.452252252,0.494400000,\left(\mathrm{MParams}\right) \cdot \left(\log\left(\frac{\left(\mathrm{Jacov}\right)^2}{\mathrm{GSynFlow}} - \mathrm{GFLOPs}\right)\right),MParams Jacov Square GSynFlow Div GFLOPs Sub Log Mul <EOS>,(MParams * log(((square(Jacov) / GSynFlow) - GFLOPs))),0.494400000,0.430600000,25,9,6,2215,run_monash_time_unique1000,7,1,TIME__Coastal_T_S__H/seed_2215/run_monash_time_unique1000/visualizations/archive_latex.tex
610,0.451351351,0.494400000,\left(\mathrm{MParams}\right)^2 - \sqrt{\frac{\frac{\mathrm{GSynFlow}}{\mathrm{Snip}}}{\mathrm{MParams}}},MParams Square GSynFlow Snip Div MParams Div Sqrt Sub <EOS>,(square(MParams) - sqrt(((GSynFlow / Snip) / MParams))),0.494400000,0.442000000,177,9,5,2082,run_monash_time_unique1000,10,1,TIME__Coastal_T_S__H/seed_2082/run_monash_time_unique1000/visualizations/archive_latex.tex
611,0.450450450,0.494400000,\left(\log\left(\frac{\left(\mathrm{Jacov}\right)^2}{\mathrm{GSynFlow}} - \mathrm{GFLOPs}\right)\right) \cdot \left(\mathrm{MParams}\right),Jacov Square GSynFlow Div GFLOPs Sub Log MParams Mul <EOS>,(log(((square(Jacov) / GSynFlow) - GFLOPs)) * MParams),0.494400000,0.430600000,27,9,6,2174,run_monash_time_unique1000,10,1,TIME__Coastal_T_S__H/seed_2174/run_monash_time_unique1000/visualizations/archive_latex.tex
612,0.449549550,0.494200000,\mathrm{L2Norm} - \log\left(\left(\left(\frac{\mathrm{GSynFlow}}{\mathrm{Jacov}}\right)^2\right) \cdot \left(\mathrm{JacobFro}\right)\right),L2-Norm GSynFlow Jacov Div Square Jacob_fro Mul Log Sub <EOS>,(L2-Norm - log((square((GSynFlow / Jacov)) * Jacob_fro))),0.494200000,0.494600000,92,9,6,2203,run_monash_time_unique1000,10,1,TIME__Coastal_T_S__H/seed_2203/run_monash_time_unique1000/visualizations/archive_latex.tex
613,0.448648649,0.494100000,\frac{\left(\frac{\mathrm{L2Norm}}{\mathrm{ZiCo}}\right)^2}{\sqrt{\mathrm{JacobFro} - \mathrm{GSynFlow}}},L2-Norm ZiCo Div Square Jacob_fro GSynFlow Sub Sqrt Div <EOS>,(square((L2-Norm / ZiCo)) / sqrt((Jacob_fro - GSynFlow))),0.494100000,0.469800000,124,9,4,2059,run_monash_time_unique1000,6,2,TIME__Coastal_T_S__H/seed_2059/run_monash_time_unique1000/visualizations/archive_latex.tex
614,0.447747748,0.493900000,\frac{\frac{\mathrm{MParams}}{\left(\mathrm{ZiCo}\right)^2}}{\mathrm{GFLOPs} - \mathrm{MParams}},MParams ZiCo Square Div GFLOPs MParams Sub Div <EOS>,((MParams / square(ZiCo)) / (GFLOPs - MParams)),0.493900000,0.373200000,171,8,4,2159,run_monash_time_unique1000,8,2,TIME__Coastal_T_S__H/seed_2159/run_monash_time_unique1000/visualizations/archive_latex.tex
615,0.446846847,0.493800000,\left(\frac{\mathrm{MParams}}{\mathrm{ZiCo}}\right)^2 - \sqrt{\frac{\mathrm{GSynFlow}}{\mathrm{MParams}}},MParams ZiCo Div Square GSynFlow MParams Div Sqrt Sub <EOS>,(square((MParams / ZiCo)) - sqrt((GSynFlow / MParams))),0.493800000,0.462000000,83,9,4,2206,run_monash_time_unique1000,5,1,TIME__Coastal_T_S__H/seed_2206/run_monash_time_unique1000/visualizations/archive_latex.tex
616,0.445945946,0.493800000,\left(\mathrm{MParams}\right) \cdot \left(\log\left(\frac{\left(\mathrm{Jacov}\right)^2}{\mathrm{GSynFlow}} - \mathrm{GradNorm}\right)\right),MParams Jacov Square GSynFlow Div Grad_Norm Sub Log Mul <EOS>,(MParams * log(((square(Jacov) / GSynFlow) - Grad_Norm))),0.493800000,0.435100000,64,9,6,2215,run_monash_time_unique1000,8,1,TIME__Coastal_T_S__H/seed_2215/run_monash_time_unique1000/visualizations/archive_latex.tex
617,0.445045045,0.493500000,\frac{\left(\frac{\mathrm{MParams}}{\mathrm{plain}}\right)^2}{\mathrm{JacobFro} - \mathrm{GSynFlow}},MParams plain Div Square Jacob_fro GSynFlow Sub Div <EOS>,(square((MParams / plain)) / (Jacob_fro - GSynFlow)),0.493500000,0.418400000,127,8,4,2059,run_monash_time_unique1000,7,3,TIME__Coastal_T_S__H/seed_2059/run_monash_time_unique1000/visualizations/archive_latex.tex
618,0.444144144,0.493500000,\frac{\left(\left(\mathrm{Snip}\right) \cdot \left(\left(\mathrm{Jacov}\right) \cdot \left(\mathrm{MParams}\right)\right)\right)^2}{\sqrt{\mathrm{GSynFlow}}},Snip Jacov MParams Mul Mul Square GSynFlow Sqrt Div <EOS>,(square((Snip * (Jacov * MParams))) / sqrt(GSynFlow)),0.493500000,0.491600000,113,9,5,2054,run_monash_time_unique1000,8,1,TIME__Coastal_T_S__H/seed_2054/run_monash_time_unique1000/visualizations/archive_latex.tex
619,0.443243243,0.493500000,\frac{\left(\frac{\left(\mathrm{MParams}\right)^2}{\left(\mathrm{ZiCo}\right)^2}\right)^2}{\sqrt{\mathrm{GSynFlow}}},MParams Square ZiCo Square Div Square GSynFlow Sqrt Div <EOS>,(square((square(MParams) / square(ZiCo))) / sqrt(GSynFlow)),0.493500000,0.512000000,37,9,5,2054,run_monash_time_unique1000,9,1,TIME__Coastal_T_S__H/seed_2054/run_monash_time_unique1000/visualizations/archive_latex.tex
620,0.442342342,0.493400000,\frac{\mathrm{L2Norm}}{\sqrt{\mathrm{ZiCo}}} - \log\left(\left(\mathrm{GSynFlow}\right) \cdot \left(\mathrm{GSynFlow}\right)\right),L2-Norm ZiCo Sqrt Div GSynFlow GSynFlow Mul Log Sub <EOS>,((L2-Norm / sqrt(ZiCo)) - log((GSynFlow * GSynFlow))),0.493400000,0.442300000,166,9,4,2219,run_monash_time_unique1000,5,1,TIME__Coastal_T_S__H/seed_2219/run_monash_time_unique1000/visualizations/archive_latex.tex
621,0.441441441,0.493200000,\left(\left(\left(\mathrm{GFLOPs}\right) \cdot \left(\left(\mathrm{MParams}\right)^2\right)\right)^2\right) \cdot \left(\mathrm{MParams}\right) - \mathrm{GSynFlow},GFLOPs MParams Square Mul Square MParams Mul GSynFlow Sub <EOS>,((square((GFLOPs * square(MParams))) * MParams) - GSynFlow),0.493200000,0.473800000,179,9,6,2136,run_monash_time_unique1000,3,1,TIME__Coastal_T_S__H/seed_2136/run_monash_time_unique1000/visualizations/archive_latex.tex
622,0.440540541,0.493200000,\log\left(\mathrm{Jacov}\right) + \mathrm{MParams} - \log\left(\mathrm{JacobFro} + \mathrm{GSynFlow}\right),Jacov Log MParams Add Jacob_fro GSynFlow Add Log Sub <EOS>,((log(Jacov) + MParams) - log((Jacob_fro + GSynFlow))),0.493200000,0.447100000,141,9,4,2059,run_monash_time_unique1000,8,1,TIME__Coastal_T_S__H/seed_2059/run_monash_time_unique1000/visualizations/archive_latex.tex
623,0.439639640,0.493200000,\mathrm{MParams} - \log\left(\frac{\mathrm{JacobFro} + \mathrm{GSynFlow}}{\mathrm{Jacov}}\right),MParams Jacob_fro GSynFlow Add Jacov Div Log Sub <EOS>,(MParams - log(((Jacob_fro + GSynFlow) / Jacov))),0.493200000,0.447100000,40,8,5,2195,run_monash_time_unique1000,10,1,TIME__Coastal_T_S__H/seed_2195/run_monash_time_unique1000/visualizations/archive_latex.tex
624,0.438738739,0.493100000,\left(\left(\left(\mathrm{Jacov}\right) \cdot \left(\mathrm{MParams}\right)\right)^2\right) \cdot \left(\sqrt{\frac{\mathrm{MParams}}{\mathrm{GSynFlow}}}\right),Jacov MParams Mul Square MParams GSynFlow Div Sqrt Mul <EOS>,(square((Jacov * MParams)) * sqrt((MParams / GSynFlow))),0.493100000,0.508900000,155,9,4,2070,run_monash_time_unique1000,5,1,TIME__Coastal_T_S__H/seed_2070/run_monash_time_unique1000/visualizations/archive_latex.tex
625,0.437837838,0.493100000,\left(\sqrt{\frac{\mathrm{MParams}}{\mathrm{GSynFlow}}}\right) \cdot \left(\left(\left(\mathrm{MParams}\right) \cdot \left(\mathrm{Jacov}\right)\right)^2\right),MParams GSynFlow Div Sqrt MParams Jacov Mul Square Mul <EOS>,(sqrt((MParams / GSynFlow)) * square((MParams * Jacov))),0.493100000,0.508900000,63,9,4,2075,run_monash_time_unique1000,10,1,TIME__Coastal_T_S__H/seed_2075/run_monash_time_unique1000/visualizations/archive_latex.tex
626,0.436936937,0.493100000,\frac{\left(\left(\mathrm{MParams}\right) \cdot \left(\mathrm{Jacov}\right)\right)^2}{\sqrt{\frac{\mathrm{GSynFlow}}{\mathrm{MParams}}}},MParams Jacov Mul Square GSynFlow MParams Div Sqrt Div <EOS>,(square((MParams * Jacov)) / sqrt((GSynFlow / MParams))),0.493100000,0.508900000,161,9,4,2143,run_monash_time_unique1000,10,1,TIME__Coastal_T_S__H/seed_2143/run_monash_time_unique1000/visualizations/archive_latex.tex
627,0.436036036,0.492900000,\log\left(\mathrm{MParams}\right) - \left(\mathrm{ZiCo}\right)^2 + \sqrt{\mathrm{L2Norm}},MParams Log ZiCo Square L2-Norm Sqrt Add Sub <EOS>,(log(MParams) - (square(ZiCo) + sqrt(L2-Norm))),0.492900000,0.439600000,8,8,4,2198,run_monash_time_unique1000,4,1,TIME__Coastal_T_S__H/seed_2198/run_monash_time_unique1000/visualizations/archive_latex.tex
628,0.435135135,0.492900000,\frac{\left(\mathrm{MParams}\right)^2}{\log\left(\mathrm{plain} + \sqrt{\mathrm{GSynFlow}}\right)},MParams Square plain GSynFlow Sqrt Add Log Div <EOS>,(square(MParams) / log((plain + sqrt(GSynFlow)))),0.492900000,0.377600000,133,8,5,2191,run_monash_time_unique1000,5,1,TIME__Coastal_T_S__H/seed_2191/run_monash_time_unique1000/visualizations/archive_latex.tex
629,0.434234234,0.492700000,\mathrm{L2Norm} - \left(\log\left(\frac{\mathrm{plain}}{\mathrm{Fisher}}\right)\right) \cdot \left(\log\left(\mathrm{GSynFlow}\right)\right),L2-Norm plain Fisher Div Log GSynFlow Log Mul Sub <EOS>,(L2-Norm - (log((plain / Fisher)) * log(GSynFlow))),0.492700000,0.452500000,116,9,5,2131,run_monash_time_unique1000,4,1,TIME__Coastal_T_S__H/seed_2131/run_monash_time_unique1000/visualizations/archive_latex.tex
630,0.433333333,0.492500000,\left(\mathrm{ZiCo} - \mathrm{MParams}\right)^2 - \sqrt{\frac{\mathrm{GSynFlow}}{\mathrm{JacobFro}}},ZiCo MParams Sub Square GSynFlow Jacob_fro Div Sqrt Sub <EOS>,(square((ZiCo - MParams)) - sqrt((GSynFlow / Jacob_fro))),0.492500000,0.505200000,194,9,4,2031,run_monash_time_unique1000,4,1,TIME__Coastal_T_S__H/seed_2031/run_monash_time_unique1000/visualizations/archive_latex.tex
631,0.432432432,0.492300000,\frac{\mathrm{GradNorm}}{\sqrt{\left(\log\left(\mathrm{plain}\right)\right) \cdot \left(\mathrm{JacobFro} - \mathrm{GSynFlow}\right)}},Grad_Norm plain Log Jacob_fro GSynFlow Sub Mul Sqrt Div <EOS>,(Grad_Norm / sqrt((log(plain) * (Jacob_fro - GSynFlow)))),0.492300000,0.417700000,31,9,5,2119,run_monash_time_unique1000,4,1,TIME__Coastal_T_S__H/seed_2119/run_monash_time_unique1000/visualizations/archive_latex.tex
632,0.431531532,0.492300000,\frac{\mathrm{GradNorm}}{\sqrt{\left(\mathrm{GSynFlow} - \mathrm{JacobFro}\right) \cdot \left(\log\left(\mathrm{plain}\right)\right)}},Grad_Norm GSynFlow Jacob_fro Sub plain Log Mul Sqrt Div <EOS>,(Grad_Norm / sqrt(((GSynFlow - Jacob_fro) * log(plain)))),0.492300000,0.417700000,150,9,5,2162,run_monash_time_unique1000,4,1,TIME__Coastal_T_S__H/seed_2162/run_monash_time_unique1000/visualizations/archive_latex.tex
633,0.430630631,0.491800000,\mathrm{L2Norm} - \log\left(\left(\mathrm{GSynFlow}\right) \cdot \left(\mathrm{GFLOPs}\right)\right) + \mathrm{GFLOPs},L2-Norm GSynFlow GFLOPs Mul Log GFLOPs Add Sub <EOS>,(L2-Norm - (log((GSynFlow * GFLOPs)) + GFLOPs)),0.491800000,0.444000000,50,8,5,2096,run_monash_time_unique1000,2,1,TIME__Coastal_T_S__H/seed_2096/run_monash_time_unique1000/visualizations/archive_latex.tex
634,0.429729730,0.491800000,\mathrm{L2Norm} - \log\left(\mathrm{GFLOPs}\right) + \log\left(\mathrm{GSynFlow}\right) + \mathrm{GFLOPs},L2-Norm GFLOPs Log GSynFlow Log GFLOPs Add Add Sub <EOS>,(L2-Norm - (log(GFLOPs) + (log(GSynFlow) + GFLOPs))),0.491800000,0.444000000,21,9,5,2131,run_monash_time_unique1000,5,1,TIME__Coastal_T_S__H/seed_2131/run_monash_time_unique1000/visualizations/archive_latex.tex
635,0.428828829,0.491600000,\frac{\sqrt{\mathrm{L2Norm}}}{\mathrm{ZiCo}} - \left(\mathrm{GFLOPs}\right) \cdot \left(\log\left(\mathrm{plain}\right)\right),L2-Norm Sqrt ZiCo Div GFLOPs plain Log Mul Sub <EOS>,((sqrt(L2-Norm) / ZiCo) - (GFLOPs * log(plain))),0.491600000,0.402600000,140,9,4,2156,run_monash_time_unique1000,8,1,TIME__Coastal_T_S__H/seed_2156/run_monash_time_unique1000/visualizations/archive_latex.tex
636,0.427927928,0.491400000,\frac{\mathrm{MParams}}{\mathrm{GFLOPs}} - \mathrm{ZiCo},MParams GFLOPs Div ZiCo Sub <EOS>,((MParams / GFLOPs) - ZiCo),0.491400000,0.352100000,172,5,3,2038,run_monash_time_unique1000,9,1,TIME__Coastal_T_S__H/seed_2038/run_monash_time_unique1000/visualizations/archive_latex.tex
637,0.427027027,0.491100000,\frac{\sqrt{\mathrm{GSynFlow}} + \mathrm{JacobFro}}{\mathrm{Jacov}} + \left(\mathrm{MParams}\right)^2,GSynFlow Sqrt Jacob_fro Add Jacov Div MParams Square Add <EOS>,(((sqrt(GSynFlow) + Jacob_fro) / Jacov) + square(MParams)),0.491100000,0.411200000,22,9,5,2073,run_monash_time_unique1000,2,1,TIME__Coastal_T_S__H/seed_2073/run_monash_time_unique1000/visualizations/archive_latex.tex
638,0.426126126,0.491000000,\frac{\mathrm{MParams} - \frac{\sqrt{\mathrm{GSynFlow}}}{\left(\mathrm{GFLOPs}\right)^2}}{\mathrm{ZiCo}},MParams GSynFlow Sqrt GFLOPs Square Div Sub ZiCo Div <EOS>,((MParams - (sqrt(GSynFlow) / square(GFLOPs))) / ZiCo),0.491000000,0.487900000,194,9,5,2218,run_monash_time_unique1000,5,1,TIME__Coastal_T_S__H/seed_2218/run_monash_time_unique1000/visualizations/archive_latex.tex
639,0.425225225,0.490800000,\left(\mathrm{ZiCo}\right) \cdot \left(\left(\left(\mathrm{GFLOPs}\right) \cdot \left(\mathrm{MParams}\right)\right)^2\right) - \sqrt{\mathrm{GSynFlow}},ZiCo GFLOPs MParams Mul Square Mul GSynFlow Sqrt Sub <EOS>,((ZiCo * square((GFLOPs * MParams))) - sqrt(GSynFlow)),0.490800000,0.459300000,93,9,5,2207,run_monash_time_unique1000,3,1,TIME__Coastal_T_S__H/seed_2207/run_monash_time_unique1000/visualizations/archive_latex.tex
640,0.424324324,0.490800000,\mathrm{MParams} - \mathrm{plain} - \left(\left(\mathrm{Fisher}\right)^2\right) \cdot \left(\log\left(\mathrm{GSynFlow}\right)\right),MParams plain Sub Fisher Square GSynFlow Log Mul Sub <EOS>,((MParams - plain) - (square(Fisher) * log(GSynFlow))),0.490800000,0.463300000,145,9,4,2129,run_monash_time_unique1000,8,1,TIME__Coastal_T_S__H/seed_2129/run_monash_time_unique1000/visualizations/archive_latex.tex
641,0.423423423,0.490700000,\mathrm{MParams} - \left(\log\left(\sqrt{\frac{\mathrm{GSynFlow}}{\mathrm{MParams}}}\right)\right) \cdot \left(\mathrm{Fisher}\right),MParams GSynFlow MParams Div Sqrt Log Fisher Mul Sub <EOS>,(MParams - (log(sqrt((GSynFlow / MParams))) * Fisher)),0.490700000,0.506900000,39,9,6,2138,run_monash_time_unique1000,5,1,TIME__Coastal_T_S__H/seed_2138/run_monash_time_unique1000/visualizations/archive_latex.tex
642,0.422522523,0.490700000,\left(\mathrm{MParams}\right) \cdot \left(\sqrt{\left(\mathrm{L2Norm}\right) \cdot \left(\mathrm{MParams}\right)} - \log\left(\mathrm{GSynFlow}\right)\right),MParams L2-Norm MParams Mul Sqrt GSynFlow Log Sub Mul <EOS>,(MParams * (sqrt((L2-Norm * MParams)) - log(GSynFlow))),0.490700000,0.505400000,137,9,5,2038,run_monash_time_unique1000,10,1,TIME__Coastal_T_S__H/seed_2038/run_monash_time_unique1000/visualizations/archive_latex.tex
643,0.421621622,0.490600000,\frac{\mathrm{L2Norm}}{\mathrm{ZiCo}} - \frac{\log\left(\mathrm{GSynFlow}\right)}{\mathrm{Fisher}},L2-Norm ZiCo Div GSynFlow Log Fisher Div Sub <EOS>,((L2-Norm / ZiCo) - (log(GSynFlow) / Fisher)),0.490600000,0.358600000,174,8,4,2165,run_monash_time_unique1000,2,1,TIME__Coastal_T_S__H/seed_2165/run_monash_time_unique1000/visualizations/archive_latex.tex
644,0.420720721,0.490400000,\mathrm{L2Norm} - \log\left(\left(\frac{\mathrm{GSynFlow}}{\left(\mathrm{MParams}\right)^2}\right)^2\right),L2-Norm GSynFlow MParams Square Div Square Log Sub <EOS>,(L2-Norm - log(square((GSynFlow / square(MParams))))),0.490400000,0.475900000,76,8,6,2131,run_monash_time_unique1000,6,1,TIME__Coastal_T_S__H/seed_2131/run_monash_time_unique1000/visualizations/archive_latex.tex
645,0.419819820,0.490300000,\frac{\left(\log\left(\mathrm{GSynFlow}\right) - \mathrm{L2Norm}\right)^2}{\mathrm{ZiCo}} - \mathrm{GSynFlow},GSynFlow Log L2-Norm Sub Square ZiCo Div GSynFlow Sub <EOS>,((square((log(GSynFlow) - L2-Norm)) / ZiCo) - GSynFlow),0.490300000,0.472500000,12,9,6,2206,run_monash_time_unique1000,6,1,TIME__Coastal_T_S__H/seed_2206/run_monash_time_unique1000/visualizations/archive_latex.tex
646,0.418918919,0.490200000,\left(\left(\mathrm{MParams}\right)^2\right) \cdot \left(\sqrt{\frac{\sqrt{\mathrm{Jacov}}}{\sqrt{\mathrm{GSynFlow}}}}\right),MParams Square Jacov Sqrt GSynFlow Sqrt Div Sqrt Mul <EOS>,(square(MParams) * sqrt((sqrt(Jacov) / sqrt(GSynFlow)))),0.490200000,0.511700000,30,9,5,2161,run_monash_time_unique1000,4,1,TIME__Coastal_T_S__H/seed_2161/run_monash_time_unique1000/visualizations/archive_latex.tex
647,0.418018018,0.490200000,\left(\sqrt{\frac{\sqrt{\mathrm{Jacov}}}{\sqrt{\mathrm{GSynFlow}}}}\right) \cdot \left(\left(\mathrm{MParams}\right)^2\right),Jacov Sqrt GSynFlow Sqrt Div Sqrt MParams Square Mul <EOS>,(sqrt((sqrt(Jacov) / sqrt(GSynFlow))) * square(MParams)),0.490200000,0.511700000,38,9,5,2128,run_monash_time_unique1000,5,3,TIME__Coastal_T_S__H/seed_2128/run_monash_time_unique1000/visualizations/archive_latex.tex
648,0.417117117,0.490200000,\left(\left(\left(\mathrm{MParams}\right) \cdot \left(\mathrm{MParams}\right)\right)^2\right) \cdot \left(\sqrt{\frac{\mathrm{Jacov}}{\mathrm{GSynFlow}}}\right),MParams MParams Mul Square Jacov GSynFlow Div Sqrt Mul <EOS>,(square((MParams * MParams)) * sqrt((Jacov / GSynFlow))),0.490200000,0.511700000,141,9,4,2070,run_monash_time_unique1000,6,1,TIME__Coastal_T_S__H/seed_2070/run_monash_time_unique1000/visualizations/archive_latex.tex
649,0.416216216,0.489800000,\frac{\sqrt{\mathrm{L2Norm}}}{\mathrm{ZiCo}} - \log\left(\mathrm{JacobFro} - \mathrm{GSynFlow}\right),L2-Norm Sqrt ZiCo Div Jacob_fro GSynFlow Sub Log Sub <EOS>,((sqrt(L2-Norm) / ZiCo) - log((Jacob_fro - GSynFlow))),0.489800000,0.493300000,91,9,4,2059,run_monash_time_unique1000,9,1,TIME__Coastal_T_S__H/seed_2059/run_monash_time_unique1000/visualizations/archive_latex.tex
650,0.415315315,0.489800000,\left(\frac{\left(\mathrm{MParams}\right)^2}{\sqrt{\mathrm{Fisher}}}\right)^2 - \sqrt{\mathrm{GSynFlow}},MParams Square Fisher Sqrt Div Square GSynFlow Sqrt Sub <EOS>,(square((square(MParams) / sqrt(Fisher))) - sqrt(GSynFlow)),0.489800000,0.482900000,11,9,5,2054,run_monash_time_unique1000,10,1,TIME__Coastal_T_S__H/seed_2054/run_monash_time_unique1000/visualizations/archive_latex.tex
651,0.414414414,0.489700000,\mathrm{MParams} - \frac{\log\left(\mathrm{plain} + \mathrm{GSynFlow}\right)}{\mathrm{GradNorm}},MParams plain GSynFlow Add Log Grad_Norm Div Sub <EOS>,(MParams - (log((plain + GSynFlow)) / Grad_Norm)),0.489700000,0.394900000,192,8,5,2115,run_monash_time_unique1000,1,1,TIME__Coastal_T_S__H/seed_2115/run_monash_time_unique1000/visualizations/archive_latex.tex
652,0.413513514,0.489600000,\mathrm{MParams} - \left(\left(\mathrm{ZiCo}\right)^2\right) \cdot \left(\log\left(\frac{\mathrm{GSynFlow}}{\mathrm{plain}}\right)\right),MParams ZiCo Square GSynFlow plain Div Log Mul Sub <EOS>,(MParams - (square(ZiCo) * log((GSynFlow / plain)))),0.489600000,0.474600000,123,9,5,2220,run_monash_time_unique1000,8,1,TIME__Coastal_T_S__H/seed_2220/run_monash_time_unique1000/visualizations/archive_latex.tex
653,0.412612613,0.489400000,\left(\left(\mathrm{MParams}\right) \cdot \left(\mathrm{L2Norm}\right)\right) \cdot \left(\log\left(\mathrm{MParams}\right)\right) - \sqrt{\mathrm{GSynFlow}},MParams L2-Norm Mul MParams Log Mul GSynFlow Sqrt Sub <EOS>,(((MParams * L2-Norm) * log(MParams)) - sqrt(GSynFlow)),0.489400000,0.472600000,122,9,4,2178,run_monash_time_unique1000,3,1,TIME__Coastal_T_S__H/seed_2178/run_monash_time_unique1000/visualizations/archive_latex.tex
654,0.411711712,0.489400000,\left(\mathrm{MParams}\right) \cdot \left(\left(\mathrm{L2Norm}\right) \cdot \left(\log\left(\mathrm{MParams}\right)\right)\right) - \sqrt{\mathrm{GSynFlow}},MParams L2-Norm MParams Log Mul Mul GSynFlow Sqrt Sub <EOS>,((MParams * (L2-Norm * log(MParams))) - sqrt(GSynFlow)),0.489400000,0.472600000,44,9,5,2161,run_monash_time_unique1000,5,1,TIME__Coastal_T_S__H/seed_2161/run_monash_time_unique1000/visualizations/archive_latex.tex
655,0.410810811,0.489300000,\left(\mathrm{L2Norm}\right) \cdot \left(\log\left(\mathrm{MParams}\right)\right) - \left(\log\left(\mathrm{GSynFlow}\right)\right) \cdot \left(\mathrm{GradNorm}\right),L2-Norm MParams Log Mul GSynFlow Log Grad_Norm Mul Sub <EOS>,((L2-Norm * log(MParams)) - (log(GSynFlow) * Grad_Norm)),0.489300000,0.515900000,163,9,4,2123,run_monash_time_unique1000,9,1,TIME__Coastal_T_S__H/seed_2123/run_monash_time_unique1000/visualizations/archive_latex.tex
656,0.409909910,0.489300000,\frac{\left(\left(\mathrm{Jacov}\right) \cdot \left(\left(\mathrm{MParams}\right) \cdot \left(\mathrm{L2Norm}\right)\right)\right)^2}{\sqrt{\mathrm{GSynFlow}}},Jacov MParams L2-Norm Mul Mul Square GSynFlow Sqrt Div <EOS>,(square((Jacov * (MParams * L2-Norm))) / sqrt(GSynFlow)),0.489300000,0.510000000,102,9,5,2129,run_monash_time_unique1000,9,1,TIME__Coastal_T_S__H/seed_2129/run_monash_time_unique1000/visualizations/archive_latex.tex
657,0.409009009,0.489000000,\frac{\left(\mathrm{MParams}\right)^2}{\sqrt{\left(\sqrt{\mathrm{GSynFlow}}\right) \cdot \left(\mathrm{plain}\right)}},MParams Square GSynFlow Sqrt plain Mul Sqrt Div <EOS>,(square(MParams) / sqrt((sqrt(GSynFlow) * plain))),0.489000000,0.512400000,73,8,5,2118,run_monash_time_unique1000,2,3,TIME__Coastal_T_S__H/seed_2118/run_monash_time_unique1000/visualizations/archive_latex.tex
658,0.408108108,0.489000000,\frac{\left(\mathrm{MParams}\right) \cdot \left(\log\left(\frac{\mathrm{Jacov}}{\sqrt{\mathrm{GSynFlow}}}\right)\right)}{\mathrm{ZiCo}},MParams Jacov GSynFlow Sqrt Div Log Mul ZiCo Div <EOS>,((MParams * log((Jacov / sqrt(GSynFlow)))) / ZiCo),0.489000000,0.498700000,42,9,6,2161,run_monash_time_unique1000,6,1,TIME__Coastal_T_S__H/seed_2161/run_monash_time_unique1000/visualizations/archive_latex.tex
659,0.407207207,0.489000000,\frac{\left(\mathrm{MParams}\right)^2}{\sqrt{\left(\mathrm{plain}\right) \cdot \left(\sqrt{\mathrm{GSynFlow}}\right)}},MParams Square plain GSynFlow Sqrt Mul Sqrt Div <EOS>,(square(MParams) / sqrt((plain * sqrt(GSynFlow)))),0.489000000,0.512400000,29,8,5,2191,run_monash_time_unique1000,6,2,TIME__Coastal_T_S__H/seed_2191/run_monash_time_unique1000/visualizations/archive_latex.tex
660,0.406306306,0.489000000,\left(\log\left(\frac{\mathrm{Jacov}}{\sqrt{\mathrm{GSynFlow}}}\right)\right) \cdot \left(\frac{\mathrm{MParams}}{\mathrm{ZiCo}}\right),Jacov GSynFlow Sqrt Div Log MParams ZiCo Div Mul <EOS>,(log((Jacov / sqrt(GSynFlow))) * (MParams / ZiCo)),0.489000000,0.498700000,176,9,5,2220,run_monash_time_unique1000,9,1,TIME__Coastal_T_S__H/seed_2220/run_monash_time_unique1000/visualizations/archive_latex.tex
661,0.405405405,0.488900000,\frac{\frac{\mathrm{Fisher}}{\mathrm{JacobFro} - \mathrm{GSynFlow}}}{\sqrt{\log\left(\mathrm{plain}\right)}},Fisher Jacob_fro GSynFlow Sub Div plain Log Sqrt Div <EOS>,((Fisher / (Jacob_fro - GSynFlow)) / sqrt(log(plain))),0.488900000,0.395600000,181,9,4,2155,run_monash_time_unique1000,2,1,TIME__Coastal_T_S__H/seed_2155/run_monash_time_unique1000/visualizations/archive_latex.tex
662,0.404504505,0.488800000,\mathrm{L2Norm} + \mathrm{GFLOPs} - \log\left(\left(\mathrm{GSynFlow}\right)^2\right),L2-Norm GFLOPs Add GSynFlow Square Log Sub <EOS>,((L2-Norm + GFLOPs) - log(square(GSynFlow))),0.488800000,0.480400000,17,7,4,2180,run_monash_time_unique1000,2,1,TIME__Coastal_T_S__H/seed_2180/run_monash_time_unique1000/visualizations/archive_latex.tex
663,0.403603604,0.488700000,\frac{\mathrm{MParams}}{\mathrm{L2Norm} - \left(\log\left(\mathrm{GSynFlow}\right)\right)^2},MParams L2-Norm GSynFlow Log Square Sub Div <EOS>,(MParams / (L2-Norm - square(log(GSynFlow)))),0.488700000,0.411500000,86,7,5,2147,run_monash_time_unique1000,5,1,TIME__Coastal_T_S__H/seed_2147/run_monash_time_unique1000/visualizations/archive_latex.tex
664,0.402702703,0.488700000,\mathrm{MParams} - \left(\sqrt{\mathrm{JacobFro} - \mathrm{GSynFlow}}\right) \cdot \left(\left(\mathrm{ZiCo}\right)^2\right),MParams Jacob_fro GSynFlow Sub Sqrt ZiCo Square Mul Sub <EOS>,(MParams - (sqrt((Jacob_fro - GSynFlow)) * square(ZiCo))),0.488700000,0.437100000,61,9,5,2059,run_monash_time_unique1000,10,1,TIME__Coastal_T_S__H/seed_2059/run_monash_time_unique1000/visualizations/archive_latex.tex
665,0.401801802,0.488200000,\frac{\left(\left(\log\left(\mathrm{Jacov}\right)\right) \cdot \left(\left(\mathrm{MParams}\right)^2\right)\right)^2}{\sqrt{\mathrm{GSynFlow}}},Jacov Log MParams Square Mul Square GSynFlow Sqrt Div <EOS>,(square((log(Jacov) * square(MParams))) / sqrt(GSynFlow)),0.488200000,0.513900000,88,9,5,2129,run_monash_time_unique1000,10,1,TIME__Coastal_T_S__H/seed_2129/run_monash_time_unique1000/visualizations/archive_latex.tex
666,0.400900901,0.488100000,\mathrm{L2Norm} + \mathrm{ZiCo} + \mathrm{GFLOPs} - \log\left(\left(\mathrm{GSynFlow}\right)^2\right),L2-Norm ZiCo GFLOPs Add Add GSynFlow Square Log Sub <EOS>,((L2-Norm + (ZiCo + GFLOPs)) - log(square(GSynFlow))),0.488100000,0.477500000,47,9,4,2180,run_monash_time_unique1000,3,1,TIME__Coastal_T_S__H/seed_2180/run_monash_time_unique1000/visualizations/archive_latex.tex
667,0.400000000,0.488100000,\mathrm{MParams} - \frac{\mathrm{GSynFlow}}{\left(\left(\mathrm{GFLOPs}\right) \cdot \left(\left(\mathrm{MParams}\right)^2\right)\right)^2},MParams GSynFlow GFLOPs MParams Square Mul Square Div Sub <EOS>,(MParams - (GSynFlow / square((GFLOPs * square(MParams))))),0.488100000,0.482700000,56,9,6,2116,run_monash_time_unique1000,4,1,TIME__Coastal_T_S__H/seed_2116/run_monash_time_unique1000/visualizations/archive_latex.tex
668,0.399099099,0.488100000,\left(\log\left(\frac{\mathrm{GFLOPs}}{\mathrm{MParams}}\right)\right) \cdot \left(-\mathrm{ZiCo}\right),GFLOPs MParams Div Log ZiCo Negative Mul <EOS>,(log((GFLOPs / MParams)) * -(ZiCo)),0.488100000,0.340400000,167,7,4,2124,run_monash_time_unique1000,4,1,TIME__Coastal_T_S__H/seed_2124/run_monash_time_unique1000/visualizations/archive_latex.tex
669,0.398198198,0.487900000,\frac{\frac{\frac{\sqrt{\mathrm{GSynFlow}}}{\mathrm{Jacov}}}{\left(\mathrm{MParams}\right)^2}}{\mathrm{MParams}},GSynFlow Sqrt Jacov Div MParams Square Div MParams Div <EOS>,(((sqrt(GSynFlow) / Jacov) / square(MParams)) / MParams),0.487900000,0.508700000,27,9,5,2073,run_monash_time_unique1000,3,1,TIME__Coastal_T_S__H/seed_2073/run_monash_time_unique1000/visualizations/archive_latex.tex
670,0.397297297,0.487900000,\frac{\mathrm{MParams}}{\sqrt{\frac{\sqrt{\mathrm{GSynFlow}}}{\left(\mathrm{MParams}\right) \cdot \left(\mathrm{Jacov}\right)}}},MParams GSynFlow Sqrt MParams Jacov Mul Div Sqrt Div <EOS>,(MParams / sqrt((sqrt(GSynFlow) / (MParams * Jacov)))),0.487900000,0.508700000,65,9,5,2106,run_monash_time_unique1000,4,1,TIME__Coastal_T_S__H/seed_2106/run_monash_time_unique1000/visualizations/archive_latex.tex
671,0.396396396,0.487900000,\left(\sqrt{\frac{\left(\mathrm{MParams}\right) \cdot \left(\mathrm{Jacov}\right)}{\sqrt{\mathrm{GSynFlow}}}}\right) \cdot \left(\mathrm{MParams}\right),MParams Jacov Mul GSynFlow Sqrt Div Sqrt MParams Mul <EOS>,(sqrt(((MParams * Jacov) / sqrt(GSynFlow))) * MParams),0.487900000,0.508700000,141,9,5,2128,run_monash_time_unique1000,6,1,TIME__Coastal_T_S__H/seed_2128/run_monash_time_unique1000/visualizations/archive_latex.tex
672,0.395495495,0.487900000,\left(\mathrm{MParams}\right) \cdot \left(\sqrt{\frac{\mathrm{MParams}}{\frac{\sqrt{\mathrm{GSynFlow}}}{\mathrm{Jacov}}}}\right),MParams MParams GSynFlow Sqrt Jacov Div Div Sqrt Mul <EOS>,(MParams * sqrt((MParams / (sqrt(GSynFlow) / Jacov)))),0.487900000,0.508700000,53,9,6,2070,run_monash_time_unique1000,7,1,TIME__Coastal_T_S__H/seed_2070/run_monash_time_unique1000/visualizations/archive_latex.tex
673,0.394594595,0.487900000,\mathrm{L2Norm} - \sqrt{\mathrm{GFLOPs}} + \log\left(\mathrm{GSynFlow}\right) + \mathrm{GFLOPs},L2-Norm GFLOPs Sqrt GSynFlow Log GFLOPs Add Add Sub <EOS>,(L2-Norm - (sqrt(GFLOPs) + (log(GSynFlow) + GFLOPs))),0.487900000,0.441700000,23,9,5,2131,run_monash_time_unique1000,7,1,TIME__Coastal_T_S__H/seed_2131/run_monash_time_unique1000/visualizations/archive_latex.tex
674,0.393693694,0.487900000,\left(\mathrm{MParams}\right) \cdot \left(\sqrt{\frac{\left(\mathrm{Jacov}\right) \cdot \left(\mathrm{MParams}\right)}{\sqrt{\mathrm{GSynFlow}}}}\right),MParams Jacov MParams Mul GSynFlow Sqrt Div Sqrt Mul <EOS>,(MParams * sqrt(((Jacov * MParams) / sqrt(GSynFlow)))),0.487900000,0.508700000,64,9,5,2161,run_monash_time_unique1000,7,2,TIME__Coastal_T_S__H/seed_2161/run_monash_time_unique1000/visualizations/archive_latex.tex
675,0.392792793,0.487900000,\left(\sqrt{\frac{\mathrm{Jacov}}{\frac{\sqrt{\mathrm{GSynFlow}}}{\mathrm{MParams}}}}\right) \cdot \left(\mathrm{MParams}\right),Jacov GSynFlow Sqrt MParams Div Div Sqrt MParams Mul <EOS>,(sqrt((Jacov / (sqrt(GSynFlow) / MParams))) * MParams),0.487900000,0.508700000,171,9,6,2220,run_monash_time_unique1000,10,1,TIME__Coastal_T_S__H/seed_2220/run_monash_time_unique1000/visualizations/archive_latex.tex
676,0.391891892,0.487800000,\left(\mathrm{GradNorm}\right) \cdot \left(\mathrm{MParams}\right) - \log\left(\mathrm{plain} + \mathrm{GSynFlow}\right),Grad_Norm MParams Mul plain GSynFlow Add Log Sub <EOS>,((Grad_Norm * MParams) - log((plain + GSynFlow))),0.487800000,0.352000000,196,8,4,2030,run_monash_time_unique1000,3,1,TIME__Coastal_T_S__H/seed_2030/run_monash_time_unique1000/visualizations/archive_latex.tex
677,0.390990991,0.487800000,\mathrm{MParams} - \left(\left(\mathrm{ZiCo}\right) \cdot \left(\log\left(\mathrm{GSynFlow}\right)\right)\right) \cdot \left(\mathrm{Fisher}\right),MParams ZiCo GSynFlow Log Mul Fisher Mul Sub <EOS>,(MParams - ((ZiCo * log(GSynFlow)) * Fisher)),0.487800000,0.482900000,105,8,5,2226,run_monash_time_unique1000,4,2,TIME__Coastal_T_S__H/seed_2226/run_monash_time_unique1000/visualizations/archive_latex.tex
678,0.390090090,0.487800000,\mathrm{MParams} - \left(\mathrm{Fisher}\right) \cdot \left(\left(\log\left(\mathrm{GSynFlow}\right)\right) \cdot \left(\mathrm{ZiCo}\right)\right),MParams Fisher GSynFlow Log ZiCo Mul Mul Sub <EOS>,(MParams - (Fisher * (log(GSynFlow) * ZiCo))),0.487800000,0.482900000,193,8,5,2035,run_monash_time_unique1000,7,1,TIME__Coastal_T_S__H/seed_2035/run_monash_time_unique1000/visualizations/archive_latex.tex
679,0.389189189,0.487800000,\frac{\mathrm{L2Norm} - \log\left(\mathrm{GSynFlow}\right) - \mathrm{MParams}}{\mathrm{ZiCo}},L2-Norm GSynFlow Log MParams Sub Sub ZiCo Div <EOS>,((L2-Norm - (log(GSynFlow) - MParams)) / ZiCo),0.487800000,0.387800000,161,8,5,2208,run_monash_time_unique1000,10,1,TIME__Coastal_T_S__H/seed_2208/run_monash_time_unique1000/visualizations/archive_latex.tex
680,0.388288288,0.487700000,\mathrm{MParams} - \sqrt{\frac{\sqrt{\mathrm{GSynFlow}}}{\sqrt{\mathrm{Jacov}}}},MParams GSynFlow Sqrt Jacov Sqrt Div Sqrt Sub <EOS>,(MParams - sqrt((sqrt(GSynFlow) / sqrt(Jacov)))),0.487700000,0.454100000,192,8,5,2094,run_monash_time_unique1000,3,1,TIME__Coastal_T_S__H/seed_2094/run_monash_time_unique1000/visualizations/archive_latex.tex
681,0.387387387,0.487700000,\frac{\mathrm{L2Norm} - \log\left(\mathrm{GSynFlow}\right)}{\mathrm{ZiCo}} - \mathrm{L2Norm},L2-Norm GSynFlow Log Sub ZiCo Div L2-Norm Sub <EOS>,(((L2-Norm - log(GSynFlow)) / ZiCo) - L2-Norm),0.487700000,0.447400000,46,8,5,2198,run_monash_time_unique1000,5,2,TIME__Coastal_T_S__H/seed_2198/run_monash_time_unique1000/visualizations/archive_latex.tex
682,0.386486486,0.487400000,\mathrm{L2Norm} - \left(\log\left(\log\left(\mathrm{GSynFlow}\right)\right)\right) \cdot \left(\log\left(\mathrm{GSynFlow}\right)\right),L2-Norm GSynFlow Log Log GSynFlow Log Mul Sub <EOS>,(L2-Norm - (log(log(GSynFlow)) * log(GSynFlow))),0.487400000,0.472800000,52,8,5,2131,run_monash_time_unique1000,8,1,TIME__Coastal_T_S__H/seed_2131/run_monash_time_unique1000/visualizations/archive_latex.tex
683,0.385585586,0.487200000,\frac{\mathrm{L2Norm} - \frac{\log\left(\mathrm{GSynFlow}\right)}{\sqrt{\mathrm{Fisher}}}}{\mathrm{ZiCo}},L2-Norm GSynFlow Log Fisher Sqrt Div Sub ZiCo Div <EOS>,((L2-Norm - (log(GSynFlow) / sqrt(Fisher))) / ZiCo),0.487200000,0.422300000,96,9,5,2130,run_monash_time_unique1000,5,1,TIME__Coastal_T_S__H/seed_2130/run_monash_time_unique1000/visualizations/archive_latex.tex
684,0.384684685,0.487200000,\left(\mathrm{MParams}\right)^2 - \sqrt{\frac{\mathrm{GSynFlow}}{\mathrm{GraSP}}} - \mathrm{ZiCo},MParams Square GSynFlow GraSP Div Sqrt Sub ZiCo Sub <EOS>,((square(MParams) - sqrt((GSynFlow / GraSP))) - ZiCo),0.487200000,0.437700000,27,9,5,2035,run_monash_time_unique1000,8,1,TIME__Coastal_T_S__H/seed_2035/run_monash_time_unique1000/visualizations/archive_latex.tex
685,0.383783784,0.487100000,\frac{\frac{\mathrm{MParams}}{\left(\mathrm{ZiCo}\right)^2}}{\sqrt{\left(\mathrm{GFLOPs}\right) \cdot \left(\mathrm{MParams}\right)}},MParams ZiCo Square Div GFLOPs MParams Mul Sqrt Div <EOS>,((MParams / square(ZiCo)) / sqrt((GFLOPs * MParams))),0.487100000,0.390100000,136,9,4,2159,run_monash_time_unique1000,10,1,TIME__Coastal_T_S__H/seed_2159/run_monash_time_unique1000/visualizations/archive_latex.tex
686,0.382882883,0.487000000,\mathrm{L2Norm} - \log\left(\left(\frac{\mathrm{GSynFlow}}{\mathrm{ZiCo} - \mathrm{MParams}}\right)^2\right),L2-Norm GSynFlow ZiCo MParams Sub Div Square Log Sub <EOS>,(L2-Norm - log(square((GSynFlow / (ZiCo - MParams))))),0.487000000,0.459400000,165,9,6,2131,run_monash_time_unique1000,9,1,TIME__Coastal_T_S__H/seed_2131/run_monash_time_unique1000/visualizations/archive_latex.tex
687,0.381981982,0.486900000,\mathrm{MParams} - \frac{\log\left(\mathrm{GSynFlow} + \sqrt{\mathrm{plain}}\right)}{\mathrm{GradNorm}},MParams GSynFlow plain Sqrt Add Log Grad_Norm Div Sub <EOS>,(MParams - (log((GSynFlow + sqrt(plain))) / Grad_Norm)),0.486900000,0.388400000,73,9,6,2216,run_monash_time_unique1000,1,1,TIME__Coastal_T_S__H/seed_2216/run_monash_time_unique1000/visualizations/archive_latex.tex
688,0.381081081,0.486900000,\left(\log\left(\frac{\left(\mathrm{Jacov}\right) \cdot \left(\mathrm{MParams}\right)}{\sqrt{\mathrm{GSynFlow}}}\right)\right) \cdot \left(\mathrm{MParams}\right),Jacov MParams Mul GSynFlow Sqrt Div Log MParams Mul <EOS>,(log(((Jacov * MParams) / sqrt(GSynFlow))) * MParams),0.486900000,0.514800000,104,9,5,2128,run_monash_time_unique1000,7,1,TIME__Coastal_T_S__H/seed_2128/run_monash_time_unique1000/visualizations/archive_latex.tex
689,0.380180180,0.486900000,\left(\mathrm{MParams}\right) \cdot \left(\log\left(\frac{\mathrm{MParams}}{\frac{\sqrt{\mathrm{GSynFlow}}}{\mathrm{Jacov}}}\right)\right),MParams MParams GSynFlow Sqrt Jacov Div Div Log Mul <EOS>,(MParams * log((MParams / (sqrt(GSynFlow) / Jacov)))),0.486900000,0.514800000,127,9,6,2070,run_monash_time_unique1000,8,1,TIME__Coastal_T_S__H/seed_2070/run_monash_time_unique1000/visualizations/archive_latex.tex
690,0.379279279,0.486900000,\left(\mathrm{MParams}\right) \cdot \left(\log\left(\frac{\left(\mathrm{MParams}\right) \cdot \left(\mathrm{Jacov}\right)}{\sqrt{\mathrm{GSynFlow}}}\right)\right),MParams MParams Jacov Mul GSynFlow Sqrt Div Log Mul <EOS>,(MParams * log(((MParams * Jacov) / sqrt(GSynFlow)))),0.486900000,0.514800000,34,9,5,2161,run_monash_time_unique1000,8,2,TIME__Coastal_T_S__H/seed_2161/run_monash_time_unique1000/visualizations/archive_latex.tex
691,0.378378378,0.486800000,\mathrm{L2Norm} - \log\left(\left(\left(\mathrm{GSynFlow}\right) \cdot \left(\mathrm{Snip}\right)\right) \cdot \left(\sqrt{\mathrm{GSynFlow}}\right)\right),L2-Norm GSynFlow Snip Mul GSynFlow Sqrt Mul Log Sub <EOS>,(L2-Norm - log(((GSynFlow * Snip) * sqrt(GSynFlow)))),0.486800000,0.474100000,52,9,5,2131,run_monash_time_unique1000,10,1,TIME__Coastal_T_S__H/seed_2131/run_monash_time_unique1000/visualizations/archive_latex.tex
692,0.377477477,0.486600000,\left(\sqrt{\frac{\log\left(\mathrm{Jacov}\right)}{\sqrt{\mathrm{GSynFlow}}}}\right) \cdot \left(\left(\mathrm{MParams}\right)^2\right),Jacov Log GSynFlow Sqrt Div Sqrt MParams Square Mul <EOS>,(sqrt((log(Jacov) / sqrt(GSynFlow))) * square(MParams)),0.486600000,0.503500000,39,9,5,2087,run_monash_time_unique1000,8,2,TIME__Coastal_T_S__H/seed_2087/run_monash_time_unique1000/visualizations/archive_latex.tex
693,0.376576577,0.486600000,\left(\left(\mathrm{MParams}\right)^2\right) \cdot \left(\sqrt{\frac{\log\left(\mathrm{Jacov}\right)}{\sqrt{\mathrm{GSynFlow}}}}\right),MParams Square Jacov Log GSynFlow Sqrt Div Sqrt Mul <EOS>,(square(MParams) * sqrt((log(Jacov) / sqrt(GSynFlow)))),0.486600000,0.503500000,26,9,5,2161,run_monash_time_unique1000,9,1,TIME__Coastal_T_S__H/seed_2161/run_monash_time_unique1000/visualizations/archive_latex.tex
694,0.375675676,0.486100000,\mathrm{GradNorm} - \log\left(\mathrm{GSynFlow} - \left(\mathrm{JacobFro}\right) \cdot \left(\log\left(\mathrm{plain}\right)\right)\right),Grad_Norm GSynFlow Jacob_fro plain Log Mul Sub Log Sub <EOS>,(Grad_Norm - log((GSynFlow - (Jacob_fro * log(plain))))),0.486100000,0.419700000,89,9,6,2043,run_monash_time_unique1000,3,1,TIME__Coastal_T_S__H/seed_2043/run_monash_time_unique1000/visualizations/archive_latex.tex
695,0.374774775,0.486100000,\frac{\left(\mathrm{MParams}\right)^2}{\sqrt{\left(\sqrt{\mathrm{GSynFlow}}\right) \cdot \left(\sqrt{\mathrm{plain}}\right)}},MParams Square GSynFlow Sqrt plain Sqrt Mul Sqrt Div <EOS>,(square(MParams) / sqrt((sqrt(GSynFlow) * sqrt(plain)))),0.486100000,0.509500000,127,9,5,2118,run_monash_time_unique1000,3,2,TIME__Coastal_T_S__H/seed_2118/run_monash_time_unique1000/visualizations/archive_latex.tex
696,0.373873874,0.486100000,\frac{\left(\left(\mathrm{MParams}\right) \cdot \left(\mathrm{MParams}\right)\right)^2}{\sqrt{\left(\mathrm{GSynFlow}\right) \cdot \left(\mathrm{plain}\right)}},MParams MParams Mul Square GSynFlow plain Mul Sqrt Div <EOS>,(square((MParams * MParams)) / sqrt((GSynFlow * plain))),0.486100000,0.509500000,81,9,4,2094,run_monash_time_unique1000,4,1,TIME__Coastal_T_S__H/seed_2094/run_monash_time_unique1000/visualizations/archive_latex.tex
697,0.372972973,0.486100000,\frac{\left(\mathrm{MParams}\right)^2}{\sqrt{\left(\sqrt{\mathrm{plain}}\right) \cdot \left(\sqrt{\mathrm{GSynFlow}}\right)}},MParams Square plain Sqrt GSynFlow Sqrt Mul Sqrt Div <EOS>,(square(MParams) / sqrt((sqrt(plain) * sqrt(GSynFlow)))),0.486100000,0.509500000,35,9,5,2191,run_monash_time_unique1000,7,1,TIME__Coastal_T_S__H/seed_2191/run_monash_time_unique1000/visualizations/archive_latex.tex
698,0.372072072,0.485900000,\frac{\frac{\left(\mathrm{MParams}\right)^2}{\mathrm{GFLOPs}}}{\mathrm{JacobFro} - \mathrm{GSynFlow}},MParams Square GFLOPs Div Jacob_fro GSynFlow Sub Div <EOS>,((square(MParams) / GFLOPs) / (Jacob_fro - GSynFlow)),0.485900000,0.433400000,178,8,4,2070,run_monash_time_unique1000,9,1,TIME__Coastal_T_S__H/seed_2070/run_monash_time_unique1000/visualizations/archive_latex.tex
699,0.371171171,0.485800000,\frac{\left(\mathrm{L2Norm}\right) \cdot \left(\mathrm{Fisher}\right)}{\sqrt{\log\left(\mathrm{plain}\right)}},L2-Norm Fisher Mul plain Log Sqrt Div <EOS>,((L2-Norm * Fisher) / sqrt(log(plain))),0.485800000,0.348300000,101,7,4,2155,run_monash_time_unique1000,3,1,TIME__Coastal_T_S__H/seed_2155/run_monash_time_unique1000/visualizations/archive_latex.tex
700,0.370270270,0.485800000,\mathrm{L2Norm} - \log\left(\left(\mathrm{GSynFlow}\right) \cdot \left(\sqrt{\mathrm{GSynFlow}}\right)\right),L2-Norm GSynFlow GSynFlow Sqrt Mul Log Sub <EOS>,(L2-Norm - log((GSynFlow * sqrt(GSynFlow)))),0.485800000,0.457000000,112,7,5,2153,run_monash_time_unique1000,4,3,TIME__Coastal_T_S__H/seed_2153/run_monash_time_unique1000/visualizations/archive_latex.tex
701,0.369369369,0.485800000,\frac{\mathrm{Fisher}}{\frac{\sqrt{\log\left(\mathrm{plain}\right)}}{\mathrm{L2Norm}}},Fisher plain Log Sqrt L2-Norm Div Div <EOS>,(Fisher / (sqrt(log(plain)) / L2-Norm)),0.485800000,0.348300000,93,7,5,2162,run_monash_time_unique1000,5,1,TIME__Coastal_T_S__H/seed_2162/run_monash_time_unique1000/visualizations/archive_latex.tex
702,0.368468468,0.485800000,\mathrm{L2Norm} - \log\left(\left(\sqrt{\mathrm{GSynFlow}}\right) \cdot \left(\mathrm{GSynFlow}\right)\right),L2-Norm GSynFlow Sqrt GSynFlow Mul Log Sub <EOS>,(L2-Norm - log((sqrt(GSynFlow) * GSynFlow))),0.485800000,0.457000000,114,7,5,2197,run_monash_time_unique1000,5,1,TIME__Coastal_T_S__H/seed_2197/run_monash_time_unique1000/visualizations/archive_latex.tex
703,0.367567568,0.485700000,\frac{\frac{\mathrm{MParams}}{\mathrm{plain}}}{\mathrm{JacobFro} - \mathrm{GSynFlow}},MParams plain Div Jacob_fro GSynFlow Sub Div <EOS>,((MParams / plain) / (Jacob_fro - GSynFlow)),0.485700000,0.410000000,72,7,3,2148,run_monash_time_unique1000,3,3,TIME__Coastal_T_S__H/seed_2148/run_monash_time_unique1000/visualizations/archive_latex.tex
704,0.366666667,0.485700000,\left(\frac{\left(\left(\mathrm{MParams}\right) \cdot \left(\mathrm{MParams}\right)\right)^2}{\mathrm{ZiCo}}\right)^2 - \mathrm{GSynFlow},MParams MParams Mul Square ZiCo Div Square GSynFlow Sub <EOS>,(square((square((MParams * MParams)) / ZiCo)) - GSynFlow),0.485700000,0.447100000,140,9,6,2118,run_monash_time_unique1000,4,1,TIME__Coastal_T_S__H/seed_2118/run_monash_time_unique1000/visualizations/archive_latex.tex
705,0.365765766,0.485700000,\frac{\mathrm{MParams}}{\left(\mathrm{plain}\right) \cdot \left(\mathrm{JacobFro} - \mathrm{GSynFlow}\right)},MParams plain Jacob_fro GSynFlow Sub Mul Div <EOS>,(MParams / (plain * (Jacob_fro - GSynFlow))),0.485700000,0.410000000,101,7,4,2119,run_monash_time_unique1000,5,1,TIME__Coastal_T_S__H/seed_2119/run_monash_time_unique1000/visualizations/archive_latex.tex
706,0.364864865,0.485700000,\mathrm{MParams} - \left(\log\left(\left(\mathrm{L2Norm}\right) \cdot \left(\mathrm{GSynFlow}\right)\right)\right) \cdot \left(\log\left(\mathrm{plain}\right)\right),MParams L2-Norm GSynFlow Mul Log plain Log Mul Sub <EOS>,(MParams - (log((L2-Norm * GSynFlow)) * log(plain))),0.485700000,0.441700000,157,9,5,2130,run_monash_time_unique1000,6,1,TIME__Coastal_T_S__H/seed_2130/run_monash_time_unique1000/visualizations/archive_latex.tex
707,0.363963964,0.485700000,\frac{\mathrm{MParams}}{\left(\mathrm{JacobFro} - \mathrm{GSynFlow}\right) \cdot \left(\mathrm{plain}\right)},MParams Jacob_fro GSynFlow Sub plain Mul Div <EOS>,(MParams / ((Jacob_fro - GSynFlow) * plain)),0.485700000,0.410000000,50,7,4,2162,run_monash_time_unique1000,6,1,TIME__Coastal_T_S__H/seed_2162/run_monash_time_unique1000/visualizations/archive_latex.tex
708,0.363063063,0.485700000,\frac{\frac{-\mathrm{MParams}}{\mathrm{plain}}}{\mathrm{GSynFlow} - \mathrm{JacobFro}},MParams Negative plain Div GSynFlow Jacob_fro Sub Div <EOS>,((-(MParams) / plain) / (GSynFlow - Jacob_fro)),0.485700000,0.410000000,16,8,4,2166,run_monash_time_unique1000,6,1,TIME__Coastal_T_S__H/seed_2166/run_monash_time_unique1000/visualizations/archive_latex.tex
709,0.362162162,0.485700000,\frac{\frac{\mathrm{MParams}}{\mathrm{JacobFro} - \mathrm{GSynFlow}}}{\mathrm{plain}},MParams Jacob_fro GSynFlow Sub Div plain Div <EOS>,((MParams / (Jacob_fro - GSynFlow)) / plain),0.485700000,0.410000000,31,7,4,2209,run_monash_time_unique1000,6,1,TIME__Coastal_T_S__H/seed_2209/run_monash_time_unique1000/visualizations/archive_latex.tex
710,0.361261261,0.485700000,\frac{\left(\mathrm{MParams}\right)^2 - \sqrt{\frac{\mathrm{GSynFlow}}{\mathrm{JacobFro}}}}{\mathrm{GFLOPs}},MParams Square GSynFlow Jacob_fro Div Sqrt Sub GFLOPs Div <EOS>,((square(MParams) - sqrt((GSynFlow / Jacob_fro))) / GFLOPs),0.485700000,0.484300000,51,9,5,2035,run_monash_time_unique1000,9,1,TIME__Coastal_T_S__H/seed_2035/run_monash_time_unique1000/visualizations/archive_latex.tex
711,0.360360360,0.485700000,\left(\sqrt{\mathrm{MParams}}\right) \cdot \left(\log\left(\frac{\left(\mathrm{Jacov}\right)^2}{\sqrt{\mathrm{GSynFlow}}}\right)\right),MParams Sqrt Jacov Square GSynFlow Sqrt Div Log Mul <EOS>,(sqrt(MParams) * log((square(Jacov) / sqrt(GSynFlow)))),0.485700000,0.542000000,62,9,5,2070,run_monash_time_unique1000,10,1,TIME__Coastal_T_S__H/seed_2070/run_monash_time_unique1000/visualizations/archive_latex.tex
712,0.359459459,0.484900000,\frac{\mathrm{L2Norm}}{\mathrm{ZiCo}} - \left(\log\left(\sqrt{\mathrm{GSynFlow}}\right)\right) \cdot \left(\mathrm{GradNorm}\right),L2-Norm ZiCo Div GSynFlow Sqrt Log Grad_Norm Mul Sub <EOS>,((L2-Norm / ZiCo) - (log(sqrt(GSynFlow)) * Grad_Norm)),0.484900000,0.468300000,20,9,5,2117,run_monash_time_unique1000,1,1,TIME__Coastal_T_S__H/seed_2117/run_monash_time_unique1000/visualizations/archive_latex.tex
713,0.358558559,0.484900000,\frac{\mathrm{L2Norm}}{\mathrm{ZiCo}} - \mathrm{L2Norm} - \log\left(\left(\mathrm{GSynFlow}\right)^2\right),L2-Norm ZiCo Div L2-Norm Sub GSynFlow Square Log Sub <EOS>,(((L2-Norm / ZiCo) - L2-Norm) - log(square(GSynFlow))),0.484900000,0.435800000,106,9,4,2077,run_monash_time_unique1000,4,2,TIME__Coastal_T_S__H/seed_2077/run_monash_time_unique1000/visualizations/archive_latex.tex
714,0.357657658,0.484600000,\left(\mathrm{MParams}\right)^2 - \sqrt{\frac{\mathrm{GSynFlow}}{\mathrm{Snip}}} - \mathrm{ZiCo},MParams Square GSynFlow Snip Div Sqrt Sub ZiCo Sub <EOS>,((square(MParams) - sqrt((GSynFlow / Snip))) - ZiCo),0.484600000,0.438400000,30,9,5,2035,run_monash_time_unique1000,10,1,TIME__Coastal_T_S__H/seed_2035/run_monash_time_unique1000/visualizations/archive_latex.tex
715,0.356756757,0.484500000,\log\left(\sqrt{\mathrm{Fisher}}\right) - \sqrt{\log\left(\mathrm{plain}\right)},Fisher Sqrt Log plain Log Sqrt Sub <EOS>,(log(sqrt(Fisher)) - sqrt(log(plain))),0.484500000,0.361400000,106,7,4,2155,run_monash_time_unique1000,4,1,TIME__Coastal_T_S__H/seed_2155/run_monash_time_unique1000/visualizations/archive_latex.tex
716,0.355855856,0.484400000,\mathrm{L2Norm} - \left(\log\left(\mathrm{GSynFlow}\right) + \sqrt{\mathrm{L2Norm}}\right) \cdot \left(\mathrm{plain}\right),L2-Norm GSynFlow Log L2-Norm Sqrt Add plain Mul Sub <EOS>,(L2-Norm - ((log(GSynFlow) + sqrt(L2-Norm)) * plain)),0.484400000,0.471300000,39,9,5,2180,run_monash_time_unique1000,5,1,TIME__Coastal_T_S__H/seed_2180/run_monash_time_unique1000/visualizations/archive_latex.tex
717,0.354954955,0.484200000,\mathrm{L2Norm} - \mathrm{GFLOPs} - \log\left(\mathrm{MParams}\right) + \log\left(\mathrm{GSynFlow}\right),L2-Norm GFLOPs Sub MParams Log GSynFlow Log Add Sub <EOS>,((L2-Norm - GFLOPs) - (log(MParams) + log(GSynFlow))),0.484200000,0.442000000,23,9,4,2180,run_monash_time_unique1000,6,1,TIME__Coastal_T_S__H/seed_2180/run_monash_time_unique1000/visualizations/archive_latex.tex
718,0.354054054,0.483900000,\mathrm{L2Norm} - \log\left(\mathrm{GSynFlow}\right) + \mathrm{GFLOPs} + \mathrm{plain},L2-Norm GSynFlow Log GFLOPs plain Add Add Sub <EOS>,(L2-Norm - (log(GSynFlow) + (GFLOPs + plain))),0.483900000,0.424100000,172,8,4,2099,run_monash_time_unique1000,1,1,TIME__Coastal_T_S__H/seed_2099/run_monash_time_unique1000/visualizations/archive_latex.tex
719,0.353153153,0.483900000,-\mathrm{plain} - \log\left(\mathrm{GSynFlow}\right) + \mathrm{L2Norm} - \mathrm{GFLOPs},plain Negative GSynFlow Log Sub L2-Norm GFLOPs Sub Add <EOS>,((-(plain) - log(GSynFlow)) + (L2-Norm - GFLOPs)),0.483900000,0.424100000,146,9,4,2029,run_monash_time_unique1000,4,1,TIME__Coastal_T_S__H/seed_2029/run_monash_time_unique1000/visualizations/archive_latex.tex
720,0.352252252,0.483900000,\mathrm{L2Norm} - \mathrm{GFLOPs} - \log\left(\mathrm{GSynFlow}\right) - \mathrm{plain},L2-Norm GFLOPs Sub GSynFlow Log Sub plain Sub <EOS>,(((L2-Norm - GFLOPs) - log(GSynFlow)) - plain),0.483900000,0.424100000,85,8,4,2198,run_monash_time_unique1000,6,1,TIME__Coastal_T_S__H/seed_2198/run_monash_time_unique1000/visualizations/archive_latex.tex
721,0.351351351,0.483900000,\left(\left(\mathrm{GradNorm}\right) \cdot \left(\mathrm{MParams}\right) - \mathrm{plain}\right)^2 - \sqrt{\mathrm{GSynFlow}},Grad_Norm MParams Mul plain Sub Square GSynFlow Sqrt Sub <EOS>,(square(((Grad_Norm * MParams) - plain)) - sqrt(GSynFlow)),0.483900000,0.478200000,25,9,5,2064,run_monash_time_unique1000,7,1,TIME__Coastal_T_S__H/seed_2064/run_monash_time_unique1000/visualizations/archive_latex.tex
722,0.350450450,0.483900000,\mathrm{L2Norm} - \mathrm{plain} + \mathrm{GFLOPs} + \log\left(\mathrm{GSynFlow}\right),L2-Norm plain GFLOPs Add GSynFlow Log Add Sub <EOS>,(L2-Norm - ((plain + GFLOPs) + log(GSynFlow))),0.483900000,0.424100000,13,8,4,2170,run_monash_time_unique1000,7,1,TIME__Coastal_T_S__H/seed_2170/run_monash_time_unique1000/visualizations/archive_latex.tex
723,0.349549550,0.483900000,\mathrm{L2Norm} - \log\left(\mathrm{GSynFlow}\right) + \mathrm{GFLOPs} - \mathrm{plain},L2-Norm GSynFlow Log GFLOPs Add Sub plain Sub <EOS>,((L2-Norm - (log(GSynFlow) + GFLOPs)) - plain),0.483900000,0.424100000,182,8,5,2161,run_monash_time_unique1000,10,1,TIME__Coastal_T_S__H/seed_2161/run_monash_time_unique1000/visualizations/archive_latex.tex
724,0.348648649,0.483700000,\mathrm{MParams} - \sqrt{\frac{\mathrm{JacobFro} + \mathrm{GSynFlow}}{\mathrm{Jacov}}},MParams Jacob_fro GSynFlow Add Jacov Div Sqrt Sub <EOS>,(MParams - sqrt(((Jacob_fro + GSynFlow) / Jacov))),0.483700000,0.447300000,69,8,5,2043,run_monash_time_unique1000,4,1,TIME__Coastal_T_S__H/seed_2043/run_monash_time_unique1000/visualizations/archive_latex.tex
725,0.347747748,0.483700000,\frac{\left(\mathrm{MParams}\right)^2}{\sqrt{\left(\sqrt{\mathrm{GSynFlow}}\right) \cdot \left(\log\left(\mathrm{JacobFro}\right)\right)}},MParams Square GSynFlow Sqrt Jacob_fro Log Mul Sqrt Div <EOS>,(square(MParams) / sqrt((sqrt(GSynFlow) * log(Jacob_fro)))),0.483700000,0.497500000,28,9,5,2090,run_monash_time_unique1000,5,1,TIME__Coastal_T_S__H/seed_2090/run_monash_time_unique1000/visualizations/archive_latex.tex
726,0.346846847,0.483700000,\mathrm{MParams} - \frac{\sqrt{\mathrm{GSynFlow} + \mathrm{JacobFro}}}{\sqrt{\mathrm{Jacov}}},MParams GSynFlow Jacob_fro Add Sqrt Jacov Sqrt Div Sub <EOS>,(MParams - (sqrt((GSynFlow + Jacob_fro)) / sqrt(Jacov))),0.483700000,0.447300000,21,9,5,2106,run_monash_time_unique1000,5,1,TIME__Coastal_T_S__H/seed_2106/run_monash_time_unique1000/visualizations/archive_latex.tex
727,0.345945946,0.483700000,\mathrm{MParams} - \log\left(\left(\mathrm{L2Norm}\right)^2 + \mathrm{GSynFlow}\right),MParams L2-Norm Square GSynFlow Add Log Sub <EOS>,(MParams - log((square(L2-Norm) + GSynFlow))),0.483700000,0.429200000,127,7,5,2209,run_monash_time_unique1000,7,1,TIME__Coastal_T_S__H/seed_2209/run_monash_time_unique1000/visualizations/archive_latex.tex
728,0.345045045,0.483700000,\frac{\left(\mathrm{MParams}\right)^2}{\sqrt{\left(\log\left(\mathrm{JacobFro}\right)\right) \cdot \left(\sqrt{\mathrm{GSynFlow}}\right)}},MParams Square Jacob_fro Log GSynFlow Sqrt Mul Sqrt Div <EOS>,(square(MParams) / sqrt((log(Jacob_fro) * sqrt(GSynFlow)))),0.483700000,0.497500000,38,9,5,2191,run_monash_time_unique1000,8,1,TIME__Coastal_T_S__H/seed_2191/run_monash_time_unique1000/visualizations/archive_latex.tex
729,0.344144144,0.483700000,\left(\sqrt{\frac{\sqrt{\mathrm{MParams}}}{\sqrt{\mathrm{GSynFlow}}}}\right) \cdot \left(\left(\mathrm{MParams}\right)^2\right),MParams Sqrt GSynFlow Sqrt Div Sqrt MParams Square Mul <EOS>,(sqrt((sqrt(MParams) / sqrt(GSynFlow))) * square(MParams)),0.483700000,0.486300000,28,9,5,2087,run_monash_time_unique1000,9,2,TIME__Coastal_T_S__H/seed_2087/run_monash_time_unique1000/visualizations/archive_latex.tex
730,0.343243243,0.483500000,\frac{\frac{-\mathrm{MParams}}{\mathrm{ZiCo}}}{\mathrm{GSynFlow} + -\mathrm{JacobFro}},MParams Negative ZiCo Div GSynFlow Jacob_fro Negative Add Div <EOS>,((-(MParams) / ZiCo) / (GSynFlow + -(Jacob_fro))),0.483500000,0.451900000,68,9,4,2164,run_monash_time_unique1000,3,1,TIME__Coastal_T_S__H/seed_2164/run_monash_time_unique1000/visualizations/archive_latex.tex
731,0.342342342,0.483500000,\frac{\frac{\mathrm{MParams}}{\mathrm{ZiCo}}}{\mathrm{JacobFro} - \mathrm{GSynFlow}},MParams ZiCo Div Jacob_fro GSynFlow Sub Div <EOS>,((MParams / ZiCo) / (Jacob_fro - GSynFlow)),0.483500000,0.451900000,71,7,3,2045,run_monash_time_unique1000,6,2,TIME__Coastal_T_S__H/seed_2045/run_monash_time_unique1000/visualizations/archive_latex.tex
732,0.341441441,0.483500000,\frac{\mathrm{MParams}}{\left(\mathrm{ZiCo}\right) \cdot \left(\mathrm{JacobFro} - \mathrm{GSynFlow}\right)},MParams ZiCo Jacob_fro GSynFlow Sub Mul Div <EOS>,(MParams / (ZiCo * (Jacob_fro - GSynFlow))),0.483500000,0.451900000,100,7,4,2119,run_monash_time_unique1000,6,1,TIME__Coastal_T_S__H/seed_2119/run_monash_time_unique1000/visualizations/archive_latex.tex
733,0.340540541,0.483500000,\frac{\mathrm{MParams}}{\left(\mathrm{JacobFro} - \mathrm{GSynFlow}\right) \cdot \left(\mathrm{ZiCo}\right)},MParams Jacob_fro GSynFlow Sub ZiCo Mul Div <EOS>,(MParams / ((Jacob_fro - GSynFlow) * ZiCo)),0.483500000,0.451900000,105,7,4,2162,run_monash_time_unique1000,7,1,TIME__Coastal_T_S__H/seed_2162/run_monash_time_unique1000/visualizations/archive_latex.tex
734,0.339639640,0.483500000,\frac{\frac{\mathrm{MParams}}{\mathrm{JacobFro} - \mathrm{GSynFlow}}}{\mathrm{ZiCo}},MParams Jacob_fro GSynFlow Sub Div ZiCo Div <EOS>,((MParams / (Jacob_fro - GSynFlow)) / ZiCo),0.483500000,0.451900000,62,7,4,2209,run_monash_time_unique1000,8,1,TIME__Coastal_T_S__H/seed_2209/run_monash_time_unique1000/visualizations/archive_latex.tex
735,0.338738739,0.483400000,\frac{\left(\mathrm{MParams}\right)^2}{\sqrt{\left(\sqrt{\mathrm{GSynFlow}}\right) \cdot \left(\mathrm{ZiCo}\right)}},MParams Square GSynFlow Sqrt ZiCo Mul Sqrt Div <EOS>,(square(MParams) / sqrt((sqrt(GSynFlow) * ZiCo))),0.483400000,0.503700000,128,8,5,2118,run_monash_time_unique1000,5,2,TIME__Coastal_T_S__H/seed_2118/run_monash_time_unique1000/visualizations/archive_latex.tex
736,0.337837838,0.483400000,\frac{\left(\mathrm{MParams}\right)^2}{\sqrt{\left(\mathrm{ZiCo}\right) \cdot \left(\sqrt{\mathrm{GSynFlow}}\right)}},MParams Square ZiCo GSynFlow Sqrt Mul Sqrt Div <EOS>,(square(MParams) / sqrt((ZiCo * sqrt(GSynFlow)))),0.483400000,0.503700000,150,8,5,2170,run_monash_time_unique1000,8,2,TIME__Coastal_T_S__H/seed_2170/run_monash_time_unique1000/visualizations/archive_latex.tex
737,0.336936937,0.483300000,\frac{\mathrm{L2Norm} - \log\left(\frac{\mathrm{GSynFlow}}{\mathrm{GFLOPs}}\right)}{\mathrm{ZiCo}},L2-Norm GSynFlow GFLOPs Div Log Sub ZiCo Div <EOS>,((L2-Norm - log((GSynFlow / GFLOPs))) / ZiCo),0.483300000,0.388800000,192,8,5,2153,run_monash_time_unique1000,5,1,TIME__Coastal_T_S__H/seed_2153/run_monash_time_unique1000/visualizations/archive_latex.tex
738,0.336036036,0.483300000,\left(\sqrt{\frac{\left(\mathrm{GradNorm}\right)^2}{\sqrt{\mathrm{GSynFlow}}}}\right) \cdot \left(\left(\mathrm{MParams}\right)^2\right),Grad_Norm Square GSynFlow Sqrt Div Sqrt MParams Square Mul <EOS>,(sqrt((square(Grad_Norm) / sqrt(GSynFlow))) * square(MParams)),0.483300000,0.467700000,26,9,5,2087,run_monash_time_unique1000,10,2,TIME__Coastal_T_S__H/seed_2087/run_monash_time_unique1000/visualizations/archive_latex.tex
739,0.335135135,0.483200000,\left(\mathrm{MParams}\right)^2 - \frac{\sqrt{\mathrm{GSynFlow}}}{\left(\mathrm{GFLOPs}\right)^2},MParams Square GSynFlow Sqrt GFLOPs Square Div Sub <EOS>,(square(MParams) - (sqrt(GSynFlow) / square(GFLOPs))),0.483200000,0.455400000,47,8,4,2030,run_monash_time_unique1000,4,2,TIME__Coastal_T_S__H/seed_2030/run_monash_time_unique1000/visualizations/archive_latex.tex
740,0.334234234,0.483200000,\frac{\frac{\frac{\sqrt{\mathrm{MParams}}}{\mathrm{L2Norm}}}{\mathrm{ZiCo}}}{\sqrt{\mathrm{L2Norm}}},MParams Sqrt L2-Norm Div ZiCo Div L2-Norm Sqrt Div <EOS>,(((sqrt(MParams) / L2-Norm) / ZiCo) / sqrt(L2-Norm)),0.483200000,0.400600000,199,9,5,2178,run_monash_time_unique1000,4,1,TIME__Coastal_T_S__H/seed_2178/run_monash_time_unique1000/visualizations/archive_latex.tex
741,0.333333333,0.483200000,\left(\mathrm{MParams}\right)^2 - \frac{\sqrt{\mathrm{GSynFlow}}}{\left(-\mathrm{GFLOPs}\right)^2},MParams Square GSynFlow Sqrt GFLOPs Negative Square Div Sub <EOS>,(square(MParams) - (sqrt(GSynFlow) / square(-(GFLOPs)))),0.483200000,0.455400000,185,9,5,2106,run_monash_time_unique1000,6,1,TIME__Coastal_T_S__H/seed_2106/run_monash_time_unique1000/visualizations/archive_latex.tex
742,0.332432432,0.483200000,\left(\mathrm{MParams}\right) \cdot \left(\mathrm{MParams}\right) - \frac{\sqrt{\mathrm{GSynFlow}}}{\left(\mathrm{GFLOPs}\right)^2},MParams MParams Mul GSynFlow Sqrt GFLOPs Square Div Sub <EOS>,((MParams * MParams) - (sqrt(GSynFlow) / square(GFLOPs))),0.483200000,0.455400000,109,9,4,2156,run_monash_time_unique1000,9,1,TIME__Coastal_T_S__H/seed_2156/run_monash_time_unique1000/visualizations/archive_latex.tex
743,0.331531532,0.483100000,\frac{\mathrm{L2Norm} - \log\left(\left(\left(\mathrm{GSynFlow}\right)^2\right) \cdot \left(\mathrm{plain}\right)\right)}{\mathrm{ZiCo}},L2-Norm GSynFlow Square plain Mul Log Sub ZiCo Div <EOS>,((L2-Norm - log((square(GSynFlow) * plain))) / ZiCo),0.483100000,0.459800000,111,9,6,2130,run_monash_time_unique1000,7,1,TIME__Coastal_T_S__H/seed_2130/run_monash_time_unique1000/visualizations/archive_latex.tex
744,0.330630631,0.483000000,\mathrm{MParams} - \frac{\sqrt{\left(\mathrm{plain}\right) \cdot \left(\sqrt{\mathrm{GSynFlow}}\right)}}{\mathrm{MParams}},MParams plain GSynFlow Sqrt Mul Sqrt MParams Div Sub <EOS>,(MParams - (sqrt((plain * sqrt(GSynFlow))) / MParams)),0.483000000,0.482300000,96,9,6,2061,run_monash_time_unique1000,6,1,TIME__Coastal_T_S__H/seed_2061/run_monash_time_unique1000/visualizations/archive_latex.tex
745,0.329729730,0.482900000,\log\left(\mathrm{MParams}\right) - \frac{\log\left(\mathrm{GSynFlow}\right)}{\mathrm{GradNorm} + \mathrm{plain}},MParams Log GSynFlow Log Grad_Norm plain Add Div Sub <EOS>,(log(MParams) - (log(GSynFlow) / (Grad_Norm + plain))),0.482900000,0.445100000,48,9,4,2099,run_monash_time_unique1000,2,1,TIME__Coastal_T_S__H/seed_2099/run_monash_time_unique1000/visualizations/archive_latex.tex
746,0.328828829,0.482800000,\mathrm{MParams} - \log\left(\mathrm{GSynFlow} - \mathrm{Jacov} + \mathrm{JacobFro}\right),MParams GSynFlow Jacov Jacob_fro Add Sub Log Sub <EOS>,(MParams - log((GSynFlow - (Jacov + Jacob_fro)))),0.482800000,0.404300000,127,8,5,2043,run_monash_time_unique1000,5,1,TIME__Coastal_T_S__H/seed_2043/run_monash_time_unique1000/visualizations/archive_latex.tex
747,0.327927928,0.482700000,\mathrm{MParams} - \log\left(\left(\mathrm{L2Norm}\right)^2 + \mathrm{GSynFlow} + \mathrm{GradNorm}\right),MParams L2-Norm Square GSynFlow Grad_Norm Add Add Log Sub <EOS>,(MParams - log((square(L2-Norm) + (GSynFlow + Grad_Norm)))),0.482700000,0.435600000,128,9,5,2209,run_monash_time_unique1000,9,1,TIME__Coastal_T_S__H/seed_2209/run_monash_time_unique1000/visualizations/archive_latex.tex
748,0.327027027,0.482500000,\mathrm{L2Norm} - \log\left(\mathrm{GSynFlow}\right) + \mathrm{GFLOPs} + \log\left(\mathrm{Snip}\right),L2-Norm GSynFlow Log GFLOPs Add Snip Log Add Sub <EOS>,(L2-Norm - ((log(GSynFlow) + GFLOPs) + log(Snip))),0.482500000,0.437300000,32,9,5,2180,run_monash_time_unique1000,7,1,TIME__Coastal_T_S__H/seed_2180/run_monash_time_unique1000/visualizations/archive_latex.tex
749,0.326126126,0.482200000,\frac{\mathrm{L2Norm}}{\mathrm{ZiCo}} - \mathrm{GFLOPs} - \log\left(\left(\mathrm{GSynFlow}\right)^2\right),L2-Norm ZiCo Div GFLOPs Sub GSynFlow Square Log Sub <EOS>,(((L2-Norm / ZiCo) - GFLOPs) - log(square(GSynFlow))),0.482200000,0.397100000,140,9,4,2077,run_monash_time_unique1000,5,1,TIME__Coastal_T_S__H/seed_2077/run_monash_time_unique1000/visualizations/archive_latex.tex
750,0.325225225,0.482100000,\mathrm{MParams} - \frac{\sqrt{\mathrm{GSynFlow}}}{\left(\mathrm{MParams}\right) \cdot \left(\left(\mathrm{GFLOPs}\right)^2\right)},MParams GSynFlow Sqrt MParams GFLOPs Square Mul Div Sub <EOS>,(MParams - (sqrt(GSynFlow) / (MParams * square(GFLOPs)))),0.482100000,0.482100000,67,9,5,2216,run_monash_time_unique1000,2,1,TIME__Coastal_T_S__H/seed_2216/run_monash_time_unique1000/visualizations/archive_latex.tex
751,0.324324324,0.482100000,\mathrm{MParams} - \frac{\sqrt{\mathrm{GSynFlow}}}{\left(\left(\mathrm{GFLOPs}\right)^2\right) \cdot \left(\mathrm{MParams}\right)},MParams GSynFlow Sqrt GFLOPs Square MParams Mul Div Sub <EOS>,(MParams - (sqrt(GSynFlow) / (square(GFLOPs) * MParams))),0.482100000,0.482100000,112,9,5,2106,run_monash_time_unique1000,7,1,TIME__Coastal_T_S__H/seed_2106/run_monash_time_unique1000/visualizations/archive_latex.tex
752,0.323423423,0.482000000,\frac{\left(\mathrm{MParams}\right)^2}{\sqrt{\left(\sqrt{\mathrm{GSynFlow}}\right) \cdot \left(\sqrt{\mathrm{ZiCo}}\right)}},MParams Square GSynFlow Sqrt ZiCo Sqrt Mul Sqrt Div <EOS>,(square(MParams) / sqrt((sqrt(GSynFlow) * sqrt(ZiCo)))),0.482000000,0.498600000,44,9,5,2090,run_monash_time_unique1000,7,1,TIME__Coastal_T_S__H/seed_2090/run_monash_time_unique1000/visualizations/archive_latex.tex
753,0.322522523,0.482000000,\frac{\left(\mathrm{MParams}\right)^2}{\sqrt{\left(\sqrt{\mathrm{ZiCo}}\right) \cdot \left(\sqrt{\mathrm{GSynFlow}}\right)}},MParams Square ZiCo Sqrt GSynFlow Sqrt Mul Sqrt Div <EOS>,(square(MParams) / sqrt((sqrt(ZiCo) * sqrt(GSynFlow)))),0.482000000,0.498600000,45,9,5,2191,run_monash_time_unique1000,10,1,TIME__Coastal_T_S__H/seed_2191/run_monash_time_unique1000/visualizations/archive_latex.tex
754,0.321621622,0.481800000,\frac{\left(\frac{\mathrm{L2Norm}}{\mathrm{ZiCo}}\right)^2}{\mathrm{JacobFro} - \mathrm{GSynFlow}},L2-Norm ZiCo Div Square Jacob_fro GSynFlow Sub Div <EOS>,(square((L2-Norm / ZiCo)) / (Jacob_fro - GSynFlow)),0.481800000,0.417200000,46,8,4,2077,run_monash_time_unique1000,6,1,TIME__Coastal_T_S__H/seed_2077/run_monash_time_unique1000/visualizations/archive_latex.tex
755,0.320720721,0.481600000,\left(\left(\mathrm{MParams}\right) \cdot \left(\sqrt{\mathrm{Jacov}}\right)\right) \cdot \left(\mathrm{MParams}\right) - \sqrt{\mathrm{GSynFlow}},MParams Jacov Sqrt Mul MParams Mul GSynFlow Sqrt Sub <EOS>,(((MParams * sqrt(Jacov)) * MParams) - sqrt(GSynFlow)),0.481600000,0.434200000,124,9,5,2178,run_monash_time_unique1000,5,1,TIME__Coastal_T_S__H/seed_2178/run_monash_time_unique1000/visualizations/archive_latex.tex
756,0.319819820,0.481400000,\frac{\mathrm{MParams}}{-\mathrm{GSynFlow} + \frac{\mathrm{JacobFro}}{\log\left(\mathrm{ZiCo}\right)}},MParams GSynFlow Jacob_fro ZiCo Log Div Add Negative Div <EOS>,(MParams / -((GSynFlow + (Jacob_fro / log(ZiCo))))),0.481400000,0.451900000,16,9,6,2043,run_monash_time_unique1000,6,1,TIME__Coastal_T_S__H/seed_2043/run_monash_time_unique1000/visualizations/archive_latex.tex
757,0.318918919,0.481400000,\left(\mathrm{MParams}\right)^2 - \sqrt{\frac{\frac{\mathrm{GSynFlow}}{\mathrm{Jacov}}}{\mathrm{MParams}}},MParams Square GSynFlow Jacov Div MParams Div Sqrt Sub <EOS>,(square(MParams) - sqrt(((GSynFlow / Jacov) / MParams))),0.481400000,0.483200000,184,9,5,2178,run_monash_time_unique1000,6,1,TIME__Coastal_T_S__H/seed_2178/run_monash_time_unique1000/visualizations/archive_latex.tex
758,0.318018018,0.481100000,\frac{\mathrm{MParams}}{\left(\mathrm{ZiCo}\right)^2} - \frac{\sqrt{\mathrm{GSynFlow}}}{\mathrm{GFLOPs}},MParams ZiCo Square Div GSynFlow Sqrt GFLOPs Div Sub <EOS>,((MParams / square(ZiCo)) - (sqrt(GSynFlow) / GFLOPs)),0.481100000,0.487500000,153,9,4,2096,run_monash_time_unique1000,3,1,TIME__Coastal_T_S__H/seed_2096/run_monash_time_unique1000/visualizations/archive_latex.tex
759,0.317117117,0.481000000,\sqrt{\frac{\mathrm{MParams}}{\left(\mathrm{JacobFro} - \mathrm{GSynFlow}\right) \cdot \left(\log\left(\mathrm{plain}\right)\right)}},MParams Jacob_fro GSynFlow Sub plain Log Mul Div Sqrt <EOS>,sqrt((MParams / ((Jacob_fro - GSynFlow) * log(plain)))),0.481000000,0.404400000,102,9,5,2162,run_monash_time_unique1000,8,1,TIME__Coastal_T_S__H/seed_2162/run_monash_time_unique1000/visualizations/archive_latex.tex
760,0.316216216,0.480900000,\mathrm{L2Norm} - \log\left(\left(\frac{\sqrt{\mathrm{GSynFlow}}}{\mathrm{JacobFro}}\right) \cdot \left(\mathrm{GSynFlow}\right)\right),L2-Norm GSynFlow Sqrt Jacob_fro Div GSynFlow Mul Log Sub <EOS>,(L2-Norm - log(((sqrt(GSynFlow) / Jacob_fro) * GSynFlow))),0.480900000,0.448200000,158,9,6,2148,run_monash_time_unique1000,4,1,TIME__Coastal_T_S__H/seed_2148/run_monash_time_unique1000/visualizations/archive_latex.tex
761,0.315315315,0.480800000,\frac{\left(\log\left(\mathrm{GSynFlow}\right) - \mathrm{L2Norm}\right)^2}{\mathrm{ZiCo}},GSynFlow Log L2-Norm Sub Square ZiCo Div <EOS>,(square((log(GSynFlow) - L2-Norm)) / ZiCo),0.480800000,0.362500000,16,7,5,2206,run_monash_time_unique1000,7,1,TIME__Coastal_T_S__H/seed_2206/run_monash_time_unique1000/visualizations/archive_latex.tex
762,0.314414414,0.480600000,\frac{\left(\log\left(\mathrm{GSynFlow}\right) - \mathrm{L2Norm}\right)^2}{\mathrm{ZiCo}} - \mathrm{Snip},GSynFlow Log L2-Norm Sub Square ZiCo Div Snip Sub <EOS>,((square((log(GSynFlow) - L2-Norm)) / ZiCo) - Snip),0.480600000,0.363700000,77,9,6,2206,run_monash_time_unique1000,8,1,TIME__Coastal_T_S__H/seed_2206/run_monash_time_unique1000/visualizations/archive_latex.tex
763,0.313513514,0.480500000,\frac{\sqrt{\mathrm{L2Norm}}}{\mathrm{ZiCo}} - \frac{\mathrm{GSynFlow}}{\mathrm{JacobFro}},L2-Norm Sqrt ZiCo Div GSynFlow Jacob_fro Div Sub <EOS>,((sqrt(L2-Norm) / ZiCo) - (GSynFlow / Jacob_fro)),0.480500000,0.442400000,15,8,4,2186,run_monash_time_unique1000,1,1,TIME__Coastal_T_S__H/seed_2186/run_monash_time_unique1000/visualizations/archive_latex.tex
764,0.312612613,0.480400000,\frac{\frac{\sqrt{\mathrm{GSynFlow}} + \mathrm{JacobFro}}{\mathrm{Jacov}}}{\mathrm{GradNorm}},GSynFlow Sqrt Jacob_fro Add Jacov Div Grad_Norm Div <EOS>,(((sqrt(GSynFlow) + Jacob_fro) / Jacov) / Grad_Norm),0.480400000,0.419300000,36,8,5,2073,run_monash_time_unique1000,4,1,TIME__Coastal_T_S__H/seed_2073/run_monash_time_unique1000/visualizations/archive_latex.tex
765,0.311711712,0.480400000,\mathrm{MParams} - \sqrt{\frac{\sqrt{\mathrm{GSynFlow}}}{\left(\mathrm{GradNorm}\right)^2}},MParams GSynFlow Sqrt Grad_Norm Square Div Sqrt Sub <EOS>,(MParams - sqrt((sqrt(GSynFlow) / square(Grad_Norm)))),0.480400000,0.477700000,51,8,5,2197,run_monash_time_unique1000,6,3,TIME__Coastal_T_S__H/seed_2197/run_monash_time_unique1000/visualizations/archive_latex.tex
766,0.310810811,0.480400000,\mathrm{MParams} - \frac{\sqrt{\frac{\mathrm{GSynFlow}}{\sqrt{\mathrm{GSynFlow}}}}}{\mathrm{GradNorm}},MParams GSynFlow GSynFlow Sqrt Div Sqrt Grad_Norm Div Sub <EOS>,(MParams - (sqrt((GSynFlow / sqrt(GSynFlow))) / Grad_Norm)),0.480400000,0.477700000,151,9,6,2178,run_monash_time_unique1000,7,1,TIME__Coastal_T_S__H/seed_2178/run_monash_time_unique1000/visualizations/archive_latex.tex
767,0.309909910,0.480300000,\mathrm{MParams} - \sqrt{\frac{\sqrt{\mathrm{GSynFlow}}}{\left(\mathrm{GFLOPs}\right)^2}},MParams GSynFlow Sqrt GFLOPs Square Div Sqrt Sub <EOS>,(MParams - sqrt((sqrt(GSynFlow) / square(GFLOPs)))),0.480300000,0.494300000,164,8,5,2030,run_monash_time_unique1000,5,2,TIME__Coastal_T_S__H/seed_2030/run_monash_time_unique1000/visualizations/archive_latex.tex
768,0.309009009,0.480300000,\frac{\mathrm{Fisher} + \left(\mathrm{MParams}\right)^2}{\mathrm{JacobFro} - \mathrm{GSynFlow}},Fisher MParams Square Add Jacob_fro GSynFlow Sub Div <EOS>,((Fisher + square(MParams)) / (Jacob_fro - GSynFlow)),0.480300000,0.461500000,21,8,4,2045,run_monash_time_unique1000,7,1,TIME__Coastal_T_S__H/seed_2045/run_monash_time_unique1000/visualizations/archive_latex.tex
769,0.308108108,0.480200000,\frac{\mathrm{Fisher}}{\sqrt{\left(\log\left(\mathrm{plain}\right)\right) \cdot \left(\frac{\mathrm{plain}}{\mathrm{L2Norm}}\right)}},Fisher plain Log plain L2-Norm Div Mul Sqrt Div <EOS>,(Fisher / sqrt((log(plain) * (plain / L2-Norm)))),0.480200000,0.366200000,116,9,5,2162,run_monash_time_unique1000,9,1,TIME__Coastal_T_S__H/seed_2162/run_monash_time_unique1000/visualizations/archive_latex.tex
770,0.307207207,0.480000000,\left(\frac{\mathrm{MParams}}{\left(\log\left(\mathrm{plain}\right)\right) \cdot \left(\mathrm{GSynFlow} - \mathrm{JacobFro}\right)}\right)^2,MParams plain Log GSynFlow Jacob_fro Sub Mul Div Square <EOS>,square((MParams / (log(plain) * (GSynFlow - Jacob_fro)))),0.480000000,0.404400000,160,9,5,2119,run_monash_time_unique1000,7,1,TIME__Coastal_T_S__H/seed_2119/run_monash_time_unique1000/visualizations/archive_latex.tex
771,0.306306306,0.479900000,\frac{\mathrm{MParams}}{\sqrt{\mathrm{JacobFro} - \mathrm{GSynFlow}} + \log\left(\mathrm{GSynFlow}\right)},MParams Jacob_fro GSynFlow Sub Sqrt GSynFlow Log Add Div <EOS>,(MParams / (sqrt((Jacob_fro - GSynFlow)) + log(GSynFlow))),0.479900000,0.471900000,76,9,5,2218,run_monash_time_unique1000,6,1,TIME__Coastal_T_S__H/seed_2218/run_monash_time_unique1000/visualizations/archive_latex.tex
772,0.305405405,0.479800000,\left(\left(\mathrm{MParams}\right)^2\right) \cdot \left(\frac{\left(\mathrm{MParams}\right)^2}{\sqrt{\mathrm{GSynFlow}}}\right),MParams Square MParams Square GSynFlow Sqrt Div Mul <EOS>,(square(MParams) * (square(MParams) / sqrt(GSynFlow))),0.479800000,0.494200000,125,8,4,2092,run_monash_time_unique1000,1,2,TIME__Coastal_T_S__H/seed_2092/run_monash_time_unique1000/visualizations/archive_latex.tex
773,0.304504505,0.479800000,\frac{\left(\mathrm{MParams}\right)^2}{\sqrt{-\frac{\mathrm{GSynFlow}}{\sqrt{\mathrm{GSynFlow}}}}},MParams Square GSynFlow GSynFlow Sqrt Div Negative Sqrt Div <EOS>,(square(MParams) / sqrt(-((GSynFlow / sqrt(GSynFlow))))),0.479800000,0.494200000,191,9,6,2115,run_monash_time_unique1000,2,1,TIME__Coastal_T_S__H/seed_2115/run_monash_time_unique1000/visualizations/archive_latex.tex
774,0.303603604,0.479800000,\frac{\left(\left(\mathrm{MParams}\right) \cdot \left(\mathrm{MParams}\right)\right)^2}{\sqrt{\mathrm{GSynFlow}}},MParams MParams Mul Square GSynFlow Sqrt Div <EOS>,(square((MParams * MParams)) / sqrt(GSynFlow)),0.479800000,0.494200000,12,7,4,2187,run_monash_time_unique1000,3,6,TIME__Coastal_T_S__H/seed_2187/run_monash_time_unique1000/visualizations/archive_latex.tex
775,0.302702703,0.479800000,\frac{\frac{-\sqrt{\mathrm{GSynFlow}}}{\left(\mathrm{MParams}\right)^2}}{\left(\mathrm{MParams}\right)^2},GSynFlow Sqrt Negative MParams Square Div MParams Square Div <EOS>,((-(sqrt(GSynFlow)) / square(MParams)) / square(MParams)),0.479800000,0.494200000,75,9,5,2073,run_monash_time_unique1000,5,1,TIME__Coastal_T_S__H/seed_2073/run_monash_time_unique1000/visualizations/archive_latex.tex
776,0.301801802,0.479800000,\frac{\left(\mathrm{MParams}\right) \cdot \left(\left(\mathrm{MParams}\right)^2\right)}{\frac{\sqrt{\mathrm{GSynFlow}}}{\mathrm{MParams}}},MParams MParams Square Mul GSynFlow Sqrt MParams Div Div <EOS>,((MParams * square(MParams)) / (sqrt(GSynFlow) / MParams)),0.479800000,0.494200000,200,9,4,2030,run_monash_time_unique1000,6,1,TIME__Coastal_T_S__H/seed_2030/run_monash_time_unique1000/visualizations/archive_latex.tex
777,0.300900901,0.479800000,\frac{\mathrm{MParams}}{\sqrt{\frac{\sqrt{\mathrm{GSynFlow}}}{\left(\mathrm{MParams}\right) \cdot \left(\mathrm{MParams}\right)}}},MParams GSynFlow Sqrt MParams MParams Mul Div Sqrt Div <EOS>,(MParams / sqrt((sqrt(GSynFlow) / (MParams * MParams)))),0.479800000,0.494200000,123,9,5,2106,run_monash_time_unique1000,8,1,TIME__Coastal_T_S__H/seed_2106/run_monash_time_unique1000/visualizations/archive_latex.tex
778,0.300000000,0.479800000,\frac{\mathrm{MParams}}{\frac{\sqrt{\frac{\mathrm{GSynFlow}}{\sqrt{\mathrm{GSynFlow}}}}}{\mathrm{MParams}}},MParams GSynFlow GSynFlow Sqrt Div Sqrt MParams Div Div <EOS>,(MParams / (sqrt((GSynFlow / sqrt(GSynFlow))) / MParams)),0.479800000,0.494200000,169,9,6,2130,run_monash_time_unique1000,9,1,TIME__Coastal_T_S__H/seed_2130/run_monash_time_unique1000/visualizations/archive_latex.tex
779,0.299099099,0.479600000,\frac{\frac{\mathrm{JacobFro}}{\mathrm{L2Norm}}}{\frac{\mathrm{Jacov}}{\mathrm{ZiCo}}},Jacob_fro L2-Norm Div Jacov ZiCo Div Div <EOS>,((Jacob_fro / L2-Norm) / (Jacov / ZiCo)),0.479600000,0.352500000,95,7,3,2196,run_monash_time_unique1000,1,1,TIME__Coastal_T_S__H/seed_2196/run_monash_time_unique1000/visualizations/archive_latex.tex
780,0.298198198,0.479600000,\frac{\frac{\mathrm{GFLOPs}}{\left(\mathrm{plain}\right)^2}}{\mathrm{JacobFro} - \mathrm{GSynFlow}},GFLOPs plain Square Div Jacob_fro GSynFlow Sub Div <EOS>,((GFLOPs / square(plain)) / (Jacob_fro - GSynFlow)),0.479600000,0.361000000,109,8,4,2045,run_monash_time_unique1000,8,1,TIME__Coastal_T_S__H/seed_2045/run_monash_time_unique1000/visualizations/archive_latex.tex
781,0.297297297,0.479600000,\frac{\left(\frac{\mathrm{JacobFro}}{\mathrm{L2Norm}}\right) \cdot \left(\mathrm{ZiCo}\right)}{\mathrm{Jacov}},Jacob_fro L2-Norm Div ZiCo Mul Jacov Div <EOS>,(((Jacob_fro / L2-Norm) * ZiCo) / Jacov),0.479600000,0.352500000,54,7,4,2147,run_monash_time_unique1000,8,1,TIME__Coastal_T_S__H/seed_2147/run_monash_time_unique1000/visualizations/archive_latex.tex
782,0.296396396,0.479400000,\frac{\log\left(\mathrm{L2Norm}\right)}{\mathrm{MParams}} + \mathrm{L2Norm} - \log\left(\mathrm{GSynFlow}\right),L2-Norm Log MParams Div L2-Norm Add GSynFlow Log Sub <EOS>,(((log(L2-Norm) / MParams) + L2-Norm) - log(GSynFlow)),0.479400000,0.400000000,37,9,5,2126,run_monash_time_unique1000,4,1,TIME__Coastal_T_S__H/seed_2126/run_monash_time_unique1000/visualizations/archive_latex.tex
783,0.295495495,0.479300000,\frac{\left(\mathrm{JacobFro}\right) \cdot \left(\mathrm{ZiCo}\right)}{\mathrm{Jacov}},Jacob_fro ZiCo Mul Jacov Div <EOS>,((Jacob_fro * ZiCo) / Jacov),0.479300000,0.335400000,27,5,3,2154,run_monash_time_unique1000,1,1,TIME__Coastal_T_S__H/seed_2154/run_monash_time_unique1000/visualizations/archive_latex.tex
784,0.294594595,0.479300000,\frac{\mathrm{ZiCo}}{\frac{\mathrm{Jacov}}{\mathrm{JacobFro}}},ZiCo Jacov Jacob_fro Div Div <EOS>,(ZiCo / (Jacov / Jacob_fro)),0.479300000,0.335400000,69,5,3,2147,run_monash_time_unique1000,9,1,TIME__Coastal_T_S__H/seed_2147/run_monash_time_unique1000/visualizations/archive_latex.tex
785,0.293693694,0.479100000,\frac{\sqrt{\left(\mathrm{MParams}\right) \cdot \left(\mathrm{Jacov}\right)}}{\mathrm{JacobFro} - \mathrm{GSynFlow}},MParams Jacov Mul Sqrt Jacob_fro GSynFlow Sub Div <EOS>,(sqrt((MParams * Jacov)) / (Jacob_fro - GSynFlow)),0.479100000,0.438000000,60,8,4,2045,run_monash_time_unique1000,9,1,TIME__Coastal_T_S__H/seed_2045/run_monash_time_unique1000/visualizations/archive_latex.tex
786,0.292792793,0.479000000,\frac{\mathrm{L2Norm}}{\mathrm{ZiCo}} - \frac{\log\left(\left(\mathrm{GSynFlow}\right)^2\right)}{\mathrm{ZiCo}},L2-Norm ZiCo Div GSynFlow Square Log ZiCo Div Sub <EOS>,((L2-Norm / ZiCo) - (log(square(GSynFlow)) / ZiCo)),0.479000000,0.461400000,183,9,5,2216,run_monash_time_unique1000,3,1,TIME__Coastal_T_S__H/seed_2216/run_monash_time_unique1000/visualizations/archive_latex.tex
787,0.291891892,0.479000000,\frac{\mathrm{L2Norm} - \log\left(\left(\mathrm{GSynFlow}\right)^2\right)}{\mathrm{ZiCo}},L2-Norm GSynFlow Square Log Sub ZiCo Div <EOS>,((L2-Norm - log(square(GSynFlow))) / ZiCo),0.479000000,0.461400000,159,7,5,2153,run_monash_time_unique1000,6,1,TIME__Coastal_T_S__H/seed_2153/run_monash_time_unique1000/visualizations/archive_latex.tex
788,0.290990991,0.478900000,\frac{\mathrm{JacobFro} - \mathrm{L2Norm}}{\frac{\mathrm{Jacov}}{\mathrm{ZiCo}}},Jacob_fro L2-Norm Sub Jacov ZiCo Div Div <EOS>,((Jacob_fro - L2-Norm) / (Jacov / ZiCo)),0.478900000,0.340800000,194,7,3,2199,run_monash_time_unique1000,2,1,TIME__Coastal_T_S__H/seed_2199/run_monash_time_unique1000/visualizations/archive_latex.tex
789,0.290090090,0.478800000,\mathrm{L2Norm} + \frac{\mathrm{MParams}}{\mathrm{GSynFlow}},L2-Norm MParams GSynFlow Div Add <EOS>,(L2-Norm + (MParams / GSynFlow)),0.478800000,0.308400000,6,5,3,2126,run_monash_time_unique1000,5,1,TIME__Coastal_T_S__H/seed_2126/run_monash_time_unique1000/visualizations/archive_latex.tex
790,0.289189189,0.478800000,\sqrt{\frac{\mathrm{GradNorm}}{\frac{\log\left(\mathrm{plain}\right)}{\mathrm{Fisher}}}},Grad_Norm plain Log Fisher Div Div Sqrt <EOS>,sqrt((Grad_Norm / (log(plain) / Fisher))),0.478800000,0.373600000,35,7,5,2155,run_monash_time_unique1000,5,1,TIME__Coastal_T_S__H/seed_2155/run_monash_time_unique1000/visualizations/archive_latex.tex
791,0.288288288,0.478800000,\left(\mathrm{MParams}\right)^2 - \sqrt{\frac{\mathrm{GSynFlow}}{\mathrm{Jacov}}},MParams Square GSynFlow Jacov Div Sqrt Sub <EOS>,(square(MParams) - sqrt((GSynFlow / Jacov))),0.478800000,0.421000000,105,7,4,2192,run_monash_time_unique1000,5,2,TIME__Coastal_T_S__H/seed_2192/run_monash_time_unique1000/visualizations/archive_latex.tex
792,0.287387387,0.478800000,\log\left(\frac{\mathrm{GradNorm}}{\frac{\log\left(\sqrt{\mathrm{plain}}\right)}{\mathrm{Fisher}}}\right),Grad_Norm plain Sqrt Log Fisher Div Div Log <EOS>,log((Grad_Norm / (log(sqrt(plain)) / Fisher))),0.478800000,0.373600000,72,8,6,2029,run_monash_time_unique1000,6,1,TIME__Coastal_T_S__H/seed_2029/run_monash_time_unique1000/visualizations/archive_latex.tex
793,0.286486486,0.478800000,\frac{\mathrm{GradNorm}}{\log\left(\mathrm{GSynFlow} - \left(\mathrm{JacobFro}\right) \cdot \left(\log\left(\mathrm{plain}\right)\right)\right)},Grad_Norm GSynFlow Jacob_fro plain Log Mul Sub Log Div <EOS>,(Grad_Norm / log((GSynFlow - (Jacob_fro * log(plain))))),0.478800000,0.419500000,82,9,6,2043,run_monash_time_unique1000,7,1,TIME__Coastal_T_S__H/seed_2043/run_monash_time_unique1000/visualizations/archive_latex.tex
794,0.285585586,0.478800000,\log\left(\frac{\mathrm{Fisher}}{\frac{\log\left(\mathrm{plain}\right)}{\mathrm{GradNorm}}}\right),Fisher plain Log Grad_Norm Div Div Log <EOS>,log((Fisher / (log(plain) / Grad_Norm))),0.478800000,0.373600000,53,7,5,2162,run_monash_time_unique1000,10,1,TIME__Coastal_T_S__H/seed_2162/run_monash_time_unique1000/visualizations/archive_latex.tex
795,0.284684685,0.478800000,\log\left(\left(\mathrm{GradNorm}\right) \cdot \left(\mathrm{Fisher}\right)\right) - \log\left(\log\left(\mathrm{plain}\right)\right),Grad_Norm Fisher Mul Log plain Log Log Sub <EOS>,(log((Grad_Norm * Fisher)) - log(log(plain))),0.478800000,0.373600000,128,8,4,2182,run_monash_time_unique1000,10,1,TIME__Coastal_T_S__H/seed_2182/run_monash_time_unique1000/visualizations/archive_latex.tex
796,0.283783784,0.478700000,\left(\frac{\mathrm{GradNorm}}{\frac{\log\left(\mathrm{plain}\right)}{\mathrm{GraSP}}}\right)^2,Grad_Norm plain Log GraSP Div Div Square <EOS>,square((Grad_Norm / (log(plain) / GraSP))),0.478700000,0.342500000,44,7,5,2198,run_monash_time_unique1000,8,1,TIME__Coastal_T_S__H/seed_2198/run_monash_time_unique1000/visualizations/archive_latex.tex
797,0.282882883,0.478600000,\frac{\mathrm{GradNorm} - \frac{\mathrm{GSynFlow}}{\left(\mathrm{L2Norm}\right)^2}}{\mathrm{plain}},Grad_Norm GSynFlow L2-Norm Square Div Sub plain Div <EOS>,((Grad_Norm - (GSynFlow / square(L2-Norm))) / plain),0.478600000,0.407200000,19,8,5,2154,run_monash_time_unique1000,2,1,TIME__Coastal_T_S__H/seed_2154/run_monash_time_unique1000/visualizations/archive_latex.tex
798,0.281981982,0.478600000,\mathrm{L2Norm} - \left(\log\left(\mathrm{GSynFlow}\right) + \log\left(\mathrm{Snip}\right)\right) \cdot \left(\mathrm{plain}\right),L2-Norm GSynFlow Log Snip Log Add plain Mul Sub <EOS>,(L2-Norm - ((log(GSynFlow) + log(Snip)) * plain)),0.478600000,0.479200000,22,9,5,2180,run_monash_time_unique1000,8,1,TIME__Coastal_T_S__H/seed_2180/run_monash_time_unique1000/visualizations/archive_latex.tex
799,0.281081081,0.478500000,\mathrm{MParams} - \left(\mathrm{GSynFlow}\right) \cdot \left(\left(\mathrm{plain}\right)^2 - \sqrt{\mathrm{MParams}}\right),MParams GSynFlow plain Square MParams Sqrt Sub Mul Sub <EOS>,(MParams - (GSynFlow * (square(plain) - sqrt(MParams)))),0.478500000,0.516400000,105,9,5,2030,run_monash_time_unique1000,7,1,TIME__Coastal_T_S__H/seed_2030/run_monash_time_unique1000/visualizations/archive_latex.tex
800,0.280180180,0.478400000,\mathrm{MParams} - \frac{\frac{\sqrt{\mathrm{GSynFlow}}}{\sqrt{\mathrm{Jacov}}}}{\mathrm{MParams}},MParams GSynFlow Sqrt Jacov Sqrt Div MParams Div Sub <EOS>,(MParams - ((sqrt(GSynFlow) / sqrt(Jacov)) / MParams)),0.478400000,0.435800000,104,9,5,2096,run_monash_time_unique1000,4,1,TIME__Coastal_T_S__H/seed_2096/run_monash_time_unique1000/visualizations/archive_latex.tex
801,0.279279279,0.478300000,\frac{\left(\mathrm{MParams}\right)^2}{\sqrt{\left(\sqrt{\mathrm{GSynFlow}}\right) \cdot \left(\sqrt{\mathrm{Fisher}}\right)}},MParams Square GSynFlow Sqrt Fisher Sqrt Mul Sqrt Div <EOS>,(square(MParams) / sqrt((sqrt(GSynFlow) * sqrt(Fisher)))),0.478300000,0.502400000,38,9,5,2090,run_monash_time_unique1000,10,1,TIME__Coastal_T_S__H/seed_2090/run_monash_time_unique1000/visualizations/archive_latex.tex
802,0.278378378,0.478200000,\left(\left(\mathrm{MParams}\right)^2\right) \cdot \left(\frac{\mathrm{MParams}}{\mathrm{Fisher}}\right) - \sqrt{\mathrm{GSynFlow}},MParams Square MParams Fisher Div Mul GSynFlow Sqrt Sub <EOS>,((square(MParams) * (MParams / Fisher)) - sqrt(GSynFlow)),0.478200000,0.402500000,10,9,4,2031,run_monash_time_unique1000,6,1,TIME__Coastal_T_S__H/seed_2031/run_monash_time_unique1000/visualizations/archive_latex.tex
803,0.277477477,0.478100000,\mathrm{L2Norm} - \mathrm{ZiCo} + \frac{\mathrm{MParams}}{\mathrm{GSynFlow}},L2-Norm ZiCo Sub MParams GSynFlow Div Add <EOS>,((L2-Norm - ZiCo) + (MParams / GSynFlow)),0.478100000,0.311200000,170,7,3,2124,run_monash_time_unique1000,5,1,TIME__Coastal_T_S__H/seed_2124/run_monash_time_unique1000/visualizations/archive_latex.tex
804,0.276576577,0.478100000,\mathrm{MParams} - \left(\left(\frac{\mathrm{plain}}{\mathrm{GFLOPs}}\right)^2\right) \cdot \left(\sqrt{\mathrm{GSynFlow}}\right),MParams plain GFLOPs Div Square GSynFlow Sqrt Mul Sub <EOS>,(MParams - (square((plain / GFLOPs)) * sqrt(GSynFlow))),0.478100000,0.512500000,94,9,5,2218,run_monash_time_unique1000,7,1,TIME__Coastal_T_S__H/seed_2218/run_monash_time_unique1000/visualizations/archive_latex.tex
805,0.275675676,0.477900000,\frac{\sqrt{\left(\mathrm{JacobFro}\right) \cdot \left(\mathrm{GSynFlow}\right)}}{\mathrm{Jacov}} + \left(\mathrm{MParams}\right)^2,Jacob_fro GSynFlow Mul Sqrt Jacov Div MParams Square Add <EOS>,((sqrt((Jacob_fro * GSynFlow)) / Jacov) + square(MParams)),0.477900000,0.451400000,144,9,5,2073,run_monash_time_unique1000,6,1,TIME__Coastal_T_S__H/seed_2073/run_monash_time_unique1000/visualizations/archive_latex.tex
806,0.274774775,0.477800000,\left(\frac{\mathrm{Fisher}}{\sqrt{\log\left(\mathrm{plain}\right)}}\right) \cdot \left(\sqrt{\mathrm{MParams}}\right),Fisher plain Log Sqrt Div MParams Sqrt Mul <EOS>,((Fisher / sqrt(log(plain))) * sqrt(MParams)),0.477800000,0.348000000,185,8,5,2223,run_monash_time_unique1000,2,1,TIME__Coastal_T_S__H/seed_2223/run_monash_time_unique1000/visualizations/archive_latex.tex
807,0.273873874,0.477800000,\mathrm{MParams} - \left(\frac{\mathrm{GFLOPs}}{\mathrm{L2Norm}}\right) \cdot \left(\log\left(\mathrm{GSynFlow}\right)\right),MParams GFLOPs L2-Norm Div GSynFlow Log Mul Sub <EOS>,(MParams - ((GFLOPs / L2-Norm) * log(GSynFlow))),0.477800000,0.390900000,190,8,4,2136,run_monash_time_unique1000,4,1,TIME__Coastal_T_S__H/seed_2136/run_monash_time_unique1000/visualizations/archive_latex.tex
808,0.272972973,0.477800000,\frac{\left(\mathrm{MParams}\right)^2}{\sqrt{\mathrm{GSynFlow}}} + \mathrm{MParams},MParams Square GSynFlow Sqrt Div MParams Add <EOS>,((square(MParams) / sqrt(GSynFlow)) + MParams),0.477800000,0.389000000,9,7,4,2044,run_monash_time_unique1000,5,1,TIME__Coastal_T_S__H/seed_2044/run_monash_time_unique1000/visualizations/archive_latex.tex
809,0.272072072,0.477800000,\frac{\frac{\sqrt{\mathrm{GSynFlow}} + \mathrm{GFLOPs}}{\mathrm{Jacov}}}{\left(\mathrm{MParams}\right)^2},GSynFlow Sqrt GFLOPs Add Jacov Div MParams Square Div <EOS>,(((sqrt(GSynFlow) + GFLOPs) / Jacov) / square(MParams)),0.477800000,0.488400000,85,9,5,2073,run_monash_time_unique1000,7,1,TIME__Coastal_T_S__H/seed_2073/run_monash_time_unique1000/visualizations/archive_latex.tex
810,0.271171171,0.477600000,\sqrt{\frac{\mathrm{L2Norm}}{\mathrm{ZiCo}} - \left(\mathrm{GFLOPs}\right)^2} - \mathrm{plain},L2-Norm ZiCo Div GFLOPs Square Sub Sqrt plain Sub <EOS>,(sqrt(((L2-Norm / ZiCo) - square(GFLOPs))) - plain),0.477600000,0.463700000,72,9,5,2186,run_monash_time_unique1000,2,1,TIME__Coastal_T_S__H/seed_2186/run_monash_time_unique1000/visualizations/archive_latex.tex
811,0.270270270,0.477600000,\frac{\frac{\mathrm{MParams}}{\mathrm{Snip}}}{\mathrm{JacobFro} - \mathrm{GSynFlow}},MParams Snip Div Jacob_fro GSynFlow Sub Div <EOS>,((MParams / Snip) / (Jacob_fro - GSynFlow)),0.477600000,0.380700000,74,7,3,2148,run_monash_time_unique1000,5,1,TIME__Coastal_T_S__H/seed_2148/run_monash_time_unique1000/visualizations/archive_latex.tex
812,0.269369369,0.477600000,\mathrm{L2Norm} - \left(\log\left(\left(\mathrm{GSynFlow}\right) \cdot \left(\log\left(\mathrm{plain}\right)\right)\right)\right) \cdot \left(\mathrm{plain}\right),L2-Norm GSynFlow plain Log Mul Log plain Mul Sub <EOS>,(L2-Norm - (log((GSynFlow * log(plain))) * plain)),0.477600000,0.476500000,50,9,6,2138,run_monash_time_unique1000,6,2,TIME__Coastal_T_S__H/seed_2138/run_monash_time_unique1000/visualizations/archive_latex.tex
813,0.268468468,0.477600000,\frac{\mathrm{MParams}}{\left(\mathrm{Snip}\right) \cdot \left(\mathrm{JacobFro} - \mathrm{GSynFlow}\right)},MParams Snip Jacob_fro GSynFlow Sub Mul Div <EOS>,(MParams / (Snip * (Jacob_fro - GSynFlow))),0.477600000,0.380700000,45,7,4,2119,run_monash_time_unique1000,8,1,TIME__Coastal_T_S__H/seed_2119/run_monash_time_unique1000/visualizations/archive_latex.tex
814,0.267567568,0.477600000,\frac{\frac{\mathrm{MParams}}{\mathrm{JacobFro} - \mathrm{GSynFlow}}}{\mathrm{Snip}},MParams Jacob_fro GSynFlow Sub Div Snip Div <EOS>,((MParams / (Jacob_fro - GSynFlow)) / Snip),0.477600000,0.380700000,56,7,4,2209,run_monash_time_unique1000,10,1,TIME__Coastal_T_S__H/seed_2209/run_monash_time_unique1000/visualizations/archive_latex.tex
815,0.266666667,0.477400000,\left(\left(\mathrm{MParams}\right) \cdot \left(\mathrm{MParams}\right)\right)^2 - \left(\sqrt{\mathrm{GSynFlow}}\right) \cdot \left(\mathrm{Fisher}\right),MParams MParams Mul Square GSynFlow Sqrt Fisher Mul Sub <EOS>,(square((MParams * MParams)) - (sqrt(GSynFlow) * Fisher)),0.477400000,0.469600000,162,9,4,2085,run_monash_time_unique1000,1,1,TIME__Coastal_T_S__H/seed_2085/run_monash_time_unique1000/visualizations/archive_latex.tex
816,0.265765766,0.477400000,\left(\left(\mathrm{MParams}\right) \cdot \left(\left(\frac{\mathrm{GradNorm}}{\mathrm{plain}}\right)^2\right)\right)^2 - \mathrm{GSynFlow},MParams Grad_Norm plain Div Square Mul Square GSynFlow Sub <EOS>,(square((MParams * square((Grad_Norm / plain)))) - GSynFlow),0.477400000,0.429300000,14,9,6,2212,run_monash_time_unique1000,3,1,TIME__Coastal_T_S__H/seed_2212/run_monash_time_unique1000/visualizations/archive_latex.tex
817,0.264864865,0.477300000,\mathrm{L2Norm} + \mathrm{MParams} - \mathrm{GFLOPs} - \log\left(\mathrm{GSynFlow}\right),L2-Norm MParams GFLOPs Sub Add GSynFlow Log Sub <EOS>,((L2-Norm + (MParams - GFLOPs)) - log(GSynFlow)),0.477300000,0.397300000,100,8,4,2188,run_monash_time_unique1000,4,1,TIME__Coastal_T_S__H/seed_2188/run_monash_time_unique1000/visualizations/archive_latex.tex
818,0.263963964,0.477300000,\frac{\left(\mathrm{MParams}\right)^2}{\sqrt{\left(\sqrt{\mathrm{GSynFlow}}\right) \cdot \left(\mathrm{Fisher}\right)}},MParams Square GSynFlow Sqrt Fisher Mul Sqrt Div <EOS>,(square(MParams) / sqrt((sqrt(GSynFlow) * Fisher))),0.477300000,0.498400000,176,8,5,2126,run_monash_time_unique1000,6,1,TIME__Coastal_T_S__H/seed_2126/run_monash_time_unique1000/visualizations/archive_latex.tex
819,0.263063063,0.477300000,\mathrm{MParams} + \mathrm{L2Norm} - \mathrm{GFLOPs} - \log\left(\mathrm{GSynFlow}\right),MParams L2-Norm GFLOPs Sub Add GSynFlow Log Sub <EOS>,((MParams + (L2-Norm - GFLOPs)) - log(GSynFlow)),0.477300000,0.397300000,165,8,4,2077,run_monash_time_unique1000,7,1,TIME__Coastal_T_S__H/seed_2077/run_monash_time_unique1000/visualizations/archive_latex.tex
820,0.262162162,0.477200000,\mathrm{MParams} - \left(\log\left(\mathrm{GSynFlow}\right)\right) \cdot \left(\frac{\mathrm{plain}}{\sqrt{\mathrm{GraSP}}}\right),MParams GSynFlow Log plain GraSP Sqrt Div Mul Sub <EOS>,(MParams - (log(GSynFlow) * (plain / sqrt(GraSP)))),0.477200000,0.374700000,23,9,5,2187,run_monash_time_unique1000,4,1,TIME__Coastal_T_S__H/seed_2187/run_monash_time_unique1000/visualizations/archive_latex.tex
821,0.261261261,0.477200000,\frac{\mathrm{L2Norm} - \log\left(\left(\frac{\mathrm{GSynFlow}}{\mathrm{Fisher}}\right)^2\right)}{\mathrm{ZiCo}},L2-Norm GSynFlow Fisher Div Square Log Sub ZiCo Div <EOS>,((L2-Norm - log(square((GSynFlow / Fisher)))) / ZiCo),0.477200000,0.449800000,160,9,6,2153,run_monash_time_unique1000,7,1,TIME__Coastal_T_S__H/seed_2153/run_monash_time_unique1000/visualizations/archive_latex.tex
822,0.260360360,0.477100000,\mathrm{L2Norm} - \log\left(\left(\frac{\mathrm{GSynFlow}}{\left(\mathrm{MParams}\right) \cdot \left(\mathrm{Snip}\right)}\right)^2\right),L2-Norm GSynFlow MParams Snip Mul Div Square Log Sub <EOS>,(L2-Norm - log(square((GSynFlow / (MParams * Snip))))),0.477100000,0.473500000,149,9,6,2041,run_monash_time_unique1000,4,1,TIME__Coastal_T_S__H/seed_2041/run_monash_time_unique1000/visualizations/archive_latex.tex
823,0.259459459,0.476800000,\frac{\left(\log\left(\mathrm{ZiCo}\right)\right) \cdot \left(\mathrm{Jacov}\right)}{\mathrm{ZiCo} + \mathrm{JacobFro}},ZiCo Log Jacov Mul ZiCo Jacob_fro Add Div <EOS>,((log(ZiCo) * Jacov) / (ZiCo + Jacob_fro)),0.476800000,0.334100000,39,8,4,2124,run_monash_time_unique1000,6,1,TIME__Coastal_T_S__H/seed_2124/run_monash_time_unique1000/visualizations/archive_latex.tex
824,0.258558559,0.476700000,\left(\left(\mathrm{MParams}\right)^2\right) \cdot \left(\mathrm{GFLOPs}\right) - \sqrt{\left(\mathrm{GSynFlow}\right) \cdot \left(\mathrm{ZiCo}\right)},MParams Square GFLOPs Mul GSynFlow ZiCo Mul Sqrt Sub <EOS>,((square(MParams) * GFLOPs) - sqrt((GSynFlow * ZiCo))),0.476700000,0.440400000,85,9,4,2136,run_monash_time_unique1000,5,1,TIME__Coastal_T_S__H/seed_2136/run_monash_time_unique1000/visualizations/archive_latex.tex
825,0.257657658,0.476700000,\mathrm{L2Norm} - \log\left(\left(\mathrm{GSynFlow}\right)^2\right) + \mathrm{MParams} + \mathrm{ZiCo},L2-Norm GSynFlow Square Log Sub MParams ZiCo Add Add <EOS>,((L2-Norm - log(square(GSynFlow))) + (MParams + ZiCo)),0.476700000,0.475400000,86,9,5,2226,run_monash_time_unique1000,5,1,TIME__Coastal_T_S__H/seed_2226/run_monash_time_unique1000/visualizations/archive_latex.tex
826,0.256756757,0.476700000,\left(\left(\mathrm{MParams}\right) \cdot \left(\mathrm{MParams}\right)\right)^2 - \sqrt{\left(\mathrm{GSynFlow}\right) \cdot \left(\mathrm{ZiCo}\right)},MParams MParams Mul Square GSynFlow ZiCo Mul Sqrt Sub <EOS>,(square((MParams * MParams)) - sqrt((GSynFlow * ZiCo))),0.476700000,0.417600000,169,9,4,2170,run_monash_time_unique1000,9,1,TIME__Coastal_T_S__H/seed_2170/run_monash_time_unique1000/visualizations/archive_latex.tex
827,0.255855856,0.476600000,\mathrm{L2Norm} + \sqrt{\mathrm{GradNorm}} - \mathrm{GFLOPs} - \log\left(\mathrm{GSynFlow}\right),L2-Norm Grad_Norm Sqrt GFLOPs Sub Add GSynFlow Log Sub <EOS>,((L2-Norm + (sqrt(Grad_Norm) - GFLOPs)) - log(GSynFlow)),0.476600000,0.404500000,100,9,5,2188,run_monash_time_unique1000,5,1,TIME__Coastal_T_S__H/seed_2188/run_monash_time_unique1000/visualizations/archive_latex.tex
828,0.254954955,0.476600000,\mathrm{MParams} - \left(\sqrt{\frac{\sqrt{\mathrm{GSynFlow}}}{\mathrm{GFLOPs}}}\right) \cdot \left(\mathrm{ZiCo}\right),MParams GSynFlow Sqrt GFLOPs Div Sqrt ZiCo Mul Sub <EOS>,(MParams - (sqrt((sqrt(GSynFlow) / GFLOPs)) * ZiCo)),0.476600000,0.483800000,182,9,6,2118,run_monash_time_unique1000,6,1,TIME__Coastal_T_S__H/seed_2118/run_monash_time_unique1000/visualizations/archive_latex.tex
829,0.254054054,0.476600000,\sqrt{\mathrm{GradNorm}} - \log\left(\mathrm{GSynFlow}\right) - \mathrm{L2Norm} - \mathrm{GFLOPs},Grad_Norm Sqrt GSynFlow Log L2-Norm Sub Sub GFLOPs Sub <EOS>,((sqrt(Grad_Norm) - (log(GSynFlow) - L2-Norm)) - GFLOPs),0.476600000,0.404500000,117,9,5,2178,run_monash_time_unique1000,9,1,TIME__Coastal_T_S__H/seed_2178/run_monash_time_unique1000/visualizations/archive_latex.tex
830,0.253153153,0.476500000,\mathrm{L2Norm} - \log\left(\mathrm{GSynFlow}\right) + \mathrm{MParams} - \log\left(\mathrm{GSynFlow}\right),L2-Norm GSynFlow Log Sub MParams Add GSynFlow Log Sub <EOS>,(((L2-Norm - log(GSynFlow)) + MParams) - log(GSynFlow)),0.476500000,0.476200000,146,9,5,2196,run_monash_time_unique1000,2,1,TIME__Coastal_T_S__H/seed_2196/run_monash_time_unique1000/visualizations/archive_latex.tex
831,0.252252252,0.476500000,\left(\mathrm{MParams}\right) \cdot \left(\frac{\left(\mathrm{MParams}\right)^2}{\sqrt{\frac{\mathrm{GSynFlow}}{\mathrm{Jacov}}}}\right),MParams MParams Square GSynFlow Jacov Div Sqrt Div Mul <EOS>,(MParams * (square(MParams) / sqrt((GSynFlow / Jacov)))),0.476500000,0.498400000,101,9,5,2165,run_monash_time_unique1000,4,1,TIME__Coastal_T_S__H/seed_2165/run_monash_time_unique1000/visualizations/archive_latex.tex
832,0.251351351,0.476500000,\mathrm{MParams} - \sqrt{\frac{-\sqrt{\mathrm{GSynFlow}}}{\sqrt{\mathrm{JacobFro}}}},MParams GSynFlow Sqrt Negative Jacob_fro Sqrt Div Sqrt Sub <EOS>,(MParams - sqrt((-(sqrt(GSynFlow)) / sqrt(Jacob_fro)))),0.476500000,0.481600000,105,9,6,2031,run_monash_time_unique1000,7,1,TIME__Coastal_T_S__H/seed_2031/run_monash_time_unique1000/visualizations/archive_latex.tex
833,0.250450450,0.476500000,\mathrm{L2Norm} + \mathrm{MParams} - \log\left(\left(\mathrm{GSynFlow}\right)^2\right),L2-Norm MParams Add GSynFlow Square Log Sub <EOS>,((L2-Norm + MParams) - log(square(GSynFlow))),0.476500000,0.476200000,41,7,4,2180,run_monash_time_unique1000,9,1,TIME__Coastal_T_S__H/seed_2180/run_monash_time_unique1000/visualizations/archive_latex.tex
834,0.249549550,0.476300000,\log\left(\mathrm{MParams}\right) - \frac{\log\left(\mathrm{GSynFlow}\right)}{\frac{\mathrm{L2Norm}}{\mathrm{GradNorm}}},MParams Log GSynFlow Log L2-Norm Grad_Norm Div Div Sub <EOS>,(log(MParams) - (log(GSynFlow) / (L2-Norm / Grad_Norm))),0.476300000,0.488700000,142,9,4,2117,run_monash_time_unique1000,2,1,TIME__Coastal_T_S__H/seed_2117/run_monash_time_unique1000/visualizations/archive_latex.tex
835,0.248648649,0.476300000,\frac{\left(\sqrt{\mathrm{Fisher}} + \mathrm{MParams}\right)^2}{\mathrm{JacobFro} - \mathrm{GSynFlow}},Fisher Sqrt MParams Add Square Jacob_fro GSynFlow Sub Div <EOS>,(square((sqrt(Fisher) + MParams)) / (Jacob_fro - GSynFlow)),0.476300000,0.452900000,24,9,5,2045,run_monash_time_unique1000,10,1,TIME__Coastal_T_S__H/seed_2045/run_monash_time_unique1000/visualizations/archive_latex.tex
836,0.247747748,0.476200000,\mathrm{MParams} - \frac{\sqrt{\mathrm{GSynFlow}}}{\left(-\mathrm{GFLOPs}\right)^2},MParams GSynFlow Sqrt GFLOPs Negative Square Div Sub <EOS>,(MParams - (sqrt(GSynFlow) / square(-(GFLOPs)))),0.476200000,0.461700000,164,8,5,2050,run_monash_time_unique1000,4,1,TIME__Coastal_T_S__H/seed_2050/run_monash_time_unique1000/visualizations/archive_latex.tex
837,0.246846847,0.476200000,\mathrm{MParams} - \frac{\sqrt{\mathrm{GSynFlow}}}{\left(\mathrm{GFLOPs}\right)^2},MParams GSynFlow Sqrt GFLOPs Square Div Sub <EOS>,(MParams - (sqrt(GSynFlow) / square(GFLOPs))),0.476200000,0.461700000,69,7,4,2216,run_monash_time_unique1000,4,11,TIME__Coastal_T_S__H/seed_2216/run_monash_time_unique1000/visualizations/archive_latex.tex
838,0.245945946,0.476200000,\sqrt{\left(\mathrm{MParams}\right)^2} - \frac{\sqrt{\mathrm{GSynFlow}}}{\left(\mathrm{GFLOPs}\right)^2},MParams Square Sqrt GSynFlow Sqrt GFLOPs Square Div Sub <EOS>,(sqrt(square(MParams)) - (sqrt(GSynFlow) / square(GFLOPs))),0.476200000,0.461700000,53,9,4,2044,run_monash_time_unique1000,6,2,TIME__Coastal_T_S__H/seed_2044/run_monash_time_unique1000/visualizations/archive_latex.tex
839,0.245045045,0.476200000,\mathrm{MParams} - \frac{\sqrt{\mathrm{GSynFlow}}}{\left(\mathrm{GFLOPs}\right) \cdot \left(\mathrm{GFLOPs}\right)},MParams GSynFlow Sqrt GFLOPs GFLOPs Mul Div Sub <EOS>,(MParams - (sqrt(GSynFlow) / (GFLOPs * GFLOPs))),0.476200000,0.461700000,113,8,4,2106,run_monash_time_unique1000,9,1,TIME__Coastal_T_S__H/seed_2106/run_monash_time_unique1000/visualizations/archive_latex.tex
840,0.244144144,0.476000000,\left(\mathrm{MParams}\right) \cdot \left(\mathrm{GradNorm}\right) - \log\left(\left(\log\left(\mathrm{MParams}\right)\right) \cdot \left(\mathrm{GSynFlow}\right)\right),MParams Grad_Norm Mul MParams Log GSynFlow Mul Log Sub <EOS>,((MParams * Grad_Norm) - log((log(MParams) * GSynFlow))),0.476000000,0.422300000,54,9,5,2050,run_monash_time_unique1000,5,1,TIME__Coastal_T_S__H/seed_2050/run_monash_time_unique1000/visualizations/archive_latex.tex
841,0.243243243,0.476000000,\left(\sqrt{\frac{\mathrm{GSynFlow} - \mathrm{JacobFro}}{\mathrm{Jacov}}}\right) \cdot \left(-\mathrm{ZiCo}\right),GSynFlow Jacob_fro Sub Jacov Div Sqrt ZiCo Negative Mul <EOS>,(sqrt(((GSynFlow - Jacob_fro) / Jacov)) * -(ZiCo)),0.476000000,0.437500000,160,9,5,2124,run_monash_time_unique1000,7,1,TIME__Coastal_T_S__H/seed_2124/run_monash_time_unique1000/visualizations/archive_latex.tex
842,0.242342342,0.475700000,\left(\log\left(\mathrm{Fisher}\right)\right) \cdot \left(\mathrm{plain} - \mathrm{MParams}\right) - \mathrm{MParams},Fisher Log plain MParams Sub Mul MParams Sub <EOS>,((log(Fisher) * (plain - MParams)) - MParams),0.475700000,0.421700000,199,8,4,2164,run_monash_time_unique1000,4,1,TIME__Coastal_T_S__H/seed_2164/run_monash_time_unique1000/visualizations/archive_latex.tex
843,0.241441441,0.475400000,\left(\left(\frac{\mathrm{GradNorm}}{\mathrm{Snip}}\right)^2\right) \cdot \left(\mathrm{MParams}\right),Grad_Norm Snip Div Square MParams Mul <EOS>,(square((Grad_Norm / Snip)) * MParams),0.475400000,0.329000000,41,6,4,2154,run_monash_time_unique1000,3,1,TIME__Coastal_T_S__H/seed_2154/run_monash_time_unique1000/visualizations/archive_latex.tex
844,0.240540541,0.475300000,\mathrm{MParams} - \left(\log\left(\left(\mathrm{GSynFlow}\right) \cdot \left(\mathrm{Snip}\right)\right)\right) \cdot \left(\log\left(\mathrm{plain}\right)\right),MParams GSynFlow Snip Mul Log plain Log Mul Sub <EOS>,(MParams - (log((GSynFlow * Snip)) * log(plain))),0.475300000,0.425200000,159,9,5,2226,run_monash_time_unique1000,7,1,TIME__Coastal_T_S__H/seed_2226/run_monash_time_unique1000/visualizations/archive_latex.tex
845,0.239639640,0.475100000,\mathrm{GFLOPs} - \log\left(\frac{\sqrt{\mathrm{GSynFlow}}}{\frac{\mathrm{MParams}}{\mathrm{plain}}}\right),GFLOPs GSynFlow Sqrt MParams plain Div Div Log Sub <EOS>,(GFLOPs - log((sqrt(GSynFlow) / (MParams / plain)))),0.475100000,0.464800000,19,9,5,2116,run_monash_time_unique1000,5,1,TIME__Coastal_T_S__H/seed_2116/run_monash_time_unique1000/visualizations/archive_latex.tex
846,0.238738739,0.475000000,\left(\mathrm{GradNorm}\right) \cdot \left(\mathrm{MParams} - \frac{\sqrt{\mathrm{GSynFlow}}}{\left(\mathrm{GFLOPs}\right)^2}\right),Grad_Norm MParams GSynFlow Sqrt GFLOPs Square Div Sub Mul <EOS>,(Grad_Norm * (MParams - (sqrt(GSynFlow) / square(GFLOPs)))),0.475000000,0.473300000,193,9,5,2218,run_monash_time_unique1000,9,1,TIME__Coastal_T_S__H/seed_2218/run_monash_time_unique1000/visualizations/archive_latex.tex
847,0.237837838,0.474900000,\left(\frac{\frac{\mathrm{MParams}}{\left(\mathrm{ZiCo}\right)^2}}{\mathrm{JacobFro} - \mathrm{GSynFlow}}\right)^2,MParams ZiCo Square Div Jacob_fro GSynFlow Sub Div Square <EOS>,square(((MParams / square(ZiCo)) / (Jacob_fro - GSynFlow))),0.474900000,0.467900000,24,9,5,2147,run_monash_time_unique1000,10,1,TIME__Coastal_T_S__H/seed_2147/run_monash_time_unique1000/visualizations/archive_latex.tex
848,0.236936937,0.474800000,\frac{\mathrm{L2Norm}}{\mathrm{ZiCo}} - \sqrt{\mathrm{JacobFro}} - \sqrt{\mathrm{GSynFlow}},L2-Norm ZiCo Div Jacob_fro Sqrt Sub GSynFlow Sqrt Sub <EOS>,(((L2-Norm / ZiCo) - sqrt(Jacob_fro)) - sqrt(GSynFlow)),0.474800000,0.463400000,54,9,4,2199,run_monash_time_unique1000,3,2,TIME__Coastal_T_S__H/seed_2199/run_monash_time_unique1000/visualizations/archive_latex.tex
849,0.236036036,0.474800000,\frac{\mathrm{L2Norm}}{\mathrm{ZiCo}} - \sqrt{\mathrm{GSynFlow}} + \sqrt{\mathrm{JacobFro}},L2-Norm ZiCo Div GSynFlow Sqrt Jacob_fro Sqrt Add Sub <EOS>,((L2-Norm / ZiCo) - (sqrt(GSynFlow) + sqrt(Jacob_fro))),0.474800000,0.463400000,10,9,4,2164,run_monash_time_unique1000,5,2,TIME__Coastal_T_S__H/seed_2164/run_monash_time_unique1000/visualizations/archive_latex.tex
850,0.235135135,0.474700000,\mathrm{L2Norm} - \log\left(\left(\mathrm{GSynFlow}\right)^2\right) - \left(\mathrm{plain}\right)^2,L2-Norm GSynFlow Square Log Sub plain Square Sub <EOS>,((L2-Norm - log(square(GSynFlow))) - square(plain)),0.474700000,0.462100000,140,8,5,2198,run_monash_time_unique1000,9,1,TIME__Coastal_T_S__H/seed_2198/run_monash_time_unique1000/visualizations/archive_latex.tex
851,0.234234234,0.474600000,\frac{\sqrt{\mathrm{plain} - \mathrm{GFLOPs}}}{\mathrm{JacobFro} - \mathrm{GSynFlow}},plain GFLOPs Sub Sqrt Jacob_fro GSynFlow Sub Div <EOS>,(sqrt((plain - GFLOPs)) / (Jacob_fro - GSynFlow)),0.474600000,0.393900000,69,8,4,2148,run_monash_time_unique1000,6,1,TIME__Coastal_T_S__H/seed_2148/run_monash_time_unique1000/visualizations/archive_latex.tex
852,0.233333333,0.474500000,\mathrm{MParams} + \log\left(\frac{\mathrm{Jacov}}{\mathrm{JacobFro} - \mathrm{GSynFlow}}\right),MParams Jacov Jacob_fro GSynFlow Sub Div Log Add <EOS>,(MParams + log((Jacov / (Jacob_fro - GSynFlow)))),0.474500000,0.452100000,122,8,5,2099,run_monash_time_unique1000,3,1,TIME__Coastal_T_S__H/seed_2099/run_monash_time_unique1000/visualizations/archive_latex.tex
853,0.232432432,0.474500000,\frac{\left(\mathrm{MParams} + \mathrm{GradNorm}\right)^2 - \sqrt{\mathrm{GSynFlow}}}{\mathrm{plain}},MParams Grad_Norm Add Square GSynFlow Sqrt Sub plain Div <EOS>,((square((MParams + Grad_Norm)) - sqrt(GSynFlow)) / plain),0.474500000,0.414400000,32,9,5,2064,run_monash_time_unique1000,9,1,TIME__Coastal_T_S__H/seed_2064/run_monash_time_unique1000/visualizations/archive_latex.tex
854,0.231531532,0.474100000,\frac{\frac{\sqrt{\mathrm{GSynFlow}}}{\mathrm{Jacov}} - \mathrm{ZiCo}}{\sqrt{\mathrm{MParams}}},GSynFlow Sqrt Jacov Div ZiCo Sub MParams Sqrt Div <EOS>,(((sqrt(GSynFlow) / Jacov) - ZiCo) / sqrt(MParams)),0.474100000,0.497100000,30,9,5,2073,run_monash_time_unique1000,8,1,TIME__Coastal_T_S__H/seed_2073/run_monash_time_unique1000/visualizations/archive_latex.tex
855,0.230630631,0.473900000,\mathrm{MParams} - \sqrt{\left(\mathrm{plain}\right) \cdot \left(\sqrt{\frac{\mathrm{GSynFlow}}{\mathrm{JacobFro}}}\right)},MParams plain GSynFlow Jacob_fro Div Sqrt Mul Sqrt Sub <EOS>,(MParams - sqrt((plain * sqrt((GSynFlow / Jacob_fro))))),0.473900000,0.484500000,43,9,6,2115,run_monash_time_unique1000,3,1,TIME__Coastal_T_S__H/seed_2115/run_monash_time_unique1000/visualizations/archive_latex.tex
856,0.229729730,0.473800000,\frac{\mathrm{GFLOPs}}{\left(\mathrm{JacobFro} - \mathrm{GSynFlow}\right) \cdot \left(\mathrm{plain}\right)},GFLOPs Jacob_fro GSynFlow Sub plain Mul Div <EOS>,(GFLOPs / ((Jacob_fro - GSynFlow) * plain)),0.473800000,0.384400000,45,7,4,2199,run_monash_time_unique1000,4,1,TIME__Coastal_T_S__H/seed_2199/run_monash_time_unique1000/visualizations/archive_latex.tex
857,0.228828829,0.473800000,\frac{\mathrm{GFLOPs}}{\left(\mathrm{plain}\right) \cdot \left(\mathrm{JacobFro} - \mathrm{GSynFlow}\right)},GFLOPs plain Jacob_fro GSynFlow Sub Mul Div <EOS>,(GFLOPs / (plain * (Jacob_fro - GSynFlow))),0.473800000,0.384400000,196,7,4,2118,run_monash_time_unique1000,8,1,TIME__Coastal_T_S__H/seed_2118/run_monash_time_unique1000/visualizations/archive_latex.tex
858,0.227927928,0.473600000,\left(\left(\mathrm{MParams}\right) \cdot \left(\log\left(\mathrm{MParams}\right)\right)\right) \cdot \left(\left(\mathrm{L2Norm}\right)^2\right) - \mathrm{GSynFlow},MParams MParams Log Mul L2-Norm Square Mul GSynFlow Sub <EOS>,(((MParams * log(MParams)) * square(L2-Norm)) - GSynFlow),0.473600000,0.453200000,115,9,5,2207,run_monash_time_unique1000,4,1,TIME__Coastal_T_S__H/seed_2207/run_monash_time_unique1000/visualizations/archive_latex.tex
859,0.227027027,0.473500000,\frac{\mathrm{MParams}}{\mathrm{ZiCo}} - \log\left(\sqrt{\mathrm{plain} + \mathrm{GSynFlow}}\right),MParams ZiCo Div plain GSynFlow Add Sqrt Log Sub <EOS>,((MParams / ZiCo) - log(sqrt((plain + GSynFlow)))),0.473500000,0.481800000,133,9,5,2166,run_monash_time_unique1000,7,1,TIME__Coastal_T_S__H/seed_2166/run_monash_time_unique1000/visualizations/archive_latex.tex
860,0.226126126,0.473400000,\mathrm{L2Norm} + \mathrm{Fisher} - \mathrm{GFLOPs} - \log\left(\mathrm{GSynFlow}\right),L2-Norm Fisher Add GFLOPs Sub GSynFlow Log Sub <EOS>,(((L2-Norm + Fisher) - GFLOPs) - log(GSynFlow)),0.473400000,0.418800000,87,8,4,2198,run_monash_time_unique1000,10,1,TIME__Coastal_T_S__H/seed_2198/run_monash_time_unique1000/visualizations/archive_latex.tex
861,0.225225225,0.473300000,\mathrm{MParams} - \frac{\left(\mathrm{Fisher}\right) \cdot \left(\sqrt{\mathrm{GSynFlow}}\right)}{\left(\mathrm{MParams}\right)^2},MParams Fisher GSynFlow Sqrt Mul MParams Square Div Sub <EOS>,(MParams - ((Fisher * sqrt(GSynFlow)) / square(MParams))),0.473300000,0.449800000,181,9,5,2053,run_monash_time_unique1000,2,2,TIME__Coastal_T_S__H/seed_2053/run_monash_time_unique1000/visualizations/archive_latex.tex
862,0.224324324,0.473300000,\mathrm{MParams} - \frac{\left(\sqrt{\mathrm{GSynFlow}}\right) \cdot \left(\mathrm{Fisher}\right)}{\left(\mathrm{MParams}\right)^2},MParams GSynFlow Sqrt Fisher Mul MParams Square Div Sub <EOS>,(MParams - ((sqrt(GSynFlow) * Fisher) / square(MParams))),0.473300000,0.449800000,71,9,5,2041,run_monash_time_unique1000,5,3,TIME__Coastal_T_S__H/seed_2041/run_monash_time_unique1000/visualizations/archive_latex.tex
863,0.223423423,0.473300000,\mathrm{MParams} - \left(\log\left(\sqrt{\mathrm{GSynFlow}}\right)\right) \cdot \left(\mathrm{Fisher}\right) - \mathrm{ZiCo},MParams GSynFlow Sqrt Log Fisher Mul Sub ZiCo Sub <EOS>,((MParams - (log(sqrt(GSynFlow)) * Fisher)) - ZiCo),0.473300000,0.498600000,135,9,6,2094,run_monash_time_unique1000,6,1,TIME__Coastal_T_S__H/seed_2094/run_monash_time_unique1000/visualizations/archive_latex.tex
864,0.222522523,0.473300000,\mathrm{MParams} - \left(\mathrm{Fisher}\right) \cdot \left(\frac{\sqrt{\mathrm{GSynFlow}}}{\left(\mathrm{MParams}\right)^2}\right),MParams Fisher GSynFlow Sqrt MParams Square Div Mul Sub <EOS>,(MParams - (Fisher * (sqrt(GSynFlow) / square(MParams)))),0.473300000,0.449800000,82,9,5,2164,run_monash_time_unique1000,6,1,TIME__Coastal_T_S__H/seed_2164/run_monash_time_unique1000/visualizations/archive_latex.tex
865,0.221621622,0.473300000,\mathrm{MParams} - \left(\sqrt{\mathrm{GSynFlow}}\right) \cdot \left(\frac{\mathrm{Fisher}}{\left(\mathrm{MParams}\right)^2}\right),MParams GSynFlow Sqrt Fisher MParams Square Div Mul Sub <EOS>,(MParams - (sqrt(GSynFlow) * (Fisher / square(MParams)))),0.473300000,0.449800000,50,9,5,2226,run_monash_time_unique1000,8,1,TIME__Coastal_T_S__H/seed_2226/run_monash_time_unique1000/visualizations/archive_latex.tex
866,0.220720721,0.473300000,\mathrm{MParams} - \frac{\sqrt{\mathrm{GSynFlow}}}{\frac{\left(\mathrm{MParams}\right)^2}{\mathrm{Fisher}}},MParams GSynFlow Sqrt MParams Square Fisher Div Div Sub <EOS>,(MParams - (sqrt(GSynFlow) / (square(MParams) / Fisher))),0.473300000,0.449800000,14,9,5,2106,run_monash_time_unique1000,10,1,TIME__Coastal_T_S__H/seed_2106/run_monash_time_unique1000/visualizations/archive_latex.tex
867,0.219819820,0.473100000,\mathrm{MParams} - \frac{\sqrt{\mathrm{GSynFlow}}}{\mathrm{MParams} + \left(\mathrm{GFLOPs}\right)^2},MParams GSynFlow Sqrt MParams GFLOPs Square Add Div Sub <EOS>,(MParams - (sqrt(GSynFlow) / (MParams + square(GFLOPs)))),0.473100000,0.466800000,85,9,5,2216,run_monash_time_unique1000,5,1,TIME__Coastal_T_S__H/seed_2216/run_monash_time_unique1000/visualizations/archive_latex.tex
868,0.218918919,0.473100000,\mathrm{MParams} - \frac{\sqrt{\mathrm{GSynFlow}}}{\left(\mathrm{GFLOPs}\right)^2 + \mathrm{MParams}},MParams GSynFlow Sqrt GFLOPs Square MParams Add Div Sub <EOS>,(MParams - (sqrt(GSynFlow) / (square(GFLOPs) + MParams))),0.473100000,0.466800000,194,9,5,2041,run_monash_time_unique1000,6,2,TIME__Coastal_T_S__H/seed_2041/run_monash_time_unique1000/visualizations/archive_latex.tex
869,0.218018018,0.473000000,\frac{\frac{\frac{\sqrt{\mathrm{GSynFlow}}}{\mathrm{Jacov}}}{\mathrm{GFLOPs}}}{\left(\mathrm{MParams}\right)^2},GSynFlow Sqrt Jacov Div GFLOPs Div MParams Square Div <EOS>,(((sqrt(GSynFlow) / Jacov) / GFLOPs) / square(MParams)),0.473000000,0.497700000,19,9,5,2073,run_monash_time_unique1000,9,1,TIME__Coastal_T_S__H/seed_2073/run_monash_time_unique1000/visualizations/archive_latex.tex
870,0.217117117,0.472900000,\frac{\mathrm{L2Norm}}{\mathrm{ZiCo}} - \left(\left(\log\left(\mathrm{ZiCo}\right)\right) \cdot \left(\mathrm{GFLOPs}\right)\right)^2,L2-Norm ZiCo Div ZiCo Log GFLOPs Mul Square Sub <EOS>,((L2-Norm / ZiCo) - square((log(ZiCo) * GFLOPs))),0.472900000,0.481500000,108,9,5,2099,run_monash_time_unique1000,4,1,TIME__Coastal_T_S__H/seed_2099/run_monash_time_unique1000/visualizations/archive_latex.tex
871,0.216216216,0.472900000,\left(\log\left(\mathrm{GSynFlow}\right) - \frac{\mathrm{Snip}}{\mathrm{plain}}\right)^2 - \mathrm{GSynFlow},GSynFlow Log Snip plain Div Sub Square GSynFlow Sub <EOS>,(square((log(GSynFlow) - (Snip / plain))) - GSynFlow),0.472900000,0.425400000,30,9,5,2126,run_monash_time_unique1000,8,1,TIME__Coastal_T_S__H/seed_2126/run_monash_time_unique1000/visualizations/archive_latex.tex
872,0.215315315,0.472700000,\mathrm{MParams} - \mathrm{plain} - \log\left(\sqrt{\mathrm{GSynFlow}}\right) + \mathrm{GFLOPs},MParams plain Sub GSynFlow Sqrt Log Sub GFLOPs Add <EOS>,(((MParams - plain) - log(sqrt(GSynFlow))) + GFLOPs),0.472700000,0.458100000,85,9,5,2154,run_monash_time_unique1000,4,1,TIME__Coastal_T_S__H/seed_2154/run_monash_time_unique1000/visualizations/archive_latex.tex
873,0.214414414,0.472500000,\frac{\mathrm{L2Norm}}{\mathrm{ZiCo}} - \sqrt{\mathrm{GSynFlow} + \mathrm{JacobFro}},L2-Norm ZiCo Div GSynFlow Jacob_fro Add Sqrt Sub <EOS>,((L2-Norm / ZiCo) - sqrt((GSynFlow + Jacob_fro))),0.472500000,0.468400000,15,8,4,2101,run_monash_time_unique1000,4,3,TIME__Coastal_T_S__H/seed_2101/run_monash_time_unique1000/visualizations/archive_latex.tex
874,0.213513514,0.472500000,\frac{\mathrm{L2Norm}}{\mathrm{ZiCo}} - \sqrt{\mathrm{JacobFro} + \mathrm{GSynFlow}},L2-Norm ZiCo Div Jacob_fro GSynFlow Add Sqrt Sub <EOS>,((L2-Norm / ZiCo) - sqrt((Jacob_fro + GSynFlow))),0.472500000,0.468400000,136,8,4,2165,run_monash_time_unique1000,6,3,TIME__Coastal_T_S__H/seed_2165/run_monash_time_unique1000/visualizations/archive_latex.tex
875,0.212612613,0.472400000,\mathrm{L2Norm} - \log\left(\left(\mathrm{ZiCo}\right) \cdot \left(\mathrm{GSynFlow}\right)\right) + \mathrm{GFLOPs},L2-Norm ZiCo GSynFlow Mul Log GFLOPs Add Sub <EOS>,(L2-Norm - (log((ZiCo * GSynFlow)) + GFLOPs)),0.472400000,0.427100000,114,8,5,2153,run_monash_time_unique1000,9,1,TIME__Coastal_T_S__H/seed_2153/run_monash_time_unique1000/visualizations/archive_latex.tex
876,0.211711712,0.472400000,\frac{\frac{\sqrt{\mathrm{GSynFlow}}}{\mathrm{Jacov}} - \left(\mathrm{ZiCo}\right)^2}{\mathrm{MParams}},GSynFlow Sqrt Jacov Div ZiCo Square Sub MParams Div <EOS>,(((sqrt(GSynFlow) / Jacov) - square(ZiCo)) / MParams),0.472400000,0.502100000,40,9,5,2073,run_monash_time_unique1000,10,1,TIME__Coastal_T_S__H/seed_2073/run_monash_time_unique1000/visualizations/archive_latex.tex
877,0.210810811,0.472200000,\mathrm{MParams} - \frac{\sqrt{\mathrm{GSynFlow}}}{\left(\left(\mathrm{MParams}\right)^2\right) \cdot \left(\mathrm{MParams}\right)},MParams GSynFlow Sqrt MParams Square MParams Mul Div Sub <EOS>,(MParams - (sqrt(GSynFlow) / (square(MParams) * MParams))),0.472200000,0.466300000,191,9,5,2136,run_monash_time_unique1000,6,1,TIME__Coastal_T_S__H/seed_2136/run_monash_time_unique1000/visualizations/archive_latex.tex
878,0.209909910,0.472200000,\frac{\left(\mathrm{MParams}\right)^2}{\sqrt{\frac{\sqrt{\mathrm{GSynFlow}}}{\mathrm{ZiCo}}}},MParams Square GSynFlow Sqrt ZiCo Div Sqrt Div <EOS>,(square(MParams) / sqrt((sqrt(GSynFlow) / ZiCo))),0.472200000,0.489900000,62,8,5,2164,run_monash_time_unique1000,7,1,TIME__Coastal_T_S__H/seed_2164/run_monash_time_unique1000/visualizations/archive_latex.tex
879,0.209009009,0.472200000,\mathrm{MParams} - \frac{\frac{\sqrt{\mathrm{GSynFlow}}}{\left(\mathrm{MParams}\right)^2}}{\mathrm{MParams}},MParams GSynFlow Sqrt MParams Square Div MParams Div Sub <EOS>,(MParams - ((sqrt(GSynFlow) / square(MParams)) / MParams)),0.472200000,0.466300000,112,9,5,2130,run_monash_time_unique1000,10,2,TIME__Coastal_T_S__H/seed_2130/run_monash_time_unique1000/visualizations/archive_latex.tex
880,0.208108108,0.472100000,\left(\left(\mathrm{MParams}\right)^2\right) \cdot \left(\mathrm{MParams}\right) - \left(\sqrt{\mathrm{GSynFlow}}\right) \cdot \left(\mathrm{Fisher}\right),MParams Square MParams Mul GSynFlow Sqrt Fisher Mul Sub <EOS>,((square(MParams) * MParams) - (sqrt(GSynFlow) * Fisher)),0.472100000,0.405500000,160,9,4,2069,run_monash_time_unique1000,4,1,TIME__Coastal_T_S__H/seed_2069/run_monash_time_unique1000/visualizations/archive_latex.tex
881,0.207207207,0.472100000,\left(\left(\mathrm{MParams}\right) \cdot \left(\mathrm{GradNorm}\right)\right)^2 - \sqrt{\left(\mathrm{GradNorm}\right) \cdot \left(\mathrm{GSynFlow}\right)},MParams Grad_Norm Mul Square Grad_Norm GSynFlow Mul Sqrt Sub <EOS>,(square((MParams * Grad_Norm)) - sqrt((Grad_Norm * GSynFlow))),0.472100000,0.435600000,99,9,4,2197,run_monash_time_unique1000,7,1,TIME__Coastal_T_S__H/seed_2197/run_monash_time_unique1000/visualizations/archive_latex.tex
882,0.206306306,0.472000000,\frac{\mathrm{L2Norm}}{\mathrm{ZiCo}} - \sqrt{\mathrm{GSynFlow}} - \log\left(\mathrm{GSynFlow}\right),L2-Norm ZiCo Div GSynFlow Sqrt Sub GSynFlow Log Sub <EOS>,(((L2-Norm / ZiCo) - sqrt(GSynFlow)) - log(GSynFlow)),0.472000000,0.479600000,33,9,4,2186,run_monash_time_unique1000,3,2,TIME__Coastal_T_S__H/seed_2186/run_monash_time_unique1000/visualizations/archive_latex.tex
883,0.205405405,0.472000000,\left(\mathrm{MParams}\right)^2 + \mathrm{MParams} - \frac{\sqrt{\mathrm{GSynFlow}}}{\mathrm{GFLOPs}},MParams Square MParams Add GSynFlow Sqrt GFLOPs Div Sub <EOS>,((square(MParams) + MParams) - (sqrt(GSynFlow) / GFLOPs)),0.472000000,0.444800000,187,9,4,2192,run_monash_time_unique1000,6,1,TIME__Coastal_T_S__H/seed_2192/run_monash_time_unique1000/visualizations/archive_latex.tex
884,0.204504505,0.472000000,\frac{\mathrm{L2Norm}}{\mathrm{ZiCo}} - \log\left(\left(\left(\mathrm{L2Norm}\right) \cdot \left(\mathrm{GSynFlow}\right)\right)^2\right),L2-Norm ZiCo Div L2-Norm GSynFlow Mul Square Log Sub <EOS>,((L2-Norm / ZiCo) - log(square((L2-Norm * GSynFlow)))),0.472000000,0.392600000,118,9,5,2165,run_monash_time_unique1000,7,1,TIME__Coastal_T_S__H/seed_2165/run_monash_time_unique1000/visualizations/archive_latex.tex
885,0.203603604,0.472000000,\left(\mathrm{MParams}\right)^2 - \frac{\sqrt{\mathrm{GSynFlow}}}{\mathrm{GFLOPs}} - \mathrm{MParams},MParams Square GSynFlow Sqrt GFLOPs Div MParams Sub Sub <EOS>,(square(MParams) - ((sqrt(GSynFlow) / GFLOPs) - MParams)),0.472000000,0.444800000,165,9,5,2061,run_monash_time_unique1000,8,1,TIME__Coastal_T_S__H/seed_2061/run_monash_time_unique1000/visualizations/archive_latex.tex
886,0.202702703,0.472000000,\frac{\mathrm{L2Norm}}{\mathrm{ZiCo}} - \sqrt{\mathrm{GSynFlow}} + \log\left(\mathrm{GSynFlow}\right),L2-Norm ZiCo Div GSynFlow Sqrt GSynFlow Log Add Sub <EOS>,((L2-Norm / ZiCo) - (sqrt(GSynFlow) + log(GSynFlow))),0.472000000,0.479600000,116,9,4,2165,run_monash_time_unique1000,8,1,TIME__Coastal_T_S__H/seed_2165/run_monash_time_unique1000/visualizations/archive_latex.tex
887,0.201801802,0.471900000,\frac{\mathrm{MParams}}{\left(\mathrm{ZiCo}\right)^2} - \frac{\sqrt{\mathrm{GSynFlow}}}{\mathrm{GradNorm}},MParams ZiCo Square Div GSynFlow Sqrt Grad_Norm Div Sub <EOS>,((MParams / square(ZiCo)) - (sqrt(GSynFlow) / Grad_Norm)),0.471900000,0.446400000,62,9,4,2196,run_monash_time_unique1000,3,1,TIME__Coastal_T_S__H/seed_2196/run_monash_time_unique1000/visualizations/archive_latex.tex
888,0.200900901,0.471700000,\frac{\frac{\sqrt{\mathrm{MParams}}}{\mathrm{plain}}}{\sqrt{\mathrm{GSynFlow} - \mathrm{JacobFro}}},MParams Sqrt plain Div GSynFlow Jacob_fro Sub Sqrt Div <EOS>,((sqrt(MParams) / plain) / sqrt((GSynFlow - Jacob_fro))),0.471700000,0.406800000,20,9,4,2043,run_monash_time_unique1000,8,1,TIME__Coastal_T_S__H/seed_2043/run_monash_time_unique1000/visualizations/archive_latex.tex
889,0.200000000,0.471500000,\frac{\mathrm{L2Norm} - \left(\sqrt{\mathrm{MParams}}\right) \cdot \left(\log\left(\mathrm{GSynFlow}\right)\right)}{\mathrm{ZiCo}},L2-Norm MParams Sqrt GSynFlow Log Mul Sub ZiCo Div <EOS>,((L2-Norm - (sqrt(MParams) * log(GSynFlow))) / ZiCo),0.471500000,0.476500000,55,9,5,2094,run_monash_time_unique1000,7,1,TIME__Coastal_T_S__H/seed_2094/run_monash_time_unique1000/visualizations/archive_latex.tex
890,0.199099099,0.471500000,\frac{\sqrt{\frac{\mathrm{MParams}}{\mathrm{Fisher}}}}{\mathrm{JacobFro} - \mathrm{GSynFlow}},MParams Fisher Div Sqrt Jacob_fro GSynFlow Sub Div <EOS>,(sqrt((MParams / Fisher)) / (Jacob_fro - GSynFlow)),0.471500000,0.352300000,45,8,4,2119,run_monash_time_unique1000,9,1,TIME__Coastal_T_S__H/seed_2119/run_monash_time_unique1000/visualizations/archive_latex.tex
891,0.198198198,0.471400000,\frac{\sqrt{\mathrm{L2Norm} - \log\left(\mathrm{GSynFlow}\right)}}{\mathrm{ZiCo}},L2-Norm GSynFlow Log Sub Sqrt ZiCo Div <EOS>,(sqrt((L2-Norm - log(GSynFlow))) / ZiCo),0.471400000,0.389300000,4,7,5,2138,run_monash_time_unique1000,8,1,TIME__Coastal_T_S__H/seed_2138/run_monash_time_unique1000/visualizations/archive_latex.tex
892,0.197297297,0.471300000,\mathrm{MParams} - \log\left(\mathrm{GSynFlow} - \left(\mathrm{JacobFro}\right) \cdot \left(\mathrm{ZiCo}\right)\right),MParams GSynFlow Jacob_fro ZiCo Mul Sub Log Sub <EOS>,(MParams - log((GSynFlow - (Jacob_fro * ZiCo)))),0.471300000,0.418000000,153,8,5,2043,run_monash_time_unique1000,9,1,TIME__Coastal_T_S__H/seed_2043/run_monash_time_unique1000/visualizations/archive_latex.tex
893,0.196396396,0.471300000,\mathrm{MParams} - \log\left(\left(\mathrm{ZiCo}\right) \cdot \left(\mathrm{JacobFro}\right) - \mathrm{GSynFlow}\right),MParams ZiCo Jacob_fro Mul GSynFlow Sub Log Sub <EOS>,(MParams - log(((ZiCo * Jacob_fro) - GSynFlow))),0.471300000,0.418000000,127,8,5,2119,run_monash_time_unique1000,10,1,TIME__Coastal_T_S__H/seed_2119/run_monash_time_unique1000/visualizations/archive_latex.tex
894,0.195495495,0.471000000,\frac{\left(\mathrm{GradNorm}\right) \cdot \left(\mathrm{Jacov}\right)}{\mathrm{GSynFlow} - \mathrm{JacobFro}},Grad_Norm Jacov Mul GSynFlow Jacob_fro Sub Div <EOS>,((Grad_Norm * Jacov) / (GSynFlow - Jacob_fro)),0.471000000,0.442700000,9,7,3,2101,run_monash_time_unique1000,5,1,TIME__Coastal_T_S__H/seed_2101/run_monash_time_unique1000/visualizations/archive_latex.tex
895,0.194594595,0.471000000,\frac{\left(\mathrm{Jacov}\right) \cdot \left(\mathrm{GradNorm}\right)}{\mathrm{GSynFlow} - \mathrm{JacobFro}},Jacov Grad_Norm Mul GSynFlow Jacob_fro Sub Div <EOS>,((Jacov * Grad_Norm) / (GSynFlow - Jacob_fro)),0.471000000,0.442700000,20,7,3,2136,run_monash_time_unique1000,7,1,TIME__Coastal_T_S__H/seed_2136/run_monash_time_unique1000/visualizations/archive_latex.tex
896,0.193693694,0.471000000,\mathrm{MParams} - \sqrt{\frac{\sqrt{\mathrm{GSynFlow}}}{\left(\mathrm{MParams}\right)^2}},MParams GSynFlow Sqrt MParams Square Div Sqrt Sub <EOS>,(MParams - sqrt((sqrt(GSynFlow) / square(MParams)))),0.471000000,0.456600000,175,8,5,2030,run_monash_time_unique1000,9,1,TIME__Coastal_T_S__H/seed_2030/run_monash_time_unique1000/visualizations/archive_latex.tex
897,0.192792793,0.471000000,\frac{\mathrm{GradNorm}}{\frac{\mathrm{GSynFlow} - \mathrm{JacobFro}}{\mathrm{Jacov}}},Grad_Norm GSynFlow Jacob_fro Sub Jacov Div Div <EOS>,(Grad_Norm / ((GSynFlow - Jacob_fro) / Jacov)),0.471000000,0.442700000,87,7,4,2206,run_monash_time_unique1000,10,1,TIME__Coastal_T_S__H/seed_2206/run_monash_time_unique1000/visualizations/archive_latex.tex
898,0.191891892,0.470900000,\left(\left(\log\left(\mathrm{GradNorm}\right)\right) \cdot \left(\frac{\mathrm{L2Norm}}{\mathrm{plain}}\right)\right)^2 - \mathrm{GSynFlow},Grad_Norm Log L2-Norm plain Div Mul Square GSynFlow Sub <EOS>,(square((log(Grad_Norm) * (L2-Norm / plain))) - GSynFlow),0.470900000,0.444300000,12,9,5,2212,run_monash_time_unique1000,4,1,TIME__Coastal_T_S__H/seed_2212/run_monash_time_unique1000/visualizations/archive_latex.tex
899,0.190990991,0.470800000,\frac{\mathrm{L2Norm}}{\mathrm{ZiCo}} - \log\left(\left(\mathrm{GSynFlow}\right)^2\right),L2-Norm ZiCo Div GSynFlow Square Log Sub <EOS>,((L2-Norm / ZiCo) - log(square(GSynFlow))),0.470800000,0.390100000,65,7,4,2100,run_monash_time_unique1000,3,4,TIME__Coastal_T_S__H/seed_2100/run_monash_time_unique1000/visualizations/archive_latex.tex
900,0.190090090,0.470800000,\frac{\mathrm{L2Norm}}{\mathrm{ZiCo}} - \log\left(\mathrm{GSynFlow}\right) + \log\left(\mathrm{GSynFlow}\right),L2-Norm ZiCo Div GSynFlow Log GSynFlow Log Add Sub <EOS>,((L2-Norm / ZiCo) - (log(GSynFlow) + log(GSynFlow))),0.470800000,0.390100000,25,9,4,2124,run_monash_time_unique1000,8,1,TIME__Coastal_T_S__H/seed_2124/run_monash_time_unique1000/visualizations/archive_latex.tex
901,0.189189189,0.470800000,\frac{\mathrm{L2Norm}}{\mathrm{ZiCo}} - \log\left(\left(\mathrm{GSynFlow}\right) \cdot \left(\mathrm{GSynFlow}\right)\right),L2-Norm ZiCo Div GSynFlow GSynFlow Mul Log Sub <EOS>,((L2-Norm / ZiCo) - log((GSynFlow * GSynFlow))),0.470800000,0.390100000,165,8,4,2219,run_monash_time_unique1000,8,1,TIME__Coastal_T_S__H/seed_2219/run_monash_time_unique1000/visualizations/archive_latex.tex
902,0.188288288,0.470600000,\frac{\left(\left(\mathrm{MParams}\right) \cdot \left(\mathrm{MParams}\right)\right)^2}{\frac{\sqrt{\mathrm{GSynFlow}}}{\mathrm{GradNorm}}},MParams MParams Mul Square GSynFlow Sqrt Grad_Norm Div Div <EOS>,(square((MParams * MParams)) / (sqrt(GSynFlow) / Grad_Norm)),0.470600000,0.481800000,146,9,4,2031,run_monash_time_unique1000,9,1,TIME__Coastal_T_S__H/seed_2031/run_monash_time_unique1000/visualizations/archive_latex.tex
903,0.187387387,0.470500000,\mathrm{L2Norm} + -\mathrm{ZiCo} - \mathrm{GFLOPs} - \log\left(\mathrm{GSynFlow}\right),L2-Norm ZiCo Negative Add GFLOPs Sub GSynFlow Log Sub <EOS>,(((L2-Norm + -(ZiCo)) - GFLOPs) - log(GSynFlow)),0.470500000,0.419400000,126,9,5,2199,run_monash_time_unique1000,5,1,TIME__Coastal_T_S__H/seed_2199/run_monash_time_unique1000/visualizations/archive_latex.tex
904,0.186486486,0.470500000,-\log\left(\mathrm{GSynFlow}\right) + \mathrm{ZiCo} + \mathrm{GFLOPs} - \mathrm{L2Norm},GSynFlow Log ZiCo GFLOPs Add L2-Norm Sub Add Negative <EOS>,-((log(GSynFlow) + ((ZiCo + GFLOPs) - L2-Norm))),0.470500000,0.419400000,69,9,5,2099,run_monash_time_unique1000,6,1,TIME__Coastal_T_S__H/seed_2099/run_monash_time_unique1000/visualizations/archive_latex.tex
905,0.185585586,0.470500000,\mathrm{L2Norm} - \log\left(\mathrm{GSynFlow}\right) - \mathrm{ZiCo} - \mathrm{GFLOPs},L2-Norm GSynFlow Log Sub ZiCo Sub GFLOPs Sub <EOS>,(((L2-Norm - log(GSynFlow)) - ZiCo) - GFLOPs),0.470500000,0.419400000,140,8,5,2188,run_monash_time_unique1000,6,1,TIME__Coastal_T_S__H/seed_2188/run_monash_time_unique1000/visualizations/archive_latex.tex
906,0.184684685,0.470500000,\mathrm{L2Norm} - \mathrm{GFLOPs} + \log\left(\mathrm{GSynFlow}\right) + \mathrm{ZiCo},L2-Norm GFLOPs GSynFlow Log Add ZiCo Add Sub <EOS>,(L2-Norm - ((GFLOPs + log(GSynFlow)) + ZiCo)),0.470500000,0.419400000,7,8,5,2170,run_monash_time_unique1000,10,1,TIME__Coastal_T_S__H/seed_2170/run_monash_time_unique1000/visualizations/archive_latex.tex
907,0.183783784,0.470200000,\frac{\left(\mathrm{MParams}\right)^2}{\left(\frac{\mathrm{plain}}{\mathrm{MParams}}\right) \cdot \left(\sqrt{\mathrm{GSynFlow}}\right)},MParams Square plain MParams Div GSynFlow Sqrt Mul Div <EOS>,(square(MParams) / ((plain / MParams) * sqrt(GSynFlow))),0.470200000,0.482400000,62,9,4,2207,run_monash_time_unique1000,5,1,TIME__Coastal_T_S__H/seed_2207/run_monash_time_unique1000/visualizations/archive_latex.tex
908,0.182882883,0.470200000,\frac{\mathrm{MParams}}{\sqrt{\left(\sqrt{\mathrm{GSynFlow}}\right) \cdot \left(\frac{\mathrm{plain}}{\mathrm{MParams}}\right)}},MParams GSynFlow Sqrt plain MParams Div Mul Sqrt Div <EOS>,(MParams / sqrt((sqrt(GSynFlow) * (plain / MParams)))),0.470200000,0.482400000,29,9,5,2226,run_monash_time_unique1000,9,1,TIME__Coastal_T_S__H/seed_2226/run_monash_time_unique1000/visualizations/archive_latex.tex
909,0.181981982,0.470200000,\frac{\mathrm{MParams}}{\left(\sqrt{\mathrm{GSynFlow}}\right) \cdot \left(\frac{\mathrm{plain}}{\left(\mathrm{MParams}\right)^2}\right)},MParams GSynFlow Sqrt plain MParams Square Div Mul Div <EOS>,(MParams / (sqrt(GSynFlow) * (plain / square(MParams)))),0.470200000,0.482400000,29,9,5,2030,run_monash_time_unique1000,10,1,TIME__Coastal_T_S__H/seed_2030/run_monash_time_unique1000/visualizations/archive_latex.tex
910,0.181081081,0.470000000,\mathrm{L2Norm} - \left(\mathrm{plain}\right) \cdot \left(\log\left(\mathrm{GSynFlow}\right) + \mathrm{plain}\right),L2-Norm plain GSynFlow Log plain Add Mul Sub <EOS>,(L2-Norm - (plain * (log(GSynFlow) + plain))),0.470000000,0.449600000,61,8,5,2219,run_monash_time_unique1000,9,1,TIME__Coastal_T_S__H/seed_2219/run_monash_time_unique1000/visualizations/archive_latex.tex
911,0.180180180,0.469900000,\left(\mathrm{MParams}\right)^2 - \frac{\sqrt{\mathrm{GSynFlow}}}{\mathrm{GFLOPs} + \mathrm{plain}},MParams Square GSynFlow Sqrt GFLOPs plain Add Div Sub <EOS>,(square(MParams) - (sqrt(GSynFlow) / (GFLOPs + plain))),0.469900000,0.436900000,192,9,4,2187,run_monash_time_unique1000,5,1,TIME__Coastal_T_S__H/seed_2187/run_monash_time_unique1000/visualizations/archive_latex.tex
912,0.179279279,0.469800000,\left(\mathrm{MParams}\right)^2 - \frac{\sqrt{\mathrm{GSynFlow}}}{\mathrm{GFLOPs} + \mathrm{MParams}},MParams Square GSynFlow Sqrt GFLOPs MParams Add Div Sub <EOS>,(square(MParams) - (sqrt(GSynFlow) / (GFLOPs + MParams))),0.469800000,0.439800000,191,9,4,2187,run_monash_time_unique1000,6,1,TIME__Coastal_T_S__H/seed_2187/run_monash_time_unique1000/visualizations/archive_latex.tex
913,0.178378378,0.469800000,\left(\left(\mathrm{MParams}\right) \cdot \left(\mathrm{MParams}\right)\right)^2 - \sqrt{\frac{\mathrm{GSynFlow}}{\mathrm{GradNorm}}},MParams MParams Mul Square GSynFlow Grad_Norm Div Sqrt Sub <EOS>,(square((MParams * MParams)) - sqrt((GSynFlow / Grad_Norm))),0.469800000,0.461400000,147,9,4,2031,run_monash_time_unique1000,10,1,TIME__Coastal_T_S__H/seed_2031/run_monash_time_unique1000/visualizations/archive_latex.tex
914,0.177477477,0.469700000,\frac{\frac{\mathrm{MParams}}{\sqrt{\mathrm{plain}}}}{\mathrm{JacobFro} - \mathrm{GSynFlow}},MParams plain Sqrt Div Jacob_fro GSynFlow Sub Div <EOS>,((MParams / sqrt(plain)) / (Jacob_fro - GSynFlow)),0.469700000,0.416500000,71,8,4,2148,run_monash_time_unique1000,7,1,TIME__Coastal_T_S__H/seed_2148/run_monash_time_unique1000/visualizations/archive_latex.tex
915,0.176576577,0.469700000,\frac{\left(\mathrm{MParams}\right)^2}{\sqrt{\frac{\sqrt{\mathrm{GSynFlow}}}{\mathrm{MParams}}}},MParams Square GSynFlow Sqrt MParams Div Sqrt Div <EOS>,(square(MParams) / sqrt((sqrt(GSynFlow) / MParams))),0.469700000,0.458300000,15,8,5,2044,run_monash_time_unique1000,8,2,TIME__Coastal_T_S__H/seed_2044/run_monash_time_unique1000/visualizations/archive_latex.tex
916,0.175675676,0.469700000,\frac{\mathrm{MParams}}{\left(\sqrt{\mathrm{plain}}\right) \cdot \left(\mathrm{JacobFro} - \mathrm{GSynFlow}\right)},MParams plain Sqrt Jacob_fro GSynFlow Sub Mul Div <EOS>,(MParams / (sqrt(plain) * (Jacob_fro - GSynFlow))),0.469700000,0.416500000,90,8,4,2165,run_monash_time_unique1000,9,1,TIME__Coastal_T_S__H/seed_2165/run_monash_time_unique1000/visualizations/archive_latex.tex
917,0.174774775,0.469500000,\frac{\mathrm{L2Norm}}{\mathrm{ZiCo}} - \left(\mathrm{GFLOPs} + \left(\mathrm{plain}\right)^2\right)^2,L2-Norm ZiCo Div GFLOPs plain Square Add Square Sub <EOS>,((L2-Norm / ZiCo) - square((GFLOPs + square(plain)))),0.469500000,0.399000000,138,9,5,2186,run_monash_time_unique1000,4,3,TIME__Coastal_T_S__H/seed_2186/run_monash_time_unique1000/visualizations/archive_latex.tex
918,0.173873874,0.469500000,\frac{\mathrm{L2Norm}}{\mathrm{ZiCo}} - \left(\left(\mathrm{plain}\right)^2 + \mathrm{GFLOPs}\right)^2,L2-Norm ZiCo Div plain Square GFLOPs Add Square Sub <EOS>,((L2-Norm / ZiCo) - square((square(plain) + GFLOPs))),0.469500000,0.399000000,164,9,5,2199,run_monash_time_unique1000,6,1,TIME__Coastal_T_S__H/seed_2199/run_monash_time_unique1000/visualizations/archive_latex.tex
919,0.172972973,0.469500000,\left(\frac{\mathrm{JacobFro}}{\mathrm{Jacov}} + \mathrm{ZiCo}\right) \cdot \left(\mathrm{ZiCo}\right),Jacob_fro Jacov Div ZiCo Add ZiCo Mul <EOS>,(((Jacob_fro / Jacov) + ZiCo) * ZiCo),0.469500000,0.332300000,124,7,4,2126,run_monash_time_unique1000,9,1,TIME__Coastal_T_S__H/seed_2126/run_monash_time_unique1000/visualizations/archive_latex.tex
920,0.172072072,0.469200000,\frac{\left(\mathrm{MParams}\right) \cdot \left(\log\left(\mathrm{Jacov}\right)\right)}{\mathrm{JacobFro} - \mathrm{GSynFlow}},MParams Jacov Log Mul Jacob_fro GSynFlow Sub Div <EOS>,((MParams * log(Jacov)) / (Jacob_fro - GSynFlow)),0.469200000,0.440600000,55,8,4,2148,run_monash_time_unique1000,8,1,TIME__Coastal_T_S__H/seed_2148/run_monash_time_unique1000/visualizations/archive_latex.tex
921,0.171171171,0.469100000,\mathrm{MParams} - \sqrt{\left(\frac{\mathrm{Fisher}}{\mathrm{GFLOPs}}\right) \cdot \left(\sqrt{\mathrm{GSynFlow}}\right)},MParams Fisher GFLOPs Div GSynFlow Sqrt Mul Sqrt Sub <EOS>,(MParams - sqrt(((Fisher / GFLOPs) * sqrt(GSynFlow)))),0.469100000,0.502500000,8,9,5,2061,run_monash_time_unique1000,9,1,TIME__Coastal_T_S__H/seed_2061/run_monash_time_unique1000/visualizations/archive_latex.tex
922,0.170270270,0.469000000,\frac{\mathrm{L2Norm}}{\mathrm{ZiCo}} - \log\left(\left(\left(\mathrm{GSynFlow}\right) \cdot \left(\mathrm{GradNorm}\right)\right)^2\right),L2-Norm ZiCo Div GSynFlow Grad_Norm Mul Square Log Sub <EOS>,((L2-Norm / ZiCo) - log(square((GSynFlow * Grad_Norm)))),0.469000000,0.391900000,28,9,5,2117,run_monash_time_unique1000,4,1,TIME__Coastal_T_S__H/seed_2117/run_monash_time_unique1000/visualizations/archive_latex.tex
923,0.169369369,0.468900000,\frac{\mathrm{MParams}}{\frac{\sqrt{\left(\mathrm{Snip}\right) \cdot \left(\sqrt{\mathrm{GSynFlow}}\right)}}{\mathrm{MParams}}},MParams Snip GSynFlow Sqrt Mul Sqrt MParams Div Div <EOS>,(MParams / (sqrt((Snip * sqrt(GSynFlow))) / MParams)),0.468900000,0.506100000,21,9,6,2187,run_monash_time_unique1000,7,1,TIME__Coastal_T_S__H/seed_2187/run_monash_time_unique1000/visualizations/archive_latex.tex
924,0.168468468,0.468900000,\frac{\left(\mathrm{MParams}\right)^2}{\sqrt{\left(\sqrt{\mathrm{GSynFlow}}\right) \cdot \left(\mathrm{Snip}\right)}},MParams Square GSynFlow Sqrt Snip Mul Sqrt Div <EOS>,(square(MParams) / sqrt((sqrt(GSynFlow) * Snip))),0.468900000,0.506100000,83,8,5,2118,run_monash_time_unique1000,9,1,TIME__Coastal_T_S__H/seed_2118/run_monash_time_unique1000/visualizations/archive_latex.tex
925,0.167567568,0.468900000,\frac{\left(\left(\mathrm{MParams}\right)^2\right) \cdot \left(\mathrm{MParams}\right)}{\mathrm{GSynFlow}} + \mathrm{MParams},MParams Square MParams Mul GSynFlow Div MParams Add <EOS>,(((square(MParams) * MParams) / GSynFlow) + MParams),0.468900000,0.375500000,176,8,5,2226,run_monash_time_unique1000,10,1,TIME__Coastal_T_S__H/seed_2226/run_monash_time_unique1000/visualizations/archive_latex.tex
926,0.166666667,0.468800000,\mathrm{MParams} - \sqrt{\frac{\sqrt{\mathrm{GSynFlow}}}{\mathrm{MParams}}} - \mathrm{MParams},MParams GSynFlow Sqrt MParams Div Sqrt MParams Sub Sub <EOS>,(MParams - (sqrt((sqrt(GSynFlow) / MParams)) - MParams)),0.468800000,0.450800000,15,9,6,2136,run_monash_time_unique1000,8,1,TIME__Coastal_T_S__H/seed_2136/run_monash_time_unique1000/visualizations/archive_latex.tex
927,0.165765766,0.468700000,\frac{\mathrm{MParams}}{\mathrm{JacobFro} - \frac{\mathrm{GSynFlow}}{\left(\mathrm{MParams}\right)^2}},MParams Jacob_fro GSynFlow MParams Square Div Sub Div <EOS>,(MParams / (Jacob_fro - (GSynFlow / square(MParams)))),0.468700000,0.410800000,79,8,5,2061,run_monash_time_unique1000,10,1,TIME__Coastal_T_S__H/seed_2061/run_monash_time_unique1000/visualizations/archive_latex.tex
928,0.164864865,0.468600000,-\mathrm{MParams} - \frac{\mathrm{GSynFlow}}{\mathrm{JacobFro}} - \left(\mathrm{MParams}\right)^2,MParams Negative GSynFlow Jacob_fro Div MParams Square Sub Sub <EOS>,(-(MParams) - ((GSynFlow / Jacob_fro) - square(MParams))),0.468600000,0.407700000,127,9,4,2092,run_monash_time_unique1000,2,1,TIME__Coastal_T_S__H/seed_2092/run_monash_time_unique1000/visualizations/archive_latex.tex
929,0.163963964,0.468600000,\left(\mathrm{MParams}\right)^2 - \mathrm{MParams} - \frac{\mathrm{GSynFlow}}{\mathrm{JacobFro}},MParams Square MParams Sub GSynFlow Jacob_fro Div Sub <EOS>,((square(MParams) - MParams) - (GSynFlow / Jacob_fro)),0.468600000,0.407700000,89,8,4,2136,run_monash_time_unique1000,9,2,TIME__Coastal_T_S__H/seed_2136/run_monash_time_unique1000/visualizations/archive_latex.tex
930,0.163063063,0.468500000,\mathrm{MParams} + \left(-\mathrm{Fisher}\right) \cdot \left(\log\left(\sqrt{\mathrm{GSynFlow}}\right)\right),MParams Fisher Negative GSynFlow Sqrt Log Mul Add <EOS>,(MParams + (-(Fisher) * log(sqrt(GSynFlow)))),0.468500000,0.490500000,155,8,5,2092,run_monash_time_unique1000,3,1,TIME__Coastal_T_S__H/seed_2092/run_monash_time_unique1000/visualizations/archive_latex.tex
931,0.162162162,0.468300000,\frac{\frac{\mathrm{L2Norm}}{\mathrm{ZiCo}} - \sqrt{\mathrm{GSynFlow}}}{\sqrt{\mathrm{ZiCo}}},L2-Norm ZiCo Div GSynFlow Sqrt Sub ZiCo Sqrt Div <EOS>,(((L2-Norm / ZiCo) - sqrt(GSynFlow)) / sqrt(ZiCo)),0.468300000,0.461600000,107,9,4,2126,run_monash_time_unique1000,10,1,TIME__Coastal_T_S__H/seed_2126/run_monash_time_unique1000/visualizations/archive_latex.tex
932,0.161261261,0.468200000,\mathrm{MParams} - \mathrm{ZiCo} + \log\left(\mathrm{JacobFro} - \mathrm{GSynFlow}\right),MParams ZiCo Jacob_fro GSynFlow Sub Log Add Sub <EOS>,(MParams - (ZiCo + log((Jacob_fro - GSynFlow)))),0.468200000,0.382200000,100,8,5,2197,run_monash_time_unique1000,8,1,TIME__Coastal_T_S__H/seed_2197/run_monash_time_unique1000/visualizations/archive_latex.tex
933,0.160360360,0.468200000,\frac{\mathrm{Snip}}{\left(\mathrm{plain}\right) \cdot \left(\mathrm{JacobFro} - \mathrm{GSynFlow}\right)},Snip plain Jacob_fro GSynFlow Sub Mul Div <EOS>,(Snip / (plain * (Jacob_fro - GSynFlow))),0.468200000,0.367400000,200,7,4,2118,run_monash_time_unique1000,10,1,TIME__Coastal_T_S__H/seed_2118/run_monash_time_unique1000/visualizations/archive_latex.tex
934,0.159459459,0.468100000,\mathrm{L2Norm} - \mathrm{GFLOPs} + \log\left(\mathrm{GSynFlow}\right),L2-Norm GFLOPs GSynFlow Log Add Sub <EOS>,(L2-Norm - (GFLOPs + log(GSynFlow))),0.468100000,0.418300000,17,6,4,2137,run_monash_time_unique1000,1,2,TIME__Coastal_T_S__H/seed_2137/run_monash_time_unique1000/visualizations/archive_latex.tex
935,0.158558559,0.468100000,\mathrm{L2Norm} - \log\left(\mathrm{GSynFlow}\right) - \mathrm{GFLOPs},L2-Norm GSynFlow Log Sub GFLOPs Sub <EOS>,((L2-Norm - log(GSynFlow)) - GFLOPs),0.468100000,0.418300000,145,6,4,2196,run_monash_time_unique1000,4,1,TIME__Coastal_T_S__H/seed_2196/run_monash_time_unique1000/visualizations/archive_latex.tex
936,0.157657658,0.468100000,\mathrm{L2Norm} - \log\left(\mathrm{GSynFlow}\right) + \mathrm{GFLOPs},L2-Norm GSynFlow Log GFLOPs Add Sub <EOS>,(L2-Norm - (log(GSynFlow) + GFLOPs)),0.468100000,0.418300000,172,6,4,2099,run_monash_time_unique1000,7,1,TIME__Coastal_T_S__H/seed_2099/run_monash_time_unique1000/visualizations/archive_latex.tex
937,0.156756757,0.468000000,\mathrm{MParams} - \log\left(\frac{\sqrt{\mathrm{GSynFlow}}}{\left(\mathrm{MParams}\right)^2}\right),MParams GSynFlow Sqrt MParams Square Div Log Sub <EOS>,(MParams - log((sqrt(GSynFlow) / square(MParams)))),0.468000000,0.460100000,163,8,5,2115,run_monash_time_unique1000,4,2,TIME__Coastal_T_S__H/seed_2115/run_monash_time_unique1000/visualizations/archive_latex.tex
938,0.155855856,0.468000000,\frac{\mathrm{L2Norm}}{\mathrm{ZiCo}} - \log\left(\left(\frac{\mathrm{GSynFlow}}{\mathrm{ZiCo}}\right)^2\right),L2-Norm ZiCo Div GSynFlow ZiCo Div Square Log Sub <EOS>,((L2-Norm / ZiCo) - log(square((GSynFlow / ZiCo)))),0.468000000,0.388000000,172,9,5,2099,run_monash_time_unique1000,8,1,TIME__Coastal_T_S__H/seed_2099/run_monash_time_unique1000/visualizations/archive_latex.tex
939,0.154954955,0.467800000,\mathrm{L2Norm} - \left(\frac{\mathrm{GraSP}}{\mathrm{Jacov}}\right) \cdot \left(\log\left(\mathrm{GSynFlow}\right)\right),L2-Norm GraSP Jacov Div GSynFlow Log Mul Sub <EOS>,(L2-Norm - ((GraSP / Jacov) * log(GSynFlow))),0.467800000,0.405500000,107,8,4,2166,run_monash_time_unique1000,8,1,TIME__Coastal_T_S__H/seed_2166/run_monash_time_unique1000/visualizations/archive_latex.tex
940,0.154054054,0.467700000,\frac{\mathrm{MParams}}{\left(\left(\mathrm{L2Norm}\right) \cdot \left(\mathrm{ZiCo}\right)\right)^2 + \mathrm{GSynFlow}},MParams L2-Norm ZiCo Mul Square GSynFlow Add Div <EOS>,(MParams / (square((L2-Norm * ZiCo)) + GSynFlow)),0.467700000,0.453900000,24,8,5,2196,run_monash_time_unique1000,5,1,TIME__Coastal_T_S__H/seed_2196/run_monash_time_unique1000/visualizations/archive_latex.tex
941,0.153153153,0.467700000,\frac{\mathrm{MParams}}{\mathrm{GSynFlow} + \left(\left(\mathrm{ZiCo}\right) \cdot \left(\mathrm{L2Norm}\right)\right)^2},MParams GSynFlow ZiCo L2-Norm Mul Square Add Div <EOS>,(MParams / (GSynFlow + square((ZiCo * L2-Norm)))),0.467700000,0.453900000,108,8,5,2116,run_monash_time_unique1000,6,1,TIME__Coastal_T_S__H/seed_2116/run_monash_time_unique1000/visualizations/archive_latex.tex
942,0.152252252,0.467600000,\left(\frac{\mathrm{GFLOPs}}{\mathrm{GFLOPs} + \mathrm{MParams}}\right) \cdot \left(-\mathrm{ZiCo}\right),GFLOPs GFLOPs MParams Add Div ZiCo Negative Mul <EOS>,((GFLOPs / (GFLOPs + MParams)) * -(ZiCo)),0.467600000,0.380300000,198,8,4,2124,run_monash_time_unique1000,9,1,TIME__Coastal_T_S__H/seed_2124/run_monash_time_unique1000/visualizations/archive_latex.tex
943,0.151351351,0.467400000,\mathrm{MParams} - \frac{\sqrt{\frac{\mathrm{GSynFlow}}{\mathrm{JacobFro}}}}{\left(\mathrm{MParams}\right)^2},MParams GSynFlow Jacob_fro Div Sqrt MParams Square Div Sub <EOS>,(MParams - (sqrt((GSynFlow / Jacob_fro)) / square(MParams))),0.467400000,0.462400000,12,9,5,2044,run_monash_time_unique1000,9,1,TIME__Coastal_T_S__H/seed_2044/run_monash_time_unique1000/visualizations/archive_latex.tex
944,0.150450450,0.467400000,\frac{\mathrm{GFLOPs}}{\log\left(\frac{\sqrt{\left(\mathrm{GraSP}\right) \cdot \left(\mathrm{GSynFlow}\right)}}{\mathrm{MParams}}\right)},GFLOPs GraSP GSynFlow Mul Sqrt MParams Div Log Div <EOS>,(GFLOPs / log((sqrt((GraSP * GSynFlow)) / MParams))),0.467400000,0.408600000,95,9,6,2166,run_monash_time_unique1000,9,1,TIME__Coastal_T_S__H/seed_2166/run_monash_time_unique1000/visualizations/archive_latex.tex
945,0.149549550,0.467300000,\left(\mathrm{GradNorm}\right) \cdot \left(\mathrm{MParams}\right) - \log\left(\mathrm{GSynFlow}\right) - \log\left(\mathrm{Jacov}\right),Grad_Norm MParams Mul GSynFlow Log Jacov Log Sub Sub <EOS>,((Grad_Norm * MParams) - (log(GSynFlow) - log(Jacov))),0.467300000,0.366900000,148,9,4,2096,run_monash_time_unique1000,5,1,TIME__Coastal_T_S__H/seed_2096/run_monash_time_unique1000/visualizations/archive_latex.tex
946,0.148648649,0.467300000,\mathrm{L2Norm} - \mathrm{GFLOPs} - \log\left(\mathrm{GSynFlow}\right) - \mathrm{ZiCo},L2-Norm GFLOPs Sub GSynFlow Log ZiCo Sub Sub <EOS>,((L2-Norm - GFLOPs) - (log(GSynFlow) - ZiCo)),0.467300000,0.417900000,70,8,4,2212,run_monash_time_unique1000,5,1,TIME__Coastal_T_S__H/seed_2212/run_monash_time_unique1000/visualizations/archive_latex.tex
947,0.147747748,0.467300000,\mathrm{L2Norm} - \log\left(\mathrm{GSynFlow}\right) - \mathrm{GFLOPs} - \left(\mathrm{ZiCo}\right)^2,L2-Norm GSynFlow Log Sub GFLOPs ZiCo Square Sub Sub <EOS>,((L2-Norm - log(GSynFlow)) - (GFLOPs - square(ZiCo))),0.467300000,0.418200000,145,9,4,2196,run_monash_time_unique1000,6,1,TIME__Coastal_T_S__H/seed_2196/run_monash_time_unique1000/visualizations/archive_latex.tex
948,0.146846847,0.467300000,\mathrm{MParams} - \frac{\sqrt{\frac{\sqrt{\mathrm{GSynFlow}}}{\mathrm{MParams}}}}{\mathrm{GFLOPs}},MParams GSynFlow Sqrt MParams Div Sqrt GFLOPs Div Sub <EOS>,(MParams - (sqrt((sqrt(GSynFlow) / MParams)) / GFLOPs)),0.467300000,0.453800000,134,9,6,2041,run_monash_time_unique1000,7,1,TIME__Coastal_T_S__H/seed_2041/run_monash_time_unique1000/visualizations/archive_latex.tex
949,0.145945946,0.467300000,\mathrm{L2Norm} + \mathrm{ZiCo} - \mathrm{GFLOPs} - \log\left(\mathrm{GSynFlow}\right),L2-Norm ZiCo Add GFLOPs Sub GSynFlow Log Sub <EOS>,(((L2-Norm + ZiCo) - GFLOPs) - log(GSynFlow)),0.467300000,0.417900000,125,8,4,2199,run_monash_time_unique1000,7,1,TIME__Coastal_T_S__H/seed_2199/run_monash_time_unique1000/visualizations/archive_latex.tex
950,0.145045045,0.467300000,\mathrm{L2Norm} - \left(\log\left(\left(\mathrm{GSynFlow}\right) \cdot \left(\mathrm{plain}\right)\right)\right) \cdot \left(\mathrm{plain}\right),L2-Norm GSynFlow plain Mul Log plain Mul Sub <EOS>,(L2-Norm - (log((GSynFlow * plain)) * plain)),0.467300000,0.455300000,14,8,5,2094,run_monash_time_unique1000,8,1,TIME__Coastal_T_S__H/seed_2094/run_monash_time_unique1000/visualizations/archive_latex.tex
951,0.144144144,0.467300000,\mathrm{L2Norm} + \mathrm{ZiCo} - \log\left(\mathrm{GSynFlow}\right) + \mathrm{GFLOPs},L2-Norm ZiCo Add GSynFlow Log GFLOPs Add Sub <EOS>,((L2-Norm + ZiCo) - (log(GSynFlow) + GFLOPs)),0.467300000,0.417900000,181,8,4,2216,run_monash_time_unique1000,8,1,TIME__Coastal_T_S__H/seed_2216/run_monash_time_unique1000/visualizations/archive_latex.tex
952,0.143243243,0.467300000,\left(\sqrt{\mathrm{MParams}}\right) \cdot \left(\frac{\mathrm{Jacov}}{\mathrm{GSynFlow} - \mathrm{JacobFro}}\right),MParams Sqrt Jacov GSynFlow Jacob_fro Sub Div Mul <EOS>,(sqrt(MParams) * (Jacov / (GSynFlow - Jacob_fro))),0.467300000,0.463000000,67,8,4,2165,run_monash_time_unique1000,10,1,TIME__Coastal_T_S__H/seed_2165/run_monash_time_unique1000/visualizations/archive_latex.tex
953,0.142342342,0.467200000,\frac{\mathrm{Fisher}}{\sqrt{\mathrm{ZiCo}}} - \sqrt{\log\left(\mathrm{plain}\right)},Fisher ZiCo Sqrt Div plain Log Sqrt Sub <EOS>,((Fisher / sqrt(ZiCo)) - sqrt(log(plain))),0.467200000,0.409500000,101,8,4,2155,run_monash_time_unique1000,6,1,TIME__Coastal_T_S__H/seed_2155/run_monash_time_unique1000/visualizations/archive_latex.tex
954,0.141441441,0.467000000,\frac{\sqrt{\mathrm{Jacov}}}{\frac{\mathrm{JacobFro} - \mathrm{GSynFlow}}{\mathrm{GradNorm}}},Jacov Sqrt Jacob_fro GSynFlow Sub Grad_Norm Div Div <EOS>,(sqrt(Jacov) / ((Jacob_fro - GSynFlow) / Grad_Norm)),0.467000000,0.422100000,9,8,4,2115,run_monash_time_unique1000,5,1,TIME__Coastal_T_S__H/seed_2115/run_monash_time_unique1000/visualizations/archive_latex.tex
955,0.140540541,0.466700000,\left(\log\left(\mathrm{ZiCo}\right)\right) \cdot \left(\sqrt{\mathrm{GSynFlow}} - \frac{\mathrm{L2Norm}}{\mathrm{ZiCo}}\right),ZiCo Log GSynFlow Sqrt L2-Norm ZiCo Div Sub Mul <EOS>,(log(ZiCo) * (sqrt(GSynFlow) - (L2-Norm / ZiCo))),0.466700000,0.447800000,20,9,4,2096,run_monash_time_unique1000,6,1,TIME__Coastal_T_S__H/seed_2096/run_monash_time_unique1000/visualizations/archive_latex.tex
956,0.139639640,0.466700000,\left(\log\left(\frac{\mathrm{Snip}}{\mathrm{MParams}}\right)\right) \cdot \left(-\mathrm{ZiCo}\right),Snip MParams Div Log ZiCo Negative Mul <EOS>,(log((Snip / MParams)) * -(ZiCo)),0.466700000,0.376800000,146,7,4,2124,run_monash_time_unique1000,10,1,TIME__Coastal_T_S__H/seed_2124/run_monash_time_unique1000/visualizations/archive_latex.tex
957,0.138738739,0.466500000,\frac{\mathrm{L2Norm}}{\mathrm{ZiCo}} - \log\left(\left(\mathrm{Jacov}\right) \cdot \left(\left(\mathrm{GSynFlow}\right)^2\right)\right),L2-Norm ZiCo Div Jacov GSynFlow Square Mul Log Sub <EOS>,((L2-Norm / ZiCo) - log((Jacov * square(GSynFlow)))),0.466500000,0.382000000,148,9,5,2099,run_monash_time_unique1000,9,1,TIME__Coastal_T_S__H/seed_2099/run_monash_time_unique1000/visualizations/archive_latex.tex
958,0.137837838,0.466400000,\frac{\mathrm{L2Norm}}{\mathrm{ZiCo}} - \left(\log\left(\mathrm{GSynFlow} + \mathrm{JacobFro}\right)\right)^2,L2-Norm ZiCo Div GSynFlow Jacob_fro Add Log Square Sub <EOS>,((L2-Norm / ZiCo) - square(log((GSynFlow + Jacob_fro)))),0.466400000,0.486000000,139,9,5,2101,run_monash_time_unique1000,7,2,TIME__Coastal_T_S__H/seed_2101/run_monash_time_unique1000/visualizations/archive_latex.tex
959,0.136936937,0.466300000,\frac{\left(\mathrm{MParams}\right)^2}{\sqrt{\left(\sqrt{\mathrm{GSynFlow}}\right) \cdot \left(\mathrm{GradNorm}\right)}},MParams Square GSynFlow Sqrt Grad_Norm Mul Sqrt Div <EOS>,(square(MParams) / sqrt((sqrt(GSynFlow) * Grad_Norm))),0.466300000,0.499300000,189,8,5,2096,run_monash_time_unique1000,7,1,TIME__Coastal_T_S__H/seed_2096/run_monash_time_unique1000/visualizations/archive_latex.tex
960,0.136036036,0.466300000,\frac{\mathrm{MParams}}{\frac{\sqrt{\left(\mathrm{GradNorm}\right) \cdot \left(\sqrt{\mathrm{GSynFlow}}\right)}}{\mathrm{MParams}}},MParams Grad_Norm GSynFlow Sqrt Mul Sqrt MParams Div Div <EOS>,(MParams / (sqrt((Grad_Norm * sqrt(GSynFlow))) / MParams)),0.466300000,0.499300000,17,9,6,2187,run_monash_time_unique1000,8,1,TIME__Coastal_T_S__H/seed_2187/run_monash_time_unique1000/visualizations/archive_latex.tex
961,0.135135135,0.466300000,\left(\frac{\mathrm{MParams}}{\mathrm{ZiCo}}\right)^2 - \sqrt{\mathrm{L2Norm} + \mathrm{GSynFlow}},MParams ZiCo Div Square L2-Norm GSynFlow Add Sqrt Sub <EOS>,(square((MParams / ZiCo)) - sqrt((L2-Norm + GSynFlow))),0.466300000,0.440700000,45,9,4,2138,run_monash_time_unique1000,9,1,TIME__Coastal_T_S__H/seed_2138/run_monash_time_unique1000/visualizations/archive_latex.tex
962,0.134234234,0.466300000,\mathrm{MParams} - \frac{\sqrt{\mathrm{GSynFlow}}}{\left(\mathrm{GFLOPs}\right)^2 + \mathrm{GFLOPs}},MParams GSynFlow Sqrt GFLOPs Square GFLOPs Add Div Sub <EOS>,(MParams - (sqrt(GSynFlow) / (square(GFLOPs) + GFLOPs))),0.466300000,0.457900000,87,9,5,2216,run_monash_time_unique1000,9,1,TIME__Coastal_T_S__H/seed_2216/run_monash_time_unique1000/visualizations/archive_latex.tex
963,0.133333333,0.466100000,\mathrm{L2Norm} + \mathrm{GradNorm} - \mathrm{GFLOPs} - \log\left(\mathrm{GSynFlow}\right),L2-Norm Grad_Norm GFLOPs Sub Add GSynFlow Log Sub <EOS>,((L2-Norm + (Grad_Norm - GFLOPs)) - log(GSynFlow)),0.466100000,0.398100000,100,8,4,2188,run_monash_time_unique1000,7,1,TIME__Coastal_T_S__H/seed_2188/run_monash_time_unique1000/visualizations/archive_latex.tex
964,0.132432432,0.466000000,\frac{\mathrm{MParams}}{\left(\mathrm{ZiCo}\right)^2} - \left(\mathrm{Fisher}\right) \cdot \left(\sqrt{\mathrm{GSynFlow}}\right),MParams ZiCo Square Div Fisher GSynFlow Sqrt Mul Sub <EOS>,((MParams / square(ZiCo)) - (Fisher * sqrt(GSynFlow))),0.466000000,0.482100000,69,9,4,2217,run_monash_time_unique1000,2,1,TIME__Coastal_T_S__H/seed_2217/run_monash_time_unique1000/visualizations/archive_latex.tex
965,0.131531532,0.466000000,\frac{\mathrm{MParams}}{\left(\mathrm{ZiCo}\right)^2} - \left(\sqrt{\mathrm{GSynFlow}}\right) \cdot \left(\mathrm{Fisher}\right),MParams ZiCo Square Div GSynFlow Sqrt Fisher Mul Sub <EOS>,((MParams / square(ZiCo)) - (sqrt(GSynFlow) * Fisher)),0.466000000,0.482100000,195,9,4,2092,run_monash_time_unique1000,4,1,TIME__Coastal_T_S__H/seed_2092/run_monash_time_unique1000/visualizations/archive_latex.tex
966,0.130630631,0.466000000,\mathrm{L2Norm} - \log\left(\frac{\mathrm{GSynFlow}}{\frac{\mathrm{L2Norm}}{\mathrm{GSynFlow}}}\right),L2-Norm GSynFlow L2-Norm GSynFlow Div Div Log Sub <EOS>,(L2-Norm - log((GSynFlow / (L2-Norm / GSynFlow)))),0.466000000,0.467200000,66,8,5,2196,run_monash_time_unique1000,7,1,TIME__Coastal_T_S__H/seed_2196/run_monash_time_unique1000/visualizations/archive_latex.tex
967,0.129729730,0.465900000,\frac{\frac{\mathrm{MParams}}{\mathrm{Fisher}}}{\mathrm{JacobFro} - \mathrm{GSynFlow}},MParams Fisher Div Jacob_fro GSynFlow Sub Div <EOS>,((MParams / Fisher) / (Jacob_fro - GSynFlow)),0.465900000,0.366600000,60,7,3,2148,run_monash_time_unique1000,9,1,TIME__Coastal_T_S__H/seed_2148/run_monash_time_unique1000/visualizations/archive_latex.tex
968,0.128828829,0.465600000,\frac{\mathrm{MParams}}{\frac{\mathrm{JacobFro} - \mathrm{GSynFlow}}{\sqrt{\mathrm{GradNorm}}}},MParams Jacob_fro GSynFlow Sub Grad_Norm Sqrt Div Div <EOS>,(MParams / ((Jacob_fro - GSynFlow) / sqrt(Grad_Norm))),0.465600000,0.451100000,9,8,4,2115,run_monash_time_unique1000,6,1,TIME__Coastal_T_S__H/seed_2115/run_monash_time_unique1000/visualizations/archive_latex.tex
969,0.127927928,0.465600000,\frac{\left(\mathrm{MParams}\right) \cdot \left(\sqrt{\mathrm{GradNorm}}\right)}{\mathrm{JacobFro} - \mathrm{GSynFlow}},MParams Grad_Norm Sqrt Mul Jacob_fro GSynFlow Sub Div <EOS>,((MParams * sqrt(Grad_Norm)) / (Jacob_fro - GSynFlow)),0.465600000,0.451100000,20,8,4,2148,run_monash_time_unique1000,10,1,TIME__Coastal_T_S__H/seed_2148/run_monash_time_unique1000/visualizations/archive_latex.tex
970,0.127027027,0.465300000,\mathrm{L2Norm} - \left(\log\left(\left(\mathrm{GSynFlow}\right) \cdot \left(\mathrm{GFLOPs}\right)\right)\right) \cdot \left(\mathrm{plain}\right),L2-Norm GSynFlow GFLOPs Mul Log plain Mul Sub <EOS>,(L2-Norm - (log((GSynFlow * GFLOPs)) * plain)),0.465300000,0.476100000,15,8,5,2094,run_monash_time_unique1000,9,1,TIME__Coastal_T_S__H/seed_2094/run_monash_time_unique1000/visualizations/archive_latex.tex
971,0.126126126,0.465200000,\frac{\sqrt{\frac{\mathrm{MParams}}{\mathrm{Snip}}}}{\left(\mathrm{ZiCo}\right)^2},MParams Snip Div Sqrt ZiCo Square Div <EOS>,(sqrt((MParams / Snip)) / square(ZiCo)),0.465200000,0.370100000,99,7,4,2223,run_monash_time_unique1000,3,1,TIME__Coastal_T_S__H/seed_2223/run_monash_time_unique1000/visualizations/archive_latex.tex
972,0.125225225,0.465200000,\frac{\mathrm{L2Norm}}{\left(\mathrm{ZiCo}\right)^2} - \left(\mathrm{GSynFlow}\right) \cdot \left(\left(\mathrm{Fisher}\right)^2\right),L2-Norm ZiCo Square Div GSynFlow Fisher Square Mul Sub <EOS>,((L2-Norm / square(ZiCo)) - (GSynFlow * square(Fisher))),0.465200000,0.467700000,26,9,4,2188,run_monash_time_unique1000,8,1,TIME__Coastal_T_S__H/seed_2188/run_monash_time_unique1000/visualizations/archive_latex.tex
973,0.124324324,0.465100000,\left(\left(\sqrt{\frac{\mathrm{MParams}}{\mathrm{GSynFlow}}}\right) \cdot \left(\mathrm{MParams}\right)\right) \cdot \left(\left(\mathrm{MParams}\right)^2\right),MParams GSynFlow Div Sqrt MParams Mul MParams Square Mul <EOS>,((sqrt((MParams / GSynFlow)) * MParams) * square(MParams)),0.465100000,0.484900000,87,9,5,2212,run_monash_time_unique1000,6,1,TIME__Coastal_T_S__H/seed_2212/run_monash_time_unique1000/visualizations/archive_latex.tex
974,0.123423423,0.465100000,\frac{\left(\mathrm{MParams}\right) \cdot \left(\left(\mathrm{MParams}\right)^2\right)}{\sqrt{\frac{\mathrm{GSynFlow}}{\mathrm{MParams}}}},MParams MParams Square Mul GSynFlow MParams Div Sqrt Div <EOS>,((MParams * square(MParams)) / sqrt((GSynFlow / MParams))),0.465100000,0.484900000,179,9,4,2115,run_monash_time_unique1000,7,1,TIME__Coastal_T_S__H/seed_2115/run_monash_time_unique1000/visualizations/archive_latex.tex
975,0.122522523,0.465100000,\frac{\mathrm{L2Norm} - \left(\mathrm{plain}\right)^2}{\mathrm{ZiCo}} - \left(\mathrm{GFLOPs}\right)^2,L2-Norm plain Square Sub ZiCo Div GFLOPs Square Sub <EOS>,(((L2-Norm - square(plain)) / ZiCo) - square(GFLOPs)),0.465100000,0.501800000,45,9,5,2188,run_monash_time_unique1000,9,1,TIME__Coastal_T_S__H/seed_2188/run_monash_time_unique1000/visualizations/archive_latex.tex
976,0.121621622,0.465000000,\log\left(\frac{\frac{\mathrm{GraSP}}{\log\left(\mathrm{plain}\right)}}{\log\left(\mathrm{Fisher}\right)}\right),GraSP plain Log Div Fisher Log Div Log <EOS>,log(((GraSP / log(plain)) / log(Fisher))),0.465000000,0.379600000,135,8,5,2223,run_monash_time_unique1000,4,1,TIME__Coastal_T_S__H/seed_2223/run_monash_time_unique1000/visualizations/archive_latex.tex
977,0.120720721,0.464900000,\left(\mathrm{MParams}\right)^2 - \log\left(\mathrm{GSynFlow} + \mathrm{JacobFro}\right),MParams Square GSynFlow Jacob_fro Add Log Sub <EOS>,(square(MParams) - log((GSynFlow + Jacob_fro))),0.464900000,0.422400000,140,7,4,2192,run_monash_time_unique1000,7,1,TIME__Coastal_T_S__H/seed_2192/run_monash_time_unique1000/visualizations/archive_latex.tex
978,0.119819820,0.464800000,\frac{\frac{\mathrm{Fisher}}{\mathrm{ZiCo}}}{\sqrt{\log\left(\mathrm{plain}\right)}},Fisher ZiCo Div plain Log Sqrt Div <EOS>,((Fisher / ZiCo) / sqrt(log(plain))),0.464800000,0.415000000,90,7,4,2155,run_monash_time_unique1000,7,1,TIME__Coastal_T_S__H/seed_2155/run_monash_time_unique1000/visualizations/archive_latex.tex
979,0.118918919,0.464500000,\frac{\left(\mathrm{GradNorm}\right) \cdot \left(\mathrm{MParams}\right)}{\mathrm{JacobFro} - \mathrm{GSynFlow}},Grad_Norm MParams Mul Jacob_fro GSynFlow Sub Div <EOS>,((Grad_Norm * MParams) / (Jacob_fro - GSynFlow)),0.464500000,0.464300000,91,7,3,2100,run_monash_time_unique1000,4,1,TIME__Coastal_T_S__H/seed_2100/run_monash_time_unique1000/visualizations/archive_latex.tex
980,0.118018018,0.464500000,\frac{\mathrm{MParams}}{\frac{\mathrm{JacobFro} - \mathrm{GSynFlow}}{\mathrm{GradNorm}}},MParams Jacob_fro GSynFlow Sub Grad_Norm Div Div <EOS>,(MParams / ((Jacob_fro - GSynFlow) / Grad_Norm)),0.464500000,0.464300000,7,7,4,2115,run_monash_time_unique1000,8,1,TIME__Coastal_T_S__H/seed_2115/run_monash_time_unique1000/visualizations/archive_latex.tex
981,0.117117117,0.464500000,\left(\mathrm{GradNorm}\right) \cdot \left(\frac{\mathrm{MParams}}{\mathrm{JacobFro} - \mathrm{GSynFlow}}\right),Grad_Norm MParams Jacob_fro GSynFlow Sub Div Mul <EOS>,(Grad_Norm * (MParams / (Jacob_fro - GSynFlow))),0.464500000,0.464300000,10,7,4,2138,run_monash_time_unique1000,10,1,TIME__Coastal_T_S__H/seed_2138/run_monash_time_unique1000/visualizations/archive_latex.tex
982,0.116216216,0.464500000,\frac{\mathrm{MParams}}{\frac{-\mathrm{GSynFlow} + \mathrm{JacobFro}}{\mathrm{GradNorm}}},MParams GSynFlow Negative Jacob_fro Add Grad_Norm Div Div <EOS>,(MParams / ((-(GSynFlow) + Jacob_fro) / Grad_Norm)),0.464500000,0.464300000,10,8,5,2188,run_monash_time_unique1000,10,1,TIME__Coastal_T_S__H/seed_2188/run_monash_time_unique1000/visualizations/archive_latex.tex
983,0.115315315,0.464400000,\left(\mathrm{MParams} - \mathrm{ZiCo}\right)^2 - \frac{\sqrt{\mathrm{GSynFlow}}}{\mathrm{L2Norm}},MParams ZiCo Sub Square GSynFlow Sqrt L2-Norm Div Sub <EOS>,(square((MParams - ZiCo)) - (sqrt(GSynFlow) / L2-Norm)),0.464400000,0.453800000,104,9,4,2217,run_monash_time_unique1000,3,1,TIME__Coastal_T_S__H/seed_2217/run_monash_time_unique1000/visualizations/archive_latex.tex
984,0.114414414,0.464400000,\left(\mathrm{ZiCo} - \mathrm{MParams}\right)^2 - \frac{\sqrt{\mathrm{GSynFlow}}}{\mathrm{L2Norm}},ZiCo MParams Sub Square GSynFlow Sqrt L2-Norm Div Sub <EOS>,(square((ZiCo - MParams)) - (sqrt(GSynFlow) / L2-Norm)),0.464400000,0.453800000,104,9,4,2117,run_monash_time_unique1000,5,1,TIME__Coastal_T_S__H/seed_2117/run_monash_time_unique1000/visualizations/archive_latex.tex
985,0.113513514,0.464400000,\mathrm{MParams} - \left(\mathrm{GSynFlow}\right) \cdot \left(\left(\frac{\mathrm{plain}}{\left(\mathrm{GFLOPs}\right)^2}\right)^2\right),MParams GSynFlow plain GFLOPs Square Div Square Mul Sub <EOS>,(MParams - (GSynFlow * square((plain / square(GFLOPs))))),0.464400000,0.439700000,93,9,6,2044,run_monash_time_unique1000,10,1,TIME__Coastal_T_S__H/seed_2044/run_monash_time_unique1000/visualizations/archive_latex.tex
986,0.112612613,0.464300000,\mathrm{L2Norm} - \left(\log\left(\mathrm{GSynFlow}\right)\right) \cdot \left(\mathrm{plain}\right) + \mathrm{MParams},L2-Norm GSynFlow Log plain Mul Sub MParams Add <EOS>,((L2-Norm - (log(GSynFlow) * plain)) + MParams),0.464300000,0.427600000,94,8,5,2085,run_monash_time_unique1000,2,1,TIME__Coastal_T_S__H/seed_2085/run_monash_time_unique1000/visualizations/archive_latex.tex
987,0.111711712,0.464300000,\mathrm{L2Norm} + \mathrm{MParams} - \left(\log\left(\mathrm{GSynFlow}\right)\right) \cdot \left(\mathrm{plain}\right),L2-Norm MParams GSynFlow Log plain Mul Sub Add <EOS>,(L2-Norm + (MParams - (log(GSynFlow) * plain))),0.464300000,0.427600000,107,8,5,2053,run_monash_time_unique1000,3,1,TIME__Coastal_T_S__H/seed_2053/run_monash_time_unique1000/visualizations/archive_latex.tex
988,0.110810811,0.464300000,\frac{\sqrt{\mathrm{L2Norm}}}{\mathrm{ZiCo}} - \sqrt{\frac{\mathrm{GSynFlow}}{\mathrm{JacobFro}}},L2-Norm Sqrt ZiCo Div GSynFlow Jacob_fro Div Sqrt Sub <EOS>,((sqrt(L2-Norm) / ZiCo) - sqrt((GSynFlow / Jacob_fro))),0.464300000,0.460200000,12,9,4,2186,run_monash_time_unique1000,5,1,TIME__Coastal_T_S__H/seed_2186/run_monash_time_unique1000/visualizations/archive_latex.tex
989,0.109909910,0.464300000,\mathrm{MParams} - \left(\mathrm{plain}\right) \cdot \left(\log\left(\mathrm{GSynFlow}\right)\right) - \mathrm{L2Norm},MParams plain GSynFlow Log Mul L2-Norm Sub Sub <EOS>,(MParams - ((plain * log(GSynFlow)) - L2-Norm)),0.464300000,0.427600000,150,8,5,2187,run_monash_time_unique1000,9,1,TIME__Coastal_T_S__H/seed_2187/run_monash_time_unique1000/visualizations/archive_latex.tex
990,0.109009009,0.464300000,\mathrm{GFLOPs} - \log\left(\left(\sqrt{\mathrm{GSynFlow}}\right) \cdot \left(\frac{\mathrm{Fisher}}{\mathrm{MParams}}\right)\right),GFLOPs GSynFlow Sqrt Fisher MParams Div Mul Log Sub <EOS>,(GFLOPs - log((sqrt(GSynFlow) * (Fisher / MParams)))),0.464300000,0.458200000,137,9,5,2197,run_monash_time_unique1000,9,1,TIME__Coastal_T_S__H/seed_2197/run_monash_time_unique1000/visualizations/archive_latex.tex
991,0.108108108,0.464300000,\mathrm{L2Norm} - \left(\log\left(\mathrm{GSynFlow}\right)\right) \cdot \left(\mathrm{plain}\right) - \mathrm{MParams},L2-Norm GSynFlow Log plain Mul MParams Sub Sub <EOS>,(L2-Norm - ((log(GSynFlow) * plain) - MParams)),0.464300000,0.427600000,131,8,5,2197,run_monash_time_unique1000,10,1,TIME__Coastal_T_S__H/seed_2197/run_monash_time_unique1000/visualizations/archive_latex.tex
992,0.107207207,0.464200000,\mathrm{L2Norm} - \log\left(\frac{\mathrm{GSynFlow}}{\mathrm{Snip}}\right) - \mathrm{GFLOPs},L2-Norm GSynFlow Snip Div Log Sub GFLOPs Sub <EOS>,((L2-Norm - log((GSynFlow / Snip))) - GFLOPs),0.464200000,0.399600000,146,8,5,2196,run_monash_time_unique1000,8,1,TIME__Coastal_T_S__H/seed_2196/run_monash_time_unique1000/visualizations/archive_latex.tex
993,0.106306306,0.464100000,\mathrm{MParams} - \left(\mathrm{plain}\right) \cdot \left(\sqrt{\frac{\sqrt{\mathrm{GSynFlow}}}{\mathrm{Snip}}}\right),MParams plain GSynFlow Sqrt Snip Div Sqrt Mul Sub <EOS>,(MParams - (plain * sqrt((sqrt(GSynFlow) / Snip)))),0.464100000,0.493300000,106,9,6,2218,run_monash_time_unique1000,10,1,TIME__Coastal_T_S__H/seed_2218/run_monash_time_unique1000/visualizations/archive_latex.tex
994,0.105405405,0.463900000,\left(\mathrm{MParams}\right)^2 - \log\left(\mathrm{JacobFro} + \left(\mathrm{GSynFlow}\right) \cdot \left(\mathrm{plain}\right)\right),MParams Square Jacob_fro GSynFlow plain Mul Add Log Sub <EOS>,(square(MParams) - log((Jacob_fro + (GSynFlow * plain)))),0.463900000,0.431300000,198,9,5,2053,run_monash_time_unique1000,4,1,TIME__Coastal_T_S__H/seed_2053/run_monash_time_unique1000/visualizations/archive_latex.tex
995,0.104504505,0.463800000,\frac{\mathrm{GradNorm} - \log\left(\log\left(\mathrm{plain}\right)\right)}{\mathrm{ZiCo}},Grad_Norm plain Log Log Sub ZiCo Div <EOS>,((Grad_Norm - log(log(plain))) / ZiCo),0.463800000,0.366800000,117,7,5,2212,run_monash_time_unique1000,7,1,TIME__Coastal_T_S__H/seed_2212/run_monash_time_unique1000/visualizations/archive_latex.tex
996,0.103603604,0.463700000,\frac{\log\left(\log\left(\frac{\mathrm{GraSP}}{\log\left(\mathrm{plain}\right)}\right)\right)}{\mathrm{ZiCo}},GraSP plain Log Div Log Log ZiCo Div <EOS>,(log(log((GraSP / log(plain)))) / ZiCo),0.463700000,0.372300000,156,8,6,2155,run_monash_time_unique1000,8,1,TIME__Coastal_T_S__H/seed_2155/run_monash_time_unique1000/visualizations/archive_latex.tex
997,0.102702703,0.463600000,\sqrt{\frac{\frac{\mathrm{MParams}}{\mathrm{ZiCo}}}{\mathrm{GSynFlow} - \mathrm{JacobFro}}},MParams ZiCo Div GSynFlow Jacob_fro Sub Div Sqrt <EOS>,sqrt(((MParams / ZiCo) / (GSynFlow - Jacob_fro))),0.463600000,0.448100000,17,8,4,2101,run_monash_time_unique1000,8,1,TIME__Coastal_T_S__H/seed_2101/run_monash_time_unique1000/visualizations/archive_latex.tex
998,0.101801802,0.463300000,\mathrm{L2Norm} - \log\left(\frac{\left(\mathrm{GSynFlow}\right)^2}{\mathrm{GFLOPs}}\right),L2-Norm GSynFlow Square GFLOPs Div Log Sub <EOS>,(L2-Norm - log((square(GSynFlow) / GFLOPs))),0.463300000,0.475900000,52,7,5,2186,run_monash_time_unique1000,6,1,TIME__Coastal_T_S__H/seed_2186/run_monash_time_unique1000/visualizations/archive_latex.tex
999,0.100900901,0.463300000,\mathrm{L2Norm} - \left(\mathrm{plain}\right) \cdot \left(\log\left(\mathrm{GSynFlow}\right) + \mathrm{ZiCo}\right),L2-Norm plain GSynFlow Log ZiCo Add Mul Sub <EOS>,(L2-Norm - (plain * (log(GSynFlow) + ZiCo))),0.463300000,0.462200000,147,8,5,2207,run_monash_time_unique1000,6,1,TIME__Coastal_T_S__H/seed_2207/run_monash_time_unique1000/visualizations/archive_latex.tex
1000,0.100000000,0.463300000,\mathrm{L2Norm} - \log\left(\frac{\mathrm{GSynFlow}}{\frac{\mathrm{GFLOPs}}{\mathrm{GSynFlow}}}\right),L2-Norm GSynFlow GFLOPs GSynFlow Div Div Log Sub <EOS>,(L2-Norm - log((GSynFlow / (GFLOPs / GSynFlow)))),0.463300000,0.475900000,67,8,5,2196,run_monash_time_unique1000,9,1,TIME__Coastal_T_S__H/seed_2196/run_monash_time_unique1000/visualizations/archive_latex.tex
