rank,weight,validation_fitness,formula,rpn_tokens,infix,score,train_fitness,generation,token_count,depth,source_seed,source_run,source_rank,occurrence_count,source_archive_latex
1,1.000000000,0.749500000,\mathrm{ZiCo} + \frac{\sqrt{\left(\log\left(\mathrm{plain}\right)\right) \cdot \left(\mathrm{L2Norm}\right)}}{\mathrm{GraSP}},ZiCo plain Log L2-Norm Mul Sqrt GraSP Div Add <EOS>,(ZiCo + (sqrt((log(plain) * L2-Norm)) / GraSP)),0.749500000,0.718600000,115,9,6,2264,run_monash_time_unique1000,1,1,TIME__azure2019_D__5T/seed_2264/run_monash_time_unique1000/visualizations/archive_latex.tex
2,0.999099099,0.749000000,\mathrm{ZiCo} + \frac{\log\left(\mathrm{Snip} - \mathrm{L2Norm}\right)}{\mathrm{GraSP}},ZiCo Snip L2-Norm Sub Log GraSP Div Add <EOS>,(ZiCo + (log((Snip - L2-Norm)) / GraSP)),0.749000000,0.722400000,25,8,5,2114,run_monash_time_unique1000,1,2,TIME__azure2019_D__5T/seed_2114/run_monash_time_unique1000/visualizations/archive_latex.tex
3,0.998198198,0.749000000,\frac{\log\left(\mathrm{Snip} - \mathrm{L2Norm}\right)}{\mathrm{GraSP}} + \mathrm{ZiCo},Snip L2-Norm Sub Log GraSP Div ZiCo Add <EOS>,((log((Snip - L2-Norm)) / GraSP) + ZiCo),0.749000000,0.722400000,19,8,5,2123,run_monash_time_unique1000,1,1,TIME__azure2019_D__5T/seed_2123/run_monash_time_unique1000/visualizations/archive_latex.tex
4,0.997297297,0.749000000,\mathrm{ZiCo} + \frac{\log\left(\mathrm{L2Norm} - \mathrm{Snip}\right)}{\mathrm{GraSP}},ZiCo L2-Norm Snip Sub Log GraSP Div Add <EOS>,(ZiCo + (log((L2-Norm - Snip)) / GraSP)),0.749000000,0.722400000,30,8,5,2232,run_monash_time_unique1000,1,1,TIME__azure2019_D__5T/seed_2232/run_monash_time_unique1000/visualizations/archive_latex.tex
5,0.996396396,0.749000000,\left(\mathrm{ZiCo} + \frac{\log\left(\mathrm{L2Norm} - \mathrm{Snip}\right)}{\mathrm{GraSP}}\right)^2,ZiCo L2-Norm Snip Sub Log GraSP Div Add Square <EOS>,square((ZiCo + (log((L2-Norm - Snip)) / GraSP))),0.749000000,0.683400000,66,9,6,2254,run_monash_time_unique1000,1,1,TIME__azure2019_D__5T/seed_2254/run_monash_time_unique1000/visualizations/archive_latex.tex
6,0.995495495,0.749000000,\frac{\log\left(\mathrm{L2Norm} - \mathrm{Snip}\right)}{\mathrm{GraSP}} + \mathrm{ZiCo},L2-Norm Snip Sub Log GraSP Div ZiCo Add <EOS>,((log((L2-Norm - Snip)) / GraSP) + ZiCo),0.749000000,0.722400000,100,8,5,2266,run_monash_time_unique1000,1,1,TIME__azure2019_D__5T/seed_2266/run_monash_time_unique1000/visualizations/archive_latex.tex
7,0.994594595,0.744600000,\mathrm{ZiCo} + \frac{\log\left(\left(\log\left(\mathrm{plain}\right)\right) \cdot \left(\mathrm{JacobFro}\right)\right)}{\mathrm{GraSP}},ZiCo plain Log Jacob_fro Mul Log GraSP Div Add <EOS>,(ZiCo + (log((log(plain) * Jacob_fro)) / GraSP)),0.744600000,0.712600000,40,9,6,2267,run_monash_time_unique1000,1,1,TIME__azure2019_D__5T/seed_2267/run_monash_time_unique1000/visualizations/archive_latex.tex
8,0.993693694,0.743300000,\mathrm{ZiCo} + \frac{\log\left(\left(\log\left(\mathrm{plain}\right)\right) \cdot \left(\mathrm{L2Norm}\right)\right)}{\mathrm{GraSP}},ZiCo plain Log L2-Norm Mul Log GraSP Div Add <EOS>,(ZiCo + (log((log(plain) * L2-Norm)) / GraSP)),0.743300000,0.667600000,109,9,6,2049,run_monash_time_unique1000,1,3,TIME__azure2019_D__5T/seed_2049/run_monash_time_unique1000/visualizations/archive_latex.tex
9,0.992792793,0.743300000,\mathrm{ZiCo} + \frac{\log\left(\left(\mathrm{L2Norm}\right) \cdot \left(\log\left(\mathrm{plain}\right)\right)\right)}{\mathrm{GraSP}},ZiCo L2-Norm plain Log Mul Log GraSP Div Add <EOS>,(ZiCo + (log((L2-Norm * log(plain))) / GraSP)),0.743300000,0.667600000,68,9,6,2192,run_monash_time_unique1000,1,1,TIME__azure2019_D__5T/seed_2192/run_monash_time_unique1000/visualizations/archive_latex.tex
10,0.991891892,0.743300000,\frac{\log\left(\left(\log\left(\mathrm{plain}\right)\right) \cdot \left(\mathrm{L2Norm}\right)\right)}{\mathrm{GraSP}} + \mathrm{ZiCo},plain Log L2-Norm Mul Log GraSP Div ZiCo Add <EOS>,((log((log(plain) * L2-Norm)) / GraSP) + ZiCo),0.743300000,0.667600000,85,9,6,2209,run_monash_time_unique1000,1,1,TIME__azure2019_D__5T/seed_2209/run_monash_time_unique1000/visualizations/archive_latex.tex
11,0.990990991,0.738300000,\left(\log\left(\log\left(\mathrm{GraSP}\right) + \frac{\mathrm{GFLOPs}}{\mathrm{MParams}}\right)\right) \cdot \left(\mathrm{ZiCo}\right),GraSP Log GFLOPs MParams Div Add Log ZiCo Mul <EOS>,(log((log(GraSP) + (GFLOPs / MParams))) * ZiCo),0.738300000,0.696800000,52,9,5,2184,run_monash_time_unique1000,1,1,TIME__azure2019_D__5T/seed_2184/run_monash_time_unique1000/visualizations/archive_latex.tex
12,0.990090090,0.738300000,\frac{\sqrt{\left(\mathrm{JacobFro}\right) \cdot \left(\log\left(\mathrm{plain}\right)\right)}}{\mathrm{GraSP}} + \mathrm{ZiCo},Jacob_fro plain Log Mul Sqrt GraSP Div ZiCo Add <EOS>,((sqrt((Jacob_fro * log(plain))) / GraSP) + ZiCo),0.738300000,0.714100000,61,9,6,2193,run_monash_time_unique1000,1,1,TIME__azure2019_D__5T/seed_2193/run_monash_time_unique1000/visualizations/archive_latex.tex
13,0.989189189,0.737200000,\mathrm{ZiCo} + \frac{\sqrt{\log\left(\mathrm{Snip} - \mathrm{L2Norm}\right)}}{\mathrm{GraSP}},ZiCo Snip L2-Norm Sub Log Sqrt GraSP Div Add <EOS>,(ZiCo + (sqrt(log((Snip - L2-Norm))) / GraSP)),0.737200000,0.705200000,72,9,6,2192,run_monash_time_unique1000,2,1,TIME__azure2019_D__5T/seed_2192/run_monash_time_unique1000/visualizations/archive_latex.tex
14,0.988288288,0.734500000,\mathrm{ZiCo} - \sqrt{\frac{\sqrt{\log\left(\mathrm{plain}\right)}}{\mathrm{GraSP}}},ZiCo plain Log Sqrt GraSP Div Sqrt Sub <EOS>,(ZiCo - sqrt((sqrt(log(plain)) / GraSP))),0.734500000,0.696700000,142,8,6,2248,run_monash_time_unique1000,1,1,TIME__azure2019_D__5T/seed_2248/run_monash_time_unique1000/visualizations/archive_latex.tex
15,0.987387387,0.731700000,\mathrm{ZiCo} + \frac{\log\left(\left(\left(\mathrm{plain}\right) \cdot \left(\mathrm{GradNorm}\right)\right)^2\right)}{\mathrm{GraSP}},ZiCo plain Grad_Norm Mul Square Log GraSP Div Add <EOS>,(ZiCo + (log(square((plain * Grad_Norm))) / GraSP)),0.731700000,0.738700000,138,9,6,2109,run_monash_time_unique1000,1,1,TIME__azure2019_D__5T/seed_2109/run_monash_time_unique1000/visualizations/archive_latex.tex
16,0.986486486,0.731000000,\left(\mathrm{ZiCo}\right) \cdot \left(\log\left(\log\left(\frac{\log\left(\mathrm{plain}\right)}{\left(\mathrm{GraSP}\right)^2}\right)\right)\right),ZiCo plain Log GraSP Square Div Log Log Mul <EOS>,(ZiCo * log(log((log(plain) / square(GraSP))))),0.731000000,0.684000000,56,9,6,2068,run_monash_time_unique1000,1,2,TIME__azure2019_D__5T/seed_2068/run_monash_time_unique1000/visualizations/archive_latex.tex
17,0.985585586,0.731000000,\left(\log\left(\log\left(\frac{\left(\mathrm{GraSP}\right)^2}{\log\left(\mathrm{plain}\right)}\right)\right)\right) \cdot \left(\mathrm{ZiCo}\right),GraSP Square plain Log Div Log Log ZiCo Mul <EOS>,(log(log((square(GraSP) / log(plain)))) * ZiCo),0.731000000,0.684000000,55,9,6,2195,run_monash_time_unique1000,1,2,TIME__azure2019_D__5T/seed_2195/run_monash_time_unique1000/visualizations/archive_latex.tex
18,0.984684685,0.731000000,\left(\mathrm{ZiCo}\right) \cdot \left(\log\left(\log\left(\frac{\left(\mathrm{GraSP}\right)^2}{\log\left(\mathrm{plain}\right)}\right)\right)\right),ZiCo GraSP Square plain Log Div Log Log Mul <EOS>,(ZiCo * log(log((square(GraSP) / log(plain))))),0.731000000,0.684000000,94,9,6,2268,run_monash_time_unique1000,1,1,TIME__azure2019_D__5T/seed_2268/run_monash_time_unique1000/visualizations/archive_latex.tex
19,0.983783784,0.730800000,\mathrm{ZiCo} + \frac{\log\left(\log\left(\mathrm{Snip} - \mathrm{L2Norm}\right)\right)}{\mathrm{GraSP}},ZiCo Snip L2-Norm Sub Log Log GraSP Div Add <EOS>,(ZiCo + (log(log((Snip - L2-Norm))) / GraSP)),0.730800000,0.659700000,86,9,6,2083,run_monash_time_unique1000,1,2,TIME__azure2019_D__5T/seed_2083/run_monash_time_unique1000/visualizations/archive_latex.tex
20,0.982882883,0.730800000,\frac{\log\left(\log\left(\mathrm{Snip} - \mathrm{L2Norm}\right)\right)}{\mathrm{GraSP}} + \mathrm{ZiCo},Snip L2-Norm Sub Log Log GraSP Div ZiCo Add <EOS>,((log(log((Snip - L2-Norm))) / GraSP) + ZiCo),0.730800000,0.659700000,18,9,6,2211,run_monash_time_unique1000,1,1,TIME__azure2019_D__5T/seed_2211/run_monash_time_unique1000/visualizations/archive_latex.tex
21,0.981981982,0.730800000,\mathrm{ZiCo} + \frac{\log\left(\log\left(\mathrm{L2Norm} - \mathrm{Snip}\right)\right)}{\mathrm{GraSP}},ZiCo L2-Norm Snip Sub Log Log GraSP Div Add <EOS>,(ZiCo + (log(log((L2-Norm - Snip))) / GraSP)),0.730800000,0.659700000,44,9,6,2267,run_monash_time_unique1000,3,1,TIME__azure2019_D__5T/seed_2267/run_monash_time_unique1000/visualizations/archive_latex.tex
22,0.981081081,0.730700000,\frac{\log\left(\mathrm{Fisher}\right) + \mathrm{GradNorm}}{\mathrm{GraSP}} + \mathrm{ZiCo},Fisher Log Grad_Norm Add GraSP Div ZiCo Add <EOS>,(((log(Fisher) + Grad_Norm) / GraSP) + ZiCo),0.730700000,0.665300000,88,8,5,2072,run_monash_time_unique1000,1,3,TIME__azure2019_D__5T/seed_2072/run_monash_time_unique1000/visualizations/archive_latex.tex
23,0.980180180,0.730700000,\mathrm{ZiCo} + \frac{\mathrm{GradNorm} + \log\left(\mathrm{Fisher}\right)}{\mathrm{GraSP}},ZiCo Grad_Norm Fisher Log Add GraSP Div Add <EOS>,(ZiCo + ((Grad_Norm + log(Fisher)) / GraSP)),0.730700000,0.665300000,83,8,5,2089,run_monash_time_unique1000,1,2,TIME__azure2019_D__5T/seed_2089/run_monash_time_unique1000/visualizations/archive_latex.tex
24,0.979279279,0.730700000,\mathrm{ZiCo} + \frac{\log\left(\mathrm{Fisher}\right) - -\mathrm{GradNorm}}{\mathrm{GraSP}},ZiCo Fisher Log Grad_Norm Negative Sub GraSP Div Add <EOS>,(ZiCo + ((log(Fisher) - -(Grad_Norm)) / GraSP)),0.730700000,0.665300000,46,9,5,2158,run_monash_time_unique1000,1,1,TIME__azure2019_D__5T/seed_2158/run_monash_time_unique1000/visualizations/archive_latex.tex
25,0.978378378,0.730700000,\mathrm{ZiCo} + \frac{\log\left(\mathrm{Fisher}\right) + \mathrm{GradNorm}}{\mathrm{GraSP}},ZiCo Fisher Log Grad_Norm Add GraSP Div Add <EOS>,(ZiCo + ((log(Fisher) + Grad_Norm) / GraSP)),0.730700000,0.665300000,166,8,5,2109,run_monash_time_unique1000,2,5,TIME__azure2019_D__5T/seed_2109/run_monash_time_unique1000/visualizations/archive_latex.tex
26,0.977477477,0.729500000,\sqrt{\mathrm{ZiCo}} + \frac{\log\left(\mathrm{Fisher}\right) + \mathrm{GradNorm}}{\mathrm{GraSP}},ZiCo Sqrt Fisher Log Grad_Norm Add GraSP Div Add <EOS>,(sqrt(ZiCo) + ((log(Fisher) + Grad_Norm) / GraSP)),0.729500000,0.668600000,124,9,5,2264,run_monash_time_unique1000,2,1,TIME__azure2019_D__5T/seed_2264/run_monash_time_unique1000/visualizations/archive_latex.tex
27,0.976576577,0.728900000,\frac{\left(\mathrm{plain}\right)^2 + \log\left(\mathrm{GradNorm}\right)}{\mathrm{GraSP}} + \mathrm{ZiCo},plain Square Grad_Norm Log Add GraSP Div ZiCo Add <EOS>,(((square(plain) + log(Grad_Norm)) / GraSP) + ZiCo),0.728900000,0.733700000,49,9,5,2038,run_monash_time_unique1000,1,4,TIME__azure2019_D__5T/seed_2038/run_monash_time_unique1000/visualizations/archive_latex.tex
28,0.975675676,0.728900000,\frac{\log\left(\mathrm{GradNorm}\right) + \left(\mathrm{plain}\right)^2}{\mathrm{GraSP}} + \mathrm{ZiCo},Grad_Norm Log plain Square Add GraSP Div ZiCo Add <EOS>,(((log(Grad_Norm) + square(plain)) / GraSP) + ZiCo),0.728900000,0.733700000,133,9,5,2041,run_monash_time_unique1000,1,4,TIME__azure2019_D__5T/seed_2041/run_monash_time_unique1000/visualizations/archive_latex.tex
29,0.974774775,0.728900000,\mathrm{ZiCo} + \frac{\log\left(\mathrm{GradNorm}\right) + \left(\mathrm{plain}\right)^2}{\mathrm{GraSP}},ZiCo Grad_Norm Log plain Square Add GraSP Div Add <EOS>,(ZiCo + ((log(Grad_Norm) + square(plain)) / GraSP)),0.728900000,0.733700000,50,9,5,2112,run_monash_time_unique1000,1,2,TIME__azure2019_D__5T/seed_2112/run_monash_time_unique1000/visualizations/archive_latex.tex
30,0.973873874,0.728900000,\mathrm{ZiCo} + \frac{\left(\mathrm{plain}\right)^2 + \log\left(\mathrm{GradNorm}\right)}{\mathrm{GraSP}},ZiCo plain Square Grad_Norm Log Add GraSP Div Add <EOS>,(ZiCo + ((square(plain) + log(Grad_Norm)) / GraSP)),0.728900000,0.733700000,122,9,5,2121,run_monash_time_unique1000,1,3,TIME__azure2019_D__5T/seed_2121/run_monash_time_unique1000/visualizations/archive_latex.tex
31,0.972972973,0.728800000,\mathrm{ZiCo} + \frac{\left(\sqrt{\mathrm{plain}}\right) \cdot \left(\mathrm{GradNorm}\right)}{\mathrm{GraSP}},ZiCo plain Sqrt Grad_Norm Mul GraSP Div Add <EOS>,(ZiCo + ((sqrt(plain) * Grad_Norm) / GraSP)),0.728800000,0.744000000,20,8,5,2040,run_monash_time_unique1000,1,4,TIME__azure2019_D__5T/seed_2040/run_monash_time_unique1000/visualizations/archive_latex.tex
32,0.972072072,0.728800000,\mathrm{ZiCo} + \frac{\left(\mathrm{GradNorm}\right) \cdot \left(\sqrt{\mathrm{plain}}\right)}{\mathrm{GraSP}},ZiCo Grad_Norm plain Sqrt Mul GraSP Div Add <EOS>,(ZiCo + ((Grad_Norm * sqrt(plain)) / GraSP)),0.728800000,0.744000000,49,8,5,2090,run_monash_time_unique1000,1,6,TIME__azure2019_D__5T/seed_2090/run_monash_time_unique1000/visualizations/archive_latex.tex
33,0.971171171,0.728800000,\mathrm{ZiCo} - -\frac{\left(\sqrt{\mathrm{plain}}\right) \cdot \left(\mathrm{GradNorm}\right)}{\mathrm{GraSP}},ZiCo plain Sqrt Grad_Norm Mul GraSP Div Negative Sub <EOS>,(ZiCo - -(((sqrt(plain) * Grad_Norm) / GraSP))),0.728800000,0.744000000,50,9,6,2104,run_monash_time_unique1000,1,1,TIME__azure2019_D__5T/seed_2104/run_monash_time_unique1000/visualizations/archive_latex.tex
34,0.970270270,0.728800000,\mathrm{ZiCo} + \frac{\mathrm{GradNorm}}{\frac{\mathrm{GraSP}}{\sqrt{\mathrm{plain}}}},ZiCo Grad_Norm GraSP plain Sqrt Div Div Add <EOS>,(ZiCo + (Grad_Norm / (GraSP / sqrt(plain)))),0.728800000,0.744000000,198,8,5,2107,run_monash_time_unique1000,1,2,TIME__azure2019_D__5T/seed_2107/run_monash_time_unique1000/visualizations/archive_latex.tex
35,0.969369369,0.728800000,\mathrm{ZiCo} + \frac{\sqrt{\mathrm{plain}}}{\frac{\mathrm{GraSP}}{\mathrm{GradNorm}}},ZiCo plain Sqrt GraSP Grad_Norm Div Div Add <EOS>,(ZiCo + (sqrt(plain) / (GraSP / Grad_Norm))),0.728800000,0.744000000,102,8,4,2110,run_monash_time_unique1000,1,2,TIME__azure2019_D__5T/seed_2110/run_monash_time_unique1000/visualizations/archive_latex.tex
36,0.968468468,0.728800000,\mathrm{ZiCo} + \left(\frac{\mathrm{GradNorm}}{\mathrm{GraSP}}\right) \cdot \left(\sqrt{\mathrm{plain}}\right),ZiCo Grad_Norm GraSP Div plain Sqrt Mul Add <EOS>,(ZiCo + ((Grad_Norm / GraSP) * sqrt(plain))),0.728800000,0.744000000,154,8,4,2128,run_monash_time_unique1000,1,1,TIME__azure2019_D__5T/seed_2128/run_monash_time_unique1000/visualizations/archive_latex.tex
37,0.967567568,0.728800000,\left(\frac{\mathrm{GradNorm}}{\mathrm{GraSP}}\right) \cdot \left(\sqrt{\mathrm{plain}}\right) + \mathrm{ZiCo},Grad_Norm GraSP Div plain Sqrt Mul ZiCo Add <EOS>,(((Grad_Norm / GraSP) * sqrt(plain)) + ZiCo),0.728800000,0.744000000,137,8,4,2132,run_monash_time_unique1000,1,1,TIME__azure2019_D__5T/seed_2132/run_monash_time_unique1000/visualizations/archive_latex.tex
38,0.966666667,0.728800000,\frac{\left(\mathrm{GradNorm}\right) \cdot \left(\sqrt{\mathrm{plain}}\right)}{\mathrm{GraSP}} + \mathrm{ZiCo},Grad_Norm plain Sqrt Mul GraSP Div ZiCo Add <EOS>,(((Grad_Norm * sqrt(plain)) / GraSP) + ZiCo),0.728800000,0.744000000,24,8,5,2038,run_monash_time_unique1000,2,5,TIME__azure2019_D__5T/seed_2038/run_monash_time_unique1000/visualizations/archive_latex.tex
39,0.965765766,0.728800000,\mathrm{ZiCo} + \frac{\sqrt{\left(\mathrm{plain}\right) \cdot \left(\left(\mathrm{GradNorm}\right)^2\right)}}{\mathrm{GraSP}},ZiCo plain Grad_Norm Square Mul Sqrt GraSP Div Add <EOS>,(ZiCo + (sqrt((plain * square(Grad_Norm))) / GraSP)),0.728800000,0.744000000,91,9,6,2232,run_monash_time_unique1000,2,1,TIME__azure2019_D__5T/seed_2232/run_monash_time_unique1000/visualizations/archive_latex.tex
40,0.964864865,0.728200000,\frac{\sqrt{\log\left(\mathrm{plain}\right)}}{\left(\mathrm{GraSP}\right) \cdot \left(\mathrm{ZiCo}\right)} + \mathrm{ZiCo},plain Log Sqrt GraSP ZiCo Mul Div ZiCo Add <EOS>,((sqrt(log(plain)) / (GraSP * ZiCo)) + ZiCo),0.728200000,0.659100000,81,9,5,2089,run_monash_time_unique1000,3,1,TIME__azure2019_D__5T/seed_2089/run_monash_time_unique1000/visualizations/archive_latex.tex
41,0.963963964,0.728100000,\frac{\sqrt{\mathrm{GradNorm}} + \left(\mathrm{plain}\right)^2}{\mathrm{GraSP}} + \mathrm{ZiCo},Grad_Norm Sqrt plain Square Add GraSP Div ZiCo Add <EOS>,(((sqrt(Grad_Norm) + square(plain)) / GraSP) + ZiCo),0.728100000,0.755000000,133,9,5,2041,run_monash_time_unique1000,2,4,TIME__azure2019_D__5T/seed_2041/run_monash_time_unique1000/visualizations/archive_latex.tex
42,0.963063063,0.728100000,\mathrm{ZiCo} + \frac{\left(\mathrm{plain}\right)^2 + \sqrt{\mathrm{GradNorm}}}{\mathrm{GraSP}},ZiCo plain Square Grad_Norm Sqrt Add GraSP Div Add <EOS>,(ZiCo + ((square(plain) + sqrt(Grad_Norm)) / GraSP)),0.728100000,0.755000000,132,9,5,2196,run_monash_time_unique1000,2,4,TIME__azure2019_D__5T/seed_2196/run_monash_time_unique1000/visualizations/archive_latex.tex
43,0.962162162,0.728100000,\frac{\left(\mathrm{plain}\right)^2 + \sqrt{\mathrm{GradNorm}}}{\mathrm{GraSP}} + \mathrm{ZiCo},plain Square Grad_Norm Sqrt Add GraSP Div ZiCo Add <EOS>,(((square(plain) + sqrt(Grad_Norm)) / GraSP) + ZiCo),0.728100000,0.755000000,31,9,5,2038,run_monash_time_unique1000,3,3,TIME__azure2019_D__5T/seed_2038/run_monash_time_unique1000/visualizations/archive_latex.tex
44,0.961261261,0.728100000,\mathrm{ZiCo} + \frac{\sqrt{\mathrm{GradNorm}} + \left(\mathrm{plain}\right)^2}{\mathrm{GraSP}},ZiCo Grad_Norm Sqrt plain Square Add GraSP Div Add <EOS>,(ZiCo + ((sqrt(Grad_Norm) + square(plain)) / GraSP)),0.728100000,0.755000000,119,9,5,2109,run_monash_time_unique1000,3,3,TIME__azure2019_D__5T/seed_2109/run_monash_time_unique1000/visualizations/archive_latex.tex
45,0.960360360,0.727800000,\frac{\mathrm{GradNorm} - \log\left(\sqrt{\mathrm{JacobFro}}\right)}{\mathrm{GraSP}} + \mathrm{ZiCo},Grad_Norm Jacob_fro Sqrt Log Sub GraSP Div ZiCo Add <EOS>,(((Grad_Norm - log(sqrt(Jacob_fro))) / GraSP) + ZiCo),0.727800000,0.647900000,147,9,6,2072,run_monash_time_unique1000,5,1,TIME__azure2019_D__5T/seed_2072/run_monash_time_unique1000/visualizations/archive_latex.tex
46,0.959459459,0.727200000,\sqrt{\mathrm{ZiCo}} + \frac{\sqrt{\mathrm{GradNorm}}}{\frac{\mathrm{GraSP}}{\mathrm{plain}}},ZiCo Sqrt Grad_Norm Sqrt GraSP plain Div Div Add <EOS>,(sqrt(ZiCo) + (sqrt(Grad_Norm) / (GraSP / plain))),0.727200000,0.724900000,191,9,4,2110,run_monash_time_unique1000,2,1,TIME__azure2019_D__5T/seed_2110/run_monash_time_unique1000/visualizations/archive_latex.tex
47,0.958558559,0.727200000,\sqrt{\mathrm{ZiCo}} + \frac{\left(\mathrm{plain}\right) \cdot \left(\sqrt{\mathrm{GradNorm}}\right)}{\mathrm{GraSP}},ZiCo Sqrt plain Grad_Norm Sqrt Mul GraSP Div Add <EOS>,(sqrt(ZiCo) + ((plain * sqrt(Grad_Norm)) / GraSP)),0.727200000,0.724900000,28,9,5,2203,run_monash_time_unique1000,2,1,TIME__azure2019_D__5T/seed_2203/run_monash_time_unique1000/visualizations/archive_latex.tex
48,0.957657658,0.727200000,\sqrt{\mathrm{ZiCo}} + \frac{\left(\sqrt{\mathrm{GradNorm}}\right) \cdot \left(\mathrm{plain}\right)}{\mathrm{GraSP}},ZiCo Sqrt Grad_Norm Sqrt plain Mul GraSP Div Add <EOS>,(sqrt(ZiCo) + ((sqrt(Grad_Norm) * plain) / GraSP)),0.727200000,0.724900000,118,9,5,2213,run_monash_time_unique1000,2,2,TIME__azure2019_D__5T/seed_2213/run_monash_time_unique1000/visualizations/archive_latex.tex
49,0.956756757,0.727200000,\mathrm{ZiCo} + \frac{\mathrm{plain}}{\left(\mathrm{GradNorm}\right)^2 + \mathrm{GraSP}},ZiCo plain Grad_Norm Square GraSP Add Div Add <EOS>,(ZiCo + (plain / (square(Grad_Norm) + GraSP))),0.727200000,0.660200000,180,8,5,2196,run_monash_time_unique1000,3,1,TIME__azure2019_D__5T/seed_2196/run_monash_time_unique1000/visualizations/archive_latex.tex
50,0.955855856,0.727200000,\frac{\left(\sqrt{\mathrm{GradNorm}}\right) \cdot \left(\mathrm{plain}\right)}{\mathrm{GraSP}} + \sqrt{\mathrm{ZiCo}},Grad_Norm Sqrt plain Mul GraSP Div ZiCo Sqrt Add <EOS>,(((sqrt(Grad_Norm) * plain) / GraSP) + sqrt(ZiCo)),0.727200000,0.724900000,57,9,5,2038,run_monash_time_unique1000,4,2,TIME__azure2019_D__5T/seed_2038/run_monash_time_unique1000/visualizations/archive_latex.tex
51,0.954954955,0.727200000,\frac{\mathrm{plain}}{\left(\mathrm{GradNorm}\right)^2 + \mathrm{GraSP}} + \mathrm{ZiCo},plain Grad_Norm Square GraSP Add Div ZiCo Add <EOS>,((plain / (square(Grad_Norm) + GraSP)) + ZiCo),0.727200000,0.660200000,133,8,5,2089,run_monash_time_unique1000,5,1,TIME__azure2019_D__5T/seed_2089/run_monash_time_unique1000/visualizations/archive_latex.tex
52,0.954054054,0.727100000,\mathrm{ZiCo} - \frac{\log\left(\mathrm{GradNorm}\right)}{\left(\log\left(\mathrm{GraSP}\right)\right)^2},ZiCo Grad_Norm Log GraSP Log Square Div Sub <EOS>,(ZiCo - (log(Grad_Norm) / square(log(GraSP)))),0.727100000,0.692700000,198,8,5,2093,run_monash_time_unique1000,1,1,TIME__azure2019_D__5T/seed_2093/run_monash_time_unique1000/visualizations/archive_latex.tex
53,0.953153153,0.726600000,\frac{\sqrt{\left(\mathrm{GradNorm}\right) \cdot \left(\mathrm{plain}\right)}}{\mathrm{GraSP}} + \left(\mathrm{ZiCo}\right)^2,Grad_Norm plain Mul Sqrt GraSP Div ZiCo Square Add <EOS>,((sqrt((Grad_Norm * plain)) / GraSP) + square(ZiCo)),0.726600000,0.735300000,111,9,5,2170,run_monash_time_unique1000,1,1,TIME__azure2019_D__5T/seed_2170/run_monash_time_unique1000/visualizations/archive_latex.tex
54,0.952252252,0.726600000,\frac{\sqrt{\left(\mathrm{plain}\right) \cdot \left(\mathrm{GradNorm}\right)}}{\mathrm{GraSP}} + \left(\mathrm{ZiCo}\right)^2,plain Grad_Norm Mul Sqrt GraSP Div ZiCo Square Add <EOS>,((sqrt((plain * Grad_Norm)) / GraSP) + square(ZiCo)),0.726600000,0.735300000,46,9,5,2123,run_monash_time_unique1000,3,1,TIME__azure2019_D__5T/seed_2123/run_monash_time_unique1000/visualizations/archive_latex.tex
55,0.951351351,0.726300000,\left(\mathrm{ZiCo}\right)^2 + \frac{\left(\mathrm{plain}\right) \cdot \left(\log\left(\mathrm{GradNorm}\right)\right)}{\mathrm{GraSP}},ZiCo Square plain Grad_Norm Log Mul GraSP Div Add <EOS>,(square(ZiCo) + ((plain * log(Grad_Norm)) / GraSP)),0.726300000,0.694100000,68,9,5,2203,run_monash_time_unique1000,3,1,TIME__azure2019_D__5T/seed_2203/run_monash_time_unique1000/visualizations/archive_latex.tex
56,0.950450450,0.726100000,\log\left(\mathrm{ZiCo}\right) + \frac{\log\left(\mathrm{GradNorm}\right)}{\frac{\mathrm{GraSP}}{\mathrm{GradNorm}}},ZiCo Log Grad_Norm Log GraSP Grad_Norm Div Div Add <EOS>,(log(ZiCo) + (log(Grad_Norm) / (GraSP / Grad_Norm))),0.726100000,0.680600000,119,9,4,2083,run_monash_time_unique1000,3,1,TIME__azure2019_D__5T/seed_2083/run_monash_time_unique1000/visualizations/archive_latex.tex
57,0.949549550,0.726100000,\frac{\left(\log\left(\mathrm{GradNorm}\right)\right) \cdot \left(\mathrm{GradNorm}\right)}{\mathrm{GraSP}} + \log\left(\mathrm{ZiCo}\right),Grad_Norm Log Grad_Norm Mul GraSP Div ZiCo Log Add <EOS>,(((log(Grad_Norm) * Grad_Norm) / GraSP) + log(ZiCo)),0.726100000,0.680600000,137,9,5,2123,run_monash_time_unique1000,4,1,TIME__azure2019_D__5T/seed_2123/run_monash_time_unique1000/visualizations/archive_latex.tex
58,0.948648649,0.726000000,\left(\left(\mathrm{ZiCo}\right)^2\right) \cdot \left(\log\left(\mathrm{L2Norm} - \frac{\mathrm{GraSP}}{\mathrm{plain}}\right)\right),ZiCo Square L2-Norm GraSP plain Div Sub Log Mul <EOS>,(square(ZiCo) * log((L2-Norm - (GraSP / plain)))),0.726000000,0.728400000,112,9,5,2028,run_monash_time_unique1000,1,16,TIME__azure2019_D__5T/seed_2028/run_monash_time_unique1000/visualizations/archive_latex.tex
59,0.947747748,0.726000000,\left(\left(\mathrm{ZiCo}\right)^2\right) \cdot \left(\log\left(\frac{\mathrm{GraSP}}{\mathrm{plain}} - \mathrm{L2Norm}\right)\right),ZiCo Square GraSP plain Div L2-Norm Sub Log Mul <EOS>,(square(ZiCo) * log(((GraSP / plain) - L2-Norm))),0.726000000,0.728400000,105,9,5,2042,run_monash_time_unique1000,1,18,TIME__azure2019_D__5T/seed_2042/run_monash_time_unique1000/visualizations/archive_latex.tex
60,0.946846847,0.726000000,\left(\log\left(\frac{\mathrm{GraSP}}{\mathrm{plain}} - \mathrm{L2Norm}\right)\right) \cdot \left(\left(\mathrm{ZiCo}\right)^2\right),GraSP plain Div L2-Norm Sub Log ZiCo Square Mul <EOS>,(log(((GraSP / plain) - L2-Norm)) * square(ZiCo)),0.726000000,0.728400000,78,9,5,2047,run_monash_time_unique1000,1,11,TIME__azure2019_D__5T/seed_2047/run_monash_time_unique1000/visualizations/archive_latex.tex
61,0.945945946,0.726000000,\left(\log\left(\mathrm{L2Norm} - \frac{\mathrm{GraSP}}{\mathrm{plain}}\right)\right) \cdot \left(\left(\mathrm{ZiCo}\right)^2\right),L2-Norm GraSP plain Div Sub Log ZiCo Square Mul <EOS>,(log((L2-Norm - (GraSP / plain))) * square(ZiCo)),0.726000000,0.728400000,34,9,5,2059,run_monash_time_unique1000,1,13,TIME__azure2019_D__5T/seed_2059/run_monash_time_unique1000/visualizations/archive_latex.tex
62,0.945045045,0.726000000,\left(\sqrt{\log\left(\mathrm{L2Norm} - \frac{\mathrm{GraSP}}{\mathrm{plain}}\right)}\right) \cdot \left(\mathrm{ZiCo}\right),L2-Norm GraSP plain Div Sub Log Sqrt ZiCo Mul <EOS>,(sqrt(log((L2-Norm - (GraSP / plain)))) * ZiCo),0.726000000,0.728400000,105,9,6,2063,run_monash_time_unique1000,1,2,TIME__azure2019_D__5T/seed_2063/run_monash_time_unique1000/visualizations/archive_latex.tex
63,0.944144144,0.726000000,\left(\mathrm{ZiCo}\right) \cdot \left(\sqrt{\log\left(\mathrm{L2Norm} - \frac{\mathrm{GraSP}}{\mathrm{plain}}\right)}\right),ZiCo L2-Norm GraSP plain Div Sub Log Sqrt Mul <EOS>,(ZiCo * sqrt(log((L2-Norm - (GraSP / plain))))),0.726000000,0.728400000,132,9,6,2088,run_monash_time_unique1000,1,3,TIME__azure2019_D__5T/seed_2088/run_monash_time_unique1000/visualizations/archive_latex.tex
64,0.943243243,0.726000000,\left(\mathrm{ZiCo}\right) \cdot \left(\sqrt{\log\left(\frac{\mathrm{GraSP}}{\mathrm{plain}} - \mathrm{L2Norm}\right)}\right),ZiCo GraSP plain Div L2-Norm Sub Log Sqrt Mul <EOS>,(ZiCo * sqrt(log(((GraSP / plain) - L2-Norm)))),0.726000000,0.728400000,142,9,6,2194,run_monash_time_unique1000,1,1,TIME__azure2019_D__5T/seed_2194/run_monash_time_unique1000/visualizations/archive_latex.tex
65,0.942342342,0.726000000,\left(\sqrt{\log\left(\frac{\mathrm{GraSP}}{\mathrm{plain}} - \mathrm{L2Norm}\right)}\right) \cdot \left(\mathrm{ZiCo}\right),GraSP plain Div L2-Norm Sub Log Sqrt ZiCo Mul <EOS>,(sqrt(log(((GraSP / plain) - L2-Norm))) * ZiCo),0.726000000,0.728400000,102,9,6,2225,run_monash_time_unique1000,1,1,TIME__azure2019_D__5T/seed_2225/run_monash_time_unique1000/visualizations/archive_latex.tex
66,0.941441441,0.725900000,\mathrm{ZiCo} + \frac{\mathrm{plain} + \left(\log\left(\mathrm{GradNorm}\right)\right)^2}{\mathrm{GraSP}},ZiCo plain Grad_Norm Log Square Add GraSP Div Add <EOS>,(ZiCo + ((plain + square(log(Grad_Norm))) / GraSP)),0.725900000,0.732300000,149,9,6,2049,run_monash_time_unique1000,5,1,TIME__azure2019_D__5T/seed_2049/run_monash_time_unique1000/visualizations/archive_latex.tex
67,0.940540541,0.725600000,\mathrm{ZiCo} - \sqrt{\frac{\mathrm{MParams}}{\left(\mathrm{GraSP}\right) \cdot \left(\mathrm{GFLOPs}\right)}},ZiCo MParams GraSP GFLOPs Mul Div Sqrt Sub <EOS>,(ZiCo - sqrt((MParams / (GraSP * GFLOPs)))),0.725600000,0.738700000,170,8,5,2048,run_monash_time_unique1000,1,1,TIME__azure2019_D__5T/seed_2048/run_monash_time_unique1000/visualizations/archive_latex.tex
68,0.939639640,0.725600000,\mathrm{ZiCo} - \sqrt{\frac{\frac{\mathrm{MParams}}{\mathrm{GFLOPs}}}{\mathrm{GraSP}}},ZiCo MParams GFLOPs Div GraSP Div Sqrt Sub <EOS>,(ZiCo - sqrt(((MParams / GFLOPs) / GraSP))),0.725600000,0.738700000,108,8,5,2171,run_monash_time_unique1000,1,1,TIME__azure2019_D__5T/seed_2171/run_monash_time_unique1000/visualizations/archive_latex.tex
69,0.938738739,0.725300000,\left(\mathrm{ZiCo}\right)^2 + \frac{\sqrt{\mathrm{GradNorm}}}{\frac{\mathrm{GraSP}}{\mathrm{plain}}},ZiCo Square Grad_Norm Sqrt GraSP plain Div Div Add <EOS>,(square(ZiCo) + (sqrt(Grad_Norm) / (GraSP / plain))),0.725300000,0.723600000,129,9,4,2128,run_monash_time_unique1000,2,1,TIME__azure2019_D__5T/seed_2128/run_monash_time_unique1000/visualizations/archive_latex.tex
70,0.937837838,0.725300000,\frac{\left(\sqrt{\mathrm{GradNorm}}\right) \cdot \left(\mathrm{plain}\right)}{\mathrm{GraSP}} + \left(\mathrm{ZiCo}\right)^2,Grad_Norm Sqrt plain Mul GraSP Div ZiCo Square Add <EOS>,(((sqrt(Grad_Norm) * plain) / GraSP) + square(ZiCo)),0.725300000,0.723600000,146,9,5,2089,run_monash_time_unique1000,6,1,TIME__azure2019_D__5T/seed_2089/run_monash_time_unique1000/visualizations/archive_latex.tex
71,0.936936937,0.725000000,\mathrm{ZiCo} + \frac{\mathrm{L2Norm}}{-\left(\mathrm{GSynFlow} + \mathrm{GraSP}\right)^2},ZiCo L2-Norm GSynFlow GraSP Add Square Negative Div Add <EOS>,(ZiCo + (L2-Norm / -(square((GSynFlow + GraSP))))),0.725000000,0.693800000,10,9,6,2044,run_monash_time_unique1000,1,1,TIME__azure2019_D__5T/seed_2044/run_monash_time_unique1000/visualizations/archive_latex.tex
72,0.936036036,0.725000000,\sqrt{\mathrm{ZiCo}} + \left(\frac{\sqrt{\mathrm{plain}}}{\mathrm{GraSP}}\right) \cdot \left(\mathrm{GradNorm}\right),ZiCo Sqrt plain Sqrt GraSP Div Grad_Norm Mul Add <EOS>,(sqrt(ZiCo) + ((sqrt(plain) / GraSP) * Grad_Norm)),0.725000000,0.749400000,41,9,5,2192,run_monash_time_unique1000,5,1,TIME__azure2019_D__5T/seed_2192/run_monash_time_unique1000/visualizations/archive_latex.tex
73,0.935135135,0.724900000,\mathrm{ZiCo} + \frac{\mathrm{Fisher} + \left(\log\left(\mathrm{GradNorm}\right)\right)^2}{\mathrm{GraSP}},ZiCo Fisher Grad_Norm Log Square Add GraSP Div Add <EOS>,(ZiCo + ((Fisher + square(log(Grad_Norm))) / GraSP)),0.724900000,0.698200000,19,9,6,2158,run_monash_time_unique1000,2,1,TIME__azure2019_D__5T/seed_2158/run_monash_time_unique1000/visualizations/archive_latex.tex
74,0.934234234,0.724700000,\mathrm{ZiCo} + \mathrm{ZiCo} - \sqrt{\frac{\mathrm{plain}}{\mathrm{GraSP}}},ZiCo ZiCo plain GraSP Div Sqrt Sub Add <EOS>,(ZiCo + (ZiCo - sqrt((plain / GraSP)))),0.724700000,0.740000000,72,8,5,2262,run_monash_time_unique1000,1,1,TIME__azure2019_D__5T/seed_2262/run_monash_time_unique1000/visualizations/archive_latex.tex
75,0.933333333,0.724600000,\frac{\mathrm{GradNorm} + \log\left(\left(\mathrm{plain}\right)^2\right)}{\mathrm{GraSP}} + \mathrm{ZiCo},Grad_Norm plain Square Log Add GraSP Div ZiCo Add <EOS>,(((Grad_Norm + log(square(plain))) / GraSP) + ZiCo),0.724600000,0.738400000,73,9,6,2089,run_monash_time_unique1000,7,1,TIME__azure2019_D__5T/seed_2089/run_monash_time_unique1000/visualizations/archive_latex.tex
76,0.932432432,0.724400000,\mathrm{ZiCo} + \frac{\mathrm{ZiCo}}{\log\left(\frac{\mathrm{plain}}{\mathrm{GraSP}}\right)},ZiCo ZiCo plain GraSP Div Log Div Add <EOS>,(ZiCo + (ZiCo / log((plain / GraSP)))),0.724400000,0.691700000,41,8,5,2256,run_monash_time_unique1000,1,1,TIME__azure2019_D__5T/seed_2256/run_monash_time_unique1000/visualizations/archive_latex.tex
77,0.931531532,0.724400000,\mathrm{ZiCo} + \frac{\log\left(\mathrm{GradNorm}\right) + \mathrm{plain}}{\mathrm{GraSP}},ZiCo Grad_Norm Log plain Add GraSP Div Add <EOS>,(ZiCo + ((log(Grad_Norm) + plain) / GraSP)),0.724400000,0.734300000,71,8,5,2107,run_monash_time_unique1000,2,3,TIME__azure2019_D__5T/seed_2107/run_monash_time_unique1000/visualizations/archive_latex.tex
78,0.930630631,0.724400000,\frac{\mathrm{plain} + \log\left(\mathrm{GradNorm}\right)}{\mathrm{GraSP}} + \mathrm{ZiCo},plain Grad_Norm Log Add GraSP Div ZiCo Add <EOS>,(((plain + log(Grad_Norm)) / GraSP) + ZiCo),0.724400000,0.734300000,83,8,5,2077,run_monash_time_unique1000,3,2,TIME__azure2019_D__5T/seed_2077/run_monash_time_unique1000/visualizations/archive_latex.tex
79,0.929729730,0.724400000,\mathrm{ZiCo} + \frac{\mathrm{plain} + \log\left(\mathrm{GradNorm}\right)}{\mathrm{GraSP}},ZiCo plain Grad_Norm Log Add GraSP Div Add <EOS>,(ZiCo + ((plain + log(Grad_Norm)) / GraSP)),0.724400000,0.734300000,94,8,5,2203,run_monash_time_unique1000,4,1,TIME__azure2019_D__5T/seed_2203/run_monash_time_unique1000/visualizations/archive_latex.tex
80,0.928828829,0.724400000,\frac{\log\left(\mathrm{GradNorm}\right) + \mathrm{plain}}{\mathrm{GraSP}} + \mathrm{ZiCo},Grad_Norm Log plain Add GraSP Div ZiCo Add <EOS>,(((log(Grad_Norm) + plain) / GraSP) + ZiCo),0.724400000,0.734300000,136,8,5,2072,run_monash_time_unique1000,7,1,TIME__azure2019_D__5T/seed_2072/run_monash_time_unique1000/visualizations/archive_latex.tex
81,0.927927928,0.724300000,\mathrm{ZiCo} - \sqrt{\frac{\mathrm{plain}}{\left(\log\left(\mathrm{L2Norm}\right)\right) \cdot \left(\mathrm{GraSP}\right)}},ZiCo plain L2-Norm Log GraSP Mul Div Sqrt Sub <EOS>,(ZiCo - sqrt((plain / (log(L2-Norm) * GraSP)))),0.724300000,0.740500000,197,9,6,2087,run_monash_time_unique1000,1,4,TIME__azure2019_D__5T/seed_2087/run_monash_time_unique1000/visualizations/archive_latex.tex
82,0.927027027,0.724300000,\mathrm{ZiCo} - \sqrt{\frac{\mathrm{plain}}{\left(\mathrm{GraSP}\right) \cdot \left(\log\left(\mathrm{L2Norm}\right)\right)}},ZiCo plain GraSP L2-Norm Log Mul Div Sqrt Sub <EOS>,(ZiCo - sqrt((plain / (GraSP * log(L2-Norm))))),0.724300000,0.740500000,127,9,6,2115,run_monash_time_unique1000,1,2,TIME__azure2019_D__5T/seed_2115/run_monash_time_unique1000/visualizations/archive_latex.tex
83,0.926126126,0.724300000,\mathrm{ZiCo} - \sqrt{\frac{\frac{\mathrm{plain}}{\mathrm{GraSP}}}{\log\left(\mathrm{L2Norm}\right)}},ZiCo plain GraSP Div L2-Norm Log Div Sqrt Sub <EOS>,(ZiCo - sqrt(((plain / GraSP) / log(L2-Norm)))),0.724300000,0.740500000,85,9,5,2240,run_monash_time_unique1000,1,1,TIME__azure2019_D__5T/seed_2240/run_monash_time_unique1000/visualizations/archive_latex.tex
84,0.925225225,0.724200000,\frac{\left(\log\left(\mathrm{GradNorm}\right)\right) \cdot \left(\mathrm{plain}\right)}{\mathrm{GraSP}} + \sqrt{\mathrm{ZiCo}},Grad_Norm Log plain Mul GraSP Div ZiCo Sqrt Add <EOS>,(((log(Grad_Norm) * plain) / GraSP) + sqrt(ZiCo)),0.724200000,0.694000000,88,9,5,2228,run_monash_time_unique1000,1,5,TIME__azure2019_D__5T/seed_2228/run_monash_time_unique1000/visualizations/archive_latex.tex
85,0.924324324,0.724200000,\log\left(\sqrt{\mathrm{ZiCo}}\right) + \frac{\mathrm{GradNorm}}{\frac{\mathrm{GraSP}}{\mathrm{plain}}},ZiCo Sqrt Log Grad_Norm GraSP plain Div Div Add <EOS>,(log(sqrt(ZiCo)) + (Grad_Norm / (GraSP / plain))),0.724200000,0.697900000,78,9,4,2135,run_monash_time_unique1000,2,1,TIME__azure2019_D__5T/seed_2135/run_monash_time_unique1000/visualizations/archive_latex.tex
86,0.923423423,0.724200000,\sqrt{\mathrm{ZiCo}} + \frac{\log\left(\mathrm{GradNorm}\right)}{\frac{\mathrm{GraSP}}{\mathrm{plain}}},ZiCo Sqrt Grad_Norm Log GraSP plain Div Div Add <EOS>,(sqrt(ZiCo) + (log(Grad_Norm) / (GraSP / plain))),0.724200000,0.694000000,175,9,4,2158,run_monash_time_unique1000,3,1,TIME__azure2019_D__5T/seed_2158/run_monash_time_unique1000/visualizations/archive_latex.tex
87,0.922522523,0.724200000,\frac{\left(\mathrm{GradNorm}\right) \cdot \left(\mathrm{plain}\right)}{\mathrm{GraSP}} + \log\left(\sqrt{\mathrm{ZiCo}}\right),Grad_Norm plain Mul GraSP Div ZiCo Sqrt Log Add <EOS>,(((Grad_Norm * plain) / GraSP) + log(sqrt(ZiCo))),0.724200000,0.697900000,142,9,4,2266,run_monash_time_unique1000,3,1,TIME__azure2019_D__5T/seed_2266/run_monash_time_unique1000/visualizations/archive_latex.tex
88,0.921621622,0.724200000,\frac{\left(\mathrm{plain}\right) \cdot \left(\log\left(\mathrm{GradNorm}\right)\right)}{\mathrm{GraSP}} + \sqrt{\mathrm{ZiCo}},plain Grad_Norm Log Mul GraSP Div ZiCo Sqrt Add <EOS>,(((plain * log(Grad_Norm)) / GraSP) + sqrt(ZiCo)),0.724200000,0.694000000,162,9,5,2077,run_monash_time_unique1000,4,1,TIME__azure2019_D__5T/seed_2077/run_monash_time_unique1000/visualizations/archive_latex.tex
89,0.920720721,0.724200000,\sqrt{\mathrm{ZiCo}} + \frac{\left(\mathrm{plain}\right) \cdot \left(\log\left(\mathrm{GradNorm}\right)\right)}{\mathrm{GraSP}},ZiCo Sqrt plain Grad_Norm Log Mul GraSP Div Add <EOS>,(sqrt(ZiCo) + ((plain * log(Grad_Norm)) / GraSP)),0.724200000,0.694000000,75,9,5,2109,run_monash_time_unique1000,4,4,TIME__azure2019_D__5T/seed_2109/run_monash_time_unique1000/visualizations/archive_latex.tex
90,0.919819820,0.724200000,\sqrt{\mathrm{ZiCo}} + \frac{\left(\log\left(\mathrm{GradNorm}\right)\right) \cdot \left(\mathrm{plain}\right)}{\mathrm{GraSP}},ZiCo Sqrt Grad_Norm Log plain Mul GraSP Div Add <EOS>,(sqrt(ZiCo) + ((log(Grad_Norm) * plain) / GraSP)),0.724200000,0.694000000,129,9,5,2213,run_monash_time_unique1000,4,4,TIME__azure2019_D__5T/seed_2213/run_monash_time_unique1000/visualizations/archive_latex.tex
91,0.918918919,0.724200000,\frac{\left(\mathrm{plain}\right) \cdot \left(\mathrm{GradNorm}\right)}{\mathrm{GraSP}} + \log\left(\sqrt{\mathrm{ZiCo}}\right),plain Grad_Norm Mul GraSP Div ZiCo Sqrt Log Add <EOS>,(((plain * Grad_Norm) / GraSP) + log(sqrt(ZiCo))),0.724200000,0.697900000,136,9,4,2123,run_monash_time_unique1000,6,1,TIME__azure2019_D__5T/seed_2123/run_monash_time_unique1000/visualizations/archive_latex.tex
92,0.918018018,0.724200000,\sqrt{\mathrm{ZiCo}} + \left(\frac{\mathrm{plain}}{\mathrm{GraSP}}\right) \cdot \left(\log\left(\mathrm{GradNorm}\right)\right),ZiCo Sqrt plain GraSP Div Grad_Norm Log Mul Add <EOS>,(sqrt(ZiCo) + ((plain / GraSP) * log(Grad_Norm))),0.724200000,0.694000000,57,9,4,2192,run_monash_time_unique1000,6,1,TIME__azure2019_D__5T/seed_2192/run_monash_time_unique1000/visualizations/archive_latex.tex
93,0.917117117,0.724100000,\mathrm{ZiCo} - \frac{\mathrm{GradNorm}}{\left(\mathrm{GFLOPs}\right)^2 - \mathrm{GraSP}},ZiCo Grad_Norm GFLOPs Square GraSP Sub Div Sub <EOS>,(ZiCo - (Grad_Norm / (square(GFLOPs) - GraSP))),0.724100000,0.713200000,97,8,5,2104,run_monash_time_unique1000,2,1,TIME__azure2019_D__5T/seed_2104/run_monash_time_unique1000/visualizations/archive_latex.tex
94,0.916216216,0.724100000,\frac{\mathrm{GradNorm}}{\mathrm{GraSP} - \left(\mathrm{GFLOPs}\right)^2} + \mathrm{ZiCo},Grad_Norm GraSP GFLOPs Square Sub Div ZiCo Add <EOS>,((Grad_Norm / (GraSP - square(GFLOPs))) + ZiCo),0.724100000,0.713200000,11,8,5,2193,run_monash_time_unique1000,5,1,TIME__azure2019_D__5T/seed_2193/run_monash_time_unique1000/visualizations/archive_latex.tex
95,0.915315315,0.724000000,\log\left(\mathrm{ZiCo}\right) + \frac{\mathrm{GradNorm}}{\left(\mathrm{GradNorm}\right)^2 + \mathrm{GraSP}},ZiCo Log Grad_Norm Grad_Norm Square GraSP Add Div Add <EOS>,(log(ZiCo) + (Grad_Norm / (square(Grad_Norm) + GraSP))),0.724000000,0.664700000,33,9,5,2090,run_monash_time_unique1000,2,1,TIME__azure2019_D__5T/seed_2090/run_monash_time_unique1000/visualizations/archive_latex.tex
96,0.914414414,0.723800000,\left(\mathrm{ZiCo}\right)^2 + \frac{\log\left(\left(\mathrm{plain}\right) \cdot \left(\mathrm{GradNorm}\right)\right)}{\mathrm{GraSP}},ZiCo Square plain Grad_Norm Mul Log GraSP Div Add <EOS>,(square(ZiCo) + (log((plain * Grad_Norm)) / GraSP)),0.723800000,0.705800000,10,9,5,2040,run_monash_time_unique1000,2,1,TIME__azure2019_D__5T/seed_2040/run_monash_time_unique1000/visualizations/archive_latex.tex
97,0.913513514,0.723800000,\mathrm{ZiCo} - \sqrt{\frac{\mathrm{plain}}{\left(\mathrm{GraSP}\right) \cdot \left(\sqrt{\mathrm{GraSP}}\right)}},ZiCo plain GraSP GraSP Sqrt Mul Div Sqrt Sub <EOS>,(ZiCo - sqrt((plain / (GraSP * sqrt(GraSP))))),0.723800000,0.739200000,169,9,6,2087,run_monash_time_unique1000,2,1,TIME__azure2019_D__5T/seed_2087/run_monash_time_unique1000/visualizations/archive_latex.tex
98,0.912612613,0.723800000,\log\left(\mathrm{ZiCo}\right) + \frac{\sqrt{\mathrm{GradNorm}}}{\frac{\mathrm{GraSP}}{\mathrm{GradNorm}}},ZiCo Log Grad_Norm Sqrt GraSP Grad_Norm Div Div Add <EOS>,(log(ZiCo) + (sqrt(Grad_Norm) / (GraSP / Grad_Norm))),0.723800000,0.699900000,126,9,4,2083,run_monash_time_unique1000,4,1,TIME__azure2019_D__5T/seed_2083/run_monash_time_unique1000/visualizations/archive_latex.tex
99,0.911711712,0.723800000,\left(\mathrm{ZiCo}\right)^2 + \frac{\log\left(\left(\mathrm{GradNorm}\right) \cdot \left(\mathrm{plain}\right)\right)}{\mathrm{GraSP}},ZiCo Square Grad_Norm plain Mul Log GraSP Div Add <EOS>,(square(ZiCo) + (log((Grad_Norm * plain)) / GraSP)),0.723800000,0.705800000,69,9,5,2049,run_monash_time_unique1000,8,1,TIME__azure2019_D__5T/seed_2049/run_monash_time_unique1000/visualizations/archive_latex.tex
100,0.910810811,0.723600000,\mathrm{ZiCo} - \sqrt{\frac{\log\left(\mathrm{plain}\right)}{\left(\mathrm{plain}\right) \cdot \left(\mathrm{GraSP}\right)}},ZiCo plain Log plain GraSP Mul Div Sqrt Sub <EOS>,(ZiCo - sqrt((log(plain) / (plain * GraSP)))),0.723600000,0.642800000,187,9,5,2048,run_monash_time_unique1000,2,1,TIME__azure2019_D__5T/seed_2048/run_monash_time_unique1000/visualizations/archive_latex.tex
101,0.909909910,0.723600000,\left(\mathrm{ZiCo}\right)^2 + \frac{\log\left(\left(\mathrm{Fisher}\right) \cdot \left(\mathrm{Snip}\right)\right)}{\mathrm{GraSP}},ZiCo Square Fisher Snip Mul Log GraSP Div Add <EOS>,(square(ZiCo) + (log((Fisher * Snip)) / GraSP)),0.723600000,0.726400000,14,9,5,2040,run_monash_time_unique1000,3,1,TIME__azure2019_D__5T/seed_2040/run_monash_time_unique1000/visualizations/archive_latex.tex
102,0.909009009,0.723500000,\left(\left(\mathrm{ZiCo}\right)^2\right) \cdot \left(\log\left(\log\left(\frac{\mathrm{plain}}{\mathrm{GraSP}}\right)\right)\right),ZiCo Square plain GraSP Div Log Log Mul <EOS>,(square(ZiCo) * log(log((plain / GraSP)))),0.723500000,0.745800000,19,8,5,2027,run_monash_time_unique1000,1,17,TIME__azure2019_D__5T/seed_2027/run_monash_time_unique1000/visualizations/archive_latex.tex
103,0.908108108,0.723500000,\left(\log\left(\log\left(\frac{\mathrm{GraSP}}{\mathrm{plain}}\right)\right)\right) \cdot \left(\left(\mathrm{ZiCo}\right)^2\right),GraSP plain Div Log Log ZiCo Square Mul <EOS>,(log(log((GraSP / plain))) * square(ZiCo)),0.723500000,0.745800000,66,8,5,2029,run_monash_time_unique1000,1,53,TIME__azure2019_D__5T/seed_2029/run_monash_time_unique1000/visualizations/archive_latex.tex
104,0.907207207,0.723500000,\left(\left(\mathrm{ZiCo}\right)^2\right) \cdot \left(\log\left(\log\left(\frac{\mathrm{GraSP}}{\mathrm{plain}}\right)\right)\right),ZiCo Square GraSP plain Div Log Log Mul <EOS>,(square(ZiCo) * log(log((GraSP / plain)))),0.723500000,0.745800000,52,8,5,2031,run_monash_time_unique1000,1,78,TIME__azure2019_D__5T/seed_2031/run_monash_time_unique1000/visualizations/archive_latex.tex
105,0.906306306,0.723500000,\left(\log\left(\log\left(\mathrm{plain}\right) - \log\left(\mathrm{GraSP}\right)\right)\right) \cdot \left(\left(\mathrm{ZiCo}\right)^2\right),plain Log GraSP Log Sub Log ZiCo Square Mul <EOS>,(log((log(plain) - log(GraSP))) * square(ZiCo)),0.723500000,0.745800000,149,9,5,2036,run_monash_time_unique1000,1,3,TIME__azure2019_D__5T/seed_2036/run_monash_time_unique1000/visualizations/archive_latex.tex
106,0.905405405,0.723500000,\left(\log\left(\log\left(\mathrm{GraSP}\right) - \log\left(\mathrm{plain}\right)\right)\right) \cdot \left(\left(\mathrm{ZiCo}\right)^2\right),GraSP Log plain Log Sub Log ZiCo Square Mul <EOS>,(log((log(GraSP) - log(plain))) * square(ZiCo)),0.723500000,0.745800000,82,9,5,2058,run_monash_time_unique1000,1,1,TIME__azure2019_D__5T/seed_2058/run_monash_time_unique1000/visualizations/archive_latex.tex
107,0.904504505,0.723500000,\left(\left(\mathrm{ZiCo}\right)^2\right) \cdot \left(\log\left(\log\left(\mathrm{plain}\right) - \log\left(\mathrm{GraSP}\right)\right)\right),ZiCo Square plain Log GraSP Log Sub Log Mul <EOS>,(square(ZiCo) * log((log(plain) - log(GraSP)))),0.723500000,0.745800000,155,9,5,2071,run_monash_time_unique1000,1,1,TIME__azure2019_D__5T/seed_2071/run_monash_time_unique1000/visualizations/archive_latex.tex
108,0.903603604,0.723500000,\left(\log\left(\log\left(\frac{\mathrm{plain}}{\mathrm{GraSP}}\right)\right)\right) \cdot \left(\left(\mathrm{ZiCo}\right)^2\right),plain GraSP Div Log Log ZiCo Square Mul <EOS>,(log(log((plain / GraSP))) * square(ZiCo)),0.723500000,0.745800000,34,8,5,2084,run_monash_time_unique1000,1,12,TIME__azure2019_D__5T/seed_2084/run_monash_time_unique1000/visualizations/archive_latex.tex
109,0.902702703,0.723500000,\left(\left(\mathrm{ZiCo}\right)^2\right) \cdot \left(\log\left(\log\left(\mathrm{GraSP}\right) - \log\left(\mathrm{plain}\right)\right)\right),ZiCo Square GraSP Log plain Log Sub Log Mul <EOS>,(square(ZiCo) * log((log(GraSP) - log(plain)))),0.723500000,0.745800000,116,9,5,2095,run_monash_time_unique1000,1,2,TIME__azure2019_D__5T/seed_2095/run_monash_time_unique1000/visualizations/archive_latex.tex
110,0.901801802,0.723500000,\left(\left(\left(\mathrm{ZiCo}\right)^2\right) \cdot \left(\log\left(\log\left(\frac{\mathrm{plain}}{\mathrm{GraSP}}\right)\right)\right)\right)^2,ZiCo Square plain GraSP Div Log Log Mul Square <EOS>,square((square(ZiCo) * log(log((plain / GraSP))))),0.723500000,0.707700000,57,9,6,2078,run_monash_time_unique1000,2,1,TIME__azure2019_D__5T/seed_2078/run_monash_time_unique1000/visualizations/archive_latex.tex
111,0.900900901,0.723500000,\left(\left(\left(\mathrm{ZiCo}\right)^2\right) \cdot \left(\log\left(\log\left(\frac{\mathrm{GraSP}}{\mathrm{plain}}\right)\right)\right)\right)^2,ZiCo Square GraSP plain Div Log Log Mul Square <EOS>,square((square(ZiCo) * log(log((GraSP / plain))))),0.723500000,0.707700000,27,9,6,2117,run_monash_time_unique1000,2,1,TIME__azure2019_D__5T/seed_2117/run_monash_time_unique1000/visualizations/archive_latex.tex
112,0.900000000,0.723500000,\left(\left(\log\left(\log\left(\frac{\mathrm{GraSP}}{\mathrm{plain}}\right)\right)\right) \cdot \left(\left(\mathrm{ZiCo}\right)^2\right)\right)^2,GraSP plain Div Log Log ZiCo Square Mul Square <EOS>,square((log(log((GraSP / plain))) * square(ZiCo))),0.723500000,0.707700000,63,9,6,2148,run_monash_time_unique1000,2,1,TIME__azure2019_D__5T/seed_2148/run_monash_time_unique1000/visualizations/archive_latex.tex
113,0.899099099,0.723500000,\sqrt{\left(\log\left(\log\left(\frac{\mathrm{plain}}{\mathrm{GraSP}}\right)\right)\right) \cdot \left(\left(\mathrm{ZiCo}\right)^2\right)},plain GraSP Div Log Log ZiCo Square Mul Sqrt <EOS>,sqrt((log(log((plain / GraSP))) * square(ZiCo))),0.723500000,0.707700000,32,9,6,2224,run_monash_time_unique1000,2,1,TIME__azure2019_D__5T/seed_2224/run_monash_time_unique1000/visualizations/archive_latex.tex
114,0.898198198,0.723500000,\log\left(\left(\left(\mathrm{ZiCo}\right)^2\right) \cdot \left(\log\left(\log\left(\frac{\mathrm{GraSP}}{\mathrm{plain}}\right)\right)\right)\right),ZiCo Square GraSP plain Div Log Log Mul Log <EOS>,log((square(ZiCo) * log(log((GraSP / plain))))),0.723500000,0.707700000,52,9,6,2050,run_monash_time_unique1000,3,1,TIME__azure2019_D__5T/seed_2050/run_monash_time_unique1000/visualizations/archive_latex.tex
115,0.897297297,0.723500000,\left(\mathrm{ZiCo}\right) \cdot \left(\sqrt{\log\left(\log\left(\mathrm{plain}\right) - \log\left(\mathrm{GraSP}\right)\right)}\right),ZiCo plain Log GraSP Log Sub Log Sqrt Mul <EOS>,(ZiCo * sqrt(log((log(plain) - log(GraSP))))),0.723500000,0.707700000,148,9,6,2076,run_monash_time_unique1000,3,1,TIME__azure2019_D__5T/seed_2076/run_monash_time_unique1000/visualizations/archive_latex.tex
116,0.896396396,0.723400000,\mathrm{ZiCo} + \sqrt{\sqrt{\frac{\mathrm{plain}}{\mathrm{GraSP}}} - \mathrm{ZiCo}},ZiCo plain GraSP Div Sqrt ZiCo Sub Sqrt Add <EOS>,(ZiCo + sqrt((sqrt((plain / GraSP)) - ZiCo))),0.723400000,0.692900000,61,9,6,2085,run_monash_time_unique1000,2,1,TIME__azure2019_D__5T/seed_2085/run_monash_time_unique1000/visualizations/archive_latex.tex
117,0.895495495,0.723200000,\mathrm{ZiCo} + \frac{\sqrt{\left(\mathrm{plain}\right) \cdot \left(\mathrm{GradNorm}\right)}}{\mathrm{GraSP}},ZiCo plain Grad_Norm Mul Sqrt GraSP Div Add <EOS>,(ZiCo + (sqrt((plain * Grad_Norm)) / GraSP)),0.723200000,0.715400000,167,8,5,2056,run_monash_time_unique1000,1,5,TIME__azure2019_D__5T/seed_2056/run_monash_time_unique1000/visualizations/archive_latex.tex
118,0.894594595,0.723200000,\frac{\sqrt{\left(\mathrm{GradNorm}\right) \cdot \left(\mathrm{plain}\right)}}{\mathrm{GraSP}} + \mathrm{ZiCo},Grad_Norm plain Mul Sqrt GraSP Div ZiCo Add <EOS>,((sqrt((Grad_Norm * plain)) / GraSP) + ZiCo),0.723200000,0.715400000,28,8,5,2266,run_monash_time_unique1000,4,2,TIME__azure2019_D__5T/seed_2266/run_monash_time_unique1000/visualizations/archive_latex.tex
119,0.893693694,0.723200000,\frac{\sqrt{\left(\mathrm{plain}\right) \cdot \left(\mathrm{GradNorm}\right)}}{\mathrm{GraSP}} + \mathrm{ZiCo},plain Grad_Norm Mul Sqrt GraSP Div ZiCo Add <EOS>,((sqrt((plain * Grad_Norm)) / GraSP) + ZiCo),0.723200000,0.715400000,49,8,5,2038,run_monash_time_unique1000,6,1,TIME__azure2019_D__5T/seed_2038/run_monash_time_unique1000/visualizations/archive_latex.tex
120,0.892792793,0.723200000,\frac{\left(\sqrt{\mathrm{plain}}\right) \cdot \left(\sqrt{\mathrm{GradNorm}}\right)}{\mathrm{GraSP}} + \mathrm{ZiCo},plain Sqrt Grad_Norm Sqrt Mul GraSP Div ZiCo Add <EOS>,(((sqrt(plain) * sqrt(Grad_Norm)) / GraSP) + ZiCo),0.723200000,0.715400000,77,9,5,2193,run_monash_time_unique1000,6,1,TIME__azure2019_D__5T/seed_2193/run_monash_time_unique1000/visualizations/archive_latex.tex
121,0.891891892,0.723000000,\mathrm{ZiCo} - \sqrt{\frac{\log\left(\mathrm{plain}\right)}{\left(\mathrm{GraSP}\right) \cdot \left(\mathrm{GradNorm}\right)}},ZiCo plain Log GraSP Grad_Norm Mul Div Sqrt Sub <EOS>,(ZiCo - sqrt((log(plain) / (GraSP * Grad_Norm)))),0.723000000,0.660900000,161,9,5,2171,run_monash_time_unique1000,2,1,TIME__azure2019_D__5T/seed_2171/run_monash_time_unique1000/visualizations/archive_latex.tex
122,0.890990991,0.723000000,\mathrm{ZiCo} - \sqrt{\frac{\log\left(\mathrm{plain}\right)}{\left(\mathrm{GradNorm}\right) \cdot \left(\mathrm{GraSP}\right)}},ZiCo plain Log Grad_Norm GraSP Mul Div Sqrt Sub <EOS>,(ZiCo - sqrt((log(plain) / (Grad_Norm * GraSP)))),0.723000000,0.660900000,149,9,5,2104,run_monash_time_unique1000,3,2,TIME__azure2019_D__5T/seed_2104/run_monash_time_unique1000/visualizations/archive_latex.tex
123,0.890090090,0.723000000,\mathrm{ZiCo} - \sqrt{\frac{\frac{\log\left(\mathrm{plain}\right)}{\mathrm{GraSP}}}{\mathrm{GradNorm}}},ZiCo plain Log GraSP Div Grad_Norm Div Sqrt Sub <EOS>,(ZiCo - sqrt(((log(plain) / GraSP) / Grad_Norm))),0.723000000,0.660900000,95,9,6,2240,run_monash_time_unique1000,3,1,TIME__azure2019_D__5T/seed_2240/run_monash_time_unique1000/visualizations/archive_latex.tex
124,0.889189189,0.722900000,\sqrt{\sqrt{\mathrm{ZiCo}} + \frac{\left(\log\left(\mathrm{GradNorm}\right)\right)^2}{\mathrm{GraSP}}},ZiCo Sqrt Grad_Norm Log Square GraSP Div Add Sqrt <EOS>,sqrt((sqrt(ZiCo) + (square(log(Grad_Norm)) / GraSP))),0.722900000,0.668600000,162,9,6,2196,run_monash_time_unique1000,5,1,TIME__azure2019_D__5T/seed_2196/run_monash_time_unique1000/visualizations/archive_latex.tex
125,0.888288288,0.722900000,\sqrt{\mathrm{ZiCo}} + \frac{\left(\log\left(\mathrm{GradNorm}\right)\right)^2}{\mathrm{GraSP}},ZiCo Sqrt Grad_Norm Log Square GraSP Div Add <EOS>,(sqrt(ZiCo) + (square(log(Grad_Norm)) / GraSP)),0.722900000,0.707600000,142,8,5,2213,run_monash_time_unique1000,5,1,TIME__azure2019_D__5T/seed_2213/run_monash_time_unique1000/visualizations/archive_latex.tex
126,0.887387387,0.722700000,\log\left(\mathrm{ZiCo}\right) + \frac{\left(\mathrm{GradNorm}\right) \cdot \left(\sqrt{\mathrm{plain}}\right)}{\mathrm{GraSP}},ZiCo Log Grad_Norm plain Sqrt Mul GraSP Div Add <EOS>,(log(ZiCo) + ((Grad_Norm * sqrt(plain)) / GraSP)),0.722700000,0.678100000,42,9,5,2056,run_monash_time_unique1000,2,1,TIME__azure2019_D__5T/seed_2056/run_monash_time_unique1000/visualizations/archive_latex.tex
127,0.886486486,0.722700000,\log\left(\mathrm{ZiCo}\right) + \frac{\left(\sqrt{\mathrm{plain}}\right) \cdot \left(\mathrm{GradNorm}\right)}{\mathrm{GraSP}},ZiCo Log plain Sqrt Grad_Norm Mul GraSP Div Add <EOS>,(log(ZiCo) + ((sqrt(plain) * Grad_Norm) / GraSP)),0.722700000,0.678100000,185,9,5,2107,run_monash_time_unique1000,3,1,TIME__azure2019_D__5T/seed_2107/run_monash_time_unique1000/visualizations/archive_latex.tex
128,0.885585586,0.722700000,\frac{\mathrm{GradNorm} - \log\left(\mathrm{GFLOPs}\right)}{\mathrm{GraSP}} + \log\left(\mathrm{ZiCo}\right),Grad_Norm GFLOPs Log Sub GraSP Div ZiCo Log Add <EOS>,(((Grad_Norm - log(GFLOPs)) / GraSP) + log(ZiCo)),0.722700000,0.677800000,197,9,5,2077,run_monash_time_unique1000,5,1,TIME__azure2019_D__5T/seed_2077/run_monash_time_unique1000/visualizations/archive_latex.tex
129,0.884684685,0.722700000,\log\left(\mathrm{ZiCo}\right) + \left(\frac{\sqrt{\mathrm{plain}}}{\mathrm{GraSP}}\right) \cdot \left(\mathrm{GradNorm}\right),ZiCo Log plain Sqrt GraSP Div Grad_Norm Mul Add <EOS>,(log(ZiCo) + ((sqrt(plain) / GraSP) * Grad_Norm)),0.722700000,0.678100000,63,9,5,2192,run_monash_time_unique1000,7,1,TIME__azure2019_D__5T/seed_2192/run_monash_time_unique1000/visualizations/archive_latex.tex
130,0.883783784,0.722600000,\left(\sqrt{\mathrm{ZiCo}} - \sqrt{\frac{\mathrm{plain}}{\mathrm{GraSP}}}\right) \cdot \left(\mathrm{ZiCo}\right),ZiCo Sqrt plain GraSP Div Sqrt Sub ZiCo Mul <EOS>,((sqrt(ZiCo) - sqrt((plain / GraSP))) * ZiCo),0.722600000,0.729200000,175,9,5,2185,run_monash_time_unique1000,1,2,TIME__azure2019_D__5T/seed_2185/run_monash_time_unique1000/visualizations/archive_latex.tex
131,0.882882883,0.722500000,\left(\sqrt{\mathrm{GradNorm}}\right) \cdot \left(\frac{\mathrm{plain}}{\mathrm{GraSP}}\right) + \mathrm{ZiCo},Grad_Norm Sqrt plain GraSP Div Mul ZiCo Add <EOS>,((sqrt(Grad_Norm) * (plain / GraSP)) + ZiCo),0.722500000,0.708000000,48,8,4,2045,run_monash_time_unique1000,2,1,TIME__azure2019_D__5T/seed_2045/run_monash_time_unique1000/visualizations/archive_latex.tex
132,0.881981982,0.722500000,\frac{\sqrt{\mathrm{GradNorm}}}{\frac{\mathrm{GraSP}}{\mathrm{plain}}} + \mathrm{ZiCo},Grad_Norm Sqrt GraSP plain Div Div ZiCo Add <EOS>,((sqrt(Grad_Norm) / (GraSP / plain)) + ZiCo),0.722500000,0.708000000,128,8,4,2132,run_monash_time_unique1000,2,1,TIME__azure2019_D__5T/seed_2132/run_monash_time_unique1000/visualizations/archive_latex.tex
133,0.881081081,0.722500000,\mathrm{ZiCo} - -\frac{\mathrm{plain}}{\frac{\mathrm{GraSP}}{\sqrt{\mathrm{GradNorm}}}},ZiCo plain GraSP Grad_Norm Sqrt Div Div Negative Sub <EOS>,(ZiCo - -((plain / (GraSP / sqrt(Grad_Norm))))),0.722500000,0.708000000,101,9,6,2256,run_monash_time_unique1000,2,1,TIME__azure2019_D__5T/seed_2256/run_monash_time_unique1000/visualizations/archive_latex.tex
134,0.880180180,0.722500000,\sqrt{\mathrm{ZiCo}} + \frac{\log\left(\left(\mathrm{Fisher}\right) \cdot \left(\mathrm{Snip}\right)\right)}{\mathrm{GraSP}},ZiCo Sqrt Fisher Snip Mul Log GraSP Div Add <EOS>,(sqrt(ZiCo) + (log((Fisher * Snip)) / GraSP)),0.722500000,0.734600000,72,9,5,2040,run_monash_time_unique1000,4,2,TIME__azure2019_D__5T/seed_2040/run_monash_time_unique1000/visualizations/archive_latex.tex
135,0.879279279,0.722500000,\frac{\left(\sqrt{\mathrm{GradNorm}}\right) \cdot \left(\mathrm{plain}\right)}{\mathrm{GraSP}} + \mathrm{ZiCo},Grad_Norm Sqrt plain Mul GraSP Div ZiCo Add <EOS>,(((sqrt(Grad_Norm) * plain) / GraSP) + ZiCo),0.722500000,0.708000000,123,8,5,2041,run_monash_time_unique1000,4,1,TIME__azure2019_D__5T/seed_2041/run_monash_time_unique1000/visualizations/archive_latex.tex
136,0.878378378,0.722500000,\mathrm{ZiCo} - \frac{-\left(\sqrt{\mathrm{GradNorm}}\right) \cdot \left(\mathrm{plain}\right)}{\mathrm{GraSP}},ZiCo Grad_Norm Sqrt plain Mul Negative GraSP Div Sub <EOS>,(ZiCo - (-((sqrt(Grad_Norm) * plain)) / GraSP)),0.722500000,0.708000000,43,9,6,2104,run_monash_time_unique1000,4,1,TIME__azure2019_D__5T/seed_2104/run_monash_time_unique1000/visualizations/archive_latex.tex
137,0.877477477,0.722500000,\mathrm{ZiCo} + \frac{\sqrt{\mathrm{GradNorm}}}{\frac{\mathrm{GraSP}}{\mathrm{plain}}},ZiCo Grad_Norm Sqrt GraSP plain Div Div Add <EOS>,(ZiCo + (sqrt(Grad_Norm) / (GraSP / plain))),0.722500000,0.708000000,145,8,4,2158,run_monash_time_unique1000,4,1,TIME__azure2019_D__5T/seed_2158/run_monash_time_unique1000/visualizations/archive_latex.tex
138,0.876576577,0.722500000,\mathrm{ZiCo} + \frac{\left(\sqrt{\mathrm{GradNorm}}\right) \cdot \left(\mathrm{plain}\right)}{\mathrm{GraSP}},ZiCo Grad_Norm Sqrt plain Mul GraSP Div Add <EOS>,(ZiCo + ((sqrt(Grad_Norm) * plain) / GraSP)),0.722500000,0.708000000,170,8,5,2112,run_monash_time_unique1000,6,1,TIME__azure2019_D__5T/seed_2112/run_monash_time_unique1000/visualizations/archive_latex.tex
139,0.875675676,0.722500000,\frac{\log\left(\left(\mathrm{Snip}\right) \cdot \left(\mathrm{Fisher}\right)\right)}{\mathrm{GraSP}} + \sqrt{\mathrm{ZiCo}},Snip Fisher Mul Log GraSP Div ZiCo Sqrt Add <EOS>,((log((Snip * Fisher)) / GraSP) + sqrt(ZiCo)),0.722500000,0.734600000,39,9,5,2193,run_monash_time_unique1000,7,1,TIME__azure2019_D__5T/seed_2193/run_monash_time_unique1000/visualizations/archive_latex.tex
140,0.874774775,0.722500000,\mathrm{ZiCo} + \frac{\left(\mathrm{plain}\right) \cdot \left(\sqrt{\mathrm{GradNorm}}\right)}{\mathrm{GraSP}},ZiCo plain Grad_Norm Sqrt Mul GraSP Div Add <EOS>,(ZiCo + ((plain * sqrt(Grad_Norm)) / GraSP)),0.722500000,0.708000000,57,8,5,2114,run_monash_time_unique1000,8,1,TIME__azure2019_D__5T/seed_2114/run_monash_time_unique1000/visualizations/archive_latex.tex
141,0.873873874,0.722400000,\frac{\mathrm{GradNorm} - \sqrt{\mathrm{GradNorm}}}{\mathrm{GraSP}} + \mathrm{ZiCo},Grad_Norm Grad_Norm Sqrt Sub GraSP Div ZiCo Add <EOS>,(((Grad_Norm - sqrt(Grad_Norm)) / GraSP) + ZiCo),0.722400000,0.686300000,160,8,5,2174,run_monash_time_unique1000,1,1,TIME__azure2019_D__5T/seed_2174/run_monash_time_unique1000/visualizations/archive_latex.tex
142,0.872972973,0.722200000,\mathrm{ZiCo} - \sqrt{\frac{\frac{\mathrm{plain}}{\mathrm{GraSP}}}{\log\left(\mathrm{GraSP}\right)}},ZiCo plain GraSP Div GraSP Log Div Sqrt Sub <EOS>,(ZiCo - sqrt(((plain / GraSP) / log(GraSP)))),0.722200000,0.751300000,117,9,5,2181,run_monash_time_unique1000,1,2,TIME__azure2019_D__5T/seed_2181/run_monash_time_unique1000/visualizations/archive_latex.tex
143,0.872072072,0.722200000,\mathrm{ZiCo} - \sqrt{\frac{\mathrm{plain}}{\left(\mathrm{GraSP}\right) \cdot \left(\log\left(\mathrm{GraSP}\right)\right)}},ZiCo plain GraSP GraSP Log Mul Div Sqrt Sub <EOS>,(ZiCo - sqrt((plain / (GraSP * log(GraSP))))),0.722200000,0.751300000,96,9,6,2256,run_monash_time_unique1000,3,2,TIME__azure2019_D__5T/seed_2256/run_monash_time_unique1000/visualizations/archive_latex.tex
144,0.871171171,0.722200000,\mathrm{ZiCo} - \sqrt{\frac{\mathrm{plain}}{\left(\log\left(\mathrm{GraSP}\right)\right) \cdot \left(\mathrm{GraSP}\right)}},ZiCo plain GraSP Log GraSP Mul Div Sqrt Sub <EOS>,(ZiCo - sqrt((plain / (log(GraSP) * GraSP)))),0.722200000,0.751300000,55,9,6,2104,run_monash_time_unique1000,5,1,TIME__azure2019_D__5T/seed_2104/run_monash_time_unique1000/visualizations/archive_latex.tex
145,0.870270270,0.722000000,\log\left(\mathrm{ZiCo}\right) - \sqrt{\frac{\mathrm{plain}}{\left(\mathrm{ZiCo}\right) \cdot \left(\mathrm{GraSP}\right)}},ZiCo Log plain ZiCo GraSP Mul Div Sqrt Sub <EOS>,(log(ZiCo) - sqrt((plain / (ZiCo * GraSP)))),0.722000000,0.749900000,121,9,5,2115,run_monash_time_unique1000,2,1,TIME__azure2019_D__5T/seed_2115/run_monash_time_unique1000/visualizations/archive_latex.tex
146,0.869369369,0.721900000,\log\left(\mathrm{ZiCo}\right) + \frac{\left(\mathrm{plain}\right)^2 + \mathrm{GradNorm}}{\mathrm{GraSP}},ZiCo Log plain Square Grad_Norm Add GraSP Div Add <EOS>,(log(ZiCo) + ((square(plain) + Grad_Norm) / GraSP)),0.721900000,0.706000000,62,9,5,2188,run_monash_time_unique1000,3,2,TIME__azure2019_D__5T/seed_2188/run_monash_time_unique1000/visualizations/archive_latex.tex
147,0.868468468,0.721900000,\mathrm{ZiCo} + \frac{\left(\log\left(\mathrm{GradNorm}\right)\right)^2}{\mathrm{GraSP} - \mathrm{MParams}},ZiCo Grad_Norm Log Square GraSP MParams Sub Div Add <EOS>,(ZiCo + (square(log(Grad_Norm)) / (GraSP - MParams))),0.721900000,0.686100000,114,9,5,2107,run_monash_time_unique1000,4,1,TIME__azure2019_D__5T/seed_2107/run_monash_time_unique1000/visualizations/archive_latex.tex
148,0.867567568,0.721900000,\log\left(\mathrm{ZiCo}\right) + \frac{\mathrm{GradNorm} + \left(\mathrm{plain}\right)^2}{\mathrm{GraSP}},ZiCo Log Grad_Norm plain Square Add GraSP Div Add <EOS>,(log(ZiCo) + ((Grad_Norm + square(plain)) / GraSP)),0.721900000,0.706000000,144,9,5,2049,run_monash_time_unique1000,10,1,TIME__azure2019_D__5T/seed_2049/run_monash_time_unique1000/visualizations/archive_latex.tex
149,0.866666667,0.721700000,\left(\sqrt{\log\left(\left(\mathrm{GraSP}\right)^2\right) - \mathrm{plain}}\right) \cdot \left(\left(\mathrm{ZiCo}\right)^2\right),GraSP Square Log plain Sub Sqrt ZiCo Square Mul <EOS>,(sqrt((log(square(GraSP)) - plain)) * square(ZiCo)),0.721700000,0.742200000,31,9,6,2064,run_monash_time_unique1000,1,5,TIME__azure2019_D__5T/seed_2064/run_monash_time_unique1000/visualizations/archive_latex.tex
150,0.865765766,0.721700000,\left(\sqrt{\mathrm{plain} - \log\left(\left(\mathrm{GraSP}\right)^2\right)}\right) \cdot \left(\left(\mathrm{ZiCo}\right)^2\right),plain GraSP Square Log Sub Sqrt ZiCo Square Mul <EOS>,(sqrt((plain - log(square(GraSP)))) * square(ZiCo)),0.721700000,0.742200000,98,9,6,2034,run_monash_time_unique1000,2,6,TIME__azure2019_D__5T/seed_2034/run_monash_time_unique1000/visualizations/archive_latex.tex
151,0.864864865,0.721700000,\left(\left(\mathrm{ZiCo}\right)^2\right) \cdot \left(\sqrt{\mathrm{plain} - \log\left(\left(\mathrm{GraSP}\right)^2\right)}\right),ZiCo Square plain GraSP Square Log Sub Sqrt Mul <EOS>,(square(ZiCo) * sqrt((plain - log(square(GraSP))))),0.721700000,0.742200000,176,9,6,2071,run_monash_time_unique1000,2,6,TIME__azure2019_D__5T/seed_2071/run_monash_time_unique1000/visualizations/archive_latex.tex
152,0.863963964,0.721700000,\left(\left(\mathrm{ZiCo}\right)^2\right) \cdot \left(\sqrt{\log\left(\left(\mathrm{GraSP}\right)^2\right) - \mathrm{plain}}\right),ZiCo Square GraSP Square Log plain Sub Sqrt Mul <EOS>,(square(ZiCo) * sqrt((log(square(GraSP)) - plain))),0.721700000,0.742200000,133,9,6,2095,run_monash_time_unique1000,2,6,TIME__azure2019_D__5T/seed_2095/run_monash_time_unique1000/visualizations/archive_latex.tex
153,0.863063063,0.721700000,\mathrm{ZiCo} - \sqrt{\frac{\sqrt{\mathrm{plain}}}{\mathrm{L2Norm} - \mathrm{GraSP}}},ZiCo plain Sqrt L2-Norm GraSP Sub Div Sqrt Sub <EOS>,(ZiCo - sqrt((sqrt(plain) / (L2-Norm - GraSP)))),0.721700000,0.739600000,140,9,5,2206,run_monash_time_unique1000,3,1,TIME__azure2019_D__5T/seed_2206/run_monash_time_unique1000/visualizations/archive_latex.tex
154,0.862162162,0.721700000,\frac{\mathrm{plain} + \log\left(\mathrm{GradNorm}\right)}{\mathrm{GraSP}} + \sqrt{\mathrm{ZiCo}},plain Grad_Norm Log Add GraSP Div ZiCo Sqrt Add <EOS>,(((plain + log(Grad_Norm)) / GraSP) + sqrt(ZiCo)),0.721700000,0.749700000,144,9,5,2209,run_monash_time_unique1000,4,1,TIME__azure2019_D__5T/seed_2209/run_monash_time_unique1000/visualizations/archive_latex.tex
155,0.861261261,0.721700000,\sqrt{\mathrm{ZiCo}} + \frac{\log\left(\mathrm{GradNorm}\right) + \mathrm{plain}}{\mathrm{GraSP}},ZiCo Sqrt Grad_Norm Log plain Add GraSP Div Add <EOS>,(sqrt(ZiCo) + ((log(Grad_Norm) + plain) / GraSP)),0.721700000,0.749700000,121,9,5,2213,run_monash_time_unique1000,6,1,TIME__azure2019_D__5T/seed_2213/run_monash_time_unique1000/visualizations/archive_latex.tex
156,0.860360360,0.721600000,\left(\left(\mathrm{ZiCo}\right)^2\right) \cdot \left(\log\left(\log\left(\left(\mathrm{GraSP}\right)^2\right) - \mathrm{plain}\right)\right),ZiCo Square GraSP Square Log plain Sub Log Mul <EOS>,(square(ZiCo) * log((log(square(GraSP)) - plain))),0.721600000,0.731100000,200,9,6,2163,run_monash_time_unique1000,1,10,TIME__azure2019_D__5T/seed_2163/run_monash_time_unique1000/visualizations/archive_latex.tex
157,0.859459459,0.721600000,\left(\log\left(\log\left(\left(\mathrm{GraSP}\right)^2\right) - \mathrm{plain}\right)\right) \cdot \left(\left(\mathrm{ZiCo}\right)^2\right),GraSP Square Log plain Sub Log ZiCo Square Mul <EOS>,(log((log(square(GraSP)) - plain)) * square(ZiCo)),0.721600000,0.731100000,32,9,6,2064,run_monash_time_unique1000,2,4,TIME__azure2019_D__5T/seed_2064/run_monash_time_unique1000/visualizations/archive_latex.tex
158,0.858558559,0.721600000,\left(\left(\mathrm{ZiCo}\right)^2\right) \cdot \left(\log\left(\mathrm{plain} - \log\left(\left(\mathrm{GraSP}\right)^2\right)\right)\right),ZiCo Square plain GraSP Square Log Sub Log Mul <EOS>,(square(ZiCo) * log((plain - log(square(GraSP))))),0.721600000,0.731100000,124,9,6,2199,run_monash_time_unique1000,2,3,TIME__azure2019_D__5T/seed_2199/run_monash_time_unique1000/visualizations/archive_latex.tex
159,0.857657658,0.721600000,\left(\log\left(\mathrm{plain} - \log\left(\left(\mathrm{GraSP}\right)^2\right)\right)\right) \cdot \left(\left(\mathrm{ZiCo}\right)^2\right),plain GraSP Square Log Sub Log ZiCo Square Mul <EOS>,(log((plain - log(square(GraSP)))) * square(ZiCo)),0.721600000,0.731100000,83,9,6,2034,run_monash_time_unique1000,3,4,TIME__azure2019_D__5T/seed_2034/run_monash_time_unique1000/visualizations/archive_latex.tex
160,0.856756757,0.721600000,\left(\mathrm{ZiCo}\right) \cdot \left(\sqrt{\log\left(\mathrm{plain} - \log\left(\left(\mathrm{GraSP}\right)^2\right)\right)}\right),ZiCo plain GraSP Square Log Sub Log Sqrt Mul <EOS>,(ZiCo * sqrt(log((plain - log(square(GraSP)))))),0.721600000,0.731100000,103,9,7,2115,run_monash_time_unique1000,3,1,TIME__azure2019_D__5T/seed_2115/run_monash_time_unique1000/visualizations/archive_latex.tex
161,0.855855856,0.721600000,\left(\sqrt{\log\left(\mathrm{plain} - \log\left(\left(\mathrm{GraSP}\right)^2\right)\right)}\right) \cdot \left(\mathrm{ZiCo}\right),plain GraSP Square Log Sub Log Sqrt ZiCo Mul <EOS>,(sqrt(log((plain - log(square(GraSP))))) * ZiCo),0.721600000,0.731100000,127,9,7,2183,run_monash_time_unique1000,4,1,TIME__azure2019_D__5T/seed_2183/run_monash_time_unique1000/visualizations/archive_latex.tex
162,0.854954955,0.721600000,\frac{\mathrm{GradNorm} - \sqrt{\mathrm{GFLOPs}}}{\mathrm{GraSP}} + \sqrt{\mathrm{ZiCo}},Grad_Norm GFLOPs Sqrt Sub GraSP Div ZiCo Sqrt Add <EOS>,(((Grad_Norm - sqrt(GFLOPs)) / GraSP) + sqrt(ZiCo)),0.721600000,0.699400000,132,9,5,2123,run_monash_time_unique1000,8,1,TIME__azure2019_D__5T/seed_2123/run_monash_time_unique1000/visualizations/archive_latex.tex
163,0.854054054,0.721500000,\frac{\left(\mathrm{plain}\right) \cdot \left(\log\left(\mathrm{GradNorm}\right)\right)}{\mathrm{GraSP}} + \mathrm{ZiCo},plain Grad_Norm Log Mul GraSP Div ZiCo Add <EOS>,(((plain * log(Grad_Norm)) / GraSP) + ZiCo),0.721500000,0.678800000,65,8,5,2228,run_monash_time_unique1000,2,1,TIME__azure2019_D__5T/seed_2228/run_monash_time_unique1000/visualizations/archive_latex.tex
164,0.853153153,0.721500000,\mathrm{ZiCo} + \frac{\log\left(\mathrm{GradNorm}\right)}{\frac{\mathrm{GraSP}}{\mathrm{plain}}},ZiCo Grad_Norm Log GraSP plain Div Div Add <EOS>,(ZiCo + (log(Grad_Norm) / (GraSP / plain))),0.721500000,0.678800000,151,8,4,2135,run_monash_time_unique1000,3,2,TIME__azure2019_D__5T/seed_2135/run_monash_time_unique1000/visualizations/archive_latex.tex
165,0.852252252,0.721500000,\frac{\mathrm{GradNorm}}{\mathrm{GraSP}} - \mathrm{ZiCo} + \log\left(\mathrm{ZiCo}\right),Grad_Norm GraSP Div ZiCo Sub ZiCo Log Add <EOS>,(((Grad_Norm / GraSP) - ZiCo) + log(ZiCo)),0.721500000,0.721100000,45,8,4,2228,run_monash_time_unique1000,3,1,TIME__azure2019_D__5T/seed_2228/run_monash_time_unique1000/visualizations/archive_latex.tex
166,0.851351351,0.721500000,\mathrm{ZiCo} + \frac{\left(\mathrm{plain}\right) \cdot \left(\log\left(\mathrm{GradNorm}\right)\right)}{\mathrm{GraSP}},ZiCo plain Grad_Norm Log Mul GraSP Div Add <EOS>,(ZiCo + ((plain * log(Grad_Norm)) / GraSP)),0.721500000,0.678800000,77,8,5,2128,run_monash_time_unique1000,4,3,TIME__azure2019_D__5T/seed_2128/run_monash_time_unique1000/visualizations/archive_latex.tex
167,0.850450450,0.721500000,\mathrm{ZiCo} + \frac{\left(\log\left(\mathrm{GradNorm}\right)\right) \cdot \left(\mathrm{plain}\right)}{\mathrm{GraSP}},ZiCo Grad_Norm Log plain Mul GraSP Div Add <EOS>,(ZiCo + ((log(Grad_Norm) * plain) / GraSP)),0.721500000,0.678800000,73,8,5,2188,run_monash_time_unique1000,4,3,TIME__azure2019_D__5T/seed_2188/run_monash_time_unique1000/visualizations/archive_latex.tex
168,0.849549550,0.721500000,\frac{\left(\log\left(\mathrm{GradNorm}\right)\right) \cdot \left(\mathrm{plain}\right)}{\mathrm{GraSP}} + \mathrm{ZiCo},Grad_Norm Log plain Mul GraSP Div ZiCo Add <EOS>,(((log(Grad_Norm) * plain) / GraSP) + ZiCo),0.721500000,0.678800000,114,8,5,2041,run_monash_time_unique1000,5,4,TIME__azure2019_D__5T/seed_2041/run_monash_time_unique1000/visualizations/archive_latex.tex
169,0.848648649,0.721500000,\frac{\log\left(\mathrm{GradNorm}\right)}{\frac{\mathrm{GraSP}}{\mathrm{plain}}} + \mathrm{ZiCo},Grad_Norm Log GraSP plain Div Div ZiCo Add <EOS>,((log(Grad_Norm) / (GraSP / plain)) + ZiCo),0.721500000,0.678800000,55,8,4,2089,run_monash_time_unique1000,8,1,TIME__azure2019_D__5T/seed_2089/run_monash_time_unique1000/visualizations/archive_latex.tex
170,0.847747748,0.721500000,\mathrm{ZiCo} + \left(\frac{\mathrm{plain}}{\mathrm{GraSP}}\right) \cdot \left(\log\left(\mathrm{GradNorm}\right)\right),ZiCo plain GraSP Div Grad_Norm Log Mul Add <EOS>,(ZiCo + ((plain / GraSP) * log(Grad_Norm))),0.721500000,0.678800000,21,8,4,2192,run_monash_time_unique1000,8,1,TIME__azure2019_D__5T/seed_2192/run_monash_time_unique1000/visualizations/archive_latex.tex
171,0.846846847,0.721400000,\mathrm{ZiCo} - \sqrt{\left(\left(\mathrm{ZiCo}\right)^2\right) \cdot \left(\frac{\mathrm{plain}}{\mathrm{GraSP}}\right)},ZiCo ZiCo Square plain GraSP Div Mul Sqrt Sub <EOS>,(ZiCo - sqrt((square(ZiCo) * (plain / GraSP)))),0.721400000,0.726100000,63,9,5,2032,run_monash_time_unique1000,1,1,TIME__azure2019_D__5T/seed_2032/run_monash_time_unique1000/visualizations/archive_latex.tex
172,0.845945946,0.721400000,\mathrm{ZiCo} - \sqrt{\frac{\mathrm{plain}}{\frac{\mathrm{GraSP}}{\left(\mathrm{ZiCo}\right)^2}}},ZiCo plain GraSP ZiCo Square Div Div Sqrt Sub <EOS>,(ZiCo - sqrt((plain / (GraSP / square(ZiCo))))),0.721400000,0.726100000,109,9,6,2115,run_monash_time_unique1000,4,3,TIME__azure2019_D__5T/seed_2115/run_monash_time_unique1000/visualizations/archive_latex.tex
173,0.845045045,0.721400000,\mathrm{ZiCo} - \left(\mathrm{ZiCo}\right) \cdot \left(\sqrt{\frac{\mathrm{plain}}{\mathrm{GraSP}}}\right),ZiCo ZiCo plain GraSP Div Sqrt Mul Sub <EOS>,(ZiCo - (ZiCo * sqrt((plain / GraSP)))),0.721400000,0.726100000,92,8,5,2143,run_monash_time_unique1000,4,1,TIME__azure2019_D__5T/seed_2143/run_monash_time_unique1000/visualizations/archive_latex.tex
174,0.844144144,0.721300000,\left(\mathrm{ZiCo}\right)^2 - \sqrt{\frac{\mathrm{plain}}{\mathrm{GraSP}}} + \mathrm{ZiCo},ZiCo Square plain GraSP Div Sqrt Sub ZiCo Add <EOS>,((square(ZiCo) - sqrt((plain / GraSP))) + ZiCo),0.721300000,0.747900000,170,9,5,2190,run_monash_time_unique1000,3,1,TIME__azure2019_D__5T/seed_2190/run_monash_time_unique1000/visualizations/archive_latex.tex
175,0.843243243,0.721300000,\mathrm{ZiCo} + \left(\mathrm{ZiCo}\right)^2 - \sqrt{\frac{\mathrm{plain}}{\mathrm{GraSP}}},ZiCo ZiCo Square plain GraSP Div Sqrt Sub Add <EOS>,(ZiCo + (square(ZiCo) - sqrt((plain / GraSP)))),0.721300000,0.747900000,73,9,5,2262,run_monash_time_unique1000,3,1,TIME__azure2019_D__5T/seed_2262/run_monash_time_unique1000/visualizations/archive_latex.tex
176,0.842342342,0.721200000,\log\left(\mathrm{ZiCo}\right) + \frac{\frac{\mathrm{GradNorm}}{\sqrt{\mathrm{ZiCo}}}}{\mathrm{GraSP}},ZiCo Log Grad_Norm ZiCo Sqrt Div GraSP Div Add <EOS>,(log(ZiCo) + ((Grad_Norm / sqrt(ZiCo)) / GraSP)),0.721200000,0.715000000,157,9,5,2075,run_monash_time_unique1000,1,2,TIME__azure2019_D__5T/seed_2075/run_monash_time_unique1000/visualizations/archive_latex.tex
177,0.841441441,0.721200000,\mathrm{ZiCo} - \frac{\log\left(\mathrm{Snip} - \mathrm{L2Norm}\right)}{\mathrm{Snip}},ZiCo Snip L2-Norm Sub Log Snip Div Sub <EOS>,(ZiCo - (log((Snip - L2-Norm)) / Snip)),0.721200000,0.642800000,116,8,5,2093,run_monash_time_unique1000,2,1,TIME__azure2019_D__5T/seed_2093/run_monash_time_unique1000/visualizations/archive_latex.tex
178,0.840540541,0.721200000,\frac{\frac{\mathrm{GradNorm}}{\sqrt{\mathrm{ZiCo}}}}{\mathrm{GraSP}} + \log\left(\mathrm{ZiCo}\right),Grad_Norm ZiCo Sqrt Div GraSP Div ZiCo Log Add <EOS>,(((Grad_Norm / sqrt(ZiCo)) / GraSP) + log(ZiCo)),0.721200000,0.715000000,178,9,5,2264,run_monash_time_unique1000,4,3,TIME__azure2019_D__5T/seed_2264/run_monash_time_unique1000/visualizations/archive_latex.tex
179,0.839639640,0.721200000,\mathrm{ZiCo} + \frac{\mathrm{GradNorm} - \log\left(\log\left(\mathrm{L2Norm}\right)\right)}{\mathrm{GraSP}},ZiCo Grad_Norm L2-Norm Log Log Sub GraSP Div Add <EOS>,(ZiCo + ((Grad_Norm - log(log(L2-Norm))) / GraSP)),0.721200000,0.699900000,151,9,6,2040,run_monash_time_unique1000,6,1,TIME__azure2019_D__5T/seed_2040/run_monash_time_unique1000/visualizations/archive_latex.tex
180,0.838738739,0.721200000,\frac{\mathrm{plain} + \sqrt{\mathrm{Fisher}}}{\mathrm{GraSP}} + \sqrt{\mathrm{ZiCo}},plain Fisher Sqrt Add GraSP Div ZiCo Sqrt Add <EOS>,(((plain + sqrt(Fisher)) / GraSP) + sqrt(ZiCo)),0.721200000,0.717500000,33,9,5,2211,run_monash_time_unique1000,6,2,TIME__azure2019_D__5T/seed_2211/run_monash_time_unique1000/visualizations/archive_latex.tex
181,0.837837838,0.721200000,\mathrm{ZiCo} + \frac{\log\left(\left(\mathrm{Fisher}\right) \cdot \left(\left(\mathrm{GradNorm}\right)^2\right)\right)}{\mathrm{GraSP}},ZiCo Fisher Grad_Norm Square Mul Log GraSP Div Add <EOS>,(ZiCo + (log((Fisher * square(Grad_Norm))) / GraSP)),0.721200000,0.649100000,60,9,6,2192,run_monash_time_unique1000,9,1,TIME__azure2019_D__5T/seed_2192/run_monash_time_unique1000/visualizations/archive_latex.tex
182,0.836936937,0.721100000,\frac{\sqrt{\mathrm{Fisher}}}{\mathrm{GraSP}} - \left(\mathrm{ZiCo}\right)^2 + \mathrm{ZiCo},Fisher Sqrt GraSP Div ZiCo Square Sub ZiCo Add <EOS>,(((sqrt(Fisher) / GraSP) - square(ZiCo)) + ZiCo),0.721100000,0.715300000,161,9,5,2228,run_monash_time_unique1000,4,1,TIME__azure2019_D__5T/seed_2228/run_monash_time_unique1000/visualizations/archive_latex.tex
183,0.836036036,0.721000000,\left(\log\left(\left(\frac{\mathrm{GraSP}}{\mathrm{GradNorm}}\right) \cdot \left(\mathrm{L2Norm}\right)\right)\right) \cdot \left(\left(\mathrm{ZiCo}\right)^2\right),GraSP Grad_Norm Div L2-Norm Mul Log ZiCo Square Mul <EOS>,(log(((GraSP / Grad_Norm) * L2-Norm)) * square(ZiCo)),0.721000000,0.711500000,196,9,5,2165,run_monash_time_unique1000,1,1,TIME__azure2019_D__5T/seed_2165/run_monash_time_unique1000/visualizations/archive_latex.tex
184,0.835135135,0.721000000,\left(\left(\mathrm{ZiCo}\right)^2\right) \cdot \left(\log\left(\left(\frac{\mathrm{L2Norm}}{\mathrm{GradNorm}}\right) \cdot \left(\mathrm{GraSP}\right)\right)\right),ZiCo Square L2-Norm Grad_Norm Div GraSP Mul Log Mul <EOS>,(square(ZiCo) * log(((L2-Norm / Grad_Norm) * GraSP))),0.721000000,0.711500000,44,9,5,2027,run_monash_time_unique1000,2,1,TIME__azure2019_D__5T/seed_2027/run_monash_time_unique1000/visualizations/archive_latex.tex
185,0.834234234,0.721000000,\left(\log\left(\left(\mathrm{GraSP}\right) \cdot \left(\frac{\mathrm{L2Norm}}{\mathrm{GradNorm}}\right)\right)\right) \cdot \left(\left(\mathrm{ZiCo}\right)^2\right),GraSP L2-Norm Grad_Norm Div Mul Log ZiCo Square Mul <EOS>,(log((GraSP * (L2-Norm / Grad_Norm))) * square(ZiCo)),0.721000000,0.711500000,40,9,5,2198,run_monash_time_unique1000,2,1,TIME__azure2019_D__5T/seed_2198/run_monash_time_unique1000/visualizations/archive_latex.tex
186,0.833333333,0.721000000,\left(\left(\mathrm{ZiCo}\right)^2\right) \cdot \left(\log\left(\frac{\left(\mathrm{GraSP}\right) \cdot \left(\mathrm{L2Norm}\right)}{\mathrm{GradNorm}}\right)\right),ZiCo Square GraSP L2-Norm Mul Grad_Norm Div Log Mul <EOS>,(square(ZiCo) * log(((GraSP * L2-Norm) / Grad_Norm))),0.721000000,0.711500000,21,9,5,2252,run_monash_time_unique1000,2,2,TIME__azure2019_D__5T/seed_2252/run_monash_time_unique1000/visualizations/archive_latex.tex
187,0.832432432,0.721000000,\left(\left(\mathrm{ZiCo}\right)^2\right) \cdot \left(\log\left(\left(\mathrm{L2Norm}\right) \cdot \left(\frac{\mathrm{GraSP}}{\mathrm{GradNorm}}\right)\right)\right),ZiCo Square L2-Norm GraSP Grad_Norm Div Mul Log Mul <EOS>,(square(ZiCo) * log((L2-Norm * (GraSP / Grad_Norm)))),0.721000000,0.711500000,196,9,5,2094,run_monash_time_unique1000,3,1,TIME__azure2019_D__5T/seed_2094/run_monash_time_unique1000/visualizations/archive_latex.tex
188,0.831531532,0.721000000,\mathrm{ZiCo} + \frac{\sqrt{\log\left(\mathrm{Snip}\right)}}{\frac{\mathrm{GraSP}}{\mathrm{plain}}},ZiCo Snip Log Sqrt GraSP plain Div Div Add <EOS>,(ZiCo + (sqrt(log(Snip)) / (GraSP / plain))),0.721000000,0.719000000,111,9,5,2110,run_monash_time_unique1000,3,1,TIME__azure2019_D__5T/seed_2110/run_monash_time_unique1000/visualizations/archive_latex.tex
189,0.830630631,0.721000000,\left(\log\left(\frac{\left(\mathrm{L2Norm}\right) \cdot \left(\mathrm{GraSP}\right)}{\mathrm{GradNorm}}\right)\right) \cdot \left(\left(\mathrm{ZiCo}\right)^2\right),L2-Norm GraSP Mul Grad_Norm Div Log ZiCo Square Mul <EOS>,(log(((L2-Norm * GraSP) / Grad_Norm)) * square(ZiCo)),0.721000000,0.711500000,30,9,5,2138,run_monash_time_unique1000,3,1,TIME__azure2019_D__5T/seed_2138/run_monash_time_unique1000/visualizations/archive_latex.tex
190,0.829729730,0.721000000,\left(\left(\mathrm{ZiCo}\right)^2\right) \cdot \left(\log\left(\frac{\left(\mathrm{L2Norm}\right) \cdot \left(\mathrm{GraSP}\right)}{\mathrm{GradNorm}}\right)\right),ZiCo Square L2-Norm GraSP Mul Grad_Norm Div Log Mul <EOS>,(square(ZiCo) * log(((L2-Norm * GraSP) / Grad_Norm))),0.721000000,0.711500000,102,9,5,2157,run_monash_time_unique1000,3,1,TIME__azure2019_D__5T/seed_2157/run_monash_time_unique1000/visualizations/archive_latex.tex
191,0.828828829,0.721000000,\left(\sqrt{\log\left(\left(\frac{\mathrm{L2Norm}}{\mathrm{GradNorm}}\right) \cdot \left(\mathrm{GraSP}\right)\right)}\right) \cdot \left(\mathrm{ZiCo}\right),L2-Norm Grad_Norm Div GraSP Mul Log Sqrt ZiCo Mul <EOS>,(sqrt(log(((L2-Norm / Grad_Norm) * GraSP))) * ZiCo),0.721000000,0.711500000,45,9,6,2250,run_monash_time_unique1000,3,1,TIME__azure2019_D__5T/seed_2250/run_monash_time_unique1000/visualizations/archive_latex.tex
192,0.827927928,0.721000000,\left(\log\left(\frac{\mathrm{GraSP}}{\frac{\mathrm{GradNorm}}{\mathrm{L2Norm}}}\right)\right) \cdot \left(\left(\mathrm{ZiCo}\right)^2\right),GraSP Grad_Norm L2-Norm Div Div Log ZiCo Square Mul <EOS>,(log((GraSP / (Grad_Norm / L2-Norm))) * square(ZiCo)),0.721000000,0.711500000,100,9,5,2034,run_monash_time_unique1000,4,1,TIME__azure2019_D__5T/seed_2034/run_monash_time_unique1000/visualizations/archive_latex.tex
193,0.827027027,0.721000000,\left(\sqrt{\log\left(\frac{\frac{\mathrm{GradNorm}}{\mathrm{L2Norm}}}{\mathrm{GraSP}}\right)}\right) \cdot \left(\mathrm{ZiCo}\right),Grad_Norm L2-Norm Div GraSP Div Log Sqrt ZiCo Mul <EOS>,(sqrt(log(((Grad_Norm / L2-Norm) / GraSP))) * ZiCo),0.721000000,0.711500000,75,9,6,2068,run_monash_time_unique1000,4,1,TIME__azure2019_D__5T/seed_2068/run_monash_time_unique1000/visualizations/archive_latex.tex
194,0.826126126,0.721000000,\frac{\sqrt{\log\left(\mathrm{Snip}\right)}}{\frac{\mathrm{GraSP}}{\mathrm{plain}}} + \mathrm{ZiCo},Snip Log Sqrt GraSP plain Div Div ZiCo Add <EOS>,((sqrt(log(Snip)) / (GraSP / plain)) + ZiCo),0.721000000,0.719000000,64,9,5,2089,run_monash_time_unique1000,9,1,TIME__azure2019_D__5T/seed_2089/run_monash_time_unique1000/visualizations/archive_latex.tex
195,0.825225225,0.720900000,\mathrm{ZiCo} + \frac{\log\left(\left(\mathrm{GradNorm}\right) \cdot \left(\mathrm{plain}\right)\right)}{\mathrm{GraSP}},ZiCo Grad_Norm plain Mul Log GraSP Div Add <EOS>,(ZiCo + (log((Grad_Norm * plain)) / GraSP)),0.720900000,0.687500000,40,8,5,2037,run_monash_time_unique1000,1,2,TIME__azure2019_D__5T/seed_2037/run_monash_time_unique1000/visualizations/archive_latex.tex
196,0.824324324,0.720900000,\log\left(\mathrm{ZiCo}\right) + \frac{\sqrt{\mathrm{Snip}}}{\frac{\mathrm{GraSP}}{\mathrm{plain}}},ZiCo Log Snip Sqrt GraSP plain Div Div Add <EOS>,(log(ZiCo) + (sqrt(Snip) / (GraSP / plain))),0.720900000,0.738500000,154,9,4,2037,run_monash_time_unique1000,2,12,TIME__azure2019_D__5T/seed_2037/run_monash_time_unique1000/visualizations/archive_latex.tex
197,0.823423423,0.720900000,\mathrm{ZiCo} + \frac{\log\left(\left(\mathrm{plain}\right) \cdot \left(\mathrm{GradNorm}\right)\right)}{\mathrm{GraSP}},ZiCo plain Grad_Norm Mul Log GraSP Div Add <EOS>,(ZiCo + (log((plain * Grad_Norm)) / GraSP)),0.720900000,0.687500000,161,8,5,2187,run_monash_time_unique1000,2,2,TIME__azure2019_D__5T/seed_2187/run_monash_time_unique1000/visualizations/archive_latex.tex
198,0.822522523,0.720900000,\frac{\log\left(\left(\mathrm{GradNorm}\right) \cdot \left(\mathrm{plain}\right)\right)}{\mathrm{GraSP}} + \mathrm{ZiCo},Grad_Norm plain Mul Log GraSP Div ZiCo Add <EOS>,((log((Grad_Norm * plain)) / GraSP) + ZiCo),0.720900000,0.687500000,153,8,5,2098,run_monash_time_unique1000,3,1,TIME__azure2019_D__5T/seed_2098/run_monash_time_unique1000/visualizations/archive_latex.tex
199,0.821621622,0.720900000,\frac{\sqrt{\mathrm{Snip}}}{\frac{\mathrm{GraSP}}{\mathrm{plain}}} + \log\left(\mathrm{ZiCo}\right),Snip Sqrt GraSP plain Div Div ZiCo Log Add <EOS>,((sqrt(Snip) / (GraSP / plain)) + log(ZiCo)),0.720900000,0.738500000,127,9,4,2132,run_monash_time_unique1000,3,3,TIME__azure2019_D__5T/seed_2132/run_monash_time_unique1000/visualizations/archive_latex.tex
200,0.820720721,0.720900000,\left(\mathrm{ZiCo} + \frac{\log\left(\left(\mathrm{plain}\right) \cdot \left(\mathrm{GradNorm}\right)\right)}{\mathrm{GraSP}}\right)^2,ZiCo plain Grad_Norm Mul Log GraSP Div Add Square <EOS>,square((ZiCo + (log((plain * Grad_Norm)) / GraSP))),0.720900000,0.648500000,70,9,6,2264,run_monash_time_unique1000,5,1,TIME__azure2019_D__5T/seed_2264/run_monash_time_unique1000/visualizations/archive_latex.tex
201,0.819819820,0.720900000,\frac{\left(\sqrt{\mathrm{Snip}}\right) \cdot \left(\mathrm{plain}\right)}{\mathrm{GraSP}} + \log\left(\mathrm{ZiCo}\right),Snip Sqrt plain Mul GraSP Div ZiCo Log Add <EOS>,(((sqrt(Snip) * plain) / GraSP) + log(ZiCo)),0.720900000,0.738500000,113,9,5,2041,run_monash_time_unique1000,6,3,TIME__azure2019_D__5T/seed_2041/run_monash_time_unique1000/visualizations/archive_latex.tex
202,0.818918919,0.720900000,\log\left(\frac{\log\left(\left(\mathrm{GradNorm}\right) \cdot \left(\mathrm{plain}\right)\right)}{\mathrm{GraSP}} + \mathrm{ZiCo}\right),Grad_Norm plain Mul Log GraSP Div ZiCo Add Log <EOS>,log(((log((Grad_Norm * plain)) / GraSP) + ZiCo)),0.720900000,0.648500000,40,9,6,2209,run_monash_time_unique1000,6,1,TIME__azure2019_D__5T/seed_2209/run_monash_time_unique1000/visualizations/archive_latex.tex
203,0.818018018,0.720900000,\log\left(\mathrm{ZiCo}\right) + \frac{\left(\sqrt{\mathrm{Snip}}\right) \cdot \left(\mathrm{plain}\right)}{\mathrm{GraSP}},ZiCo Log Snip Sqrt plain Mul GraSP Div Add <EOS>,(log(ZiCo) + ((sqrt(Snip) * plain) / GraSP)),0.720900000,0.738500000,157,9,5,2109,run_monash_time_unique1000,7,3,TIME__azure2019_D__5T/seed_2109/run_monash_time_unique1000/visualizations/archive_latex.tex
204,0.817117117,0.720900000,\frac{\left(\mathrm{plain}\right) \cdot \left(\sqrt{\mathrm{Snip}}\right)}{\mathrm{GraSP}} + \log\left(\mathrm{ZiCo}\right),plain Snip Sqrt Mul GraSP Div ZiCo Log Add <EOS>,(((plain * sqrt(Snip)) / GraSP) + log(ZiCo)),0.720900000,0.738500000,118,9,5,2211,run_monash_time_unique1000,8,1,TIME__azure2019_D__5T/seed_2211/run_monash_time_unique1000/visualizations/archive_latex.tex
205,0.816216216,0.720900000,\log\left(\mathrm{ZiCo}\right) + \left(\frac{\sqrt{\mathrm{Snip}}}{\mathrm{GraSP}}\right) \cdot \left(\mathrm{plain}\right),ZiCo Log Snip Sqrt GraSP Div plain Mul Add <EOS>,(log(ZiCo) + ((sqrt(Snip) / GraSP) * plain)),0.720900000,0.738500000,169,9,5,2254,run_monash_time_unique1000,8,1,TIME__azure2019_D__5T/seed_2254/run_monash_time_unique1000/visualizations/archive_latex.tex
206,0.815315315,0.720700000,\left(\mathrm{ZiCo} - \sqrt{\frac{\mathrm{plain}}{\mathrm{GraSP}}}\right) \cdot \left(\mathrm{ZiCo}\right),ZiCo plain GraSP Div Sqrt Sub ZiCo Mul <EOS>,((ZiCo - sqrt((plain / GraSP))) * ZiCo),0.720700000,0.747600000,176,8,5,2185,run_monash_time_unique1000,2,7,TIME__azure2019_D__5T/seed_2185/run_monash_time_unique1000/visualizations/archive_latex.tex
207,0.814414414,0.720700000,\left(\mathrm{ZiCo}\right) \cdot \left(\mathrm{ZiCo} - \sqrt{\frac{\mathrm{plain}}{\mathrm{GraSP}}}\right),ZiCo ZiCo plain GraSP Div Sqrt Sub Mul <EOS>,(ZiCo * (ZiCo - sqrt((plain / GraSP)))),0.720700000,0.747600000,123,8,5,2187,run_monash_time_unique1000,3,2,TIME__azure2019_D__5T/seed_2187/run_monash_time_unique1000/visualizations/archive_latex.tex
208,0.813513514,0.720700000,\left(\mathrm{ZiCo} - \sqrt{\frac{-\mathrm{plain}}{\mathrm{GraSP}}}\right) \cdot \left(\mathrm{ZiCo}\right),ZiCo plain Negative GraSP Div Sqrt Sub ZiCo Mul <EOS>,((ZiCo - sqrt((-(plain) / GraSP))) * ZiCo),0.720700000,0.747600000,132,9,6,2203,run_monash_time_unique1000,7,1,TIME__azure2019_D__5T/seed_2203/run_monash_time_unique1000/visualizations/archive_latex.tex
209,0.812612613,0.720700000,\sqrt{\mathrm{ZiCo}} + \frac{\sqrt{\mathrm{ZiCo}} + \mathrm{plain}}{\mathrm{GraSP}},ZiCo Sqrt ZiCo Sqrt plain Add GraSP Div Add <EOS>,(sqrt(ZiCo) + ((sqrt(ZiCo) + plain) / GraSP)),0.720700000,0.734500000,65,9,5,2192,run_monash_time_unique1000,10,1,TIME__azure2019_D__5T/seed_2192/run_monash_time_unique1000/visualizations/archive_latex.tex
210,0.811711712,0.720600000,\mathrm{ZiCo} + \frac{\left(\log\left(\mathrm{GradNorm}\right)\right)^2}{\mathrm{GraSP}},ZiCo Grad_Norm Log Square GraSP Div Add <EOS>,(ZiCo + (square(log(Grad_Norm)) / GraSP)),0.720600000,0.691300000,105,7,5,2030,run_monash_time_unique1000,1,17,TIME__azure2019_D__5T/seed_2030/run_monash_time_unique1000/visualizations/archive_latex.tex
211,0.810810811,0.720600000,\left(\left(\mathrm{ZiCo}\right)^2\right) \cdot \left(\log\left(\frac{\mathrm{Snip} - \mathrm{GraSP}}{\mathrm{GradNorm}}\right)\right),ZiCo Square Snip GraSP Sub Grad_Norm Div Log Mul <EOS>,(square(ZiCo) * log(((Snip - GraSP) / Grad_Norm))),0.720600000,0.709800000,99,9,5,2054,run_monash_time_unique1000,1,6,TIME__azure2019_D__5T/seed_2054/run_monash_time_unique1000/visualizations/archive_latex.tex
212,0.809909910,0.720600000,\left(\log\left(\frac{\mathrm{GraSP} - \mathrm{Snip}}{\mathrm{GradNorm}}\right)\right) \cdot \left(\left(\mathrm{ZiCo}\right)^2\right),GraSP Snip Sub Grad_Norm Div Log ZiCo Square Mul <EOS>,(log(((GraSP - Snip) / Grad_Norm)) * square(ZiCo)),0.720600000,0.709800000,145,9,5,2061,run_monash_time_unique1000,2,3,TIME__azure2019_D__5T/seed_2061/run_monash_time_unique1000/visualizations/archive_latex.tex
213,0.809009009,0.720600000,\left(\mathrm{ZiCo}\right) \cdot \left(\sqrt{\log\left(\frac{\mathrm{GradNorm}}{\mathrm{Snip} - \mathrm{GraSP}}\right)}\right),ZiCo Grad_Norm Snip GraSP Sub Div Log Sqrt Mul <EOS>,(ZiCo * sqrt(log((Grad_Norm / (Snip - GraSP))))),0.720600000,0.709800000,95,9,6,2108,run_monash_time_unique1000,2,2,TIME__azure2019_D__5T/seed_2108/run_monash_time_unique1000/visualizations/archive_latex.tex
214,0.808108108,0.720600000,\left(\log\left(\frac{\mathrm{Snip} - \mathrm{GraSP}}{\mathrm{GradNorm}}\right)\right) \cdot \left(\left(\mathrm{ZiCo}\right)^2\right),Snip GraSP Sub Grad_Norm Div Log ZiCo Square Mul <EOS>,(log(((Snip - GraSP) / Grad_Norm)) * square(ZiCo)),0.720600000,0.709800000,30,9,5,2113,run_monash_time_unique1000,2,3,TIME__azure2019_D__5T/seed_2113/run_monash_time_unique1000/visualizations/archive_latex.tex
215,0.807207207,0.720600000,\left(\sqrt{\log\left(\frac{\mathrm{GraSP} - \mathrm{Snip}}{\mathrm{GradNorm}}\right)}\right) \cdot \left(\mathrm{ZiCo}\right),GraSP Snip Sub Grad_Norm Div Log Sqrt ZiCo Mul <EOS>,(sqrt(log(((GraSP - Snip) / Grad_Norm))) * ZiCo),0.720600000,0.709800000,75,9,6,2261,run_monash_time_unique1000,2,3,TIME__azure2019_D__5T/seed_2261/run_monash_time_unique1000/visualizations/archive_latex.tex
216,0.806306306,0.720600000,\left(\left(\mathrm{ZiCo}\right)^2\right) \cdot \left(\log\left(\frac{\mathrm{GraSP} - \mathrm{Snip}}{\mathrm{GradNorm}}\right)\right),ZiCo Square GraSP Snip Sub Grad_Norm Div Log Mul <EOS>,(square(ZiCo) * log(((GraSP - Snip) / Grad_Norm))),0.720600000,0.709800000,126,9,5,2043,run_monash_time_unique1000,3,3,TIME__azure2019_D__5T/seed_2043/run_monash_time_unique1000/visualizations/archive_latex.tex
217,0.805405405,0.720600000,\left(\left(\mathrm{ZiCo}\right)^2\right) \cdot \left(\log\left(\left(\log\left(\mathrm{GraSP}\right)\right)^2 + \mathrm{GFLOPs}\right)\right),ZiCo Square GraSP Log Square GFLOPs Add Log Mul <EOS>,(square(ZiCo) * log((square(log(GraSP)) + GFLOPs))),0.720600000,0.743000000,29,9,6,2078,run_monash_time_unique1000,3,1,TIME__azure2019_D__5T/seed_2078/run_monash_time_unique1000/visualizations/archive_latex.tex
218,0.804504505,0.720600000,\left(\sqrt{\log\left(\frac{\mathrm{GradNorm}}{\mathrm{GraSP} - \mathrm{Snip}}\right)}\right) \cdot \left(\mathrm{ZiCo}\right),Grad_Norm GraSP Snip Sub Div Log Sqrt ZiCo Mul <EOS>,(sqrt(log((Grad_Norm / (GraSP - Snip)))) * ZiCo),0.720600000,0.709800000,79,9,6,2122,run_monash_time_unique1000,3,1,TIME__azure2019_D__5T/seed_2122/run_monash_time_unique1000/visualizations/archive_latex.tex
219,0.803603604,0.720600000,\left(\sqrt{\log\left(\frac{\mathrm{GradNorm}}{\mathrm{Snip} - \mathrm{GraSP}}\right)}\right) \cdot \left(\mathrm{ZiCo}\right),Grad_Norm Snip GraSP Sub Div Log Sqrt ZiCo Mul <EOS>,(sqrt(log((Grad_Norm / (Snip - GraSP)))) * ZiCo),0.720600000,0.709800000,139,9,6,2204,run_monash_time_unique1000,3,1,TIME__azure2019_D__5T/seed_2204/run_monash_time_unique1000/visualizations/archive_latex.tex
220,0.802702703,0.720600000,\left(\mathrm{ZiCo}\right) \cdot \left(\sqrt{\log\left(\left(\log\left(\mathrm{GraSP}\right)\right)^2 + \mathrm{GFLOPs}\right)}\right),ZiCo GraSP Log Square GFLOPs Add Log Sqrt Mul <EOS>,(ZiCo * sqrt(log((square(log(GraSP)) + GFLOPs)))),0.720600000,0.743000000,171,9,7,2094,run_monash_time_unique1000,4,1,TIME__azure2019_D__5T/seed_2094/run_monash_time_unique1000/visualizations/archive_latex.tex
221,0.801801802,0.720600000,\left(\log\left(\mathrm{GFLOPs} + \left(\log\left(\mathrm{GraSP}\right)\right)^2\right)\right) \cdot \left(\left(\mathrm{ZiCo}\right)^2\right),GFLOPs GraSP Log Square Add Log ZiCo Square Mul <EOS>,(log((GFLOPs + square(log(GraSP)))) * square(ZiCo)),0.720600000,0.743000000,86,9,6,2183,run_monash_time_unique1000,5,1,TIME__azure2019_D__5T/seed_2183/run_monash_time_unique1000/visualizations/archive_latex.tex
222,0.800900901,0.720600000,\mathrm{ZiCo} - \frac{\left(\log\left(\mathrm{GradNorm}\right)\right)^2}{\sqrt{\left(\mathrm{GraSP}\right)^2}},ZiCo Grad_Norm Log Square GraSP Square Sqrt Div Sub <EOS>,(ZiCo - (square(log(Grad_Norm)) / sqrt(square(GraSP)))),0.720600000,0.691300000,56,9,5,2256,run_monash_time_unique1000,5,1,TIME__azure2019_D__5T/seed_2256/run_monash_time_unique1000/visualizations/archive_latex.tex
223,0.800000000,0.720600000,\left(\mathrm{ZiCo}\right) \cdot \left(\sqrt{\log\left(\frac{\mathrm{GraSP} - \mathrm{Snip}}{\mathrm{GradNorm}}\right)}\right),ZiCo GraSP Snip Sub Grad_Norm Div Log Sqrt Mul <EOS>,(ZiCo * sqrt(log(((GraSP - Snip) / Grad_Norm)))),0.720600000,0.709800000,35,9,6,2262,run_monash_time_unique1000,5,1,TIME__azure2019_D__5T/seed_2262/run_monash_time_unique1000/visualizations/archive_latex.tex
224,0.799099099,0.720600000,\frac{\left(\log\left(\mathrm{GradNorm}\right)\right)^2}{\mathrm{GraSP}} + \mathrm{ZiCo},Grad_Norm Log Square GraSP Div ZiCo Add <EOS>,((square(log(Grad_Norm)) / GraSP) + ZiCo),0.720600000,0.691300000,55,7,5,2266,run_monash_time_unique1000,5,9,TIME__azure2019_D__5T/seed_2266/run_monash_time_unique1000/visualizations/archive_latex.tex
225,0.798198198,0.720600000,\log\left(\frac{\left(\log\left(\mathrm{GradNorm}\right)\right)^2}{\mathrm{GraSP}} + \mathrm{ZiCo}\right),Grad_Norm Log Square GraSP Div ZiCo Add Log <EOS>,log(((square(log(Grad_Norm)) / GraSP) + ZiCo)),0.720600000,0.652300000,90,8,6,2077,run_monash_time_unique1000,7,1,TIME__azure2019_D__5T/seed_2077/run_monash_time_unique1000/visualizations/archive_latex.tex
226,0.797297297,0.720600000,\sqrt{\mathrm{ZiCo} + \frac{\left(\log\left(\mathrm{GradNorm}\right)\right)^2}{\mathrm{GraSP}}},ZiCo Grad_Norm Log Square GraSP Div Add Sqrt <EOS>,sqrt((ZiCo + (square(log(Grad_Norm)) / GraSP))),0.720600000,0.652300000,161,8,6,2196,run_monash_time_unique1000,9,1,TIME__azure2019_D__5T/seed_2196/run_monash_time_unique1000/visualizations/archive_latex.tex
227,0.796396396,0.720500000,\left(\log\left(\frac{\mathrm{GraSP}}{\mathrm{plain}}\right)\right) \cdot \left(\left(\mathrm{ZiCo}\right) \cdot \left(\left(\mathrm{ZiCo}\right)^2\right)\right),GraSP plain Div Log ZiCo ZiCo Square Mul Mul <EOS>,(log((GraSP / plain)) * (ZiCo * square(ZiCo))),0.720500000,0.745000000,115,9,4,2166,run_monash_time_unique1000,1,7,TIME__azure2019_D__5T/seed_2166/run_monash_time_unique1000/visualizations/archive_latex.tex
228,0.795495495,0.720500000,\left(\left(\mathrm{ZiCo}\right) \cdot \left(\log\left(\frac{\mathrm{GraSP}}{\mathrm{plain}}\right)\right)\right) \cdot \left(\left(\mathrm{ZiCo}\right)^2\right),ZiCo GraSP plain Div Log Mul ZiCo Square Mul <EOS>,((ZiCo * log((GraSP / plain))) * square(ZiCo)),0.720500000,0.745000000,156,9,5,2029,run_monash_time_unique1000,2,6,TIME__azure2019_D__5T/seed_2029/run_monash_time_unique1000/visualizations/archive_latex.tex
229,0.794594595,0.720500000,\left(\left(\mathrm{ZiCo}\right) \cdot \left(\left(\mathrm{ZiCo}\right)^2\right)\right) \cdot \left(\log\left(\frac{\mathrm{GraSP}}{\mathrm{plain}}\right)\right),ZiCo ZiCo Square Mul GraSP plain Div Log Mul <EOS>,((ZiCo * square(ZiCo)) * log((GraSP / plain))),0.720500000,0.745000000,90,9,4,2033,run_monash_time_unique1000,2,17,TIME__azure2019_D__5T/seed_2033/run_monash_time_unique1000/visualizations/archive_latex.tex
230,0.793693694,0.720500000,\left(\log\left(\frac{\mathrm{GraSP}}{\mathrm{plain}}\right)\right) \cdot \left(\left(\left(\mathrm{ZiCo}\right)^2\right) \cdot \left(\mathrm{ZiCo}\right)\right),GraSP plain Div Log ZiCo Square ZiCo Mul Mul <EOS>,(log((GraSP / plain)) * (square(ZiCo) * ZiCo)),0.720500000,0.745000000,199,9,4,2044,run_monash_time_unique1000,2,10,TIME__azure2019_D__5T/seed_2044/run_monash_time_unique1000/visualizations/archive_latex.tex
231,0.792792793,0.720500000,\left(\left(\log\left(\frac{\mathrm{GraSP}}{\mathrm{plain}}\right)\right) \cdot \left(\mathrm{ZiCo}\right)\right) \cdot \left(\left(\mathrm{ZiCo}\right)^2\right),GraSP plain Div Log ZiCo Mul ZiCo Square Mul <EOS>,((log((GraSP / plain)) * ZiCo) * square(ZiCo)),0.720500000,0.745000000,72,9,5,2046,run_monash_time_unique1000,2,8,TIME__azure2019_D__5T/seed_2046/run_monash_time_unique1000/visualizations/archive_latex.tex
232,0.791891892,0.720500000,\left(\left(\mathrm{ZiCo}\right)^2\right) \cdot \left(\left(\log\left(\frac{\mathrm{GraSP}}{\mathrm{plain}}\right)\right) \cdot \left(\mathrm{ZiCo}\right)\right),ZiCo Square GraSP plain Div Log ZiCo Mul Mul <EOS>,(square(ZiCo) * (log((GraSP / plain)) * ZiCo)),0.720500000,0.745000000,179,9,5,2055,run_monash_time_unique1000,2,7,TIME__azure2019_D__5T/seed_2055/run_monash_time_unique1000/visualizations/archive_latex.tex
233,0.790990991,0.720500000,\left(\mathrm{ZiCo}\right) \cdot \left(\left(\left(\mathrm{ZiCo}\right)^2\right) \cdot \left(\log\left(\frac{\mathrm{GraSP}}{\mathrm{plain}}\right)\right)\right),ZiCo ZiCo Square GraSP plain Div Log Mul Mul <EOS>,(ZiCo * (square(ZiCo) * log((GraSP / plain)))),0.720500000,0.745000000,57,9,5,2057,run_monash_time_unique1000,2,25,TIME__azure2019_D__5T/seed_2057/run_monash_time_unique1000/visualizations/archive_latex.tex
234,0.790090090,0.720500000,\left(\mathrm{ZiCo}\right) \cdot \left(\sqrt{\left(\mathrm{ZiCo}\right) \cdot \left(\log\left(\frac{\mathrm{plain}}{\mathrm{GraSP}}\right)\right)}\right),ZiCo ZiCo plain GraSP Div Log Mul Sqrt Mul <EOS>,(ZiCo * sqrt((ZiCo * log((plain / GraSP))))),0.720500000,0.745000000,139,9,6,2066,run_monash_time_unique1000,2,6,TIME__azure2019_D__5T/seed_2066/run_monash_time_unique1000/visualizations/archive_latex.tex
235,0.789189189,0.720500000,\left(\left(\log\left(\frac{\mathrm{GraSP}}{\mathrm{plain}}\right)\right) \cdot \left(\left(\mathrm{ZiCo}\right)^2\right)\right) \cdot \left(\mathrm{ZiCo}\right),GraSP plain Div Log ZiCo Square Mul ZiCo Mul <EOS>,((log((GraSP / plain)) * square(ZiCo)) * ZiCo),0.720500000,0.745000000,37,9,5,2079,run_monash_time_unique1000,2,16,TIME__azure2019_D__5T/seed_2079/run_monash_time_unique1000/visualizations/archive_latex.tex
236,0.788288288,0.720500000,\left(\sqrt{\left(\log\left(\frac{\mathrm{plain}}{\mathrm{GraSP}}\right)\right) \cdot \left(\mathrm{ZiCo}\right)}\right) \cdot \left(\mathrm{ZiCo}\right),plain GraSP Div Log ZiCo Mul Sqrt ZiCo Mul <EOS>,(sqrt((log((plain / GraSP)) * ZiCo)) * ZiCo),0.720500000,0.745000000,46,9,6,2084,run_monash_time_unique1000,2,2,TIME__azure2019_D__5T/seed_2084/run_monash_time_unique1000/visualizations/archive_latex.tex
237,0.787387387,0.720500000,\left(\left(\left(\mathrm{ZiCo}\right)^2\right) \cdot \left(\mathrm{ZiCo}\right)\right) \cdot \left(\log\left(\frac{\mathrm{GraSP}}{\mathrm{plain}}\right)\right),ZiCo Square ZiCo Mul GraSP plain Div Log Mul <EOS>,((square(ZiCo) * ZiCo) * log((GraSP / plain))),0.720500000,0.745000000,200,9,4,2096,run_monash_time_unique1000,2,8,TIME__azure2019_D__5T/seed_2096/run_monash_time_unique1000/visualizations/archive_latex.tex
238,0.786486486,0.720500000,\left(\mathrm{ZiCo}\right) \cdot \left(\left(\log\left(\frac{\mathrm{GraSP}}{\mathrm{plain}}\right)\right) \cdot \left(\left(\mathrm{ZiCo}\right)^2\right)\right),ZiCo GraSP plain Div Log ZiCo Square Mul Mul <EOS>,(ZiCo * (log((GraSP / plain)) * square(ZiCo))),0.720500000,0.745000000,113,9,5,2103,run_monash_time_unique1000,2,4,TIME__azure2019_D__5T/seed_2103/run_monash_time_unique1000/visualizations/archive_latex.tex
239,0.785585586,0.720500000,\left(\left(\mathrm{ZiCo}\right)^2\right) \cdot \left(\left(\mathrm{ZiCo}\right) \cdot \left(\log\left(\frac{\mathrm{GraSP}}{\mathrm{plain}}\right)\right)\right),ZiCo Square ZiCo GraSP plain Div Log Mul Mul <EOS>,(square(ZiCo) * (ZiCo * log((GraSP / plain)))),0.720500000,0.745000000,49,9,5,2106,run_monash_time_unique1000,2,7,TIME__azure2019_D__5T/seed_2106/run_monash_time_unique1000/visualizations/archive_latex.tex
240,0.784684685,0.720500000,\left(\mathrm{ZiCo}\right) \cdot \left(\sqrt{\left(\mathrm{ZiCo}\right) \cdot \left(\log\left(\frac{\mathrm{GraSP}}{\mathrm{plain}}\right)\right)}\right),ZiCo ZiCo GraSP plain Div Log Mul Sqrt Mul <EOS>,(ZiCo * sqrt((ZiCo * log((GraSP / plain))))),0.720500000,0.745000000,116,9,6,2136,run_monash_time_unique1000,2,1,TIME__azure2019_D__5T/seed_2136/run_monash_time_unique1000/visualizations/archive_latex.tex
241,0.783783784,0.720500000,\left(\mathrm{ZiCo}\right) \cdot \left(\sqrt{\left(\log\left(\frac{\mathrm{plain}}{\mathrm{GraSP}}\right)\right) \cdot \left(\mathrm{ZiCo}\right)}\right),ZiCo plain GraSP Div Log ZiCo Mul Sqrt Mul <EOS>,(ZiCo * sqrt((log((plain / GraSP)) * ZiCo))),0.720500000,0.745000000,64,9,6,2027,run_monash_time_unique1000,4,6,TIME__azure2019_D__5T/seed_2027/run_monash_time_unique1000/visualizations/archive_latex.tex
242,0.782882883,0.720500000,\mathrm{ZiCo} + \frac{\left(\log\left(\sqrt{\mathrm{Snip}}\right)\right) \cdot \left(\mathrm{plain}\right)}{\mathrm{GraSP}},ZiCo Snip Sqrt Log plain Mul GraSP Div Add <EOS>,(ZiCo + ((log(sqrt(Snip)) * plain) / GraSP)),0.720500000,0.713500000,133,9,6,2121,run_monash_time_unique1000,4,2,TIME__azure2019_D__5T/seed_2121/run_monash_time_unique1000/visualizations/archive_latex.tex
243,0.781981982,0.720500000,\left(\sqrt{\left(\mathrm{ZiCo}\right) \cdot \left(\log\left(\frac{\mathrm{plain}}{\mathrm{GraSP}}\right)\right)}\right) \cdot \left(\mathrm{ZiCo}\right),ZiCo plain GraSP Div Log Mul Sqrt ZiCo Mul <EOS>,(sqrt((ZiCo * log((plain / GraSP)))) * ZiCo),0.720500000,0.745000000,170,9,6,2063,run_monash_time_unique1000,5,4,TIME__azure2019_D__5T/seed_2063/run_monash_time_unique1000/visualizations/archive_latex.tex
244,0.781081081,0.720500000,\left(\sqrt{\left(\mathrm{ZiCo}\right) \cdot \left(\log\left(\frac{\mathrm{GraSP}}{\mathrm{plain}}\right)\right)}\right) \cdot \left(\mathrm{ZiCo}\right),ZiCo GraSP plain Div Log Mul Sqrt ZiCo Mul <EOS>,(sqrt((ZiCo * log((GraSP / plain)))) * ZiCo),0.720500000,0.745000000,118,9,6,2034,run_monash_time_unique1000,6,1,TIME__azure2019_D__5T/seed_2034/run_monash_time_unique1000/visualizations/archive_latex.tex
245,0.780180180,0.720500000,\mathrm{ZiCo} + \frac{\log\left(\sqrt{\mathrm{Snip}}\right)}{\frac{\mathrm{GraSP}}{\mathrm{plain}}},ZiCo Snip Sqrt Log GraSP plain Div Div Add <EOS>,(ZiCo + (log(sqrt(Snip)) / (GraSP / plain))),0.720500000,0.713500000,188,9,5,2128,run_monash_time_unique1000,6,1,TIME__azure2019_D__5T/seed_2128/run_monash_time_unique1000/visualizations/archive_latex.tex
246,0.779279279,0.720500000,\frac{\left(\mathrm{plain}\right) \cdot \left(\log\left(\sqrt{\mathrm{Snip}}\right)\right)}{\mathrm{GraSP}} + \mathrm{ZiCo},plain Snip Sqrt Log Mul GraSP Div ZiCo Add <EOS>,(((plain * log(sqrt(Snip))) / GraSP) + ZiCo),0.720500000,0.713500000,76,9,6,2228,run_monash_time_unique1000,7,1,TIME__azure2019_D__5T/seed_2228/run_monash_time_unique1000/visualizations/archive_latex.tex
247,0.778378378,0.720300000,\frac{\left(\log\left(\mathrm{GradNorm}\right)\right)^2}{\mathrm{GraSP} - \mathrm{ZiCo}} + \mathrm{ZiCo},Grad_Norm Log Square GraSP ZiCo Sub Div ZiCo Add <EOS>,((square(log(Grad_Norm)) / (GraSP - ZiCo)) + ZiCo),0.720300000,0.691700000,139,9,5,2228,run_monash_time_unique1000,8,2,TIME__azure2019_D__5T/seed_2228/run_monash_time_unique1000/visualizations/archive_latex.tex
248,0.777477477,0.720300000,\frac{\log\left(\sqrt{\mathrm{Snip}}\right) - \mathrm{ZiCo}}{\mathrm{GraSP}} + \mathrm{ZiCo},Snip Sqrt Log ZiCo Sub GraSP Div ZiCo Add <EOS>,(((log(sqrt(Snip)) - ZiCo) / GraSP) + ZiCo),0.720300000,0.707600000,187,9,6,2123,run_monash_time_unique1000,10,1,TIME__azure2019_D__5T/seed_2123/run_monash_time_unique1000/visualizations/archive_latex.tex
249,0.776576577,0.720200000,\frac{\log\left(\left(\mathrm{plain}\right)^2 + \mathrm{GradNorm}\right)}{\mathrm{GraSP}} + \mathrm{ZiCo},plain Square Grad_Norm Add Log GraSP Div ZiCo Add <EOS>,((log((square(plain) + Grad_Norm)) / GraSP) + ZiCo),0.720200000,0.703500000,104,9,6,2077,run_monash_time_unique1000,8,1,TIME__azure2019_D__5T/seed_2077/run_monash_time_unique1000/visualizations/archive_latex.tex
250,0.775675676,0.720100000,\mathrm{ZiCo} + \frac{\left(\log\left(\mathrm{GradNorm}\right)\right) \cdot \left(\sqrt{\mathrm{plain}}\right)}{\mathrm{GraSP}},ZiCo Grad_Norm Log plain Sqrt Mul GraSP Div Add <EOS>,(ZiCo + ((log(Grad_Norm) * sqrt(plain)) / GraSP)),0.720100000,0.687900000,115,9,5,2075,run_monash_time_unique1000,4,5,TIME__azure2019_D__5T/seed_2075/run_monash_time_unique1000/visualizations/archive_latex.tex
251,0.774774775,0.720100000,\mathrm{ZiCo} + \frac{\log\left(\mathrm{GradNorm}\right)}{\frac{\mathrm{GraSP}}{\sqrt{\mathrm{plain}}}},ZiCo Grad_Norm Log GraSP plain Sqrt Div Div Add <EOS>,(ZiCo + (log(Grad_Norm) / (GraSP / sqrt(plain)))),0.720100000,0.687900000,150,9,5,2135,run_monash_time_unique1000,5,2,TIME__azure2019_D__5T/seed_2135/run_monash_time_unique1000/visualizations/archive_latex.tex
252,0.773873874,0.720100000,\mathrm{ZiCo} + \frac{\sqrt{\mathrm{plain}}}{\frac{\mathrm{GraSP}}{\log\left(\mathrm{GradNorm}\right)}},ZiCo plain Sqrt GraSP Grad_Norm Log Div Div Add <EOS>,(ZiCo + (sqrt(plain) / (GraSP / log(Grad_Norm)))),0.720100000,0.687900000,178,9,5,2158,run_monash_time_unique1000,7,1,TIME__azure2019_D__5T/seed_2158/run_monash_time_unique1000/visualizations/archive_latex.tex
253,0.772972973,0.720100000,\left(\mathrm{ZiCo}\right)^2 + \frac{\left(\sqrt{\mathrm{plain}}\right) \cdot \left(\mathrm{GradNorm}\right)}{\mathrm{GraSP}},ZiCo Square plain Sqrt Grad_Norm Mul GraSP Div Add <EOS>,(square(ZiCo) + ((sqrt(plain) * Grad_Norm) / GraSP)),0.720100000,0.742400000,64,9,5,2267,run_monash_time_unique1000,7,2,TIME__azure2019_D__5T/seed_2267/run_monash_time_unique1000/visualizations/archive_latex.tex
254,0.772072072,0.720100000,\frac{\left(\log\left(\mathrm{GradNorm}\right)\right) \cdot \left(\sqrt{\mathrm{plain}}\right)}{\mathrm{GraSP}} + \mathrm{ZiCo},Grad_Norm Log plain Sqrt Mul GraSP Div ZiCo Add <EOS>,(((log(Grad_Norm) * sqrt(plain)) / GraSP) + ZiCo),0.720100000,0.687900000,112,9,5,2041,run_monash_time_unique1000,8,4,TIME__azure2019_D__5T/seed_2041/run_monash_time_unique1000/visualizations/archive_latex.tex
255,0.771171171,0.720100000,\left(\mathrm{ZiCo}\right)^2 + \frac{\left(\mathrm{GradNorm}\right) \cdot \left(\sqrt{\mathrm{plain}}\right)}{\mathrm{GraSP}},ZiCo Square Grad_Norm plain Sqrt Mul GraSP Div Add <EOS>,(square(ZiCo) + ((Grad_Norm * sqrt(plain)) / GraSP)),0.720100000,0.742400000,57,9,5,2203,run_monash_time_unique1000,8,2,TIME__azure2019_D__5T/seed_2203/run_monash_time_unique1000/visualizations/archive_latex.tex
256,0.770270270,0.720100000,\frac{\mathrm{GradNorm}}{\frac{\mathrm{GraSP}}{\sqrt{\mathrm{plain}}}} + \left(\mathrm{ZiCo}\right)^2,Grad_Norm GraSP plain Sqrt Div Div ZiCo Square Add <EOS>,((Grad_Norm / (GraSP / sqrt(plain))) + square(ZiCo)),0.720100000,0.742400000,71,9,5,2077,run_monash_time_unique1000,9,1,TIME__azure2019_D__5T/seed_2077/run_monash_time_unique1000/visualizations/archive_latex.tex
257,0.769369369,0.720100000,\mathrm{ZiCo} + \frac{\left(\sqrt{\mathrm{plain}}\right) \cdot \left(\log\left(\mathrm{GradNorm}\right)\right)}{\mathrm{GraSP}},ZiCo plain Sqrt Grad_Norm Log Mul GraSP Div Add <EOS>,(ZiCo + ((sqrt(plain) * log(Grad_Norm)) / GraSP)),0.720100000,0.687900000,94,9,5,2109,run_monash_time_unique1000,9,2,TIME__azure2019_D__5T/seed_2109/run_monash_time_unique1000/visualizations/archive_latex.tex
258,0.768468468,0.720100000,\frac{\left(\sqrt{\mathrm{plain}}\right) \cdot \left(\log\left(\mathrm{GradNorm}\right)\right)}{\mathrm{GraSP}} + \mathrm{ZiCo},plain Sqrt Grad_Norm Log Mul GraSP Div ZiCo Add <EOS>,(((sqrt(plain) * log(Grad_Norm)) / GraSP) + ZiCo),0.720100000,0.687900000,133,9,5,2228,run_monash_time_unique1000,9,1,TIME__azure2019_D__5T/seed_2228/run_monash_time_unique1000/visualizations/archive_latex.tex
259,0.767567568,0.719800000,\frac{\log\left(\left(\mathrm{Fisher}\right) \cdot \left(\mathrm{Snip}\right)\right)}{\mathrm{GraSP}} + \mathrm{ZiCo},Fisher Snip Mul Log GraSP Div ZiCo Add <EOS>,((log((Fisher * Snip)) / GraSP) + ZiCo),0.719800000,0.726300000,35,8,5,2174,run_monash_time_unique1000,2,3,TIME__azure2019_D__5T/seed_2174/run_monash_time_unique1000/visualizations/archive_latex.tex
260,0.766666667,0.719800000,\left(\mathrm{ZiCo}\right) \cdot \left(\log\left(\log\left(\left(\mathrm{GraSP}\right) \cdot \left(\frac{\mathrm{L2Norm}}{\mathrm{GradNorm}}\right)\right)\right)\right),ZiCo GraSP L2-Norm Grad_Norm Div Mul Log Log Mul <EOS>,(ZiCo * log(log((GraSP * (L2-Norm / Grad_Norm))))),0.719800000,0.714500000,49,9,6,2162,run_monash_time_unique1000,3,1,TIME__azure2019_D__5T/seed_2162/run_monash_time_unique1000/visualizations/archive_latex.tex
261,0.765765766,0.719800000,\mathrm{ZiCo} + \frac{\log\left(\left(\mathrm{Fisher}\right) \cdot \left(\mathrm{Snip}\right)\right)}{\mathrm{GraSP}},ZiCo Fisher Snip Mul Log GraSP Div Add <EOS>,(ZiCo + (log((Fisher * Snip)) / GraSP)),0.719800000,0.726300000,71,8,5,2037,run_monash_time_unique1000,4,9,TIME__azure2019_D__5T/seed_2037/run_monash_time_unique1000/visualizations/archive_latex.tex
262,0.764864865,0.719800000,\left(\log\left(\log\left(\frac{\left(\mathrm{L2Norm}\right) \cdot \left(\mathrm{GraSP}\right)}{\mathrm{GradNorm}}\right)\right)\right) \cdot \left(\mathrm{ZiCo}\right),L2-Norm GraSP Mul Grad_Norm Div Log Log ZiCo Mul <EOS>,(log(log(((L2-Norm * GraSP) / Grad_Norm))) * ZiCo),0.719800000,0.714500000,85,9,6,2086,run_monash_time_unique1000,4,1,TIME__azure2019_D__5T/seed_2086/run_monash_time_unique1000/visualizations/archive_latex.tex
263,0.763963964,0.719800000,\frac{\log\left(\mathrm{Snip}\right) - \mathrm{GraSP}}{\left(\mathrm{ZiCo}\right) \cdot \left(\mathrm{GraSP}\right)},Snip Log GraSP Sub ZiCo GraSP Mul Div <EOS>,((log(Snip) - GraSP) / (ZiCo * GraSP)),0.719800000,0.708000000,51,8,4,2185,run_monash_time_unique1000,4,1,TIME__azure2019_D__5T/seed_2185/run_monash_time_unique1000/visualizations/archive_latex.tex
264,0.763063063,0.719800000,\mathrm{ZiCo} + \frac{\log\left(\left(\mathrm{Snip}\right) \cdot \left(\mathrm{Fisher}\right)\right)}{\mathrm{GraSP}},ZiCo Snip Fisher Mul Log GraSP Div Add <EOS>,(ZiCo + (log((Snip * Fisher)) / GraSP)),0.719800000,0.726300000,79,8,5,2075,run_monash_time_unique1000,5,4,TIME__azure2019_D__5T/seed_2075/run_monash_time_unique1000/visualizations/archive_latex.tex
265,0.762162162,0.719800000,\log\left(\sqrt{\mathrm{ZiCo}}\right) + \frac{\mathrm{GradNorm}}{\mathrm{GraSP} - \mathrm{GFLOPs}},ZiCo Sqrt Log Grad_Norm GraSP GFLOPs Sub Div Add <EOS>,(log(sqrt(ZiCo)) + (Grad_Norm / (GraSP - GFLOPs))),0.719800000,0.728400000,164,9,4,2075,run_monash_time_unique1000,6,1,TIME__azure2019_D__5T/seed_2075/run_monash_time_unique1000/visualizations/archive_latex.tex
266,0.761261261,0.719800000,\frac{\log\left(\left(\mathrm{Snip}\right) \cdot \left(\mathrm{Fisher}\right)\right)}{\mathrm{GraSP}} + \mathrm{ZiCo},Snip Fisher Mul Log GraSP Div ZiCo Add <EOS>,((log((Snip * Fisher)) / GraSP) + ZiCo),0.719800000,0.726300000,108,8,5,2266,run_monash_time_unique1000,6,2,TIME__azure2019_D__5T/seed_2266/run_monash_time_unique1000/visualizations/archive_latex.tex
267,0.760360360,0.719800000,\mathrm{ZiCo} + \frac{\sqrt{\log\left(\mathrm{GradNorm}\right)} + \mathrm{plain}}{\mathrm{GraSP}},ZiCo Grad_Norm Log Sqrt plain Add GraSP Div Add <EOS>,(ZiCo + ((sqrt(log(Grad_Norm)) + plain) / GraSP)),0.719800000,0.736300000,120,9,6,2121,run_monash_time_unique1000,7,1,TIME__azure2019_D__5T/seed_2121/run_monash_time_unique1000/visualizations/archive_latex.tex
268,0.759459459,0.719800000,\mathrm{ZiCo} + \frac{\log\left(\sqrt{\mathrm{GradNorm}}\right) + \mathrm{plain}}{\mathrm{GraSP}},ZiCo Grad_Norm Sqrt Log plain Add GraSP Div Add <EOS>,(ZiCo + ((log(sqrt(Grad_Norm)) + plain) / GraSP)),0.719800000,0.707400000,31,9,6,2266,run_monash_time_unique1000,7,1,TIME__azure2019_D__5T/seed_2266/run_monash_time_unique1000/visualizations/archive_latex.tex
269,0.758558559,0.719800000,\mathrm{ZiCo} + \frac{\mathrm{plain} + \sqrt{\log\left(\mathrm{GradNorm}\right)}}{\mathrm{GraSP}},ZiCo plain Grad_Norm Log Sqrt Add GraSP Div Add <EOS>,(ZiCo + ((plain + sqrt(log(Grad_Norm))) / GraSP)),0.719800000,0.736300000,63,9,6,2203,run_monash_time_unique1000,10,1,TIME__azure2019_D__5T/seed_2203/run_monash_time_unique1000/visualizations/archive_latex.tex
270,0.757657658,0.719800000,\frac{\log\left(\sqrt{\mathrm{GradNorm}}\right) + \mathrm{plain}}{\mathrm{GraSP}} + \mathrm{ZiCo},Grad_Norm Sqrt Log plain Add GraSP Div ZiCo Add <EOS>,(((log(sqrt(Grad_Norm)) + plain) / GraSP) + ZiCo),0.719800000,0.707400000,107,9,6,2228,run_monash_time_unique1000,10,1,TIME__azure2019_D__5T/seed_2228/run_monash_time_unique1000/visualizations/archive_latex.tex
271,0.756756757,0.719700000,\left(\frac{\log\left(\mathrm{GraSP}\right)}{\sqrt{\log\left(\mathrm{GradNorm}\right)}}\right) \cdot \left(\left(\mathrm{ZiCo}\right)^2\right),GraSP Log Grad_Norm Log Sqrt Div ZiCo Square Mul <EOS>,((log(GraSP) / sqrt(log(Grad_Norm))) * square(ZiCo)),0.719700000,0.699000000,118,9,5,2036,run_monash_time_unique1000,3,1,TIME__azure2019_D__5T/seed_2036/run_monash_time_unique1000/visualizations/archive_latex.tex
272,0.755855856,0.719700000,\frac{\mathrm{ZiCo} + \mathrm{plain}}{\mathrm{GraSP}} + \sqrt{\mathrm{ZiCo}},ZiCo plain Add GraSP Div ZiCo Sqrt Add <EOS>,(((ZiCo + plain) / GraSP) + sqrt(ZiCo)),0.719700000,0.719400000,7,8,4,2171,run_monash_time_unique1000,3,1,TIME__azure2019_D__5T/seed_2171/run_monash_time_unique1000/visualizations/archive_latex.tex
273,0.754954955,0.719600000,\log\left(\mathrm{ZiCo}\right) + \frac{\log\left(\mathrm{GFLOPs} - \mathrm{Snip}\right)}{\mathrm{GraSP}},ZiCo Log GFLOPs Snip Sub Log GraSP Div Add <EOS>,(log(ZiCo) + (log((GFLOPs - Snip)) / GraSP)),0.719600000,0.710100000,127,9,5,2188,run_monash_time_unique1000,9,1,TIME__azure2019_D__5T/seed_2188/run_monash_time_unique1000/visualizations/archive_latex.tex
274,0.754054054,0.719500000,\frac{\log\left(\mathrm{Snip} + \mathrm{ZiCo}\right)}{\mathrm{GraSP}} + \log\left(\mathrm{ZiCo}\right),Snip ZiCo Add Log GraSP Div ZiCo Log Add <EOS>,((log((Snip + ZiCo)) / GraSP) + log(ZiCo)),0.719500000,0.714100000,189,9,5,2218,run_monash_time_unique1000,1,1,TIME__azure2019_D__5T/seed_2218/run_monash_time_unique1000/visualizations/archive_latex.tex
275,0.753153153,0.719500000,\log\left(\mathrm{ZiCo}\right) + \frac{\log\left(\mathrm{Snip}\right)}{\mathrm{GraSP}},ZiCo Log Snip Log GraSP Div Add <EOS>,(log(ZiCo) + (log(Snip) / GraSP)),0.719500000,0.714100000,71,7,4,2090,run_monash_time_unique1000,3,14,TIME__azure2019_D__5T/seed_2090/run_monash_time_unique1000/visualizations/archive_latex.tex
276,0.752252252,0.719500000,\frac{\mathrm{GradNorm}}{\mathrm{GraSP} - \mathrm{L2Norm}} + \left(\mathrm{ZiCo}\right)^2,Grad_Norm GraSP L2-Norm Sub Div ZiCo Square Add <EOS>,((Grad_Norm / (GraSP - L2-Norm)) + square(ZiCo)),0.719500000,0.675400000,121,8,4,2132,run_monash_time_unique1000,4,1,TIME__azure2019_D__5T/seed_2132/run_monash_time_unique1000/visualizations/archive_latex.tex
277,0.751351351,0.719500000,\frac{\log\left(\mathrm{Snip}\right)}{\mathrm{GraSP}} + \log\left(\mathrm{ZiCo}\right),Snip Log GraSP Div ZiCo Log Add <EOS>,((log(Snip) / GraSP) + log(ZiCo)),0.719500000,0.714100000,119,7,4,2132,run_monash_time_unique1000,5,5,TIME__azure2019_D__5T/seed_2132/run_monash_time_unique1000/visualizations/archive_latex.tex
278,0.750450450,0.719500000,\log\left(\mathrm{ZiCo}\right) - -\frac{\log\left(\mathrm{Snip}\right)}{\mathrm{GraSP}},ZiCo Log Snip Log GraSP Div Negative Sub <EOS>,(log(ZiCo) - -((log(Snip) / GraSP))),0.719500000,0.714100000,183,8,5,2256,run_monash_time_unique1000,6,1,TIME__azure2019_D__5T/seed_2256/run_monash_time_unique1000/visualizations/archive_latex.tex
279,0.749549550,0.719500000,\frac{\log\left(\sqrt{\left(\mathrm{Snip}\right) \cdot \left(\mathrm{ZiCo}\right)}\right)}{\mathrm{GraSP}} + \mathrm{ZiCo},Snip ZiCo Mul Sqrt Log GraSP Div ZiCo Add <EOS>,((log(sqrt((Snip * ZiCo))) / GraSP) + ZiCo),0.719500000,0.709600000,73,9,6,2266,run_monash_time_unique1000,8,1,TIME__azure2019_D__5T/seed_2266/run_monash_time_unique1000/visualizations/archive_latex.tex
280,0.748648649,0.719400000,\frac{\frac{\mathrm{plain}}{\mathrm{ZiCo}}}{\mathrm{GraSP}} + \mathrm{ZiCo},plain ZiCo Div GraSP Div ZiCo Add <EOS>,(((plain / ZiCo) / GraSP) + ZiCo),0.719400000,0.739200000,200,7,4,2233,run_monash_time_unique1000,1,4,TIME__azure2019_D__5T/seed_2233/run_monash_time_unique1000/visualizations/archive_latex.tex
281,0.747747748,0.719400000,\mathrm{ZiCo} + \frac{\mathrm{plain}}{\left(\mathrm{ZiCo}\right) \cdot \left(\mathrm{GraSP}\right)},ZiCo plain ZiCo GraSP Mul Div Add <EOS>,(ZiCo + (plain / (ZiCo * GraSP))),0.719400000,0.739200000,183,7,4,2030,run_monash_time_unique1000,2,2,TIME__azure2019_D__5T/seed_2030/run_monash_time_unique1000/visualizations/archive_latex.tex
282,0.746846847,0.719400000,\mathrm{ZiCo} + \frac{\mathrm{plain}}{\left(\mathrm{GraSP}\right) \cdot \left(\mathrm{ZiCo}\right)},ZiCo plain GraSP ZiCo Mul Div Add <EOS>,(ZiCo + (plain / (GraSP * ZiCo))),0.719400000,0.739200000,14,7,4,2090,run_monash_time_unique1000,4,4,TIME__azure2019_D__5T/seed_2090/run_monash_time_unique1000/visualizations/archive_latex.tex
283,0.745945946,0.719400000,\mathrm{ZiCo} - \frac{-\mathrm{plain}}{\left(\mathrm{GraSP}\right) \cdot \left(\mathrm{ZiCo}\right)},ZiCo plain Negative GraSP ZiCo Mul Div Sub <EOS>,(ZiCo - (-(plain) / (GraSP * ZiCo))),0.719400000,0.739200000,175,8,4,2171,run_monash_time_unique1000,4,1,TIME__azure2019_D__5T/seed_2171/run_monash_time_unique1000/visualizations/archive_latex.tex
284,0.745045045,0.719400000,\sqrt{\mathrm{ZiCo} - \frac{-\mathrm{plain}}{\left(\mathrm{GraSP}\right) \cdot \left(\mathrm{ZiCo}\right)}},ZiCo plain Negative GraSP ZiCo Mul Div Sub Sqrt <EOS>,sqrt((ZiCo - (-(plain) / (GraSP * ZiCo)))),0.719400000,0.700200000,176,9,5,2171,run_monash_time_unique1000,5,1,TIME__azure2019_D__5T/seed_2171/run_monash_time_unique1000/visualizations/archive_latex.tex
285,0.744144144,0.719400000,\mathrm{ZiCo} - \frac{\frac{\mathrm{plain}}{\mathrm{GraSP}}}{-\mathrm{ZiCo}},ZiCo plain GraSP Div ZiCo Negative Div Sub <EOS>,(ZiCo - ((plain / GraSP) / -(ZiCo))),0.719400000,0.739200000,146,8,4,2185,run_monash_time_unique1000,5,2,TIME__azure2019_D__5T/seed_2185/run_monash_time_unique1000/visualizations/archive_latex.tex
286,0.743243243,0.719400000,\mathrm{ZiCo} + \frac{\frac{\mathrm{plain}}{\mathrm{ZiCo}}}{\mathrm{GraSP}},ZiCo plain ZiCo Div GraSP Div Add <EOS>,(ZiCo + ((plain / ZiCo) / GraSP)),0.719400000,0.739200000,60,7,4,2037,run_monash_time_unique1000,6,7,TIME__azure2019_D__5T/seed_2037/run_monash_time_unique1000/visualizations/archive_latex.tex
287,0.742342342,0.719400000,\mathrm{ZiCo} - \frac{\mathrm{plain}}{\left(-\mathrm{ZiCo}\right) \cdot \left(\mathrm{GraSP}\right)},ZiCo plain ZiCo Negative GraSP Mul Div Sub <EOS>,(ZiCo - (plain / (-(ZiCo) * GraSP))),0.719400000,0.739200000,160,8,5,2048,run_monash_time_unique1000,6,2,TIME__azure2019_D__5T/seed_2048/run_monash_time_unique1000/visualizations/archive_latex.tex
288,0.741441441,0.719400000,\mathrm{ZiCo} - -\frac{\mathrm{plain}}{\left(\mathrm{ZiCo}\right) \cdot \left(\mathrm{GraSP}\right)},ZiCo plain ZiCo GraSP Mul Div Negative Sub <EOS>,(ZiCo - -((plain / (ZiCo * GraSP)))),0.719400000,0.739200000,81,8,5,2104,run_monash_time_unique1000,6,1,TIME__azure2019_D__5T/seed_2104/run_monash_time_unique1000/visualizations/archive_latex.tex
289,0.740540541,0.719400000,\mathrm{ZiCo} + \frac{\mathrm{plain} + \sqrt{\mathrm{ZiCo}}}{\mathrm{GraSP}},ZiCo plain ZiCo Sqrt Add GraSP Div Add <EOS>,(ZiCo + ((plain + sqrt(ZiCo)) / GraSP)),0.719400000,0.710300000,34,8,5,2037,run_monash_time_unique1000,7,1,TIME__azure2019_D__5T/seed_2037/run_monash_time_unique1000/visualizations/archive_latex.tex
290,0.739639640,0.719400000,\frac{\sqrt{\mathrm{ZiCo}} + \mathrm{plain}}{\mathrm{GraSP}} + \mathrm{ZiCo},ZiCo Sqrt plain Add GraSP Div ZiCo Add <EOS>,(((sqrt(ZiCo) + plain) / GraSP) + ZiCo),0.719400000,0.710300000,53,8,5,2132,run_monash_time_unique1000,7,1,TIME__azure2019_D__5T/seed_2132/run_monash_time_unique1000/visualizations/archive_latex.tex
291,0.738738739,0.719400000,\mathrm{ZiCo} - \frac{\mathrm{plain}}{\left(\mathrm{ZiCo}\right) \cdot \left(-\mathrm{GraSP}\right)},ZiCo plain ZiCo GraSP Negative Mul Div Sub <EOS>,(ZiCo - (plain / (ZiCo * -(GraSP)))),0.719400000,0.739200000,89,8,5,2256,run_monash_time_unique1000,7,1,TIME__azure2019_D__5T/seed_2256/run_monash_time_unique1000/visualizations/archive_latex.tex
292,0.737837838,0.719400000,\mathrm{ZiCo} + \frac{\frac{\mathrm{plain}}{\mathrm{GraSP}}}{\mathrm{ZiCo}},ZiCo plain GraSP Div ZiCo Div Add <EOS>,(ZiCo + ((plain / GraSP) / ZiCo)),0.719400000,0.739200000,35,7,4,2128,run_monash_time_unique1000,8,1,TIME__azure2019_D__5T/seed_2128/run_monash_time_unique1000/visualizations/archive_latex.tex
293,0.736936937,0.719400000,\log\left(\mathrm{ZiCo} + \frac{\mathrm{plain}}{\left(\mathrm{GraSP}\right) \cdot \left(\mathrm{ZiCo}\right)}\right),ZiCo plain GraSP ZiCo Mul Div Add Log <EOS>,log((ZiCo + (plain / (GraSP * ZiCo)))),0.719400000,0.700200000,174,8,5,2107,run_monash_time_unique1000,9,1,TIME__azure2019_D__5T/seed_2107/run_monash_time_unique1000/visualizations/archive_latex.tex
294,0.736036036,0.719400000,\sqrt{\mathrm{ZiCo} + \frac{\frac{\mathrm{plain}}{\mathrm{GraSP}}}{\mathrm{ZiCo}}},ZiCo plain GraSP Div ZiCo Div Add Sqrt <EOS>,sqrt((ZiCo + ((plain / GraSP) / ZiCo))),0.719400000,0.700200000,44,8,5,2128,run_monash_time_unique1000,9,1,TIME__azure2019_D__5T/seed_2128/run_monash_time_unique1000/visualizations/archive_latex.tex
295,0.735135135,0.719400000,\log\left(\mathrm{ZiCo} + \frac{\mathrm{plain}}{\left(\mathrm{ZiCo}\right) \cdot \left(\mathrm{GraSP}\right)}\right),ZiCo plain ZiCo GraSP Mul Div Add Log <EOS>,log((ZiCo + (plain / (ZiCo * GraSP)))),0.719400000,0.700200000,134,8,5,2135,run_monash_time_unique1000,9,1,TIME__azure2019_D__5T/seed_2135/run_monash_time_unique1000/visualizations/archive_latex.tex
296,0.734234234,0.719400000,\left(\mathrm{ZiCo} + \frac{\frac{\mathrm{plain}}{\mathrm{ZiCo}}}{\mathrm{GraSP}}\right)^2,ZiCo plain ZiCo Div GraSP Div Add Square <EOS>,square((ZiCo + ((plain / ZiCo) / GraSP))),0.719400000,0.700200000,125,8,5,2121,run_monash_time_unique1000,10,1,TIME__azure2019_D__5T/seed_2121/run_monash_time_unique1000/visualizations/archive_latex.tex
297,0.733333333,0.719300000,\mathrm{ZiCo} + \frac{\log\left(\mathrm{GradNorm} + \mathrm{MParams}\right)}{\mathrm{GraSP}},ZiCo Grad_Norm MParams Add Log GraSP Div Add <EOS>,(ZiCo + (log((Grad_Norm + MParams)) / GraSP)),0.719300000,0.701400000,46,8,5,2030,run_monash_time_unique1000,3,2,TIME__azure2019_D__5T/seed_2030/run_monash_time_unique1000/visualizations/archive_latex.tex
298,0.732432432,0.719300000,\sqrt{\left(\sqrt{\mathrm{ZiCo}}\right) \cdot \left(\mathrm{ZiCo} + \frac{\mathrm{GradNorm}}{\mathrm{GraSP}}\right)},ZiCo Sqrt ZiCo Grad_Norm GraSP Div Add Mul Sqrt <EOS>,sqrt((sqrt(ZiCo) * (ZiCo + (Grad_Norm / GraSP)))),0.719300000,0.682800000,68,9,5,2080,run_monash_time_unique1000,3,1,TIME__azure2019_D__5T/seed_2080/run_monash_time_unique1000/visualizations/archive_latex.tex
299,0.731531532,0.719300000,\left(\left(\mathrm{ZiCo} + \frac{\mathrm{GradNorm}}{\mathrm{GraSP}}\right)^2\right) \cdot \left(\mathrm{ZiCo}\right),ZiCo Grad_Norm GraSP Div Add Square ZiCo Mul <EOS>,(square((ZiCo + (Grad_Norm / GraSP))) * ZiCo),0.719300000,0.682800000,78,8,5,2190,run_monash_time_unique1000,6,1,TIME__azure2019_D__5T/seed_2190/run_monash_time_unique1000/visualizations/archive_latex.tex
300,0.730630631,0.719300000,\mathrm{ZiCo} + \frac{\log\left(\mathrm{MParams} + \mathrm{GradNorm}\right)}{\mathrm{GraSP}},ZiCo MParams Grad_Norm Add Log GraSP Div Add <EOS>,(ZiCo + (log((MParams + Grad_Norm)) / GraSP)),0.719300000,0.701400000,87,8,5,2232,run_monash_time_unique1000,8,1,TIME__azure2019_D__5T/seed_2232/run_monash_time_unique1000/visualizations/archive_latex.tex
301,0.729729730,0.719300000,\log\left(\mathrm{ZiCo}\right) + \frac{\log\left(\mathrm{Snip}\right)}{\mathrm{GraSP} - \mathrm{GFLOPs}},ZiCo Log Snip Log GraSP GFLOPs Sub Div Add <EOS>,(log(ZiCo) + (log(Snip) / (GraSP - GFLOPs))),0.719300000,0.706800000,107,9,4,2110,run_monash_time_unique1000,9,1,TIME__azure2019_D__5T/seed_2110/run_monash_time_unique1000/visualizations/archive_latex.tex
302,0.728828829,0.719300000,\mathrm{ZiCo} + \frac{\mathrm{plain} + \sqrt{\mathrm{plain}}}{\mathrm{GraSP}},ZiCo plain plain Sqrt Add GraSP Div Add <EOS>,(ZiCo + ((plain + sqrt(plain)) / GraSP)),0.719300000,0.730500000,51,8,5,2232,run_monash_time_unique1000,9,1,TIME__azure2019_D__5T/seed_2232/run_monash_time_unique1000/visualizations/archive_latex.tex
303,0.727927928,0.719300000,\mathrm{ZiCo} + \frac{\sqrt{\mathrm{plain}} + \mathrm{plain}}{\mathrm{GraSP}},ZiCo plain Sqrt plain Add GraSP Div Add <EOS>,(ZiCo + ((sqrt(plain) + plain) / GraSP)),0.719300000,0.730500000,177,8,5,2110,run_monash_time_unique1000,10,1,TIME__azure2019_D__5T/seed_2110/run_monash_time_unique1000/visualizations/archive_latex.tex
304,0.727027027,0.719300000,\log\left(\mathrm{ZiCo}\right) + \frac{\log\left(\mathrm{Snip} - \mathrm{ZiCo}\right)}{\mathrm{GraSP}},ZiCo Log Snip ZiCo Sub Log GraSP Div Add <EOS>,(log(ZiCo) + (log((Snip - ZiCo)) / GraSP)),0.719300000,0.714000000,191,9,5,2128,run_monash_time_unique1000,10,1,TIME__azure2019_D__5T/seed_2128/run_monash_time_unique1000/visualizations/archive_latex.tex
305,0.726126126,0.719300000,\frac{\mathrm{plain} + \sqrt{\mathrm{plain}}}{\mathrm{GraSP}} + \mathrm{ZiCo},plain plain Sqrt Add GraSP Div ZiCo Add <EOS>,(((plain + sqrt(plain)) / GraSP) + ZiCo),0.719300000,0.730500000,182,8,5,2264,run_monash_time_unique1000,10,1,TIME__azure2019_D__5T/seed_2264/run_monash_time_unique1000/visualizations/archive_latex.tex
306,0.725225225,0.719100000,\mathrm{ZiCo} - \sqrt{\frac{\mathrm{GraSP}}{\mathrm{GraSP} + \mathrm{GradNorm}}},ZiCo GraSP GraSP Grad_Norm Add Div Sqrt Sub <EOS>,(ZiCo - sqrt((GraSP / (GraSP + Grad_Norm)))),0.719100000,0.671000000,155,8,5,2206,run_monash_time_unique1000,6,1,TIME__azure2019_D__5T/seed_2206/run_monash_time_unique1000/visualizations/archive_latex.tex
307,0.724324324,0.719000000,\sqrt{\mathrm{ZiCo}} - \frac{\mathrm{GradNorm}}{\mathrm{L2Norm} - \mathrm{GraSP}},ZiCo Sqrt Grad_Norm L2-Norm GraSP Sub Div Sub <EOS>,(sqrt(ZiCo) - (Grad_Norm / (L2-Norm - GraSP))),0.719000000,0.675200000,138,8,4,2185,run_monash_time_unique1000,6,2,TIME__azure2019_D__5T/seed_2185/run_monash_time_unique1000/visualizations/archive_latex.tex
308,0.723423423,0.719000000,\frac{\mathrm{GradNorm}}{\mathrm{GraSP} - \mathrm{L2Norm}} + \sqrt{\mathrm{ZiCo}},Grad_Norm GraSP L2-Norm Sub Div ZiCo Sqrt Add <EOS>,((Grad_Norm / (GraSP - L2-Norm)) + sqrt(ZiCo)),0.719000000,0.675200000,83,8,4,2132,run_monash_time_unique1000,8,1,TIME__azure2019_D__5T/seed_2132/run_monash_time_unique1000/visualizations/archive_latex.tex
309,0.722522523,0.718900000,\mathrm{ZiCo} + \frac{\log\left(-\mathrm{plain} - \mathrm{GradNorm}\right)}{\mathrm{GraSP}},ZiCo plain Negative Grad_Norm Sub Log GraSP Div Add <EOS>,(ZiCo + (log((-(plain) - Grad_Norm)) / GraSP)),0.718900000,0.703500000,159,9,6,2187,run_monash_time_unique1000,5,1,TIME__azure2019_D__5T/seed_2187/run_monash_time_unique1000/visualizations/archive_latex.tex
310,0.721621622,0.718900000,\mathrm{ZiCo} + \frac{\log\left(\mathrm{plain} + \mathrm{GradNorm}\right)}{\mathrm{GraSP}},ZiCo plain Grad_Norm Add Log GraSP Div Add <EOS>,(ZiCo + (log((plain + Grad_Norm)) / GraSP)),0.718900000,0.703500000,32,8,5,2037,run_monash_time_unique1000,8,3,TIME__azure2019_D__5T/seed_2037/run_monash_time_unique1000/visualizations/archive_latex.tex
311,0.720720721,0.718900000,\frac{\log\left(\mathrm{Snip}\right)}{\frac{\mathrm{GraSP}}{\mathrm{plain}}} + \log\left(\mathrm{ZiCo}\right),Snip Log GraSP plain Div Div ZiCo Log Add <EOS>,((log(Snip) / (GraSP / plain)) + log(ZiCo)),0.718900000,0.699600000,131,9,4,2132,run_monash_time_unique1000,9,1,TIME__azure2019_D__5T/seed_2132/run_monash_time_unique1000/visualizations/archive_latex.tex
312,0.719819820,0.718900000,\mathrm{ZiCo} + \frac{\log\left(\mathrm{GradNorm} + \mathrm{plain}\right)}{\mathrm{GraSP}},ZiCo Grad_Norm plain Add Log GraSP Div Add <EOS>,(ZiCo + (log((Grad_Norm + plain)) / GraSP)),0.718900000,0.703500000,99,8,5,2135,run_monash_time_unique1000,10,1,TIME__azure2019_D__5T/seed_2135/run_monash_time_unique1000/visualizations/archive_latex.tex
313,0.718918919,0.718900000,\log\left(\mathrm{ZiCo}\right) + \frac{\left(\log\left(\mathrm{Snip}\right)\right) \cdot \left(\mathrm{plain}\right)}{\mathrm{GraSP}},ZiCo Log Snip Log plain Mul GraSP Div Add <EOS>,(log(ZiCo) + ((log(Snip) * plain) / GraSP)),0.718900000,0.699600000,165,9,5,2232,run_monash_time_unique1000,10,1,TIME__azure2019_D__5T/seed_2232/run_monash_time_unique1000/visualizations/archive_latex.tex
314,0.718018018,0.718800000,\left(\mathrm{ZiCo}\right) \cdot \left(\frac{\mathrm{GradNorm}}{\mathrm{GraSP}}\right) + \left(\mathrm{ZiCo}\right)^2,ZiCo Grad_Norm GraSP Div Mul ZiCo Square Add <EOS>,((ZiCo * (Grad_Norm / GraSP)) + square(ZiCo)),0.718800000,0.709400000,60,8,4,2053,run_monash_time_unique1000,1,1,TIME__azure2019_D__5T/seed_2053/run_monash_time_unique1000/visualizations/archive_latex.tex
315,0.717117117,0.718800000,\left(\mathrm{ZiCo}\right) \cdot \left(\mathrm{ZiCo} + \frac{\mathrm{GradNorm}}{\mathrm{GraSP}}\right),ZiCo ZiCo Grad_Norm GraSP Div Add Mul <EOS>,(ZiCo * (ZiCo + (Grad_Norm / GraSP))),0.718800000,0.709400000,9,7,4,2044,run_monash_time_unique1000,3,6,TIME__azure2019_D__5T/seed_2044/run_monash_time_unique1000/visualizations/archive_latex.tex
316,0.716216216,0.718800000,\left(\mathrm{ZiCo}\right) \cdot \left(\frac{\mathrm{GradNorm}}{\mathrm{GraSP}} + \mathrm{ZiCo}\right),ZiCo Grad_Norm GraSP Div ZiCo Add Mul <EOS>,(ZiCo * ((Grad_Norm / GraSP) + ZiCo)),0.718800000,0.709400000,196,7,4,2066,run_monash_time_unique1000,3,5,TIME__azure2019_D__5T/seed_2066/run_monash_time_unique1000/visualizations/archive_latex.tex
317,0.715315315,0.718800000,\frac{\mathrm{ZiCo}}{\frac{\mathrm{GraSP}}{\mathrm{GradNorm}}} + \left(\mathrm{ZiCo}\right)^2,ZiCo GraSP Grad_Norm Div Div ZiCo Square Add <EOS>,((ZiCo / (GraSP / Grad_Norm)) + square(ZiCo)),0.718800000,0.709400000,84,8,4,2079,run_monash_time_unique1000,3,1,TIME__azure2019_D__5T/seed_2079/run_monash_time_unique1000/visualizations/archive_latex.tex
318,0.714414414,0.718800000,\left(\frac{\mathrm{GradNorm}}{\mathrm{GraSP}} + \mathrm{ZiCo}\right) \cdot \left(\mathrm{ZiCo}\right),Grad_Norm GraSP Div ZiCo Add ZiCo Mul <EOS>,(((Grad_Norm / GraSP) + ZiCo) * ZiCo),0.718800000,0.709400000,59,7,4,2084,run_monash_time_unique1000,3,1,TIME__azure2019_D__5T/seed_2084/run_monash_time_unique1000/visualizations/archive_latex.tex
319,0.713513514,0.718800000,\left(\mathrm{ZiCo}\right)^2 + \frac{\left(\mathrm{GradNorm}\right) \cdot \left(\mathrm{ZiCo}\right)}{\mathrm{GraSP}},ZiCo Square Grad_Norm ZiCo Mul GraSP Div Add <EOS>,(square(ZiCo) + ((Grad_Norm * ZiCo) / GraSP)),0.718800000,0.709400000,60,8,4,2182,run_monash_time_unique1000,3,1,TIME__azure2019_D__5T/seed_2182/run_monash_time_unique1000/visualizations/archive_latex.tex
320,0.712612613,0.718800000,\left(\mathrm{ZiCo} + \frac{\mathrm{GradNorm}}{\mathrm{GraSP}}\right) \cdot \left(\mathrm{ZiCo}\right),ZiCo Grad_Norm GraSP Div Add ZiCo Mul <EOS>,((ZiCo + (Grad_Norm / GraSP)) * ZiCo),0.718800000,0.709400000,131,7,4,2229,run_monash_time_unique1000,3,4,TIME__azure2019_D__5T/seed_2229/run_monash_time_unique1000/visualizations/archive_latex.tex
321,0.711711712,0.718800000,\frac{\mathrm{GradNorm}}{\frac{\mathrm{GraSP}}{\mathrm{ZiCo}}} + \left(\mathrm{ZiCo}\right)^2,Grad_Norm GraSP ZiCo Div Div ZiCo Square Add <EOS>,((Grad_Norm / (GraSP / ZiCo)) + square(ZiCo)),0.718800000,0.709400000,102,8,4,2061,run_monash_time_unique1000,4,1,TIME__azure2019_D__5T/seed_2061/run_monash_time_unique1000/visualizations/archive_latex.tex
322,0.710810811,0.718800000,\left(\mathrm{ZiCo} - \frac{-\mathrm{GradNorm}}{\mathrm{GraSP}}\right) \cdot \left(\mathrm{ZiCo}\right),ZiCo Grad_Norm Negative GraSP Div Sub ZiCo Mul <EOS>,((ZiCo - (-(Grad_Norm) / GraSP)) * ZiCo),0.718800000,0.709400000,123,8,5,2059,run_monash_time_unique1000,5,1,TIME__azure2019_D__5T/seed_2059/run_monash_time_unique1000/visualizations/archive_latex.tex
323,0.709909910,0.718800000,\left(\left(\mathrm{ZiCo} + \frac{\mathrm{GradNorm}}{\mathrm{GraSP}}\right) \cdot \left(\mathrm{ZiCo}\right)\right)^2,ZiCo Grad_Norm GraSP Div Add ZiCo Mul Square <EOS>,square(((ZiCo + (Grad_Norm / GraSP)) * ZiCo)),0.718800000,0.670400000,196,8,5,2102,run_monash_time_unique1000,6,1,TIME__azure2019_D__5T/seed_2102/run_monash_time_unique1000/visualizations/archive_latex.tex
324,0.709009009,0.718800000,\sqrt{\left(\mathrm{ZiCo}\right) \cdot \left(\mathrm{ZiCo} + \frac{\mathrm{GradNorm}}{\mathrm{GraSP}}\right)},ZiCo ZiCo Grad_Norm GraSP Div Add Mul Sqrt <EOS>,sqrt((ZiCo * (ZiCo + (Grad_Norm / GraSP)))),0.718800000,0.670400000,141,8,5,2187,run_monash_time_unique1000,7,1,TIME__azure2019_D__5T/seed_2187/run_monash_time_unique1000/visualizations/archive_latex.tex
325,0.708108108,0.718800000,\left(\left(\mathrm{ZiCo} + \frac{\mathrm{GradNorm}}{\mathrm{GraSP}}\right)^2\right) \cdot \left(\left(\mathrm{ZiCo}\right)^2\right),ZiCo Grad_Norm GraSP Div Add Square ZiCo Square Mul <EOS>,(square((ZiCo + (Grad_Norm / GraSP))) * square(ZiCo)),0.718800000,0.670400000,77,9,5,2190,run_monash_time_unique1000,7,1,TIME__azure2019_D__5T/seed_2190/run_monash_time_unique1000/visualizations/archive_latex.tex
326,0.707207207,0.718800000,\left(\left(\mathrm{ZiCo}\right) \cdot \left(\mathrm{ZiCo} + \frac{\mathrm{GradNorm}}{\mathrm{GraSP}}\right)\right)^2,ZiCo ZiCo Grad_Norm GraSP Div Add Mul Square <EOS>,square((ZiCo * (ZiCo + (Grad_Norm / GraSP)))),0.718800000,0.670400000,26,8,5,2075,run_monash_time_unique1000,10,1,TIME__azure2019_D__5T/seed_2075/run_monash_time_unique1000/visualizations/archive_latex.tex
327,0.706306306,0.718700000,\mathrm{ZiCo} - \left(\frac{\mathrm{plain} - \mathrm{GraSP}}{\mathrm{GraSP}}\right)^2,ZiCo plain GraSP Sub GraSP Div Square Sub <EOS>,(ZiCo - square(((plain - GraSP) / GraSP))),0.718700000,0.725600000,143,8,5,2194,run_monash_time_unique1000,2,1,TIME__azure2019_D__5T/seed_2194/run_monash_time_unique1000/visualizations/archive_latex.tex
328,0.705405405,0.718700000,\log\left(\mathrm{ZiCo}\right) - \frac{\log\left(\mathrm{Snip}\right)}{\mathrm{Fisher} - \mathrm{GraSP}},ZiCo Log Snip Log Fisher GraSP Sub Div Sub <EOS>,(log(ZiCo) - (log(Snip) / (Fisher - GraSP))),0.718700000,0.713600000,142,9,4,2090,run_monash_time_unique1000,5,1,TIME__azure2019_D__5T/seed_2090/run_monash_time_unique1000/visualizations/archive_latex.tex
329,0.704504505,0.718600000,\mathrm{ZiCo} - \sqrt{\frac{\frac{\mathrm{plain}}{\mathrm{GraSP}}}{\log\left(\mathrm{Snip}\right)}},ZiCo plain GraSP Div Snip Log Div Sqrt Sub <EOS>,(ZiCo - sqrt(((plain / GraSP) / log(Snip)))),0.718600000,0.747800000,34,9,5,2032,run_monash_time_unique1000,2,6,TIME__azure2019_D__5T/seed_2032/run_monash_time_unique1000/visualizations/archive_latex.tex
330,0.703603604,0.718600000,\mathrm{ZiCo} - \sqrt{\frac{\mathrm{plain}}{\left(\log\left(\mathrm{Snip}\right)\right) \cdot \left(\mathrm{GraSP}\right)}},ZiCo plain Snip Log GraSP Mul Div Sqrt Sub <EOS>,(ZiCo - sqrt((plain / (log(Snip) * GraSP)))),0.718600000,0.747800000,198,9,6,2087,run_monash_time_unique1000,6,3,TIME__azure2019_D__5T/seed_2087/run_monash_time_unique1000/visualizations/archive_latex.tex
331,0.702702703,0.718600000,\mathrm{ZiCo} - \sqrt{\frac{\mathrm{plain}}{\left(\mathrm{GraSP}\right) \cdot \left(\log\left(\mathrm{Snip}\right)\right)}},ZiCo plain GraSP Snip Log Mul Div Sqrt Sub <EOS>,(ZiCo - sqrt((plain / (GraSP * log(Snip))))),0.718600000,0.747800000,126,9,6,2115,run_monash_time_unique1000,6,5,TIME__azure2019_D__5T/seed_2115/run_monash_time_unique1000/visualizations/archive_latex.tex
332,0.701801802,0.718600000,\mathrm{ZiCo} - \left(\frac{\mathrm{plain}}{\left(\mathrm{GraSP}\right)^2}\right) \cdot \left(\mathrm{Snip}\right),ZiCo plain GraSP Square Div Snip Mul Sub <EOS>,(ZiCo - ((plain / square(GraSP)) * Snip)),0.718600000,0.699500000,179,8,5,2048,run_monash_time_unique1000,7,1,TIME__azure2019_D__5T/seed_2048/run_monash_time_unique1000/visualizations/archive_latex.tex
333,0.700900901,0.718600000,\sqrt{\mathrm{ZiCo}} - \frac{\mathrm{plain}}{-\mathrm{GraSP} - \mathrm{GradNorm}},ZiCo Sqrt plain GraSP Negative Grad_Norm Sub Div Sub <EOS>,(sqrt(ZiCo) - (plain / (-(GraSP) - Grad_Norm))),0.718600000,0.657600000,198,9,5,2048,run_monash_time_unique1000,8,1,TIME__azure2019_D__5T/seed_2048/run_monash_time_unique1000/visualizations/archive_latex.tex
334,0.700000000,0.718600000,\mathrm{ZiCo} + \frac{\log\left(\mathrm{GradNorm} + \log\left(\mathrm{GradNorm}\right)\right)}{\mathrm{GraSP}},ZiCo Grad_Norm Grad_Norm Log Add Log GraSP Div Add <EOS>,(ZiCo + (log((Grad_Norm + log(Grad_Norm))) / GraSP)),0.718600000,0.704800000,73,9,6,2037,run_monash_time_unique1000,9,1,TIME__azure2019_D__5T/seed_2037/run_monash_time_unique1000/visualizations/archive_latex.tex
335,0.699099099,0.718600000,\log\left(\mathrm{ZiCo}\right) + \frac{\log\left(\mathrm{Snip}\right)}{\mathrm{GraSP} + \mathrm{plain}},ZiCo Log Snip Log GraSP plain Add Div Add <EOS>,(log(ZiCo) + (log(Snip) / (GraSP + plain))),0.718600000,0.674000000,162,9,4,2056,run_monash_time_unique1000,9,1,TIME__azure2019_D__5T/seed_2056/run_monash_time_unique1000/visualizations/archive_latex.tex
336,0.698198198,0.718600000,\log\left(\mathrm{ZiCo}\right) + \frac{\log\left(\mathrm{Snip}\right)}{\mathrm{GraSP} - \mathrm{ZiCo}},ZiCo Log Snip Log GraSP ZiCo Sub Div Add <EOS>,(log(ZiCo) + (log(Snip) / (GraSP - ZiCo))),0.718600000,0.710600000,40,9,4,2107,run_monash_time_unique1000,10,1,TIME__azure2019_D__5T/seed_2107/run_monash_time_unique1000/visualizations/archive_latex.tex
337,0.697297297,0.718600000,\frac{\left(\mathrm{Snip}\right) \cdot \left(-\mathrm{plain}\right)}{\left(\mathrm{GraSP}\right)^2} + \mathrm{ZiCo},Snip plain Negative Mul GraSP Square Div ZiCo Add <EOS>,(((Snip * -(plain)) / square(GraSP)) + ZiCo),0.718600000,0.699500000,188,9,5,2132,run_monash_time_unique1000,10,1,TIME__azure2019_D__5T/seed_2132/run_monash_time_unique1000/visualizations/archive_latex.tex
338,0.696396396,0.718500000,\sqrt{\mathrm{ZiCo}} + \frac{\mathrm{plain}}{\sqrt{\mathrm{Snip}} + \mathrm{GraSP}},ZiCo Sqrt plain Snip Sqrt GraSP Add Div Add <EOS>,(sqrt(ZiCo) + (plain / (sqrt(Snip) + GraSP))),0.718500000,0.665200000,112,9,5,2085,run_monash_time_unique1000,5,1,TIME__azure2019_D__5T/seed_2085/run_monash_time_unique1000/visualizations/archive_latex.tex
339,0.695495495,0.718400000,\left(\mathrm{ZiCo}\right)^2 + \frac{\log\left(\log\left(\mathrm{Snip}\right)\right)}{\mathrm{GraSP}},ZiCo Square Snip Log Log GraSP Div Add <EOS>,(square(ZiCo) + (log(log(Snip)) / GraSP)),0.718400000,0.713800000,48,8,5,2056,run_monash_time_unique1000,10,1,TIME__azure2019_D__5T/seed_2056/run_monash_time_unique1000/visualizations/archive_latex.tex
340,0.694594595,0.718300000,\sqrt{\mathrm{ZiCo}} + \frac{\frac{\mathrm{Snip}}{\mathrm{L2Norm}}}{\mathrm{GraSP}},ZiCo Sqrt Snip L2-Norm Div GraSP Div Add <EOS>,(sqrt(ZiCo) + ((Snip / L2-Norm) / GraSP)),0.718300000,0.695000000,28,8,4,2148,run_monash_time_unique1000,4,1,TIME__azure2019_D__5T/seed_2148/run_monash_time_unique1000/visualizations/archive_latex.tex
341,0.693693694,0.718300000,\frac{\frac{\mathrm{Snip}}{\mathrm{GraSP}}}{\mathrm{L2Norm}} + \sqrt{\mathrm{ZiCo}},Snip GraSP Div L2-Norm Div ZiCo Sqrt Add <EOS>,(((Snip / GraSP) / L2-Norm) + sqrt(ZiCo)),0.718300000,0.695000000,24,8,4,2098,run_monash_time_unique1000,5,1,TIME__azure2019_D__5T/seed_2098/run_monash_time_unique1000/visualizations/archive_latex.tex
342,0.692792793,0.718300000,\log\left(\mathrm{ZiCo}\right) - \sqrt{\frac{\mathrm{plain}}{\mathrm{GraSP} + \mathrm{ZiCo}}},ZiCo Log plain GraSP ZiCo Add Div Sqrt Sub <EOS>,(log(ZiCo) - sqrt((plain / (GraSP + ZiCo)))),0.718300000,0.717100000,160,9,5,2068,run_monash_time_unique1000,8,1,TIME__azure2019_D__5T/seed_2068/run_monash_time_unique1000/visualizations/archive_latex.tex
343,0.691891892,0.718200000,\left(\sqrt{\sqrt{\frac{\mathrm{plain}}{\mathrm{GraSP}}} - \mathrm{ZiCo}}\right) \cdot \left(\mathrm{ZiCo}\right),plain GraSP Div Sqrt ZiCo Sub Sqrt ZiCo Mul <EOS>,(sqrt((sqrt((plain / GraSP)) - ZiCo)) * ZiCo),0.718200000,0.679000000,150,9,6,2231,run_monash_time_unique1000,3,1,TIME__azure2019_D__5T/seed_2231/run_monash_time_unique1000/visualizations/archive_latex.tex
344,0.690990991,0.718200000,\sqrt{\mathrm{ZiCo}} - \sqrt{\frac{\mathrm{GraSP}}{\mathrm{GradNorm} + \mathrm{GraSP}}},ZiCo Sqrt GraSP Grad_Norm GraSP Add Div Sqrt Sub <EOS>,(sqrt(ZiCo) - sqrt((GraSP / (Grad_Norm + GraSP)))),0.718200000,0.681900000,180,9,5,2115,run_monash_time_unique1000,7,1,TIME__azure2019_D__5T/seed_2115/run_monash_time_unique1000/visualizations/archive_latex.tex
345,0.690090090,0.718200000,\left(\mathrm{ZiCo}\right) \cdot \left(\sqrt{\mathrm{ZiCo} - \sqrt{\frac{\mathrm{plain}}{\mathrm{GraSP}}}}\right),ZiCo ZiCo plain GraSP Div Sqrt Sub Sqrt Mul <EOS>,(ZiCo * sqrt((ZiCo - sqrt((plain / GraSP))))),0.718200000,0.679000000,90,9,6,2187,run_monash_time_unique1000,8,1,TIME__azure2019_D__5T/seed_2187/run_monash_time_unique1000/visualizations/archive_latex.tex
346,0.689189189,0.718100000,\sqrt{\mathrm{ZiCo}} + \frac{\left(\mathrm{ZiCo}\right) \cdot \left(\mathrm{GradNorm}\right)}{\mathrm{GraSP}},ZiCo Sqrt ZiCo Grad_Norm Mul GraSP Div Add <EOS>,(sqrt(ZiCo) + ((ZiCo * Grad_Norm) / GraSP)),0.718100000,0.711500000,22,8,4,2219,run_monash_time_unique1000,1,1,TIME__azure2019_D__5T/seed_2219/run_monash_time_unique1000/visualizations/archive_latex.tex
347,0.688288288,0.718100000,\left(\mathrm{ZiCo}\right) \cdot \left(\frac{\mathrm{GradNorm}}{\mathrm{GraSP}}\right) + \sqrt{\mathrm{ZiCo}},ZiCo Grad_Norm GraSP Div Mul ZiCo Sqrt Add <EOS>,((ZiCo * (Grad_Norm / GraSP)) + sqrt(ZiCo)),0.718100000,0.711500000,60,8,4,2053,run_monash_time_unique1000,2,1,TIME__azure2019_D__5T/seed_2053/run_monash_time_unique1000/visualizations/archive_latex.tex
348,0.687387387,0.718100000,\frac{\left(\mathrm{GradNorm}\right) \cdot \left(\mathrm{ZiCo}\right)}{\mathrm{GraSP}} + \sqrt{\mathrm{ZiCo}},Grad_Norm ZiCo Mul GraSP Div ZiCo Sqrt Add <EOS>,(((Grad_Norm * ZiCo) / GraSP) + sqrt(ZiCo)),0.718100000,0.711500000,187,8,4,2218,run_monash_time_unique1000,2,1,TIME__azure2019_D__5T/seed_2218/run_monash_time_unique1000/visualizations/archive_latex.tex
349,0.686486486,0.718100000,\frac{\mathrm{GradNorm}}{\mathrm{GraSP}} + \mathrm{ZiCo} + \left(\mathrm{ZiCo}\right)^2,Grad_Norm GraSP Div ZiCo Add ZiCo Square Add <EOS>,(((Grad_Norm / GraSP) + ZiCo) + square(ZiCo)),0.718100000,0.708700000,191,8,4,2233,run_monash_time_unique1000,2,1,TIME__azure2019_D__5T/seed_2233/run_monash_time_unique1000/visualizations/archive_latex.tex
350,0.685585586,0.718100000,\sqrt{\mathrm{ZiCo}} + \mathrm{ZiCo} + \frac{\mathrm{GradNorm}}{\mathrm{GraSP}},ZiCo Sqrt ZiCo Add Grad_Norm GraSP Div Add <EOS>,((sqrt(ZiCo) + ZiCo) + (Grad_Norm / GraSP)),0.718100000,0.710300000,180,8,4,2030,run_monash_time_unique1000,4,1,TIME__azure2019_D__5T/seed_2030/run_monash_time_unique1000/visualizations/archive_latex.tex
351,0.684684685,0.718100000,\sqrt{\mathrm{ZiCo}} + \frac{\left(\mathrm{GradNorm}\right) \cdot \left(\mathrm{ZiCo}\right)}{\mathrm{GraSP}},ZiCo Sqrt Grad_Norm ZiCo Mul GraSP Div Add <EOS>,(sqrt(ZiCo) + ((Grad_Norm * ZiCo) / GraSP)),0.718100000,0.711500000,68,8,4,2182,run_monash_time_unique1000,4,1,TIME__azure2019_D__5T/seed_2182/run_monash_time_unique1000/visualizations/archive_latex.tex
352,0.683783784,0.718100000,\sqrt{\mathrm{ZiCo}} + \left(\frac{\mathrm{GradNorm}}{\mathrm{GraSP}}\right) \cdot \left(\mathrm{ZiCo}\right),ZiCo Sqrt Grad_Norm GraSP Div ZiCo Mul Add <EOS>,(sqrt(ZiCo) + ((Grad_Norm / GraSP) * ZiCo)),0.718100000,0.711500000,155,8,4,2239,run_monash_time_unique1000,4,1,TIME__azure2019_D__5T/seed_2239/run_monash_time_unique1000/visualizations/archive_latex.tex
353,0.682882883,0.718100000,\mathrm{ZiCo} + \left(\mathrm{ZiCo}\right)^2 + \frac{\mathrm{GradNorm}}{\mathrm{GraSP}},ZiCo ZiCo Square Add Grad_Norm GraSP Div Add <EOS>,((ZiCo + square(ZiCo)) + (Grad_Norm / GraSP)),0.718100000,0.708700000,195,8,4,2027,run_monash_time_unique1000,5,1,TIME__azure2019_D__5T/seed_2027/run_monash_time_unique1000/visualizations/archive_latex.tex
354,0.681981982,0.717900000,\mathrm{ZiCo} - \frac{\sqrt{\mathrm{GradNorm}}}{\sqrt{\mathrm{GraSP}} - \mathrm{GraSP}},ZiCo Grad_Norm Sqrt GraSP Sqrt GraSP Sub Div Sub <EOS>,(ZiCo - (sqrt(Grad_Norm) / (sqrt(GraSP) - GraSP))),0.717900000,0.705800000,58,9,5,2173,run_monash_time_unique1000,1,1,TIME__azure2019_D__5T/seed_2173/run_monash_time_unique1000/visualizations/archive_latex.tex
355,0.681081081,0.717900000,\mathrm{ZiCo} + \frac{\log\left(\log\left(\mathrm{Snip}\right)\right)}{\mathrm{GraSP} - \mathrm{MParams}},ZiCo Snip Log Log GraSP MParams Sub Div Add <EOS>,(ZiCo + (log(log(Snip)) / (GraSP - MParams))),0.717900000,0.694200000,147,9,5,2027,run_monash_time_unique1000,6,1,TIME__azure2019_D__5T/seed_2027/run_monash_time_unique1000/visualizations/archive_latex.tex
356,0.680180180,0.717800000,\left(\left(\mathrm{ZiCo}\right)^2\right) \cdot \left(\log\left(\log\left(\frac{\mathrm{GraSP}}{\sqrt{\mathrm{plain}}}\right)\right)\right),ZiCo Square GraSP plain Sqrt Div Log Log Mul <EOS>,(square(ZiCo) * log(log((GraSP / sqrt(plain))))),0.717800000,0.749200000,27,9,6,2054,run_monash_time_unique1000,2,18,TIME__azure2019_D__5T/seed_2054/run_monash_time_unique1000/visualizations/archive_latex.tex
357,0.679279279,0.717800000,\left(\log\left(\log\left(\frac{\mathrm{GraSP}}{\sqrt{\mathrm{plain}}}\right)\right)\right) \cdot \left(\left(\mathrm{ZiCo}\right)^2\right),GraSP plain Sqrt Div Log Log ZiCo Square Mul <EOS>,(log(log((GraSP / sqrt(plain)))) * square(ZiCo)),0.717800000,0.749200000,98,9,6,2131,run_monash_time_unique1000,2,15,TIME__azure2019_D__5T/seed_2131/run_monash_time_unique1000/visualizations/archive_latex.tex
358,0.678378378,0.717800000,\left(\left(\mathrm{ZiCo}\right)^2\right) \cdot \left(\log\left(\log\left(\frac{\sqrt{\mathrm{plain}}}{\mathrm{GraSP}}\right)\right)\right),ZiCo Square plain Sqrt GraSP Div Log Log Mul <EOS>,(square(ZiCo) * log(log((sqrt(plain) / GraSP)))),0.717800000,0.749200000,51,9,6,2091,run_monash_time_unique1000,3,7,TIME__azure2019_D__5T/seed_2091/run_monash_time_unique1000/visualizations/archive_latex.tex
359,0.677477477,0.717800000,\left(\log\left(\log\left(\frac{\sqrt{\mathrm{plain}}}{\mathrm{GraSP}}\right)\right)\right) \cdot \left(\left(\mathrm{ZiCo}\right)^2\right),plain Sqrt GraSP Div Log Log ZiCo Square Mul <EOS>,(log(log((sqrt(plain) / GraSP))) * square(ZiCo)),0.717800000,0.749200000,57,9,6,2047,run_monash_time_unique1000,4,7,TIME__azure2019_D__5T/seed_2047/run_monash_time_unique1000/visualizations/archive_latex.tex
360,0.676576577,0.717800000,\left(\frac{\log\left(\mathrm{Snip}\right)}{\mathrm{GraSP}} + \mathrm{ZiCo}\right) \cdot \left(\left(\mathrm{ZiCo}\right)^2\right),Snip Log GraSP Div ZiCo Add ZiCo Square Mul <EOS>,(((log(Snip) / GraSP) + ZiCo) * square(ZiCo)),0.717800000,0.701000000,170,9,5,2091,run_monash_time_unique1000,4,1,TIME__azure2019_D__5T/seed_2091/run_monash_time_unique1000/visualizations/archive_latex.tex
361,0.675675676,0.717800000,\sqrt{\mathrm{ZiCo}} + \frac{\log\left(\mathrm{GradNorm}\right)}{\mathrm{GraSP}},ZiCo Sqrt Grad_Norm Log GraSP Div Add <EOS>,(sqrt(ZiCo) + (log(Grad_Norm) / GraSP)),0.717800000,0.704200000,178,7,4,2030,run_monash_time_unique1000,5,1,TIME__azure2019_D__5T/seed_2030/run_monash_time_unique1000/visualizations/archive_latex.tex
362,0.674774775,0.717800000,\log\left(\mathrm{ZiCo}\right) - \sqrt{\frac{\sqrt{\mathrm{plain}}}{\mathrm{GraSP}}},ZiCo Log plain Sqrt GraSP Div Sqrt Sub <EOS>,(log(ZiCo) - sqrt((sqrt(plain) / GraSP))),0.717800000,0.721400000,128,8,5,2090,run_monash_time_unique1000,6,1,TIME__azure2019_D__5T/seed_2090/run_monash_time_unique1000/visualizations/archive_latex.tex
363,0.673873874,0.717800000,\sqrt{\mathrm{ZiCo}} - \frac{-\log\left(\mathrm{GradNorm}\right)}{\mathrm{GraSP}},ZiCo Sqrt Grad_Norm Log Negative GraSP Div Sub <EOS>,(sqrt(ZiCo) - (-(log(Grad_Norm)) / GraSP)),0.717800000,0.704200000,41,8,5,2104,run_monash_time_unique1000,9,1,TIME__azure2019_D__5T/seed_2104/run_monash_time_unique1000/visualizations/archive_latex.tex
364,0.672972973,0.717700000,\left(\mathrm{ZiCo}\right) \cdot \left(\sqrt{\log\left(\frac{\frac{\mathrm{plain}}{\mathrm{L2Norm}}}{\mathrm{GraSP}}\right)}\right),ZiCo plain L2-Norm Div GraSP Div Log Sqrt Mul <EOS>,(ZiCo * sqrt(log(((plain / L2-Norm) / GraSP)))),0.717700000,0.723800000,73,9,6,2069,run_monash_time_unique1000,1,1,TIME__azure2019_D__5T/seed_2069/run_monash_time_unique1000/visualizations/archive_latex.tex
365,0.672072072,0.717700000,\left(\sqrt{\log\left(\left(\frac{\mathrm{GraSP}}{\mathrm{plain}}\right) \cdot \left(\mathrm{L2Norm}\right)\right)}\right) \cdot \left(\mathrm{ZiCo}\right),GraSP plain Div L2-Norm Mul Log Sqrt ZiCo Mul <EOS>,(sqrt(log(((GraSP / plain) * L2-Norm))) * ZiCo),0.717700000,0.723800000,22,9,6,2159,run_monash_time_unique1000,1,1,TIME__azure2019_D__5T/seed_2159/run_monash_time_unique1000/visualizations/archive_latex.tex
366,0.671171171,0.717700000,\left(\left(\mathrm{ZiCo}\right)^2\right) \cdot \left(\log\left(\frac{\mathrm{L2Norm}}{\frac{\mathrm{plain}}{\mathrm{GraSP}}}\right)\right),ZiCo Square L2-Norm plain GraSP Div Div Log Mul <EOS>,(square(ZiCo) * log((L2-Norm / (plain / GraSP)))),0.717700000,0.723800000,64,9,5,2062,run_monash_time_unique1000,2,1,TIME__azure2019_D__5T/seed_2062/run_monash_time_unique1000/visualizations/archive_latex.tex
367,0.670270270,0.717700000,\left(\left(\mathrm{ZiCo}\right)^2\right) \cdot \left(\log\left(\frac{\left(\mathrm{L2Norm}\right) \cdot \left(\mathrm{GraSP}\right)}{\mathrm{plain}}\right)\right),ZiCo Square L2-Norm GraSP Mul plain Div Log Mul <EOS>,(square(ZiCo) * log(((L2-Norm * GraSP) / plain))),0.717700000,0.723800000,98,9,5,2082,run_monash_time_unique1000,2,27,TIME__azure2019_D__5T/seed_2082/run_monash_time_unique1000/visualizations/archive_latex.tex
368,0.669369369,0.717700000,\left(\left(\mathrm{ZiCo}\right)^2\right) \cdot \left(\log\left(\left(\frac{\mathrm{GraSP}}{\mathrm{plain}}\right) \cdot \left(\mathrm{L2Norm}\right)\right)\right),ZiCo Square GraSP plain Div L2-Norm Mul Log Mul <EOS>,(square(ZiCo) * log(((GraSP / plain) * L2-Norm))),0.717700000,0.723800000,178,9,5,2101,run_monash_time_unique1000,2,12,TIME__azure2019_D__5T/seed_2101/run_monash_time_unique1000/visualizations/archive_latex.tex
369,0.668468468,0.717700000,\left(\log\left(\frac{\left(\mathrm{L2Norm}\right) \cdot \left(\mathrm{GraSP}\right)}{\mathrm{plain}}\right)\right) \cdot \left(\left(\mathrm{ZiCo}\right)^2\right),L2-Norm GraSP Mul plain Div Log ZiCo Square Mul <EOS>,(log(((L2-Norm * GraSP) / plain)) * square(ZiCo)),0.717700000,0.723800000,53,9,5,2166,run_monash_time_unique1000,2,13,TIME__azure2019_D__5T/seed_2166/run_monash_time_unique1000/visualizations/archive_latex.tex
370,0.667567568,0.717700000,\left(\log\left(\frac{\mathrm{GraSP}}{\frac{\mathrm{plain}}{\mathrm{L2Norm}}}\right)\right) \cdot \left(\left(\mathrm{ZiCo}\right)^2\right),GraSP plain L2-Norm Div Div Log ZiCo Square Mul <EOS>,(log((GraSP / (plain / L2-Norm))) * square(ZiCo)),0.717700000,0.723800000,112,9,5,2220,run_monash_time_unique1000,2,6,TIME__azure2019_D__5T/seed_2220/run_monash_time_unique1000/visualizations/archive_latex.tex
371,0.666666667,0.717700000,\left(\left(\mathrm{ZiCo}\right)^2\right) \cdot \left(\log\left(\frac{\left(\mathrm{GraSP}\right) \cdot \left(\mathrm{L2Norm}\right)}{\mathrm{plain}}\right)\right),ZiCo Square GraSP L2-Norm Mul plain Div Log Mul <EOS>,(square(ZiCo) * log(((GraSP * L2-Norm) / plain))),0.717700000,0.723800000,137,9,5,2257,run_monash_time_unique1000,2,22,TIME__azure2019_D__5T/seed_2257/run_monash_time_unique1000/visualizations/archive_latex.tex
372,0.665765766,0.717700000,\left(\log\left(\frac{\left(\mathrm{GraSP}\right) \cdot \left(\mathrm{L2Norm}\right)}{\mathrm{plain}}\right)\right) \cdot \left(\left(\mathrm{ZiCo}\right)^2\right),GraSP L2-Norm Mul plain Div Log ZiCo Square Mul <EOS>,(log(((GraSP * L2-Norm) / plain)) * square(ZiCo)),0.717700000,0.723800000,30,9,5,2046,run_monash_time_unique1000,3,12,TIME__azure2019_D__5T/seed_2046/run_monash_time_unique1000/visualizations/archive_latex.tex
373,0.664864865,0.717700000,\left(\sqrt{\log\left(\frac{\mathrm{GraSP}}{\frac{\mathrm{plain}}{\mathrm{L2Norm}}}\right)}\right) \cdot \left(\mathrm{ZiCo}\right),GraSP plain L2-Norm Div Div Log Sqrt ZiCo Mul <EOS>,(sqrt(log((GraSP / (plain / L2-Norm)))) * ZiCo),0.717700000,0.723800000,159,9,6,2071,run_monash_time_unique1000,3,1,TIME__azure2019_D__5T/seed_2071/run_monash_time_unique1000/visualizations/archive_latex.tex
374,0.663963964,0.717700000,\left(\log\left(\left(\frac{\mathrm{GraSP}}{\mathrm{plain}}\right) \cdot \left(\mathrm{L2Norm}\right)\right)\right) \cdot \left(\left(\mathrm{ZiCo}\right)^2\right),GraSP plain Div L2-Norm Mul Log ZiCo Square Mul <EOS>,(log(((GraSP / plain) * L2-Norm)) * square(ZiCo)),0.717700000,0.723800000,145,9,5,2103,run_monash_time_unique1000,3,15,TIME__azure2019_D__5T/seed_2103/run_monash_time_unique1000/visualizations/archive_latex.tex
375,0.663063063,0.717700000,\left(\log\left(\left(\mathrm{GraSP}\right) \cdot \left(\frac{\mathrm{L2Norm}}{\mathrm{plain}}\right)\right)\right) \cdot \left(\left(\mathrm{ZiCo}\right)^2\right),GraSP L2-Norm plain Div Mul Log ZiCo Square Mul <EOS>,(log((GraSP * (L2-Norm / plain))) * square(ZiCo)),0.717700000,0.723800000,59,9,5,2124,run_monash_time_unique1000,3,3,TIME__azure2019_D__5T/seed_2124/run_monash_time_unique1000/visualizations/archive_latex.tex
376,0.662162162,0.717700000,\left(\mathrm{ZiCo}\right) \cdot \left(\sqrt{\log\left(\frac{\left(\mathrm{L2Norm}\right) \cdot \left(\mathrm{GraSP}\right)}{\mathrm{plain}}\right)}\right),ZiCo L2-Norm GraSP Mul plain Div Log Sqrt Mul <EOS>,(ZiCo * sqrt(log(((L2-Norm * GraSP) / plain)))),0.717700000,0.723800000,140,9,6,2136,run_monash_time_unique1000,3,2,TIME__azure2019_D__5T/seed_2136/run_monash_time_unique1000/visualizations/archive_latex.tex
377,0.661261261,0.717700000,\left(\log\left(\left(\mathrm{L2Norm}\right) \cdot \left(\frac{\mathrm{GraSP}}{\mathrm{plain}}\right)\right)\right) \cdot \left(\left(\mathrm{ZiCo}\right)^2\right),L2-Norm GraSP plain Div Mul Log ZiCo Square Mul <EOS>,(log((L2-Norm * (GraSP / plain))) * square(ZiCo)),0.717700000,0.723800000,121,9,5,2149,run_monash_time_unique1000,3,8,TIME__azure2019_D__5T/seed_2149/run_monash_time_unique1000/visualizations/archive_latex.tex
378,0.660360360,0.717700000,\left(\log\left(\left(\frac{\mathrm{L2Norm}}{\mathrm{plain}}\right) \cdot \left(\mathrm{GraSP}\right)\right)\right) \cdot \left(\left(\mathrm{ZiCo}\right)^2\right),L2-Norm plain Div GraSP Mul Log ZiCo Square Mul <EOS>,(log(((L2-Norm / plain) * GraSP)) * square(ZiCo)),0.717700000,0.723800000,43,9,5,2172,run_monash_time_unique1000,3,3,TIME__azure2019_D__5T/seed_2172/run_monash_time_unique1000/visualizations/archive_latex.tex
379,0.659459459,0.717700000,\left(\left(\mathrm{ZiCo}\right)^2\right) \cdot \left(\log\left(\frac{\mathrm{GraSP}}{\frac{\mathrm{plain}}{\mathrm{L2Norm}}}\right)\right),ZiCo Square GraSP plain L2-Norm Div Div Log Mul <EOS>,(square(ZiCo) * log((GraSP / (plain / L2-Norm)))),0.717700000,0.723800000,85,9,5,2176,run_monash_time_unique1000,3,2,TIME__azure2019_D__5T/seed_2176/run_monash_time_unique1000/visualizations/archive_latex.tex
380,0.658558559,0.717700000,\left(\mathrm{ZiCo}\right) \cdot \left(\sqrt{\log\left(\left(\frac{\mathrm{L2Norm}}{\mathrm{plain}}\right) \cdot \left(\mathrm{GraSP}\right)\right)}\right),ZiCo L2-Norm plain Div GraSP Mul Log Sqrt Mul <EOS>,(ZiCo * sqrt(log(((L2-Norm / plain) * GraSP)))),0.717700000,0.723800000,200,9,6,2179,run_monash_time_unique1000,3,1,TIME__azure2019_D__5T/seed_2179/run_monash_time_unique1000/visualizations/archive_latex.tex
381,0.657657658,0.717700000,\left(\mathrm{ZiCo}\right) \cdot \left(\sqrt{\log\left(\frac{\mathrm{plain}}{\left(\mathrm{L2Norm}\right) \cdot \left(\mathrm{GraSP}\right)}\right)}\right),ZiCo plain L2-Norm GraSP Mul Div Log Sqrt Mul <EOS>,(ZiCo * sqrt(log((plain / (L2-Norm * GraSP))))),0.717700000,0.723800000,118,9,6,2194,run_monash_time_unique1000,3,3,TIME__azure2019_D__5T/seed_2194/run_monash_time_unique1000/visualizations/archive_latex.tex
382,0.656756757,0.717700000,\left(\left(\mathrm{ZiCo}\right)^2\right) \cdot \left(\log\left(\left(\mathrm{L2Norm}\right) \cdot \left(\frac{\mathrm{GraSP}}{\mathrm{plain}}\right)\right)\right),ZiCo Square L2-Norm GraSP plain Div Mul Log Mul <EOS>,(square(ZiCo) * log((L2-Norm * (GraSP / plain)))),0.717700000,0.723800000,73,9,5,2202,run_monash_time_unique1000,3,6,TIME__azure2019_D__5T/seed_2202/run_monash_time_unique1000/visualizations/archive_latex.tex
383,0.655855856,0.717700000,\left(\left(\mathrm{ZiCo}\right)^2\right) \cdot \left(\log\left(\left(\mathrm{GraSP}\right) \cdot \left(\frac{\mathrm{L2Norm}}{\mathrm{plain}}\right)\right)\right),ZiCo Square GraSP L2-Norm plain Div Mul Log Mul <EOS>,(square(ZiCo) * log((GraSP * (L2-Norm / plain)))),0.717700000,0.723800000,104,9,5,2212,run_monash_time_unique1000,3,2,TIME__azure2019_D__5T/seed_2212/run_monash_time_unique1000/visualizations/archive_latex.tex
384,0.654954955,0.717700000,\left(\mathrm{ZiCo}\right) \cdot \left(\sqrt{\log\left(\frac{\mathrm{plain}}{\left(\mathrm{GraSP}\right) \cdot \left(\mathrm{L2Norm}\right)}\right)}\right),ZiCo plain GraSP L2-Norm Mul Div Log Sqrt Mul <EOS>,(ZiCo * sqrt(log((plain / (GraSP * L2-Norm))))),0.717700000,0.723800000,49,9,6,2247,run_monash_time_unique1000,3,3,TIME__azure2019_D__5T/seed_2247/run_monash_time_unique1000/visualizations/archive_latex.tex
385,0.654054054,0.717700000,\left(\left(\mathrm{ZiCo}\right)^2\right) \cdot \left(\log\left(\left(\frac{\mathrm{L2Norm}}{\mathrm{plain}}\right) \cdot \left(\mathrm{GraSP}\right)\right)\right),ZiCo Square L2-Norm plain Div GraSP Mul Log Mul <EOS>,(square(ZiCo) * log(((L2-Norm / plain) * GraSP))),0.717700000,0.723800000,104,9,5,2180,run_monash_time_unique1000,4,2,TIME__azure2019_D__5T/seed_2180/run_monash_time_unique1000/visualizations/archive_latex.tex
386,0.653153153,0.717700000,\left(\sqrt{\log\left(\frac{\mathrm{plain}}{\left(\mathrm{L2Norm}\right) \cdot \left(\mathrm{GraSP}\right)}\right)}\right) \cdot \left(\mathrm{ZiCo}\right),plain L2-Norm GraSP Mul Div Log Sqrt ZiCo Mul <EOS>,(sqrt(log((plain / (L2-Norm * GraSP)))) * ZiCo),0.717700000,0.723800000,52,9,6,2231,run_monash_time_unique1000,5,1,TIME__azure2019_D__5T/seed_2231/run_monash_time_unique1000/visualizations/archive_latex.tex
387,0.652252252,0.717700000,\left(\sqrt{\log\left(\frac{\mathrm{plain}}{\left(\mathrm{GraSP}\right) \cdot \left(\mathrm{L2Norm}\right)}\right)}\right) \cdot \left(\mathrm{ZiCo}\right),plain GraSP L2-Norm Mul Div Log Sqrt ZiCo Mul <EOS>,(sqrt(log((plain / (GraSP * L2-Norm)))) * ZiCo),0.717700000,0.723800000,108,9,6,2063,run_monash_time_unique1000,6,1,TIME__azure2019_D__5T/seed_2063/run_monash_time_unique1000/visualizations/archive_latex.tex
388,0.651351351,0.717700000,\left(\log\left(\frac{\mathrm{L2Norm}}{\frac{\mathrm{plain}}{\mathrm{GraSP}}}\right)\right) \cdot \left(\left(\mathrm{ZiCo}\right)^2\right),L2-Norm plain GraSP Div Div Log ZiCo Square Mul <EOS>,(log((L2-Norm / (plain / GraSP))) * square(ZiCo)),0.717700000,0.723800000,140,9,5,2224,run_monash_time_unique1000,7,1,TIME__azure2019_D__5T/seed_2224/run_monash_time_unique1000/visualizations/archive_latex.tex
389,0.650450450,0.717700000,\mathrm{ZiCo} + \mathrm{ZiCo} - \sqrt{\frac{\sqrt{\mathrm{plain}}}{\mathrm{GraSP}}},ZiCo ZiCo plain Sqrt GraSP Div Sqrt Sub Add <EOS>,(ZiCo + (ZiCo - sqrt((sqrt(plain) / GraSP)))),0.717700000,0.739700000,73,9,6,2262,run_monash_time_unique1000,7,1,TIME__azure2019_D__5T/seed_2262/run_monash_time_unique1000/visualizations/archive_latex.tex
390,0.649549550,0.717600000,\left(\mathrm{ZiCo}\right) \cdot \left(\frac{\mathrm{GraSP} + \mathrm{GradNorm}}{\mathrm{GraSP}}\right),ZiCo GraSP Grad_Norm Add GraSP Div Mul <EOS>,(ZiCo * ((GraSP + Grad_Norm) / GraSP)),0.717600000,0.693500000,66,7,4,2142,run_monash_time_unique1000,2,1,TIME__azure2019_D__5T/seed_2142/run_monash_time_unique1000/visualizations/archive_latex.tex
391,0.648648649,0.717600000,\frac{\left(\mathrm{GradNorm}\right) \cdot \left(\mathrm{ZiCo}\right)}{\mathrm{GraSP}} + \mathrm{ZiCo},Grad_Norm ZiCo Mul GraSP Div ZiCo Add <EOS>,(((Grad_Norm * ZiCo) / GraSP) + ZiCo),0.717600000,0.693500000,64,7,4,2170,run_monash_time_unique1000,2,1,TIME__azure2019_D__5T/seed_2170/run_monash_time_unique1000/visualizations/archive_latex.tex
392,0.647747748,0.717600000,\mathrm{ZiCo} - \frac{\mathrm{GradNorm}}{-\frac{\mathrm{GraSP}}{\mathrm{ZiCo}}},ZiCo Grad_Norm GraSP ZiCo Div Negative Div Sub <EOS>,(ZiCo - (Grad_Norm / -((GraSP / ZiCo)))),0.717600000,0.693500000,145,8,5,2173,run_monash_time_unique1000,2,1,TIME__azure2019_D__5T/seed_2173/run_monash_time_unique1000/visualizations/archive_latex.tex
393,0.646846847,0.717600000,\mathrm{ZiCo} + \frac{\left(\mathrm{ZiCo}\right) \cdot \left(\mathrm{GradNorm}\right)}{\mathrm{GraSP}},ZiCo ZiCo Grad_Norm Mul GraSP Div Add <EOS>,(ZiCo + ((ZiCo * Grad_Norm) / GraSP)),0.717600000,0.693500000,67,7,4,2219,run_monash_time_unique1000,2,1,TIME__azure2019_D__5T/seed_2219/run_monash_time_unique1000/visualizations/archive_latex.tex
394,0.645945946,0.717600000,\left(\mathrm{ZiCo}\right) \cdot \left(\frac{\mathrm{GradNorm}}{\mathrm{GraSP}}\right) + \mathrm{ZiCo},ZiCo Grad_Norm GraSP Div Mul ZiCo Add <EOS>,((ZiCo * (Grad_Norm / GraSP)) + ZiCo),0.717600000,0.693500000,61,7,4,2053,run_monash_time_unique1000,3,1,TIME__azure2019_D__5T/seed_2053/run_monash_time_unique1000/visualizations/archive_latex.tex
395,0.645045045,0.717600000,\frac{\left(\mathrm{ZiCo}\right) \cdot \left(\mathrm{GradNorm}\right)}{\mathrm{GraSP}} + \mathrm{ZiCo},ZiCo Grad_Norm Mul GraSP Div ZiCo Add <EOS>,(((ZiCo * Grad_Norm) / GraSP) + ZiCo),0.717600000,0.693500000,19,7,4,2174,run_monash_time_unique1000,3,2,TIME__azure2019_D__5T/seed_2174/run_monash_time_unique1000/visualizations/archive_latex.tex
396,0.644144144,0.717600000,\left(\frac{\mathrm{GradNorm} + \mathrm{GraSP}}{\mathrm{GraSP}}\right) \cdot \left(\mathrm{ZiCo}\right),Grad_Norm GraSP Add GraSP Div ZiCo Mul <EOS>,(((Grad_Norm + GraSP) / GraSP) * ZiCo),0.717600000,0.693500000,144,7,4,2200,run_monash_time_unique1000,3,2,TIME__azure2019_D__5T/seed_2200/run_monash_time_unique1000/visualizations/archive_latex.tex
397,0.643243243,0.717600000,\left(\frac{\mathrm{GraSP} + \mathrm{GradNorm}}{\mathrm{GraSP}}\right) \cdot \left(\mathrm{ZiCo}\right),GraSP Grad_Norm Add GraSP Div ZiCo Mul <EOS>,(((GraSP + Grad_Norm) / GraSP) * ZiCo),0.717600000,0.693500000,186,7,4,2036,run_monash_time_unique1000,4,2,TIME__azure2019_D__5T/seed_2036/run_monash_time_unique1000/visualizations/archive_latex.tex
398,0.642342342,0.717600000,\left(\mathrm{ZiCo}\right) \cdot \left(\frac{\mathrm{GradNorm} + \mathrm{GraSP}}{\mathrm{GraSP}}\right),ZiCo Grad_Norm GraSP Add GraSP Div Mul <EOS>,(ZiCo * ((Grad_Norm + GraSP) / GraSP)),0.717600000,0.693500000,48,7,4,2044,run_monash_time_unique1000,4,1,TIME__azure2019_D__5T/seed_2044/run_monash_time_unique1000/visualizations/archive_latex.tex
399,0.641441441,0.717600000,\mathrm{ZiCo} + \frac{\mathrm{GradNorm}}{\frac{\mathrm{GraSP}}{\mathrm{ZiCo}}},ZiCo Grad_Norm GraSP ZiCo Div Div Add <EOS>,(ZiCo + (Grad_Norm / (GraSP / ZiCo))),0.717600000,0.693500000,26,7,4,2164,run_monash_time_unique1000,4,2,TIME__azure2019_D__5T/seed_2164/run_monash_time_unique1000/visualizations/archive_latex.tex
400,0.640540541,0.717600000,\frac{\mathrm{plain} + \mathrm{plain}}{\mathrm{GraSP}} + \mathrm{ZiCo},plain plain Add GraSP Div ZiCo Add <EOS>,(((plain + plain) / GraSP) + ZiCo),0.717600000,0.724000000,112,7,4,2174,run_monash_time_unique1000,4,1,TIME__azure2019_D__5T/seed_2174/run_monash_time_unique1000/visualizations/archive_latex.tex
401,0.639639640,0.717600000,\frac{\mathrm{GraSP} + \mathrm{GradNorm}}{\frac{\mathrm{GraSP}}{\mathrm{ZiCo}}},GraSP Grad_Norm Add GraSP ZiCo Div Div <EOS>,((GraSP + Grad_Norm) / (GraSP / ZiCo)),0.717600000,0.693500000,90,7,3,2255,run_monash_time_unique1000,4,1,TIME__azure2019_D__5T/seed_2255/run_monash_time_unique1000/visualizations/archive_latex.tex
402,0.638738739,0.717600000,\left(\frac{\mathrm{ZiCo}}{\mathrm{GraSP}}\right) \cdot \left(\mathrm{GraSP} + \mathrm{GradNorm}\right),ZiCo GraSP Div GraSP Grad_Norm Add Mul <EOS>,((ZiCo / GraSP) * (GraSP + Grad_Norm)),0.717600000,0.693500000,17,7,3,2180,run_monash_time_unique1000,5,1,TIME__azure2019_D__5T/seed_2180/run_monash_time_unique1000/visualizations/archive_latex.tex
403,0.637837838,0.717600000,\mathrm{ZiCo} + \left(\frac{\mathrm{ZiCo}}{\mathrm{GraSP}}\right) \cdot \left(\mathrm{GradNorm}\right),ZiCo ZiCo GraSP Div Grad_Norm Mul Add <EOS>,(ZiCo + ((ZiCo / GraSP) * Grad_Norm)),0.717600000,0.693500000,94,7,4,2235,run_monash_time_unique1000,5,1,TIME__azure2019_D__5T/seed_2235/run_monash_time_unique1000/visualizations/archive_latex.tex
404,0.636936937,0.717600000,\mathrm{ZiCo} + \frac{\left(\mathrm{GradNorm}\right) \cdot \left(\mathrm{ZiCo}\right)}{\mathrm{GraSP}},ZiCo Grad_Norm ZiCo Mul GraSP Div Add <EOS>,(ZiCo + ((Grad_Norm * ZiCo) / GraSP)),0.717600000,0.693500000,18,7,4,2030,run_monash_time_unique1000,6,2,TIME__azure2019_D__5T/seed_2030/run_monash_time_unique1000/visualizations/archive_latex.tex
405,0.636036036,0.717600000,\frac{\mathrm{ZiCo}}{\frac{\mathrm{GraSP}}{\mathrm{GradNorm}}} + \sqrt{\left(\mathrm{ZiCo}\right)^2},ZiCo GraSP Grad_Norm Div Div ZiCo Square Sqrt Add <EOS>,((ZiCo / (GraSP / Grad_Norm)) + sqrt(square(ZiCo))),0.717600000,0.693500000,85,9,4,2079,run_monash_time_unique1000,6,1,TIME__azure2019_D__5T/seed_2079/run_monash_time_unique1000/visualizations/archive_latex.tex
406,0.635135135,0.717600000,\mathrm{ZiCo} + \left(\frac{\mathrm{GradNorm}}{\mathrm{GraSP}}\right) \cdot \left(\mathrm{ZiCo}\right),ZiCo Grad_Norm GraSP Div ZiCo Mul Add <EOS>,(ZiCo + ((Grad_Norm / GraSP) * ZiCo)),0.717600000,0.693500000,156,7,4,2239,run_monash_time_unique1000,6,2,TIME__azure2019_D__5T/seed_2239/run_monash_time_unique1000/visualizations/archive_latex.tex
407,0.634234234,0.717600000,\mathrm{ZiCo} + \frac{\log\left(\log\left(\mathrm{Snip}\right)\right)}{\mathrm{GraSP} - \mathrm{GFLOPs}},ZiCo Snip Log Log GraSP GFLOPs Sub Div Add <EOS>,(ZiCo + (log(log(Snip)) / (GraSP - GFLOPs))),0.717600000,0.692700000,148,9,5,2030,run_monash_time_unique1000,7,1,TIME__azure2019_D__5T/seed_2030/run_monash_time_unique1000/visualizations/archive_latex.tex
408,0.633333333,0.717600000,\frac{\mathrm{GradNorm}}{\frac{\mathrm{GraSP}}{\mathrm{ZiCo}}} + \mathrm{ZiCo},Grad_Norm GraSP ZiCo Div Div ZiCo Add <EOS>,((Grad_Norm / (GraSP / ZiCo)) + ZiCo),0.717600000,0.693500000,103,7,4,2061,run_monash_time_unique1000,7,1,TIME__azure2019_D__5T/seed_2061/run_monash_time_unique1000/visualizations/archive_latex.tex
409,0.632432432,0.717600000,\frac{\mathrm{ZiCo} + \mathrm{plain}}{\mathrm{GraSP}} + \left(\mathrm{ZiCo}\right)^2,ZiCo plain Add GraSP Div ZiCo Square Add <EOS>,(((ZiCo + plain) / GraSP) + square(ZiCo)),0.717600000,0.719000000,11,8,4,2171,run_monash_time_unique1000,7,1,TIME__azure2019_D__5T/seed_2171/run_monash_time_unique1000/visualizations/archive_latex.tex
410,0.631531532,0.717600000,\log\left(\mathrm{ZiCo}\right) - \sqrt{\frac{\mathrm{plain}}{\mathrm{ZiCo} - \mathrm{GraSP}}},ZiCo Log plain ZiCo GraSP Sub Div Sqrt Sub <EOS>,(log(ZiCo) - sqrt((plain / (ZiCo - GraSP)))),0.717600000,0.712600000,179,9,5,2090,run_monash_time_unique1000,8,1,TIME__azure2019_D__5T/seed_2090/run_monash_time_unique1000/visualizations/archive_latex.tex
411,0.630630631,0.717600000,\log\left(\mathrm{ZiCo}\right) - \sqrt{\frac{\mathrm{plain}}{\mathrm{GraSP} - \mathrm{ZiCo}}},ZiCo Log plain GraSP ZiCo Sub Div Sqrt Sub <EOS>,(log(ZiCo) - sqrt((plain / (GraSP - ZiCo)))),0.717600000,0.712600000,147,9,5,2143,run_monash_time_unique1000,8,2,TIME__azure2019_D__5T/seed_2143/run_monash_time_unique1000/visualizations/archive_latex.tex
412,0.629729730,0.717600000,\log\left(\mathrm{ZiCo}\right) - \sqrt{\frac{\mathrm{plain}}{\mathrm{Fisher} - \mathrm{GraSP}}},ZiCo Log plain Fisher GraSP Sub Div Sqrt Sub <EOS>,(log(ZiCo) - sqrt((plain / (Fisher - GraSP)))),0.717600000,0.714600000,192,9,5,2171,run_monash_time_unique1000,8,2,TIME__azure2019_D__5T/seed_2171/run_monash_time_unique1000/visualizations/archive_latex.tex
413,0.628828829,0.717600000,\mathrm{ZiCo} - \frac{-\mathrm{ZiCo}}{\frac{\mathrm{GraSP}}{\mathrm{GradNorm}}},ZiCo ZiCo Negative GraSP Grad_Norm Div Div Sub <EOS>,(ZiCo - (-(ZiCo) / (GraSP / Grad_Norm))),0.717600000,0.693500000,171,8,4,2185,run_monash_time_unique1000,8,1,TIME__azure2019_D__5T/seed_2185/run_monash_time_unique1000/visualizations/archive_latex.tex
414,0.627927928,0.717600000,\mathrm{ZiCo} - -\frac{\mathrm{ZiCo}}{\frac{\mathrm{GraSP}}{\mathrm{GradNorm}}},ZiCo ZiCo GraSP Grad_Norm Div Div Negative Sub <EOS>,(ZiCo - -((ZiCo / (GraSP / Grad_Norm)))),0.717600000,0.693500000,137,8,5,2115,run_monash_time_unique1000,9,2,TIME__azure2019_D__5T/seed_2115/run_monash_time_unique1000/visualizations/archive_latex.tex
415,0.627027027,0.717600000,\sqrt{\frac{\mathrm{plain} + \mathrm{plain}}{\mathrm{GraSP}} + \mathrm{ZiCo}},plain plain Add GraSP Div ZiCo Add Sqrt <EOS>,sqrt((((plain + plain) / GraSP) + ZiCo)),0.717600000,0.685000000,9,8,5,2171,run_monash_time_unique1000,9,1,TIME__azure2019_D__5T/seed_2171/run_monash_time_unique1000/visualizations/archive_latex.tex
416,0.626126126,0.717600000,\mathrm{ZiCo} - \frac{\mathrm{ZiCo}}{\frac{\mathrm{GraSP}}{-\mathrm{GradNorm}}},ZiCo ZiCo GraSP Grad_Norm Negative Div Div Sub <EOS>,(ZiCo - (ZiCo / (GraSP / -(Grad_Norm)))),0.717600000,0.693500000,76,8,5,2256,run_monash_time_unique1000,9,1,TIME__azure2019_D__5T/seed_2256/run_monash_time_unique1000/visualizations/archive_latex.tex
417,0.625225225,0.717600000,\mathrm{ZiCo} - \left(\mathrm{GradNorm}\right) \cdot \left(\frac{-\mathrm{ZiCo}}{\mathrm{GraSP}}\right),ZiCo Grad_Norm ZiCo Negative GraSP Div Mul Sub <EOS>,(ZiCo - (Grad_Norm * (-(ZiCo) / GraSP))),0.717600000,0.693500000,171,8,5,2068,run_monash_time_unique1000,10,1,TIME__azure2019_D__5T/seed_2068/run_monash_time_unique1000/visualizations/archive_latex.tex
418,0.624324324,0.717500000,\log\left(\mathrm{ZiCo}\right) + \frac{\mathrm{GradNorm}}{\mathrm{GraSP} + \mathrm{GFLOPs}},ZiCo Log Grad_Norm GraSP GFLOPs Add Div Add <EOS>,(log(ZiCo) + (Grad_Norm / (GraSP + GFLOPs))),0.717500000,0.655000000,58,8,4,2090,run_monash_time_unique1000,9,1,TIME__azure2019_D__5T/seed_2090/run_monash_time_unique1000/visualizations/archive_latex.tex
419,0.623423423,0.717200000,\frac{\log\left(\mathrm{L2Norm}\right) - \mathrm{ZiCo}}{\mathrm{GraSP}} + \log\left(\mathrm{ZiCo}\right),L2-Norm Log ZiCo Sub GraSP Div ZiCo Log Add <EOS>,(((log(L2-Norm) - ZiCo) / GraSP) + log(ZiCo)),0.717200000,0.698200000,14,9,5,2093,run_monash_time_unique1000,3,1,TIME__azure2019_D__5T/seed_2093/run_monash_time_unique1000/visualizations/archive_latex.tex
420,0.622522523,0.717100000,\mathrm{ZiCo} - \frac{\sqrt{\mathrm{GradNorm}}}{\mathrm{GFLOPs} - \mathrm{GraSP}},ZiCo Grad_Norm Sqrt GFLOPs GraSP Sub Div Sub <EOS>,(ZiCo - (sqrt(Grad_Norm) / (GFLOPs - GraSP))),0.717100000,0.710400000,162,8,4,2137,run_monash_time_unique1000,1,2,TIME__azure2019_D__5T/seed_2137/run_monash_time_unique1000/visualizations/archive_latex.tex
421,0.621621622,0.717100000,\left(\left(\mathrm{ZiCo}\right)^2\right) \cdot \left(\log\left(\frac{\mathrm{GraSP}}{\sqrt{\log\left(\mathrm{plain}\right)}}\right)\right),ZiCo Square GraSP plain Log Sqrt Div Log Mul <EOS>,(square(ZiCo) * log((GraSP / sqrt(log(plain))))),0.717100000,0.670600000,176,9,6,2163,run_monash_time_unique1000,2,1,TIME__azure2019_D__5T/seed_2163/run_monash_time_unique1000/visualizations/archive_latex.tex
422,0.620720721,0.717100000,-\sqrt{\frac{\mathrm{plain}}{\mathrm{GraSP}}} + \log\left(\mathrm{ZiCo}\right),plain GraSP Div Sqrt Negative ZiCo Log Add <EOS>,(-(sqrt((plain / GraSP))) + log(ZiCo)),0.717100000,0.714800000,138,8,5,2039,run_monash_time_unique1000,5,1,TIME__azure2019_D__5T/seed_2039/run_monash_time_unique1000/visualizations/archive_latex.tex
423,0.619819820,0.717100000,\left(\mathrm{ZiCo}\right) \cdot \left(\sqrt{\log\left(\frac{\log\left(\mathrm{plain}\right)}{\left(\mathrm{GraSP}\right)^2}\right)}\right),ZiCo plain Log GraSP Square Div Log Sqrt Mul <EOS>,(ZiCo * sqrt(log((log(plain) / square(GraSP))))),0.717100000,0.670600000,43,9,6,2122,run_monash_time_unique1000,5,2,TIME__azure2019_D__5T/seed_2122/run_monash_time_unique1000/visualizations/archive_latex.tex
424,0.618918919,0.717100000,\left(\left(\mathrm{ZiCo}\right)^2\right) \cdot \left(\log\left(\frac{\left(\mathrm{GraSP}\right)^2}{\log\left(\mathrm{plain}\right)}\right)\right),ZiCo Square GraSP Square plain Log Div Log Mul <EOS>,(square(ZiCo) * log((square(GraSP) / log(plain)))),0.717100000,0.670600000,119,9,5,2235,run_monash_time_unique1000,6,1,TIME__azure2019_D__5T/seed_2235/run_monash_time_unique1000/visualizations/archive_latex.tex
425,0.618018018,0.717100000,\left(\mathrm{ZiCo}\right) \cdot \left(\sqrt{\log\left(\frac{\left(\mathrm{GraSP}\right)^2}{\log\left(\mathrm{plain}\right)}\right)}\right),ZiCo GraSP Square plain Log Div Log Sqrt Mul <EOS>,(ZiCo * sqrt(log((square(GraSP) / log(plain))))),0.717100000,0.670600000,39,9,6,2160,run_monash_time_unique1000,7,1,TIME__azure2019_D__5T/seed_2160/run_monash_time_unique1000/visualizations/archive_latex.tex
426,0.617117117,0.717100000,\frac{\log\left(\mathrm{Snip}\right)}{\frac{\mathrm{GraSP}}{\mathrm{ZiCo}}} + \sqrt{\mathrm{ZiCo}},Snip Log GraSP ZiCo Div Div ZiCo Sqrt Add <EOS>,((log(Snip) / (GraSP / ZiCo)) + sqrt(ZiCo)),0.717100000,0.731000000,93,9,4,2061,run_monash_time_unique1000,8,1,TIME__azure2019_D__5T/seed_2061/run_monash_time_unique1000/visualizations/archive_latex.tex
427,0.616216216,0.717100000,\frac{\sqrt{\left(\mathrm{plain}\right) \cdot \left(\mathrm{GraSP}\right)}}{\mathrm{GraSP}} + \log\left(\mathrm{ZiCo}\right),plain GraSP Mul Sqrt GraSP Div ZiCo Log Add <EOS>,((sqrt((plain * GraSP)) / GraSP) + log(ZiCo)),0.717100000,0.714800000,174,9,5,2098,run_monash_time_unique1000,8,1,TIME__azure2019_D__5T/seed_2098/run_monash_time_unique1000/visualizations/archive_latex.tex
428,0.615315315,0.717100000,\left(\log\left(\frac{\mathrm{GraSP}}{\sqrt{\log\left(\mathrm{plain}\right)}}\right)\right) \cdot \left(\left(\mathrm{ZiCo}\right)^2\right),GraSP plain Log Sqrt Div Log ZiCo Square Mul <EOS>,(log((GraSP / sqrt(log(plain)))) * square(ZiCo)),0.717100000,0.670600000,34,9,6,2098,run_monash_time_unique1000,9,1,TIME__azure2019_D__5T/seed_2098/run_monash_time_unique1000/visualizations/archive_latex.tex
429,0.614414414,0.717100000,\log\left(\mathrm{ZiCo}\right) - \sqrt{\frac{\mathrm{plain}}{\mathrm{GraSP}}},ZiCo Log plain GraSP Div Sqrt Sub <EOS>,(log(ZiCo) - sqrt((plain / GraSP))),0.717100000,0.714800000,99,7,4,2143,run_monash_time_unique1000,9,6,TIME__azure2019_D__5T/seed_2143/run_monash_time_unique1000/visualizations/archive_latex.tex
430,0.613513514,0.717000000,\log\left(\mathrm{ZiCo}\right) - \sqrt{\frac{\mathrm{plain}}{\mathrm{GraSP} - \mathrm{GradNorm}}},ZiCo Log plain GraSP Grad_Norm Sub Div Sqrt Sub <EOS>,(log(ZiCo) - sqrt((plain / (GraSP - Grad_Norm)))),0.717000000,0.708700000,151,9,5,2181,run_monash_time_unique1000,3,1,TIME__azure2019_D__5T/seed_2181/run_monash_time_unique1000/visualizations/archive_latex.tex
431,0.612612613,0.717000000,\left(\sqrt{\log\left(\frac{\mathrm{GraSP}}{\mathrm{plain}}\right)}\right) \cdot \left(\mathrm{ZiCo}\right) + \mathrm{ZiCo},GraSP plain Div Log Sqrt ZiCo Mul ZiCo Add <EOS>,((sqrt(log((GraSP / plain))) * ZiCo) + ZiCo),0.717000000,0.745200000,174,9,6,2071,run_monash_time_unique1000,4,3,TIME__azure2019_D__5T/seed_2071/run_monash_time_unique1000/visualizations/archive_latex.tex
432,0.611711712,0.717000000,\left(\mathrm{ZiCo}\right) \cdot \left(\sqrt{\log\left(\frac{\mathrm{plain}}{\mathrm{GraSP}}\right)}\right) + \mathrm{ZiCo},ZiCo plain GraSP Div Log Sqrt Mul ZiCo Add <EOS>,((ZiCo * sqrt(log((plain / GraSP)))) + ZiCo),0.717000000,0.745200000,70,9,6,2194,run_monash_time_unique1000,4,2,TIME__azure2019_D__5T/seed_2194/run_monash_time_unique1000/visualizations/archive_latex.tex
433,0.610810811,0.717000000,\mathrm{ZiCo} + \left(\sqrt{\log\left(\frac{\mathrm{GraSP}}{\mathrm{plain}}\right)}\right) \cdot \left(\mathrm{ZiCo}\right),ZiCo GraSP plain Div Log Sqrt ZiCo Mul Add <EOS>,(ZiCo + (sqrt(log((GraSP / plain))) * ZiCo)),0.717000000,0.745200000,70,9,6,2028,run_monash_time_unique1000,5,2,TIME__azure2019_D__5T/seed_2028/run_monash_time_unique1000/visualizations/archive_latex.tex
434,0.609909910,0.717000000,\mathrm{ZiCo} + \left(\mathrm{ZiCo}\right) \cdot \left(\sqrt{\log\left(\frac{\mathrm{plain}}{\mathrm{GraSP}}\right)}\right),ZiCo ZiCo plain GraSP Div Log Sqrt Mul Add <EOS>,(ZiCo + (ZiCo * sqrt(log((plain / GraSP))))),0.717000000,0.745200000,117,9,6,2066,run_monash_time_unique1000,5,3,TIME__azure2019_D__5T/seed_2066/run_monash_time_unique1000/visualizations/archive_latex.tex
435,0.609009009,0.717000000,\mathrm{ZiCo} + \left(\mathrm{ZiCo}\right) \cdot \left(\sqrt{\log\left(\frac{\mathrm{GraSP}}{\mathrm{plain}}\right)}\right),ZiCo ZiCo GraSP plain Div Log Sqrt Mul Add <EOS>,(ZiCo + (ZiCo * sqrt(log((GraSP / plain))))),0.717000000,0.745200000,54,9,6,2222,run_monash_time_unique1000,5,3,TIME__azure2019_D__5T/seed_2222/run_monash_time_unique1000/visualizations/archive_latex.tex
436,0.608108108,0.717000000,\left(\sqrt{\log\left(\frac{\mathrm{plain}}{\mathrm{GraSP}}\right)}\right) \cdot \left(\mathrm{ZiCo}\right) + \mathrm{ZiCo},plain GraSP Div Log Sqrt ZiCo Mul ZiCo Add <EOS>,((sqrt(log((plain / GraSP))) * ZiCo) + ZiCo),0.717000000,0.745200000,101,9,6,2251,run_monash_time_unique1000,5,2,TIME__azure2019_D__5T/seed_2251/run_monash_time_unique1000/visualizations/archive_latex.tex
437,0.607207207,0.717000000,\mathrm{ZiCo} + \left(\sqrt{\log\left(\frac{\mathrm{plain}}{\mathrm{GraSP}}\right)}\right) \cdot \left(\mathrm{ZiCo}\right),ZiCo plain GraSP Div Log Sqrt ZiCo Mul Add <EOS>,(ZiCo + (sqrt(log((plain / GraSP))) * ZiCo)),0.717000000,0.745200000,72,9,6,2047,run_monash_time_unique1000,6,1,TIME__azure2019_D__5T/seed_2047/run_monash_time_unique1000/visualizations/archive_latex.tex
438,0.606306306,0.717000000,\left(\mathrm{ZiCo}\right) \cdot \left(\sqrt{\log\left(\frac{\mathrm{GraSP}}{\mathrm{plain}}\right)}\right) + \mathrm{ZiCo},ZiCo GraSP plain Div Log Sqrt Mul ZiCo Add <EOS>,((ZiCo * sqrt(log((GraSP / plain)))) + ZiCo),0.717000000,0.745200000,131,9,6,2116,run_monash_time_unique1000,6,1,TIME__azure2019_D__5T/seed_2116/run_monash_time_unique1000/visualizations/archive_latex.tex
439,0.605405405,0.717000000,\log\left(\mathrm{ZiCo} + \frac{\sqrt{\mathrm{plain}}}{\left(\mathrm{ZiCo}\right) \cdot \left(\mathrm{GraSP}\right)}\right),ZiCo plain Sqrt ZiCo GraSP Mul Div Add Log <EOS>,log((ZiCo + (sqrt(plain) / (ZiCo * GraSP)))),0.717000000,0.700300000,187,9,5,2030,run_monash_time_unique1000,8,1,TIME__azure2019_D__5T/seed_2030/run_monash_time_unique1000/visualizations/archive_latex.tex
440,0.604504505,0.716900000,\sqrt{\mathrm{ZiCo}} + \frac{\mathrm{plain}}{\mathrm{GraSP} - \mathrm{ZiCo}},ZiCo Sqrt plain GraSP ZiCo Sub Div Add <EOS>,(sqrt(ZiCo) + (plain / (GraSP - ZiCo))),0.716900000,0.687900000,111,8,4,2085,run_monash_time_unique1000,6,1,TIME__azure2019_D__5T/seed_2085/run_monash_time_unique1000/visualizations/archive_latex.tex
441,0.603603604,0.716900000,\sqrt{\mathrm{ZiCo}} - \frac{\mathrm{plain}}{\mathrm{ZiCo} - \mathrm{GraSP}},ZiCo Sqrt plain ZiCo GraSP Sub Div Sub <EOS>,(sqrt(ZiCo) - (plain / (ZiCo - GraSP))),0.716900000,0.687900000,100,8,4,2122,run_monash_time_unique1000,6,4,TIME__azure2019_D__5T/seed_2122/run_monash_time_unique1000/visualizations/archive_latex.tex
442,0.602702703,0.716900000,\frac{\mathrm{plain}}{\mathrm{GraSP} - \mathrm{ZiCo}} + \sqrt{\mathrm{ZiCo}},plain GraSP ZiCo Sub Div ZiCo Sqrt Add <EOS>,((plain / (GraSP - ZiCo)) + sqrt(ZiCo)),0.716900000,0.687900000,108,8,4,2061,run_monash_time_unique1000,9,1,TIME__azure2019_D__5T/seed_2061/run_monash_time_unique1000/visualizations/archive_latex.tex
443,0.601801802,0.716800000,\sqrt{\mathrm{ZiCo}} - \frac{\mathrm{plain}}{-\mathrm{GraSP}},ZiCo Sqrt plain GraSP Negative Div Sub <EOS>,(sqrt(ZiCo) - (plain / -(GraSP))),0.716800000,0.689600000,138,7,4,2137,run_monash_time_unique1000,2,2,TIME__azure2019_D__5T/seed_2137/run_monash_time_unique1000/visualizations/archive_latex.tex
444,0.600900901,0.716800000,\frac{\mathrm{plain}}{\mathrm{GraSP}} + \sqrt{\mathrm{ZiCo}},plain GraSP Div ZiCo Sqrt Add <EOS>,((plain / GraSP) + sqrt(ZiCo)),0.716800000,0.689600000,200,6,3,2233,run_monash_time_unique1000,3,2,TIME__azure2019_D__5T/seed_2233/run_monash_time_unique1000/visualizations/archive_latex.tex
445,0.600000000,0.716800000,\sqrt{\mathrm{ZiCo} + \frac{\left(\log\left(\mathrm{Snip}\right)\right) \cdot \left(\mathrm{ZiCo}\right)}{\mathrm{GraSP}}},ZiCo Snip Log ZiCo Mul GraSP Div Add Sqrt <EOS>,sqrt((ZiCo + ((log(Snip) * ZiCo) / GraSP))),0.716800000,0.678900000,152,9,6,2093,run_monash_time_unique1000,4,1,TIME__azure2019_D__5T/seed_2093/run_monash_time_unique1000/visualizations/archive_latex.tex
446,0.599099099,0.716800000,\sqrt{\mathrm{ZiCo}} + \frac{\mathrm{plain}}{\mathrm{GraSP}},ZiCo Sqrt plain GraSP Div Add <EOS>,(sqrt(ZiCo) + (plain / GraSP)),0.716800000,0.689600000,184,6,3,2124,run_monash_time_unique1000,4,4,TIME__azure2019_D__5T/seed_2124/run_monash_time_unique1000/visualizations/archive_latex.tex
447,0.598198198,0.716800000,\sqrt{\mathrm{ZiCo}} - \frac{-\mathrm{plain}}{\mathrm{GraSP}},ZiCo Sqrt plain Negative GraSP Div Sub <EOS>,(sqrt(ZiCo) - (-(plain) / GraSP)),0.716800000,0.689600000,150,7,4,2181,run_monash_time_unique1000,4,1,TIME__azure2019_D__5T/seed_2181/run_monash_time_unique1000/visualizations/archive_latex.tex
448,0.597297297,0.716800000,\mathrm{ZiCo} + \left(\log\left(\sqrt{\mathrm{Jacov}}\right)\right) \cdot \left(\frac{\mathrm{plain}}{\mathrm{GraSP}}\right),ZiCo Jacov Sqrt Log plain GraSP Div Mul Add <EOS>,(ZiCo + (log(sqrt(Jacov)) * (plain / GraSP))),0.716800000,0.752100000,141,9,5,2027,run_monash_time_unique1000,10,1,TIME__azure2019_D__5T/seed_2027/run_monash_time_unique1000/visualizations/archive_latex.tex
449,0.596396396,0.716800000,\sqrt{\mathrm{ZiCo}} - -\frac{\mathrm{plain}}{\mathrm{GraSP}},ZiCo Sqrt plain GraSP Div Negative Sub <EOS>,(sqrt(ZiCo) - -((plain / GraSP))),0.716800000,0.689600000,141,7,4,2185,run_monash_time_unique1000,10,2,TIME__azure2019_D__5T/seed_2185/run_monash_time_unique1000/visualizations/archive_latex.tex
450,0.595495495,0.716700000,\left(\log\left(\frac{\mathrm{GraSP}}{\mathrm{plain}}\right)\right) \cdot \left(\left(\mathrm{ZiCo}\right)^2\right) + \mathrm{ZiCo},GraSP plain Div Log ZiCo Square Mul ZiCo Add <EOS>,((log((GraSP / plain)) * square(ZiCo)) + ZiCo),0.716700000,0.749100000,81,9,5,2165,run_monash_time_unique1000,2,9,TIME__azure2019_D__5T/seed_2165/run_monash_time_unique1000/visualizations/archive_latex.tex
451,0.594594595,0.716700000,\mathrm{ZiCo} + \left(\left(\mathrm{ZiCo}\right)^2\right) \cdot \left(\log\left(\frac{\mathrm{GraSP}}{\mathrm{plain}}\right)\right),ZiCo ZiCo Square GraSP plain Div Log Mul Add <EOS>,(ZiCo + (square(ZiCo) * log((GraSP / plain)))),0.716700000,0.749100000,163,9,5,2161,run_monash_time_unique1000,3,19,TIME__azure2019_D__5T/seed_2161/run_monash_time_unique1000/visualizations/archive_latex.tex
452,0.593693694,0.716700000,\mathrm{ZiCo} + \left(\log\left(\frac{\mathrm{GraSP}}{\mathrm{plain}}\right)\right) \cdot \left(\left(\mathrm{ZiCo}\right)^2\right),ZiCo GraSP plain Div Log ZiCo Square Mul Add <EOS>,(ZiCo + (log((GraSP / plain)) * square(ZiCo))),0.716700000,0.749100000,113,9,5,2103,run_monash_time_unique1000,4,4,TIME__azure2019_D__5T/seed_2103/run_monash_time_unique1000/visualizations/archive_latex.tex
453,0.592792793,0.716700000,\left(\left(\mathrm{ZiCo}\right)^2\right) \cdot \left(\log\left(\frac{\mathrm{GraSP}}{\mathrm{plain}}\right)\right) + \mathrm{ZiCo},ZiCo Square GraSP plain Div Log Mul ZiCo Add <EOS>,((square(ZiCo) * log((GraSP / plain))) + ZiCo),0.716700000,0.749100000,171,9,5,2221,run_monash_time_unique1000,4,6,TIME__azure2019_D__5T/seed_2221/run_monash_time_unique1000/visualizations/archive_latex.tex
454,0.591891892,0.716700000,\mathrm{ZiCo} + \frac{\log\left(\mathrm{ZiCo} - \mathrm{GradNorm}\right)}{\mathrm{GraSP}},ZiCo ZiCo Grad_Norm Sub Log GraSP Div Add <EOS>,(ZiCo + (log((ZiCo - Grad_Norm)) / GraSP)),0.716700000,0.682500000,138,8,5,2246,run_monash_time_unique1000,4,1,TIME__azure2019_D__5T/seed_2246/run_monash_time_unique1000/visualizations/archive_latex.tex
455,0.590990991,0.716700000,\frac{\log\left(\mathrm{GradNorm} - \mathrm{ZiCo}\right)}{\mathrm{GraSP}} + \mathrm{ZiCo},Grad_Norm ZiCo Sub Log GraSP Div ZiCo Add <EOS>,((log((Grad_Norm - ZiCo)) / GraSP) + ZiCo),0.716700000,0.682500000,83,8,5,2124,run_monash_time_unique1000,5,1,TIME__azure2019_D__5T/seed_2124/run_monash_time_unique1000/visualizations/archive_latex.tex
456,0.590090090,0.716600000,\frac{\mathrm{plain}}{\mathrm{GraSP} + \mathrm{plain}} + \left(\mathrm{ZiCo}\right)^2,plain GraSP plain Add Div ZiCo Square Add <EOS>,((plain / (GraSP + plain)) + square(ZiCo)),0.716600000,0.649000000,185,8,4,2231,run_monash_time_unique1000,6,1,TIME__azure2019_D__5T/seed_2231/run_monash_time_unique1000/visualizations/archive_latex.tex
457,0.589189189,0.716600000,\left(\mathrm{ZiCo}\right)^2 - \frac{\mathrm{plain}}{-\mathrm{plain} - \mathrm{GraSP}},ZiCo Square plain plain Negative GraSP Sub Div Sub <EOS>,(square(ZiCo) - (plain / (-(plain) - GraSP))),0.716600000,0.649000000,162,9,5,2087,run_monash_time_unique1000,10,1,TIME__azure2019_D__5T/seed_2087/run_monash_time_unique1000/visualizations/archive_latex.tex
458,0.588288288,0.716500000,\left(\mathrm{ZiCo}\right) \cdot \left(\log\left(\log\left(\frac{\mathrm{GraSP}}{\mathrm{plain}} - \mathrm{L2Norm}\right)\right)\right),ZiCo GraSP plain Div L2-Norm Sub Log Log Mul <EOS>,(ZiCo * log(log(((GraSP / plain) - L2-Norm)))),0.716500000,0.746900000,53,9,6,2082,run_monash_time_unique1000,3,17,TIME__azure2019_D__5T/seed_2082/run_monash_time_unique1000/visualizations/archive_latex.tex
459,0.587387387,0.716500000,\left(\log\left(\log\left(\mathrm{L2Norm} - \frac{\mathrm{GraSP}}{\mathrm{plain}}\right)\right)\right) \cdot \left(\mathrm{ZiCo}\right),L2-Norm GraSP plain Div Sub Log Log ZiCo Mul <EOS>,(log(log((L2-Norm - (GraSP / plain)))) * ZiCo),0.716500000,0.746900000,65,9,6,2166,run_monash_time_unique1000,3,12,TIME__azure2019_D__5T/seed_2166/run_monash_time_unique1000/visualizations/archive_latex.tex
460,0.586486486,0.716500000,\left(\log\left(\log\left(\frac{\mathrm{GraSP}}{\mathrm{plain}} - \mathrm{L2Norm}\right)\right)\right) \cdot \left(\mathrm{ZiCo}\right),GraSP plain Div L2-Norm Sub Log Log ZiCo Mul <EOS>,(log(log(((GraSP / plain) - L2-Norm))) * ZiCo),0.716500000,0.746900000,68,9,6,2149,run_monash_time_unique1000,4,6,TIME__azure2019_D__5T/seed_2149/run_monash_time_unique1000/visualizations/archive_latex.tex
461,0.585585586,0.716500000,\left(\mathrm{ZiCo}\right) \cdot \left(\log\left(\log\left(\mathrm{L2Norm} - \frac{\mathrm{GraSP}}{\mathrm{plain}}\right)\right)\right),ZiCo L2-Norm GraSP plain Div Sub Log Log Mul <EOS>,(ZiCo * log(log((L2-Norm - (GraSP / plain))))),0.716500000,0.746900000,62,9,6,2172,run_monash_time_unique1000,4,12,TIME__azure2019_D__5T/seed_2172/run_monash_time_unique1000/visualizations/archive_latex.tex
462,0.584684685,0.716400000,\log\left(\mathrm{ZiCo}\right) + \frac{\mathrm{GradNorm} + \mathrm{MParams}}{\mathrm{GraSP}},ZiCo Log Grad_Norm MParams Add GraSP Div Add <EOS>,(log(ZiCo) + ((Grad_Norm + MParams) / GraSP)),0.716400000,0.697500000,44,8,4,2030,run_monash_time_unique1000,10,1,TIME__azure2019_D__5T/seed_2030/run_monash_time_unique1000/visualizations/archive_latex.tex
463,0.583783784,0.716300000,\left(\mathrm{ZiCo}\right) \cdot \left(\sqrt{\log\left(\frac{\mathrm{L2Norm} - \mathrm{GraSP}}{\mathrm{GradNorm}}\right)}\right),ZiCo L2-Norm GraSP Sub Grad_Norm Div Log Sqrt Mul <EOS>,(ZiCo * sqrt(log(((L2-Norm - GraSP) / Grad_Norm)))),0.716300000,0.691200000,140,9,6,2081,run_monash_time_unique1000,3,3,TIME__azure2019_D__5T/seed_2081/run_monash_time_unique1000/visualizations/archive_latex.tex
464,0.582882883,0.716300000,\left(\left(\mathrm{ZiCo}\right)^2\right) \cdot \left(\log\left(\frac{\mathrm{GraSP} - \mathrm{L2Norm}}{\mathrm{GradNorm}}\right)\right),ZiCo Square GraSP L2-Norm Sub Grad_Norm Div Log Mul <EOS>,(square(ZiCo) * log(((GraSP - L2-Norm) / Grad_Norm))),0.716300000,0.691200000,99,9,5,2257,run_monash_time_unique1000,3,6,TIME__azure2019_D__5T/seed_2257/run_monash_time_unique1000/visualizations/archive_latex.tex
465,0.581981982,0.716300000,\left(\log\left(\frac{\mathrm{L2Norm} - \mathrm{GraSP}}{\mathrm{GradNorm}}\right)\right) \cdot \left(\left(\mathrm{ZiCo}\right)^2\right),L2-Norm GraSP Sub Grad_Norm Div Log ZiCo Square Mul <EOS>,(log(((L2-Norm - GraSP) / Grad_Norm)) * square(ZiCo)),0.716300000,0.691200000,105,9,5,2131,run_monash_time_unique1000,4,3,TIME__azure2019_D__5T/seed_2131/run_monash_time_unique1000/visualizations/archive_latex.tex
466,0.581081081,0.716300000,\left(\log\left(\frac{\mathrm{GraSP} - \mathrm{L2Norm}}{\mathrm{GradNorm}}\right)\right) \cdot \left(\left(\mathrm{ZiCo}\right)^2\right),GraSP L2-Norm Sub Grad_Norm Div Log ZiCo Square Mul <EOS>,(log(((GraSP - L2-Norm) / Grad_Norm)) * square(ZiCo)),0.716300000,0.691200000,77,9,5,2145,run_monash_time_unique1000,4,5,TIME__azure2019_D__5T/seed_2145/run_monash_time_unique1000/visualizations/archive_latex.tex
467,0.580180180,0.716300000,\frac{\log\left(\frac{\mathrm{L2Norm}}{\mathrm{GFLOPs}}\right)}{\mathrm{GraSP}} + \log\left(\mathrm{ZiCo}\right),L2-Norm GFLOPs Div Log GraSP Div ZiCo Log Add <EOS>,((log((L2-Norm / GFLOPs)) / GraSP) + log(ZiCo)),0.716300000,0.690400000,196,9,5,2233,run_monash_time_unique1000,4,1,TIME__azure2019_D__5T/seed_2233/run_monash_time_unique1000/visualizations/archive_latex.tex
468,0.579279279,0.716300000,\left(\sqrt{\log\left(\frac{\mathrm{L2Norm} - \mathrm{GraSP}}{\mathrm{GradNorm}}\right)}\right) \cdot \left(\mathrm{ZiCo}\right),L2-Norm GraSP Sub Grad_Norm Div Log Sqrt ZiCo Mul <EOS>,(sqrt(log(((L2-Norm - GraSP) / Grad_Norm))) * ZiCo),0.716300000,0.691200000,200,9,6,2073,run_monash_time_unique1000,5,2,TIME__azure2019_D__5T/seed_2073/run_monash_time_unique1000/visualizations/archive_latex.tex
469,0.578378378,0.716300000,\left(\mathrm{ZiCo}\right) \cdot \left(\left(\frac{-\mathrm{GraSP}}{\mathrm{GradNorm} - \mathrm{GraSP}}\right)^2\right),ZiCo GraSP Negative Grad_Norm GraSP Sub Div Square Mul <EOS>,(ZiCo * square((-(GraSP) / (Grad_Norm - GraSP)))),0.716300000,0.725900000,106,9,5,2216,run_monash_time_unique1000,5,1,TIME__azure2019_D__5T/seed_2216/run_monash_time_unique1000/visualizations/archive_latex.tex
470,0.577477477,0.716300000,\left(\sqrt{\log\left(\frac{\mathrm{GraSP} - \mathrm{L2Norm}}{\mathrm{GradNorm}}\right)}\right) \cdot \left(\mathrm{ZiCo}\right),GraSP L2-Norm Sub Grad_Norm Div Log Sqrt ZiCo Mul <EOS>,(sqrt(log(((GraSP - L2-Norm) / Grad_Norm))) * ZiCo),0.716300000,0.691200000,140,9,6,2253,run_monash_time_unique1000,5,2,TIME__azure2019_D__5T/seed_2253/run_monash_time_unique1000/visualizations/archive_latex.tex
471,0.576576577,0.716300000,\left(\left(\mathrm{ZiCo}\right)^2\right) \cdot \left(\log\left(\frac{\mathrm{L2Norm} - \mathrm{GraSP}}{\mathrm{GradNorm}}\right)\right),ZiCo Square L2-Norm GraSP Sub Grad_Norm Div Log Mul <EOS>,(square(ZiCo) * log(((L2-Norm - GraSP) / Grad_Norm))),0.716300000,0.691200000,168,9,5,2164,run_monash_time_unique1000,6,3,TIME__azure2019_D__5T/seed_2164/run_monash_time_unique1000/visualizations/archive_latex.tex
472,0.575675676,0.716300000,\left(\sqrt{\log\left(\frac{\mathrm{GradNorm}}{\mathrm{L2Norm} - \mathrm{GraSP}}\right)}\right) \cdot \left(\mathrm{ZiCo}\right),Grad_Norm L2-Norm GraSP Sub Div Log Sqrt ZiCo Mul <EOS>,(sqrt(log((Grad_Norm / (L2-Norm - GraSP)))) * ZiCo),0.716300000,0.691200000,81,9,6,2086,run_monash_time_unique1000,7,1,TIME__azure2019_D__5T/seed_2086/run_monash_time_unique1000/visualizations/archive_latex.tex
473,0.574774775,0.716300000,\left(\sqrt{\log\left(\frac{\mathrm{GradNorm}}{\mathrm{GraSP} - \mathrm{L2Norm}}\right)}\right) \cdot \left(\mathrm{ZiCo}\right),Grad_Norm GraSP L2-Norm Sub Div Log Sqrt ZiCo Mul <EOS>,(sqrt(log((Grad_Norm / (GraSP - L2-Norm)))) * ZiCo),0.716300000,0.691200000,105,9,6,2250,run_monash_time_unique1000,7,1,TIME__azure2019_D__5T/seed_2250/run_monash_time_unique1000/visualizations/archive_latex.tex
474,0.573873874,0.716300000,\left(\mathrm{ZiCo}\right) \cdot \left(\sqrt{\log\left(\frac{\mathrm{GraSP} - \mathrm{L2Norm}}{\mathrm{GradNorm}}\right)}\right),ZiCo GraSP L2-Norm Sub Grad_Norm Div Log Sqrt Mul <EOS>,(ZiCo * sqrt(log(((GraSP - L2-Norm) / Grad_Norm)))),0.716300000,0.691200000,179,9,6,2268,run_monash_time_unique1000,7,1,TIME__azure2019_D__5T/seed_2268/run_monash_time_unique1000/visualizations/archive_latex.tex
475,0.572972973,0.716200000,\mathrm{ZiCo} - \sqrt{\frac{\mathrm{Snip}}{\left(\left(\mathrm{GraSP}\right)^2\right) \cdot \left(\mathrm{L2Norm}\right)}},ZiCo Snip GraSP Square L2-Norm Mul Div Sqrt Sub <EOS>,(ZiCo - sqrt((Snip / (square(GraSP) * L2-Norm)))),0.716200000,0.672400000,177,9,6,2244,run_monash_time_unique1000,3,1,TIME__azure2019_D__5T/seed_2244/run_monash_time_unique1000/visualizations/archive_latex.tex
476,0.572072072,0.716200000,\frac{\sqrt{\left(\mathrm{ZiCo}\right) \cdot \left(\mathrm{GradNorm}\right)}}{\mathrm{GraSP}} + \mathrm{ZiCo},ZiCo Grad_Norm Mul Sqrt GraSP Div ZiCo Add <EOS>,((sqrt((ZiCo * Grad_Norm)) / GraSP) + ZiCo),0.716200000,0.687600000,20,8,5,2174,run_monash_time_unique1000,5,1,TIME__azure2019_D__5T/seed_2174/run_monash_time_unique1000/visualizations/archive_latex.tex
477,0.571171171,0.716200000,\frac{\mathrm{plain}}{\mathrm{MParams} + \mathrm{GraSP}} + \sqrt{\mathrm{ZiCo}},plain MParams GraSP Add Div ZiCo Sqrt Add <EOS>,((plain / (MParams + GraSP)) + sqrt(ZiCo)),0.716200000,0.691000000,83,8,4,2174,run_monash_time_unique1000,6,1,TIME__azure2019_D__5T/seed_2174/run_monash_time_unique1000/visualizations/archive_latex.tex
478,0.570270270,0.716100000,\left(\sqrt{\log\left(\mathrm{GraSP}\right) - \sqrt{\mathrm{plain}}}\right) \cdot \left(\left(\mathrm{ZiCo}\right)^2\right),GraSP Log plain Sqrt Sub Sqrt ZiCo Square Mul <EOS>,(sqrt((log(GraSP) - sqrt(plain))) * square(ZiCo)),0.716100000,0.748000000,55,9,5,2159,run_monash_time_unique1000,2,6,TIME__azure2019_D__5T/seed_2159/run_monash_time_unique1000/visualizations/archive_latex.tex
479,0.569369369,0.716100000,\left(\left(\mathrm{ZiCo}\right)^2\right) \cdot \left(\sqrt{\log\left(\mathrm{GraSP}\right) - \sqrt{\mathrm{plain}}}\right),ZiCo Square GraSP Log plain Sqrt Sub Sqrt Mul <EOS>,(square(ZiCo) * sqrt((log(GraSP) - sqrt(plain)))),0.716100000,0.748000000,44,9,5,2096,run_monash_time_unique1000,3,10,TIME__azure2019_D__5T/seed_2096/run_monash_time_unique1000/visualizations/archive_latex.tex
480,0.568468468,0.716100000,\left(\sqrt{\sqrt{\mathrm{plain}} - \log\left(\mathrm{GraSP}\right)}\right) \cdot \left(\left(\mathrm{ZiCo}\right)^2\right),plain Sqrt GraSP Log Sub Sqrt ZiCo Square Mul <EOS>,(sqrt((sqrt(plain) - log(GraSP))) * square(ZiCo)),0.716100000,0.748000000,157,9,5,2100,run_monash_time_unique1000,4,6,TIME__azure2019_D__5T/seed_2100/run_monash_time_unique1000/visualizations/archive_latex.tex
481,0.567567568,0.716100000,\log\left(\mathrm{ZiCo}\right) + \frac{\mathrm{GradNorm}}{\mathrm{GraSP} - \mathrm{GFLOPs}},ZiCo Log Grad_Norm GraSP GFLOPs Sub Div Add <EOS>,(log(ZiCo) + (Grad_Norm / (GraSP - GFLOPs))),0.716100000,0.687000000,95,8,4,2164,run_monash_time_unique1000,7,1,TIME__azure2019_D__5T/seed_2164/run_monash_time_unique1000/visualizations/archive_latex.tex
482,0.566666667,0.716100000,\left(\left(\mathrm{ZiCo}\right)^2\right) \cdot \left(\sqrt{\sqrt{\mathrm{plain}} - \log\left(\mathrm{GraSP}\right)}\right),ZiCo Square plain Sqrt GraSP Log Sub Sqrt Mul <EOS>,(square(ZiCo) * sqrt((sqrt(plain) - log(GraSP)))),0.716100000,0.748000000,80,9,5,2205,run_monash_time_unique1000,7,5,TIME__azure2019_D__5T/seed_2205/run_monash_time_unique1000/visualizations/archive_latex.tex
483,0.565765766,0.716100000,\frac{\log\left(\log\left(\mathrm{Snip}\right)\right)}{\mathrm{GraSP}} + \mathrm{ZiCo},Snip Log Log GraSP Div ZiCo Add <EOS>,((log(log(Snip)) / GraSP) + ZiCo),0.716100000,0.695900000,194,7,5,2239,run_monash_time_unique1000,8,2,TIME__azure2019_D__5T/seed_2239/run_monash_time_unique1000/visualizations/archive_latex.tex
484,0.564864865,0.716000000,\mathrm{ZiCo} - \frac{\log\left(\mathrm{GradNorm}\right)}{\mathrm{ZiCo} - \mathrm{GraSP}},ZiCo Grad_Norm Log ZiCo GraSP Sub Div Sub <EOS>,(ZiCo - (log(Grad_Norm) / (ZiCo - GraSP))),0.716000000,0.689700000,88,8,4,2248,run_monash_time_unique1000,3,1,TIME__azure2019_D__5T/seed_2248/run_monash_time_unique1000/visualizations/archive_latex.tex
485,0.563963964,0.715900000,\left(\left(\mathrm{ZiCo}\right)^2\right) \cdot \left(\sqrt{\log\left(\frac{\mathrm{GraSP}}{\sqrt{\mathrm{plain}}}\right)}\right),ZiCo Square GraSP plain Sqrt Div Log Sqrt Mul <EOS>,(square(ZiCo) * sqrt(log((GraSP / sqrt(plain))))),0.715900000,0.731400000,194,9,6,2062,run_monash_time_unique1000,3,4,TIME__azure2019_D__5T/seed_2062/run_monash_time_unique1000/visualizations/archive_latex.tex
486,0.563063063,0.715900000,\left(\left(\mathrm{ZiCo}\right)^2\right) \cdot \left(\sqrt{\log\left(\frac{\left(\mathrm{GraSP}\right)^2}{\mathrm{plain}}\right)}\right),ZiCo Square GraSP Square plain Div Log Sqrt Mul <EOS>,(square(ZiCo) * sqrt(log((square(GraSP) / plain)))),0.715900000,0.731400000,18,9,6,2163,run_monash_time_unique1000,3,7,TIME__azure2019_D__5T/seed_2163/run_monash_time_unique1000/visualizations/archive_latex.tex
487,0.562162162,0.715900000,\frac{\log\left(\mathrm{GradNorm}\right)}{\mathrm{GraSP}} + \mathrm{ZiCo},Grad_Norm Log GraSP Div ZiCo Add <EOS>,((log(Grad_Norm) / GraSP) + ZiCo),0.715900000,0.691200000,68,6,4,2170,run_monash_time_unique1000,3,2,TIME__azure2019_D__5T/seed_2170/run_monash_time_unique1000/visualizations/archive_latex.tex
488,0.561261261,0.715900000,\mathrm{ZiCo} - \frac{\log\left(\mathrm{GradNorm}\right)}{-\mathrm{GraSP}},ZiCo Grad_Norm Log GraSP Negative Div Sub <EOS>,(ZiCo - (log(Grad_Norm) / -(GraSP))),0.715900000,0.691200000,118,7,4,2173,run_monash_time_unique1000,3,2,TIME__azure2019_D__5T/seed_2173/run_monash_time_unique1000/visualizations/archive_latex.tex
489,0.560360360,0.715900000,\left(\left(\mathrm{ZiCo}\right)^2\right) \cdot \left(\sqrt{\log\left(\frac{\sqrt{\mathrm{plain}}}{\mathrm{GraSP}}\right)}\right),ZiCo Square plain Sqrt GraSP Div Log Sqrt Mul <EOS>,(square(ZiCo) * sqrt(log((sqrt(plain) / GraSP)))),0.715900000,0.731400000,183,9,6,2230,run_monash_time_unique1000,4,2,TIME__azure2019_D__5T/seed_2230/run_monash_time_unique1000/visualizations/archive_latex.tex
490,0.559459459,0.715900000,\left(\sqrt{\log\left(\frac{\left(\mathrm{GraSP}\right)^2}{\mathrm{plain}}\right)}\right) \cdot \left(\left(\mathrm{ZiCo}\right)^2\right),GraSP Square plain Div Log Sqrt ZiCo Square Mul <EOS>,(sqrt(log((square(GraSP) / plain))) * square(ZiCo)),0.715900000,0.731400000,32,9,6,2100,run_monash_time_unique1000,5,5,TIME__azure2019_D__5T/seed_2100/run_monash_time_unique1000/visualizations/archive_latex.tex
491,0.558558559,0.715900000,\left(\sqrt{\log\left(\frac{\mathrm{GraSP}}{\sqrt{\mathrm{plain}}}\right)}\right) \cdot \left(\left(\mathrm{ZiCo}\right)^2\right),GraSP plain Sqrt Div Log Sqrt ZiCo Square Mul <EOS>,(sqrt(log((GraSP / sqrt(plain)))) * square(ZiCo)),0.715900000,0.731400000,60,9,6,2177,run_monash_time_unique1000,5,4,TIME__azure2019_D__5T/seed_2177/run_monash_time_unique1000/visualizations/archive_latex.tex
492,0.557657658,0.715900000,\left(\left(\mathrm{ZiCo}\right)^2\right) \cdot \left(\sqrt{\log\left(\frac{\mathrm{plain}}{\left(\mathrm{GraSP}\right)^2}\right)}\right),ZiCo Square plain GraSP Square Div Log Sqrt Mul <EOS>,(square(ZiCo) * sqrt(log((plain / square(GraSP))))),0.715900000,0.731400000,65,9,6,2194,run_monash_time_unique1000,5,1,TIME__azure2019_D__5T/seed_2194/run_monash_time_unique1000/visualizations/archive_latex.tex
493,0.556756757,0.715900000,\mathrm{ZiCo} + \frac{\log\left(\mathrm{GradNorm}\right)}{\mathrm{GraSP}},ZiCo Grad_Norm Log GraSP Div Add <EOS>,(ZiCo + (log(Grad_Norm) / GraSP)),0.715900000,0.691200000,137,6,4,2246,run_monash_time_unique1000,5,1,TIME__azure2019_D__5T/seed_2246/run_monash_time_unique1000/visualizations/archive_latex.tex
494,0.555855856,0.715900000,\left(\sqrt{\log\left(\frac{\mathrm{plain}}{\left(\mathrm{GraSP}\right)^2}\right)}\right) \cdot \left(\left(\mathrm{ZiCo}\right)^2\right),plain GraSP Square Div Log Sqrt ZiCo Square Mul <EOS>,(sqrt(log((plain / square(GraSP)))) * square(ZiCo)),0.715900000,0.731400000,44,9,6,2084,run_monash_time_unique1000,6,3,TIME__azure2019_D__5T/seed_2084/run_monash_time_unique1000/visualizations/archive_latex.tex
495,0.554954955,0.715900000,\left(\log\left(\log\left(\mathrm{GraSP}\right)\right)\right) \cdot \left(\mathrm{ZiCo}\right) + \log\left(\left(\mathrm{ZiCo}\right)^2\right),GraSP Log Log ZiCo Mul ZiCo Square Log Add <EOS>,((log(log(GraSP)) * ZiCo) + log(square(ZiCo))),0.715900000,0.700000000,20,9,5,2130,run_monash_time_unique1000,6,1,TIME__azure2019_D__5T/seed_2130/run_monash_time_unique1000/visualizations/archive_latex.tex
496,0.554054054,0.715900000,\log\left(\left(\mathrm{ZiCo}\right)^2\right) + \left(\mathrm{ZiCo}\right) \cdot \left(\log\left(\log\left(\mathrm{GraSP}\right)\right)\right),ZiCo Square Log ZiCo GraSP Log Log Mul Add <EOS>,(log(square(ZiCo)) + (ZiCo * log(log(GraSP)))),0.715900000,0.700000000,27,9,5,2138,run_monash_time_unique1000,7,1,TIME__azure2019_D__5T/seed_2138/run_monash_time_unique1000/visualizations/archive_latex.tex
497,0.553153153,0.715900000,\left(\sqrt{\log\left(\frac{\sqrt{\mathrm{plain}}}{\mathrm{GraSP}}\right)}\right) \cdot \left(\left(\mathrm{ZiCo}\right)^2\right),plain Sqrt GraSP Div Log Sqrt ZiCo Square Mul <EOS>,(sqrt(log((sqrt(plain) / GraSP))) * square(ZiCo)),0.715900000,0.731400000,8,9,6,2204,run_monash_time_unique1000,9,2,TIME__azure2019_D__5T/seed_2204/run_monash_time_unique1000/visualizations/archive_latex.tex
498,0.552252252,0.715800000,\frac{\log\left(\mathrm{GradNorm}\right)}{\mathrm{GraSP} + \mathrm{Fisher}} + \mathrm{ZiCo},Grad_Norm Log GraSP Fisher Add Div ZiCo Add <EOS>,((log(Grad_Norm) / (GraSP + Fisher)) + ZiCo),0.715800000,0.690900000,179,8,4,2170,run_monash_time_unique1000,4,1,TIME__azure2019_D__5T/seed_2170/run_monash_time_unique1000/visualizations/archive_latex.tex
499,0.551351351,0.715800000,\mathrm{ZiCo} + \mathrm{ZiCo} + \frac{\mathrm{GradNorm}}{\mathrm{GraSP}},ZiCo ZiCo Grad_Norm GraSP Div Add Add <EOS>,(ZiCo + (ZiCo + (Grad_Norm / GraSP))),0.715800000,0.704300000,56,7,4,2080,run_monash_time_unique1000,6,1,TIME__azure2019_D__5T/seed_2080/run_monash_time_unique1000/visualizations/archive_latex.tex
500,0.550450450,0.715800000,\frac{\mathrm{GradNorm}}{\mathrm{GraSP}} + \mathrm{ZiCo} + \mathrm{ZiCo},Grad_Norm GraSP Div ZiCo Add ZiCo Add <EOS>,(((Grad_Norm / GraSP) + ZiCo) + ZiCo),0.715800000,0.704300000,192,7,4,2233,run_monash_time_unique1000,6,1,TIME__azure2019_D__5T/seed_2233/run_monash_time_unique1000/visualizations/archive_latex.tex
501,0.549549550,0.715800000,\frac{\mathrm{GradNorm}}{\mathrm{GraSP} + \mathrm{GraSP}} + \mathrm{ZiCo},Grad_Norm GraSP GraSP Add Div ZiCo Add <EOS>,((Grad_Norm / (GraSP + GraSP)) + ZiCo),0.715800000,0.704300000,189,7,4,2174,run_monash_time_unique1000,7,1,TIME__azure2019_D__5T/seed_2174/run_monash_time_unique1000/visualizations/archive_latex.tex
502,0.548648649,0.715700000,\left(\mathrm{ZiCo}\right)^2 + \frac{\mathrm{plain}}{\mathrm{GraSP} - \mathrm{plain}},ZiCo Square plain GraSP plain Sub Div Add <EOS>,(square(ZiCo) + (plain / (GraSP - plain))),0.715700000,0.687200000,152,8,4,2222,run_monash_time_unique1000,7,1,TIME__azure2019_D__5T/seed_2222/run_monash_time_unique1000/visualizations/archive_latex.tex
503,0.547747748,0.715500000,\log\left(\mathrm{ZiCo}\right) - \frac{-\mathrm{GradNorm}}{\mathrm{GraSP}},ZiCo Log Grad_Norm Negative GraSP Div Sub <EOS>,(log(ZiCo) - (-(Grad_Norm) / GraSP)),0.715500000,0.689800000,188,7,4,2248,run_monash_time_unique1000,4,2,TIME__azure2019_D__5T/seed_2248/run_monash_time_unique1000/visualizations/archive_latex.tex
504,0.546846847,0.715500000,\log\left(\mathrm{ZiCo}\right) + \frac{\mathrm{GradNorm}}{\mathrm{GraSP} + \mathrm{ZiCo}},ZiCo Log Grad_Norm GraSP ZiCo Add Div Add <EOS>,(log(ZiCo) + (Grad_Norm / (GraSP + ZiCo))),0.715500000,0.691300000,179,8,4,2044,run_monash_time_unique1000,5,2,TIME__azure2019_D__5T/seed_2044/run_monash_time_unique1000/visualizations/archive_latex.tex
505,0.545945946,0.715500000,\left(\frac{\mathrm{GradNorm}}{\mathrm{GraSP}} + \sqrt{\mathrm{ZiCo}}\right) \cdot \left(\mathrm{ZiCo}\right),Grad_Norm GraSP Div ZiCo Sqrt Add ZiCo Mul <EOS>,(((Grad_Norm / GraSP) + sqrt(ZiCo)) * ZiCo),0.715500000,0.695600000,38,8,4,2141,run_monash_time_unique1000,5,2,TIME__azure2019_D__5T/seed_2141/run_monash_time_unique1000/visualizations/archive_latex.tex
506,0.545045045,0.715500000,\log\left(\mathrm{ZiCo}\right) - -\frac{\mathrm{GradNorm}}{\mathrm{GraSP}},ZiCo Log Grad_Norm GraSP Div Negative Sub <EOS>,(log(ZiCo) - -((Grad_Norm / GraSP))),0.715500000,0.689800000,86,7,4,2181,run_monash_time_unique1000,5,1,TIME__azure2019_D__5T/seed_2181/run_monash_time_unique1000/visualizations/archive_latex.tex
507,0.544144144,0.715500000,\log\left(\mathrm{ZiCo}\right) + \frac{\mathrm{GradNorm}}{\mathrm{GraSP}},ZiCo Log Grad_Norm GraSP Div Add <EOS>,(log(ZiCo) + (Grad_Norm / GraSP)),0.715500000,0.689800000,56,6,3,2044,run_monash_time_unique1000,6,3,TIME__azure2019_D__5T/seed_2044/run_monash_time_unique1000/visualizations/archive_latex.tex
508,0.543243243,0.715500000,\frac{\mathrm{GradNorm}}{\mathrm{GraSP}} + \log\left(\mathrm{ZiCo}\right),Grad_Norm GraSP Div ZiCo Log Add <EOS>,((Grad_Norm / GraSP) + log(ZiCo)),0.715500000,0.689800000,60,6,3,2042,run_monash_time_unique1000,7,1,TIME__azure2019_D__5T/seed_2042/run_monash_time_unique1000/visualizations/archive_latex.tex
509,0.542342342,0.715500000,\left(\sqrt{\mathrm{ZiCo}} - \frac{-\mathrm{GradNorm}}{\mathrm{GraSP}}\right) \cdot \left(\mathrm{ZiCo}\right),ZiCo Sqrt Grad_Norm Negative GraSP Div Sub ZiCo Mul <EOS>,((sqrt(ZiCo) - (-(Grad_Norm) / GraSP)) * ZiCo),0.715500000,0.695600000,122,9,5,2059,run_monash_time_unique1000,10,1,TIME__azure2019_D__5T/seed_2059/run_monash_time_unique1000/visualizations/archive_latex.tex
510,0.541441441,0.715400000,\left(\sqrt{\log\left(\log\left(\mathrm{GraSP}\right) - \mathrm{plain}\right)}\right) \cdot \left(\left(\mathrm{ZiCo}\right)^2\right),GraSP Log plain Sub Log Sqrt ZiCo Square Mul <EOS>,(sqrt(log((log(GraSP) - plain))) * square(ZiCo)),0.715400000,0.708900000,137,9,6,2146,run_monash_time_unique1000,1,1,TIME__azure2019_D__5T/seed_2146/run_monash_time_unique1000/visualizations/archive_latex.tex
511,0.540540541,0.715400000,\left(\left(\mathrm{ZiCo}\right)^2\right) \cdot \left(\sqrt{\log\left(\log\left(\mathrm{GraSP}\right) - \mathrm{plain}\right)}\right),ZiCo Square GraSP Log plain Sub Log Sqrt Mul <EOS>,(square(ZiCo) * sqrt(log((log(GraSP) - plain)))),0.715400000,0.708900000,104,9,6,2191,run_monash_time_unique1000,6,2,TIME__azure2019_D__5T/seed_2191/run_monash_time_unique1000/visualizations/archive_latex.tex
512,0.539639640,0.715400000,\frac{\mathrm{plain}}{\mathrm{GraSP} + \sqrt{\mathrm{L2Norm}}} + \mathrm{ZiCo},plain GraSP L2-Norm Sqrt Add Div ZiCo Add <EOS>,((plain / (GraSP + sqrt(L2-Norm))) + ZiCo),0.715400000,0.651600000,78,8,5,2174,run_monash_time_unique1000,8,1,TIME__azure2019_D__5T/seed_2174/run_monash_time_unique1000/visualizations/archive_latex.tex
513,0.538738739,0.715300000,\log\left(\mathrm{ZiCo}\right) + \frac{\mathrm{GradNorm}}{\mathrm{GraSP} + \sqrt{\mathrm{JacobFro}}},ZiCo Log Grad_Norm GraSP Jacob_fro Sqrt Add Div Add <EOS>,(log(ZiCo) + (Grad_Norm / (GraSP + sqrt(Jacob_fro)))),0.715300000,0.669000000,68,9,5,2164,run_monash_time_unique1000,10,1,TIME__azure2019_D__5T/seed_2164/run_monash_time_unique1000/visualizations/archive_latex.tex
514,0.537837838,0.715200000,\left(\mathrm{ZiCo}\right)^2 + \frac{\mathrm{plain}}{\mathrm{GraSP}},ZiCo Square plain GraSP Div Add <EOS>,(square(ZiCo) + (plain / GraSP)),0.715200000,0.688200000,89,6,3,2069,run_monash_time_unique1000,2,2,TIME__azure2019_D__5T/seed_2069/run_monash_time_unique1000/visualizations/archive_latex.tex
515,0.536936937,0.715200000,\left(\mathrm{ZiCo}\right)^2 - \frac{-\mathrm{plain}}{\mathrm{GraSP}},ZiCo Square plain Negative GraSP Div Sub <EOS>,(square(ZiCo) - (-(plain) / GraSP)),0.715200000,0.688200000,77,7,4,2032,run_monash_time_unique1000,3,1,TIME__azure2019_D__5T/seed_2032/run_monash_time_unique1000/visualizations/archive_latex.tex
516,0.536036036,0.715200000,\left(\mathrm{ZiCo}\right)^2 - \frac{\mathrm{plain}}{-\mathrm{GraSP}},ZiCo Square plain GraSP Negative Div Sub <EOS>,(square(ZiCo) - (plain / -(GraSP))),0.715200000,0.688200000,138,7,4,2137,run_monash_time_unique1000,3,2,TIME__azure2019_D__5T/seed_2137/run_monash_time_unique1000/visualizations/archive_latex.tex
517,0.535135135,0.715200000,\left(\mathrm{ZiCo}\right)^2 - \frac{\mathrm{plain}}{\mathrm{Fisher} - \mathrm{GraSP}},ZiCo Square plain Fisher GraSP Sub Div Sub <EOS>,(square(ZiCo) - (plain / (Fisher - GraSP))),0.715200000,0.688100000,152,8,4,2173,run_monash_time_unique1000,4,1,TIME__azure2019_D__5T/seed_2173/run_monash_time_unique1000/visualizations/archive_latex.tex
518,0.534234234,0.715200000,\left(\mathrm{ZiCo}\right)^2 - \frac{\mathrm{GraSP} - \mathrm{plain}}{\mathrm{GraSP}},ZiCo Square GraSP plain Sub GraSP Div Sub <EOS>,(square(ZiCo) - ((GraSP - plain) / GraSP)),0.715200000,0.688200000,175,8,4,2202,run_monash_time_unique1000,4,2,TIME__azure2019_D__5T/seed_2202/run_monash_time_unique1000/visualizations/archive_latex.tex
519,0.533333333,0.715200000,\left(-\mathrm{ZiCo}\right)^2 + \frac{\mathrm{plain}}{\mathrm{GraSP}},ZiCo Negative Square plain GraSP Div Add <EOS>,(square(-(ZiCo)) + (plain / GraSP)),0.715200000,0.688200000,90,7,4,2035,run_monash_time_unique1000,6,1,TIME__azure2019_D__5T/seed_2035/run_monash_time_unique1000/visualizations/archive_latex.tex
520,0.532432432,0.715200000,\sqrt{\frac{\mathrm{plain}}{\mathrm{GraSP}} + \left(\mathrm{ZiCo}\right)^2},plain GraSP Div ZiCo Square Add Sqrt <EOS>,sqrt(((plain / GraSP) + square(ZiCo))),0.715200000,0.649200000,193,7,4,2085,run_monash_time_unique1000,7,1,TIME__azure2019_D__5T/seed_2085/run_monash_time_unique1000/visualizations/archive_latex.tex
521,0.531531532,0.715200000,\left(\mathrm{ZiCo}\right) \cdot \left(\mathrm{ZiCo}\right) + \frac{\mathrm{plain}}{\mathrm{GraSP}},ZiCo ZiCo Mul plain GraSP Div Add <EOS>,((ZiCo * ZiCo) + (plain / GraSP)),0.715200000,0.688200000,137,7,3,2260,run_monash_time_unique1000,8,1,TIME__azure2019_D__5T/seed_2260/run_monash_time_unique1000/visualizations/archive_latex.tex
522,0.530630631,0.715200000,\frac{\mathrm{plain}}{\mathrm{GraSP}} + \left(\mathrm{ZiCo}\right)^2,plain GraSP Div ZiCo Square Add <EOS>,((plain / GraSP) + square(ZiCo)),0.715200000,0.688200000,43,6,3,2239,run_monash_time_unique1000,9,1,TIME__azure2019_D__5T/seed_2239/run_monash_time_unique1000/visualizations/archive_latex.tex
523,0.529729730,0.715100000,\left(\frac{\log\left(\mathrm{Snip}\right)}{\mathrm{GraSP}} + \mathrm{ZiCo}\right) \cdot \left(\mathrm{ZiCo}\right),Snip Log GraSP Div ZiCo Add ZiCo Mul <EOS>,(((log(Snip) / GraSP) + ZiCo) * ZiCo),0.715100000,0.728300000,81,8,5,2189,run_monash_time_unique1000,3,1,TIME__azure2019_D__5T/seed_2189/run_monash_time_unique1000/visualizations/archive_latex.tex
524,0.528828829,0.715100000,\left(\mathrm{ZiCo}\right) \cdot \left(\frac{\sqrt{\mathrm{GradNorm}}}{\mathrm{GraSP}} + \mathrm{ZiCo}\right),ZiCo Grad_Norm Sqrt GraSP Div ZiCo Add Mul <EOS>,(ZiCo * ((sqrt(Grad_Norm) / GraSP) + ZiCo)),0.715100000,0.666200000,195,8,5,2066,run_monash_time_unique1000,6,1,TIME__azure2019_D__5T/seed_2066/run_monash_time_unique1000/visualizations/archive_latex.tex
525,0.527927928,0.715100000,\left(\mathrm{ZiCo}\right) \cdot \left(\mathrm{ZiCo} + \frac{\log\left(\mathrm{Snip}\right)}{\mathrm{GraSP}}\right),ZiCo ZiCo Snip Log GraSP Div Add Mul <EOS>,(ZiCo * (ZiCo + (log(Snip) / GraSP))),0.715100000,0.728300000,43,8,5,2148,run_monash_time_unique1000,6,2,TIME__azure2019_D__5T/seed_2148/run_monash_time_unique1000/visualizations/archive_latex.tex
526,0.527027027,0.715100000,\left(\mathrm{ZiCo}\right) \cdot \left(\mathrm{ZiCo} + \frac{\sqrt{\mathrm{GradNorm}}}{\mathrm{GraSP}}\right),ZiCo ZiCo Grad_Norm Sqrt GraSP Div Add Mul <EOS>,(ZiCo * (ZiCo + (sqrt(Grad_Norm) / GraSP))),0.715100000,0.666200000,26,8,5,2044,run_monash_time_unique1000,7,1,TIME__azure2019_D__5T/seed_2044/run_monash_time_unique1000/visualizations/archive_latex.tex
527,0.526126126,0.715100000,\left(\frac{\sqrt{\mathrm{GradNorm}}}{\mathrm{GraSP}} + \mathrm{ZiCo}\right) \cdot \left(\mathrm{ZiCo}\right),Grad_Norm Sqrt GraSP Div ZiCo Add ZiCo Mul <EOS>,(((sqrt(Grad_Norm) / GraSP) + ZiCo) * ZiCo),0.715100000,0.666200000,190,8,5,2233,run_monash_time_unique1000,7,1,TIME__azure2019_D__5T/seed_2233/run_monash_time_unique1000/visualizations/archive_latex.tex
528,0.525225225,0.715100000,\log\left(\sqrt{\mathrm{ZiCo}}\right) + \frac{\left(\mathrm{GradNorm}\right) \cdot \left(\mathrm{ZiCo}\right)}{\mathrm{GraSP}},ZiCo Sqrt Log Grad_Norm ZiCo Mul GraSP Div Add <EOS>,(log(sqrt(ZiCo)) + ((Grad_Norm * ZiCo) / GraSP)),0.715100000,0.680400000,82,9,4,2182,run_monash_time_unique1000,9,1,TIME__azure2019_D__5T/seed_2182/run_monash_time_unique1000/visualizations/archive_latex.tex
529,0.524324324,0.715100000,\log\left(\sqrt{\mathrm{ZiCo}}\right) + \left(\frac{\mathrm{GradNorm}}{\mathrm{GraSP}}\right) \cdot \left(\mathrm{ZiCo}\right),ZiCo Sqrt Log Grad_Norm GraSP Div ZiCo Mul Add <EOS>,(log(sqrt(ZiCo)) + ((Grad_Norm / GraSP) * ZiCo)),0.715100000,0.680400000,154,9,4,2239,run_monash_time_unique1000,10,1,TIME__azure2019_D__5T/seed_2239/run_monash_time_unique1000/visualizations/archive_latex.tex
530,0.523423423,0.715000000,\sqrt{\left(\left(\mathrm{ZiCo}\right)^2\right) \cdot \left(\sqrt{\log\left(\mathrm{GraSP}\right)}\right)} + \mathrm{ZiCo},ZiCo Square GraSP Log Sqrt Mul Sqrt ZiCo Add <EOS>,(sqrt((square(ZiCo) * sqrt(log(GraSP)))) + ZiCo),0.715000000,0.696100000,74,9,6,2053,run_monash_time_unique1000,4,1,TIME__azure2019_D__5T/seed_2053/run_monash_time_unique1000/visualizations/archive_latex.tex
531,0.522522523,0.715000000,\left(\mathrm{ZiCo}\right) \cdot \left(\mathrm{ZiCo} + \sqrt{\log\left(\frac{\mathrm{GraSP}}{\mathrm{plain}}\right)}\right),ZiCo ZiCo GraSP plain Div Log Sqrt Add Mul <EOS>,(ZiCo * (ZiCo + sqrt(log((GraSP / plain))))),0.715000000,0.749500000,98,9,6,2055,run_monash_time_unique1000,4,7,TIME__azure2019_D__5T/seed_2055/run_monash_time_unique1000/visualizations/archive_latex.tex
532,0.521621622,0.715000000,\left(\sqrt{\log\left(\frac{\mathrm{GraSP}}{\mathrm{plain}}\right)} + \mathrm{ZiCo}\right) \cdot \left(\mathrm{ZiCo}\right),GraSP plain Div Log Sqrt ZiCo Add ZiCo Mul <EOS>,((sqrt(log((GraSP / plain))) + ZiCo) * ZiCo),0.715000000,0.749500000,47,9,6,2243,run_monash_time_unique1000,4,2,TIME__azure2019_D__5T/seed_2243/run_monash_time_unique1000/visualizations/archive_latex.tex
533,0.520720721,0.715000000,\left(\mathrm{ZiCo}\right) \cdot \left(\sqrt{\log\left(\frac{\mathrm{GraSP}}{\mathrm{plain}}\right)} + \mathrm{ZiCo}\right),ZiCo GraSP plain Div Log Sqrt ZiCo Add Mul <EOS>,(ZiCo * (sqrt(log((GraSP / plain))) + ZiCo)),0.715000000,0.749500000,46,9,6,2247,run_monash_time_unique1000,4,6,TIME__azure2019_D__5T/seed_2247/run_monash_time_unique1000/visualizations/archive_latex.tex
534,0.519819820,0.715000000,\mathrm{ZiCo} - \frac{\log\left(\sqrt{\mathrm{Snip}}\right)}{\mathrm{ZiCo} - \mathrm{GraSP}},ZiCo Snip Sqrt Log ZiCo GraSP Sub Div Sub <EOS>,(ZiCo - (log(sqrt(Snip)) / (ZiCo - GraSP))),0.715000000,0.724900000,87,9,5,2248,run_monash_time_unique1000,5,1,TIME__azure2019_D__5T/seed_2248/run_monash_time_unique1000/visualizations/archive_latex.tex
535,0.518918919,0.715000000,\left(\mathrm{ZiCo} + \sqrt{\log\left(\frac{\mathrm{GraSP}}{\mathrm{plain}}\right)}\right) \cdot \left(\mathrm{ZiCo}\right),ZiCo GraSP plain Div Log Sqrt Add ZiCo Mul <EOS>,((ZiCo + sqrt(log((GraSP / plain)))) * ZiCo),0.715000000,0.749500000,167,9,6,2141,run_monash_time_unique1000,6,4,TIME__azure2019_D__5T/seed_2141/run_monash_time_unique1000/visualizations/archive_latex.tex
536,0.518018018,0.715000000,\left(\mathrm{ZiCo}\right) \cdot \left(\sqrt{\log\left(\frac{\mathrm{plain}}{\mathrm{GraSP}}\right)} + \mathrm{ZiCo}\right),ZiCo plain GraSP Div Log Sqrt ZiCo Add Mul <EOS>,(ZiCo * (sqrt(log((plain / GraSP))) + ZiCo)),0.715000000,0.749500000,129,9,6,2194,run_monash_time_unique1000,6,1,TIME__azure2019_D__5T/seed_2194/run_monash_time_unique1000/visualizations/archive_latex.tex
537,0.517117117,0.715000000,\left(\sqrt{\log\left(\frac{\mathrm{plain}}{\mathrm{GraSP}}\right)} + \mathrm{ZiCo}\right) \cdot \left(\mathrm{ZiCo}\right),plain GraSP Div Log Sqrt ZiCo Add ZiCo Mul <EOS>,((sqrt(log((plain / GraSP))) + ZiCo) * ZiCo),0.715000000,0.749500000,45,9,6,2084,run_monash_time_unique1000,7,2,TIME__azure2019_D__5T/seed_2084/run_monash_time_unique1000/visualizations/archive_latex.tex
538,0.516216216,0.715000000,\left(\mathrm{ZiCo} + \sqrt{\log\left(\frac{\mathrm{plain}}{\mathrm{GraSP}}\right)}\right) \cdot \left(\mathrm{ZiCo}\right),ZiCo plain GraSP Div Log Sqrt Add ZiCo Mul <EOS>,((ZiCo + sqrt(log((plain / GraSP)))) * ZiCo),0.715000000,0.749500000,100,9,6,2231,run_monash_time_unique1000,7,3,TIME__azure2019_D__5T/seed_2231/run_monash_time_unique1000/visualizations/archive_latex.tex
539,0.515315315,0.714900000,\left(\sqrt{\log\left(\mathrm{GraSP}\right) - \sqrt{\mathrm{Fisher}}}\right) \cdot \left(\left(\mathrm{ZiCo}\right)^2\right),GraSP Log Fisher Sqrt Sub Sqrt ZiCo Square Mul <EOS>,(sqrt((log(GraSP) - sqrt(Fisher))) * square(ZiCo)),0.714900000,0.730700000,97,9,5,2159,run_monash_time_unique1000,3,2,TIME__azure2019_D__5T/seed_2159/run_monash_time_unique1000/visualizations/archive_latex.tex
540,0.514414414,0.714900000,\left(\left(\mathrm{ZiCo}\right)^2\right) \cdot \left(\sqrt{\log\left(\mathrm{GraSP}\right) - \sqrt{\mathrm{Fisher}}}\right),ZiCo Square GraSP Log Fisher Sqrt Sub Sqrt Mul <EOS>,(square(ZiCo) * sqrt((log(GraSP) - sqrt(Fisher)))),0.714900000,0.730700000,16,9,5,2096,run_monash_time_unique1000,4,6,TIME__azure2019_D__5T/seed_2096/run_monash_time_unique1000/visualizations/archive_latex.tex
541,0.513513514,0.714900000,\mathrm{ZiCo} - \sqrt{\frac{\left(\frac{\mathrm{plain}}{\mathrm{GraSP}}\right)^2}{\mathrm{ZiCo}}},ZiCo plain GraSP Div Square ZiCo Div Sqrt Sub <EOS>,(ZiCo - sqrt((square((plain / GraSP)) / ZiCo))),0.714900000,0.703000000,82,9,6,2181,run_monash_time_unique1000,6,1,TIME__azure2019_D__5T/seed_2181/run_monash_time_unique1000/visualizations/archive_latex.tex
542,0.512612613,0.714900000,\left(\left(\mathrm{ZiCo}\right)^2\right) \cdot \left(\sqrt{\sqrt{\mathrm{Fisher}} - \log\left(\mathrm{GraSP}\right)}\right),ZiCo Square Fisher Sqrt GraSP Log Sub Sqrt Mul <EOS>,(square(ZiCo) * sqrt((sqrt(Fisher) - log(GraSP)))),0.714900000,0.730700000,164,9,5,2242,run_monash_time_unique1000,6,2,TIME__azure2019_D__5T/seed_2242/run_monash_time_unique1000/visualizations/archive_latex.tex
543,0.511711712,0.714900000,\left(\sqrt{\sqrt{\mathrm{Fisher}} - \log\left(\mathrm{GraSP}\right)}\right) \cdot \left(\left(\mathrm{ZiCo}\right)^2\right),Fisher Sqrt GraSP Log Sub Sqrt ZiCo Square Mul <EOS>,(sqrt((sqrt(Fisher) - log(GraSP))) * square(ZiCo)),0.714900000,0.730700000,123,9,5,2140,run_monash_time_unique1000,7,2,TIME__azure2019_D__5T/seed_2140/run_monash_time_unique1000/visualizations/archive_latex.tex
544,0.510810811,0.714900000,\mathrm{ZiCo} + \frac{\mathrm{plain}}{\sqrt{\mathrm{JacobFro}} + \mathrm{GraSP}},ZiCo plain Jacob_fro Sqrt GraSP Add Div Add <EOS>,(ZiCo + (plain / (sqrt(Jacob_fro) + GraSP))),0.714900000,0.655300000,114,8,5,2085,run_monash_time_unique1000,8,1,TIME__azure2019_D__5T/seed_2085/run_monash_time_unique1000/visualizations/archive_latex.tex
545,0.509909910,0.714900000,\frac{\mathrm{plain}}{\mathrm{GraSP} + \sqrt{\mathrm{JacobFro}}} + \mathrm{ZiCo},plain GraSP Jacob_fro Sqrt Add Div ZiCo Add <EOS>,((plain / (GraSP + sqrt(Jacob_fro))) + ZiCo),0.714900000,0.655300000,80,8,5,2174,run_monash_time_unique1000,9,1,TIME__azure2019_D__5T/seed_2174/run_monash_time_unique1000/visualizations/archive_latex.tex
546,0.509009009,0.714800000,\log\left(\mathrm{ZiCo}\right) + \frac{\mathrm{Fisher} + \mathrm{GradNorm}}{\mathrm{GraSP}},ZiCo Log Fisher Grad_Norm Add GraSP Div Add <EOS>,(log(ZiCo) + ((Fisher + Grad_Norm) / GraSP)),0.714800000,0.693400000,37,8,4,2219,run_monash_time_unique1000,3,1,TIME__azure2019_D__5T/seed_2219/run_monash_time_unique1000/visualizations/archive_latex.tex
547,0.508108108,0.714800000,\log\left(\mathrm{ZiCo}\right) - \sqrt{\frac{\mathrm{ZiCo}}{\log\left(\mathrm{GraSP}\right)}},ZiCo Log ZiCo GraSP Log Div Sqrt Sub <EOS>,(log(ZiCo) - sqrt((ZiCo / log(GraSP)))),0.714800000,0.709700000,74,8,5,2032,run_monash_time_unique1000,4,1,TIME__azure2019_D__5T/seed_2032/run_monash_time_unique1000/visualizations/archive_latex.tex
548,0.507207207,0.714800000,\frac{\mathrm{GraSP}}{\mathrm{GraSP} - \log\left(\mathrm{GraSP}\right)} + \log\left(\mathrm{ZiCo}\right),GraSP GraSP GraSP Log Sub Div ZiCo Log Add <EOS>,((GraSP / (GraSP - log(GraSP))) + log(ZiCo)),0.714800000,0.685000000,45,9,5,2084,run_monash_time_unique1000,8,1,TIME__azure2019_D__5T/seed_2084/run_monash_time_unique1000/visualizations/archive_latex.tex
549,0.506306306,0.714800000,\frac{\mathrm{plain}}{\mathrm{GraSP} + \log\left(\mathrm{ZiCo}\right)} + \left(\mathrm{ZiCo}\right)^2,plain GraSP ZiCo Log Add Div ZiCo Square Add <EOS>,((plain / (GraSP + log(ZiCo))) + square(ZiCo)),0.714800000,0.686200000,183,9,5,2231,run_monash_time_unique1000,8,1,TIME__azure2019_D__5T/seed_2231/run_monash_time_unique1000/visualizations/archive_latex.tex
550,0.505405405,0.714700000,\left(\left(\mathrm{ZiCo}\right)^2\right) \cdot \left(\log\left(\log\left(\frac{\mathrm{GraSP}}{\sqrt{\mathrm{Fisher}}}\right)\right)\right),ZiCo Square GraSP Fisher Sqrt Div Log Log Mul <EOS>,(square(ZiCo) * log(log((GraSP / sqrt(Fisher))))),0.714700000,0.705200000,56,9,6,2172,run_monash_time_unique1000,5,2,TIME__azure2019_D__5T/seed_2172/run_monash_time_unique1000/visualizations/archive_latex.tex
551,0.504504505,0.714700000,\log\left(\mathrm{ZiCo}\right) - \frac{\mathrm{Snip} - \mathrm{GraSP}}{\left(\mathrm{GraSP}\right)^2},ZiCo Log Snip GraSP Sub GraSP Square Div Sub <EOS>,(log(ZiCo) - ((Snip - GraSP) / square(GraSP))),0.714700000,0.670100000,122,9,4,2248,run_monash_time_unique1000,6,1,TIME__azure2019_D__5T/seed_2248/run_monash_time_unique1000/visualizations/archive_latex.tex
552,0.503603604,0.714700000,\left(\log\left(\log\left(\frac{\mathrm{GraSP}}{\sqrt{\mathrm{Fisher}}}\right)\right)\right) \cdot \left(\left(\mathrm{ZiCo}\right)^2\right),GraSP Fisher Sqrt Div Log Log ZiCo Square Mul <EOS>,(log(log((GraSP / sqrt(Fisher)))) * square(ZiCo)),0.714700000,0.705200000,155,9,6,2261,run_monash_time_unique1000,6,2,TIME__azure2019_D__5T/seed_2261/run_monash_time_unique1000/visualizations/archive_latex.tex
553,0.502702703,0.714600000,\left(\left(\mathrm{ZiCo}\right)^2\right) \cdot \left(\sqrt{\log\left(\mathrm{ZiCo} + \log\left(\mathrm{GraSP}\right)\right)}\right),ZiCo Square ZiCo GraSP Log Add Log Sqrt Mul <EOS>,(square(ZiCo) * sqrt(log((ZiCo + log(GraSP))))),0.714600000,0.688900000,44,9,6,2088,run_monash_time_unique1000,4,3,TIME__azure2019_D__5T/seed_2088/run_monash_time_unique1000/visualizations/archive_latex.tex
554,0.501801802,0.714600000,\frac{\log\left(\mathrm{ZiCo} + \log\left(\mathrm{Snip}\right)\right)}{\mathrm{GraSP}} + \mathrm{ZiCo},ZiCo Snip Log Add Log GraSP Div ZiCo Add <EOS>,((log((ZiCo + log(Snip))) / GraSP) + ZiCo),0.714600000,0.705300000,109,9,6,2170,run_monash_time_unique1000,5,1,TIME__azure2019_D__5T/seed_2170/run_monash_time_unique1000/visualizations/archive_latex.tex
555,0.500900901,0.714600000,\mathrm{ZiCo} - \frac{\mathrm{Snip}}{\mathrm{JacobFro} + \left(\mathrm{GraSP}\right)^2},ZiCo Snip Jacob_fro GraSP Square Add Div Sub <EOS>,(ZiCo - (Snip / (Jacob_fro + square(GraSP)))),0.714600000,0.691700000,99,8,5,2248,run_monash_time_unique1000,7,1,TIME__azure2019_D__5T/seed_2248/run_monash_time_unique1000/visualizations/archive_latex.tex
556,0.500000000,0.714500000,\frac{\left(\left(\mathrm{ZiCo}\right) \cdot \left(\log\left(\log\left(\mathrm{GraSP}\right)\right)\right)\right)^2}{\log\left(\mathrm{GraSP}\right)},ZiCo GraSP Log Log Mul Square GraSP Log Div <EOS>,(square((ZiCo * log(log(GraSP)))) / log(GraSP)),0.714500000,0.655900000,28,9,6,2169,run_monash_time_unique1000,1,1,TIME__azure2019_D__5T/seed_2169/run_monash_time_unique1000/visualizations/archive_latex.tex
557,0.499099099,0.714500000,\left(\log\left(\log\left(\left(\mathrm{GraSP}\right) \cdot \left(\mathrm{L2Norm} + \mathrm{GFLOPs}\right)\right)\right)\right) \cdot \left(\mathrm{ZiCo}\right),GraSP L2-Norm GFLOPs Add Mul Log Log ZiCo Mul <EOS>,(log(log((GraSP * (L2-Norm + GFLOPs)))) * ZiCo),0.714500000,0.732500000,125,9,6,2223,run_monash_time_unique1000,1,2,TIME__azure2019_D__5T/seed_2223/run_monash_time_unique1000/visualizations/archive_latex.tex
558,0.498198198,0.714500000,\left(\mathrm{ZiCo}\right)^2 - \frac{\mathrm{plain}}{\mathrm{MParams} - \mathrm{GraSP}},ZiCo Square plain MParams GraSP Sub Div Sub <EOS>,(square(ZiCo) - (plain / (MParams - GraSP))),0.714500000,0.687400000,112,8,4,2137,run_monash_time_unique1000,4,1,TIME__azure2019_D__5T/seed_2137/run_monash_time_unique1000/visualizations/archive_latex.tex
559,0.497297297,0.714500000,\left(\log\left(\log\left(\left(\mathrm{GraSP}\right) \cdot \left(\mathrm{GFLOPs} + \mathrm{L2Norm}\right)\right)\right)\right) \cdot \left(\mathrm{ZiCo}\right),GraSP GFLOPs L2-Norm Add Mul Log Log ZiCo Mul <EOS>,(log(log((GraSP * (GFLOPs + L2-Norm)))) * ZiCo),0.714500000,0.732500000,45,9,6,2159,run_monash_time_unique1000,4,3,TIME__azure2019_D__5T/seed_2159/run_monash_time_unique1000/visualizations/archive_latex.tex
560,0.496396396,0.714500000,\left(\mathrm{ZiCo}\right) \cdot \left(\log\left(\log\left(\left(\mathrm{GraSP}\right) \cdot \left(\mathrm{GFLOPs} + \mathrm{L2Norm}\right)\right)\right)\right),ZiCo GraSP GFLOPs L2-Norm Add Mul Log Log Mul <EOS>,(ZiCo * log(log((GraSP * (GFLOPs + L2-Norm))))),0.714500000,0.732500000,90,9,6,2071,run_monash_time_unique1000,5,1,TIME__azure2019_D__5T/seed_2071/run_monash_time_unique1000/visualizations/archive_latex.tex
561,0.495495495,0.714500000,\left(\mathrm{ZiCo}\right) \cdot \left(\log\left(\log\left(\left(\mathrm{GFLOPs} + \mathrm{L2Norm}\right) \cdot \left(\mathrm{GraSP}\right)\right)\right)\right),ZiCo GFLOPs L2-Norm Add GraSP Mul Log Log Mul <EOS>,(ZiCo * log(log(((GFLOPs + L2-Norm) * GraSP)))),0.714500000,0.732500000,41,9,6,2241,run_monash_time_unique1000,5,2,TIME__azure2019_D__5T/seed_2241/run_monash_time_unique1000/visualizations/archive_latex.tex
562,0.494594595,0.714500000,\left(\mathrm{ZiCo}\right) \cdot \left(\log\left(\log\left(\left(\mathrm{L2Norm} + \mathrm{GFLOPs}\right) \cdot \left(\mathrm{GraSP}\right)\right)\right)\right),ZiCo L2-Norm GFLOPs Add GraSP Mul Log Log Mul <EOS>,(ZiCo * log(log(((L2-Norm + GFLOPs) * GraSP)))),0.714500000,0.732500000,31,9,6,2031,run_monash_time_unique1000,6,1,TIME__azure2019_D__5T/seed_2031/run_monash_time_unique1000/visualizations/archive_latex.tex
563,0.493693694,0.714500000,\left(\log\left(\log\left(\left(\mathrm{L2Norm} + \mathrm{GFLOPs}\right) \cdot \left(\mathrm{GraSP}\right)\right)\right)\right) \cdot \left(\mathrm{ZiCo}\right),L2-Norm GFLOPs Add GraSP Mul Log Log ZiCo Mul <EOS>,(log(log(((L2-Norm + GFLOPs) * GraSP))) * ZiCo),0.714500000,0.732500000,29,9,6,2237,run_monash_time_unique1000,6,1,TIME__azure2019_D__5T/seed_2237/run_monash_time_unique1000/visualizations/archive_latex.tex
564,0.492792793,0.714500000,\frac{\sqrt{\mathrm{GradNorm} + \mathrm{ZiCo}}}{\mathrm{GraSP}} + \mathrm{ZiCo},Grad_Norm ZiCo Add Sqrt GraSP Div ZiCo Add <EOS>,((sqrt((Grad_Norm + ZiCo)) / GraSP) + ZiCo),0.714500000,0.722100000,72,8,5,2174,run_monash_time_unique1000,10,1,TIME__azure2019_D__5T/seed_2174/run_monash_time_unique1000/visualizations/archive_latex.tex
565,0.491891892,0.714500000,\left(\log\left(\log\left(\left(\mathrm{GFLOPs} + \mathrm{L2Norm}\right) \cdot \left(\mathrm{GraSP}\right)\right)\right)\right) \cdot \left(\mathrm{ZiCo}\right),GFLOPs L2-Norm Add GraSP Mul Log Log ZiCo Mul <EOS>,(log(log(((GFLOPs + L2-Norm) * GraSP))) * ZiCo),0.714500000,0.732500000,115,9,6,2182,run_monash_time_unique1000,10,1,TIME__azure2019_D__5T/seed_2182/run_monash_time_unique1000/visualizations/archive_latex.tex
566,0.490990991,0.714300000,\left(\mathrm{ZiCo}\right)^2 - \frac{\mathrm{plain}}{\mathrm{ZiCo} - \mathrm{GraSP}},ZiCo Square plain ZiCo GraSP Sub Div Sub <EOS>,(square(ZiCo) - (plain / (ZiCo - GraSP))),0.714300000,0.688100000,112,8,4,2137,run_monash_time_unique1000,5,1,TIME__azure2019_D__5T/seed_2137/run_monash_time_unique1000/visualizations/archive_latex.tex
567,0.490090090,0.714200000,\left(\mathrm{ZiCo}\right)^2 - -\frac{\log\left(\mathrm{GradNorm}\right)}{\mathrm{GraSP}},ZiCo Square Grad_Norm Log GraSP Div Negative Sub <EOS>,(square(ZiCo) - -((log(Grad_Norm) / GraSP))),0.714200000,0.702500000,174,8,5,2173,run_monash_time_unique1000,5,1,TIME__azure2019_D__5T/seed_2173/run_monash_time_unique1000/visualizations/archive_latex.tex
568,0.489189189,0.714200000,\mathrm{ZiCo} - \frac{\mathrm{GraSP}}{\log\left(\log\left(\mathrm{Snip}\right)\right) - \mathrm{GraSP}},ZiCo GraSP Snip Log Log GraSP Sub Div Sub <EOS>,(ZiCo - (GraSP / (log(log(Snip)) - GraSP))),0.714200000,0.692900000,116,9,6,2181,run_monash_time_unique1000,7,1,TIME__azure2019_D__5T/seed_2181/run_monash_time_unique1000/visualizations/archive_latex.tex
569,0.488288288,0.714200000,\frac{\mathrm{ZiCo} + \mathrm{GradNorm}}{\mathrm{GraSP}} + \log\left(\mathrm{ZiCo}\right),ZiCo Grad_Norm Add GraSP Div ZiCo Log Add <EOS>,(((ZiCo + Grad_Norm) / GraSP) + log(ZiCo)),0.714200000,0.697000000,59,8,4,2042,run_monash_time_unique1000,9,1,TIME__azure2019_D__5T/seed_2042/run_monash_time_unique1000/visualizations/archive_latex.tex
570,0.487387387,0.714100000,\frac{\mathrm{Snip}}{\left(\mathrm{GraSP}\right) \cdot \left(\mathrm{L2Norm}\right)} + \mathrm{ZiCo},Snip GraSP L2-Norm Mul Div ZiCo Add <EOS>,((Snip / (GraSP * L2-Norm)) + ZiCo),0.714100000,0.671100000,48,7,4,2165,run_monash_time_unique1000,3,1,TIME__azure2019_D__5T/seed_2165/run_monash_time_unique1000/visualizations/archive_latex.tex
571,0.486486486,0.714100000,\mathrm{ZiCo} - \frac{\mathrm{Snip}}{\left(\mathrm{GraSP}\right) \cdot \left(-\mathrm{L2Norm}\right)},ZiCo Snip GraSP L2-Norm Negative Mul Div Sub <EOS>,(ZiCo - (Snip / (GraSP * -(L2-Norm)))),0.714100000,0.671100000,155,8,5,2137,run_monash_time_unique1000,6,1,TIME__azure2019_D__5T/seed_2137/run_monash_time_unique1000/visualizations/archive_latex.tex
572,0.485585586,0.714100000,\mathrm{ZiCo} - \frac{\mathrm{Snip}}{\left(\mathrm{GraSP} - \mathrm{ZiCo}\right)^2},ZiCo Snip GraSP ZiCo Sub Square Div Sub <EOS>,(ZiCo - (Snip / square((GraSP - ZiCo)))),0.714100000,0.692600000,134,8,5,2173,run_monash_time_unique1000,6,1,TIME__azure2019_D__5T/seed_2173/run_monash_time_unique1000/visualizations/archive_latex.tex
573,0.484684685,0.714100000,\mathrm{ZiCo} - \frac{\mathrm{Snip}}{\left(\mathrm{ZiCo} + -\mathrm{GraSP}\right)^2},ZiCo Snip ZiCo GraSP Negative Add Square Div Sub <EOS>,(ZiCo - (Snip / square((ZiCo + -(GraSP))))),0.714100000,0.692600000,198,9,6,2137,run_monash_time_unique1000,7,1,TIME__azure2019_D__5T/seed_2137/run_monash_time_unique1000/visualizations/archive_latex.tex
574,0.483783784,0.714100000,\mathrm{ZiCo} + \frac{\frac{\mathrm{Snip}}{\mathrm{L2Norm}}}{\mathrm{GraSP}},ZiCo Snip L2-Norm Div GraSP Div Add <EOS>,(ZiCo + ((Snip / L2-Norm) / GraSP)),0.714100000,0.671100000,29,7,4,2148,run_monash_time_unique1000,7,1,TIME__azure2019_D__5T/seed_2148/run_monash_time_unique1000/visualizations/archive_latex.tex
575,0.482882883,0.714100000,\mathrm{ZiCo} - \frac{\mathrm{Snip}}{\mathrm{L2Norm} + \left(\mathrm{GraSP}\right)^2},ZiCo Snip L2-Norm GraSP Square Add Div Sub <EOS>,(ZiCo - (Snip / (L2-Norm + square(GraSP)))),0.714100000,0.692500000,54,8,5,2173,run_monash_time_unique1000,7,1,TIME__azure2019_D__5T/seed_2173/run_monash_time_unique1000/visualizations/archive_latex.tex
576,0.481981982,0.714000000,\sqrt{\mathrm{ZiCo}} + \frac{\mathrm{Fisher}}{\left(\mathrm{GraSP}\right) \cdot \left(\mathrm{Fisher}\right)},ZiCo Sqrt Fisher GraSP Fisher Mul Div Add <EOS>,(sqrt(ZiCo) + (Fisher / (GraSP * Fisher))),0.714000000,0.694100000,90,8,4,2029,run_monash_time_unique1000,3,1,TIME__azure2019_D__5T/seed_2029/run_monash_time_unique1000/visualizations/archive_latex.tex
577,0.481081081,0.714000000,\frac{\mathrm{Snip}}{\mathrm{plain} - \left(\mathrm{GraSP}\right)^2} + \mathrm{ZiCo},Snip plain GraSP Square Sub Div ZiCo Add <EOS>,((Snip / (plain - square(GraSP))) + ZiCo),0.714000000,0.654200000,109,8,5,2263,run_monash_time_unique1000,4,1,TIME__azure2019_D__5T/seed_2263/run_monash_time_unique1000/visualizations/archive_latex.tex
578,0.480180180,0.714000000,\mathrm{ZiCo} - \sqrt{-\frac{\mathrm{GradNorm}}{\left(\mathrm{GraSP}\right)^2}},ZiCo Grad_Norm GraSP Square Div Negative Sqrt Sub <EOS>,(ZiCo - sqrt(-((Grad_Norm / square(GraSP))))),0.714000000,0.717800000,118,8,6,2032,run_monash_time_unique1000,5,1,TIME__azure2019_D__5T/seed_2032/run_monash_time_unique1000/visualizations/archive_latex.tex
579,0.479279279,0.714000000,\frac{\mathrm{GraSP}}{\left(\mathrm{GraSP}\right)^2} + \sqrt{\mathrm{ZiCo}},GraSP GraSP Square Div ZiCo Sqrt Add <EOS>,((GraSP / square(GraSP)) + sqrt(ZiCo)),0.714000000,0.694100000,12,7,4,2201,run_monash_time_unique1000,5,1,TIME__azure2019_D__5T/seed_2201/run_monash_time_unique1000/visualizations/archive_latex.tex
580,0.478378378,0.714000000,\mathrm{ZiCo} - \frac{\mathrm{ZiCo} + \mathrm{Snip}}{\left(\mathrm{GraSP}\right)^2},ZiCo ZiCo Snip Add GraSP Square Div Sub <EOS>,(ZiCo - ((ZiCo + Snip) / square(GraSP))),0.714000000,0.693400000,156,8,4,2032,run_monash_time_unique1000,6,1,TIME__azure2019_D__5T/seed_2032/run_monash_time_unique1000/visualizations/archive_latex.tex
581,0.477477477,0.714000000,\frac{\sqrt{\mathrm{GradNorm}}}{\mathrm{GraSP}} + \mathrm{ZiCo},Grad_Norm Sqrt GraSP Div ZiCo Add <EOS>,((sqrt(Grad_Norm) / GraSP) + ZiCo),0.714000000,0.717800000,92,6,4,2036,run_monash_time_unique1000,6,1,TIME__azure2019_D__5T/seed_2036/run_monash_time_unique1000/visualizations/archive_latex.tex
582,0.476576577,0.714000000,\mathrm{ZiCo} - \frac{\mathrm{Snip}}{\left(\mathrm{GraSP}\right)^2},ZiCo Snip GraSP Square Div Sub <EOS>,(ZiCo - (Snip / square(GraSP))),0.714000000,0.693200000,40,6,4,2032,run_monash_time_unique1000,7,5,TIME__azure2019_D__5T/seed_2032/run_monash_time_unique1000/visualizations/archive_latex.tex
583,0.475675676,0.714000000,\sqrt{\mathrm{ZiCo}} - \frac{\mathrm{GraSP}}{-\left(\mathrm{GraSP}\right)^2},ZiCo Sqrt GraSP GraSP Square Negative Div Sub <EOS>,(sqrt(ZiCo) - (GraSP / -(square(GraSP)))),0.714000000,0.694100000,170,8,5,2093,run_monash_time_unique1000,8,1,TIME__azure2019_D__5T/seed_2093/run_monash_time_unique1000/visualizations/archive_latex.tex
584,0.474774775,0.714000000,\mathrm{ZiCo} - \frac{\sqrt{\mathrm{GradNorm}}}{-\mathrm{GraSP}},ZiCo Grad_Norm Sqrt GraSP Negative Div Sub <EOS>,(ZiCo - (sqrt(Grad_Norm) / -(GraSP))),0.714000000,0.717800000,108,7,4,2137,run_monash_time_unique1000,8,2,TIME__azure2019_D__5T/seed_2137/run_monash_time_unique1000/visualizations/archive_latex.tex
585,0.473873874,0.714000000,\sqrt{\mathrm{ZiCo}} + \frac{\frac{\mathrm{JacobFro}}{\mathrm{GraSP}}}{\mathrm{JacobFro}},ZiCo Sqrt Jacob_fro GraSP Div Jacob_fro Div Add <EOS>,(sqrt(ZiCo) + ((Jacob_fro / GraSP) / Jacob_fro)),0.714000000,0.694100000,38,8,4,2148,run_monash_time_unique1000,8,1,TIME__azure2019_D__5T/seed_2148/run_monash_time_unique1000/visualizations/archive_latex.tex
586,0.472972973,0.714000000,\mathrm{ZiCo} - \frac{\mathrm{GradNorm}}{\mathrm{L2Norm} - \mathrm{GraSP}},ZiCo Grad_Norm L2-Norm GraSP Sub Div Sub <EOS>,(ZiCo - (Grad_Norm / (L2-Norm - GraSP))),0.714000000,0.666500000,92,7,4,2173,run_monash_time_unique1000,8,1,TIME__azure2019_D__5T/seed_2173/run_monash_time_unique1000/visualizations/archive_latex.tex
587,0.472072072,0.714000000,\frac{\sqrt{\log\left(\mathrm{GradNorm}\right)}}{\mathrm{GraSP}} + \mathrm{ZiCo},Grad_Norm Log Sqrt GraSP Div ZiCo Add <EOS>,((sqrt(log(Grad_Norm)) / GraSP) + ZiCo),0.714000000,0.682100000,157,7,5,2233,run_monash_time_unique1000,8,1,TIME__azure2019_D__5T/seed_2233/run_monash_time_unique1000/visualizations/archive_latex.tex
588,0.471171171,0.714000000,\mathrm{ZiCo} - \frac{\sqrt{\log\left(\mathrm{GradNorm}\right)}}{\mathrm{ZiCo} - \mathrm{GraSP}},ZiCo Grad_Norm Log Sqrt ZiCo GraSP Sub Div Sub <EOS>,(ZiCo - (sqrt(log(Grad_Norm)) / (ZiCo - GraSP))),0.714000000,0.681200000,89,9,5,2248,run_monash_time_unique1000,8,1,TIME__azure2019_D__5T/seed_2248/run_monash_time_unique1000/visualizations/archive_latex.tex
589,0.470270270,0.713900000,\left(\mathrm{ZiCo}\right) \cdot \left(\log\left(\log\left(\left(\mathrm{L2Norm}\right) \cdot \left(\mathrm{GraSP} + \mathrm{GraSP}\right)\right)\right)\right),ZiCo L2-Norm GraSP GraSP Add Mul Log Log Mul <EOS>,(ZiCo * log(log((L2-Norm * (GraSP + GraSP))))),0.713900000,0.728100000,20,9,6,2268,run_monash_time_unique1000,8,1,TIME__azure2019_D__5T/seed_2268/run_monash_time_unique1000/visualizations/archive_latex.tex
590,0.469369369,0.713900000,\mathrm{ZiCo} - \frac{\mathrm{Snip}}{\mathrm{Snip} + \left(\mathrm{GraSP}\right)^2},ZiCo Snip Snip GraSP Square Add Div Sub <EOS>,(ZiCo - (Snip / (Snip + square(GraSP)))),0.713900000,0.692300000,24,8,5,2173,run_monash_time_unique1000,9,1,TIME__azure2019_D__5T/seed_2173/run_monash_time_unique1000/visualizations/archive_latex.tex
591,0.468468468,0.713900000,\log\left(\mathrm{ZiCo}\right) - \sqrt{\frac{\sqrt{\log\left(\mathrm{GradNorm}\right)}}{\mathrm{GraSP}}},ZiCo Log Grad_Norm Log Sqrt GraSP Div Sqrt Sub <EOS>,(log(ZiCo) - sqrt((sqrt(log(Grad_Norm)) / GraSP))),0.713900000,0.726500000,144,9,6,2093,run_monash_time_unique1000,10,1,TIME__azure2019_D__5T/seed_2093/run_monash_time_unique1000/visualizations/archive_latex.tex
592,0.467567568,0.713800000,\log\left(\mathrm{ZiCo}\right) - \sqrt{\frac{\mathrm{ZiCo}}{\mathrm{GraSP}}},ZiCo Log ZiCo GraSP Div Sqrt Sub <EOS>,(log(ZiCo) - sqrt((ZiCo / GraSP))),0.713800000,0.692400000,98,7,4,2181,run_monash_time_unique1000,8,2,TIME__azure2019_D__5T/seed_2181/run_monash_time_unique1000/visualizations/archive_latex.tex
593,0.466666667,0.713800000,\frac{\sqrt{\left(\mathrm{ZiCo}\right) \cdot \left(\mathrm{GraSP}\right)}}{\mathrm{GraSP}} + \log\left(\mathrm{ZiCo}\right),ZiCo GraSP Mul Sqrt GraSP Div ZiCo Log Add <EOS>,((sqrt((ZiCo * GraSP)) / GraSP) + log(ZiCo)),0.713800000,0.692400000,176,9,5,2233,run_monash_time_unique1000,9,1,TIME__azure2019_D__5T/seed_2233/run_monash_time_unique1000/visualizations/archive_latex.tex
594,0.465765766,0.713800000,\mathrm{ZiCo} - \frac{\sqrt{\mathrm{GradNorm}}}{\mathrm{ZiCo} + -\mathrm{GraSP}},ZiCo Grad_Norm Sqrt ZiCo GraSP Negative Add Div Sub <EOS>,(ZiCo - (sqrt(Grad_Norm) / (ZiCo + -(GraSP)))),0.713800000,0.716800000,108,9,5,2137,run_monash_time_unique1000,10,1,TIME__azure2019_D__5T/seed_2137/run_monash_time_unique1000/visualizations/archive_latex.tex
595,0.464864865,0.713800000,\mathrm{ZiCo} - \frac{\sqrt{\mathrm{GradNorm}}}{\mathrm{ZiCo} - \mathrm{GraSP}},ZiCo Grad_Norm Sqrt ZiCo GraSP Sub Div Sub <EOS>,(ZiCo - (sqrt(Grad_Norm) / (ZiCo - GraSP))),0.713800000,0.716800000,90,8,4,2248,run_monash_time_unique1000,10,1,TIME__azure2019_D__5T/seed_2248/run_monash_time_unique1000/visualizations/archive_latex.tex
596,0.463963964,0.713700000,\left(\sqrt{\frac{\mathrm{GradNorm}}{\mathrm{GraSP}} + \mathrm{ZiCo}}\right) \cdot \left(\mathrm{ZiCo}\right),Grad_Norm GraSP Div ZiCo Add Sqrt ZiCo Mul <EOS>,(sqrt(((Grad_Norm / GraSP) + ZiCo)) * ZiCo),0.713700000,0.644600000,162,8,5,2029,run_monash_time_unique1000,4,1,TIME__azure2019_D__5T/seed_2029/run_monash_time_unique1000/visualizations/archive_latex.tex
597,0.463063063,0.713700000,\left(\sqrt{\mathrm{ZiCo} + \frac{\mathrm{GradNorm}}{\mathrm{GraSP}}}\right) \cdot \left(\mathrm{ZiCo}\right),ZiCo Grad_Norm GraSP Div Add Sqrt ZiCo Mul <EOS>,(sqrt((ZiCo + (Grad_Norm / GraSP))) * ZiCo),0.713700000,0.644600000,69,8,5,2200,run_monash_time_unique1000,4,2,TIME__azure2019_D__5T/seed_2200/run_monash_time_unique1000/visualizations/archive_latex.tex
598,0.462162162,0.713700000,\left(\log\left(\frac{\mathrm{GraSP}}{\log\left(\log\left(\mathrm{GradNorm}\right)\right)}\right)\right) \cdot \left(\left(\mathrm{ZiCo}\right)^2\right),GraSP Grad_Norm Log Log Div Log ZiCo Square Mul <EOS>,(log((GraSP / log(log(Grad_Norm)))) * square(ZiCo)),0.713700000,0.680300000,182,9,6,2092,run_monash_time_unique1000,5,2,TIME__azure2019_D__5T/seed_2092/run_monash_time_unique1000/visualizations/archive_latex.tex
599,0.461261261,0.713700000,\left(\mathrm{ZiCo}\right) \cdot \left(\sqrt{\log\left(\frac{\log\left(\log\left(\mathrm{GradNorm}\right)\right)}{\mathrm{GraSP}}\right)}\right),ZiCo Grad_Norm Log Log GraSP Div Log Sqrt Mul <EOS>,(ZiCo * sqrt(log((log(log(Grad_Norm)) / GraSP)))),0.713700000,0.680300000,118,9,7,2177,run_monash_time_unique1000,6,1,TIME__azure2019_D__5T/seed_2177/run_monash_time_unique1000/visualizations/archive_latex.tex
600,0.460360360,0.713700000,\left(\left(\mathrm{ZiCo}\right)^2\right) \cdot \left(\log\left(\frac{\mathrm{GraSP}}{\log\left(\log\left(\mathrm{GradNorm}\right)\right)}\right)\right),ZiCo Square GraSP Grad_Norm Log Log Div Log Mul <EOS>,(square(ZiCo) * log((GraSP / log(log(Grad_Norm))))),0.713700000,0.680300000,149,9,6,2186,run_monash_time_unique1000,6,1,TIME__azure2019_D__5T/seed_2186/run_monash_time_unique1000/visualizations/archive_latex.tex
601,0.459459459,0.713700000,\left(\mathrm{ZiCo}\right) \cdot \left(\sqrt{\frac{\mathrm{GradNorm}}{\mathrm{GraSP}} + \mathrm{ZiCo}}\right),ZiCo Grad_Norm GraSP Div ZiCo Add Sqrt Mul <EOS>,(ZiCo * sqrt(((Grad_Norm / GraSP) + ZiCo))),0.713700000,0.644600000,131,8,5,2066,run_monash_time_unique1000,7,2,TIME__azure2019_D__5T/seed_2066/run_monash_time_unique1000/visualizations/archive_latex.tex
602,0.458558559,0.713700000,\left(\left(\mathrm{ZiCo}\right)^2\right) \cdot \left(\mathrm{ZiCo} + \frac{\mathrm{GradNorm}}{\mathrm{GraSP}}\right),ZiCo Square ZiCo Grad_Norm GraSP Div Add Mul <EOS>,(square(ZiCo) * (ZiCo + (Grad_Norm / GraSP))),0.713700000,0.683600000,24,8,4,2044,run_monash_time_unique1000,8,1,TIME__azure2019_D__5T/seed_2044/run_monash_time_unique1000/visualizations/archive_latex.tex
603,0.457657658,0.713700000,\left(\mathrm{ZiCo} + \frac{\mathrm{GradNorm}}{\mathrm{GraSP}}\right) \cdot \left(\left(\mathrm{ZiCo}\right)^2\right),ZiCo Grad_Norm GraSP Div Add ZiCo Square Mul <EOS>,((ZiCo + (Grad_Norm / GraSP)) * square(ZiCo)),0.713700000,0.683600000,194,8,4,2102,run_monash_time_unique1000,8,2,TIME__azure2019_D__5T/seed_2102/run_monash_time_unique1000/visualizations/archive_latex.tex
604,0.456756757,0.713700000,\left(\left(\mathrm{ZiCo}\right)^2\right) \cdot \left(\frac{\mathrm{GradNorm}}{\mathrm{GraSP}} + \mathrm{ZiCo}\right),ZiCo Square Grad_Norm GraSP Div ZiCo Add Mul <EOS>,(square(ZiCo) * ((Grad_Norm / GraSP) + ZiCo)),0.713700000,0.683600000,114,8,4,2117,run_monash_time_unique1000,8,2,TIME__azure2019_D__5T/seed_2117/run_monash_time_unique1000/visualizations/archive_latex.tex
605,0.455855856,0.713700000,\left(\frac{\mathrm{GradNorm}}{\mathrm{GraSP}} + \mathrm{ZiCo}\right) \cdot \left(\left(\mathrm{ZiCo}\right)^2\right),Grad_Norm GraSP Div ZiCo Add ZiCo Square Mul <EOS>,(((Grad_Norm / GraSP) + ZiCo) * square(ZiCo)),0.713700000,0.683600000,49,8,4,2042,run_monash_time_unique1000,10,1,TIME__azure2019_D__5T/seed_2042/run_monash_time_unique1000/visualizations/archive_latex.tex
606,0.454954955,0.713600000,\mathrm{ZiCo} + \mathrm{ZiCo} + \frac{\log\left(\mathrm{Snip}\right)}{\mathrm{GraSP}},ZiCo ZiCo Add Snip Log GraSP Div Add <EOS>,((ZiCo + ZiCo) + (log(Snip) / GraSP)),0.713600000,0.726200000,197,8,4,2154,run_monash_time_unique1000,1,1,TIME__azure2019_D__5T/seed_2154/run_monash_time_unique1000/visualizations/archive_latex.tex
607,0.454054054,0.713600000,\frac{\log\left(\sqrt{\mathrm{Snip} + \mathrm{ZiCo}}\right)}{\mathrm{GraSP}} + \mathrm{ZiCo},Snip ZiCo Add Sqrt Log GraSP Div ZiCo Add <EOS>,((log(sqrt((Snip + ZiCo))) / GraSP) + ZiCo),0.713600000,0.725900000,191,9,6,2218,run_monash_time_unique1000,3,1,TIME__azure2019_D__5T/seed_2218/run_monash_time_unique1000/visualizations/archive_latex.tex
608,0.453153153,0.713600000,\frac{\log\left(\mathrm{Snip}\right)}{\mathrm{GraSP}} + \mathrm{ZiCo} + \mathrm{ZiCo},Snip Log GraSP Div ZiCo Add ZiCo Add <EOS>,(((log(Snip) / GraSP) + ZiCo) + ZiCo),0.713600000,0.726200000,84,8,5,2189,run_monash_time_unique1000,4,1,TIME__azure2019_D__5T/seed_2189/run_monash_time_unique1000/visualizations/archive_latex.tex
609,0.452252252,0.713600000,\mathrm{ZiCo} + \frac{\log\left(\mathrm{plain} - \mathrm{GradNorm}\right)}{\mathrm{GraSP}},ZiCo plain Grad_Norm Sub Log GraSP Div Add <EOS>,(ZiCo + (log((plain - Grad_Norm)) / GraSP)),0.713600000,0.670000000,139,8,5,2246,run_monash_time_unique1000,7,1,TIME__azure2019_D__5T/seed_2246/run_monash_time_unique1000/visualizations/archive_latex.tex
610,0.451351351,0.713600000,\mathrm{ZiCo} + \mathrm{ZiCo} + \frac{\log\left(\mathrm{Snip}\right)}{\mathrm{GraSP}},ZiCo ZiCo Snip Log GraSP Div Add Add <EOS>,(ZiCo + (ZiCo + (log(Snip) / GraSP))),0.713600000,0.726200000,55,8,5,2080,run_monash_time_unique1000,8,1,TIME__azure2019_D__5T/seed_2080/run_monash_time_unique1000/visualizations/archive_latex.tex
611,0.450450450,0.713600000,\mathrm{ZiCo} + \frac{\log\left(\sqrt{\mathrm{Snip}}\right)}{\mathrm{GraSP}},ZiCo Snip Sqrt Log GraSP Div Add <EOS>,(ZiCo + (log(sqrt(Snip)) / GraSP)),0.713600000,0.726200000,24,7,5,2044,run_monash_time_unique1000,9,1,TIME__azure2019_D__5T/seed_2044/run_monash_time_unique1000/visualizations/archive_latex.tex
612,0.449549550,0.713600000,\log\left(\mathrm{ZiCo}\right) - \sqrt{\frac{\mathrm{plain}}{\mathrm{GraSP} + \mathrm{GraSP}}},ZiCo Log plain GraSP GraSP Add Div Sqrt Sub <EOS>,(log(ZiCo) - sqrt((plain / (GraSP + GraSP)))),0.713600000,0.690800000,109,9,5,2181,run_monash_time_unique1000,9,1,TIME__azure2019_D__5T/seed_2181/run_monash_time_unique1000/visualizations/archive_latex.tex
613,0.448648649,0.713600000,\mathrm{ZiCo} + \mathrm{ZiCo} + \frac{\sqrt{\mathrm{GradNorm}}}{\mathrm{GraSP}},ZiCo ZiCo Grad_Norm Sqrt GraSP Div Add Add <EOS>,(ZiCo + (ZiCo + (sqrt(Grad_Norm) / GraSP))),0.713600000,0.665100000,27,8,5,2044,run_monash_time_unique1000,10,1,TIME__azure2019_D__5T/seed_2044/run_monash_time_unique1000/visualizations/archive_latex.tex
614,0.447747748,0.713600000,\frac{\sqrt{\mathrm{GradNorm}}}{\mathrm{GraSP}} + \mathrm{ZiCo} + \mathrm{ZiCo},Grad_Norm Sqrt GraSP Div ZiCo Add ZiCo Add <EOS>,(((sqrt(Grad_Norm) / GraSP) + ZiCo) + ZiCo),0.713600000,0.665100000,191,8,5,2233,run_monash_time_unique1000,10,1,TIME__azure2019_D__5T/seed_2233/run_monash_time_unique1000/visualizations/archive_latex.tex
615,0.446846847,0.713500000,\log\left(\mathrm{GraSP}\right) - \frac{\left(\log\left(\mathrm{ZiCo}\right)\right)^2}{\left(\mathrm{ZiCo}\right)^2},GraSP Log ZiCo Log Square ZiCo Square Div Sub <EOS>,(log(GraSP) - (square(log(ZiCo)) / square(ZiCo))),0.713500000,0.723700000,176,9,5,2146,run_monash_time_unique1000,2,1,TIME__azure2019_D__5T/seed_2146/run_monash_time_unique1000/visualizations/archive_latex.tex
616,0.445945946,0.713500000,\left(\mathrm{ZiCo}\right) \cdot \left(\log\left(\log\left(\mathrm{GraSP} - \left(\mathrm{L2Norm}\right) \cdot \left(\mathrm{GraSP}\right)\right)\right)\right),ZiCo GraSP L2-Norm GraSP Mul Sub Log Log Mul <EOS>,(ZiCo * log(log((GraSP - (L2-Norm * GraSP))))),0.713500000,0.730700000,132,9,6,2227,run_monash_time_unique1000,3,6,TIME__azure2019_D__5T/seed_2227/run_monash_time_unique1000/visualizations/archive_latex.tex
617,0.445045045,0.713500000,\left(\mathrm{ZiCo}\right) \cdot \left(\log\left(\log\left(\left(\mathrm{GraSP}\right) \cdot \left(\mathrm{L2Norm}\right) - \mathrm{GraSP}\right)\right)\right),ZiCo GraSP L2-Norm Mul GraSP Sub Log Log Mul <EOS>,(ZiCo * log(log(((GraSP * L2-Norm) - GraSP)))),0.713500000,0.730700000,23,9,6,2161,run_monash_time_unique1000,4,4,TIME__azure2019_D__5T/seed_2161/run_monash_time_unique1000/visualizations/archive_latex.tex
618,0.444144144,0.713500000,\left(\mathrm{ZiCo}\right) \cdot \left(\log\left(\log\left(\mathrm{GraSP} - \left(\mathrm{GraSP}\right) \cdot \left(\mathrm{L2Norm}\right)\right)\right)\right),ZiCo GraSP GraSP L2-Norm Mul Sub Log Log Mul <EOS>,(ZiCo * log(log((GraSP - (GraSP * L2-Norm))))),0.713500000,0.730700000,44,9,6,2088,run_monash_time_unique1000,5,2,TIME__azure2019_D__5T/seed_2088/run_monash_time_unique1000/visualizations/archive_latex.tex
619,0.443243243,0.713500000,\left(\log\left(\log\left(\mathrm{GraSP} - \left(\mathrm{L2Norm}\right) \cdot \left(\mathrm{GraSP}\right)\right)\right)\right) \cdot \left(\mathrm{ZiCo}\right),GraSP L2-Norm GraSP Mul Sub Log Log ZiCo Mul <EOS>,(log(log((GraSP - (L2-Norm * GraSP)))) * ZiCo),0.713500000,0.730700000,34,9,6,2092,run_monash_time_unique1000,6,2,TIME__azure2019_D__5T/seed_2092/run_monash_time_unique1000/visualizations/archive_latex.tex
620,0.442342342,0.713500000,\left(\log\left(\log\left(\left(\mathrm{GraSP}\right) \cdot \left(\mathrm{L2Norm}\right) - \mathrm{GraSP}\right)\right)\right) \cdot \left(\mathrm{ZiCo}\right),GraSP L2-Norm Mul GraSP Sub Log Log ZiCo Mul <EOS>,(log(log(((GraSP * L2-Norm) - GraSP))) * ZiCo),0.713500000,0.730700000,98,9,6,2179,run_monash_time_unique1000,6,2,TIME__azure2019_D__5T/seed_2179/run_monash_time_unique1000/visualizations/archive_latex.tex
621,0.441441441,0.713500000,\left(\log\left(\log\left(\left(\mathrm{L2Norm}\right) \cdot \left(\mathrm{GraSP}\right) - \mathrm{GraSP}\right)\right)\right) \cdot \left(\mathrm{ZiCo}\right),L2-Norm GraSP Mul GraSP Sub Log Log ZiCo Mul <EOS>,(log(log(((L2-Norm * GraSP) - GraSP))) * ZiCo),0.713500000,0.730700000,18,9,6,2129,run_monash_time_unique1000,7,3,TIME__azure2019_D__5T/seed_2129/run_monash_time_unique1000/visualizations/archive_latex.tex
622,0.440540541,0.713500000,\left(\mathrm{ZiCo}\right) \cdot \left(\log\left(\log\left(\left(\mathrm{L2Norm}\right) \cdot \left(\mathrm{GraSP}\right) - \mathrm{GraSP}\right)\right)\right),ZiCo L2-Norm GraSP Mul GraSP Sub Log Log Mul <EOS>,(ZiCo * log(log(((L2-Norm * GraSP) - GraSP)))),0.713500000,0.730700000,26,9,6,2155,run_monash_time_unique1000,7,1,TIME__azure2019_D__5T/seed_2155/run_monash_time_unique1000/visualizations/archive_latex.tex
623,0.439639640,0.713500000,\sqrt{\mathrm{ZiCo}} - -\frac{\frac{\mathrm{plain}}{\mathrm{GraSP}}}{\mathrm{ZiCo}},ZiCo Sqrt plain GraSP Div ZiCo Div Negative Sub <EOS>,(sqrt(ZiCo) - -(((plain / GraSP) / ZiCo))),0.713500000,0.759200000,155,9,5,2181,run_monash_time_unique1000,10,1,TIME__azure2019_D__5T/seed_2181/run_monash_time_unique1000/visualizations/archive_latex.tex
624,0.438738739,0.713400000,\left(\mathrm{ZiCo}\right) \cdot \left(\log\left(\log\left(\left(\mathrm{L2Norm}\right) \cdot \left(\mathrm{GraSP}\right)\right)\right)\right),ZiCo L2-Norm GraSP Mul Log Log Mul <EOS>,(ZiCo * log(log((L2-Norm * GraSP)))),0.713400000,0.730800000,31,7,5,2052,run_monash_time_unique1000,1,46,TIME__azure2019_D__5T/seed_2052/run_monash_time_unique1000/visualizations/archive_latex.tex
625,0.437837838,0.713400000,\left(\mathrm{ZiCo}\right) \cdot \left(\log\left(\log\left(\left(\mathrm{GraSP}\right) \cdot \left(\mathrm{L2Norm}\right)\right)\right)\right),ZiCo GraSP L2-Norm Mul Log Log Mul <EOS>,(ZiCo * log(log((GraSP * L2-Norm)))),0.713400000,0.730800000,145,7,5,2074,run_monash_time_unique1000,1,29,TIME__azure2019_D__5T/seed_2074/run_monash_time_unique1000/visualizations/archive_latex.tex
626,0.436936937,0.713400000,\left(\log\left(\log\left(\left(\mathrm{GraSP}\right) \cdot \left(\mathrm{L2Norm}\right)\right)\right)\right) \cdot \left(\mathrm{ZiCo}\right),GraSP L2-Norm Mul Log Log ZiCo Mul <EOS>,(log(log((GraSP * L2-Norm))) * ZiCo),0.713400000,0.730800000,48,7,5,2175,run_monash_time_unique1000,1,31,TIME__azure2019_D__5T/seed_2175/run_monash_time_unique1000/visualizations/archive_latex.tex
627,0.436036036,0.713400000,\left(\log\left(\log\left(\mathrm{Fisher} - \left(\mathrm{L2Norm}\right) \cdot \left(\mathrm{GraSP}\right)\right)\right)\right) \cdot \left(\mathrm{ZiCo}\right),Fisher L2-Norm GraSP Mul Sub Log Log ZiCo Mul <EOS>,(log(log((Fisher - (L2-Norm * GraSP)))) * ZiCo),0.713400000,0.730800000,107,9,6,2126,run_monash_time_unique1000,2,1,TIME__azure2019_D__5T/seed_2126/run_monash_time_unique1000/visualizations/archive_latex.tex
628,0.435135135,0.713400000,\left(\mathrm{ZiCo}\right) \cdot \left(\log\left(\log\left(\mathrm{GraSP}\right) + \log\left(\mathrm{L2Norm}\right)\right)\right),ZiCo GraSP Log L2-Norm Log Add Log Mul <EOS>,(ZiCo * log((log(GraSP) + log(L2-Norm)))),0.713400000,0.730800000,45,8,5,2069,run_monash_time_unique1000,3,4,TIME__azure2019_D__5T/seed_2069/run_monash_time_unique1000/visualizations/archive_latex.tex
629,0.434234234,0.713400000,\left(\mathrm{ZiCo}\right) \cdot \left(\log\left(\log\left(\mathrm{GradNorm} - \left(\mathrm{GraSP}\right) \cdot \left(\mathrm{L2Norm}\right)\right)\right)\right),ZiCo Grad_Norm GraSP L2-Norm Mul Sub Log Log Mul <EOS>,(ZiCo * log(log((Grad_Norm - (GraSP * L2-Norm))))),0.713400000,0.730600000,12,9,6,2154,run_monash_time_unique1000,3,2,TIME__azure2019_D__5T/seed_2154/run_monash_time_unique1000/visualizations/archive_latex.tex
630,0.433333333,0.713400000,\left(\mathrm{ZiCo}\right) \cdot \left(\log\left(\log\left(\left(\mathrm{GraSP}\right) \cdot \left(\mathrm{L2Norm}\right) + \mathrm{plain}\right)\right)\right),ZiCo GraSP L2-Norm Mul plain Add Log Log Mul <EOS>,(ZiCo * log(log(((GraSP * L2-Norm) + plain)))),0.713400000,0.730600000,97,9,6,2220,run_monash_time_unique1000,3,3,TIME__azure2019_D__5T/seed_2220/run_monash_time_unique1000/visualizations/archive_latex.tex
631,0.432432432,0.713400000,\left(\mathrm{ZiCo}\right) \cdot \left(\log\left(\log\left(\left(\mathrm{L2Norm}\right) \cdot \left(\mathrm{GraSP} - \mathrm{Fisher}\right)\right)\right)\right),ZiCo L2-Norm GraSP Fisher Sub Mul Log Log Mul <EOS>,(ZiCo * log(log((L2-Norm * (GraSP - Fisher))))),0.713400000,0.731200000,17,9,6,2081,run_monash_time_unique1000,4,3,TIME__azure2019_D__5T/seed_2081/run_monash_time_unique1000/visualizations/archive_latex.tex
632,0.431531532,0.713400000,\left(\mathrm{ZiCo}\right) \cdot \left(\log\left(\log\left(\mathrm{MParams} + \left(\mathrm{GraSP}\right) \cdot \left(\mathrm{L2Norm}\right)\right)\right)\right),ZiCo MParams GraSP L2-Norm Mul Add Log Log Mul <EOS>,(ZiCo * log(log((MParams + (GraSP * L2-Norm))))),0.713400000,0.731800000,192,9,6,2226,run_monash_time_unique1000,4,1,TIME__azure2019_D__5T/seed_2226/run_monash_time_unique1000/visualizations/archive_latex.tex
633,0.430630631,0.713400000,\left(\log\left(\log\left(\left(\mathrm{L2Norm}\right) \cdot \left(\mathrm{GraSP}\right)\right)\right)\right) \cdot \left(\mathrm{ZiCo}\right),L2-Norm GraSP Mul Log Log ZiCo Mul <EOS>,(log(log((L2-Norm * GraSP))) * ZiCo),0.713400000,0.730800000,22,7,5,2029,run_monash_time_unique1000,5,23,TIME__azure2019_D__5T/seed_2029/run_monash_time_unique1000/visualizations/archive_latex.tex
634,0.429729730,0.713400000,\left(\log\left(\log\left(\mathrm{ZiCo} - \left(\mathrm{L2Norm}\right) \cdot \left(\mathrm{GraSP}\right)\right)\right)\right) \cdot \left(\mathrm{ZiCo}\right),ZiCo L2-Norm GraSP Mul Sub Log Log ZiCo Mul <EOS>,(log(log((ZiCo - (L2-Norm * GraSP)))) * ZiCo),0.713400000,0.730600000,44,9,6,2046,run_monash_time_unique1000,5,2,TIME__azure2019_D__5T/seed_2046/run_monash_time_unique1000/visualizations/archive_latex.tex
635,0.428828829,0.713400000,\left(\mathrm{ZiCo}\right) \cdot \left(\log\left(\log\left(\left(\mathrm{L2Norm}\right) \cdot \left(\mathrm{GraSP}\right) + \mathrm{MParams}\right)\right)\right),ZiCo L2-Norm GraSP Mul MParams Add Log Log Mul <EOS>,(ZiCo * log(log(((L2-Norm * GraSP) + MParams)))),0.713400000,0.731800000,33,9,6,2055,run_monash_time_unique1000,5,2,TIME__azure2019_D__5T/seed_2055/run_monash_time_unique1000/visualizations/archive_latex.tex
636,0.427927928,0.713400000,\left(\log\left(\log\left(\mathrm{GraSP}\right) + \log\left(\mathrm{L2Norm}\right)\right)\right) \cdot \left(\mathrm{ZiCo}\right),GraSP Log L2-Norm Log Add Log ZiCo Mul <EOS>,(log((log(GraSP) + log(L2-Norm))) * ZiCo),0.713400000,0.730800000,135,8,5,2189,run_monash_time_unique1000,5,1,TIME__azure2019_D__5T/seed_2189/run_monash_time_unique1000/visualizations/archive_latex.tex
637,0.427027027,0.713400000,\left(\log\left(\log\left(\left(\mathrm{L2Norm}\right) \cdot \left(\mathrm{GraSP}\right) + \mathrm{MParams}\right)\right)\right) \cdot \left(\mathrm{ZiCo}\right),L2-Norm GraSP Mul MParams Add Log Log ZiCo Mul <EOS>,(log(log(((L2-Norm * GraSP) + MParams))) * ZiCo),0.713400000,0.731800000,66,9,6,2202,run_monash_time_unique1000,5,2,TIME__azure2019_D__5T/seed_2202/run_monash_time_unique1000/visualizations/archive_latex.tex
638,0.426126126,0.713400000,\left(\mathrm{ZiCo}\right) \cdot \left(\log\left(\log\left(\mathrm{plain} + \left(\mathrm{L2Norm}\right) \cdot \left(\mathrm{GraSP}\right)\right)\right)\right),ZiCo plain L2-Norm GraSP Mul Add Log Log Mul <EOS>,(ZiCo * log(log((plain + (L2-Norm * GraSP))))),0.713400000,0.730600000,111,9,6,2054,run_monash_time_unique1000,6,2,TIME__azure2019_D__5T/seed_2054/run_monash_time_unique1000/visualizations/archive_latex.tex
639,0.425225225,0.713400000,\left(\log\left(\log\left(\left(\mathrm{L2Norm}\right) \cdot \left(\mathrm{Fisher} - \mathrm{GraSP}\right)\right)\right)\right) \cdot \left(\mathrm{ZiCo}\right),L2-Norm Fisher GraSP Sub Mul Log Log ZiCo Mul <EOS>,(log(log((L2-Norm * (Fisher - GraSP)))) * ZiCo),0.713400000,0.731200000,54,9,6,2103,run_monash_time_unique1000,6,1,TIME__azure2019_D__5T/seed_2103/run_monash_time_unique1000/visualizations/archive_latex.tex
640,0.424324324,0.713400000,\left(\mathrm{ZiCo}\right) \cdot \left(\log\left(\log\left(\left(\mathrm{GraSP}\right) \cdot \left(\mathrm{L2Norm}\right) - \mathrm{plain}\right)\right)\right),ZiCo GraSP L2-Norm Mul plain Sub Log Log Mul <EOS>,(ZiCo * log(log(((GraSP * L2-Norm) - plain)))),0.713400000,0.730800000,83,9,6,2119,run_monash_time_unique1000,6,1,TIME__azure2019_D__5T/seed_2119/run_monash_time_unique1000/visualizations/archive_latex.tex
641,0.423423423,0.713400000,\left(\log\left(\log\left(\mathrm{Fisher} + \left(\mathrm{GraSP}\right) \cdot \left(\mathrm{L2Norm}\right)\right)\right)\right) \cdot \left(\mathrm{ZiCo}\right),Fisher GraSP L2-Norm Mul Add Log Log ZiCo Mul <EOS>,(log(log((Fisher + (GraSP * L2-Norm)))) * ZiCo),0.713400000,0.730600000,25,9,6,2127,run_monash_time_unique1000,6,1,TIME__azure2019_D__5T/seed_2127/run_monash_time_unique1000/visualizations/archive_latex.tex
642,0.422522523,0.713400000,\left(\log\left(\log\left(\mathrm{GradNorm} - \left(\mathrm{L2Norm}\right) \cdot \left(\mathrm{GraSP}\right)\right)\right)\right) \cdot \left(\mathrm{ZiCo}\right),Grad_Norm L2-Norm GraSP Mul Sub Log Log ZiCo Mul <EOS>,(log(log((Grad_Norm - (L2-Norm * GraSP)))) * ZiCo),0.713400000,0.730600000,40,9,6,2131,run_monash_time_unique1000,6,2,TIME__azure2019_D__5T/seed_2131/run_monash_time_unique1000/visualizations/archive_latex.tex
643,0.421621622,0.713400000,\left(\mathrm{ZiCo}\right) \cdot \left(\log\left(\log\left(\left(\mathrm{L2Norm}\right) \cdot \left(\mathrm{GraSP}\right) - \mathrm{ZiCo}\right)\right)\right),ZiCo L2-Norm GraSP Mul ZiCo Sub Log Log Mul <EOS>,(ZiCo * log(log(((L2-Norm * GraSP) - ZiCo)))),0.713400000,0.730600000,32,9,6,2142,run_monash_time_unique1000,6,1,TIME__azure2019_D__5T/seed_2142/run_monash_time_unique1000/visualizations/archive_latex.tex
644,0.420720721,0.713400000,\left(\mathrm{ZiCo}\right) \cdot \left(\log\left(\log\left(\left(\mathrm{Fisher} + \mathrm{GraSP}\right) \cdot \left(\mathrm{L2Norm}\right)\right)\right)\right),ZiCo Fisher GraSP Add L2-Norm Mul Log Log Mul <EOS>,(ZiCo * log(log(((Fisher + GraSP) * L2-Norm)))),0.713400000,0.730700000,77,9,6,2156,run_monash_time_unique1000,6,3,TIME__azure2019_D__5T/seed_2156/run_monash_time_unique1000/visualizations/archive_latex.tex
645,0.419819820,0.713400000,\frac{\mathrm{GradNorm} - \mathrm{Fisher}}{\mathrm{GraSP}} + \log\left(\mathrm{ZiCo}\right),Grad_Norm Fisher Sub GraSP Div ZiCo Log Add <EOS>,(((Grad_Norm - Fisher) / GraSP) + log(ZiCo)),0.713400000,0.684900000,86,8,4,2170,run_monash_time_unique1000,6,1,TIME__azure2019_D__5T/seed_2170/run_monash_time_unique1000/visualizations/archive_latex.tex
646,0.418918919,0.713400000,\left(\log\left(\log\left(\mathrm{plain} + \left(\mathrm{L2Norm}\right) \cdot \left(\mathrm{GraSP}\right)\right)\right)\right) \cdot \left(\mathrm{ZiCo}\right),plain L2-Norm GraSP Mul Add Log Log ZiCo Mul <EOS>,(log(log((plain + (L2-Norm * GraSP)))) * ZiCo),0.713400000,0.730600000,101,9,6,2184,run_monash_time_unique1000,6,2,TIME__azure2019_D__5T/seed_2184/run_monash_time_unique1000/visualizations/archive_latex.tex
647,0.418018018,0.713400000,\left(\mathrm{ZiCo}\right) \cdot \left(\log\left(\log\left(\left(\mathrm{Fisher} - \mathrm{GraSP}\right) \cdot \left(\mathrm{L2Norm}\right)\right)\right)\right),ZiCo Fisher GraSP Sub L2-Norm Mul Log Log Mul <EOS>,(ZiCo * log(log(((Fisher - GraSP) * L2-Norm)))),0.713400000,0.731200000,33,9,6,2241,run_monash_time_unique1000,6,1,TIME__azure2019_D__5T/seed_2241/run_monash_time_unique1000/visualizations/archive_latex.tex
648,0.417117117,0.713400000,\left(\log\left(\log\left(\left(\mathrm{GraSP} + \mathrm{Fisher}\right) \cdot \left(\mathrm{L2Norm}\right)\right)\right)\right) \cdot \left(\mathrm{ZiCo}\right),GraSP Fisher Add L2-Norm Mul Log Log ZiCo Mul <EOS>,(log(log(((GraSP + Fisher) * L2-Norm))) * ZiCo),0.713400000,0.730700000,183,9,6,2243,run_monash_time_unique1000,6,4,TIME__azure2019_D__5T/seed_2243/run_monash_time_unique1000/visualizations/archive_latex.tex
649,0.416216216,0.713400000,\left(\mathrm{ZiCo}\right) \cdot \left(\log\left(\log\left(\left(\mathrm{L2Norm}\right) \cdot \left(\mathrm{Fisher} + \mathrm{GraSP}\right)\right)\right)\right),ZiCo L2-Norm Fisher GraSP Add Mul Log Log Mul <EOS>,(ZiCo * log(log((L2-Norm * (Fisher + GraSP))))),0.713400000,0.730700000,67,9,6,2043,run_monash_time_unique1000,7,4,TIME__azure2019_D__5T/seed_2043/run_monash_time_unique1000/visualizations/archive_latex.tex
650,0.415315315,0.713400000,\left(\mathrm{ZiCo}\right) \cdot \left(\log\left(\log\left(\mathrm{ZiCo} - \left(\mathrm{L2Norm}\right) \cdot \left(\mathrm{GraSP}\right)\right)\right)\right),ZiCo ZiCo L2-Norm GraSP Mul Sub Log Log Mul <EOS>,(ZiCo * log(log((ZiCo - (L2-Norm * GraSP))))),0.713400000,0.730600000,31,9,6,2055,run_monash_time_unique1000,7,2,TIME__azure2019_D__5T/seed_2055/run_monash_time_unique1000/visualizations/archive_latex.tex
651,0.414414414,0.713400000,\left(\mathrm{ZiCo}\right) \cdot \left(\log\left(\log\left(\left(\mathrm{L2Norm}\right) \cdot \left(\sqrt{\left(\mathrm{GraSP}\right)^2}\right)\right)\right)\right),ZiCo L2-Norm GraSP Square Sqrt Mul Log Log Mul <EOS>,(ZiCo * log(log((L2-Norm * sqrt(square(GraSP)))))),0.713400000,0.730800000,47,9,7,2070,run_monash_time_unique1000,7,1,TIME__azure2019_D__5T/seed_2070/run_monash_time_unique1000/visualizations/archive_latex.tex
652,0.413513514,0.713400000,\left(\mathrm{ZiCo}\right) \cdot \left(\log\left(\log\left(\left(\mathrm{L2Norm}\right) \cdot \left(\mathrm{GraSP}\right) - \mathrm{MParams}\right)\right)\right),ZiCo L2-Norm GraSP Mul MParams Sub Log Log Mul <EOS>,(ZiCo * log(log(((L2-Norm * GraSP) - MParams)))),0.713400000,0.730400000,33,9,6,2142,run_monash_time_unique1000,7,2,TIME__azure2019_D__5T/seed_2142/run_monash_time_unique1000/visualizations/archive_latex.tex
653,0.412612613,0.713400000,\left(\mathrm{ZiCo}\right) \cdot \left(\log\left(\log\left(\mathrm{ZiCo} + \left(\mathrm{GraSP}\right) \cdot \left(\mathrm{L2Norm}\right)\right)\right)\right),ZiCo ZiCo GraSP L2-Norm Mul Add Log Log Mul <EOS>,(ZiCo * log(log((ZiCo + (GraSP * L2-Norm))))),0.713400000,0.730800000,100,9,6,2177,run_monash_time_unique1000,7,1,TIME__azure2019_D__5T/seed_2177/run_monash_time_unique1000/visualizations/archive_latex.tex
654,0.411711712,0.713400000,\left(\log\left(\log\left(\left(\mathrm{L2Norm}\right) \cdot \left(\mathrm{GraSP}\right) + \mathrm{plain}\right)\right)\right) \cdot \left(\mathrm{ZiCo}\right),L2-Norm GraSP Mul plain Add Log Log ZiCo Mul <EOS>,(log(log(((L2-Norm * GraSP) + plain))) * ZiCo),0.713400000,0.730600000,34,9,6,2178,run_monash_time_unique1000,7,2,TIME__azure2019_D__5T/seed_2178/run_monash_time_unique1000/visualizations/archive_latex.tex
655,0.410810811,0.713400000,\left(\mathrm{ZiCo}\right) \cdot \left(\log\left(\log\left(\left(\mathrm{GraSP}\right) \cdot \left(\mathrm{L2Norm}\right) - \mathrm{ZiCo}\right)\right)\right),ZiCo GraSP L2-Norm Mul ZiCo Sub Log Log Mul <EOS>,(ZiCo * log(log(((GraSP * L2-Norm) - ZiCo)))),0.713400000,0.730600000,19,9,6,2253,run_monash_time_unique1000,7,3,TIME__azure2019_D__5T/seed_2253/run_monash_time_unique1000/visualizations/archive_latex.tex
656,0.409909910,0.713400000,\left(\log\left(\log\left(\left(\mathrm{L2Norm}\right) \cdot \left(\mathrm{GraSP} + \mathrm{Fisher}\right)\right)\right)\right) \cdot \left(\mathrm{ZiCo}\right),L2-Norm GraSP Fisher Add Mul Log Log ZiCo Mul <EOS>,(log(log((L2-Norm * (GraSP + Fisher)))) * ZiCo),0.713400000,0.730700000,105,9,6,2263,run_monash_time_unique1000,7,1,TIME__azure2019_D__5T/seed_2263/run_monash_time_unique1000/visualizations/archive_latex.tex
657,0.409009009,0.713400000,\left(\log\left(\log\left(-\mathrm{L2Norm}\right) + \log\left(\mathrm{GraSP}\right)\right)\right) \cdot \left(\mathrm{ZiCo}\right),L2-Norm Negative Log GraSP Log Add Log ZiCo Mul <EOS>,(log((log(-(L2-Norm)) + log(GraSP))) * ZiCo),0.713400000,0.730800000,38,9,6,2265,run_monash_time_unique1000,7,1,TIME__azure2019_D__5T/seed_2265/run_monash_time_unique1000/visualizations/archive_latex.tex
658,0.408108108,0.713400000,\left(\mathrm{ZiCo}\right) \cdot \left(\log\left(\log\left(\left(\mathrm{L2Norm}\right) \cdot \left(\mathrm{GraSP}\right) - \mathrm{GradNorm}\right)\right)\right),ZiCo L2-Norm GraSP Mul Grad_Norm Sub Log Log Mul <EOS>,(ZiCo * log(log(((L2-Norm * GraSP) - Grad_Norm)))),0.713400000,0.730600000,43,9,6,2028,run_monash_time_unique1000,8,2,TIME__azure2019_D__5T/seed_2028/run_monash_time_unique1000/visualizations/archive_latex.tex
659,0.407207207,0.713400000,\left(\log\left(\log\left(\left(\mathrm{L2Norm}\right) \cdot \left(\mathrm{GraSP}\right) - \mathrm{GradNorm}\right)\right)\right) \cdot \left(\mathrm{ZiCo}\right),L2-Norm GraSP Mul Grad_Norm Sub Log Log ZiCo Mul <EOS>,(log(log(((L2-Norm * GraSP) - Grad_Norm))) * ZiCo),0.713400000,0.730600000,30,9,6,2092,run_monash_time_unique1000,8,1,TIME__azure2019_D__5T/seed_2092/run_monash_time_unique1000/visualizations/archive_latex.tex
660,0.406306306,0.713400000,\left(\log\left(\log\left(\left(\mathrm{L2Norm}\right) \cdot \left(\mathrm{Fisher} + \mathrm{GraSP}\right)\right)\right)\right) \cdot \left(\mathrm{ZiCo}\right),L2-Norm Fisher GraSP Add Mul Log Log ZiCo Mul <EOS>,(log(log((L2-Norm * (Fisher + GraSP)))) * ZiCo),0.713400000,0.730700000,53,9,6,2103,run_monash_time_unique1000,8,1,TIME__azure2019_D__5T/seed_2103/run_monash_time_unique1000/visualizations/archive_latex.tex
661,0.405405405,0.713400000,\left(\log\left(\log\left(\left(\mathrm{GraSP}\right) \cdot \left(\mathrm{L2Norm}\right) + \mathrm{MParams}\right)\right)\right) \cdot \left(\mathrm{ZiCo}\right),GraSP L2-Norm Mul MParams Add Log Log ZiCo Mul <EOS>,(log(log(((GraSP * L2-Norm) + MParams))) * ZiCo),0.713400000,0.731800000,87,9,6,2124,run_monash_time_unique1000,8,1,TIME__azure2019_D__5T/seed_2124/run_monash_time_unique1000/visualizations/archive_latex.tex
662,0.404504505,0.713400000,\left(\log\left(\log\left(\left(\mathrm{GraSP}\right) \cdot \left(\mathrm{L2Norm}\right) - \mathrm{MParams}\right)\right)\right) \cdot \left(\mathrm{ZiCo}\right),GraSP L2-Norm Mul MParams Sub Log Log ZiCo Mul <EOS>,(log(log(((GraSP * L2-Norm) - MParams))) * ZiCo),0.713400000,0.730400000,195,9,6,2150,run_monash_time_unique1000,8,1,TIME__azure2019_D__5T/seed_2150/run_monash_time_unique1000/visualizations/archive_latex.tex
663,0.403603604,0.713400000,\left(\mathrm{ZiCo}\right) \cdot \left(\log\left(\log\left(\mathrm{ZiCo} - \left(\mathrm{GraSP}\right) \cdot \left(\mathrm{L2Norm}\right)\right)\right)\right),ZiCo ZiCo GraSP L2-Norm Mul Sub Log Log Mul <EOS>,(ZiCo * log(log((ZiCo - (GraSP * L2-Norm))))),0.713400000,0.730600000,86,9,6,2172,run_monash_time_unique1000,8,1,TIME__azure2019_D__5T/seed_2172/run_monash_time_unique1000/visualizations/archive_latex.tex
664,0.402702703,0.713400000,\left(\mathrm{ZiCo}\right) \cdot \left(\log\left(\log\left(\mathrm{plain} + \left(\mathrm{GraSP}\right) \cdot \left(\mathrm{L2Norm}\right)\right)\right)\right),ZiCo plain GraSP L2-Norm Mul Add Log Log Mul <EOS>,(ZiCo * log(log((plain + (GraSP * L2-Norm))))),0.713400000,0.730600000,101,9,6,2177,run_monash_time_unique1000,8,1,TIME__azure2019_D__5T/seed_2177/run_monash_time_unique1000/visualizations/archive_latex.tex
665,0.401801802,0.713400000,\left(\log\left(\log\left(\left(\mathrm{L2Norm}\right) \cdot \left(\mathrm{GraSP}\right) - \mathrm{ZiCo}\right)\right)\right) \cdot \left(\mathrm{ZiCo}\right),L2-Norm GraSP Mul ZiCo Sub Log Log ZiCo Mul <EOS>,(log(log(((L2-Norm * GraSP) - ZiCo))) * ZiCo),0.713400000,0.730600000,115,9,6,2183,run_monash_time_unique1000,8,2,TIME__azure2019_D__5T/seed_2183/run_monash_time_unique1000/visualizations/archive_latex.tex
666,0.400900901,0.713400000,\left(\log\left(\log\left(\left(\mathrm{L2Norm}\right) \cdot \left(\mathrm{GraSP} - \mathrm{Fisher}\right)\right)\right)\right) \cdot \left(\mathrm{ZiCo}\right),L2-Norm GraSP Fisher Sub Mul Log Log ZiCo Mul <EOS>,(log(log((L2-Norm * (GraSP - Fisher)))) * ZiCo),0.713400000,0.731200000,70,9,6,2250,run_monash_time_unique1000,8,1,TIME__azure2019_D__5T/seed_2250/run_monash_time_unique1000/visualizations/archive_latex.tex
667,0.400000000,0.713400000,\left(\log\left(\log\left(\left(\mathrm{GraSP}\right) \cdot \left(\mathrm{L2Norm}\right) - \mathrm{ZiCo}\right)\right)\right) \cdot \left(\mathrm{ZiCo}\right),GraSP L2-Norm Mul ZiCo Sub Log Log ZiCo Mul <EOS>,(log(log(((GraSP * L2-Norm) - ZiCo))) * ZiCo),0.713400000,0.730600000,73,9,6,2251,run_monash_time_unique1000,8,1,TIME__azure2019_D__5T/seed_2251/run_monash_time_unique1000/visualizations/archive_latex.tex
668,0.399099099,0.713400000,\left(\log\left(\log\left(\left(\mathrm{Fisher} + \mathrm{GraSP}\right) \cdot \left(\mathrm{L2Norm}\right)\right)\right)\right) \cdot \left(\mathrm{ZiCo}\right),Fisher GraSP Add L2-Norm Mul Log Log ZiCo Mul <EOS>,(log(log(((Fisher + GraSP) * L2-Norm))) * ZiCo),0.713400000,0.730700000,67,9,6,2047,run_monash_time_unique1000,9,1,TIME__azure2019_D__5T/seed_2047/run_monash_time_unique1000/visualizations/archive_latex.tex
669,0.398198198,0.713400000,\left(\mathrm{ZiCo}\right) \cdot \left(\log\left(\log\left(\left(\mathrm{L2Norm}\right) \cdot \left(\mathrm{GraSP}\right) + \mathrm{Fisher}\right)\right)\right),ZiCo L2-Norm GraSP Mul Fisher Add Log Log Mul <EOS>,(ZiCo * log(log(((L2-Norm * GraSP) + Fisher)))),0.713400000,0.730600000,42,9,6,2155,run_monash_time_unique1000,9,1,TIME__azure2019_D__5T/seed_2155/run_monash_time_unique1000/visualizations/archive_latex.tex
670,0.397297297,0.713400000,\left(\sqrt{\left(\mathrm{ZiCo}\right)^2}\right) \cdot \left(\log\left(\log\left(\left(\mathrm{L2Norm}\right) \cdot \left(\mathrm{GraSP}\right)\right)\right)\right),ZiCo Square Sqrt L2-Norm GraSP Mul Log Log Mul <EOS>,(sqrt(square(ZiCo)) * log(log((L2-Norm * GraSP)))),0.713400000,0.730800000,84,9,5,2199,run_monash_time_unique1000,9,1,TIME__azure2019_D__5T/seed_2199/run_monash_time_unique1000/visualizations/archive_latex.tex
671,0.396396396,0.713400000,\left(\log\left(\log\left(\mathrm{plain} + \left(\mathrm{GraSP}\right) \cdot \left(\mathrm{L2Norm}\right)\right)\right)\right) \cdot \left(\mathrm{ZiCo}\right),plain GraSP L2-Norm Mul Add Log Log ZiCo Mul <EOS>,(log(log((plain + (GraSP * L2-Norm)))) * ZiCo),0.713400000,0.730600000,131,9,6,2207,run_monash_time_unique1000,9,1,TIME__azure2019_D__5T/seed_2207/run_monash_time_unique1000/visualizations/archive_latex.tex
672,0.395495495,0.713400000,\left(\mathrm{ZiCo}\right) \cdot \left(\log\left(\log\left(\left(\mathrm{L2Norm}\right) \cdot \left(\mathrm{GraSP} + \mathrm{Fisher}\right)\right)\right)\right),ZiCo L2-Norm GraSP Fisher Add Mul Log Log Mul <EOS>,(ZiCo * log(log((L2-Norm * (GraSP + Fisher))))),0.713400000,0.730700000,50,9,6,2246,run_monash_time_unique1000,9,1,TIME__azure2019_D__5T/seed_2246/run_monash_time_unique1000/visualizations/archive_latex.tex
673,0.394594595,0.713400000,\left(\mathrm{ZiCo}\right) \cdot \left(\log\left(\log\left(\mathrm{MParams} + \left(\mathrm{L2Norm}\right) \cdot \left(\mathrm{GraSP}\right)\right)\right)\right),ZiCo MParams L2-Norm GraSP Mul Add Log Log Mul <EOS>,(ZiCo * log(log((MParams + (L2-Norm * GraSP))))),0.713400000,0.731800000,23,9,6,2268,run_monash_time_unique1000,9,1,TIME__azure2019_D__5T/seed_2268/run_monash_time_unique1000/visualizations/archive_latex.tex
674,0.393693694,0.713400000,\left(\mathrm{ZiCo}\right) \cdot \left(\log\left(\log\left(\left(\mathrm{GraSP}\right) \cdot \left(\mathrm{L2Norm}\right) - \mathrm{MParams}\right)\right)\right),ZiCo GraSP L2-Norm Mul MParams Sub Log Log Mul <EOS>,(ZiCo * log(log(((GraSP * L2-Norm) - MParams)))),0.713400000,0.730400000,28,9,6,2105,run_monash_time_unique1000,10,1,TIME__azure2019_D__5T/seed_2105/run_monash_time_unique1000/visualizations/archive_latex.tex
675,0.392792793,0.713400000,\left(\log\left(\log\left(\left(\mathrm{GraSP}\right) \cdot \left(\mathrm{L2Norm}\right) - \mathrm{GradNorm}\right)\right)\right) \cdot \left(\mathrm{ZiCo}\right),GraSP L2-Norm Mul Grad_Norm Sub Log Log ZiCo Mul <EOS>,(log(log(((GraSP * L2-Norm) - Grad_Norm))) * ZiCo),0.713400000,0.730600000,24,9,6,2231,run_monash_time_unique1000,10,1,TIME__azure2019_D__5T/seed_2231/run_monash_time_unique1000/visualizations/archive_latex.tex
676,0.391891892,0.713400000,\left(\mathrm{ZiCo}\right) \cdot \left(\log\left(\log\left(\mathrm{GFLOPs} - \left(\mathrm{GraSP}\right) \cdot \left(\mathrm{L2Norm}\right)\right)\right)\right),ZiCo GFLOPs GraSP L2-Norm Mul Sub Log Log Mul <EOS>,(ZiCo * log(log((GFLOPs - (GraSP * L2-Norm))))),0.713400000,0.730400000,20,9,6,2246,run_monash_time_unique1000,10,1,TIME__azure2019_D__5T/seed_2246/run_monash_time_unique1000/visualizations/archive_latex.tex
677,0.390990991,0.713300000,\left(\mathrm{ZiCo}\right) \cdot \left(\sqrt{\log\left(\mathrm{Snip} - \frac{\mathrm{GraSP}}{\mathrm{plain}}\right)}\right),ZiCo Snip GraSP plain Div Sub Log Sqrt Mul <EOS>,(ZiCo * sqrt(log((Snip - (GraSP / plain))))),0.713300000,0.751100000,118,9,6,2225,run_monash_time_unique1000,2,4,TIME__azure2019_D__5T/seed_2225/run_monash_time_unique1000/visualizations/archive_latex.tex
678,0.390090090,0.713300000,\left(\left(\mathrm{ZiCo}\right)^2\right) \cdot \left(\log\left(\mathrm{Snip} - \frac{\mathrm{GraSP}}{\mathrm{plain}}\right)\right),ZiCo Square Snip GraSP plain Div Sub Log Mul <EOS>,(square(ZiCo) * log((Snip - (GraSP / plain)))),0.713300000,0.751100000,173,9,5,2101,run_monash_time_unique1000,3,39,TIME__azure2019_D__5T/seed_2101/run_monash_time_unique1000/visualizations/archive_latex.tex
679,0.389189189,0.713300000,\left(\sqrt{\log\left(\left(\log\left(\mathrm{GraSP}\right)\right) \cdot \left(\log\left(\mathrm{L2Norm}\right)\right)\right)}\right) \cdot \left(\mathrm{ZiCo}\right),GraSP Log L2-Norm Log Mul Log Sqrt ZiCo Mul <EOS>,(sqrt(log((log(GraSP) * log(L2-Norm)))) * ZiCo),0.713300000,0.707700000,114,9,6,2223,run_monash_time_unique1000,3,2,TIME__azure2019_D__5T/seed_2223/run_monash_time_unique1000/visualizations/archive_latex.tex
680,0.388288288,0.713300000,\left(\log\left(\mathrm{Snip} - \frac{\mathrm{GraSP}}{\mathrm{plain}}\right)\right) \cdot \left(\left(\mathrm{ZiCo}\right)^2\right),Snip GraSP plain Div Sub Log ZiCo Square Mul <EOS>,(log((Snip - (GraSP / plain))) * square(ZiCo)),0.713300000,0.751100000,94,9,5,2165,run_monash_time_unique1000,4,27,TIME__azure2019_D__5T/seed_2165/run_monash_time_unique1000/visualizations/archive_latex.tex
681,0.387387387,0.713300000,\left(\log\left(\frac{\mathrm{GraSP}}{\mathrm{plain}} - \mathrm{Snip}\right)\right) \cdot \left(\left(\mathrm{ZiCo}\right)^2\right),GraSP plain Div Snip Sub Log ZiCo Square Mul <EOS>,(log(((GraSP / plain) - Snip)) * square(ZiCo)),0.713300000,0.751100000,98,9,5,2166,run_monash_time_unique1000,5,24,TIME__azure2019_D__5T/seed_2166/run_monash_time_unique1000/visualizations/archive_latex.tex
682,0.386486486,0.713300000,\left(\left(\mathrm{ZiCo}\right)^2\right) \cdot \left(\log\left(\frac{\mathrm{GraSP}}{\mathrm{plain}} - \mathrm{Snip}\right)\right),ZiCo Square GraSP plain Div Snip Sub Log Mul <EOS>,(square(ZiCo) * log(((GraSP / plain) - Snip))),0.713300000,0.751100000,121,9,5,2212,run_monash_time_unique1000,5,32,TIME__azure2019_D__5T/seed_2212/run_monash_time_unique1000/visualizations/archive_latex.tex
683,0.385585586,0.713300000,\left(\left(\mathrm{ZiCo}\right)^2\right) \cdot \left(\log\left(\left(\log\left(\mathrm{GraSP}\right)\right) \cdot \left(\log\left(\mathrm{L2Norm}\right)\right)\right)\right),ZiCo Square GraSP Log L2-Norm Log Mul Log Mul <EOS>,(square(ZiCo) * log((log(GraSP) * log(L2-Norm)))),0.713300000,0.707700000,111,9,5,2162,run_monash_time_unique1000,7,2,TIME__azure2019_D__5T/seed_2162/run_monash_time_unique1000/visualizations/archive_latex.tex
684,0.384684685,0.713300000,\mathrm{ZiCo} - \sqrt{\frac{\log\left(\log\left(\mathrm{JacobFro}\right)\right)}{\left(\mathrm{GraSP}\right)^2}},ZiCo Jacob_fro Log Log GraSP Square Div Sqrt Sub <EOS>,(ZiCo - sqrt((log(log(Jacob_fro)) / square(GraSP)))),0.713300000,0.691700000,105,9,6,2032,run_monash_time_unique1000,8,1,TIME__azure2019_D__5T/seed_2032/run_monash_time_unique1000/visualizations/archive_latex.tex
685,0.383783784,0.713300000,\left(\mathrm{ZiCo}\right) \cdot \left(\sqrt{\log\left(\frac{\mathrm{GraSP}}{\mathrm{plain}} - \mathrm{Snip}\right)}\right),ZiCo GraSP plain Div Snip Sub Log Sqrt Mul <EOS>,(ZiCo * sqrt(log(((GraSP / plain) - Snip)))),0.713300000,0.751100000,179,9,6,2194,run_monash_time_unique1000,8,1,TIME__azure2019_D__5T/seed_2194/run_monash_time_unique1000/visualizations/archive_latex.tex
686,0.382882883,0.713200000,\left(\mathrm{ZiCo}\right) \cdot \left(\log\left(\log\left(\mathrm{JacobFro} + \left(\mathrm{GraSP}\right) \cdot \left(\mathrm{L2Norm}\right)\right)\right)\right),ZiCo Jacob_fro GraSP L2-Norm Mul Add Log Log Mul <EOS>,(ZiCo * log(log((Jacob_fro + (GraSP * L2-Norm))))),0.713200000,0.735100000,12,9,6,2154,run_monash_time_unique1000,4,1,TIME__azure2019_D__5T/seed_2154/run_monash_time_unique1000/visualizations/archive_latex.tex
687,0.381981982,0.713200000,\left(\mathrm{ZiCo}\right) \cdot \left(\log\left(\log\left(\left(\mathrm{ZiCo} - \mathrm{GraSP}\right) \cdot \left(\mathrm{L2Norm}\right)\right)\right)\right),ZiCo ZiCo GraSP Sub L2-Norm Mul Log Log Mul <EOS>,(ZiCo * log(log(((ZiCo - GraSP) * L2-Norm)))),0.713200000,0.730900000,82,9,6,2220,run_monash_time_unique1000,5,1,TIME__azure2019_D__5T/seed_2220/run_monash_time_unique1000/visualizations/archive_latex.tex
688,0.381081081,0.713200000,\left(\mathrm{ZiCo}\right) \cdot \left(\log\left(\log\left(\mathrm{Snip} - \left(\mathrm{L2Norm}\right) \cdot \left(\mathrm{GraSP}\right)\right)\right)\right),ZiCo Snip L2-Norm GraSP Mul Sub Log Log Mul <EOS>,(ZiCo * log(log((Snip - (L2-Norm * GraSP))))),0.713200000,0.730800000,130,9,6,2227,run_monash_time_unique1000,5,1,TIME__azure2019_D__5T/seed_2227/run_monash_time_unique1000/visualizations/archive_latex.tex
689,0.380180180,0.713200000,\left(\mathrm{ZiCo}\right) \cdot \left(\log\left(\log\left(\left(\mathrm{L2Norm}\right) \cdot \left(\mathrm{GraSP} - \mathrm{ZiCo}\right)\right)\right)\right),ZiCo L2-Norm GraSP ZiCo Sub Mul Log Log Mul <EOS>,(ZiCo * log(log((L2-Norm * (GraSP - ZiCo))))),0.713200000,0.730900000,93,9,6,2136,run_monash_time_unique1000,6,1,TIME__azure2019_D__5T/seed_2136/run_monash_time_unique1000/visualizations/archive_latex.tex
690,0.379279279,0.713200000,\left(\mathrm{ZiCo}\right) \cdot \left(\log\left(\log\left(\left(\mathrm{L2Norm}\right) \cdot \left(\mathrm{ZiCo} - \mathrm{GraSP}\right)\right)\right)\right),ZiCo L2-Norm ZiCo GraSP Sub Mul Log Log Mul <EOS>,(ZiCo * log(log((L2-Norm * (ZiCo - GraSP))))),0.713200000,0.730900000,147,9,6,2099,run_monash_time_unique1000,7,1,TIME__azure2019_D__5T/seed_2099/run_monash_time_unique1000/visualizations/archive_latex.tex
691,0.378378378,0.713200000,\left(\log\left(\log\left(\left(\mathrm{GraSP}\right) \cdot \left(\mathrm{L2Norm}\right) + \mathrm{JacobFro}\right)\right)\right) \cdot \left(\mathrm{ZiCo}\right),GraSP L2-Norm Mul Jacob_fro Add Log Log ZiCo Mul <EOS>,(log(log(((GraSP * L2-Norm) + Jacob_fro))) * ZiCo),0.713200000,0.735100000,51,9,6,2149,run_monash_time_unique1000,7,1,TIME__azure2019_D__5T/seed_2149/run_monash_time_unique1000/visualizations/archive_latex.tex
692,0.377477477,0.713200000,\left(\mathrm{ZiCo}\right) \cdot \left(\log\left(\log\left(\left(\mathrm{L2Norm} - \mathrm{GradNorm}\right) \cdot \left(\mathrm{GraSP}\right)\right)\right)\right),ZiCo L2-Norm Grad_Norm Sub GraSP Mul Log Log Mul <EOS>,(ZiCo * log(log(((L2-Norm - Grad_Norm) * GraSP)))),0.713200000,0.729400000,27,9,6,2257,run_monash_time_unique1000,7,2,TIME__azure2019_D__5T/seed_2257/run_monash_time_unique1000/visualizations/archive_latex.tex
693,0.376576577,0.713200000,\left(\log\left(\log\left(\left(\mathrm{L2Norm} - \mathrm{GradNorm}\right) \cdot \left(\mathrm{GraSP}\right)\right)\right)\right) \cdot \left(\mathrm{ZiCo}\right),L2-Norm Grad_Norm Sub GraSP Mul Log Log ZiCo Mul <EOS>,(log(log(((L2-Norm - Grad_Norm) * GraSP))) * ZiCo),0.713200000,0.729400000,37,9,6,2131,run_monash_time_unique1000,8,4,TIME__azure2019_D__5T/seed_2131/run_monash_time_unique1000/visualizations/archive_latex.tex
694,0.375675676,0.713200000,\left(\mathrm{ZiCo}\right) \cdot \left(\log\left(\log\left(\left(\mathrm{GradNorm} - \mathrm{L2Norm}\right) \cdot \left(\mathrm{GraSP}\right)\right)\right)\right),ZiCo Grad_Norm L2-Norm Sub GraSP Mul Log Log Mul <EOS>,(ZiCo * log(log(((Grad_Norm - L2-Norm) * GraSP)))),0.713200000,0.729400000,47,9,6,2142,run_monash_time_unique1000,8,1,TIME__azure2019_D__5T/seed_2142/run_monash_time_unique1000/visualizations/archive_latex.tex
695,0.374774775,0.713200000,\left(\log\left(\log\left(\left(\mathrm{GraSP}\right) \cdot \left(\mathrm{MParams} + \mathrm{L2Norm}\right)\right)\right)\right) \cdot \left(\mathrm{ZiCo}\right),GraSP MParams L2-Norm Add Mul Log Log ZiCo Mul <EOS>,(log(log((GraSP * (MParams + L2-Norm)))) * ZiCo),0.713200000,0.729200000,63,9,6,2179,run_monash_time_unique1000,8,1,TIME__azure2019_D__5T/seed_2179/run_monash_time_unique1000/visualizations/archive_latex.tex
696,0.373873874,0.713200000,\left(\log\left(\log\left(\left(\mathrm{GraSP}\right) \cdot \left(\mathrm{GradNorm} - \mathrm{L2Norm}\right)\right)\right)\right) \cdot \left(\mathrm{ZiCo}\right),GraSP Grad_Norm L2-Norm Sub Mul Log Log ZiCo Mul <EOS>,(log(log((GraSP * (Grad_Norm - L2-Norm)))) * ZiCo),0.713200000,0.729400000,83,9,6,2179,run_monash_time_unique1000,9,1,TIME__azure2019_D__5T/seed_2179/run_monash_time_unique1000/visualizations/archive_latex.tex
697,0.372972973,0.713200000,\left(\log\left(\log\left(\left(\mathrm{GradNorm} - \mathrm{L2Norm}\right) \cdot \left(\mathrm{GraSP}\right)\right)\right)\right) \cdot \left(\mathrm{ZiCo}\right),Grad_Norm L2-Norm Sub GraSP Mul Log Log ZiCo Mul <EOS>,(log(log(((Grad_Norm - L2-Norm) * GraSP))) * ZiCo),0.713200000,0.729400000,59,9,6,2215,run_monash_time_unique1000,10,2,TIME__azure2019_D__5T/seed_2215/run_monash_time_unique1000/visualizations/archive_latex.tex
698,0.372072072,0.713200000,\left(\log\left(\log\left(\left(\mathrm{ZiCo} - \mathrm{GraSP}\right) \cdot \left(\mathrm{L2Norm}\right)\right)\right)\right) \cdot \left(\mathrm{ZiCo}\right),ZiCo GraSP Sub L2-Norm Mul Log Log ZiCo Mul <EOS>,(log(log(((ZiCo - GraSP) * L2-Norm))) * ZiCo),0.713200000,0.730900000,15,9,6,2217,run_monash_time_unique1000,10,1,TIME__azure2019_D__5T/seed_2217/run_monash_time_unique1000/visualizations/archive_latex.tex
699,0.371171171,0.713200000,\left(\mathrm{ZiCo}\right) \cdot \left(\log\left(\log\left(\left(\mathrm{L2Norm}\right) \cdot \left(\mathrm{GraSP}\right) + \mathrm{JacobFro}\right)\right)\right),ZiCo L2-Norm GraSP Mul Jacob_fro Add Log Log Mul <EOS>,(ZiCo * log(log(((L2-Norm * GraSP) + Jacob_fro)))),0.713200000,0.735100000,19,9,6,2242,run_monash_time_unique1000,10,1,TIME__azure2019_D__5T/seed_2242/run_monash_time_unique1000/visualizations/archive_latex.tex
700,0.370270270,0.713200000,\left(\mathrm{ZiCo}\right) \cdot \left(\log\left(\log\left(\left(\mathrm{GraSP}\right) \cdot \left(\mathrm{L2Norm} - \mathrm{GradNorm}\right)\right)\right)\right),ZiCo GraSP L2-Norm Grad_Norm Sub Mul Log Log Mul <EOS>,(ZiCo * log(log((GraSP * (L2-Norm - Grad_Norm))))),0.713200000,0.729400000,53,9,6,2245,run_monash_time_unique1000,10,1,TIME__azure2019_D__5T/seed_2245/run_monash_time_unique1000/visualizations/archive_latex.tex
701,0.369369369,0.713100000,\left(\log\left(\log\left(\left(\mathrm{GraSP}\right) \cdot \left(\mathrm{L2Norm} - \mathrm{ZiCo}\right)\right)\right)\right) \cdot \left(\mathrm{ZiCo}\right),GraSP L2-Norm ZiCo Sub Mul Log Log ZiCo Mul <EOS>,(log(log((GraSP * (L2-Norm - ZiCo)))) * ZiCo),0.713100000,0.730200000,49,9,6,2166,run_monash_time_unique1000,6,5,TIME__azure2019_D__5T/seed_2166/run_monash_time_unique1000/visualizations/archive_latex.tex
702,0.368468468,0.713100000,\left(\mathrm{ZiCo}\right) \cdot \left(\log\left(\log\left(\left(\mathrm{MParams} - \mathrm{GraSP}\right) \cdot \left(\mathrm{L2Norm}\right)\right)\right)\right),ZiCo MParams GraSP Sub L2-Norm Mul Log Log Mul <EOS>,(ZiCo * log(log(((MParams - GraSP) * L2-Norm)))),0.713100000,0.729500000,94,9,6,2220,run_monash_time_unique1000,6,1,TIME__azure2019_D__5T/seed_2220/run_monash_time_unique1000/visualizations/archive_latex.tex
703,0.367567568,0.713100000,\left(\mathrm{ZiCo}\right) \cdot \left(\log\left(\log\left(\left(\mathrm{ZiCo} - \mathrm{L2Norm}\right) \cdot \left(\mathrm{GraSP}\right)\right)\right)\right),ZiCo ZiCo L2-Norm Sub GraSP Mul Log Log Mul <EOS>,(ZiCo * log(log(((ZiCo - L2-Norm) * GraSP)))),0.713100000,0.730200000,39,9,6,2163,run_monash_time_unique1000,7,4,TIME__azure2019_D__5T/seed_2163/run_monash_time_unique1000/visualizations/archive_latex.tex
704,0.366666667,0.713100000,\left(\mathrm{ZiCo}\right) \cdot \left(\log\left(\log\left(\left(\mathrm{GraSP}\right) \cdot \left(\mathrm{L2Norm} - \mathrm{ZiCo}\right)\right)\right)\right),ZiCo GraSP L2-Norm ZiCo Sub Mul Log Log Mul <EOS>,(ZiCo * log(log((GraSP * (L2-Norm - ZiCo))))),0.713100000,0.730200000,69,9,6,2230,run_monash_time_unique1000,7,2,TIME__azure2019_D__5T/seed_2230/run_monash_time_unique1000/visualizations/archive_latex.tex
705,0.365765766,0.713100000,\left(\log\left(\log\left(\left(\mathrm{L2Norm} - \mathrm{ZiCo}\right) \cdot \left(\mathrm{GraSP}\right)\right)\right)\right) \cdot \left(\mathrm{ZiCo}\right),L2-Norm ZiCo Sub GraSP Mul Log Log ZiCo Mul <EOS>,(log(log(((L2-Norm - ZiCo) * GraSP))) * ZiCo),0.713100000,0.730200000,63,9,6,2238,run_monash_time_unique1000,7,2,TIME__azure2019_D__5T/seed_2238/run_monash_time_unique1000/visualizations/archive_latex.tex
706,0.364864865,0.713100000,\left(\mathrm{ZiCo}\right) \cdot \left(\log\left(\log\left(\left(\mathrm{GraSP}\right) \cdot \left(\mathrm{L2Norm}\right) - \mathrm{JacobFro}\right)\right)\right),ZiCo GraSP L2-Norm Mul Jacob_fro Sub Log Log Mul <EOS>,(ZiCo * log(log(((GraSP * L2-Norm) - Jacob_fro)))),0.713100000,0.729800000,65,9,6,2057,run_monash_time_unique1000,8,1,TIME__azure2019_D__5T/seed_2057/run_monash_time_unique1000/visualizations/archive_latex.tex
707,0.363963964,0.713100000,\left(\mathrm{ZiCo}\right) \cdot \left(\log\left(\log\left(\left(\mathrm{L2Norm}\right) \cdot \left(\mathrm{GraSP}\right) + \mathrm{GFLOPs}\right)\right)\right),ZiCo L2-Norm GraSP Mul GFLOPs Add Log Log Mul <EOS>,(ZiCo * log(log(((L2-Norm * GraSP) + GFLOPs)))),0.713100000,0.731800000,14,9,6,2088,run_monash_time_unique1000,8,2,TIME__azure2019_D__5T/seed_2088/run_monash_time_unique1000/visualizations/archive_latex.tex
708,0.363063063,0.713100000,\left(\mathrm{ZiCo}\right) \cdot \left(\log\left(\log\left(\mathrm{JacobFro} - \left(\mathrm{GraSP}\right) \cdot \left(\mathrm{L2Norm}\right)\right)\right)\right),ZiCo Jacob_fro GraSP L2-Norm Mul Sub Log Log Mul <EOS>,(ZiCo * log(log((Jacob_fro - (GraSP * L2-Norm))))),0.713100000,0.729800000,18,9,6,2095,run_monash_time_unique1000,8,1,TIME__azure2019_D__5T/seed_2095/run_monash_time_unique1000/visualizations/archive_latex.tex
709,0.362162162,0.713100000,\left(\mathrm{ZiCo}\right) \cdot \left(\log\left(\log\left(\left(\mathrm{GraSP}\right) \cdot \left(\mathrm{ZiCo} - \mathrm{L2Norm}\right)\right)\right)\right),ZiCo GraSP ZiCo L2-Norm Sub Mul Log Log Mul <EOS>,(ZiCo * log(log((GraSP * (ZiCo - L2-Norm))))),0.713100000,0.730200000,75,9,6,2156,run_monash_time_unique1000,8,4,TIME__azure2019_D__5T/seed_2156/run_monash_time_unique1000/visualizations/archive_latex.tex
710,0.361261261,0.713100000,\left(\mathrm{ZiCo}\right) \cdot \left(\log\left(\log\left(\left(\mathrm{L2Norm} - \mathrm{ZiCo}\right) \cdot \left(\mathrm{GraSP}\right)\right)\right)\right),ZiCo L2-Norm ZiCo Sub GraSP Mul Log Log Mul <EOS>,(ZiCo * log(log(((L2-Norm - ZiCo) * GraSP)))),0.713100000,0.730200000,35,9,6,2257,run_monash_time_unique1000,8,3,TIME__azure2019_D__5T/seed_2257/run_monash_time_unique1000/visualizations/archive_latex.tex
711,0.360360360,0.713100000,\left(\log\left(\log\left(\left(\mathrm{GraSP}\right) \cdot \left(\mathrm{L2Norm}\right) + \mathrm{GFLOPs}\right)\right)\right) \cdot \left(\mathrm{ZiCo}\right),GraSP L2-Norm Mul GFLOPs Add Log Log ZiCo Mul <EOS>,(log(log(((GraSP * L2-Norm) + GFLOPs))) * ZiCo),0.713100000,0.731800000,127,9,6,2073,run_monash_time_unique1000,9,1,TIME__azure2019_D__5T/seed_2073/run_monash_time_unique1000/visualizations/archive_latex.tex
712,0.359459459,0.713100000,\left(\log\left(\log\left(\left(\mathrm{L2Norm}\right) \cdot \left(\mathrm{GraSP}\right) + \mathrm{GFLOPs}\right)\right)\right) \cdot \left(\mathrm{ZiCo}\right),L2-Norm GraSP Mul GFLOPs Add Log Log ZiCo Mul <EOS>,(log(log(((L2-Norm * GraSP) + GFLOPs))) * ZiCo),0.713100000,0.731800000,45,9,6,2131,run_monash_time_unique1000,9,1,TIME__azure2019_D__5T/seed_2131/run_monash_time_unique1000/visualizations/archive_latex.tex
713,0.358558559,0.713100000,\left(\mathrm{ZiCo}\right) \cdot \left(\log\left(\log\left(\left(\mathrm{GraSP} - \mathrm{MParams}\right) \cdot \left(\mathrm{L2Norm}\right)\right)\right)\right),ZiCo GraSP MParams Sub L2-Norm Mul Log Log Mul <EOS>,(ZiCo * log(log(((GraSP - MParams) * L2-Norm)))),0.713100000,0.729500000,23,9,6,2216,run_monash_time_unique1000,9,1,TIME__azure2019_D__5T/seed_2216/run_monash_time_unique1000/visualizations/archive_latex.tex
714,0.357657658,0.713100000,\left(\log\left(\log\left(\left(\mathrm{GraSP} - \mathrm{MParams}\right) \cdot \left(\mathrm{L2Norm}\right)\right)\right)\right) \cdot \left(\mathrm{ZiCo}\right),GraSP MParams Sub L2-Norm Mul Log Log ZiCo Mul <EOS>,(log(log(((GraSP - MParams) * L2-Norm))) * ZiCo),0.713100000,0.729500000,41,9,6,2076,run_monash_time_unique1000,10,1,TIME__azure2019_D__5T/seed_2076/run_monash_time_unique1000/visualizations/archive_latex.tex
715,0.356756757,0.713100000,\left(\log\left(\log\left(\left(\mathrm{ZiCo} - \mathrm{L2Norm}\right) \cdot \left(\mathrm{GraSP}\right)\right)\right)\right) \cdot \left(\mathrm{ZiCo}\right),ZiCo L2-Norm Sub GraSP Mul Log Log ZiCo Mul <EOS>,(log(log(((ZiCo - L2-Norm) * GraSP))) * ZiCo),0.713100000,0.730200000,22,9,6,2129,run_monash_time_unique1000,10,1,TIME__azure2019_D__5T/seed_2129/run_monash_time_unique1000/visualizations/archive_latex.tex
716,0.355855856,0.713100000,\left(\log\left(\log\left(\left(\mathrm{GraSP}\right) \cdot \left(\mathrm{ZiCo} - \mathrm{L2Norm}\right)\right)\right)\right) \cdot \left(\mathrm{ZiCo}\right),GraSP ZiCo L2-Norm Sub Mul Log Log ZiCo Mul <EOS>,(log(log((GraSP * (ZiCo - L2-Norm)))) * ZiCo),0.713100000,0.730200000,44,9,6,2130,run_monash_time_unique1000,10,2,TIME__azure2019_D__5T/seed_2130/run_monash_time_unique1000/visualizations/archive_latex.tex
717,0.354954955,0.713100000,\left(\log\left(\log\left(\mathrm{JacobFro} - \left(\mathrm{GraSP}\right) \cdot \left(\mathrm{L2Norm}\right)\right)\right)\right) \cdot \left(\mathrm{ZiCo}\right),Jacob_fro GraSP L2-Norm Mul Sub Log Log ZiCo Mul <EOS>,(log(log((Jacob_fro - (GraSP * L2-Norm)))) * ZiCo),0.713100000,0.729800000,8,9,6,2150,run_monash_time_unique1000,10,1,TIME__azure2019_D__5T/seed_2150/run_monash_time_unique1000/visualizations/archive_latex.tex
718,0.354054054,0.713100000,\left(\log\left(\log\left(\left(\mathrm{GraSP}\right) \cdot \left(\mathrm{L2Norm}\right) - \mathrm{JacobFro}\right)\right)\right) \cdot \left(\mathrm{ZiCo}\right),GraSP L2-Norm Mul Jacob_fro Sub Log Log ZiCo Mul <EOS>,(log(log(((GraSP * L2-Norm) - Jacob_fro))) * ZiCo),0.713100000,0.729800000,72,9,6,2251,run_monash_time_unique1000,10,1,TIME__azure2019_D__5T/seed_2251/run_monash_time_unique1000/visualizations/archive_latex.tex
719,0.353153153,0.713000000,\left(\left(\log\left(\log\left(\mathrm{GraSP}\right)\right)\right) \cdot \left(\left(\mathrm{ZiCo}\right)^2\right)\right) \cdot \left(\left(\mathrm{ZiCo}\right)^2\right),GraSP Log Log ZiCo Square Mul ZiCo Square Mul <EOS>,((log(log(GraSP)) * square(ZiCo)) * square(ZiCo)),0.713000000,0.706100000,40,9,5,2153,run_monash_time_unique1000,1,1,TIME__azure2019_D__5T/seed_2153/run_monash_time_unique1000/visualizations/archive_latex.tex
720,0.352252252,0.713000000,\frac{\log\left(\log\left(\mathrm{JacobFro}\right)\right)}{\mathrm{GraSP}} + \mathrm{ZiCo},Jacob_fro Log Log GraSP Div ZiCo Add <EOS>,((log(log(Jacob_fro)) / GraSP) + ZiCo),0.713000000,0.704600000,192,7,5,2218,run_monash_time_unique1000,4,2,TIME__azure2019_D__5T/seed_2218/run_monash_time_unique1000/visualizations/archive_latex.tex
721,0.351351351,0.713000000,\left(\left(\mathrm{ZiCo}\right)^2\right) \cdot \left(\left(\left(\mathrm{ZiCo}\right)^2\right) \cdot \left(\log\left(\log\left(\mathrm{GraSP}\right)\right)\right)\right),ZiCo Square ZiCo Square GraSP Log Log Mul Mul <EOS>,(square(ZiCo) * (square(ZiCo) * log(log(GraSP)))),0.713000000,0.706100000,197,9,5,2219,run_monash_time_unique1000,5,1,TIME__azure2019_D__5T/seed_2219/run_monash_time_unique1000/visualizations/archive_latex.tex
722,0.350450450,0.713000000,\left(\log\left(\log\left(\left(\mathrm{ZiCo} + \mathrm{L2Norm}\right) \cdot \left(\mathrm{GraSP}\right)\right)\right)\right) \cdot \left(\mathrm{ZiCo}\right),ZiCo L2-Norm Add GraSP Mul Log Log ZiCo Mul <EOS>,(log(log(((ZiCo + L2-Norm) * GraSP))) * ZiCo),0.713000000,0.731800000,199,9,6,2046,run_monash_time_unique1000,7,4,TIME__azure2019_D__5T/seed_2046/run_monash_time_unique1000/visualizations/archive_latex.tex
723,0.349549550,0.713000000,\left(\log\left(\log\left(\left(\mathrm{GraSP}\right) \cdot \left(\mathrm{ZiCo} + \mathrm{L2Norm}\right)\right)\right)\right) \cdot \left(\mathrm{ZiCo}\right),GraSP ZiCo L2-Norm Add Mul Log Log ZiCo Mul <EOS>,(log(log((GraSP * (ZiCo + L2-Norm)))) * ZiCo),0.713000000,0.731800000,147,9,6,2064,run_monash_time_unique1000,7,1,TIME__azure2019_D__5T/seed_2064/run_monash_time_unique1000/visualizations/archive_latex.tex
724,0.348648649,0.713000000,\left(\mathrm{ZiCo}\right) \cdot \left(\log\left(\log\left(\left(\mathrm{GraSP}\right) \cdot \left(\mathrm{L2Norm} + \mathrm{ZiCo}\right)\right)\right)\right),ZiCo GraSP L2-Norm ZiCo Add Mul Log Log Mul <EOS>,(ZiCo * log(log((GraSP * (L2-Norm + ZiCo))))),0.713000000,0.731800000,87,9,6,2136,run_monash_time_unique1000,7,1,TIME__azure2019_D__5T/seed_2136/run_monash_time_unique1000/visualizations/archive_latex.tex
725,0.347747748,0.713000000,\left(\mathrm{ZiCo}\right) \cdot \left(\log\left(\log\left(\left(\mathrm{GraSP}\right) \cdot \left(\mathrm{ZiCo} + \mathrm{L2Norm}\right)\right)\right)\right),ZiCo GraSP ZiCo L2-Norm Add Mul Log Log Mul <EOS>,(ZiCo * log(log((GraSP * (ZiCo + L2-Norm))))),0.713000000,0.731800000,136,9,6,2200,run_monash_time_unique1000,7,3,TIME__azure2019_D__5T/seed_2200/run_monash_time_unique1000/visualizations/archive_latex.tex
726,0.346846847,0.713000000,\mathrm{ZiCo} - \frac{\log\left(\log\left(\mathrm{JacobFro}\right)\right)}{-\mathrm{GraSP}},ZiCo Jacob_fro Log Log GraSP Negative Div Sub <EOS>,(ZiCo - (log(log(Jacob_fro)) / -(GraSP))),0.713000000,0.704600000,89,8,5,2032,run_monash_time_unique1000,9,1,TIME__azure2019_D__5T/seed_2032/run_monash_time_unique1000/visualizations/archive_latex.tex
727,0.345945946,0.713000000,\left(\mathrm{ZiCo}\right)^2 - \frac{\left(\mathrm{ZiCo}\right)^2}{\sqrt{\mathrm{GraSP}}},ZiCo Square ZiCo Square GraSP Sqrt Div Sub <EOS>,(square(ZiCo) - (square(ZiCo) / sqrt(GraSP))),0.713000000,0.679200000,68,8,4,2032,run_monash_time_unique1000,10,1,TIME__azure2019_D__5T/seed_2032/run_monash_time_unique1000/visualizations/archive_latex.tex
728,0.345045045,0.712900000,\left(\mathrm{ZiCo}\right) \cdot \left(\log\left(\log\left(\frac{\mathrm{Fisher}}{\left(\mathrm{GraSP}\right)^2}\right)\right)\right),ZiCo Fisher GraSP Square Div Log Log Mul <EOS>,(ZiCo * log(log((Fisher / square(GraSP))))),0.712900000,0.726500000,129,8,6,2259,run_monash_time_unique1000,4,2,TIME__azure2019_D__5T/seed_2259/run_monash_time_unique1000/visualizations/archive_latex.tex
729,0.344144144,0.712900000,\left(\mathrm{ZiCo}\right) \cdot \left(\log\left(\log\left(\mathrm{GraSP} + \left(\mathrm{GraSP}\right) \cdot \left(\mathrm{L2Norm}\right)\right)\right)\right),ZiCo GraSP GraSP L2-Norm Mul Add Log Log Mul <EOS>,(ZiCo * log(log((GraSP + (GraSP * L2-Norm))))),0.712900000,0.731700000,15,9,6,2154,run_monash_time_unique1000,5,1,TIME__azure2019_D__5T/seed_2154/run_monash_time_unique1000/visualizations/archive_latex.tex
730,0.343243243,0.712900000,\left(\mathrm{ZiCo}\right) \cdot \left(\log\left(\log\left(\left(\mathrm{L2Norm}\right) \cdot \left(\mathrm{GraSP}\right) + \mathrm{GraSP}\right)\right)\right),ZiCo L2-Norm GraSP Mul GraSP Add Log Log Mul <EOS>,(ZiCo * log(log(((L2-Norm * GraSP) + GraSP)))),0.712900000,0.731700000,46,9,6,2071,run_monash_time_unique1000,7,1,TIME__azure2019_D__5T/seed_2071/run_monash_time_unique1000/visualizations/archive_latex.tex
731,0.342342342,0.712900000,\left(\mathrm{ZiCo}\right) \cdot \left(\log\left(\log\left(\left(\mathrm{GraSP}\right) \cdot \left(\mathrm{L2Norm}\right) + \mathrm{GraSP}\right)\right)\right),ZiCo GraSP L2-Norm Mul GraSP Add Log Log Mul <EOS>,(ZiCo * log(log(((GraSP * L2-Norm) + GraSP)))),0.712900000,0.731700000,52,9,6,2081,run_monash_time_unique1000,7,2,TIME__azure2019_D__5T/seed_2081/run_monash_time_unique1000/visualizations/archive_latex.tex
732,0.341441441,0.712900000,\left(\mathrm{ZiCo}\right) \cdot \left(\log\left(\log\left(\left(\mathrm{GraSP}\right) \cdot \left(\frac{\mathrm{GraSP}}{\mathrm{Fisher}}\right)\right)\right)\right),ZiCo GraSP GraSP Fisher Div Mul Log Log Mul <EOS>,(ZiCo * log(log((GraSP * (GraSP / Fisher))))),0.712900000,0.726500000,32,9,6,2161,run_monash_time_unique1000,7,1,TIME__azure2019_D__5T/seed_2161/run_monash_time_unique1000/visualizations/archive_latex.tex
733,0.340540541,0.712900000,\left(\mathrm{ZiCo}\right) \cdot \left(\log\left(\log\left(\left(\mathrm{GraSP}\right) \cdot \left(\mathrm{L2Norm}\right) + \mathrm{Jacov}\right)\right)\right),ZiCo GraSP L2-Norm Mul Jacov Add Log Log Mul <EOS>,(ZiCo * log(log(((GraSP * L2-Norm) + Jacov)))),0.712900000,0.728800000,96,9,6,2220,run_monash_time_unique1000,7,1,TIME__azure2019_D__5T/seed_2220/run_monash_time_unique1000/visualizations/archive_latex.tex
734,0.339639640,0.712900000,\left(\mathrm{ZiCo}\right) \cdot \left(\log\left(\log\left(\left(\mathrm{GraSP} - \mathrm{GFLOPs}\right) \cdot \left(\mathrm{L2Norm}\right)\right)\right)\right),ZiCo GraSP GFLOPs Sub L2-Norm Mul Log Log Mul <EOS>,(ZiCo * log(log(((GraSP - GFLOPs) * L2-Norm)))),0.712900000,0.727700000,29,9,6,2226,run_monash_time_unique1000,7,1,TIME__azure2019_D__5T/seed_2226/run_monash_time_unique1000/visualizations/archive_latex.tex
735,0.338738739,0.712900000,\left(\sqrt{\log\left(\left(\mathrm{GFLOPs}\right)^2 - \mathrm{GraSP}\right)}\right) \cdot \left(\left(\mathrm{ZiCo}\right)^2\right),GFLOPs Square GraSP Sub Log Sqrt ZiCo Square Mul <EOS>,(sqrt(log((square(GFLOPs) - GraSP))) * square(ZiCo)),0.712900000,0.725800000,85,9,6,2046,run_monash_time_unique1000,8,1,TIME__azure2019_D__5T/seed_2046/run_monash_time_unique1000/visualizations/archive_latex.tex
736,0.337837838,0.712900000,\left(\left(\mathrm{ZiCo}\right)^2\right) \cdot \left(\sqrt{\log\left(\left(\mathrm{GFLOPs}\right)^2 - \mathrm{GraSP}\right)}\right),ZiCo Square GFLOPs Square GraSP Sub Log Sqrt Mul <EOS>,(square(ZiCo) * sqrt(log((square(GFLOPs) - GraSP)))),0.712900000,0.725800000,16,9,6,2054,run_monash_time_unique1000,8,1,TIME__azure2019_D__5T/seed_2054/run_monash_time_unique1000/visualizations/archive_latex.tex
737,0.336936937,0.712900000,\left(\log\left(\log\left(\left(\mathrm{L2Norm}\right) \cdot \left(\mathrm{GraSP}\right) + \mathrm{GraSP}\right)\right)\right) \cdot \left(\mathrm{ZiCo}\right),L2-Norm GraSP Mul GraSP Add Log Log ZiCo Mul <EOS>,(log(log(((L2-Norm * GraSP) + GraSP))) * ZiCo),0.712900000,0.731700000,67,9,6,2202,run_monash_time_unique1000,8,1,TIME__azure2019_D__5T/seed_2202/run_monash_time_unique1000/visualizations/archive_latex.tex
738,0.336036036,0.712900000,\left(\mathrm{ZiCo}\right) \cdot \left(\log\left(\log\left(\mathrm{Jacov} + \left(\mathrm{GraSP}\right) \cdot \left(\mathrm{L2Norm}\right)\right)\right)\right),ZiCo Jacov GraSP L2-Norm Mul Add Log Log Mul <EOS>,(ZiCo * log(log((Jacov + (GraSP * L2-Norm))))),0.712900000,0.728800000,34,9,6,2088,run_monash_time_unique1000,9,1,TIME__azure2019_D__5T/seed_2088/run_monash_time_unique1000/visualizations/archive_latex.tex
739,0.335135135,0.712900000,\left(\mathrm{ZiCo}\right) \cdot \left(\log\left(\log\left(\mathrm{GraSP} + \left(\mathrm{L2Norm}\right) \cdot \left(\mathrm{GraSP}\right)\right)\right)\right),ZiCo GraSP L2-Norm GraSP Mul Add Log Log Mul <EOS>,(ZiCo * log(log((GraSP + (L2-Norm * GraSP))))),0.712900000,0.731700000,59,9,6,2106,run_monash_time_unique1000,9,1,TIME__azure2019_D__5T/seed_2106/run_monash_time_unique1000/visualizations/archive_latex.tex
740,0.334234234,0.712900000,\left(\mathrm{ZiCo}\right) \cdot \left(\log\left(\log\left(\frac{\left(\mathrm{GraSP}\right)^2}{\mathrm{Fisher}}\right)\right)\right),ZiCo GraSP Square Fisher Div Log Log Mul <EOS>,(ZiCo * log(log((square(GraSP) / Fisher)))),0.712900000,0.726500000,35,8,6,2151,run_monash_time_unique1000,9,2,TIME__azure2019_D__5T/seed_2151/run_monash_time_unique1000/visualizations/archive_latex.tex
741,0.333333333,0.712900000,\left(\mathrm{ZiCo}\right) \cdot \left(\log\left(\log\left(\left(\mathrm{L2Norm}\right) \cdot \left(\mathrm{GraSP}\right) + \mathrm{Jacov}\right)\right)\right),ZiCo L2-Norm GraSP Mul Jacov Add Log Log Mul <EOS>,(ZiCo * log(log(((L2-Norm * GraSP) + Jacov)))),0.712900000,0.728800000,42,9,6,2162,run_monash_time_unique1000,9,3,TIME__azure2019_D__5T/seed_2162/run_monash_time_unique1000/visualizations/archive_latex.tex
742,0.332432432,0.712900000,\left(\log\left(\log\left(\left(\frac{\mathrm{GraSP}}{\mathrm{Fisher}}\right) \cdot \left(\mathrm{GraSP}\right)\right)\right)\right) \cdot \left(\mathrm{ZiCo}\right),GraSP Fisher Div GraSP Mul Log Log ZiCo Mul <EOS>,(log(log(((GraSP / Fisher) * GraSP))) * ZiCo),0.712900000,0.726500000,43,9,6,2261,run_monash_time_unique1000,9,1,TIME__azure2019_D__5T/seed_2261/run_monash_time_unique1000/visualizations/archive_latex.tex
743,0.331531532,0.712900000,\left(\log\left(\log\left(\mathrm{Fisher}\right) - \log\left(\left(\mathrm{GraSP}\right)^2\right)\right)\right) \cdot \left(\mathrm{ZiCo}\right),Fisher Log GraSP Square Log Sub Log ZiCo Mul <EOS>,(log((log(Fisher) - log(square(GraSP)))) * ZiCo),0.712900000,0.726500000,72,9,6,2063,run_monash_time_unique1000,10,1,TIME__azure2019_D__5T/seed_2063/run_monash_time_unique1000/visualizations/archive_latex.tex
744,0.330630631,0.712900000,\left(\mathrm{ZiCo}\right) \cdot \left(\log\left(\log\left(\frac{\mathrm{GraSP}}{\frac{\mathrm{Fisher}}{\mathrm{GraSP}}}\right)\right)\right),ZiCo GraSP Fisher GraSP Div Div Log Log Mul <EOS>,(ZiCo * log(log((GraSP / (Fisher / GraSP))))),0.712900000,0.726500000,50,9,6,2085,run_monash_time_unique1000,10,1,TIME__azure2019_D__5T/seed_2085/run_monash_time_unique1000/visualizations/archive_latex.tex
745,0.329729730,0.712900000,\left(\mathrm{ZiCo}\right) \cdot \left(\log\left(\log\left(\left(\mathrm{GFLOPs} - \mathrm{GraSP}\right) \cdot \left(\mathrm{L2Norm}\right)\right)\right)\right),ZiCo GFLOPs GraSP Sub L2-Norm Mul Log Log Mul <EOS>,(ZiCo * log(log(((GFLOPs - GraSP) * L2-Norm)))),0.712900000,0.727700000,32,9,6,2241,run_monash_time_unique1000,10,1,TIME__azure2019_D__5T/seed_2241/run_monash_time_unique1000/visualizations/archive_latex.tex
746,0.328828829,0.712800000,\left(\sqrt{\log\left(\left(\mathrm{GraSP}\right) \cdot \left(\sqrt{\mathrm{GFLOPs}}\right)\right)}\right) \cdot \left(\left(\mathrm{ZiCo}\right)^2\right),GraSP GFLOPs Sqrt Mul Log Sqrt ZiCo Square Mul <EOS>,(sqrt(log((GraSP * sqrt(GFLOPs)))) * square(ZiCo)),0.712800000,0.735400000,195,9,6,2223,run_monash_time_unique1000,4,1,TIME__azure2019_D__5T/seed_2223/run_monash_time_unique1000/visualizations/archive_latex.tex
747,0.327927928,0.712800000,\left(\left(\mathrm{ZiCo}\right)^2\right) \cdot \left(\sqrt{\log\left(\left(\mathrm{GraSP}\right) \cdot \left(\sqrt{\mathrm{GFLOPs}}\right)\right)}\right),ZiCo Square GraSP GFLOPs Sqrt Mul Log Sqrt Mul <EOS>,(square(ZiCo) * sqrt(log((GraSP * sqrt(GFLOPs))))),0.712800000,0.735400000,101,9,6,2154,run_monash_time_unique1000,6,2,TIME__azure2019_D__5T/seed_2154/run_monash_time_unique1000/visualizations/archive_latex.tex
748,0.327027027,0.712800000,\left(\log\left(\log\left(\left(\mathrm{GraSP}\right) \cdot \left(\mathrm{L2Norm}\right) + \mathrm{Snip}\right)\right)\right) \cdot \left(\mathrm{ZiCo}\right),GraSP L2-Norm Mul Snip Add Log Log ZiCo Mul <EOS>,(log(log(((GraSP * L2-Norm) + Snip))) * ZiCo),0.712800000,0.733900000,28,9,6,2159,run_monash_time_unique1000,6,2,TIME__azure2019_D__5T/seed_2159/run_monash_time_unique1000/visualizations/archive_latex.tex
749,0.326126126,0.712800000,\left(\mathrm{ZiCo}\right) \cdot \left(\log\left(\log\left(\left(\mathrm{L2Norm}\right) \cdot \left(\mathrm{plain} - \mathrm{GraSP}\right)\right)\right)\right),ZiCo L2-Norm plain GraSP Sub Mul Log Log Mul <EOS>,(ZiCo * log(log((L2-Norm * (plain - GraSP))))),0.712800000,0.731700000,24,9,6,2097,run_monash_time_unique1000,7,1,TIME__azure2019_D__5T/seed_2097/run_monash_time_unique1000/visualizations/archive_latex.tex
750,0.325225225,0.712800000,\left(\log\left(\log\left(\left(\mathrm{plain} - \mathrm{GraSP}\right) \cdot \left(\mathrm{L2Norm}\right)\right)\right)\right) \cdot \left(\mathrm{ZiCo}\right),plain GraSP Sub L2-Norm Mul Log Log ZiCo Mul <EOS>,(log(log(((plain - GraSP) * L2-Norm))) * ZiCo),0.712800000,0.731700000,37,9,6,2145,run_monash_time_unique1000,7,1,TIME__azure2019_D__5T/seed_2145/run_monash_time_unique1000/visualizations/archive_latex.tex
751,0.324324324,0.712800000,\left(\mathrm{ZiCo}\right) \cdot \left(\log\left(\log\left(\mathrm{Snip} + \left(\mathrm{GraSP}\right) \cdot \left(\mathrm{L2Norm}\right)\right)\right)\right),ZiCo Snip GraSP L2-Norm Mul Add Log Log Mul <EOS>,(ZiCo * log(log((Snip + (GraSP * L2-Norm))))),0.712800000,0.733900000,13,9,6,2154,run_monash_time_unique1000,7,2,TIME__azure2019_D__5T/seed_2154/run_monash_time_unique1000/visualizations/archive_latex.tex
752,0.323423423,0.712800000,\left(\mathrm{ZiCo}\right) \cdot \left(\log\left(\log\left(\left(\mathrm{plain} - \mathrm{GraSP}\right) \cdot \left(\mathrm{L2Norm}\right)\right)\right)\right),ZiCo plain GraSP Sub L2-Norm Mul Log Log Mul <EOS>,(ZiCo * log(log(((plain - GraSP) * L2-Norm)))),0.712800000,0.731700000,32,9,6,2060,run_monash_time_unique1000,8,2,TIME__azure2019_D__5T/seed_2060/run_monash_time_unique1000/visualizations/archive_latex.tex
753,0.322522523,0.712800000,\left(\left(\mathrm{ZiCo}\right)^2\right) \cdot \left(\sqrt{\log\left(\left(\sqrt{\mathrm{GFLOPs}}\right) \cdot \left(\mathrm{GraSP}\right)\right)}\right),ZiCo Square GFLOPs Sqrt GraSP Mul Log Sqrt Mul <EOS>,(square(ZiCo) * sqrt(log((sqrt(GFLOPs) * GraSP)))),0.712800000,0.735400000,68,9,6,2081,run_monash_time_unique1000,8,2,TIME__azure2019_D__5T/seed_2081/run_monash_time_unique1000/visualizations/archive_latex.tex
754,0.321621622,0.712800000,\left(\left(\mathrm{ZiCo}\right)^2\right) \cdot \left(\sqrt{\log\left(\left(\mathrm{GFLOPs}\right) \cdot \left(\left(\mathrm{GraSP}\right)^2\right)\right)}\right),ZiCo Square GFLOPs GraSP Square Mul Log Sqrt Mul <EOS>,(square(ZiCo) * sqrt(log((GFLOPs * square(GraSP))))),0.712800000,0.735400000,182,9,6,2097,run_monash_time_unique1000,8,1,TIME__azure2019_D__5T/seed_2097/run_monash_time_unique1000/visualizations/archive_latex.tex
755,0.320720721,0.712800000,\left(\mathrm{ZiCo}\right) \cdot \left(\log\left(\log\left(\left(\mathrm{L2Norm}\right) \cdot \left(\mathrm{GraSP} + \mathrm{plain}\right)\right)\right)\right),ZiCo L2-Norm GraSP plain Add Mul Log Log Mul <EOS>,(ZiCo * log(log((L2-Norm * (GraSP + plain))))),0.712800000,0.733600000,78,9,6,2136,run_monash_time_unique1000,8,1,TIME__azure2019_D__5T/seed_2136/run_monash_time_unique1000/visualizations/archive_latex.tex
756,0.319819820,0.712800000,\left(\mathrm{ZiCo}\right) \cdot \left(\log\left(\log\left(\left(\mathrm{plain} + \mathrm{GraSP}\right) \cdot \left(\mathrm{L2Norm}\right)\right)\right)\right),ZiCo plain GraSP Add L2-Norm Mul Log Log Mul <EOS>,(ZiCo * log(log(((plain + GraSP) * L2-Norm)))),0.712800000,0.733600000,18,9,6,2161,run_monash_time_unique1000,8,2,TIME__azure2019_D__5T/seed_2161/run_monash_time_unique1000/visualizations/archive_latex.tex
757,0.318918919,0.712800000,\left(\mathrm{ZiCo}\right) \cdot \left(\log\left(\log\left(\left(\mathrm{GraSP} + \mathrm{plain}\right) \cdot \left(\mathrm{L2Norm}\right)\right)\right)\right),ZiCo GraSP plain Add L2-Norm Mul Log Log Mul <EOS>,(ZiCo * log(log(((GraSP + plain) * L2-Norm)))),0.712800000,0.733600000,68,9,6,2176,run_monash_time_unique1000,8,2,TIME__azure2019_D__5T/seed_2176/run_monash_time_unique1000/visualizations/archive_latex.tex
758,0.318018018,0.712800000,\left(\log\left(\log\left(\left(\mathrm{L2Norm}\right) \cdot \left(\mathrm{GraSP} - \mathrm{plain}\right)\right)\right)\right) \cdot \left(\mathrm{ZiCo}\right),L2-Norm GraSP plain Sub Mul Log Log ZiCo Mul <EOS>,(log(log((L2-Norm * (GraSP - plain)))) * ZiCo),0.712800000,0.731700000,46,9,6,2200,run_monash_time_unique1000,8,1,TIME__azure2019_D__5T/seed_2200/run_monash_time_unique1000/visualizations/archive_latex.tex
759,0.317117117,0.712800000,\left(\mathrm{ZiCo}\right) \cdot \left(\log\left(\log\left(\left(\mathrm{L2Norm}\right) \cdot \left(\mathrm{GraSP}\right) + \mathrm{Snip}\right)\right)\right),ZiCo L2-Norm GraSP Mul Snip Add Log Log Mul <EOS>,(ZiCo * log(log(((L2-Norm * GraSP) + Snip)))),0.712800000,0.733900000,148,9,6,2035,run_monash_time_unique1000,9,5,TIME__azure2019_D__5T/seed_2035/run_monash_time_unique1000/visualizations/archive_latex.tex
760,0.316216216,0.712800000,\left(\log\left(\log\left(\left(\mathrm{GraSP} - \mathrm{plain}\right) \cdot \left(\mathrm{L2Norm}\right)\right)\right)\right) \cdot \left(\mathrm{ZiCo}\right),GraSP plain Sub L2-Norm Mul Log Log ZiCo Mul <EOS>,(log(log(((GraSP - plain) * L2-Norm))) * ZiCo),0.712800000,0.731700000,145,9,6,2253,run_monash_time_unique1000,9,1,TIME__azure2019_D__5T/seed_2253/run_monash_time_unique1000/visualizations/archive_latex.tex
761,0.315315315,0.712800000,\left(\log\left(\log\left(\left(\mathrm{L2Norm}\right) \cdot \left(\mathrm{GraSP} + \mathrm{plain}\right)\right)\right)\right) \cdot \left(\mathrm{ZiCo}\right),L2-Norm GraSP plain Add Mul Log Log ZiCo Mul <EOS>,(log(log((L2-Norm * (GraSP + plain)))) * ZiCo),0.712800000,0.733600000,18,9,6,2263,run_monash_time_unique1000,9,1,TIME__azure2019_D__5T/seed_2263/run_monash_time_unique1000/visualizations/archive_latex.tex
762,0.314414414,0.712800000,\left(\mathrm{ZiCo}\right) \cdot \left(\log\left(\log\left(\left(\mathrm{L2Norm}\right) \cdot \left(\mathrm{plain} + \mathrm{GraSP}\right)\right)\right)\right),ZiCo L2-Norm plain GraSP Add Mul Log Log Mul <EOS>,(ZiCo * log(log((L2-Norm * (plain + GraSP))))),0.712800000,0.733600000,47,9,6,2050,run_monash_time_unique1000,10,1,TIME__azure2019_D__5T/seed_2050/run_monash_time_unique1000/visualizations/archive_latex.tex
763,0.313513514,0.712800000,\left(\log\left(\log\left(\left(\mathrm{L2Norm}\right) \cdot \left(\mathrm{plain} - \mathrm{GraSP}\right)\right)\right)\right) \cdot \left(\mathrm{ZiCo}\right),L2-Norm plain GraSP Sub Mul Log Log ZiCo Mul <EOS>,(log(log((L2-Norm * (plain - GraSP)))) * ZiCo),0.712800000,0.731700000,81,9,6,2103,run_monash_time_unique1000,10,1,TIME__azure2019_D__5T/seed_2103/run_monash_time_unique1000/visualizations/archive_latex.tex
764,0.312612613,0.712800000,\left(\mathrm{ZiCo}\right) \cdot \left(\log\left(\log\left(\left(\mathrm{GraSP} - \mathrm{plain}\right) \cdot \left(\mathrm{L2Norm}\right)\right)\right)\right),ZiCo GraSP plain Sub L2-Norm Mul Log Log Mul <EOS>,(ZiCo * log(log(((GraSP - plain) * L2-Norm)))),0.712800000,0.731700000,41,9,6,2160,run_monash_time_unique1000,10,1,TIME__azure2019_D__5T/seed_2160/run_monash_time_unique1000/visualizations/archive_latex.tex
765,0.311711712,0.712800000,\left(\log\left(\log\left(\left(\mathrm{GraSP} + \mathrm{plain}\right) \cdot \left(\mathrm{L2Norm}\right)\right)\right)\right) \cdot \left(\mathrm{ZiCo}\right),GraSP plain Add L2-Norm Mul Log Log ZiCo Mul <EOS>,(log(log(((GraSP + plain) * L2-Norm))) * ZiCo),0.712800000,0.733600000,33,9,6,2255,run_monash_time_unique1000,10,1,TIME__azure2019_D__5T/seed_2255/run_monash_time_unique1000/visualizations/archive_latex.tex
766,0.310810811,0.712700000,\left(\log\left(\log\left(\left(\mathrm{GraSP} + \mathrm{ZiCo}\right) \cdot \left(\mathrm{L2Norm}\right)\right)\right)\right) \cdot \left(\mathrm{ZiCo}\right),GraSP ZiCo Add L2-Norm Mul Log Log ZiCo Mul <EOS>,(log(log(((GraSP + ZiCo) * L2-Norm))) * ZiCo),0.712700000,0.734300000,72,9,6,2175,run_monash_time_unique1000,2,2,TIME__azure2019_D__5T/seed_2175/run_monash_time_unique1000/visualizations/archive_latex.tex
767,0.309909910,0.712700000,\left(\mathrm{ZiCo}\right) \cdot \left(\log\left(\log\left(\left(\mathrm{GraSP} + \mathrm{ZiCo}\right) \cdot \left(\mathrm{L2Norm}\right)\right)\right)\right),ZiCo GraSP ZiCo Add L2-Norm Mul Log Log Mul <EOS>,(ZiCo * log(log(((GraSP + ZiCo) * L2-Norm)))),0.712700000,0.734300000,116,9,6,2244,run_monash_time_unique1000,7,3,TIME__azure2019_D__5T/seed_2244/run_monash_time_unique1000/visualizations/archive_latex.tex
768,0.309009009,0.712700000,\left(\mathrm{ZiCo}\right) \cdot \left(\log\left(\log\left(\left(\mathrm{L2Norm}\right) \cdot \left(\mathrm{ZiCo} + \mathrm{GraSP}\right)\right)\right)\right),ZiCo L2-Norm ZiCo GraSP Add Mul Log Log Mul <EOS>,(ZiCo * log(log((L2-Norm * (ZiCo + GraSP))))),0.712700000,0.734300000,57,9,6,2071,run_monash_time_unique1000,8,3,TIME__azure2019_D__5T/seed_2071/run_monash_time_unique1000/visualizations/archive_latex.tex
769,0.308108108,0.712700000,\left(\mathrm{ZiCo}\right) \cdot \left(\log\left(\log\left(\left(\mathrm{L2Norm}\right) \cdot \left(\mathrm{GraSP} + \mathrm{ZiCo}\right)\right)\right)\right),ZiCo L2-Norm GraSP ZiCo Add Mul Log Log Mul <EOS>,(ZiCo * log(log((L2-Norm * (GraSP + ZiCo))))),0.712700000,0.734300000,35,9,6,2070,run_monash_time_unique1000,9,1,TIME__azure2019_D__5T/seed_2070/run_monash_time_unique1000/visualizations/archive_latex.tex
770,0.307207207,0.712700000,\left(\log\left(\log\left(\left(\mathrm{ZiCo} + \mathrm{GraSP}\right) \cdot \left(\mathrm{L2Norm}\right)\right)\right)\right) \cdot \left(\mathrm{ZiCo}\right),ZiCo GraSP Add L2-Norm Mul Log Log ZiCo Mul <EOS>,(log(log(((ZiCo + GraSP) * L2-Norm))) * ZiCo),0.712700000,0.734300000,75,9,6,2201,run_monash_time_unique1000,9,1,TIME__azure2019_D__5T/seed_2201/run_monash_time_unique1000/visualizations/archive_latex.tex
771,0.306306306,0.712700000,\left(\mathrm{ZiCo}\right) \cdot \left(\log\left(\log\left(\left(\mathrm{GraSP}\right) \cdot \left(\mathrm{L2Norm} - \mathrm{Fisher}\right)\right)\right)\right),ZiCo GraSP L2-Norm Fisher Sub Mul Log Log Mul <EOS>,(ZiCo * log(log((GraSP * (L2-Norm - Fisher))))),0.712700000,0.729700000,54,9,6,2162,run_monash_time_unique1000,10,1,TIME__azure2019_D__5T/seed_2162/run_monash_time_unique1000/visualizations/archive_latex.tex
772,0.305405405,0.712700000,\left(\mathrm{ZiCo}\right) \cdot \left(\log\left(\log\left(\left(\mathrm{Fisher} - \mathrm{L2Norm}\right) \cdot \left(\mathrm{GraSP}\right)\right)\right)\right),ZiCo Fisher L2-Norm Sub GraSP Mul Log Log Mul <EOS>,(ZiCo * log(log(((Fisher - L2-Norm) * GraSP)))),0.712700000,0.729700000,32,9,6,2257,run_monash_time_unique1000,10,1,TIME__azure2019_D__5T/seed_2257/run_monash_time_unique1000/visualizations/archive_latex.tex
773,0.304504505,0.712600000,\left(\log\left(\log\left(\left(\mathrm{GraSP} - \mathrm{GradNorm}\right) \cdot \left(\mathrm{L2Norm}\right)\right)\right)\right) \cdot \left(\mathrm{ZiCo}\right),GraSP Grad_Norm Sub L2-Norm Mul Log Log ZiCo Mul <EOS>,(log(log(((GraSP - Grad_Norm) * L2-Norm))) * ZiCo),0.712600000,0.728200000,33,9,6,2046,run_monash_time_unique1000,9,1,TIME__azure2019_D__5T/seed_2046/run_monash_time_unique1000/visualizations/archive_latex.tex
774,0.303603604,0.712600000,\left(\mathrm{ZiCo}\right) \cdot \left(\log\left(\log\left(\left(\mathrm{L2Norm}\right) \cdot \left(\mathrm{GradNorm} - \mathrm{GraSP}\right)\right)\right)\right),ZiCo L2-Norm Grad_Norm GraSP Sub Mul Log Log Mul <EOS>,(ZiCo * log(log((L2-Norm * (Grad_Norm - GraSP))))),0.712600000,0.728200000,97,9,6,2071,run_monash_time_unique1000,9,1,TIME__azure2019_D__5T/seed_2071/run_monash_time_unique1000/visualizations/archive_latex.tex
775,0.302702703,0.712600000,\left(\log\left(\log\left(\left(\mathrm{L2Norm}\right) \cdot \left(\mathrm{GradNorm} - \mathrm{GraSP}\right)\right)\right)\right) \cdot \left(\mathrm{ZiCo}\right),L2-Norm Grad_Norm GraSP Sub Mul Log Log ZiCo Mul <EOS>,(log(log((L2-Norm * (Grad_Norm - GraSP)))) * ZiCo),0.712600000,0.728200000,33,9,6,2144,run_monash_time_unique1000,9,1,TIME__azure2019_D__5T/seed_2144/run_monash_time_unique1000/visualizations/archive_latex.tex
776,0.301801802,0.712600000,\left(\mathrm{ZiCo}\right) \cdot \left(\log\left(\log\left(\left(\mathrm{L2Norm}\right) \cdot \left(\mathrm{GraSP} - \mathrm{GradNorm}\right)\right)\right)\right),ZiCo L2-Norm GraSP Grad_Norm Sub Mul Log Log Mul <EOS>,(ZiCo * log(log((L2-Norm * (GraSP - Grad_Norm))))),0.712600000,0.728200000,36,9,6,2186,run_monash_time_unique1000,10,1,TIME__azure2019_D__5T/seed_2186/run_monash_time_unique1000/visualizations/archive_latex.tex
777,0.300900901,0.712500000,\left(\log\left(\log\left(\left(\mathrm{GraSP}\right) \cdot \left(\mathrm{L2Norm}\right) + \mathrm{L2Norm}\right)\right)\right) \cdot \left(\mathrm{ZiCo}\right),GraSP L2-Norm Mul L2-Norm Add Log Log ZiCo Mul <EOS>,(log(log(((GraSP * L2-Norm) + L2-Norm))) * ZiCo),0.712500000,0.733800000,75,9,6,2175,run_monash_time_unique1000,3,1,TIME__azure2019_D__5T/seed_2175/run_monash_time_unique1000/visualizations/archive_latex.tex
778,0.300000000,0.712500000,\frac{-\mathrm{GraSP}}{\frac{\mathrm{GradNorm} - \mathrm{GraSP}}{\mathrm{ZiCo}}},GraSP Negative Grad_Norm GraSP Sub ZiCo Div Div <EOS>,(-(GraSP) / ((Grad_Norm - GraSP) / ZiCo)),0.712500000,0.687900000,86,8,4,2225,run_monash_time_unique1000,3,1,TIME__azure2019_D__5T/seed_2225/run_monash_time_unique1000/visualizations/archive_latex.tex
779,0.299099099,0.712500000,\frac{\log\left(\left(\mathrm{Fisher}\right) \cdot \left(\mathrm{GraSP}\right)\right)}{\mathrm{GraSP}} + \mathrm{ZiCo},Fisher GraSP Mul Log GraSP Div ZiCo Add <EOS>,((log((Fisher * GraSP)) / GraSP) + ZiCo),0.712500000,0.668100000,186,8,5,2060,run_monash_time_unique1000,9,1,TIME__azure2019_D__5T/seed_2060/run_monash_time_unique1000/visualizations/archive_latex.tex
780,0.298198198,0.712500000,\left(\mathrm{ZiCo}\right) \cdot \left(\log\left(\log\left(\left(\mathrm{GraSP}\right) \cdot \left(\mathrm{L2Norm}\right) + \mathrm{L2Norm}\right)\right)\right),ZiCo GraSP L2-Norm Mul L2-Norm Add Log Log Mul <EOS>,(ZiCo * log(log(((GraSP * L2-Norm) + L2-Norm)))),0.712500000,0.733800000,176,9,6,2082,run_monash_time_unique1000,9,1,TIME__azure2019_D__5T/seed_2082/run_monash_time_unique1000/visualizations/archive_latex.tex
781,0.297297297,0.712500000,\left(\mathrm{ZiCo}\right) \cdot \left(\log\left(\log\left(\left(\mathrm{L2Norm}\right) \cdot \left(\mathrm{GraSP}\right) + \mathrm{L2Norm}\right)\right)\right),ZiCo L2-Norm GraSP Mul L2-Norm Add Log Log Mul <EOS>,(ZiCo * log(log(((L2-Norm * GraSP) + L2-Norm)))),0.712500000,0.733800000,16,9,6,2142,run_monash_time_unique1000,10,1,TIME__azure2019_D__5T/seed_2142/run_monash_time_unique1000/visualizations/archive_latex.tex
782,0.296396396,0.712500000,\left(\mathrm{ZiCo}\right) \cdot \left(\frac{-\mathrm{GraSP}}{\mathrm{GradNorm} - \mathrm{GraSP}}\right),ZiCo GraSP Negative Grad_Norm GraSP Sub Div Mul <EOS>,(ZiCo * (-(GraSP) / (Grad_Norm - GraSP))),0.712500000,0.687900000,105,8,4,2216,run_monash_time_unique1000,10,1,TIME__azure2019_D__5T/seed_2216/run_monash_time_unique1000/visualizations/archive_latex.tex
783,0.295495495,0.712400000,\frac{\log\left(\mathrm{Jacov}\right)}{\mathrm{GraSP}} + \log\left(\mathrm{ZiCo}\right),Jacov Log GraSP Div ZiCo Log Add <EOS>,((log(Jacov) / GraSP) + log(ZiCo)),0.712400000,0.738300000,197,7,4,2218,run_monash_time_unique1000,5,1,TIME__azure2019_D__5T/seed_2218/run_monash_time_unique1000/visualizations/archive_latex.tex
784,0.294594595,0.712200000,\left(\left(\left(\mathrm{ZiCo}\right) \cdot \left(\mathrm{ZiCo}\right)\right)^2\right) \cdot \left(\sqrt{\log\left(\mathrm{GraSP}\right)}\right),ZiCo ZiCo Mul Square GraSP Log Sqrt Mul <EOS>,(square((ZiCo * ZiCo)) * sqrt(log(GraSP))),0.712200000,0.681200000,16,8,4,2125,run_monash_time_unique1000,6,2,TIME__azure2019_D__5T/seed_2125/run_monash_time_unique1000/visualizations/archive_latex.tex
785,0.293693694,0.712200000,\left(\log\left(\left(\mathrm{GraSP}\right) \cdot \left(\mathrm{L2Norm} - \mathrm{GradNorm}\right)\right)\right) \cdot \left(\left(\mathrm{ZiCo}\right)^2\right),GraSP L2-Norm Grad_Norm Sub Mul Log ZiCo Square Mul <EOS>,(log((GraSP * (L2-Norm - Grad_Norm))) * square(ZiCo)),0.712200000,0.730500000,60,9,5,2029,run_monash_time_unique1000,7,2,TIME__azure2019_D__5T/seed_2029/run_monash_time_unique1000/visualizations/archive_latex.tex
786,0.292792793,0.712200000,\left(\left(\mathrm{ZiCo}\right)^2\right) \cdot \left(\left(\left(\mathrm{ZiCo}\right)^2\right) \cdot \left(\sqrt{\log\left(\mathrm{GraSP}\right)}\right)\right),ZiCo Square ZiCo Square GraSP Log Sqrt Mul Mul <EOS>,(square(ZiCo) * (square(ZiCo) * sqrt(log(GraSP)))),0.712200000,0.681200000,55,9,5,2069,run_monash_time_unique1000,7,1,TIME__azure2019_D__5T/seed_2069/run_monash_time_unique1000/visualizations/archive_latex.tex
787,0.291891892,0.712200000,\left(\left(\mathrm{ZiCo}\right)^2\right) \cdot \left(\log\left(\left(\mathrm{GraSP}\right) \cdot \left(\mathrm{L2Norm} - \mathrm{GradNorm}\right)\right)\right),ZiCo Square GraSP L2-Norm Grad_Norm Sub Mul Log Mul <EOS>,(square(ZiCo) * log((GraSP * (L2-Norm - Grad_Norm)))),0.712200000,0.730500000,176,9,5,2096,run_monash_time_unique1000,7,3,TIME__azure2019_D__5T/seed_2096/run_monash_time_unique1000/visualizations/archive_latex.tex
788,0.290990991,0.712200000,\left(\sqrt{\log\left(\left(\mathrm{L2Norm} - \mathrm{GradNorm}\right) \cdot \left(\mathrm{GraSP}\right)\right)}\right) \cdot \left(\mathrm{ZiCo}\right),L2-Norm Grad_Norm Sub GraSP Mul Log Sqrt ZiCo Mul <EOS>,(sqrt(log(((L2-Norm - Grad_Norm) * GraSP))) * ZiCo),0.712200000,0.730500000,15,9,6,2127,run_monash_time_unique1000,8,1,TIME__azure2019_D__5T/seed_2127/run_monash_time_unique1000/visualizations/archive_latex.tex
789,0.290090090,0.712200000,\left(\log\left(\left(\mathrm{L2Norm} - \mathrm{GradNorm}\right) \cdot \left(\mathrm{GraSP}\right)\right)\right) \cdot \left(\left(\mathrm{ZiCo}\right)^2\right),L2-Norm Grad_Norm Sub GraSP Mul Log ZiCo Square Mul <EOS>,(log(((L2-Norm - Grad_Norm) * GraSP)) * square(ZiCo)),0.712200000,0.730500000,184,9,5,2145,run_monash_time_unique1000,8,1,TIME__azure2019_D__5T/seed_2145/run_monash_time_unique1000/visualizations/archive_latex.tex
790,0.289189189,0.712200000,\left(\log\left(\left(\mathrm{GradNorm} - \mathrm{L2Norm}\right) \cdot \left(\mathrm{GraSP}\right)\right)\right) \cdot \left(\left(\mathrm{ZiCo}\right)^2\right),Grad_Norm L2-Norm Sub GraSP Mul Log ZiCo Square Mul <EOS>,(log(((Grad_Norm - L2-Norm) * GraSP)) * square(ZiCo)),0.712200000,0.730500000,196,9,5,2238,run_monash_time_unique1000,8,1,TIME__azure2019_D__5T/seed_2238/run_monash_time_unique1000/visualizations/archive_latex.tex
791,0.288288288,0.712200000,\left(\sqrt{\log\left(\left(\mathrm{GraSP}\right) \cdot \left(\mathrm{GradNorm} - \mathrm{L2Norm}\right)\right)}\right) \cdot \left(\mathrm{ZiCo}\right),GraSP Grad_Norm L2-Norm Sub Mul Log Sqrt ZiCo Mul <EOS>,(sqrt(log((GraSP * (Grad_Norm - L2-Norm)))) * ZiCo),0.712200000,0.730500000,104,9,6,2195,run_monash_time_unique1000,9,1,TIME__azure2019_D__5T/seed_2195/run_monash_time_unique1000/visualizations/archive_latex.tex
792,0.287387387,0.712200000,\left(\left(\mathrm{ZiCo}\right)^2\right) \cdot \left(\log\left(\left(\mathrm{L2Norm} - \mathrm{GradNorm}\right) \cdot \left(\mathrm{GraSP}\right)\right)\right),ZiCo Square L2-Norm Grad_Norm Sub GraSP Mul Log Mul <EOS>,(square(ZiCo) * log(((L2-Norm - Grad_Norm) * GraSP))),0.712200000,0.730500000,121,9,5,2043,run_monash_time_unique1000,10,1,TIME__azure2019_D__5T/seed_2043/run_monash_time_unique1000/visualizations/archive_latex.tex
793,0.286486486,0.712200000,\left(\mathrm{ZiCo}\right) \cdot \left(\log\left(\log\left(\left(\mathrm{L2Norm} - \mathrm{GraSP}\right) \cdot \left(\mathrm{L2Norm}\right)\right)\right)\right),ZiCo L2-Norm GraSP Sub L2-Norm Mul Log Log Mul <EOS>,(ZiCo * log(log(((L2-Norm - GraSP) * L2-Norm)))),0.712200000,0.699500000,33,9,6,2060,run_monash_time_unique1000,10,1,TIME__azure2019_D__5T/seed_2060/run_monash_time_unique1000/visualizations/archive_latex.tex
794,0.285585586,0.712200000,\left(\left(\mathrm{ZiCo}\right)^2\right) \cdot \left(\log\left(\left(\mathrm{GradNorm} - \mathrm{L2Norm}\right) \cdot \left(\mathrm{GraSP}\right)\right)\right),ZiCo Square Grad_Norm L2-Norm Sub GraSP Mul Log Mul <EOS>,(square(ZiCo) * log(((Grad_Norm - L2-Norm) * GraSP))),0.712200000,0.730500000,186,9,5,2079,run_monash_time_unique1000,10,1,TIME__azure2019_D__5T/seed_2079/run_monash_time_unique1000/visualizations/archive_latex.tex
795,0.284684685,0.712200000,\left(\log\left(\left(\mathrm{GraSP}\right) \cdot \left(\mathrm{GradNorm} - \mathrm{L2Norm}\right)\right)\right) \cdot \left(\left(\mathrm{ZiCo}\right)^2\right),GraSP Grad_Norm L2-Norm Sub Mul Log ZiCo Square Mul <EOS>,(log((GraSP * (Grad_Norm - L2-Norm))) * square(ZiCo)),0.712200000,0.730500000,127,9,5,2201,run_monash_time_unique1000,10,1,TIME__azure2019_D__5T/seed_2201/run_monash_time_unique1000/visualizations/archive_latex.tex
796,0.283783784,0.712100000,\left(\log\left(\left(\log\left(\left(\mathrm{GraSP}\right) \cdot \left(\mathrm{L2Norm}\right)\right)\right) \cdot \left(\mathrm{ZiCo}\right)\right)\right) \cdot \left(\mathrm{ZiCo}\right),GraSP L2-Norm Mul Log ZiCo Mul Log ZiCo Mul <EOS>,(log((log((GraSP * L2-Norm)) * ZiCo)) * ZiCo),0.712100000,0.727300000,133,9,6,2223,run_monash_time_unique1000,5,2,TIME__azure2019_D__5T/seed_2223/run_monash_time_unique1000/visualizations/archive_latex.tex
797,0.282882883,0.712000000,\left(\sqrt{\log\left(\left(\mathrm{GraSP}\right) \cdot \left(\sqrt{\mathrm{L2Norm}}\right)\right)}\right) \cdot \left(\left(\mathrm{ZiCo}\right)^2\right),GraSP L2-Norm Sqrt Mul Log Sqrt ZiCo Square Mul <EOS>,(sqrt(log((GraSP * sqrt(L2-Norm)))) * square(ZiCo)),0.712000000,0.708600000,23,9,6,2146,run_monash_time_unique1000,3,1,TIME__azure2019_D__5T/seed_2146/run_monash_time_unique1000/visualizations/archive_latex.tex
798,0.281981982,0.712000000,\left(\left(\mathrm{ZiCo}\right)^2\right) \cdot \left(\sqrt{\log\left(\left(\mathrm{GraSP}\right) \cdot \left(\sqrt{\mathrm{L2Norm}}\right)\right)}\right),ZiCo Square GraSP L2-Norm Sqrt Mul Log Sqrt Mul <EOS>,(square(ZiCo) * sqrt(log((GraSP * sqrt(L2-Norm))))),0.712000000,0.708600000,185,9,6,2062,run_monash_time_unique1000,4,2,TIME__azure2019_D__5T/seed_2062/run_monash_time_unique1000/visualizations/archive_latex.tex
799,0.281081081,0.712000000,\left(\sqrt{\log\left(\left(\sqrt{\mathrm{L2Norm}}\right) \cdot \left(\mathrm{GraSP}\right)\right)}\right) \cdot \left(\left(\mathrm{ZiCo}\right)^2\right),L2-Norm Sqrt GraSP Mul Log Sqrt ZiCo Square Mul <EOS>,(sqrt(log((sqrt(L2-Norm) * GraSP))) * square(ZiCo)),0.712000000,0.708600000,16,9,6,2226,run_monash_time_unique1000,8,3,TIME__azure2019_D__5T/seed_2226/run_monash_time_unique1000/visualizations/archive_latex.tex
800,0.280180180,0.712000000,\left(\left(\mathrm{ZiCo}\right)^2\right) \cdot \left(\sqrt{\log\left(\left(\left(\mathrm{GraSP}\right)^2\right) \cdot \left(\mathrm{L2Norm}\right)\right)}\right),ZiCo Square GraSP Square L2-Norm Mul Log Sqrt Mul <EOS>,(square(ZiCo) * sqrt(log((square(GraSP) * L2-Norm)))),0.712000000,0.708600000,68,9,6,2244,run_monash_time_unique1000,8,4,TIME__azure2019_D__5T/seed_2244/run_monash_time_unique1000/visualizations/archive_latex.tex
801,0.279279279,0.712000000,\left(\left(\mathrm{ZiCo}\right)^2\right) \cdot \left(\sqrt{\log\left(\left(\mathrm{L2Norm}\right) \cdot \left(\left(\mathrm{GraSP}\right)^2\right)\right)}\right),ZiCo Square L2-Norm GraSP Square Mul Log Sqrt Mul <EOS>,(square(ZiCo) * sqrt(log((L2-Norm * square(GraSP))))),0.712000000,0.708600000,183,9,6,2097,run_monash_time_unique1000,9,1,TIME__azure2019_D__5T/seed_2097/run_monash_time_unique1000/visualizations/archive_latex.tex
802,0.278378378,0.711900000,\left(\log\left(\log\left(\left(\mathrm{GraSP}\right) \cdot \left(\mathrm{plain} + \mathrm{L2Norm}\right)\right)\right)\right) \cdot \left(\mathrm{ZiCo}\right),GraSP plain L2-Norm Add Mul Log Log ZiCo Mul <EOS>,(log(log((GraSP * (plain + L2-Norm)))) * ZiCo),0.711900000,0.729900000,24,9,6,2189,run_monash_time_unique1000,7,1,TIME__azure2019_D__5T/seed_2189/run_monash_time_unique1000/visualizations/archive_latex.tex
803,0.277477477,0.711900000,\left(\left(\mathrm{ZiCo}\right)^2\right) \cdot \left(\sqrt{\mathrm{ZiCo} + \log\left(\log\left(\mathrm{GraSP}\right)\right)}\right),ZiCo Square ZiCo GraSP Log Log Add Sqrt Mul <EOS>,(square(ZiCo) * sqrt((ZiCo + log(log(GraSP))))),0.711900000,0.651800000,61,9,6,2069,run_monash_time_unique1000,8,1,TIME__azure2019_D__5T/seed_2069/run_monash_time_unique1000/visualizations/archive_latex.tex
804,0.276576577,0.711900000,\left(\mathrm{ZiCo}\right) \cdot \left(\log\left(\log\left(\left(\mathrm{L2Norm} + \mathrm{plain}\right) \cdot \left(\mathrm{GraSP}\right)\right)\right)\right),ZiCo L2-Norm plain Add GraSP Mul Log Log Mul <EOS>,(ZiCo * log(log(((L2-Norm + plain) * GraSP)))),0.711900000,0.729900000,33,9,6,2099,run_monash_time_unique1000,8,1,TIME__azure2019_D__5T/seed_2099/run_monash_time_unique1000/visualizations/archive_latex.tex
805,0.275675676,0.711900000,\left(\log\left(\log\left(\left(\mathrm{GraSP}\right) \cdot \left(\mathrm{L2Norm} + \mathrm{plain}\right)\right)\right)\right) \cdot \left(\mathrm{ZiCo}\right),GraSP L2-Norm plain Add Mul Log Log ZiCo Mul <EOS>,(log(log((GraSP * (L2-Norm + plain)))) * ZiCo),0.711900000,0.729900000,50,9,6,2178,run_monash_time_unique1000,9,2,TIME__azure2019_D__5T/seed_2178/run_monash_time_unique1000/visualizations/archive_latex.tex
806,0.274774775,0.711800000,\left(\log\left(\log\left(\left(\mathrm{GraSP}\right) \cdot \left(\sqrt{\mathrm{GFLOPs}}\right)\right)\right)\right) \cdot \left(\left(\mathrm{ZiCo}\right)^2\right),GraSP GFLOPs Sqrt Mul Log Log ZiCo Square Mul <EOS>,(log(log((GraSP * sqrt(GFLOPs)))) * square(ZiCo)),0.711800000,0.749900000,63,9,6,2223,run_monash_time_unique1000,6,4,TIME__azure2019_D__5T/seed_2223/run_monash_time_unique1000/visualizations/archive_latex.tex
807,0.273873874,0.711800000,\left(\left(\mathrm{ZiCo}\right)^2\right) \cdot \left(\log\left(\log\left(\left(\sqrt{\mathrm{GFLOPs}}\right) \cdot \left(\mathrm{GraSP}\right)\right)\right)\right),ZiCo Square GFLOPs Sqrt GraSP Mul Log Log Mul <EOS>,(square(ZiCo) * log(log((sqrt(GFLOPs) * GraSP)))),0.711800000,0.749900000,109,9,6,2227,run_monash_time_unique1000,6,4,TIME__azure2019_D__5T/seed_2227/run_monash_time_unique1000/visualizations/archive_latex.tex
808,0.272972973,0.711800000,\left(\left(\mathrm{ZiCo}\right)^2\right) \cdot \left(\log\left(\log\left(\left(\mathrm{GraSP}\right) \cdot \left(\sqrt{\mathrm{GFLOPs}}\right)\right)\right)\right),ZiCo Square GraSP GFLOPs Sqrt Mul Log Log Mul <EOS>,(square(ZiCo) * log(log((GraSP * sqrt(GFLOPs))))),0.711800000,0.749900000,47,9,6,2154,run_monash_time_unique1000,8,3,TIME__azure2019_D__5T/seed_2154/run_monash_time_unique1000/visualizations/archive_latex.tex
809,0.272072072,0.711700000,\mathrm{ZiCo} + \frac{\mathrm{ZiCo}}{\mathrm{GraSP}} - \left(\mathrm{ZiCo}\right)^2,ZiCo ZiCo GraSP Div ZiCo Square Sub Add <EOS>,(ZiCo + ((ZiCo / GraSP) - square(ZiCo))),0.711700000,0.738400000,184,8,4,2218,run_monash_time_unique1000,6,1,TIME__azure2019_D__5T/seed_2218/run_monash_time_unique1000/visualizations/archive_latex.tex
810,0.271171171,0.711600000,\left(\log\left(\left(\mathrm{Snip}\right) \cdot \left(\frac{\mathrm{GFLOPs}}{\mathrm{MParams}}\right)\right)\right) \cdot \left(\left(\mathrm{ZiCo}\right)^2\right),Snip GFLOPs MParams Div Mul Log ZiCo Square Mul <EOS>,(log((Snip * (GFLOPs / MParams))) * square(ZiCo)),0.711600000,0.703400000,132,9,5,2165,run_monash_time_unique1000,5,2,TIME__azure2019_D__5T/seed_2165/run_monash_time_unique1000/visualizations/archive_latex.tex
811,0.270270270,0.711600000,\frac{\mathrm{ZiCo} - -\mathrm{plain}}{\mathrm{GraSP}} + \mathrm{ZiCo},ZiCo plain Negative Sub GraSP Div ZiCo Add <EOS>,(((ZiCo - -(plain)) / GraSP) + ZiCo),0.711600000,0.697700000,67,8,5,2259,run_monash_time_unique1000,5,1,TIME__azure2019_D__5T/seed_2259/run_monash_time_unique1000/visualizations/archive_latex.tex
812,0.269369369,0.711600000,\left(\log\left(\frac{\mathrm{GFLOPs}}{\frac{\mathrm{MParams}}{\mathrm{Snip}}}\right)\right) \cdot \left(\left(\mathrm{ZiCo}\right)^2\right),GFLOPs MParams Snip Div Div Log ZiCo Square Mul <EOS>,(log((GFLOPs / (MParams / Snip))) * square(ZiCo)),0.711600000,0.703400000,32,9,5,2166,run_monash_time_unique1000,7,1,TIME__azure2019_D__5T/seed_2166/run_monash_time_unique1000/visualizations/archive_latex.tex
813,0.268468468,0.711600000,\left(\log\left(\log\left(\left(\mathrm{L2Norm}\right) \cdot \left(\mathrm{GraSP} + \mathrm{GradNorm}\right)\right)\right)\right) \cdot \left(\mathrm{ZiCo}\right),L2-Norm GraSP Grad_Norm Add Mul Log Log ZiCo Mul <EOS>,(log(log((L2-Norm * (GraSP + Grad_Norm)))) * ZiCo),0.711600000,0.735400000,49,9,6,2064,run_monash_time_unique1000,8,3,TIME__azure2019_D__5T/seed_2064/run_monash_time_unique1000/visualizations/archive_latex.tex
814,0.267567568,0.711600000,\left(\log\left(\log\left(\left(\mathrm{GraSP} + \mathrm{GradNorm}\right) \cdot \left(\mathrm{L2Norm}\right)\right)\right)\right) \cdot \left(\mathrm{ZiCo}\right),GraSP Grad_Norm Add L2-Norm Mul Log Log ZiCo Mul <EOS>,(log(log(((GraSP + Grad_Norm) * L2-Norm))) * ZiCo),0.711600000,0.735400000,14,9,6,2159,run_monash_time_unique1000,8,1,TIME__azure2019_D__5T/seed_2159/run_monash_time_unique1000/visualizations/archive_latex.tex
815,0.266666667,0.711600000,\left(\left(\mathrm{ZiCo}\right)^2\right) \cdot \left(\log\left(\frac{\left(\mathrm{GFLOPs}\right) \cdot \left(\mathrm{Snip}\right)}{\mathrm{MParams}}\right)\right),ZiCo Square GFLOPs Snip Mul MParams Div Log Mul <EOS>,(square(ZiCo) * log(((GFLOPs * Snip) / MParams))),0.711600000,0.703400000,66,9,5,2163,run_monash_time_unique1000,8,1,TIME__azure2019_D__5T/seed_2163/run_monash_time_unique1000/visualizations/archive_latex.tex
816,0.265765766,0.711600000,\left(\mathrm{ZiCo}\right) \cdot \left(\sqrt{\log\left(\frac{\left(\mathrm{Snip}\right) \cdot \left(\mathrm{GFLOPs}\right)}{\mathrm{MParams}}\right)}\right),ZiCo Snip GFLOPs Mul MParams Div Log Sqrt Mul <EOS>,(ZiCo * sqrt(log(((Snip * GFLOPs) / MParams)))),0.711600000,0.703400000,156,9,6,2136,run_monash_time_unique1000,9,1,TIME__azure2019_D__5T/seed_2136/run_monash_time_unique1000/visualizations/archive_latex.tex
817,0.264864865,0.711600000,\left(\log\left(\frac{\left(\mathrm{Snip}\right) \cdot \left(\mathrm{GFLOPs}\right)}{\mathrm{MParams}}\right)\right) \cdot \left(\left(\mathrm{ZiCo}\right)^2\right),Snip GFLOPs Mul MParams Div Log ZiCo Square Mul <EOS>,(log(((Snip * GFLOPs) / MParams)) * square(ZiCo)),0.711600000,0.703400000,171,9,5,2046,run_monash_time_unique1000,10,1,TIME__azure2019_D__5T/seed_2046/run_monash_time_unique1000/visualizations/archive_latex.tex
818,0.263963964,0.711600000,\left(\mathrm{ZiCo}\right) \cdot \left(\sqrt{\log\left(\frac{\mathrm{Snip}}{\frac{\mathrm{MParams}}{\mathrm{GFLOPs}}}\right)}\right),ZiCo Snip MParams GFLOPs Div Div Log Sqrt Mul <EOS>,(ZiCo * sqrt(log((Snip / (MParams / GFLOPs))))),0.711600000,0.703400000,159,9,6,2081,run_monash_time_unique1000,10,1,TIME__azure2019_D__5T/seed_2081/run_monash_time_unique1000/visualizations/archive_latex.tex
819,0.263063063,0.711600000,\left(\left(\mathrm{ZiCo}\right)^2\right) \cdot \left(\log\left(\frac{\mathrm{Snip}}{\frac{\mathrm{MParams}}{\mathrm{GFLOPs}}}\right)\right),ZiCo Square Snip MParams GFLOPs Div Div Log Mul <EOS>,(square(ZiCo) * log((Snip / (MParams / GFLOPs)))),0.711600000,0.703400000,114,9,5,2097,run_monash_time_unique1000,10,1,TIME__azure2019_D__5T/seed_2097/run_monash_time_unique1000/visualizations/archive_latex.tex
820,0.262162162,0.711600000,\left(\mathrm{ZiCo}\right) \cdot \left(\log\left(\log\left(\left(\mathrm{L2Norm}\right) \cdot \left(\mathrm{GraSP} + \mathrm{GradNorm}\right)\right)\right)\right),ZiCo L2-Norm GraSP Grad_Norm Add Mul Log Log Mul <EOS>,(ZiCo * log(log((L2-Norm * (GraSP + Grad_Norm))))),0.711600000,0.735400000,61,9,6,2136,run_monash_time_unique1000,10,1,TIME__azure2019_D__5T/seed_2136/run_monash_time_unique1000/visualizations/archive_latex.tex
821,0.261261261,0.711600000,\left(\mathrm{ZiCo}\right) \cdot \left(\log\left(\log\left(\left(\mathrm{GraSP} + \mathrm{GradNorm}\right) \cdot \left(\mathrm{L2Norm}\right)\right)\right)\right),ZiCo GraSP Grad_Norm Add L2-Norm Mul Log Log Mul <EOS>,(ZiCo * log(log(((GraSP + Grad_Norm) * L2-Norm)))),0.711600000,0.735400000,59,9,6,2156,run_monash_time_unique1000,10,2,TIME__azure2019_D__5T/seed_2156/run_monash_time_unique1000/visualizations/archive_latex.tex
822,0.260360360,0.711600000,\left(\left(\mathrm{ZiCo}\right)^2\right) \cdot \left(\log\left(\frac{\left(\mathrm{Snip}\right) \cdot \left(\mathrm{GFLOPs}\right)}{\mathrm{MParams}}\right)\right),ZiCo Square Snip GFLOPs Mul MParams Div Log Mul <EOS>,(square(ZiCo) * log(((Snip * GFLOPs) / MParams))),0.711600000,0.703400000,165,9,5,2208,run_monash_time_unique1000,10,1,TIME__azure2019_D__5T/seed_2208/run_monash_time_unique1000/visualizations/archive_latex.tex
823,0.259459459,0.711600000,\left(\left(\mathrm{ZiCo}\right)^2\right) \cdot \left(\log\left(\left(\frac{\mathrm{GFLOPs}}{\mathrm{MParams}}\right) \cdot \left(\mathrm{Snip}\right)\right)\right),ZiCo Square GFLOPs MParams Div Snip Mul Log Mul <EOS>,(square(ZiCo) * log(((GFLOPs / MParams) * Snip))),0.711600000,0.703400000,162,9,5,2244,run_monash_time_unique1000,10,1,TIME__azure2019_D__5T/seed_2244/run_monash_time_unique1000/visualizations/archive_latex.tex
824,0.258558559,0.711500000,\mathrm{ZiCo} - \left(\frac{\sqrt{\mathrm{ZiCo}}}{\log\left(\mathrm{GraSP}\right)}\right)^2,ZiCo ZiCo Sqrt GraSP Log Div Square Sub <EOS>,(ZiCo - square((sqrt(ZiCo) / log(GraSP)))),0.711500000,0.660200000,183,8,5,2051,run_monash_time_unique1000,1,1,TIME__azure2019_D__5T/seed_2051/run_monash_time_unique1000/visualizations/archive_latex.tex
825,0.257657658,0.711500000,\mathrm{ZiCo} + \frac{\log\left(\sqrt{\mathrm{JacobFro}}\right)}{\mathrm{GraSP}},ZiCo Jacob_fro Sqrt Log GraSP Div Add <EOS>,(ZiCo + (log(sqrt(Jacob_fro)) / GraSP)),0.711500000,0.738600000,48,7,5,2219,run_monash_time_unique1000,6,1,TIME__azure2019_D__5T/seed_2219/run_monash_time_unique1000/visualizations/archive_latex.tex
826,0.256756757,0.711500000,\frac{\log\left(\sqrt{\mathrm{JacobFro}}\right)}{\mathrm{GraSP}} + \mathrm{ZiCo},Jacob_fro Sqrt Log GraSP Div ZiCo Add <EOS>,((log(sqrt(Jacob_fro)) / GraSP) + ZiCo),0.711500000,0.738600000,193,7,5,2218,run_monash_time_unique1000,7,1,TIME__azure2019_D__5T/seed_2218/run_monash_time_unique1000/visualizations/archive_latex.tex
827,0.255855856,0.711500000,\mathrm{ZiCo} + \frac{\log\left(\mathrm{JacobFro}\right)}{\mathrm{GraSP}} + \mathrm{ZiCo},ZiCo Jacob_fro Log GraSP Div Add ZiCo Add <EOS>,((ZiCo + (log(Jacob_fro) / GraSP)) + ZiCo),0.711500000,0.738600000,169,8,5,2227,run_monash_time_unique1000,7,1,TIME__azure2019_D__5T/seed_2227/run_monash_time_unique1000/visualizations/archive_latex.tex
828,0.254954955,0.711400000,\mathrm{ZiCo} + \frac{\mathrm{plain}}{\mathrm{GraSP} + \mathrm{MParams}},ZiCo plain GraSP MParams Add Div Add <EOS>,(ZiCo + (plain / (GraSP + MParams))),0.711400000,0.680200000,113,7,4,2194,run_monash_time_unique1000,9,1,TIME__azure2019_D__5T/seed_2194/run_monash_time_unique1000/visualizations/archive_latex.tex
829,0.254054054,0.711300000,\mathrm{ZiCo} + \frac{\sqrt{\log\left(\mathrm{GraSP}\right)}}{\mathrm{GraSP}},ZiCo GraSP Log Sqrt GraSP Div Add <EOS>,(ZiCo + (sqrt(log(GraSP)) / GraSP)),0.711300000,0.727400000,138,7,5,2219,run_monash_time_unique1000,7,1,TIME__azure2019_D__5T/seed_2219/run_monash_time_unique1000/visualizations/archive_latex.tex
830,0.253153153,0.711300000,\frac{\left(\mathrm{GradNorm}\right) \cdot \left(\mathrm{plain}\right)}{\mathrm{GraSP}} + \mathrm{ZiCo},Grad_Norm plain Mul GraSP Div ZiCo Add <EOS>,(((Grad_Norm * plain) / GraSP) + ZiCo),0.711300000,0.692000000,111,7,4,2170,run_monash_time_unique1000,8,1,TIME__azure2019_D__5T/seed_2170/run_monash_time_unique1000/visualizations/archive_latex.tex
831,0.252252252,0.711300000,\frac{\sqrt{\log\left(\mathrm{GraSP}\right)}}{\mathrm{GraSP}} + \mathrm{ZiCo},GraSP Log Sqrt GraSP Div ZiCo Add <EOS>,((sqrt(log(GraSP)) / GraSP) + ZiCo),0.711300000,0.727400000,200,7,5,2218,run_monash_time_unique1000,8,1,TIME__azure2019_D__5T/seed_2218/run_monash_time_unique1000/visualizations/archive_latex.tex
832,0.251351351,0.711300000,\left(\frac{\left(\sqrt{\mathrm{plain}}\right)^2}{\mathrm{GraSP}}\right) \cdot \left(\mathrm{GradNorm}\right) + \mathrm{ZiCo},plain Sqrt Square GraSP Div Grad_Norm Mul ZiCo Add <EOS>,(((square(sqrt(plain)) / GraSP) * Grad_Norm) + ZiCo),0.711300000,0.692000000,200,9,6,2218,run_monash_time_unique1000,9,1,TIME__azure2019_D__5T/seed_2218/run_monash_time_unique1000/visualizations/archive_latex.tex
833,0.250450450,0.711200000,\left(\left(\left(\mathrm{ZiCo}\right) \cdot \left(\mathrm{ZiCo}\right)\right)^2\right) \cdot \left(\frac{\sqrt{\mathrm{GraSP}}}{\mathrm{GradNorm}}\right),ZiCo ZiCo Mul Square GraSP Sqrt Grad_Norm Div Mul <EOS>,(square((ZiCo * ZiCo)) * (sqrt(GraSP) / Grad_Norm)),0.711200000,0.639300000,195,9,4,2052,run_monash_time_unique1000,2,1,TIME__azure2019_D__5T/seed_2052/run_monash_time_unique1000/visualizations/archive_latex.tex
834,0.249549550,0.711200000,\left(\left(\mathrm{ZiCo}\right)^2\right) \cdot \left(\sqrt{\frac{\sqrt{\mathrm{GraSP}}}{\mathrm{GradNorm}}}\right),ZiCo Square GraSP Sqrt Grad_Norm Div Sqrt Mul <EOS>,(square(ZiCo) * sqrt((sqrt(GraSP) / Grad_Norm))),0.711200000,0.639300000,195,8,5,2053,run_monash_time_unique1000,5,2,TIME__azure2019_D__5T/seed_2053/run_monash_time_unique1000/visualizations/archive_latex.tex
835,0.248648649,0.711200000,\left(\sqrt{\frac{\sqrt{\mathrm{GraSP}}}{\mathrm{GradNorm}}}\right) \cdot \left(\left(\mathrm{ZiCo}\right)^2\right),GraSP Sqrt Grad_Norm Div Sqrt ZiCo Square Mul <EOS>,(sqrt((sqrt(GraSP) / Grad_Norm)) * square(ZiCo)),0.711200000,0.639300000,195,8,5,2165,run_monash_time_unique1000,6,1,TIME__azure2019_D__5T/seed_2165/run_monash_time_unique1000/visualizations/archive_latex.tex
836,0.247747748,0.711200000,\frac{\log\left(\log\left(\mathrm{ZiCo}\right)\right)}{\log\left(\mathrm{GraSP}\right)} + \mathrm{ZiCo},ZiCo Log Log GraSP Log Div ZiCo Add <EOS>,((log(log(ZiCo)) / log(GraSP)) + ZiCo),0.711200000,0.678100000,93,8,5,2219,run_monash_time_unique1000,8,2,TIME__azure2019_D__5T/seed_2219/run_monash_time_unique1000/visualizations/archive_latex.tex
837,0.246846847,0.711200000,\mathrm{ZiCo} + \left(\mathrm{ZiCo}\right) \cdot \left(\log\left(\log\left(\frac{\mathrm{plain}}{\mathrm{GraSP}}\right)\right)\right),ZiCo ZiCo plain GraSP Div Log Log Mul Add <EOS>,(ZiCo + (ZiCo * log(log((plain / GraSP))))),0.711200000,0.751800000,126,9,6,2069,run_monash_time_unique1000,9,1,TIME__azure2019_D__5T/seed_2069/run_monash_time_unique1000/visualizations/archive_latex.tex
838,0.245945946,0.711200000,\mathrm{ZiCo} + \left(\log\left(\log\left(\frac{\mathrm{GraSP}}{\mathrm{plain}}\right)\right)\right) \cdot \left(\mathrm{ZiCo}\right),ZiCo GraSP plain Div Log Log ZiCo Mul Add <EOS>,(ZiCo + (log(log((GraSP / plain))) * ZiCo)),0.711200000,0.751800000,19,9,6,2100,run_monash_time_unique1000,9,1,TIME__azure2019_D__5T/seed_2100/run_monash_time_unique1000/visualizations/archive_latex.tex
839,0.245045045,0.711200000,\left(\mathrm{ZiCo}\right) \cdot \left(\log\left(\log\left(\frac{\mathrm{GraSP}}{\mathrm{plain}}\right)\right)\right) + \mathrm{ZiCo},ZiCo GraSP plain Div Log Log Mul ZiCo Add <EOS>,((ZiCo * log(log((GraSP / plain)))) + ZiCo),0.711200000,0.751800000,174,9,6,2191,run_monash_time_unique1000,10,1,TIME__azure2019_D__5T/seed_2191/run_monash_time_unique1000/visualizations/archive_latex.tex
840,0.244144144,0.711200000,\mathrm{ZiCo} + \frac{\mathrm{plain}}{\mathrm{GraSP} + \mathrm{GFLOPs}},ZiCo plain GraSP GFLOPs Add Div Add <EOS>,(ZiCo + (plain / (GraSP + GFLOPs))),0.711200000,0.647300000,114,7,4,2194,run_monash_time_unique1000,10,1,TIME__azure2019_D__5T/seed_2194/run_monash_time_unique1000/visualizations/archive_latex.tex
841,0.243243243,0.711000000,\mathrm{ZiCo} + \frac{\left(\log\left(\mathrm{GraSP}\right)\right) \cdot \left(\mathrm{ZiCo}\right)}{\mathrm{GraSP}},ZiCo GraSP Log ZiCo Mul GraSP Div Add <EOS>,(ZiCo + ((log(GraSP) * ZiCo) / GraSP)),0.711000000,0.698600000,74,8,5,2227,run_monash_time_unique1000,9,1,TIME__azure2019_D__5T/seed_2227/run_monash_time_unique1000/visualizations/archive_latex.tex
842,0.242342342,0.710800000,\left(\left(\frac{\left(\mathrm{ZiCo}\right)^2}{\log\left(\mathrm{ZiCo}\right)}\right)^2\right) \cdot \left(\log\left(\mathrm{GraSP}\right)\right),ZiCo Square ZiCo Log Div Square GraSP Log Mul <EOS>,(square((square(ZiCo) / log(ZiCo))) * log(GraSP)),0.710800000,0.704400000,91,9,5,2074,run_monash_time_unique1000,2,1,TIME__azure2019_D__5T/seed_2074/run_monash_time_unique1000/visualizations/archive_latex.tex
843,0.241441441,0.710800000,\left(\log\left(\log\left(\left(\mathrm{GraSP}\right) \cdot \left(\mathrm{L2Norm}\right) - \mathrm{Jacov}\right)\right)\right) \cdot \left(\mathrm{ZiCo}\right),GraSP L2-Norm Mul Jacov Sub Log Log ZiCo Mul <EOS>,(log(log(((GraSP * L2-Norm) - Jacov))) * ZiCo),0.710800000,0.738300000,90,9,6,2175,run_monash_time_unique1000,4,2,TIME__azure2019_D__5T/seed_2175/run_monash_time_unique1000/visualizations/archive_latex.tex
844,0.240540541,0.710800000,\left(\mathrm{ZiCo}\right) \cdot \left(\sqrt{\frac{\sqrt{\log\left(\mathrm{GraSP}\right)}}{\log\left(\mathrm{ZiCo}\right)}}\right),ZiCo GraSP Log Sqrt ZiCo Log Div Sqrt Mul <EOS>,(ZiCo * sqrt((sqrt(log(GraSP)) / log(ZiCo)))),0.710800000,0.704400000,85,9,6,2053,run_monash_time_unique1000,6,2,TIME__azure2019_D__5T/seed_2053/run_monash_time_unique1000/visualizations/archive_latex.tex
845,0.239639640,0.710800000,\left(\log\left(\mathrm{GraSP}\right)\right) \cdot \left(\left(\frac{\left(\mathrm{ZiCo}\right)^2}{\log\left(\mathrm{ZiCo}\right)}\right)^2\right),GraSP Log ZiCo Square ZiCo Log Div Square Mul <EOS>,(log(GraSP) * square((square(ZiCo) / log(ZiCo)))),0.710800000,0.704400000,45,9,5,2223,run_monash_time_unique1000,7,1,TIME__azure2019_D__5T/seed_2223/run_monash_time_unique1000/visualizations/archive_latex.tex
846,0.238738739,0.710800000,\left(\sqrt{\frac{\sqrt{\log\left(\mathrm{GraSP}\right)}}{\log\left(\mathrm{ZiCo}\right)}}\right) \cdot \left(\mathrm{ZiCo}\right),GraSP Log Sqrt ZiCo Log Div Sqrt ZiCo Mul <EOS>,(sqrt((sqrt(log(GraSP)) / log(ZiCo))) * ZiCo),0.710800000,0.704400000,149,9,6,2036,run_monash_time_unique1000,8,2,TIME__azure2019_D__5T/seed_2036/run_monash_time_unique1000/visualizations/archive_latex.tex
847,0.237837838,0.710800000,\left(\mathrm{ZiCo}\right) \cdot \left(\log\left(\log\left(\left(\mathrm{L2Norm}\right) \cdot \left(\mathrm{GraSP}\right) - \mathrm{Jacov}\right)\right)\right),ZiCo L2-Norm GraSP Mul Jacov Sub Log Log Mul <EOS>,(ZiCo * log(log(((L2-Norm * GraSP) - Jacov)))),0.710800000,0.738300000,45,9,6,2096,run_monash_time_unique1000,8,1,TIME__azure2019_D__5T/seed_2096/run_monash_time_unique1000/visualizations/archive_latex.tex
848,0.236936937,0.710800000,\left(\mathrm{ZiCo}\right) \cdot \left(\log\left(\log\left(\mathrm{Jacov} - \left(\mathrm{GraSP}\right) \cdot \left(\mathrm{L2Norm}\right)\right)\right)\right),ZiCo Jacov GraSP L2-Norm Mul Sub Log Log Mul <EOS>,(ZiCo * log(log((Jacov - (GraSP * L2-Norm))))),0.710800000,0.738300000,39,9,6,2226,run_monash_time_unique1000,9,1,TIME__azure2019_D__5T/seed_2226/run_monash_time_unique1000/visualizations/archive_latex.tex
849,0.236036036,0.710800000,\left(\log\left(\log\left(\left(\mathrm{L2Norm}\right) \cdot \left(\mathrm{GraSP}\right) - \mathrm{Jacov}\right)\right)\right) \cdot \left(\mathrm{ZiCo}\right),L2-Norm GraSP Mul Jacov Sub Log Log ZiCo Mul <EOS>,(log(log(((L2-Norm * GraSP) - Jacov))) * ZiCo),0.710800000,0.738300000,70,9,6,2178,run_monash_time_unique1000,10,1,TIME__azure2019_D__5T/seed_2178/run_monash_time_unique1000/visualizations/archive_latex.tex
850,0.235135135,0.710800000,\left(\mathrm{ZiCo}\right) \cdot \left(\log\left(\log\left(\left(\mathrm{GraSP}\right) \cdot \left(\mathrm{L2Norm}\right) - \mathrm{Jacov}\right)\right)\right),ZiCo GraSP L2-Norm Mul Jacov Sub Log Log Mul <EOS>,(ZiCo * log(log(((GraSP * L2-Norm) - Jacov)))),0.710800000,0.738300000,81,9,6,2230,run_monash_time_unique1000,10,1,TIME__azure2019_D__5T/seed_2230/run_monash_time_unique1000/visualizations/archive_latex.tex
851,0.234234234,0.710700000,\mathrm{ZiCo} - \frac{\mathrm{Fisher} - \mathrm{plain}}{\mathrm{GraSP}},ZiCo Fisher plain Sub GraSP Div Sub <EOS>,(ZiCo - ((Fisher - plain) / GraSP)),0.710700000,0.670600000,199,7,4,2238,run_monash_time_unique1000,9,1,TIME__azure2019_D__5T/seed_2238/run_monash_time_unique1000/visualizations/archive_latex.tex
852,0.233333333,0.710700000,\frac{\mathrm{GraSP} - \mathrm{plain}}{\left(\mathrm{GraSP}\right)^2} + \mathrm{ZiCo},GraSP plain Sub GraSP Square Div ZiCo Add <EOS>,(((GraSP - plain) / square(GraSP)) + ZiCo),0.710700000,0.675900000,8,8,4,2144,run_monash_time_unique1000,10,1,TIME__azure2019_D__5T/seed_2144/run_monash_time_unique1000/visualizations/archive_latex.tex
853,0.232432432,0.710600000,\left(\mathrm{ZiCo}\right) \cdot \left(\log\left(\log\left(\left(\mathrm{MParams} + \mathrm{GraSP}\right) \cdot \left(\mathrm{L2Norm}\right)\right)\right)\right),ZiCo MParams GraSP Add L2-Norm Mul Log Log Mul <EOS>,(ZiCo * log(log(((MParams + GraSP) * L2-Norm)))),0.710600000,0.733800000,81,9,6,2052,run_monash_time_unique1000,3,1,TIME__azure2019_D__5T/seed_2052/run_monash_time_unique1000/visualizations/archive_latex.tex
854,0.231531532,0.710600000,\mathrm{ZiCo} + \frac{\left(-\mathrm{ZiCo}\right)^2}{-\sqrt{\mathrm{GraSP}}},ZiCo ZiCo Negative Square GraSP Sqrt Negative Div Add <EOS>,(ZiCo + (square(-(ZiCo)) / -(sqrt(GraSP)))),0.710600000,0.659500000,147,9,5,2074,run_monash_time_unique1000,3,1,TIME__azure2019_D__5T/seed_2074/run_monash_time_unique1000/visualizations/archive_latex.tex
855,0.230630631,0.710600000,\frac{\log\left(\log\left(\mathrm{GraSP}\right)\right)}{\mathrm{GraSP}} + \mathrm{ZiCo},GraSP Log Log GraSP Div ZiCo Add <EOS>,((log(log(GraSP)) / GraSP) + ZiCo),0.710600000,0.653400000,109,7,5,2170,run_monash_time_unique1000,9,1,TIME__azure2019_D__5T/seed_2170/run_monash_time_unique1000/visualizations/archive_latex.tex
856,0.229729730,0.710600000,\left(\log\left(\log\left(\left(\mathrm{GraSP} + \mathrm{MParams}\right) \cdot \left(\mathrm{L2Norm}\right)\right)\right)\right) \cdot \left(\mathrm{ZiCo}\right),GraSP MParams Add L2-Norm Mul Log Log ZiCo Mul <EOS>,(log(log(((GraSP + MParams) * L2-Norm))) * ZiCo),0.710600000,0.733800000,19,9,6,2159,run_monash_time_unique1000,10,1,TIME__azure2019_D__5T/seed_2159/run_monash_time_unique1000/visualizations/archive_latex.tex
857,0.228828829,0.710600000,\left(\log\left(\log\left(\left(\mathrm{MParams} + \mathrm{GraSP}\right) \cdot \left(\mathrm{L2Norm}\right)\right)\right)\right) \cdot \left(\mathrm{ZiCo}\right),MParams GraSP Add L2-Norm Mul Log Log ZiCo Mul <EOS>,(log(log(((MParams + GraSP) * L2-Norm))) * ZiCo),0.710600000,0.733800000,59,9,6,2184,run_monash_time_unique1000,10,1,TIME__azure2019_D__5T/seed_2184/run_monash_time_unique1000/visualizations/archive_latex.tex
858,0.227927928,0.710600000,\left(\mathrm{ZiCo}\right) \cdot \left(\log\left(\log\left(\left(\mathrm{GraSP} + \mathrm{MParams}\right) \cdot \left(\mathrm{L2Norm}\right)\right)\right)\right),ZiCo GraSP MParams Add L2-Norm Mul Log Log Mul <EOS>,(ZiCo * log(log(((GraSP + MParams) * L2-Norm)))),0.710600000,0.733800000,90,9,6,2226,run_monash_time_unique1000,10,2,TIME__azure2019_D__5T/seed_2226/run_monash_time_unique1000/visualizations/archive_latex.tex
859,0.227027027,0.710500000,\frac{\mathrm{MParams} + \mathrm{GraSP}}{\left(\mathrm{GraSP}\right)^2} + \mathrm{ZiCo},MParams GraSP Add GraSP Square Div ZiCo Add <EOS>,(((MParams + GraSP) / square(GraSP)) + ZiCo),0.710500000,0.673000000,150,8,4,2175,run_monash_time_unique1000,5,1,TIME__azure2019_D__5T/seed_2175/run_monash_time_unique1000/visualizations/archive_latex.tex
860,0.226126126,0.710500000,\left(\left(\left(\mathrm{ZiCo}\right)^2\right) \cdot \left(\mathrm{ZiCo}\right)\right) \cdot \left(\log\left(\log\left(\mathrm{GraSP}\right)\right)\right),ZiCo Square ZiCo Mul GraSP Log Log Mul <EOS>,((square(ZiCo) * ZiCo) * log(log(GraSP))),0.710500000,0.723600000,14,8,4,2125,run_monash_time_unique1000,7,1,TIME__azure2019_D__5T/seed_2125/run_monash_time_unique1000/visualizations/archive_latex.tex
861,0.225225225,0.710500000,\left(\log\left(\frac{\log\left(\left(\mathrm{GraSP}\right) \cdot \left(\mathrm{L2Norm}\right)\right)}{\mathrm{ZiCo}}\right)\right) \cdot \left(\mathrm{ZiCo}\right),GraSP L2-Norm Mul Log ZiCo Div Log ZiCo Mul <EOS>,(log((log((GraSP * L2-Norm)) / ZiCo)) * ZiCo),0.710500000,0.735800000,106,9,6,2058,run_monash_time_unique1000,8,2,TIME__azure2019_D__5T/seed_2058/run_monash_time_unique1000/visualizations/archive_latex.tex
862,0.224324324,0.710500000,\left(\log\left(\frac{\log\left(\left(\mathrm{L2Norm}\right) \cdot \left(\mathrm{GraSP}\right)\right)}{\mathrm{ZiCo}}\right)\right) \cdot \left(\mathrm{ZiCo}\right),L2-Norm GraSP Mul Log ZiCo Div Log ZiCo Mul <EOS>,(log((log((L2-Norm * GraSP)) / ZiCo)) * ZiCo),0.710500000,0.735800000,49,9,6,2120,run_monash_time_unique1000,8,1,TIME__azure2019_D__5T/seed_2120/run_monash_time_unique1000/visualizations/archive_latex.tex
863,0.223423423,0.710500000,\left(\mathrm{ZiCo}\right) \cdot \left(\log\left(\frac{\log\left(\left(\mathrm{L2Norm}\right) \cdot \left(\mathrm{GraSP}\right)\right)}{\mathrm{ZiCo}}\right)\right),ZiCo L2-Norm GraSP Mul Log ZiCo Div Log Mul <EOS>,(ZiCo * log((log((L2-Norm * GraSP)) / ZiCo))),0.710500000,0.735800000,27,9,6,2099,run_monash_time_unique1000,9,1,TIME__azure2019_D__5T/seed_2099/run_monash_time_unique1000/visualizations/archive_latex.tex
864,0.222522523,0.710500000,\left(\left(\mathrm{ZiCo}\right) \cdot \left(\log\left(\log\left(\mathrm{GraSP}\right)\right)\right)\right) \cdot \left(\left(\mathrm{ZiCo}\right)^2\right),ZiCo GraSP Log Log Mul ZiCo Square Mul <EOS>,((ZiCo * log(log(GraSP))) * square(ZiCo)),0.710500000,0.723600000,61,8,5,2220,run_monash_time_unique1000,9,1,TIME__azure2019_D__5T/seed_2220/run_monash_time_unique1000/visualizations/archive_latex.tex
865,0.221621622,0.710500000,\left(\mathrm{ZiCo}\right) \cdot \left(\sqrt{\left(\mathrm{ZiCo}\right) \cdot \left(\log\left(\log\left(\mathrm{GraSP}\right)\right)\right)}\right),ZiCo ZiCo GraSP Log Log Mul Sqrt Mul <EOS>,(ZiCo * sqrt((ZiCo * log(log(GraSP))))),0.710500000,0.684600000,57,8,6,2035,run_monash_time_unique1000,10,1,TIME__azure2019_D__5T/seed_2035/run_monash_time_unique1000/visualizations/archive_latex.tex
866,0.220720721,0.710500000,\left(\mathrm{ZiCo}\right) \cdot \left(\sqrt{\left(\log\left(\log\left(\mathrm{GraSP}\right)\right)\right) \cdot \left(\mathrm{ZiCo}\right)}\right),ZiCo GraSP Log Log ZiCo Mul Sqrt Mul <EOS>,(ZiCo * sqrt((log(log(GraSP)) * ZiCo))),0.710500000,0.684600000,137,8,6,2099,run_monash_time_unique1000,10,1,TIME__azure2019_D__5T/seed_2099/run_monash_time_unique1000/visualizations/archive_latex.tex
867,0.219819820,0.710500000,\left(\left(\log\left(\log\left(\mathrm{GraSP}\right)\right)\right) \cdot \left(\left(\mathrm{ZiCo}\right)^2\right)\right) \cdot \left(\mathrm{ZiCo}\right),GraSP Log Log ZiCo Square Mul ZiCo Mul <EOS>,((log(log(GraSP)) * square(ZiCo)) * ZiCo),0.710500000,0.723600000,100,8,5,2141,run_monash_time_unique1000,10,1,TIME__azure2019_D__5T/seed_2141/run_monash_time_unique1000/visualizations/archive_latex.tex
868,0.218918919,0.710500000,\left(\mathrm{ZiCo}\right) \cdot \left(\left(\log\left(\log\left(\mathrm{GraSP}\right)\right)\right) \cdot \left(\left(\mathrm{ZiCo}\right)^2\right)\right),ZiCo GraSP Log Log ZiCo Square Mul Mul <EOS>,(ZiCo * (log(log(GraSP)) * square(ZiCo))),0.710500000,0.723600000,195,8,5,2170,run_monash_time_unique1000,10,1,TIME__azure2019_D__5T/seed_2170/run_monash_time_unique1000/visualizations/archive_latex.tex
869,0.218018018,0.710500000,\left(\left(-\mathrm{ZiCo}\right)^2\right) \cdot \left(\left(\mathrm{ZiCo}\right) \cdot \left(\log\left(\log\left(\mathrm{GraSP}\right)\right)\right)\right),ZiCo Negative Square ZiCo GraSP Log Log Mul Mul <EOS>,(square(-(ZiCo)) * (ZiCo * log(log(GraSP)))),0.710500000,0.723600000,132,9,5,2180,run_monash_time_unique1000,10,1,TIME__azure2019_D__5T/seed_2180/run_monash_time_unique1000/visualizations/archive_latex.tex
870,0.217117117,0.710500000,\frac{\log\left(\mathrm{JacobFro}\right)}{\mathrm{GraSP}} + \log\left(\mathrm{ZiCo}\right),Jacob_fro Log GraSP Div ZiCo Log Add <EOS>,((log(Jacob_fro) / GraSP) + log(ZiCo)),0.710500000,0.725600000,190,7,4,2218,run_monash_time_unique1000,10,1,TIME__azure2019_D__5T/seed_2218/run_monash_time_unique1000/visualizations/archive_latex.tex
871,0.216216216,0.710400000,\left(\log\left(\log\left(\mathrm{GraSP}\right)\right)\right) \cdot \left(\left(\mathrm{ZiCo}\right)^2\right) + \mathrm{ZiCo},GraSP Log Log ZiCo Square Mul ZiCo Add <EOS>,((log(log(GraSP)) * square(ZiCo)) + ZiCo),0.710400000,0.710600000,42,8,5,2153,run_monash_time_unique1000,2,2,TIME__azure2019_D__5T/seed_2153/run_monash_time_unique1000/visualizations/archive_latex.tex
872,0.215315315,0.710400000,\left(\sqrt{\left(\log\left(\mathrm{GraSP}\right)\right) \cdot \left(\log\left(\mathrm{L2Norm}\right)\right)}\right) \cdot \left(\left(\mathrm{ZiCo}\right)^2\right),GraSP Log L2-Norm Log Mul Sqrt ZiCo Square Mul <EOS>,(sqrt((log(GraSP) * log(L2-Norm))) * square(ZiCo)),0.710400000,0.732300000,178,9,5,2126,run_monash_time_unique1000,3,1,TIME__azure2019_D__5T/seed_2126/run_monash_time_unique1000/visualizations/archive_latex.tex
873,0.214414414,0.710400000,\left(\sqrt{\left(\log\left(\mathrm{L2Norm}\right)\right) \cdot \left(\log\left(\mathrm{GraSP}\right)\right)}\right) \cdot \left(\left(\mathrm{ZiCo}\right)^2\right),L2-Norm Log GraSP Log Mul Sqrt ZiCo Square Mul <EOS>,(sqrt((log(L2-Norm) * log(GraSP))) * square(ZiCo)),0.710400000,0.732300000,185,9,5,2149,run_monash_time_unique1000,8,1,TIME__azure2019_D__5T/seed_2149/run_monash_time_unique1000/visualizations/archive_latex.tex
874,0.213513514,0.710300000,\left(\left(\mathrm{ZiCo}\right)^2\right) \cdot \left(\sqrt{\log\left(\frac{\mathrm{GraSP}}{\left(\mathrm{ZiCo}\right)^2}\right)}\right),ZiCo Square GraSP ZiCo Square Div Log Sqrt Mul <EOS>,(square(ZiCo) * sqrt(log((GraSP / square(ZiCo))))),0.710300000,0.714500000,188,9,6,2062,run_monash_time_unique1000,5,2,TIME__azure2019_D__5T/seed_2062/run_monash_time_unique1000/visualizations/archive_latex.tex
875,0.212612613,0.710200000,\left(\log\left(\left(\mathrm{GraSP}\right) \cdot \left(\mathrm{L2Norm} + \mathrm{L2Norm}\right)\right)\right) \cdot \left(\left(\mathrm{ZiCo}\right)^2\right),GraSP L2-Norm L2-Norm Add Mul Log ZiCo Square Mul <EOS>,(log((GraSP * (L2-Norm + L2-Norm))) * square(ZiCo)),0.710200000,0.729100000,67,9,5,2198,run_monash_time_unique1000,7,3,TIME__azure2019_D__5T/seed_2198/run_monash_time_unique1000/visualizations/archive_latex.tex
876,0.211711712,0.710200000,\left(\left(\mathrm{ZiCo}\right)^2\right) \cdot \left(\log\left(\left(\mathrm{L2Norm}\right) \cdot \left(\mathrm{GraSP} + \mathrm{GraSP}\right)\right)\right),ZiCo Square L2-Norm GraSP GraSP Add Mul Log Mul <EOS>,(square(ZiCo) * log((L2-Norm * (GraSP + GraSP)))),0.710200000,0.729100000,192,9,5,2134,run_monash_time_unique1000,8,1,TIME__azure2019_D__5T/seed_2134/run_monash_time_unique1000/visualizations/archive_latex.tex
877,0.210810811,0.710200000,\left(\log\left(\left(\mathrm{L2Norm}\right) \cdot \left(\mathrm{GraSP} + \mathrm{GraSP}\right)\right)\right) \cdot \left(\left(\mathrm{ZiCo}\right)^2\right),L2-Norm GraSP GraSP Add Mul Log ZiCo Square Mul <EOS>,(log((L2-Norm * (GraSP + GraSP))) * square(ZiCo)),0.710200000,0.729100000,166,9,5,2167,run_monash_time_unique1000,8,3,TIME__azure2019_D__5T/seed_2167/run_monash_time_unique1000/visualizations/archive_latex.tex
878,0.209909910,0.710200000,\left(\log\left(\left(\mathrm{GraSP} + \mathrm{GraSP}\right) \cdot \left(\mathrm{L2Norm}\right)\right)\right) \cdot \left(\left(\mathrm{ZiCo}\right)^2\right),GraSP GraSP Add L2-Norm Mul Log ZiCo Square Mul <EOS>,(log(((GraSP + GraSP) * L2-Norm)) * square(ZiCo)),0.710200000,0.729100000,165,9,5,2221,run_monash_time_unique1000,9,1,TIME__azure2019_D__5T/seed_2221/run_monash_time_unique1000/visualizations/archive_latex.tex
879,0.209009009,0.710200000,\left(\mathrm{ZiCo}\right) \cdot \left(\sqrt{\log\left(\left(\mathrm{GraSP} + \mathrm{GraSP}\right) \cdot \left(\mathrm{L2Norm}\right)\right)}\right),ZiCo GraSP GraSP Add L2-Norm Mul Log Sqrt Mul <EOS>,(ZiCo * sqrt(log(((GraSP + GraSP) * L2-Norm)))),0.710200000,0.729100000,54,9,6,2108,run_monash_time_unique1000,10,1,TIME__azure2019_D__5T/seed_2108/run_monash_time_unique1000/visualizations/archive_latex.tex
880,0.208108108,0.710100000,\left(\sqrt{\log\left(\mathrm{GraSP}\right)}\right) \cdot \left(\left(\mathrm{ZiCo}\right)^2\right) + \mathrm{ZiCo},GraSP Log Sqrt ZiCo Square Mul ZiCo Add <EOS>,((sqrt(log(GraSP)) * square(ZiCo)) + ZiCo),0.710100000,0.702300000,148,8,5,2051,run_monash_time_unique1000,2,2,TIME__azure2019_D__5T/seed_2051/run_monash_time_unique1000/visualizations/archive_latex.tex
881,0.207207207,0.710100000,\left(\left(\mathrm{ZiCo}\right)^2\right) \cdot \left(\sqrt{\log\left(\mathrm{GraSP}\right)}\right) + \mathrm{ZiCo},ZiCo Square GraSP Log Sqrt Mul ZiCo Add <EOS>,((square(ZiCo) * sqrt(log(GraSP))) + ZiCo),0.710100000,0.702300000,75,8,5,2053,run_monash_time_unique1000,8,1,TIME__azure2019_D__5T/seed_2053/run_monash_time_unique1000/visualizations/archive_latex.tex
882,0.206306306,0.710000000,\frac{\mathrm{ZiCo}}{\left(\mathrm{ZiCo}\right) \cdot \left(\mathrm{GraSP}\right)} + \mathrm{ZiCo},ZiCo ZiCo GraSP Mul Div ZiCo Add <EOS>,((ZiCo / (ZiCo * GraSP)) + ZiCo),0.710000000,0.674300000,191,7,4,2169,run_monash_time_unique1000,2,1,TIME__azure2019_D__5T/seed_2169/run_monash_time_unique1000/visualizations/archive_latex.tex
883,0.205405405,0.710000000,\frac{\mathrm{L2Norm}}{\left(\mathrm{GraSP}\right) \cdot \left(\mathrm{L2Norm}\right)} + \mathrm{ZiCo},L2-Norm GraSP L2-Norm Mul Div ZiCo Add <EOS>,((L2-Norm / (GraSP * L2-Norm)) + ZiCo),0.710000000,0.674300000,156,7,4,2052,run_monash_time_unique1000,4,1,TIME__azure2019_D__5T/seed_2052/run_monash_time_unique1000/visualizations/archive_latex.tex
884,0.204504505,0.710000000,\mathrm{ZiCo} - -\frac{\mathrm{ZiCo}}{\left(\mathrm{GraSP}\right) \cdot \left(\mathrm{ZiCo}\right)},ZiCo ZiCo GraSP ZiCo Mul Div Negative Sub <EOS>,(ZiCo - -((ZiCo / (GraSP * ZiCo)))),0.710000000,0.674300000,184,8,5,2146,run_monash_time_unique1000,4,1,TIME__azure2019_D__5T/seed_2146/run_monash_time_unique1000/visualizations/archive_latex.tex
885,0.203603604,0.710000000,\frac{\mathrm{GraSP}}{\left(\mathrm{GraSP}\right)^2} + \mathrm{ZiCo},GraSP GraSP Square Div ZiCo Add <EOS>,((GraSP / square(GraSP)) + ZiCo),0.710000000,0.674300000,152,6,4,2175,run_monash_time_unique1000,6,1,TIME__azure2019_D__5T/seed_2175/run_monash_time_unique1000/visualizations/archive_latex.tex
886,0.202702703,0.710000000,\left(\sqrt{\log\left(\mathrm{L2Norm} - \mathrm{GraSP}\right)}\right) \cdot \left(\left(\mathrm{ZiCo}\right)^2\right),L2-Norm GraSP Sub Log Sqrt ZiCo Square Mul <EOS>,(sqrt(log((L2-Norm - GraSP))) * square(ZiCo)),0.710000000,0.697100000,91,8,5,2166,run_monash_time_unique1000,8,1,TIME__azure2019_D__5T/seed_2166/run_monash_time_unique1000/visualizations/archive_latex.tex
887,0.201801802,0.710000000,\mathrm{ZiCo} + \frac{\mathrm{plain}}{\left(\mathrm{GraSP}\right) \cdot \left(\mathrm{plain}\right)},ZiCo plain GraSP plain Mul Div Add <EOS>,(ZiCo + (plain / (GraSP * plain))),0.710000000,0.674300000,167,7,4,2163,run_monash_time_unique1000,9,1,TIME__azure2019_D__5T/seed_2163/run_monash_time_unique1000/visualizations/archive_latex.tex
888,0.200900901,0.710000000,\mathrm{ZiCo} - \frac{-\mathrm{GraSP}}{\left(-\mathrm{GraSP}\right)^2},ZiCo GraSP Negative GraSP Negative Square Div Sub <EOS>,(ZiCo - (-(GraSP) / square(-(GraSP)))),0.710000000,0.674300000,9,8,5,2166,run_monash_time_unique1000,9,1,TIME__azure2019_D__5T/seed_2166/run_monash_time_unique1000/visualizations/archive_latex.tex
889,0.200000000,0.710000000,\mathrm{ZiCo} - \frac{\mathrm{GraSP}}{-\left(\mathrm{GraSP}\right)^2},ZiCo GraSP GraSP Square Negative Div Sub <EOS>,(ZiCo - (GraSP / -(square(GraSP)))),0.710000000,0.674300000,26,7,5,2265,run_monash_time_unique1000,10,1,TIME__azure2019_D__5T/seed_2265/run_monash_time_unique1000/visualizations/archive_latex.tex
890,0.199099099,0.709900000,\left(\log\left(\frac{\mathrm{GraSP}}{\mathrm{GSynFlow} - \mathrm{GSynFlow}}\right)\right) \cdot \left(\mathrm{ZiCo}\right),GraSP GSynFlow GSynFlow Sub Div Log ZiCo Mul <EOS>,(log((GraSP / (GSynFlow - GSynFlow))) * ZiCo),0.709900000,0.695200000,74,8,5,2058,run_monash_time_unique1000,9,2,TIME__azure2019_D__5T/seed_2058/run_monash_time_unique1000/visualizations/archive_latex.tex
891,0.198198198,0.709900000,\left(\mathrm{ZiCo}\right) \cdot \left(\log\left(\frac{\mathrm{GraSP}}{\mathrm{GradNorm} - \mathrm{GradNorm}}\right)\right),ZiCo GraSP Grad_Norm Grad_Norm Sub Div Log Mul <EOS>,(ZiCo * log((GraSP / (Grad_Norm - Grad_Norm)))),0.709900000,0.695200000,61,8,5,2082,run_monash_time_unique1000,10,1,TIME__azure2019_D__5T/seed_2082/run_monash_time_unique1000/visualizations/archive_latex.tex
892,0.197297297,0.709900000,\left(\log\left(\frac{\mathrm{GraSP}}{\mathrm{plain} - \mathrm{plain}}\right)\right) \cdot \left(\mathrm{ZiCo}\right),GraSP plain plain Sub Div Log ZiCo Mul <EOS>,(log((GraSP / (plain - plain))) * ZiCo),0.709900000,0.695200000,54,8,5,2166,run_monash_time_unique1000,10,2,TIME__azure2019_D__5T/seed_2166/run_monash_time_unique1000/visualizations/archive_latex.tex
893,0.196396396,0.709900000,\left(\log\left(\frac{\mathrm{GraSP}}{\mathrm{GFLOPs} - \mathrm{GFLOPs}}\right)\right) \cdot \left(\mathrm{ZiCo}\right),GraSP GFLOPs GFLOPs Sub Div Log ZiCo Mul <EOS>,(log((GraSP / (GFLOPs - GFLOPs))) * ZiCo),0.709900000,0.695200000,95,8,5,2238,run_monash_time_unique1000,10,1,TIME__azure2019_D__5T/seed_2238/run_monash_time_unique1000/visualizations/archive_latex.tex
894,0.195495495,0.709800000,\mathrm{ZiCo} + \frac{\mathrm{plain}}{\mathrm{GraSP}},ZiCo plain GraSP Div Add <EOS>,(ZiCo + (plain / GraSP)),0.709800000,0.679300000,12,5,3,2062,run_monash_time_unique1000,6,2,TIME__azure2019_D__5T/seed_2062/run_monash_time_unique1000/visualizations/archive_latex.tex
895,0.194594595,0.709800000,\frac{\mathrm{plain}}{\mathrm{GraSP}} + \mathrm{ZiCo},plain GraSP Div ZiCo Add <EOS>,((plain / GraSP) + ZiCo),0.709800000,0.679300000,104,5,3,2175,run_monash_time_unique1000,7,2,TIME__azure2019_D__5T/seed_2175/run_monash_time_unique1000/visualizations/archive_latex.tex
896,0.193693694,0.709800000,\log\left(\frac{-\mathrm{plain}}{\mathrm{GraSP}} - \mathrm{ZiCo}\right),plain Negative GraSP Div ZiCo Sub Log <EOS>,log(((-(plain) / GraSP) - ZiCo)),0.709800000,0.640300000,163,7,5,2134,run_monash_time_unique1000,9,1,TIME__azure2019_D__5T/seed_2134/run_monash_time_unique1000/visualizations/archive_latex.tex
897,0.192792793,0.709800000,\sqrt{\frac{\mathrm{plain}}{\mathrm{GraSP}} + \mathrm{ZiCo}},plain GraSP Div ZiCo Add Sqrt <EOS>,sqrt(((plain / GraSP) + ZiCo)),0.709800000,0.640300000,171,6,4,2163,run_monash_time_unique1000,10,1,TIME__azure2019_D__5T/seed_2163/run_monash_time_unique1000/visualizations/archive_latex.tex
898,0.191891892,0.709700000,\left(\left(\mathrm{ZiCo}\right)^2\right) \cdot \left(\sqrt{\log\left(\mathrm{GraSP}\right) - \left(\mathrm{Fisher}\right)^2}\right),ZiCo Square GraSP Log Fisher Square Sub Sqrt Mul <EOS>,(square(ZiCo) * sqrt((log(GraSP) - square(Fisher)))),0.709700000,0.709500000,24,9,5,2096,run_monash_time_unique1000,9,1,TIME__azure2019_D__5T/seed_2096/run_monash_time_unique1000/visualizations/archive_latex.tex
899,0.190990991,0.709700000,\mathrm{ZiCo} + \frac{\sqrt{\log\left(\mathrm{JacobFro}\right)}}{\mathrm{GraSP}},ZiCo Jacob_fro Log Sqrt GraSP Div Add <EOS>,(ZiCo + (sqrt(log(Jacob_fro)) / GraSP)),0.709700000,0.734900000,133,7,5,2219,run_monash_time_unique1000,9,1,TIME__azure2019_D__5T/seed_2219/run_monash_time_unique1000/visualizations/archive_latex.tex
900,0.190090090,0.709500000,\log\left(\mathrm{ZiCo}\right) - \frac{\mathrm{ZiCo}}{\sqrt{\log\left(\mathrm{GraSP}\right)}},ZiCo Log ZiCo GraSP Log Sqrt Div Sub <EOS>,(log(ZiCo) - (ZiCo / sqrt(log(GraSP)))),0.709500000,0.670600000,161,8,5,2146,run_monash_time_unique1000,5,1,TIME__azure2019_D__5T/seed_2146/run_monash_time_unique1000/visualizations/archive_latex.tex
901,0.189189189,0.709300000,\frac{\sqrt{\mathrm{plain}}}{\mathrm{GraSP}} + \mathrm{ZiCo},plain Sqrt GraSP Div ZiCo Add <EOS>,((sqrt(plain) / GraSP) + ZiCo),0.709300000,0.672600000,95,6,4,2165,run_monash_time_unique1000,7,1,TIME__azure2019_D__5T/seed_2165/run_monash_time_unique1000/visualizations/archive_latex.tex
902,0.188288288,0.709300000,\frac{\mathrm{ZiCo} + \mathrm{GraSP}}{\left(\mathrm{GraSP}\right)^2} + \mathrm{ZiCo},ZiCo GraSP Add GraSP Square Div ZiCo Add <EOS>,(((ZiCo + GraSP) / square(GraSP)) + ZiCo),0.709300000,0.672800000,151,8,4,2175,run_monash_time_unique1000,8,1,TIME__azure2019_D__5T/seed_2175/run_monash_time_unique1000/visualizations/archive_latex.tex
903,0.187387387,0.709300000,\mathrm{ZiCo} + \frac{\sqrt{\mathrm{plain}}}{\mathrm{Fisher} + \mathrm{GraSP}},ZiCo plain Sqrt Fisher GraSP Add Div Add <EOS>,(ZiCo + (sqrt(plain) / (Fisher + GraSP))),0.709300000,0.673100000,115,8,4,2219,run_monash_time_unique1000,10,1,TIME__azure2019_D__5T/seed_2219/run_monash_time_unique1000/visualizations/archive_latex.tex
904,0.186486486,0.709200000,\left(\mathrm{ZiCo}\right) \cdot \left(\sqrt{\log\left(\frac{\left(\mathrm{ZiCo}\right)^2}{\log\left(\mathrm{GraSP}\right)}\right)}\right),ZiCo ZiCo Square GraSP Log Div Log Sqrt Mul <EOS>,(ZiCo * sqrt(log((square(ZiCo) / log(GraSP))))),0.709200000,0.721400000,83,9,6,2074,run_monash_time_unique1000,4,1,TIME__azure2019_D__5T/seed_2074/run_monash_time_unique1000/visualizations/archive_latex.tex
905,0.185585586,0.709100000,\mathrm{ZiCo} - \frac{\sqrt{\mathrm{Fisher}}}{\left(-\mathrm{ZiCo}\right) \cdot \left(\mathrm{GraSP}\right)},ZiCo Fisher Sqrt ZiCo Negative GraSP Mul Div Sub <EOS>,(ZiCo - (sqrt(Fisher) / (-(ZiCo) * GraSP))),0.709100000,0.663000000,195,9,5,2153,run_monash_time_unique1000,4,1,TIME__azure2019_D__5T/seed_2153/run_monash_time_unique1000/visualizations/archive_latex.tex
906,0.184684685,0.709100000,\left(\mathrm{ZiCo}\right) \cdot \left(\log\left(\log\left(\left(\mathrm{L2Norm}\right) \cdot \left(\mathrm{GraSP}\right)\right) - \mathrm{ZiCo}\right)\right),ZiCo L2-Norm GraSP Mul Log ZiCo Sub Log Mul <EOS>,(ZiCo * log((log((L2-Norm * GraSP)) - ZiCo))),0.709100000,0.739500000,34,9,6,2096,run_monash_time_unique1000,10,1,TIME__azure2019_D__5T/seed_2096/run_monash_time_unique1000/visualizations/archive_latex.tex
907,0.183783784,0.709000000,\left(\log\left(\log\left(\frac{\left(\mathrm{GraSP}\right) \cdot \left(\mathrm{Snip}\right)}{\mathrm{plain}}\right)\right)\right) \cdot \left(\mathrm{ZiCo}\right),GraSP Snip Mul plain Div Log Log ZiCo Mul <EOS>,(log(log(((GraSP * Snip) / plain))) * ZiCo),0.709000000,0.750300000,17,9,6,2029,run_monash_time_unique1000,8,3,TIME__azure2019_D__5T/seed_2029/run_monash_time_unique1000/visualizations/archive_latex.tex
908,0.182882883,0.709000000,\left(\mathrm{ZiCo}\right) \cdot \left(\log\left(\log\left(\left(\mathrm{Snip}\right) \cdot \left(\frac{\mathrm{GraSP}}{\mathrm{plain}}\right)\right)\right)\right),ZiCo Snip GraSP plain Div Mul Log Log Mul <EOS>,(ZiCo * log(log((Snip * (GraSP / plain))))),0.709000000,0.750300000,61,9,6,2119,run_monash_time_unique1000,8,2,TIME__azure2019_D__5T/seed_2119/run_monash_time_unique1000/visualizations/archive_latex.tex
909,0.181981982,0.709000000,\left(\log\left(\log\left(\left(\frac{\mathrm{GraSP}}{\mathrm{plain}}\right) \cdot \left(\mathrm{Snip}\right)\right)\right)\right) \cdot \left(\mathrm{ZiCo}\right),GraSP plain Div Snip Mul Log Log ZiCo Mul <EOS>,(log(log(((GraSP / plain) * Snip))) * ZiCo),0.709000000,0.750300000,105,9,6,2165,run_monash_time_unique1000,8,2,TIME__azure2019_D__5T/seed_2165/run_monash_time_unique1000/visualizations/archive_latex.tex
910,0.181081081,0.709000000,\left(\log\left(\log\left(\left(\mathrm{GraSP}\right) \cdot \left(\frac{\mathrm{Snip}}{\mathrm{plain}}\right)\right)\right)\right) \cdot \left(\mathrm{ZiCo}\right),GraSP Snip plain Div Mul Log Log ZiCo Mul <EOS>,(log(log((GraSP * (Snip / plain)))) * ZiCo),0.709000000,0.750300000,36,9,6,2198,run_monash_time_unique1000,8,1,TIME__azure2019_D__5T/seed_2198/run_monash_time_unique1000/visualizations/archive_latex.tex
911,0.180180180,0.709000000,\left(\mathrm{ZiCo}\right) \cdot \left(\log\left(\log\left(\frac{\left(\mathrm{Snip}\right) \cdot \left(\mathrm{GraSP}\right)}{\mathrm{plain}}\right)\right)\right),ZiCo Snip GraSP Mul plain Div Log Log Mul <EOS>,(ZiCo * log(log(((Snip * GraSP) / plain)))),0.709000000,0.750300000,96,9,6,2054,run_monash_time_unique1000,9,2,TIME__azure2019_D__5T/seed_2054/run_monash_time_unique1000/visualizations/archive_latex.tex
912,0.179279279,0.709000000,\left(\sqrt{\log\left(\log\left(\mathrm{GraSP}\right)\right) - \mathrm{ZiCo}}\right) \cdot \left(\left(\mathrm{ZiCo}\right)^2\right),GraSP Log Log ZiCo Sub Sqrt ZiCo Square Mul <EOS>,(sqrt((log(log(GraSP)) - ZiCo)) * square(ZiCo)),0.709000000,0.695400000,21,9,6,2064,run_monash_time_unique1000,9,1,TIME__azure2019_D__5T/seed_2064/run_monash_time_unique1000/visualizations/archive_latex.tex
913,0.178378378,0.709000000,\left(\mathrm{ZiCo}\right) \cdot \left(\log\left(\log\left(\frac{\left(\mathrm{GraSP}\right) \cdot \left(\mathrm{Snip}\right)}{\mathrm{plain}}\right)\right)\right),ZiCo GraSP Snip Mul plain Div Log Log Mul <EOS>,(ZiCo * log(log(((GraSP * Snip) / plain)))),0.709000000,0.750300000,19,9,6,2167,run_monash_time_unique1000,9,2,TIME__azure2019_D__5T/seed_2167/run_monash_time_unique1000/visualizations/archive_latex.tex
914,0.177477477,0.709000000,\left(\log\left(\log\left(\frac{\frac{\mathrm{plain}}{\mathrm{Snip}}}{\mathrm{GraSP}}\right)\right)\right) \cdot \left(\mathrm{ZiCo}\right),plain Snip Div GraSP Div Log Log ZiCo Mul <EOS>,(log(log(((plain / Snip) / GraSP))) * ZiCo),0.709000000,0.750300000,186,9,6,2175,run_monash_time_unique1000,9,1,TIME__azure2019_D__5T/seed_2175/run_monash_time_unique1000/visualizations/archive_latex.tex
915,0.176576577,0.709000000,\left(\mathrm{ZiCo}\right) \cdot \left(\log\left(\log\left(\left(\frac{\mathrm{GraSP}}{\mathrm{plain}}\right) \cdot \left(\mathrm{Snip}\right)\right)\right)\right),ZiCo GraSP plain Div Snip Mul Log Log Mul <EOS>,(ZiCo * log(log(((GraSP / plain) * Snip)))),0.709000000,0.750300000,38,9,6,2247,run_monash_time_unique1000,9,1,TIME__azure2019_D__5T/seed_2247/run_monash_time_unique1000/visualizations/archive_latex.tex
916,0.175675676,0.709000000,\left(\log\left(\log\left(\left(\mathrm{Snip}\right) \cdot \left(\frac{\mathrm{GraSP}}{\mathrm{plain}}\right)\right)\right)\right) \cdot \left(\mathrm{ZiCo}\right),Snip GraSP plain Div Mul Log Log ZiCo Mul <EOS>,(log(log((Snip * (GraSP / plain)))) * ZiCo),0.709000000,0.750300000,42,9,6,2064,run_monash_time_unique1000,10,1,TIME__azure2019_D__5T/seed_2064/run_monash_time_unique1000/visualizations/archive_latex.tex
917,0.174774775,0.709000000,\left(\log\left(\log\left(\frac{\left(\mathrm{Snip}\right) \cdot \left(\mathrm{GraSP}\right)}{\mathrm{plain}}\right)\right)\right) \cdot \left(\mathrm{ZiCo}\right),Snip GraSP Mul plain Div Log Log ZiCo Mul <EOS>,(log(log(((Snip * GraSP) / plain))) * ZiCo),0.709000000,0.750300000,18,9,6,2127,run_monash_time_unique1000,10,1,TIME__azure2019_D__5T/seed_2127/run_monash_time_unique1000/visualizations/archive_latex.tex
918,0.173873874,0.709000000,\left(\left(\mathrm{ZiCo}\right)^2\right) \cdot \left(\log\left(\log\left(\frac{\left(\mathrm{GraSP}\right)^2}{\mathrm{Fisher}}\right)\right)\right),ZiCo Square GraSP Square Fisher Div Log Log Mul <EOS>,(square(ZiCo) * log(log((square(GraSP) / Fisher)))),0.709000000,0.673400000,172,9,6,2221,run_monash_time_unique1000,10,1,TIME__azure2019_D__5T/seed_2221/run_monash_time_unique1000/visualizations/archive_latex.tex
919,0.172972973,0.708900000,\left(\left(\mathrm{ZiCo}\right)^2\right) \cdot \left(\log\left(\log\left(\left(\mathrm{GFLOPs}\right)^2 - \mathrm{GraSP}\right)\right)\right),ZiCo Square GFLOPs Square GraSP Sub Log Log Mul <EOS>,(square(ZiCo) * log(log((square(GFLOPs) - GraSP)))),0.708900000,0.735400000,28,9,6,2054,run_monash_time_unique1000,10,2,TIME__azure2019_D__5T/seed_2054/run_monash_time_unique1000/visualizations/archive_latex.tex
920,0.172072072,0.708900000,\left(\log\left(\log\left(\mathrm{GraSP} - \left(\mathrm{GFLOPs}\right)^2\right)\right)\right) \cdot \left(\left(\mathrm{ZiCo}\right)^2\right),GraSP GFLOPs Square Sub Log Log ZiCo Square Mul <EOS>,(log(log((GraSP - square(GFLOPs)))) * square(ZiCo)),0.708900000,0.735400000,181,9,6,2058,run_monash_time_unique1000,10,1,TIME__azure2019_D__5T/seed_2058/run_monash_time_unique1000/visualizations/archive_latex.tex
921,0.171171171,0.708900000,\left(\log\left(\log\left(\left(\mathrm{GFLOPs}\right)^2 - \mathrm{GraSP}\right)\right)\right) \cdot \left(\left(\mathrm{ZiCo}\right)^2\right),GFLOPs Square GraSP Sub Log Log ZiCo Square Mul <EOS>,(log(log((square(GFLOPs) - GraSP))) * square(ZiCo)),0.708900000,0.735400000,37,9,6,2073,run_monash_time_unique1000,10,2,TIME__azure2019_D__5T/seed_2073/run_monash_time_unique1000/visualizations/archive_latex.tex
922,0.170270270,0.708800000,\sqrt{\mathrm{ZiCo} - \left(\frac{\mathrm{ZiCo}}{\sqrt{\log\left(\mathrm{GraSP}\right)}}\right)^2},ZiCo ZiCo GraSP Log Sqrt Div Square Sub Sqrt <EOS>,sqrt((ZiCo - square((ZiCo / sqrt(log(GraSP)))))),0.708800000,0.627400000,186,9,7,2051,run_monash_time_unique1000,3,1,TIME__azure2019_D__5T/seed_2051/run_monash_time_unique1000/visualizations/archive_latex.tex
923,0.169369369,0.708800000,\left(\left(\mathrm{ZiCo}\right)^2\right) \cdot \left(\sqrt{\left(\log\left(\mathrm{GraSP}\right)\right) \cdot \left(\mathrm{ZiCo}\right)}\right),ZiCo Square GraSP Log ZiCo Mul Sqrt Mul <EOS>,(square(ZiCo) * sqrt((log(GraSP) * ZiCo))),0.708800000,0.717100000,158,8,5,2101,run_monash_time_unique1000,4,1,TIME__azure2019_D__5T/seed_2101/run_monash_time_unique1000/visualizations/archive_latex.tex
924,0.168468468,0.708800000,\left(\sqrt{\left(\log\left(\mathrm{GraSP}\right)\right) \cdot \left(\mathrm{ZiCo}\right)}\right) \cdot \left(\left(\mathrm{ZiCo}\right)^2\right),GraSP Log ZiCo Mul Sqrt ZiCo Square Mul <EOS>,(sqrt((log(GraSP) * ZiCo)) * square(ZiCo)),0.708800000,0.717100000,191,8,5,2175,run_monash_time_unique1000,10,2,TIME__azure2019_D__5T/seed_2175/run_monash_time_unique1000/visualizations/archive_latex.tex
925,0.167567568,0.708800000,\left(\left(\mathrm{ZiCo}\right)^2\right) \cdot \left(\sqrt{\left(\mathrm{ZiCo}\right) \cdot \left(\log\left(\mathrm{GraSP}\right)\right)}\right),ZiCo Square ZiCo GraSP Log Mul Sqrt Mul <EOS>,(square(ZiCo) * sqrt((ZiCo * log(GraSP)))),0.708800000,0.717100000,179,8,5,2247,run_monash_time_unique1000,10,1,TIME__azure2019_D__5T/seed_2247/run_monash_time_unique1000/visualizations/archive_latex.tex
926,0.166666667,0.708500000,\left(\left(\mathrm{ZiCo}\right)^2\right) \cdot \left(\log\left(\log\left(\mathrm{GraSP}\right) - \mathrm{Fisher}\right)\right),ZiCo Square GraSP Log Fisher Sub Log Mul <EOS>,(square(ZiCo) * log((log(GraSP) - Fisher))),0.708500000,0.740700000,197,8,5,2052,run_monash_time_unique1000,5,4,TIME__azure2019_D__5T/seed_2052/run_monash_time_unique1000/visualizations/archive_latex.tex
927,0.165765766,0.708500000,\left(\left(\mathrm{ZiCo}\right)^2\right) \cdot \left(\log\left(\mathrm{Fisher} - \log\left(\mathrm{GraSP}\right)\right)\right),ZiCo Square Fisher GraSP Log Sub Log Mul <EOS>,(square(ZiCo) * log((Fisher - log(GraSP)))),0.708500000,0.740700000,60,8,5,2101,run_monash_time_unique1000,5,1,TIME__azure2019_D__5T/seed_2101/run_monash_time_unique1000/visualizations/archive_latex.tex
928,0.164864865,0.708500000,\left(\left(\mathrm{ZiCo}\right) \cdot \left(\sqrt{\log\left(\mathrm{GraSP}\right)} + \mathrm{ZiCo}\right)\right) \cdot \left(\mathrm{ZiCo}\right),ZiCo GraSP Log Sqrt ZiCo Add Mul ZiCo Mul <EOS>,((ZiCo * (sqrt(log(GraSP)) + ZiCo)) * ZiCo),0.708500000,0.712800000,107,9,6,2153,run_monash_time_unique1000,5,1,TIME__azure2019_D__5T/seed_2153/run_monash_time_unique1000/visualizations/archive_latex.tex
929,0.163963964,0.708500000,\left(\log\left(\mathrm{Fisher} - \log\left(\mathrm{GraSP}\right)\right)\right) \cdot \left(\left(\mathrm{ZiCo}\right)^2\right),Fisher GraSP Log Sub Log ZiCo Square Mul <EOS>,(log((Fisher - log(GraSP))) * square(ZiCo)),0.708500000,0.740700000,198,8,5,2029,run_monash_time_unique1000,9,2,TIME__azure2019_D__5T/seed_2029/run_monash_time_unique1000/visualizations/archive_latex.tex
930,0.163063063,0.708500000,\left(\left(\mathrm{ZiCo}\right)^2\right) \cdot \left(\sqrt{\log\left(\mathrm{GraSP}\right)} + \mathrm{ZiCo}\right),ZiCo Square GraSP Log Sqrt ZiCo Add Mul <EOS>,(square(ZiCo) * (sqrt(log(GraSP)) + ZiCo)),0.708500000,0.712800000,123,8,5,2053,run_monash_time_unique1000,9,1,TIME__azure2019_D__5T/seed_2053/run_monash_time_unique1000/visualizations/archive_latex.tex
931,0.162162162,0.708500000,\left(\left(\mathrm{ZiCo}\right)^2\right) \cdot \left(\log\left(\mathrm{Fisher} + -\log\left(\mathrm{GraSP}\right)\right)\right),ZiCo Square Fisher GraSP Log Negative Add Log Mul <EOS>,(square(ZiCo) * log((Fisher + -(log(GraSP))))),0.708500000,0.740700000,142,9,6,2119,run_monash_time_unique1000,9,1,TIME__azure2019_D__5T/seed_2119/run_monash_time_unique1000/visualizations/archive_latex.tex
932,0.161261261,0.708500000,\left(\log\left(\log\left(\mathrm{GraSP}\right) - \mathrm{Fisher}\right)\right) \cdot \left(\left(\mathrm{ZiCo}\right)^2\right),GraSP Log Fisher Sub Log ZiCo Square Mul <EOS>,(log((log(GraSP) - Fisher)) * square(ZiCo)),0.708500000,0.740700000,125,8,5,2189,run_monash_time_unique1000,9,1,TIME__azure2019_D__5T/seed_2189/run_monash_time_unique1000/visualizations/archive_latex.tex
933,0.160360360,0.708500000,\left(\sqrt{\log\left(\mathrm{GraSP}\right)} + \mathrm{ZiCo}\right) \cdot \left(\left(\mathrm{ZiCo}\right)^2\right),GraSP Log Sqrt ZiCo Add ZiCo Square Mul <EOS>,((sqrt(log(GraSP)) + ZiCo) * square(ZiCo)),0.708500000,0.712800000,199,8,5,2198,run_monash_time_unique1000,9,1,TIME__azure2019_D__5T/seed_2198/run_monash_time_unique1000/visualizations/archive_latex.tex
934,0.159459459,0.708500000,\left(\mathrm{ZiCo}\right) \cdot \left(\sqrt{\log\left(\log\left(\mathrm{GraSP}\right) - \mathrm{Fisher}\right)}\right),ZiCo GraSP Log Fisher Sub Log Sqrt Mul <EOS>,(ZiCo * sqrt(log((log(GraSP) - Fisher)))),0.708500000,0.710700000,45,8,6,2119,run_monash_time_unique1000,10,1,TIME__azure2019_D__5T/seed_2119/run_monash_time_unique1000/visualizations/archive_latex.tex
935,0.158558559,0.708500000,\left(\sqrt{\log\left(\log\left(\mathrm{GraSP}\right) - \mathrm{Fisher}\right)}\right) \cdot \left(\mathrm{ZiCo}\right),GraSP Log Fisher Sub Log Sqrt ZiCo Mul <EOS>,(sqrt(log((log(GraSP) - Fisher))) * ZiCo),0.708500000,0.710700000,65,8,6,2149,run_monash_time_unique1000,10,1,TIME__azure2019_D__5T/seed_2149/run_monash_time_unique1000/visualizations/archive_latex.tex
936,0.157657658,0.707600000,\left(\log\left(\log\left(\mathrm{Snip} - \left(\mathrm{GraSP}\right)^2\right)\right)\right) \cdot \left(\left(\mathrm{ZiCo}\right)^2\right),Snip GraSP Square Sub Log Log ZiCo Square Mul <EOS>,(log(log((Snip - square(GraSP)))) * square(ZiCo)),0.707600000,0.724900000,124,9,6,2052,run_monash_time_unique1000,6,1,TIME__azure2019_D__5T/seed_2052/run_monash_time_unique1000/visualizations/archive_latex.tex
937,0.156756757,0.707600000,\mathrm{ZiCo} + \frac{\frac{\mathrm{GradNorm}}{\mathrm{GraSP}}}{\mathrm{GFLOPs}},ZiCo Grad_Norm GraSP Div GFLOPs Div Add <EOS>,(ZiCo + ((Grad_Norm / GraSP) / GFLOPs)),0.707600000,0.698900000,27,7,4,2125,run_monash_time_unique1000,8,1,TIME__azure2019_D__5T/seed_2125/run_monash_time_unique1000/visualizations/archive_latex.tex
938,0.155855856,0.707600000,\left(\left(\mathrm{ZiCo}\right)^2\right) \cdot \left(\log\left(\log\left(\left(\mathrm{GraSP}\right)^2 - \mathrm{L2Norm}\right)\right)\right),ZiCo Square GraSP Square L2-Norm Sub Log Log Mul <EOS>,(square(ZiCo) * log(log((square(GraSP) - L2-Norm)))),0.707600000,0.724800000,21,9,6,2154,run_monash_time_unique1000,9,1,TIME__azure2019_D__5T/seed_2154/run_monash_time_unique1000/visualizations/archive_latex.tex
939,0.154954955,0.707600000,\left(\left(\mathrm{ZiCo}\right)^2\right) \cdot \left(\log\left(\log\left(\mathrm{GraSP}\right) - \sqrt{\mathrm{Fisher}}\right)\right),ZiCo Square GraSP Log Fisher Sqrt Sub Log Mul <EOS>,(square(ZiCo) * log((log(GraSP) - sqrt(Fisher)))),0.707600000,0.752700000,198,9,5,2120,run_monash_time_unique1000,10,1,TIME__azure2019_D__5T/seed_2120/run_monash_time_unique1000/visualizations/archive_latex.tex
940,0.154054054,0.707500000,\mathrm{ZiCo} - \left(\sqrt{\frac{\log\left(\mathrm{ZiCo}\right)}{\mathrm{GraSP}}}\right)^2,ZiCo ZiCo Log GraSP Div Sqrt Square Sub <EOS>,(ZiCo - square(sqrt((log(ZiCo) / GraSP)))),0.707500000,0.665500000,187,8,6,2051,run_monash_time_unique1000,4,1,TIME__azure2019_D__5T/seed_2051/run_monash_time_unique1000/visualizations/archive_latex.tex
941,0.153153153,0.707400000,\left(\left(\mathrm{ZiCo}\right)^2\right) \cdot \left(\log\left(\log\left(\left(\mathrm{GraSP}\right) \cdot \left(\mathrm{GraSP}\right)\right)\right)\right),ZiCo Square GraSP GraSP Mul Log Log Mul <EOS>,(square(ZiCo) * log(log((GraSP * GraSP)))),0.707400000,0.725400000,190,8,5,2259,run_monash_time_unique1000,6,5,TIME__azure2019_D__5T/seed_2259/run_monash_time_unique1000/visualizations/archive_latex.tex
942,0.152252252,0.707400000,\left(\log\left(\log\left(\left(\mathrm{GraSP}\right) \cdot \left(\mathrm{GraSP}\right)\right)\right)\right) \cdot \left(\left(\mathrm{ZiCo}\right)^2\right),GraSP GraSP Mul Log Log ZiCo Square Mul <EOS>,(log(log((GraSP * GraSP))) * square(ZiCo)),0.707400000,0.725400000,117,8,5,2165,run_monash_time_unique1000,9,2,TIME__azure2019_D__5T/seed_2165/run_monash_time_unique1000/visualizations/archive_latex.tex
943,0.151351351,0.707300000,\left(\sqrt{\log\left(\left(\sqrt{\mathrm{JacobFro}}\right) \cdot \left(\mathrm{GraSP}\right)\right)}\right) \cdot \left(\left(\mathrm{ZiCo}\right)^2\right),Jacob_fro Sqrt GraSP Mul Log Sqrt ZiCo Square Mul <EOS>,(sqrt(log((sqrt(Jacob_fro) * GraSP))) * square(ZiCo)),0.707300000,0.686300000,72,9,6,2165,run_monash_time_unique1000,10,1,TIME__azure2019_D__5T/seed_2165/run_monash_time_unique1000/visualizations/archive_latex.tex
944,0.150450450,0.706500000,\left(\sqrt{\log\left(\mathrm{GraSP} - \mathrm{Snip}\right)}\right) \cdot \left(\left(\mathrm{ZiCo}\right)^2\right),GraSP Snip Sub Log Sqrt ZiCo Square Mul <EOS>,(sqrt(log((GraSP - Snip))) * square(ZiCo)),0.706500000,0.701300000,149,8,5,2225,run_monash_time_unique1000,4,3,TIME__azure2019_D__5T/seed_2225/run_monash_time_unique1000/visualizations/archive_latex.tex
945,0.149549550,0.706500000,\left(\left(\mathrm{ZiCo}\right)^2\right) \cdot \left(\sqrt{\log\left(\mathrm{Snip} - \mathrm{GraSP}\right)}\right),ZiCo Square Snip GraSP Sub Log Sqrt Mul <EOS>,(square(ZiCo) * sqrt(log((Snip - GraSP)))),0.706500000,0.701300000,151,8,5,2101,run_monash_time_unique1000,6,3,TIME__azure2019_D__5T/seed_2101/run_monash_time_unique1000/visualizations/archive_latex.tex
946,0.148648649,0.706500000,\left(\left(\mathrm{ZiCo}\right)^2\right) \cdot \left(\sqrt{\log\left(\mathrm{GraSP} - \mathrm{Snip}\right)}\right),ZiCo Square GraSP Snip Sub Log Sqrt Mul <EOS>,(square(ZiCo) * sqrt(log((GraSP - Snip)))),0.706500000,0.701300000,40,8,5,2052,run_monash_time_unique1000,7,1,TIME__azure2019_D__5T/seed_2052/run_monash_time_unique1000/visualizations/archive_latex.tex
947,0.147747748,0.706500000,\left(\sqrt{\log\left(\mathrm{Snip} - \mathrm{GraSP}\right)}\right) \cdot \left(\left(\mathrm{ZiCo}\right)^2\right),Snip GraSP Sub Log Sqrt ZiCo Square Mul <EOS>,(sqrt(log((Snip - GraSP))) * square(ZiCo)),0.706500000,0.701300000,188,8,5,2029,run_monash_time_unique1000,10,2,TIME__azure2019_D__5T/seed_2029/run_monash_time_unique1000/visualizations/archive_latex.tex
948,0.146846847,0.706500000,\left(\mathrm{ZiCo}\right) \cdot \left(\left(\mathrm{ZiCo}\right) \cdot \left(\sqrt{\log\left(\mathrm{GraSP} - \mathrm{Snip}\right)}\right)\right),ZiCo ZiCo GraSP Snip Sub Log Sqrt Mul Mul <EOS>,(ZiCo * (ZiCo * sqrt(log((GraSP - Snip))))),0.706500000,0.701300000,41,9,6,2057,run_monash_time_unique1000,10,1,TIME__azure2019_D__5T/seed_2057/run_monash_time_unique1000/visualizations/archive_latex.tex
949,0.145945946,0.706400000,\left(\left(\mathrm{ZiCo}\right)^2\right) \cdot \left(\log\left(\left(\frac{\mathrm{L2Norm}}{\mathrm{ZiCo}}\right) \cdot \left(\mathrm{GraSP}\right)\right)\right),ZiCo Square L2-Norm ZiCo Div GraSP Mul Log Mul <EOS>,(square(ZiCo) * log(((L2-Norm / ZiCo) * GraSP))),0.706400000,0.730400000,42,9,5,2125,run_monash_time_unique1000,9,1,TIME__azure2019_D__5T/seed_2125/run_monash_time_unique1000/visualizations/archive_latex.tex
950,0.145045045,0.706400000,\left(\log\left(\log\left(\left(\mathrm{L2Norm}\right) \cdot \left(\left(\mathrm{GraSP}\right)^2\right)\right)\right)\right) \cdot \left(\left(\mathrm{ZiCo}\right)^2\right),L2-Norm GraSP Square Mul Log Log ZiCo Square Mul <EOS>,(log(log((L2-Norm * square(GraSP)))) * square(ZiCo)),0.706400000,0.683900000,115,9,6,2189,run_monash_time_unique1000,10,1,TIME__azure2019_D__5T/seed_2189/run_monash_time_unique1000/visualizations/archive_latex.tex
951,0.144144144,0.706300000,\frac{\mathrm{ZiCo}}{\left(\mathrm{ZiCo}\right) \cdot \left(\mathrm{GraSP}\right)} + \left(\mathrm{ZiCo}\right)^2,ZiCo ZiCo GraSP Mul Div ZiCo Square Add <EOS>,((ZiCo / (ZiCo * GraSP)) + square(ZiCo)),0.706300000,0.689600000,190,8,4,2169,run_monash_time_unique1000,3,1,TIME__azure2019_D__5T/seed_2169/run_monash_time_unique1000/visualizations/archive_latex.tex
952,0.143243243,0.706300000,\mathrm{ZiCo} - \frac{\mathrm{Fisher} + \sqrt{\mathrm{ZiCo}}}{-\mathrm{GraSP}},ZiCo Fisher ZiCo Sqrt Add GraSP Negative Div Sub <EOS>,(ZiCo - ((Fisher + sqrt(ZiCo)) / -(GraSP))),0.706300000,0.656100000,188,9,5,2051,run_monash_time_unique1000,5,1,TIME__azure2019_D__5T/seed_2051/run_monash_time_unique1000/visualizations/archive_latex.tex
953,0.142342342,0.706100000,\left(\left(\mathrm{ZiCo}\right)^2\right) \cdot \left(\log\left(\log\left(\mathrm{L2Norm} - \mathrm{GraSP}\right)\right)\right),ZiCo Square L2-Norm GraSP Sub Log Log Mul <EOS>,(square(ZiCo) * log(log((L2-Norm - GraSP)))),0.706100000,0.714200000,168,8,5,2074,run_monash_time_unique1000,5,1,TIME__azure2019_D__5T/seed_2074/run_monash_time_unique1000/visualizations/archive_latex.tex
954,0.141441441,0.706100000,\left(\mathrm{ZiCo}\right) \cdot \left(\log\left(\log\left(\left(\left(\mathrm{GraSP}\right) \cdot \left(\mathrm{L2Norm}\right)\right) \cdot \left(\mathrm{GraSP}\right)\right)\right)\right),ZiCo GraSP L2-Norm Mul GraSP Mul Log Log Mul <EOS>,(ZiCo * log(log(((GraSP * L2-Norm) * GraSP)))),0.706100000,0.742700000,133,9,6,2225,run_monash_time_unique1000,5,1,TIME__azure2019_D__5T/seed_2225/run_monash_time_unique1000/visualizations/archive_latex.tex
955,0.140540541,0.706100000,\left(\left(\mathrm{ZiCo}\right)^2\right) \cdot \left(\log\left(\log\left(\mathrm{GraSP} - \mathrm{L2Norm}\right)\right)\right),ZiCo Square GraSP L2-Norm Sub Log Log Mul <EOS>,(square(ZiCo) * log(log((GraSP - L2-Norm)))),0.706100000,0.714200000,149,8,5,2125,run_monash_time_unique1000,10,1,TIME__azure2019_D__5T/seed_2125/run_monash_time_unique1000/visualizations/archive_latex.tex
956,0.139639640,0.705700000,\left(\mathrm{ZiCo}\right) \cdot \left(\log\left(\log\left(\frac{\mathrm{GraSP}}{\mathrm{plain}} - \mathrm{Snip}\right)\right)\right),ZiCo GraSP plain Div Snip Sub Log Log Mul <EOS>,(ZiCo * log(log(((GraSP / plain) - Snip)))),0.705700000,0.753600000,118,9,6,2225,run_monash_time_unique1000,6,1,TIME__azure2019_D__5T/seed_2225/run_monash_time_unique1000/visualizations/archive_latex.tex
957,0.138738739,0.705500000,\left(\left(\mathrm{ZiCo}\right)^2\right) \cdot \left(\log\left(\left(\mathrm{GFLOPs} + \mathrm{L2Norm}\right) \cdot \left(\mathrm{GraSP}\right)\right)\right),ZiCo Square GFLOPs L2-Norm Add GraSP Mul Log Mul <EOS>,(square(ZiCo) * log(((GFLOPs + L2-Norm) * GraSP))),0.705500000,0.736900000,64,9,5,2052,run_monash_time_unique1000,8,1,TIME__azure2019_D__5T/seed_2052/run_monash_time_unique1000/visualizations/archive_latex.tex
958,0.137837838,0.705300000,\left(\left(\mathrm{ZiCo}\right)^2\right) \cdot \left(\sqrt{\log\left(\mathrm{JacobFro} - \mathrm{GraSP}\right)}\right),ZiCo Square Jacob_fro GraSP Sub Log Sqrt Mul <EOS>,(square(ZiCo) * sqrt(log((Jacob_fro - GraSP)))),0.705300000,0.666700000,185,8,5,2052,run_monash_time_unique1000,9,1,TIME__azure2019_D__5T/seed_2052/run_monash_time_unique1000/visualizations/archive_latex.tex
959,0.136936937,0.705000000,\mathrm{ZiCo} - \frac{\mathrm{ZiCo}}{\log\left(\mathrm{GraSP}\right)},ZiCo ZiCo GraSP Log Div Sub <EOS>,(ZiCo - (ZiCo / log(GraSP))),0.705000000,0.739500000,186,6,4,2146,run_monash_time_unique1000,6,1,TIME__azure2019_D__5T/seed_2146/run_monash_time_unique1000/visualizations/archive_latex.tex
960,0.136036036,0.705000000,\left(\mathrm{ZiCo}\right) \cdot \left(\sqrt{\log\left(\left(\frac{\mathrm{GraSP}}{\mathrm{plain}}\right) \cdot \left(\mathrm{Snip}\right)\right)}\right),ZiCo GraSP plain Div Snip Mul Log Sqrt Mul <EOS>,(ZiCo * sqrt(log(((GraSP / plain) * Snip)))),0.705000000,0.751000000,129,9,6,2225,run_monash_time_unique1000,7,1,TIME__azure2019_D__5T/seed_2225/run_monash_time_unique1000/visualizations/archive_latex.tex
961,0.135135135,0.705000000,\left(\left(\mathrm{ZiCo}\right)^2\right) \cdot \left(\sqrt{\log\left(\mathrm{GraSP} - \mathrm{GFLOPs}\right)}\right),ZiCo Square GraSP GFLOPs Sub Log Sqrt Mul <EOS>,(square(ZiCo) * sqrt(log((GraSP - GFLOPs)))),0.705000000,0.729200000,164,8,5,2225,run_monash_time_unique1000,8,1,TIME__azure2019_D__5T/seed_2225/run_monash_time_unique1000/visualizations/archive_latex.tex
962,0.134234234,0.705000000,\left(\left(\mathrm{ZiCo}\right)^2\right) \cdot \left(\log\left(\left(\mathrm{GraSP}\right) \cdot \left(\frac{\mathrm{Snip}}{\mathrm{plain}}\right)\right)\right),ZiCo Square GraSP Snip plain Div Mul Log Mul <EOS>,(square(ZiCo) * log((GraSP * (Snip / plain)))),0.705000000,0.751000000,96,9,5,2212,run_monash_time_unique1000,9,1,TIME__azure2019_D__5T/seed_2212/run_monash_time_unique1000/visualizations/archive_latex.tex
963,0.133333333,0.704900000,\left(\log\left(\log\left(\left(\left(\mathrm{L2Norm}\right)^2\right) \cdot \left(\mathrm{GraSP}\right)\right)\right)\right) \cdot \left(\mathrm{ZiCo}\right),L2-Norm Square GraSP Mul Log Log ZiCo Mul <EOS>,(log(log((square(L2-Norm) * GraSP))) * ZiCo),0.704900000,0.698800000,126,8,6,2259,run_monash_time_unique1000,7,1,TIME__azure2019_D__5T/seed_2259/run_monash_time_unique1000/visualizations/archive_latex.tex
964,0.132432432,0.704700000,\left(\left(\mathrm{ZiCo}\right)^2\right) \cdot \left(\log\left(\frac{\left(\mathrm{GraSP}\right)^2}{\mathrm{Fisher}}\right)\right),ZiCo Square GraSP Square Fisher Div Log Mul <EOS>,(square(ZiCo) * log((square(GraSP) / Fisher))),0.704700000,0.738500000,146,8,5,2101,run_monash_time_unique1000,7,1,TIME__azure2019_D__5T/seed_2101/run_monash_time_unique1000/visualizations/archive_latex.tex
965,0.131531532,0.704700000,\left(\log\left(\frac{\mathrm{GraSP} - \mathrm{L2Norm}}{\mathrm{plain}}\right)\right) \cdot \left(\left(\mathrm{ZiCo}\right)^2\right),GraSP L2-Norm Sub plain Div Log ZiCo Square Mul <EOS>,(log(((GraSP - L2-Norm) / plain)) * square(ZiCo)),0.704700000,0.718100000,128,9,5,2259,run_monash_time_unique1000,8,1,TIME__azure2019_D__5T/seed_2259/run_monash_time_unique1000/visualizations/archive_latex.tex
966,0.130630631,0.704700000,\left(\mathrm{ZiCo}\right) \cdot \left(\sqrt{\log\left(\frac{\left(\mathrm{GraSP}\right)^2}{\mathrm{Fisher}}\right)}\right),ZiCo GraSP Square Fisher Div Log Sqrt Mul <EOS>,(ZiCo * sqrt(log((square(GraSP) / Fisher)))),0.704700000,0.738500000,200,8,6,2225,run_monash_time_unique1000,9,1,TIME__azure2019_D__5T/seed_2225/run_monash_time_unique1000/visualizations/archive_latex.tex
967,0.129729730,0.704700000,\left(\left(\mathrm{ZiCo}\right)^2\right) \cdot \left(\log\left(\frac{\mathrm{GraSP}}{\sqrt{\mathrm{Fisher}}}\right)\right),ZiCo Square GraSP Fisher Sqrt Div Log Mul <EOS>,(square(ZiCo) * log((GraSP / sqrt(Fisher)))),0.704700000,0.738500000,140,8,5,2212,run_monash_time_unique1000,10,1,TIME__azure2019_D__5T/seed_2212/run_monash_time_unique1000/visualizations/archive_latex.tex
968,0.128828829,0.704600000,\left(\left(\mathrm{ZiCo}\right)^2\right) \cdot \left(\log\left(\log\left(\frac{\log\left(\mathrm{GraSP}\right)}{\mathrm{ZiCo}}\right)\right)\right),ZiCo Square GraSP Log ZiCo Div Log Log Mul <EOS>,(square(ZiCo) * log(log((log(GraSP) / ZiCo)))),0.704600000,0.744300000,197,9,6,2062,run_monash_time_unique1000,8,1,TIME__azure2019_D__5T/seed_2062/run_monash_time_unique1000/visualizations/archive_latex.tex
969,0.127927928,0.704300000,\left(\left(\mathrm{ZiCo}\right)^2\right) \cdot \left(\log\left(\left(\mathrm{GraSP}\right) \cdot \left(\mathrm{L2Norm}\right) - \mathrm{Snip}\right)\right),ZiCo Square GraSP L2-Norm Mul Snip Sub Log Mul <EOS>,(square(ZiCo) * log(((GraSP * L2-Norm) - Snip))),0.704300000,0.733900000,134,9,5,2225,run_monash_time_unique1000,10,1,TIME__azure2019_D__5T/seed_2225/run_monash_time_unique1000/visualizations/archive_latex.tex
970,0.127027027,0.704100000,\left(\sqrt{\log\left(\mathrm{GraSP}\right)}\right) \cdot \left(\mathrm{ZiCo}\right) + \log\left(\mathrm{ZiCo}\right),GraSP Log Sqrt ZiCo Mul ZiCo Log Add <EOS>,((sqrt(log(GraSP)) * ZiCo) + log(ZiCo)),0.704100000,0.725000000,41,8,5,2153,run_monash_time_unique1000,6,1,TIME__azure2019_D__5T/seed_2153/run_monash_time_unique1000/visualizations/archive_latex.tex
971,0.126126126,0.704000000,\left(\sqrt{\log\left(\frac{\mathrm{GraSP}}{\sqrt{\mathrm{ZiCo}}}\right)}\right) \cdot \left(\left(\mathrm{ZiCo}\right)^2\right),GraSP ZiCo Sqrt Div Log Sqrt ZiCo Square Mul <EOS>,(sqrt(log((GraSP / sqrt(ZiCo)))) * square(ZiCo)),0.704000000,0.724700000,18,9,6,2146,run_monash_time_unique1000,7,1,TIME__azure2019_D__5T/seed_2146/run_monash_time_unique1000/visualizations/archive_latex.tex
972,0.125225225,0.704000000,\left(\mathrm{ZiCo}\right) \cdot \left(\sqrt{\log\left(\left(\mathrm{GraSP}\right) \cdot \left(\mathrm{L2Norm}\right) + \mathrm{GFLOPs}\right)}\right),ZiCo GraSP L2-Norm Mul GFLOPs Add Log Sqrt Mul <EOS>,(ZiCo * sqrt(log(((GraSP * L2-Norm) + GFLOPs)))),0.704000000,0.737100000,89,9,6,2062,run_monash_time_unique1000,9,1,TIME__azure2019_D__5T/seed_2062/run_monash_time_unique1000/visualizations/archive_latex.tex
973,0.124324324,0.703800000,\left(\sqrt{\log\left(\left(\mathrm{GraSP}\right) \cdot \left(\mathrm{L2Norm}\right)\right)}\right) \cdot \left(\mathrm{ZiCo}\right),GraSP L2-Norm Mul Log Sqrt ZiCo Mul <EOS>,(sqrt(log((GraSP * L2-Norm))) * ZiCo),0.703800000,0.736400000,45,7,5,2051,run_monash_time_unique1000,6,1,TIME__azure2019_D__5T/seed_2051/run_monash_time_unique1000/visualizations/archive_latex.tex
974,0.123423423,0.703800000,\left(\log\left(\left(-\mathrm{GraSP}\right) \cdot \left(\mathrm{L2Norm}\right)\right)\right) \cdot \left(\left(\mathrm{ZiCo}\right)^2\right),GraSP Negative L2-Norm Mul Log ZiCo Square Mul <EOS>,(log((-(GraSP) * L2-Norm)) * square(ZiCo)),0.703800000,0.736400000,74,8,5,2153,run_monash_time_unique1000,7,1,TIME__azure2019_D__5T/seed_2153/run_monash_time_unique1000/visualizations/archive_latex.tex
975,0.122522523,0.703800000,\left(\mathrm{ZiCo}\right) \cdot \left(\sqrt{\log\left(\left(\mathrm{GraSP}\right) \cdot \left(\mathrm{L2Norm}\right)\right)}\right),ZiCo GraSP L2-Norm Mul Log Sqrt Mul <EOS>,(ZiCo * sqrt(log((GraSP * L2-Norm)))),0.703800000,0.736400000,98,7,5,2101,run_monash_time_unique1000,8,2,TIME__azure2019_D__5T/seed_2101/run_monash_time_unique1000/visualizations/archive_latex.tex
976,0.121621622,0.703800000,\left(\log\left(\left(\mathrm{GraSP}\right) \cdot \left(\mathrm{L2Norm}\right) - \mathrm{GFLOPs}\right)\right) \cdot \left(\left(\mathrm{ZiCo}\right)^2\right),GraSP L2-Norm Mul GFLOPs Sub Log ZiCo Square Mul <EOS>,(log(((GraSP * L2-Norm) - GFLOPs)) * square(ZiCo)),0.703800000,0.736900000,195,9,5,2259,run_monash_time_unique1000,9,1,TIME__azure2019_D__5T/seed_2259/run_monash_time_unique1000/visualizations/archive_latex.tex
977,0.120720721,0.703800000,\left(\left(\mathrm{ZiCo}\right)^2\right) \cdot \left(\log\left(\left(\mathrm{L2Norm}\right) \cdot \left(\mathrm{GraSP}\right)\right)\right),ZiCo Square L2-Norm GraSP Mul Log Mul <EOS>,(square(ZiCo) * log((L2-Norm * GraSP))),0.703800000,0.736400000,190,7,4,2052,run_monash_time_unique1000,10,1,TIME__azure2019_D__5T/seed_2052/run_monash_time_unique1000/visualizations/archive_latex.tex
978,0.119819820,0.703800000,\left(\log\left(\left(\mathrm{L2Norm}\right) \cdot \left(\mathrm{GraSP}\right)\right)\right) \cdot \left(\left(\mathrm{ZiCo}\right)^2\right),L2-Norm GraSP Mul Log ZiCo Square Mul <EOS>,(log((L2-Norm * GraSP)) * square(ZiCo)),0.703800000,0.736400000,125,7,4,2259,run_monash_time_unique1000,10,1,TIME__azure2019_D__5T/seed_2259/run_monash_time_unique1000/visualizations/archive_latex.tex
979,0.118918919,0.703600000,\left(\mathrm{ZiCo}\right) \cdot \left(\log\left(\log\left(\left(\mathrm{GraSP}\right) \cdot \left(\left(\mathrm{L2Norm}\right) \cdot \left(\mathrm{ZiCo}\right)\right)\right)\right)\right),ZiCo GraSP L2-Norm ZiCo Mul Mul Log Log Mul <EOS>,(ZiCo * log(log((GraSP * (L2-Norm * ZiCo))))),0.703600000,0.738500000,78,9,6,2074,run_monash_time_unique1000,6,1,TIME__azure2019_D__5T/seed_2074/run_monash_time_unique1000/visualizations/archive_latex.tex
980,0.118018018,0.703500000,\left(\left(\mathrm{ZiCo}\right)^2\right) \cdot \left(\log\left(\left(\mathrm{GraSP}\right) \cdot \left(\mathrm{L2Norm}\right) + \mathrm{Snip}\right)\right),ZiCo Square GraSP L2-Norm Mul Snip Add Log Mul <EOS>,(square(ZiCo) * log(((GraSP * L2-Norm) + Snip))),0.703500000,0.737700000,191,9,5,2101,run_monash_time_unique1000,9,1,TIME__azure2019_D__5T/seed_2101/run_monash_time_unique1000/visualizations/archive_latex.tex
981,0.117117117,0.703300000,\left(\mathrm{ZiCo}\right) \cdot \left(\log\left(\log\left(\left(\left(\mathrm{GraSP}\right)^2\right) \cdot \left(\left(\mathrm{Snip}\right)^2\right)\right)\right)\right),ZiCo GraSP Square Snip Square Mul Log Log Mul <EOS>,(ZiCo * log(log((square(GraSP) * square(Snip))))),0.703300000,0.733200000,51,9,6,2074,run_monash_time_unique1000,7,1,TIME__azure2019_D__5T/seed_2074/run_monash_time_unique1000/visualizations/archive_latex.tex
982,0.116216216,0.703100000,\left(\log\left(\log\left(\left(\mathrm{GraSP}\right) \cdot \left(\mathrm{Snip}\right)\right)\right)\right) \cdot \left(\left(\mathrm{ZiCo}\right)^2\right),GraSP Snip Mul Log Log ZiCo Square Mul <EOS>,(log(log((GraSP * Snip))) * square(ZiCo)),0.703100000,0.698000000,178,8,5,2126,run_monash_time_unique1000,4,1,TIME__azure2019_D__5T/seed_2126/run_monash_time_unique1000/visualizations/archive_latex.tex
983,0.115315315,0.703000000,\left(\left(\mathrm{ZiCo}\right)^2\right) \cdot \left(\log\left(\log\left(\frac{\mathrm{GraSP}}{\mathrm{ZiCo}}\right)\right)\right),ZiCo Square GraSP ZiCo Div Log Log Mul <EOS>,(square(ZiCo) * log(log((GraSP / ZiCo)))),0.703000000,0.734200000,153,8,5,2126,run_monash_time_unique1000,5,1,TIME__azure2019_D__5T/seed_2126/run_monash_time_unique1000/visualizations/archive_latex.tex
984,0.114414414,0.703000000,\left(\left(\mathrm{ZiCo}\right)^2\right) \cdot \left(\sqrt{\log\left(\frac{\log\left(\mathrm{ZiCo}\right)}{\mathrm{GraSP}}\right)}\right),ZiCo Square ZiCo Log GraSP Div Log Sqrt Mul <EOS>,(square(ZiCo) * sqrt(log((log(ZiCo) / GraSP)))),0.703000000,0.724300000,152,9,6,2101,run_monash_time_unique1000,10,1,TIME__azure2019_D__5T/seed_2101/run_monash_time_unique1000/visualizations/archive_latex.tex
985,0.113513514,0.702700000,\left(\sqrt{\log\left(\left(\log\left(\mathrm{GraSP}\right)\right) \cdot \left(\log\left(\mathrm{Snip}\right)\right)\right)}\right) \cdot \left(\mathrm{ZiCo}\right),GraSP Log Snip Log Mul Log Sqrt ZiCo Mul <EOS>,(sqrt(log((log(GraSP) * log(Snip)))) * ZiCo),0.702700000,0.731200000,21,9,6,2146,run_monash_time_unique1000,8,1,TIME__azure2019_D__5T/seed_2146/run_monash_time_unique1000/visualizations/archive_latex.tex
986,0.112612613,0.702300000,\left(\left(\mathrm{ZiCo}\right)^2\right) \cdot \left(\log\left(\log\left(\mathrm{GraSP}\right) + \mathrm{ZiCo}\right)\right),ZiCo Square GraSP Log ZiCo Add Log Mul <EOS>,(square(ZiCo) * log((log(GraSP) + ZiCo))),0.702300000,0.737200000,29,8,5,2169,run_monash_time_unique1000,4,2,TIME__azure2019_D__5T/seed_2169/run_monash_time_unique1000/visualizations/archive_latex.tex
987,0.111711712,0.702300000,\left(\mathrm{ZiCo}\right) \cdot \left(\left(\log\left(\log\left(\mathrm{GraSP}\right) + \mathrm{ZiCo}\right)\right) \cdot \left(\mathrm{ZiCo}\right)\right),ZiCo GraSP Log ZiCo Add Log ZiCo Mul Mul <EOS>,(ZiCo * (log((log(GraSP) + ZiCo)) * ZiCo)),0.702300000,0.737200000,72,9,6,2146,run_monash_time_unique1000,9,1,TIME__azure2019_D__5T/seed_2146/run_monash_time_unique1000/visualizations/archive_latex.tex
988,0.110810811,0.701600000,\log\left(\log\left(\mathrm{GraSP}\right)\right) - \frac{\sqrt{\log\left(\mathrm{ZiCo}\right)}}{\mathrm{ZiCo}},GraSP Log Log ZiCo Log Sqrt ZiCo Div Sub <EOS>,(log(log(GraSP)) - (sqrt(log(ZiCo)) / ZiCo)),0.701600000,0.738000000,160,9,5,2146,run_monash_time_unique1000,10,1,TIME__azure2019_D__5T/seed_2146/run_monash_time_unique1000/visualizations/archive_latex.tex
989,0.109909910,0.701100000,\left(\log\left(\log\left(\left(\mathrm{JacobFro}\right) \cdot \left(\mathrm{GraSP}\right)\right)\right)\right) \cdot \left(\left(\mathrm{ZiCo}\right)^2\right),Jacob_fro GraSP Mul Log Log ZiCo Square Mul <EOS>,(log(log((Jacob_fro * GraSP))) * square(ZiCo)),0.701100000,0.647100000,41,8,5,2126,run_monash_time_unique1000,7,1,TIME__azure2019_D__5T/seed_2126/run_monash_time_unique1000/visualizations/archive_latex.tex
990,0.109009009,0.700500000,\left(\mathrm{ZiCo} + \left(\log\left(\mathrm{GraSP}\right)\right) \cdot \left(\left(\mathrm{ZiCo}\right)^2\right)\right) \cdot \left(\mathrm{ZiCo}\right),ZiCo GraSP Log ZiCo Square Mul Add ZiCo Mul <EOS>,((ZiCo + (log(GraSP) * square(ZiCo))) * ZiCo),0.700500000,0.725800000,61,9,5,2169,run_monash_time_unique1000,5,1,TIME__azure2019_D__5T/seed_2169/run_monash_time_unique1000/visualizations/archive_latex.tex
991,0.108108108,0.700500000,\left(\left(\mathrm{ZiCo}\right)^2\right) \cdot \left(\log\left(\log\left(\left(\sqrt{\mathrm{GraSP}}\right) \cdot \left(\mathrm{Snip}\right)\right)\right)\right),ZiCo Square GraSP Sqrt Snip Mul Log Log Mul <EOS>,(square(ZiCo) * log(log((sqrt(GraSP) * Snip)))),0.700500000,0.703000000,44,9,6,2074,run_monash_time_unique1000,8,1,TIME__azure2019_D__5T/seed_2074/run_monash_time_unique1000/visualizations/archive_latex.tex
992,0.107207207,0.699500000,\left(\sqrt{\log\left(\mathrm{plain} + \mathrm{GraSP}\right)}\right) \cdot \left(\left(\mathrm{ZiCo}\right)^2\right),plain GraSP Add Log Sqrt ZiCo Square Mul <EOS>,(sqrt(log((plain + GraSP))) * square(ZiCo)),0.699500000,0.729500000,52,8,5,2126,run_monash_time_unique1000,8,1,TIME__azure2019_D__5T/seed_2126/run_monash_time_unique1000/visualizations/archive_latex.tex
993,0.106306306,0.699300000,\left(\left(\mathrm{ZiCo}\right)^2\right) \cdot \left(\sqrt{\log\left(\mathrm{GraSP}\right)}\right),ZiCo Square GraSP Log Sqrt Mul <EOS>,(square(ZiCo) * sqrt(log(GraSP))),0.699300000,0.727600000,21,6,4,2169,run_monash_time_unique1000,6,2,TIME__azure2019_D__5T/seed_2169/run_monash_time_unique1000/visualizations/archive_latex.tex
994,0.105405405,0.699300000,\left(\sqrt{\log\left(\mathrm{GraSP}\right)}\right) \cdot \left(\left(\mathrm{ZiCo}\right)^2\right),GraSP Log Sqrt ZiCo Square Mul <EOS>,(sqrt(log(GraSP)) * square(ZiCo)),0.699300000,0.727600000,149,6,4,2051,run_monash_time_unique1000,7,3,TIME__azure2019_D__5T/seed_2051/run_monash_time_unique1000/visualizations/archive_latex.tex
995,0.104504505,0.699300000,\left(\sqrt{\log\left(\mathrm{GraSP} + \mathrm{ZiCo}\right)}\right) \cdot \left(\left(\mathrm{ZiCo}\right)^2\right),GraSP ZiCo Add Log Sqrt ZiCo Square Mul <EOS>,(sqrt(log((GraSP + ZiCo))) * square(ZiCo)),0.699300000,0.728500000,196,8,5,2126,run_monash_time_unique1000,10,1,TIME__azure2019_D__5T/seed_2126/run_monash_time_unique1000/visualizations/archive_latex.tex
996,0.103603604,0.699000000,\left(\mathrm{ZiCo}\right) \cdot \left(\log\left(\log\left(\left(\left(\mathrm{GraSP}\right)^2\right) \cdot \left(\mathrm{JacobFro}\right)\right)\right)\right),ZiCo GraSP Square Jacob_fro Mul Log Log Mul <EOS>,(ZiCo * log(log((square(GraSP) * Jacob_fro)))),0.699000000,0.686300000,56,8,6,2074,run_monash_time_unique1000,10,1,TIME__azure2019_D__5T/seed_2074/run_monash_time_unique1000/visualizations/archive_latex.tex
997,0.102702703,0.695400000,\left(\mathrm{ZiCo}\right)^2 - \frac{\mathrm{plain}}{\mathrm{Snip} - \mathrm{GraSP}},ZiCo Square plain Snip GraSP Sub Div Sub <EOS>,(square(ZiCo) - (plain / (Snip - GraSP))),0.695400000,0.643000000,198,8,4,2051,run_monash_time_unique1000,8,1,TIME__azure2019_D__5T/seed_2051/run_monash_time_unique1000/visualizations/archive_latex.tex
998,0.101801802,0.695400000,\log\left(\mathrm{ZiCo}\right) - \left(\frac{\sqrt{\mathrm{ZiCo}}}{\log\left(\mathrm{GraSP}\right)}\right)^2,ZiCo Log ZiCo Sqrt GraSP Log Div Square Sub <EOS>,(log(ZiCo) - square((sqrt(ZiCo) / log(GraSP)))),0.695400000,0.634300000,184,9,5,2051,run_monash_time_unique1000,9,1,TIME__azure2019_D__5T/seed_2051/run_monash_time_unique1000/visualizations/archive_latex.tex
999,0.100900901,0.694700000,\frac{\mathrm{ZiCo}}{\left(\mathrm{ZiCo}\right) \cdot \left(\mathrm{GraSP}\right)} + \log\left(\mathrm{ZiCo}\right),ZiCo ZiCo GraSP Mul Div ZiCo Log Add <EOS>,((ZiCo / (ZiCo * GraSP)) + log(ZiCo)),0.694700000,0.637800000,191,8,4,2169,run_monash_time_unique1000,7,1,TIME__azure2019_D__5T/seed_2169/run_monash_time_unique1000/visualizations/archive_latex.tex
1000,0.100000000,0.694700000,\mathrm{ZiCo} - -\frac{\mathrm{ZiCo}}{\mathrm{GraSP} + \mathrm{MParams}},ZiCo ZiCo GraSP MParams Add Div Negative Sub <EOS>,(ZiCo - -((ZiCo / (GraSP + MParams)))),0.694700000,0.638700000,194,8,5,2153,run_monash_time_unique1000,9,1,TIME__azure2019_D__5T/seed_2153/run_monash_time_unique1000/visualizations/archive_latex.tex
