rank,weight,validation_fitness,formula,rpn_tokens,infix,score,train_fitness,generation,token_count,depth,source_seed,source_run,source_rank,occurrence_count,source_archive_latex
1,1.000000000,0.897300000,\left(\frac{\left(\mathrm{JacobFro}\right)^2}{\mathrm{Jacov}} + \mathrm{plain}\right) \cdot \left(\mathrm{GFLOPs}\right),Jacob_fro Square Jacov Div plain Add GFLOPs Mul <EOS>,(((square(Jacob_fro) / Jacov) + plain) * GFLOPs),0.897300000,0.929100000,170,8,5,2281,run_monash_time_unique1000,1,1,TIME__Coastal_T_S__20T/seed_2281/run_monash_time_unique1000/visualizations/archive_latex.tex
2,0.998844673,0.896800000,\frac{\mathrm{GradNorm} - \mathrm{JacobFro}}{\sqrt{\mathrm{L2Norm} + \mathrm{Jacov}}},Grad_Norm Jacob_fro Sub L2-Norm Jacov Add Sqrt Div <EOS>,((Grad_Norm - Jacob_fro) / sqrt((L2-Norm + Jacov))),0.896800000,0.912000000,75,8,4,2202,run_monash_time_unique1000,1,1,TIME__Coastal_T_S__20T/seed_2202/run_monash_time_unique1000/visualizations/archive_latex.tex
3,0.997689345,0.894500000,\frac{\log\left(\mathrm{L2Norm} + \mathrm{Jacov}\right) + \mathrm{Fisher}}{\sqrt{\mathrm{JacobFro}}},L2-Norm Jacov Add Log Fisher Add Jacob_fro Sqrt Div <EOS>,((log((L2-Norm + Jacov)) + Fisher) / sqrt(Jacob_fro)),0.894500000,0.919300000,40,9,5,2073,run_monash_time_unique1000,1,1,TIME__Coastal_T_S__20T/seed_2073/run_monash_time_unique1000/visualizations/archive_latex.tex
4,0.996534018,0.893700000,\frac{\log\left(\mathrm{L2Norm} + \mathrm{Jacov}\right) + \mathrm{Fisher}}{\mathrm{JacobFro}},L2-Norm Jacov Add Log Fisher Add Jacob_fro Div <EOS>,((log((L2-Norm + Jacov)) + Fisher) / Jacob_fro),0.893700000,0.922700000,157,8,5,2059,run_monash_time_unique1000,1,6,TIME__Coastal_T_S__20T/seed_2059/run_monash_time_unique1000/visualizations/archive_latex.tex
5,0.995378691,0.893700000,\frac{\mathrm{Fisher} + \log\left(\mathrm{Jacov} + \mathrm{L2Norm}\right)}{\mathrm{JacobFro}},Fisher Jacov L2-Norm Add Log Add Jacob_fro Div <EOS>,((Fisher + log((Jacov + L2-Norm))) / Jacob_fro),0.893700000,0.922700000,103,8,5,2132,run_monash_time_unique1000,1,4,TIME__Coastal_T_S__20T/seed_2132/run_monash_time_unique1000/visualizations/archive_latex.tex
6,0.994223363,0.893700000,\frac{\log\left(\mathrm{Jacov} + \mathrm{L2Norm}\right) + \mathrm{Fisher}}{\mathrm{JacobFro}},Jacov L2-Norm Add Log Fisher Add Jacob_fro Div <EOS>,((log((Jacov + L2-Norm)) + Fisher) / Jacob_fro),0.893700000,0.922700000,37,8,5,2133,run_monash_time_unique1000,1,1,TIME__Coastal_T_S__20T/seed_2133/run_monash_time_unique1000/visualizations/archive_latex.tex
7,0.993068036,0.893700000,\frac{\mathrm{Fisher} + \log\left(\mathrm{L2Norm} + \mathrm{Jacov}\right)}{\mathrm{JacobFro}},Fisher L2-Norm Jacov Add Log Add Jacob_fro Div <EOS>,((Fisher + log((L2-Norm + Jacov))) / Jacob_fro),0.893700000,0.922700000,192,8,5,2213,run_monash_time_unique1000,1,4,TIME__Coastal_T_S__20T/seed_2213/run_monash_time_unique1000/visualizations/archive_latex.tex
8,0.991912709,0.893500000,\frac{\left(\mathrm{Fisher}\right)^2 - \mathrm{JacobFro}}{\log\left(\mathrm{Jacov} + \mathrm{L2Norm}\right)},Fisher Square Jacob_fro Sub Jacov L2-Norm Add Log Div <EOS>,((square(Fisher) - Jacob_fro) / log((Jacov + L2-Norm))),0.893500000,0.919700000,171,9,4,2222,run_monash_time_unique1000,1,1,TIME__Coastal_T_S__20T/seed_2222/run_monash_time_unique1000/visualizations/archive_latex.tex
9,0.990757381,0.893200000,\frac{\log\left(\left(\mathrm{L2Norm} + \mathrm{Jacov}\right) \cdot \left(\mathrm{Fisher}\right)\right)}{\left(\mathrm{JacobFro}\right)^2},L2-Norm Jacov Add Fisher Mul Log Jacob_fro Square Div <EOS>,(log(((L2-Norm + Jacov) * Fisher)) / square(Jacob_fro)),0.893200000,0.920100000,92,9,5,2125,run_monash_time_unique1000,1,1,TIME__Coastal_T_S__20T/seed_2125/run_monash_time_unique1000/visualizations/archive_latex.tex
10,0.989602054,0.892500000,\frac{\log\left(\mathrm{L2Norm} + \mathrm{Jacov}\right) + \left(\mathrm{Fisher}\right)^2}{\mathrm{JacobFro}},L2-Norm Jacov Add Log Fisher Square Add Jacob_fro Div <EOS>,((log((L2-Norm + Jacov)) + square(Fisher)) / Jacob_fro),0.892500000,0.923700000,111,9,5,2095,run_monash_time_unique1000,1,3,TIME__Coastal_T_S__20T/seed_2095/run_monash_time_unique1000/visualizations/archive_latex.tex
11,0.988446727,0.892500000,\frac{\left(\mathrm{Fisher}\right)^2 + \log\left(\mathrm{Jacov} + \mathrm{L2Norm}\right)}{\mathrm{JacobFro}},Fisher Square Jacov L2-Norm Add Log Add Jacob_fro Div <EOS>,((square(Fisher) + log((Jacov + L2-Norm))) / Jacob_fro),0.892500000,0.923700000,31,9,5,2256,run_monash_time_unique1000,1,1,TIME__Coastal_T_S__20T/seed_2256/run_monash_time_unique1000/visualizations/archive_latex.tex
12,0.987291399,0.892300000,\frac{\log\left(\mathrm{Jacov} + \mathrm{L2Norm}\right)}{\mathrm{JacobFro} - \log\left(\mathrm{Snip}\right)},Jacov L2-Norm Add Log Jacob_fro Snip Log Sub Div <EOS>,(log((Jacov + L2-Norm)) / (Jacob_fro - log(Snip))),0.892300000,0.916000000,193,9,4,2045,run_monash_time_unique1000,1,2,TIME__Coastal_T_S__20T/seed_2045/run_monash_time_unique1000/visualizations/archive_latex.tex
13,0.986136072,0.892300000,\frac{\log\left(\mathrm{L2Norm} + \mathrm{Jacov}\right)}{\mathrm{JacobFro} - \log\left(\mathrm{Snip}\right)},L2-Norm Jacov Add Log Jacob_fro Snip Log Sub Div <EOS>,(log((L2-Norm + Jacov)) / (Jacob_fro - log(Snip))),0.892300000,0.916000000,113,9,4,2160,run_monash_time_unique1000,1,2,TIME__Coastal_T_S__20T/seed_2160/run_monash_time_unique1000/visualizations/archive_latex.tex
14,0.984980745,0.892100000,\frac{\log\left(\mathrm{Fisher}\right) - \mathrm{JacobFro}}{\log\left(\mathrm{Jacov} + \mathrm{L2Norm}\right)},Fisher Log Jacob_fro Sub Jacov L2-Norm Add Log Div <EOS>,((log(Fisher) - Jacob_fro) / log((Jacov + L2-Norm))),0.892100000,0.922200000,131,9,4,2032,run_monash_time_unique1000,1,1,TIME__Coastal_T_S__20T/seed_2032/run_monash_time_unique1000/visualizations/archive_latex.tex
15,0.983825417,0.892100000,\frac{\log\left(\mathrm{Jacov} + \mathrm{L2Norm}\right)}{\mathrm{JacobFro} - \log\left(\mathrm{Fisher}\right)},Jacov L2-Norm Add Log Jacob_fro Fisher Log Sub Div <EOS>,(log((Jacov + L2-Norm)) / (Jacob_fro - log(Fisher))),0.892100000,0.922200000,103,9,4,2039,run_monash_time_unique1000,1,6,TIME__Coastal_T_S__20T/seed_2039/run_monash_time_unique1000/visualizations/archive_latex.tex
16,0.982670090,0.892100000,\frac{\log\left(\mathrm{Fisher}\right) - \mathrm{JacobFro}}{\log\left(\mathrm{L2Norm} + \mathrm{Jacov}\right)},Fisher Log Jacob_fro Sub L2-Norm Jacov Add Log Div <EOS>,((log(Fisher) - Jacob_fro) / log((L2-Norm + Jacov))),0.892100000,0.922200000,183,9,4,2069,run_monash_time_unique1000,1,3,TIME__Coastal_T_S__20T/seed_2069/run_monash_time_unique1000/visualizations/archive_latex.tex
17,0.981514763,0.891900000,\frac{\log\left(\mathrm{Jacov} + \mathrm{L2Norm}\right)}{\mathrm{JacobFro} - \left(\mathrm{plain}\right)^2},Jacov L2-Norm Add Log Jacob_fro plain Square Sub Div <EOS>,(log((Jacov + L2-Norm)) / (Jacob_fro - square(plain))),0.891900000,0.927400000,47,9,4,2091,run_monash_time_unique1000,1,11,TIME__Coastal_T_S__20T/seed_2091/run_monash_time_unique1000/visualizations/archive_latex.tex
18,0.980359435,0.891900000,\frac{\log\left(\mathrm{L2Norm} + \mathrm{Jacov}\right)}{\mathrm{JacobFro} - \left(\mathrm{plain}\right)^2},L2-Norm Jacov Add Log Jacob_fro plain Square Sub Div <EOS>,(log((L2-Norm + Jacov)) / (Jacob_fro - square(plain))),0.891900000,0.927400000,43,9,4,2131,run_monash_time_unique1000,1,6,TIME__Coastal_T_S__20T/seed_2131/run_monash_time_unique1000/visualizations/archive_latex.tex
19,0.979204108,0.891900000,\frac{\left(\mathrm{plain}\right)^2 - \mathrm{JacobFro}}{\log\left(\mathrm{L2Norm} + \mathrm{Jacov}\right)},plain Square Jacob_fro Sub L2-Norm Jacov Add Log Div <EOS>,((square(plain) - Jacob_fro) / log((L2-Norm + Jacov))),0.891900000,0.927400000,32,9,4,2248,run_monash_time_unique1000,1,3,TIME__Coastal_T_S__20T/seed_2248/run_monash_time_unique1000/visualizations/archive_latex.tex
20,0.978048780,0.891900000,\frac{\left(\mathrm{plain}\right)^2 - \mathrm{JacobFro}}{\log\left(\mathrm{Jacov} + \mathrm{L2Norm}\right)},plain Square Jacob_fro Sub Jacov L2-Norm Add Log Div <EOS>,((square(plain) - Jacob_fro) / log((Jacov + L2-Norm))),0.891900000,0.927400000,134,9,4,2222,run_monash_time_unique1000,3,1,TIME__Coastal_T_S__20T/seed_2222/run_monash_time_unique1000/visualizations/archive_latex.tex
21,0.976893453,0.891700000,\mathrm{plain} - \frac{\mathrm{JacobFro}}{\log\left(\mathrm{Jacov} + \mathrm{L2Norm}\right)},plain Jacob_fro Jacov L2-Norm Add Log Div Sub <EOS>,(plain - (Jacob_fro / log((Jacov + L2-Norm)))),0.891700000,0.924500000,96,8,5,2191,run_monash_time_unique1000,1,1,TIME__Coastal_T_S__20T/seed_2191/run_monash_time_unique1000/visualizations/archive_latex.tex
22,0.975738126,0.891700000,\mathrm{plain} - \frac{\mathrm{JacobFro}}{\log\left(\mathrm{L2Norm} + \mathrm{Jacov}\right)},plain Jacob_fro L2-Norm Jacov Add Log Div Sub <EOS>,(plain - (Jacob_fro / log((L2-Norm + Jacov)))),0.891700000,0.924500000,18,8,5,2308,run_monash_time_unique1000,1,1,TIME__Coastal_T_S__20T/seed_2308/run_monash_time_unique1000/visualizations/archive_latex.tex
23,0.974582798,0.891600000,\log\left(\mathrm{Jacov} + \mathrm{L2Norm}\right) - \sqrt{\mathrm{JacobFro}} - \mathrm{plain},Jacov L2-Norm Add Log Jacob_fro Sqrt plain Sub Sub <EOS>,(log((Jacov + L2-Norm)) - (sqrt(Jacob_fro) - plain)),0.891600000,0.917700000,143,9,4,2075,run_monash_time_unique1000,1,1,TIME__Coastal_T_S__20T/seed_2075/run_monash_time_unique1000/visualizations/archive_latex.tex
24,0.973427471,0.891600000,\log\left(\mathrm{Jacov} + \mathrm{L2Norm}\right) + \mathrm{plain} - \sqrt{\mathrm{JacobFro}},Jacov L2-Norm Add Log plain Jacob_fro Sqrt Sub Add <EOS>,(log((Jacov + L2-Norm)) + (plain - sqrt(Jacob_fro))),0.891600000,0.917700000,61,9,4,2208,run_monash_time_unique1000,1,1,TIME__Coastal_T_S__20T/seed_2208/run_monash_time_unique1000/visualizations/archive_latex.tex
25,0.972272144,0.891100000,\mathrm{plain} - \frac{\mathrm{JacobFro}}{\log\left(\log\left(\mathrm{Jacov} + \mathrm{L2Norm}\right)\right)},plain Jacob_fro Jacov L2-Norm Add Log Log Div Sub <EOS>,(plain - (Jacob_fro / log(log((Jacov + L2-Norm))))),0.891100000,0.926000000,82,9,6,2034,run_monash_time_unique1000,1,1,TIME__Coastal_T_S__20T/seed_2034/run_monash_time_unique1000/visualizations/archive_latex.tex
26,0.971116816,0.891100000,\mathrm{plain} - \frac{\mathrm{JacobFro}}{\log\left(\log\left(\mathrm{L2Norm} + \mathrm{Jacov}\right)\right)},plain Jacob_fro L2-Norm Jacov Add Log Log Div Sub <EOS>,(plain - (Jacob_fro / log(log((L2-Norm + Jacov))))),0.891100000,0.926000000,69,9,6,2303,run_monash_time_unique1000,1,1,TIME__Coastal_T_S__20T/seed_2303/run_monash_time_unique1000/visualizations/archive_latex.tex
27,0.969961489,0.890800000,\frac{\log\left(\mathrm{Jacov} + \mathrm{L2Norm}\right)}{\mathrm{JacobFro} - \mathrm{plain}},Jacov L2-Norm Add Log Jacob_fro plain Sub Div <EOS>,(log((Jacov + L2-Norm)) / (Jacob_fro - plain)),0.890800000,0.923200000,180,8,4,2033,run_monash_time_unique1000,1,37,TIME__Coastal_T_S__20T/seed_2033/run_monash_time_unique1000/visualizations/archive_latex.tex
28,0.968806162,0.890800000,\frac{\log\left(\left(\mathrm{Fisher}\right) \cdot \left(\mathrm{Jacov} + \mathrm{L2Norm}\right)\right)}{\mathrm{JacobFro}},Fisher Jacov L2-Norm Add Mul Log Jacob_fro Div <EOS>,(log((Fisher * (Jacov + L2-Norm))) / Jacob_fro),0.890800000,0.916900000,46,8,5,2042,run_monash_time_unique1000,1,2,TIME__Coastal_T_S__20T/seed_2042/run_monash_time_unique1000/visualizations/archive_latex.tex
29,0.967650834,0.890800000,\frac{\mathrm{plain} - \mathrm{JacobFro}}{\log\left(\mathrm{L2Norm} + \mathrm{Jacov}\right)},plain Jacob_fro Sub L2-Norm Jacov Add Log Div <EOS>,((plain - Jacob_fro) / log((L2-Norm + Jacov))),0.890800000,0.923200000,35,8,4,2044,run_monash_time_unique1000,1,13,TIME__Coastal_T_S__20T/seed_2044/run_monash_time_unique1000/visualizations/archive_latex.tex
30,0.966495507,0.890800000,\frac{\log\left(\mathrm{L2Norm} + \mathrm{Jacov}\right)}{\mathrm{JacobFro} - \mathrm{plain}},L2-Norm Jacov Add Log Jacob_fro plain Sub Div <EOS>,(log((L2-Norm + Jacov)) / (Jacob_fro - plain)),0.890800000,0.923200000,77,8,4,2063,run_monash_time_unique1000,1,18,TIME__Coastal_T_S__20T/seed_2063/run_monash_time_unique1000/visualizations/archive_latex.tex
31,0.965340180,0.890800000,\frac{\mathrm{plain} - \mathrm{JacobFro}}{\log\left(\mathrm{Jacov} + \mathrm{L2Norm}\right)},plain Jacob_fro Sub Jacov L2-Norm Add Log Div <EOS>,((plain - Jacob_fro) / log((Jacov + L2-Norm))),0.890800000,0.923200000,54,8,4,2078,run_monash_time_unique1000,1,6,TIME__Coastal_T_S__20T/seed_2078/run_monash_time_unique1000/visualizations/archive_latex.tex
32,0.964184852,0.890800000,\frac{\mathrm{plain} - \mathrm{JacobFro}}{\log\left(\mathrm{Jacov} - -\mathrm{L2Norm}\right)},plain Jacob_fro Sub Jacov L2-Norm Negative Sub Log Div <EOS>,((plain - Jacob_fro) / log((Jacov - -(L2-Norm)))),0.890800000,0.923200000,136,9,5,2285,run_monash_time_unique1000,1,1,TIME__Coastal_T_S__20T/seed_2285/run_monash_time_unique1000/visualizations/archive_latex.tex
33,0.963029525,0.890500000,\sqrt{\mathrm{Fisher}} - \frac{\mathrm{JacobFro}}{\log\left(\mathrm{Jacov} + \mathrm{L2Norm}\right)},Fisher Sqrt Jacob_fro Jacov L2-Norm Add Log Div Sub <EOS>,(sqrt(Fisher) - (Jacob_fro / log((Jacov + L2-Norm)))),0.890500000,0.922300000,126,9,5,2191,run_monash_time_unique1000,2,1,TIME__Coastal_T_S__20T/seed_2191/run_monash_time_unique1000/visualizations/archive_latex.tex
34,0.961874198,0.890300000,\frac{\mathrm{GradNorm} - \mathrm{JacobFro}}{\sqrt{\mathrm{Jacov} + \mathrm{JacobFro}}},Grad_Norm Jacob_fro Sub Jacov Jacob_fro Add Sqrt Div <EOS>,((Grad_Norm - Jacob_fro) / sqrt((Jacov + Jacob_fro))),0.890300000,0.908400000,130,8,4,2117,run_monash_time_unique1000,2,1,TIME__Coastal_T_S__20T/seed_2117/run_monash_time_unique1000/visualizations/archive_latex.tex
35,0.960718870,0.890300000,\frac{\mathrm{ZiCo}}{\frac{\mathrm{JacobFro}}{\left(\frac{\left(\mathrm{Jacov}\right)^2}{\mathrm{ZiCo}}\right)^2}},ZiCo Jacob_fro Jacov Square ZiCo Div Square Div Div <EOS>,(ZiCo / (Jacob_fro / square((square(Jacov) / ZiCo)))),0.890300000,0.861700000,76,9,6,2134,run_monash_time_unique1000,2,1,TIME__Coastal_T_S__20T/seed_2134/run_monash_time_unique1000/visualizations/archive_latex.tex
36,0.959563543,0.890100000,\frac{\left(\log\left(\mathrm{Jacov}\right)\right)^2}{\sqrt{\mathrm{JacobFro} - \mathrm{GradNorm}}},Jacov Log Square Jacob_fro Grad_Norm Sub Sqrt Div <EOS>,(square(log(Jacov)) / sqrt((Jacob_fro - Grad_Norm))),0.890100000,0.903300000,75,8,4,2317,run_monash_time_unique1000,1,1,TIME__Coastal_T_S__20T/seed_2317/run_monash_time_unique1000/visualizations/archive_latex.tex
37,0.958408216,0.890000000,\frac{\left(\mathrm{plain}\right) \cdot \left(\log\left(\frac{\mathrm{Jacov}}{\mathrm{L2Norm}}\right)\right)}{\left(\mathrm{JacobFro}\right)^2},plain Jacov L2-Norm Div Log Mul Jacob_fro Square Div <EOS>,((plain * log((Jacov / L2-Norm))) / square(Jacob_fro)),0.890000000,0.919600000,160,9,5,2074,run_monash_time_unique1000,1,1,TIME__Coastal_T_S__20T/seed_2074/run_monash_time_unique1000/visualizations/archive_latex.tex
38,0.957252888,0.890000000,\frac{\left(\log\left(\frac{\mathrm{Jacov}}{\mathrm{L2Norm}}\right)\right) \cdot \left(\mathrm{plain}\right)}{\left(\mathrm{JacobFro}\right)^2},Jacov L2-Norm Div Log plain Mul Jacob_fro Square Div <EOS>,((log((Jacov / L2-Norm)) * plain) / square(Jacob_fro)),0.890000000,0.919600000,135,9,5,2192,run_monash_time_unique1000,1,2,TIME__Coastal_T_S__20T/seed_2192/run_monash_time_unique1000/visualizations/archive_latex.tex
39,0.956097561,0.889900000,\mathrm{plain} - \frac{\mathrm{JacobFro}}{\sqrt{\mathrm{L2Norm} + \mathrm{Jacov}}},plain Jacob_fro L2-Norm Jacov Add Sqrt Div Sub <EOS>,(plain - (Jacob_fro / sqrt((L2-Norm + Jacov)))),0.889900000,0.921200000,105,8,5,2043,run_monash_time_unique1000,1,4,TIME__Coastal_T_S__20T/seed_2043/run_monash_time_unique1000/visualizations/archive_latex.tex
40,0.954942234,0.889900000,\mathrm{plain} - \frac{\mathrm{JacobFro}}{\sqrt{\mathrm{Jacov} + \mathrm{L2Norm}}},plain Jacob_fro Jacov L2-Norm Add Sqrt Div Sub <EOS>,(plain - (Jacob_fro / sqrt((Jacov + L2-Norm)))),0.889900000,0.921200000,124,8,5,2136,run_monash_time_unique1000,1,4,TIME__Coastal_T_S__20T/seed_2136/run_monash_time_unique1000/visualizations/archive_latex.tex
41,0.953786906,0.889800000,\frac{\log\left(\log\left(\mathrm{L2Norm} + \mathrm{Jacov}\right)\right)}{\mathrm{JacobFro} - \mathrm{plain}},L2-Norm Jacov Add Log Log Jacob_fro plain Sub Div <EOS>,(log(log((L2-Norm + Jacov))) / (Jacob_fro - plain)),0.889800000,0.925700000,132,9,5,2103,run_monash_time_unique1000,1,14,TIME__Coastal_T_S__20T/seed_2103/run_monash_time_unique1000/visualizations/archive_latex.tex
42,0.952631579,0.889800000,\frac{\mathrm{plain} - \mathrm{JacobFro}}{\log\left(\log\left(\mathrm{L2Norm} + \mathrm{Jacov}\right)\right)},plain Jacob_fro Sub L2-Norm Jacov Add Log Log Div <EOS>,((plain - Jacob_fro) / log(log((L2-Norm + Jacov)))),0.889800000,0.925700000,106,9,5,2165,run_monash_time_unique1000,1,12,TIME__Coastal_T_S__20T/seed_2165/run_monash_time_unique1000/visualizations/archive_latex.tex
43,0.951476252,0.889800000,\frac{\log\left(\log\left(\mathrm{Jacov} + \mathrm{L2Norm}\right)\right)}{\mathrm{JacobFro} - \mathrm{plain}},Jacov L2-Norm Add Log Log Jacob_fro plain Sub Div <EOS>,(log(log((Jacov + L2-Norm))) / (Jacob_fro - plain)),0.889800000,0.925700000,75,9,5,2104,run_monash_time_unique1000,2,23,TIME__Coastal_T_S__20T/seed_2104/run_monash_time_unique1000/visualizations/archive_latex.tex
44,0.950320924,0.889600000,\mathrm{Snip} - \frac{-\left(\mathrm{Snip}\right)^2}{\mathrm{Jacov}},Snip Snip Square Negative Jacov Div Sub <EOS>,(Snip - (-(square(Snip)) / Jacov)),0.889600000,0.881900000,4,7,5,2206,run_monash_time_unique1000,1,1,TIME__Coastal_T_S__20T/seed_2206/run_monash_time_unique1000/visualizations/archive_latex.tex
45,0.949165597,0.889600000,\frac{\left(-\mathrm{Snip}\right)^2}{\mathrm{Jacov}} + \mathrm{Snip},Snip Negative Square Jacov Div Snip Add <EOS>,((square(-(Snip)) / Jacov) + Snip),0.889600000,0.881900000,51,7,5,2229,run_monash_time_unique1000,1,1,TIME__Coastal_T_S__20T/seed_2229/run_monash_time_unique1000/visualizations/archive_latex.tex
46,0.948010270,0.889600000,\frac{\mathrm{Snip} + \mathrm{Jacov}}{\frac{\mathrm{Jacov}}{\mathrm{Snip}}},Snip Jacov Add Jacov Snip Div Div <EOS>,((Snip + Jacov) / (Jacov / Snip)),0.889600000,0.881900000,109,7,3,2071,run_monash_time_unique1000,2,1,TIME__Coastal_T_S__20T/seed_2071/run_monash_time_unique1000/visualizations/archive_latex.tex
47,0.946854942,0.889500000,\left(\log\left(\frac{\mathrm{Jacov}}{-\mathrm{Snip}}\right)\right) \cdot \left(\mathrm{Snip}\right),Jacov Snip Negative Div Log Snip Mul <EOS>,(log((Jacov / -(Snip))) * Snip),0.889500000,0.876200000,79,7,5,2089,run_monash_time_unique1000,1,1,TIME__Coastal_T_S__20T/seed_2089/run_monash_time_unique1000/visualizations/archive_latex.tex
48,0.945699615,0.889500000,\left(\mathrm{Snip}\right) \cdot \left(\log\left(\frac{\mathrm{Jacov}}{\mathrm{Snip}}\right)\right),Snip Jacov Snip Div Log Mul <EOS>,(Snip * log((Jacov / Snip))),0.889500000,0.876200000,64,6,4,2109,run_monash_time_unique1000,1,2,TIME__Coastal_T_S__20T/seed_2109/run_monash_time_unique1000/visualizations/archive_latex.tex
49,0.944544288,0.889500000,\left(\log\left(\frac{\mathrm{Jacov}}{\mathrm{Snip}}\right)\right) \cdot \left(\mathrm{Snip}\right),Jacov Snip Div Log Snip Mul <EOS>,(log((Jacov / Snip)) * Snip),0.889500000,0.876200000,90,6,4,2205,run_monash_time_unique1000,1,1,TIME__Coastal_T_S__20T/seed_2205/run_monash_time_unique1000/visualizations/archive_latex.tex
50,0.943388960,0.889500000,\frac{\log\left(\mathrm{L2Norm} + \mathrm{Jacov}\right) + \sqrt{\mathrm{plain}}}{\mathrm{JacobFro}},L2-Norm Jacov Add Log plain Sqrt Add Jacob_fro Div <EOS>,((log((L2-Norm + Jacov)) + sqrt(plain)) / Jacob_fro),0.889500000,0.920700000,25,9,5,2073,run_monash_time_unique1000,3,1,TIME__Coastal_T_S__20T/seed_2073/run_monash_time_unique1000/visualizations/archive_latex.tex
51,0.942233633,0.889400000,\frac{\sqrt{\log\left(\frac{\mathrm{Jacov}}{\mathrm{L2Norm}}\right)}}{\mathrm{JacobFro} - \mathrm{plain}},Jacov L2-Norm Div Log Sqrt Jacob_fro plain Sub Div <EOS>,(sqrt(log((Jacov / L2-Norm))) / (Jacob_fro - plain)),0.889400000,0.922800000,136,9,5,2045,run_monash_time_unique1000,5,1,TIME__Coastal_T_S__20T/seed_2045/run_monash_time_unique1000/visualizations/archive_latex.tex
52,0.941078306,0.889300000,\mathrm{Fisher} - \frac{\mathrm{JacobFro}}{\log\left(\mathrm{Jacov} + \mathrm{L2Norm}\right)},Fisher Jacob_fro Jacov L2-Norm Add Log Div Sub <EOS>,(Fisher - (Jacob_fro / log((Jacov + L2-Norm)))),0.889300000,0.920600000,120,8,5,2197,run_monash_time_unique1000,1,4,TIME__Coastal_T_S__20T/seed_2197/run_monash_time_unique1000/visualizations/archive_latex.tex
53,0.939922978,0.889300000,\frac{\mathrm{ZiCo} - \mathrm{JacobFro}}{\log\left(\mathrm{L2Norm} + \mathrm{Jacov}\right)},ZiCo Jacob_fro Sub L2-Norm Jacov Add Log Div <EOS>,((ZiCo - Jacob_fro) / log((L2-Norm + Jacov))),0.889300000,0.904400000,36,8,4,2248,run_monash_time_unique1000,3,1,TIME__Coastal_T_S__20T/seed_2248/run_monash_time_unique1000/visualizations/archive_latex.tex
54,0.938767651,0.889300000,\frac{\log\left(\mathrm{L2Norm} + \mathrm{Jacov}\right)}{\mathrm{JacobFro} - \mathrm{ZiCo}},L2-Norm Jacov Add Log Jacob_fro ZiCo Sub Div <EOS>,(log((L2-Norm + Jacov)) / (Jacob_fro - ZiCo)),0.889300000,0.904400000,97,8,4,2317,run_monash_time_unique1000,3,1,TIME__Coastal_T_S__20T/seed_2317/run_monash_time_unique1000/visualizations/archive_latex.tex
55,0.937612323,0.889300000,\mathrm{Fisher} - \frac{\mathrm{JacobFro}}{\log\left(\mathrm{L2Norm} + \mathrm{Jacov}\right)},Fisher Jacob_fro L2-Norm Jacov Add Log Div Sub <EOS>,(Fisher - (Jacob_fro / log((L2-Norm + Jacov)))),0.889300000,0.920600000,20,8,5,2034,run_monash_time_unique1000,4,2,TIME__Coastal_T_S__20T/seed_2034/run_monash_time_unique1000/visualizations/archive_latex.tex
56,0.936456996,0.889300000,\left(\frac{\left(\mathrm{JacobFro}\right)^2}{\mathrm{Jacov}} + \mathrm{plain}\right) \cdot \left(\mathrm{L2Norm}\right),Jacob_fro Square Jacov Div plain Add L2-Norm Mul <EOS>,(((square(Jacob_fro) / Jacov) + plain) * L2-Norm),0.889300000,0.927400000,101,8,5,2281,run_monash_time_unique1000,4,1,TIME__Coastal_T_S__20T/seed_2281/run_monash_time_unique1000/visualizations/archive_latex.tex
57,0.935301669,0.889300000,\frac{\log\left(\mathrm{Jacov} + \mathrm{L2Norm}\right)}{\mathrm{JacobFro} - \mathrm{ZiCo}},Jacov L2-Norm Add Log Jacob_fro ZiCo Sub Div <EOS>,(log((Jacov + L2-Norm)) / (Jacob_fro - ZiCo)),0.889300000,0.904400000,192,8,4,2132,run_monash_time_unique1000,5,1,TIME__Coastal_T_S__20T/seed_2132/run_monash_time_unique1000/visualizations/archive_latex.tex
58,0.934146341,0.889200000,\frac{\log\left(\left(\mathrm{plain}\right) \cdot \left(\mathrm{Jacov} + \mathrm{L2Norm}\right)\right)}{\mathrm{JacobFro}},plain Jacov L2-Norm Add Mul Log Jacob_fro Div <EOS>,(log((plain * (Jacov + L2-Norm))) / Jacob_fro),0.889200000,0.921100000,194,8,5,2027,run_monash_time_unique1000,1,11,TIME__Coastal_T_S__20T/seed_2027/run_monash_time_unique1000/visualizations/archive_latex.tex
59,0.932991014,0.889200000,\frac{\log\left(\left(\mathrm{plain}\right) \cdot \left(\mathrm{L2Norm} + \mathrm{Jacov}\right)\right)}{\mathrm{JacobFro}},plain L2-Norm Jacov Add Mul Log Jacob_fro Div <EOS>,(log((plain * (L2-Norm + Jacov))) / Jacob_fro),0.889200000,0.921100000,40,8,5,2036,run_monash_time_unique1000,1,13,TIME__Coastal_T_S__20T/seed_2036/run_monash_time_unique1000/visualizations/archive_latex.tex
60,0.931835687,0.889200000,\frac{\log\left(\left(\mathrm{Jacov} + \mathrm{L2Norm}\right) \cdot \left(\mathrm{plain}\right)\right)}{\mathrm{JacobFro}},Jacov L2-Norm Add plain Mul Log Jacob_fro Div <EOS>,(log(((Jacov + L2-Norm) * plain)) / Jacob_fro),0.889200000,0.921100000,90,8,5,2048,run_monash_time_unique1000,1,9,TIME__Coastal_T_S__20T/seed_2048/run_monash_time_unique1000/visualizations/archive_latex.tex
61,0.930680359,0.889200000,\frac{\log\left(\left(\mathrm{L2Norm} + \mathrm{Jacov}\right) \cdot \left(\mathrm{plain}\right)\right)}{\mathrm{JacobFro}},L2-Norm Jacov Add plain Mul Log Jacob_fro Div <EOS>,(log(((L2-Norm + Jacov) * plain)) / Jacob_fro),0.889200000,0.921100000,56,8,5,2096,run_monash_time_unique1000,1,17,TIME__Coastal_T_S__20T/seed_2096/run_monash_time_unique1000/visualizations/archive_latex.tex
62,0.929525032,0.889200000,\mathrm{plain} - \frac{\mathrm{JacobFro}}{\log\left(\sqrt{\mathrm{Jacov} + \mathrm{L2Norm}}\right)},plain Jacob_fro Jacov L2-Norm Add Sqrt Log Div Sub <EOS>,(plain - (Jacob_fro / log(sqrt((Jacov + L2-Norm))))),0.889200000,0.926100000,123,9,6,2136,run_monash_time_unique1000,2,2,TIME__Coastal_T_S__20T/seed_2136/run_monash_time_unique1000/visualizations/archive_latex.tex
63,0.928369705,0.889200000,\mathrm{plain} - \frac{\mathrm{JacobFro}}{\log\left(\sqrt{\mathrm{L2Norm} + \mathrm{Jacov}}\right)},plain Jacob_fro L2-Norm Jacov Add Sqrt Log Div Sub <EOS>,(plain - (Jacob_fro / log(sqrt((L2-Norm + Jacov))))),0.889200000,0.926100000,141,9,6,2303,run_monash_time_unique1000,5,1,TIME__Coastal_T_S__20T/seed_2303/run_monash_time_unique1000/visualizations/archive_latex.tex
64,0.927214377,0.889100000,\frac{\log\left(\mathrm{L2Norm} + \mathrm{Jacov}\right) + \mathrm{plain}}{\mathrm{JacobFro}},L2-Norm Jacov Add Log plain Add Jacob_fro Div <EOS>,((log((L2-Norm + Jacov)) + plain) / Jacob_fro),0.889100000,0.924800000,44,8,5,2028,run_monash_time_unique1000,1,26,TIME__Coastal_T_S__20T/seed_2028/run_monash_time_unique1000/visualizations/archive_latex.tex
65,0.926059050,0.889100000,\frac{\log\left(\mathrm{Jacov} + \mathrm{L2Norm}\right) + \mathrm{plain}}{\mathrm{JacobFro}},Jacov L2-Norm Add Log plain Add Jacob_fro Div <EOS>,((log((Jacov + L2-Norm)) + plain) / Jacob_fro),0.889100000,0.924800000,85,8,5,2031,run_monash_time_unique1000,1,22,TIME__Coastal_T_S__20T/seed_2031/run_monash_time_unique1000/visualizations/archive_latex.tex
66,0.924903723,0.889100000,\frac{\mathrm{plain} + \log\left(\mathrm{Jacov} + \mathrm{L2Norm}\right)}{\mathrm{JacobFro}},plain Jacov L2-Norm Add Log Add Jacob_fro Div <EOS>,((plain + log((Jacov + L2-Norm))) / Jacob_fro),0.889100000,0.924800000,98,8,5,2035,run_monash_time_unique1000,1,23,TIME__Coastal_T_S__20T/seed_2035/run_monash_time_unique1000/visualizations/archive_latex.tex
67,0.923748395,0.889100000,\frac{\mathrm{plain} + \log\left(\mathrm{L2Norm} + \mathrm{Jacov}\right)}{\mathrm{JacobFro}},plain L2-Norm Jacov Add Log Add Jacob_fro Div <EOS>,((plain + log((L2-Norm + Jacov))) / Jacob_fro),0.889100000,0.924800000,61,8,5,2065,run_monash_time_unique1000,1,15,TIME__Coastal_T_S__20T/seed_2065/run_monash_time_unique1000/visualizations/archive_latex.tex
68,0.922593068,0.889100000,\log\left(\mathrm{plain}\right) - \frac{\mathrm{JacobFro}}{\log\left(\mathrm{Jacov} + \mathrm{L2Norm}\right)},plain Log Jacob_fro Jacov L2-Norm Add Log Div Sub <EOS>,(log(plain) - (Jacob_fro / log((Jacov + L2-Norm)))),0.889100000,0.925400000,54,9,5,2043,run_monash_time_unique1000,3,2,TIME__Coastal_T_S__20T/seed_2043/run_monash_time_unique1000/visualizations/archive_latex.tex
69,0.921437741,0.889100000,\frac{\log\left(\mathrm{L2Norm} + \mathrm{Jacov}\right)}{\mathrm{JacobFro} - \mathrm{MParams}},L2-Norm Jacov Add Log Jacob_fro MParams Sub Div <EOS>,(log((L2-Norm + Jacov)) / (Jacob_fro - MParams)),0.889100000,0.899800000,148,8,4,2317,run_monash_time_unique1000,4,1,TIME__Coastal_T_S__20T/seed_2317/run_monash_time_unique1000/visualizations/archive_latex.tex
70,0.920282413,0.888900000,\frac{\log\left(\frac{\mathrm{Jacov}}{\mathrm{L2Norm}}\right)}{\mathrm{JacobFro} - \left(\mathrm{plain}\right)^2},Jacov L2-Norm Div Log Jacob_fro plain Square Sub Div <EOS>,(log((Jacov / L2-Norm)) / (Jacob_fro - square(plain))),0.888900000,0.924500000,64,9,4,2325,run_monash_time_unique1000,4,1,TIME__Coastal_T_S__20T/seed_2325/run_monash_time_unique1000/visualizations/archive_latex.tex
71,0.919127086,0.888700000,\sqrt{\mathrm{plain}} - \frac{\mathrm{JacobFro}}{\log\left(\mathrm{Jacov} + \mathrm{L2Norm}\right)},plain Sqrt Jacob_fro Jacov L2-Norm Add Log Div Sub <EOS>,(sqrt(plain) - (Jacob_fro / log((Jacov + L2-Norm)))),0.888700000,0.925300000,111,9,5,2043,run_monash_time_unique1000,4,3,TIME__Coastal_T_S__20T/seed_2043/run_monash_time_unique1000/visualizations/archive_latex.tex
72,0.917971759,0.888300000,\mathrm{plain} - \frac{\mathrm{JacobFro}}{\left(\left(\mathrm{ZiCo}\right) \cdot \left(\log\left(\mathrm{Jacov}\right)\right)\right)^2},plain Jacob_fro ZiCo Jacov Log Mul Square Div Sub <EOS>,(plain - (Jacob_fro / square((ZiCo * log(Jacov))))),0.888300000,0.923800000,30,9,6,2326,run_monash_time_unique1000,3,1,TIME__Coastal_T_S__20T/seed_2326/run_monash_time_unique1000/visualizations/archive_latex.tex
73,0.916816431,0.888200000,\frac{\log\left(\left(\mathrm{Jacov}\right) \cdot \left(\frac{\mathrm{Fisher}}{\mathrm{GradNorm}}\right)\right)}{\mathrm{JacobFro}},Jacov Fisher Grad_Norm Div Mul Log Jacob_fro Div <EOS>,(log((Jacov * (Fisher / Grad_Norm))) / Jacob_fro),0.888200000,0.915200000,124,8,5,2065,run_monash_time_unique1000,2,2,TIME__Coastal_T_S__20T/seed_2065/run_monash_time_unique1000/visualizations/archive_latex.tex
74,0.915661104,0.888200000,\frac{\log\left(\frac{\left(\mathrm{Jacov}\right) \cdot \left(\mathrm{Fisher}\right)}{\mathrm{GradNorm}}\right)}{\mathrm{JacobFro}},Jacov Fisher Mul Grad_Norm Div Log Jacob_fro Div <EOS>,(log(((Jacov * Fisher) / Grad_Norm)) / Jacob_fro),0.888200000,0.915200000,142,8,5,2080,run_monash_time_unique1000,2,1,TIME__Coastal_T_S__20T/seed_2080/run_monash_time_unique1000/visualizations/archive_latex.tex
75,0.914505777,0.888200000,\frac{\log\left(\left(\mathrm{Fisher}\right) \cdot \left(\frac{\mathrm{Jacov}}{\mathrm{GradNorm}}\right)\right)}{\mathrm{JacobFro}},Fisher Jacov Grad_Norm Div Mul Log Jacob_fro Div <EOS>,(log((Fisher * (Jacov / Grad_Norm))) / Jacob_fro),0.888200000,0.915200000,66,8,5,2099,run_monash_time_unique1000,2,1,TIME__Coastal_T_S__20T/seed_2099/run_monash_time_unique1000/visualizations/archive_latex.tex
76,0.913350449,0.888200000,\frac{\log\left(\left(\frac{\mathrm{Fisher}}{\mathrm{GradNorm}}\right) \cdot \left(\mathrm{Jacov}\right)\right)}{\mathrm{JacobFro}},Fisher Grad_Norm Div Jacov Mul Log Jacob_fro Div <EOS>,(log(((Fisher / Grad_Norm) * Jacov)) / Jacob_fro),0.888200000,0.915200000,47,8,5,2114,run_monash_time_unique1000,2,1,TIME__Coastal_T_S__20T/seed_2114/run_monash_time_unique1000/visualizations/archive_latex.tex
77,0.912195122,0.888200000,\frac{\log\left(\left(\mathrm{GradNorm}\right) \cdot \left(\mathrm{L2Norm} + \mathrm{Jacov}\right)\right)}{\mathrm{JacobFro}},Grad_Norm L2-Norm Jacov Add Mul Log Jacob_fro Div <EOS>,(log((Grad_Norm * (L2-Norm + Jacov))) / Jacob_fro),0.888200000,0.917900000,12,8,5,2115,run_monash_time_unique1000,2,2,TIME__Coastal_T_S__20T/seed_2115/run_monash_time_unique1000/visualizations/archive_latex.tex
78,0.911039795,0.888200000,\frac{\log\left(\left(\mathrm{Jacov} + \mathrm{L2Norm}\right) \cdot \left(\mathrm{GradNorm}\right)\right)}{\mathrm{JacobFro}},Jacov L2-Norm Add Grad_Norm Mul Log Jacob_fro Div <EOS>,(log(((Jacov + L2-Norm) * Grad_Norm)) / Jacob_fro),0.888200000,0.917900000,29,8,5,2158,run_monash_time_unique1000,2,1,TIME__Coastal_T_S__20T/seed_2158/run_monash_time_unique1000/visualizations/archive_latex.tex
79,0.909884467,0.888200000,\frac{\log\left(\left(\mathrm{L2Norm} + \mathrm{Jacov}\right) \cdot \left(\mathrm{GradNorm}\right)\right)}{\mathrm{JacobFro}},L2-Norm Jacov Add Grad_Norm Mul Log Jacob_fro Div <EOS>,(log(((L2-Norm + Jacov) * Grad_Norm)) / Jacob_fro),0.888200000,0.917900000,41,8,5,2205,run_monash_time_unique1000,2,3,TIME__Coastal_T_S__20T/seed_2205/run_monash_time_unique1000/visualizations/archive_latex.tex
80,0.908729140,0.888200000,\frac{\log\left(\frac{\left(\mathrm{Fisher}\right) \cdot \left(\mathrm{Jacov}\right)}{\mathrm{GradNorm}}\right)}{\mathrm{JacobFro}},Fisher Jacov Mul Grad_Norm Div Log Jacob_fro Div <EOS>,(log(((Fisher * Jacov) / Grad_Norm)) / Jacob_fro),0.888200000,0.915200000,30,8,5,2257,run_monash_time_unique1000,3,1,TIME__Coastal_T_S__20T/seed_2257/run_monash_time_unique1000/visualizations/archive_latex.tex
81,0.907573813,0.888000000,\frac{\sqrt{\left(\mathrm{L2Norm} + \mathrm{Jacov}\right) \cdot \left(\mathrm{plain}\right)}}{\mathrm{JacobFro}},L2-Norm Jacov Add plain Mul Sqrt Jacob_fro Div <EOS>,(sqrt(((L2-Norm + Jacov) * plain)) / Jacob_fro),0.888000000,0.913200000,42,8,5,2152,run_monash_time_unique1000,2,1,TIME__Coastal_T_S__20T/seed_2152/run_monash_time_unique1000/visualizations/archive_latex.tex
82,0.906418485,0.887800000,\frac{\log\left(\log\left(\left(\frac{\mathrm{GradNorm}}{\mathrm{L2Norm}}\right) \cdot \left(\mathrm{Jacov}\right)\right)\right)}{\mathrm{JacobFro}},Grad_Norm L2-Norm Div Jacov Mul Log Log Jacob_fro Div <EOS>,(log(log(((Grad_Norm / L2-Norm) * Jacov))) / Jacob_fro),0.887800000,0.916000000,190,9,6,2240,run_monash_time_unique1000,2,1,TIME__Coastal_T_S__20T/seed_2240/run_monash_time_unique1000/visualizations/archive_latex.tex
83,0.905263158,0.887500000,\frac{\mathrm{plain} + \log\left(\mathrm{JacobFro} + \mathrm{Jacov}\right)}{\sqrt{\mathrm{JacobFro}}},plain Jacob_fro Jacov Add Log Add Jacob_fro Sqrt Div <EOS>,((plain + log((Jacob_fro + Jacov))) / sqrt(Jacob_fro)),0.887500000,0.920100000,96,9,5,2068,run_monash_time_unique1000,1,1,TIME__Coastal_T_S__20T/seed_2068/run_monash_time_unique1000/visualizations/archive_latex.tex
84,0.904107831,0.887500000,\frac{\log\left(\mathrm{JacobFro} + \mathrm{Jacov}\right) + \mathrm{plain}}{\sqrt{\mathrm{JacobFro}}},Jacob_fro Jacov Add Log plain Add Jacob_fro Sqrt Div <EOS>,((log((Jacob_fro + Jacov)) + plain) / sqrt(Jacob_fro)),0.887500000,0.920100000,128,9,5,2212,run_monash_time_unique1000,2,1,TIME__Coastal_T_S__20T/seed_2212/run_monash_time_unique1000/visualizations/archive_latex.tex
85,0.902952503,0.887300000,\frac{\log\left(\left(\mathrm{Jacov}\right) \cdot \left(\mathrm{plain}\right) + \mathrm{Snip}\right)}{\mathrm{JacobFro}},Jacov plain Mul Snip Add Log Jacob_fro Div <EOS>,(log(((Jacov * plain) + Snip)) / Jacob_fro),0.887300000,0.919700000,29,8,5,2223,run_monash_time_unique1000,3,2,TIME__Coastal_T_S__20T/seed_2223/run_monash_time_unique1000/visualizations/archive_latex.tex
86,0.901797176,0.887000000,\frac{\mathrm{GradNorm} - \mathrm{JacobFro}}{\sqrt{\mathrm{Jacov}}},Grad_Norm Jacob_fro Sub Jacov Sqrt Div <EOS>,((Grad_Norm - Jacob_fro) / sqrt(Jacov)),0.887000000,0.907600000,109,6,3,2176,run_monash_time_unique1000,2,12,TIME__Coastal_T_S__20T/seed_2176/run_monash_time_unique1000/visualizations/archive_latex.tex
87,0.900641849,0.886800000,\frac{\log\left(\sqrt{\mathrm{L2Norm} + \mathrm{Jacov}}\right) + \mathrm{Fisher}}{\mathrm{JacobFro}},L2-Norm Jacov Add Sqrt Log Fisher Add Jacob_fro Div <EOS>,((log(sqrt((L2-Norm + Jacov))) + Fisher) / Jacob_fro),0.886800000,0.923700000,16,9,6,2170,run_monash_time_unique1000,2,2,TIME__Coastal_T_S__20T/seed_2170/run_monash_time_unique1000/visualizations/archive_latex.tex
88,0.899486521,0.886700000,\mathrm{Fisher} - \frac{\mathrm{JacobFro}}{\left(\mathrm{ZiCo}\right) \cdot \left(\sqrt{\mathrm{Jacov}}\right)},Fisher Jacob_fro ZiCo Jacov Sqrt Mul Div Sub <EOS>,(Fisher - (Jacob_fro / (ZiCo * sqrt(Jacov)))),0.886700000,0.913800000,128,8,5,2261,run_monash_time_unique1000,2,1,TIME__Coastal_T_S__20T/seed_2261/run_monash_time_unique1000/visualizations/archive_latex.tex
89,0.898331194,0.886700000,\frac{\left(\mathrm{Fisher}\right) \cdot \left(\mathrm{GradNorm}\right) - \mathrm{JacobFro}}{\sqrt{\mathrm{Jacov}}},Fisher Grad_Norm Mul Jacob_fro Sub Jacov Sqrt Div <EOS>,(((Fisher * Grad_Norm) - Jacob_fro) / sqrt(Jacov)),0.886700000,0.915000000,23,8,4,2176,run_monash_time_unique1000,3,1,TIME__Coastal_T_S__20T/seed_2176/run_monash_time_unique1000/visualizations/archive_latex.tex
90,0.897175866,0.886600000,\frac{\mathrm{Fisher} + \log\left(\mathrm{Jacov} + \mathrm{JacobFro}\right)}{\mathrm{JacobFro}},Fisher Jacov Jacob_fro Add Log Add Jacob_fro Div <EOS>,((Fisher + log((Jacov + Jacob_fro))) / Jacob_fro),0.886600000,0.919000000,72,8,5,2053,run_monash_time_unique1000,1,2,TIME__Coastal_T_S__20T/seed_2053/run_monash_time_unique1000/visualizations/archive_latex.tex
91,0.896020539,0.886600000,\frac{\log\left(\mathrm{Jacov} + \mathrm{JacobFro}\right) + \mathrm{Fisher}}{\mathrm{JacobFro}},Jacov Jacob_fro Add Log Fisher Add Jacob_fro Div <EOS>,((log((Jacov + Jacob_fro)) + Fisher) / Jacob_fro),0.886600000,0.919000000,159,8,5,2087,run_monash_time_unique1000,1,4,TIME__Coastal_T_S__20T/seed_2087/run_monash_time_unique1000/visualizations/archive_latex.tex
92,0.894865212,0.886600000,\frac{\mathrm{Fisher} + \log\left(\mathrm{JacobFro} + \mathrm{Jacov}\right)}{\mathrm{JacobFro}},Fisher Jacob_fro Jacov Add Log Add Jacob_fro Div <EOS>,((Fisher + log((Jacob_fro + Jacov))) / Jacob_fro),0.886600000,0.919000000,37,8,5,2100,run_monash_time_unique1000,1,5,TIME__Coastal_T_S__20T/seed_2100/run_monash_time_unique1000/visualizations/archive_latex.tex
93,0.893709884,0.886600000,\frac{\log\left(\mathrm{Jacov}\right)}{\mathrm{JacobFro} - \left(\mathrm{Fisher}\right) \cdot \left(\mathrm{GFLOPs}\right)},Jacov Log Jacob_fro Fisher GFLOPs Mul Sub Div <EOS>,(log(Jacov) / (Jacob_fro - (Fisher * GFLOPs))),0.886600000,0.917400000,134,8,4,2259,run_monash_time_unique1000,1,3,TIME__Coastal_T_S__20T/seed_2259/run_monash_time_unique1000/visualizations/archive_latex.tex
94,0.892554557,0.886600000,\frac{\left(\mathrm{Fisher}\right) \cdot \left(\mathrm{GFLOPs}\right) - \mathrm{JacobFro}}{\log\left(\mathrm{Jacov}\right)},Fisher GFLOPs Mul Jacob_fro Sub Jacov Log Div <EOS>,(((Fisher * GFLOPs) - Jacob_fro) / log(Jacov)),0.886600000,0.917400000,12,8,4,2283,run_monash_time_unique1000,1,3,TIME__Coastal_T_S__20T/seed_2283/run_monash_time_unique1000/visualizations/archive_latex.tex
95,0.891399230,0.886600000,\frac{\log\left(\mathrm{JacobFro} + \mathrm{Jacov}\right) + \mathrm{Fisher}}{\mathrm{JacobFro}},Jacob_fro Jacov Add Log Fisher Add Jacob_fro Div <EOS>,((log((Jacob_fro + Jacov)) + Fisher) / Jacob_fro),0.886600000,0.919000000,139,8,5,2111,run_monash_time_unique1000,2,6,TIME__Coastal_T_S__20T/seed_2111/run_monash_time_unique1000/visualizations/archive_latex.tex
96,0.890243902,0.886600000,\frac{\left(\mathrm{GFLOPs}\right) \cdot \left(\mathrm{Fisher}\right) - \mathrm{JacobFro}}{\log\left(\mathrm{Jacov}\right)},GFLOPs Fisher Mul Jacob_fro Sub Jacov Log Div <EOS>,(((GFLOPs * Fisher) - Jacob_fro) / log(Jacov)),0.886600000,0.917400000,92,8,4,2249,run_monash_time_unique1000,2,3,TIME__Coastal_T_S__20T/seed_2249/run_monash_time_unique1000/visualizations/archive_latex.tex
97,0.889088575,0.886400000,\mathrm{ZiCo} - \frac{\mathrm{JacobFro}}{\log\left(\left(\left(\mathrm{Jacov}\right)^2\right) \cdot \left(\mathrm{Fisher}\right)\right)},ZiCo Jacob_fro Jacov Square Fisher Mul Log Div Sub <EOS>,(ZiCo - (Jacob_fro / log((square(Jacov) * Fisher)))),0.886400000,0.921200000,25,9,6,2264,run_monash_time_unique1000,1,1,TIME__Coastal_T_S__20T/seed_2264/run_monash_time_unique1000/visualizations/archive_latex.tex
98,0.887933248,0.886200000,\frac{\log\left(\left(\left(\mathrm{Jacov}\right)^2\right) \cdot \left(\frac{\mathrm{Fisher}}{\mathrm{JacobFro}}\right)\right)}{\mathrm{JacobFro}},Jacov Square Fisher Jacob_fro Div Mul Log Jacob_fro Div <EOS>,(log((square(Jacov) * (Fisher / Jacob_fro))) / Jacob_fro),0.886200000,0.919600000,126,9,5,2065,run_monash_time_unique1000,3,1,TIME__Coastal_T_S__20T/seed_2065/run_monash_time_unique1000/visualizations/archive_latex.tex
99,0.886777920,0.886200000,\frac{\mathrm{GradNorm} - \mathrm{JacobFro}}{\sqrt{\mathrm{GradNorm} - \mathrm{Jacov}}},Grad_Norm Jacob_fro Sub Grad_Norm Jacov Sub Sqrt Div <EOS>,((Grad_Norm - Jacob_fro) / sqrt((Grad_Norm - Jacov))),0.886200000,0.907500000,164,8,4,2222,run_monash_time_unique1000,7,1,TIME__Coastal_T_S__20T/seed_2222/run_monash_time_unique1000/visualizations/archive_latex.tex
100,0.885622593,0.886000000,\frac{\mathrm{GradNorm} - \mathrm{JacobFro}}{\sqrt{\mathrm{Jacov}} + \mathrm{plain}},Grad_Norm Jacob_fro Sub Jacov Sqrt plain Add Div <EOS>,((Grad_Norm - Jacob_fro) / (sqrt(Jacov) + plain)),0.886000000,0.908800000,130,8,4,2269,run_monash_time_unique1000,3,1,TIME__Coastal_T_S__20T/seed_2269/run_monash_time_unique1000/visualizations/archive_latex.tex
101,0.884467266,0.885900000,\frac{\log\left(\left(\mathrm{ZiCo}\right) \cdot \left(\log\left(\mathrm{Jacov}\right)\right)\right)}{\mathrm{JacobFro} - \mathrm{plain}},ZiCo Jacov Log Mul Log Jacob_fro plain Sub Div <EOS>,(log((ZiCo * log(Jacov))) / (Jacob_fro - plain)),0.885900000,0.924400000,195,9,5,2277,run_monash_time_unique1000,1,1,TIME__Coastal_T_S__20T/seed_2277/run_monash_time_unique1000/visualizations/archive_latex.tex
102,0.883311938,0.885900000,\frac{\log\left(\left(\log\left(\mathrm{Jacov}\right)\right) \cdot \left(\mathrm{ZiCo}\right)\right)}{\mathrm{JacobFro} - \mathrm{plain}},Jacov Log ZiCo Mul Log Jacob_fro plain Sub Div <EOS>,(log((log(Jacov) * ZiCo)) / (Jacob_fro - plain)),0.885900000,0.924400000,19,9,5,2101,run_monash_time_unique1000,2,3,TIME__Coastal_T_S__20T/seed_2101/run_monash_time_unique1000/visualizations/archive_latex.tex
103,0.882156611,0.885700000,\frac{\mathrm{Fisher} + \log\left(\frac{\mathrm{Jacov}}{\mathrm{L2Norm}}\right)}{\mathrm{JacobFro}},Fisher Jacov L2-Norm Div Log Add Jacob_fro Div <EOS>,((Fisher + log((Jacov / L2-Norm))) / Jacob_fro),0.885700000,0.921300000,61,8,5,2040,run_monash_time_unique1000,1,10,TIME__Coastal_T_S__20T/seed_2040/run_monash_time_unique1000/visualizations/archive_latex.tex
104,0.881001284,0.885700000,\frac{\log\left(\left(\mathrm{Jacov}\right) \cdot \left(\sqrt{\mathrm{Fisher}}\right)\right)}{\mathrm{JacobFro}},Jacov Fisher Sqrt Mul Log Jacob_fro Div <EOS>,(log((Jacov * sqrt(Fisher))) / Jacob_fro),0.885700000,0.916800000,21,7,5,2050,run_monash_time_unique1000,1,4,TIME__Coastal_T_S__20T/seed_2050/run_monash_time_unique1000/visualizations/archive_latex.tex
105,0.879845956,0.885700000,\frac{\log\left(\frac{\mathrm{Jacov}}{\mathrm{L2Norm}}\right) + \mathrm{Fisher}}{\mathrm{JacobFro}},Jacov L2-Norm Div Log Fisher Add Jacob_fro Div <EOS>,((log((Jacov / L2-Norm)) + Fisher) / Jacob_fro),0.885700000,0.921300000,48,8,5,2085,run_monash_time_unique1000,2,6,TIME__Coastal_T_S__20T/seed_2085/run_monash_time_unique1000/visualizations/archive_latex.tex
106,0.878690629,0.885700000,\frac{\log\left(\left(\mathrm{Fisher}\right) \cdot \left(\left(\mathrm{Jacov}\right)^2\right)\right)}{\mathrm{JacobFro}},Fisher Jacov Square Mul Log Jacob_fro Div <EOS>,(log((Fisher * square(Jacov))) / Jacob_fro),0.885700000,0.916800000,26,7,5,2189,run_monash_time_unique1000,2,1,TIME__Coastal_T_S__20T/seed_2189/run_monash_time_unique1000/visualizations/archive_latex.tex
107,0.877535302,0.885700000,\frac{\log\left(\left(\left(\mathrm{Jacov}\right)^2\right) \cdot \left(\mathrm{Fisher}\right)\right)}{\mathrm{JacobFro}},Jacov Square Fisher Mul Log Jacob_fro Div <EOS>,(log((square(Jacov) * Fisher)) / Jacob_fro),0.885700000,0.916800000,195,7,5,2238,run_monash_time_unique1000,3,1,TIME__Coastal_T_S__20T/seed_2238/run_monash_time_unique1000/visualizations/archive_latex.tex
108,0.876379974,0.885700000,\left(\frac{\mathrm{ZiCo}}{\sqrt{\mathrm{JacobFro}} - \mathrm{Fisher}}\right) \cdot \left(\log\left(\mathrm{Jacov}\right)\right),ZiCo Jacob_fro Sqrt Fisher Sub Div Jacov Log Mul <EOS>,((ZiCo / (sqrt(Jacob_fro) - Fisher)) * log(Jacov)),0.885700000,0.922500000,10,9,5,2281,run_monash_time_unique1000,5,1,TIME__Coastal_T_S__20T/seed_2281/run_monash_time_unique1000/visualizations/archive_latex.tex
109,0.875224647,0.885600000,\frac{\log\left(\mathrm{Jacov}\right) + \mathrm{Fisher}}{\log\left(\mathrm{JacobFro}\right)},Jacov Log Fisher Add Jacob_fro Log Div <EOS>,((log(Jacov) + Fisher) / log(Jacob_fro)),0.885600000,0.907500000,90,7,4,2052,run_monash_time_unique1000,1,9,TIME__Coastal_T_S__20T/seed_2052/run_monash_time_unique1000/visualizations/archive_latex.tex
110,0.874069320,0.885600000,\left(\sqrt{\left(\mathrm{Fisher}\right) \cdot \left(\mathrm{Jacov}\right)}\right) \cdot \left(\left(\frac{\mathrm{ZiCo}}{\mathrm{JacobFro}}\right)^2\right),Fisher Jacov Mul Sqrt ZiCo Jacob_fro Div Square Mul <EOS>,(sqrt((Fisher * Jacov)) * square((ZiCo / Jacob_fro))),0.885600000,0.919100000,55,9,4,2183,run_monash_time_unique1000,1,1,TIME__Coastal_T_S__20T/seed_2183/run_monash_time_unique1000/visualizations/archive_latex.tex
111,0.872913992,0.885600000,\frac{\mathrm{Fisher} + \log\left(\mathrm{Jacov}\right)}{\log\left(\mathrm{JacobFro}\right)},Fisher Jacov Log Add Jacob_fro Log Div <EOS>,((Fisher + log(Jacov)) / log(Jacob_fro)),0.885600000,0.907500000,53,7,4,2273,run_monash_time_unique1000,1,4,TIME__Coastal_T_S__20T/seed_2273/run_monash_time_unique1000/visualizations/archive_latex.tex
112,0.871758665,0.885600000,\left(\sqrt{\left(\mathrm{Jacov}\right) \cdot \left(\mathrm{Fisher}\right)}\right) \cdot \left(\left(\frac{\mathrm{ZiCo}}{\mathrm{JacobFro}}\right)^2\right),Jacov Fisher Mul Sqrt ZiCo Jacob_fro Div Square Mul <EOS>,(sqrt((Jacov * Fisher)) * square((ZiCo / Jacob_fro))),0.885600000,0.919100000,28,9,4,2072,run_monash_time_unique1000,2,1,TIME__Coastal_T_S__20T/seed_2072/run_monash_time_unique1000/visualizations/archive_latex.tex
113,0.870603338,0.885600000,\frac{\sqrt{\left(\mathrm{Jacov}\right) \cdot \left(\mathrm{Fisher}\right)}}{\left(\frac{\mathrm{JacobFro}}{\mathrm{ZiCo}}\right)^2},Jacov Fisher Mul Sqrt Jacob_fro ZiCo Div Square Div <EOS>,(sqrt((Jacov * Fisher)) / square((Jacob_fro / ZiCo))),0.885600000,0.919100000,118,9,4,2110,run_monash_time_unique1000,2,3,TIME__Coastal_T_S__20T/seed_2110/run_monash_time_unique1000/visualizations/archive_latex.tex
114,0.869448010,0.885600000,\frac{\sqrt{\left(\mathrm{Fisher}\right) \cdot \left(\mathrm{Jacov}\right)}}{\left(\frac{\mathrm{JacobFro}}{\mathrm{ZiCo}}\right)^2},Fisher Jacov Mul Sqrt Jacob_fro ZiCo Div Square Div <EOS>,(sqrt((Fisher * Jacov)) / square((Jacob_fro / ZiCo))),0.885600000,0.919100000,68,9,4,2314,run_monash_time_unique1000,2,2,TIME__Coastal_T_S__20T/seed_2314/run_monash_time_unique1000/visualizations/archive_latex.tex
115,0.868292683,0.885600000,\frac{\mathrm{GradNorm} - \mathrm{JacobFro}}{\left(\mathrm{L2Norm} + \mathrm{Jacov}\right)^2},Grad_Norm Jacob_fro Sub L2-Norm Jacov Add Square Div <EOS>,((Grad_Norm - Jacob_fro) / square((L2-Norm + Jacov))),0.885600000,0.881100000,31,8,4,2117,run_monash_time_unique1000,4,1,TIME__Coastal_T_S__20T/seed_2117/run_monash_time_unique1000/visualizations/archive_latex.tex
116,0.867137356,0.885500000,\frac{\log\left(\mathrm{plain} + \log\left(\mathrm{L2Norm} + \mathrm{Jacov}\right)\right)}{\mathrm{JacobFro}},plain L2-Norm Jacov Add Log Add Log Jacob_fro Div <EOS>,(log((plain + log((L2-Norm + Jacov)))) / Jacob_fro),0.885500000,0.927600000,163,9,6,2049,run_monash_time_unique1000,1,18,TIME__Coastal_T_S__20T/seed_2049/run_monash_time_unique1000/visualizations/archive_latex.tex
117,0.865982028,0.885500000,\mathrm{ZiCo} - \frac{\sqrt{\mathrm{JacobFro}} - \mathrm{plain}}{\log\left(\mathrm{Jacov}\right)},ZiCo Jacob_fro Sqrt plain Sub Jacov Log Div Sub <EOS>,(ZiCo - ((sqrt(Jacob_fro) - plain) / log(Jacov))),0.885500000,0.925700000,21,9,5,2060,run_monash_time_unique1000,1,4,TIME__Coastal_T_S__20T/seed_2060/run_monash_time_unique1000/visualizations/archive_latex.tex
118,0.864826701,0.885500000,\frac{\log\left(\log\left(\mathrm{Jacov} + \mathrm{L2Norm}\right) + \mathrm{plain}\right)}{\mathrm{JacobFro}},Jacov L2-Norm Add Log plain Add Log Jacob_fro Div <EOS>,(log((log((Jacov + L2-Norm)) + plain)) / Jacob_fro),0.885500000,0.927600000,88,9,6,2239,run_monash_time_unique1000,1,16,TIME__Coastal_T_S__20T/seed_2239/run_monash_time_unique1000/visualizations/archive_latex.tex
119,0.863671374,0.885500000,\frac{\log\left(\mathrm{plain} + \log\left(\mathrm{Jacov} + \mathrm{L2Norm}\right)\right)}{\mathrm{JacobFro}},plain Jacov L2-Norm Add Log Add Log Jacob_fro Div <EOS>,(log((plain + log((Jacov + L2-Norm)))) / Jacob_fro),0.885500000,0.927600000,99,9,6,2250,run_monash_time_unique1000,1,26,TIME__Coastal_T_S__20T/seed_2250/run_monash_time_unique1000/visualizations/archive_latex.tex
120,0.862516046,0.885500000,\frac{\log\left(\log\left(\mathrm{L2Norm} + \mathrm{Jacov}\right) + \mathrm{plain}\right)}{\mathrm{JacobFro}},L2-Norm Jacov Add Log plain Add Log Jacob_fro Div <EOS>,(log((log((L2-Norm + Jacov)) + plain)) / Jacob_fro),0.885500000,0.927600000,81,9,6,2310,run_monash_time_unique1000,1,29,TIME__Coastal_T_S__20T/seed_2310/run_monash_time_unique1000/visualizations/archive_latex.tex
121,0.861360719,0.885500000,\frac{\mathrm{plain} - \sqrt{\mathrm{JacobFro}}}{\log\left(\mathrm{Jacov}\right)} + \mathrm{ZiCo},plain Jacob_fro Sqrt Sub Jacov Log Div ZiCo Add <EOS>,(((plain - sqrt(Jacob_fro)) / log(Jacov)) + ZiCo),0.885500000,0.925700000,124,9,5,2078,run_monash_time_unique1000,2,2,TIME__Coastal_T_S__20T/seed_2078/run_monash_time_unique1000/visualizations/archive_latex.tex
122,0.860205392,0.885500000,\frac{\log\left(\mathrm{GFLOPs} - \sqrt{\left(\mathrm{Jacov}\right) \cdot \left(\mathrm{plain}\right)}\right)}{\mathrm{JacobFro}},GFLOPs Jacov plain Mul Sqrt Sub Log Jacob_fro Div <EOS>,(log((GFLOPs - sqrt((Jacov * plain)))) / Jacob_fro),0.885500000,0.925700000,13,9,6,2108,run_monash_time_unique1000,2,2,TIME__Coastal_T_S__20T/seed_2108/run_monash_time_unique1000/visualizations/archive_latex.tex
123,0.859050064,0.885500000,\frac{\log\left(\sqrt{\left(\mathrm{plain}\right) \cdot \left(\mathrm{Jacov}\right)} - \mathrm{GFLOPs}\right)}{\mathrm{JacobFro}},plain Jacov Mul Sqrt GFLOPs Sub Log Jacob_fro Div <EOS>,(log((sqrt((plain * Jacov)) - GFLOPs)) / Jacob_fro),0.885500000,0.925700000,19,9,6,2290,run_monash_time_unique1000,3,1,TIME__Coastal_T_S__20T/seed_2290/run_monash_time_unique1000/visualizations/archive_latex.tex
124,0.857894737,0.885500000,\mathrm{ZiCo} + \frac{\mathrm{plain} - \sqrt{\mathrm{JacobFro}}}{\log\left(\mathrm{Jacov}\right)},ZiCo plain Jacob_fro Sqrt Sub Jacov Log Div Add <EOS>,(ZiCo + ((plain - sqrt(Jacob_fro)) / log(Jacov))),0.885500000,0.925700000,35,9,5,2176,run_monash_time_unique1000,4,1,TIME__Coastal_T_S__20T/seed_2176/run_monash_time_unique1000/visualizations/archive_latex.tex
125,0.856739409,0.885200000,\left(\frac{\mathrm{JacobFro}}{\mathrm{Jacov}}\right) \cdot \left(\mathrm{L2Norm}\right) + \left(\mathrm{Fisher}\right)^2,Jacob_fro Jacov Div L2-Norm Mul Fisher Square Add <EOS>,(((Jacob_fro / Jacov) * L2-Norm) + square(Fisher)),0.885200000,0.920400000,124,8,4,2037,run_monash_time_unique1000,2,1,TIME__Coastal_T_S__20T/seed_2037/run_monash_time_unique1000/visualizations/archive_latex.tex
126,0.855584082,0.885200000,\mathrm{plain} - \frac{\frac{\mathrm{JacobFro}}{\mathrm{ZiCo}}}{\sqrt{\mathrm{Jacov}}},plain Jacob_fro ZiCo Div Jacov Sqrt Div Sub <EOS>,(plain - ((Jacob_fro / ZiCo) / sqrt(Jacov))),0.885200000,0.914300000,110,8,4,2277,run_monash_time_unique1000,2,2,TIME__Coastal_T_S__20T/seed_2277/run_monash_time_unique1000/visualizations/archive_latex.tex
127,0.854428755,0.885200000,\frac{\mathrm{GradNorm} + \mathrm{plain} - \mathrm{JacobFro}}{\sqrt{\mathrm{Jacov}}},Grad_Norm plain Add Jacob_fro Sub Jacov Sqrt Div <EOS>,(((Grad_Norm + plain) - Jacob_fro) / sqrt(Jacov)),0.885200000,0.911800000,101,8,4,2285,run_monash_time_unique1000,3,1,TIME__Coastal_T_S__20T/seed_2285/run_monash_time_unique1000/visualizations/archive_latex.tex
128,0.853273427,0.885200000,\mathrm{plain} - \frac{\mathrm{JacobFro}}{\left(\mathrm{ZiCo}\right) \cdot \left(\sqrt{\mathrm{Jacov}}\right)},plain Jacob_fro ZiCo Jacov Sqrt Mul Div Sub <EOS>,(plain - (Jacob_fro / (ZiCo * sqrt(Jacov)))),0.885200000,0.914300000,16,8,5,2159,run_monash_time_unique1000,4,1,TIME__Coastal_T_S__20T/seed_2159/run_monash_time_unique1000/visualizations/archive_latex.tex
129,0.852118100,0.885100000,\log\left(\left(\mathrm{Jacov} + \mathrm{L2Norm}\right) \cdot \left(\mathrm{plain}\right)\right) - \sqrt{\mathrm{JacobFro}},Jacov L2-Norm Add plain Mul Log Jacob_fro Sqrt Sub <EOS>,(log(((Jacov + L2-Norm) * plain)) - sqrt(Jacob_fro)),0.885100000,0.916000000,18,9,5,2220,run_monash_time_unique1000,2,1,TIME__Coastal_T_S__20T/seed_2220/run_monash_time_unique1000/visualizations/archive_latex.tex
130,0.850962773,0.885100000,\log\left(\left(\mathrm{L2Norm} + \mathrm{Jacov}\right) \cdot \left(\mathrm{plain}\right)\right) - \sqrt{\mathrm{JacobFro}},L2-Norm Jacov Add plain Mul Log Jacob_fro Sqrt Sub <EOS>,(log(((L2-Norm + Jacov) * plain)) - sqrt(Jacob_fro)),0.885100000,0.916000000,135,9,5,2125,run_monash_time_unique1000,3,1,TIME__Coastal_T_S__20T/seed_2125/run_monash_time_unique1000/visualizations/archive_latex.tex
131,0.849807445,0.885100000,\frac{\log\left(\log\left(\mathrm{Jacov}\right) + \log\left(\sqrt{\mathrm{Fisher}}\right)\right)}{\mathrm{JacobFro}},Jacov Log Fisher Sqrt Log Add Log Jacob_fro Div <EOS>,(log((log(Jacov) + log(sqrt(Fisher)))) / Jacob_fro),0.885100000,0.913800000,123,9,6,2265,run_monash_time_unique1000,3,1,TIME__Coastal_T_S__20T/seed_2265/run_monash_time_unique1000/visualizations/archive_latex.tex
132,0.848652118,0.885100000,\log\left(\left(\mathrm{plain}\right) \cdot \left(\mathrm{L2Norm} + \mathrm{Jacov}\right)\right) - \sqrt{\mathrm{JacobFro}},plain L2-Norm Jacov Add Mul Log Jacob_fro Sqrt Sub <EOS>,(log((plain * (L2-Norm + Jacov))) - sqrt(Jacob_fro)),0.885100000,0.916000000,23,9,5,2066,run_monash_time_unique1000,4,1,TIME__Coastal_T_S__20T/seed_2066/run_monash_time_unique1000/visualizations/archive_latex.tex
133,0.847496791,0.885000000,\frac{\mathrm{ZiCo}}{\frac{\mathrm{JacobFro}}{\log\left(\mathrm{Jacov}\right)} - \log\left(\mathrm{Fisher}\right)},ZiCo Jacob_fro Jacov Log Div Fisher Log Sub Div <EOS>,(ZiCo / ((Jacob_fro / log(Jacov)) - log(Fisher))),0.885000000,0.919300000,30,9,5,2045,run_monash_time_unique1000,6,1,TIME__Coastal_T_S__20T/seed_2045/run_monash_time_unique1000/visualizations/archive_latex.tex
134,0.846341463,0.884900000,\frac{\mathrm{Fisher} + \log\left(\left(\mathrm{ZiCo}\right) \cdot \left(\mathrm{Jacov}\right)\right)}{\mathrm{JacobFro}},Fisher ZiCo Jacov Mul Log Add Jacob_fro Div <EOS>,((Fisher + log((ZiCo * Jacov))) / Jacob_fro),0.884900000,0.922100000,184,8,5,2219,run_monash_time_unique1000,1,2,TIME__Coastal_T_S__20T/seed_2219/run_monash_time_unique1000/visualizations/archive_latex.tex
135,0.845186136,0.884900000,\mathrm{ZiCo} - \frac{\mathrm{JacobFro}}{\log\left(\left(\left(\mathrm{Jacov}\right)^2\right) \cdot \left(\mathrm{plain}\right)\right)},ZiCo Jacob_fro Jacov Square plain Mul Log Div Sub <EOS>,(ZiCo - (Jacob_fro / log((square(Jacov) * plain)))),0.884900000,0.922500000,45,9,6,2050,run_monash_time_unique1000,2,1,TIME__Coastal_T_S__20T/seed_2050/run_monash_time_unique1000/visualizations/archive_latex.tex
136,0.844030809,0.884900000,\left(\mathrm{ZiCo}\right) \cdot \left(\mathrm{plain}\right) - \frac{\mathrm{JacobFro}}{\sqrt{\mathrm{Jacov}}},ZiCo plain Mul Jacob_fro Jacov Sqrt Div Sub <EOS>,((ZiCo * plain) - (Jacob_fro / sqrt(Jacov))),0.884900000,0.916600000,75,8,4,2121,run_monash_time_unique1000,2,4,TIME__Coastal_T_S__20T/seed_2121/run_monash_time_unique1000/visualizations/archive_latex.tex
137,0.842875481,0.884900000,\mathrm{ZiCo} - \frac{\mathrm{JacobFro}}{\log\left(\left(\mathrm{plain}\right) \cdot \left(\left(\mathrm{Jacov}\right)^2\right)\right)},ZiCo Jacob_fro plain Jacov Square Mul Log Div Sub <EOS>,(ZiCo - (Jacob_fro / log((plain * square(Jacov))))),0.884900000,0.922500000,20,9,6,2217,run_monash_time_unique1000,3,1,TIME__Coastal_T_S__20T/seed_2217/run_monash_time_unique1000/visualizations/archive_latex.tex
138,0.841720154,0.884900000,\frac{\sqrt{\mathrm{L2Norm} + \mathrm{Jacov}}}{\mathrm{JacobFro} - \mathrm{GFLOPs}},L2-Norm Jacov Add Sqrt Jacob_fro GFLOPs Sub Div <EOS>,(sqrt((L2-Norm + Jacov)) / (Jacob_fro - GFLOPs)),0.884900000,0.877800000,167,8,4,2070,run_monash_time_unique1000,4,1,TIME__Coastal_T_S__20T/seed_2070/run_monash_time_unique1000/visualizations/archive_latex.tex
139,0.840564827,0.884900000,\frac{\mathrm{Fisher} + \log\left(\left(\mathrm{Jacov}\right) \cdot \left(\mathrm{ZiCo}\right)\right)}{\mathrm{JacobFro}},Fisher Jacov ZiCo Mul Log Add Jacob_fro Div <EOS>,((Fisher + log((Jacov * ZiCo))) / Jacob_fro),0.884900000,0.922100000,83,8,5,2247,run_monash_time_unique1000,4,1,TIME__Coastal_T_S__20T/seed_2247/run_monash_time_unique1000/visualizations/archive_latex.tex
140,0.839409499,0.884900000,\frac{\log\left(\log\left(\sqrt{\mathrm{Jacov}}\right) + \mathrm{Fisher}\right)}{\mathrm{JacobFro}},Jacov Sqrt Log Fisher Add Log Jacob_fro Div <EOS>,(log((log(sqrt(Jacov)) + Fisher)) / Jacob_fro),0.884900000,0.917900000,128,8,6,2047,run_monash_time_unique1000,5,1,TIME__Coastal_T_S__20T/seed_2047/run_monash_time_unique1000/visualizations/archive_latex.tex
141,0.838254172,0.884900000,\frac{\mathrm{GFLOPs} - \mathrm{JacobFro}}{\sqrt{\mathrm{Jacov} + \mathrm{L2Norm}}},GFLOPs Jacob_fro Sub Jacov L2-Norm Add Sqrt Div <EOS>,((GFLOPs - Jacob_fro) / sqrt((Jacov + L2-Norm))),0.884900000,0.877800000,106,8,4,2176,run_monash_time_unique1000,5,1,TIME__Coastal_T_S__20T/seed_2176/run_monash_time_unique1000/visualizations/archive_latex.tex
142,0.837098845,0.884900000,\frac{\log\left(\left(\mathrm{ZiCo}\right) \cdot \left(\mathrm{Jacov}\right)\right) + \mathrm{Fisher}}{\mathrm{JacobFro}},ZiCo Jacov Mul Log Fisher Add Jacob_fro Div <EOS>,((log((ZiCo * Jacov)) + Fisher) / Jacob_fro),0.884900000,0.922100000,128,8,5,2073,run_monash_time_unique1000,6,1,TIME__Coastal_T_S__20T/seed_2073/run_monash_time_unique1000/visualizations/archive_latex.tex
143,0.835943517,0.884900000,\frac{\sqrt{\mathrm{Jacov} + \mathrm{L2Norm}}}{\mathrm{JacobFro} - \mathrm{GFLOPs}},Jacov L2-Norm Add Sqrt Jacob_fro GFLOPs Sub Div <EOS>,(sqrt((Jacov + L2-Norm)) / (Jacob_fro - GFLOPs)),0.884900000,0.877800000,105,8,4,2243,run_monash_time_unique1000,6,1,TIME__Coastal_T_S__20T/seed_2243/run_monash_time_unique1000/visualizations/archive_latex.tex
144,0.834788190,0.884900000,\frac{\mathrm{GFLOPs} - \mathrm{JacobFro}}{\sqrt{\mathrm{L2Norm} + \mathrm{Jacov}}},GFLOPs Jacob_fro Sub L2-Norm Jacov Add Sqrt Div <EOS>,((GFLOPs - Jacob_fro) / sqrt((L2-Norm + Jacov))),0.884900000,0.877800000,134,8,4,2297,run_monash_time_unique1000,6,1,TIME__Coastal_T_S__20T/seed_2297/run_monash_time_unique1000/visualizations/archive_latex.tex
145,0.833632863,0.884600000,\left(\frac{\mathrm{JacobFro}}{\mathrm{Jacov}}\right) \cdot \left(\mathrm{L2Norm}\right) + \mathrm{Fisher},Jacob_fro Jacov Div L2-Norm Mul Fisher Add <EOS>,(((Jacob_fro / Jacov) * L2-Norm) + Fisher),0.884600000,0.916000000,121,7,4,2037,run_monash_time_unique1000,3,1,TIME__Coastal_T_S__20T/seed_2037/run_monash_time_unique1000/visualizations/archive_latex.tex
146,0.832477535,0.884600000,\mathrm{Fisher} - \frac{\mathrm{JacobFro}}{\frac{-\mathrm{Jacov}}{\mathrm{L2Norm}}},Fisher Jacob_fro Jacov Negative L2-Norm Div Div Sub <EOS>,(Fisher - (Jacob_fro / (-(Jacov) / L2-Norm))),0.884600000,0.916000000,179,8,5,2326,run_monash_time_unique1000,4,1,TIME__Coastal_T_S__20T/seed_2326/run_monash_time_unique1000/visualizations/archive_latex.tex
147,0.831322208,0.884600000,\mathrm{plain} - \frac{\mathrm{JacobFro}}{\sqrt{\log\left(\mathrm{Jacov} + \mathrm{L2Norm}\right)}},plain Jacob_fro Jacov L2-Norm Add Log Sqrt Div Sub <EOS>,(plain - (Jacob_fro / sqrt(log((Jacov + L2-Norm))))),0.884600000,0.924700000,121,9,6,2191,run_monash_time_unique1000,5,1,TIME__Coastal_T_S__20T/seed_2191/run_monash_time_unique1000/visualizations/archive_latex.tex
148,0.830166881,0.884600000,\left(\mathrm{L2Norm}\right) \cdot \left(\frac{\mathrm{JacobFro}}{\mathrm{Jacov}}\right) + \mathrm{Fisher},L2-Norm Jacob_fro Jacov Div Mul Fisher Add <EOS>,((L2-Norm * (Jacob_fro / Jacov)) + Fisher),0.884600000,0.916000000,156,7,4,2297,run_monash_time_unique1000,7,1,TIME__Coastal_T_S__20T/seed_2297/run_monash_time_unique1000/visualizations/archive_latex.tex
149,0.829011553,0.884500000,\frac{\log\left(\mathrm{Jacov} + \mathrm{L2Norm}\right)}{\left(\mathrm{plain} - \mathrm{JacobFro}\right)^2},Jacov L2-Norm Add Log plain Jacob_fro Sub Square Div <EOS>,(log((Jacov + L2-Norm)) / square((plain - Jacob_fro))),0.884500000,0.926100000,92,9,4,2143,run_monash_time_unique1000,1,2,TIME__Coastal_T_S__20T/seed_2143/run_monash_time_unique1000/visualizations/archive_latex.tex
150,0.827856226,0.884500000,\frac{\log\left(\log\left(\left(\mathrm{Jacov}\right) \cdot \left(\mathrm{plain}\right)\right)\right)}{\log\left(\mathrm{JacobFro}\right)},Jacov plain Mul Log Log Jacob_fro Log Div <EOS>,(log(log((Jacov * plain))) / log(Jacob_fro)),0.884500000,0.913400000,51,8,5,2057,run_monash_time_unique1000,2,1,TIME__Coastal_T_S__20T/seed_2057/run_monash_time_unique1000/visualizations/archive_latex.tex
151,0.826700899,0.884500000,\frac{\sqrt{\log\left(\mathrm{L2Norm} + \mathrm{Jacov}\right)}}{\mathrm{JacobFro} - \mathrm{plain}},L2-Norm Jacov Add Log Sqrt Jacob_fro plain Sub Div <EOS>,(sqrt(log((L2-Norm + Jacov))) / (Jacob_fro - plain)),0.884500000,0.926100000,103,9,5,2103,run_monash_time_unique1000,2,11,TIME__Coastal_T_S__20T/seed_2103/run_monash_time_unique1000/visualizations/archive_latex.tex
152,0.825545571,0.884500000,\frac{\mathrm{plain} - \mathrm{JacobFro}}{\sqrt{\log\left(\mathrm{L2Norm} + \mathrm{Jacov}\right)}},plain Jacob_fro Sub L2-Norm Jacov Add Log Sqrt Div <EOS>,((plain - Jacob_fro) / sqrt(log((L2-Norm + Jacov)))),0.884500000,0.926100000,195,9,5,2165,run_monash_time_unique1000,2,12,TIME__Coastal_T_S__20T/seed_2165/run_monash_time_unique1000/visualizations/archive_latex.tex
153,0.824390244,0.884500000,\frac{\log\left(\mathrm{L2Norm} + \mathrm{Jacov}\right)}{\left(\mathrm{JacobFro} - \mathrm{plain}\right)^2},L2-Norm Jacov Add Log Jacob_fro plain Sub Square Div <EOS>,(log((L2-Norm + Jacov)) / square((Jacob_fro - plain))),0.884500000,0.926100000,159,9,4,2168,run_monash_time_unique1000,2,8,TIME__Coastal_T_S__20T/seed_2168/run_monash_time_unique1000/visualizations/archive_latex.tex
154,0.823234917,0.884500000,\left(\sqrt{\frac{\mathrm{ZiCo}}{\mathrm{JacobFro}}}\right) \cdot \left(\log\left(\left(\mathrm{Jacov}\right) \cdot \left(\mathrm{plain}\right)\right)\right),ZiCo Jacob_fro Div Sqrt Jacov plain Mul Log Mul <EOS>,(sqrt((ZiCo / Jacob_fro)) * log((Jacov * plain))),0.884500000,0.918400000,32,9,4,2035,run_monash_time_unique1000,3,1,TIME__Coastal_T_S__20T/seed_2035/run_monash_time_unique1000/visualizations/archive_latex.tex
155,0.822079589,0.884500000,\frac{\log\left(\mathrm{Jacov} + \mathrm{L2Norm}\right)}{\left(\mathrm{JacobFro} - \mathrm{plain}\right)^2},Jacov L2-Norm Add Log Jacob_fro plain Sub Square Div <EOS>,(log((Jacov + L2-Norm)) / square((Jacob_fro - plain))),0.884500000,0.926100000,59,9,4,2075,run_monash_time_unique1000,3,13,TIME__Coastal_T_S__20T/seed_2075/run_monash_time_unique1000/visualizations/archive_latex.tex
156,0.820924262,0.884500000,\frac{\log\left(\mathrm{L2Norm} + \mathrm{Jacov}\right)}{\left(\mathrm{plain} - \mathrm{JacobFro}\right)^2},L2-Norm Jacov Add Log plain Jacob_fro Sub Square Div <EOS>,(log((L2-Norm + Jacov)) / square((plain - Jacob_fro))),0.884500000,0.926100000,158,9,4,2121,run_monash_time_unique1000,3,1,TIME__Coastal_T_S__20T/seed_2121/run_monash_time_unique1000/visualizations/archive_latex.tex
157,0.819768935,0.884500000,\frac{\sqrt{\log\left(\mathrm{Jacov} + \mathrm{L2Norm}\right)}}{\mathrm{JacobFro} - \mathrm{plain}},Jacov L2-Norm Add Log Sqrt Jacob_fro plain Sub Div <EOS>,(sqrt(log((Jacov + L2-Norm))) / (Jacob_fro - plain)),0.884500000,0.926100000,112,9,5,2161,run_monash_time_unique1000,3,14,TIME__Coastal_T_S__20T/seed_2161/run_monash_time_unique1000/visualizations/archive_latex.tex
158,0.818613607,0.884500000,\frac{\log\left(\log\left(\left(\mathrm{plain}\right) \cdot \left(\mathrm{Jacov}\right)\right)\right)}{\log\left(\mathrm{JacobFro}\right)},plain Jacov Mul Log Log Jacob_fro Log Div <EOS>,(log(log((plain * Jacov))) / log(Jacob_fro)),0.884500000,0.913400000,25,8,5,2273,run_monash_time_unique1000,3,2,TIME__Coastal_T_S__20T/seed_2273/run_monash_time_unique1000/visualizations/archive_latex.tex
159,0.817458280,0.884500000,\frac{\mathrm{plain} - \mathrm{JacobFro}}{\sqrt{\log\left(\mathrm{Jacov} + \mathrm{L2Norm}\right)}},plain Jacob_fro Sub Jacov L2-Norm Add Log Sqrt Div <EOS>,((plain - Jacob_fro) / sqrt(log((Jacov + L2-Norm)))),0.884500000,0.926100000,65,9,5,2248,run_monash_time_unique1000,5,2,TIME__Coastal_T_S__20T/seed_2248/run_monash_time_unique1000/visualizations/archive_latex.tex
160,0.816302953,0.884400000,\frac{\mathrm{ZiCo}}{\frac{\mathrm{JacobFro}}{\left(\log\left(\mathrm{Jacov}\right) + \mathrm{plain}\right)^2}},ZiCo Jacob_fro Jacov Log plain Add Square Div Div <EOS>,(ZiCo / (Jacob_fro / square((log(Jacov) + plain)))),0.884400000,0.923800000,67,9,6,2030,run_monash_time_unique1000,1,10,TIME__Coastal_T_S__20T/seed_2030/run_monash_time_unique1000/visualizations/archive_latex.tex
161,0.815147625,0.884400000,\frac{\mathrm{ZiCo}}{\frac{\mathrm{JacobFro}}{\left(\mathrm{plain} + \log\left(\mathrm{Jacov}\right)\right)^2}},ZiCo Jacob_fro plain Jacov Log Add Square Div Div <EOS>,(ZiCo / (Jacob_fro / square((plain + log(Jacov))))),0.884400000,0.923800000,41,9,6,2038,run_monash_time_unique1000,1,8,TIME__Coastal_T_S__20T/seed_2038/run_monash_time_unique1000/visualizations/archive_latex.tex
162,0.813992298,0.884400000,\frac{\log\left(\mathrm{Jacov}\right) + \mathrm{plain}}{\sqrt{\frac{\mathrm{JacobFro}}{\mathrm{ZiCo}}}},Jacov Log plain Add Jacob_fro ZiCo Div Sqrt Div <EOS>,((log(Jacov) + plain) / sqrt((Jacob_fro / ZiCo))),0.884400000,0.923800000,37,9,4,2041,run_monash_time_unique1000,1,50,TIME__Coastal_T_S__20T/seed_2041/run_monash_time_unique1000/visualizations/archive_latex.tex
163,0.812836970,0.884400000,\frac{\mathrm{plain} + \log\left(\mathrm{Jacov}\right)}{\sqrt{\frac{\mathrm{JacobFro}}{\mathrm{ZiCo}}}},plain Jacov Log Add Jacob_fro ZiCo Div Sqrt Div <EOS>,((plain + log(Jacov)) / sqrt((Jacob_fro / ZiCo))),0.884400000,0.923800000,38,9,4,2067,run_monash_time_unique1000,1,43,TIME__Coastal_T_S__20T/seed_2067/run_monash_time_unique1000/visualizations/archive_latex.tex
164,0.811681643,0.884400000,\left(\mathrm{ZiCo}\right) \cdot \left(\frac{\left(\mathrm{plain} + \log\left(\mathrm{Jacov}\right)\right)^2}{\mathrm{JacobFro}}\right),ZiCo plain Jacov Log Add Square Jacob_fro Div Mul <EOS>,(ZiCo * (square((plain + log(Jacov))) / Jacob_fro)),0.884400000,0.923800000,147,9,6,2106,run_monash_time_unique1000,1,7,TIME__Coastal_T_S__20T/seed_2106/run_monash_time_unique1000/visualizations/archive_latex.tex
165,0.810526316,0.884400000,\frac{\left(\mathrm{ZiCo}\right) \cdot \left(\left(\mathrm{plain} + \log\left(\mathrm{Jacov}\right)\right)^2\right)}{\mathrm{JacobFro}},ZiCo plain Jacov Log Add Square Mul Jacob_fro Div <EOS>,((ZiCo * square((plain + log(Jacov)))) / Jacob_fro),0.884400000,0.923800000,158,9,6,2135,run_monash_time_unique1000,1,11,TIME__Coastal_T_S__20T/seed_2135/run_monash_time_unique1000/visualizations/archive_latex.tex
166,0.809370988,0.884400000,\frac{\left(\left(\log\left(\mathrm{Jacov}\right) + \mathrm{plain}\right)^2\right) \cdot \left(\mathrm{ZiCo}\right)}{\mathrm{JacobFro}},Jacov Log plain Add Square ZiCo Mul Jacob_fro Div <EOS>,((square((log(Jacov) + plain)) * ZiCo) / Jacob_fro),0.884400000,0.923800000,36,9,6,2174,run_monash_time_unique1000,1,10,TIME__Coastal_T_S__20T/seed_2174/run_monash_time_unique1000/visualizations/archive_latex.tex
167,0.808215661,0.884400000,\left(\sqrt{\frac{\mathrm{ZiCo}}{\mathrm{JacobFro}}}\right) \cdot \left(\log\left(\mathrm{Jacov}\right) + \mathrm{plain}\right),ZiCo Jacob_fro Div Sqrt Jacov Log plain Add Mul <EOS>,(sqrt((ZiCo / Jacob_fro)) * (log(Jacov) + plain)),0.884400000,0.923800000,32,9,4,2031,run_monash_time_unique1000,2,3,TIME__Coastal_T_S__20T/seed_2031/run_monash_time_unique1000/visualizations/archive_latex.tex
168,0.807060334,0.884400000,\frac{\left(\left(\mathrm{plain} + \log\left(\mathrm{Jacov}\right)\right)^2\right) \cdot \left(\mathrm{ZiCo}\right)}{\mathrm{JacobFro}},plain Jacov Log Add Square ZiCo Mul Jacob_fro Div <EOS>,((square((plain + log(Jacov))) * ZiCo) / Jacob_fro),0.884400000,0.923800000,111,9,6,2088,run_monash_time_unique1000,2,8,TIME__Coastal_T_S__20T/seed_2088/run_monash_time_unique1000/visualizations/archive_latex.tex
169,0.805905006,0.884400000,\left(\frac{\left(\log\left(\mathrm{Jacov}\right) + \mathrm{plain}\right)^2}{\mathrm{JacobFro}}\right) \cdot \left(\mathrm{ZiCo}\right),Jacov Log plain Add Square Jacob_fro Div ZiCo Mul <EOS>,((square((log(Jacov) + plain)) / Jacob_fro) * ZiCo),0.884400000,0.923800000,58,9,6,2148,run_monash_time_unique1000,2,6,TIME__Coastal_T_S__20T/seed_2148/run_monash_time_unique1000/visualizations/archive_latex.tex
170,0.804749679,0.884400000,\left(\sqrt{\frac{\mathrm{ZiCo}}{\mathrm{JacobFro}}}\right) \cdot \left(\mathrm{plain} + \log\left(\mathrm{Jacov}\right)\right),ZiCo Jacob_fro Div Sqrt plain Jacov Log Add Mul <EOS>,(sqrt((ZiCo / Jacob_fro)) * (plain + log(Jacov))),0.884400000,0.923800000,59,9,4,2219,run_monash_time_unique1000,2,4,TIME__Coastal_T_S__20T/seed_2219/run_monash_time_unique1000/visualizations/archive_latex.tex
171,0.803594352,0.884400000,\frac{\log\left(\frac{\mathrm{Jacov}}{\mathrm{L2Norm}}\right) + \mathrm{Fisher}}{\left(\mathrm{JacobFro}\right)^2},Jacov L2-Norm Div Log Fisher Add Jacob_fro Square Div <EOS>,((log((Jacov / L2-Norm)) + Fisher) / square(Jacob_fro)),0.884400000,0.924900000,120,9,5,2081,run_monash_time_unique1000,3,3,TIME__Coastal_T_S__20T/seed_2081/run_monash_time_unique1000/visualizations/archive_latex.tex
172,0.802439024,0.884400000,\frac{\left(\mathrm{ZiCo}\right) \cdot \left(\left(\log\left(\mathrm{Jacov}\right) + \mathrm{plain}\right)^2\right)}{\mathrm{JacobFro}},ZiCo Jacov Log plain Add Square Mul Jacob_fro Div <EOS>,((ZiCo * square((log(Jacov) + plain))) / Jacob_fro),0.884400000,0.923800000,44,9,6,2118,run_monash_time_unique1000,3,3,TIME__Coastal_T_S__20T/seed_2118/run_monash_time_unique1000/visualizations/archive_latex.tex
173,0.801283697,0.884400000,\left(\frac{\left(\mathrm{plain} + \log\left(\mathrm{Jacov}\right)\right)^2}{\mathrm{JacobFro}}\right) \cdot \left(\mathrm{ZiCo}\right),plain Jacov Log Add Square Jacob_fro Div ZiCo Mul <EOS>,((square((plain + log(Jacov))) / Jacob_fro) * ZiCo),0.884400000,0.923800000,63,9,6,2156,run_monash_time_unique1000,3,4,TIME__Coastal_T_S__20T/seed_2156/run_monash_time_unique1000/visualizations/archive_latex.tex
174,0.800128370,0.884400000,\frac{\mathrm{Fisher} + \log\left(\frac{\mathrm{Jacov}}{\mathrm{L2Norm}}\right)}{\left(\mathrm{JacobFro}\right)^2},Fisher Jacov L2-Norm Div Log Add Jacob_fro Square Div <EOS>,((Fisher + log((Jacov / L2-Norm))) / square(Jacob_fro)),0.884400000,0.924900000,80,9,5,2185,run_monash_time_unique1000,3,2,TIME__Coastal_T_S__20T/seed_2185/run_monash_time_unique1000/visualizations/archive_latex.tex
175,0.798973042,0.884400000,\frac{\sqrt{\mathrm{Fisher} + \log\left(\frac{\mathrm{Jacov}}{\mathrm{L2Norm}}\right)}}{\mathrm{JacobFro}},Fisher Jacov L2-Norm Div Log Add Sqrt Jacob_fro Div <EOS>,(sqrt((Fisher + log((Jacov / L2-Norm)))) / Jacob_fro),0.884400000,0.924900000,27,9,6,2042,run_monash_time_unique1000,4,1,TIME__Coastal_T_S__20T/seed_2042/run_monash_time_unique1000/visualizations/archive_latex.tex
176,0.797817715,0.884400000,\left(\log\left(\mathrm{Jacov}\right) + \mathrm{plain}\right) \cdot \left(\sqrt{\frac{\mathrm{ZiCo}}{\mathrm{JacobFro}}}\right),Jacov Log plain Add ZiCo Jacob_fro Div Sqrt Mul <EOS>,((log(Jacov) + plain) * sqrt((ZiCo / Jacob_fro))),0.884400000,0.923800000,36,9,4,2072,run_monash_time_unique1000,4,2,TIME__Coastal_T_S__20T/seed_2072/run_monash_time_unique1000/visualizations/archive_latex.tex
177,0.796662388,0.884400000,\left(\mathrm{ZiCo}\right) \cdot \left(\frac{\left(\log\left(\mathrm{Jacov}\right) + \mathrm{plain}\right)^2}{\mathrm{JacobFro}}\right),ZiCo Jacov Log plain Add Square Jacob_fro Div Mul <EOS>,(ZiCo * (square((log(Jacov) + plain)) / Jacob_fro)),0.884400000,0.923800000,33,9,6,2198,run_monash_time_unique1000,4,1,TIME__Coastal_T_S__20T/seed_2198/run_monash_time_unique1000/visualizations/archive_latex.tex
178,0.795507060,0.884400000,\frac{\sqrt{\log\left(\frac{\mathrm{Jacov}}{\mathrm{L2Norm}}\right) + \mathrm{Fisher}}}{\mathrm{JacobFro}},Jacov L2-Norm Div Log Fisher Add Sqrt Jacob_fro Div <EOS>,(sqrt((log((Jacov / L2-Norm)) + Fisher)) / Jacob_fro),0.884400000,0.924900000,42,9,6,2133,run_monash_time_unique1000,5,1,TIME__Coastal_T_S__20T/seed_2133/run_monash_time_unique1000/visualizations/archive_latex.tex
179,0.794351733,0.884400000,\left(\mathrm{plain} + \log\left(\mathrm{Jacov}\right)\right) \cdot \left(\sqrt{\frac{\mathrm{ZiCo}}{\mathrm{JacobFro}}}\right),plain Jacov Log Add ZiCo Jacob_fro Div Sqrt Mul <EOS>,((plain + log(Jacov)) * sqrt((ZiCo / Jacob_fro))),0.884400000,0.923800000,32,9,4,2306,run_monash_time_unique1000,5,1,TIME__Coastal_T_S__20T/seed_2306/run_monash_time_unique1000/visualizations/archive_latex.tex
180,0.793196406,0.884300000,\mathrm{ZiCo} - \log\left(\frac{\mathrm{JacobFro}}{\log\left(\left(\mathrm{Jacov}\right) \cdot \left(\mathrm{Fisher}\right)\right)}\right),ZiCo Jacob_fro Jacov Fisher Mul Log Div Log Sub <EOS>,(ZiCo - log((Jacob_fro / log((Jacov * Fisher))))),0.884300000,0.920000000,74,9,6,2029,run_monash_time_unique1000,1,6,TIME__Coastal_T_S__20T/seed_2029/run_monash_time_unique1000/visualizations/archive_latex.tex
181,0.792041078,0.884300000,\mathrm{ZiCo} - \log\left(\frac{\mathrm{JacobFro}}{\log\left(\left(\mathrm{Fisher}\right) \cdot \left(\mathrm{Jacov}\right)\right)}\right),ZiCo Jacob_fro Fisher Jacov Mul Log Div Log Sub <EOS>,(ZiCo - log((Jacob_fro / log((Fisher * Jacov))))),0.884300000,0.920000000,88,9,6,2218,run_monash_time_unique1000,1,5,TIME__Coastal_T_S__20T/seed_2218/run_monash_time_unique1000/visualizations/archive_latex.tex
182,0.790885751,0.884300000,\frac{\left(\mathrm{JacobFro}\right) \cdot \left(\mathrm{L2Norm}\right)}{\mathrm{Jacov}} + \mathrm{plain},Jacob_fro L2-Norm Mul Jacov Div plain Add <EOS>,(((Jacob_fro * L2-Norm) / Jacov) + plain),0.884300000,0.918400000,43,7,4,2138,run_monash_time_unique1000,2,1,TIME__Coastal_T_S__20T/seed_2138/run_monash_time_unique1000/visualizations/archive_latex.tex
183,0.789730424,0.884300000,\mathrm{plain} + \frac{\mathrm{L2Norm}}{\frac{\mathrm{Jacov}}{\mathrm{JacobFro}}},plain L2-Norm Jacov Jacob_fro Div Div Add <EOS>,(plain + (L2-Norm / (Jacov / Jacob_fro))),0.884300000,0.918400000,28,7,4,2127,run_monash_time_unique1000,3,1,TIME__Coastal_T_S__20T/seed_2127/run_monash_time_unique1000/visualizations/archive_latex.tex
184,0.788575096,0.884300000,\frac{\mathrm{JacobFro}}{\frac{\mathrm{Jacov}}{\mathrm{L2Norm}}} + \mathrm{plain},Jacob_fro Jacov L2-Norm Div Div plain Add <EOS>,((Jacob_fro / (Jacov / L2-Norm)) + plain),0.884300000,0.918400000,55,7,4,2201,run_monash_time_unique1000,5,1,TIME__Coastal_T_S__20T/seed_2201/run_monash_time_unique1000/visualizations/archive_latex.tex
185,0.787419769,0.884200000,\frac{\mathrm{JacobFro} - \mathrm{GradNorm}}{\mathrm{GradNorm} + \mathrm{Jacov}},Jacob_fro Grad_Norm Sub Grad_Norm Jacov Add Div <EOS>,((Jacob_fro - Grad_Norm) / (Grad_Norm + Jacov)),0.884200000,0.885900000,12,7,3,2058,run_monash_time_unique1000,1,1,TIME__Coastal_T_S__20T/seed_2058/run_monash_time_unique1000/visualizations/archive_latex.tex
186,0.786264442,0.884200000,\frac{\mathrm{GradNorm} - \mathrm{JacobFro}}{\left(\mathrm{JacobFro}\right) \cdot \left(\sqrt{\mathrm{Jacov}}\right)},Grad_Norm Jacob_fro Sub Jacob_fro Jacov Sqrt Mul Div <EOS>,((Grad_Norm - Jacob_fro) / (Jacob_fro * sqrt(Jacov))),0.884200000,0.884300000,94,8,4,2295,run_monash_time_unique1000,6,1,TIME__Coastal_T_S__20T/seed_2295/run_monash_time_unique1000/visualizations/archive_latex.tex
187,0.785109114,0.884100000,\log\left(\mathrm{ZiCo}\right) - \frac{\mathrm{JacobFro}}{\log\left(\mathrm{Jacov}\right) + \mathrm{plain}},ZiCo Log Jacob_fro Jacov Log plain Add Div Sub <EOS>,(log(ZiCo) - (Jacob_fro / (log(Jacov) + plain))),0.884100000,0.929600000,69,9,5,2287,run_monash_time_unique1000,1,19,TIME__Coastal_T_S__20T/seed_2287/run_monash_time_unique1000/visualizations/archive_latex.tex
188,0.783953787,0.884100000,\log\left(\mathrm{ZiCo}\right) - \frac{\mathrm{JacobFro}}{\mathrm{plain} + \log\left(\mathrm{Jacov}\right)},ZiCo Log Jacob_fro plain Jacov Log Add Div Sub <EOS>,(log(ZiCo) - (Jacob_fro / (plain + log(Jacov)))),0.884100000,0.929600000,98,9,5,2169,run_monash_time_unique1000,2,13,TIME__Coastal_T_S__20T/seed_2169/run_monash_time_unique1000/visualizations/archive_latex.tex
189,0.782798460,0.884100000,\frac{\log\left(\log\left(\mathrm{Jacov}\right) + \mathrm{Fisher}\right)}{\sqrt{\mathrm{JacobFro}}},Jacov Log Fisher Add Log Jacob_fro Sqrt Div <EOS>,(log((log(Jacov) + Fisher)) / sqrt(Jacob_fro)),0.884100000,0.919500000,46,8,5,2203,run_monash_time_unique1000,2,4,TIME__Coastal_T_S__20T/seed_2203/run_monash_time_unique1000/visualizations/archive_latex.tex
190,0.781643132,0.884100000,\frac{\left(\log\left(\mathrm{Fisher} + \log\left(\mathrm{Jacov}\right)\right)\right)^2}{\mathrm{JacobFro}},Fisher Jacov Log Add Log Square Jacob_fro Div <EOS>,(square(log((Fisher + log(Jacov)))) / Jacob_fro),0.884100000,0.919500000,49,8,6,2113,run_monash_time_unique1000,3,1,TIME__Coastal_T_S__20T/seed_2113/run_monash_time_unique1000/visualizations/archive_latex.tex
191,0.780487805,0.884100000,\frac{\log\left(\mathrm{Fisher} + \log\left(\mathrm{Jacov}\right)\right)}{\sqrt{\mathrm{JacobFro}}},Fisher Jacov Log Add Log Jacob_fro Sqrt Div <EOS>,(log((Fisher + log(Jacov))) / sqrt(Jacob_fro)),0.884100000,0.919500000,87,8,5,2190,run_monash_time_unique1000,3,3,TIME__Coastal_T_S__20T/seed_2190/run_monash_time_unique1000/visualizations/archive_latex.tex
192,0.779332478,0.884000000,\mathrm{ZiCo} - \frac{\mathrm{JacobFro}}{\log\left(\mathrm{Jacov}\right) + \sqrt{\mathrm{Fisher}}},ZiCo Jacob_fro Jacov Log Fisher Sqrt Add Div Sub <EOS>,(ZiCo - (Jacob_fro / (log(Jacov) + sqrt(Fisher)))),0.884000000,0.920300000,200,9,5,2246,run_monash_time_unique1000,1,1,TIME__Coastal_T_S__20T/seed_2246/run_monash_time_unique1000/visualizations/archive_latex.tex
193,0.778177150,0.884000000,\mathrm{ZiCo} - \frac{\mathrm{JacobFro} - \mathrm{GradNorm}}{\sqrt{\mathrm{Jacov}}},ZiCo Jacob_fro Grad_Norm Sub Jacov Sqrt Div Sub <EOS>,(ZiCo - ((Jacob_fro - Grad_Norm) / sqrt(Jacov))),0.884000000,0.912700000,93,8,4,2147,run_monash_time_unique1000,2,5,TIME__Coastal_T_S__20T/seed_2147/run_monash_time_unique1000/visualizations/archive_latex.tex
194,0.777021823,0.884000000,\frac{\log\left(\left(\mathrm{Jacov}\right) \cdot \left(\mathrm{ZiCo}\right)\right)}{\sqrt{\mathrm{JacobFro}} - \mathrm{Fisher}},Jacov ZiCo Mul Log Jacob_fro Sqrt Fisher Sub Div <EOS>,(log((Jacov * ZiCo)) / (sqrt(Jacob_fro) - Fisher)),0.884000000,0.916000000,187,9,4,2223,run_monash_time_unique1000,5,1,TIME__Coastal_T_S__20T/seed_2223/run_monash_time_unique1000/visualizations/archive_latex.tex
195,0.775866496,0.884000000,\frac{\mathrm{GradNorm} - \mathrm{JacobFro}}{\sqrt{\mathrm{Jacov}}} + \mathrm{ZiCo},Grad_Norm Jacob_fro Sub Jacov Sqrt Div ZiCo Add <EOS>,(((Grad_Norm - Jacob_fro) / sqrt(Jacov)) + ZiCo),0.884000000,0.912700000,67,8,4,2177,run_monash_time_unique1000,7,1,TIME__Coastal_T_S__20T/seed_2177/run_monash_time_unique1000/visualizations/archive_latex.tex
196,0.774711168,0.883900000,\frac{\log\left(\mathrm{Jacov}\right) + \left(\mathrm{Fisher}\right)^2}{\sqrt{\mathrm{JacobFro}}},Jacov Log Fisher Square Add Jacob_fro Sqrt Div <EOS>,((log(Jacov) + square(Fisher)) / sqrt(Jacob_fro)),0.883900000,0.921300000,196,8,4,2052,run_monash_time_unique1000,2,6,TIME__Coastal_T_S__20T/seed_2052/run_monash_time_unique1000/visualizations/archive_latex.tex
197,0.773555841,0.883900000,\frac{\left(\left(\mathrm{Fisher}\right)^2 + \log\left(\mathrm{Jacov}\right)\right)^2}{\mathrm{JacobFro}},Fisher Square Jacov Log Add Square Jacob_fro Div <EOS>,(square((square(Fisher) + log(Jacov))) / Jacob_fro),0.883900000,0.921300000,199,8,5,2093,run_monash_time_unique1000,2,4,TIME__Coastal_T_S__20T/seed_2093/run_monash_time_unique1000/visualizations/archive_latex.tex
198,0.772400513,0.883900000,\mathrm{ZiCo} - \frac{\mathrm{JacobFro}}{\log\left(\sqrt{\mathrm{Jacov}}\right) + \mathrm{Fisher}},ZiCo Jacob_fro Jacov Sqrt Log Fisher Add Div Sub <EOS>,(ZiCo - (Jacob_fro / (log(sqrt(Jacov)) + Fisher))),0.883900000,0.920300000,183,9,6,2218,run_monash_time_unique1000,2,1,TIME__Coastal_T_S__20T/seed_2218/run_monash_time_unique1000/visualizations/archive_latex.tex
199,0.771245186,0.883900000,\sqrt{\mathrm{ZiCo}} - \frac{\mathrm{JacobFro}}{\log\left(\mathrm{Jacov}\right) + \mathrm{Fisher}},ZiCo Sqrt Jacob_fro Jacov Log Fisher Add Div Sub <EOS>,(sqrt(ZiCo) - (Jacob_fro / (log(Jacov) + Fisher))),0.883900000,0.920900000,81,9,5,2263,run_monash_time_unique1000,3,1,TIME__Coastal_T_S__20T/seed_2263/run_monash_time_unique1000/visualizations/archive_latex.tex
200,0.770089859,0.883900000,\frac{\left(\mathrm{Fisher}\right)^2 + \log\left(\mathrm{Jacov}\right)}{\sqrt{\mathrm{JacobFro}}},Fisher Square Jacov Log Add Jacob_fro Sqrt Div <EOS>,((square(Fisher) + log(Jacov)) / sqrt(Jacob_fro)),0.883900000,0.921300000,36,8,4,2272,run_monash_time_unique1000,3,3,TIME__Coastal_T_S__20T/seed_2272/run_monash_time_unique1000/visualizations/archive_latex.tex
201,0.768934531,0.883900000,\sqrt{\mathrm{ZiCo}} - \frac{\mathrm{JacobFro}}{\mathrm{Fisher} + \log\left(\mathrm{Jacov}\right)},ZiCo Sqrt Jacob_fro Fisher Jacov Log Add Div Sub <EOS>,(sqrt(ZiCo) - (Jacob_fro / (Fisher + log(Jacov)))),0.883900000,0.920900000,45,9,5,2299,run_monash_time_unique1000,4,1,TIME__Coastal_T_S__20T/seed_2299/run_monash_time_unique1000/visualizations/archive_latex.tex
202,0.767779204,0.883900000,\frac{\left(\mathrm{Fisher}\right) \cdot \left(\mathrm{Fisher}\right) + \log\left(\mathrm{Jacov}\right)}{\sqrt{\mathrm{JacobFro}}},Fisher Fisher Mul Jacov Log Add Jacob_fro Sqrt Div <EOS>,(((Fisher * Fisher) + log(Jacov)) / sqrt(Jacob_fro)),0.883900000,0.921300000,127,9,4,2176,run_monash_time_unique1000,7,1,TIME__Coastal_T_S__20T/seed_2176/run_monash_time_unique1000/visualizations/archive_latex.tex
203,0.766623877,0.883800000,\frac{\mathrm{plain} - \mathrm{JacobFro}}{\log\left(\mathrm{Jacov}\right)} + \log\left(\mathrm{ZiCo}\right),plain Jacob_fro Sub Jacov Log Div ZiCo Log Add <EOS>,(((plain - Jacob_fro) / log(Jacov)) + log(ZiCo)),0.883800000,0.927800000,147,9,4,2255,run_monash_time_unique1000,1,4,TIME__Coastal_T_S__20T/seed_2255/run_monash_time_unique1000/visualizations/archive_latex.tex
204,0.765468549,0.883800000,\frac{\log\left(\mathrm{Jacov}\right)}{\sqrt{\mathrm{GradNorm} - \mathrm{JacobFro}}},Jacov Log Grad_Norm Jacob_fro Sub Sqrt Div <EOS>,(log(Jacov) / sqrt((Grad_Norm - Jacob_fro))),0.883800000,0.904000000,158,7,4,2032,run_monash_time_unique1000,2,1,TIME__Coastal_T_S__20T/seed_2032/run_monash_time_unique1000/visualizations/archive_latex.tex
205,0.764313222,0.883800000,\log\left(\mathrm{ZiCo}\right) - \frac{\mathrm{JacobFro} - \mathrm{plain}}{\log\left(\mathrm{Jacov}\right)},ZiCo Log Jacob_fro plain Sub Jacov Log Div Sub <EOS>,(log(ZiCo) - ((Jacob_fro - plain) / log(Jacov))),0.883800000,0.927800000,75,9,4,2060,run_monash_time_unique1000,2,8,TIME__Coastal_T_S__20T/seed_2060/run_monash_time_unique1000/visualizations/archive_latex.tex
206,0.763157895,0.883800000,\mathrm{plain} - \frac{\mathrm{JacobFro}}{\sqrt{\log\left(\frac{\mathrm{JacobFro}}{\mathrm{Jacov}}\right)}},plain Jacob_fro Jacob_fro Jacov Div Log Sqrt Div Sub <EOS>,(plain - (Jacob_fro / sqrt(log((Jacob_fro / Jacov))))),0.883800000,0.921200000,124,9,6,2182,run_monash_time_unique1000,2,1,TIME__Coastal_T_S__20T/seed_2182/run_monash_time_unique1000/visualizations/archive_latex.tex
207,0.762002567,0.883800000,\frac{-\mathrm{GradNorm} + \mathrm{JacobFro}}{\mathrm{Jacov}},Grad_Norm Negative Jacob_fro Add Jacov Div <EOS>,((-(Grad_Norm) + Jacob_fro) / Jacov),0.883800000,0.885400000,188,6,4,2087,run_monash_time_unique1000,3,1,TIME__Coastal_T_S__20T/seed_2087/run_monash_time_unique1000/visualizations/archive_latex.tex
208,0.760847240,0.883800000,\frac{\mathrm{GradNorm} - \mathrm{JacobFro}}{\left(\log\left(\mathrm{Jacov}\right)\right)^2},Grad_Norm Jacob_fro Sub Jacov Log Square Div <EOS>,((Grad_Norm - Jacob_fro) / square(log(Jacov))),0.883800000,0.904000000,127,7,4,2165,run_monash_time_unique1000,3,1,TIME__Coastal_T_S__20T/seed_2165/run_monash_time_unique1000/visualizations/archive_latex.tex
209,0.759691913,0.883800000,\log\left(\mathrm{Jacov}\right) - \log\left(\mathrm{JacobFro} - \mathrm{GradNorm}\right),Jacov Log Jacob_fro Grad_Norm Sub Log Sub <EOS>,(log(Jacov) - log((Jacob_fro - Grad_Norm))),0.883800000,0.885400000,52,7,4,2168,run_monash_time_unique1000,3,1,TIME__Coastal_T_S__20T/seed_2168/run_monash_time_unique1000/visualizations/archive_latex.tex
210,0.758536585,0.883800000,\frac{\sqrt{\mathrm{Jacov}}}{\sqrt{\mathrm{JacobFro} - \mathrm{GradNorm}}},Jacov Sqrt Jacob_fro Grad_Norm Sub Sqrt Div <EOS>,(sqrt(Jacov) / sqrt((Jacob_fro - Grad_Norm))),0.883800000,0.885400000,176,7,4,2119,run_monash_time_unique1000,4,1,TIME__Coastal_T_S__20T/seed_2119/run_monash_time_unique1000/visualizations/archive_latex.tex
211,0.757381258,0.883800000,\frac{\mathrm{JacobFro} - \mathrm{GradNorm}}{\mathrm{Jacov}},Jacob_fro Grad_Norm Sub Jacov Div <EOS>,((Jacob_fro - Grad_Norm) / Jacov),0.883800000,0.885400000,74,5,3,2137,run_monash_time_unique1000,4,3,TIME__Coastal_T_S__20T/seed_2137/run_monash_time_unique1000/visualizations/archive_latex.tex
212,0.756225931,0.883800000,\frac{\mathrm{JacobFro} + -\mathrm{GradNorm}}{\mathrm{Jacov}},Jacob_fro Grad_Norm Negative Add Jacov Div <EOS>,((Jacob_fro + -(Grad_Norm)) / Jacov),0.883800000,0.885400000,4,6,4,2211,run_monash_time_unique1000,4,1,TIME__Coastal_T_S__20T/seed_2211/run_monash_time_unique1000/visualizations/archive_latex.tex
213,0.755070603,0.883800000,\frac{\mathrm{GradNorm} - \mathrm{JacobFro}}{\mathrm{Fisher} - \mathrm{Jacov}},Grad_Norm Jacob_fro Sub Fisher Jacov Sub Div <EOS>,((Grad_Norm - Jacob_fro) / (Fisher - Jacov)),0.883800000,0.885500000,119,7,3,2044,run_monash_time_unique1000,5,2,TIME__Coastal_T_S__20T/seed_2044/run_monash_time_unique1000/visualizations/archive_latex.tex
214,0.753915276,0.883800000,\frac{\mathrm{GradNorm} - \mathrm{JacobFro}}{-\mathrm{Jacov}},Grad_Norm Jacob_fro Sub Jacov Negative Div <EOS>,((Grad_Norm - Jacob_fro) / -(Jacov)),0.883800000,0.885400000,4,6,3,2082,run_monash_time_unique1000,5,3,TIME__Coastal_T_S__20T/seed_2082/run_monash_time_unique1000/visualizations/archive_latex.tex
215,0.752759949,0.883800000,\frac{\mathrm{GradNorm} - \mathrm{JacobFro}}{\sqrt{\left(\mathrm{Fisher} + \mathrm{Jacov}\right)^2}},Grad_Norm Jacob_fro Sub Fisher Jacov Add Square Sqrt Div <EOS>,((Grad_Norm - Jacob_fro) / sqrt(square((Fisher + Jacov)))),0.883800000,0.885400000,10,9,5,2089,run_monash_time_unique1000,5,1,TIME__Coastal_T_S__20T/seed_2089/run_monash_time_unique1000/visualizations/archive_latex.tex
216,0.751604621,0.883800000,\frac{\mathrm{GradNorm} - \mathrm{JacobFro}}{\left(\sqrt{\mathrm{Jacov}}\right)^2},Grad_Norm Jacob_fro Sub Jacov Sqrt Square Div <EOS>,((Grad_Norm - Jacob_fro) / square(sqrt(Jacov))),0.883800000,0.885400000,11,7,4,2240,run_monash_time_unique1000,5,1,TIME__Coastal_T_S__20T/seed_2240/run_monash_time_unique1000/visualizations/archive_latex.tex
217,0.750449294,0.883800000,\frac{\log\left(\mathrm{Jacov}\right)}{\sqrt{\mathrm{JacobFro} - \mathrm{GradNorm}}},Jacov Log Jacob_fro Grad_Norm Sub Sqrt Div <EOS>,(log(Jacov) / sqrt((Jacob_fro - Grad_Norm))),0.883800000,0.904000000,177,7,4,2277,run_monash_time_unique1000,5,4,TIME__Coastal_T_S__20T/seed_2277/run_monash_time_unique1000/visualizations/archive_latex.tex
218,0.749293967,0.883800000,\frac{\mathrm{JacobFro} - \mathrm{GradNorm}}{\mathrm{plain} + \mathrm{Jacov}},Jacob_fro Grad_Norm Sub plain Jacov Add Div <EOS>,((Jacob_fro - Grad_Norm) / (plain + Jacov)),0.883800000,0.885700000,173,7,3,2266,run_monash_time_unique1000,6,1,TIME__Coastal_T_S__20T/seed_2266/run_monash_time_unique1000/visualizations/archive_latex.tex
219,0.748138639,0.883800000,\frac{\mathrm{GradNorm} - \mathrm{JacobFro}}{\mathrm{MParams} - \mathrm{Jacov}},Grad_Norm Jacob_fro Sub MParams Jacov Sub Div <EOS>,((Grad_Norm - Jacob_fro) / (MParams - Jacov)),0.883800000,0.885600000,51,7,3,2176,run_monash_time_unique1000,8,1,TIME__Coastal_T_S__20T/seed_2176/run_monash_time_unique1000/visualizations/archive_latex.tex
220,0.746983312,0.883800000,\frac{\mathrm{GradNorm} - \mathrm{JacobFro}}{\mathrm{ZiCo} - \mathrm{Jacov}},Grad_Norm Jacob_fro Sub ZiCo Jacov Sub Div <EOS>,((Grad_Norm - Jacob_fro) / (ZiCo - Jacov)),0.883800000,0.885400000,174,7,3,2222,run_monash_time_unique1000,9,1,TIME__Coastal_T_S__20T/seed_2222/run_monash_time_unique1000/visualizations/archive_latex.tex
221,0.745827985,0.883800000,\frac{\mathrm{Fisher} - \mathrm{JacobFro}}{\log\left(\mathrm{JacobFro} + \mathrm{Jacov}\right)},Fisher Jacob_fro Sub Jacob_fro Jacov Add Log Div <EOS>,((Fisher - Jacob_fro) / log((Jacob_fro + Jacov))),0.883800000,0.914500000,116,8,4,2297,run_monash_time_unique1000,10,1,TIME__Coastal_T_S__20T/seed_2297/run_monash_time_unique1000/visualizations/archive_latex.tex
222,0.744672657,0.883700000,\frac{\sqrt{\mathrm{ZiCo}}}{\frac{\mathrm{JacobFro} - \mathrm{plain}}{\log\left(\mathrm{Jacov}\right)}},ZiCo Sqrt Jacob_fro plain Sub Jacov Log Div Div <EOS>,(sqrt(ZiCo) / ((Jacob_fro - plain) / log(Jacov))),0.883700000,0.924800000,85,9,4,2084,run_monash_time_unique1000,1,6,TIME__Coastal_T_S__20T/seed_2084/run_monash_time_unique1000/visualizations/archive_latex.tex
223,0.743517330,0.883700000,\mathrm{plain} - \frac{\mathrm{JacobFro}}{\sqrt{\mathrm{Jacov}} - \mathrm{plain}},plain Jacob_fro Jacov Sqrt plain Sub Div Sub <EOS>,(plain - (Jacob_fro / (sqrt(Jacov) - plain))),0.883700000,0.916300000,7,8,5,2242,run_monash_time_unique1000,2,1,TIME__Coastal_T_S__20T/seed_2242/run_monash_time_unique1000/visualizations/archive_latex.tex
224,0.742362003,0.883700000,\mathrm{Fisher} - \frac{\mathrm{JacobFro}}{\sqrt{\mathrm{Jacov}}},Fisher Jacob_fro Jacov Sqrt Div Sub <EOS>,(Fisher - (Jacob_fro / sqrt(Jacov))),0.883700000,0.910800000,173,6,4,2169,run_monash_time_unique1000,3,3,TIME__Coastal_T_S__20T/seed_2169/run_monash_time_unique1000/visualizations/archive_latex.tex
225,0.741206675,0.883700000,\frac{\log\left(\mathrm{JacobFro} + \mathrm{Jacov}\right) + \left(\mathrm{Fisher}\right)^2}{\mathrm{JacobFro}},Jacob_fro Jacov Add Log Fisher Square Add Jacob_fro Div <EOS>,((log((Jacob_fro + Jacov)) + square(Fisher)) / Jacob_fro),0.883700000,0.919300000,51,9,5,2203,run_monash_time_unique1000,3,1,TIME__Coastal_T_S__20T/seed_2203/run_monash_time_unique1000/visualizations/archive_latex.tex
226,0.740051348,0.883600000,\left(\log\left(\mathrm{ZiCo}\right)\right) \cdot \left(\frac{\mathrm{JacobFro}}{\log\left(\left(\mathrm{Jacov}\right) \cdot \left(\mathrm{Fisher}\right)\right)}\right),ZiCo Log Jacob_fro Jacov Fisher Mul Log Div Mul <EOS>,(log(ZiCo) * (Jacob_fro / log((Jacov * Fisher)))),0.883600000,0.925100000,84,9,5,2029,run_monash_time_unique1000,2,6,TIME__Coastal_T_S__20T/seed_2029/run_monash_time_unique1000/visualizations/archive_latex.tex
227,0.738896021,0.883600000,\frac{\log\left(\frac{\mathrm{Jacov}}{\mathrm{L2Norm}}\right) + \mathrm{plain}}{\mathrm{JacobFro}},Jacov L2-Norm Div Log plain Add Jacob_fro Div <EOS>,((log((Jacov / L2-Norm)) + plain) / Jacob_fro),0.883600000,0.921100000,36,8,5,2076,run_monash_time_unique1000,2,38,TIME__Coastal_T_S__20T/seed_2076/run_monash_time_unique1000/visualizations/archive_latex.tex
228,0.737740693,0.883600000,\frac{\mathrm{plain} + \log\left(\frac{\mathrm{Jacov}}{\mathrm{L2Norm}}\right)}{\mathrm{JacobFro}},plain Jacov L2-Norm Div Log Add Jacob_fro Div <EOS>,((plain + log((Jacov / L2-Norm))) / Jacob_fro),0.883600000,0.921100000,80,8,5,2175,run_monash_time_unique1000,2,34,TIME__Coastal_T_S__20T/seed_2175/run_monash_time_unique1000/visualizations/archive_latex.tex
229,0.736585366,0.883600000,\left(\log\left(\mathrm{ZiCo}\right)\right) \cdot \left(\frac{\mathrm{JacobFro}}{\log\left(\left(\mathrm{Fisher}\right) \cdot \left(\mathrm{Jacov}\right)\right)}\right),ZiCo Log Jacob_fro Fisher Jacov Mul Log Div Mul <EOS>,(log(ZiCo) * (Jacob_fro / log((Fisher * Jacov)))),0.883600000,0.925100000,105,9,5,2279,run_monash_time_unique1000,2,3,TIME__Coastal_T_S__20T/seed_2279/run_monash_time_unique1000/visualizations/archive_latex.tex
230,0.735430039,0.883600000,\frac{\log\left(\mathrm{Jacov}\right) + \mathrm{plain} - \log\left(\mathrm{L2Norm}\right)}{\mathrm{JacobFro}},Jacov Log plain Add L2-Norm Log Sub Jacob_fro Div <EOS>,(((log(Jacov) + plain) - log(L2-Norm)) / Jacob_fro),0.883600000,0.921100000,66,9,5,2174,run_monash_time_unique1000,3,1,TIME__Coastal_T_S__20T/seed_2174/run_monash_time_unique1000/visualizations/archive_latex.tex
231,0.734274711,0.883600000,\frac{\mathrm{Fisher} + \log\left(\frac{\mathrm{Jacov}}{\mathrm{JacobFro}}\right)}{\mathrm{JacobFro}},Fisher Jacov Jacob_fro Div Log Add Jacob_fro Div <EOS>,((Fisher + log((Jacov / Jacob_fro))) / Jacob_fro),0.883600000,0.919200000,57,8,5,2200,run_monash_time_unique1000,3,1,TIME__Coastal_T_S__20T/seed_2200/run_monash_time_unique1000/visualizations/archive_latex.tex
232,0.733119384,0.883600000,\frac{\log\left(\frac{\mathrm{Jacov}}{\mathrm{JacobFro}}\right) + \mathrm{Fisher}}{\mathrm{JacobFro}},Jacov Jacob_fro Div Log Fisher Add Jacob_fro Div <EOS>,((log((Jacov / Jacob_fro)) + Fisher) / Jacob_fro),0.883600000,0.919200000,55,8,5,2118,run_monash_time_unique1000,4,2,TIME__Coastal_T_S__20T/seed_2118/run_monash_time_unique1000/visualizations/archive_latex.tex
233,0.731964056,0.883600000,\frac{\log\left(\mathrm{ZiCo}\right)}{\frac{\log\left(\left(\mathrm{Fisher}\right) \cdot \left(\mathrm{Jacov}\right)\right)}{\mathrm{JacobFro}}},ZiCo Log Fisher Jacov Mul Log Jacob_fro Div Div <EOS>,(log(ZiCo) / (log((Fisher * Jacov)) / Jacob_fro)),0.883600000,0.925100000,180,9,5,2155,run_monash_time_unique1000,5,1,TIME__Coastal_T_S__20T/seed_2155/run_monash_time_unique1000/visualizations/archive_latex.tex
234,0.730808729,0.883600000,\frac{\mathrm{plain} - \log\left(\frac{\mathrm{L2Norm}}{\mathrm{Jacov}}\right)}{\mathrm{JacobFro}},plain L2-Norm Jacov Div Log Sub Jacob_fro Div <EOS>,((plain - log((L2-Norm / Jacov))) / Jacob_fro),0.883600000,0.921100000,159,8,5,2163,run_monash_time_unique1000,5,1,TIME__Coastal_T_S__20T/seed_2163/run_monash_time_unique1000/visualizations/archive_latex.tex
235,0.729653402,0.883600000,\frac{\mathrm{GradNorm} - \mathrm{JacobFro}}{\log\left(\mathrm{Jacov}\right) - \mathrm{Jacov}},Grad_Norm Jacob_fro Sub Jacov Log Jacov Sub Div <EOS>,((Grad_Norm - Jacob_fro) / (log(Jacov) - Jacov)),0.883600000,0.885500000,166,8,4,2269,run_monash_time_unique1000,5,1,TIME__Coastal_T_S__20T/seed_2269/run_monash_time_unique1000/visualizations/archive_latex.tex
236,0.728498074,0.883600000,\frac{\log\left(\mathrm{Jacov}\right)}{\mathrm{JacobFro} - \log\left(\left(\mathrm{Fisher}\right)^2\right)},Jacov Log Jacob_fro Fisher Square Log Sub Div <EOS>,(log(Jacov) / (Jacob_fro - log(square(Fisher)))),0.883600000,0.918900000,186,8,5,2211,run_monash_time_unique1000,6,1,TIME__Coastal_T_S__20T/seed_2211/run_monash_time_unique1000/visualizations/archive_latex.tex
237,0.727342747,0.883600000,\frac{\log\left(\left(\mathrm{Fisher}\right)^2\right) - \mathrm{JacobFro}}{\log\left(\mathrm{Jacov}\right)},Fisher Square Log Jacob_fro Sub Jacov Log Div <EOS>,((log(square(Fisher)) - Jacob_fro) / log(Jacov)),0.883600000,0.918900000,33,8,5,2238,run_monash_time_unique1000,6,1,TIME__Coastal_T_S__20T/seed_2238/run_monash_time_unique1000/visualizations/archive_latex.tex
238,0.726187420,0.883500000,\mathrm{ZiCo} - \log\left(\frac{\mathrm{JacobFro}}{\mathrm{Fisher} + \log\left(\mathrm{Jacov}\right)}\right),ZiCo Jacob_fro Fisher Jacov Log Add Div Log Sub <EOS>,(ZiCo - log((Jacob_fro / (Fisher + log(Jacov))))),0.883500000,0.927300000,129,9,6,2180,run_monash_time_unique1000,1,11,TIME__Coastal_T_S__20T/seed_2180/run_monash_time_unique1000/visualizations/archive_latex.tex
239,0.725032092,0.883500000,\frac{\mathrm{Fisher} + \log\left(\left(\mathrm{Jacov}\right) \cdot \left(\mathrm{GradNorm}\right)\right)}{\mathrm{JacobFro}},Fisher Jacov Grad_Norm Mul Log Add Jacob_fro Div <EOS>,((Fisher + log((Jacov * Grad_Norm))) / Jacob_fro),0.883500000,0.918500000,155,8,5,2150,run_monash_time_unique1000,2,1,TIME__Coastal_T_S__20T/seed_2150/run_monash_time_unique1000/visualizations/archive_latex.tex
240,0.723876765,0.883500000,\mathrm{ZiCo} - \log\left(\frac{\mathrm{JacobFro}}{\log\left(\mathrm{Jacov}\right) + \mathrm{Fisher}}\right),ZiCo Jacob_fro Jacov Log Fisher Add Div Log Sub <EOS>,(ZiCo - log((Jacob_fro / (log(Jacov) + Fisher)))),0.883500000,0.927300000,130,9,6,2287,run_monash_time_unique1000,2,14,TIME__Coastal_T_S__20T/seed_2287/run_monash_time_unique1000/visualizations/archive_latex.tex
241,0.722721438,0.883500000,\log\left(\frac{\log\left(\mathrm{Jacov}\right) + \mathrm{Fisher}}{\mathrm{JacobFro}}\right) + \mathrm{ZiCo},Jacov Log Fisher Add Jacob_fro Div Log ZiCo Add <EOS>,(log(((log(Jacov) + Fisher) / Jacob_fro)) + ZiCo),0.883500000,0.927300000,151,9,6,2076,run_monash_time_unique1000,3,9,TIME__Coastal_T_S__20T/seed_2076/run_monash_time_unique1000/visualizations/archive_latex.tex
242,0.721566110,0.883500000,\frac{\log\left(\left(\mathrm{GradNorm}\right) \cdot \left(\mathrm{Jacov}\right)\right) + \mathrm{Fisher}}{\mathrm{JacobFro}},Grad_Norm Jacov Mul Log Fisher Add Jacob_fro Div <EOS>,((log((Grad_Norm * Jacov)) + Fisher) / Jacob_fro),0.883500000,0.918500000,175,8,5,2114,run_monash_time_unique1000,3,4,TIME__Coastal_T_S__20T/seed_2114/run_monash_time_unique1000/visualizations/archive_latex.tex
243,0.720410783,0.883500000,\frac{\log\left(\left(\mathrm{Jacov}\right) \cdot \left(\mathrm{Fisher} + \mathrm{ZiCo}\right)\right)}{\mathrm{JacobFro}},Jacov Fisher ZiCo Add Mul Log Jacob_fro Div <EOS>,(log((Jacov * (Fisher + ZiCo))) / Jacob_fro),0.883500000,0.919500000,59,8,5,2171,run_monash_time_unique1000,3,3,TIME__Coastal_T_S__20T/seed_2171/run_monash_time_unique1000/visualizations/archive_latex.tex
244,0.719255456,0.883500000,\log\left(\frac{\mathrm{Fisher} + \log\left(\mathrm{Jacov}\right)}{\mathrm{JacobFro}}\right) + \mathrm{ZiCo},Fisher Jacov Log Add Jacob_fro Div Log ZiCo Add <EOS>,(log(((Fisher + log(Jacov)) / Jacob_fro)) + ZiCo),0.883500000,0.927300000,102,9,6,2221,run_monash_time_unique1000,3,8,TIME__Coastal_T_S__20T/seed_2221/run_monash_time_unique1000/visualizations/archive_latex.tex
245,0.718100128,0.883500000,\frac{\log\left(\left(\mathrm{ZiCo} + \mathrm{Fisher}\right) \cdot \left(\mathrm{Jacov}\right)\right)}{\mathrm{JacobFro}},ZiCo Fisher Add Jacov Mul Log Jacob_fro Div <EOS>,(log(((ZiCo + Fisher) * Jacov)) / Jacob_fro),0.883500000,0.919500000,49,8,5,2312,run_monash_time_unique1000,3,2,TIME__Coastal_T_S__20T/seed_2312/run_monash_time_unique1000/visualizations/archive_latex.tex
246,0.716944801,0.883500000,\mathrm{ZiCo} + \log\left(\frac{\mathrm{Fisher} + \log\left(\mathrm{Jacov}\right)}{\mathrm{JacobFro}}\right),ZiCo Fisher Jacov Log Add Jacob_fro Div Log Add <EOS>,(ZiCo + log(((Fisher + log(Jacov)) / Jacob_fro))),0.883500000,0.927300000,126,9,6,2083,run_monash_time_unique1000,4,6,TIME__Coastal_T_S__20T/seed_2083/run_monash_time_unique1000/visualizations/archive_latex.tex
247,0.715789474,0.883500000,\frac{\log\left(\left(\mathrm{Jacov}\right) \cdot \left(\mathrm{ZiCo} + \mathrm{Fisher}\right)\right)}{\mathrm{JacobFro}},Jacov ZiCo Fisher Add Mul Log Jacob_fro Div <EOS>,(log((Jacov * (ZiCo + Fisher))) / Jacob_fro),0.883500000,0.919500000,54,8,5,2268,run_monash_time_unique1000,4,2,TIME__Coastal_T_S__20T/seed_2268/run_monash_time_unique1000/visualizations/archive_latex.tex
248,0.714634146,0.883500000,\frac{\log\left(\left(\mathrm{Fisher} + \mathrm{ZiCo}\right) \cdot \left(\mathrm{Jacov}\right)\right)}{\mathrm{JacobFro}},Fisher ZiCo Add Jacov Mul Log Jacob_fro Div <EOS>,(log(((Fisher + ZiCo) * Jacov)) / Jacob_fro),0.883500000,0.919500000,40,8,5,2296,run_monash_time_unique1000,4,1,TIME__Coastal_T_S__20T/seed_2296/run_monash_time_unique1000/visualizations/archive_latex.tex
249,0.713478819,0.883500000,\frac{\mathrm{Fisher} + \log\left(\left(\mathrm{GradNorm}\right) \cdot \left(\mathrm{Jacov}\right)\right)}{\mathrm{JacobFro}},Fisher Grad_Norm Jacov Mul Log Add Jacob_fro Div <EOS>,((Fisher + log((Grad_Norm * Jacov))) / Jacob_fro),0.883500000,0.918500000,40,8,5,2115,run_monash_time_unique1000,6,1,TIME__Coastal_T_S__20T/seed_2115/run_monash_time_unique1000/visualizations/archive_latex.tex
250,0.712323492,0.883500000,\frac{\mathrm{MParams}}{\mathrm{JacobFro}} + \frac{\mathrm{L2Norm}}{\mathrm{Jacov}},MParams Jacob_fro Div L2-Norm Jacov Div Add <EOS>,((MParams / Jacob_fro) + (L2-Norm / Jacov)),0.883500000,0.874800000,200,7,3,2155,run_monash_time_unique1000,6,1,TIME__Coastal_T_S__20T/seed_2155/run_monash_time_unique1000/visualizations/archive_latex.tex
251,0.711168164,0.883500000,\frac{\log\left(\left(\mathrm{ZiCo}\right) \cdot \left(\mathrm{Jacov}\right)\right) + \mathrm{plain}}{\sqrt{\mathrm{JacobFro}}},ZiCo Jacov Mul Log plain Add Jacob_fro Sqrt Div <EOS>,((log((ZiCo * Jacov)) + plain) / sqrt(Jacob_fro)),0.883500000,0.917300000,150,9,5,2234,run_monash_time_unique1000,7,1,TIME__Coastal_T_S__20T/seed_2234/run_monash_time_unique1000/visualizations/archive_latex.tex
252,0.710012837,0.883500000,\mathrm{ZiCo} + \log\left(\frac{\log\left(\mathrm{Jacov}\right) + \mathrm{Fisher}}{\mathrm{JacobFro}}\right),ZiCo Jacov Log Fisher Add Jacob_fro Div Log Add <EOS>,(ZiCo + log(((log(Jacov) + Fisher) / Jacob_fro))),0.883500000,0.927300000,184,9,6,2073,run_monash_time_unique1000,9,1,TIME__Coastal_T_S__20T/seed_2073/run_monash_time_unique1000/visualizations/archive_latex.tex
253,0.708857510,0.883500000,\frac{\mathrm{L2Norm}}{\mathrm{Jacov}} + \frac{\mathrm{MParams}}{\mathrm{JacobFro}},L2-Norm Jacov Div MParams Jacob_fro Div Add <EOS>,((L2-Norm / Jacov) + (MParams / Jacob_fro)),0.883500000,0.874800000,171,7,3,2133,run_monash_time_unique1000,9,1,TIME__Coastal_T_S__20T/seed_2133/run_monash_time_unique1000/visualizations/archive_latex.tex
254,0.707702182,0.883400000,\mathrm{ZiCo} - \frac{\mathrm{JacobFro} - \mathrm{plain}}{\log\left(\left(\mathrm{Jacov}\right)^2\right)},ZiCo Jacob_fro plain Sub Jacov Square Log Div Sub <EOS>,(ZiCo - ((Jacob_fro - plain) / log(square(Jacov)))),0.883400000,0.927100000,122,9,5,2140,run_monash_time_unique1000,1,9,TIME__Coastal_T_S__20T/seed_2140/run_monash_time_unique1000/visualizations/archive_latex.tex
255,0.706546855,0.883400000,\frac{\left(\mathrm{Fisher} + \log\left(\mathrm{Jacov}\right)\right)^2}{\mathrm{JacobFro} - \mathrm{plain}},Fisher Jacov Log Add Square Jacob_fro plain Sub Div <EOS>,(square((Fisher + log(Jacov))) / (Jacob_fro - plain)),0.883400000,0.920700000,165,9,5,2228,run_monash_time_unique1000,2,1,TIME__Coastal_T_S__20T/seed_2228/run_monash_time_unique1000/visualizations/archive_latex.tex
256,0.705391528,0.883400000,\mathrm{ZiCo} - \frac{\mathrm{JacobFro}}{\log\left(\mathrm{Jacov}\right) + \left(\mathrm{Fisher}\right)^2},ZiCo Jacob_fro Jacov Log Fisher Square Add Div Sub <EOS>,(ZiCo - (Jacob_fro / (log(Jacov) + square(Fisher)))),0.883400000,0.920500000,187,9,5,2246,run_monash_time_unique1000,2,7,TIME__Coastal_T_S__20T/seed_2246/run_monash_time_unique1000/visualizations/archive_latex.tex
257,0.704236200,0.883400000,\frac{\mathrm{plain} - \mathrm{JacobFro}}{\log\left(\left(\mathrm{Jacov}\right)^2\right)} + \mathrm{ZiCo},plain Jacob_fro Sub Jacov Square Log Div ZiCo Add <EOS>,(((plain - Jacob_fro) / log(square(Jacov))) + ZiCo),0.883400000,0.927100000,121,9,5,2255,run_monash_time_unique1000,2,8,TIME__Coastal_T_S__20T/seed_2255/run_monash_time_unique1000/visualizations/archive_latex.tex
258,0.703080873,0.883400000,\frac{\mathrm{Fisher} + \log\left(\mathrm{Jacov}\right)}{\sqrt{\mathrm{JacobFro} - \mathrm{plain}}},Fisher Jacov Log Add Jacob_fro plain Sub Sqrt Div <EOS>,((Fisher + log(Jacov)) / sqrt((Jacob_fro - plain))),0.883400000,0.920700000,101,9,4,2262,run_monash_time_unique1000,3,1,TIME__Coastal_T_S__20T/seed_2262/run_monash_time_unique1000/visualizations/archive_latex.tex
259,0.701925546,0.883400000,\mathrm{Fisher} + \log\left(\frac{\mathrm{Jacov}}{\mathrm{JacobFro}} + \mathrm{plain}\right),Fisher Jacov Jacob_fro Div plain Add Log Add <EOS>,(Fisher + log(((Jacov / Jacob_fro) + plain))),0.883400000,0.896900000,3,8,5,2310,run_monash_time_unique1000,4,1,TIME__Coastal_T_S__20T/seed_2310/run_monash_time_unique1000/visualizations/archive_latex.tex
260,0.700770218,0.883400000,\frac{\log\left(\mathrm{Jacov}\right) + \mathrm{Fisher}}{\sqrt{\mathrm{plain} - \mathrm{JacobFro}}},Jacov Log Fisher Add plain Jacob_fro Sub Sqrt Div <EOS>,((log(Jacov) + Fisher) / sqrt((plain - Jacob_fro))),0.883400000,0.920700000,100,9,4,2054,run_monash_time_unique1000,5,1,TIME__Coastal_T_S__20T/seed_2054/run_monash_time_unique1000/visualizations/archive_latex.tex
261,0.699614891,0.883400000,\mathrm{ZiCo} - \frac{\mathrm{JacobFro}}{\left(\mathrm{Fisher}\right)^2 + \log\left(\mathrm{Jacov}\right)},ZiCo Jacob_fro Fisher Square Jacov Log Add Div Sub <EOS>,(ZiCo - (Jacob_fro / (square(Fisher) + log(Jacov)))),0.883400000,0.920500000,35,9,5,2211,run_monash_time_unique1000,8,1,TIME__Coastal_T_S__20T/seed_2211/run_monash_time_unique1000/visualizations/archive_latex.tex
262,0.698459564,0.883400000,\mathrm{ZiCo} + \frac{\mathrm{plain} - \mathrm{JacobFro}}{\log\left(\left(\mathrm{Jacov}\right)^2\right)},ZiCo plain Jacob_fro Sub Jacov Square Log Div Add <EOS>,(ZiCo + ((plain - Jacob_fro) / log(square(Jacov)))),0.883400000,0.927100000,49,9,5,2176,run_monash_time_unique1000,9,1,TIME__Coastal_T_S__20T/seed_2176/run_monash_time_unique1000/visualizations/archive_latex.tex
263,0.697304236,0.883300000,\frac{\log\left(\left(\left(\mathrm{ZiCo}\right)^2\right) \cdot \left(\left(\mathrm{Jacov}\right) \cdot \left(\mathrm{plain}\right)\right)\right)}{\mathrm{JacobFro}},ZiCo Square Jacov plain Mul Mul Log Jacob_fro Div <EOS>,(log((square(ZiCo) * (Jacov * plain))) / Jacob_fro),0.883300000,0.919300000,88,9,5,2298,run_monash_time_unique1000,1,1,TIME__Coastal_T_S__20T/seed_2298/run_monash_time_unique1000/visualizations/archive_latex.tex
264,0.696148909,0.883300000,\left(-\mathrm{Snip}\right) \cdot \left(\mathrm{Jacov} + \mathrm{Snip} + \mathrm{GFLOPs}\right),Snip Negative Jacov Snip Add GFLOPs Add Mul <EOS>,(-(Snip) * ((Jacov + Snip) + GFLOPs)),0.883300000,0.865500000,67,8,4,2246,run_monash_time_unique1000,3,1,TIME__Coastal_T_S__20T/seed_2246/run_monash_time_unique1000/visualizations/archive_latex.tex
265,0.694993582,0.883300000,\frac{\log\left(\left(\left(\mathrm{Jacov}\right) \cdot \left(\mathrm{plain}\right)\right) \cdot \left(\left(\mathrm{ZiCo}\right)^2\right)\right)}{\mathrm{JacobFro}},Jacov plain Mul ZiCo Square Mul Log Jacob_fro Div <EOS>,(log(((Jacov * plain) * square(ZiCo))) / Jacob_fro),0.883300000,0.919300000,178,9,5,2226,run_monash_time_unique1000,6,1,TIME__Coastal_T_S__20T/seed_2226/run_monash_time_unique1000/visualizations/archive_latex.tex
266,0.693838254,0.883300000,\frac{\sqrt{\mathrm{GFLOPs}} - \mathrm{JacobFro}}{\mathrm{Fisher} + \log\left(\mathrm{Jacov}\right)},GFLOPs Sqrt Jacob_fro Sub Fisher Jacov Log Add Div <EOS>,((sqrt(GFLOPs) - Jacob_fro) / (Fisher + log(Jacov))),0.883300000,0.915900000,13,9,4,2044,run_monash_time_unique1000,8,1,TIME__Coastal_T_S__20T/seed_2044/run_monash_time_unique1000/visualizations/archive_latex.tex
267,0.692682927,0.883200000,\mathrm{ZiCo} - \frac{\mathrm{JacobFro} - \mathrm{plain}}{\log\left(\mathrm{Jacov}\right)},ZiCo Jacob_fro plain Sub Jacov Log Div Sub <EOS>,(ZiCo - ((Jacob_fro - plain) / log(Jacov))),0.883200000,0.922400000,145,8,4,2319,run_monash_time_unique1000,1,22,TIME__Coastal_T_S__20T/seed_2319/run_monash_time_unique1000/visualizations/archive_latex.tex
268,0.691527599,0.883200000,\frac{\log\left(\left(\mathrm{ZiCo}\right) \cdot \left(\log\left(\mathrm{Jacov}\right)\right) + \mathrm{Fisher}\right)}{\mathrm{JacobFro}},ZiCo Jacov Log Mul Fisher Add Log Jacob_fro Div <EOS>,(log(((ZiCo * log(Jacov)) + Fisher)) / Jacob_fro),0.883200000,0.925100000,18,9,6,2041,run_monash_time_unique1000,2,1,TIME__Coastal_T_S__20T/seed_2041/run_monash_time_unique1000/visualizations/archive_latex.tex
269,0.690372272,0.883200000,\frac{\mathrm{ZiCo} + \mathrm{Fisher} + \log\left(\mathrm{Jacov}\right)}{\sqrt{\mathrm{JacobFro}}},ZiCo Fisher Jacov Log Add Add Jacob_fro Sqrt Div <EOS>,((ZiCo + (Fisher + log(Jacov))) / sqrt(Jacob_fro)),0.883200000,0.916100000,108,9,5,2027,run_monash_time_unique1000,3,1,TIME__Coastal_T_S__20T/seed_2027/run_monash_time_unique1000/visualizations/archive_latex.tex
270,0.689216945,0.883200000,\frac{\mathrm{plain} - \mathrm{JacobFro}}{\log\left(\mathrm{Jacov}\right)} + \mathrm{ZiCo},plain Jacob_fro Sub Jacov Log Div ZiCo Add <EOS>,(((plain - Jacob_fro) / log(Jacov)) + ZiCo),0.883200000,0.922400000,75,8,4,2216,run_monash_time_unique1000,3,10,TIME__Coastal_T_S__20T/seed_2216/run_monash_time_unique1000/visualizations/archive_latex.tex
271,0.688061617,0.883200000,\frac{\left(\mathrm{Fisher} + \mathrm{ZiCo} + \log\left(\mathrm{Jacov}\right)\right)^2}{\mathrm{JacobFro}},Fisher ZiCo Add Jacov Log Add Square Jacob_fro Div <EOS>,(square(((Fisher + ZiCo) + log(Jacov))) / Jacob_fro),0.883200000,0.916100000,144,9,5,2278,run_monash_time_unique1000,3,1,TIME__Coastal_T_S__20T/seed_2278/run_monash_time_unique1000/visualizations/archive_latex.tex
272,0.686906290,0.883200000,\frac{\log\left(\mathrm{Fisher} + \left(\log\left(\mathrm{Jacov}\right)\right) \cdot \left(\mathrm{ZiCo}\right)\right)}{\mathrm{JacobFro}},Fisher Jacov Log ZiCo Mul Add Log Jacob_fro Div <EOS>,(log((Fisher + (log(Jacov) * ZiCo))) / Jacob_fro),0.883200000,0.925100000,38,9,6,2108,run_monash_time_unique1000,4,1,TIME__Coastal_T_S__20T/seed_2108/run_monash_time_unique1000/visualizations/archive_latex.tex
273,0.685750963,0.883200000,\frac{\left(\log\left(\mathrm{Jacov}\right) + \mathrm{ZiCo} + \mathrm{Fisher}\right)^2}{\mathrm{JacobFro}},Jacov Log ZiCo Fisher Add Add Square Jacob_fro Div <EOS>,(square((log(Jacov) + (ZiCo + Fisher))) / Jacob_fro),0.883200000,0.916100000,154,9,5,2203,run_monash_time_unique1000,4,1,TIME__Coastal_T_S__20T/seed_2203/run_monash_time_unique1000/visualizations/archive_latex.tex
274,0.684595635,0.883200000,\frac{\mathrm{ZiCo} + \mathrm{Fisher} + \log\left(\mathrm{Jacov}\right)}{\sqrt{\mathrm{JacobFro}}},ZiCo Fisher Add Jacov Log Add Jacob_fro Sqrt Div <EOS>,(((ZiCo + Fisher) + log(Jacov)) / sqrt(Jacob_fro)),0.883200000,0.916100000,26,9,4,2033,run_monash_time_unique1000,5,1,TIME__Coastal_T_S__20T/seed_2033/run_monash_time_unique1000/visualizations/archive_latex.tex
275,0.683440308,0.883200000,\mathrm{ZiCo} + \frac{\mathrm{plain} - \mathrm{JacobFro}}{\log\left(\mathrm{Jacov}\right)},ZiCo plain Jacob_fro Sub Jacov Log Div Add <EOS>,(ZiCo + ((plain - Jacob_fro) / log(Jacov))),0.883200000,0.922400000,198,8,4,2056,run_monash_time_unique1000,5,2,TIME__Coastal_T_S__20T/seed_2056/run_monash_time_unique1000/visualizations/archive_latex.tex
276,0.682284981,0.883200000,\frac{\mathrm{Jacov} - \mathrm{GradNorm}}{\mathrm{Jacov} - \mathrm{JacobFro}},Jacov Grad_Norm Sub Jacov Jacob_fro Sub Div <EOS>,((Jacov - Grad_Norm) / (Jacov - Jacob_fro)),0.883200000,0.885800000,185,7,3,2105,run_monash_time_unique1000,6,1,TIME__Coastal_T_S__20T/seed_2105/run_monash_time_unique1000/visualizations/archive_latex.tex
277,0.681129653,0.883200000,\mathrm{ZiCo} - -\frac{\mathrm{plain} - \mathrm{JacobFro}}{\log\left(\mathrm{Jacov}\right)},ZiCo plain Jacob_fro Sub Jacov Log Div Negative Sub <EOS>,(ZiCo - -(((plain - Jacob_fro) / log(Jacov)))),0.883200000,0.922400000,63,9,5,2164,run_monash_time_unique1000,6,1,TIME__Coastal_T_S__20T/seed_2164/run_monash_time_unique1000/visualizations/archive_latex.tex
278,0.679974326,0.883200000,\frac{\mathrm{plain} + -\mathrm{JacobFro}}{\log\left(\mathrm{Jacov}\right)} + \mathrm{ZiCo},plain Jacob_fro Negative Add Jacov Log Div ZiCo Add <EOS>,(((plain + -(Jacob_fro)) / log(Jacov)) + ZiCo),0.883200000,0.922400000,121,9,5,2285,run_monash_time_unique1000,6,1,TIME__Coastal_T_S__20T/seed_2285/run_monash_time_unique1000/visualizations/archive_latex.tex
279,0.678818999,0.883200000,\frac{\mathrm{JacobFro} - \mathrm{GradNorm}}{\mathrm{Jacov} - \mathrm{GFLOPs}},Jacob_fro Grad_Norm Sub Jacov GFLOPs Sub Div <EOS>,((Jacob_fro - Grad_Norm) / (Jacov - GFLOPs)),0.883200000,0.885400000,72,7,3,2131,run_monash_time_unique1000,7,1,TIME__Coastal_T_S__20T/seed_2131/run_monash_time_unique1000/visualizations/archive_latex.tex
280,0.677663671,0.883200000,\left(\log\left(\frac{\mathrm{Jacov}}{\left(\mathrm{JacobFro}\right)^2}\right)\right) \cdot \left(\mathrm{L2Norm}\right),Jacov Jacob_fro Square Div Log L2-Norm Mul <EOS>,(log((Jacov / square(Jacob_fro))) * L2-Norm),0.883200000,0.896100000,51,7,5,2173,run_monash_time_unique1000,7,1,TIME__Coastal_T_S__20T/seed_2173/run_monash_time_unique1000/visualizations/archive_latex.tex
281,0.676508344,0.883200000,\frac{\log\left(\mathrm{Fisher} + \left(\mathrm{ZiCo}\right) \cdot \left(\log\left(\mathrm{Jacov}\right)\right)\right)}{\mathrm{JacobFro}},Fisher ZiCo Jacov Log Mul Add Log Jacob_fro Div <EOS>,(log((Fisher + (ZiCo * log(Jacov)))) / Jacob_fro),0.883200000,0.925100000,163,9,6,2247,run_monash_time_unique1000,7,1,TIME__Coastal_T_S__20T/seed_2247/run_monash_time_unique1000/visualizations/archive_latex.tex
282,0.675353017,0.883100000,\frac{\sqrt{\mathrm{Fisher} + \log\left(\mathrm{Jacov}\right)}}{\log\left(\mathrm{JacobFro}\right)},Fisher Jacov Log Add Sqrt Jacob_fro Log Div <EOS>,(sqrt((Fisher + log(Jacov))) / log(Jacob_fro)),0.883100000,0.919600000,82,8,5,2067,run_monash_time_unique1000,2,5,TIME__Coastal_T_S__20T/seed_2067/run_monash_time_unique1000/visualizations/archive_latex.tex
283,0.674197689,0.883100000,\frac{\mathrm{ZiCo}}{\sqrt{\frac{\mathrm{JacobFro}}{\log\left(\mathrm{Jacov}\right)} - \mathrm{plain}}},ZiCo Jacob_fro Jacov Log Div plain Sub Sqrt Div <EOS>,(ZiCo / sqrt(((Jacob_fro / log(Jacov)) - plain))),0.883100000,0.927600000,68,9,6,2233,run_monash_time_unique1000,2,3,TIME__Coastal_T_S__20T/seed_2233/run_monash_time_unique1000/visualizations/archive_latex.tex
284,0.673042362,0.883100000,\frac{\mathrm{Fisher} + \log\left(\mathrm{Jacov}\right)}{\left(\log\left(\mathrm{JacobFro}\right)\right)^2},Fisher Jacov Log Add Jacob_fro Log Square Div <EOS>,((Fisher + log(Jacov)) / square(log(Jacob_fro))),0.883100000,0.919600000,118,8,4,2292,run_monash_time_unique1000,2,2,TIME__Coastal_T_S__20T/seed_2292/run_monash_time_unique1000/visualizations/archive_latex.tex
285,0.671887035,0.883100000,\frac{\sqrt{\mathrm{Jacov}}}{\mathrm{MParams} + \mathrm{JacobFro} - \mathrm{GradNorm}},Jacov Sqrt MParams Jacob_fro Grad_Norm Sub Add Div <EOS>,(sqrt(Jacov) / (MParams + (Jacob_fro - Grad_Norm))),0.883100000,0.911600000,14,8,4,2298,run_monash_time_unique1000,2,1,TIME__Coastal_T_S__20T/seed_2298/run_monash_time_unique1000/visualizations/archive_latex.tex
286,0.670731707,0.883100000,\frac{\log\left(\left(\mathrm{Fisher}\right) \cdot \left(\mathrm{Jacov}\right)\right)}{\frac{\mathrm{JacobFro}}{\sqrt{\mathrm{ZiCo}}}},Fisher Jacov Mul Log Jacob_fro ZiCo Sqrt Div Div <EOS>,(log((Fisher * Jacov)) / (Jacob_fro / sqrt(ZiCo))),0.883100000,0.921400000,93,9,4,2120,run_monash_time_unique1000,3,6,TIME__Coastal_T_S__20T/seed_2120/run_monash_time_unique1000/visualizations/archive_latex.tex
287,0.669576380,0.883100000,\mathrm{ZiCo} - \frac{\mathrm{JacobFro} - \left(\mathrm{Fisher}\right)^2}{\log\left(\mathrm{Jacov}\right)},ZiCo Jacob_fro Fisher Square Sub Jacov Log Div Sub <EOS>,(ZiCo - ((Jacob_fro - square(Fisher)) / log(Jacov))),0.883100000,0.919900000,136,9,5,2140,run_monash_time_unique1000,3,4,TIME__Coastal_T_S__20T/seed_2140/run_monash_time_unique1000/visualizations/archive_latex.tex
288,0.668421053,0.883100000,\frac{\sqrt{\mathrm{ZiCo}}}{\frac{\mathrm{JacobFro}}{\log\left(\left(\mathrm{Jacov}\right) \cdot \left(\mathrm{Fisher}\right)\right)}},ZiCo Sqrt Jacob_fro Jacov Fisher Mul Log Div Div <EOS>,(sqrt(ZiCo) / (Jacob_fro / log((Jacov * Fisher)))),0.883100000,0.921400000,92,9,5,2218,run_monash_time_unique1000,3,6,TIME__Coastal_T_S__20T/seed_2218/run_monash_time_unique1000/visualizations/archive_latex.tex
289,0.667265725,0.883100000,\frac{\sqrt{\mathrm{ZiCo}}}{\frac{\mathrm{JacobFro}}{\log\left(\left(\mathrm{Fisher}\right) \cdot \left(\mathrm{Jacov}\right)\right)}},ZiCo Sqrt Jacob_fro Fisher Jacov Mul Log Div Div <EOS>,(sqrt(ZiCo) / (Jacob_fro / log((Fisher * Jacov)))),0.883100000,0.921400000,49,9,5,2093,run_monash_time_unique1000,4,3,TIME__Coastal_T_S__20T/seed_2093/run_monash_time_unique1000/visualizations/archive_latex.tex
290,0.666110398,0.883100000,\frac{\sqrt{\log\left(\mathrm{Jacov}\right) + \mathrm{Fisher}}}{\log\left(\mathrm{JacobFro}\right)},Jacov Log Fisher Add Sqrt Jacob_fro Log Div <EOS>,(sqrt((log(Jacov) + Fisher)) / log(Jacob_fro)),0.883100000,0.919600000,43,8,5,2148,run_monash_time_unique1000,4,6,TIME__Coastal_T_S__20T/seed_2148/run_monash_time_unique1000/visualizations/archive_latex.tex
291,0.664955071,0.883100000,\frac{\log\left(\mathrm{Jacov}\right) + \mathrm{Fisher}}{\left(\log\left(\mathrm{JacobFro}\right)\right)^2},Jacov Log Fisher Add Jacob_fro Log Square Div <EOS>,((log(Jacov) + Fisher) / square(log(Jacob_fro))),0.883100000,0.919600000,94,8,4,2312,run_monash_time_unique1000,4,5,TIME__Coastal_T_S__20T/seed_2312/run_monash_time_unique1000/visualizations/archive_latex.tex
292,0.663799743,0.883100000,\frac{\left(\log\left(\left(\mathrm{Jacov}\right) \cdot \left(\mathrm{Fisher}\right)\right)\right) \cdot \left(\sqrt{\mathrm{ZiCo}}\right)}{\mathrm{JacobFro}},Jacov Fisher Mul Log ZiCo Sqrt Mul Jacob_fro Div <EOS>,((log((Jacov * Fisher)) * sqrt(ZiCo)) / Jacob_fro),0.883100000,0.921400000,200,9,5,2028,run_monash_time_unique1000,5,3,TIME__Coastal_T_S__20T/seed_2028/run_monash_time_unique1000/visualizations/archive_latex.tex
293,0.662644416,0.883100000,\left(\log\left(\left(\mathrm{Fisher}\right) \cdot \left(\mathrm{Jacov}\right)\right)\right) \cdot \left(\frac{\sqrt{\mathrm{ZiCo}}}{\mathrm{JacobFro}}\right),Fisher Jacov Mul Log ZiCo Sqrt Jacob_fro Div Mul <EOS>,(log((Fisher * Jacov)) * (sqrt(ZiCo) / Jacob_fro)),0.883100000,0.921400000,56,9,4,2183,run_monash_time_unique1000,5,1,TIME__Coastal_T_S__20T/seed_2183/run_monash_time_unique1000/visualizations/archive_latex.tex
294,0.661489089,0.883100000,\left(\frac{\sqrt{\mathrm{ZiCo}}}{\mathrm{JacobFro}}\right) \cdot \left(\log\left(\left(\mathrm{Jacov}\right) \cdot \left(\mathrm{Fisher}\right)\right)\right),ZiCo Sqrt Jacob_fro Div Jacov Fisher Mul Log Mul <EOS>,((sqrt(ZiCo) / Jacob_fro) * log((Jacov * Fisher))),0.883100000,0.921400000,50,9,4,2195,run_monash_time_unique1000,5,2,TIME__Coastal_T_S__20T/seed_2195/run_monash_time_unique1000/visualizations/archive_latex.tex
295,0.660333761,0.883100000,\frac{\left(\log\left(\left(\mathrm{Fisher}\right) \cdot \left(\mathrm{Jacov}\right)\right)\right) \cdot \left(\sqrt{\mathrm{ZiCo}}\right)}{\mathrm{JacobFro}},Fisher Jacov Mul Log ZiCo Sqrt Mul Jacob_fro Div <EOS>,((log((Fisher * Jacov)) * sqrt(ZiCo)) / Jacob_fro),0.883100000,0.921400000,25,9,5,2203,run_monash_time_unique1000,5,2,TIME__Coastal_T_S__20T/seed_2203/run_monash_time_unique1000/visualizations/archive_latex.tex
296,0.659178434,0.883100000,\frac{\log\left(\log\left(\mathrm{Jacov}\right)\right)}{\sqrt{\mathrm{JacobFro}} - \mathrm{Fisher}},Jacov Log Log Jacob_fro Sqrt Fisher Sub Div <EOS>,(log(log(Jacov)) / (sqrt(Jacob_fro) - Fisher)),0.883100000,0.915300000,138,8,4,2302,run_monash_time_unique1000,5,1,TIME__Coastal_T_S__20T/seed_2302/run_monash_time_unique1000/visualizations/archive_latex.tex
297,0.658023107,0.883100000,\frac{\log\left(\left(\mathrm{Jacov}\right) \cdot \left(\mathrm{Fisher}\right)\right)}{\frac{\mathrm{JacobFro}}{\sqrt{\mathrm{ZiCo}}}},Jacov Fisher Mul Log Jacob_fro ZiCo Sqrt Div Div <EOS>,(log((Jacov * Fisher)) / (Jacob_fro / sqrt(ZiCo))),0.883100000,0.921400000,49,9,4,2311,run_monash_time_unique1000,5,5,TIME__Coastal_T_S__20T/seed_2311/run_monash_time_unique1000/visualizations/archive_latex.tex
298,0.656867779,0.883100000,\frac{\left(\sqrt{\mathrm{ZiCo}}\right) \cdot \left(\log\left(\left(\mathrm{Fisher}\right) \cdot \left(\mathrm{Jacov}\right)\right)\right)}{\mathrm{JacobFro}},ZiCo Sqrt Fisher Jacov Mul Log Mul Jacob_fro Div <EOS>,((sqrt(ZiCo) * log((Fisher * Jacov))) / Jacob_fro),0.883100000,0.921400000,35,9,5,2312,run_monash_time_unique1000,5,1,TIME__Coastal_T_S__20T/seed_2312/run_monash_time_unique1000/visualizations/archive_latex.tex
299,0.655712452,0.883100000,\frac{\sqrt{\mathrm{Jacov}}}{\mathrm{JacobFro} - \mathrm{GradNorm} - \mathrm{MParams}},Jacov Sqrt Jacob_fro Grad_Norm MParams Sub Sub Div <EOS>,(sqrt(Jacov) / (Jacob_fro - (Grad_Norm - MParams))),0.883100000,0.911600000,180,8,4,2033,run_monash_time_unique1000,7,1,TIME__Coastal_T_S__20T/seed_2033/run_monash_time_unique1000/visualizations/archive_latex.tex
300,0.654557125,0.883100000,\frac{\mathrm{GradNorm} - \mathrm{MParams} - \mathrm{JacobFro}}{\sqrt{\mathrm{Jacov}}},Grad_Norm MParams Sub Jacob_fro Sub Jacov Sqrt Div <EOS>,(((Grad_Norm - MParams) - Jacob_fro) / sqrt(Jacov)),0.883100000,0.911600000,94,8,4,2295,run_monash_time_unique1000,7,1,TIME__Coastal_T_S__20T/seed_2295/run_monash_time_unique1000/visualizations/archive_latex.tex
301,0.653401797,0.883000000,\frac{\log\left(\mathrm{Jacov}\right)}{\sqrt{\mathrm{JacobFro}} - \mathrm{plain}},Jacov Log Jacob_fro Sqrt plain Sub Div <EOS>,(log(Jacov) / (sqrt(Jacob_fro) - plain)),0.883000000,0.912200000,77,7,4,2029,run_monash_time_unique1000,3,17,TIME__Coastal_T_S__20T/seed_2029/run_monash_time_unique1000/visualizations/archive_latex.tex
302,0.652246470,0.883000000,\frac{\mathrm{plain} - \sqrt{\mathrm{JacobFro}}}{\log\left(\mathrm{Jacov}\right)},plain Jacob_fro Sqrt Sub Jacov Log Div <EOS>,((plain - sqrt(Jacob_fro)) / log(Jacov)),0.883000000,0.912200000,87,7,4,2184,run_monash_time_unique1000,4,5,TIME__Coastal_T_S__20T/seed_2184/run_monash_time_unique1000/visualizations/archive_latex.tex
303,0.651091142,0.883000000,\log\left(\mathrm{ZiCo}\right) - \frac{\mathrm{JacobFro}}{\log\left(\mathrm{Jacov}\right) + \mathrm{Fisher}},ZiCo Log Jacob_fro Jacov Log Fisher Add Div Sub <EOS>,(log(ZiCo) - (Jacob_fro / (log(Jacov) + Fisher))),0.883000000,0.927100000,180,9,5,2218,run_monash_time_unique1000,4,5,TIME__Coastal_T_S__20T/seed_2218/run_monash_time_unique1000/visualizations/archive_latex.tex
304,0.649935815,0.883000000,\mathrm{ZiCo} - \frac{\mathrm{JacobFro}}{\log\left(\left(\mathrm{Fisher}\right) \cdot \left(\mathrm{Jacov}\right)\right)},ZiCo Jacob_fro Fisher Jacov Mul Log Div Sub <EOS>,(ZiCo - (Jacob_fro / log((Fisher * Jacov)))),0.883000000,0.916400000,33,8,5,2093,run_monash_time_unique1000,5,1,TIME__Coastal_T_S__20T/seed_2093/run_monash_time_unique1000/visualizations/archive_latex.tex
305,0.648780488,0.883000000,\log\left(\mathrm{ZiCo}\right) - \frac{\mathrm{JacobFro}}{\mathrm{Fisher} + \log\left(\mathrm{Jacov}\right)},ZiCo Log Jacob_fro Fisher Jacov Log Add Div Sub <EOS>,(log(ZiCo) - (Jacob_fro / (Fisher + log(Jacov)))),0.883000000,0.927100000,59,9,5,2164,run_monash_time_unique1000,7,2,TIME__Coastal_T_S__20T/seed_2164/run_monash_time_unique1000/visualizations/archive_latex.tex
306,0.647625160,0.883000000,\log\left(\frac{\log\left(\mathrm{Jacov}\right)}{\mathrm{plain} - \sqrt{\mathrm{JacobFro}}}\right),Jacov Log plain Jacob_fro Sqrt Sub Div Log <EOS>,log((log(Jacov) / (plain - sqrt(Jacob_fro)))),0.883000000,0.912200000,28,8,5,2266,run_monash_time_unique1000,7,1,TIME__Coastal_T_S__20T/seed_2266/run_monash_time_unique1000/visualizations/archive_latex.tex
307,0.646469833,0.882900000,\frac{\left(\mathrm{ZiCo}\right) \cdot \left(\log\left(\left(\mathrm{Jacov}\right) \cdot \left(\mathrm{Fisher}\right)\right)\right)}{\mathrm{JacobFro}},ZiCo Jacov Fisher Mul Log Mul Jacob_fro Div <EOS>,((ZiCo * log((Jacov * Fisher))) / Jacob_fro),0.882900000,0.924200000,118,8,5,2097,run_monash_time_unique1000,1,12,TIME__Coastal_T_S__20T/seed_2097/run_monash_time_unique1000/visualizations/archive_latex.tex
308,0.645314506,0.882900000,\left(\mathrm{ZiCo}\right) \cdot \left(\frac{\log\left(\left(\mathrm{Jacov}\right) \cdot \left(\mathrm{Fisher}\right)\right)}{\mathrm{JacobFro}}\right),ZiCo Jacov Fisher Mul Log Jacob_fro Div Mul <EOS>,(ZiCo * (log((Jacov * Fisher)) / Jacob_fro)),0.882900000,0.924200000,111,8,5,2235,run_monash_time_unique1000,1,2,TIME__Coastal_T_S__20T/seed_2235/run_monash_time_unique1000/visualizations/archive_latex.tex
309,0.644159178,0.882900000,\frac{\mathrm{Fisher} + \log\left(\mathrm{Jacov}\right)}{\sqrt{\mathrm{JacobFro}}},Fisher Jacov Log Add Jacob_fro Sqrt Div <EOS>,((Fisher + log(Jacov)) / sqrt(Jacob_fro)),0.882900000,0.915900000,79,7,4,2260,run_monash_time_unique1000,1,36,TIME__Coastal_T_S__20T/seed_2260/run_monash_time_unique1000/visualizations/archive_latex.tex
310,0.643003851,0.882900000,\frac{\mathrm{ZiCo}}{\frac{\mathrm{JacobFro}}{\log\left(\mathrm{Fisher}\right) + \log\left(\mathrm{Jacov}\right)}},ZiCo Jacob_fro Fisher Log Jacov Log Add Div Div <EOS>,(ZiCo / (Jacob_fro / (log(Fisher) + log(Jacov)))),0.882900000,0.924200000,40,9,5,2058,run_monash_time_unique1000,2,1,TIME__Coastal_T_S__20T/seed_2058/run_monash_time_unique1000/visualizations/archive_latex.tex
311,0.641848524,0.882900000,\left(\frac{\log\left(\left(\mathrm{Jacov}\right) \cdot \left(\mathrm{Fisher}\right)\right)}{\mathrm{JacobFro}}\right) \cdot \left(\mathrm{ZiCo}\right),Jacov Fisher Mul Log Jacob_fro Div ZiCo Mul <EOS>,((log((Jacov * Fisher)) / Jacob_fro) * ZiCo),0.882900000,0.924200000,65,8,5,2207,run_monash_time_unique1000,2,5,TIME__Coastal_T_S__20T/seed_2207/run_monash_time_unique1000/visualizations/archive_latex.tex
312,0.640693196,0.882900000,\log\left(\mathrm{Jacov}\right) - \sqrt{\mathrm{JacobFro} - \mathrm{GradNorm}},Jacov Log Jacob_fro Grad_Norm Sub Sqrt Sub <EOS>,(log(Jacov) - sqrt((Jacob_fro - Grad_Norm))),0.882900000,0.901900000,141,7,4,2280,run_monash_time_unique1000,2,3,TIME__Coastal_T_S__20T/seed_2280/run_monash_time_unique1000/visualizations/archive_latex.tex
313,0.639537869,0.882900000,\frac{\log\left(\left(\mathrm{Fisher}\right) \cdot \left(\mathrm{Jacov}\right)\right)}{\frac{\mathrm{JacobFro}}{\mathrm{ZiCo}}},Fisher Jacov Mul Log Jacob_fro ZiCo Div Div <EOS>,(log((Fisher * Jacov)) / (Jacob_fro / ZiCo)),0.882900000,0.924200000,49,8,4,2293,run_monash_time_unique1000,2,36,TIME__Coastal_T_S__20T/seed_2293/run_monash_time_unique1000/visualizations/archive_latex.tex
314,0.638382542,0.882900000,\frac{\log\left(\left(\mathrm{Jacov}\right) \cdot \left(\mathrm{Fisher}\right)\right)}{\frac{\mathrm{JacobFro}}{\mathrm{ZiCo}}},Jacov Fisher Mul Log Jacob_fro ZiCo Div Div <EOS>,(log((Jacov * Fisher)) / (Jacob_fro / ZiCo)),0.882900000,0.924200000,33,8,4,2309,run_monash_time_unique1000,2,32,TIME__Coastal_T_S__20T/seed_2309/run_monash_time_unique1000/visualizations/archive_latex.tex
315,0.637227214,0.882900000,\frac{\log\left(\mathrm{Jacov}\right) + \mathrm{Fisher}}{\sqrt{\mathrm{JacobFro}}},Jacov Log Fisher Add Jacob_fro Sqrt Div <EOS>,((log(Jacov) + Fisher) / sqrt(Jacob_fro)),0.882900000,0.915900000,200,7,4,2032,run_monash_time_unique1000,3,29,TIME__Coastal_T_S__20T/seed_2032/run_monash_time_unique1000/visualizations/archive_latex.tex
316,0.636071887,0.882900000,\frac{\left(\log\left(\left(\mathrm{Jacov}\right) \cdot \left(\mathrm{Fisher}\right)\right)\right) \cdot \left(\mathrm{ZiCo}\right)}{\mathrm{JacobFro}},Jacov Fisher Mul Log ZiCo Mul Jacob_fro Div <EOS>,((log((Jacov * Fisher)) * ZiCo) / Jacob_fro),0.882900000,0.924200000,198,8,5,2041,run_monash_time_unique1000,3,17,TIME__Coastal_T_S__20T/seed_2041/run_monash_time_unique1000/visualizations/archive_latex.tex
317,0.634916560,0.882900000,\frac{\left(\mathrm{ZiCo}\right) \cdot \left(\log\left(\left(\mathrm{Fisher}\right) \cdot \left(\mathrm{Jacov}\right)\right)\right)}{\mathrm{JacobFro}},ZiCo Fisher Jacov Mul Log Mul Jacob_fro Div <EOS>,((ZiCo * log((Fisher * Jacov))) / Jacob_fro),0.882900000,0.924200000,192,8,5,2061,run_monash_time_unique1000,3,13,TIME__Coastal_T_S__20T/seed_2061/run_monash_time_unique1000/visualizations/archive_latex.tex
318,0.633761232,0.882900000,\frac{\log\left(\mathrm{Fisher}\right) + \log\left(\mathrm{Jacov}\right)}{\frac{\mathrm{JacobFro}}{\mathrm{ZiCo}}},Fisher Log Jacov Log Add Jacob_fro ZiCo Div Div <EOS>,((log(Fisher) + log(Jacov)) / (Jacob_fro / ZiCo)),0.882900000,0.924200000,100,9,4,2067,run_monash_time_unique1000,3,2,TIME__Coastal_T_S__20T/seed_2067/run_monash_time_unique1000/visualizations/archive_latex.tex
319,0.632605905,0.882900000,\frac{\left(\log\left(\left(\mathrm{Fisher}\right) \cdot \left(\mathrm{Jacov}\right)\right)\right) \cdot \left(\mathrm{ZiCo}\right)}{\mathrm{JacobFro}},Fisher Jacov Mul Log ZiCo Mul Jacob_fro Div <EOS>,((log((Fisher * Jacov)) * ZiCo) / Jacob_fro),0.882900000,0.924200000,41,8,5,2088,run_monash_time_unique1000,3,11,TIME__Coastal_T_S__20T/seed_2088/run_monash_time_unique1000/visualizations/archive_latex.tex
320,0.631450578,0.882900000,\left(\frac{\log\left(\left(\mathrm{Fisher}\right) \cdot \left(\mathrm{Jacov}\right)\right)}{\mathrm{JacobFro}}\right) \cdot \left(\mathrm{ZiCo}\right),Fisher Jacov Mul Log Jacob_fro Div ZiCo Mul <EOS>,((log((Fisher * Jacov)) / Jacob_fro) * ZiCo),0.882900000,0.924200000,28,8,5,2189,run_monash_time_unique1000,3,6,TIME__Coastal_T_S__20T/seed_2189/run_monash_time_unique1000/visualizations/archive_latex.tex
321,0.630295250,0.882900000,\left(\frac{\mathrm{ZiCo}}{\mathrm{JacobFro}}\right) \cdot \left(\log\left(\left(\mathrm{Fisher}\right) \cdot \left(\mathrm{Jacov}\right)\right)\right),ZiCo Jacob_fro Div Fisher Jacov Mul Log Mul <EOS>,((ZiCo / Jacob_fro) * log((Fisher * Jacov))),0.882900000,0.924200000,21,8,4,2219,run_monash_time_unique1000,3,2,TIME__Coastal_T_S__20T/seed_2219/run_monash_time_unique1000/visualizations/archive_latex.tex
322,0.629139923,0.882900000,\frac{\mathrm{ZiCo}}{\frac{\mathrm{JacobFro}}{\log\left(\left(\mathrm{Jacov}\right) \cdot \left(\mathrm{Fisher}\right)\right)}},ZiCo Jacob_fro Jacov Fisher Mul Log Div Div <EOS>,(ZiCo / (Jacob_fro / log((Jacov * Fisher)))),0.882900000,0.924200000,20,8,5,2264,run_monash_time_unique1000,3,18,TIME__Coastal_T_S__20T/seed_2264/run_monash_time_unique1000/visualizations/archive_latex.tex
323,0.627984596,0.882900000,\left(\frac{\mathrm{ZiCo}}{\mathrm{JacobFro}}\right) \cdot \left(\log\left(\left(\mathrm{Jacov}\right) \cdot \left(\mathrm{Fisher}\right)\right)\right),ZiCo Jacob_fro Div Jacov Fisher Mul Log Mul <EOS>,((ZiCo / Jacob_fro) * log((Jacov * Fisher))),0.882900000,0.924200000,8,8,4,2031,run_monash_time_unique1000,4,5,TIME__Coastal_T_S__20T/seed_2031/run_monash_time_unique1000/visualizations/archive_latex.tex
324,0.626829268,0.882900000,\frac{\mathrm{ZiCo}}{\frac{\mathrm{JacobFro}}{\log\left(\left(\mathrm{Fisher}\right) \cdot \left(\mathrm{Jacov}\right)\right)}},ZiCo Jacob_fro Fisher Jacov Mul Log Div Div <EOS>,(ZiCo / (Jacob_fro / log((Fisher * Jacov)))),0.882900000,0.924200000,20,8,5,2038,run_monash_time_unique1000,4,8,TIME__Coastal_T_S__20T/seed_2038/run_monash_time_unique1000/visualizations/archive_latex.tex
325,0.625673941,0.882900000,\frac{\log\left(\mathrm{Jacov}\right) + \log\left(\mathrm{Fisher}\right)}{\frac{\mathrm{JacobFro}}{\mathrm{ZiCo}}},Jacov Log Fisher Log Add Jacob_fro ZiCo Div Div <EOS>,((log(Jacov) + log(Fisher)) / (Jacob_fro / ZiCo)),0.882900000,0.924200000,17,9,4,2101,run_monash_time_unique1000,4,4,TIME__Coastal_T_S__20T/seed_2101/run_monash_time_unique1000/visualizations/archive_latex.tex
326,0.624518614,0.882900000,\left(\log\left(\left(\mathrm{Jacov}\right) \cdot \left(\mathrm{Fisher}\right)\right)\right) \cdot \left(\frac{\mathrm{ZiCo}}{\mathrm{JacobFro}}\right),Jacov Fisher Mul Log ZiCo Jacob_fro Div Mul <EOS>,(log((Jacov * Fisher)) * (ZiCo / Jacob_fro)),0.882900000,0.924200000,14,8,4,2072,run_monash_time_unique1000,5,2,TIME__Coastal_T_S__20T/seed_2072/run_monash_time_unique1000/visualizations/archive_latex.tex
327,0.623363286,0.882900000,\frac{\left(\log\left(\mathrm{Jacov}\right) + \mathrm{Fisher}\right)^2}{\mathrm{JacobFro}},Jacov Log Fisher Add Square Jacob_fro Div <EOS>,(square((log(Jacov) + Fisher)) / Jacob_fro),0.882900000,0.915900000,7,7,5,2101,run_monash_time_unique1000,5,8,TIME__Coastal_T_S__20T/seed_2101/run_monash_time_unique1000/visualizations/archive_latex.tex
328,0.622207959,0.882900000,\frac{\left(\mathrm{Fisher}\right)^2 + \log\left(\mathrm{Jacov}\right)}{\log\left(\mathrm{JacobFro}\right)},Fisher Square Jacov Log Add Jacob_fro Log Div <EOS>,((square(Fisher) + log(Jacov)) / log(Jacob_fro)),0.882900000,0.910500000,59,8,4,2137,run_monash_time_unique1000,5,2,TIME__Coastal_T_S__20T/seed_2137/run_monash_time_unique1000/visualizations/archive_latex.tex
329,0.621052632,0.882900000,\frac{\left(\mathrm{Fisher} + \log\left(\mathrm{Jacov}\right)\right)^2}{\mathrm{JacobFro}},Fisher Jacov Log Add Square Jacob_fro Div <EOS>,(square((Fisher + log(Jacov))) / Jacob_fro),0.882900000,0.915900000,69,7,5,2141,run_monash_time_unique1000,5,8,TIME__Coastal_T_S__20T/seed_2141/run_monash_time_unique1000/visualizations/archive_latex.tex
330,0.619897304,0.882900000,\left(\mathrm{ZiCo}\right) \cdot \left(\frac{\log\left(\left(\mathrm{Fisher}\right) \cdot \left(\mathrm{Jacov}\right)\right)}{\mathrm{JacobFro}}\right),ZiCo Fisher Jacov Mul Log Jacob_fro Div Mul <EOS>,(ZiCo * (log((Fisher * Jacov)) / Jacob_fro)),0.882900000,0.924200000,98,8,5,2083,run_monash_time_unique1000,6,1,TIME__Coastal_T_S__20T/seed_2083/run_monash_time_unique1000/visualizations/archive_latex.tex
331,0.618741977,0.882900000,\mathrm{plain} - \frac{\mathrm{JacobFro}}{\sqrt{\mathrm{Jacov} + \mathrm{JacobFro}}},plain Jacob_fro Jacov Jacob_fro Add Sqrt Div Sub <EOS>,(plain - (Jacob_fro / sqrt((Jacov + Jacob_fro)))),0.882900000,0.914600000,25,8,5,2159,run_monash_time_unique1000,6,1,TIME__Coastal_T_S__20T/seed_2159/run_monash_time_unique1000/visualizations/archive_latex.tex
332,0.617586650,0.882900000,\left(\log\left(\left(\mathrm{Fisher}\right) \cdot \left(\mathrm{Jacov}\right)\right)\right) \cdot \left(\frac{\mathrm{ZiCo}}{\mathrm{JacobFro}}\right),Fisher Jacov Mul Log ZiCo Jacob_fro Div Mul <EOS>,(log((Fisher * Jacov)) * (ZiCo / Jacob_fro)),0.882900000,0.924200000,26,8,4,2183,run_monash_time_unique1000,6,1,TIME__Coastal_T_S__20T/seed_2183/run_monash_time_unique1000/visualizations/archive_latex.tex
333,0.616431322,0.882900000,\mathrm{ZiCo} - \frac{\sqrt{\mathrm{JacobFro}}}{\log\left(\left(\mathrm{Jacov}\right) \cdot \left(\mathrm{plain}\right)\right)},ZiCo Jacob_fro Sqrt Jacov plain Mul Log Div Sub <EOS>,(ZiCo - (sqrt(Jacob_fro) / log((Jacov * plain)))),0.882900000,0.922000000,180,9,5,2218,run_monash_time_unique1000,6,1,TIME__Coastal_T_S__20T/seed_2218/run_monash_time_unique1000/visualizations/archive_latex.tex
334,0.615275995,0.882900000,\left(\frac{\log\left(\mathrm{Fisher}\right) + \log\left(\mathrm{Jacov}\right)}{\mathrm{JacobFro}}\right) \cdot \left(\mathrm{ZiCo}\right),Fisher Log Jacov Log Add Jacob_fro Div ZiCo Mul <EOS>,(((log(Fisher) + log(Jacov)) / Jacob_fro) * ZiCo),0.882900000,0.924200000,54,9,5,2285,run_monash_time_unique1000,7,1,TIME__Coastal_T_S__20T/seed_2285/run_monash_time_unique1000/visualizations/archive_latex.tex
335,0.614120668,0.882800000,\frac{\log\left(\left(\mathrm{Jacov}\right) \cdot \left(\mathrm{plain}\right)\right)}{\left(\log\left(\mathrm{JacobFro}\right)\right)^2},Jacov plain Mul Log Jacob_fro Log Square Div <EOS>,(log((Jacov * plain)) / square(log(Jacob_fro))),0.882800000,0.915700000,58,8,4,2096,run_monash_time_unique1000,3,3,TIME__Coastal_T_S__20T/seed_2096/run_monash_time_unique1000/visualizations/archive_latex.tex
336,0.612965340,0.882800000,\frac{\log\left(\left(\mathrm{plain}\right) \cdot \left(\mathrm{Jacov}\right)\right)}{\left(\log\left(\mathrm{JacobFro}\right)\right)^2},plain Jacov Mul Log Jacob_fro Log Square Div <EOS>,(log((plain * Jacov)) / square(log(Jacob_fro))),0.882800000,0.915700000,91,8,4,2114,run_monash_time_unique1000,4,3,TIME__Coastal_T_S__20T/seed_2114/run_monash_time_unique1000/visualizations/archive_latex.tex
337,0.611810013,0.882800000,\mathrm{plain} + \log\left(\mathrm{Jacov} + \mathrm{GradNorm}\right) - \sqrt{\mathrm{JacobFro}},plain Jacov Grad_Norm Add Log Add Jacob_fro Sqrt Sub <EOS>,((plain + log((Jacov + Grad_Norm))) - sqrt(Jacob_fro)),0.882800000,0.915800000,37,9,5,2231,run_monash_time_unique1000,5,1,TIME__Coastal_T_S__20T/seed_2231/run_monash_time_unique1000/visualizations/archive_latex.tex
338,0.610654685,0.882800000,\left(\mathrm{Snip} + \mathrm{Jacov}\right) \cdot \left(\mathrm{GFLOPs} - \mathrm{Snip}\right),Snip Jacov Add GFLOPs Snip Sub Mul <EOS>,((Snip + Jacov) * (GFLOPs - Snip)),0.882800000,0.864100000,52,7,3,2139,run_monash_time_unique1000,7,1,TIME__Coastal_T_S__20T/seed_2139/run_monash_time_unique1000/visualizations/archive_latex.tex
339,0.609499358,0.882700000,\log\left(\mathrm{Jacov} + \mathrm{GFLOPs}\right) + \mathrm{plain} - \sqrt{\mathrm{JacobFro}},Jacov GFLOPs Add Log plain Jacob_fro Sqrt Sub Add <EOS>,(log((Jacov + GFLOPs)) + (plain - sqrt(Jacob_fro))),0.882700000,0.916300000,38,9,4,2167,run_monash_time_unique1000,2,1,TIME__Coastal_T_S__20T/seed_2167/run_monash_time_unique1000/visualizations/archive_latex.tex
340,0.608344031,0.882700000,\frac{\sqrt{\log\left(\left(\mathrm{L2Norm} + \mathrm{Jacov}\right) \cdot \left(\mathrm{plain}\right)\right)}}{\mathrm{JacobFro}},L2-Norm Jacov Add plain Mul Log Sqrt Jacob_fro Div <EOS>,(sqrt(log(((L2-Norm + Jacov) * plain))) / Jacob_fro),0.882700000,0.924900000,52,9,6,2207,run_monash_time_unique1000,3,2,TIME__Coastal_T_S__20T/seed_2207/run_monash_time_unique1000/visualizations/archive_latex.tex
341,0.607188703,0.882700000,\frac{\log\left(\left(\mathrm{plain}\right) \cdot \left(\mathrm{L2Norm} + \mathrm{Jacov}\right)\right)}{\left(\mathrm{JacobFro}\right)^2},plain L2-Norm Jacov Add Mul Log Jacob_fro Square Div <EOS>,(log((plain * (L2-Norm + Jacov))) / square(Jacob_fro)),0.882700000,0.924900000,109,9,5,2088,run_monash_time_unique1000,4,1,TIME__Coastal_T_S__20T/seed_2088/run_monash_time_unique1000/visualizations/archive_latex.tex
342,0.606033376,0.882700000,\frac{\log\left(\left(\mathrm{Jacov} + \mathrm{L2Norm}\right) \cdot \left(\mathrm{plain}\right)\right)}{\left(\mathrm{JacobFro}\right)^2},Jacov L2-Norm Add plain Mul Log Jacob_fro Square Div <EOS>,(log(((Jacov + L2-Norm) * plain)) / square(Jacob_fro)),0.882700000,0.924900000,88,9,5,2096,run_monash_time_unique1000,4,3,TIME__Coastal_T_S__20T/seed_2096/run_monash_time_unique1000/visualizations/archive_latex.tex
343,0.604878049,0.882700000,\log\left(\mathrm{GFLOPs} + \mathrm{Jacov}\right) - \sqrt{\mathrm{JacobFro}} - \mathrm{plain},GFLOPs Jacov Add Log Jacob_fro Sqrt plain Sub Sub <EOS>,(log((GFLOPs + Jacov)) - (sqrt(Jacob_fro) - plain)),0.882700000,0.916300000,124,9,4,2225,run_monash_time_unique1000,4,2,TIME__Coastal_T_S__20T/seed_2225/run_monash_time_unique1000/visualizations/archive_latex.tex
344,0.603722721,0.882700000,\frac{\sqrt{\log\left(\left(\mathrm{plain}\right) \cdot \left(\mathrm{L2Norm} + \mathrm{Jacov}\right)\right)}}{\mathrm{JacobFro}},plain L2-Norm Jacov Add Mul Log Sqrt Jacob_fro Div <EOS>,(sqrt(log((plain * (L2-Norm + Jacov)))) / Jacob_fro),0.882700000,0.924900000,51,9,6,2236,run_monash_time_unique1000,4,3,TIME__Coastal_T_S__20T/seed_2236/run_monash_time_unique1000/visualizations/archive_latex.tex
345,0.602567394,0.882700000,\mathrm{plain} - \sqrt{\mathrm{JacobFro}} - \log\left(\mathrm{GFLOPs} + \mathrm{Jacov}\right),plain Jacob_fro Sqrt GFLOPs Jacov Add Log Sub Sub <EOS>,(plain - (sqrt(Jacob_fro) - log((GFLOPs + Jacov)))),0.882700000,0.916300000,68,9,5,2103,run_monash_time_unique1000,5,1,TIME__Coastal_T_S__20T/seed_2103/run_monash_time_unique1000/visualizations/archive_latex.tex
346,0.601412067,0.882700000,\left(\mathrm{MParams} - \mathrm{Snip} - \mathrm{Jacov}\right) \cdot \left(\mathrm{Snip}\right),MParams Snip Sub Jacov Sub Snip Mul <EOS>,(((MParams - Snip) - Jacov) * Snip),0.882700000,0.862100000,74,7,4,2197,run_monash_time_unique1000,5,1,TIME__Coastal_T_S__20T/seed_2197/run_monash_time_unique1000/visualizations/archive_latex.tex
347,0.600256739,0.882700000,\log\left(\mathrm{Jacov} + \mathrm{GFLOPs}\right) - \sqrt{\mathrm{JacobFro}} - \mathrm{plain},Jacov GFLOPs Add Log Jacob_fro Sqrt plain Sub Sub <EOS>,(log((Jacov + GFLOPs)) - (sqrt(Jacob_fro) - plain)),0.882700000,0.916300000,124,9,4,2314,run_monash_time_unique1000,5,2,TIME__Coastal_T_S__20T/seed_2314/run_monash_time_unique1000/visualizations/archive_latex.tex
348,0.599101412,0.882700000,\frac{\log\left(\left(\mathrm{L2Norm} + \mathrm{Jacov}\right) \cdot \left(\mathrm{plain}\right)\right)}{\left(\mathrm{JacobFro}\right)^2},L2-Norm Jacov Add plain Mul Log Jacob_fro Square Div <EOS>,(log(((L2-Norm + Jacov) * plain)) / square(Jacob_fro)),0.882700000,0.924900000,27,9,5,2220,run_monash_time_unique1000,6,2,TIME__Coastal_T_S__20T/seed_2220/run_monash_time_unique1000/visualizations/archive_latex.tex
349,0.597946085,0.882700000,\frac{\mathrm{JacobFro}}{\mathrm{Jacov}} + \frac{\mathrm{plain}}{\mathrm{JacobFro}},Jacob_fro Jacov Div plain Jacob_fro Div Add <EOS>,((Jacob_fro / Jacov) + (plain / Jacob_fro)),0.882700000,0.910100000,7,7,3,2179,run_monash_time_unique1000,8,1,TIME__Coastal_T_S__20T/seed_2179/run_monash_time_unique1000/visualizations/archive_latex.tex
350,0.596790757,0.882700000,\left(\left(\mathrm{ZiCo}\right) \cdot \left(-\mathrm{Jacov} - \mathrm{Snip}\right)\right) \cdot \left(\mathrm{GradNorm}\right),ZiCo Jacov Negative Snip Sub Mul Grad_Norm Mul <EOS>,((ZiCo * (-(Jacov) - Snip)) * Grad_Norm),0.882700000,0.871700000,31,8,5,2281,run_monash_time_unique1000,9,1,TIME__Coastal_T_S__20T/seed_2281/run_monash_time_unique1000/visualizations/archive_latex.tex
351,0.595635430,0.882600000,\log\left(\mathrm{GFLOPs}\right) - \left(\mathrm{Snip} + \mathrm{Jacov}\right) \cdot \left(\mathrm{Snip}\right),GFLOPs Log Snip Jacov Add Snip Mul Sub <EOS>,(log(GFLOPs) - ((Snip + Jacov) * Snip)),0.882600000,0.862000000,90,8,4,2188,run_monash_time_unique1000,1,1,TIME__Coastal_T_S__20T/seed_2188/run_monash_time_unique1000/visualizations/archive_latex.tex
352,0.594480103,0.882600000,\log\left(\left(\left(\mathrm{Jacov} + \mathrm{L2Norm}\right) \cdot \left(\mathrm{Fisher}\right)\right)^2\right) - \mathrm{JacobFro},Jacov L2-Norm Add Fisher Mul Square Log Jacob_fro Sub <EOS>,(log(square(((Jacov + L2-Norm) * Fisher))) - Jacob_fro),0.882600000,0.924300000,48,9,6,2143,run_monash_time_unique1000,2,4,TIME__Coastal_T_S__20T/seed_2143/run_monash_time_unique1000/visualizations/archive_latex.tex
353,0.593324775,0.882600000,\frac{\log\left(\mathrm{Jacov}\right)}{\left(\log\left(\mathrm{JacobFro}\right)\right)^2 - \mathrm{plain}},Jacov Log Jacob_fro Log Square plain Sub Div <EOS>,(log(Jacov) / (square(log(Jacob_fro)) - plain)),0.882600000,0.920000000,88,8,5,2121,run_monash_time_unique1000,4,2,TIME__Coastal_T_S__20T/seed_2121/run_monash_time_unique1000/visualizations/archive_latex.tex
354,0.592169448,0.882600000,\log\left(\left(\left(\mathrm{L2Norm} + \mathrm{Jacov}\right) \cdot \left(\mathrm{Fisher}\right)\right)^2\right) - \mathrm{JacobFro},L2-Norm Jacov Add Fisher Mul Square Log Jacob_fro Sub <EOS>,(log(square(((L2-Norm + Jacov) * Fisher))) - Jacob_fro),0.882600000,0.924300000,68,9,6,2114,run_monash_time_unique1000,5,2,TIME__Coastal_T_S__20T/seed_2114/run_monash_time_unique1000/visualizations/archive_latex.tex
355,0.591014121,0.882600000,\left(\mathrm{Snip} + \mathrm{Jacov}\right) \cdot \left(\mathrm{MParams} - \mathrm{Snip}\right),Snip Jacov Add MParams Snip Sub Mul <EOS>,((Snip + Jacov) * (MParams - Snip)),0.882600000,0.864300000,191,7,3,2291,run_monash_time_unique1000,5,1,TIME__Coastal_T_S__20T/seed_2291/run_monash_time_unique1000/visualizations/archive_latex.tex
356,0.589858793,0.882600000,\frac{\mathrm{ZiCo}}{\frac{\sqrt{\mathrm{JacobFro}} - \mathrm{plain}}{\log\left(\mathrm{Jacov}\right)}},ZiCo Jacob_fro Sqrt plain Sub Jacov Log Div Div <EOS>,(ZiCo / ((sqrt(Jacob_fro) - plain) / log(Jacov))),0.882600000,0.922000000,68,9,5,2084,run_monash_time_unique1000,6,2,TIME__Coastal_T_S__20T/seed_2084/run_monash_time_unique1000/visualizations/archive_latex.tex
357,0.588703466,0.882600000,\left(\mathrm{Snip}\right) \cdot \left(\mathrm{plain} - \mathrm{Snip} - \mathrm{Jacov}\right),Snip plain Snip Sub Jacov Sub Mul <EOS>,(Snip * ((plain - Snip) - Jacov)),0.882600000,0.861800000,176,7,4,2093,run_monash_time_unique1000,8,1,TIME__Coastal_T_S__20T/seed_2093/run_monash_time_unique1000/visualizations/archive_latex.tex
358,0.587548139,0.882600000,\left(-\mathrm{Snip}\right) \cdot \left(\mathrm{Jacov} + \mathrm{Snip}\right),Snip Negative Jacov Snip Add Mul <EOS>,(-(Snip) * (Jacov + Snip)),0.882600000,0.862000000,41,6,3,2159,run_monash_time_unique1000,8,1,TIME__Coastal_T_S__20T/seed_2159/run_monash_time_unique1000/visualizations/archive_latex.tex
359,0.586392811,0.882500000,\frac{\left(\log\left(\left(\mathrm{plain}\right) \cdot \left(\mathrm{Jacov}\right)\right)\right)^2}{\mathrm{JacobFro}},plain Jacov Mul Log Square Jacob_fro Div <EOS>,(square(log((plain * Jacov))) / Jacob_fro),0.882500000,0.912500000,27,7,5,2092,run_monash_time_unique1000,1,14,TIME__Coastal_T_S__20T/seed_2092/run_monash_time_unique1000/visualizations/archive_latex.tex
360,0.585237484,0.882500000,\frac{\log\left(\left(\mathrm{Jacov}\right) \cdot \left(\mathrm{plain}\right)\right)}{\sqrt{\mathrm{JacobFro}}},Jacov plain Mul Log Jacob_fro Sqrt Div <EOS>,(log((Jacov * plain)) / sqrt(Jacob_fro)),0.882500000,0.912500000,108,7,4,2036,run_monash_time_unique1000,2,47,TIME__Coastal_T_S__20T/seed_2036/run_monash_time_unique1000/visualizations/archive_latex.tex
361,0.584082157,0.882500000,\frac{\log\left(\left(\mathrm{plain}\right) \cdot \left(\mathrm{Jacov}\right)\right)}{\sqrt{\mathrm{JacobFro}}},plain Jacov Mul Log Jacob_fro Sqrt Div <EOS>,(log((plain * Jacov)) / sqrt(Jacob_fro)),0.882500000,0.912500000,56,7,4,2097,run_monash_time_unique1000,2,50,TIME__Coastal_T_S__20T/seed_2097/run_monash_time_unique1000/visualizations/archive_latex.tex
362,0.582926829,0.882500000,\left(-\mathrm{Fisher} - \mathrm{Jacov} - \mathrm{Snip}\right) \cdot \left(\mathrm{Snip}\right),Fisher Negative Jacov Sub Snip Sub Snip Mul <EOS>,(((-(Fisher) - Jacov) - Snip) * Snip),0.882500000,0.862100000,199,8,5,2188,run_monash_time_unique1000,2,1,TIME__Coastal_T_S__20T/seed_2188/run_monash_time_unique1000/visualizations/archive_latex.tex
363,0.581771502,0.882500000,\left(\sqrt{\mathrm{JacobFro}}\right) \cdot \left(\frac{\log\left(\left(\mathrm{Jacov}\right) \cdot \left(\mathrm{plain}\right)\right)}{\mathrm{JacobFro}}\right),Jacob_fro Sqrt Jacov plain Mul Log Jacob_fro Div Mul <EOS>,(sqrt(Jacob_fro) * (log((Jacov * plain)) / Jacob_fro)),0.882500000,0.912500000,113,9,5,2235,run_monash_time_unique1000,2,1,TIME__Coastal_T_S__20T/seed_2235/run_monash_time_unique1000/visualizations/archive_latex.tex
364,0.580616175,0.882500000,\mathrm{ZiCo} - \frac{\mathrm{JacobFro}}{\mathrm{Fisher} + \log\left(\mathrm{Jacov}\right)},ZiCo Jacob_fro Fisher Jacov Log Add Div Sub <EOS>,(ZiCo - (Jacob_fro / (Fisher + log(Jacov)))),0.882500000,0.921700000,46,8,5,2058,run_monash_time_unique1000,3,5,TIME__Coastal_T_S__20T/seed_2058/run_monash_time_unique1000/visualizations/archive_latex.tex
365,0.579460847,0.882500000,\frac{\left(\log\left(\left(\mathrm{Jacov}\right) \cdot \left(\mathrm{plain}\right)\right)\right)^2}{\mathrm{JacobFro}},Jacov plain Mul Log Square Jacob_fro Div <EOS>,(square(log((Jacov * plain))) / Jacob_fro),0.882500000,0.912500000,85,7,5,2124,run_monash_time_unique1000,4,12,TIME__Coastal_T_S__20T/seed_2124/run_monash_time_unique1000/visualizations/archive_latex.tex
366,0.578305520,0.882500000,\frac{\log\left(\sqrt{\left(\mathrm{plain}\right) \cdot \left(\mathrm{Jacov}\right)}\right)}{\sqrt{\mathrm{JacobFro}}},plain Jacov Mul Sqrt Log Jacob_fro Sqrt Div <EOS>,(log(sqrt((plain * Jacov))) / sqrt(Jacob_fro)),0.882500000,0.912500000,186,8,5,2165,run_monash_time_unique1000,4,1,TIME__Coastal_T_S__20T/seed_2165/run_monash_time_unique1000/visualizations/archive_latex.tex
367,0.577150193,0.882500000,\frac{\log\left(\mathrm{plain}\right) + \log\left(\mathrm{Jacov}\right)}{\sqrt{\mathrm{JacobFro}}},plain Log Jacov Log Add Jacob_fro Sqrt Div <EOS>,((log(plain) + log(Jacov)) / sqrt(Jacob_fro)),0.882500000,0.912500000,151,8,4,2283,run_monash_time_unique1000,4,5,TIME__Coastal_T_S__20T/seed_2283/run_monash_time_unique1000/visualizations/archive_latex.tex
368,0.575994865,0.882500000,\sqrt{\mathrm{Fisher}} - \frac{\mathrm{JacobFro}}{\sqrt{\mathrm{Jacov}}},Fisher Sqrt Jacob_fro Jacov Sqrt Div Sub <EOS>,(sqrt(Fisher) - (Jacob_fro / sqrt(Jacov))),0.882500000,0.911000000,67,7,4,2043,run_monash_time_unique1000,6,2,TIME__Coastal_T_S__20T/seed_2043/run_monash_time_unique1000/visualizations/archive_latex.tex
369,0.574839538,0.882500000,\frac{\log\left(\mathrm{Jacov}\right) + \log\left(\mathrm{plain}\right)}{\sqrt{\mathrm{JacobFro}}},Jacov Log plain Log Add Jacob_fro Sqrt Div <EOS>,((log(Jacov) + log(plain)) / sqrt(Jacob_fro)),0.882500000,0.912500000,145,8,4,2116,run_monash_time_unique1000,6,2,TIME__Coastal_T_S__20T/seed_2116/run_monash_time_unique1000/visualizations/archive_latex.tex
370,0.573684211,0.882500000,\mathrm{ZiCo} - \frac{\mathrm{JacobFro}}{\log\left(\mathrm{Jacov}\right) + \mathrm{Fisher}},ZiCo Jacob_fro Jacov Log Fisher Add Div Sub <EOS>,(ZiCo - (Jacob_fro / (log(Jacov) + Fisher))),0.882500000,0.921700000,23,8,5,2194,run_monash_time_unique1000,6,8,TIME__Coastal_T_S__20T/seed_2194/run_monash_time_unique1000/visualizations/archive_latex.tex
371,0.572528883,0.882500000,\mathrm{Snip} - \left(\mathrm{Snip} + \mathrm{Jacov}\right) \cdot \left(\mathrm{Snip}\right),Snip Snip Jacov Add Snip Mul Sub <EOS>,(Snip - ((Snip + Jacov) * Snip)),0.882500000,0.862300000,49,7,4,2287,run_monash_time_unique1000,6,1,TIME__Coastal_T_S__20T/seed_2287/run_monash_time_unique1000/visualizations/archive_latex.tex
372,0.571373556,0.882500000,\frac{\left(\log\left(\mathrm{Jacov}\right) + \log\left(\mathrm{plain}\right)\right)^2}{\mathrm{JacobFro}},Jacov Log plain Log Add Square Jacob_fro Div <EOS>,(square((log(Jacov) + log(plain))) / Jacob_fro),0.882500000,0.912500000,116,8,5,2042,run_monash_time_unique1000,8,1,TIME__Coastal_T_S__20T/seed_2042/run_monash_time_unique1000/visualizations/archive_latex.tex
373,0.570218228,0.882500000,\frac{\log\left(\left(-\mathrm{plain}\right) \cdot \left(\mathrm{Jacov}\right)\right)}{\sqrt{\mathrm{JacobFro}}},plain Negative Jacov Mul Log Jacob_fro Sqrt Div <EOS>,(log((-(plain) * Jacov)) / sqrt(Jacob_fro)),0.882500000,0.912500000,33,8,5,2295,run_monash_time_unique1000,8,1,TIME__Coastal_T_S__20T/seed_2295/run_monash_time_unique1000/visualizations/archive_latex.tex
374,0.569062901,0.882500000,\frac{-\sqrt{\mathrm{JacobFro}}}{\log\left(\left(\mathrm{plain}\right) \cdot \left(\mathrm{Jacov}\right)\right)},Jacob_fro Sqrt Negative plain Jacov Mul Log Div <EOS>,(-(sqrt(Jacob_fro)) / log((plain * Jacov))),0.882500000,0.912500000,27,8,4,2222,run_monash_time_unique1000,10,1,TIME__Coastal_T_S__20T/seed_2222/run_monash_time_unique1000/visualizations/archive_latex.tex
375,0.567907574,0.882400000,\mathrm{ZiCo} - \log\left(\frac{\mathrm{JacobFro} - \mathrm{plain}}{\log\left(\mathrm{Jacov}\right)}\right),ZiCo Jacob_fro plain Sub Jacov Log Div Log Sub <EOS>,(ZiCo - log(((Jacob_fro - plain) / log(Jacov)))),0.882400000,0.925700000,41,9,5,2122,run_monash_time_unique1000,4,3,TIME__Coastal_T_S__20T/seed_2122/run_monash_time_unique1000/visualizations/archive_latex.tex
376,0.566752246,0.882400000,\log\left(\mathrm{Fisher}\right) - \frac{\mathrm{JacobFro}}{\log\left(\sqrt{\mathrm{Jacov}}\right)},Fisher Log Jacob_fro Jacov Sqrt Log Div Sub <EOS>,(log(Fisher) - (Jacob_fro / log(sqrt(Jacov)))),0.882400000,0.916700000,183,8,5,2093,run_monash_time_unique1000,9,1,TIME__Coastal_T_S__20T/seed_2093/run_monash_time_unique1000/visualizations/archive_latex.tex
377,0.565596919,0.882400000,\frac{\log\left(\mathrm{Jacov}\right) + \sqrt{\mathrm{Fisher}}}{\mathrm{JacobFro} - \mathrm{Fisher}},Jacov Log Fisher Sqrt Add Jacob_fro Fisher Sub Div <EOS>,((log(Jacov) + sqrt(Fisher)) / (Jacob_fro - Fisher)),0.882400000,0.921400000,189,9,4,2237,run_monash_time_unique1000,10,1,TIME__Coastal_T_S__20T/seed_2237/run_monash_time_unique1000/visualizations/archive_latex.tex
378,0.564441592,0.882300000,\frac{\log\left(\mathrm{Jacov} + \mathrm{JacobFro}\right)}{\mathrm{JacobFro} - \mathrm{plain}},Jacov Jacob_fro Add Log Jacob_fro plain Sub Div <EOS>,(log((Jacov + Jacob_fro)) / (Jacob_fro - plain)),0.882300000,0.919500000,71,8,4,2209,run_monash_time_unique1000,2,20,TIME__Coastal_T_S__20T/seed_2209/run_monash_time_unique1000/visualizations/archive_latex.tex
379,0.563286264,0.882300000,\frac{\log\left(\mathrm{L2Norm} + \mathrm{Jacov}\right) + \mathrm{plain}}{\left(\mathrm{JacobFro}\right)^2},L2-Norm Jacov Add Log plain Add Jacob_fro Square Div <EOS>,((log((L2-Norm + Jacov)) + plain) / square(Jacob_fro)),0.882300000,0.928200000,67,9,5,2209,run_monash_time_unique1000,3,20,TIME__Coastal_T_S__20T/seed_2209/run_monash_time_unique1000/visualizations/archive_latex.tex
380,0.562130937,0.882300000,\frac{\mathrm{plain} - \mathrm{JacobFro}}{\log\left(\mathrm{JacobFro} + \mathrm{Jacov}\right)},plain Jacob_fro Sub Jacob_fro Jacov Add Log Div <EOS>,((plain - Jacob_fro) / log((Jacob_fro + Jacov))),0.882300000,0.919500000,169,8,4,2032,run_monash_time_unique1000,4,8,TIME__Coastal_T_S__20T/seed_2032/run_monash_time_unique1000/visualizations/archive_latex.tex
381,0.560975610,0.882300000,\frac{\log\left(\mathrm{Jacov} + \mathrm{L2Norm}\right) + \mathrm{plain}}{\left(\mathrm{JacobFro}\right)^2},Jacov L2-Norm Add Log plain Add Jacob_fro Square Div <EOS>,((log((Jacov + L2-Norm)) + plain) / square(Jacob_fro)),0.882300000,0.928200000,194,9,5,2059,run_monash_time_unique1000,4,15,TIME__Coastal_T_S__20T/seed_2059/run_monash_time_unique1000/visualizations/archive_latex.tex
382,0.559820282,0.882300000,\frac{\log\left(\mathrm{JacobFro} + \mathrm{Jacov}\right)}{\mathrm{JacobFro} - \mathrm{plain}},Jacob_fro Jacov Add Log Jacob_fro plain Sub Div <EOS>,(log((Jacob_fro + Jacov)) / (Jacob_fro - plain)),0.882300000,0.919500000,164,8,4,2061,run_monash_time_unique1000,4,30,TIME__Coastal_T_S__20T/seed_2061/run_monash_time_unique1000/visualizations/archive_latex.tex
383,0.558664955,0.882300000,\mathrm{ZiCo} - \frac{\mathrm{JacobFro} - \left(\mathrm{plain}\right)^2}{\log\left(\mathrm{Jacov}\right)},ZiCo Jacob_fro plain Square Sub Jacov Log Div Sub <EOS>,(ZiCo - ((Jacob_fro - square(plain)) / log(Jacov))),0.882300000,0.926300000,45,9,5,2140,run_monash_time_unique1000,4,10,TIME__Coastal_T_S__20T/seed_2140/run_monash_time_unique1000/visualizations/archive_latex.tex
384,0.557509628,0.882300000,\frac{\mathrm{plain} + \log\left(\mathrm{L2Norm} + \mathrm{Jacov}\right)}{\left(\mathrm{JacobFro}\right)^2},plain L2-Norm Jacov Add Log Add Jacob_fro Square Div <EOS>,((plain + log((L2-Norm + Jacov))) / square(Jacob_fro)),0.882300000,0.928200000,42,9,5,2061,run_monash_time_unique1000,5,14,TIME__Coastal_T_S__20T/seed_2061/run_monash_time_unique1000/visualizations/archive_latex.tex
385,0.556354300,0.882300000,\frac{\mathrm{plain} + \log\left(\mathrm{Jacov} + \mathrm{L2Norm}\right)}{\left(\mathrm{JacobFro}\right)^2},plain Jacov L2-Norm Add Log Add Jacob_fro Square Div <EOS>,((plain + log((Jacov + L2-Norm))) / square(Jacob_fro)),0.882300000,0.928200000,178,9,5,2124,run_monash_time_unique1000,5,25,TIME__Coastal_T_S__20T/seed_2124/run_monash_time_unique1000/visualizations/archive_latex.tex
386,0.555198973,0.882300000,\frac{\mathrm{plain} - \mathrm{JacobFro}}{\log\left(\mathrm{Jacov} + \mathrm{JacobFro}\right)},plain Jacob_fro Sub Jacov Jacob_fro Add Log Div <EOS>,((plain - Jacob_fro) / log((Jacov + Jacob_fro))),0.882300000,0.919500000,80,8,4,2165,run_monash_time_unique1000,5,9,TIME__Coastal_T_S__20T/seed_2165/run_monash_time_unique1000/visualizations/archive_latex.tex
387,0.554043646,0.882300000,\frac{\sqrt{\log\left(\mathrm{L2Norm} + \mathrm{Jacov}\right) + \mathrm{plain}}}{\mathrm{JacobFro}},L2-Norm Jacov Add Log plain Add Sqrt Jacob_fro Div <EOS>,(sqrt((log((L2-Norm + Jacov)) + plain)) / Jacob_fro),0.882300000,0.928200000,129,9,6,2086,run_monash_time_unique1000,6,12,TIME__Coastal_T_S__20T/seed_2086/run_monash_time_unique1000/visualizations/archive_latex.tex
388,0.552888318,0.882300000,\frac{\sqrt{\mathrm{plain} + \log\left(\mathrm{L2Norm} + \mathrm{Jacov}\right)}}{\mathrm{JacobFro}},plain L2-Norm Jacov Add Log Add Sqrt Jacob_fro Div <EOS>,(sqrt((plain + log((L2-Norm + Jacov)))) / Jacob_fro),0.882300000,0.928200000,62,9,6,2231,run_monash_time_unique1000,6,9,TIME__Coastal_T_S__20T/seed_2231/run_monash_time_unique1000/visualizations/archive_latex.tex
389,0.551732991,0.882300000,\frac{\sqrt{\mathrm{plain} + \log\left(\mathrm{Jacov} + \mathrm{L2Norm}\right)}}{\mathrm{JacobFro}},plain Jacov L2-Norm Add Log Add Sqrt Jacob_fro Div <EOS>,(sqrt((plain + log((Jacov + L2-Norm)))) / Jacob_fro),0.882300000,0.928200000,69,9,6,2137,run_monash_time_unique1000,7,7,TIME__Coastal_T_S__20T/seed_2137/run_monash_time_unique1000/visualizations/archive_latex.tex
390,0.550577664,0.882300000,\frac{\sqrt{\log\left(\mathrm{Jacov} + \mathrm{L2Norm}\right) + \mathrm{plain}}}{\mathrm{JacobFro}},Jacov L2-Norm Add Log plain Add Sqrt Jacob_fro Div <EOS>,(sqrt((log((Jacov + L2-Norm)) + plain)) / Jacob_fro),0.882300000,0.928200000,70,9,6,2239,run_monash_time_unique1000,7,4,TIME__Coastal_T_S__20T/seed_2239/run_monash_time_unique1000/visualizations/archive_latex.tex
391,0.549422336,0.882200000,\frac{\mathrm{plain} - \frac{\mathrm{JacobFro}}{\log\left(\mathrm{Jacov}\right)}}{\sqrt{\mathrm{JacobFro}}},plain Jacob_fro Jacov Log Div Sub Jacob_fro Sqrt Div <EOS>,((plain - (Jacob_fro / log(Jacov))) / sqrt(Jacob_fro)),0.882200000,0.916300000,86,9,5,2136,run_monash_time_unique1000,3,1,TIME__Coastal_T_S__20T/seed_2136/run_monash_time_unique1000/visualizations/archive_latex.tex
392,0.548267009,0.882200000,\frac{\mathrm{plain} + \log\left(\mathrm{Jacov}\right)}{\log\left(\mathrm{JacobFro}\right) - \mathrm{ZiCo}},plain Jacov Log Add Jacob_fro Log ZiCo Sub Div <EOS>,((plain + log(Jacov)) / (log(Jacob_fro) - ZiCo)),0.882200000,0.914400000,34,9,4,2262,run_monash_time_unique1000,6,1,TIME__Coastal_T_S__20T/seed_2262/run_monash_time_unique1000/visualizations/archive_latex.tex
393,0.547111682,0.882100000,\mathrm{ZiCo} + \log\left(\frac{\mathrm{plain} + \log\left(\mathrm{Jacov}\right)}{\mathrm{JacobFro}}\right),ZiCo plain Jacov Log Add Jacob_fro Div Log Add <EOS>,(ZiCo + log(((plain + log(Jacov)) / Jacob_fro))),0.882100000,0.928100000,189,9,6,2106,run_monash_time_unique1000,2,6,TIME__Coastal_T_S__20T/seed_2106/run_monash_time_unique1000/visualizations/archive_latex.tex
394,0.545956354,0.882100000,\mathrm{ZiCo} - \log\left(\frac{\mathrm{JacobFro}}{\mathrm{plain} + \log\left(\mathrm{Jacov}\right)}\right),ZiCo Jacob_fro plain Jacov Log Add Div Log Sub <EOS>,(ZiCo - log((Jacob_fro / (plain + log(Jacov))))),0.882100000,0.928100000,118,9,6,2180,run_monash_time_unique1000,2,14,TIME__Coastal_T_S__20T/seed_2180/run_monash_time_unique1000/visualizations/archive_latex.tex
395,0.544801027,0.882100000,\mathrm{ZiCo} + \log\left(\frac{\log\left(\mathrm{Jacov}\right) + \mathrm{plain}}{\mathrm{JacobFro}}\right),ZiCo Jacov Log plain Add Jacob_fro Div Log Add <EOS>,(ZiCo + log(((log(Jacov) + plain) / Jacob_fro))),0.882100000,0.928100000,136,9,6,2235,run_monash_time_unique1000,3,5,TIME__Coastal_T_S__20T/seed_2235/run_monash_time_unique1000/visualizations/archive_latex.tex
396,0.543645700,0.882100000,\mathrm{ZiCo} - \log\left(\frac{\mathrm{JacobFro}}{\log\left(\mathrm{Jacov}\right) + \mathrm{plain}}\right),ZiCo Jacob_fro Jacov Log plain Add Div Log Sub <EOS>,(ZiCo - log((Jacob_fro / (log(Jacov) + plain)))),0.882100000,0.928100000,70,9,6,2288,run_monash_time_unique1000,4,20,TIME__Coastal_T_S__20T/seed_2288/run_monash_time_unique1000/visualizations/archive_latex.tex
397,0.542490372,0.882100000,\frac{\log\left(\mathrm{Jacov}\right) + \mathrm{plain}}{\sqrt{\mathrm{JacobFro} - \mathrm{Fisher}}},Jacov Log plain Add Jacob_fro Fisher Sub Sqrt Div <EOS>,((log(Jacov) + plain) / sqrt((Jacob_fro - Fisher))),0.882100000,0.919200000,186,9,4,2087,run_monash_time_unique1000,5,1,TIME__Coastal_T_S__20T/seed_2087/run_monash_time_unique1000/visualizations/archive_latex.tex
398,0.541335045,0.882100000,\left(\frac{\mathrm{Snip}}{\mathrm{Jacov}}\right) \cdot \left(\mathrm{GradNorm}\right) + \mathrm{GradNorm},Snip Jacov Div Grad_Norm Mul Grad_Norm Add <EOS>,(((Snip / Jacov) * Grad_Norm) + Grad_Norm),0.882100000,0.886100000,130,7,4,2280,run_monash_time_unique1000,5,1,TIME__Coastal_T_S__20T/seed_2280/run_monash_time_unique1000/visualizations/archive_latex.tex
399,0.540179718,0.882100000,\log\left(\frac{\log\left(\mathrm{Jacov}\right) + \mathrm{plain}}{\mathrm{JacobFro}}\right) + \mathrm{ZiCo},Jacov Log plain Add Jacob_fro Div Log ZiCo Add <EOS>,(log(((log(Jacov) + plain) / Jacob_fro)) + ZiCo),0.882100000,0.928100000,154,9,6,2046,run_monash_time_unique1000,6,12,TIME__Coastal_T_S__20T/seed_2046/run_monash_time_unique1000/visualizations/archive_latex.tex
400,0.539024390,0.882100000,\left(\mathrm{Jacov} + \mathrm{Snip}\right) \cdot \left(\frac{\mathrm{GradNorm}}{\mathrm{Jacov}}\right),Jacov Snip Add Grad_Norm Jacov Div Mul <EOS>,((Jacov + Snip) * (Grad_Norm / Jacov)),0.882100000,0.886100000,30,7,3,2138,run_monash_time_unique1000,6,1,TIME__Coastal_T_S__20T/seed_2138/run_monash_time_unique1000/visualizations/archive_latex.tex
401,0.537869063,0.882100000,\frac{\mathrm{GradNorm}}{\frac{\mathrm{Jacov}}{\mathrm{Jacov} - -\mathrm{Snip}}},Grad_Norm Jacov Jacov Snip Negative Sub Div Div <EOS>,(Grad_Norm / (Jacov / (Jacov - -(Snip)))),0.882100000,0.886100000,132,8,5,2205,run_monash_time_unique1000,6,1,TIME__Coastal_T_S__20T/seed_2205/run_monash_time_unique1000/visualizations/archive_latex.tex
402,0.536713736,0.882100000,\log\left(\mathrm{ZiCo}\right) - \frac{\mathrm{JacobFro}}{\log\left(\left(\mathrm{Jacov}\right) \cdot \left(\mathrm{plain}\right)\right)},ZiCo Log Jacob_fro Jacov plain Mul Log Div Sub <EOS>,(log(ZiCo) - (Jacob_fro / log((Jacov * plain)))),0.882100000,0.927400000,76,9,5,2264,run_monash_time_unique1000,6,4,TIME__Coastal_T_S__20T/seed_2264/run_monash_time_unique1000/visualizations/archive_latex.tex
403,0.535558408,0.882100000,\left(\mathrm{GradNorm}\right) \cdot \left(\frac{\mathrm{Jacov} + \mathrm{Snip}}{\mathrm{Jacov}}\right),Grad_Norm Jacov Snip Add Jacov Div Mul <EOS>,(Grad_Norm * ((Jacov + Snip) / Jacov)),0.882100000,0.886100000,141,7,4,2117,run_monash_time_unique1000,7,1,TIME__Coastal_T_S__20T/seed_2117/run_monash_time_unique1000/visualizations/archive_latex.tex
404,0.534403081,0.882100000,\frac{\left(\log\left(\mathrm{Jacov}\right) + \mathrm{plain}\right)^2}{\mathrm{JacobFro} - \mathrm{Fisher}},Jacov Log plain Add Square Jacob_fro Fisher Sub Div <EOS>,(square((log(Jacov) + plain)) / (Jacob_fro - Fisher)),0.882100000,0.919200000,83,9,5,2170,run_monash_time_unique1000,7,2,TIME__Coastal_T_S__20T/seed_2170/run_monash_time_unique1000/visualizations/archive_latex.tex
405,0.533247754,0.882100000,\log\left(\frac{\mathrm{plain} + \log\left(\mathrm{Jacov}\right)}{\mathrm{JacobFro}}\right) + \mathrm{ZiCo},plain Jacov Log Add Jacob_fro Div Log ZiCo Add <EOS>,(log(((plain + log(Jacov)) / Jacob_fro)) + ZiCo),0.882100000,0.928100000,34,9,6,2221,run_monash_time_unique1000,7,10,TIME__Coastal_T_S__20T/seed_2221/run_monash_time_unique1000/visualizations/archive_latex.tex
406,0.532092426,0.882100000,\log\left(\sqrt{\mathrm{GradNorm}}\right) - \frac{\mathrm{JacobFro}}{\log\left(\mathrm{Jacov}\right)},Grad_Norm Sqrt Log Jacob_fro Jacov Log Div Sub <EOS>,(log(sqrt(Grad_Norm)) - (Jacob_fro / log(Jacov))),0.882100000,0.913600000,176,8,4,2250,run_monash_time_unique1000,7,2,TIME__Coastal_T_S__20T/seed_2250/run_monash_time_unique1000/visualizations/archive_latex.tex
407,0.530937099,0.882100000,\frac{\mathrm{ZiCo}}{\frac{\mathrm{JacobFro}}{\log\left(\mathrm{Jacov}\right)} - \sqrt{\mathrm{Fisher}}},ZiCo Jacob_fro Jacov Log Div Fisher Sqrt Sub Div <EOS>,(ZiCo / ((Jacob_fro / log(Jacov)) - sqrt(Fisher))),0.882100000,0.924500000,54,9,5,2060,run_monash_time_unique1000,8,2,TIME__Coastal_T_S__20T/seed_2060/run_monash_time_unique1000/visualizations/archive_latex.tex
408,0.529781772,0.882100000,\mathrm{Fisher} - \frac{\mathrm{JacobFro} - \mathrm{plain}}{\sqrt{\mathrm{Jacov}}},Fisher Jacob_fro plain Sub Jacov Sqrt Div Sub <EOS>,(Fisher - ((Jacob_fro - plain) / sqrt(Jacov))),0.882100000,0.910200000,75,8,4,2084,run_monash_time_unique1000,9,1,TIME__Coastal_T_S__20T/seed_2084/run_monash_time_unique1000/visualizations/archive_latex.tex
409,0.528626444,0.882100000,\frac{\mathrm{plain} + \log\left(\mathrm{Jacov}\right)}{\sqrt{\mathrm{JacobFro} - \mathrm{Fisher}}},plain Jacov Log Add Jacob_fro Fisher Sub Sqrt Div <EOS>,((plain + log(Jacov)) / sqrt((Jacob_fro - Fisher))),0.882100000,0.919200000,196,9,4,2268,run_monash_time_unique1000,9,1,TIME__Coastal_T_S__20T/seed_2268/run_monash_time_unique1000/visualizations/archive_latex.tex
410,0.527471117,0.882100000,\frac{\log\left(\log\left(\frac{\mathrm{Jacov}}{\mathrm{JacobFro}}\right) + \mathrm{plain}\right)}{\mathrm{JacobFro}},Jacov Jacob_fro Div Log plain Add Log Jacob_fro Div <EOS>,(log((log((Jacov / Jacob_fro)) + plain)) / Jacob_fro),0.882100000,0.919500000,106,9,6,2276,run_monash_time_unique1000,9,1,TIME__Coastal_T_S__20T/seed_2276/run_monash_time_unique1000/visualizations/archive_latex.tex
411,0.526315789,0.882100000,\frac{\mathrm{plain} - \mathrm{JacobFro}}{\sqrt{\mathrm{Jacov}}} + \mathrm{Fisher},plain Jacob_fro Sub Jacov Sqrt Div Fisher Add <EOS>,(((plain - Jacob_fro) / sqrt(Jacov)) + Fisher),0.882100000,0.910200000,67,8,4,2179,run_monash_time_unique1000,10,1,TIME__Coastal_T_S__20T/seed_2179/run_monash_time_unique1000/visualizations/archive_latex.tex
412,0.525160462,0.882100000,\frac{\log\left(\mathrm{plain} + \log\left(\frac{\mathrm{Jacov}}{\mathrm{JacobFro}}\right)\right)}{\mathrm{JacobFro}},plain Jacov Jacob_fro Div Log Add Log Jacob_fro Div <EOS>,(log((plain + log((Jacov / Jacob_fro)))) / Jacob_fro),0.882100000,0.919500000,49,9,6,2266,run_monash_time_unique1000,10,1,TIME__Coastal_T_S__20T/seed_2266/run_monash_time_unique1000/visualizations/archive_latex.tex
413,0.524005135,0.882000000,\frac{\log\left(\mathrm{Jacov}\right)}{\frac{\mathrm{JacobFro} - \left(\mathrm{plain}\right)^2}{\mathrm{ZiCo}}},Jacov Log Jacob_fro plain Square Sub ZiCo Div Div <EOS>,(log(Jacov) / ((Jacob_fro - square(plain)) / ZiCo)),0.882000000,0.929000000,47,9,5,2224,run_monash_time_unique1000,1,7,TIME__Coastal_T_S__20T/seed_2224/run_monash_time_unique1000/visualizations/archive_latex.tex
414,0.522849807,0.882000000,\log\left(\mathrm{Jacov}\right) + \left(\mathrm{Fisher}\right)^2 - \sqrt{\mathrm{JacobFro}},Jacov Log Fisher Square Jacob_fro Sqrt Sub Add <EOS>,(log(Jacov) + (square(Fisher) - sqrt(Jacob_fro))),0.882000000,0.917900000,20,8,4,2294,run_monash_time_unique1000,1,1,TIME__Coastal_T_S__20T/seed_2294/run_monash_time_unique1000/visualizations/archive_latex.tex
415,0.521694480,0.882000000,\frac{\log\left(\left(\mathrm{Jacov}\right) \cdot \left(\mathrm{ZiCo}\right)\right)}{\mathrm{JacobFro} - \left(\mathrm{plain}\right)^2},Jacov ZiCo Mul Log Jacob_fro plain Square Sub Div <EOS>,(log((Jacov * ZiCo)) / (Jacob_fro - square(plain))),0.882000000,0.923500000,30,9,4,2233,run_monash_time_unique1000,4,3,TIME__Coastal_T_S__20T/seed_2233/run_monash_time_unique1000/visualizations/archive_latex.tex
416,0.520539153,0.882000000,\left(\mathrm{Fisher}\right)^2 + \log\left(\mathrm{Jacov}\right) - \sqrt{\mathrm{JacobFro}},Fisher Square Jacov Log Jacob_fro Sqrt Sub Add <EOS>,(square(Fisher) + (log(Jacov) - sqrt(Jacob_fro))),0.882000000,0.917900000,19,8,4,2235,run_monash_time_unique1000,4,1,TIME__Coastal_T_S__20T/seed_2235/run_monash_time_unique1000/visualizations/archive_latex.tex
417,0.519383825,0.882000000,\frac{\mathrm{ZiCo}}{\frac{\mathrm{JacobFro} - \left(\mathrm{plain}\right)^2}{\log\left(\mathrm{Jacov}\right)}},ZiCo Jacob_fro plain Square Sub Jacov Log Div Div <EOS>,(ZiCo / ((Jacob_fro - square(plain)) / log(Jacov))),0.882000000,0.929000000,42,9,5,2140,run_monash_time_unique1000,5,7,TIME__Coastal_T_S__20T/seed_2140/run_monash_time_unique1000/visualizations/archive_latex.tex
418,0.518228498,0.882000000,\frac{\frac{\left(\mathrm{plain}\right)^2 - \mathrm{JacobFro}}{\mathrm{ZiCo}}}{\log\left(\mathrm{Jacov}\right)},plain Square Jacob_fro Sub ZiCo Div Jacov Log Div <EOS>,(((square(plain) - Jacob_fro) / ZiCo) / log(Jacov)),0.882000000,0.929000000,96,9,5,2255,run_monash_time_unique1000,5,4,TIME__Coastal_T_S__20T/seed_2255/run_monash_time_unique1000/visualizations/archive_latex.tex
419,0.517073171,0.882000000,\left(\frac{\log\left(\mathrm{Jacov}\right)}{\mathrm{JacobFro} - \left(\mathrm{plain}\right)^2}\right) \cdot \left(\mathrm{ZiCo}\right),Jacov Log Jacob_fro plain Square Sub Div ZiCo Mul <EOS>,((log(Jacov) / (Jacob_fro - square(plain))) * ZiCo),0.882000000,0.929000000,115,9,5,2037,run_monash_time_unique1000,6,5,TIME__Coastal_T_S__20T/seed_2037/run_monash_time_unique1000/visualizations/archive_latex.tex
420,0.515917843,0.882000000,\frac{\left(\log\left(\mathrm{Jacov}\right)\right) \cdot \left(\mathrm{ZiCo}\right)}{\mathrm{JacobFro} - \left(\mathrm{plain}\right)^2},Jacov Log ZiCo Mul Jacob_fro plain Square Sub Div <EOS>,((log(Jacov) * ZiCo) / (Jacob_fro - square(plain))),0.882000000,0.929000000,147,9,4,2160,run_monash_time_unique1000,6,14,TIME__Coastal_T_S__20T/seed_2160/run_monash_time_unique1000/visualizations/archive_latex.tex
421,0.514762516,0.882000000,\frac{\left(\mathrm{ZiCo}\right) \cdot \left(\log\left(\mathrm{Jacov}\right)\right)}{\mathrm{JacobFro} - \left(\mathrm{plain}\right)^2},ZiCo Jacov Log Mul Jacob_fro plain Square Sub Div <EOS>,((ZiCo * log(Jacov)) / (Jacob_fro - square(plain))),0.882000000,0.929000000,41,9,4,2161,run_monash_time_unique1000,6,14,TIME__Coastal_T_S__20T/seed_2161/run_monash_time_unique1000/visualizations/archive_latex.tex
422,0.513607189,0.882000000,\frac{\left(\mathrm{plain}\right)^2 - \mathrm{JacobFro}}{\left(\log\left(\mathrm{Jacov}\right)\right) \cdot \left(\mathrm{ZiCo}\right)},plain Square Jacob_fro Sub Jacov Log ZiCo Mul Div <EOS>,((square(plain) - Jacob_fro) / (log(Jacov) * ZiCo)),0.882000000,0.929000000,78,9,4,2216,run_monash_time_unique1000,6,6,TIME__Coastal_T_S__20T/seed_2216/run_monash_time_unique1000/visualizations/archive_latex.tex
423,0.512451861,0.882000000,\frac{\frac{\left(\mathrm{plain}\right)^2 - \mathrm{JacobFro}}{\log\left(\mathrm{Jacov}\right)}}{\mathrm{ZiCo}},plain Square Jacob_fro Sub Jacov Log Div ZiCo Div <EOS>,(((square(plain) - Jacob_fro) / log(Jacov)) / ZiCo),0.882000000,0.929000000,98,9,5,2283,run_monash_time_unique1000,6,2,TIME__Coastal_T_S__20T/seed_2283/run_monash_time_unique1000/visualizations/archive_latex.tex
424,0.511296534,0.882000000,\left(\mathrm{ZiCo}\right) \cdot \left(\frac{\log\left(\mathrm{Jacov}\right)}{\mathrm{JacobFro} - \left(\mathrm{plain}\right)^2}\right),ZiCo Jacov Log Jacob_fro plain Square Sub Div Mul <EOS>,(ZiCo * (log(Jacov) / (Jacob_fro - square(plain)))),0.882000000,0.929000000,141,9,5,2304,run_monash_time_unique1000,6,2,TIME__Coastal_T_S__20T/seed_2304/run_monash_time_unique1000/visualizations/archive_latex.tex
425,0.510141207,0.882000000,\frac{\left(\mathrm{plain}\right)^2 - \mathrm{JacobFro}}{\left(\mathrm{ZiCo}\right) \cdot \left(\log\left(\mathrm{Jacov}\right)\right)},plain Square Jacob_fro Sub ZiCo Jacov Log Mul Div <EOS>,((square(plain) - Jacob_fro) / (ZiCo * log(Jacov))),0.882000000,0.929000000,102,9,4,2323,run_monash_time_unique1000,6,3,TIME__Coastal_T_S__20T/seed_2323/run_monash_time_unique1000/visualizations/archive_latex.tex
426,0.508985879,0.882000000,\mathrm{plain} - \frac{\mathrm{JacobFro}}{\sqrt{\mathrm{Jacov}} - \mathrm{MParams}},plain Jacob_fro Jacov Sqrt MParams Sub Div Sub <EOS>,(plain - (Jacob_fro / (sqrt(Jacov) - MParams))),0.882000000,0.915900000,135,8,5,2326,run_monash_time_unique1000,8,1,TIME__Coastal_T_S__20T/seed_2326/run_monash_time_unique1000/visualizations/archive_latex.tex
427,0.507830552,0.882000000,\left(\mathrm{Snip}\right) \cdot \left(\log\left(\mathrm{GradNorm}\right) - \mathrm{Snip} - \mathrm{Jacov}\right),Snip Grad_Norm Log Snip Sub Jacov Sub Mul <EOS>,(Snip * ((log(Grad_Norm) - Snip) - Jacov)),0.882000000,0.862500000,156,8,5,2302,run_monash_time_unique1000,9,1,TIME__Coastal_T_S__20T/seed_2302/run_monash_time_unique1000/visualizations/archive_latex.tex
428,0.506675225,0.882000000,\sqrt{\mathrm{ZiCo}} - \frac{\mathrm{JacobFro}}{\log\left(\left(\mathrm{Fisher}\right) \cdot \left(\mathrm{Jacov}\right)\right)},ZiCo Sqrt Jacob_fro Fisher Jacov Mul Log Div Sub <EOS>,(sqrt(ZiCo) - (Jacob_fro / log((Fisher * Jacov)))),0.882000000,0.916000000,26,9,5,2164,run_monash_time_unique1000,10,1,TIME__Coastal_T_S__20T/seed_2164/run_monash_time_unique1000/visualizations/archive_latex.tex
429,0.505519897,0.882000000,\sqrt{\mathrm{ZiCo}} - \frac{\mathrm{JacobFro}}{\log\left(\left(\mathrm{Jacov}\right) \cdot \left(\mathrm{Fisher}\right)\right)},ZiCo Sqrt Jacob_fro Jacov Fisher Mul Log Div Sub <EOS>,(sqrt(ZiCo) - (Jacob_fro / log((Jacov * Fisher)))),0.882000000,0.916000000,32,9,5,2187,run_monash_time_unique1000,10,1,TIME__Coastal_T_S__20T/seed_2187/run_monash_time_unique1000/visualizations/archive_latex.tex
430,0.504364570,0.881900000,\frac{\mathrm{ZiCo}}{\frac{\sqrt{\mathrm{JacobFro}}}{\mathrm{plain} + \log\left(\mathrm{Jacov}\right)}},ZiCo Jacob_fro Sqrt plain Jacov Log Add Div Div <EOS>,(ZiCo / (sqrt(Jacob_fro) / (plain + log(Jacov)))),0.881900000,0.923300000,31,9,5,2180,run_monash_time_unique1000,3,4,TIME__Coastal_T_S__20T/seed_2180/run_monash_time_unique1000/visualizations/archive_latex.tex
431,0.503209243,0.881900000,\frac{\log\left(\mathrm{Jacov}\right) + \mathrm{plain}}{\frac{\sqrt{\mathrm{JacobFro}}}{\mathrm{ZiCo}}},Jacov Log plain Add Jacob_fro Sqrt ZiCo Div Div <EOS>,((log(Jacov) + plain) / (sqrt(Jacob_fro) / ZiCo)),0.881900000,0.923300000,36,9,4,2041,run_monash_time_unique1000,4,27,TIME__Coastal_T_S__20T/seed_2041/run_monash_time_unique1000/visualizations/archive_latex.tex
432,0.502053915,0.881900000,\mathrm{ZiCo} - \frac{\mathrm{JacobFro}}{\mathrm{plain} + \log\left(\left(\mathrm{Jacov}\right)^2\right)},ZiCo Jacob_fro plain Jacov Square Log Add Div Sub <EOS>,(ZiCo - (Jacob_fro / (plain + log(square(Jacov))))),0.881900000,0.927800000,71,9,6,2058,run_monash_time_unique1000,4,11,TIME__Coastal_T_S__20T/seed_2058/run_monash_time_unique1000/visualizations/archive_latex.tex
433,0.500898588,0.881900000,\mathrm{ZiCo} - \frac{\mathrm{JacobFro}}{\log\left(\left(\mathrm{Jacov}\right)^2\right) + \mathrm{plain}},ZiCo Jacob_fro Jacov Square Log plain Add Div Sub <EOS>,(ZiCo - (Jacob_fro / (log(square(Jacov)) + plain))),0.881900000,0.927800000,167,9,6,2077,run_monash_time_unique1000,4,20,TIME__Coastal_T_S__20T/seed_2077/run_monash_time_unique1000/visualizations/archive_latex.tex
434,0.499743261,0.881900000,\left(\mathrm{Fisher}\right) \cdot \left(\mathrm{ZiCo}\right) - \frac{\mathrm{JacobFro}}{\log\left(\mathrm{Jacov}\right)},Fisher ZiCo Mul Jacob_fro Jacov Log Div Sub <EOS>,((Fisher * ZiCo) - (Jacob_fro / log(Jacov))),0.881900000,0.919200000,17,8,4,2136,run_monash_time_unique1000,4,3,TIME__Coastal_T_S__20T/seed_2136/run_monash_time_unique1000/visualizations/archive_latex.tex
435,0.498587933,0.881900000,\left(\mathrm{ZiCo}\right) \cdot \left(\mathrm{Fisher}\right) - \frac{\mathrm{JacobFro}}{\log\left(\mathrm{Jacov}\right)},ZiCo Fisher Mul Jacob_fro Jacov Log Div Sub <EOS>,((ZiCo * Fisher) - (Jacob_fro / log(Jacov))),0.881900000,0.919200000,55,8,4,2292,run_monash_time_unique1000,4,4,TIME__Coastal_T_S__20T/seed_2292/run_monash_time_unique1000/visualizations/archive_latex.tex
436,0.497432606,0.881900000,\frac{\mathrm{ZiCo}}{\frac{\sqrt{\mathrm{JacobFro}}}{\log\left(\mathrm{Jacov}\right) + \mathrm{plain}}},ZiCo Jacob_fro Sqrt Jacov Log plain Add Div Div <EOS>,(ZiCo / (sqrt(Jacob_fro) / (log(Jacov) + plain))),0.881900000,0.923300000,32,9,5,2058,run_monash_time_unique1000,5,10,TIME__Coastal_T_S__20T/seed_2058/run_monash_time_unique1000/visualizations/archive_latex.tex
437,0.496277279,0.881900000,\frac{\mathrm{plain} + \log\left(\mathrm{Jacov}\right)}{\frac{\sqrt{\mathrm{JacobFro}}}{\mathrm{ZiCo}}},plain Jacov Log Add Jacob_fro Sqrt ZiCo Div Div <EOS>,((plain + log(Jacov)) / (sqrt(Jacob_fro) / ZiCo)),0.881900000,0.923300000,67,9,4,2071,run_monash_time_unique1000,5,18,TIME__Coastal_T_S__20T/seed_2071/run_monash_time_unique1000/visualizations/archive_latex.tex
438,0.495121951,0.881900000,\frac{\left(\sqrt{\mathrm{ZiCo}}\right) \cdot \left(\mathrm{Fisher} + \log\left(\mathrm{Jacov}\right)\right)}{\mathrm{JacobFro}},ZiCo Sqrt Fisher Jacov Log Add Mul Jacob_fro Div <EOS>,((sqrt(ZiCo) * (Fisher + log(Jacov))) / Jacob_fro),0.881900000,0.926600000,188,9,5,2135,run_monash_time_unique1000,5,3,TIME__Coastal_T_S__20T/seed_2135/run_monash_time_unique1000/visualizations/archive_latex.tex
439,0.493966624,0.881900000,\frac{\log\left(\left(\mathrm{ZiCo}\right) \cdot \left(\left(\mathrm{Fisher}\right) \cdot \left(\mathrm{Jacov}\right)\right)\right)}{\mathrm{JacobFro}},ZiCo Fisher Jacov Mul Mul Log Jacob_fro Div <EOS>,(log((ZiCo * (Fisher * Jacov))) / Jacob_fro),0.881900000,0.912200000,100,8,5,2207,run_monash_time_unique1000,5,1,TIME__Coastal_T_S__20T/seed_2207/run_monash_time_unique1000/visualizations/archive_latex.tex
440,0.492811297,0.881900000,\left(\sqrt{\mathrm{ZiCo}}\right) \cdot \left(\frac{\log\left(\mathrm{Jacov}\right) + \mathrm{Fisher}}{\mathrm{JacobFro}}\right),ZiCo Sqrt Jacov Log Fisher Add Jacob_fro Div Mul <EOS>,(sqrt(ZiCo) * ((log(Jacov) + Fisher) / Jacob_fro)),0.881900000,0.926600000,189,9,5,2235,run_monash_time_unique1000,5,2,TIME__Coastal_T_S__20T/seed_2235/run_monash_time_unique1000/visualizations/archive_latex.tex
441,0.491655969,0.881900000,\frac{\mathrm{Fisher} + \log\left(\mathrm{GradNorm} + \mathrm{Jacov}\right)}{\mathrm{JacobFro}},Fisher Grad_Norm Jacov Add Log Add Jacob_fro Div <EOS>,((Fisher + log((Grad_Norm + Jacov))) / Jacob_fro),0.881900000,0.919000000,149,8,5,2029,run_monash_time_unique1000,6,5,TIME__Coastal_T_S__20T/seed_2029/run_monash_time_unique1000/visualizations/archive_latex.tex
442,0.490500642,0.881900000,\left(\frac{\sqrt{\mathrm{ZiCo}}}{\mathrm{JacobFro}}\right) \cdot \left(\log\left(\mathrm{Jacov}\right) + \mathrm{Fisher}\right),ZiCo Sqrt Jacob_fro Div Jacov Log Fisher Add Mul <EOS>,((sqrt(ZiCo) / Jacob_fro) * (log(Jacov) + Fisher)),0.881900000,0.926600000,64,9,4,2031,run_monash_time_unique1000,6,2,TIME__Coastal_T_S__20T/seed_2031/run_monash_time_unique1000/visualizations/archive_latex.tex
443,0.489345315,0.881900000,\left(\mathrm{Fisher} + \log\left(\mathrm{Jacov}\right)\right) \cdot \left(\frac{\sqrt{\mathrm{ZiCo}}}{\mathrm{JacobFro}}\right),Fisher Jacov Log Add ZiCo Sqrt Jacob_fro Div Mul <EOS>,((Fisher + log(Jacov)) * (sqrt(ZiCo) / Jacob_fro)),0.881900000,0.926600000,39,9,4,2072,run_monash_time_unique1000,6,1,TIME__Coastal_T_S__20T/seed_2072/run_monash_time_unique1000/visualizations/archive_latex.tex
444,0.488189987,0.881900000,\frac{\left(\mathrm{Fisher} + \log\left(\mathrm{Jacov}\right)\right) \cdot \left(\sqrt{\mathrm{ZiCo}}\right)}{\mathrm{JacobFro}},Fisher Jacov Log Add ZiCo Sqrt Mul Jacob_fro Div <EOS>,(((Fisher + log(Jacov)) * sqrt(ZiCo)) / Jacob_fro),0.881900000,0.926600000,116,9,5,2088,run_monash_time_unique1000,6,4,TIME__Coastal_T_S__20T/seed_2088/run_monash_time_unique1000/visualizations/archive_latex.tex
445,0.487034660,0.881900000,\frac{\log\left(\mathrm{Snip} + \mathrm{Jacov}\right) + \mathrm{plain}}{\sqrt{\mathrm{JacobFro}}},Snip Jacov Add Log plain Add Jacob_fro Sqrt Div <EOS>,((log((Snip + Jacov)) + plain) / sqrt(Jacob_fro)),0.881900000,0.922500000,108,9,5,2111,run_monash_time_unique1000,6,3,TIME__Coastal_T_S__20T/seed_2111/run_monash_time_unique1000/visualizations/archive_latex.tex
446,0.485879332,0.881900000,\frac{\left(\mathrm{ZiCo}\right) \cdot \left(\mathrm{plain} + \log\left(\mathrm{Jacov}\right)\right)}{\sqrt{\mathrm{JacobFro}}},ZiCo plain Jacov Log Add Mul Jacob_fro Sqrt Div <EOS>,((ZiCo * (plain + log(Jacov))) / sqrt(Jacob_fro)),0.881900000,0.923300000,159,9,5,2135,run_monash_time_unique1000,6,6,TIME__Coastal_T_S__20T/seed_2135/run_monash_time_unique1000/visualizations/archive_latex.tex
447,0.484724005,0.881900000,\frac{\log\left(\mathrm{GradNorm} + \mathrm{Jacov}\right) + \mathrm{Fisher}}{\mathrm{JacobFro}},Grad_Norm Jacov Add Log Fisher Add Jacob_fro Div <EOS>,((log((Grad_Norm + Jacov)) + Fisher) / Jacob_fro),0.881900000,0.919000000,69,8,5,2157,run_monash_time_unique1000,6,4,TIME__Coastal_T_S__20T/seed_2157/run_monash_time_unique1000/visualizations/archive_latex.tex
448,0.483568678,0.881900000,\left(\mathrm{ZiCo}\right) \cdot \left(\frac{\log\left(\mathrm{Jacov}\right) + \mathrm{plain}}{\sqrt{\mathrm{JacobFro}}}\right),ZiCo Jacov Log plain Add Jacob_fro Sqrt Div Mul <EOS>,(ZiCo * ((log(Jacov) + plain) / sqrt(Jacob_fro))),0.881900000,0.923300000,133,9,5,2235,run_monash_time_unique1000,6,2,TIME__Coastal_T_S__20T/seed_2235/run_monash_time_unique1000/visualizations/archive_latex.tex
449,0.482413350,0.881900000,\left(\frac{\mathrm{ZiCo}}{\sqrt{\mathrm{JacobFro}}}\right) \cdot \left(\log\left(\mathrm{Jacov}\right) + \mathrm{plain}\right),ZiCo Jacob_fro Sqrt Div Jacov Log plain Add Mul <EOS>,((ZiCo / sqrt(Jacob_fro)) * (log(Jacov) + plain)),0.881900000,0.923300000,30,9,4,2031,run_monash_time_unique1000,7,2,TIME__Coastal_T_S__20T/seed_2031/run_monash_time_unique1000/visualizations/archive_latex.tex
450,0.481258023,0.881900000,\frac{\mathrm{ZiCo}}{\left(\frac{\mathrm{JacobFro}}{\mathrm{Fisher} + \log\left(\mathrm{Jacov}\right)}\right)^2},ZiCo Jacob_fro Fisher Jacov Log Add Div Square Div <EOS>,(ZiCo / square((Jacob_fro / (Fisher + log(Jacov))))),0.881900000,0.926600000,199,9,6,2037,run_monash_time_unique1000,7,1,TIME__Coastal_T_S__20T/seed_2037/run_monash_time_unique1000/visualizations/archive_latex.tex
451,0.480102696,0.881900000,\left(\log\left(\mathrm{Jacov}\right) + \mathrm{plain}\right) \cdot \left(\frac{\mathrm{ZiCo}}{\sqrt{\mathrm{JacobFro}}}\right),Jacov Log plain Add ZiCo Jacob_fro Sqrt Div Mul <EOS>,((log(Jacov) + plain) * (ZiCo / sqrt(Jacob_fro))),0.881900000,0.923300000,33,9,4,2072,run_monash_time_unique1000,7,1,TIME__Coastal_T_S__20T/seed_2072/run_monash_time_unique1000/visualizations/archive_latex.tex
452,0.478947368,0.881900000,\frac{\left(\mathrm{plain} + \log\left(\mathrm{Jacov}\right)\right) \cdot \left(\mathrm{ZiCo}\right)}{\sqrt{\mathrm{JacobFro}}},plain Jacov Log Add ZiCo Mul Jacob_fro Sqrt Div <EOS>,(((plain + log(Jacov)) * ZiCo) / sqrt(Jacob_fro)),0.881900000,0.923300000,111,9,5,2088,run_monash_time_unique1000,7,5,TIME__Coastal_T_S__20T/seed_2088/run_monash_time_unique1000/visualizations/archive_latex.tex
453,0.477792041,0.881900000,\frac{\left(\mathrm{ZiCo}\right) \cdot \left(\log\left(\mathrm{Jacov}\right) + \mathrm{plain}\right)}{\sqrt{\mathrm{JacobFro}}},ZiCo Jacov Log plain Add Mul Jacob_fro Sqrt Div <EOS>,((ZiCo * (log(Jacov) + plain)) / sqrt(Jacob_fro)),0.881900000,0.923300000,51,9,5,2102,run_monash_time_unique1000,7,2,TIME__Coastal_T_S__20T/seed_2102/run_monash_time_unique1000/visualizations/archive_latex.tex
454,0.476636714,0.881900000,\left(\frac{\mathrm{ZiCo}}{\sqrt{\mathrm{JacobFro}}}\right) \cdot \left(\mathrm{plain} + \log\left(\mathrm{Jacov}\right)\right),ZiCo Jacob_fro Sqrt Div plain Jacov Log Add Mul <EOS>,((ZiCo / sqrt(Jacob_fro)) * (plain + log(Jacov))),0.881900000,0.923300000,139,9,4,2137,run_monash_time_unique1000,8,2,TIME__Coastal_T_S__20T/seed_2137/run_monash_time_unique1000/visualizations/archive_latex.tex
455,0.475481386,0.881900000,\frac{\log\left(\mathrm{Jacov} + \mathrm{GradNorm}\right) + \mathrm{Fisher}}{\mathrm{JacobFro}},Jacov Grad_Norm Add Log Fisher Add Jacob_fro Div <EOS>,((log((Jacov + Grad_Norm)) + Fisher) / Jacob_fro),0.881900000,0.919000000,141,8,5,2145,run_monash_time_unique1000,8,3,TIME__Coastal_T_S__20T/seed_2145/run_monash_time_unique1000/visualizations/archive_latex.tex
456,0.474326059,0.881900000,\frac{\left(\log\left(\mathrm{Jacov}\right) + \mathrm{Fisher}\right) \cdot \left(\sqrt{\mathrm{ZiCo}}\right)}{\mathrm{JacobFro}},Jacov Log Fisher Add ZiCo Sqrt Mul Jacob_fro Div <EOS>,(((log(Jacov) + Fisher) * sqrt(ZiCo)) / Jacob_fro),0.881900000,0.926600000,107,9,5,2152,run_monash_time_unique1000,8,4,TIME__Coastal_T_S__20T/seed_2152/run_monash_time_unique1000/visualizations/archive_latex.tex
457,0.473170732,0.881900000,\frac{\left(\log\left(\mathrm{Jacov}\right) + \mathrm{plain}\right) \cdot \left(\mathrm{ZiCo}\right)}{\sqrt{\mathrm{JacobFro}}},Jacov Log plain Add ZiCo Mul Jacob_fro Sqrt Div <EOS>,(((log(Jacov) + plain) * ZiCo) / sqrt(Jacob_fro)),0.881900000,0.923300000,113,9,5,2158,run_monash_time_unique1000,8,9,TIME__Coastal_T_S__20T/seed_2158/run_monash_time_unique1000/visualizations/archive_latex.tex
458,0.472015404,0.881900000,\left(\mathrm{ZiCo}\right) \cdot \left(\frac{\mathrm{plain} + \log\left(\mathrm{Jacov}\right)}{\sqrt{\mathrm{JacobFro}}}\right),ZiCo plain Jacov Log Add Jacob_fro Sqrt Div Mul <EOS>,(ZiCo * ((plain + log(Jacov)) / sqrt(Jacob_fro))),0.881900000,0.923300000,125,9,5,2171,run_monash_time_unique1000,8,1,TIME__Coastal_T_S__20T/seed_2171/run_monash_time_unique1000/visualizations/archive_latex.tex
459,0.470860077,0.881900000,\left(\frac{\log\left(\mathrm{Jacov}\right) + \mathrm{plain}}{\sqrt{\mathrm{JacobFro}}}\right) \cdot \left(\mathrm{ZiCo}\right),Jacov Log plain Add Jacob_fro Sqrt Div ZiCo Mul <EOS>,(((log(Jacov) + plain) / sqrt(Jacob_fro)) * ZiCo),0.881900000,0.923300000,31,9,5,2221,run_monash_time_unique1000,8,1,TIME__Coastal_T_S__20T/seed_2221/run_monash_time_unique1000/visualizations/archive_latex.tex
460,0.469704750,0.881900000,\left(\frac{\mathrm{plain} + \log\left(\mathrm{Jacov}\right)}{\sqrt{\mathrm{JacobFro}}}\right) \cdot \left(\mathrm{ZiCo}\right),plain Jacov Log Add Jacob_fro Sqrt Div ZiCo Mul <EOS>,(((plain + log(Jacov)) / sqrt(Jacob_fro)) * ZiCo),0.881900000,0.923300000,109,9,5,2231,run_monash_time_unique1000,8,3,TIME__Coastal_T_S__20T/seed_2231/run_monash_time_unique1000/visualizations/archive_latex.tex
461,0.468549422,0.881900000,\frac{\log\left(\mathrm{Jacov}\right) + \mathrm{Fisher}}{\frac{\mathrm{JacobFro}}{\sqrt{\mathrm{ZiCo}}}},Jacov Log Fisher Add Jacob_fro ZiCo Sqrt Div Div <EOS>,((log(Jacov) + Fisher) / (Jacob_fro / sqrt(ZiCo))),0.881900000,0.926600000,164,9,4,2170,run_monash_time_unique1000,9,1,TIME__Coastal_T_S__20T/seed_2170/run_monash_time_unique1000/visualizations/archive_latex.tex
462,0.467394095,0.881900000,\left(\mathrm{ZiCo}\right)^2 - \frac{\mathrm{JacobFro} - \mathrm{plain}}{\log\left(\mathrm{Jacov}\right)},ZiCo Square Jacob_fro plain Sub Jacov Log Div Sub <EOS>,(square(ZiCo) - ((Jacob_fro - plain) / log(Jacov))),0.881900000,0.921500000,38,9,4,2228,run_monash_time_unique1000,9,2,TIME__Coastal_T_S__20T/seed_2228/run_monash_time_unique1000/visualizations/archive_latex.tex
463,0.466238768,0.881900000,\left(\frac{\log\left(\mathrm{Jacov}\right) + \mathrm{Fisher}}{\mathrm{JacobFro}}\right) \cdot \left(\sqrt{\mathrm{ZiCo}}\right),Jacov Log Fisher Add Jacob_fro Div ZiCo Sqrt Mul <EOS>,(((log(Jacov) + Fisher) / Jacob_fro) * sqrt(ZiCo)),0.881900000,0.926600000,117,9,5,2239,run_monash_time_unique1000,9,1,TIME__Coastal_T_S__20T/seed_2239/run_monash_time_unique1000/visualizations/archive_latex.tex
464,0.465083440,0.881900000,\log\left(\left(\mathrm{Fisher}\right) \cdot \left(\mathrm{Jacov}\right)\right) - \frac{\mathrm{JacobFro}}{\log\left(\mathrm{Jacov}\right)},Fisher Jacov Mul Log Jacob_fro Jacov Log Div Sub <EOS>,(log((Fisher * Jacov)) - (Jacob_fro / log(Jacov))),0.881900000,0.914200000,190,9,4,2244,run_monash_time_unique1000,9,1,TIME__Coastal_T_S__20T/seed_2244/run_monash_time_unique1000/visualizations/archive_latex.tex
465,0.463928113,0.881900000,\frac{\mathrm{Fisher} + \log\left(\mathrm{Jacov} + \mathrm{GradNorm}\right)}{\mathrm{JacobFro}},Fisher Jacov Grad_Norm Add Log Add Jacob_fro Div <EOS>,((Fisher + log((Jacov + Grad_Norm))) / Jacob_fro),0.881900000,0.919000000,14,8,5,2256,run_monash_time_unique1000,9,2,TIME__Coastal_T_S__20T/seed_2256/run_monash_time_unique1000/visualizations/archive_latex.tex
466,0.462772786,0.881900000,\frac{\mathrm{plain} + \log\left(\mathrm{Snip} + \mathrm{Jacov}\right)}{\sqrt{\mathrm{JacobFro}}},plain Snip Jacov Add Log Add Jacob_fro Sqrt Div <EOS>,((plain + log((Snip + Jacov))) / sqrt(Jacob_fro)),0.881900000,0.922500000,104,9,5,2115,run_monash_time_unique1000,10,1,TIME__Coastal_T_S__20T/seed_2115/run_monash_time_unique1000/visualizations/archive_latex.tex
467,0.461617458,0.881900000,\left(\mathrm{plain} + \log\left(\mathrm{Jacov}\right)\right) \cdot \left(\frac{\mathrm{ZiCo}}{\sqrt{\mathrm{JacobFro}}}\right),plain Jacov Log Add ZiCo Jacob_fro Sqrt Div Mul <EOS>,((plain + log(Jacov)) * (ZiCo / sqrt(Jacob_fro))),0.881900000,0.923300000,22,9,4,2306,run_monash_time_unique1000,10,1,TIME__Coastal_T_S__20T/seed_2306/run_monash_time_unique1000/visualizations/archive_latex.tex
468,0.460462131,0.881800000,\frac{\sqrt{\mathrm{ZiCo}}}{\frac{\mathrm{JacobFro}}{\log\left(\mathrm{Jacov}\right) + \mathrm{plain}}},ZiCo Sqrt Jacob_fro Jacov Log plain Add Div Div <EOS>,(sqrt(ZiCo) / (Jacob_fro / (log(Jacov) + plain))),0.881800000,0.929000000,198,9,5,2319,run_monash_time_unique1000,2,8,TIME__Coastal_T_S__20T/seed_2319/run_monash_time_unique1000/visualizations/archive_latex.tex
469,0.459306804,0.881800000,\left(\sqrt{\mathrm{ZiCo}}\right) \cdot \left(\frac{\mathrm{plain} + \log\left(\mathrm{Jacov}\right)}{\mathrm{JacobFro}}\right),ZiCo Sqrt plain Jacov Log Add Jacob_fro Div Mul <EOS>,(sqrt(ZiCo) * ((plain + log(Jacov)) / Jacob_fro)),0.881800000,0.929000000,147,9,5,2106,run_monash_time_unique1000,3,2,TIME__Coastal_T_S__20T/seed_2106/run_monash_time_unique1000/visualizations/archive_latex.tex
470,0.458151476,0.881800000,\frac{\log\left(\mathrm{Jacov}\right) + \mathrm{plain}}{\frac{\mathrm{JacobFro}}{\sqrt{\mathrm{ZiCo}}}},Jacov Log plain Add Jacob_fro ZiCo Sqrt Div Div <EOS>,((log(Jacov) + plain) / (Jacob_fro / sqrt(ZiCo))),0.881800000,0.929000000,164,9,4,2143,run_monash_time_unique1000,3,24,TIME__Coastal_T_S__20T/seed_2143/run_monash_time_unique1000/visualizations/archive_latex.tex
471,0.456996149,0.881800000,\frac{\mathrm{plain} + \log\left(\mathrm{Jacov}\right)}{\frac{\mathrm{JacobFro}}{\sqrt{\mathrm{ZiCo}}}},plain Jacov Log Add Jacob_fro ZiCo Sqrt Div Div <EOS>,((plain + log(Jacov)) / (Jacob_fro / sqrt(ZiCo))),0.881800000,0.929000000,114,9,4,2293,run_monash_time_unique1000,3,24,TIME__Coastal_T_S__20T/seed_2293/run_monash_time_unique1000/visualizations/archive_latex.tex
472,0.455840822,0.881800000,\frac{\mathrm{Fisher} + \log\left(\sqrt{\mathrm{Jacov}}\right)}{\mathrm{JacobFro}},Fisher Jacov Sqrt Log Add Jacob_fro Div <EOS>,((Fisher + log(sqrt(Jacov))) / Jacob_fro),0.881800000,0.919700000,81,7,5,2067,run_monash_time_unique1000,4,20,TIME__Coastal_T_S__20T/seed_2067/run_monash_time_unique1000/visualizations/archive_latex.tex
473,0.454685494,0.881800000,\frac{\log\left(\sqrt{\mathrm{Jacov}}\right) + \mathrm{Fisher}}{\mathrm{JacobFro}},Jacov Sqrt Log Fisher Add Jacob_fro Div <EOS>,((log(sqrt(Jacov)) + Fisher) / Jacob_fro),0.881800000,0.919700000,5,7,5,2041,run_monash_time_unique1000,5,20,TIME__Coastal_T_S__20T/seed_2041/run_monash_time_unique1000/visualizations/archive_latex.tex
474,0.453530167,0.881800000,\frac{\log\left(\log\left(\left(\mathrm{Jacov}\right) \cdot \left(\mathrm{plain}\right) + \mathrm{L2Norm}\right)\right)}{\mathrm{JacobFro}},Jacov plain Mul L2-Norm Add Log Log Jacob_fro Div <EOS>,(log(log(((Jacov * plain) + L2-Norm))) / Jacob_fro),0.881800000,0.924900000,145,9,6,2048,run_monash_time_unique1000,6,1,TIME__Coastal_T_S__20T/seed_2048/run_monash_time_unique1000/visualizations/archive_latex.tex
475,0.452374840,0.881800000,\frac{\sqrt{\mathrm{ZiCo}}}{\frac{\mathrm{JacobFro}}{\mathrm{plain} + \log\left(\mathrm{Jacov}\right)}},ZiCo Sqrt Jacob_fro plain Jacov Log Add Div Div <EOS>,(sqrt(ZiCo) / (Jacob_fro / (plain + log(Jacov)))),0.881800000,0.929000000,34,9,5,2058,run_monash_time_unique1000,6,5,TIME__Coastal_T_S__20T/seed_2058/run_monash_time_unique1000/visualizations/archive_latex.tex
476,0.451219512,0.881800000,\frac{\left(\sqrt{\mathrm{ZiCo}}\right) \cdot \left(\mathrm{plain} + \log\left(\mathrm{Jacov}\right)\right)}{\mathrm{JacobFro}},ZiCo Sqrt plain Jacov Log Add Mul Jacob_fro Div <EOS>,((sqrt(ZiCo) * (plain + log(Jacov))) / Jacob_fro),0.881800000,0.929000000,94,9,5,2061,run_monash_time_unique1000,6,3,TIME__Coastal_T_S__20T/seed_2061/run_monash_time_unique1000/visualizations/archive_latex.tex
477,0.450064185,0.881800000,\frac{\left(\log\left(\mathrm{Jacov}\right) + \mathrm{plain}\right) \cdot \left(\sqrt{\mathrm{ZiCo}}\right)}{\mathrm{JacobFro}},Jacov Log plain Add ZiCo Sqrt Mul Jacob_fro Div <EOS>,(((log(Jacov) + plain) * sqrt(ZiCo)) / Jacob_fro),0.881800000,0.929000000,123,9,5,2086,run_monash_time_unique1000,7,4,TIME__Coastal_T_S__20T/seed_2086/run_monash_time_unique1000/visualizations/archive_latex.tex
478,0.448908858,0.881800000,\frac{\log\left(\log\left(\left(\mathrm{plain}\right) \cdot \left(\mathrm{Jacov}\right) + \mathrm{L2Norm}\right)\right)}{\mathrm{JacobFro}},plain Jacov Mul L2-Norm Add Log Log Jacob_fro Div <EOS>,(log(log(((plain * Jacov) + L2-Norm))) / Jacob_fro),0.881800000,0.924900000,107,9,6,2114,run_monash_time_unique1000,7,3,TIME__Coastal_T_S__20T/seed_2114/run_monash_time_unique1000/visualizations/archive_latex.tex
479,0.447753530,0.881800000,\frac{\left(\sqrt{\mathrm{ZiCo}}\right) \cdot \left(\log\left(\mathrm{Jacov}\right) + \mathrm{plain}\right)}{\mathrm{JacobFro}},ZiCo Sqrt Jacov Log plain Add Mul Jacob_fro Div <EOS>,((sqrt(ZiCo) * (log(Jacov) + plain)) / Jacob_fro),0.881800000,0.929000000,87,9,5,2157,run_monash_time_unique1000,7,3,TIME__Coastal_T_S__20T/seed_2157/run_monash_time_unique1000/visualizations/archive_latex.tex
480,0.446598203,0.881800000,\left(\sqrt{\mathrm{ZiCo}}\right) \cdot \left(\frac{\log\left(\mathrm{Jacov}\right) + \mathrm{plain}}{\mathrm{JacobFro}}\right),ZiCo Sqrt Jacov Log plain Add Jacob_fro Div Mul <EOS>,(sqrt(ZiCo) * ((log(Jacov) + plain) / Jacob_fro)),0.881800000,0.929000000,133,9,5,2235,run_monash_time_unique1000,7,1,TIME__Coastal_T_S__20T/seed_2235/run_monash_time_unique1000/visualizations/archive_latex.tex
481,0.445442875,0.881800000,\frac{-\mathrm{JacobFro}}{\log\left(\sqrt{\mathrm{Jacov}}\right) + \mathrm{Fisher}},Jacob_fro Negative Jacov Sqrt Log Fisher Add Div <EOS>,(-(Jacob_fro) / (log(sqrt(Jacov)) + Fisher)),0.881800000,0.919700000,198,8,5,2283,run_monash_time_unique1000,7,1,TIME__Coastal_T_S__20T/seed_2283/run_monash_time_unique1000/visualizations/archive_latex.tex
482,0.444287548,0.881800000,\left(\frac{\sqrt{\mathrm{ZiCo}}}{\mathrm{JacobFro}}\right) \cdot \left(\log\left(\mathrm{Jacov}\right) + \mathrm{plain}\right),ZiCo Sqrt Jacob_fro Div Jacov Log plain Add Mul <EOS>,((sqrt(ZiCo) / Jacob_fro) * (log(Jacov) + plain)),0.881800000,0.929000000,24,9,4,2031,run_monash_time_unique1000,8,1,TIME__Coastal_T_S__20T/seed_2031/run_monash_time_unique1000/visualizations/archive_latex.tex
483,0.443132221,0.881800000,\left(\log\left(\mathrm{Jacov}\right) + \mathrm{plain}\right) \cdot \left(\frac{\sqrt{\mathrm{ZiCo}}}{\mathrm{JacobFro}}\right),Jacov Log plain Add ZiCo Sqrt Jacob_fro Div Mul <EOS>,((log(Jacov) + plain) * (sqrt(ZiCo) / Jacob_fro)),0.881800000,0.929000000,29,9,4,2072,run_monash_time_unique1000,8,1,TIME__Coastal_T_S__20T/seed_2072/run_monash_time_unique1000/visualizations/archive_latex.tex
484,0.441976893,0.881800000,\frac{\left(\mathrm{plain} + \log\left(\mathrm{Jacov}\right)\right) \cdot \left(\sqrt{\mathrm{ZiCo}}\right)}{\mathrm{JacobFro}},plain Jacov Log Add ZiCo Sqrt Mul Jacob_fro Div <EOS>,(((plain + log(Jacov)) * sqrt(ZiCo)) / Jacob_fro),0.881800000,0.929000000,120,9,5,2127,run_monash_time_unique1000,8,3,TIME__Coastal_T_S__20T/seed_2127/run_monash_time_unique1000/visualizations/archive_latex.tex
485,0.440821566,0.881800000,\left(\frac{\log\left(\mathrm{Jacov}\right) + \mathrm{plain}}{\mathrm{JacobFro}}\right) \cdot \left(\sqrt{\mathrm{ZiCo}}\right),Jacov Log plain Add Jacob_fro Div ZiCo Sqrt Mul <EOS>,(((log(Jacov) + plain) / Jacob_fro) * sqrt(ZiCo)),0.881800000,0.929000000,157,9,5,2199,run_monash_time_unique1000,8,2,TIME__Coastal_T_S__20T/seed_2199/run_monash_time_unique1000/visualizations/archive_latex.tex
486,0.439666239,0.881800000,\frac{\mathrm{plain} + \log\left(\mathrm{Jacov}\right)}{\sqrt{\mathrm{JacobFro} - \mathrm{MParams}}},plain Jacov Log Add Jacob_fro MParams Sub Sqrt Div <EOS>,((plain + log(Jacov)) / sqrt((Jacob_fro - MParams))),0.881800000,0.916100000,155,9,4,2068,run_monash_time_unique1000,9,1,TIME__Coastal_T_S__20T/seed_2068/run_monash_time_unique1000/visualizations/archive_latex.tex
487,0.438510911,0.881800000,\left(\frac{\mathrm{plain} + \log\left(\mathrm{Jacov}\right)}{\mathrm{JacobFro}}\right) \cdot \left(\sqrt{\mathrm{ZiCo}}\right),plain Jacov Log Add Jacob_fro Div ZiCo Sqrt Mul <EOS>,(((plain + log(Jacov)) / Jacob_fro) * sqrt(ZiCo)),0.881800000,0.929000000,111,9,5,2231,run_monash_time_unique1000,9,1,TIME__Coastal_T_S__20T/seed_2231/run_monash_time_unique1000/visualizations/archive_latex.tex
488,0.437355584,0.881800000,\mathrm{ZiCo} - \frac{\mathrm{JacobFro}}{\sqrt{\mathrm{plain}} + \log\left(\mathrm{Jacov}\right)},ZiCo Jacob_fro plain Sqrt Jacov Log Add Div Sub <EOS>,(ZiCo - (Jacob_fro / (sqrt(plain) + log(Jacov)))),0.881800000,0.924200000,38,9,5,2259,run_monash_time_unique1000,9,1,TIME__Coastal_T_S__20T/seed_2259/run_monash_time_unique1000/visualizations/archive_latex.tex
489,0.436200257,0.881800000,\frac{\log\left(\sqrt{\mathrm{Jacov}}\right) + \mathrm{Fisher}}{\mathrm{JacobFro} - \mathrm{ZiCo}},Jacov Sqrt Log Fisher Add Jacob_fro ZiCo Sub Div <EOS>,((log(sqrt(Jacov)) + Fisher) / (Jacob_fro - ZiCo)),0.881800000,0.920100000,43,9,5,2111,run_monash_time_unique1000,10,1,TIME__Coastal_T_S__20T/seed_2111/run_monash_time_unique1000/visualizations/archive_latex.tex
490,0.435044929,0.881800000,\left(\frac{\sqrt{\mathrm{ZiCo}}}{\mathrm{JacobFro}}\right) \cdot \left(\mathrm{plain} + \log\left(\mathrm{Jacov}\right)\right),ZiCo Sqrt Jacob_fro Div plain Jacov Log Add Mul <EOS>,((sqrt(ZiCo) / Jacob_fro) * (plain + log(Jacov))),0.881800000,0.929000000,139,9,4,2137,run_monash_time_unique1000,10,1,TIME__Coastal_T_S__20T/seed_2137/run_monash_time_unique1000/visualizations/archive_latex.tex
491,0.433889602,0.881700000,\frac{\log\left(\mathrm{Jacov}\right) + \mathrm{Fisher} - \mathrm{JacobFro}}{\mathrm{JacobFro}},Jacov Log Fisher Add Jacob_fro Sub Jacob_fro Div <EOS>,(((log(Jacov) + Fisher) - Jacob_fro) / Jacob_fro),0.881700000,0.920200000,170,8,5,2214,run_monash_time_unique1000,1,1,TIME__Coastal_T_S__20T/seed_2214/run_monash_time_unique1000/visualizations/archive_latex.tex
492,0.432734275,0.881700000,\frac{\mathrm{Fisher} + \log\left(\mathrm{Jacov}\right)}{\mathrm{JacobFro}},Fisher Jacov Log Add Jacob_fro Div <EOS>,((Fisher + log(Jacov)) / Jacob_fro),0.881700000,0.920200000,78,6,4,2260,run_monash_time_unique1000,2,51,TIME__Coastal_T_S__20T/seed_2260/run_monash_time_unique1000/visualizations/archive_latex.tex
493,0.431578947,0.881700000,\frac{\mathrm{JacobFro}}{\mathrm{JacobFro} - \log\left(\mathrm{Jacov}\right) - -\mathrm{Fisher}},Jacob_fro Jacob_fro Jacov Log Fisher Negative Sub Sub Div <EOS>,(Jacob_fro / (Jacob_fro - (log(Jacov) - -(Fisher)))),0.881700000,0.920200000,62,9,5,2319,run_monash_time_unique1000,3,1,TIME__Coastal_T_S__20T/seed_2319/run_monash_time_unique1000/visualizations/archive_latex.tex
494,0.430423620,0.881700000,\frac{\log\left(\mathrm{Jacov}\right) + \mathrm{Fisher}}{\mathrm{JacobFro}},Jacov Log Fisher Add Jacob_fro Div <EOS>,((log(Jacov) + Fisher) / Jacob_fro),0.881700000,0.920200000,164,6,4,2143,run_monash_time_unique1000,4,47,TIME__Coastal_T_S__20T/seed_2143/run_monash_time_unique1000/visualizations/archive_latex.tex
495,0.429268293,0.881700000,\mathrm{plain} - \frac{\mathrm{JacobFro}}{\log\left(\left(\mathrm{ZiCo}\right) \cdot \left(\mathrm{Jacov}\right)\right)},plain Jacob_fro ZiCo Jacov Mul Log Div Sub <EOS>,(plain - (Jacob_fro / log((ZiCo * Jacov)))),0.881700000,0.922400000,36,8,5,2180,run_monash_time_unique1000,4,5,TIME__Coastal_T_S__20T/seed_2180/run_monash_time_unique1000/visualizations/archive_latex.tex
496,0.428112965,0.881700000,\mathrm{plain} - \frac{\mathrm{JacobFro}}{\log\left(\left(\mathrm{Jacov}\right) \cdot \left(\mathrm{ZiCo}\right)\right)},plain Jacob_fro Jacov ZiCo Mul Log Div Sub <EOS>,(plain - (Jacob_fro / log((Jacov * ZiCo)))),0.881700000,0.922400000,71,8,5,2136,run_monash_time_unique1000,5,5,TIME__Coastal_T_S__20T/seed_2136/run_monash_time_unique1000/visualizations/archive_latex.tex
497,0.426957638,0.881700000,\frac{\mathrm{JacobFro}}{\mathrm{JacobFro} - \mathrm{Fisher} + \log\left(\mathrm{Jacov}\right)},Jacob_fro Jacob_fro Fisher Jacov Log Add Sub Div <EOS>,(Jacob_fro / (Jacob_fro - (Fisher + log(Jacov)))),0.881700000,0.920200000,64,8,5,2180,run_monash_time_unique1000,5,1,TIME__Coastal_T_S__20T/seed_2180/run_monash_time_unique1000/visualizations/archive_latex.tex
498,0.425802311,0.881700000,\frac{\log\left(\mathrm{Jacov}\right) - \mathrm{JacobFro} - \mathrm{Fisher}}{\mathrm{JacobFro}},Jacov Log Jacob_fro Fisher Sub Sub Jacob_fro Div <EOS>,((log(Jacov) - (Jacob_fro - Fisher)) / Jacob_fro),0.881700000,0.920200000,141,8,4,2282,run_monash_time_unique1000,5,1,TIME__Coastal_T_S__20T/seed_2282/run_monash_time_unique1000/visualizations/archive_latex.tex
499,0.424646983,0.881700000,\frac{\mathrm{Fisher} - \mathrm{JacobFro} - \log\left(\mathrm{Jacov}\right)}{\mathrm{JacobFro}},Fisher Jacob_fro Jacov Log Sub Sub Jacob_fro Div <EOS>,((Fisher - (Jacob_fro - log(Jacov))) / Jacob_fro),0.881700000,0.920200000,19,8,5,2136,run_monash_time_unique1000,6,2,TIME__Coastal_T_S__20T/seed_2136/run_monash_time_unique1000/visualizations/archive_latex.tex
500,0.423491656,0.881700000,\frac{\log\left(\mathrm{MParams} + \mathrm{Jacov}\right) + \mathrm{Fisher}}{\mathrm{JacobFro}},MParams Jacov Add Log Fisher Add Jacob_fro Div <EOS>,((log((MParams + Jacov)) + Fisher) / Jacob_fro),0.881700000,0.919500000,15,8,5,2041,run_monash_time_unique1000,8,1,TIME__Coastal_T_S__20T/seed_2041/run_monash_time_unique1000/visualizations/archive_latex.tex
501,0.422336329,0.881700000,\frac{\mathrm{plain} + \log\left(\mathrm{Jacov}\right)}{\sqrt{\mathrm{ZiCo} - \mathrm{JacobFro}}},plain Jacov Log Add ZiCo Jacob_fro Sub Sqrt Div <EOS>,((plain + log(Jacov)) / sqrt((ZiCo - Jacob_fro))),0.881700000,0.920500000,193,9,4,2048,run_monash_time_unique1000,8,1,TIME__Coastal_T_S__20T/seed_2048/run_monash_time_unique1000/visualizations/archive_latex.tex
502,0.421181001,0.881700000,\frac{-\mathrm{JacobFro}}{\log\left(\mathrm{Jacov}\right) + \mathrm{Fisher}},Jacob_fro Negative Jacov Log Fisher Add Div <EOS>,(-(Jacob_fro) / (log(Jacov) + Fisher)),0.881700000,0.920200000,181,7,4,2077,run_monash_time_unique1000,8,1,TIME__Coastal_T_S__20T/seed_2077/run_monash_time_unique1000/visualizations/archive_latex.tex
503,0.420025674,0.881700000,\frac{\log\left(\mathrm{Jacov}\right) + \mathrm{plain}}{\sqrt{\mathrm{JacobFro} - \mathrm{ZiCo}}},Jacov Log plain Add Jacob_fro ZiCo Sub Sqrt Div <EOS>,((log(Jacov) + plain) / sqrt((Jacob_fro - ZiCo))),0.881700000,0.920500000,154,9,4,2208,run_monash_time_unique1000,8,2,TIME__Coastal_T_S__20T/seed_2208/run_monash_time_unique1000/visualizations/archive_latex.tex
504,0.418870347,0.881700000,\frac{\mathrm{JacobFro}}{\mathrm{JacobFro} - \log\left(\mathrm{Jacov}\right) + \mathrm{Fisher}},Jacob_fro Jacob_fro Jacov Log Fisher Add Sub Div <EOS>,(Jacob_fro / (Jacob_fro - (log(Jacov) + Fisher))),0.881700000,0.920200000,6,8,5,2324,run_monash_time_unique1000,8,1,TIME__Coastal_T_S__20T/seed_2324/run_monash_time_unique1000/visualizations/archive_latex.tex
505,0.417715019,0.881700000,\frac{\mathrm{Fisher} + \log\left(\mathrm{MParams} + \mathrm{Jacov}\right)}{\mathrm{JacobFro}},Fisher MParams Jacov Add Log Add Jacob_fro Div <EOS>,((Fisher + log((MParams + Jacov))) / Jacob_fro),0.881700000,0.919500000,79,8,5,2124,run_monash_time_unique1000,9,1,TIME__Coastal_T_S__20T/seed_2124/run_monash_time_unique1000/visualizations/archive_latex.tex
506,0.416559692,0.881700000,\frac{\mathrm{Fisher} + \log\left(\mathrm{Jacov} + \mathrm{MParams}\right)}{\mathrm{JacobFro}},Fisher Jacov MParams Add Log Add Jacob_fro Div <EOS>,((Fisher + log((Jacov + MParams))) / Jacob_fro),0.881700000,0.919500000,81,8,5,2127,run_monash_time_unique1000,10,1,TIME__Coastal_T_S__20T/seed_2127/run_monash_time_unique1000/visualizations/archive_latex.tex
507,0.415404365,0.881700000,\mathrm{plain} - \frac{\mathrm{JacobFro}}{\log\left(\left(-\mathrm{ZiCo}\right) \cdot \left(\mathrm{Jacov}\right)\right)},plain Jacob_fro ZiCo Negative Jacov Mul Log Div Sub <EOS>,(plain - (Jacob_fro / log((-(ZiCo) * Jacov)))),0.881700000,0.922400000,163,9,6,2174,run_monash_time_unique1000,10,1,TIME__Coastal_T_S__20T/seed_2174/run_monash_time_unique1000/visualizations/archive_latex.tex
508,0.414249037,0.881700000,\frac{\mathrm{plain} + \log\left(\mathrm{Jacov}\right)}{\sqrt{\mathrm{JacobFro} - \mathrm{ZiCo}}},plain Jacov Log Add Jacob_fro ZiCo Sub Sqrt Div <EOS>,((plain + log(Jacov)) / sqrt((Jacob_fro - ZiCo))),0.881700000,0.920500000,191,9,4,2275,run_monash_time_unique1000,10,1,TIME__Coastal_T_S__20T/seed_2275/run_monash_time_unique1000/visualizations/archive_latex.tex
509,0.413093710,0.881600000,\log\left(\mathrm{Jacov}\right) + \mathrm{plain} - \sqrt{\mathrm{JacobFro} - \mathrm{ZiCo}},Jacov Log plain Add Jacob_fro ZiCo Sub Sqrt Sub <EOS>,((log(Jacov) + plain) - sqrt((Jacob_fro - ZiCo))),0.881600000,0.916000000,198,9,4,2079,run_monash_time_unique1000,1,1,TIME__Coastal_T_S__20T/seed_2079/run_monash_time_unique1000/visualizations/archive_latex.tex
510,0.411938383,0.881600000,\frac{\log\left(\left(\mathrm{ZiCo}\right) \cdot \left(\mathrm{Jacov}\right)\right)}{\mathrm{JacobFro} - \mathrm{plain}},ZiCo Jacov Mul Log Jacob_fro plain Sub Div <EOS>,(log((ZiCo * Jacov)) / (Jacob_fro - plain)),0.881600000,0.918400000,116,8,4,2251,run_monash_time_unique1000,5,5,TIME__Coastal_T_S__20T/seed_2251/run_monash_time_unique1000/visualizations/archive_latex.tex
511,0.410783055,0.881600000,\log\left(\mathrm{MParams} + \mathrm{Jacov}\right) - \sqrt{\mathrm{JacobFro}} - \mathrm{plain},MParams Jacov Add Log Jacob_fro Sqrt plain Sub Sub <EOS>,(log((MParams + Jacov)) - (sqrt(Jacob_fro) - plain)),0.881600000,0.916100000,111,9,4,2251,run_monash_time_unique1000,6,1,TIME__Coastal_T_S__20T/seed_2251/run_monash_time_unique1000/visualizations/archive_latex.tex
512,0.409627728,0.881600000,\mathrm{plain} - \sqrt{\mathrm{JacobFro} - \mathrm{ZiCo}} - \log\left(\mathrm{Jacov}\right),plain Jacob_fro ZiCo Sub Sqrt Jacov Log Sub Sub <EOS>,(plain - (sqrt((Jacob_fro - ZiCo)) - log(Jacov))),0.881600000,0.916000000,87,9,5,2292,run_monash_time_unique1000,7,1,TIME__Coastal_T_S__20T/seed_2292/run_monash_time_unique1000/visualizations/archive_latex.tex
513,0.408472401,0.881600000,\frac{\mathrm{Fisher} + \log\left(\mathrm{plain} + \mathrm{Jacov}\right)}{\mathrm{JacobFro}},Fisher plain Jacov Add Log Add Jacob_fro Div <EOS>,((Fisher + log((plain + Jacov))) / Jacob_fro),0.881600000,0.919600000,49,8,5,2061,run_monash_time_unique1000,8,2,TIME__Coastal_T_S__20T/seed_2061/run_monash_time_unique1000/visualizations/archive_latex.tex
514,0.407317073,0.881600000,\frac{\log\left(\left(\mathrm{Jacov}\right) \cdot \left(\mathrm{ZiCo}\right)\right)}{\mathrm{JacobFro} - \mathrm{plain}},Jacov ZiCo Mul Log Jacob_fro plain Sub Div <EOS>,(log((Jacov * ZiCo)) / (Jacob_fro - plain)),0.881600000,0.918400000,54,8,4,2126,run_monash_time_unique1000,8,4,TIME__Coastal_T_S__20T/seed_2126/run_monash_time_unique1000/visualizations/archive_latex.tex
515,0.406161746,0.881600000,\frac{\log\left(\mathrm{plain} + \mathrm{Jacov}\right) + \mathrm{Fisher}}{\mathrm{JacobFro}},plain Jacov Add Log Fisher Add Jacob_fro Div <EOS>,((log((plain + Jacov)) + Fisher) / Jacob_fro),0.881600000,0.919600000,8,8,5,2041,run_monash_time_unique1000,9,1,TIME__Coastal_T_S__20T/seed_2041/run_monash_time_unique1000/visualizations/archive_latex.tex
516,0.405006418,0.881600000,\frac{\log\left(\left(\mathrm{Fisher}\right) \cdot \left(\mathrm{Jacov}\right)\right)}{\mathrm{plain} + \left(\mathrm{JacobFro}\right)^2},Fisher Jacov Mul Log plain Jacob_fro Square Add Div <EOS>,(log((Fisher * Jacov)) / (plain + square(Jacob_fro))),0.881600000,0.914800000,59,9,4,2314,run_monash_time_unique1000,9,1,TIME__Coastal_T_S__20T/seed_2314/run_monash_time_unique1000/visualizations/archive_latex.tex
517,0.403851091,0.881600000,\frac{\mathrm{Fisher} + \log\left(\mathrm{Jacov} + \mathrm{plain}\right)}{\mathrm{JacobFro}},Fisher Jacov plain Add Log Add Jacob_fro Div <EOS>,((Fisher + log((Jacov + plain))) / Jacob_fro),0.881600000,0.919600000,84,8,5,2205,run_monash_time_unique1000,10,1,TIME__Coastal_T_S__20T/seed_2205/run_monash_time_unique1000/visualizations/archive_latex.tex
518,0.402695764,0.881500000,\frac{\mathrm{L2Norm}}{\mathrm{Jacov}} + \frac{\mathrm{plain}}{\mathrm{JacobFro}},L2-Norm Jacov Div plain Jacob_fro Div Add <EOS>,((L2-Norm / Jacov) + (plain / Jacob_fro)),0.881500000,0.909400000,60,7,3,2196,run_monash_time_unique1000,1,1,TIME__Coastal_T_S__20T/seed_2196/run_monash_time_unique1000/visualizations/archive_latex.tex
519,0.401540436,0.881500000,\mathrm{ZiCo} - \frac{\mathrm{JacobFro}}{\left(\mathrm{Fisher} + \log\left(\mathrm{Jacov}\right)\right)^2},ZiCo Jacob_fro Fisher Jacov Log Add Square Div Sub <EOS>,(ZiCo - (Jacob_fro / square((Fisher + log(Jacov))))),0.881500000,0.920500000,105,9,6,2038,run_monash_time_unique1000,9,1,TIME__Coastal_T_S__20T/seed_2038/run_monash_time_unique1000/visualizations/archive_latex.tex
520,0.400385109,0.881400000,\frac{\log\left(\left(\mathrm{Fisher}\right) \cdot \left(\left(\mathrm{plain}\right) \cdot \left(\left(\mathrm{Jacov}\right)^2\right)\right)\right)}{\mathrm{JacobFro}},Fisher plain Jacov Square Mul Mul Log Jacob_fro Div <EOS>,(log((Fisher * (plain * square(Jacov)))) / Jacob_fro),0.881400000,0.918300000,16,9,6,2271,run_monash_time_unique1000,3,1,TIME__Coastal_T_S__20T/seed_2271/run_monash_time_unique1000/visualizations/archive_latex.tex
521,0.399229782,0.881400000,\log\left(\mathrm{GradNorm}\right) - \frac{\mathrm{JacobFro}}{\log\left(\mathrm{Jacov}\right)},Grad_Norm Log Jacob_fro Jacov Log Div Sub <EOS>,(log(Grad_Norm) - (Jacob_fro / log(Jacov))),0.881400000,0.906600000,25,7,4,2067,run_monash_time_unique1000,7,4,TIME__Coastal_T_S__20T/seed_2067/run_monash_time_unique1000/visualizations/archive_latex.tex
522,0.398074454,0.881400000,\frac{\mathrm{ZiCo}}{\frac{\sqrt{\mathrm{JacobFro}}}{\mathrm{Fisher} + \log\left(\mathrm{Jacov}\right)}},ZiCo Jacob_fro Sqrt Fisher Jacov Log Add Div Div <EOS>,(ZiCo / (sqrt(Jacob_fro) / (Fisher + log(Jacov)))),0.881400000,0.917800000,38,9,5,2058,run_monash_time_unique1000,8,2,TIME__Coastal_T_S__20T/seed_2058/run_monash_time_unique1000/visualizations/archive_latex.tex
523,0.396919127,0.881400000,\frac{\left(\mathrm{ZiCo}\right)^2 + \mathrm{Fisher} + \log\left(\mathrm{Jacov}\right)}{\mathrm{JacobFro}},ZiCo Square Fisher Jacov Log Add Add Jacob_fro Div <EOS>,((square(ZiCo) + (Fisher + log(Jacov))) / Jacob_fro),0.881400000,0.919900000,159,9,5,2135,run_monash_time_unique1000,9,1,TIME__Coastal_T_S__20T/seed_2135/run_monash_time_unique1000/visualizations/archive_latex.tex
524,0.395763800,0.881400000,\frac{\left(\log\left(\left(\mathrm{plain}\right) \cdot \left(\mathrm{Jacov}\right)\right)\right) \cdot \left(\log\left(\mathrm{JacobFro}\right)\right)}{\mathrm{JacobFro}},plain Jacov Mul Log Jacob_fro Log Mul Jacob_fro Div <EOS>,((log((plain * Jacov)) * log(Jacob_fro)) / Jacob_fro),0.881400000,0.915400000,121,9,5,2203,run_monash_time_unique1000,9,1,TIME__Coastal_T_S__20T/seed_2203/run_monash_time_unique1000/visualizations/archive_latex.tex
525,0.394608472,0.881400000,\frac{\log\left(\left(\mathrm{Jacov}\right) \cdot \left(\frac{\mathrm{plain}}{\log\left(\mathrm{L2Norm}\right)}\right)\right)}{\mathrm{JacobFro}},Jacov plain L2-Norm Log Div Mul Log Jacob_fro Div <EOS>,(log((Jacov * (plain / log(L2-Norm)))) / Jacob_fro),0.881400000,0.920100000,81,9,6,2135,run_monash_time_unique1000,10,1,TIME__Coastal_T_S__20T/seed_2135/run_monash_time_unique1000/visualizations/archive_latex.tex
526,0.393453145,0.881300000,\log\left(\mathrm{Jacov} - \mathrm{MParams}\right) + \mathrm{plain} - \sqrt{\mathrm{JacobFro}},Jacov MParams Sub Log plain Jacob_fro Sqrt Sub Add <EOS>,(log((Jacov - MParams)) + (plain - sqrt(Jacob_fro))),0.881300000,0.915600000,194,9,4,2286,run_monash_time_unique1000,1,1,TIME__Coastal_T_S__20T/seed_2286/run_monash_time_unique1000/visualizations/archive_latex.tex
527,0.392297818,0.881300000,\mathrm{ZiCo} - \frac{\mathrm{JacobFro}}{\left(\log\left(\mathrm{Jacov}\right) + \mathrm{plain}\right)^2},ZiCo Jacob_fro Jacov Log plain Add Square Div Sub <EOS>,(ZiCo - (Jacob_fro / square((log(Jacov) + plain)))),0.881300000,0.928000000,145,9,6,2320,run_monash_time_unique1000,7,4,TIME__Coastal_T_S__20T/seed_2320/run_monash_time_unique1000/visualizations/archive_latex.tex
528,0.391142490,0.881300000,\frac{\log\left(\mathrm{Jacov}\right)}{\sqrt{\mathrm{JacobFro}} - \left(\mathrm{Fisher}\right)^2},Jacov Log Jacob_fro Sqrt Fisher Square Sub Div <EOS>,(log(Jacov) / (sqrt(Jacob_fro) - square(Fisher))),0.881300000,0.917400000,88,8,4,2039,run_monash_time_unique1000,9,2,TIME__Coastal_T_S__20T/seed_2039/run_monash_time_unique1000/visualizations/archive_latex.tex
529,0.389987163,0.881300000,\mathrm{ZiCo} - \frac{\mathrm{JacobFro}}{\left(\mathrm{plain} + \log\left(\mathrm{Jacov}\right)\right)^2},ZiCo Jacob_fro plain Jacov Log Add Square Div Sub <EOS>,(ZiCo - (Jacob_fro / square((plain + log(Jacov))))),0.881300000,0.928000000,135,9,6,2058,run_monash_time_unique1000,9,3,TIME__Coastal_T_S__20T/seed_2058/run_monash_time_unique1000/visualizations/archive_latex.tex
530,0.388831836,0.881300000,\frac{\log\left(\mathrm{Jacov}\right)}{\sqrt{\mathrm{JacobFro}} - \sqrt{\mathrm{plain}}},Jacov Log Jacob_fro Sqrt plain Sqrt Sub Div <EOS>,(log(Jacov) / (sqrt(Jacob_fro) - sqrt(plain))),0.881300000,0.919200000,37,8,4,2160,run_monash_time_unique1000,9,2,TIME__Coastal_T_S__20T/seed_2160/run_monash_time_unique1000/visualizations/archive_latex.tex
531,0.387676508,0.881300000,\frac{\log\left(\mathrm{GraSP} - \left(\mathrm{Jacov}\right) \cdot \left(\mathrm{GradNorm}\right)\right)}{\mathrm{JacobFro}},GraSP Jacov Grad_Norm Mul Sub Log Jacob_fro Div <EOS>,(log((GraSP - (Jacov * Grad_Norm))) / Jacob_fro),0.881300000,0.914600000,176,8,5,2175,run_monash_time_unique1000,9,1,TIME__Coastal_T_S__20T/seed_2175/run_monash_time_unique1000/visualizations/archive_latex.tex
532,0.386521181,0.881300000,\frac{\sqrt{\mathrm{plain}} - \sqrt{\mathrm{JacobFro}}}{\log\left(\mathrm{Jacov}\right)},plain Sqrt Jacob_fro Sqrt Sub Jacov Log Div <EOS>,((sqrt(plain) - sqrt(Jacob_fro)) / log(Jacov)),0.881300000,0.919200000,89,8,4,2184,run_monash_time_unique1000,9,1,TIME__Coastal_T_S__20T/seed_2184/run_monash_time_unique1000/visualizations/archive_latex.tex
533,0.385365854,0.881200000,\log\left(\mathrm{Jacov}\right) + \mathrm{plain} - \sqrt{\mathrm{JacobFro}},Jacov Log plain Jacob_fro Sqrt Sub Add <EOS>,(log(Jacov) + (plain - sqrt(Jacob_fro))),0.881200000,0.915700000,16,7,4,2215,run_monash_time_unique1000,1,5,TIME__Coastal_T_S__20T/seed_2215/run_monash_time_unique1000/visualizations/archive_latex.tex
534,0.384210526,0.881200000,\mathrm{plain} + \log\left(\mathrm{ZiCo} - \mathrm{Jacov}\right) - \sqrt{\mathrm{JacobFro}},plain ZiCo Jacov Sub Log Jacob_fro Sqrt Sub Add <EOS>,(plain + (log((ZiCo - Jacov)) - sqrt(Jacob_fro))),0.881200000,0.916100000,32,9,5,2258,run_monash_time_unique1000,1,1,TIME__Coastal_T_S__20T/seed_2258/run_monash_time_unique1000/visualizations/archive_latex.tex
535,0.383055199,0.881200000,\mathrm{plain} + \log\left(\mathrm{Jacov}\right) - \sqrt{\mathrm{JacobFro}},plain Jacov Log Add Jacob_fro Sqrt Sub <EOS>,((plain + log(Jacov)) - sqrt(Jacob_fro)),0.881200000,0.915700000,36,7,4,2214,run_monash_time_unique1000,2,3,TIME__Coastal_T_S__20T/seed_2214/run_monash_time_unique1000/visualizations/archive_latex.tex
536,0.381899872,0.881200000,\frac{\log\left(\log\left(\left(\mathrm{Jacov}\right) \cdot \left(\mathrm{Fisher}\right)\right)\right)}{\mathrm{JacobFro}},Jacov Fisher Mul Log Log Jacob_fro Div <EOS>,(log(log((Jacov * Fisher))) / Jacob_fro),0.881200000,0.915800000,68,7,5,2215,run_monash_time_unique1000,2,6,TIME__Coastal_T_S__20T/seed_2215/run_monash_time_unique1000/visualizations/archive_latex.tex
537,0.380744544,0.881200000,\mathrm{plain} + \log\left(\mathrm{Jacov}\right) - \sqrt{\mathrm{JacobFro}},plain Jacov Log Jacob_fro Sqrt Sub Add <EOS>,(plain + (log(Jacov) - sqrt(Jacob_fro))),0.881200000,0.915700000,25,7,4,2258,run_monash_time_unique1000,2,3,TIME__Coastal_T_S__20T/seed_2258/run_monash_time_unique1000/visualizations/archive_latex.tex
538,0.379589217,0.881200000,\frac{\log\left(\left(\mathrm{Jacov}\right) \cdot \left(\mathrm{Fisher}\right)\right)}{\left(\mathrm{JacobFro}\right)^2},Jacov Fisher Mul Log Jacob_fro Square Div <EOS>,(log((Jacov * Fisher)) / square(Jacob_fro)),0.881200000,0.914900000,121,7,4,2036,run_monash_time_unique1000,3,11,TIME__Coastal_T_S__20T/seed_2036/run_monash_time_unique1000/visualizations/archive_latex.tex
539,0.378433890,0.881200000,\frac{\log\left(\log\left(\left(-\mathrm{Fisher}\right) \cdot \left(\mathrm{Jacov}\right)\right)\right)}{\mathrm{JacobFro}},Fisher Negative Jacov Mul Log Log Jacob_fro Div <EOS>,(log(log((-(Fisher) * Jacov))) / Jacob_fro),0.881200000,0.915800000,86,8,6,2214,run_monash_time_unique1000,3,1,TIME__Coastal_T_S__20T/seed_2214/run_monash_time_unique1000/visualizations/archive_latex.tex
540,0.377278562,0.881200000,\frac{\log\left(\left(\mathrm{ZiCo}\right) \cdot \left(\log\left(\left(\mathrm{Jacov}\right) \cdot \left(\mathrm{plain}\right)\right)\right)\right)}{\mathrm{JacobFro}},ZiCo Jacov plain Mul Log Mul Log Jacob_fro Div <EOS>,(log((ZiCo * log((Jacov * plain)))) / Jacob_fro),0.881200000,0.928000000,148,9,6,2036,run_monash_time_unique1000,4,7,TIME__Coastal_T_S__20T/seed_2036/run_monash_time_unique1000/visualizations/archive_latex.tex
541,0.376123235,0.881200000,\frac{\log\left(\left(\mathrm{Fisher}\right) \cdot \left(\mathrm{Jacov}\right)\right)}{\left(\mathrm{JacobFro}\right)^2},Fisher Jacov Mul Log Jacob_fro Square Div <EOS>,(log((Fisher * Jacov)) / square(Jacob_fro)),0.881200000,0.914900000,80,7,4,2271,run_monash_time_unique1000,4,11,TIME__Coastal_T_S__20T/seed_2271/run_monash_time_unique1000/visualizations/archive_latex.tex
542,0.374967908,0.881200000,\frac{\log\left(\log\left(\left(\mathrm{Fisher}\right) \cdot \left(\mathrm{Jacov}\right)\right)\right)}{\mathrm{JacobFro}},Fisher Jacov Mul Log Log Jacob_fro Div <EOS>,(log(log((Fisher * Jacov))) / Jacob_fro),0.881200000,0.915800000,31,7,5,2036,run_monash_time_unique1000,5,6,TIME__Coastal_T_S__20T/seed_2036/run_monash_time_unique1000/visualizations/archive_latex.tex
543,0.373812580,0.881200000,\left(\mathrm{plain}\right)^2 - \frac{\frac{\mathrm{JacobFro}}{\mathrm{ZiCo}}}{\log\left(\mathrm{Jacov}\right)},plain Square Jacob_fro ZiCo Div Jacov Log Div Sub <EOS>,(square(plain) - ((Jacob_fro / ZiCo) / log(Jacov))),0.881200000,0.928700000,29,9,4,2282,run_monash_time_unique1000,6,4,TIME__Coastal_T_S__20T/seed_2282/run_monash_time_unique1000/visualizations/archive_latex.tex
544,0.372657253,0.881200000,\frac{\log\left(\left(\log\left(\left(\mathrm{Jacov}\right) \cdot \left(\mathrm{plain}\right)\right)\right) \cdot \left(\mathrm{ZiCo}\right)\right)}{\mathrm{JacobFro}},Jacov plain Mul Log ZiCo Mul Log Jacob_fro Div <EOS>,(log((log((Jacov * plain)) * ZiCo)) / Jacob_fro),0.881200000,0.928000000,66,9,6,2298,run_monash_time_unique1000,6,1,TIME__Coastal_T_S__20T/seed_2298/run_monash_time_unique1000/visualizations/archive_latex.tex
545,0.371501926,0.881200000,\frac{\log\left(\left(\log\left(\left(\mathrm{plain}\right) \cdot \left(\mathrm{Jacov}\right)\right)\right) \cdot \left(\mathrm{ZiCo}\right)\right)}{\mathrm{JacobFro}},plain Jacov Mul Log ZiCo Mul Log Jacob_fro Div <EOS>,(log((log((plain * Jacov)) * ZiCo)) / Jacob_fro),0.881200000,0.928000000,25,9,6,2251,run_monash_time_unique1000,7,3,TIME__Coastal_T_S__20T/seed_2251/run_monash_time_unique1000/visualizations/archive_latex.tex
546,0.370346598,0.881200000,\frac{\left(\mathrm{plain}\right)^2 - \mathrm{JacobFro}}{\mathrm{ZiCo} + \log\left(\mathrm{Jacov}\right)},plain Square Jacob_fro Sub ZiCo Jacov Log Add Div <EOS>,((square(plain) - Jacob_fro) / (ZiCo + log(Jacov))),0.881200000,0.924700000,169,9,4,2323,run_monash_time_unique1000,7,1,TIME__Coastal_T_S__20T/seed_2323/run_monash_time_unique1000/visualizations/archive_latex.tex
547,0.369191271,0.881200000,\frac{\mathrm{ZiCo} - \mathrm{JacobFro}}{\log\left(\mathrm{Jacov}\right) + \mathrm{Fisher}},ZiCo Jacob_fro Sub Jacov Log Fisher Add Div <EOS>,((ZiCo - Jacob_fro) / (log(Jacov) + Fisher)),0.881200000,0.920300000,113,8,4,2056,run_monash_time_unique1000,8,1,TIME__Coastal_T_S__20T/seed_2056/run_monash_time_unique1000/visualizations/archive_latex.tex
548,0.368035944,0.881200000,\left(\mathrm{plain}\right)^2 - \frac{\mathrm{JacobFro}}{\left(\log\left(\mathrm{Jacov}\right)\right) \cdot \left(\mathrm{ZiCo}\right)},plain Square Jacob_fro Jacov Log ZiCo Mul Div Sub <EOS>,(square(plain) - (Jacob_fro / (log(Jacov) * ZiCo))),0.881200000,0.928700000,58,9,5,2103,run_monash_time_unique1000,8,3,TIME__Coastal_T_S__20T/seed_2103/run_monash_time_unique1000/visualizations/archive_latex.tex
549,0.366880616,0.881200000,\frac{\mathrm{ZiCo} + \log\left(\mathrm{Jacov}\right)}{\mathrm{JacobFro} - \left(\mathrm{plain}\right)^2},ZiCo Jacov Log Add Jacob_fro plain Square Sub Div <EOS>,((ZiCo + log(Jacov)) / (Jacob_fro - square(plain))),0.881200000,0.924700000,58,9,4,2121,run_monash_time_unique1000,8,2,TIME__Coastal_T_S__20T/seed_2121/run_monash_time_unique1000/visualizations/archive_latex.tex
550,0.365725289,0.881200000,\left(\mathrm{plain}\right)^2 - \frac{\mathrm{JacobFro}}{\left(\mathrm{ZiCo}\right) \cdot \left(\log\left(\mathrm{Jacov}\right)\right)},plain Square Jacob_fro ZiCo Jacov Log Mul Div Sub <EOS>,(square(plain) - (Jacob_fro / (ZiCo * log(Jacov)))),0.881200000,0.928700000,112,9,5,2136,run_monash_time_unique1000,8,1,TIME__Coastal_T_S__20T/seed_2136/run_monash_time_unique1000/visualizations/archive_latex.tex
551,0.364569961,0.881200000,\frac{\sqrt{\log\left(\left(\mathrm{Jacov}\right) \cdot \left(\mathrm{Fisher}\right)\right)}}{\mathrm{JacobFro}},Jacov Fisher Mul Log Sqrt Jacob_fro Div <EOS>,(sqrt(log((Jacov * Fisher))) / Jacob_fro),0.881200000,0.914900000,70,7,5,2048,run_monash_time_unique1000,9,1,TIME__Coastal_T_S__20T/seed_2048/run_monash_time_unique1000/visualizations/archive_latex.tex
552,0.363414634,0.881200000,\frac{\left(\mathrm{plain}\right)^2 - \mathrm{JacobFro}}{\log\left(\mathrm{Jacov}\right) + \mathrm{ZiCo}},plain Square Jacob_fro Sub Jacov Log ZiCo Add Div <EOS>,((square(plain) - Jacob_fro) / (log(Jacov) + ZiCo)),0.881200000,0.924700000,57,9,4,2056,run_monash_time_unique1000,9,3,TIME__Coastal_T_S__20T/seed_2056/run_monash_time_unique1000/visualizations/archive_latex.tex
553,0.362259307,0.881200000,\frac{\log\left(\mathrm{Jacov}\right) + \mathrm{Fisher}}{\mathrm{JacobFro} - \mathrm{ZiCo}},Jacov Log Fisher Add Jacob_fro ZiCo Sub Div <EOS>,((log(Jacov) + Fisher) / (Jacob_fro - ZiCo)),0.881200000,0.920300000,162,8,4,2138,run_monash_time_unique1000,9,2,TIME__Coastal_T_S__20T/seed_2138/run_monash_time_unique1000/visualizations/archive_latex.tex
554,0.361103979,0.881200000,\frac{\log\left(\left(\mathrm{ZiCo}\right) \cdot \left(\log\left(\left(\mathrm{plain}\right) \cdot \left(\mathrm{Jacov}\right)\right)\right)\right)}{\mathrm{JacobFro}},ZiCo plain Jacov Mul Log Mul Log Jacob_fro Div <EOS>,(log((ZiCo * log((plain * Jacov)))) / Jacob_fro),0.881200000,0.928000000,74,9,6,2229,run_monash_time_unique1000,9,1,TIME__Coastal_T_S__20T/seed_2229/run_monash_time_unique1000/visualizations/archive_latex.tex
555,0.359948652,0.881200000,\frac{\log\left(\mathrm{Jacov}\right) + \mathrm{ZiCo}}{\mathrm{JacobFro} - \left(\mathrm{plain}\right)^2},Jacov Log ZiCo Add Jacob_fro plain Square Sub Div <EOS>,((log(Jacov) + ZiCo) / (Jacob_fro - square(plain))),0.881200000,0.924700000,194,9,4,2046,run_monash_time_unique1000,10,2,TIME__Coastal_T_S__20T/seed_2046/run_monash_time_unique1000/visualizations/archive_latex.tex
556,0.358793325,0.881200000,\left(\log\left(\mathrm{ZiCo}\right)\right) \cdot \left(\frac{\mathrm{JacobFro}}{\log\left(\mathrm{Jacov}\right)}\right) + \mathrm{plain},ZiCo Log Jacob_fro Jacov Log Div Mul plain Add <EOS>,((log(ZiCo) * (Jacob_fro / log(Jacov))) + plain),0.881200000,0.925600000,180,9,5,2072,run_monash_time_unique1000,10,1,TIME__Coastal_T_S__20T/seed_2072/run_monash_time_unique1000/visualizations/archive_latex.tex
557,0.357637997,0.881200000,\log\left(\mathrm{Jacov}\right) - \sqrt{\mathrm{JacobFro}} + \mathrm{plain},Jacov Log Jacob_fro Sqrt Sub plain Add <EOS>,((log(Jacov) - sqrt(Jacob_fro)) + plain),0.881200000,0.915700000,158,7,4,2246,run_monash_time_unique1000,10,1,TIME__Coastal_T_S__20T/seed_2246/run_monash_time_unique1000/visualizations/archive_latex.tex
558,0.356482670,0.881200000,\mathrm{plain} - \sqrt{\mathrm{JacobFro}} - \log\left(\mathrm{Jacov}\right),plain Jacob_fro Sqrt Jacov Log Sub Sub <EOS>,(plain - (sqrt(Jacob_fro) - log(Jacov))),0.881200000,0.915700000,79,7,4,2264,run_monash_time_unique1000,10,1,TIME__Coastal_T_S__20T/seed_2264/run_monash_time_unique1000/visualizations/archive_latex.tex
559,0.355327343,0.881100000,\frac{\log\left(\mathrm{Fisher}\right) - \mathrm{JacobFro}}{\log\left(\mathrm{Jacov}\right) + \mathrm{ZiCo}},Fisher Log Jacob_fro Sub Jacov Log ZiCo Add Div <EOS>,((log(Fisher) - Jacob_fro) / (log(Jacov) + ZiCo)),0.881100000,0.918900000,89,9,4,2078,run_monash_time_unique1000,10,1,TIME__Coastal_T_S__20T/seed_2078/run_monash_time_unique1000/visualizations/archive_latex.tex
560,0.354172015,0.881100000,\frac{\log\left(\frac{\left(\mathrm{plain}\right) \cdot \left(\mathrm{Jacov}\right)}{\mathrm{JacobFro}}\right)}{\left(\mathrm{JacobFro}\right)^2},plain Jacov Mul Jacob_fro Div Log Jacob_fro Square Div <EOS>,(log(((plain * Jacov) / Jacob_fro)) / square(Jacob_fro)),0.881100000,0.919900000,101,9,5,2114,run_monash_time_unique1000,10,1,TIME__Coastal_T_S__20T/seed_2114/run_monash_time_unique1000/visualizations/archive_latex.tex
561,0.353016688,0.881100000,\mathrm{ZiCo} + \frac{\log\left(\left(\mathrm{Fisher}\right) \cdot \left(\mathrm{Jacov}\right)\right)}{\mathrm{JacobFro}},ZiCo Fisher Jacov Mul Log Jacob_fro Div Add <EOS>,(ZiCo + (log((Fisher * Jacov)) / Jacob_fro)),0.881100000,0.912400000,99,8,5,2223,run_monash_time_unique1000,10,1,TIME__Coastal_T_S__20T/seed_2223/run_monash_time_unique1000/visualizations/archive_latex.tex
562,0.351861361,0.881000000,\frac{\left(\mathrm{plain} + \log\left(\mathrm{Jacov}\right)\right)^2}{\mathrm{JacobFro}},plain Jacov Log Add Square Jacob_fro Div <EOS>,(square((plain + log(Jacov))) / Jacob_fro),0.881000000,0.920300000,177,7,5,2215,run_monash_time_unique1000,3,1,TIME__Coastal_T_S__20T/seed_2215/run_monash_time_unique1000/visualizations/archive_latex.tex
563,0.350706033,0.881000000,\frac{\log\left(\mathrm{Jacov}\right) + \mathrm{plain}}{\sqrt{\mathrm{JacobFro}}},Jacov Log plain Add Jacob_fro Sqrt Div <EOS>,((log(Jacov) + plain) / sqrt(Jacob_fro)),0.881000000,0.920300000,156,7,4,2032,run_monash_time_unique1000,5,12,TIME__Coastal_T_S__20T/seed_2032/run_monash_time_unique1000/visualizations/archive_latex.tex
564,0.349550706,0.881000000,\frac{\mathrm{plain} + \log\left(\mathrm{Jacov}\right)}{\sqrt{\mathrm{JacobFro}}},plain Jacov Log Add Jacob_fro Sqrt Div <EOS>,((plain + log(Jacov)) / sqrt(Jacob_fro)),0.881000000,0.920300000,116,7,4,2293,run_monash_time_unique1000,5,9,TIME__Coastal_T_S__20T/seed_2293/run_monash_time_unique1000/visualizations/archive_latex.tex
565,0.348395379,0.881000000,\frac{\log\left(\mathrm{ZiCo} + \mathrm{Jacov}\right) + \mathrm{plain}}{\sqrt{\mathrm{JacobFro}}},ZiCo Jacov Add Log plain Add Jacob_fro Sqrt Div <EOS>,((log((ZiCo + Jacov)) + plain) / sqrt(Jacob_fro)),0.881000000,0.919900000,198,9,5,2059,run_monash_time_unique1000,6,1,TIME__Coastal_T_S__20T/seed_2059/run_monash_time_unique1000/visualizations/archive_latex.tex
566,0.347240051,0.881000000,\left(\mathrm{ZiCo}\right)^2 - \frac{\mathrm{JacobFro}}{\mathrm{plain} + \log\left(\mathrm{Jacov}\right)},ZiCo Square Jacob_fro plain Jacov Log Add Div Sub <EOS>,(square(ZiCo) - (Jacob_fro / (plain + log(Jacov)))),0.881000000,0.926600000,25,9,5,2180,run_monash_time_unique1000,6,1,TIME__Coastal_T_S__20T/seed_2180/run_monash_time_unique1000/visualizations/archive_latex.tex
567,0.346084724,0.881000000,\mathrm{plain} - \frac{\frac{\mathrm{JacobFro}}{\mathrm{ZiCo}}}{\log\left(\left(\mathrm{Jacov}\right)^2\right)},plain Jacob_fro ZiCo Div Jacov Square Log Div Sub <EOS>,(plain - ((Jacob_fro / ZiCo) / log(square(Jacov)))),0.881000000,0.925700000,27,9,5,2282,run_monash_time_unique1000,7,3,TIME__Coastal_T_S__20T/seed_2282/run_monash_time_unique1000/visualizations/archive_latex.tex
568,0.344929397,0.881000000,\frac{\left(\log\left(\mathrm{Jacov}\right) + \mathrm{plain}\right)^2}{\mathrm{JacobFro}},Jacov Log plain Add Square Jacob_fro Div <EOS>,(square((log(Jacov) + plain)) / Jacob_fro),0.881000000,0.920300000,109,7,5,2103,run_monash_time_unique1000,9,2,TIME__Coastal_T_S__20T/seed_2103/run_monash_time_unique1000/visualizations/archive_latex.tex
569,0.343774069,0.881000000,\mathrm{plain} - \frac{\mathrm{JacobFro}}{\left(\mathrm{ZiCo}\right) \cdot \left(\log\left(\left(\mathrm{Jacov}\right)^2\right)\right)},plain Jacob_fro ZiCo Jacov Square Log Mul Div Sub <EOS>,(plain - (Jacob_fro / (ZiCo * log(square(Jacov))))),0.881000000,0.925700000,144,9,6,2136,run_monash_time_unique1000,9,1,TIME__Coastal_T_S__20T/seed_2136/run_monash_time_unique1000/visualizations/archive_latex.tex
570,0.342618742,0.881000000,\left(\mathrm{ZiCo}\right)^2 - \frac{\mathrm{JacobFro}}{\log\left(\mathrm{Jacov}\right) + \mathrm{plain}},ZiCo Square Jacob_fro Jacov Log plain Add Div Sub <EOS>,(square(ZiCo) - (Jacob_fro / (log(Jacov) + plain))),0.881000000,0.926600000,122,9,5,2320,run_monash_time_unique1000,9,2,TIME__Coastal_T_S__20T/seed_2320/run_monash_time_unique1000/visualizations/archive_latex.tex
571,0.341463415,0.881000000,\mathrm{plain} - \frac{\mathrm{JacobFro}}{\left(\log\left(\left(\mathrm{Jacov}\right)^2\right)\right) \cdot \left(\mathrm{ZiCo}\right)},plain Jacob_fro Jacov Square Log ZiCo Mul Div Sub <EOS>,(plain - (Jacob_fro / (log(square(Jacov)) * ZiCo))),0.881000000,0.925700000,26,9,6,2087,run_monash_time_unique1000,10,1,TIME__Coastal_T_S__20T/seed_2087/run_monash_time_unique1000/visualizations/archive_latex.tex
572,0.340308087,0.881000000,\frac{\log\left(\mathrm{Jacov}\right) + \mathrm{plain}}{\sqrt{-\mathrm{JacobFro}}},Jacov Log plain Add Jacob_fro Negative Sqrt Div <EOS>,((log(Jacov) + plain) / sqrt(-(Jacob_fro))),0.881000000,0.920300000,180,8,4,2288,run_monash_time_unique1000,10,1,TIME__Coastal_T_S__20T/seed_2288/run_monash_time_unique1000/visualizations/archive_latex.tex
573,0.339152760,0.880900000,\left(\mathrm{ZiCo}\right) \cdot \left(\log\left(\left(\mathrm{Jacov}\right) \cdot \left(\mathrm{Fisher}\right)\right)\right) - \sqrt{\mathrm{JacobFro}},ZiCo Jacov Fisher Mul Log Mul Jacob_fro Sqrt Sub <EOS>,((ZiCo * log((Jacov * Fisher))) - sqrt(Jacob_fro)),0.880900000,0.927300000,80,9,5,2215,run_monash_time_unique1000,4,3,TIME__Coastal_T_S__20T/seed_2215/run_monash_time_unique1000/visualizations/archive_latex.tex
574,0.337997433,0.880900000,\mathrm{ZiCo} - \frac{\mathrm{JacobFro}}{\log\left(\mathrm{Jacov}\right) + \mathrm{plain}},ZiCo Jacob_fro Jacov Log plain Add Div Sub <EOS>,(ZiCo - (Jacob_fro / (log(Jacov) + plain))),0.880900000,0.927200000,198,8,5,2319,run_monash_time_unique1000,4,3,TIME__Coastal_T_S__20T/seed_2319/run_monash_time_unique1000/visualizations/archive_latex.tex
575,0.336842105,0.880900000,\frac{\left(\mathrm{ZiCo}\right) \cdot \left(\log\left(\left(\mathrm{Jacov}\right) \cdot \left(\mathrm{plain}\right)\right)\right)}{\sqrt{\mathrm{JacobFro}}},ZiCo Jacov plain Mul Log Mul Jacob_fro Sqrt Div <EOS>,((ZiCo * log((Jacov * plain))) / sqrt(Jacob_fro)),0.880900000,0.920400000,84,9,5,2215,run_monash_time_unique1000,5,1,TIME__Coastal_T_S__20T/seed_2215/run_monash_time_unique1000/visualizations/archive_latex.tex
576,0.335686778,0.880900000,\frac{\log\left(\left(\mathrm{plain}\right) \cdot \left(\mathrm{Jacov}\right)\right)}{\frac{\sqrt{\mathrm{JacobFro}}}{\mathrm{ZiCo}}},plain Jacov Mul Log Jacob_fro Sqrt ZiCo Div Div <EOS>,(log((plain * Jacov)) / (sqrt(Jacob_fro) / ZiCo)),0.880900000,0.920400000,46,9,4,2293,run_monash_time_unique1000,6,3,TIME__Coastal_T_S__20T/seed_2293/run_monash_time_unique1000/visualizations/archive_latex.tex
577,0.334531451,0.880900000,\mathrm{ZiCo} - \frac{\mathrm{JacobFro}}{\mathrm{plain} + \log\left(\mathrm{Jacov}\right)},ZiCo Jacob_fro plain Jacov Log Add Div Sub <EOS>,(ZiCo - (Jacob_fro / (plain + log(Jacov)))),0.880900000,0.927200000,24,8,5,2180,run_monash_time_unique1000,7,2,TIME__Coastal_T_S__20T/seed_2180/run_monash_time_unique1000/visualizations/archive_latex.tex
578,0.333376123,0.880900000,\left(\frac{\log\left(\left(\mathrm{plain}\right) \cdot \left(\mathrm{Jacov}\right)\right)}{\sqrt{\mathrm{JacobFro}}}\right) \cdot \left(\mathrm{ZiCo}\right),plain Jacov Mul Log Jacob_fro Sqrt Div ZiCo Mul <EOS>,((log((plain * Jacov)) / sqrt(Jacob_fro)) * ZiCo),0.880900000,0.920400000,45,9,5,2189,run_monash_time_unique1000,7,2,TIME__Coastal_T_S__20T/seed_2189/run_monash_time_unique1000/visualizations/archive_latex.tex
579,0.332220796,0.880900000,\left(\mathrm{ZiCo}\right) \cdot \left(\log\left(\left(\mathrm{Fisher}\right) \cdot \left(\mathrm{Jacov}\right)\right)\right) - \sqrt{\mathrm{JacobFro}},ZiCo Fisher Jacov Mul Log Mul Jacob_fro Sqrt Sub <EOS>,((ZiCo * log((Fisher * Jacov))) - sqrt(Jacob_fro)),0.880900000,0.927300000,125,9,5,2245,run_monash_time_unique1000,7,1,TIME__Coastal_T_S__20T/seed_2245/run_monash_time_unique1000/visualizations/archive_latex.tex
580,0.331065469,0.880900000,\frac{\log\left(\left(\mathrm{Jacov}\right) \cdot \left(\mathrm{plain}\right)\right)}{\frac{\sqrt{\mathrm{JacobFro}}}{\mathrm{ZiCo}}},Jacov plain Mul Log Jacob_fro Sqrt ZiCo Div Div <EOS>,(log((Jacov * plain)) / (sqrt(Jacob_fro) / ZiCo)),0.880900000,0.920400000,32,9,4,2309,run_monash_time_unique1000,7,2,TIME__Coastal_T_S__20T/seed_2309/run_monash_time_unique1000/visualizations/archive_latex.tex
581,0.329910141,0.880900000,\frac{\mathrm{ZiCo}}{\frac{\sqrt{\mathrm{JacobFro}}}{\log\left(\left(\mathrm{plain}\right) \cdot \left(\mathrm{Jacov}\right)\right)}},ZiCo Jacob_fro Sqrt plain Jacov Mul Log Div Div <EOS>,(ZiCo / (sqrt(Jacob_fro) / log((plain * Jacov)))),0.880900000,0.920400000,17,9,5,2180,run_monash_time_unique1000,8,1,TIME__Coastal_T_S__20T/seed_2180/run_monash_time_unique1000/visualizations/archive_latex.tex
582,0.328754814,0.880900000,\left(\frac{\log\left(\left(\mathrm{Jacov}\right) \cdot \left(\mathrm{plain}\right)\right)}{\sqrt{\mathrm{JacobFro}}}\right) \cdot \left(\mathrm{ZiCo}\right),Jacov plain Mul Log Jacob_fro Sqrt Div ZiCo Mul <EOS>,((log((Jacov * plain)) / sqrt(Jacob_fro)) * ZiCo),0.880900000,0.920400000,67,9,5,2207,run_monash_time_unique1000,8,1,TIME__Coastal_T_S__20T/seed_2207/run_monash_time_unique1000/visualizations/archive_latex.tex
583,0.327599487,0.880900000,\frac{\left(\log\left(\left(\mathrm{Jacov}\right) \cdot \left(\mathrm{plain}\right)\right)\right) \cdot \left(\mathrm{ZiCo}\right)}{\sqrt{\mathrm{JacobFro}}},Jacov plain Mul Log ZiCo Mul Jacob_fro Sqrt Div <EOS>,((log((Jacov * plain)) * ZiCo) / sqrt(Jacob_fro)),0.880900000,0.920400000,64,9,5,2298,run_monash_time_unique1000,8,1,TIME__Coastal_T_S__20T/seed_2298/run_monash_time_unique1000/visualizations/archive_latex.tex
584,0.326444159,0.880900000,\frac{\sqrt{\mathrm{plain}} - \frac{\mathrm{JacobFro}}{\log\left(\mathrm{Jacov}\right)}}{\mathrm{ZiCo}},plain Sqrt Jacob_fro Jacov Log Div Sub ZiCo Div <EOS>,((sqrt(plain) - (Jacob_fro / log(Jacov))) / ZiCo),0.880900000,0.927500000,24,9,5,2165,run_monash_time_unique1000,9,1,TIME__Coastal_T_S__20T/seed_2165/run_monash_time_unique1000/visualizations/archive_latex.tex
585,0.325288832,0.880900000,\frac{\left(\log\left(\left(\mathrm{plain}\right) \cdot \left(\mathrm{Jacov}\right)\right)\right) \cdot \left(\mathrm{ZiCo}\right)}{\sqrt{\mathrm{JacobFro}}},plain Jacov Mul Log ZiCo Mul Jacob_fro Sqrt Div <EOS>,((log((plain * Jacov)) * ZiCo) / sqrt(Jacob_fro)),0.880900000,0.920400000,29,9,5,2251,run_monash_time_unique1000,9,1,TIME__Coastal_T_S__20T/seed_2251/run_monash_time_unique1000/visualizations/archive_latex.tex
586,0.324133504,0.880900000,\left(\log\left(\left(\mathrm{Fisher}\right) \cdot \left(\mathrm{Jacov}\right)\right)\right) \cdot \left(\mathrm{ZiCo}\right) - \sqrt{\mathrm{JacobFro}},Fisher Jacov Mul Log ZiCo Mul Jacob_fro Sqrt Sub <EOS>,((log((Fisher * Jacov)) * ZiCo) - sqrt(Jacob_fro)),0.880900000,0.927300000,44,9,5,2120,run_monash_time_unique1000,10,1,TIME__Coastal_T_S__20T/seed_2120/run_monash_time_unique1000/visualizations/archive_latex.tex
587,0.322978177,0.880900000,\left(\left(\mathrm{Fisher}\right)^2\right) \cdot \left(\mathrm{ZiCo}\right) - \frac{\mathrm{JacobFro}}{\log\left(\mathrm{Jacov}\right)},Fisher Square ZiCo Mul Jacob_fro Jacov Log Div Sub <EOS>,((square(Fisher) * ZiCo) - (Jacob_fro / log(Jacov))),0.880900000,0.920900000,105,9,4,2136,run_monash_time_unique1000,10,1,TIME__Coastal_T_S__20T/seed_2136/run_monash_time_unique1000/visualizations/archive_latex.tex
588,0.321822850,0.880900000,\frac{\mathrm{ZiCo}}{\frac{\sqrt{\mathrm{JacobFro}}}{\log\left(\left(\mathrm{Jacov}\right) \cdot \left(\mathrm{plain}\right)\right)}},ZiCo Jacob_fro Sqrt Jacov plain Mul Log Div Div <EOS>,(ZiCo / (sqrt(Jacob_fro) / log((Jacov * plain)))),0.880900000,0.920400000,25,9,5,2218,run_monash_time_unique1000,10,1,TIME__Coastal_T_S__20T/seed_2218/run_monash_time_unique1000/visualizations/archive_latex.tex
589,0.320667522,0.880900000,\frac{\left(\log\left(\mathrm{Jacov}\right)\right) \cdot \left(\mathrm{ZiCo}\right) + \mathrm{Fisher}}{\mathrm{JacobFro}},Jacov Log ZiCo Mul Fisher Add Jacob_fro Div <EOS>,(((log(Jacov) * ZiCo) + Fisher) / Jacob_fro),0.880900000,0.924300000,114,8,5,2269,run_monash_time_unique1000,10,1,TIME__Coastal_T_S__20T/seed_2269/run_monash_time_unique1000/visualizations/archive_latex.tex
590,0.319512195,0.880800000,\frac{\log\left(\left(\frac{\mathrm{Snip}}{\mathrm{L2Norm}}\right) \cdot \left(\mathrm{Jacov}\right)\right)}{\mathrm{JacobFro}},Snip L2-Norm Div Jacov Mul Log Jacob_fro Div <EOS>,(log(((Snip / L2-Norm) * Jacov)) / Jacob_fro),0.880800000,0.913500000,176,8,5,2196,run_monash_time_unique1000,3,1,TIME__Coastal_T_S__20T/seed_2196/run_monash_time_unique1000/visualizations/archive_latex.tex
591,0.318356868,0.880800000,\frac{\mathrm{ZiCo}}{\frac{\mathrm{JacobFro}}{\log\left(\mathrm{Jacov}\right) + \mathrm{plain}}},ZiCo Jacob_fro Jacov Log plain Add Div Div <EOS>,(ZiCo / (Jacob_fro / (log(Jacov) + plain))),0.880800000,0.932200000,196,8,5,2319,run_monash_time_unique1000,5,2,TIME__Coastal_T_S__20T/seed_2319/run_monash_time_unique1000/visualizations/archive_latex.tex
592,0.317201540,0.880800000,\left(\mathrm{ZiCo}\right) \cdot \left(\frac{\mathrm{plain} + \log\left(\mathrm{Jacov}\right)}{\mathrm{JacobFro}}\right),ZiCo plain Jacov Log Add Jacob_fro Div Mul <EOS>,(ZiCo * ((plain + log(Jacov)) / Jacob_fro)),0.880800000,0.932200000,146,8,5,2106,run_monash_time_unique1000,6,1,TIME__Coastal_T_S__20T/seed_2106/run_monash_time_unique1000/visualizations/archive_latex.tex
593,0.316046213,0.880800000,\frac{\left(\mathrm{ZiCo}\right) \cdot \left(\mathrm{plain} + \log\left(\mathrm{Jacov}\right)\right)}{\mathrm{JacobFro}},ZiCo plain Jacov Log Add Mul Jacob_fro Div <EOS>,((ZiCo * (plain + log(Jacov))) / Jacob_fro),0.880800000,0.932200000,175,8,5,2215,run_monash_time_unique1000,6,1,TIME__Coastal_T_S__20T/seed_2215/run_monash_time_unique1000/visualizations/archive_latex.tex
594,0.314890886,0.880800000,\left(\left(\mathrm{ZiCo}\right) \cdot \left(\mathrm{plain}\right)\right)^2 - \frac{\mathrm{JacobFro}}{\log\left(\mathrm{Jacov}\right)},ZiCo plain Mul Square Jacob_fro Jacov Log Div Sub <EOS>,(square((ZiCo * plain)) - (Jacob_fro / log(Jacov))),0.880800000,0.926000000,52,9,4,2140,run_monash_time_unique1000,7,1,TIME__Coastal_T_S__20T/seed_2140/run_monash_time_unique1000/visualizations/archive_latex.tex
595,0.313735558,0.880800000,\frac{\log\left(\mathrm{Jacov}\right) + \mathrm{plain}}{\frac{\mathrm{JacobFro}}{\mathrm{ZiCo}}},Jacov Log plain Add Jacob_fro ZiCo Div Div <EOS>,((log(Jacov) + plain) / (Jacob_fro / ZiCo)),0.880800000,0.932200000,162,8,4,2143,run_monash_time_unique1000,7,5,TIME__Coastal_T_S__20T/seed_2143/run_monash_time_unique1000/visualizations/archive_latex.tex
596,0.312580231,0.880800000,\frac{\mathrm{plain} + \log\left(\mathrm{Jacov} + \mathrm{JacobFro}\right)}{\mathrm{JacobFro}},plain Jacov Jacob_fro Add Log Add Jacob_fro Div <EOS>,((plain + log((Jacov + Jacob_fro))) / Jacob_fro),0.880800000,0.921500000,166,8,5,2293,run_monash_time_unique1000,7,1,TIME__Coastal_T_S__20T/seed_2293/run_monash_time_unique1000/visualizations/archive_latex.tex
597,0.311424904,0.880800000,\frac{\mathrm{plain} + \log\left(\mathrm{Jacov}\right)}{\frac{\mathrm{JacobFro}}{\mathrm{ZiCo}}},plain Jacov Log Add Jacob_fro ZiCo Div Div <EOS>,((plain + log(Jacov)) / (Jacob_fro / ZiCo)),0.880800000,0.932200000,49,8,4,2071,run_monash_time_unique1000,8,5,TIME__Coastal_T_S__20T/seed_2071/run_monash_time_unique1000/visualizations/archive_latex.tex
598,0.310269576,0.880800000,\frac{\mathrm{ZiCo}}{\frac{\mathrm{JacobFro}}{\mathrm{plain} + \log\left(\mathrm{Jacov}\right)}},ZiCo Jacob_fro plain Jacov Log Add Div Div <EOS>,(ZiCo / (Jacob_fro / (plain + log(Jacov)))),0.880800000,0.932200000,21,8,5,2180,run_monash_time_unique1000,9,1,TIME__Coastal_T_S__20T/seed_2180/run_monash_time_unique1000/visualizations/archive_latex.tex
599,0.309114249,0.880800000,\frac{\left(\log\left(\mathrm{Jacov}\right) + \mathrm{plain}\right) \cdot \left(\mathrm{ZiCo}\right)}{\mathrm{JacobFro}},Jacov Log plain Add ZiCo Mul Jacob_fro Div <EOS>,(((log(Jacov) + plain) * ZiCo) / Jacob_fro),0.880800000,0.932200000,176,8,5,2161,run_monash_time_unique1000,10,1,TIME__Coastal_T_S__20T/seed_2161/run_monash_time_unique1000/visualizations/archive_latex.tex
600,0.307958922,0.880800000,\frac{\left(\log\left(\mathrm{Jacov}\right) - -\mathrm{plain}\right) \cdot \left(\mathrm{ZiCo}\right)}{\mathrm{JacobFro}},Jacov Log plain Negative Sub ZiCo Mul Jacob_fro Div <EOS>,(((log(Jacov) - -(plain)) * ZiCo) / Jacob_fro),0.880800000,0.932200000,118,9,5,2251,run_monash_time_unique1000,10,1,TIME__Coastal_T_S__20T/seed_2251/run_monash_time_unique1000/visualizations/archive_latex.tex
601,0.306803594,0.880700000,\sqrt{\mathrm{plain}} - \frac{\mathrm{JacobFro}}{\sqrt{\mathrm{Jacov}}},plain Sqrt Jacob_fro Jacov Sqrt Div Sub <EOS>,(sqrt(plain) - (Jacob_fro / sqrt(Jacov))),0.880700000,0.913000000,53,7,4,2123,run_monash_time_unique1000,1,3,TIME__Coastal_T_S__20T/seed_2123/run_monash_time_unique1000/visualizations/archive_latex.tex
602,0.305648267,0.880700000,\frac{\log\left(\mathrm{Jacov}\right) + \mathrm{ZiCo}}{\mathrm{JacobFro} - \mathrm{plain}},Jacov Log ZiCo Add Jacob_fro plain Sub Div <EOS>,((log(Jacov) + ZiCo) / (Jacob_fro - plain)),0.880700000,0.922000000,189,8,4,2224,run_monash_time_unique1000,2,4,TIME__Coastal_T_S__20T/seed_2224/run_monash_time_unique1000/visualizations/archive_latex.tex
603,0.304492940,0.880700000,\mathrm{plain} - \log\left(\frac{\mathrm{JacobFro}}{\mathrm{Jacov}}\right) + \sqrt{\mathrm{JacobFro}},plain Jacob_fro Jacov Div Log Jacob_fro Sqrt Add Sub <EOS>,(plain - (log((Jacob_fro / Jacov)) + sqrt(Jacob_fro))),0.880700000,0.920800000,110,9,5,2286,run_monash_time_unique1000,3,1,TIME__Coastal_T_S__20T/seed_2286/run_monash_time_unique1000/visualizations/archive_latex.tex
604,0.303337612,0.880700000,\frac{\mathrm{ZiCo} + \log\left(\mathrm{Jacov}\right)}{\mathrm{JacobFro} - \mathrm{plain}},ZiCo Jacov Log Add Jacob_fro plain Sub Div <EOS>,((ZiCo + log(Jacov)) / (Jacob_fro - plain)),0.880700000,0.922000000,109,8,4,2149,run_monash_time_unique1000,6,5,TIME__Coastal_T_S__20T/seed_2149/run_monash_time_unique1000/visualizations/archive_latex.tex
605,0.302182285,0.880700000,\sqrt{\mathrm{ZiCo}} - \frac{\mathrm{JacobFro}}{\log\left(\mathrm{Jacov}\right) + \mathrm{plain}},ZiCo Sqrt Jacob_fro Jacov Log plain Add Div Sub <EOS>,(sqrt(ZiCo) - (Jacob_fro / (log(Jacov) + plain))),0.880700000,0.926600000,199,9,5,2319,run_monash_time_unique1000,6,1,TIME__Coastal_T_S__20T/seed_2319/run_monash_time_unique1000/visualizations/archive_latex.tex
606,0.301026958,0.880700000,\frac{\mathrm{plain} + \log\left(\mathrm{Jacov}\right)}{\mathrm{JacobFro} + \mathrm{plain}},plain Jacov Log Add Jacob_fro plain Add Div <EOS>,((plain + log(Jacov)) / (Jacob_fro + plain)),0.880700000,0.920000000,163,8,4,2106,run_monash_time_unique1000,7,5,TIME__Coastal_T_S__20T/seed_2106/run_monash_time_unique1000/visualizations/archive_latex.tex
607,0.299871630,0.880700000,\frac{\log\left(\mathrm{Jacov}\right) + \mathrm{plain}}{\mathrm{JacobFro} + \mathrm{plain}},Jacov Log plain Add Jacob_fro plain Add Div <EOS>,((log(Jacov) + plain) / (Jacob_fro + plain)),0.880700000,0.920000000,165,8,4,2143,run_monash_time_unique1000,8,3,TIME__Coastal_T_S__20T/seed_2143/run_monash_time_unique1000/visualizations/archive_latex.tex
608,0.298716303,0.880700000,\frac{\mathrm{plain} - \mathrm{JacobFro}}{\log\left(\mathrm{Jacov}\right) + \mathrm{ZiCo}},plain Jacob_fro Sub Jacov Log ZiCo Add Div <EOS>,((plain - Jacob_fro) / (log(Jacov) + ZiCo)),0.880700000,0.922000000,55,8,4,2216,run_monash_time_unique1000,8,4,TIME__Coastal_T_S__20T/seed_2216/run_monash_time_unique1000/visualizations/archive_latex.tex
609,0.297560976,0.880700000,\frac{\mathrm{plain} - \mathrm{JacobFro}}{\mathrm{ZiCo} + \log\left(\mathrm{Jacov}\right)},plain Jacob_fro Sub ZiCo Jacov Log Add Div <EOS>,((plain - Jacob_fro) / (ZiCo + log(Jacov))),0.880700000,0.922000000,86,8,4,2323,run_monash_time_unique1000,8,2,TIME__Coastal_T_S__20T/seed_2323/run_monash_time_unique1000/visualizations/archive_latex.tex
610,0.296405648,0.880700000,\frac{\mathrm{plain} + \log\left(\mathrm{Jacov}\right)}{\mathrm{plain} + \mathrm{JacobFro}},plain Jacov Log Add plain Jacob_fro Add Div <EOS>,((plain + log(Jacov)) / (plain + Jacob_fro)),0.880700000,0.920000000,114,8,4,2209,run_monash_time_unique1000,9,1,TIME__Coastal_T_S__20T/seed_2209/run_monash_time_unique1000/visualizations/archive_latex.tex
611,0.295250321,0.880700000,\frac{\log\left(\mathrm{Jacov}\right) - \mathrm{JacobFro}}{\mathrm{JacobFro} + \mathrm{plain}},Jacov Log Jacob_fro Sub Jacob_fro plain Add Div <EOS>,((log(Jacov) - Jacob_fro) / (Jacob_fro + plain)),0.880700000,0.920000000,174,8,4,2165,run_monash_time_unique1000,10,1,TIME__Coastal_T_S__20T/seed_2165/run_monash_time_unique1000/visualizations/archive_latex.tex
612,0.294094994,0.880600000,\mathrm{ZiCo} - \frac{\mathrm{JacobFro}}{\log\left(\left(\left(\mathrm{Jacov}\right) \cdot \left(\mathrm{plain}\right)\right)^2\right)},ZiCo Jacob_fro Jacov plain Mul Square Log Div Sub <EOS>,(ZiCo - (Jacob_fro / log(square((Jacov * plain))))),0.880600000,0.927900000,66,9,6,2037,run_monash_time_unique1000,9,1,TIME__Coastal_T_S__20T/seed_2037/run_monash_time_unique1000/visualizations/archive_latex.tex
613,0.292939666,0.880600000,\mathrm{plain} - \frac{\frac{\mathrm{JacobFro}}{\mathrm{ZiCo}}}{\log\left(\mathrm{Jacov}\right)},plain Jacob_fro ZiCo Div Jacov Log Div Sub <EOS>,(plain - ((Jacob_fro / ZiCo) / log(Jacov))),0.880600000,0.928400000,24,8,4,2282,run_monash_time_unique1000,9,1,TIME__Coastal_T_S__20T/seed_2282/run_monash_time_unique1000/visualizations/archive_latex.tex
614,0.291784339,0.880500000,\frac{\log\left(\mathrm{ZiCo} - \mathrm{Jacov}\right) + \sqrt{\mathrm{Fisher}}}{\mathrm{JacobFro}},ZiCo Jacov Sub Log Fisher Sqrt Add Jacob_fro Div <EOS>,((log((ZiCo - Jacov)) + sqrt(Fisher)) / Jacob_fro),0.880500000,0.920000000,191,9,5,2059,run_monash_time_unique1000,7,1,TIME__Coastal_T_S__20T/seed_2059/run_monash_time_unique1000/visualizations/archive_latex.tex
615,0.290629012,0.880500000,\frac{\left(\mathrm{Fisher} + \log\left(\sqrt{\mathrm{Jacov}}\right)\right) \cdot \left(\mathrm{ZiCo}\right)}{\mathrm{JacobFro}},Fisher Jacov Sqrt Log Add ZiCo Mul Jacob_fro Div <EOS>,(((Fisher + log(sqrt(Jacov))) * ZiCo) / Jacob_fro),0.880500000,0.928400000,161,9,6,2106,run_monash_time_unique1000,8,1,TIME__Coastal_T_S__20T/seed_2106/run_monash_time_unique1000/visualizations/archive_latex.tex
616,0.289473684,0.880500000,\frac{\sqrt{\mathrm{Fisher}} + \log\left(\mathrm{Jacov}\right)}{\mathrm{JacobFro}},Fisher Sqrt Jacov Log Add Jacob_fro Div <EOS>,((sqrt(Fisher) + log(Jacov)) / Jacob_fro),0.880500000,0.919800000,134,7,4,2245,run_monash_time_unique1000,8,2,TIME__Coastal_T_S__20T/seed_2245/run_monash_time_unique1000/visualizations/archive_latex.tex
617,0.288318357,0.880500000,\frac{\mathrm{Fisher} + \log\left(\mathrm{Jacov} - \mathrm{GradNorm}\right)}{\mathrm{JacobFro}},Fisher Jacov Grad_Norm Sub Log Add Jacob_fro Div <EOS>,((Fisher + log((Jacov - Grad_Norm))) / Jacob_fro),0.880500000,0.920400000,190,8,5,2106,run_monash_time_unique1000,9,1,TIME__Coastal_T_S__20T/seed_2106/run_monash_time_unique1000/visualizations/archive_latex.tex
618,0.287163030,0.880500000,\frac{\mathrm{GradNorm}}{\mathrm{JacobFro}} - \frac{\mathrm{JacobFro}}{\log\left(\mathrm{Jacov}\right)},Grad_Norm Jacob_fro Div Jacob_fro Jacov Log Div Sub <EOS>,((Grad_Norm / Jacob_fro) - (Jacob_fro / log(Jacov))),0.880500000,0.914000000,187,8,4,2143,run_monash_time_unique1000,9,1,TIME__Coastal_T_S__20T/seed_2143/run_monash_time_unique1000/visualizations/archive_latex.tex
619,0.286007702,0.880500000,\frac{\log\left(\mathrm{Jacov}\right) + \sqrt{\mathrm{Fisher}}}{\mathrm{JacobFro}},Jacov Log Fisher Sqrt Add Jacob_fro Div <EOS>,((log(Jacov) + sqrt(Fisher)) / Jacob_fro),0.880500000,0.919800000,174,7,4,2212,run_monash_time_unique1000,10,1,TIME__Coastal_T_S__20T/seed_2212/run_monash_time_unique1000/visualizations/archive_latex.tex
620,0.284852375,0.880500000,\log\left(\mathrm{Fisher}\right) - \frac{\frac{\mathrm{JacobFro}}{\mathrm{ZiCo}}}{\log\left(\mathrm{Jacov}\right)},Fisher Log Jacob_fro ZiCo Div Jacov Log Div Sub <EOS>,(log(Fisher) - ((Jacob_fro / ZiCo) / log(Jacov))),0.880500000,0.925500000,44,9,4,2282,run_monash_time_unique1000,10,1,TIME__Coastal_T_S__20T/seed_2282/run_monash_time_unique1000/visualizations/archive_latex.tex
621,0.283697047,0.880400000,\log\left(\mathrm{Jacov}\right) - \sqrt{\mathrm{JacobFro}} - \mathrm{Fisher},Jacov Log Jacob_fro Sqrt Fisher Sub Sub <EOS>,(log(Jacov) - (sqrt(Jacob_fro) - Fisher)),0.880400000,0.911300000,23,7,4,2224,run_monash_time_unique1000,3,1,TIME__Coastal_T_S__20T/seed_2224/run_monash_time_unique1000/visualizations/archive_latex.tex
622,0.282541720,0.880400000,\log\left(\mathrm{Jacov}\right) + \mathrm{Fisher} - \sqrt{\mathrm{JacobFro}},Jacov Log Fisher Jacob_fro Sqrt Sub Add <EOS>,(log(Jacov) + (Fisher - sqrt(Jacob_fro))),0.880400000,0.911300000,21,7,4,2294,run_monash_time_unique1000,3,2,TIME__Coastal_T_S__20T/seed_2294/run_monash_time_unique1000/visualizations/archive_latex.tex
623,0.281386393,0.880400000,\log\left(\mathrm{Jacov}\right) + \mathrm{Fisher} - \sqrt{\mathrm{JacobFro}},Jacov Log Fisher Add Jacob_fro Sqrt Sub <EOS>,((log(Jacov) + Fisher) - sqrt(Jacob_fro)),0.880400000,0.911300000,187,7,4,2271,run_monash_time_unique1000,5,1,TIME__Coastal_T_S__20T/seed_2271/run_monash_time_unique1000/visualizations/archive_latex.tex
624,0.280231065,0.880400000,\frac{\left(\sqrt{\mathrm{ZiCo}}\right) \cdot \left(\log\left(\left(\mathrm{Jacov}\right) \cdot \left(\mathrm{plain}\right)\right)\right)}{\mathrm{JacobFro}},ZiCo Sqrt Jacov plain Mul Log Mul Jacob_fro Div <EOS>,((sqrt(ZiCo) * log((Jacov * plain))) / Jacob_fro),0.880400000,0.927200000,148,9,5,2036,run_monash_time_unique1000,6,3,TIME__Coastal_T_S__20T/seed_2036/run_monash_time_unique1000/visualizations/archive_latex.tex
625,0.279075738,0.880400000,\left(\frac{\log\left(\left(\mathrm{plain}\right) \cdot \left(\mathrm{Jacov}\right)\right)}{\mathrm{JacobFro}}\right) \cdot \left(\sqrt{\mathrm{ZiCo}}\right),plain Jacov Mul Log Jacob_fro Div ZiCo Sqrt Mul <EOS>,((log((plain * Jacov)) / Jacob_fro) * sqrt(ZiCo)),0.880400000,0.927200000,30,9,5,2189,run_monash_time_unique1000,8,2,TIME__Coastal_T_S__20T/seed_2189/run_monash_time_unique1000/visualizations/archive_latex.tex
626,0.277920411,0.880400000,\frac{\log\left(\left(\mathrm{plain}\right) \cdot \left(\mathrm{Jacov}\right)\right)}{\frac{\mathrm{JacobFro}}{\sqrt{\mathrm{ZiCo}}}},plain Jacov Mul Log Jacob_fro ZiCo Sqrt Div Div <EOS>,(log((plain * Jacov)) / (Jacob_fro / sqrt(ZiCo))),0.880400000,0.927200000,42,9,4,2104,run_monash_time_unique1000,9,1,TIME__Coastal_T_S__20T/seed_2104/run_monash_time_unique1000/visualizations/archive_latex.tex
627,0.276765083,0.880400000,\left(\frac{\log\left(\left(\mathrm{Jacov}\right) \cdot \left(\mathrm{plain}\right)\right)}{\mathrm{JacobFro}}\right) \cdot \left(\sqrt{\mathrm{ZiCo}}\right),Jacov plain Mul Log Jacob_fro Div ZiCo Sqrt Mul <EOS>,((log((Jacov * plain)) / Jacob_fro) * sqrt(ZiCo)),0.880400000,0.927200000,76,9,5,2207,run_monash_time_unique1000,9,1,TIME__Coastal_T_S__20T/seed_2207/run_monash_time_unique1000/visualizations/archive_latex.tex
628,0.275609756,0.880400000,\frac{\mathrm{plain} - \mathrm{JacobFro}}{\log\left(\log\left(\left(\mathrm{ZiCo}\right) \cdot \left(\mathrm{Jacov}\right)\right)\right)},plain Jacob_fro Sub ZiCo Jacov Mul Log Log Div <EOS>,((plain - Jacob_fro) / log(log((ZiCo * Jacov)))),0.880400000,0.925300000,108,9,5,2216,run_monash_time_unique1000,9,1,TIME__Coastal_T_S__20T/seed_2216/run_monash_time_unique1000/visualizations/archive_latex.tex
629,0.274454429,0.880400000,\frac{\left(\log\left(\left(\mathrm{Jacov}\right) \cdot \left(\mathrm{plain}\right)\right)\right) \cdot \left(\sqrt{\mathrm{ZiCo}}\right)}{\mathrm{JacobFro}},Jacov plain Mul Log ZiCo Sqrt Mul Jacob_fro Div <EOS>,((log((Jacov * plain)) * sqrt(ZiCo)) / Jacob_fro),0.880400000,0.927200000,57,9,5,2298,run_monash_time_unique1000,9,1,TIME__Coastal_T_S__20T/seed_2298/run_monash_time_unique1000/visualizations/archive_latex.tex
630,0.273299101,0.880400000,\frac{\log\left(\left(\mathrm{Jacov}\right) \cdot \left(\mathrm{plain}\right)\right)}{\frac{\mathrm{JacobFro}}{\sqrt{\mathrm{ZiCo}}}},Jacov plain Mul Log Jacob_fro ZiCo Sqrt Div Div <EOS>,(log((Jacov * plain)) / (Jacob_fro / sqrt(ZiCo))),0.880400000,0.927200000,60,9,4,2304,run_monash_time_unique1000,9,3,TIME__Coastal_T_S__20T/seed_2304/run_monash_time_unique1000/visualizations/archive_latex.tex
631,0.272143774,0.880400000,\frac{\log\left(\mathrm{Jacov}\right)}{\mathrm{JacobFro} - \mathrm{plain} + \log\left(\mathrm{Fisher}\right)},Jacov Log Jacob_fro plain Fisher Log Add Sub Div <EOS>,(log(Jacov) / (Jacob_fro - (plain + log(Fisher)))),0.880400000,0.921500000,39,9,5,2180,run_monash_time_unique1000,10,1,TIME__Coastal_T_S__20T/seed_2180/run_monash_time_unique1000/visualizations/archive_latex.tex
632,0.270988447,0.880300000,\frac{\log\left(\left(\mathrm{Snip} + \mathrm{Jacov}\right) \cdot \left(\sqrt{\mathrm{Fisher}}\right)\right)}{\mathrm{JacobFro}},Snip Jacov Add Fisher Sqrt Mul Log Jacob_fro Div <EOS>,(log(((Snip + Jacov) * sqrt(Fisher))) / Jacob_fro),0.880300000,0.922200000,94,9,5,2125,run_monash_time_unique1000,8,1,TIME__Coastal_T_S__20T/seed_2125/run_monash_time_unique1000/visualizations/archive_latex.tex
633,0.269833119,0.880300000,\left(\mathrm{ZiCo}\right) \cdot \left(\left(\mathrm{plain}\right)^2\right) - \frac{\mathrm{JacobFro}}{\log\left(\mathrm{Jacov}\right)},ZiCo plain Square Mul Jacob_fro Jacov Log Div Sub <EOS>,((ZiCo * square(plain)) - (Jacob_fro / log(Jacov))),0.880300000,0.925600000,99,9,4,2140,run_monash_time_unique1000,8,1,TIME__Coastal_T_S__20T/seed_2140/run_monash_time_unique1000/visualizations/archive_latex.tex
634,0.268677792,0.880300000,\frac{\log\left(\left(\mathrm{plain}\right) \cdot \left(\mathrm{Jacov}\right)\right)}{\mathrm{JacobFro}} + \sqrt{\mathrm{ZiCo}},plain Jacov Mul Log Jacob_fro Div ZiCo Sqrt Add <EOS>,((log((plain * Jacov)) / Jacob_fro) + sqrt(ZiCo)),0.880300000,0.924300000,38,9,5,2189,run_monash_time_unique1000,9,1,TIME__Coastal_T_S__20T/seed_2189/run_monash_time_unique1000/visualizations/archive_latex.tex
635,0.267522465,0.880300000,\mathrm{plain} - -\frac{\left(\mathrm{JacobFro}\right)^2}{\mathrm{Jacov}},plain Jacob_fro Square Jacov Div Negative Sub <EOS>,(plain - -((square(Jacob_fro) / Jacov))),0.880300000,0.911600000,59,7,5,2106,run_monash_time_unique1000,10,1,TIME__Coastal_T_S__20T/seed_2106/run_monash_time_unique1000/visualizations/archive_latex.tex
636,0.266367137,0.880300000,\frac{\log\left(\left(\mathrm{Jacov}\right) \cdot \left(\mathrm{plain}\right)\right)}{\mathrm{JacobFro}} + \sqrt{\mathrm{ZiCo}},Jacov plain Mul Log Jacob_fro Div ZiCo Sqrt Add <EOS>,((log((Jacov * plain)) / Jacob_fro) + sqrt(ZiCo)),0.880300000,0.924300000,82,9,5,2207,run_monash_time_unique1000,10,1,TIME__Coastal_T_S__20T/seed_2207/run_monash_time_unique1000/visualizations/archive_latex.tex
637,0.265211810,0.880200000,\frac{\log\left(\left(\mathrm{plain}\right) \cdot \left(\left(\mathrm{ZiCo}\right) \cdot \left(\mathrm{Jacov}\right)\right)\right)}{\mathrm{JacobFro}},plain ZiCo Jacov Mul Mul Log Jacob_fro Div <EOS>,(log((plain * (ZiCo * Jacov))) / Jacob_fro),0.880200000,0.918000000,26,8,5,2090,run_monash_time_unique1000,1,1,TIME__Coastal_T_S__20T/seed_2090/run_monash_time_unique1000/visualizations/archive_latex.tex
638,0.264056483,0.880200000,\frac{\mathrm{plain} + \log\left(\mathrm{Jacov}\right)}{\log\left(\mathrm{plain} - \mathrm{JacobFro}\right)},plain Jacov Log Add plain Jacob_fro Sub Log Div <EOS>,((plain + log(Jacov)) / log((plain - Jacob_fro))),0.880200000,0.912700000,90,9,4,2255,run_monash_time_unique1000,9,1,TIME__Coastal_T_S__20T/seed_2255/run_monash_time_unique1000/visualizations/archive_latex.tex
639,0.262901155,0.880200000,\frac{\mathrm{MParams} - \mathrm{JacobFro} - \mathrm{plain}}{\log\left(\mathrm{Jacov}\right)},MParams Jacob_fro plain Sub Sub Jacov Log Div <EOS>,((MParams - (Jacob_fro - plain)) / log(Jacov)),0.880200000,0.910800000,24,8,4,2117,run_monash_time_unique1000,10,1,TIME__Coastal_T_S__20T/seed_2117/run_monash_time_unique1000/visualizations/archive_latex.tex
640,0.261745828,0.880200000,\frac{\log\left(\left(\left(\mathrm{Jacov}\right) \cdot \left(\mathrm{plain}\right)\right) \cdot \left(\mathrm{ZiCo}\right)\right)}{\mathrm{JacobFro}},Jacov plain Mul ZiCo Mul Log Jacob_fro Div <EOS>,(log(((Jacov * plain) * ZiCo)) / Jacob_fro),0.880200000,0.918000000,63,8,5,2298,run_monash_time_unique1000,10,1,TIME__Coastal_T_S__20T/seed_2298/run_monash_time_unique1000/visualizations/archive_latex.tex
641,0.260590501,0.880100000,\log\left(\frac{\log\left(\left(\mathrm{Jacov}\right) \cdot \left(\mathrm{plain}\right)\right)}{\mathrm{JacobFro}}\right) + \mathrm{ZiCo},Jacov plain Mul Log Jacob_fro Div Log ZiCo Add <EOS>,(log((log((Jacov * plain)) / Jacob_fro)) + ZiCo),0.880100000,0.926800000,200,9,6,2036,run_monash_time_unique1000,7,1,TIME__Coastal_T_S__20T/seed_2036/run_monash_time_unique1000/visualizations/archive_latex.tex
642,0.259435173,0.880100000,\frac{\mathrm{GradNorm} - \mathrm{JacobFro}}{\left(\mathrm{Jacov}\right)^2},Grad_Norm Jacob_fro Sub Jacov Square Div <EOS>,((Grad_Norm - Jacob_fro) / square(Jacov)),0.880100000,0.872600000,85,6,3,2149,run_monash_time_unique1000,7,1,TIME__Coastal_T_S__20T/seed_2149/run_monash_time_unique1000/visualizations/archive_latex.tex
643,0.258279846,0.880100000,\mathrm{plain} - \frac{\mathrm{JacobFro}}{\log\left(\mathrm{JacobFro} + \mathrm{Jacov}\right)},plain Jacob_fro Jacob_fro Jacov Add Log Div Sub <EOS>,(plain - (Jacob_fro / log((Jacob_fro + Jacov)))),0.880100000,0.920100000,109,8,5,2140,run_monash_time_unique1000,9,1,TIME__Coastal_T_S__20T/seed_2140/run_monash_time_unique1000/visualizations/archive_latex.tex
644,0.257124519,0.880100000,\mathrm{ZiCo} - \log\left(\frac{\mathrm{JacobFro}}{\log\left(\left(\mathrm{Jacov}\right) \cdot \left(\mathrm{plain}\right)\right)}\right),ZiCo Jacob_fro Jacov plain Mul Log Div Log Sub <EOS>,(ZiCo - log((Jacob_fro / log((Jacov * plain))))),0.880100000,0.926800000,56,9,6,2037,run_monash_time_unique1000,10,1,TIME__Coastal_T_S__20T/seed_2037/run_monash_time_unique1000/visualizations/archive_latex.tex
645,0.255969191,0.880100000,\log\left(\frac{\log\left(\left(\mathrm{plain}\right) \cdot \left(\mathrm{Jacov}\right)\right)}{\mathrm{JacobFro}}\right) + \mathrm{ZiCo},plain Jacov Mul Log Jacob_fro Div Log ZiCo Add <EOS>,(log((log((plain * Jacov)) / Jacob_fro)) + ZiCo),0.880100000,0.926800000,111,9,6,2189,run_monash_time_unique1000,10,2,TIME__Coastal_T_S__20T/seed_2189/run_monash_time_unique1000/visualizations/archive_latex.tex
646,0.254813864,0.880100000,\frac{-\mathrm{JacobFro}}{\log\left(\left(\mathrm{Jacov}\right)^2\right) + \mathrm{plain}},Jacob_fro Negative Jacov Square Log plain Add Div <EOS>,(-(Jacob_fro) / (log(square(Jacov)) + plain)),0.880100000,0.919700000,122,8,5,2216,run_monash_time_unique1000,10,1,TIME__Coastal_T_S__20T/seed_2216/run_monash_time_unique1000/visualizations/archive_latex.tex
647,0.253658537,0.880100000,\frac{\mathrm{plain} + \log\left(\left(\mathrm{Jacov}\right)^2\right)}{\mathrm{JacobFro}},plain Jacov Square Log Add Jacob_fro Div <EOS>,((plain + log(square(Jacov))) / Jacob_fro),0.880100000,0.919700000,115,7,5,2293,run_monash_time_unique1000,10,1,TIME__Coastal_T_S__20T/seed_2293/run_monash_time_unique1000/visualizations/archive_latex.tex
648,0.252503209,0.880000000,\log\left(\left(\mathrm{Jacov}\right)^2\right) - \sqrt{\mathrm{JacobFro} - \mathrm{GradNorm}},Jacov Square Log Jacob_fro Grad_Norm Sub Sqrt Sub <EOS>,(log(square(Jacov)) - sqrt((Jacob_fro - Grad_Norm))),0.880000000,0.884300000,159,8,4,2224,run_monash_time_unique1000,4,1,TIME__Coastal_T_S__20T/seed_2224/run_monash_time_unique1000/visualizations/archive_latex.tex
649,0.251347882,0.880000000,\frac{\log\left(\mathrm{Jacov}\right) + \mathrm{plain}}{\left(\log\left(\mathrm{JacobFro}\right)\right)^2},Jacov Log plain Add Jacob_fro Log Square Div <EOS>,((log(Jacov) + plain) / square(log(Jacob_fro))),0.880000000,0.919100000,200,8,4,2059,run_monash_time_unique1000,8,1,TIME__Coastal_T_S__20T/seed_2059/run_monash_time_unique1000/visualizations/archive_latex.tex
650,0.250192555,0.879900000,\left(\log\left(\mathrm{Jacov}\right) + \mathrm{plain}\right)^2 - \mathrm{JacobFro},Jacov Log plain Add Square Jacob_fro Sub <EOS>,(square((log(Jacov) + plain)) - Jacob_fro),0.879900000,0.912800000,90,7,5,2301,run_monash_time_unique1000,1,2,TIME__Coastal_T_S__20T/seed_2301/run_monash_time_unique1000/visualizations/archive_latex.tex
651,0.249037227,0.879900000,\frac{\mathrm{ZiCo} + \mathrm{plain} + \log\left(\mathrm{Jacov}\right)}{\mathrm{JacobFro}},ZiCo plain Jacov Log Add Add Jacob_fro Div <EOS>,((ZiCo + (plain + log(Jacov))) / Jacob_fro),0.879900000,0.923400000,144,8,5,2149,run_monash_time_unique1000,8,2,TIME__Coastal_T_S__20T/seed_2149/run_monash_time_unique1000/visualizations/archive_latex.tex
652,0.247881900,0.879900000,\frac{\log\left(\left(\mathrm{Jacov}\right) \cdot \left(\left(\mathrm{JacobFro}\right) \cdot \left(\mathrm{Fisher}\right)\right)\right)}{\mathrm{JacobFro}},Jacov Jacob_fro Fisher Mul Mul Log Jacob_fro Div <EOS>,(log((Jacov * (Jacob_fro * Fisher))) / Jacob_fro),0.879900000,0.918200000,30,8,5,2304,run_monash_time_unique1000,10,1,TIME__Coastal_T_S__20T/seed_2304/run_monash_time_unique1000/visualizations/archive_latex.tex
653,0.246726573,0.879800000,\frac{\log\left(\mathrm{Jacov}\right)}{\mathrm{JacobFro} - \mathrm{Fisher} - \mathrm{Fisher}},Jacov Log Jacob_fro Fisher Sub Fisher Sub Div <EOS>,(log(Jacov) / ((Jacob_fro - Fisher) - Fisher)),0.879800000,0.917700000,35,8,4,2224,run_monash_time_unique1000,5,1,TIME__Coastal_T_S__20T/seed_2224/run_monash_time_unique1000/visualizations/archive_latex.tex
654,0.245571245,0.879800000,\frac{\left(\mathrm{ZiCo}\right) \cdot \left(\log\left(\left(\mathrm{Jacov}\right) \cdot \left(\mathrm{Fisher}\right)\right)\right)}{\left(\mathrm{JacobFro}\right)^2},ZiCo Jacov Fisher Mul Log Mul Jacob_fro Square Div <EOS>,((ZiCo * log((Jacov * Fisher))) / square(Jacob_fro)),0.879800000,0.925500000,147,9,5,2036,run_monash_time_unique1000,8,1,TIME__Coastal_T_S__20T/seed_2036/run_monash_time_unique1000/visualizations/archive_latex.tex
655,0.244415918,0.879800000,\frac{\log\left(\mathrm{JacobFro} - \mathrm{Jacov}\right) + \mathrm{Fisher}}{\mathrm{JacobFro}},Jacob_fro Jacov Sub Log Fisher Add Jacob_fro Div <EOS>,((log((Jacob_fro - Jacov)) + Fisher) / Jacob_fro),0.879800000,0.920600000,193,8,5,2059,run_monash_time_unique1000,9,1,TIME__Coastal_T_S__20T/seed_2059/run_monash_time_unique1000/visualizations/archive_latex.tex
656,0.243260591,0.879800000,\frac{\log\left(\left(\mathrm{Fisher}\right) \cdot \left(\mathrm{Jacov}\right)\right)}{\frac{\left(\mathrm{JacobFro}\right)^2}{\mathrm{ZiCo}}},Fisher Jacov Mul Log Jacob_fro Square ZiCo Div Div <EOS>,(log((Fisher * Jacov)) / (square(Jacob_fro) / ZiCo)),0.879800000,0.925500000,65,9,4,2104,run_monash_time_unique1000,10,1,TIME__Coastal_T_S__20T/seed_2104/run_monash_time_unique1000/visualizations/archive_latex.tex
657,0.242105263,0.879800000,\frac{\mathrm{Fisher} + \mathrm{Fisher} - \mathrm{JacobFro}}{\log\left(\mathrm{Jacov}\right)},Fisher Fisher Add Jacob_fro Sub Jacov Log Div <EOS>,(((Fisher + Fisher) - Jacob_fro) / log(Jacov)),0.879800000,0.917700000,161,8,4,2283,run_monash_time_unique1000,10,1,TIME__Coastal_T_S__20T/seed_2283/run_monash_time_unique1000/visualizations/archive_latex.tex
658,0.240949936,0.879700000,\frac{\log\left(\mathrm{Jacov}\right)}{\mathrm{JacobFro} - \log\left(\mathrm{Fisher}\right)},Jacov Log Jacob_fro Fisher Log Sub Div <EOS>,(log(Jacov) / (Jacob_fro - log(Fisher))),0.879700000,0.917900000,157,7,4,2090,run_monash_time_unique1000,2,1,TIME__Coastal_T_S__20T/seed_2090/run_monash_time_unique1000/visualizations/archive_latex.tex
659,0.239794608,0.879700000,\frac{\log\left(\mathrm{Jacov}\right)}{\mathrm{JacobFro} - \mathrm{Fisher}},Jacov Log Jacob_fro Fisher Sub Div <EOS>,(log(Jacov) / (Jacob_fro - Fisher)),0.879700000,0.915800000,69,6,3,2260,run_monash_time_unique1000,3,5,TIME__Coastal_T_S__20T/seed_2260/run_monash_time_unique1000/visualizations/archive_latex.tex
660,0.238639281,0.879700000,\frac{\mathrm{Fisher} - \mathrm{JacobFro}}{\log\left(\mathrm{Jacov}\right)},Fisher Jacob_fro Sub Jacov Log Div <EOS>,((Fisher - Jacob_fro) / log(Jacov)),0.879700000,0.915800000,174,6,3,2032,run_monash_time_unique1000,6,2,TIME__Coastal_T_S__20T/seed_2032/run_monash_time_unique1000/visualizations/archive_latex.tex
661,0.237483954,0.879700000,\frac{\log\left(\mathrm{Fisher} + \mathrm{Jacov}\right)}{\mathrm{JacobFro} - \mathrm{Fisher}},Fisher Jacov Add Log Jacob_fro Fisher Sub Div <EOS>,(log((Fisher + Jacov)) / (Jacob_fro - Fisher)),0.879700000,0.915800000,98,8,4,2319,run_monash_time_unique1000,7,1,TIME__Coastal_T_S__20T/seed_2319/run_monash_time_unique1000/visualizations/archive_latex.tex
662,0.236328626,0.879700000,\frac{\left(\mathrm{JacobFro}\right) \cdot \left(\log\left(\mathrm{Jacov}\right)\right)}{\left(\mathrm{JacobFro} - \mathrm{plain}\right)^2},Jacob_fro Jacov Log Mul Jacob_fro plain Sub Square Div <EOS>,((Jacob_fro * log(Jacov)) / square((Jacob_fro - plain))),0.879700000,0.922300000,143,9,4,2149,run_monash_time_unique1000,9,1,TIME__Coastal_T_S__20T/seed_2149/run_monash_time_unique1000/visualizations/archive_latex.tex
663,0.235173299,0.879700000,\frac{\mathrm{JacobFro}}{\frac{\left(\mathrm{JacobFro} - \mathrm{plain}\right)^2}{\log\left(\mathrm{Jacov}\right)}},Jacob_fro Jacob_fro plain Sub Square Jacov Log Div Div <EOS>,(Jacob_fro / (square((Jacob_fro - plain)) / log(Jacov))),0.879700000,0.922300000,42,9,5,2140,run_monash_time_unique1000,10,1,TIME__Coastal_T_S__20T/seed_2140/run_monash_time_unique1000/visualizations/archive_latex.tex
664,0.234017972,0.879600000,\frac{\left(\mathrm{plain}\right)^2 - \mathrm{JacobFro}}{\log\left(\mathrm{Jacov}\right)},plain Square Jacob_fro Sub Jacov Log Div <EOS>,((square(plain) - Jacob_fro) / log(Jacov)),0.879600000,0.924000000,156,7,4,2032,run_monash_time_unique1000,7,1,TIME__Coastal_T_S__20T/seed_2032/run_monash_time_unique1000/visualizations/archive_latex.tex
665,0.232862644,0.879600000,\frac{\log\left(\mathrm{Jacov}\right)}{\mathrm{JacobFro} - \left(\mathrm{plain}\right)^2},Jacov Log Jacob_fro plain Square Sub Div <EOS>,(log(Jacov) / (Jacob_fro - square(plain))),0.879600000,0.924000000,50,7,4,2224,run_monash_time_unique1000,7,2,TIME__Coastal_T_S__20T/seed_2224/run_monash_time_unique1000/visualizations/archive_latex.tex
666,0.231707317,0.879600000,\frac{\mathrm{ZiCo} + \mathrm{Fisher} - \mathrm{JacobFro}}{\log\left(\mathrm{Jacov}\right)},ZiCo Fisher Jacob_fro Sub Add Jacov Log Div <EOS>,((ZiCo + (Fisher - Jacob_fro)) / log(Jacov)),0.879600000,0.915500000,188,8,4,2323,run_monash_time_unique1000,10,1,TIME__Coastal_T_S__20T/seed_2323/run_monash_time_unique1000/visualizations/archive_latex.tex
667,0.230551990,0.879500000,\frac{\log\left(\left(\mathrm{Jacov}\right) \cdot \left(\mathrm{GradNorm} - \mathrm{MParams}\right)\right)}{\mathrm{JacobFro}},Jacov Grad_Norm MParams Sub Mul Log Jacob_fro Div <EOS>,(log((Jacov * (Grad_Norm - MParams))) / Jacob_fro),0.879500000,0.916500000,28,8,5,2090,run_monash_time_unique1000,3,1,TIME__Coastal_T_S__20T/seed_2090/run_monash_time_unique1000/visualizations/archive_latex.tex
668,0.229396662,0.879500000,\frac{\sqrt{\mathrm{GradNorm}} - \mathrm{JacobFro}}{\log\left(\mathrm{Jacov}\right)},Grad_Norm Sqrt Jacob_fro Sub Jacov Log Div <EOS>,((sqrt(Grad_Norm) - Jacob_fro) / log(Jacov)),0.879500000,0.913200000,124,7,4,2032,run_monash_time_unique1000,8,1,TIME__Coastal_T_S__20T/seed_2032/run_monash_time_unique1000/visualizations/archive_latex.tex
669,0.228241335,0.879500000,\frac{\log\left(\mathrm{Jacov}\right)}{\mathrm{JacobFro} - \sqrt{\mathrm{GradNorm}}},Jacov Log Jacob_fro Grad_Norm Sqrt Sub Div <EOS>,(log(Jacov) / (Jacob_fro - sqrt(Grad_Norm))),0.879500000,0.913200000,85,7,4,2319,run_monash_time_unique1000,8,1,TIME__Coastal_T_S__20T/seed_2319/run_monash_time_unique1000/visualizations/archive_latex.tex
670,0.227086008,0.879500000,\left(\frac{\log\left(\log\left(\left(\mathrm{Fisher}\right) \cdot \left(\mathrm{Jacov}\right)\right)\right)}{\mathrm{JacobFro}}\right) \cdot \left(\mathrm{ZiCo}\right),Fisher Jacov Mul Log Log Jacob_fro Div ZiCo Mul <EOS>,((log(log((Fisher * Jacov))) / Jacob_fro) * ZiCo),0.879500000,0.925700000,177,9,6,2036,run_monash_time_unique1000,9,1,TIME__Coastal_T_S__20T/seed_2036/run_monash_time_unique1000/visualizations/archive_latex.tex
671,0.225930680,0.879500000,\frac{\log\left(\mathrm{Snip} + \mathrm{Jacov}\right) + \mathrm{Fisher}}{\mathrm{JacobFro}},Snip Jacov Add Log Fisher Add Jacob_fro Div <EOS>,((log((Snip + Jacov)) + Fisher) / Jacob_fro),0.879500000,0.920700000,153,8,5,2059,run_monash_time_unique1000,10,1,TIME__Coastal_T_S__20T/seed_2059/run_monash_time_unique1000/visualizations/archive_latex.tex
672,0.224775353,0.879400000,\log\left(\mathrm{Snip} + \mathrm{Jacov}\right) + \mathrm{plain} - \sqrt{\mathrm{JacobFro}},Snip Jacov Add Log plain Jacob_fro Sqrt Sub Add <EOS>,(log((Snip + Jacov)) + (plain - sqrt(Jacob_fro))),0.879400000,0.919600000,15,9,4,2196,run_monash_time_unique1000,4,3,TIME__Coastal_T_S__20T/seed_2196/run_monash_time_unique1000/visualizations/archive_latex.tex
673,0.223620026,0.879400000,\frac{\log\left(\mathrm{Jacov}\right)}{\mathrm{JacobFro} - \left(\mathrm{plain} + \mathrm{ZiCo}\right)^2},Jacov Log Jacob_fro plain ZiCo Add Square Sub Div <EOS>,(log(Jacov) / (Jacob_fro - square((plain + ZiCo)))),0.879400000,0.924400000,136,9,5,2319,run_monash_time_unique1000,9,1,TIME__Coastal_T_S__20T/seed_2319/run_monash_time_unique1000/visualizations/archive_latex.tex
674,0.222464698,0.879400000,\frac{\log\left(\left(\mathrm{ZiCo}\right) \cdot \left(\mathrm{plain} + \log\left(\mathrm{Jacov}\right)\right)\right)}{\mathrm{JacobFro}},ZiCo plain Jacov Log Add Mul Log Jacob_fro Div <EOS>,(log((ZiCo * (plain + log(Jacov)))) / Jacob_fro),0.879400000,0.930500000,175,9,6,2215,run_monash_time_unique1000,10,1,TIME__Coastal_T_S__20T/seed_2215/run_monash_time_unique1000/visualizations/archive_latex.tex
675,0.221309371,0.879300000,\log\left(\frac{\mathrm{Jacov}}{\left(\mathrm{JacobFro}\right)^2}\right) + \mathrm{plain},Jacov Jacob_fro Square Div Log plain Add <EOS>,(log((Jacov / square(Jacob_fro))) + plain),0.879300000,0.911700000,64,7,5,2196,run_monash_time_unique1000,5,1,TIME__Coastal_T_S__20T/seed_2196/run_monash_time_unique1000/visualizations/archive_latex.tex
676,0.220154044,0.879300000,\mathrm{plain} - \log\left(\frac{\left(\mathrm{JacobFro}\right)^2}{\mathrm{Jacov}}\right),plain Jacob_fro Square Jacov Div Log Sub <EOS>,(plain - log((square(Jacob_fro) / Jacov))),0.879300000,0.911700000,83,7,5,2286,run_monash_time_unique1000,5,1,TIME__Coastal_T_S__20T/seed_2286/run_monash_time_unique1000/visualizations/archive_latex.tex
677,0.218998716,0.879300000,\frac{\log\left(\log\left(\mathrm{Jacov}\right)\right)}{\mathrm{JacobFro} - \log\left(\mathrm{Fisher}\right)},Jacov Log Log Jacob_fro Fisher Log Sub Div <EOS>,(log(log(Jacov)) / (Jacob_fro - log(Fisher))),0.879300000,0.917300000,90,8,4,2319,run_monash_time_unique1000,10,1,TIME__Coastal_T_S__20T/seed_2319/run_monash_time_unique1000/visualizations/archive_latex.tex
678,0.217843389,0.879200000,\left(\mathrm{plain}\right) \cdot \left(\mathrm{Fisher}\right) + \log\left(\mathrm{Jacov}\right) - \sqrt{\mathrm{JacobFro}},plain Fisher Mul Jacov Log Jacob_fro Sqrt Sub Add <EOS>,((plain * Fisher) + (log(Jacov) - sqrt(Jacob_fro))),0.879200000,0.914300000,27,9,4,2258,run_monash_time_unique1000,3,1,TIME__Coastal_T_S__20T/seed_2258/run_monash_time_unique1000/visualizations/archive_latex.tex
679,0.216688062,0.879100000,\frac{\log\left(\left(\mathrm{plain} + \mathrm{ZiCo}\right) \cdot \left(\mathrm{Jacov}\right)\right)}{\mathrm{JacobFro}},plain ZiCo Add Jacov Mul Log Jacob_fro Div <EOS>,(log(((plain + ZiCo) * Jacov)) / Jacob_fro),0.879100000,0.920800000,87,8,5,2271,run_monash_time_unique1000,6,1,TIME__Coastal_T_S__20T/seed_2271/run_monash_time_unique1000/visualizations/archive_latex.tex
680,0.215532734,0.879100000,\mathrm{plain} - \log\left(\frac{\mathrm{ZiCo}}{\mathrm{Jacov}}\right) + \sqrt{\mathrm{JacobFro}},plain ZiCo Jacov Div Log Jacob_fro Sqrt Add Sub <EOS>,(plain - (log((ZiCo / Jacov)) + sqrt(Jacob_fro))),0.879100000,0.914300000,50,9,5,2286,run_monash_time_unique1000,6,1,TIME__Coastal_T_S__20T/seed_2286/run_monash_time_unique1000/visualizations/archive_latex.tex
681,0.214377407,0.879100000,\frac{\log\left(\mathrm{Jacov}\right)}{\mathrm{JacobFro} - \mathrm{plain} - \sqrt{\mathrm{ZiCo}}},Jacov Log Jacob_fro plain Sub ZiCo Sqrt Sub Div <EOS>,(log(Jacov) / ((Jacob_fro - plain) - sqrt(ZiCo))),0.879100000,0.919900000,106,9,4,2224,run_monash_time_unique1000,8,1,TIME__Coastal_T_S__20T/seed_2224/run_monash_time_unique1000/visualizations/archive_latex.tex
682,0.213222080,0.879100000,\frac{\log\left(\mathrm{Jacov}\right)}{\mathrm{JacobFro} - \mathrm{plain} - \log\left(\mathrm{ZiCo}\right)},Jacov Log Jacob_fro plain Sub ZiCo Log Sub Div <EOS>,(log(Jacov) / ((Jacob_fro - plain) - log(ZiCo))),0.879100000,0.920100000,39,9,4,2224,run_monash_time_unique1000,9,1,TIME__Coastal_T_S__20T/seed_2224/run_monash_time_unique1000/visualizations/archive_latex.tex
683,0.212066752,0.878900000,\frac{\mathrm{plain} - \mathrm{JacobFro}}{\log\left(\mathrm{Jacov} + \mathrm{Jacov}\right)},plain Jacob_fro Sub Jacov Jacov Add Log Div <EOS>,((plain - Jacob_fro) / log((Jacov + Jacov))),0.878900000,0.918900000,168,8,4,2032,run_monash_time_unique1000,9,1,TIME__Coastal_T_S__20T/seed_2032/run_monash_time_unique1000/visualizations/archive_latex.tex
684,0.210911425,0.878900000,\frac{\mathrm{plain} + \mathrm{plain} - \mathrm{JacobFro}}{\log\left(\mathrm{Jacov}\right)},plain plain Jacob_fro Sub Add Jacov Log Div <EOS>,((plain + (plain - Jacob_fro)) / log(Jacov)),0.878900000,0.922600000,136,8,4,2032,run_monash_time_unique1000,10,1,TIME__Coastal_T_S__20T/seed_2032/run_monash_time_unique1000/visualizations/archive_latex.tex
685,0.209756098,0.878900000,\frac{\log\left(\mathrm{Jacov}\right)}{\mathrm{JacobFro} - \mathrm{plain} - \mathrm{ZiCo}},Jacov Log Jacob_fro plain Sub ZiCo Sub Div <EOS>,(log(Jacov) / ((Jacob_fro - plain) - ZiCo)),0.878900000,0.920300000,36,8,4,2224,run_monash_time_unique1000,10,1,TIME__Coastal_T_S__20T/seed_2224/run_monash_time_unique1000/visualizations/archive_latex.tex
686,0.208600770,0.878900000,\frac{\log\left(\mathrm{Jacov}\right)}{\mathrm{JacobFro} - \mathrm{ZiCo} - \mathrm{plain}},Jacov Log Jacob_fro ZiCo Sub plain Sub Div <EOS>,(log(Jacov) / ((Jacob_fro - ZiCo) - plain)),0.878900000,0.920300000,95,8,4,2225,run_monash_time_unique1000,10,1,TIME__Coastal_T_S__20T/seed_2225/run_monash_time_unique1000/visualizations/archive_latex.tex
687,0.207445443,0.878800000,\log\left(\left(\left(\mathrm{Jacov}\right)^2\right) \cdot \left(\left(\mathrm{Snip}\right) \cdot \left(\mathrm{Fisher}\right)\right)\right) - \mathrm{JacobFro},Jacov Square Snip Fisher Mul Mul Log Jacob_fro Sub <EOS>,(log((square(Jacov) * (Snip * Fisher))) - Jacob_fro),0.878800000,0.920700000,137,9,5,2301,run_monash_time_unique1000,2,1,TIME__Coastal_T_S__20T/seed_2301/run_monash_time_unique1000/visualizations/archive_latex.tex
688,0.206290116,0.878800000,\frac{\log\left(\left(\left(\mathrm{plain}\right) \cdot \left(\mathrm{Jacov}\right)\right) \cdot \left(\mathrm{ZiCo}\right)\right)}{\left(\mathrm{JacobFro}\right)^2},plain Jacov Mul ZiCo Mul Log Jacob_fro Square Div <EOS>,(log(((plain * Jacov) * ZiCo)) / square(Jacob_fro)),0.878800000,0.924800000,129,9,5,2125,run_monash_time_unique1000,9,1,TIME__Coastal_T_S__20T/seed_2125/run_monash_time_unique1000/visualizations/archive_latex.tex
689,0.205134788,0.878800000,\frac{\log\left(\left(\mathrm{ZiCo}\right) \cdot \left(\left(\mathrm{Jacov}\right) \cdot \left(\mathrm{plain}\right)\right)\right)}{\left(\mathrm{JacobFro}\right)^2},ZiCo Jacov plain Mul Mul Log Jacob_fro Square Div <EOS>,(log((ZiCo * (Jacov * plain))) / square(Jacob_fro)),0.878800000,0.924800000,143,9,5,2036,run_monash_time_unique1000,10,1,TIME__Coastal_T_S__20T/seed_2036/run_monash_time_unique1000/visualizations/archive_latex.tex
690,0.203979461,0.878700000,\frac{\sqrt{\left(\mathrm{Jacov}\right) \cdot \left(\mathrm{plain}\right)}}{\left(\mathrm{JacobFro}\right)^2},Jacov plain Mul Sqrt Jacob_fro Square Div <EOS>,(sqrt((Jacov * plain)) / square(Jacob_fro)),0.878700000,0.914700000,96,7,4,2125,run_monash_time_unique1000,10,1,TIME__Coastal_T_S__20T/seed_2125/run_monash_time_unique1000/visualizations/archive_latex.tex
691,0.202824134,0.878600000,\left(\mathrm{GraSP} - \mathrm{Jacov} + \mathrm{Jacov}\right) \cdot \left(\mathrm{Snip}\right),GraSP Jacov Jacov Add Sub Snip Mul <EOS>,((GraSP - (Jacov + Jacov)) * Snip),0.878600000,0.844300000,12,7,4,2097,run_monash_time_unique1000,3,1,TIME__Coastal_T_S__20T/seed_2097/run_monash_time_unique1000/visualizations/archive_latex.tex
692,0.201668806,0.878600000,\mathrm{plain} - \left(\mathrm{GradNorm}\right) \cdot \left(\mathrm{Snip} + \mathrm{Jacov}\right),plain Grad_Norm Snip Jacov Add Mul Sub <EOS>,(plain - (Grad_Norm * (Snip + Jacov))),0.878600000,0.868500000,191,7,4,2286,run_monash_time_unique1000,7,1,TIME__Coastal_T_S__20T/seed_2286/run_monash_time_unique1000/visualizations/archive_latex.tex
693,0.200513479,0.878200000,\frac{\log\left(\mathrm{plain} + \left(\mathrm{Jacov}\right) \cdot \left(\mathrm{Fisher}\right)\right)}{\mathrm{JacobFro}},plain Jacov Fisher Mul Add Log Jacob_fro Div <EOS>,(log((plain + (Jacov * Fisher))) / Jacob_fro),0.878200000,0.913200000,197,8,5,2214,run_monash_time_unique1000,4,1,TIME__Coastal_T_S__20T/seed_2214/run_monash_time_unique1000/visualizations/archive_latex.tex
694,0.199358151,0.878200000,\frac{\log\left(\mathrm{Jacov}\right) + \sqrt{\mathrm{plain}}}{\mathrm{JacobFro}},Jacov Log plain Sqrt Add Jacob_fro Div <EOS>,((log(Jacov) + sqrt(plain)) / Jacob_fro),0.878200000,0.918800000,66,7,4,2271,run_monash_time_unique1000,7,1,TIME__Coastal_T_S__20T/seed_2271/run_monash_time_unique1000/visualizations/archive_latex.tex
695,0.198202824,0.878000000,\frac{\left(\mathrm{Fisher}\right) \cdot \left(\log\left(\mathrm{JacobFro}\right)\right) + \log\left(\mathrm{Jacov}\right)}{\mathrm{JacobFro}},Fisher Jacob_fro Log Mul Jacov Log Add Jacob_fro Div <EOS>,(((Fisher * log(Jacob_fro)) + log(Jacov)) / Jacob_fro),0.878000000,0.915000000,53,9,5,2097,run_monash_time_unique1000,4,1,TIME__Coastal_T_S__20T/seed_2097/run_monash_time_unique1000/visualizations/archive_latex.tex
696,0.197047497,0.877900000,\mathrm{Fisher} - \sqrt{\mathrm{JacobFro} + \frac{\mathrm{Fisher}}{\sqrt{\mathrm{GSynFlow}}}},Fisher Jacob_fro Fisher GSynFlow Sqrt Div Add Sqrt Sub <EOS>,(Fisher - sqrt((Jacob_fro + (Fisher / sqrt(GSynFlow))))),0.877900000,0.923400000,34,9,6,2090,run_monash_time_unique1000,4,2,TIME__Coastal_T_S__20T/seed_2090/run_monash_time_unique1000/visualizations/archive_latex.tex
697,0.195892169,0.877800000,\log\left(\left(\mathrm{plain}\right) \cdot \left(\mathrm{Jacov}\right)\right) - \left(\log\left(\mathrm{JacobFro}\right)\right)^2,plain Jacov Mul Log Jacob_fro Log Square Sub <EOS>,(log((plain * Jacov)) - square(log(Jacob_fro))),0.877800000,0.920100000,31,8,4,2258,run_monash_time_unique1000,4,1,TIME__Coastal_T_S__20T/seed_2258/run_monash_time_unique1000/visualizations/archive_latex.tex
698,0.194736842,0.877600000,\frac{\log\left(\left(\mathrm{Fisher} + \mathrm{Jacov}\right) \cdot \left(\mathrm{Fisher}\right)\right)}{\mathrm{JacobFro}},Fisher Jacov Add Fisher Mul Log Jacob_fro Div <EOS>,(log(((Fisher + Jacov) * Fisher)) / Jacob_fro),0.877600000,0.913500000,160,8,5,2123,run_monash_time_unique1000,2,1,TIME__Coastal_T_S__20T/seed_2123/run_monash_time_unique1000/visualizations/archive_latex.tex
699,0.193581515,0.877600000,\frac{\log\left(\left(\left(\mathrm{Jacov}\right) \cdot \left(\mathrm{Fisher}\right)\right)^2\right)}{\mathrm{JacobFro}},Jacov Fisher Mul Square Log Jacob_fro Div <EOS>,(log(square((Jacov * Fisher))) / Jacob_fro),0.877600000,0.913700000,76,7,5,2301,run_monash_time_unique1000,3,1,TIME__Coastal_T_S__20T/seed_2301/run_monash_time_unique1000/visualizations/archive_latex.tex
700,0.192426187,0.877600000,\frac{\log\left(\left(-\mathrm{Fisher}\right) \cdot \left(\mathrm{Jacov}\right)\right)}{\mathrm{JacobFro}},Fisher Negative Jacov Mul Log Jacob_fro Div <EOS>,(log((-(Fisher) * Jacov)) / Jacob_fro),0.877600000,0.913700000,39,7,5,2188,run_monash_time_unique1000,4,1,TIME__Coastal_T_S__20T/seed_2188/run_monash_time_unique1000/visualizations/archive_latex.tex
701,0.191270860,0.877600000,\frac{\log\left(\left(\mathrm{Jacov}\right) \cdot \left(\mathrm{Fisher}\right)\right)}{\mathrm{JacobFro}},Jacov Fisher Mul Log Jacob_fro Div <EOS>,(log((Jacov * Fisher)) / Jacob_fro),0.877600000,0.913700000,196,6,4,2097,run_monash_time_unique1000,5,1,TIME__Coastal_T_S__20T/seed_2097/run_monash_time_unique1000/visualizations/archive_latex.tex
702,0.190115533,0.877600000,\frac{\log\left(\mathrm{Fisher}\right) + \log\left(\mathrm{Jacov}\right)}{\mathrm{JacobFro}},Fisher Log Jacov Log Add Jacob_fro Div <EOS>,((log(Fisher) + log(Jacov)) / Jacob_fro),0.877600000,0.913700000,77,7,4,2260,run_monash_time_unique1000,5,1,TIME__Coastal_T_S__20T/seed_2260/run_monash_time_unique1000/visualizations/archive_latex.tex
703,0.188960205,0.877500000,\mathrm{plain} - \frac{\mathrm{JacobFro}}{\log\left(\mathrm{Jacov}\right)},plain Jacob_fro Jacov Log Div Sub <EOS>,(plain - (Jacob_fro / log(Jacov))),0.877500000,0.918300000,48,6,4,2123,run_monash_time_unique1000,3,2,TIME__Coastal_T_S__20T/seed_2123/run_monash_time_unique1000/visualizations/archive_latex.tex
704,0.187804878,0.877500000,\left(\frac{\log\left(\mathrm{Jacov}\right)}{\mathrm{plain} - \mathrm{JacobFro}}\right)^2,Jacov Log plain Jacob_fro Sub Div Square <EOS>,square((log(Jacov) / (plain - Jacob_fro))),0.877500000,0.917900000,163,7,4,2167,run_monash_time_unique1000,3,1,TIME__Coastal_T_S__20T/seed_2167/run_monash_time_unique1000/visualizations/archive_latex.tex
705,0.186649551,0.877500000,\frac{\log\left(\mathrm{Jacov}\right)}{\mathrm{JacobFro} - \mathrm{plain}},Jacov Log Jacob_fro plain Sub Div <EOS>,(log(Jacov) / (Jacob_fro - plain)),0.877500000,0.917900000,70,6,3,2123,run_monash_time_unique1000,4,1,TIME__Coastal_T_S__20T/seed_2123/run_monash_time_unique1000/visualizations/archive_latex.tex
706,0.185494223,0.877500000,\left(\log\left(\mathrm{Jacov}\right) + \mathrm{Fisher}\right)^2 - \mathrm{JacobFro},Jacov Log Fisher Add Square Jacob_fro Sub <EOS>,(square((log(Jacov) + Fisher)) - Jacob_fro),0.877500000,0.910600000,183,7,5,2271,run_monash_time_unique1000,8,1,TIME__Coastal_T_S__20T/seed_2271/run_monash_time_unique1000/visualizations/archive_latex.tex
707,0.184338896,0.877400000,\frac{\mathrm{Fisher} + \log\left(\mathrm{Jacov}\right)}{\mathrm{JacobFro} - \mathrm{plain}},Fisher Jacov Log Add Jacob_fro plain Sub Div <EOS>,((Fisher + log(Jacov)) / (Jacob_fro - plain)),0.877400000,0.922400000,70,8,4,2123,run_monash_time_unique1000,5,1,TIME__Coastal_T_S__20T/seed_2123/run_monash_time_unique1000/visualizations/archive_latex.tex
708,0.183183569,0.876900000,\left(\log\left(\mathrm{GSynFlow}\right) + \mathrm{plain}\right) \cdot \left(\mathrm{Fisher}\right) - \mathrm{JacobFro},GSynFlow Log plain Add Fisher Mul Jacob_fro Sub <EOS>,(((log(GSynFlow) + plain) * Fisher) - Jacob_fro),0.876900000,0.923400000,85,8,5,2079,run_monash_time_unique1000,2,1,TIME__Coastal_T_S__20T/seed_2079/run_monash_time_unique1000/visualizations/archive_latex.tex
709,0.182028241,0.876900000,\left(\mathrm{Fisher}\right) \cdot \left(\log\left(\mathrm{GSynFlow}\right) + \mathrm{plain}\right) - \mathrm{JacobFro},Fisher GSynFlow Log plain Add Mul Jacob_fro Sub <EOS>,((Fisher * (log(GSynFlow) + plain)) - Jacob_fro),0.876900000,0.923400000,23,8,5,2301,run_monash_time_unique1000,4,2,TIME__Coastal_T_S__20T/seed_2301/run_monash_time_unique1000/visualizations/archive_latex.tex
710,0.180872914,0.876900000,\left(\mathrm{Fisher}\right)^2 - \frac{\mathrm{JacobFro}}{\log\left(\mathrm{Jacov}\right)},Fisher Square Jacob_fro Jacov Log Div Sub <EOS>,(square(Fisher) - (Jacob_fro / log(Jacov))),0.876900000,0.916500000,151,7,4,2260,run_monash_time_unique1000,6,1,TIME__Coastal_T_S__20T/seed_2260/run_monash_time_unique1000/visualizations/archive_latex.tex
711,0.179717587,0.876700000,\left(\mathrm{Fisher}\right) \cdot \left(\log\left(\left(\sqrt{\mathrm{Jacov}}\right) \cdot \left(\mathrm{GSynFlow}\right)\right)\right) - \mathrm{JacobFro},Fisher Jacov Sqrt GSynFlow Mul Log Mul Jacob_fro Sub <EOS>,((Fisher * log((sqrt(Jacov) * GSynFlow))) - Jacob_fro),0.876700000,0.925900000,14,9,6,2214,run_monash_time_unique1000,5,1,TIME__Coastal_T_S__20T/seed_2214/run_monash_time_unique1000/visualizations/archive_latex.tex
712,0.178562259,0.876600000,\left(\frac{\mathrm{GraSP}}{\mathrm{GradNorm}}\right) \cdot \left(\mathrm{Jacov} + \mathrm{Snip}\right),GraSP Grad_Norm Div Jacov Snip Add Mul <EOS>,((GraSP / Grad_Norm) * (Jacov + Snip)),0.876600000,0.869000000,48,7,3,2112,run_monash_time_unique1000,1,1,TIME__Coastal_T_S__20T/seed_2112/run_monash_time_unique1000/visualizations/archive_latex.tex
713,0.177406932,0.876500000,\frac{\mathrm{plain} + \log\left(\mathrm{Jacov}\right)}{\mathrm{JacobFro}},plain Jacov Log Add Jacob_fro Div <EOS>,((plain + log(Jacov)) / Jacob_fro),0.876500000,0.920800000,194,6,4,2258,run_monash_time_unique1000,5,1,TIME__Coastal_T_S__20T/seed_2258/run_monash_time_unique1000/visualizations/archive_latex.tex
714,0.176251605,0.876500000,\frac{\log\left(\mathrm{Jacov}\right) + \mathrm{plain}}{\mathrm{JacobFro}},Jacov Log plain Add Jacob_fro Div <EOS>,((log(Jacov) + plain) / Jacob_fro),0.876500000,0.920800000,22,6,4,2097,run_monash_time_unique1000,7,1,TIME__Coastal_T_S__20T/seed_2097/run_monash_time_unique1000/visualizations/archive_latex.tex
715,0.175096277,0.876400000,\log\left(\frac{\mathrm{Jacov}}{\mathrm{L2Norm}}\right) + \mathrm{plain} - \sqrt{\mathrm{JacobFro}},Jacov L2-Norm Div Log plain Jacob_fro Sqrt Sub Add <EOS>,(log((Jacov / L2-Norm)) + (plain - sqrt(Jacob_fro))),0.876400000,0.920200000,50,9,4,2167,run_monash_time_unique1000,4,2,TIME__Coastal_T_S__20T/seed_2167/run_monash_time_unique1000/visualizations/archive_latex.tex
716,0.173940950,0.876400000,\frac{\log\left(\left(\mathrm{plain}\right) \cdot \left(\left(\mathrm{JacobFro}\right) \cdot \left(\mathrm{Jacov}\right)\right)\right)}{\mathrm{JacobFro}},plain Jacob_fro Jacov Mul Mul Log Jacob_fro Div <EOS>,(log((plain * (Jacob_fro * Jacov))) / Jacob_fro),0.876400000,0.920200000,25,8,5,2090,run_monash_time_unique1000,5,1,TIME__Coastal_T_S__20T/seed_2090/run_monash_time_unique1000/visualizations/archive_latex.tex
717,0.172785623,0.876400000,\frac{\log\left(\left(\left(\mathrm{plain}\right) \cdot \left(\mathrm{JacobFro}\right)\right) \cdot \left(\mathrm{Jacov}\right)\right)}{\mathrm{JacobFro}},plain Jacob_fro Mul Jacov Mul Log Jacob_fro Div <EOS>,(log(((plain * Jacob_fro) * Jacov)) / Jacob_fro),0.876400000,0.920200000,173,8,5,2123,run_monash_time_unique1000,6,1,TIME__Coastal_T_S__20T/seed_2123/run_monash_time_unique1000/visualizations/archive_latex.tex
718,0.171630295,0.876400000,\frac{\log\left(\left(\left(\mathrm{Jacov}\right) \cdot \left(\mathrm{plain}\right)\right) \cdot \left(\mathrm{JacobFro}\right)\right)}{\mathrm{JacobFro}},Jacov plain Mul Jacob_fro Mul Log Jacob_fro Div <EOS>,(log(((Jacov * plain) * Jacob_fro)) / Jacob_fro),0.876400000,0.920200000,140,8,5,2258,run_monash_time_unique1000,6,1,TIME__Coastal_T_S__20T/seed_2258/run_monash_time_unique1000/visualizations/archive_latex.tex
719,0.170474968,0.876400000,\frac{\log\left(\left(\mathrm{JacobFro}\right) \cdot \left(\left(\mathrm{plain}\right) \cdot \left(\mathrm{Jacov}\right)\right)\right)}{\mathrm{JacobFro}},Jacob_fro plain Jacov Mul Mul Log Jacob_fro Div <EOS>,(log((Jacob_fro * (plain * Jacov))) / Jacob_fro),0.876400000,0.920200000,67,8,5,2097,run_monash_time_unique1000,8,1,TIME__Coastal_T_S__20T/seed_2097/run_monash_time_unique1000/visualizations/archive_latex.tex
720,0.169319641,0.876400000,\mathrm{plain} - \log\left(\frac{\mathrm{L2Norm}}{\mathrm{Jacov}}\right) + \sqrt{\mathrm{JacobFro}},plain L2-Norm Jacov Div Log Jacob_fro Sqrt Add Sub <EOS>,(plain - (log((L2-Norm / Jacov)) + sqrt(Jacob_fro))),0.876400000,0.920200000,136,9,5,2286,run_monash_time_unique1000,9,1,TIME__Coastal_T_S__20T/seed_2286/run_monash_time_unique1000/visualizations/archive_latex.tex
721,0.168164313,0.876300000,\sqrt{\mathrm{plain}} - \frac{\mathrm{JacobFro}}{\log\left(\mathrm{Jacov}\right)},plain Sqrt Jacob_fro Jacov Log Div Sub <EOS>,(sqrt(plain) - (Jacob_fro / log(Jacov))),0.876300000,0.920500000,54,7,4,2123,run_monash_time_unique1000,7,1,TIME__Coastal_T_S__20T/seed_2123/run_monash_time_unique1000/visualizations/archive_latex.tex
722,0.167008986,0.876200000,\log\left(\left(\mathrm{plain}\right) \cdot \left(\mathrm{Jacov}\right)\right) + -\sqrt{\mathrm{JacobFro}},plain Jacov Mul Log Jacob_fro Sqrt Negative Add <EOS>,(log((plain * Jacov)) + -(sqrt(Jacob_fro))),0.876200000,0.911900000,54,8,4,2294,run_monash_time_unique1000,5,1,TIME__Coastal_T_S__20T/seed_2294/run_monash_time_unique1000/visualizations/archive_latex.tex
723,0.165853659,0.876200000,\frac{\log\left(\left(\mathrm{Jacov}\right) \cdot \left(\mathrm{GradNorm}\right) - \mathrm{Jacov}\right)}{\mathrm{JacobFro}},Jacov Grad_Norm Mul Jacov Sub Log Jacob_fro Div <EOS>,(log(((Jacov * Grad_Norm) - Jacov)) / Jacob_fro),0.876200000,0.914400000,79,8,5,2301,run_monash_time_unique1000,5,1,TIME__Coastal_T_S__20T/seed_2301/run_monash_time_unique1000/visualizations/archive_latex.tex
724,0.164698331,0.876200000,\frac{\mathrm{ZiCo} + \log\left(\mathrm{Jacov}\right)}{\mathrm{JacobFro}},ZiCo Jacov Log Add Jacob_fro Div <EOS>,((ZiCo + log(Jacov)) / Jacob_fro),0.876200000,0.902600000,21,6,4,2294,run_monash_time_unique1000,6,1,TIME__Coastal_T_S__20T/seed_2294/run_monash_time_unique1000/visualizations/archive_latex.tex
725,0.163543004,0.876100000,\frac{\left(\mathrm{JacobFro}\right)^2 + \mathrm{GraSP}}{\mathrm{Jacov}},Jacob_fro Square GraSP Add Jacov Div <EOS>,((square(Jacob_fro) + GraSP) / Jacov),0.876100000,0.910400000,14,6,4,2301,run_monash_time_unique1000,6,1,TIME__Coastal_T_S__20T/seed_2301/run_monash_time_unique1000/visualizations/archive_latex.tex
726,0.162387677,0.876100000,\log\left(\left(\left(\mathrm{Snip}\right) \cdot \left(\mathrm{Jacov}\right)\right)^2\right) + \mathrm{plain} - \mathrm{JacobFro},Snip Jacov Mul Square Log plain Jacob_fro Sub Add <EOS>,(log(square((Snip * Jacov))) + (plain - Jacob_fro)),0.876100000,0.920400000,60,9,5,2294,run_monash_time_unique1000,7,1,TIME__Coastal_T_S__20T/seed_2294/run_monash_time_unique1000/visualizations/archive_latex.tex
727,0.161232349,0.876100000,\log\left(\mathrm{plain}\right) - \frac{\mathrm{JacobFro}}{\log\left(\mathrm{Jacov}\right)},plain Log Jacob_fro Jacov Log Div Sub <EOS>,(log(plain) - (Jacob_fro / log(Jacov))),0.876100000,0.921300000,52,7,4,2123,run_monash_time_unique1000,8,1,TIME__Coastal_T_S__20T/seed_2123/run_monash_time_unique1000/visualizations/archive_latex.tex
728,0.160077022,0.875900000,\left(\mathrm{plain} - \mathrm{Snip} + \mathrm{Jacov}\right) \cdot \left(\mathrm{plain}\right),plain Snip Jacov Add Sub plain Mul <EOS>,((plain - (Snip + Jacov)) * plain),0.875900000,0.894100000,141,7,4,2079,run_monash_time_unique1000,3,1,TIME__Coastal_T_S__20T/seed_2079/run_monash_time_unique1000/visualizations/archive_latex.tex
729,0.158921694,0.875900000,\frac{\log\left(\left(\mathrm{Jacov}\right) \cdot \left(\mathrm{plain}\right)\right) + \sqrt{\mathrm{JacobFro}}}{\mathrm{JacobFro}},Jacov plain Mul Log Jacob_fro Sqrt Add Jacob_fro Div <EOS>,((log((Jacov * plain)) + sqrt(Jacob_fro)) / Jacob_fro),0.875900000,0.920400000,88,9,5,2167,run_monash_time_unique1000,5,1,TIME__Coastal_T_S__20T/seed_2167/run_monash_time_unique1000/visualizations/archive_latex.tex
730,0.157766367,0.875800000,\mathrm{plain} + \log\left(\left(\mathrm{GradNorm}\right) \cdot \left(\left(\mathrm{Jacov}\right)^2\right)\right) - \mathrm{JacobFro},plain Grad_Norm Jacov Square Mul Log Jacob_fro Sub Add <EOS>,(plain + (log((Grad_Norm * square(Jacov))) - Jacob_fro)),0.875800000,0.920200000,38,9,6,2092,run_monash_time_unique1000,2,1,TIME__Coastal_T_S__20T/seed_2092/run_monash_time_unique1000/visualizations/archive_latex.tex
731,0.156611040,0.875800000,\frac{\log\left(\log\left(\left(\mathrm{plain}\right) \cdot \left(\mathrm{Jacov}\right)\right)\right)}{\mathrm{JacobFro}},plain Jacov Mul Log Log Jacob_fro Div <EOS>,(log(log((plain * Jacov))) / Jacob_fro),0.875800000,0.923500000,123,7,5,2092,run_monash_time_unique1000,3,3,TIME__Coastal_T_S__20T/seed_2092/run_monash_time_unique1000/visualizations/archive_latex.tex
732,0.155455712,0.875800000,\log\left(\left(\left(\mathrm{Jacov}\right)^2\right) \cdot \left(\mathrm{GradNorm}\right)\right) + \mathrm{plain} - \mathrm{JacobFro},Jacov Square Grad_Norm Mul Log plain Jacob_fro Sub Add <EOS>,(log((square(Jacov) * Grad_Norm)) + (plain - Jacob_fro)),0.875800000,0.920200000,114,9,5,2294,run_monash_time_unique1000,8,1,TIME__Coastal_T_S__20T/seed_2294/run_monash_time_unique1000/visualizations/archive_latex.tex
733,0.154300385,0.875800000,\frac{\log\left(\log\left(\left(\mathrm{Jacov}\right) \cdot \left(\mathrm{plain}\right)\right)\right)}{\mathrm{JacobFro}},Jacov plain Mul Log Log Jacob_fro Div <EOS>,(log(log((Jacov * plain))) / Jacob_fro),0.875800000,0.923500000,120,7,5,2097,run_monash_time_unique1000,9,1,TIME__Coastal_T_S__20T/seed_2097/run_monash_time_unique1000/visualizations/archive_latex.tex
734,0.153145058,0.875700000,\frac{\log\left(\left(\mathrm{Jacov} + \mathrm{GradNorm}\right) \cdot \left(\mathrm{plain}\right)\right)}{\mathrm{JacobFro}},Jacov Grad_Norm Add plain Mul Log Jacob_fro Div <EOS>,(log(((Jacov + Grad_Norm) * plain)) / Jacob_fro),0.875700000,0.921600000,132,8,5,2092,run_monash_time_unique1000,4,1,TIME__Coastal_T_S__20T/seed_2092/run_monash_time_unique1000/visualizations/archive_latex.tex
735,0.151989730,0.875500000,\left(\log\left(\mathrm{Snip}\right)\right) \cdot \left(\log\left(\mathrm{Jacov}\right)\right) - \mathrm{JacobFro} + \mathrm{MParams},Snip Log Jacov Log Mul Jacob_fro MParams Add Sub <EOS>,((log(Snip) * log(Jacov)) - (Jacob_fro + MParams)),0.875500000,0.914300000,136,9,4,2112,run_monash_time_unique1000,2,1,TIME__Coastal_T_S__20T/seed_2112/run_monash_time_unique1000/visualizations/archive_latex.tex
736,0.150834403,0.875500000,\frac{\log\left(\left(\mathrm{GradNorm} - \mathrm{Jacov}\right) \cdot \left(\mathrm{plain}\right)\right)}{\mathrm{JacobFro}},Grad_Norm Jacov Sub plain Mul Log Jacob_fro Div <EOS>,(log(((Grad_Norm - Jacov) * plain)) / Jacob_fro),0.875500000,0.921300000,104,8,5,2112,run_monash_time_unique1000,3,1,TIME__Coastal_T_S__20T/seed_2112/run_monash_time_unique1000/visualizations/archive_latex.tex
737,0.149679076,0.875500000,\frac{\log\left(\left(\mathrm{Jacov}\right) \cdot \left(\left(\mathrm{plain}\right)^2\right)\right)}{\mathrm{JacobFro}},Jacov plain Square Mul Log Jacob_fro Div <EOS>,(log((Jacov * square(plain))) / Jacob_fro),0.875500000,0.917200000,23,7,5,2090,run_monash_time_unique1000,6,1,TIME__Coastal_T_S__20T/seed_2090/run_monash_time_unique1000/visualizations/archive_latex.tex
738,0.148523748,0.875500000,\frac{\log\left(\left(\left(\mathrm{plain}\right)^2\right) \cdot \left(\mathrm{Jacov}\right)\right)}{\mathrm{JacobFro}},plain Square Jacov Mul Log Jacob_fro Div <EOS>,(log((square(plain) * Jacov)) / Jacob_fro),0.875500000,0.917200000,106,7,5,2167,run_monash_time_unique1000,6,2,TIME__Coastal_T_S__20T/seed_2167/run_monash_time_unique1000/visualizations/archive_latex.tex
739,0.147368421,0.875500000,\log\left(\left(\left(\mathrm{Fisher}\right) \cdot \left(\mathrm{Jacov}\right)\right)^2\right) + \mathrm{ZiCo} - \mathrm{JacobFro},Fisher Jacov Mul Square Log ZiCo Jacob_fro Sub Add <EOS>,(log(square((Fisher * Jacov))) + (ZiCo - Jacob_fro)),0.875500000,0.923800000,70,9,5,2294,run_monash_time_unique1000,9,1,TIME__Coastal_T_S__20T/seed_2294/run_monash_time_unique1000/visualizations/archive_latex.tex
740,0.146213094,0.875500000,\frac{\log\left(\left(\mathrm{plain}\right) \cdot \left(\mathrm{Jacov} - \mathrm{GradNorm}\right)\right)}{\mathrm{JacobFro}},plain Jacov Grad_Norm Sub Mul Log Jacob_fro Div <EOS>,(log((plain * (Jacov - Grad_Norm))) / Jacob_fro),0.875500000,0.921300000,63,8,5,2271,run_monash_time_unique1000,10,1,TIME__Coastal_T_S__20T/seed_2271/run_monash_time_unique1000/visualizations/archive_latex.tex
741,0.145057766,0.875400000,\left(\log\left(\left(\mathrm{GSynFlow}\right) \cdot \left(\left(\mathrm{plain}\right)^2\right)\right)\right) \cdot \left(\mathrm{Fisher}\right) - \mathrm{JacobFro},GSynFlow plain Square Mul Log Fisher Mul Jacob_fro Sub <EOS>,((log((GSynFlow * square(plain))) * Fisher) - Jacob_fro),0.875400000,0.923400000,98,9,6,2112,run_monash_time_unique1000,4,1,TIME__Coastal_T_S__20T/seed_2112/run_monash_time_unique1000/visualizations/archive_latex.tex
742,0.143902439,0.875400000,\left(\log\left(\left(\mathrm{GSynFlow}\right) \cdot \left(\mathrm{GraSP}\right)\right)\right) \cdot \left(\mathrm{Fisher}\right) - \mathrm{JacobFro},GSynFlow GraSP Mul Log Fisher Mul Jacob_fro Sub <EOS>,((log((GSynFlow * GraSP)) * Fisher) - Jacob_fro),0.875400000,0.914000000,56,8,5,2112,run_monash_time_unique1000,5,2,TIME__Coastal_T_S__20T/seed_2112/run_monash_time_unique1000/visualizations/archive_latex.tex
743,0.142747112,0.875400000,\left(\mathrm{Fisher}\right) \cdot \left(\log\left(\left(\left(\mathrm{plain}\right)^2\right) \cdot \left(\mathrm{GSynFlow}\right)\right)\right) - \mathrm{JacobFro},Fisher plain Square GSynFlow Mul Log Mul Jacob_fro Sub <EOS>,((Fisher * log((square(plain) * GSynFlow))) - Jacob_fro),0.875400000,0.923400000,63,9,6,2214,run_monash_time_unique1000,6,1,TIME__Coastal_T_S__20T/seed_2214/run_monash_time_unique1000/visualizations/archive_latex.tex
744,0.141591784,0.875400000,\left(\mathrm{Fisher}\right) \cdot \left(\log\left(\left(\mathrm{GSynFlow}\right) \cdot \left(\mathrm{GraSP}\right)\right)\right) - \mathrm{JacobFro},Fisher GSynFlow GraSP Mul Log Mul Jacob_fro Sub <EOS>,((Fisher * log((GSynFlow * GraSP))) - Jacob_fro),0.875400000,0.914000000,16,8,5,2301,run_monash_time_unique1000,7,1,TIME__Coastal_T_S__20T/seed_2301/run_monash_time_unique1000/visualizations/archive_latex.tex
745,0.140436457,0.875300000,\frac{\log\left(\left(\mathrm{plain}\right) \cdot \left(\mathrm{Jacov}\right)\right)}{\mathrm{JacobFro}},plain Jacov Mul Log Jacob_fro Div <EOS>,(log((plain * Jacov)) / Jacob_fro),0.875300000,0.920900000,22,6,4,2092,run_monash_time_unique1000,5,3,TIME__Coastal_T_S__20T/seed_2092/run_monash_time_unique1000/visualizations/archive_latex.tex
746,0.139281130,0.875300000,\frac{\log\left(\left(\mathrm{Jacov}\right) \cdot \left(\mathrm{plain}\right)\right)}{\mathrm{JacobFro}},Jacov plain Mul Log Jacob_fro Div <EOS>,(log((Jacov * plain)) / Jacob_fro),0.875300000,0.920900000,26,6,4,2188,run_monash_time_unique1000,5,4,TIME__Coastal_T_S__20T/seed_2188/run_monash_time_unique1000/visualizations/archive_latex.tex
747,0.138125802,0.875300000,\left(\mathrm{GFLOPs}\right) \cdot \left(\mathrm{Fisher}\right) + \log\left(\mathrm{Jacov}\right) - \mathrm{JacobFro},GFLOPs Fisher Mul Jacov Log Jacob_fro Sub Add <EOS>,((GFLOPs * Fisher) + (log(Jacov) - Jacob_fro)),0.875300000,0.912900000,10,8,4,2258,run_monash_time_unique1000,7,1,TIME__Coastal_T_S__20T/seed_2258/run_monash_time_unique1000/visualizations/archive_latex.tex
748,0.136970475,0.875300000,\left(\mathrm{Fisher}\right) \cdot \left(\mathrm{GFLOPs}\right) + \log\left(\mathrm{Jacov}\right) - \mathrm{JacobFro},Fisher GFLOPs Mul Jacov Log Add Jacob_fro Sub <EOS>,(((Fisher * GFLOPs) + log(Jacov)) - Jacob_fro),0.875300000,0.912900000,154,8,4,2301,run_monash_time_unique1000,8,1,TIME__Coastal_T_S__20T/seed_2301/run_monash_time_unique1000/visualizations/archive_latex.tex
749,0.135815148,0.875200000,\frac{\log\left(\mathrm{Fisher} + \log\left(\mathrm{Jacov}\right)\right)}{\mathrm{JacobFro}},Fisher Jacov Log Add Log Jacob_fro Div <EOS>,(log((Fisher + log(Jacov))) / Jacob_fro),0.875200000,0.920100000,182,7,5,2214,run_monash_time_unique1000,8,1,TIME__Coastal_T_S__20T/seed_2214/run_monash_time_unique1000/visualizations/archive_latex.tex
750,0.134659820,0.875100000,\frac{\log\left(\left(\mathrm{JacobFro} + \mathrm{Jacov}\right) \cdot \left(\mathrm{Snip}\right)\right)}{\mathrm{JacobFro}},Jacob_fro Jacov Add Snip Mul Log Jacob_fro Div <EOS>,(log(((Jacob_fro + Jacov) * Snip)) / Jacob_fro),0.875100000,0.909500000,89,8,5,2188,run_monash_time_unique1000,6,1,TIME__Coastal_T_S__20T/seed_2188/run_monash_time_unique1000/visualizations/archive_latex.tex
751,0.133504493,0.875000000,\frac{\log\left(\mathrm{JacobFro} - \left(\mathrm{Jacov}\right) \cdot \left(\mathrm{plain}\right)\right)}{\mathrm{JacobFro}},Jacob_fro Jacov plain Mul Sub Log Jacob_fro Div <EOS>,(log((Jacob_fro - (Jacov * plain))) / Jacob_fro),0.875000000,0.922500000,25,8,5,2188,run_monash_time_unique1000,7,1,TIME__Coastal_T_S__20T/seed_2188/run_monash_time_unique1000/visualizations/archive_latex.tex
752,0.132349166,0.874900000,\frac{\mathrm{JacobFro} - \mathrm{GradNorm}}{\left(\mathrm{L2Norm}\right) \cdot \left(\mathrm{Jacov}\right)},Jacob_fro Grad_Norm Sub L2-Norm Jacov Mul Div <EOS>,((Jacob_fro - Grad_Norm) / (L2-Norm * Jacov)),0.874900000,0.864900000,53,7,3,2260,run_monash_time_unique1000,7,2,TIME__Coastal_T_S__20T/seed_2260/run_monash_time_unique1000/visualizations/archive_latex.tex
753,0.131193838,0.874900000,\frac{\log\left(\log\left(\left(\mathrm{ZiCo}\right) \cdot \left(\mathrm{Jacov}\right)\right)\right)}{\mathrm{JacobFro}},ZiCo Jacov Mul Log Log Jacob_fro Div <EOS>,(log(log((ZiCo * Jacov))) / Jacob_fro),0.874900000,0.906800000,13,7,5,2301,run_monash_time_unique1000,9,1,TIME__Coastal_T_S__20T/seed_2301/run_monash_time_unique1000/visualizations/archive_latex.tex
754,0.130038511,0.874900000,\log\left(\mathrm{GradNorm}\right) - \frac{\mathrm{GraSP}}{\mathrm{Jacov}},Grad_Norm Log GraSP Jacov Div Sub <EOS>,(log(Grad_Norm) - (GraSP / Jacov)),0.874900000,0.842000000,145,6,3,2294,run_monash_time_unique1000,10,1,TIME__Coastal_T_S__20T/seed_2294/run_monash_time_unique1000/visualizations/archive_latex.tex
755,0.128883184,0.874800000,\frac{\log\left(\left(\mathrm{plain}\right) \cdot \left(\left(\mathrm{GradNorm}\right) \cdot \left(\mathrm{Jacov}\right)\right)\right)}{\mathrm{JacobFro}},plain Grad_Norm Jacov Mul Mul Log Jacob_fro Div <EOS>,(log((plain * (Grad_Norm * Jacov))) / Jacob_fro),0.874800000,0.916600000,26,8,5,2090,run_monash_time_unique1000,8,1,TIME__Coastal_T_S__20T/seed_2090/run_monash_time_unique1000/visualizations/archive_latex.tex
756,0.127727856,0.874800000,\log\left(\left(\mathrm{Jacov}\right)^2\right) + \left(\mathrm{plain}\right)^2 - \mathrm{JacobFro},Jacov Square Log plain Square Jacob_fro Sub Add <EOS>,(log(square(Jacov)) + (square(plain) - Jacob_fro)),0.874800000,0.925200000,18,8,4,2196,run_monash_time_unique1000,8,1,TIME__Coastal_T_S__20T/seed_2196/run_monash_time_unique1000/visualizations/archive_latex.tex
757,0.126572529,0.874800000,\frac{\log\left(\left(\mathrm{Snip}\right) \cdot \left(\mathrm{Jacov} + \mathrm{Snip}\right)\right)}{\mathrm{JacobFro}},Snip Jacov Snip Add Mul Log Jacob_fro Div <EOS>,(log((Snip * (Jacov + Snip))) / Jacob_fro),0.874800000,0.912100000,175,8,5,2196,run_monash_time_unique1000,9,1,TIME__Coastal_T_S__20T/seed_2196/run_monash_time_unique1000/visualizations/archive_latex.tex
758,0.125417202,0.874700000,\left(\log\left(\mathrm{GFLOPs} + \left(\mathrm{Jacov}\right) \cdot \left(\mathrm{plain}\right)\right)\right)^2 - \mathrm{JacobFro},GFLOPs Jacov plain Mul Add Log Square Jacob_fro Sub <EOS>,(square(log((GFLOPs + (Jacov * plain)))) - Jacob_fro),0.874700000,0.913100000,32,9,6,2188,run_monash_time_unique1000,8,1,TIME__Coastal_T_S__20T/seed_2188/run_monash_time_unique1000/visualizations/archive_latex.tex
759,0.124261874,0.874600000,\log\left(\left(\left(\mathrm{Fisher}\right) \cdot \left(\mathrm{Jacov}\right)\right)^2\right) - \mathrm{JacobFro},Fisher Jacov Mul Square Log Jacob_fro Sub <EOS>,(log(square((Fisher * Jacov))) - Jacob_fro),0.874600000,0.922300000,76,7,5,2079,run_monash_time_unique1000,4,6,TIME__Coastal_T_S__20T/seed_2079/run_monash_time_unique1000/visualizations/archive_latex.tex
760,0.123106547,0.874600000,\log\left(\left(\left(\mathrm{Jacov}\right) \cdot \left(\mathrm{Fisher}\right)\right)^2\right) - \mathrm{JacobFro},Jacov Fisher Mul Square Log Jacob_fro Sub <EOS>,(log(square((Jacov * Fisher))) - Jacob_fro),0.874600000,0.922300000,36,7,5,2090,run_monash_time_unique1000,9,1,TIME__Coastal_T_S__20T/seed_2090/run_monash_time_unique1000/visualizations/archive_latex.tex
761,0.121951220,0.874500000,\frac{\log\left(\left(\mathrm{plain}\right) \cdot \left(\mathrm{GFLOPs} - \mathrm{Jacov}\right)\right)}{\mathrm{JacobFro}},plain GFLOPs Jacov Sub Mul Log Jacob_fro Div <EOS>,(log((plain * (GFLOPs - Jacov))) / Jacob_fro),0.874500000,0.921200000,111,8,5,2167,run_monash_time_unique1000,8,1,TIME__Coastal_T_S__20T/seed_2167/run_monash_time_unique1000/visualizations/archive_latex.tex
762,0.120795892,0.874500000,\left(\mathrm{Fisher}\right) \cdot \left(\log\left(\left(\mathrm{GSynFlow}\right) \cdot \left(\left(\mathrm{GraSP}\right)^2\right)\right)\right) - \mathrm{JacobFro},Fisher GSynFlow GraSP Square Mul Log Mul Jacob_fro Sub <EOS>,((Fisher * log((GSynFlow * square(GraSP)))) - Jacob_fro),0.874500000,0.912900000,30,9,6,2214,run_monash_time_unique1000,10,1,TIME__Coastal_T_S__20T/seed_2214/run_monash_time_unique1000/visualizations/archive_latex.tex
763,0.119640565,0.874400000,\left(\log\left(\left(\sqrt{\mathrm{Snip}}\right) \cdot \left(\mathrm{GSynFlow}\right)\right)\right) \cdot \left(\mathrm{Fisher}\right) - \mathrm{JacobFro},Snip Sqrt GSynFlow Mul Log Fisher Mul Jacob_fro Sub <EOS>,((log((sqrt(Snip) * GSynFlow)) * Fisher) - Jacob_fro),0.874400000,0.925800000,87,9,6,2079,run_monash_time_unique1000,5,1,TIME__Coastal_T_S__20T/seed_2079/run_monash_time_unique1000/visualizations/archive_latex.tex
764,0.118485237,0.874400000,\left(\log\left(\left(\mathrm{GSynFlow}\right) \cdot \left(\sqrt{\mathrm{Snip}}\right)\right)\right) \cdot \left(\mathrm{Fisher}\right) - \mathrm{JacobFro},GSynFlow Snip Sqrt Mul Log Fisher Mul Jacob_fro Sub <EOS>,((log((GSynFlow * sqrt(Snip))) * Fisher) - Jacob_fro),0.874400000,0.925800000,27,9,6,2112,run_monash_time_unique1000,7,1,TIME__Coastal_T_S__20T/seed_2112/run_monash_time_unique1000/visualizations/archive_latex.tex
765,0.117329910,0.874400000,\log\left(\left(\left(\mathrm{Jacov}\right)^2\right) \cdot \left(\mathrm{Fisher}\right)\right) + \mathrm{plain} - \mathrm{JacobFro},Jacov Square Fisher Mul Log plain Jacob_fro Sub Add <EOS>,(log((square(Jacov) * Fisher)) + (plain - Jacob_fro)),0.874400000,0.926000000,150,9,5,2167,run_monash_time_unique1000,9,1,TIME__Coastal_T_S__20T/seed_2167/run_monash_time_unique1000/visualizations/archive_latex.tex
766,0.116174583,0.874300000,\frac{\mathrm{ZiCo}}{\sqrt{\mathrm{JacobFro} - \mathrm{ZiCo} + \mathrm{GradNorm}}},ZiCo Jacob_fro ZiCo Grad_Norm Add Sub Sqrt Div <EOS>,(ZiCo / sqrt((Jacob_fro - (ZiCo + Grad_Norm)))),0.874300000,0.905300000,54,8,5,2260,run_monash_time_unique1000,8,1,TIME__Coastal_T_S__20T/seed_2260/run_monash_time_unique1000/visualizations/archive_latex.tex
767,0.115019255,0.874300000,\log\left(\left(\mathrm{Jacov}\right) \cdot \left(\mathrm{Fisher}\right)\right) - \sqrt{\mathrm{JacobFro}},Jacov Fisher Mul Log Jacob_fro Sqrt Sub <EOS>,(log((Jacov * Fisher)) - sqrt(Jacob_fro)),0.874300000,0.907900000,86,7,4,2188,run_monash_time_unique1000,9,1,TIME__Coastal_T_S__20T/seed_2188/run_monash_time_unique1000/visualizations/archive_latex.tex
768,0.113863928,0.874300000,\frac{\log\left(\left(\mathrm{Jacov}\right) \cdot \left(\mathrm{GradNorm}\right)\right)}{\mathrm{JacobFro}},Jacov Grad_Norm Mul Log Jacob_fro Div <EOS>,(log((Jacov * Grad_Norm)) / Jacob_fro),0.874300000,0.914500000,66,6,4,2167,run_monash_time_unique1000,10,2,TIME__Coastal_T_S__20T/seed_2167/run_monash_time_unique1000/visualizations/archive_latex.tex
769,0.112708601,0.874200000,\left(-\mathrm{GradNorm}\right) \cdot \left(\frac{\mathrm{Jacov} + \mathrm{Snip}}{\mathrm{ZiCo}}\right),Grad_Norm Negative Jacov Snip Add ZiCo Div Mul <EOS>,(-(Grad_Norm) * ((Jacov + Snip) / ZiCo)),0.874200000,0.868800000,66,8,4,2112,run_monash_time_unique1000,8,1,TIME__Coastal_T_S__20T/seed_2112/run_monash_time_unique1000/visualizations/archive_latex.tex
770,0.111553273,0.874100000,\log\left(\mathrm{Jacov} + \left(\left(\mathrm{Fisher}\right) \cdot \left(\mathrm{Jacov}\right)\right)^2\right) - \mathrm{JacobFro},Jacov Fisher Jacov Mul Square Add Log Jacob_fro Sub <EOS>,(log((Jacov + square((Fisher * Jacov)))) - Jacob_fro),0.874100000,0.923100000,163,9,6,2258,run_monash_time_unique1000,9,1,TIME__Coastal_T_S__20T/seed_2258/run_monash_time_unique1000/visualizations/archive_latex.tex
771,0.110397946,0.874000000,\left(\log\left(\mathrm{GSynFlow}\right)\right) \cdot \left(\mathrm{Fisher}\right) - \mathrm{JacobFro} - \mathrm{plain},GSynFlow Log Fisher Mul Jacob_fro plain Sub Sub <EOS>,((log(GSynFlow) * Fisher) - (Jacob_fro - plain)),0.874000000,0.924100000,71,8,4,2079,run_monash_time_unique1000,6,3,TIME__Coastal_T_S__20T/seed_2079/run_monash_time_unique1000/visualizations/archive_latex.tex
772,0.109242619,0.874000000,\frac{-\mathrm{L2Norm} - \mathrm{Jacov}}{\mathrm{JacobFro}},L2-Norm Negative Jacov Sub Jacob_fro Div <EOS>,((-(L2-Norm) - Jacov) / Jacob_fro),0.874000000,0.878200000,69,6,4,2079,run_monash_time_unique1000,7,1,TIME__Coastal_T_S__20T/seed_2079/run_monash_time_unique1000/visualizations/archive_latex.tex
773,0.108087291,0.874000000,\left(\log\left(\left(\mathrm{GSynFlow}\right) \cdot \left(\mathrm{JacobFro}\right)\right)\right) \cdot \left(\mathrm{Fisher}\right) - \mathrm{JacobFro},GSynFlow Jacob_fro Mul Log Fisher Mul Jacob_fro Sub <EOS>,((log((GSynFlow * Jacob_fro)) * Fisher) - Jacob_fro),0.874000000,0.924400000,24,8,5,2112,run_monash_time_unique1000,9,1,TIME__Coastal_T_S__20T/seed_2112/run_monash_time_unique1000/visualizations/archive_latex.tex
774,0.106931964,0.874000000,\left(\log\left(\left(\mathrm{JacobFro}\right) \cdot \left(\mathrm{GSynFlow}\right)\right)\right) \cdot \left(\mathrm{Fisher}\right) - \mathrm{JacobFro},Jacob_fro GSynFlow Mul Log Fisher Mul Jacob_fro Sub <EOS>,((log((Jacob_fro * GSynFlow)) * Fisher) - Jacob_fro),0.874000000,0.924400000,59,8,5,2090,run_monash_time_unique1000,10,1,TIME__Coastal_T_S__20T/seed_2090/run_monash_time_unique1000/visualizations/archive_latex.tex
775,0.105776637,0.873700000,\left(\log\left(\left(\mathrm{GradNorm}\right) \cdot \left(\mathrm{GSynFlow}\right)\right)\right) \cdot \left(\mathrm{Fisher}\right) - \mathrm{JacobFro},Grad_Norm GSynFlow Mul Log Fisher Mul Jacob_fro Sub <EOS>,((log((Grad_Norm * GSynFlow)) * Fisher) - Jacob_fro),0.873700000,0.925100000,77,8,5,2079,run_monash_time_unique1000,8,1,TIME__Coastal_T_S__20T/seed_2079/run_monash_time_unique1000/visualizations/archive_latex.tex
776,0.104621309,0.873700000,\left(\log\left(\left(\mathrm{GSynFlow}\right) \cdot \left(\mathrm{GradNorm}\right)\right)\right) \cdot \left(\mathrm{Fisher}\right) - \mathrm{JacobFro},GSynFlow Grad_Norm Mul Log Fisher Mul Jacob_fro Sub <EOS>,((log((GSynFlow * Grad_Norm)) * Fisher) - Jacob_fro),0.873700000,0.925100000,136,8,5,2092,run_monash_time_unique1000,8,1,TIME__Coastal_T_S__20T/seed_2092/run_monash_time_unique1000/visualizations/archive_latex.tex
777,0.103465982,0.873700000,\log\left(\left(\left(\mathrm{Jacov}\right)^2\right) \cdot \left(\mathrm{Fisher}\right)\right) - \mathrm{JacobFro},Jacov Square Fisher Mul Log Jacob_fro Sub <EOS>,(log((square(Jacov) * Fisher)) - Jacob_fro),0.873700000,0.917600000,79,7,5,2079,run_monash_time_unique1000,9,2,TIME__Coastal_T_S__20T/seed_2079/run_monash_time_unique1000/visualizations/archive_latex.tex
778,0.102310655,0.873400000,\log\left(\left(\left(\left(\mathrm{ZiCo}\right) \cdot \left(\mathrm{Jacov}\right)\right)^2\right) \cdot \left(\mathrm{Fisher}\right)\right) - \mathrm{JacobFro},ZiCo Jacov Mul Square Fisher Mul Log Jacob_fro Sub <EOS>,(log((square((ZiCo * Jacov)) * Fisher)) - Jacob_fro),0.873400000,0.923400000,101,9,6,2092,run_monash_time_unique1000,9,1,TIME__Coastal_T_S__20T/seed_2092/run_monash_time_unique1000/visualizations/archive_latex.tex
779,0.101155327,0.873300000,\frac{\mathrm{ZiCo}}{\sqrt{\mathrm{JacobFro} - \mathrm{GradNorm}}},ZiCo Jacob_fro Grad_Norm Sub Sqrt Div <EOS>,(ZiCo / sqrt((Jacob_fro - Grad_Norm))),0.873300000,0.905200000,53,6,4,2260,run_monash_time_unique1000,9,1,TIME__Coastal_T_S__20T/seed_2260/run_monash_time_unique1000/visualizations/archive_latex.tex
780,0.100000000,0.873100000,\frac{\log\left(\mathrm{Jacov}\right)}{\mathrm{JacobFro}},Jacov Log Jacob_fro Div <EOS>,(log(Jacov) / Jacob_fro),0.873100000,0.901500000,100,4,3,2079,run_monash_time_unique1000,10,3,TIME__Coastal_T_S__20T/seed_2079/run_monash_time_unique1000/visualizations/archive_latex.tex
