dataset,data_path,split,sample_rank,sample_index,seq_len,pred_len,n_channels,pooling,scale,mode_5,mode_10,acf_timescale,acf_first_min,ami2,trev,high_fluctuation,stretch_high,transition_matrix,periodicity,embedding_dist,ami_timescale,whiten_timescale,outlier_timing_pos,outlier_timing_neg,centroid_freq,stretch_decreasing,entropy_pairs,rs_range,dfa,low_freq_power,forecast_error
ETT-small,dataset/ETT-small/ETTh1.csv,val,1,861,96,96,7,mean,train_split_standard,0.449787586,0.147216807,8.896384757,21.000000000,0.556527339,-0.004193054,0.595488722,29.285714286,0.071940280,13.000000000,0.377248785,11.000000000,0.324006648,0.036458333,0.041666667,0.912461989,9.571428571,1.481415588,0.579591837,0.469387755,0.203362024,0.534047497
ETT-small,dataset/ETT-small/ETTh1.csv,val,2,197,96,96,7,mean,train_split_standard,-0.161612344,-0.051621488,3.119709637,9.000000000,0.278938215,-0.037930304,0.918796992,16.000000000,0.016028577,20.714285714,0.199376967,5.428571429,0.144449598,0.376488095,0.072916667,0.741331580,6.428571429,1.859313033,0.404081633,0.685714286,0.329586729,0.802025961
ETT-small,dataset/ETT-small/ETTh1.csv,val,3,1733,96,96,7,mean,train_split_standard,0.079200010,0.196242722,5.240273384,13.857142857,0.336912314,0.063394983,0.869172932,17.714285714,0.029507687,17.857142857,0.278752419,8.428571429,0.261904762,0.157738095,0.005952381,0.798045250,6.857142857,1.809943828,0.624489796,0.400000000,0.287511828,0.734524688
ETT-small,dataset/ETT-small/ETTh1.csv,val,4,1526,96,96,7,mean,train_split_standard,-0.158775470,-0.129979225,4.942359615,9.000000000,0.424672436,0.001746204,0.906766917,18.142857143,0.039880952,19.000000000,0.270834313,7.000000000,0.294782609,-0.463541667,0.168154762,0.826824565,8.000000000,1.778629193,0.555102041,0.653061224,0.224399475,0.638598367
ETT-small,dataset/ETT-small/ETTh1.csv,val,5,1244,96,96,7,mean,train_split_standard,0.240344647,0.428193376,3.237116421,9.285714286,0.293040415,-0.034567370,0.932330827,13.428571429,0.013436827,23.000000000,0.231655746,4.571428571,0.296598639,0.339285714,0.126488095,0.783070321,6.000000000,1.821490795,0.518367347,0.383673469,0.343611696,0.781161102
ETT-small,dataset/ETT-small/ETTh1.csv,val,6,1372,96,96,7,mean,train_split_standard,0.185468046,0.086345486,9.060142353,15.142857143,0.522436013,-0.026788688,0.890225564,29.714285714,0.056067019,17.142857143,0.342266424,8.428571429,0.103437164,0.336309524,-0.227678571,0.900715654,7.142857143,1.718828496,0.530612245,0.538775510,0.168299606,0.550031086
ETT-small,dataset/ETT-small/ETTh1.csv,val,7,271,96,96,7,mean,train_split_standard,0.329222170,0.273911512,4.520678083,9.428571429,0.391820106,0.052151348,0.912781955,16.428571429,0.044550265,22.285714286,0.267020381,5.571428571,0.105557165,0.033482143,-0.025297619,0.815192584,7.142857143,1.787826906,0.689795918,0.555102041,0.266474377,0.703420272
ETT-small,dataset/ETT-small/ETTh1.csv,val,8,538,96,96,7,mean,train_split_standard,0.038465689,0.097160387,2.914977756,8.142857143,0.262406703,0.021811120,0.950375940,15.428571429,0.028713776,17.142857143,0.237154348,3.714285714,0.371193093,0.351190476,-0.215773810,0.731706340,6.857142857,1.847633252,0.379591837,0.526530612,0.364649147,0.825980604
ETT-small,dataset/ETT-small/ETTh1.csv,val,9,1669,96,96,7,mean,train_split_standard,-0.001397990,-0.157785719,4.665012956,9.571428571,0.440208653,-0.017562035,0.675187970,23.285714286,0.037078196,18.857142857,0.164191996,6.428571429,0.125844476,0.117559524,-0.200892857,0.780523395,6.142857143,1.577062842,0.583673469,0.563265306,0.294524311,0.702657985
ETT-small,dataset/ETT-small/ETTh1.csv,val,10,2566,96,96,7,mean,train_split_standard,0.081186933,-0.316938942,3.355748243,9.000000000,0.367038329,0.003498931,0.888721805,16.428571429,0.024662699,19.857142857,0.381349441,4.000000000,0.598752834,0.165178571,-0.339285714,0.838294936,6.571428571,1.772757553,0.436734694,0.469387755,0.315561762,0.737797585
ETT-small,dataset/ETT-small/ETTh1.csv,val,11,2144,96,96,7,mean,train_split_standard,0.273188794,0.183950889,3.846191954,11.428571429,0.344127073,0.075347800,0.918796992,12.571428571,0.014383232,23.714285714,0.207029821,6.000000000,0.176975406,-0.010416667,0.089285714,0.777482536,6.857142857,1.800975635,0.616326531,0.542857143,0.266474377,0.735838230
ETT-small,dataset/ETT-small/ETTh1.csv,val,12,2646,96,96,7,mean,train_split_standard,-0.067271779,-0.049925422,4.062689381,11.428571429,0.394801646,0.033796635,0.891729323,13.000000000,0.030114683,23.571428571,0.276535710,6.571428571,0.254353193,-0.004464286,0.092261905,0.795090401,7.285714286,1.760432484,0.604081633,0.571428571,0.287511828,0.700027987
ETT-small,dataset/ETT-small/ETTh1.csv,val,13,2497,96,96,7,mean,train_split_standard,0.364910398,0.360992061,6.158402607,18.714285714,0.389725889,0.014903769,0.875187970,25.000000000,0.061204473,22.571428571,0.342028800,10.285714286,0.136897711,0.470238095,-0.171875000,0.884616381,7.142857143,1.730128848,0.391836735,0.767346939,0.231411959,0.593485831
ETT-small,dataset/ETT-small/ETTh1.csv,val,14,691,96,96,7,mean,train_split_standard,0.605947843,0.583425926,5.290508707,13.000000000,0.433386598,0.009490991,0.845112782,16.428571429,0.036761025,19.571428571,0.438413550,8.428571429,0.392675346,0.138392857,0.062500000,0.873567784,8.285714286,1.750345947,0.583673469,0.477551020,0.287511828,0.623964727
ETT-small,dataset/ETT-small/ETTh1.csv,val,15,918,96,96,7,mean,train_split_standard,0.665011305,0.826576668,6.547126262,11.000000000,0.485095701,0.006416137,0.702255639,32.285714286,0.081514550,18.142857143,0.285947056,7.285714286,0.107354450,-0.587797619,0.461309524,0.842670356,7.000000000,1.589884627,0.571428571,0.612244898,0.175312090,0.619522099
ETT-small,dataset/ETT-small/ETTh1.csv,val,16,2473,96,96,7,mean,train_split_standard,0.589607567,0.322638773,6.597568282,16.857142857,0.404215817,0.017745816,0.836090226,24.714285714,0.058996940,16.428571429,0.210175671,10.285714286,0.142559524,0.140625000,-0.080357143,0.821389384,7.000000000,1.753826114,0.620408163,0.746938776,0.224399475,0.659498497
ETT-small,dataset/ETT-small/ETTh1.csv,val,17,1233,96,96,7,mean,train_split_standard,0.174437013,0.216492348,3.428029334,10.714285714,0.305160348,-0.069102692,0.903759398,15.142857143,0.016768926,21.000000000,0.217859894,5.285714286,0.252040816,0.150297619,0.089285714,0.782432549,6.142857143,1.849923549,0.563265306,0.200000000,0.301536795,0.749329732
ETT-small,dataset/ETT-small/ETTh1.csv,val,18,286,96,96,7,mean,train_split_standard,0.264350903,0.183668119,3.968459013,8.857142857,0.372643701,0.099241250,0.914285714,16.428571429,0.062974721,20.285714286,0.256220343,5.571428571,0.160878489,0.020833333,-0.159970238,0.815755400,7.000000000,1.830466533,0.693877551,0.473469388,0.280499344,0.706816731
ETT-small,dataset/ETT-small/ETTh1.csv,val,19,2405,96,96,7,mean,train_split_standard,0.057357621,-0.063823165,4.822320375,12.714285714,0.332502088,-0.053146891,0.897744361,19.000000000,0.019509330,20.285714286,0.243758056,6.714285714,0.210292813,-0.168154762,0.230654762,0.814188740,6.428571429,1.787049026,0.746938776,0.551020408,0.252449410,0.695264497
ETT-small,dataset/ETT-small/ETTh1.csv,val,20,1893,96,96,7,mean,train_split_standard,0.514423810,-0.212755248,3.034704519,8.285714286,0.284470989,-0.077778013,0.914285714,15.000000000,0.022826349,16.571428571,0.231135595,4.142857143,0.332653061,-0.090773810,0.400297619,0.773365970,6.714285714,1.859404315,0.351020408,0.514285714,0.406724049,0.807212396
ETT-small,dataset/ETT-small/ETTh1.csv,val,21,820,96,96,7,mean,train_split_standard,0.077132902,-0.039414869,3.795725953,19.857142857,0.403323766,-0.078506502,0.691729323,22.571428571,0.098622906,13.857142857,0.422532341,9.000000000,0.609523810,0.156250000,0.239583333,0.859976373,8.571428571,1.274414440,0.375510204,0.400000000,0.315561762,0.649084310
ETT-small,dataset/ETT-small/ETTh1.csv,val,22,402,96,96,7,mean,train_split_standard,0.139411785,0.213609386,4.312766184,10.285714286,0.311830813,0.057571314,0.911278195,16.285714286,0.033601726,23.000000000,0.224526404,6.285714286,0.120715594,0.232142857,-0.034226190,0.813883143,7.571428571,1.817678420,0.673469388,0.542857143,0.238424442,0.718735744
ETT-small,dataset/ETT-small/ETTh1.csv,val,23,172,96,96,7,mean,train_split_standard,0.128026092,0.166835620,4.112202354,9.857142857,0.286642668,0.019699239,0.918796992,17.142857143,0.028765536,20.000000000,0.234664541,5.571428571,0.198503401,-0.168154762,0.010416667,0.771674832,5.857142857,1.895176545,0.493877551,0.657142857,0.287511828,0.758536386
ETT-small,dataset/ETT-small/ETTh1.csv,val,24,1600,96,96,7,mean,train_split_standard,-0.657090625,-0.558451630,12.792363723,29.857142857,0.593443239,-0.022121327,0.747368421,26.428571429,0.101691869,15.857142857,0.503823196,6.571428571,0.274476769,-0.501488095,0.241071429,0.887064542,7.571428571,1.612704221,0.702040816,0.567346939,0.126224705,0.479929339
ETT-small,dataset/ETT-small/ETTh1.csv,val,25,1397,96,96,7,mean,train_split_standard,0.410690382,0.305676973,8.505910114,14.571428571,0.497213764,-0.025438759,0.912781955,22.285714286,0.046835454,19.857142857,0.364442600,8.285714286,0.137580673,0.183035714,-0.395833333,0.895304001,7.714285714,1.704675240,0.669387755,0.502040816,0.182324574,0.563248784
ETT-small,dataset/ETT-small/ETTh1.csv,val,26,2558,96,96,7,mean,train_split_standard,0.095029371,0.013721152,3.687361635,9.142857143,0.385793939,0.009762250,0.884210526,17.714285714,0.034923992,20.428571429,0.382895351,4.714285714,0.550523286,0.284970238,-0.388392857,0.854325722,6.571428571,1.778640787,0.624489796,0.542857143,0.294524311,0.731034463
ETT-small,dataset/ETT-small/ETTh1.csv,val,27,1139,96,96,7,mean,train_split_standard,0.004143239,-0.033995312,4.230269104,10.142857143,0.347224253,0.055564040,0.908270677,20.142857143,0.027292821,22.714285714,0.289248258,6.000000000,0.197363946,0.221726190,-0.325892857,0.846443063,6.857142857,1.813247351,0.485714286,0.473469388,0.245436926,0.684739571
ETT-small,dataset/ETT-small/ETTh1.csv,val,28,2268,96,96,7,mean,train_split_standard,0.354307322,0.696222597,6.792372050,17.571428571,0.435078790,-0.029472825,0.873684211,23.428571429,0.040748472,22.857142857,0.254838957,8.000000000,0.199263118,-0.055059524,0.221726190,0.823631348,6.000000000,1.719164822,0.653061224,0.538775510,0.238424442,0.664075383
ETT-small,dataset/ETT-small/ETTh1.csv,val,29,1199,96,96,7,mean,train_split_standard,0.111210757,0.157282737,4.652746662,12.285714286,0.410787816,0.012258012,0.920300752,18.714285714,0.033047807,19.857142857,0.289102560,7.857142857,0.113467609,-0.537202381,0.041666667,0.845089499,6.428571429,1.753400598,0.526530612,0.510204082,0.217386992,0.654401498
ETT-small,dataset/ETT-small/ETTh1.csv,val,30,1800,96,96,7,mean,train_split_standard,0.127838822,0.051291222,2.972374180,8.714285714,0.251177956,-0.004983905,0.903759398,12.857142857,0.012997586,20.428571429,0.227821565,4.142857143,0.368027211,0.001488095,0.055059524,0.770017875,5.714285714,1.885617844,0.485714286,0.387755102,0.378674114,0.822311144
ETT-small,dataset/ETT-small/ETTh1.csv,val,31,1609,96,96,7,mean,train_split_standard,-0.570514230,-0.477750543,12.134597585,29.000000000,0.561924376,-0.136011496,0.670676692,26.571428571,0.069523810,15.571428571,0.442278312,8.571428571,0.270783009,-0.636160714,0.116815476,0.896285643,7.571428571,1.554129885,0.461224490,0.685714286,0.105187254,0.445171588
ETT-small,dataset/ETT-small/ETTh1.csv,val,32,1703,96,96,7,mean,train_split_standard,-0.003375186,0.170363206,3.494425865,10.857142857,0.302089682,0.209693692,0.875187970,13.571428571,0.031775830,21.285714286,0.184930933,5.142857143,0.189177489,-0.034226190,0.154761905,0.764667605,7.000000000,1.801899035,0.477551020,0.334693878,0.322574246,0.744914142
ETT-small,dataset/ETT-small/ETTh1.csv,val,33,318,96,96,7,mean,train_split_standard,0.081223725,0.148844188,3.548192866,8.142857143,0.294380847,0.010312273,0.933834586,14.285714286,0.029298588,14.714285714,0.199164469,4.285714286,0.146031746,-0.248511905,-0.169642857,0.766430157,6.857142857,1.889080831,0.653061224,0.428571429,0.329586729,0.770391489
ETT-small,dataset/ETT-small/ETTh1.csv,val,34,555,96,96,7,mean,train_split_standard,-0.013803282,0.063027563,2.994873120,7.428571429,0.296427426,0.007946978,0.944360902,14.714285714,0.025160831,17.000000000,0.250937037,3.714285714,0.403641457,0.226190476,-0.232142857,0.760967337,7.000000000,1.821483756,0.546938776,0.551020408,0.371661631,0.798458480
ETT-small,dataset/ETT-small/ETTh1.csv,val,35,2284,96,96,7,mean,train_split_standard,0.302109254,0.367493715,6.675569748,17.571428571,0.436537732,-0.018811130,0.840601504,22.571428571,0.056745143,23.428571429,0.284902208,9.714285714,0.179523472,0.022321429,0.333333333,0.841900465,6.428571429,1.724093999,0.412244898,0.677551020,0.231411959,0.642967377
ETT-small,dataset/ETT-small/ETTh1.csv,val,36,2756,96,96,7,mean,train_split_standard,-0.177388215,-0.449468112,3.755660289,10.714285714,0.327050325,0.070474808,0.923308271,14.571428571,0.026904197,19.714285714,0.263523151,6.285714286,0.315054718,0.004464286,0.194940476,0.796742109,6.571428571,1.785841856,0.677551020,0.416326531,0.287511828,0.744472838
ETT-small,dataset/ETT-small/ETTh1.csv,val,37,2420,96,96,7,mean,train_split_standard,0.072828884,-0.149269561,5.201063607,8.285714286,0.311399241,0.156228594,0.888721805,18.714285714,0.032799224,20.714285714,0.217758244,5.142857143,0.168027211,-0.250000000,0.122023810,0.788307871,6.285714286,1.768766615,0.644897959,0.530612245,0.266474377,0.708952380
ETT-small,dataset/ETT-small/ETTh1.csv,val,38,1504,96,96,7,mean,train_split_standard,0.240047154,0.226672298,6.857501210,15.000000000,0.455943566,0.016103783,0.912781955,22.714285714,0.052010582,22.714285714,0.295865476,10.428571429,0.275095785,-0.412202381,0.305059524,0.864000721,7.857142857,1.749673486,0.706122449,0.444897959,0.161287123,0.606972511
ETT-small,dataset/ETT-small/ETTh1.csv,val,39,1283,96,96,7,mean,train_split_standard,0.177442512,0.042173008,4.468047661,9.857142857,0.355727115,-0.026231548,0.911278195,20.142857143,0.059819041,18.857142857,0.284801021,6.571428571,0.370397938,0.438988095,-0.351190476,0.824659804,6.571428571,1.775910228,0.436734694,0.563265306,0.238424442,0.700114416
ETT-small,dataset/ETT-small/ETTh1.csv,val,40,1371,96,96,7,mean,train_split_standard,0.186889591,0.087594323,9.006625033,15.142857143,0.521217799,-0.026471639,0.890225564,29.142857143,0.051669606,17.142857143,0.342358596,8.428571429,0.103437164,0.343005952,-0.209821429,0.901405888,7.000000000,1.714874559,0.600000000,0.542857143,0.168299606,0.551863099
ETT-small,dataset/ETT-small/ETTh1.csv,val,41,1591,96,96,7,mean,train_split_standard,-0.403111957,-0.350381046,11.952360271,28.000000000,0.583422345,-0.025345455,0.828571429,28.428571429,0.092764785,14.000000000,0.526144347,9.142857143,0.236957572,-0.349702381,0.259672619,0.891777042,8.000000000,1.659335334,0.706122449,0.538775510,0.140249672,0.491395669
ETT-small,dataset/ETT-small/ETTh1.csv,val,42,497,96,96,7,mean,train_split_standard,-0.073364930,0.175855893,5.283991451,14.000000000,0.347874725,-0.046691575,0.912781955,19.000000000,0.034931279,19.285714286,0.249791463,7.714285714,0.354948431,0.269345238,-0.035714286,0.784110900,7.000000000,1.829073070,0.526530612,0.461224490,0.343611696,0.720893663
ETT-small,dataset/ETT-small/ETTh1.csv,val,43,1160,96,96,7,mean,train_split_standard,0.005742306,0.071205982,4.651360935,12.428571429,0.386862156,0.043173645,0.914285714,20.571428571,0.031243292,22.714285714,0.288885473,7.000000000,0.242800454,-0.097470238,0.357142857,0.870642065,6.857142857,1.775201913,0.628571429,0.530612245,0.238424442,0.656213258
ETT-small,dataset/ETT-small/ETTh1.csv,val,44,2532,96,96,7,mean,train_split_standard,-0.128193706,-0.204899530,4.017411746,9.857142857,0.383439153,0.030627843,0.876691729,18.000000000,0.044789410,21.000000000,0.390229138,6.428571429,0.308774962,0.367559524,-0.275297619,0.846796366,6.857142857,1.772671271,0.595918367,0.375510204,0.287511828,0.676297425
ETT-small,dataset/ETT-small/ETTh1.csv,val,45,2627,96,96,7,mean,train_split_standard,-0.043363288,-0.091232626,5.649213426,15.857142857,0.381689011,0.021085239,0.893233083,16.428571429,0.052923591,22.857142857,0.429164754,10.142857143,0.234900598,-0.508184524,-0.031250000,0.817881022,7.714285714,1.746648484,0.408163265,0.534693878,0.266474377,0.621065901
ETT-small,dataset/ETT-small/ETTh1.csv,val,46,1597,96,96,7,mean,train_split_standard,-0.452739627,-0.451167088,13.090932888,29.857142857,0.592297150,-0.019515137,0.775939850,27.857142857,0.109100529,16.428571429,0.530458887,6.714285714,0.294308023,-0.449404762,0.273809524,0.877886169,7.857142857,1.645406704,0.665306122,0.628571429,0.126224705,0.481021539
ETT-small,dataset/ETT-small/ETTh1.csv,val,47,1906,96,96,7,mean,train_split_standard,0.402892754,0.212930698,2.982070507,8.857142857,0.272216979,-0.086834201,0.908270677,13.571428571,0.010439459,17.142857143,0.221314832,4.000000000,0.446938776,0.084821429,0.193452381,0.756038597,6.857142857,1.879294534,0.367346939,0.473469388,0.406724049,0.809647541
ETT-small,dataset/ETT-small/ETTh1.csv,val,48,105,96,96,7,mean,train_split_standard,-0.054755096,-0.038971259,4.412868557,9.714285714,0.334588062,0.013720143,0.935338346,15.857142857,0.031057459,19.142857143,0.313934991,5.857142857,0.329004329,-0.235119048,0.186011905,0.825430937,7.000000000,1.822501581,0.575510204,0.575510204,0.252449410,0.693564795
ETT-small,dataset/ETT-small/ETTh1.csv,val,49,1859,96,96,7,mean,train_split_standard,0.342475457,0.128382921,2.945599909,9.285714286,0.288047739,-0.051129610,0.890225564,14.571428571,0.013459064,15.571428571,0.195736700,4.000000000,0.383333333,0.000000000,-0.031250000,0.768756491,5.857142857,1.852804166,0.436734694,0.359183673,0.399711565,0.831427387
ETT-small,dataset/ETT-small/ETTh1.csv,val,50,1684,96,96,7,mean,train_split_standard,0.079352829,-0.203559250,3.727070401,11.000000000,0.392750206,0.129611129,0.712781955,20.000000000,0.025101347,20.714285714,0.162703031,6.428571429,0.134528963,-0.087797619,-0.050595238,0.788067857,6.714285714,1.702175580,0.436734694,0.722448980,0.301536795,0.738827170
exchange_rate,dataset/exchange_rate/exchange_rate.csv,val,1,635,96,96,8,mean,train_split_standard,-0.217313295,-0.156130554,8.251359722,22.000000000,0.499402222,-0.010759367,0.855263158,24.250000000,0.072277319,17.375000000,0.622923669,12.000000000,0.108535354,0.017578125,0.410156250,0.843712307,7.875000000,1.766885407,0.446428571,0.635714286,0.159534002,0.493964485
exchange_rate,dataset/exchange_rate/exchange_rate.csv,val,2,242,96,96,8,mean,train_split_standard,0.075687214,0.014678453,10.993524934,31.000000000,0.627670078,-0.013782692,0.743421053,24.625000000,0.079934571,20.625000000,0.558453716,16.625000000,0.084755024,0.333333333,-0.338541667,0.902801011,5.375000000,1.632667997,0.810714286,0.632142857,0.092038847,0.453399648
exchange_rate,dataset/exchange_rate/exchange_rate.csv,val,3,468,96,96,8,mean,train_split_standard,0.408773291,0.451618417,13.149168855,36.625000000,0.722009742,-0.015797001,0.744736842,45.250000000,0.116145833,8.125000000,0.555035547,15.375000000,0.047287479,0.031901042,0.427083333,0.945216179,5.625000000,1.595191249,0.789285714,0.710714286,0.079767001,0.333018214
exchange_rate,dataset/exchange_rate/exchange_rate.csv,val,4,524,96,96,8,mean,train_split_standard,-0.488469762,-0.319851549,9.331735099,19.125000000,0.605589439,-0.084831945,0.811842105,22.875000000,0.092545010,3.250000000,0.455314003,13.875000000,0.055224228,-0.501953125,0.236328125,0.892004305,6.000000000,1.667150503,0.750000000,0.614285714,0.116582540,0.437072410
exchange_rate,dataset/exchange_rate/exchange_rate.csv,val,5,395,96,96,8,mean,train_split_standard,0.168405626,0.058066085,9.545086739,20.375000000,0.537604914,0.028093720,0.789473684,28.875000000,0.085520833,6.875000000,0.589729119,14.750000000,0.072380759,0.204427083,-0.329427083,0.858187418,5.000000000,1.669235285,0.792857143,0.496428571,0.110446617,0.464688164
exchange_rate,dataset/exchange_rate/exchange_rate.csv,val,6,320,96,96,8,mean,train_split_standard,-0.308373681,-0.338947047,13.200235228,38.000000000,0.707235228,-0.004431250,0.701315789,28.625000000,0.110243056,19.500000000,0.900353288,13.250000000,0.083726047,0.768229167,-0.414062500,0.911373469,4.625000000,1.523116680,0.657142857,0.689285714,0.073631078,0.331353149
exchange_rate,dataset/exchange_rate/exchange_rate.csv,val,7,245,96,96,8,mean,train_split_standard,0.446032835,0.280579693,11.372911858,26.750000000,0.629169643,-0.021023350,0.753947368,26.625000000,0.092485591,19.000000000,0.548174805,13.625000000,0.083370779,0.455078125,-0.396484375,0.901806735,5.125000000,1.642616151,0.782142857,0.639285714,0.098174770,0.463224904
exchange_rate,dataset/exchange_rate/exchange_rate.csv,val,8,607,96,96,8,mean,train_split_standard,0.605802303,0.396372374,12.900020753,25.000000000,0.640145057,-0.048831304,0.825000000,37.500000000,0.067858988,18.500000000,0.728714523,18.000000000,0.055163240,0.110677083,-0.548177083,0.897919840,5.625000000,1.683397686,0.657142857,0.610714286,0.092038847,0.378895419
exchange_rate,dataset/exchange_rate/exchange_rate.csv,val,9,164,96,96,8,mean,train_split_standard,0.330810289,0.225237697,16.848148315,48.500000000,0.864593721,-0.002482467,0.726315789,40.625000000,0.148148148,25.000000000,0.940708736,18.750000000,0.030882916,0.545572917,-0.731770833,0.945449657,5.250000000,1.467992059,0.789285714,0.667857143,0.049087385,0.269190514
exchange_rate,dataset/exchange_rate/exchange_rate.csv,val,10,241,96,96,8,mean,train_split_standard,0.001946139,0.018826015,10.842186971,29.250000000,0.630664401,-0.010451992,0.738157895,24.125000000,0.082485591,20.500000000,0.569680067,14.875000000,0.084725658,0.199218750,-0.319010417,0.902246346,5.375000000,1.633630074,0.792857143,0.607142857,0.092038847,0.449601454
exchange_rate,dataset/exchange_rate/exchange_rate.csv,val,11,202,96,96,8,mean,train_split_standard,-0.142931050,0.030190164,7.229726751,23.000000000,0.500866555,0.026838611,0.775000000,23.250000000,0.059068300,24.250000000,0.443268166,13.375000000,0.100351002,0.163411458,0.036458333,0.857740467,5.000000000,1.690268040,0.607142857,0.653571429,0.147262156,0.509305279
exchange_rate,dataset/exchange_rate/exchange_rate.csv,val,12,622,96,96,8,mean,train_split_standard,0.215008359,-0.077283940,8.663074624,21.250000000,0.515118675,0.030656988,0.846052632,26.125000000,0.061671804,14.250000000,0.631614480,14.375000000,0.078232526,0.145833333,-0.446614583,0.876251370,5.625000000,1.750525883,0.771428571,0.417857143,0.147262156,0.435540498
exchange_rate,dataset/exchange_rate/exchange_rate.csv,val,13,116,96,96,8,mean,train_split_standard,-0.034291142,0.005576817,12.887713767,29.625000000,0.745702810,0.002093666,0.735526316,29.875000000,0.108333333,16.875000000,0.930159280,15.875000000,0.171444436,0.746093750,-0.488281250,0.907736573,5.000000000,1.552151405,0.735714286,0.617857143,0.079767001,0.323607330
exchange_rate,dataset/exchange_rate/exchange_rate.csv,val,14,473,96,96,8,mean,train_split_standard,0.536880246,0.456143248,13.952673659,36.250000000,0.745031175,-0.013444371,0.755263158,47.250000000,0.109166667,8.125000000,0.561367314,15.625000000,0.043929570,-0.021484375,0.346354167,0.939223639,5.625000000,1.637161727,0.696428571,0.792857143,0.067495155,0.329659816
exchange_rate,dataset/exchange_rate/exchange_rate.csv,val,15,521,96,96,8,mean,train_split_standard,-0.523142739,-0.379541209,9.810328338,20.000000000,0.617663005,-0.080835379,0.828947368,24.375000000,0.088260995,3.250000000,0.464215732,14.500000000,0.050410988,-0.473958333,0.273437500,0.892978630,6.000000000,1.683508158,0.692857143,0.671428571,0.098174770,0.436188378
exchange_rate,dataset/exchange_rate/exchange_rate.csv,val,16,149,96,96,8,mean,train_split_standard,-0.407219813,-0.070051534,18.589195514,45.875000000,0.856955758,0.001064805,0.713157895,38.125000000,0.148148148,16.375000000,1.066738205,22.000000000,0.039467603,0.684895833,-0.590494792,0.940243197,5.000000000,1.466060064,0.735714286,0.625000000,0.049087385,0.262661474
exchange_rate,dataset/exchange_rate/exchange_rate.csv,val,17,281,96,96,8,mean,train_split_standard,0.204699573,0.293665191,10.362787990,28.250000000,0.589134462,-0.016491503,0.739473684,32.500000000,0.097754428,18.750000000,0.632054102,11.875000000,0.079064051,0.557291667,-0.447916667,0.898427050,4.750000000,1.641138004,0.717857143,0.521428571,0.104310694,0.432770863
exchange_rate,dataset/exchange_rate/exchange_rate.csv,val,18,305,96,96,8,mean,train_split_standard,-0.296480365,-0.030193053,10.425319152,20.625000000,0.659620934,-0.005217726,0.732894737,25.125000000,0.094482060,22.000000000,0.674383650,12.625000000,0.083444791,0.722656250,-0.415364583,0.901184470,4.625000000,1.562075547,0.535714286,0.646428571,0.085902924,0.390555029
exchange_rate,dataset/exchange_rate/exchange_rate.csv,val,19,0,96,96,8,mean,train_split_standard,0.424132707,0.619524589,14.683428809,34.250000000,0.652769822,-0.041129802,0.726315789,40.625000000,0.088252315,16.375000000,0.755356113,21.000000000,0.081952543,-0.119791667,0.617187500,0.911915195,5.000000000,1.564678073,0.803571429,0.707142857,0.079767001,0.395640485
exchange_rate,dataset/exchange_rate/exchange_rate.csv,val,20,438,96,96,8,mean,train_split_standard,-0.374731820,-0.350168469,14.008895586,37.875000000,0.685394745,-0.005665393,0.747368421,32.125000000,0.098622685,18.125000000,0.551105490,16.250000000,0.056850681,0.524739583,-0.186848958,0.923259084,4.625000000,1.595683716,0.642857143,0.692857143,0.079767001,0.379422061
exchange_rate,dataset/exchange_rate/exchange_rate.csv,val,21,285,96,96,8,mean,train_split_standard,0.162181228,0.237462165,10.951418832,23.375000000,0.572784277,-0.015865697,0.740789474,30.125000000,0.094916208,11.750000000,0.597533407,10.125000000,0.086130696,0.537760417,-0.458984375,0.886183074,4.750000000,1.641262416,0.500000000,0.660714286,0.116582540,0.444461013
exchange_rate,dataset/exchange_rate/exchange_rate.csv,val,22,313,96,96,8,mean,train_split_standard,-0.142826952,-0.197071604,11.600242030,28.125000000,0.701614787,-0.001930321,0.711842105,27.125000000,0.114520319,12.750000000,0.752184570,11.750000000,0.080659253,0.766927083,-0.379557292,0.898913608,4.625000000,1.543583263,0.675000000,0.721428571,0.085902924,0.375604194
exchange_rate,dataset/exchange_rate/exchange_rate.csv,val,23,221,96,96,8,mean,train_split_standard,-0.089330926,-0.090753014,8.304309564,25.500000000,0.538203863,-0.004532430,0.764473684,25.125000000,0.057915958,19.375000000,0.480711709,15.625000000,0.083699981,0.227864583,-0.000651042,0.899137896,5.375000000,1.621250177,0.732142857,0.660714286,0.122718463,0.489595781
exchange_rate,dataset/exchange_rate/exchange_rate.csv,val,24,540,96,96,8,mean,train_split_standard,-0.048540210,0.010318593,7.252780098,14.875000000,0.497368742,-0.099350666,0.869736842,20.250000000,0.064643264,10.000000000,0.357730304,8.625000000,0.087108108,-0.440104167,0.024739583,0.843627606,5.375000000,1.702422478,0.635714286,0.600000000,0.165669925,0.548273432
exchange_rate,dataset/exchange_rate/exchange_rate.csv,val,25,130,96,96,8,mean,train_split_standard,-0.455231699,-0.537807629,14.964025327,41.875000000,0.857169179,0.000050013,0.715789474,32.875000000,0.124710648,13.500000000,1.066530941,22.875000000,0.080875518,0.785807292,-0.422526042,0.938014875,5.000000000,1.495801602,0.771428571,0.553571429,0.061359232,0.278071201
exchange_rate,dataset/exchange_rate/exchange_rate.csv,val,26,440,96,96,8,mean,train_split_standard,-0.390563321,-0.212230434,14.297562685,41.625000000,0.699705155,-0.006650653,0.743421053,32.375000000,0.104754051,18.250000000,0.544135809,19.125000000,0.050829195,0.499348958,-0.196614583,0.924142880,4.625000000,1.592205821,0.721428571,0.635714286,0.079767001,0.376927743
exchange_rate,dataset/exchange_rate/exchange_rate.csv,val,27,530,96,96,8,mean,train_split_standard,-0.461483115,-0.339277066,7.987242858,18.500000000,0.562732402,-0.096698895,0.832894737,19.250000000,0.052838955,6.625000000,0.405852912,11.125000000,0.065393574,-0.563151042,0.182942708,0.883150891,6.000000000,1.713544113,0.825000000,0.421428571,0.147262156,0.464897418
exchange_rate,dataset/exchange_rate/exchange_rate.csv,val,28,371,96,96,8,mean,train_split_standard,0.183838644,0.094639478,12.386164557,28.500000000,0.710332735,-0.011667796,0.701315789,32.125000000,0.079617347,9.625000000,0.873313970,18.750000000,0.159922448,0.359375000,-0.572265625,0.908400505,5.250000000,1.620126537,0.685714286,0.607142857,0.085902924,0.338315885
exchange_rate,dataset/exchange_rate/exchange_rate.csv,val,29,550,96,96,8,mean,train_split_standard,-0.130355054,0.113263096,8.596197126,20.375000000,0.493151842,-0.043658525,0.856578947,24.125000000,0.074476746,22.375000000,0.414039146,11.875000000,0.066542566,0.299479167,-0.123697917,0.875497981,5.375000000,1.696334350,0.678571429,0.414285714,0.147262156,0.492769189
exchange_rate,dataset/exchange_rate/exchange_rate.csv,val,30,91,96,96,8,mean,train_split_standard,0.449114056,0.398980857,12.603678045,34.750000000,0.724230869,0.003989045,0.735526316,38.875000000,0.124895833,8.250000000,0.895090471,17.750000000,0.080043698,0.363281250,-0.666015625,0.914728095,5.125000000,1.582576238,0.682142857,0.646428571,0.092038847,0.334071164
exchange_rate,dataset/exchange_rate/exchange_rate.csv,val,31,358,96,96,8,mean,train_split_standard,0.196524091,0.351525634,13.701344661,34.875000000,0.699046907,-0.006312542,0.706578947,38.750000000,0.097179233,14.125000000,0.930964298,21.250000000,0.066423150,0.431640625,-0.605468750,0.928360253,5.375000000,1.511951769,0.675000000,0.692857143,0.073631078,0.332942738
exchange_rate,dataset/exchange_rate/exchange_rate.csv,val,32,483,96,96,8,mean,train_split_standard,0.077706381,0.404863145,14.202656659,32.750000000,0.730792530,-0.023577307,0.760526316,42.125000000,0.128182870,16.500000000,0.545071007,17.625000000,0.037751569,-0.171223958,0.233723958,0.925519534,5.625000000,1.575917431,0.625000000,0.639285714,0.073631078,0.354121981
exchange_rate,dataset/exchange_rate/exchange_rate.csv,val,33,246,96,96,8,mean,train_split_standard,0.397268501,0.221029268,11.593604386,29.375000000,0.649385211,-0.012177745,0.743421053,27.000000000,0.095506425,19.250000000,0.544547486,14.250000000,0.080482456,0.468750000,-0.416015625,0.904450968,5.125000000,1.633220670,0.717857143,0.675000000,0.098174770,0.463843158
exchange_rate,dataset/exchange_rate/exchange_rate.csv,val,34,525,96,96,8,mean,train_split_standard,-0.483414569,-0.313742409,9.096458188,18.000000000,0.588947061,-0.084158329,0.814473684,22.250000000,0.090889918,7.000000000,0.450170736,13.875000000,0.054301850,-0.509765625,0.221354167,0.895181752,6.000000000,1.670627081,0.767857143,0.600000000,0.116582540,0.443276674
exchange_rate,dataset/exchange_rate/exchange_rate.csv,val,35,194,96,96,8,mean,train_split_standard,0.078127683,-0.028185406,7.906922217,24.875000000,0.534964841,0.021066658,0.777631579,24.875000000,0.045335386,17.000000000,0.478380813,15.125000000,0.074472506,0.014322917,-0.492838542,0.865176715,5.000000000,1.700645114,0.789285714,0.714285714,0.147262156,0.477897092
exchange_rate,dataset/exchange_rate/exchange_rate.csv,val,36,583,96,96,8,mean,train_split_standard,0.768000018,0.319562358,16.603611379,30.250000000,0.693639278,-0.004098082,0.796052632,47.500000000,0.115740741,13.125000000,0.818424879,20.000000000,0.040796824,0.436197917,-0.386718750,0.922741649,5.500000000,1.636673859,0.814285714,0.642857143,0.061359232,0.370854922
exchange_rate,dataset/exchange_rate/exchange_rate.csv,val,37,639,96,96,8,mean,train_split_standard,0.057196701,-0.053377654,8.272105623,24.875000000,0.580062161,-0.013005644,0.840789474,24.375000000,0.073362912,16.375000000,0.683142236,14.375000000,0.091349969,-0.059244792,0.497395833,0.894452791,8.250000000,1.733419790,0.496428571,0.650000000,0.147262156,0.437493825
exchange_rate,dataset/exchange_rate/exchange_rate.csv,val,38,373,96,96,8,mean,train_split_standard,0.088884553,0.409753380,12.296302594,29.125000000,0.698094205,-0.007061889,0.715789474,32.000000000,0.057915958,6.875000000,0.879407856,18.000000000,0.114746280,0.342447917,-0.595052083,0.911764853,5.250000000,1.603143677,0.775000000,0.646428571,0.085902924,0.348790836
exchange_rate,dataset/exchange_rate/exchange_rate.csv,val,39,612,96,96,8,mean,train_split_standard,0.644715011,0.240449942,11.513211864,26.625000000,0.593733815,0.014467822,0.817105263,30.750000000,0.065137603,20.750000000,0.687411354,16.750000000,0.055082173,0.043619792,-0.533854167,0.897323042,5.625000000,1.746616063,0.671428571,0.689285714,0.098174770,0.408726729
exchange_rate,dataset/exchange_rate/exchange_rate.csv,val,40,595,96,96,8,mean,train_split_standard,0.631804972,0.690452324,15.253001244,34.375000000,0.688907646,-0.000900346,0.809210526,43.875000000,0.090277778,20.375000000,0.804297454,20.500000000,0.044286855,0.290364583,-0.457682292,0.918369291,5.250000000,1.592577589,0.775000000,0.635714286,0.061359232,0.362088104
exchange_rate,dataset/exchange_rate/exchange_rate.csv,val,41,470,96,96,8,mean,train_split_standard,0.465172517,0.455665126,13.413355491,37.375000000,0.737001500,-0.014729720,0.739473684,46.625000000,0.099571759,8.125000000,0.560873276,16.625000000,0.046440878,0.005208333,0.397135417,0.944066592,5.625000000,1.614099957,0.721428571,0.628571429,0.073631078,0.330432305
exchange_rate,dataset/exchange_rate/exchange_rate.csv,val,42,212,96,96,8,mean,train_split_standard,-0.141622707,0.006868397,7.965427407,25.875000000,0.518932391,0.002023374,0.761842105,24.500000000,0.058702995,23.125000000,0.458359666,14.125000000,0.100735514,0.213541667,0.082031250,0.888859517,5.375000000,1.653795048,0.525000000,0.596428571,0.122718463,0.511705615
exchange_rate,dataset/exchange_rate/exchange_rate.csv,val,43,273,96,96,8,mean,train_split_standard,-0.035642072,0.197995053,11.308181670,29.875000000,0.655485389,-0.009518084,0.752631579,29.500000000,0.086234883,19.250000000,0.655848898,14.250000000,0.104533793,0.504557292,-0.496093750,0.900980669,4.875000000,1.614469665,0.717857143,0.467857143,0.110446617,0.422248177
exchange_rate,dataset/exchange_rate/exchange_rate.csv,val,44,115,96,96,8,mean,train_split_standard,0.004875575,-0.033340689,12.925866135,29.375000000,0.773460806,0.001567101,0.735526316,29.750000000,0.107546296,15.250000000,0.919395537,16.375000000,0.123425876,0.665364583,-0.597656250,0.912328677,5.000000000,1.544056765,0.732142857,0.578571429,0.079767001,0.324713219
exchange_rate,dataset/exchange_rate/exchange_rate.csv,val,45,396,96,96,8,mean,train_split_standard,0.108580470,0.024847249,9.577534322,23.125000000,0.524986233,0.027163363,0.796052632,29.000000000,0.093945473,8.125000000,0.587132642,14.125000000,0.074005747,0.300130208,-0.294270833,0.854685879,5.000000000,1.680730927,0.782142857,0.482142857,0.110446617,0.469215295
exchange_rate,dataset/exchange_rate/exchange_rate.csv,val,46,45,96,96,8,mean,train_split_standard,-0.273761080,-0.311946978,12.224837408,33.375000000,0.755890197,-0.012160623,0.723684211,27.125000000,0.081038832,5.750000000,0.789602957,18.625000000,0.131074887,0.240885417,-0.253255208,0.924990864,5.250000000,1.493929812,0.757142857,0.589285714,0.085902924,0.347412939
exchange_rate,dataset/exchange_rate/exchange_rate.csv,val,47,20,96,96,8,mean,train_split_standard,0.156502716,0.127982698,13.339014182,32.125000000,0.673467476,0.019301449,0.703947368,34.750000000,0.088561980,3.750000000,0.758413496,20.500000000,0.107310502,-0.154947917,0.248046875,0.919691018,5.000000000,1.529139183,0.707142857,0.667857143,0.073631078,0.361545759
exchange_rate,dataset/exchange_rate/exchange_rate.csv,val,48,448,96,96,8,mean,train_split_standard,-0.121803076,0.126192455,13.412294115,37.750000000,0.656629305,-0.030482950,0.751315789,32.125000000,0.095150463,20.500000000,0.515861521,17.500000000,0.055007628,0.392578125,-0.218098958,0.912870052,5.250000000,1.636076509,0.800000000,0.757142857,0.085902924,0.412355656
exchange_rate,dataset/exchange_rate/exchange_rate.csv,val,49,104,96,96,8,mean,train_split_standard,0.107098450,0.049686777,11.901597357,32.125000000,0.698324709,-0.010016253,0.743421053,29.125000000,0.088765590,10.875000000,0.777096259,15.500000000,0.191341991,0.510416667,-0.601562500,0.900248544,5.250000000,1.538120316,0.464285714,0.671428571,0.098174770,0.364429372
exchange_rate,dataset/exchange_rate/exchange_rate.csv,val,50,322,96,96,8,mean,train_split_standard,-0.346374689,-0.308327554,13.543481247,39.875000000,0.742019795,-0.003243533,0.690789474,29.625000000,0.108217593,16.125000000,0.951219657,15.625000000,0.076602994,0.759114583,-0.413411458,0.917434945,4.625000000,1.518203849,0.657142857,0.664285714,0.073631078,0.317557907
illness,dataset/illness/national_illness.csv,val,1,30,36,36,7,mean,train_split_standard,0.026773488,-0.397599485,5.917615005,18.000000000,0.739210944,0.054907842,0.816326531,16.714285714,0.127830688,4.571428571,0.539453918,5.571428571,0.278443778,0.571428571,-0.694444444,0.858511792,4.714285714,1.669631975,0.530612245,0.520408163,0.168299606,0.467448682
illness,dataset/illness/national_illness.csv,val,2,49,36,36,7,mean,train_split_standard,-0.460310460,-0.537858855,7.065233374,19.857142857,0.884295377,-0.017089872,0.816326531,18.714285714,0.126984127,1.714285714,0.756172495,10.571428571,0.373726274,-0.376984127,0.666666667,0.909408520,15.142857143,1.495495800,0.551020408,0.510204082,0.168299606,0.356985600
illness,dataset/illness/national_illness.csv,val,3,13,36,36,7,mean,train_split_standard,-0.777286133,-1.110015904,5.284857549,16.000000000,0.706849832,0.073562420,0.844897959,8.857142857,0.077711640,3.571428571,0.562317495,7.000000000,0.779761905,0.777777778,-0.051587302,0.849145157,9.571428571,1.582852236,0.520408163,0.469387755,0.196349541,0.438587247
illness,dataset/illness/national_illness.csv,val,4,52,36,36,7,mean,train_split_standard,-0.764670213,-0.877976982,7.471332409,20.285714286,0.899841734,-0.006549268,0.787755102,17.428571429,0.134920635,5.714285714,0.839272077,12.714285714,0.355144855,-0.527777778,0.599206349,0.934025885,15.142857143,1.478422500,0.510204082,0.459183673,0.154274639,0.339308120
illness,dataset/illness/national_illness.csv,val,5,21,36,36,7,mean,train_split_standard,-0.438303282,-0.556791059,7.396853348,18.142857143,0.753988591,0.051689869,0.775510204,14.714285714,0.166666667,3.285714286,0.628119653,13.285714286,0.129120879,0.686507937,-0.484126984,0.863067343,5.857142857,1.566175691,0.551020408,0.469387755,0.126224705,0.373498288
illness,dataset/illness/national_illness.csv,val,6,54,36,36,7,mean,train_split_standard,-0.828939200,-0.941544562,7.354890401,20.571428571,0.889409687,-0.005199344,0.808163265,15.428571429,0.129629630,2.285714286,0.843339454,12.714285714,0.341075591,-0.611111111,0.527777778,0.937678703,15.142857143,1.463201803,0.530612245,0.520408163,0.112199738,0.332975901
illness,dataset/illness/national_illness.csv,val,7,23,36,36,7,mean,train_split_standard,-0.302567790,-0.393100341,7.204697544,19.714285714,0.756174791,0.052649666,0.755102041,15.000000000,0.153439153,3.285714286,0.651853063,8.857142857,0.187372152,0.722222222,-0.555555556,0.827182150,5.285714286,1.548288197,0.510204082,0.489795918,0.126224705,0.366468791
illness,dataset/illness/national_illness.csv,val,8,45,36,36,7,mean,train_split_standard,0.273558987,0.115390648,5.832175995,17.285714286,0.784521687,-0.018623735,0.861224490,18.857142857,0.103835979,0.428571429,0.618684089,7.285714286,0.455808081,-0.190476190,0.750000000,0.864935576,14.142857143,1.534434414,0.571428571,0.540816327,0.182324574,0.431521320
illness,dataset/illness/national_illness.csv,val,9,2,36,36,7,mean,train_split_standard,-0.375187231,-0.673291601,6.944500069,22.571428571,0.844189775,-0.008952194,0.738775510,13.714285714,0.166666667,0.000000000,1.164695798,16.714285714,0.680402930,-0.765873016,0.535714286,0.847145455,11.142857143,1.475942698,0.469387755,0.530612245,0.154274639,0.247865258
illness,dataset/illness/national_illness.csv,val,10,24,36,36,7,mean,train_split_standard,-0.324573800,-0.412246489,7.096498714,22.142857143,0.771251459,0.050645579,0.759183673,14.142857143,0.158730159,3.285714286,0.716824922,7.857142857,0.204378954,0.730158730,-0.567460317,0.823993102,4.571428571,1.501142783,0.500000000,0.500000000,0.140249672,0.355309074
illness,dataset/illness/national_illness.csv,val,11,29,36,36,7,mean,train_split_standard,-0.090123777,-0.514754803,6.112293665,21.714285714,0.773413044,0.050517561,0.795918367,15.857142857,0.140634921,4.428571429,0.660320403,5.285714286,0.171289028,0.626984127,-0.670634921,0.865984458,4.000000000,1.580564630,0.530612245,0.489795918,0.154274639,0.426280196
illness,dataset/illness/national_illness.csv,val,12,0,36,36,7,mean,train_split_standard,-0.462567137,-0.574050398,7.047318478,23.285714286,0.933345714,-0.006065500,0.714285714,15.000000000,0.166666667,2.571428571,1.265947522,6.571428571,0.363553114,-0.718253968,0.591269841,0.888855039,11.428571429,1.436881635,0.469387755,0.510204082,0.098174770,0.218601331
illness,dataset/illness/national_illness.csv,val,13,12,36,36,7,mean,train_split_standard,-0.898188772,-0.835230334,5.100909332,16.000000000,0.699153531,0.073081568,0.840816327,8.428571429,0.067460317,3.000000000,0.556162585,6.428571429,0.823412698,0.500000000,0.003968254,0.833662328,9.714285714,1.582852236,0.561224490,0.428571429,0.196349541,0.456695079
illness,dataset/illness/national_illness.csv,val,14,51,36,36,7,mean,train_split_standard,-0.673968110,-0.787293185,7.403101848,20.142857143,0.896894880,0.002238783,0.804081633,17.857142857,0.126984127,7.571428571,0.780756460,12.285714286,0.406360306,-0.480158730,0.623015873,0.924441289,15.142857143,1.514831683,0.520408163,0.469387755,0.168299606,0.340321628
illness,dataset/illness/national_illness.csv,val,15,10,36,36,7,mean,train_split_standard,-0.588946704,-1.064311051,4.990229401,16.285714286,0.701865495,0.072374422,0.836734694,10.142857143,0.067552910,2.142857143,0.689249578,6.571428571,0.990646259,-0.373015873,0.115079365,0.827375678,9.714285714,1.559653785,0.530612245,0.500000000,0.196349541,0.438419845
illness,dataset/illness/national_illness.csv,val,16,22,36,36,7,mean,train_split_standard,-0.307748249,-0.557700007,7.415224924,19.571428571,0.742056908,0.053280565,0.771428571,15.000000000,0.153439153,3.000000000,0.646994549,12.857142857,0.127586699,0.698412698,-0.529761905,0.845071876,5.571428571,1.556082248,0.520408163,0.479591837,0.126224705,0.370690902
illness,dataset/illness/national_illness.csv,val,17,39,36,36,7,mean,train_split_standard,-0.251859366,-0.170753095,4.205600231,12.714285714,0.620716459,-0.037151115,0.914285714,16.142857143,0.064523810,1.857142857,0.438017981,6.714285714,0.674319728,0.067460317,0.357142857,0.804427681,10.571428571,1.679152887,0.530612245,0.530612245,0.238424442,0.556871104
illness,dataset/illness/national_illness.csv,val,18,15,36,36,7,mean,train_split_standard,-0.821626370,-1.035148667,5.705176338,16.857142857,0.702376919,0.064457296,0.840816327,10.428571429,0.111111111,2.714285714,0.521868940,7.285714286,0.503174603,0.773809524,-0.162698413,0.839999592,9.285714286,1.556544159,0.500000000,0.551020408,0.196349541,0.449828105
illness,dataset/illness/national_illness.csv,val,19,26,36,36,7,mean,train_split_standard,-0.246484075,-0.460173250,6.396418818,22.142857143,0.770321086,0.050883933,0.742857143,14.285714286,0.150793651,2.714285714,0.838197833,6.428571429,0.212376512,0.722222222,-0.599206349,0.829407256,3.714285714,1.608255777,0.530612245,0.530612245,0.154274639,0.332120973
illness,dataset/illness/national_illness.csv,val,20,57,36,36,7,mean,train_split_standard,-0.765709748,-0.834727656,6.295669163,19.857142857,0.782213004,0.067262863,0.791836735,13.000000000,0.074074074,0.857142857,0.654911997,11.714285714,0.377922078,-0.710317460,0.384920635,0.880243699,15.142857143,1.478479325,0.540816327,0.571428571,0.196349541,0.381316964
illness,dataset/illness/national_illness.csv,val,21,27,36,36,7,mean,train_split_standard,-0.301208073,-0.529443371,6.252784287,22.428571429,0.775594486,0.044981234,0.759183673,14.714285714,0.145502646,6.714285714,0.695129152,6.000000000,0.122309437,0.706349206,-0.619047619,0.849987211,3.714285714,1.511963315,0.540816327,0.479591837,0.154274639,0.349481248
illness,dataset/illness/national_illness.csv,val,22,47,36,36,7,mean,train_split_standard,0.076111792,-0.346291444,6.515446294,18.571428571,0.817166555,-0.018545153,0.840816327,19.714285714,0.121693122,0.000000000,0.692138012,8.571428571,0.413492063,-0.281746032,0.718253968,0.892706377,14.857142857,1.487063593,0.551020408,0.540816327,0.182324574,0.403237037
illness,dataset/illness/national_illness.csv,val,23,56,36,36,7,mean,train_split_standard,-0.782892865,-0.873861491,6.773804046,20.285714286,0.815828117,0.069147179,0.808163265,13.714285714,0.100529101,1.285714286,0.658250540,13.000000000,0.375541126,-0.688492063,0.432539683,0.907383653,15.142857143,1.464801786,0.489795918,0.500000000,0.196349541,0.370646708
illness,dataset/illness/national_illness.csv,val,24,61,36,36,7,mean,train_split_standard,-0.718024468,-0.803942637,4.783569576,17.428571429,0.672082513,0.047724363,0.836734694,9.714285714,0.067552910,1.142857143,0.517996786,7.428571429,1.187471655,-0.438492063,0.162698413,0.784881539,14.714285714,1.533189482,0.489795918,0.510204082,0.196349541,0.409195511
illness,dataset/illness/national_illness.csv,val,25,40,36,36,7,mean,train_split_standard,-0.114427035,-0.039662668,4.330114746,13.285714286,0.661759658,-0.032678838,0.906122449,16.142857143,0.064523810,0.428571429,0.453781149,4.857142857,0.579081633,0.015873016,0.781746032,0.809453257,11.142857143,1.657864999,0.551020408,0.561224490,0.224399475,0.540085576
illness,dataset/illness/national_illness.csv,val,26,31,36,36,7,mean,train_split_standard,0.099035251,0.109830556,5.620807381,20.285714286,0.729334774,0.062626148,0.832653061,16.428571429,0.120462963,4.571428571,0.515356425,5.571428571,0.285006660,0.515873016,-0.716269841,0.845359917,5.428571429,1.587456120,0.510204082,0.489795918,0.182324574,0.494083060
illness,dataset/illness/national_illness.csv,val,27,1,36,36,7,mean,train_split_standard,-0.418260839,-0.705537085,6.969724391,23.285714286,0.907641536,-0.006507785,0.734693878,14.428571429,0.166666667,1.714285714,1.204498712,6.714285714,0.373626374,-0.742063492,0.567460317,0.869981322,11.428571429,1.487476605,0.469387755,0.551020408,0.126224705,0.231745097
illness,dataset/illness/national_illness.csv,val,28,43,36,36,7,mean,train_split_standard,0.315059418,0.240836190,5.227972393,14.571428571,0.719374716,-0.022433060,0.889795918,16.714285714,0.085079365,1.428571429,0.531141598,6.142857143,0.485762254,-0.107142857,0.783730159,0.832017110,12.857142857,1.602397878,0.500000000,0.540816327,0.196349541,0.476995551
illness,dataset/illness/national_illness.csv,val,29,4,36,36,7,mean,train_split_standard,-0.382816680,-0.689956744,6.750272553,21.000000000,0.776148175,0.084703502,0.775510204,13.571428571,0.153439153,0.000000000,0.811171556,14.428571429,0.643939394,-0.757936508,0.436507937,0.821822769,10.571428571,1.590008132,0.540816327,0.530612245,0.196349541,0.327182464
illness,dataset/illness/national_illness.csv,val,30,59,36,36,7,mean,train_split_standard,-0.726451291,-0.799134520,5.143009289,19.000000000,0.744488042,0.058789264,0.808163265,11.285714286,0.074074074,3.142857143,0.629163235,9.428571429,0.911688312,-0.662698413,0.275793651,0.824707528,15.142857143,1.505834404,0.469387755,0.571428571,0.196349541,0.382082125
illness,dataset/illness/national_illness.csv,val,31,5,36,36,7,mean,train_split_standard,-0.414910087,-0.723459070,6.443807015,19.571428571,0.706308714,0.082189087,0.791836735,13.000000000,0.140211640,1.285714286,0.715176177,12.285714286,0.784848485,-0.724206349,0.392857143,0.819942803,10.285714286,1.526598922,0.489795918,0.571428571,0.196349541,0.344990398
illness,dataset/illness/national_illness.csv,val,32,35,36,36,7,mean,train_split_standard,-0.245282499,-0.134485554,4.031629791,15.142857143,0.617659405,0.127205640,0.877551020,16.571428571,0.057261095,5.000000000,0.387417866,6.142857143,0.461111111,0.293650794,-0.710317460,0.775400769,7.714285714,1.693407590,0.520408163,0.520408163,0.280499344,0.602593333
illness,dataset/illness/national_illness.csv,val,33,46,36,36,7,mean,train_split_standard,0.022011598,-0.163981314,6.200317773,17.857142857,0.798319327,0.016870720,0.840816327,19.571428571,0.126984127,0.428571429,0.648865381,7.857142857,0.419047619,-0.234126984,0.722222222,0.880697527,14.571428571,1.542453609,0.561224490,0.530612245,0.182324574,0.417818134
illness,dataset/illness/national_illness.csv,val,34,53,36,36,7,mean,train_split_standard,-0.859984143,-0.972772867,7.445471755,20.714285714,0.892372049,-0.005433615,0.800000000,16.428571429,0.134920635,5.857142857,0.839778271,12.857142857,0.328088578,-0.569444444,0.559523810,0.937253200,15.142857143,1.473918017,0.479591837,0.469387755,0.140249672,0.334698513
illness,dataset/illness/national_illness.csv,val,35,37,36,36,7,mean,train_split_standard,-0.239665326,0.132116104,3.609666346,10.857142857,0.585153252,0.161787700,0.889795918,16.285714286,0.056869669,4.714285714,0.375164204,5.571428571,0.598866213,0.178571429,-0.515873016,0.750268525,9.000000000,1.693407590,0.448979592,0.561224490,0.322574246,0.605220694
illness,dataset/illness/national_illness.csv,val,36,36,36,36,7,mean,train_split_standard,-0.171715340,-0.024153569,3.788976648,12.142857143,0.571441395,0.157507620,0.885714286,16.428571429,0.056858520,4.714285714,0.380762720,5.428571429,0.514455782,0.234126984,-0.662698413,0.760032548,8.142857143,1.693407590,0.500000000,0.540816327,0.322574246,0.636423556
illness,dataset/illness/national_illness.csv,val,37,9,36,36,7,mean,train_split_standard,-0.544013429,-0.871085271,4.966083871,17.000000000,0.731398536,0.075773470,0.828571429,11.000000000,0.067552910,2.857142857,0.703678386,6.857142857,1.091326531,-0.551587302,0.170634921,0.823286113,9.714285714,1.559653785,0.520408163,0.520408163,0.196349541,0.420888632
illness,dataset/illness/national_illness.csv,val,38,7,36,36,7,mean,train_split_standard,-0.526595253,-0.645062687,5.457049403,18.142857143,0.772582086,0.085461347,0.824489796,12.428571429,0.074074074,0.857142857,0.834083606,9.000000000,0.967532468,-0.726190476,0.285714286,0.834227141,9.714285714,1.552043437,0.479591837,0.571428571,0.196349541,0.389011802
illness,dataset/illness/national_illness.csv,val,39,14,36,36,7,mean,train_split_standard,-0.885489623,-1.089813906,5.538135480,16.142857143,0.738394505,0.074394149,0.844897959,9.714285714,0.089947090,3.000000000,0.568853807,7.428571429,0.825396825,0.781746032,-0.107142857,0.855278674,9.428571429,1.582852236,0.510204082,0.489795918,0.196349541,0.429961790
illness,dataset/illness/national_illness.csv,val,40,17,36,36,7,mean,train_split_standard,-0.806101403,-0.852089084,6.405231921,16.142857143,0.726592683,0.054071228,0.824489796,12.000000000,0.111111111,3.000000000,0.526284389,9.000000000,0.224675325,0.750000000,-0.269841270,0.856450704,7.285714286,1.576785045,0.540816327,0.540816327,0.196349541,0.434674872
illness,dataset/illness/national_illness.csv,val,41,32,36,36,7,mean,train_split_standard,0.401293924,0.011958820,5.175275192,19.571428571,0.751121423,0.073643435,0.840816327,17.142857143,0.117248677,4.571428571,0.494108585,5.571428571,0.287557680,0.460317460,-0.730158730,0.830638327,6.000000000,1.661563880,0.551020408,0.530612245,0.224399475,0.519294095
illness,dataset/illness/national_illness.csv,val,42,3,36,36,7,mean,train_split_standard,-0.363647902,-0.842813227,6.981621025,21.857142857,0.841773612,-0.011210469,0.746938776,13.571428571,0.158730159,0.000000000,1.133121453,16.285714286,0.680569431,-0.785714286,0.488095238,0.841092596,10.857142857,1.486613306,0.510204082,0.520408163,0.168299606,0.258272232
illness,dataset/illness/national_illness.csv,val,43,20,36,36,7,mean,train_split_standard,-0.677646361,-0.709066666,7.314413350,17.714285714,0.717942874,0.054996901,0.795918367,14.142857143,0.158730159,2.571428571,0.587040290,12.857142857,0.132034632,0.658730159,-0.436507937,0.869680942,6.142857143,1.569415792,0.551020408,0.530612245,0.126224705,0.391210912
illness,dataset/illness/national_illness.csv,val,44,18,36,36,7,mean,train_split_standard,-0.811689411,-0.701244345,6.760614354,16.714285714,0.736168369,0.052775496,0.812244898,12.857142857,0.111111111,2.000000000,0.549700790,8.428571429,0.170129870,0.730158730,-0.327380952,0.869571675,6.714285714,1.584987943,0.520408163,0.530612245,0.196349541,0.426349176
illness,dataset/illness/national_illness.csv,val,45,58,36,36,7,mean,train_split_standard,-0.741928905,-0.810586066,5.715775120,19.142857143,0.754443225,0.063121965,0.800000000,12.285714286,0.074074074,4.285714286,0.635268734,10.571428571,0.531168831,-0.726190476,0.333333333,0.850902955,15.142857143,1.492156865,0.448979592,0.571428571,0.196349541,0.382644441
illness,dataset/illness/national_illness.csv,val,46,55,36,36,7,mean,train_split_standard,-0.799053382,-0.912179310,7.215856327,20.571428571,0.871449642,-0.008476471,0.800000000,14.571428571,0.113756614,0.571428571,0.875078264,12.714285714,0.290209790,-0.654761905,0.484126984,0.934628358,15.142857143,1.437446708,0.438775510,0.510204082,0.126224705,0.323466888
illness,dataset/illness/national_illness.csv,val,47,41,36,36,7,mean,train_split_standard,0.009117409,-0.024615769,4.527304231,13.714285714,0.700502686,-0.028797330,0.902040816,16.285714286,0.077896825,0.428571429,0.474569084,5.142857143,0.525793651,-0.015873016,0.793650794,0.813499173,11.714285714,1.653941441,0.561224490,0.530612245,0.210374508,0.518283953
illness,dataset/illness/national_illness.csv,val,48,28,36,36,7,mean,train_split_standard,-0.358167390,-0.500035035,6.182092532,22.285714286,0.778022839,0.047258931,0.775510204,15.571428571,0.145502646,4.285714286,0.688569575,5.285714286,0.142612943,0.678571429,-0.646825397,0.862899668,3.857142857,1.565343933,0.540816327,0.500000000,0.154274639,0.385226296
illness,dataset/illness/national_illness.csv,val,49,34,36,36,7,mean,train_split_standard,0.028070804,0.055386782,4.325207908,15.857142857,0.645622261,0.102732742,0.865306122,16.571428571,0.081686643,7.000000000,0.439380852,6.714285714,0.397330447,0.349206349,-0.757936508,0.794877947,7.142857143,1.688387401,0.520408163,0.469387755,0.266474377,0.573222084
illness,dataset/illness/national_illness.csv,val,50,11,36,36,7,mean,train_split_standard,-0.872683763,-1.083249971,5.023017064,15.857142857,0.677250704,0.040167188,0.840816327,9.142857143,0.065092593,2.428571429,0.575602851,6.428571429,1.076530612,-0.027777778,0.059523810,0.824687137,9.714285714,1.577832047,0.530612245,0.448979592,0.196349541,0.468622610
traffic,dataset/traffic/traffic.csv,val,1,1124,96,96,862,mean,train_split_standard,-0.181861695,-0.301866791,3.279560448,10.687935035,0.365414226,-0.052483510,0.836781048,13.772621810,0.021402669,22.515081206,0.283673384,4.344547564,0.511809594,0.081460267,-0.082904341,0.821021509,11.868909513,1.655388343,0.457341730,0.336725224,0.310583061,0.735540932
traffic,dataset/traffic/traffic.csv,val,2,1389,96,96,862,mean,train_split_standard,-0.207535851,-0.329661588,3.146430451,11.141531323,0.379964183,-0.038830342,0.824752717,13.426914153,0.022259033,22.843387471,0.290023585,4.227378190,0.518223250,-0.100577630,0.115846143,0.808261978,11.183294664,1.681853288,0.563407358,0.292376533,0.304831523,0.768109707
traffic,dataset/traffic/traffic.csv,val,3,392,96,96,862,mean,train_split_standard,-0.138355728,-0.221790683,3.022457079,11.035962877,0.355324605,-0.043560606,0.844230065,13.290023202,0.020889394,22.654292343,0.265220434,4.140371230,0.513651430,-0.177318977,0.010924207,0.781859097,10.312064965,1.698076578,0.521677163,0.337885317,0.318099923,0.787494541
traffic,dataset/traffic/traffic.csv,val,4,966,96,96,862,mean,train_split_standard,-0.238142311,-0.503462352,3.897810798,12.438515081,0.407969274,-0.028682211,0.858651850,15.412993039,0.022330097,22.606728538,0.318635732,5.500000000,0.484517708,0.520646027,-0.125767353,0.851808535,10.824825986,1.635221669,0.432084853,0.305966192,0.265197161,0.675058764
traffic,dataset/traffic/traffic.csv,val,5,388,96,96,862,mean,train_split_standard,-0.187234829,-0.302484752,3.169520193,11.435034803,0.370913546,-0.042438868,0.845903041,13.348027842,0.021878460,22.676334107,0.265323805,4.305104408,0.488090718,-0.098178896,-0.032609484,0.805353024,10.243619490,1.685067328,0.506993702,0.241531323,0.302439795,0.780286564
traffic,dataset/traffic/traffic.csv,val,6,1513,96,96,862,mean,train_split_standard,-0.180259716,-0.324666118,3.005050658,10.526682135,0.386862761,-0.005846832,0.839211137,12.841067285,0.025879259,22.592807425,0.285128955,4.042923434,0.515022951,0.148485837,-0.109520012,0.789092662,10.636890951,1.690250943,0.570467352,0.284023865,0.328179351,0.790914027
traffic,dataset/traffic/traffic.csv,val,7,1319,96,96,862,mean,train_split_standard,-0.170024344,-0.283640883,3.147880933,10.585846868,0.370348645,-0.017103466,0.835596532,13.654292343,0.020496005,22.502320186,0.277793420,4.305104408,0.524295700,0.323677978,-0.173983710,0.805416316,11.489559165,1.672576067,0.400530328,0.436095459,0.318213815,0.770885782
traffic,dataset/traffic/traffic.csv,val,8,1191,96,96,862,mean,train_split_standard,-0.203149432,-0.273153584,2.997163666,10.784222738,0.378675796,-0.055248460,0.835022591,12.650812065,0.025287664,22.771461717,0.280129239,4.040603248,0.521284872,0.046017015,0.001111756,0.787836163,10.872389791,1.694472770,0.533543255,0.322538946,0.330343297,0.792324257
traffic,dataset/traffic/traffic.csv,val,9,1166,96,96,862,mean,train_split_standard,-0.227446305,-0.312112597,2.996448820,10.428074246,0.353694626,-0.020363368,0.832006350,13.428074246,0.026048429,22.606728538,0.268182960,4.026682135,0.519177983,0.135416667,-0.000549836,0.786842550,11.306264501,1.696099141,0.504607226,0.355187272,0.333532268,0.803655173
traffic,dataset/traffic/traffic.csv,val,10,516,96,96,862,mean,train_split_standard,-0.208583317,-0.250735809,2.956500261,10.922273782,0.384559825,-0.054329814,0.837428257,12.439675174,0.025098003,22.639211137,0.267596026,4.097447796,0.477921672,-0.017540362,0.050735934,0.780011900,10.411832947,1.715873303,0.585913159,0.285548558,0.328464081,0.792772370
traffic,dataset/traffic/traffic.csv,val,11,190,96,96,862,mean,train_split_standard,-0.238500565,-0.320656801,2.918744315,10.394431555,0.358165379,-0.058342555,0.833630480,12.410672854,0.021775917,22.704176334,0.262361266,3.928074246,0.510817489,0.029932811,-0.092571781,0.779739850,10.670533643,1.708591285,0.583526682,0.293271462,0.341163022,0.814363080
traffic,dataset/traffic/traffic.csv,val,12,571,96,96,862,mean,train_split_standard,-0.291339194,-0.413277626,3.421767010,11.561484919,0.371480420,-0.043705599,0.850958603,13.925754060,0.021637118,22.948955916,0.287364167,4.664733179,0.514306540,-0.250749227,0.243148202,0.827123395,11.357308585,1.663210778,0.534703348,0.294530991,0.283419856,0.743630960
traffic,dataset/traffic/traffic.csv,val,13,677,96,96,862,mean,train_split_standard,-0.184397656,-0.240781714,2.978769143,10.595127610,0.395718595,-0.007632737,0.840688729,12.448955916,0.022466879,22.712296984,0.281170047,3.968677494,0.507755871,0.161361659,-0.115574246,0.785630136,10.788863109,1.686495408,0.482698044,0.278322837,0.332051674,0.806611441
traffic,dataset/traffic/traffic.csv,val,14,460,96,96,862,mean,train_split_standard,-0.152595282,-0.251841494,3.298070306,11.279582367,0.350855308,-0.074551774,0.842251801,13.589327146,0.021047414,22.377030162,0.261876289,4.628770302,0.454720185,0.426744973,-0.237492749,0.807205825,10.092807425,1.674084429,0.523566457,0.395160756,0.301642552,0.762254828
traffic,dataset/traffic/traffic.csv,val,15,553,96,96,862,mean,train_split_standard,-0.217771578,-0.323706749,3.210874732,11.502320186,0.376526159,-0.048133239,0.843558432,13.348027842,0.026691374,22.712296984,0.279675816,4.374709977,0.511816438,-0.070403132,0.031165410,0.810681153,11.176334107,1.691240432,0.570931389,0.274643686,0.296631310,0.761436335
traffic,dataset/traffic/traffic.csv,val,16,290,96,96,862,mean,train_split_standard,-0.234611860,-0.346766131,3.320471785,11.307424594,0.365636968,-0.027655688,0.838710465,13.830626450,0.026267005,22.671693735,0.279617260,4.750580046,0.477940239,0.470278664,-0.185361079,0.808701250,10.597447796,1.656698806,0.558899569,0.403811734,0.298396634,0.731687805
traffic,dataset/traffic/traffic.csv,val,17,945,96,96,862,mean,train_split_standard,-0.218631004,-0.502509473,4.112672625,12.300464037,0.426594390,-0.028817396,0.857430700,16.323665893,0.024526433,23.352668213,0.384938411,5.618329466,0.627139949,-0.561303654,0.064469741,0.861835084,12.140371230,1.633594682,0.586874379,0.421511435,0.255914976,0.646220836
traffic,dataset/traffic/traffic.csv,val,18,117,96,96,862,mean,train_split_standard,-0.228738539,-0.391958239,3.369782214,10.538283063,0.345528365,-0.079641203,0.847050922,12.645011601,0.030987216,22.295823666,0.300395694,4.512761021,0.573177105,0.012555588,0.026960073,0.826780844,11.437354988,1.650610159,0.379681803,0.330096122,0.308305225,0.682769599
traffic,dataset/traffic/traffic.csv,val,19,748,96,96,862,mean,train_split_standard,-0.155089461,-0.295497820,3.568672172,11.808584687,0.380885655,-0.041902797,0.843131029,14.831786543,0.021143731,22.938515081,0.293792122,4.762180974,0.488784096,-0.307376257,0.081133991,0.843764941,11.149651972,1.647005097,0.542492542,0.276168379,0.275276589,0.724780155
traffic,dataset/traffic/traffic.csv,val,20,1038,96,96,862,mean,train_split_standard,-0.055243548,-0.120785710,3.051171186,11.038283063,0.376838497,-0.027466325,0.848235438,13.388631090,0.021951700,22.447795824,0.269614193,4.141531323,0.483482862,0.201433198,-0.056198038,0.787062587,10.872389791,1.694954702,0.482399735,0.324196221,0.317074897,0.791518171
traffic,dataset/traffic/traffic.csv,val,21,580,96,96,862,mean,train_split_standard,-0.210320895,-0.404221102,3.511863364,11.935034803,0.363948247,-0.049455138,0.847966785,14.491879350,0.020236953,22.854988399,0.278218831,4.763341067,0.478698423,-0.268960267,0.076844064,0.833483233,10.979118329,1.656432777,0.542127942,0.263738813,0.278465561,0.735478391
traffic,dataset/traffic/traffic.csv,val,22,1137,96,96,862,mean,train_split_standard,-0.252104509,-0.378244487,3.206496478,10.892111369,0.360958098,-0.042363944,0.836414703,14.428074246,0.019485361,22.512761021,0.276548908,4.364269142,0.525585859,0.393319799,-0.029799884,0.812524601,11.569605568,1.655903544,0.441763341,0.499237653,0.311494196,0.754411247
traffic,dataset/traffic/traffic.csv,val,23,515,96,96,862,mean,train_split_standard,-0.207294461,-0.251962290,2.882591238,10.916473318,0.376587247,-0.046742281,0.838612773,12.453596288,0.022503753,22.672853828,0.265306160,3.982598608,0.495481645,0.003147960,0.017945186,0.769880284,10.399071926,1.721757026,0.589824329,0.304375207,0.336835132,0.804868795
traffic,dataset/traffic/traffic.csv,val,24,1359,96,96,862,mean,train_split_standard,-0.158233295,-0.269354248,3.004684292,10.948955916,0.384608168,-0.056596035,0.822383685,12.957076566,0.025234064,22.733178654,0.274011056,4.125290023,0.497254849,0.023340826,0.123809696,0.784111513,10.822505800,1.695518502,0.543917799,0.298740471,0.325559839,0.795359123
traffic,dataset/traffic/traffic.csv,val,25,418,96,96,862,mean,train_split_standard,-0.165118047,-0.318026435,3.364569303,11.911832947,0.358686876,-0.052897324,0.851776774,14.379350348,0.025519136,22.314385151,0.278908992,4.945475638,0.479717292,-0.386014840,0.055914056,0.801900284,11.026682135,1.664859163,0.646072257,0.362678157,0.282565668,0.734055386
traffic,dataset/traffic/traffic.csv,val,26,549,96,96,862,mean,train_split_standard,-0.234865434,-0.325189450,3.138415081,11.150812065,0.378356664,-0.030043874,0.848040054,13.187935035,0.023424628,22.842227378,0.282753608,4.191415313,0.517232349,-0.097713650,0.107628819,0.810031628,11.285382831,1.690802298,0.562446139,0.292774279,0.304717631,0.769066318
traffic,dataset/traffic/traffic.csv,val,27,1331,96,96,862,mean,train_split_standard,-0.259911915,-0.366216951,3.016457555,10.542923434,0.370707345,-0.040144528,0.834363170,13.727378190,0.015784214,22.537122970,0.278122730,3.965197216,0.522117748,0.182762954,-0.019002562,0.795206120,11.458236659,1.679347137,0.419390123,0.316672191,0.326527920,0.778936391
traffic,dataset/traffic/traffic.csv,val,28,419,96,96,862,mean,train_split_standard,-0.164844516,-0.321656886,3.480903448,11.937354988,0.366891389,-0.054397462,0.847917939,14.374709977,0.027246699,22.295823666,0.280817017,5.054524362,0.463942792,-0.406576276,0.108595563,0.813397717,11.164733179,1.663148028,0.644282400,0.341995360,0.278123886,0.716408831
traffic,dataset/traffic/traffic.csv,val,29,817,96,96,862,mean,train_split_standard,-0.168597448,-0.302455093,3.139437670,10.780742459,0.380036252,0.019081653,0.833178654,13.465197216,0.021884745,22.599767981,0.283408654,4.496519722,0.493934496,0.351514163,-0.210883121,0.793343500,11.081206497,1.663614599,0.494530991,0.385150812,0.318327707,0.761839924
traffic,dataset/traffic/traffic.csv,val,30,742,96,96,862,mean,train_split_standard,-0.248031897,-0.354503247,3.354135910,11.276102088,0.375718857,-0.056806293,0.846818903,14.286542923,0.022426054,23.048723898,0.301029267,4.570765661,0.530595146,-0.322958962,0.194388051,0.830349152,11.366589327,1.651308562,0.571826318,0.317235665,0.286324098,0.722469937
traffic,dataset/traffic/traffic.csv,val,31,1089,96,96,862,mean,train_split_standard,-0.179447335,-0.314389967,3.375352794,11.828306265,0.372598849,-0.028425569,0.848784955,14.909512761,0.020412165,22.602088167,0.289528483,4.875870070,0.503965991,-0.381507396,0.057768997,0.806011812,11.618329466,1.652135266,0.618992377,0.363573086,0.282223992,0.733347195
traffic,dataset/traffic/traffic.csv,val,32,1648,96,96,862,mean,train_split_standard,-0.090811508,-0.197566073,3.164854707,10.988399072,0.361924181,0.024586775,0.843790451,13.756380510,0.018705179,22.494199536,0.288414147,4.267981439,0.536663419,0.220115526,0.024035673,0.809948929,11.496519722,1.679436684,0.600066291,0.331223069,0.315138735,0.755840928
traffic,dataset/traffic/traffic.csv,val,33,1378,96,96,862,mean,train_split_standard,-0.126691092,-0.253935319,2.957099706,11.067285383,0.381215063,-0.049845827,0.828684821,13.025522042,0.023321298,22.687935035,0.282041689,4.052204176,0.515339005,-0.051708720,0.056530356,0.776984613,10.697215777,1.695060943,0.557938349,0.321975472,0.326926541,0.793892860
traffic,dataset/traffic/traffic.csv,val,34,1250,96,96,862,mean,train_split_standard,-0.196846684,-0.350176182,3.578603222,11.983758701,0.386354096,-0.048093400,0.837782391,14.603248260,0.023740680,22.981438515,0.297956294,4.856148492,0.524990498,-0.261008797,0.108782869,0.842747561,11.161252900,1.654448490,0.567948293,0.290719258,0.273795995,0.720338645
traffic,dataset/traffic/traffic.csv,val,35,123,96,96,862,mean,train_split_standard,-0.233497550,-0.406997246,3.527450230,11.603248260,0.344063700,-0.048156743,0.846855538,13.475638051,0.030426940,20.982598608,0.269300134,5.189095128,0.435682673,0.619882299,-0.094118571,0.814962945,10.230858469,1.646830124,0.502552204,0.318163739,0.284330991,0.711681583
traffic,dataset/traffic/traffic.csv,val,36,967,96,96,862,mean,train_split_standard,-0.269294454,-0.522876016,3.831183726,12.395591647,0.404091850,-0.029124280,0.858358774,15.627610209,0.021957495,22.603248260,0.318668349,5.350348028,0.511014361,0.500374613,-0.046838747,0.847863376,10.870069606,1.634344129,0.392973152,0.342757706,0.269183376,0.676252821
traffic,dataset/traffic/traffic.csv,val,37,368,96,96,862,mean,train_split_standard,-0.161289362,-0.228741476,2.854164841,10.429234339,0.374548405,-0.038421531,0.840713152,12.609048724,0.023489072,22.602088167,0.273266911,3.745939675,0.540134691,0.022174691,-0.005703790,0.766149653,10.522041763,1.714509041,0.517003646,0.340702685,0.346515939,0.813073742
traffic,dataset/traffic/traffic.csv,val,38,757,96,96,862,mean,train_split_standard,-0.138013224,-0.302969175,3.685434571,12.044083527,0.389668590,-0.059979622,0.839345463,14.711136891,0.019607185,22.845707657,0.304356395,5.313225058,0.457256164,-0.477891773,0.293509522,0.835689743,11.525522042,1.639554542,0.616042426,0.330858469,0.273795995,0.672916242
traffic,dataset/traffic/traffic.csv,val,39,883,96,96,862,mean,train_split_standard,-0.185734351,-0.267556943,3.213283154,11.139211137,0.383175285,-0.029957757,0.849774087,13.475638051,0.026943895,22.727378190,0.287169163,4.320185615,0.513358603,-0.111223898,0.145150570,0.815711631,11.828306265,1.678054591,0.530825323,0.298641034,0.301585606,0.769713698
traffic,dataset/traffic/traffic.csv,val,40,1328,96,96,862,mean,train_split_standard,-0.263490033,-0.362050582,3.076727157,10.616009281,0.371342024,-0.040045464,0.833532788,13.715777262,0.021201785,22.538283063,0.279164278,4.067285383,0.510627179,0.244767498,-0.066862432,0.798282550,11.358468677,1.679101015,0.453762015,0.335531985,0.319352733,0.777947305
traffic,dataset/traffic/traffic.csv,val,41,1424,96,96,862,mean,train_split_standard,-0.237652218,-0.339376381,3.383653680,11.613689095,0.371999987,-0.048451307,0.823580413,14.936194896,0.018045265,22.912993039,0.288692617,4.737819026,0.522745362,-0.351302688,0.012259522,0.810506790,11.146171694,1.657374284,0.593768644,0.381902552,0.281825371,0.735409556
traffic,dataset/traffic/traffic.csv,val,42,1440,96,96,862,mean,train_split_standard,-0.185259589,-0.343504893,3.359337724,11.294663573,0.368762836,-0.091068953,0.823958969,14.850348028,0.017994479,22.392111369,0.295868746,4.813225058,0.587000191,-0.142673289,-0.004537655,0.801077355,11.316705336,1.659002770,0.506098774,0.365992708,0.294809041,0.692945579
traffic,dataset/traffic/traffic.csv,val,43,1028,96,96,862,mean,train_split_standard,-0.094012428,-0.158534913,3.089874211,10.765661253,0.376510217,-0.031090226,0.842056417,13.904872390,0.025531422,22.556844548,0.274443139,4.154292343,0.500183681,0.167524652,0.000314192,0.799611662,10.943155452,1.704404618,0.581836261,0.327146172,0.316505437,0.790375266
traffic,dataset/traffic/traffic.csv,val,44,1014,96,96,862,mean,train_split_standard,-0.311071202,-0.449977250,3.331378801,11.273781903,0.390035269,-0.038807291,0.835718647,14.497679814,0.015882732,22.372389791,0.283808673,4.889791183,0.437195928,0.367181458,-0.279969064,0.803059008,10.589327146,1.650908435,0.532714617,0.400265164,0.300161958,0.756180436
traffic,dataset/traffic/traffic.csv,val,45,1056,96,96,862,mean,train_split_standard,-0.157143093,-0.252193309,3.167904082,11.223897912,0.366135675,-0.049226792,0.849407742,13.738979118,0.024138974,22.636890951,0.267777508,4.388631090,0.499849590,-0.030935808,-0.010458962,0.800052187,11.193735499,1.684768579,0.586907524,0.310440835,0.300902255,0.769525282
traffic,dataset/traffic/traffic.csv,val,46,707,96,96,862,mean,train_split_standard,-0.143782240,-0.202358587,2.961486823,11.233178654,0.381295738,-0.022903957,0.847588228,12.634570766,0.022101690,22.671693735,0.281815483,4.062645012,0.516373316,-0.082064482,0.000314192,0.780644462,10.919953596,1.697026004,0.581471661,0.304474644,0.327211271,0.790315322
traffic,dataset/traffic/traffic.csv,val,47,628,96,96,862,mean,train_split_standard,-0.234108309,-0.373948615,3.340457300,11.546403712,0.352675869,-0.030521121,0.847246306,13.922273782,0.020989418,22.236658933,0.273799335,4.759860789,0.456533449,0.437536253,-0.226423531,0.813304768,10.395591647,1.663321765,0.523002983,0.368014584,0.296118797,0.758094912
traffic,dataset/traffic/traffic.csv,val,48,12,96,96,862,mean,train_split_standard,-0.245615573,-0.302527739,2.919856035,11.039443155,0.386903693,-0.047714584,0.837867872,12.339907193,0.026136622,22.574245940,0.274982552,3.945475638,0.498615045,0.050663428,0.015099333,0.778747933,10.871229698,1.690205800,0.568810076,0.293503480,0.332791971,0.794152561
traffic,dataset/traffic/traffic.csv,val,49,644,96,96,862,mean,train_split_standard,-0.171944529,-0.302341818,3.121792310,10.624129930,0.353787369,-0.015243167,0.839052387,13.501160093,0.022625901,22.693735499,0.274295865,4.197215777,0.506218734,0.271365043,-0.103773927,0.801806432,10.879350348,1.674409240,0.472323500,0.393834935,0.320947219,0.778976775
traffic,dataset/traffic/traffic.csv,val,50,601,96,96,862,mean,train_split_standard,-0.145691319,-0.386372939,3.382365207,11.732018561,0.355926358,-0.054325830,0.852106484,14.490719258,0.018700942,22.245939675,0.286954644,4.792343387,0.556894165,-0.005655452,0.049612094,0.798592440,10.892111369,1.661259865,0.507258866,0.322406364,0.297941067,0.704513529
weather,dataset/weather/weather.csv,val,1,2101,96,96,21,mean,train_split_standard,0.067945592,-0.004706716,17.483456879,43.714285714,0.765494009,-0.004825366,0.517293233,44.476190476,0.085046594,3.476190476,1.720576269,28.619047619,0.332764505,0.215525794,-0.373263889,0.855192094,8.857142857,1.225826739,0.682993197,0.612244898,0.149599650,0.304837053
weather,dataset/weather/weather.csv,val,2,1664,96,96,21,mean,train_split_standard,-0.091627615,0.078571218,22.012726987,49.095238095,0.819484109,0.003369829,0.580952381,51.809523810,0.085160819,8.142857143,1.419207281,26.904761905,0.123862472,0.019097222,-0.163442460,0.862713173,10.857142857,1.307620398,0.708843537,0.565986395,0.058437363,0.215611899
weather,dataset/weather/weather.csv,val,3,129,96,96,21,mean,train_split_standard,-0.243823928,-0.226811819,19.646443473,46.333333333,0.783566818,0.045296713,0.596992481,42.571428571,0.081845354,1.476190476,1.612137622,27.142857143,0.362109807,-0.082589286,0.135664683,0.825231920,13.571428571,1.297940996,0.757823129,0.612244898,0.098174770,0.261148520
weather,dataset/weather/weather.csv,val,4,1804,96,96,21,mean,train_split_standard,-0.132351185,-0.053647475,14.564383794,35.428571429,0.750614158,-0.103694907,0.571428571,33.142857143,0.097661574,7.476190476,1.256169662,22.142857143,0.280766381,-0.043650794,-0.060763889,0.895786801,9.428571429,1.388805189,0.608163265,0.609523810,0.126224705,0.338465452
weather,dataset/weather/weather.csv,val,5,192,96,96,21,mean,train_split_standard,-0.187317816,-0.252936277,16.799118341,41.809523810,0.742065473,0.144660391,0.555889724,34.571428571,0.062352003,0.809523810,2.124719825,22.190476190,0.732128477,0.544146825,0.030257937,0.817035943,13.523809524,1.304613717,0.587755102,0.582312925,0.119212221,0.242728039
weather,dataset/weather/weather.csv,val,6,3860,96,96,21,mean,train_split_standard,-0.042311151,-0.151760717,12.220599016,31.142857143,0.654888081,-0.005906498,0.664160401,38.571428571,0.086725473,7.000000000,0.763978962,18.190476190,0.121581905,0.015376984,-0.088541667,0.882486751,10.285714286,1.487505288,0.570068027,0.571428571,0.142587167,0.438625974
weather,dataset/weather/weather.csv,val,7,5162,96,96,21,mean,train_split_standard,-0.419124562,-0.419373782,16.906325743,39.380952381,0.683712547,-0.036830452,0.679699248,38.476190476,0.067428199,4.380952381,0.874616988,19.714285714,0.248539303,-0.227430556,0.189732143,0.827904241,12.000000000,1.343000167,0.719727891,0.551020408,0.086487298,0.325437327
weather,dataset/weather/weather.csv,val,8,643,96,96,21,mean,train_split_standard,-0.063356639,-0.061558505,19.113392377,42.190476190,0.786264275,0.052242189,0.611528822,39.285714286,0.103382066,6.761904762,1.969237986,20.619047619,0.429295012,-0.126984127,-0.060515873,0.804638645,16.761904762,1.313053175,0.665306122,0.602721088,0.114537232,0.270352333
weather,dataset/weather/weather.csv,val,9,2926,96,96,21,mean,train_split_standard,-0.362658377,-0.358345628,16.165800230,43.857142857,0.705826039,0.005066492,0.521804511,35.238095238,0.073533138,2.619047619,1.157130851,17.142857143,0.662001595,0.435763889,0.122023810,0.818877494,12.238095238,1.257825251,0.729251701,0.642176871,0.123887210,0.252196370
weather,dataset/weather/weather.csv,val,10,262,96,96,21,mean,train_split_standard,-0.018722126,-0.060373583,18.752964013,42.333333333,0.795825020,-0.027250501,0.621553885,45.523809524,0.071481481,2.095238095,2.167844695,24.095238095,0.639875358,-0.017609127,0.260416667,0.840542350,16.285714286,1.301792307,0.719727891,0.546938776,0.081812309,0.241340524
weather,dataset/weather/weather.csv,val,11,766,96,96,21,mean,train_split_standard,-0.515068688,-0.562411972,15.654212952,39.619047619,0.711202399,-0.009599699,0.615037594,33.761904762,0.058120798,10.190476190,1.957470719,21.047619048,0.579587582,0.539930556,0.048363095,0.835377636,12.761904762,1.349623951,0.564625850,0.527891156,0.112199738,0.271146605
weather,dataset/weather/weather.csv,val,12,602,96,96,21,mean,train_split_standard,0.003066477,-0.083367616,19.740943756,61.857142857,0.785831555,-0.061477204,0.484210526,42.666666667,0.133138402,10.428571429,2.156876876,21.571428571,0.113544943,-0.025297619,0.124255952,0.822960910,22.190476190,1.158774505,0.613605442,0.627210884,0.107524749,0.206542090
weather,dataset/weather/weather.csv,val,13,5134,96,96,21,mean,train_split_standard,0.235988958,0.052371522,18.276209832,41.809523810,0.734248463,0.033681781,0.629573935,43.428571429,0.063064407,5.333333333,1.084587833,24.238095238,0.300713281,-0.125248016,0.042906746,0.821009816,13.285714286,1.332885649,0.730612245,0.695238095,0.084149803,0.303097414
weather,dataset/weather/weather.csv,val,14,306,96,96,21,mean,train_split_standard,-0.014801771,-0.131416265,18.076399694,55.380952381,0.712295656,-0.035199820,0.548872180,40.476190476,0.106945509,5.000000000,2.112450052,23.857142857,0.609081374,-0.394345238,0.149553571,0.815006144,15.761904762,1.198853725,0.579591837,0.551020408,0.112199738,0.257235554
weather,dataset/weather/weather.csv,val,15,3671,96,96,21,mean,train_split_standard,-0.398633239,-0.455613032,22.616003185,51.238095238,0.814809677,0.000605874,0.585463659,46.714285714,0.112451267,4.666666667,1.803153321,30.047619048,0.284453816,0.264880952,-0.219990079,0.860231870,11.285714286,1.260931222,0.751020408,0.537414966,0.053762374,0.223447588
weather,dataset/weather/weather.csv,val,16,2050,96,96,21,mean,train_split_standard,-0.003975618,-0.011086007,8.953730195,33.000000000,0.620826284,0.016452741,0.522807018,29.523809524,0.089059567,6.285714286,0.985782471,11.476190476,0.577615986,0.437003968,0.148561508,0.880917861,9.428571429,1.231056416,0.380952381,0.744217687,0.156612134,0.399367283
weather,dataset/weather/weather.csv,val,17,1439,96,96,21,mean,train_split_standard,-0.388101643,-0.275947416,19.677760814,55.857142857,0.790798024,-0.029512313,0.548872180,41.428571429,0.109324237,3.666666667,2.133251347,25.571428571,0.290688879,-0.266369048,0.381200397,0.824758408,13.666666667,1.216241971,0.643537415,0.617687075,0.088824792,0.219284826
weather,dataset/weather/weather.csv,val,18,583,96,96,21,mean,train_split_standard,-0.453011082,-0.421972168,18.193470240,53.809523810,0.732709906,-0.015156271,0.486215539,39.476190476,0.107538986,7.619047619,2.222144777,16.142857143,0.251671312,-0.244047619,0.252232143,0.814972169,22.904761905,1.215386944,0.561904762,0.531972789,0.100512265,0.238960020
weather,dataset/weather/weather.csv,val,19,3009,96,96,21,mean,train_split_standard,-0.315633217,-0.298970201,21.039195537,50.000000000,0.815080715,0.009402896,0.515789474,43.095238095,0.114752258,17.428571429,1.544556210,22.095238095,0.231071862,-0.296378968,0.151537698,0.848876868,13.238095238,1.213550675,0.635374150,0.570068027,0.060774858,0.227255303
weather,dataset/weather/weather.csv,val,20,690,96,96,21,mean,train_split_standard,-0.277959204,-0.273692699,19.698270123,41.619047619,0.743674429,0.102442223,0.656140351,42.904761905,0.103532193,12.619047619,1.456515717,17.571428571,0.506618580,-0.141865079,0.422371032,0.815457728,14.190476190,1.292049346,0.717006803,0.602721088,0.126224705,0.253005260
weather,dataset/weather/weather.csv,val,21,189,96,96,21,mean,train_split_standard,-0.204330674,-0.239062651,16.060565895,41.904761905,0.727642757,0.152880579,0.579949875,34.190476190,0.057341219,0.714285714,1.981584620,21.380952381,0.768676116,0.557291667,-0.037946429,0.803493718,13.523809524,1.295834500,0.625850340,0.481632653,0.142587167,0.255912859
weather,dataset/weather/weather.csv,val,22,1083,96,96,21,mean,train_split_standard,-0.769747719,-0.803822481,22.262447681,52.095238095,0.866703776,-0.018356099,0.540852130,47.619047619,0.126003899,1.142857143,2.840226664,27.952380952,0.427724496,0.196924603,-0.205605159,0.855594319,13.095238095,1.277647840,0.557823129,0.560544218,0.060774858,0.196118029
weather,dataset/weather/weather.csv,val,23,2158,96,96,21,mean,train_split_standard,0.209585964,0.159648063,19.976810557,57.142857143,0.766325621,-0.051262720,0.505263158,44.714285714,0.104409974,4.857142857,1.839244217,22.571428571,0.178056130,-0.245783730,0.249751984,0.811590243,10.142857143,1.244156171,0.734693878,0.540136054,0.116874727,0.234530964
weather,dataset/weather/weather.csv,val,24,3041,96,96,21,mean,train_split_standard,-0.372470066,-0.365953744,17.759484613,55.809523810,0.660318415,0.040308581,0.535839599,35.333333333,0.141682370,7.666666667,1.677045689,21.714285714,0.273735113,-0.197668651,0.195684524,0.779762555,14.095238095,1.189501337,0.522448980,0.598639456,0.102849759,0.272252468
weather,dataset/weather/weather.csv,val,25,4820,96,96,21,mean,train_split_standard,-0.223286157,-0.008563662,13.603827686,31.142857143,0.581482329,-0.092300621,0.629573935,30.904761905,0.096855805,14.190476190,0.662974701,13.000000000,0.156025172,0.090277778,0.201636905,0.837351471,9.000000000,1.421159313,0.755102041,0.631292517,0.212712003,0.486211576
weather,dataset/weather/weather.csv,val,26,273,96,96,21,mean,train_split_standard,-0.088749984,-0.103187156,20.656942816,48.523809524,0.809070383,-0.026552695,0.571428571,47.571428571,0.083079922,8.619047619,2.359925969,29.809523810,0.447066752,-0.075396825,0.168154762,0.843292098,15.857142857,1.257003618,0.753741497,0.540136054,0.077137320,0.222402317
weather,dataset/weather/weather.csv,val,27,1513,96,96,21,mean,train_split_standard,-0.442665643,-0.514146401,19.289705040,40.666666667,0.724013582,-0.003015223,0.562406015,41.142857143,0.108269439,8.428571429,1.661999640,23.714285714,0.247913633,0.314484127,0.130456349,0.827943381,8.904761905,1.332499335,0.391836735,0.634013605,0.077137320,0.294625068
weather,dataset/weather/weather.csv,val,28,4582,96,96,21,mean,train_split_standard,-0.160367285,-0.316486524,13.616324217,34.285714286,0.715175515,0.130450229,0.709774436,34.809523810,0.092482363,13.000000000,1.183952879,17.523809524,0.324623556,-0.226686508,0.358878968,0.877835030,8.190476190,1.413416411,0.659863946,0.624489796,0.121549716,0.383043746
weather,dataset/weather/weather.csv,val,29,64,96,96,21,mean,train_split_standard,-0.605661409,-0.601438385,21.349042998,48.428571429,0.813485393,0.088105012,0.567418546,45.190476190,0.106603314,5.380952381,2.234622275,29.333333333,0.410305028,0.371279762,-0.185019841,0.827779048,9.142857143,1.281619705,0.646258503,0.572789116,0.091162287,0.222792183
weather,dataset/weather/weather.csv,val,30,477,96,96,21,mean,train_split_standard,-0.287485707,-0.271694459,15.748753956,40.047619048,0.683281143,0.042291237,0.610025063,33.333333333,0.064892539,2.809523810,1.989073211,20.000000000,0.694667729,0.499255952,0.104414683,0.814864865,12.142857143,1.334586507,0.687074830,0.470748299,0.121549716,0.281860788
weather,dataset/weather/weather.csv,val,31,210,96,96,21,mean,train_split_standard,-0.438459208,-0.518597497,20.191018069,44.428571429,0.807142254,0.010028161,0.529323308,45.571428571,0.092153996,2.761904762,2.719283488,28.238095238,0.533933003,0.323412698,-0.063988095,0.844646919,13.238095238,1.294393157,0.723809524,0.492517007,0.081812309,0.212747177
weather,dataset/weather/weather.csv,val,32,3185,96,96,21,mean,train_split_standard,-0.002605841,-0.036505034,11.865671437,50.571428571,0.651583634,0.284989227,0.565413534,35.428571429,0.146980814,15.476190476,1.408090401,15.428571429,0.301757619,-0.098958333,-0.131944444,0.842979716,10.952380952,1.258222473,0.583673469,0.708843537,0.186999563,0.357975050
weather,dataset/weather/weather.csv,val,33,3378,96,96,21,mean,train_split_standard,-0.242608069,-0.233859750,14.844191099,40.190476190,0.708689900,0.012052761,0.602005013,37.285714286,0.082017014,0.428571429,1.233789004,22.380952381,0.438542392,0.199652778,-0.009920635,0.880203341,9.095238095,1.329260993,0.745578231,0.582312925,0.109862243,0.325888956
weather,dataset/weather/weather.csv,val,34,4598,96,96,21,mean,train_split_standard,0.167619080,0.145198931,14.407137379,37.523809524,0.731364674,0.137279480,0.648621554,32.952380952,0.103615520,6.380952381,1.306615433,14.809523810,0.252364618,-0.352430556,0.108878968,0.877131043,7.142857143,1.301096780,0.751020408,0.672108844,0.114537232,0.344954474
weather,dataset/weather/weather.csv,val,35,2576,96,96,21,mean,train_split_standard,-0.386511176,-0.302858461,18.818253637,47.619047619,0.773609565,0.003802199,0.575939850,43.666666667,0.095239998,6.904761905,1.698287934,29.809523810,0.336347614,-0.249503968,0.409474206,0.833497758,14.619047619,1.277155346,0.731972789,0.610884354,0.081812309,0.251030273
weather,dataset/weather/weather.csv,val,36,20,96,96,21,mean,train_split_standard,-0.372757003,-0.337222748,15.762265451,49.476190476,0.657270192,0.183342212,0.527819549,35.380952381,0.107184777,8.904761905,1.660337102,20.142857143,0.451168023,-0.046378968,-0.051091270,0.791988749,15.904761905,1.261881914,0.621768707,0.576870748,0.168299606,0.342209320
weather,dataset/weather/weather.csv,val,37,4802,96,96,21,mean,train_split_standard,-0.003565390,-0.068036450,10.378966918,22.095238095,0.533477764,-0.035774348,0.606015038,31.571428571,0.076442789,9.857142857,0.723574670,9.238095238,0.157546532,0.369791667,0.267609127,0.828294049,8.666666667,1.366534525,0.672108844,0.583673469,0.184662068,0.441840853
weather,dataset/weather/weather.csv,val,38,1947,96,96,21,mean,train_split_standard,0.066848361,0.024510671,10.440861548,29.571428571,0.683965011,0.022828971,0.765914787,37.476190476,0.077737148,14.952380952,0.754909431,14.476190476,0.204640423,0.151537698,0.212053571,0.895796323,8.714285714,1.518015347,0.531972789,0.746938776,0.116874727,0.385535114
weather,dataset/weather/weather.csv,val,39,3979,96,96,21,mean,train_split_standard,-0.369563800,-0.450489725,14.290927038,38.857142857,0.681423005,-0.141332776,0.666165414,35.142857143,0.092652009,15.761904762,0.840853372,17.190476190,0.204641199,-0.061259921,0.201388889,0.838050155,10.904761905,1.363454126,0.643537415,0.666666667,0.137912178,0.361154565
weather,dataset/weather/weather.csv,val,40,3826,96,96,21,mean,train_split_standard,0.202276609,0.211926324,9.435165491,31.095238095,0.634317860,-0.037822929,0.691729323,27.380952381,0.047698245,12.714285714,0.748524153,14.857142857,0.288440244,-0.079861111,-0.095734127,0.876133759,11.380952381,1.526719195,0.719727891,0.586394558,0.175312090,0.424958754
weather,dataset/weather/weather.csv,val,41,1883,96,96,21,mean,train_split_standard,0.042274866,-0.123465634,14.548721304,52.142857143,0.746551135,-0.088399564,0.511779449,37.285714286,0.133688399,2.809523810,2.293320525,21.095238095,0.328099239,-0.141865079,-0.016369048,0.887381984,12.000000000,1.274782648,0.768707483,0.697959184,0.091162287,0.253232184
weather,dataset/weather/weather.csv,val,42,1423,96,96,21,mean,train_split_standard,-0.191415577,-0.281449267,19.342959016,47.714285714,0.715724659,-0.096421658,0.604511278,39.619047619,0.079438887,1.428571429,1.817234948,28.809523810,0.397580086,-0.092013889,0.161458333,0.813523242,14.190476190,1.287511334,0.616326531,0.540136054,0.105187254,0.274833684
weather,dataset/weather/weather.csv,val,43,5015,96,96,21,mean,train_split_standard,-0.039684006,-0.200210578,11.029956930,23.952380952,0.513000580,-0.037754851,0.736842105,26.000000000,0.083922370,11.952380952,0.681222786,10.952380952,0.182873831,-0.106646825,0.005456349,0.787015812,7.809523810,1.511282083,0.681632653,0.685714286,0.285174333,0.560104780
weather,dataset/weather/weather.csv,val,44,3691,96,96,21,mean,train_split_standard,-0.075121299,-0.355804280,20.810570188,51.857142857,0.797870681,0.002681749,0.535338346,49.523809524,0.095746697,12.380952381,1.928272991,21.190476190,0.160096090,0.053075397,-0.242063492,0.848858003,9.619047619,1.272332945,0.651700680,0.604081633,0.058437363,0.228181817
weather,dataset/weather/weather.csv,val,45,575,96,96,21,mean,train_split_standard,-0.116806974,-0.034291365,18.174807354,51.571428571,0.757903349,0.002419411,0.506265664,38.095238095,0.114041851,4.047619048,1.909940441,16.761904762,0.143093808,-0.181051587,0.030257937,0.816901293,20.095238095,1.204994620,0.693877551,0.616326531,0.098174770,0.263661547
weather,dataset/weather/weather.csv,val,46,1710,96,96,21,mean,train_split_standard,-0.050085294,-0.094085246,16.499966102,54.095238095,0.865101152,0.137956672,0.528822055,37.571428571,0.133145175,7.190476190,1.544799183,22.047619048,0.227949995,0.084821429,0.238839286,0.911413849,12.380952381,1.313980208,0.730612245,0.672108844,0.144924661,0.267134390
weather,dataset/weather/weather.csv,val,47,4300,96,96,21,mean,train_split_standard,-0.339941911,-0.471041916,12.257704173,29.095238095,0.658225740,-0.177961800,0.626566416,29.333333333,0.100605203,5.476190476,0.875280210,17.095238095,0.252137361,-0.194692460,0.377480159,0.849710365,9.904761905,1.382699348,0.676190476,0.613605442,0.158949628,0.471078899
weather,dataset/weather/weather.csv,val,48,4656,96,96,21,mean,train_split_standard,-0.315479419,-0.370150687,17.823078068,43.238095238,0.730368213,-0.025651115,0.590977444,34.000000000,0.108552632,3.238095238,1.520204102,20.333333333,0.143992599,0.494047619,-0.299603175,0.808074578,5.523809524,1.235945914,0.730612245,0.561904762,0.088824792,0.256756190
weather,dataset/weather/weather.csv,val,49,4242,96,96,21,mean,train_split_standard,-0.458337882,-0.401179925,18.208580562,40.428571429,0.760014711,0.015015808,0.526315789,39.000000000,0.123981754,5.428571429,1.357000018,23.142857143,0.132103636,0.311259921,-0.201884921,0.828981279,6.666666667,1.298678604,0.755102041,0.651700680,0.114537232,0.333135995
weather,dataset/weather/weather.csv,val,50,1868,96,96,21,mean,train_split_standard,0.056592657,-0.015914632,15.950713845,52.857142857,0.837877319,0.013643019,0.514786967,35.714285714,0.144072613,7.047619048,1.731820211,24.095238095,0.168804970,-0.124751984,0.072668651,0.924260399,13.571428571,1.228615396,0.691156463,0.663945578,0.086487298,0.270352732
electricity,dataset/electricity/electricity.csv,val,1,2314,96,96,321,mean,train_split_standard,0.127894127,-0.081579300,3.849877919,10.632398754,0.415495326,0.050457506,0.831021479,14.604361371,0.023129463,21.196261682,0.381841020,4.875389408,0.666661651,-0.093847352,0.101083853,0.860235150,8.744548287,1.722373299,0.448509123,0.342946150,0.317768182,0.701762253
electricity,dataset/electricity/electricity.csv,val,2,174,96,96,321,mean,train_split_standard,0.130109578,-0.126230902,4.028384516,11.364485981,0.425270207,0.058152690,0.814986063,14.850467290,0.023540297,21.738317757,0.376526875,4.869158879,0.610502191,0.006360332,-0.027047638,0.864131005,8.666666667,1.710158547,0.561637739,0.303159769,0.284890338,0.700842198
electricity,dataset/electricity/electricity.csv,val,3,1391,96,96,321,mean,train_split_standard,0.230786374,0.063135340,3.406904232,10.869158879,0.395748870,0.043847118,0.830890310,14.271028037,0.024444459,21.180685358,0.355647114,4.174454829,0.650049973,0.062986760,0.003488448,0.823842578,8.062305296,1.745648886,0.520872274,0.359323543,0.328625517,0.744729460
electricity,dataset/electricity/electricity.csv,val,4,387,96,96,321,mean,train_split_standard,0.187487178,-0.072571477,3.786696226,10.878504673,0.417625529,0.065094564,0.824331858,13.922118380,0.028986699,21.308411215,0.370022509,4.485981308,0.639393334,-0.000681464,0.086059190,0.852557057,8.647975078,1.729528351,0.551223854,0.286248331,0.308592970,0.718331556
electricity,dataset/electricity/electricity.csv,val,5,1999,96,96,321,mean,train_split_standard,0.156017940,0.001208784,3.958599795,10.766355140,0.417920632,0.031924873,0.826758485,14.884735202,0.026151863,21.037383178,0.364013961,5.024922118,0.617135322,0.017993899,-0.013677960,0.850303131,8.327102804,1.737368685,0.556742323,0.346328438,0.307063768,0.711944282
electricity,dataset/electricity/electricity.csv,val,6,2243,96,96,321,mean,train_split_standard,0.163392361,-0.105798367,3.612055842,10.227414330,0.416818320,0.054826869,0.833644860,13.598130841,0.025764147,21.274143302,0.367093864,4.311526480,0.691338532,0.044376298,0.018740265,0.856894376,8.398753894,1.730638059,0.462305296,0.277703605,0.327555075,0.719367348
electricity,dataset/electricity/electricity.csv,val,7,971,96,96,321,mean,train_split_standard,0.147866440,-0.106751077,3.799032949,10.348909657,0.421800185,0.099512725,0.824692573,14.442367601,0.026440222,21.588785047,0.358332230,4.704049844,0.640666897,-0.028037383,0.039070613,0.853601621,8.872274143,1.727589107,0.475478416,0.333956386,0.324190831,0.717685208
electricity,dataset/electricity/electricity.csv,val,8,1412,96,96,321,mean,train_split_standard,0.142774931,-0.053514674,3.763322714,11.121495327,0.417385969,0.047183653,0.823971143,14.641744548,0.023837009,21.433021807,0.366282812,4.747663551,0.588908163,0.240930036,-0.093214564,0.850771328,8.133956386,1.729902820,0.487316422,0.269514909,0.301405720,0.705680251
electricity,dataset/electricity/electricity.csv,val,9,526,96,96,321,mean,train_split_standard,0.212001687,0.025014254,3.611189492,10.828660436,0.408358811,0.078929279,0.827020823,13.803738318,0.024911915,21.165109034,0.354684512,4.202492212,0.654752427,0.087097612,-0.019892264,0.826800214,8.364485981,1.747370247,0.516332888,0.312238540,0.324343751,0.738918457
electricity,dataset/electricity/electricity.csv,val,10,278,96,96,321,mean,train_split_standard,0.105523091,-0.119927852,4.155734933,11.093457944,0.422540280,0.054372062,0.818527627,15.211838006,0.026952953,21.925233645,0.384671717,5.052959502,0.637030623,-0.098065940,0.109877985,0.863204628,8.856697819,1.712517761,0.496751224,0.370182466,0.293453870,0.688313214
electricity,dataset/electricity/electricity.csv,val,11,652,96,96,321,mean,train_split_standard,0.066345073,-0.168912747,4.039712632,11.800623053,0.428856599,0.065370972,0.821774061,15.414330218,0.028700350,21.498442368,0.380025994,5.133956386,0.602770591,-0.101278557,0.063765576,0.862300006,8.816199377,1.714831787,0.615665332,0.361726747,0.273574243,0.686606246
electricity,dataset/electricity/electricity.csv,val,12,1715,96,96,321,mean,train_split_standard,0.148912733,-0.007268609,3.581339132,10.233644860,0.415706075,0.057016154,0.833513691,13.766355140,0.025947049,21.143302181,0.368797011,4.283489097,0.710768679,0.037805036,0.017669393,0.852116944,8.485981308,1.733993928,0.460525145,0.282955051,0.338106569,0.727367894
electricity,dataset/electricity/electricity.csv,val,13,1682,96,96,321,mean,train_split_standard,0.178183605,-0.051679551,3.839927098,11.137071651,0.421165238,0.059977727,0.828234137,14.392523364,0.025766180,21.289719626,0.375106023,4.803738318,0.660189758,0.026431075,-0.040790498,0.843666438,8.464174455,1.733513223,0.529773031,0.396439697,0.320673666,0.703039494
electricity,dataset/electricity/electricity.csv,val,14,462,96,96,321,mean,train_split_standard,0.081064061,-0.130133222,4.154552511,11.327102804,0.421936451,0.069954895,0.820232825,14.878504673,0.023760598,21.532710280,0.372365351,5.161993769,0.607595915,-0.103160696,0.123085410,0.860832619,8.794392523,1.729012458,0.545349355,0.329417000,0.292536349,0.702163559
electricity,dataset/electricity/electricity.csv,val,15,2408,96,96,321,mean,train_split_standard,0.110848452,-0.134742064,3.768920715,10.657320872,0.419436801,0.054924581,0.834727004,13.897196262,0.026837615,21.105919003,0.383644034,4.566978193,0.707578647,0.059725467,0.012818017,0.859311672,8.728971963,1.722234676,0.480195817,0.265598576,0.324343751,0.716034339
electricity,dataset/electricity/electricity.csv,val,16,2301,96,96,321,mean,train_split_standard,0.128570112,-0.151017121,3.974959064,11.202492212,0.418855710,0.064396234,0.829185112,14.781931464,0.024748850,20.635514019,0.382042865,5.028037383,0.650204183,-0.087616822,0.037496755,0.852122517,8.520249221,1.724806301,0.463106364,0.347752559,0.299111917,0.695933066
electricity,dataset/electricity/electricity.csv,val,17,1938,96,96,321,mean,train_split_standard,0.180649869,-0.035768643,4.005368497,11.239875389,0.412563580,0.054298022,0.825676340,15.517133956,0.025051101,21.227414330,0.359521617,5.143302181,0.617127219,0.045723001,-0.061510254,0.850293652,8.130841121,1.737338551,0.555051179,0.326835781,0.296512274,0.695975702
electricity,dataset/electricity/electricity.csv,val,18,593,96,96,321,mean,train_split_standard,0.132023950,-0.119250305,4.057250868,11.218068536,0.424153339,0.057228799,0.819872110,15.563862928,0.028307947,21.834890966,0.375459460,5.130841121,0.610790808,0.095956646,-0.076680945,0.861044275,8.632398754,1.721834745,0.589408100,0.317222964,0.284125737,0.691067102
electricity,dataset/electricity/electricity.csv,val,19,2200,96,96,321,mean,train_split_standard,0.197073020,0.043884841,3.789895131,11.012461059,0.423285584,0.068057074,0.827676668,13.859813084,0.026362864,21.320872274,0.363764280,4.716510903,0.650764216,0.042997144,-0.097481828,0.848969249,8.323987539,1.737558064,0.549176680,0.291588785,0.306910848,0.710598296
electricity,dataset/electricity/electricity.csv,val,20,316,96,96,321,mean,train_split_standard,0.047973989,-0.200051270,4.332069256,11.373831776,0.424732913,0.045784978,0.814592556,14.996884735,0.029775797,21.710280374,0.378881392,5.161993769,0.597666454,-0.036782840,0.025084372,0.865812480,8.828660436,1.714765596,0.605251446,0.364040943,0.279538131,0.689007620
electricity,dataset/electricity/electricity.csv,val,21,1140,96,96,321,mean,train_split_standard,0.144147331,-0.066477130,3.800099854,10.436137072,0.409822492,0.084661219,0.820462371,14.732087227,0.027031758,21.548286604,0.359230692,4.747663551,0.610151138,-0.001768562,0.019762461,0.853633812,8.573208723,1.728748184,0.440320427,0.324877615,0.330460559,0.719653845
electricity,dataset/electricity/electricity.csv,val,22,1159,96,96,321,mean,train_split_standard,0.169161530,-0.057254131,3.975140874,10.775700935,0.415438871,0.080226233,0.819839318,15.168224299,0.026513143,21.339563863,0.360102040,4.990654206,0.599896855,0.014440550,0.021011812,0.852626010,8.551401869,1.724253496,0.541165999,0.334757454,0.308440050,0.716432871
electricity,dataset/electricity/electricity.csv,val,23,1327,96,96,321,mean,train_split_standard,0.293541082,0.186427400,3.785955958,10.230529595,0.335946067,-0.014379382,0.815445155,15.261682243,0.025689494,21.314641745,0.226981047,4.803738318,0.477737709,-0.005662643,-0.018853842,0.800837580,8.199376947,1.736190416,0.571428571,0.309746328,0.339329931,0.755422678
electricity,dataset/electricity/electricity.csv,val,24,2076,96,96,321,mean,train_split_standard,0.163615334,-0.137174786,3.732963998,10.305295950,0.412282256,0.032026058,0.831742909,14.105919003,0.024534005,21.040498442,0.374174497,4.454828660,0.702537134,0.010335540,-0.002239097,0.852394078,8.535825545,1.730355002,0.453137517,0.331731197,0.330766399,0.716226508
electricity,dataset/electricity/electricity.csv,val,25,95,96,96,321,mean,train_split_standard,0.081766913,-0.092590709,4.222342749,12.143302181,0.424309177,0.037538236,0.817970159,15.900311526,0.032218880,22.158878505,0.394761001,5.202492212,0.636961068,-0.001525182,0.053949247,0.845248787,8.757009346,1.705494466,0.538851802,0.367512239,0.288866264,0.689452747
electricity,dataset/electricity/electricity.csv,val,26,2244,96,96,321,mean,train_split_standard,0.147818503,-0.105185107,3.622197998,10.236760125,0.416418606,0.050771937,0.834005575,13.623052960,0.024387469,21.236760125,0.368373263,4.305295950,0.690081300,0.052878375,0.005808671,0.856140801,8.386292835,1.729394654,0.456519804,0.282242991,0.327096315,0.717976291
electricity,dataset/electricity/electricity.csv,val,27,1907,96,96,321,mean,train_split_standard,0.215254048,-0.011493623,3.781169798,10.084112150,0.413256712,0.057999081,0.828398098,14.878504673,0.026420197,21.510903427,0.360403602,4.404984424,0.664367210,0.007999091,0.032304647,0.857467309,8.230529595,1.736805624,0.448954161,0.322029372,0.317768182,0.720504397
electricity,dataset/electricity/electricity.csv,val,28,403,96,96,321,mean,train_split_standard,0.097269076,-0.159416747,3.975273406,11.404984424,0.427519396,0.069665800,0.820855878,14.314641745,0.022810064,21.286604361,0.377499603,4.853582555,0.596740296,0.121316848,-0.063051661,0.858952738,8.510903427,1.726731498,0.542323097,0.246550957,0.295594753,0.695057912
electricity,dataset/electricity/electricity.csv,val,29,1187,96,96,321,mean,train_split_standard,0.156847692,-0.048327948,3.584164437,10.068535826,0.405827427,0.079518248,0.823610428,14.218068536,0.026313117,21.305295950,0.353588333,4.280373832,0.643747219,0.012412383,-0.017945223,0.852585433,8.420560748,1.743398542,0.500222519,0.311348465,0.332601442,0.734206509
electricity,dataset/electricity/electricity.csv,val,30,970,96,96,321,mean,train_split_standard,0.150148671,-0.107921348,3.798664135,10.404984424,0.422632049,0.104681750,0.825414002,14.464174455,0.027741784,21.663551402,0.358350322,4.744548287,0.639182741,-0.030454958,0.054354881,0.853171330,8.890965732,1.727747076,0.474143302,0.334579439,0.323884990,0.717992733
electricity,dataset/electricity/electricity.csv,val,31,740,96,96,321,mean,train_split_standard,0.121472880,-0.106346311,3.741418467,10.878504673,0.419357030,0.099913244,0.828758813,13.875389408,0.022940118,21.311526480,0.358682240,4.576323988,0.605978814,0.117601246,-0.015170691,0.851459058,8.457943925,1.734114519,0.504850912,0.267823765,0.313333496,0.713783025
electricity,dataset/electricity/electricity.csv,val,32,993,96,96,321,mean,train_split_standard,0.165320691,-0.045226709,3.860883631,10.433021807,0.420475364,0.107574217,0.823380882,14.566978193,0.029293886,21.174454829,0.356141226,4.828660436,0.638543799,-0.049584631,0.002190421,0.852193539,8.722741433,1.728326085,0.518647085,0.320249221,0.322814549,0.718507566
electricity,dataset/electricity/electricity.csv,val,33,802,96,96,321,mean,train_split_standard,0.127448718,-0.104891687,3.765852987,10.352024922,0.419469308,0.095485251,0.822528283,14.433021807,0.027946308,21.520249221,0.354209074,4.707165109,0.625053751,-0.053462487,0.095161604,0.850186711,8.685358255,1.730369438,0.482866044,0.338228749,0.329543038,0.719931845
electricity,dataset/electricity/electricity.csv,val,34,2158,96,96,321,mean,train_split_standard,0.135990196,-0.046356214,3.934245399,11.261682243,0.423687579,0.067060572,0.825381210,14.890965732,0.027091504,20.915887850,0.381776453,5.043613707,0.682603570,0.070628894,-0.025619808,0.846178759,8.595015576,1.725594713,0.507432132,0.408722741,0.302170321,0.701787700
electricity,dataset/electricity/electricity.csv,val,35,263,96,96,321,mean,train_split_standard,0.137063861,-0.079288507,4.170391006,11.828660436,0.417975329,0.052939699,0.821052632,15.314641745,0.029563187,21.778816199,0.383219450,5.087227414,0.628817819,-0.077151480,0.049730659,0.838952150,8.757009346,1.722337602,0.548108589,0.356119270,0.295288912,0.699839840
electricity,dataset/electricity/electricity.csv,val,36,202,96,96,321,mean,train_split_standard,0.223080698,0.017031165,3.717892126,10.214953271,0.417121781,0.068224300,0.822921790,14.183800623,0.025689622,21.682242991,0.369925956,4.246105919,0.665373585,-0.012704439,-0.028329439,0.860761238,8.647975078,1.728203210,0.487583445,0.278148643,0.325261272,0.730892457
electricity,dataset/electricity/electricity.csv,val,37,216,96,96,321,mean,train_split_standard,0.229647500,0.067414757,3.623371326,11.074766355,0.409383789,0.069876704,0.825774717,14.168224299,0.022762004,21.654205607,0.370940225,4.258566978,0.675097928,0.033002336,-0.017458463,0.831674055,8.585669782,1.732512074,0.565376057,0.337694704,0.320520746,0.725431392
electricity,dataset/electricity/electricity.csv,val,38,2441,96,96,321,mean,train_split_standard,0.104923912,-0.154257432,4.077762586,11.102803738,0.429241185,0.036388755,0.829217905,14.803738318,0.025720682,20.947040498,0.389297207,5.124610592,0.663607479,-0.008923936,-0.009118640,0.862008456,8.651090343,1.720485846,0.575522919,0.340987984,0.315933140,0.688371615
electricity,dataset/electricity/electricity.csv,val,39,1324,96,96,321,mean,train_split_standard,0.291615452,0.185364384,3.859470438,10.757009346,0.340506927,-0.014965002,0.815051648,15.532710280,0.031846384,21.317757009,0.227700302,4.943925234,0.458545208,-0.019243250,-0.000064901,0.802732673,8.190031153,1.737017441,0.616911437,0.368758344,0.331072240,0.745921964
electricity,dataset/electricity/electricity.csv,val,40,378,96,96,321,mean,train_split_standard,0.174884013,-0.039070611,3.794940553,11.034267913,0.417380195,0.079885993,0.824397442,13.660436137,0.025003549,21.196261682,0.368227299,4.523364486,0.627693475,0.106227285,-0.092857606,0.847495952,8.454828660,1.736886149,0.567423231,0.251090343,0.311039693,0.713337413
electricity,dataset/electricity/electricity.csv,val,41,1458,96,96,321,mean,train_split_standard,0.129797070,-0.098895906,4.111070858,11.747663551,0.417463606,0.039556379,0.823085752,15.750778816,0.024794214,21.177570093,0.369147014,5.252336449,0.594199456,0.007317627,-0.046307113,0.856706310,8.264797508,1.718011038,0.566088117,0.349888741,0.285654939,0.681115351
electricity,dataset/electricity/electricity.csv,val,42,438,96,96,321,mean,train_split_standard,0.034302785,-0.162679630,4.227792292,11.218068536,0.425081309,0.059183958,0.817675029,15.080996885,0.029718481,21.623052960,0.378822654,5.190031153,0.609394789,-0.097530504,0.166910047,0.863293009,8.750778816,1.726403892,0.549443703,0.315264798,0.287489982,0.697990330
electricity,dataset/electricity/electricity.csv,val,43,1063,96,96,321,mean,train_split_standard,0.185765028,-0.025026407,3.598722172,10.339563863,0.409833562,0.124608000,0.829808165,13.975077882,0.021947373,21.177570093,0.350486760,4.305295950,0.623862434,0.034332814,0.061883437,0.849161515,8.604361371,1.743047539,0.492834891,0.255184691,0.321132427,0.731615396
electricity,dataset/electricity/electricity.csv,val,44,1000,96,96,321,mean,train_split_standard,0.143657388,-0.084635075,3.832386533,10.644859813,0.418136526,0.103888683,0.824069520,14.221183801,0.030752337,21.121495327,0.357243113,4.866043614,0.659287460,0.020022066,-0.111143562,0.840510284,8.417445483,1.736178276,0.539296840,0.353983089,0.322967469,0.711956782
electricity,dataset/electricity/electricity.csv,val,45,1437,96,96,321,mean,train_split_standard,0.161172817,-0.051145618,3.920212375,11.327102804,0.405793564,0.044673839,0.823905558,15.666666667,0.027727819,21.716510903,0.362618248,4.943925234,0.592809842,0.115930036,-0.009232217,0.842655872,8.323987539,1.722918774,0.488918558,0.325945705,0.299111917,0.710940928
electricity,dataset/electricity/electricity.csv,val,46,2197,96,96,321,mean,train_split_standard,0.152458476,0.018026768,3.740151134,10.607476636,0.423821982,0.072303866,0.827906214,13.984423676,0.022354840,21.361370717,0.367541847,4.529595016,0.687525729,0.010708723,-0.065242082,0.851904608,8.461059190,1.736692306,0.500133511,0.302180685,0.322814549,0.716599194
electricity,dataset/electricity/electricity.csv,val,47,41,96,96,321,mean,train_split_standard,0.186995728,-0.014562979,3.824362497,11.158878505,0.425805443,0.061360252,0.822921790,14.190031153,0.025643532,21.900311526,0.379966039,4.604361371,0.647898432,0.057778427,-0.073078920,0.851258613,8.538940810,1.726333731,0.579172230,0.267200712,0.301099880,0.708747643
electricity,dataset/electricity/electricity.csv,val,48,2496,96,96,321,mean,train_split_standard,-0.024566087,-0.222881301,4.087133997,11.510903427,0.428163046,0.038566470,0.825118872,15.897196262,0.028815197,20.841121495,0.383526916,5.065420561,0.644532922,-0.159495067,0.004672897,0.842611480,8.423676012,1.721499944,0.559857588,0.422429907,0.306910848,0.688503027
electricity,dataset/electricity/electricity.csv,val,49,142,96,96,321,mean,train_split_standard,0.053886118,-0.139661408,4.221607994,12.286604361,0.420956752,0.046868352,0.817379898,15.694704050,0.029687787,21.785046729,0.384169286,5.190031153,0.625528851,0.048935618,-0.015965732,0.847008134,8.685358255,1.707451838,0.558878505,0.353894081,0.277856009,0.694095367
electricity,dataset/electricity/electricity.csv,val,50,2484,96,96,321,mean,train_split_standard,-0.000524835,-0.246921144,4.034697254,10.906542056,0.431366098,0.045785048,0.826660108,15.274143302,0.026699156,21.074766355,0.385282332,4.965732087,0.662503450,-0.215780763,0.067724559,0.865259782,8.763239875,1.702807263,0.441388518,0.367156208,0.315015618,0.687778704
