group_id,group_rank,dataset,family,source_format,source_path,split,sample_rank,window_index,series_index,window_start,seq_len,n_channels,pooling,scale,mode_5,mode_10,acf_timescale,acf_first_min,ami2,trev,high_fluctuation,stretch_high,transition_matrix,periodicity,embedding_dist,ami_timescale,whiten_timescale,outlier_timing_pos,outlier_timing_neg,centroid_freq,stretch_decreasing,entropy_pairs,rs_range,dfa,low_freq_power,forecast_error
group_001,1,electricity,Benchmark,csv,dataset/electricity/electricity.csv,train,1,17790,0,17790,96,321,mean,train_split_standard,0.083278624,-0.173093779,4.360964771,11.984423676,0.426828522,0.037382780,0.818199705,15.613707165,0.030721093,22.074766355,0.390333076,5.323987539,0.628670906,-0.034689772,0.007090472,0.861912386,8.778816199,1.711881537,0.590298175,0.381842457,0.274950525,0.677742378
group_001,1,electricity,Benchmark,csv,dataset/electricity/electricity.csv,train,2,7270,0,7270,96,321,mean,train_split_standard,0.094237411,-0.131934246,4.168040917,12.006230530,0.425430621,0.081372068,0.827545499,14.376947040,0.022876648,21.950155763,0.370750742,5.118380062,0.592048995,0.146790628,-0.094561267,0.855675890,8.738317757,1.722341138,0.570538496,0.282510013,0.281373174,0.684350582
group_001,1,electricity,Benchmark,csv,dataset/electricity/electricity.csv,train,3,8144,0,8144,96,321,mean,train_split_standard,0.062503308,-0.229206268,4.163741904,11.367601246,0.433981711,0.028252401,0.820134448,15.009345794,0.030319640,21.950155763,0.389517404,5.105919003,0.622382103,-0.023332035,0.160874221,0.882116900,9.087227414,1.716317069,0.596350690,0.328259902,0.274644685,0.679511942
group_001,1,electricity,Benchmark,csv,dataset/electricity/electricity.csv,train,4,726,0,726,96,321,mean,train_split_standard,0.239911818,0.016986242,3.407369623,10.788161994,0.421553339,0.041849232,0.830300049,14.218068536,0.024331200,21.669781931,0.394148442,4.320872274,0.669398086,0.037220924,0.048237928,0.866830968,8.993769470,1.739817579,0.555407210,0.313662661,0.307369608,0.711590863
group_001,1,electricity,Benchmark,csv,dataset/electricity/electricity.csv,train,5,2555,0,2555,96,321,mean,train_split_standard,0.205584516,0.108534640,3.889564704,10.769470405,0.403327168,0.039793152,0.831808493,14.376947040,0.020772194,21.202492212,0.354320142,4.439252336,0.645893955,0.018691589,0.063019211,0.848159373,8.143302181,1.748698668,0.497552292,0.276279484,0.319603225,0.738918928
group_001,1,electricity,Benchmark,csv,dataset/electricity/electricity.csv,train,6,2373,0,2373,96,321,mean,train_split_standard,0.198602997,0.020155601,3.985398131,11.330218069,0.416801846,0.055815678,0.823708805,14.548286604,0.025027544,20.894080997,0.363851289,4.937694704,0.621996435,0.041520639,-0.197300104,0.852501328,8.065420561,1.734061665,0.570182466,0.325945705,0.308287130,0.708017517
group_001,1,electricity,Benchmark,csv,dataset/electricity/electricity.csv,train,7,17441,0,17441,96,321,mean,train_split_standard,0.017470296,-0.265839322,4.160191717,11.218068536,0.429871761,0.031536502,0.823610428,14.953271028,0.027655634,22.087227414,0.398865317,4.971962617,0.648378532,0.069768951,-0.000227155,0.875489767,9.068535826,1.689423069,0.448954161,0.312772586,0.291160067,0.673811767
group_001,1,electricity,Benchmark,csv,dataset/electricity/electricity.csv,train,8,12883,0,12883,96,321,mean,train_split_standard,0.012288204,-0.193347644,4.262954164,11.566978193,0.430378505,0.059438252,0.822265945,14.965732087,0.022450421,20.993769470,0.394478155,5.327102804,0.671381620,0.072559709,-0.014213396,0.866894863,8.682242991,1.706317297,0.495772141,0.358878505,0.288866264,0.673837409
group_001,1,electricity,Benchmark,csv,dataset/electricity/electricity.csv,train,9,10781,0,10781,96,321,mean,train_split_standard,0.281902453,-0.020046320,3.714432540,11.582554517,0.415612626,0.050529992,0.834399082,14.476635514,0.020418631,21.968847352,0.375426147,4.426791277,0.652416787,0.020865784,0.005889798,0.838402595,8.448598131,1.744414090,0.573742768,0.314641745,0.298500237,0.712808345
group_001,1,electricity,Benchmark,csv,dataset/electricity/electricity.csv,train,10,11160,0,11160,96,321,mean,train_split_standard,0.208748417,-0.007328965,4.025504691,11.604361371,0.415000859,0.056949040,0.823282505,14.588785047,0.023648500,21.320872274,0.368667752,4.803738318,0.608580222,0.110835280,-0.013028946,0.859811641,8.090342679,1.735036512,0.489897641,0.251980418,0.291312987,0.700676750
group_001,1,electricity,Benchmark,csv,dataset/electricity/electricity.csv,train,11,15930,0,15930,96,321,mean,train_split_standard,0.072813107,-0.088269457,3.901182957,10.719626168,0.374665704,-0.046900491,0.823026316,14.956250000,0.022516340,21.529595016,0.218555416,4.962500000,0.420792147,-0.062695313,0.065787760,0.803158005,8.587500000,1.759673848,0.531875000,0.349375000,0.337168977,0.742957686
group_001,1,electricity,Benchmark,csv,dataset/electricity/electricity.csv,train,12,16260,0,16260,96,321,mean,train_split_standard,0.029679972,-0.146410670,4.205701510,11.616822430,0.429769590,0.064002890,0.824725365,15.261682243,0.026015595,21.875389408,0.383063696,5.255451713,0.635472854,-0.088087357,0.141420042,0.861558878,8.996884735,1.711062168,0.500934579,0.294793057,0.292230508,0.688290630
group_001,1,electricity,Benchmark,csv,dataset/electricity/electricity.csv,train,13,10444,0,10444,96,321,mean,train_split_standard,0.186428101,-0.060179195,3.632601434,11.099688474,0.405410476,0.075881566,0.828791605,14.049844237,0.024391432,21.579439252,0.360448074,4.314641745,0.672236512,0.006344107,-0.002612279,0.830327708,8.485981308,1.744902204,0.548464619,0.332087227,0.323273309,0.731649967
group_001,1,electricity,Benchmark,csv,dataset/electricity/electricity.csv,train,14,17582,0,17582,96,321,mean,train_split_standard,0.059184455,-0.152015996,4.149853275,11.087227414,0.428009667,0.037983583,0.820167241,15.133956386,0.029101390,21.903426791,0.388656878,5.059190031,0.616911028,-0.091040369,0.126444055,0.872993009,8.803738318,1.710912789,0.503337784,0.311170449,0.289936705,0.683725688
group_001,1,electricity,Benchmark,csv,dataset/electricity/electricity.csv,train,15,9735,0,9735,96,321,mean,train_split_standard,-0.052025678,-0.276708035,4.083087097,11.121495327,0.424003739,0.043508866,0.820396786,15.152647975,0.025686563,22.096573209,0.391668546,4.890965732,0.636197608,0.013710410,-0.024824766,0.870796356,8.757009346,1.715396290,0.497196262,0.333155318,0.287948743,0.693430245
group_001,1,electricity,Benchmark,csv,dataset/electricity/electricity.csv,train,16,3862,0,3862,96,321,mean,train_split_standard,0.134821519,0.048558692,3.855779331,10.884735202,0.422049406,0.041585725,0.833808821,14.875389408,0.023503394,20.900311526,0.369189223,4.965732087,0.665958057,0.000275831,-0.081597222,0.862038178,8.258566978,1.734184116,0.542323097,0.339652870,0.309969252,0.694245876
group_001,1,electricity,Benchmark,csv,dataset/electricity/electricity.csv,train,17,2053,0,2053,96,321,mean,train_split_standard,0.198219426,0.017681434,3.498269895,9.866043614,0.423963992,0.056028021,0.832562715,13.971962617,0.027255229,20.785046729,0.361457418,4.102803738,0.703078043,-0.002498702,0.057827103,0.851349931,8.392523364,1.741051393,0.468446818,0.269870939,0.341164973,0.742919127
group_001,1,electricity,Benchmark,csv,dataset/electricity/electricity.csv,train,18,10919,0,10919,96,321,mean,train_split_standard,0.275050900,0.172854819,4.063642385,11.395638629,0.342424844,-0.068832489,0.817379898,15.255451713,0.025430025,20.370716511,0.224354937,5.056074766,0.397800412,0.167120976,-0.188100337,0.795041754,8.264797508,1.743719250,0.521673342,0.304850912,0.333671883,0.652998037
group_001,1,electricity,Benchmark,csv,dataset/electricity/electricity.csv,train,19,14638,0,14638,96,321,mean,train_split_standard,0.117289422,-0.306845050,4.182612237,11.470404984,0.445797867,0.043146159,0.820855878,13.937694704,0.020235685,21.607476636,0.407453526,4.947040498,0.702702959,-0.011341511,-0.071375260,0.863560721,8.803738318,1.711848976,0.567601246,0.267645750,0.288866264,0.672402935
group_001,1,electricity,Benchmark,csv,dataset/electricity/electricity.csv,train,20,16072,0,16072,96,321,mean,train_split_standard,0.023804787,-0.132211430,4.127510134,11.161993769,0.420608005,0.047606867,0.820003279,15.529595016,0.024841926,21.757009346,0.377905697,4.943925234,0.646398498,-0.070547767,0.060260903,0.864800066,8.844236760,1.710542778,0.459012016,0.368135291,0.299264838,0.690319707
group_001,2,ETT-small,Benchmark,csv,dataset/ETT-small/ETTh1.csv,train,1,4074,0,4074,96,7,mean,train_split_standard,-0.694365519,-0.501369720,4.641431461,15.000000000,0.359157960,0.158146740,0.891729323,16.571428571,0.031164173,19.428571429,0.236283811,8.000000000,0.201582941,-0.160714286,0.194940476,0.755813527,6.428571429,1.834415188,0.551020408,0.514285714,0.273486860,0.771720859
group_001,2,ETT-small,Benchmark,csv,dataset/ETT-small/ETTh1.csv,train,2,3131,0,3131,96,7,mean,train_split_standard,-0.328819166,-0.480242356,5.143413231,9.857142857,0.400840862,0.133496692,0.909774436,16.285714286,0.045758600,18.142857143,0.231249032,7.142857143,0.146707797,0.409226190,-0.420386905,0.769230861,6.571428571,1.820251049,0.640816327,0.665306122,0.266474377,0.719328658
group_001,2,ETT-small,Benchmark,csv,dataset/ETT-small/ETTh1.csv,train,3,1500,0,1500,96,7,mean,train_split_standard,-0.214352773,-0.240816986,4.316483715,11.428571429,0.343439525,0.061100395,0.918796992,13.714285714,0.026121540,18.571428571,0.251702913,6.571428571,0.219903113,0.026785714,0.336309524,0.793035010,6.857142857,1.831436968,0.644897959,0.383673469,0.252449410,0.727615437
group_001,2,ETT-small,Benchmark,csv,dataset/ETT-small/ETTh1.csv,train,4,2321,0,2321,96,7,mean,train_split_standard,-0.374007240,-0.534356434,3.579497486,9.428571429,0.360322932,0.060598232,0.915789474,11.571428571,0.019358243,24.142857143,0.190835153,5.142857143,0.286499215,-0.261904762,-0.036458333,0.772844617,6.571428571,1.837779628,0.506122449,0.448979592,0.287511828,0.764461229
group_001,2,ETT-small,Benchmark,csv,dataset/ETT-small/ETTh1.csv,train,5,5922,0,5922,96,7,mean,train_split_standard,0.447625124,0.057376905,3.551222409,9.857142857,0.362752936,0.003307612,0.912781955,16.428571429,0.011738445,23.142857143,0.245739044,4.714285714,0.303741497,-0.250000000,0.044642857,0.836364084,7.142857143,1.798399925,0.469387755,0.420408163,0.315561762,0.744885906
group_001,2,ETT-small,Benchmark,csv,dataset/ETT-small/ETTh1.csv,train,6,2796,0,2796,96,7,mean,train_split_standard,-0.214877700,-0.210467590,6.137418579,16.428571429,0.395286934,0.015167822,0.888721805,22.285714286,0.050922956,23.142857143,0.267991519,10.857142857,0.126781420,-0.058035714,0.305059524,0.799692849,6.857142857,1.801116417,0.702040816,0.395918367,0.217386992,0.674659829
group_001,2,ETT-small,Benchmark,csv,dataset/ETT-small/ETTh1.csv,train,7,2667,0,2667,96,7,mean,train_split_standard,-0.344203251,-0.299505954,3.379252667,8.142857143,0.284016658,0.020583528,0.917293233,13.714285714,0.026132319,20.000000000,0.200092132,5.857142857,0.164285714,-0.165178571,-0.029761905,0.730619257,6.000000000,1.878304068,0.710204082,0.555102041,0.266474377,0.794119372
group_001,2,ETT-small,Benchmark,csv,dataset/ETT-small/ETTh1.csv,train,8,5547,0,5547,96,7,mean,train_split_standard,-0.045947673,-0.348403890,3.781988871,10.857142857,0.388063310,-0.030948645,0.921804511,16.857142857,0.018947916,17.857142857,0.314124740,5.714285714,0.339455782,-0.138392857,0.261904762,0.803611399,6.428571429,1.875365991,0.404081633,0.771428571,0.357636664,0.732278197
group_001,2,ETT-small,Benchmark,csv,dataset/ETT-small/ETTh1.csv,train,9,3603,0,3603,96,7,mean,train_split_standard,-0.161947816,-0.248611415,4.452646185,14.714285714,0.355865054,-0.011255317,0.927819549,16.428571429,0.030622835,23.428571429,0.227716083,8.285714286,0.163657771,-0.168154762,0.101190476,0.793313950,7.714285714,1.848116498,0.575510204,0.457142857,0.259461893,0.727816699
group_001,2,ETT-small,Benchmark,csv,dataset/ETT-small/ETTh1.csv,train,10,3596,0,3596,96,7,mean,train_split_standard,-0.189473775,-0.306765398,4.274023504,14.000000000,0.359900205,0.017256196,0.923308271,15.857142857,0.030403939,18.714285714,0.227137050,8.285714286,0.164115646,-0.120535714,0.019345238,0.780058528,7.714285714,1.822997485,0.722448980,0.514285714,0.238424442,0.732411062
group_001,2,ETT-small,Benchmark,csv,dataset/ETT-small/ETTh1.csv,train,11,2901,0,2901,96,7,mean,train_split_standard,0.610227945,0.956964534,5.970850819,19.142857143,0.517042919,-0.016639988,0.693233083,29.285714286,0.051348724,19.428571429,0.283808805,12.142857143,0.128728070,0.026785714,0.302083333,0.857365452,5.000000000,1.670366210,0.685714286,0.595918367,0.182324574,0.612020175
group_001,2,ETT-small,Benchmark,csv,dataset/ETT-small/ETTh1.csv,train,12,6287,0,6287,96,7,mean,train_split_standard,0.244347403,0.003179466,3.033578084,8.714285714,0.258165284,0.033744709,0.930827068,12.285714286,0.025093324,13.571428571,0.241624409,4.285714286,0.313492063,0.211309524,-0.037202381,0.674495705,5.857142857,1.933120108,0.489795918,0.632653061,0.455811434,0.833105716
group_001,2,ETT-small,Benchmark,csv,dataset/ETT-small/ETTh1.csv,train,13,7322,0,7322,96,7,mean,train_split_standard,0.047534795,-0.010643695,5.273213814,14.142857143,0.334231327,-0.005743273,0.881203008,19.571428571,0.038440204,19.714285714,0.195971229,7.571428571,0.257129303,0.354166667,0.066220238,0.806016262,6.428571429,1.808749853,0.697959184,0.648979592,0.287511828,0.716311958
group_001,2,ETT-small,Benchmark,csv,dataset/ETT-small/ETTh1.csv,train,14,1091,0,1091,96,7,mean,train_split_standard,-0.151530013,-0.024748838,3.221544360,9.428571429,0.284593299,0.194483370,0.930827068,15.714285714,0.025594962,20.142857143,0.265113634,4.857142857,0.306916100,0.282738095,-0.260416667,0.742620927,7.000000000,1.824108084,0.661224490,0.477551020,0.336599213,0.785666258
group_001,2,ETT-small,Benchmark,csv,dataset/ETT-small/ETTh1.csv,train,15,5522,0,5522,96,7,mean,train_split_standard,-0.071879923,-0.025007174,3.869988783,12.428571429,0.373358068,-0.085579758,0.915789474,17.714285714,0.024290365,16.000000000,0.284339244,6.142857143,0.301757370,-0.020833333,0.022321429,0.773543121,5.857142857,1.862779976,0.551020408,0.551020408,0.350624180,0.741465869
group_001,2,ETT-small,Benchmark,csv,dataset/ETT-small/ETTh1.csv,train,16,4679,0,4679,96,7,mean,train_split_standard,-0.114580396,0.140329221,3.537719049,9.428571429,0.333453365,0.068176851,0.927819549,14.714285714,0.017199211,22.142857143,0.218401365,5.285714286,0.291383220,-0.267113095,0.169642857,0.796954557,6.000000000,1.834344525,0.493877551,0.387755102,0.301536795,0.752465019
group_001,2,ETT-small,Benchmark,csv,dataset/ETT-small/ETTh1.csv,train,17,5058,0,5058,96,7,mean,train_split_standard,0.137325447,0.045639318,4.103849415,9.000000000,0.374520772,0.046766364,0.708270677,22.000000000,0.026992628,17.000000000,0.331951480,5.714285714,0.581232493,-0.019345238,-0.117559524,0.850145540,8.285714286,1.740157935,0.387755102,0.457142857,0.294524311,0.717484759
group_001,2,ETT-small,Benchmark,csv,dataset/ETT-small/ETTh1.csv,train,18,2827,0,2827,96,7,mean,train_split_standard,-0.354470674,-0.435665469,6.628939691,15.000000000,0.411208368,0.002070272,0.893233083,18.857142857,0.039247904,20.714285714,0.287101938,11.142857143,0.129513344,-0.375000000,0.339285714,0.829368670,6.857142857,1.811223211,0.734693878,0.604081633,0.189337057,0.630817751
group_001,2,ETT-small,Benchmark,csv,dataset/ETT-small/ETTh1.csv,train,19,6954,0,6954,96,7,mean,train_split_standard,0.171212843,-0.141145459,2.558412415,7.000000000,0.319394275,0.309919553,0.924812030,13.285714286,0.018393318,19.714285714,0.238921343,4.142857143,0.339795918,0.141369048,-0.181547619,0.731662254,7.142857143,1.798817949,0.575510204,0.408163265,0.392699082,0.822571915
group_001,2,ETT-small,Benchmark,csv,dataset/ETT-small/ETTh1.csv,train,20,612,0,612,96,7,mean,train_split_standard,-0.317603094,-0.228202360,3.273733269,8.285714286,0.268899991,0.142952150,0.936842105,14.714285714,0.026705349,20.714285714,0.197596278,5.142857143,0.205357143,0.346726190,-0.242559524,0.726367081,7.142857143,1.904337053,0.542857143,0.477551020,0.308549278,0.813828168
group_001,3,exchange_rate,Benchmark,csv,dataset/exchange_rate/exchange_rate.csv,train,1,1502,0,1502,96,8,mean,train_split_standard,-0.283018393,-0.326356253,11.606504368,27.875000000,0.607907723,-0.000924685,0.826315789,31.250000000,0.089201389,6.500000000,0.430018911,12.500000000,0.077024569,-0.014322917,0.083333333,0.873202896,6.250000000,1.650080696,0.760714286,0.646428571,0.098174770,0.474056698
group_001,3,exchange_rate,Benchmark,csv,dataset/exchange_rate/exchange_rate.csv,train,2,1866,0,1866,96,8,mean,train_split_standard,0.317721973,0.494496922,17.778231035,52.375000000,0.865895703,0.004515576,0.775000000,44.125000000,0.139756944,15.375000000,1.048074414,15.250000000,0.038819791,-0.253906250,0.238932292,0.940750018,7.250000000,1.462863837,0.728571429,0.707142857,0.061359232,0.272205618
group_001,3,exchange_rate,Benchmark,csv,dataset/exchange_rate/exchange_rate.csv,train,3,3783,0,3783,96,8,mean,train_split_standard,0.242368436,0.259075964,14.002165453,37.875000000,0.656578903,0.043549176,0.710526316,33.375000000,0.090575810,4.750000000,0.556766337,22.125000000,0.093404320,-0.199218750,0.097656250,0.901708335,7.250000000,1.449802518,0.678571429,0.753571429,0.067495155,0.380840860
group_001,3,exchange_rate,Benchmark,csv,dataset/exchange_rate/exchange_rate.csv,train,4,2913,0,2913,96,8,mean,train_split_standard,-0.152889821,-0.224581469,8.808900085,17.000000000,0.493259952,-0.016668062,0.863157895,29.750000000,0.072578125,16.625000000,0.570770660,11.375000000,0.097460410,-0.247395833,0.046875000,0.861072560,6.125000000,1.687600264,0.642857143,0.664285714,0.134990309,0.532683587
group_001,3,exchange_rate,Benchmark,csv,dataset/exchange_rate/exchange_rate.csv,train,5,4382,0,4382,96,8,mean,train_split_standard,-0.186235070,-0.108711497,14.640222165,37.375000000,0.826441171,0.036207634,0.802631579,33.625000000,0.094618056,9.875000000,0.868410680,18.000000000,0.060520716,0.473958333,-0.292968750,0.932582326,6.000000000,1.553641938,0.735714286,0.600000000,0.073631078,0.324676055
group_001,3,exchange_rate,Benchmark,csv,dataset/exchange_rate/exchange_rate.csv,train,6,4055,0,4055,96,8,mean,train_split_standard,-0.289632860,-0.313900645,16.126735604,38.250000000,0.743987978,0.028253125,0.755263158,33.625000000,0.077457719,4.000000000,0.521483884,23.625000000,0.042081205,0.271484375,-0.546875000,0.905526795,6.500000000,1.556279110,0.821428571,0.525000000,0.079767001,0.383237833
group_001,3,exchange_rate,Benchmark,csv,dataset/exchange_rate/exchange_rate.csv,train,7,123,0,123,96,8,mean,train_split_standard,-0.002779428,0.364364992,12.645628620,39.750000000,0.729186720,-0.009284976,0.714473684,39.625000000,0.115532407,12.375000000,1.014612331,21.750000000,0.202394061,0.371093750,-0.245442708,0.840935571,5.000000000,1.332905159,0.732142857,0.632142857,0.263844696,0.411200644
group_001,3,exchange_rate,Benchmark,csv,dataset/exchange_rate/exchange_rate.csv,train,8,2996,0,2996,96,8,mean,train_split_standard,-0.820033293,-0.637478249,16.858801272,52.750000000,0.819102533,-0.157531145,0.777631579,35.125000000,0.148148148,9.500000000,1.137029932,15.750000000,0.062976833,0.625651042,-0.493489583,0.884384686,5.625000000,1.537245305,0.535714286,0.642857143,0.110446617,0.305452650
group_001,3,exchange_rate,Benchmark,csv,dataset/exchange_rate/exchange_rate.csv,train,9,1985,0,1985,96,8,mean,train_split_standard,0.416761042,0.598479509,14.163698886,37.375000000,0.634130378,0.012070760,0.755263158,38.000000000,0.133836871,11.000000000,0.637146632,12.750000000,0.133446608,-0.452473958,0.549479167,0.836737115,7.000000000,1.391436470,0.664285714,0.692857143,0.227029157,0.447257226
group_001,3,exchange_rate,Benchmark,csv,dataset/exchange_rate/exchange_rate.csv,train,10,4356,0,4356,96,8,mean,train_split_standard,-0.354671585,-0.575755171,16.381662179,37.875000000,0.737416023,0.020624966,0.809210526,39.375000000,0.122106481,10.125000000,0.829524647,17.875000000,0.036823593,0.432942708,-0.425130208,0.915057696,6.000000000,1.597825903,0.807142857,0.660714286,0.073631078,0.345666251
group_001,3,exchange_rate,Benchmark,csv,dataset/exchange_rate/exchange_rate.csv,train,11,4284,0,4284,96,8,mean,train_split_standard,-0.219677979,-0.161025516,13.152269373,38.625000000,0.768034672,0.002897201,0.785526316,35.500000000,0.108040438,22.875000000,0.881768490,15.250000000,0.096696070,-0.013671875,-0.313151042,0.932701378,6.000000000,1.581424964,0.735714286,0.632142857,0.085902924,0.335525727
group_001,3,exchange_rate,Benchmark,csv,dataset/exchange_rate/exchange_rate.csv,train,12,1092,0,1092,96,8,mean,train_split_standard,-0.394070070,-0.196781641,13.980105520,44.625000000,0.818946183,0.001537480,0.778947368,42.625000000,0.097384259,19.000000000,1.031840437,18.000000000,0.076473805,0.481770833,-0.341145833,0.934910354,5.250000000,1.544780958,0.617857143,0.628571429,0.079767001,0.276421120
group_001,3,exchange_rate,Benchmark,csv,dataset/exchange_rate/exchange_rate.csv,train,13,4366,0,4366,96,8,mean,train_split_standard,-0.188956745,-0.234209125,14.378880022,42.625000000,0.765369380,0.035329909,0.800000000,35.500000000,0.123923611,9.500000000,0.914348398,17.125000000,0.046531173,0.459635417,-0.269531250,0.914124589,6.000000000,1.550790889,0.692857143,0.603571429,0.061359232,0.341895149
group_001,3,exchange_rate,Benchmark,csv,dataset/exchange_rate/exchange_rate.csv,train,14,461,0,461,96,8,mean,train_split_standard,-0.545447909,-0.364551938,15.642127826,45.125000000,0.731254479,0.000342413,0.793421053,30.375000000,0.104328704,21.000000000,0.752454817,18.000000000,0.070609936,-0.585937500,0.403645833,0.926027506,7.500000000,1.553959426,0.771428571,0.739285714,0.067495155,0.332446492
group_001,3,exchange_rate,Benchmark,csv,dataset/exchange_rate/exchange_rate.csv,train,15,7,0,7,96,8,mean,train_split_standard,-0.199835864,-0.253159080,10.547277923,30.000000000,0.590411042,-0.014192555,0.727631579,23.875000000,0.111464920,18.000000000,0.637175989,14.125000000,0.145349497,-0.069661458,0.074218750,0.856749661,5.375000000,1.412113397,0.796428571,0.692857143,0.190213618,0.451640393
group_001,3,exchange_rate,Benchmark,csv,dataset/exchange_rate/exchange_rate.csv,train,16,1253,0,1253,96,8,mean,train_split_standard,0.565433910,0.484752607,7.472253001,21.375000000,0.530834936,0.007029496,0.817105263,28.375000000,0.049927111,12.500000000,0.667312545,13.875000000,0.121407065,-0.148437500,-0.341145833,0.873459664,7.000000000,1.715046408,0.692857143,0.532142857,0.159534002,0.481186839
group_001,3,exchange_rate,Benchmark,csv,dataset/exchange_rate/exchange_rate.csv,train,17,4171,0,4171,96,8,mean,train_split_standard,-0.396744858,-0.060723209,11.712505572,29.625000000,0.628617753,0.001929162,0.803947368,32.625000000,0.111473923,21.250000000,0.609849425,12.500000000,0.069814355,-0.009765625,-0.014973958,0.917987704,6.250000000,1.618438669,0.796428571,0.560714286,0.085902924,0.423347936
group_001,3,exchange_rate,Benchmark,csv,dataset/exchange_rate/exchange_rate.csv,train,18,1898,0,1898,96,8,mean,train_split_standard,-0.170785185,-0.094745489,11.523660929,38.625000000,0.646398118,-0.003083655,0.810526316,27.000000000,0.072071759,18.625000000,0.738047523,20.750000000,0.072251880,-0.571614583,0.115234375,0.832809785,7.125000000,1.482239300,0.650000000,0.707142857,0.239301003,0.452492281
group_001,3,exchange_rate,Benchmark,csv,dataset/exchange_rate/exchange_rate.csv,train,19,1010,0,1010,96,8,mean,train_split_standard,0.380592019,0.037778279,15.602533558,44.125000000,0.799012093,0.047254840,0.785526316,36.000000000,0.122969728,6.000000000,0.975414143,18.625000000,0.074641963,0.523437500,-0.574218750,0.895613642,4.750000000,1.546607032,0.657142857,0.553571429,0.104310694,0.347348869
group_001,3,exchange_rate,Benchmark,csv,dataset/exchange_rate/exchange_rate.csv,train,20,1796,0,1796,96,8,mean,train_split_standard,-0.194709377,-0.026266417,14.111576455,35.000000000,0.703396106,-0.093160315,0.788157895,33.250000000,0.106392904,8.750000000,0.732631853,19.375000000,0.059326088,-0.490885417,0.393229167,0.885669165,7.250000000,1.595207841,0.725000000,0.742857143,0.122718463,0.397036015
group_001,4,illness,Benchmark,csv,dataset/illness/national_illness.csv,train,1,121,0,121,36,7,mean,train_split_standard,-0.546555539,-0.703935014,6.174968470,24.285714286,0.836973783,-0.002161857,0.636734694,12.142857143,0.113756614,0.000000000,0.996270441,8.142857143,0.283366633,-0.753968254,0.474206349,0.898648396,14.285714286,1.386962359,0.459183673,0.459183673,0.154274639,0.267258960
group_001,4,illness,Benchmark,csv,dataset/illness/national_illness.csv,train,2,523,0,523,36,7,mean,train_split_standard,-0.421871357,-0.450068082,5.031697781,15.142857143,0.703217605,0.057258113,0.828571429,16.142857143,0.099206349,3.000000000,0.595866500,7.285714286,0.559807256,-0.285714286,0.704365079,0.850069741,14.142857143,1.547092427,0.500000000,0.571428571,0.210374508,0.504084726
group_001,4,illness,Benchmark,csv,dataset/illness/national_illness.csv,train,3,295,0,295,36,7,mean,train_split_standard,-0.467075987,-0.604461679,6.936874376,12.428571429,0.679101018,0.082411080,0.722448980,14.857142857,0.158730159,1.428571429,0.448312657,8.714285714,0.248858285,0.734126984,-0.464285714,0.818992547,6.714285714,1.514778881,0.520408163,0.489795918,0.168299606,0.422634317
group_001,4,illness,Benchmark,csv,dataset/illness/national_illness.csv,train,4,349,0,349,36,7,mean,train_split_standard,-0.735568110,-0.846905813,4.984883966,13.571428571,0.649361386,0.046437333,0.730612245,13.428571429,0.078835979,1.285714286,0.467739360,7.571428571,0.387301587,0.188492063,-0.521825397,0.875598992,8.714285714,1.594390166,0.520408163,0.551020408,0.210374508,0.570597374
group_001,4,illness,Benchmark,csv,dataset/illness/national_illness.csv,train,5,384,0,384,36,7,mean,train_split_standard,-0.689951902,-0.762692750,5.975499110,20.571428571,0.766027657,0.033769198,0.816326531,12.857142857,0.126984127,5.714285714,0.728355705,12.285714286,0.341991342,-0.750000000,0.412698413,0.852754896,9.000000000,1.586768335,0.510204082,0.561224490,0.196349541,0.374769284
group_001,4,illness,Benchmark,csv,dataset/illness/national_illness.csv,train,6,67,0,67,36,7,mean,train_split_standard,-0.708286312,-0.765093223,6.257467322,20.714285714,0.792836577,-0.013193908,0.828571429,12.571428571,0.140211640,0.571428571,1.131506210,13.714285714,0.471328671,-0.781746032,0.484126984,0.837671483,11.285714286,1.512508371,0.489795918,0.520408163,0.168299606,0.253944199
group_001,4,illness,Benchmark,csv,dataset/illness/national_illness.csv,train,7,444,0,444,36,7,mean,train_split_standard,-0.873266215,-0.837058579,5.454321482,16.142857143,0.730951495,0.044514990,0.840816327,9.142857143,0.077711640,2.571428571,0.556341567,7.000000000,0.853174603,0.718253968,-0.055555556,0.865067446,9.285714286,1.543302942,0.540816327,0.530612245,0.196349541,0.444667829
group_001,4,illness,Benchmark,csv,dataset/illness/national_illness.csv,train,8,360,0,360,36,7,mean,train_split_standard,-0.399759068,-0.274446533,4.005919456,13.428571429,0.655398121,0.124007726,0.767346939,14.857142857,0.062676547,5.857142857,0.365625468,6.000000000,0.386224490,-0.452380952,0.170634921,0.822712208,8.857142857,1.647710098,0.428571429,0.469387755,0.266474377,0.639673317
group_001,4,illness,Benchmark,csv,dataset/illness/national_illness.csv,train,9,98,0,98,36,7,mean,train_split_standard,-0.283863779,-0.206156481,4.834393769,17.428571429,0.611740620,0.087168341,0.751020408,16.285714286,0.057817460,5.285714286,0.498159951,6.857142857,0.487837559,0.384920635,-0.694444444,0.876174311,9.285714286,1.631728534,0.561224490,0.469387755,0.210374508,0.533534069
group_001,4,illness,Benchmark,csv,dataset/illness/national_illness.csv,train,10,430,0,430,36,7,mean,train_split_standard,-0.788325320,-0.891748495,6.960728619,23.000000000,0.862599993,0.005987044,0.718367347,15.000000000,0.119047619,0.571428571,0.962881320,9.714285714,0.360422910,-0.603174603,0.543650794,0.927093917,15.428571429,1.379810628,0.520408163,0.540816327,0.126224705,0.336736637
group_001,4,illness,Benchmark,csv,dataset/illness/national_illness.csv,train,11,471,0,471,36,7,mean,train_split_standard,-0.016097241,0.165691956,4.491713859,14.285714286,0.590855883,-0.047224934,0.893877551,15.571428571,0.077896825,2.714285714,0.478374139,7.285714286,0.376700680,-0.067460317,0.793650794,0.807705846,9.714285714,1.701648026,0.540816327,0.561224490,0.224399475,0.537799836
group_001,4,illness,Benchmark,csv,dataset/illness/national_illness.csv,train,12,513,0,513,36,7,mean,train_split_standard,-0.441090725,-0.526858112,5.320778760,15.428571429,0.696262792,0.115927748,0.783673469,16.857142857,0.074074074,0.714285714,0.477747172,7.000000000,0.377777778,0.269841270,-0.626984127,0.862658620,7.714285714,1.493368282,0.448979592,0.520408163,0.210374508,0.527839207
group_001,4,illness,Benchmark,csv,dataset/illness/national_illness.csv,train,13,147,0,147,36,7,mean,train_split_standard,-0.119361863,-0.749331999,7.280047381,20.714285714,0.785563054,0.051394156,0.714285714,17.285714286,0.140211640,4.857142857,0.706684350,8.142857143,0.202747253,0.567460317,-0.662698413,0.890330833,4.714285714,1.545792544,0.561224490,0.530612245,0.126224705,0.392639678
group_001,4,illness,Benchmark,csv,dataset/illness/national_illness.csv,train,14,399,0,399,36,7,mean,train_split_standard,-0.205535914,-0.504981642,6.225441819,18.142857143,0.706023729,0.069486796,0.767346939,11.714285714,0.150793651,2.857142857,0.539699820,6.000000000,0.215284715,0.761904762,-0.400793651,0.808004221,5.000000000,1.504562259,0.551020408,0.500000000,0.196349541,0.414325454
group_001,4,illness,Benchmark,csv,dataset/illness/national_illness.csv,train,15,431,0,431,36,7,mean,train_split_standard,-0.744425987,-0.848909333,6.826874028,23.285714286,0.853845199,-0.003054574,0.710204082,14.571428571,0.113756614,1.428571429,1.080610676,9.285714286,0.356143856,-0.646825397,0.515873016,0.933219021,15.428571429,1.403242148,0.479591837,0.489795918,0.154274639,0.322742809
group_001,4,illness,Benchmark,csv,dataset/illness/national_illness.csv,train,16,535,0,535,36,7,mean,train_split_standard,-0.715469996,-0.829857827,6.932534873,23.714285714,0.902642665,0.010623276,0.702040816,14.857142857,0.166666667,1.857142857,1.197908370,6.142857143,0.489010989,-0.769841270,0.533730159,0.871469430,15.714285714,1.450260949,0.469387755,0.571428571,0.126224705,0.204811644
group_001,4,illness,Benchmark,csv,dataset/illness/national_illness.csv,train,17,343,0,343,36,7,mean,train_split_standard,-0.693063439,-0.857792392,5.063896601,14.571428571,0.562422289,0.047492829,0.771428571,12.714285714,0.073690476,4.714285714,0.469972790,7.285714286,0.358853845,0.503968254,-0.309523810,0.878241573,9.000000000,1.629433307,0.540816327,0.530612245,0.224399475,0.585138826
group_001,4,illness,Benchmark,csv,dataset/illness/national_illness.csv,train,18,540,0,540,36,7,mean,train_split_standard,-0.711823407,-0.835502208,5.627407891,20.714285714,0.714153499,0.083250715,0.771428571,11.428571429,0.074074074,0.000000000,1.023235302,11.857142857,0.955844156,-0.744047619,0.369047619,0.819745375,14.428571429,1.557255255,0.510204082,0.530612245,0.196349541,0.370900157
group_001,4,illness,Benchmark,csv,dataset/illness/national_illness.csv,train,19,476,0,476,36,7,mean,train_split_standard,0.149607805,0.368469313,6.045418811,18.000000000,0.776594176,-0.029052205,0.865306122,17.285714286,0.121693122,3.428571429,0.666167086,9.428571429,0.358513709,-0.228174603,0.769841270,0.854185166,11.142857143,1.623513546,0.571428571,0.530612245,0.182324574,0.418785333
group_001,4,illness,Benchmark,csv,dataset/illness/national_illness.csv,train,20,358,0,358,36,7,mean,train_split_standard,-0.272945903,-0.296853130,3.947194796,10.285714286,0.578496793,0.092499579,0.800000000,15.000000000,0.048488824,2.714285714,0.372379389,5.714285714,0.429931973,-0.341269841,0.071428571,0.842119289,8.714285714,1.663442336,0.520408163,0.479591837,0.266474377,0.635142030
group_001,5,traffic,Benchmark,csv,dataset/traffic/traffic.csv,train,1,4731,0,4731,96,862,mean,train_split_standard,-0.130002269,-0.272401191,3.568272511,11.924593968,0.385418662,-0.019647659,0.841555746,15.019721578,0.022949284,21.808584687,0.306496131,5.033642691,0.510361493,-0.122782531,0.065194799,0.826420175,11.941995360,1.655188217,0.632117998,0.413125621,0.283419856,0.703394363
group_001,5,traffic,Benchmark,csv,dataset/traffic/traffic.csv,train,2,2620,0,2620,96,862,mean,train_split_standard,-0.211891686,-0.333945829,2.902299801,10.988399072,0.387636596,-0.042676072,0.835010380,12.428074246,0.027839443,22.578886311,0.285585362,3.896751740,0.495310702,-0.023763776,0.053829515,0.778777442,10.901392111,1.694048914,0.577494200,0.282631753,0.337860158,0.795851249
group_001,5,traffic,Benchmark,csv,dataset/traffic/traffic.csv,train,3,3270,0,3270,96,862,mean,train_split_standard,-0.321960977,-0.406861504,2.893631183,10.495359629,0.352542975,-0.020132926,0.842434974,13.580046404,0.025872416,22.503480278,0.263194784,3.844547564,0.503152510,0.151090004,-0.036403954,0.775405093,11.444315545,1.705719920,0.468843222,0.382764335,0.342244994,0.818718740
group_001,5,traffic,Benchmark,csv,dataset/traffic/traffic.csv,train,4,6642,0,6642,96,862,mean,train_split_standard,-0.257928480,-0.407823602,2.852654703,10.131090487,0.380619698,-0.020300842,0.828819148,11.654292343,0.027279954,22.645011601,0.281222155,3.738979118,0.518508739,0.138455868,-0.105242169,0.775829025,10.525522042,1.695905786,0.568379185,0.258336095,0.355114773,0.815996450
group_001,5,traffic,Benchmark,csv,dataset/traffic/traffic.csv,train,5,7113,0,7113,96,862,mean,train_split_standard,-0.300686994,-0.437206627,3.017692932,10.306264501,0.357234907,-0.003551059,0.825705214,13.460556845,0.019136174,22.616009281,0.280535593,4.019721578,0.517793201,0.324064675,-0.064070959,0.792050168,11.534802784,1.679228560,0.558137222,0.428571429,0.339226860,0.779292400
group_001,5,traffic,Benchmark,csv,dataset/traffic/traffic.csv,train,6,1323,0,1323,96,862,mean,train_split_standard,-0.565111017,-0.728758966,3.820535393,12.221577726,0.405265681,-0.072822788,0.739406521,15.208816705,0.030729540,22.749419954,0.290395367,7.122969838,0.311424896,-0.282615526,0.531703161,0.813680658,11.320185615,1.675184907,0.546005966,0.492940007,0.280344777,0.717079009
group_001,5,traffic,Benchmark,csv,dataset/traffic/traffic.csv,train,7,10168,0,10168,96,862,mean,train_split_standard,-0.256033914,-0.393156747,2.954355728,10.271461717,0.373004838,-0.002393038,0.820405422,12.794663573,0.019760383,22.778422274,0.263065684,4.025522042,0.494015744,0.040566995,-0.089067334,0.779739624,10.592807425,1.707817192,0.588597945,0.323798475,0.342301940,0.816479771
group_001,5,traffic,Benchmark,csv,dataset/traffic/traffic.csv,train,8,11356,0,11356,96,862,mean,train_split_standard,-0.235152349,-0.329655149,2.916171914,10.808584687,0.373189711,-0.026470879,0.832128465,12.199535963,0.027236148,22.576566125,0.269544499,3.957076566,0.502359469,0.054760006,0.021171694,0.776699519,10.836426914,1.696483788,0.570500497,0.310473981,0.335411484,0.803607281
group_001,5,traffic,Benchmark,csv,dataset/traffic/traffic.csv,train,9,4144,0,4144,96,862,mean,train_split_standard,-0.164538906,-0.293823499,2.984969605,10.834106729,0.390802760,-0.027149358,0.842251801,12.618329466,0.029429624,22.843387471,0.299417687,3.986078886,0.524883112,0.037509667,-0.156195621,0.785811796,10.649651972,1.690533042,0.586940670,0.280709314,0.325673731,0.782849165
group_001,5,traffic,Benchmark,csv,dataset/traffic/traffic.csv,train,10,9509,0,9509,96,862,mean,train_split_standard,-0.322168315,-0.491080199,2.931511891,11.066125290,0.368716420,-0.041278501,0.800183173,12.754060325,0.023354861,22.670533643,0.248453558,4.124129930,0.449494583,-0.055025860,0.006434890,0.767791093,10.541763341,1.697323842,0.581836261,0.365064634,0.338315726,0.799756685
group_001,5,traffic,Benchmark,csv,dataset/traffic/traffic.csv,train,11,11581,0,11581,96,862,mean,train_split_standard,-0.312433952,-0.450786382,3.318372271,11.378190255,0.377404983,-0.034232539,0.842373916,14.163573086,0.025853022,23.122969838,0.294192957,4.509280742,0.536710783,-0.297092517,0.191566367,0.828411679,11.933874710,1.656876029,0.557772622,0.330096122,0.287918584,0.740247309
group_001,5,traffic,Benchmark,csv,dataset/traffic/traffic.csv,train,12,10415,0,10415,96,862,mean,train_split_standard,-0.432085330,-0.629122879,3.306609408,11.229698376,0.349618160,-0.030830155,0.850751007,14.657772622,0.015109449,22.747099768,0.262137226,4.589327146,0.474539115,-0.375712974,0.063321732,0.809844250,10.970997680,1.677985854,0.445939675,0.380046404,0.292929825,0.752356648
group_001,5,traffic,Benchmark,csv,dataset/traffic/traffic.csv,train,13,4141,0,4141,96,862,mean,train_split_standard,-0.155394899,-0.251869440,2.988833440,10.582366589,0.392693934,-0.025167426,0.844034681,12.722737819,0.022782359,22.858468677,0.296775520,3.872389791,0.520787275,-0.008845708,-0.100855568,0.798369962,10.820185615,1.689242088,0.552701359,0.275240305,0.331937782,0.795956879
group_001,5,traffic,Benchmark,csv,dataset/traffic/traffic.csv,train,14,4549,0,4549,96,862,mean,train_split_standard,-0.146145804,-0.311413279,3.414101064,10.813225058,0.379520889,-0.049496594,0.846464770,14.604408353,0.025182551,22.544083527,0.313900150,4.497679814,0.563340940,-0.191203838,0.126625338,0.842374860,11.994199536,1.647880995,0.456380510,0.346536294,0.300161958,0.712268488
group_001,5,traffic,Benchmark,csv,dataset/traffic/traffic.csv,train,15,7352,0,7352,96,862,mean,train_split_standard,-0.356379047,-0.509962496,2.908016789,10.618329466,0.366338563,-0.098236487,0.825485407,12.249419954,0.025892463,22.577726218,0.256096631,3.947795824,0.498427517,-0.097882831,0.150709348,0.769465264,11.002320186,1.685733764,0.537719589,0.322903547,0.352153585,0.798537555
group_001,5,traffic,Benchmark,csv,dataset/traffic/traffic.csv,train,16,3893,0,3893,96,862,mean,train_split_standard,-0.129485620,-0.339876510,3.722979998,11.974477958,0.406533272,-0.041372959,0.852362926,14.653132251,0.019863003,21.729698376,0.317755035,5.068445476,0.502143533,-0.180201083,0.058451759,0.845000645,11.636890951,1.642061693,0.558137222,0.325058005,0.272827915,0.685439324
group_001,5,traffic,Benchmark,csv,dataset/traffic/traffic.csv,train,17,7919,0,7919,96,862,mean,train_split_standard,-0.374104423,-0.480290468,3.566596577,11.993039443,0.366146413,-0.032002082,0.847234095,14.981438515,0.021097631,21.578886311,0.296845754,5.131090487,0.491383407,0.517866638,-0.074409078,0.820028048,11.606728538,1.643429782,0.492177660,0.367915147,0.282337884,0.717340659
group_001,5,traffic,Benchmark,csv,dataset/traffic/traffic.csv,train,18,42,0,42,96,862,mean,train_split_standard,-0.501305168,-0.716222553,3.802883652,11.529002320,0.383621960,0.014612522,0.750909757,15.067285383,0.033086280,21.917633411,0.312425123,6.845707657,0.375939371,0.574040507,-0.237039588,0.804766940,10.969837587,1.622423735,0.528538283,0.508352668,0.281939262,0.680000711
group_001,5,traffic,Benchmark,csv,dataset/traffic/traffic.csv,train,19,8058,0,8058,96,862,mean,train_split_standard,-0.371528615,-0.543204192,3.502355112,11.982598608,0.377616643,-0.143114695,0.832079619,14.575406032,0.023190235,23.025522042,0.261672219,4.965197216,0.519786678,-0.333961717,0.119900425,0.815972080,11.479118329,1.663241106,0.556380510,0.319754723,0.277440535,0.715652968
group_001,5,traffic,Benchmark,csv,dataset/traffic/traffic.csv,train,20,2362,0,2362,96,862,mean,train_split_standard,-0.189929278,-0.394774018,3.461624843,11.015081206,0.384043327,-0.018558097,0.849371108,14.831786543,0.016259276,22.817865429,0.314052795,4.530162413,0.543591313,-0.113924739,0.199203645,0.840677849,11.997679814,1.651257436,0.512794166,0.282896917,0.297371607,0.714816357
group_001,6,weather,Benchmark,csv,dataset/weather/weather.csv,train,1,31121,0,31121,96,21,mean,train_split_standard,-0.060713763,-0.001423813,18.909373576,45.000000000,0.751625575,-0.023650848,0.619047619,41.571428571,0.118159585,1.523809524,1.467888805,25.714285714,0.151434275,0.088789683,-0.075148810,0.776228751,8.857142857,1.361386250,0.654421769,0.606802721,0.119212221,0.326062924
group_001,6,weather,Benchmark,csv,dataset/weather/weather.csv,train,2,5831,0,5831,96,21,mean,train_split_standard,0.060076222,-0.010022557,6.489328524,12.428571429,0.483866705,0.273781082,0.699248120,22.904761905,0.050900664,17.333333333,0.432045027,7.190476190,0.288949645,-0.325396825,-0.082341270,0.803368996,10.238095238,1.442921827,0.549659864,0.585034014,0.271149366,0.618784278
group_001,6,weather,Benchmark,csv,dataset/weather/weather.csv,train,3,21975,0,21975,96,21,mean,train_split_standard,-0.274360326,-0.098126846,19.592410021,54.142857143,0.758817814,-0.014002307,0.554385965,39.333333333,0.074259514,9.857142857,1.705819738,28.142857143,0.540910821,-0.127976190,-0.072172619,0.829095460,16.047619048,1.287718377,0.699319728,0.617687075,0.109862243,0.248135197
group_001,6,weather,Benchmark,csv,dataset/weather/weather.csv,train,4,31312,0,31312,96,21,mean,train_split_standard,-0.110466064,0.140935393,20.009178886,48.857142857,0.853512113,-0.061601307,0.548370927,42.714285714,0.125852461,3.000000000,2.279037010,31.952380952,0.348865207,-0.063988095,0.100198413,0.858722448,15.428571429,1.237338097,0.725170068,0.556462585,0.133237188,0.252055503
group_001,6,weather,Benchmark,csv,dataset/weather/weather.csv,train,5,21085,0,21085,96,21,mean,train_split_standard,-0.328147593,-0.363235177,17.473579931,36.142857143,0.646545633,0.029200269,0.656140351,36.809523810,0.068328460,7.333333333,1.045495312,16.428571429,0.367023566,-0.039434524,0.320436508,0.779278562,14.190476190,1.445906133,0.721088435,0.517006803,0.114537232,0.367162367
group_001,6,weather,Benchmark,csv,dataset/weather/weather.csv,train,6,14085,0,14085,96,21,mean,train_split_standard,-0.372602753,-0.476024162,14.807117242,51.142857143,0.668181679,0.021195529,0.516290727,38.571428571,0.092017544,3.857142857,1.003186165,16.476190476,0.607313028,0.246279762,0.061755952,0.808534071,12.142857143,1.221448810,0.432653061,0.658503401,0.123887210,0.310972910
group_001,6,weather,Benchmark,csv,dataset/weather/weather.csv,train,7,27054,0,27054,96,21,mean,train_split_standard,-0.201333790,-0.235961411,21.132229600,40.238095238,0.724593052,0.010757065,0.556892231,44.952380952,0.127691388,6.238095238,1.200489595,18.000000000,0.141419076,0.264880952,0.035466270,0.801123765,7.476190476,1.335146731,0.719727891,0.605442177,0.063112352,0.290172175
group_001,6,weather,Benchmark,csv,dataset/weather/weather.csv,train,8,20992,0,20992,96,21,mean,train_split_standard,-0.458378512,-0.567417305,16.692624336,48.190476190,0.702566264,0.047044232,0.617543860,35.142857143,0.079502924,6.904761905,1.305788189,22.000000000,0.520309622,0.292410714,-0.174851190,0.797771196,9.761904762,1.326825208,0.697959184,0.647619048,0.095837276,0.276623939
group_001,6,weather,Benchmark,csv,dataset/weather/weather.csv,train,9,33380,0,33380,96,21,mean,train_split_standard,-0.478141827,-0.338813639,17.744407572,44.666666667,0.702308040,0.037273266,0.613032581,37.428571429,0.079067128,5.190476190,1.624570588,20.428571429,0.485011128,0.537946429,-0.237847222,0.830371096,9.190476190,1.314410470,0.715646259,0.495238095,0.105187254,0.247414729
group_001,6,weather,Benchmark,csv,dataset/weather/weather.csv,train,10,32702,0,32702,96,21,mean,train_split_standard,-0.444136164,-0.463019112,11.855250398,30.142857143,0.696719109,0.049722050,0.649624060,29.952380952,0.068726384,2.904761905,1.094962456,16.523809524,0.344856004,0.243303571,-0.163442460,0.902065632,10.000000000,1.438718571,0.678911565,0.617687075,0.142587167,0.372582310
group_001,6,weather,Benchmark,csv,dataset/weather/weather.csv,train,11,35890,0,35890,96,21,mean,train_split_standard,-0.204391269,-0.258239229,14.449359934,34.285714286,0.675550341,0.009504791,0.673684211,33.904761905,0.081461655,7.285714286,1.114645645,17.000000000,0.591491401,-0.235367063,0.094990079,0.815686120,11.666666667,1.398237878,0.673469388,0.668027211,0.189337057,0.369263541
group_001,6,weather,Benchmark,csv,dataset/weather/weather.csv,train,12,18186,0,18186,96,21,mean,train_split_standard,-0.032535860,-0.175380835,15.816917063,34.666666667,0.641168672,0.022061295,0.677192982,40.714285714,0.073096233,3.047619048,0.956141655,17.380952381,0.450773023,-0.142361111,-0.167658730,0.795542724,15.476190476,1.335743359,0.601360544,0.613605442,0.109862243,0.354540923
group_001,6,weather,Benchmark,csv,dataset/weather/weather.csv,train,13,6570,0,6570,96,21,mean,train_split_standard,0.150914527,0.101638611,12.458822747,43.666666667,0.599508553,0.063296185,0.643609023,30.428571429,0.112128210,17.523809524,1.135336725,14.761904762,0.330114833,-0.181299603,0.104166667,0.833974497,10.714285714,1.228931105,0.661224490,0.544217687,0.203362024,0.377448010
group_001,6,weather,Benchmark,csv,dataset/weather/weather.csv,train,14,8365,0,8365,96,21,mean,train_split_standard,-0.145940994,-0.281877342,16.215173009,37.000000000,0.769308391,-0.002171786,0.615037594,43.142857143,0.119735282,5.523809524,1.746492273,24.380952381,0.206266605,0.027529762,-0.018105159,0.905960139,7.761904762,1.337602731,0.711564626,0.571428571,0.102849759,0.337594569
group_001,6,weather,Benchmark,csv,dataset/weather/weather.csv,train,15,33179,0,33179,96,21,mean,train_split_standard,0.151864559,-0.028261593,15.635716267,32.333333333,0.661960428,-0.021510879,0.603007519,36.476190476,0.122202428,2.285714286,1.354816891,20.857142857,0.283348023,-0.165178571,0.164186508,0.794546004,12.238095238,1.395872219,0.714285714,0.504761905,0.196349541,0.424625801
group_001,6,weather,Benchmark,csv,dataset/weather/weather.csv,train,16,838,0,838,96,21,mean,train_split_standard,-0.177074180,-0.290378256,11.496613764,49.761904762,0.580179531,0.215666052,0.658145363,25.095238095,0.146287777,14.857142857,1.217766142,16.190476190,0.299198643,0.537202381,-0.151289683,0.837034888,8.000000000,1.307507601,0.700680272,0.613605442,0.156612134,0.385711395
group_001,6,weather,Benchmark,csv,dataset/weather/weather.csv,train,17,27491,0,27491,96,21,mean,train_split_standard,-0.323590381,-0.348010484,21.682838551,46.238095238,0.756063338,0.013838904,0.471177945,47.619047619,0.089668616,7.571428571,1.362037836,29.571428571,0.256633867,0.094494048,-0.032242063,0.860676027,11.142857143,1.272586967,0.753741497,0.527891156,0.046749891,0.235027319
group_001,6,weather,Benchmark,csv,dataset/weather/weather.csv,train,18,18143,0,18143,96,21,mean,train_split_standard,-0.705880939,-0.767122948,21.754677186,40.523809524,0.865169107,0.021904406,0.581954887,42.857142857,0.127071150,2.428571429,1.820224666,25.142857143,0.265103690,0.395833333,-0.239335317,0.837714495,9.333333333,1.315757307,0.734693878,0.544217687,0.063112352,0.252372851
group_001,6,weather,Benchmark,csv,dataset/weather/weather.csv,train,19,5170,0,5170,96,21,mean,train_split_standard,-0.516152244,-0.529981814,21.068381604,52.809523810,0.792635838,0.008974087,0.482205514,41.333333333,0.137423356,9.238095238,1.385528653,31.761904762,0.155680993,0.365575397,-0.145337302,0.841085782,6.761904762,1.261137858,0.717006803,0.619047619,0.070124836,0.230209150
group_001,6,weather,Benchmark,csv,dataset/weather/weather.csv,train,20,15426,0,15426,96,21,mean,train_split_standard,0.052305814,-0.124603918,22.468924456,52.380952381,0.864540342,0.021434402,0.550375940,52.952380952,0.113182261,4.523809524,2.291360264,30.761904762,0.315509507,0.147321429,-0.308283730,0.851407546,12.619047619,1.278454644,0.733333333,0.610884354,0.077137320,0.189352356
group_001,7,Monash__anonymous_public_load_power_data_per_unit,Monash,rds,dataset/Monash_Dataset/anonymous_public_load_power_data_per_unit/*.rds,train,1,8707254,25,312913,96,1,mean,train_split_standard,-0.390293222,0.076548179,0.851687546,8.000000000,0.021222590,-5.157144237,0.421052632,21.000000000,0.046296296,4.000000000,0.021815674,3.000000000,0.071428571,-0.354166667,0.739583333,0.377035124,8.000000000,1.846034068,0.171428571,0.514285714,1.079922475,1.055599514
group_001,7,Monash__anonymous_public_load_power_data_per_unit,Monash,rds,dataset/Monash_Dataset/anonymous_public_load_power_data_per_unit/*.rds,train,2,84527926,230,321352,96,1,mean,train_split_standard,-0.910190121,1.043086277,7.029050130,23.000000000,0.489750871,-0.010845550,0.547368421,24.000000000,0.006802721,0.000000000,0.363821999,11.000000000,0.333333333,0.395833333,0.010416667,0.919187614,5.000000000,1.807929993,0.571428571,0.571428571,0.147262156,0.474347996
group_001,7,Monash__anonymous_public_load_power_data_per_unit,Monash,rds,dataset/Monash_Dataset/anonymous_public_load_power_data_per_unit/*.rds,train,3,9444697,28,109971,96,1,mean,train_split_standard,-0.184788335,0.192914742,1.282070487,3.000000000,0.145992219,1.653346896,0.347368421,28.000000000,0.039686132,6.000000000,0.022391485,1.000000000,1.000000000,0.625000000,0.583333333,0.194658346,6.000000000,1.804587982,0.771428571,0.171428571,0.883572934,1.289149106
group_001,7,Monash__anonymous_public_load_power_data_per_unit,Monash,rds,dataset/Monash_Dataset/anonymous_public_load_power_data_per_unit/*.rds,train,4,50146958,139,221378,96,1,mean,train_split_standard,-0.184924153,-0.463045159,0.557925002,1.000000000,0.204771991,-0.169492112,0.957894737,10.000000000,0.010378578,4.000000000,0.068787424,3.000000000,1.000000000,-0.291666667,0.187500000,0.272354293,3.000000000,2.091221130,0.828571429,0.714285714,2.356194490,1.000612203
group_001,7,Monash__anonymous_public_load_power_data_per_unit,Monash,rds,dataset/Monash_Dataset/anonymous_public_load_power_data_per_unit/*.rds,train,5,9278296,27,41327,96,1,mean,train_split_standard,-0.723848146,-0.502543089,0.736803934,2.000000000,0.071944661,0.320454526,0.957894737,7.000000000,0.002867059,3.000000000,0.065503853,2.000000000,0.500000000,0.093750000,0.109375000,0.225394592,5.000000000,2.164015538,0.800000000,0.171428571,1.423534171,1.177423541
group_001,7,Monash__anonymous_public_load_power_data_per_unit,Monash,rds,dataset/Monash_Dataset/anonymous_public_load_power_data_per_unit/*.rds,train,6,48011174,133,391920,96,1,mean,train_split_standard,-0.170306546,-0.439242476,2.798662817,3.000000000,0.135918140,-0.559660340,0.400000000,20.000000000,0.013333333,3.000000000,0.061962239,2.000000000,0.111111111,-0.067708333,-0.432291667,0.690998741,5.000000000,1.646554140,0.685714286,0.742857143,0.294524311,0.852391184
group_001,7,Monash__anonymous_public_load_power_data_per_unit,Monash,rds,dataset/Monash_Dataset/anonymous_public_load_power_data_per_unit/*.rds,train,7,96021467,262,126466,96,1,mean,train_split_standard,-0.473433244,-0.605528500,6.593955925,23.000000000,0.479490303,-0.086375362,0.536842105,18.000000000,0.005208333,0.000000000,0.269813867,10.000000000,0.181818182,-0.010416667,0.083333333,0.916719402,7.000000000,1.726639193,0.742857143,0.742857143,0.147262156,0.526814569
group_001,7,Monash__anonymous_public_load_power_data_per_unit,Monash,rds,dataset/Monash_Dataset/anonymous_public_load_power_data_per_unit/*.rds,train,8,27479002,80,103957,96,1,mean,train_split_standard,0.981009990,0.835962060,4.954198162,15.000000000,0.595319574,-0.027215241,0.873684211,17.000000000,0.013774105,29.000000000,0.374974998,6.000000000,1.000000000,-0.114583333,0.140625000,0.907942989,5.000000000,1.721247817,0.742857143,0.342857143,0.196349541,0.578184105
group_001,7,Monash__anonymous_public_load_power_data_per_unit,Monash,rds,dataset/Monash_Dataset/anonymous_public_load_power_data_per_unit/*.rds,train,9,51087425,141,390144,96,1,mean,train_split_standard,-0.492969645,-0.710787979,4.001537645,6.000000000,0.673436114,0.140384898,0.515789474,20.000000000,0.062500000,14.000000000,0.225042361,5.000000000,0.095238095,-0.458333333,0.187500000,0.819998272,10.000000000,1.436720935,0.600000000,0.571428571,0.147262156,0.699189750
group_001,7,Monash__anonymous_public_load_power_data_per_unit,Monash,rds,dataset/Monash_Dataset/anonymous_public_load_power_data_per_unit/*.rds,train,10,42542862,120,45298,96,1,mean,train_split_standard,-0.399833467,-0.595450766,2.789502389,6.000000000,0.256454327,-0.393282502,0.547368421,16.000000000,0.020833333,26.000000000,0.125699047,5.000000000,0.181818182,-0.458333333,0.208333333,0.658174673,6.000000000,1.913326617,0.485714286,0.742857143,0.343611696,0.863457041
group_001,7,Monash__anonymous_public_load_power_data_per_unit,Monash,rds,dataset/Monash_Dataset/anonymous_public_load_power_data_per_unit/*.rds,train,11,93585869,256,12385,96,1,mean,train_split_standard,0.753627010,0.550132889,8.412884854,22.000000000,0.577138587,-0.001929405,0.684210526,44.000000000,0.040000000,27.000000000,0.109495731,18.000000000,0.052631579,0.291666667,-0.854166667,0.817178436,5.000000000,1.717005044,0.771428571,0.628571429,0.147262156,0.525937302
group_001,7,Monash__anonymous_public_load_power_data_per_unit,Monash,rds,dataset/Monash_Dataset/anonymous_public_load_power_data_per_unit/*.rds,train,12,62684678,172,216967,96,1,mean,train_split_standard,0.511818501,0.102304830,1.573491523,3.000000000,0.272527248,0.060242276,0.473684211,12.000000000,0.005208333,14.000000000,0.062195120,2.000000000,0.181818182,-0.906250000,-0.145833333,0.486216310,7.000000000,1.739788141,0.371428571,0.828571429,0.638136008,1.054186508
group_001,7,Monash__anonymous_public_load_power_data_per_unit,Monash,rds,dataset/Monash_Dataset/anonymous_public_load_power_data_per_unit/*.rds,train,13,9255638,27,18669,96,1,mean,train_split_standard,-0.625141561,-0.385789674,2.656446001,6.000000000,0.359899821,0.034412132,0.715789474,11.000000000,0.027700831,14.000000000,0.120382445,4.000000000,0.400000000,-0.156250000,-0.281250000,0.714878418,8.000000000,1.767430505,0.171428571,0.600000000,0.441786467,0.867502011
group_001,7,Monash__anonymous_public_load_power_data_per_unit,Monash,rds,dataset/Monash_Dataset/anonymous_public_load_power_data_per_unit/*.rds,train,14,27535454,80,160409,96,1,mean,train_split_standard,-0.150375276,0.081975057,4.620931714,9.000000000,0.537361354,0.231100892,0.736842105,14.000000000,0.013333333,14.000000000,0.114450649,8.000000000,0.111111111,-0.812500000,0.822916667,0.865631701,9.000000000,1.840963246,0.171428571,0.600000000,0.196349541,0.638402579
group_001,7,Monash__anonymous_public_load_power_data_per_unit,Monash,rds,dataset/Monash_Dataset/anonymous_public_load_power_data_per_unit/*.rds,train,15,1107231,4,131338,96,1,mean,train_split_standard,-0.402448201,-0.565934600,2.647826997,6.000000000,0.211176030,0.011412033,0.768421053,7.000000000,0.007386888,27.000000000,0.120014116,3.000000000,0.400000000,0.156250000,-0.041666667,0.692000797,4.000000000,2.080746659,0.742857143,0.600000000,0.441786467,0.834322610
group_001,7,Monash__anonymous_public_load_power_data_per_unit,Monash,rds,dataset/Monash_Dataset/anonymous_public_load_power_data_per_unit/*.rds,train,16,19931814,61,106942,96,1,mean,train_split_standard,-0.885492609,-1.029033459,18.421942468,5.000000000,0.578377869,-0.064985629,0.473684211,23.000000000,0.166666667,5.000000000,0.306431247,2.000000000,0.028571429,-0.677083333,0.552083333,0.901047170,7.000000000,1.659250596,0.800000000,0.657142857,0.049087385,0.391384216
group_001,7,Monash__anonymous_public_load_power_data_per_unit,Monash,rds,dataset/Monash_Dataset/anonymous_public_load_power_data_per_unit/*.rds,train,17,67702557,186,256945,96,1,mean,train_split_standard,-0.718455873,-0.313248299,1.477384672,3.000000000,0.144914070,0.429528688,0.621052632,22.000000000,0.017343045,17.000000000,0.034352230,1.000000000,0.666666667,0.770833333,0.854166667,0.435104543,8.000000000,1.713822890,0.800000000,0.828571429,0.736310778,1.117706756
group_001,7,Monash__anonymous_public_load_power_data_per_unit,Monash,rds,dataset/Monash_Dataset/anonymous_public_load_power_data_per_unit/*.rds,train,18,96651572,263,325362,96,1,mean,train_split_standard,-0.318296154,-0.104217385,4.383947980,11.000000000,0.583584468,0.100557078,0.852631579,21.000000000,0.052083333,0.000000000,0.343982092,9.000000000,0.181818182,-0.020833333,0.468750000,0.871705557,6.000000000,1.707997244,0.828571429,0.600000000,0.147262156,0.645522882
group_001,7,Monash__anonymous_public_load_power_data_per_unit,Monash,rds,dataset/Monash_Dataset/anonymous_public_load_power_data_per_unit/*.rds,train,19,35817337,103,43271,96,1,mean,train_split_standard,-0.583701731,-0.391231454,8.608737107,23.000000000,0.527432519,-0.005831229,0.368421053,20.000000000,0.034013605,0.000000000,0.662334519,12.000000000,0.692307692,0.364583333,0.765625000,0.971352819,10.000000000,1.726393411,0.171428571,0.571428571,0.147262156,0.334023569
group_001,7,Monash__anonymous_public_load_power_data_per_unit,Monash,rds,dataset/Monash_Dataset/anonymous_public_load_power_data_per_unit/*.rds,train,20,56030574,154,163367,96,1,mean,train_split_standard,0.353799340,-1.325417086,10.696606993,38.000000000,0.715591991,0.209388706,0.621052632,27.000000000,0.080000000,23.000000000,0.203640186,6.000000000,0.052631579,0.604166667,-0.010416667,0.878373283,5.000000000,1.664723534,0.742857143,0.457142857,0.098174770,0.512441409
group_001,8,Monash__anonymous_public_pv_power_data_per_unit,Monash,rds,dataset/Monash_Dataset/anonymous_public_pv_power_data_per_unit/*.rds,train,1,30853043,88,6131,96,1,mean,train_split_standard,-0.781965820,-0.940037712,21.066641976,59.000000000,1.134078362,-0.000410490,0.400000000,43.000000000,0.166666667,28.000000000,3.263533815,7.000000000,0.142857143,-0.822916667,0.562500000,0.972483824,32.000000000,1.192184155,0.828571429,0.828571429,0.049087385,0.099849165
group_001,8,Monash__anonymous_public_pv_power_data_per_unit,Monash,rds,dataset/Monash_Dataset/anonymous_public_pv_power_data_per_unit/*.rds,train,2,381249,1,285653,96,1,mean,train_split_standard,,,0.000000000,0.000000000,,,,,,0.000000000,,,,,,,,,,,,
group_001,8,Monash__anonymous_public_pv_power_data_per_unit,Monash,rds,dataset/Monash_Dataset/anonymous_public_pv_power_data_per_unit/*.rds,train,3,57449723,158,181689,96,1,mean,train_split_standard,0.306475683,0.517185607,19.913492802,70.000000000,1.152936312,-0.004340829,0.473684211,50.000000000,0.166666667,0.000000000,0.400187732,12.000000000,0.027777778,-0.729166667,0.791666667,0.944800808,25.000000000,1.270595412,0.200000000,0.800000000,0.049087385,0.172769798
group_001,8,Monash__anonymous_public_pv_power_data_per_unit,Monash,rds,dataset/Monash_Dataset/anonymous_public_pv_power_data_per_unit/*.rds,train,4,58000702,159,301678,96,1,mean,train_split_standard,-0.114283392,-0.360684919,1.342071033,5.000000000,0.076893813,-1.109980573,0.536842105,7.000000000,0.024574669,9.000000000,0.106199598,2.000000000,0.250000000,-0.500000000,-0.041666667,0.446201961,3.000000000,1.787268271,0.171428571,0.771428571,0.687223393,1.050974886
group_001,8,Monash__anonymous_public_pv_power_data_per_unit,Monash,rds,dataset/Monash_Dataset/anonymous_public_pv_power_data_per_unit/*.rds,train,5,74019852,201,333622,96,1,mean,train_split_standard,-0.654949246,-0.782948692,20.220956724,58.000000000,0.977128429,0.000292051,0.378947368,37.000000000,0.111111111,0.000000000,3.774932112,40.000000000,0.500000000,0.666666667,-0.494791667,0.979899055,9.000000000,1.452062474,0.828571429,0.600000000,0.049087385,0.117363988
group_001,8,Monash__anonymous_public_pv_power_data_per_unit,Monash,rds,dataset/Monash_Dataset/anonymous_public_pv_power_data_per_unit/*.rds,train,6,20950173,62,58505,96,1,mean,train_split_standard,0.877733824,0.387835876,0.625468102,28.000000000,0.000114393,0.000000000,0.021052632,2.000000000,0.316084949,27.000000000,0.075697221,40.000000000,1.000000000,0.416666667,0.000000000,0.184624488,2.000000000,0.116700546,0.742857143,0.171428571,1.570796327,1.179535649
group_001,8,Monash__anonymous_public_pv_power_data_per_unit,Monash,rds,dataset/Monash_Dataset/anonymous_public_pv_power_data_per_unit/*.rds,train,7,20980054,62,88386,96,1,mean,train_split_standard,0.343496071,0.068696708,0.605843558,2.000000000,0.001891876,0.000000000,0.084210526,2.000000000,0.267885503,15.000000000,0.090080453,2.000000000,1.000000000,-0.260416667,0.010416667,0.151889924,2.000000000,0.347304668,0.742857143,0.600000000,1.619883712,1.050741039
group_001,8,Monash__anonymous_public_pv_power_data_per_unit,Monash,rds,dataset/Monash_Dataset/anonymous_public_pv_power_data_per_unit/*.rds,train,8,3326440,9,411546,96,1,mean,train_split_standard,0.303303740,0.111938204,10.787122356,32.000000000,0.877769805,0.005937873,0.463157895,27.000000000,0.062500000,0.000000000,0.720339793,26.000000000,0.181818182,0.166666667,-0.729166667,0.942147623,6.000000000,1.405901603,0.742857143,0.657142857,0.098174770,0.356722447
group_001,8,Monash__anonymous_public_pv_power_data_per_unit,Monash,rds,dataset/Monash_Dataset/anonymous_public_pv_power_data_per_unit/*.rds,train,9,28800464,81,178981,96,1,mean,train_split_standard,0.915971288,0.692521471,6.762157915,14.000000000,0.459021433,0.048347760,0.863157895,42.000000000,0.166666667,29.000000000,0.448951528,13.000000000,0.088235294,-0.322916667,0.854166667,0.914190503,9.000000000,1.607899248,0.828571429,0.600000000,0.098174770,0.528284166
group_001,8,Monash__anonymous_public_pv_power_data_per_unit,Monash,rds,dataset/Monash_Dataset/anonymous_public_pv_power_data_per_unit/*.rds,train,10,17063038,52,147690,96,1,mean,train_split_standard,-1.210203446,0.742161563,19.922639109,62.000000000,1.201047608,-0.000297291,0.368421053,45.000000000,0.166666667,0.000000000,2.340818662,14.000000000,0.027777778,-0.822916667,0.718750000,0.954830259,37.000000000,1.348655726,0.771428571,0.257142857,0.049087385,0.062033656
group_001,8,Monash__anonymous_public_pv_power_data_per_unit,Monash,rds,dataset/Monash_Dataset/anonymous_public_pv_power_data_per_unit/*.rds,train,11,33116051,93,216451,96,1,mean,train_split_standard,,,0.000000000,0.000000000,,,,,,0.000000000,,,,,,,,,,,,
group_001,8,Monash__anonymous_public_pv_power_data_per_unit,Monash,rds,dataset/Monash_Dataset/anonymous_public_pv_power_data_per_unit/*.rds,train,12,45806765,126,185732,96,1,mean,train_split_standard,-0.629224377,-0.848784463,14.231885211,69.000000000,0.874818046,0.014370182,0.347368421,41.000000000,0.166666667,19.000000000,0.668595635,4.000000000,0.055555556,0.895833333,-0.645833333,0.955371000,5.000000000,1.328204337,0.828571429,0.600000000,0.049087385,0.244989142
group_001,8,Monash__anonymous_public_pv_power_data_per_unit,Monash,rds,dataset/Monash_Dataset/anonymous_public_pv_power_data_per_unit/*.rds,train,13,58449859,161,14126,96,1,mean,train_split_standard,0.832174131,0.572006296,0.721657222,1.000000000,0.124878246,-0.178446523,0.947368421,11.000000000,0.009451796,7.000000000,0.059733654,3.000000000,0.250000000,0.062500000,0.041666667,0.286684997,4.000000000,2.097244019,0.828571429,0.771428571,1.325359401,1.106260148
group_001,8,Monash__anonymous_public_pv_power_data_per_unit,Monash,rds,dataset/Monash_Dataset/anonymous_public_pv_power_data_per_unit/*.rds,train,14,77356532,211,29941,96,1,mean,train_split_standard,0.122180841,-1.421635275,12.715192572,37.000000000,0.964608990,-0.000611608,0.694736842,49.000000000,0.062500000,0.000000000,1.472631896,17.000000000,0.450000000,0.125000000,0.770833333,0.953040653,16.000000000,1.411409478,0.771428571,0.828571429,0.098174770,0.232764998
group_001,8,Monash__anonymous_public_pv_power_data_per_unit,Monash,rds,dataset/Monash_Dataset/anonymous_public_pv_power_data_per_unit/*.rds,train,15,83488271,227,416980,96,1,mean,train_split_standard,,,0.000000000,0.000000000,,,,,,0.000000000,,,,,,,,,,,,
group_001,8,Monash__anonymous_public_pv_power_data_per_unit,Monash,rds,dataset/Monash_Dataset/anonymous_public_pv_power_data_per_unit/*.rds,train,16,13827700,43,53646,96,1,mean,train_split_standard,-1.004618827,-1.158176472,21.380743840,62.000000000,1.095708931,0.003543634,0.494736842,27.000000000,0.166666667,0.000000000,0.645171488,5.000000000,0.029411765,0.750000000,-0.635416667,0.950903503,5.000000000,1.328204337,0.828571429,0.600000000,0.049087385,0.188109225
group_001,8,Monash__anonymous_public_pv_power_data_per_unit,Monash,rds,dataset/Monash_Dataset/anonymous_public_pv_power_data_per_unit/*.rds,train,17,28096620,79,322916,96,1,mean,train_split_standard,0.877733824,0.387835876,0.625468102,39.000000000,0.000114393,0.000000000,0.021052632,2.000000000,0.316084949,0.000000000,0.075697221,40.000000000,1.000000000,0.187500000,0.000000000,0.184707330,2.000000000,0.116700546,0.771428571,0.685714286,1.570796327,1.179535649
group_001,8,Monash__anonymous_public_pv_power_data_per_unit,Monash,rds,dataset/Monash_Dataset/anonymous_public_pv_power_data_per_unit/*.rds,train,18,41787731,116,311812,96,1,mean,train_split_standard,,,0.000000000,0.000000000,,,,,,0.000000000,,,,,,,,,,,,
group_001,8,Monash__anonymous_public_pv_power_data_per_unit,Monash,rds,dataset/Monash_Dataset/anonymous_public_pv_power_data_per_unit/*.rds,train,19,38508062,108,60775,96,1,mean,train_split_standard,,,0.000000000,0.000000000,,,,,,0.000000000,,,,,,,,,,,,
group_001,8,Monash__anonymous_public_pv_power_data_per_unit,Monash,rds,dataset/Monash_Dataset/anonymous_public_pv_power_data_per_unit/*.rds,train,20,13292714,40,201478,96,1,mean,train_split_standard,0.035286892,-0.131618489,21.138852344,15.000000000,0.864003456,-0.022181127,0.810526316,29.000000000,0.166666667,18.000000000,0.543465343,10.000000000,0.060606061,0.750000000,-0.562500000,0.920433534,6.000000000,1.509803619,0.742857143,0.485714286,0.049087385,0.357426916
group_001,9,Monash__australian_electricity_demand_dataset,Monash,tsf,dataset/Monash_Dataset/australian_electricity_demand_dataset/australian_electricity_demand_dataset.tsf,train,1,384524,2,61876,96,1,mean,train_split_standard,0.461592103,0.290868945,5.176953404,13.000000000,0.578898289,0.017050456,0.842105263,33.000000000,0.063360882,23.000000000,1.064648741,7.000000000,0.750000000,0.000000000,0.010416667,0.945161849,20.000000000,1.506226797,0.571428571,0.800000000,0.245436926,0.451398684
group_001,9,Monash__australian_electricity_demand_dataset,Monash,tsf,dataset/Monash_Dataset/australian_electricity_demand_dataset/australian_electricity_demand_dataset.tsf,train,2,763978,4,117574,96,1,mean,train_split_standard,-0.673344343,-1.465232599,5.202404199,14.000000000,0.647239735,0.010202888,0.852631579,22.000000000,0.030303030,24.000000000,0.926643095,6.000000000,0.750000000,0.291666667,-0.197916667,0.975049657,18.000000000,1.504692818,0.200000000,0.542857143,0.245436926,0.483852702
group_001,9,Monash__australian_electricity_demand_dataset,Monash,tsf,dataset/Monash_Dataset/australian_electricity_demand_dataset/australian_electricity_demand_dataset.tsf,train,3,803065,4,156661,96,1,mean,train_split_standard,0.658924434,0.486360347,6.071111115,16.000000000,0.676749603,0.022929727,0.736842105,32.000000000,0.008230453,0.000000000,0.883057344,8.000000000,0.500000000,0.531250000,-0.541666667,0.947247030,15.000000000,1.523767753,0.771428571,0.571428571,0.147262156,0.455969952
group_001,9,Monash__australian_electricity_demand_dataset,Monash,tsf,dataset/Monash_Dataset/australian_electricity_demand_dataset/australian_electricity_demand_dataset.tsf,train,4,550962,3,65915,96,1,mean,train_split_standard,0.729289319,0.570512661,5.611463970,19.000000000,0.548206572,0.000120752,0.747368421,30.000000000,0.005208333,28.000000000,1.067219805,9.000000000,0.545454545,-0.187500000,0.010416667,0.913514176,9.000000000,1.598684014,0.200000000,0.800000000,0.147262156,0.434306175
group_001,9,Monash__australian_electricity_demand_dataset,Monash,tsf,dataset/Monash_Dataset/australian_electricity_demand_dataset/australian_electricity_demand_dataset.tsf,train,5,524062,3,39015,96,1,mean,train_split_standard,0.498799003,0.329422263,8.229867786,23.000000000,0.725269593,0.011889073,0.873684211,29.000000000,0.006802721,0.000000000,0.823586196,12.000000000,0.384615385,0.020833333,-0.145833333,0.968230232,11.000000000,1.576949379,0.800000000,0.600000000,0.147262156,0.396737874
group_001,9,Monash__australian_electricity_demand_dataset,Monash,tsf,dataset/Monash_Dataset/australian_electricity_demand_dataset/australian_electricity_demand_dataset.tsf,train,6,557286,3,72239,96,1,mean,train_split_standard,-0.021727846,-0.200208848,8.591373275,24.000000000,0.786616592,0.003172883,0.800000000,30.000000000,0.054421769,0.000000000,1.438299145,12.000000000,0.692307692,0.635416667,-0.312500000,0.976351291,12.000000000,1.462408412,0.714285714,0.571428571,0.147262156,0.341369417
group_001,9,Monash__australian_electricity_demand_dataset,Monash,tsf,dataset/Monash_Dataset/australian_electricity_demand_dataset/australian_electricity_demand_dataset.tsf,train,7,698601,4,52197,96,1,mean,train_split_standard,0.456110742,0.289818001,6.393630325,16.000000000,0.606302192,0.010292396,0.800000000,32.000000000,0.032921811,26.000000000,0.863210540,9.000000000,0.600000000,-0.145833333,0.567708333,0.959431718,16.000000000,1.436720935,0.742857143,0.628571429,0.147262156,0.409507361
group_001,9,Monash__australian_electricity_demand_dataset,Monash,tsf,dataset/Monash_Dataset/australian_electricity_demand_dataset/australian_electricity_demand_dataset.tsf,train,8,345274,2,22626,96,1,mean,train_split_standard,0.076718500,-0.086011273,9.877219599,31.000000000,0.901006205,0.000755568,0.789473684,30.000000000,0.040000000,0.000000000,1.493545330,17.000000000,0.470588235,-0.718750000,0.656250000,0.965444166,12.000000000,1.431213060,0.542857143,0.600000000,0.098174770,0.285886253
group_001,9,Monash__australian_electricity_demand_dataset,Monash,tsf,dataset/Monash_Dataset/australian_electricity_demand_dataset/australian_electricity_demand_dataset.tsf,train,9,139585,0,139585,96,1,mean,train_split_standard,0.596950303,0.410499868,7.855626041,25.000000000,0.834225995,0.003807525,0.715789474,30.000000000,0.054421769,29.000000000,1.394640584,11.000000000,0.666666667,-0.531250000,0.104166667,0.975971988,13.000000000,1.436720935,0.657142857,0.171428571,0.147262156,0.330133954
group_001,9,Monash__australian_electricity_demand_dataset,Monash,tsf,dataset/Monash_Dataset/australian_electricity_demand_dataset/australian_electricity_demand_dataset.tsf,train,10,806832,4,160428,96,1,mean,train_split_standard,-1.182335239,-1.359882312,8.868978279,31.000000000,0.837070417,0.002055094,0.736842105,31.000000000,0.046296296,0.000000000,1.358507157,15.000000000,0.533333333,-0.812500000,0.708333333,0.967681289,16.000000000,1.405901603,0.828571429,0.600000000,0.098174770,0.254346340
group_001,9,Monash__australian_electricity_demand_dataset,Monash,tsf,dataset/Monash_Dataset/australian_electricity_demand_dataset/australian_electricity_demand_dataset.tsf,train,11,106111,0,106111,96,1,mean,train_split_standard,0.918209471,1.074016502,7.599808453,21.000000000,0.828552591,0.004623903,0.705263158,29.000000000,0.036458333,0.000000000,1.530363320,10.000000000,0.727272727,0.010416667,-0.437500000,0.980982472,16.000000000,1.379851078,0.571428571,0.685714286,0.147262156,0.328068328
group_001,9,Monash__australian_electricity_demand_dataset,Monash,tsf,dataset/Monash_Dataset/australian_electricity_demand_dataset/australian_electricity_demand_dataset.tsf,train,12,474460,2,151812,96,1,mean,train_split_standard,0.314645613,0.477467064,6.267095017,16.000000000,0.683632948,0.014141012,0.768421053,32.000000000,0.024691358,24.000000000,1.122980539,8.000000000,0.600000000,0.041666667,-0.500000000,0.973469891,20.000000000,1.505487729,0.514285714,0.685714286,0.147262156,0.413490266
group_001,9,Monash__australian_electricity_demand_dataset,Monash,tsf,dataset/Monash_Dataset/australian_electricity_demand_dataset/australian_electricity_demand_dataset.tsf,train,13,546965,3,61918,96,1,mean,train_split_standard,0.622665875,0.807251909,6.603244501,28.000000000,0.699096491,0.005387754,0.821052632,31.000000000,0.036458333,0.000000000,1.295239930,9.000000000,0.545454545,-0.156250000,-0.260416667,0.975313791,11.000000000,1.534320165,0.828571429,0.600000000,0.147262156,0.417733696
group_001,9,Monash__australian_electricity_demand_dataset,Monash,tsf,dataset/Monash_Dataset/australian_electricity_demand_dataset/australian_electricity_demand_dataset.tsf,train,14,114610,0,114610,96,1,mean,train_split_standard,0.575437301,0.004458969,5.308610023,15.000000000,0.629480494,0.018606773,0.926315789,14.000000000,0.063360882,23.000000000,0.884473806,7.000000000,0.750000000,0.041666667,-0.062500000,0.973012663,21.000000000,1.534320165,0.485714286,0.257142857,0.245436926,0.463740219
group_001,9,Monash__australian_electricity_demand_dataset,Monash,tsf,dataset/Monash_Dataset/australian_electricity_demand_dataset/australian_electricity_demand_dataset.tsf,train,15,156078,0,156078,96,1,mean,train_split_standard,0.183442291,1.146145476,7.715757591,21.000000000,0.801359828,0.001205133,0.736842105,29.000000000,0.013605442,24.000000000,1.751579308,10.000000000,0.750000000,-0.197916667,0.427083333,0.958993607,18.000000000,1.379851078,0.828571429,0.485714286,0.147262156,0.308957784
group_001,9,Monash__australian_electricity_demand_dataset,Monash,tsf,dataset/Monash_Dataset/australian_electricity_demand_dataset/australian_electricity_demand_dataset.tsf,train,16,768013,4,121609,96,1,mean,train_split_standard,0.072040227,0.263426988,5.276252781,14.000000000,0.672646680,0.027944280,0.800000000,34.000000000,0.030000000,23.000000000,0.736013311,7.000000000,0.444444444,0.187500000,-0.343750000,0.941338027,14.000000000,1.451313507,0.657142857,0.800000000,0.245436926,0.516634931
group_001,9,Monash__australian_electricity_demand_dataset,Monash,tsf,dataset/Monash_Dataset/australian_electricity_demand_dataset/australian_electricity_demand_dataset.tsf,train,17,304821,1,143497,96,1,mean,train_split_standard,0.791508960,0.935128042,7.092026965,20.000000000,0.778003065,0.020201634,0.736842105,30.000000000,0.052083333,27.000000000,0.865264386,10.000000000,0.454545455,0.031250000,-0.291666667,0.946842125,8.000000000,1.462408412,0.657142857,0.742857143,0.147262156,0.415502701
group_001,9,Monash__australian_electricity_demand_dataset,Monash,tsf,dataset/Monash_Dataset/australian_electricity_demand_dataset/australian_electricity_demand_dataset.tsf,train,18,755829,4,109425,96,1,mean,train_split_standard,-0.392158762,-1.313877120,5.876120244,15.000000000,0.599445249,0.017675590,0.821052632,21.000000000,0.010000000,24.000000000,0.683373791,8.000000000,0.666666667,0.635416667,-0.427083333,0.969391795,17.000000000,1.523767753,0.514285714,0.171428571,0.147262156,0.442416694
group_001,9,Monash__australian_electricity_demand_dataset,Monash,tsf,dataset/Monash_Dataset/australian_electricity_demand_dataset/australian_electricity_demand_dataset.tsf,train,19,601399,3,116352,96,1,mean,train_split_standard,0.615122237,0.425754751,6.384288635,16.000000000,0.627562447,0.008615320,0.842105263,34.000000000,0.012345679,0.000000000,1.136362532,9.000000000,0.600000000,-0.104166667,-0.718750000,0.977060978,11.000000000,1.567677137,0.828571429,0.600000000,0.147262156,0.421260874
group_001,9,Monash__australian_electricity_demand_dataset,Monash,tsf,dataset/Monash_Dataset/australian_electricity_demand_dataset/australian_electricity_demand_dataset.tsf,train,20,762513,4,116109,96,1,mean,train_split_standard,-1.165286394,-1.325226778,5.860172734,13.000000000,0.678660105,0.007311014,0.842105263,31.000000000,0.010000000,20.000000000,0.921236478,8.000000000,0.666666667,-0.062500000,0.083333333,0.974712605,20.000000000,1.504692818,0.200000000,0.571428571,0.147262156,0.439711302
group_001,10,Monash__bitcoin_dataset_without_missing_values,Monash,tsf,dataset/Monash_Dataset/bitcoin_dataset_without_missing_values/bitcoin_dataset_without_missing_values.tsf,train,1,21273,7,1547,96,1,mean,train_split_standard,,,0.000000000,0.000000000,,,,,,0.000000000,,,,,,,,,,,,
group_001,10,Monash__bitcoin_dataset_without_missing_values,Monash,tsf,dataset/Monash_Dataset/bitcoin_dataset_without_missing_values/bitcoin_dataset_without_missing_values.tsf,train,2,9920,3,1271,96,1,mean,train_split_standard,0.223008758,0.350442333,9.726540886,30.000000000,0.313306111,-0.174268138,0.031578947,48.000000000,0.333333333,30.000000000,0.112354774,16.000000000,0.058823529,-0.177083333,0.822916667,0.886203234,2.000000000,0.000000000,0.800000000,0.828571429,0.098174770,0.448258054
group_001,10,Monash__bitcoin_dataset_without_missing_values,Monash,tsf,dataset/Monash_Dataset/bitcoin_dataset_without_missing_values/bitcoin_dataset_without_missing_values.tsf,train,3,27164,9,2192,96,1,mean,train_split_standard,,,0.000000000,0.000000000,,,,,,0.000000000,,,,,,,,,,,,
group_001,10,Monash__bitcoin_dataset_without_missing_values,Monash,tsf,dataset/Monash_Dataset/bitcoin_dataset_without_missing_values/bitcoin_dataset_without_missing_values.tsf,train,4,32084,11,1478,96,1,mean,train_split_standard,,,0.000000000,0.000000000,,,,,,0.000000000,,,,,,,,,,,,
group_001,10,Monash__bitcoin_dataset_without_missing_values,Monash,tsf,dataset/Monash_Dataset/bitcoin_dataset_without_missing_values/bitcoin_dataset_without_missing_values.tsf,train,5,13946,4,2674,96,1,mean,train_split_standard,,,0.000000000,0.000000000,,,,,,0.000000000,,,,,,,,,,,,
group_001,10,Monash__bitcoin_dataset_without_missing_values,Monash,tsf,dataset/Monash_Dataset/bitcoin_dataset_without_missing_values/bitcoin_dataset_without_missing_values.tsf,train,6,26011,9,1039,96,1,mean,train_split_standard,,,0.000000000,0.000000000,,,,,,0.000000000,,,,,,,,,,,,
group_001,10,Monash__bitcoin_dataset_without_missing_values,Monash,tsf,dataset/Monash_Dataset/bitcoin_dataset_without_missing_values/bitcoin_dataset_without_missing_values.tsf,train,7,25671,9,699,96,1,mean,train_split_standard,,,0.000000000,0.000000000,,,,,,0.000000000,,,,,,,,,,,,
group_001,10,Monash__bitcoin_dataset_without_missing_values,Monash,tsf,dataset/Monash_Dataset/bitcoin_dataset_without_missing_values/bitcoin_dataset_without_missing_values.tsf,train,8,25782,9,810,96,1,mean,train_split_standard,,,0.000000000,0.000000000,,,,,,0.000000000,,,,,,,,,,,,
group_001,10,Monash__bitcoin_dataset_without_missing_values,Monash,tsf,dataset/Monash_Dataset/bitcoin_dataset_without_missing_values/bitcoin_dataset_without_missing_values.tsf,train,9,43481,15,1215,96,1,mean,train_split_standard,,,0.000000000,0.000000000,,,,,,0.000000000,,,,,,,,,,,,
group_001,10,Monash__bitcoin_dataset_without_missing_values,Monash,tsf,dataset/Monash_Dataset/bitcoin_dataset_without_missing_values/bitcoin_dataset_without_missing_values.tsf,train,10,41676,14,2421,96,1,mean,train_split_standard,,,0.000000000,0.000000000,,,,,,0.000000000,,,,,,,,,,,,
group_001,10,Monash__bitcoin_dataset_without_missing_values,Monash,tsf,dataset/Monash_Dataset/bitcoin_dataset_without_missing_values/bitcoin_dataset_without_missing_values.tsf,train,11,43840,15,1574,96,1,mean,train_split_standard,,,0.000000000,0.000000000,,,,,,0.000000000,,,,,,,,,,,,
group_001,10,Monash__bitcoin_dataset_without_missing_values,Monash,tsf,dataset/Monash_Dataset/bitcoin_dataset_without_missing_values/bitcoin_dataset_without_missing_values.tsf,train,12,42167,14,2912,96,1,mean,train_split_standard,,,0.000000000,0.000000000,,,,,,0.000000000,,,,,,,,,,,,
group_001,10,Monash__bitcoin_dataset_without_missing_values,Monash,tsf,dataset/Monash_Dataset/bitcoin_dataset_without_missing_values/bitcoin_dataset_without_missing_values.tsf,train,13,38000,13,1756,96,1,mean,train_split_standard,-0.894335132,-1.070648509,20.537292064,67.000000000,0.942873053,0.004490296,0.705263158,35.000000000,0.166666667,0.000000000,1.155586161,1.000000000,0.029411765,0.822916667,-0.604166667,0.939130862,4.000000000,1.348655726,0.771428571,0.600000000,0.049087385,0.152636863
group_001,10,Monash__bitcoin_dataset_without_missing_values,Monash,tsf,dataset/Monash_Dataset/bitcoin_dataset_without_missing_values/bitcoin_dataset_without_missing_values.tsf,train,14,41652,14,2397,96,1,mean,train_split_standard,,,0.000000000,0.000000000,,,,,,0.000000000,,,,,,,,,,,,
group_001,10,Monash__bitcoin_dataset_without_missing_values,Monash,tsf,dataset/Monash_Dataset/bitcoin_dataset_without_missing_values/bitcoin_dataset_without_missing_values.tsf,train,15,16385,5,2102,96,1,mean,train_split_standard,,,0.000000000,0.000000000,,,,,,0.000000000,,,,,,,,,,,,
group_001,10,Monash__bitcoin_dataset_without_missing_values,Monash,tsf,dataset/Monash_Dataset/bitcoin_dataset_without_missing_values/bitcoin_dataset_without_missing_values.tsf,train,16,8761,3,112,96,1,mean,train_split_standard,,,0.000000000,0.000000000,,,,,,0.000000000,,,,,,,,,,,,
group_001,10,Monash__bitcoin_dataset_without_missing_values,Monash,tsf,dataset/Monash_Dataset/bitcoin_dataset_without_missing_values/bitcoin_dataset_without_missing_values.tsf,train,17,26867,9,1895,96,1,mean,train_split_standard,,,0.000000000,0.000000000,,,,,,0.000000000,,,,,,,,,,,,
group_001,10,Monash__bitcoin_dataset_without_missing_values,Monash,tsf,dataset/Monash_Dataset/bitcoin_dataset_without_missing_values/bitcoin_dataset_without_missing_values.tsf,train,18,36484,13,240,96,1,mean,train_split_standard,,,0.000000000,0.000000000,,,,,,0.000000000,,,,,,,,,,,,
group_001,10,Monash__bitcoin_dataset_without_missing_values,Monash,tsf,dataset/Monash_Dataset/bitcoin_dataset_without_missing_values/bitcoin_dataset_without_missing_values.tsf,train,19,19493,6,2201,96,1,mean,train_split_standard,,,0.000000000,0.000000000,,,,,,0.000000000,,,,,,,,,,,,
group_001,10,Monash__bitcoin_dataset_without_missing_values,Monash,tsf,dataset/Monash_Dataset/bitcoin_dataset_without_missing_values/bitcoin_dataset_without_missing_values.tsf,train,20,14269,4,2997,96,1,mean,train_split_standard,,,0.000000000,0.000000000,,,,,,0.000000000,,,,,,,,,,,,
group_001,11,Monash__elecdemand_dataset,Monash,tsf,dataset/Monash_Dataset/elecdemand_dataset/elecdemand_dataset.tsf,train,1,489,0,489,96,1,mean,train_split_standard,1.149779757,0.645586948,8.205898134,24.000000000,0.672600066,-0.005913508,0.831578947,30.000000000,0.074074074,0.000000000,1.173589998,12.000000000,0.571428571,-0.416666667,0.072916667,0.946676298,9.000000000,1.462771460,0.685714286,0.800000000,0.147262156,0.379598757
group_001,11,Monash__elecdemand_dataset,Monash,tsf,dataset/Monash_Dataset/elecdemand_dataset/elecdemand_dataset.tsf,train,2,11717,0,11717,96,1,mean,train_split_standard,0.612176101,0.428092175,4.897904661,13.000000000,0.591727782,0.014046848,0.873684211,32.000000000,0.063360882,23.000000000,0.916850253,6.000000000,0.625000000,0.229166667,0.000000000,0.943829985,10.000000000,1.556430820,0.542857143,0.800000000,0.245436926,0.475658118
group_001,11,Monash__elecdemand_dataset,Monash,tsf,dataset/Monash_Dataset/elecdemand_dataset/elecdemand_dataset.tsf,train,3,8529,0,8529,96,1,mean,train_split_standard,0.203019205,0.394815326,6.704584857,20.000000000,0.715343647,0.002337669,0.831578947,29.000000000,0.036458333,23.000000000,1.291509496,9.000000000,0.545454545,-0.833333333,0.406250000,0.961975074,11.000000000,1.542452735,0.828571429,0.514285714,0.147262156,0.377593734
group_001,11,Monash__elecdemand_dataset,Monash,tsf,dataset/Monash_Dataset/elecdemand_dataset/elecdemand_dataset.tsf,train,4,5941,0,5941,96,1,mean,train_split_standard,0.522789071,0.704792231,6.635429137,25.000000000,0.638693388,0.009978655,0.800000000,31.000000000,0.052083333,0.000000000,1.113735742,9.000000000,0.545454545,0.031250000,-0.531250000,0.957990620,10.000000000,1.556054800,0.200000000,0.685714286,0.147262156,0.407444466
group_001,11,Monash__elecdemand_dataset,Monash,tsf,dataset/Monash_Dataset/elecdemand_dataset/elecdemand_dataset.tsf,train,5,5871,0,5871,96,1,mean,train_split_standard,0.107993077,-0.098351430,6.280348488,21.000000000,0.619732012,0.013096278,0.884210526,24.000000000,0.036458333,0.000000000,0.821414390,9.000000000,0.545454545,0.437500000,-0.020833333,0.950618206,11.000000000,1.630009903,0.628571429,0.714285714,0.147262156,0.473094311
group_001,11,Monash__elecdemand_dataset,Monash,tsf,dataset/Monash_Dataset/elecdemand_dataset/elecdemand_dataset.tsf,train,6,8579,0,8579,96,1,mean,train_split_standard,-0.061782837,1.144319251,7.564007359,21.000000000,0.804918457,0.005498885,0.810526316,21.000000000,0.013605442,27.000000000,1.200088936,11.000000000,0.538461538,0.687500000,-0.427083333,0.958487075,11.000000000,1.462771460,0.742857143,0.171428571,0.147262156,0.356337086
group_001,11,Monash__elecdemand_dataset,Monash,tsf,dataset/Monash_Dataset/elecdemand_dataset/elecdemand_dataset.tsf,train,7,6436,0,6436,96,1,mean,train_split_standard,0.533395994,0.715229043,5.586607822,28.000000000,0.618788527,0.013498805,0.757894737,31.000000000,0.013333333,0.000000000,0.955758372,8.000000000,0.555555556,-0.281250000,0.020833333,0.941862324,11.000000000,1.598684014,0.628571429,0.771428571,0.147262156,0.450535420
group_001,11,Monash__elecdemand_dataset,Monash,tsf,dataset/Monash_Dataset/elecdemand_dataset/elecdemand_dataset.tsf,train,8,8803,0,8803,96,1,mean,train_split_standard,0.648704247,0.097428434,7.157519105,20.000000000,0.714721612,0.005040520,0.852631579,30.000000000,0.013605442,28.000000000,1.245248124,10.000000000,0.500000000,-0.031250000,0.718750000,0.972844643,11.000000000,1.509803619,0.228571429,0.628571429,0.147262156,0.393576695
group_001,11,Monash__elecdemand_dataset,Monash,tsf,dataset/Monash_Dataset/elecdemand_dataset/elecdemand_dataset.tsf,train,9,2170,0,2170,96,1,mean,train_split_standard,-0.479374739,-0.151945927,12.126163656,30.000000000,0.865603639,-0.001664040,0.747368421,32.000000000,0.040000000,0.000000000,1.483149747,18.000000000,0.473684211,-0.593750000,0.104166667,0.969336310,14.000000000,1.483753094,0.714285714,0.600000000,0.098174770,0.286639230
group_001,11,Monash__elecdemand_dataset,Monash,tsf,dataset/Monash_Dataset/elecdemand_dataset/elecdemand_dataset.tsf,train,10,9850,0,9850,96,1,mean,train_split_standard,-0.076135605,-0.258575333,7.602654879,30.000000000,0.703242212,0.006684992,0.800000000,37.000000000,0.027777778,21.000000000,1.102089166,14.000000000,0.333333333,-0.531250000,0.062500000,0.939629127,10.000000000,1.505487729,0.771428571,0.657142857,0.147262156,0.385988500
group_001,11,Monash__elecdemand_dataset,Monash,tsf,dataset/Monash_Dataset/elecdemand_dataset/elecdemand_dataset.tsf,train,11,4643,0,4643,96,1,mean,train_split_standard,0.872234814,0.717540360,7.365520268,21.000000000,0.800807235,0.003714070,0.663157895,28.000000000,0.036458333,0.000000000,1.231471060,10.000000000,0.727272727,0.020833333,-0.437500000,0.969103480,10.000000000,1.598684014,0.542857143,0.685714286,0.147262156,0.365613304
group_001,11,Monash__elecdemand_dataset,Monash,tsf,dataset/Monash_Dataset/elecdemand_dataset/elecdemand_dataset.tsf,train,12,11647,0,11647,96,1,mean,train_split_standard,0.739587985,0.923738523,7.514659960,21.000000000,0.763312928,0.009868798,0.800000000,31.000000000,0.034013605,25.000000000,1.117611923,11.000000000,0.461538462,0.125000000,-0.468750000,0.967105569,10.000000000,1.436720935,0.628571429,0.800000000,0.147262156,0.394374357
group_001,11,Monash__elecdemand_dataset,Monash,tsf,dataset/Monash_Dataset/elecdemand_dataset/elecdemand_dataset.tsf,train,13,9765,0,9765,96,1,mean,train_split_standard,0.395964444,0.568815457,6.283970854,19.000000000,0.703032249,0.010977894,0.894736842,30.000000000,0.008230453,0.000000000,1.150561633,8.000000000,0.600000000,-0.010416667,0.614583333,0.976618038,13.000000000,1.573913659,0.742857143,0.600000000,0.147262156,0.428942135
group_001,11,Monash__elecdemand_dataset,Monash,tsf,dataset/Monash_Dataset/elecdemand_dataset/elecdemand_dataset.tsf,train,14,8872,0,8872,96,1,mean,train_split_standard,0.033070161,0.216210479,6.078234338,26.000000000,0.655362309,0.001561647,0.810526316,33.000000000,0.020576132,0.000000000,1.295456512,8.000000000,0.700000000,-0.041666667,0.281250000,0.936083555,11.000000000,1.542452735,0.314285714,0.171428571,0.147262156,0.421566521
group_001,11,Monash__elecdemand_dataset,Monash,tsf,dataset/Monash_Dataset/elecdemand_dataset/elecdemand_dataset.tsf,train,15,425,0,425,96,1,mean,train_split_standard,-0.283998227,-0.457021175,10.637279892,27.000000000,0.812785027,-0.001592382,0.768421053,33.000000000,0.027777778,0.000000000,1.901901792,14.000000000,0.800000000,-0.187500000,0.250000000,0.981728908,14.000000000,1.549818278,0.828571429,0.714285714,0.098174770,0.268319420
group_001,11,Monash__elecdemand_dataset,Monash,tsf,dataset/Monash_Dataset/elecdemand_dataset/elecdemand_dataset.tsf,train,16,5156,0,5156,96,1,mean,train_split_standard,0.172157776,-0.020389542,6.050303760,18.000000000,0.622280718,0.004183358,0.821052632,34.000000000,0.012345679,28.000000000,0.997986017,9.000000000,0.500000000,0.333333333,0.281250000,0.952751026,12.000000000,1.554838724,0.771428571,0.657142857,0.147262156,0.480945388
group_001,11,Monash__elecdemand_dataset,Monash,tsf,dataset/Monash_Dataset/elecdemand_dataset/elecdemand_dataset.tsf,train,17,7841,0,7841,96,1,mean,train_split_standard,0.044833056,0.223645449,8.270574336,25.000000000,0.815783496,0.000399744,0.831578947,32.000000000,0.046296296,28.000000000,1.587332032,15.000000000,0.333333333,-0.625000000,0.739583333,0.956869690,13.000000000,1.405901603,0.571428571,0.600000000,0.098174770,0.336030709
group_001,11,Monash__elecdemand_dataset,Monash,tsf,dataset/Monash_Dataset/elecdemand_dataset/elecdemand_dataset.tsf,train,18,9481,0,9481,96,1,mean,train_split_standard,0.698101317,0.513312993,7.387814122,19.000000000,0.656639269,0.005679199,0.884210526,32.000000000,0.034013605,27.000000000,1.153180273,11.000000000,0.500000000,-0.416666667,0.604166667,0.970305933,10.000000000,1.530743343,0.714285714,0.600000000,0.147262156,0.389363782
group_001,11,Monash__elecdemand_dataset,Monash,tsf,dataset/Monash_Dataset/elecdemand_dataset/elecdemand_dataset.tsf,train,19,4191,0,4191,96,1,mean,train_split_standard,0.326274055,0.088498435,4.950719710,19.000000000,0.514460239,0.028290551,0.789473684,27.000000000,0.036458333,0.000000000,0.721310101,10.000000000,0.454545455,0.468750000,-0.072916667,0.907679209,9.000000000,1.576949379,0.828571429,0.600000000,0.147262156,0.508807880
group_001,11,Monash__elecdemand_dataset,Monash,tsf,dataset/Monash_Dataset/elecdemand_dataset/elecdemand_dataset.tsf,train,20,10367,0,10367,96,1,mean,train_split_standard,0.484757568,0.307304795,5.467423164,14.000000000,0.609692138,0.015533581,0.873684211,31.000000000,0.013333333,21.000000000,0.954943903,7.000000000,0.555555556,-0.135416667,0.072916667,0.973087423,10.000000000,1.554838724,0.800000000,0.314285714,0.147262156,0.476435080
group_001,12,Monash__electricity_hourly_dataset,Monash,tsf,dataset/Monash_Dataset/electricity_hourly_dataset/electricity_hourly_dataset.tsf,train,1,4761054,261,5373,96,1,mean,train_split_standard,0.936469846,0.783983896,3.541274847,12.000000000,0.464526729,-0.018336929,0.842105263,16.000000000,0.007407407,23.000000000,0.336678203,4.000000000,0.833333333,0.000000000,-0.291666667,0.897446817,6.000000000,1.773030583,0.457142857,0.228571429,0.245436926,0.701031855
group_001,12,Monash__electricity_hourly_dataset,Monash,tsf,dataset/Monash_Dataset/electricity_hourly_dataset/electricity_hourly_dataset.tsf,train,2,5681176,311,14445,96,1,mean,train_split_standard,-0.972577335,-1.101397876,4.043161275,12.000000000,0.560913015,-0.080839260,0.610526316,14.000000000,0.035502959,23.000000000,0.447199449,5.000000000,0.714285714,0.010416667,0.062500000,0.879820221,7.000000000,1.767964865,0.571428571,0.257142857,0.245436926,0.629646777
group_001,12,Monash__electricity_hourly_dataset,Monash,tsf,dataset/Monash_Dataset/electricity_hourly_dataset/electricity_hourly_dataset.tsf,train,3,2045957,112,5205,96,1,mean,train_split_standard,0.952833990,0.794398277,3.474132797,12.000000000,0.429736592,0.175143037,0.768421053,18.000000000,0.007407407,23.000000000,0.296018376,4.000000000,0.666666667,0.333333333,0.125000000,0.876143742,11.000000000,1.685190554,0.485714286,0.171428571,0.294524311,0.725975880
group_001,12,Monash__electricity_hourly_dataset,Monash,tsf,dataset/Monash_Dataset/electricity_hourly_dataset/electricity_hourly_dataset.tsf,train,4,1794619,98,8961,96,1,mean,train_split_standard,-0.591985597,-0.373582388,2.934539603,4.000000000,0.315901414,-0.017469586,0.842105263,10.000000000,0.036458333,4.000000000,0.116424218,3.000000000,0.181818182,0.375000000,-0.125000000,0.655110183,9.000000000,1.900471265,0.800000000,0.828571429,0.245436926,0.831753847
group_001,12,Monash__electricity_hourly_dataset,Monash,tsf,dataset/Monash_Dataset/electricity_hourly_dataset/electricity_hourly_dataset.tsf,train,5,4972139,272,16027,96,1,mean,train_split_standard,0.583692075,0.739616704,3.464855537,10.000000000,0.615417627,-0.074884528,0.778947368,16.000000000,0.060740741,23.000000000,0.406227743,4.000000000,0.666666667,0.020833333,-0.072916667,0.884175093,6.000000000,1.779068356,0.571428571,0.257142857,0.294524311,0.696652686
group_001,12,Monash__electricity_hourly_dataset,Monash,tsf,dataset/Monash_Dataset/electricity_hourly_dataset/electricity_hourly_dataset.tsf,train,6,4554239,249,17210,96,1,mean,train_split_standard,1.006583061,0.859798022,3.848777704,12.000000000,0.476153411,0.019881511,0.800000000,13.000000000,0.011851852,23.000000000,0.456264557,4.000000000,0.833333333,0.187500000,0.010416667,0.904135682,9.000000000,1.668625100,0.457142857,0.285714286,0.245436926,0.608835590
group_001,12,Monash__electricity_hourly_dataset,Monash,tsf,dataset/Monash_Dataset/electricity_hourly_dataset/electricity_hourly_dataset.tsf,train,7,3951859,216,16123,96,1,mean,train_split_standard,0.575180754,0.758635982,3.792335220,12.000000000,0.405108241,0.018368827,0.926315789,15.000000000,0.016296296,23.000000000,0.333097618,4.000000000,0.500000000,0.041666667,-0.281250000,0.897491123,6.000000000,1.821836229,0.485714286,0.257142857,0.245436926,0.679471596
group_001,12,Monash__electricity_hourly_dataset,Monash,tsf,dataset/Monash_Dataset/electricity_hourly_dataset/electricity_hourly_dataset.tsf,train,8,3016137,165,9672,96,1,mean,train_split_standard,0.877674637,0.724965973,3.663187953,12.000000000,0.446861659,-0.034644326,0.915789474,16.000000000,0.025185185,23.000000000,0.324493008,4.000000000,0.833333333,0.083333333,-0.187500000,0.911785330,9.000000000,1.785201610,0.514285714,0.200000000,0.245436926,0.658363231
group_001,12,Monash__electricity_hourly_dataset,Monash,tsf,dataset/Monash_Dataset/electricity_hourly_dataset/electricity_hourly_dataset.tsf,train,9,4525617,248,6809,96,1,mean,train_split_standard,0.401502997,0.576255687,3.310986772,8.000000000,0.356132550,0.161755772,0.894736842,18.000000000,0.031394275,23.000000000,0.271933147,4.000000000,0.400000000,-0.187500000,0.218750000,0.883290111,10.000000000,1.825183633,0.342857143,0.171428571,0.294524311,0.746138689
group_001,12,Monash__electricity_hourly_dataset,Monash,tsf,dataset/Monash_Dataset/electricity_hourly_dataset/electricity_hourly_dataset.tsf,train,10,2075306,113,16333,96,1,mean,train_split_standard,-0.716998466,-0.869381179,7.867182729,11.000000000,0.626166361,0.002075433,0.631578947,19.000000000,0.074074074,23.000000000,0.629514008,9.000000000,0.206896552,0.593750000,-0.500000000,0.932557787,7.000000000,1.613941094,0.228571429,0.571428571,0.049087385,0.436987720
group_001,12,Monash__electricity_hourly_dataset,Monash,tsf,dataset/Monash_Dataset/electricity_hourly_dataset/electricity_hourly_dataset.tsf,train,11,4051362,222,6300,96,1,mean,train_split_standard,0.493147134,-1.439270408,3.949412097,11.000000000,0.529419092,-0.007653933,0.842105263,16.000000000,0.007407407,23.000000000,0.536781941,5.000000000,0.833333333,0.010416667,-0.104166667,0.945831526,9.000000000,1.678393988,0.514285714,0.200000000,0.245436926,0.624199203
group_001,12,Monash__electricity_hourly_dataset,Monash,tsf,dataset/Monash_Dataset/electricity_hourly_dataset/electricity_hourly_dataset.tsf,train,12,4516618,247,16031,96,1,mean,train_split_standard,0.482273393,-1.313494406,4.409955875,13.000000000,0.456420296,0.056032559,0.884210526,15.000000000,0.009861933,23.000000000,0.364577730,6.000000000,0.571428571,0.760416667,-0.322916667,0.905358003,10.000000000,1.671852160,0.600000000,0.171428571,0.245436926,0.602557505
group_001,12,Monash__electricity_hourly_dataset,Monash,tsf,dataset/Monash_Dataset/electricity_hourly_dataset/electricity_hourly_dataset.tsf,train,13,5390337,295,15142,96,1,mean,train_split_standard,-0.804164306,-0.937458624,4.332949354,12.000000000,0.483005053,0.089401816,0.621052632,13.000000000,0.009861933,23.000000000,0.332851722,5.000000000,0.714285714,-0.031250000,-0.104166667,0.897951949,8.000000000,1.633066474,0.571428571,0.228571429,0.245436926,0.603860421
group_001,12,Monash__electricity_hourly_dataset,Monash,tsf,dataset/Monash_Dataset/electricity_hourly_dataset/electricity_hourly_dataset.tsf,train,14,1264969,69,7720,96,1,mean,train_split_standard,-0.268619609,-0.037373204,2.625916219,7.000000000,0.307510773,0.204680878,0.957894737,8.000000000,0.025854109,11.000000000,0.250709370,3.000000000,0.600000000,0.062500000,-0.208333333,0.834465676,11.000000000,1.879611727,0.400000000,0.171428571,0.490873852,0.824538291
group_001,12,Monash__electricity_hourly_dataset,Monash,tsf,dataset/Monash_Dataset/electricity_hourly_dataset/electricity_hourly_dataset.tsf,train,15,4874815,267,9808,96,1,mean,train_split_standard,1.041483913,0.864577791,3.727413204,10.000000000,0.437067071,0.078722201,0.842105263,16.000000000,0.048888889,23.000000000,0.366246631,4.000000000,0.833333333,0.010416667,0.218750000,0.926427289,10.000000000,1.749609040,0.400000000,0.200000000,0.294524311,0.662679487
group_001,12,Monash__electricity_hourly_dataset,Monash,tsf,dataset/Monash_Dataset/electricity_hourly_dataset/electricity_hourly_dataset.tsf,train,16,5041129,276,12133,96,1,mean,train_split_standard,0.656199143,0.825308178,3.662785557,9.000000000,0.286752595,0.044963527,0.821052632,16.000000000,0.020740741,23.000000000,0.375332653,4.000000000,0.333333333,0.489583333,-0.156250000,0.886771484,10.000000000,1.804009144,0.514285714,0.200000000,0.294524311,0.719751433
group_001,12,Monash__electricity_hourly_dataset,Monash,tsf,dataset/Monash_Dataset/electricity_hourly_dataset/electricity_hourly_dataset.tsf,train,17,1679846,92,3514,96,1,mean,train_split_standard,-0.382603456,-0.206287686,2.253566014,5.000000000,0.461371859,-0.235098873,0.652631579,13.000000000,0.005671078,23.000000000,0.126699947,3.000000000,0.500000000,-0.312500000,-0.052083333,0.649778539,8.000000000,1.875834636,0.657142857,0.657142857,0.490873852,0.927733433
group_001,12,Monash__electricity_hourly_dataset,Monash,tsf,dataset/Monash_Dataset/electricity_hourly_dataset/electricity_hourly_dataset.tsf,train,18,3372038,185,1153,96,1,mean,train_split_standard,0.890744893,0.731228317,3.791996295,12.000000000,0.512280042,0.024010620,0.831578947,17.000000000,0.020740741,23.000000000,0.458838113,4.000000000,0.833333333,-0.083333333,-0.187500000,0.907213681,9.000000000,1.666587335,0.457142857,0.285714286,0.245436926,0.627611863
group_001,12,Monash__electricity_hourly_dataset,Monash,tsf,dataset/Monash_Dataset/electricity_hourly_dataset/electricity_hourly_dataset.tsf,train,19,4816380,264,6036,96,1,mean,train_split_standard,0.350965143,0.543756029,4.067437606,12.000000000,0.400571842,-0.011743971,0.915789474,14.000000000,0.029629630,23.000000000,0.366710895,5.000000000,0.666666667,-0.427083333,0.260416667,0.907233771,10.000000000,1.686986887,0.514285714,0.200000000,0.245436926,0.652122807
group_001,12,Monash__electricity_hourly_dataset,Monash,tsf,dataset/Monash_Dataset/electricity_hourly_dataset/electricity_hourly_dataset.tsf,train,20,1949916,107,269,96,1,mean,train_split_standard,-0.796740048,-0.948505024,5.715799728,8.000000000,0.392873151,0.025392645,0.421052632,40.000000000,0.166666667,19.000000000,0.229816578,7.000000000,0.055555556,0.416666667,-0.541666667,0.827136951,4.000000000,1.617247808,0.828571429,0.514285714,0.147262156,0.662149017
group_001,13,Monash__kdd_cup_2018_dataset_without_missing_values,Monash,tsf,dataset/Monash_Dataset/kdd_cup_2018_dataset_without_missing_values/kdd_cup_2018_dataset_without_missing_values.tsf,train,1,456722,61,3065,96,1,mean,train_split_standard,-0.717470703,-0.990322556,3.721800066,9.000000000,0.335006266,0.414571711,0.778947368,25.000000000,0.111111111,22.000000000,0.159314431,8.000000000,0.071428571,-0.041666667,-0.437500000,0.804673524,8.000000000,1.628533667,0.771428571,0.600000000,0.294524311,0.737438068
group_001,13,Monash__kdd_cup_2018_dataset_without_missing_values,Monash,tsf,dataset/Monash_Dataset/kdd_cup_2018_dataset_without_missing_values/kdd_cup_2018_dataset_without_missing_values.tsf,train,2,1289102,173,2501,96,1,mean,train_split_standard,-0.201582359,-0.407711717,6.978701589,14.000000000,0.385964002,0.094219213,0.473684211,16.000000000,0.055555556,4.000000000,0.279100679,13.000000000,0.142857143,-0.729166667,0.145833333,0.843828538,5.000000000,1.506309030,0.371428571,0.828571429,0.147262156,0.628496683
group_001,13,Monash__kdd_cup_2018_dataset_without_missing_values,Monash,tsf,dataset/Monash_Dataset/kdd_cup_2018_dataset_without_missing_values/kdd_cup_2018_dataset_without_missing_values.tsf,train,3,634057,85,1912,96,1,mean,train_split_standard,0.467663225,0.593743712,16.477878008,62.000000000,0.680790109,-0.055158276,0.221052632,66.000000000,0.185185185,0.000000000,0.329240299,28.000000000,0.038461538,-0.296875000,0.697916667,0.952449682,4.000000000,0.879320160,0.828571429,0.600000000,0.049087385,0.241505905
group_001,13,Monash__kdd_cup_2018_dataset_without_missing_values,Monash,tsf,dataset/Monash_Dataset/kdd_cup_2018_dataset_without_missing_values/kdd_cup_2018_dataset_without_missing_values.tsf,train,4,1740089,233,6923,96,1,mean,train_split_standard,-1.046031574,-0.840745352,7.631300729,10.000000000,0.432822492,-0.070329126,0.926315789,30.000000000,0.125000000,16.000000000,0.341703558,9.000000000,0.095238095,0.166666667,-0.364583333,0.919551679,5.000000000,1.797149644,0.800000000,0.828571429,0.098174770,0.504794180
group_001,13,Monash__kdd_cup_2018_dataset_without_missing_values,Monash,tsf,dataset/Monash_Dataset/kdd_cup_2018_dataset_without_missing_values/kdd_cup_2018_dataset_without_missing_values.tsf,train,5,642138,86,2556,96,1,mean,train_split_standard,-0.993330094,-1.156363966,6.414139542,19.000000000,0.558944703,0.146200603,0.473684211,30.000000000,0.074074074,21.000000000,0.248374663,13.000000000,0.071428571,-0.229166667,0.208333333,0.864337951,4.000000000,1.625209458,0.828571429,0.371428571,0.098174770,0.591853541
group_001,13,Monash__kdd_cup_2018_dataset_without_missing_values,Monash,tsf,dataset/Monash_Dataset/kdd_cup_2018_dataset_without_missing_values/kdd_cup_2018_dataset_without_missing_values.tsf,train,6,1619238,217,5304,96,1,mean,train_split_standard,0.568936105,0.293684976,8.407564615,3.000000000,0.291355181,-0.039152665,0.957894737,13.000000000,0.040000000,3.000000000,0.151731494,2.000000000,0.055555556,-0.343750000,0.229166667,0.709441743,5.000000000,1.894005868,0.742857143,0.800000000,0.147262156,0.757098502
group_001,13,Monash__kdd_cup_2018_dataset_without_missing_values,Monash,tsf,dataset/Monash_Dataset/kdd_cup_2018_dataset_without_missing_values/kdd_cup_2018_dataset_without_missing_values.tsf,train,7,352255,47,2716,96,1,mean,train_split_standard,-0.083877876,-0.394840207,2.055186384,5.000000000,0.085214565,-0.348867846,0.526315789,6.000000000,0.030000000,6.000000000,0.062393001,4.000000000,0.111111111,-0.447916667,-0.145833333,0.519339410,5.000000000,1.954602560,0.828571429,0.628571429,0.539961237,0.983907157
group_001,13,Monash__kdd_cup_2018_dataset_without_missing_values,Monash,tsf,dataset/Monash_Dataset/kdd_cup_2018_dataset_without_missing_values/kdd_cup_2018_dataset_without_missing_values.tsf,train,8,924879,124,2691,96,1,mean,train_split_standard,0.998180507,0.821481732,4.883526665,12.000000000,0.534615993,-0.033846111,0.768421053,17.000000000,0.022038567,24.000000000,0.698604760,6.000000000,0.875000000,-0.593750000,0.125000000,0.906953044,14.000000000,1.556430820,0.628571429,0.771428571,0.245436926,0.557127395
group_001,13,Monash__kdd_cup_2018_dataset_without_missing_values,Monash,tsf,dataset/Monash_Dataset/kdd_cup_2018_dataset_without_missing_values/kdd_cup_2018_dataset_without_missing_values.tsf,train,9,928922,124,6734,96,1,mean,train_split_standard,-0.940854232,-1.120022125,4.057069191,12.000000000,0.496937825,0.021532112,0.894736842,31.000000000,0.003944773,22.000000000,0.427641251,5.000000000,0.571428571,0.072916667,0.333333333,0.906452895,7.000000000,1.717090381,0.371428571,0.685714286,0.245436926,0.647915325
group_001,13,Monash__kdd_cup_2018_dataset_without_missing_values,Monash,tsf,dataset/Monash_Dataset/kdd_cup_2018_dataset_without_missing_values/kdd_cup_2018_dataset_without_missing_values.tsf,train,10,119770,16,778,96,1,mean,train_split_standard,-0.115624752,-1.111436134,4.948255562,12.000000000,0.594989467,0.013887944,0.789473684,15.000000000,0.030303030,22.000000000,0.634208352,7.000000000,0.625000000,0.135416667,-0.447916667,0.955962356,12.000000000,1.506226797,0.485714286,0.828571429,0.245436926,0.507980130
group_001,13,Monash__kdd_cup_2018_dataset_without_missing_values,Monash,tsf,dataset/Monash_Dataset/kdd_cup_2018_dataset_without_missing_values/kdd_cup_2018_dataset_without_missing_values.tsf,train,11,670771,90,1441,96,1,mean,train_split_standard,-0.613408945,-0.810074407,13.173888561,22.000000000,0.686364971,-0.222249361,0.800000000,34.000000000,0.111111111,27.000000000,0.187406323,19.000000000,0.066666667,-0.093750000,0.489583333,0.860561400,5.000000000,1.661293358,0.828571429,0.514285714,0.098174770,0.587780467
group_001,13,Monash__kdd_cup_2018_dataset_without_missing_values,Monash,tsf,dataset/Monash_Dataset/kdd_cup_2018_dataset_without_missing_values/kdd_cup_2018_dataset_without_missing_values.tsf,train,12,1586968,213,2842,96,1,mean,train_split_standard,-1.159241693,-0.956219648,7.553050003,22.000000000,0.553939043,0.042657478,0.947368421,20.000000000,0.040000000,13.000000000,0.454167270,15.000000000,0.058823529,0.666666667,-0.062500000,0.884548647,7.000000000,1.766839938,0.171428571,0.828571429,0.098174770,0.551008437
group_001,13,Monash__kdd_cup_2018_dataset_without_missing_values,Monash,tsf,dataset/Monash_Dataset/kdd_cup_2018_dataset_without_missing_values/kdd_cup_2018_dataset_without_missing_values.tsf,train,13,330113,44,2885,96,1,mean,train_split_standard,-0.536784371,-0.316565112,2.846207035,10.000000000,0.236054158,0.057017962,0.863157895,16.000000000,0.014773777,26.000000000,0.202508753,4.000000000,0.200000000,0.260416667,0.187500000,0.701238976,5.000000000,1.884695168,0.485714286,0.200000000,0.441786467,0.828564501
group_001,13,Monash__kdd_cup_2018_dataset_without_missing_values,Monash,tsf,dataset/Monash_Dataset/kdd_cup_2018_dataset_without_missing_values/kdd_cup_2018_dataset_without_missing_values.tsf,train,14,198483,26,5121,96,1,mean,train_split_standard,-0.420767431,0.245062523,1.922105011,5.000000000,0.223447419,-0.061723760,0.800000000,23.000000000,0.034656585,18.000000000,0.127633571,3.000000000,0.250000000,0.270833333,0.312500000,0.556648163,5.000000000,2.016758800,0.200000000,0.714285714,0.539961237,0.942821651
group_001,13,Monash__kdd_cup_2018_dataset_without_missing_values,Monash,tsf,dataset/Monash_Dataset/kdd_cup_2018_dataset_without_missing_values/kdd_cup_2018_dataset_without_missing_values.tsf,train,15,795536,106,7214,96,1,mean,train_split_standard,-0.075945595,-0.279854372,3.497430062,15.000000000,0.273635377,-0.087265942,0.378947368,9.000000000,0.035555556,23.000000000,0.409898267,4.000000000,0.666666667,-0.885416667,0.145833333,0.878047815,4.000000000,1.063578272,0.285714286,0.828571429,0.294524311,0.572693640
group_001,13,Monash__kdd_cup_2018_dataset_without_missing_values,Monash,tsf,dataset/Monash_Dataset/kdd_cup_2018_dataset_without_missing_values/kdd_cup_2018_dataset_without_missing_values.tsf,train,16,457729,61,4072,96,1,mean,train_split_standard,-0.834284996,-0.257343171,17.444055738,15.000000000,0.775791652,-0.198544769,0.357894737,36.000000000,0.111111111,20.000000000,0.238511718,12.000000000,0.032258065,-0.463541667,0.625000000,0.923569158,3.000000000,1.264964623,0.742857143,0.600000000,0.049087385,0.418732772
group_001,13,Monash__kdd_cup_2018_dataset_without_missing_values,Monash,tsf,dataset/Monash_Dataset/kdd_cup_2018_dataset_without_missing_values/kdd_cup_2018_dataset_without_missing_values.tsf,train,17,935787,125,6162,96,1,mean,train_split_standard,-0.145874950,-0.341362284,3.440164916,10.000000000,0.253777948,-0.434842489,0.263157895,12.000000000,0.085399449,17.000000000,0.103649789,7.000000000,0.125000000,-0.489583333,0.093750000,0.640828890,4.000000000,0.904127189,0.714285714,0.828571429,0.343611696,0.818686513
group_001,13,Monash__kdd_cup_2018_dataset_without_missing_values,Monash,tsf,dataset/Monash_Dataset/kdd_cup_2018_dataset_without_missing_values/kdd_cup_2018_dataset_without_missing_values.tsf,train,18,1130072,151,7085,96,1,mean,train_split_standard,0.155123647,0.350149961,8.858843783,25.000000000,0.388694981,0.056671077,0.115789474,79.000000000,0.129629630,0.000000000,0.439780476,20.000000000,0.133333333,0.343750000,-0.854166667,0.908516561,3.000000000,0.771723758,0.828571429,0.371428571,0.147262156,0.299264333
group_001,13,Monash__kdd_cup_2018_dataset_without_missing_values,Monash,tsf,dataset/Monash_Dataset/kdd_cup_2018_dataset_without_missing_values/kdd_cup_2018_dataset_without_missing_values.tsf,train,19,1797690,241,4908,96,1,mean,train_split_standard,-0.533879367,-0.270660835,3.987900432,12.000000000,0.149762433,0.026864220,0.915789474,16.000000000,0.024793388,20.000000000,0.127505538,6.000000000,0.125000000,-0.208333333,0.031250000,0.679625097,5.000000000,2.009005118,0.542857143,0.742857143,0.294524311,0.834442122
group_001,13,Monash__kdd_cup_2018_dataset_without_missing_values,Monash,tsf,dataset/Monash_Dataset/kdd_cup_2018_dataset_without_missing_values/kdd_cup_2018_dataset_without_missing_values.tsf,train,20,1134760,152,4336,96,1,mean,train_split_standard,0.062135259,-0.458067870,1.350600274,5.000000000,0.265354640,-3.391913088,0.094736842,4.000000000,0.254249046,7.000000000,0.036111754,2.000000000,0.333333333,-0.822916667,-0.916666667,0.375152452,2.000000000,0.261714165,0.200000000,0.600000000,0.736310778,1.061459188
group_001,14,Monash__oikolab_weather_dataset,Monash,tsf,dataset/Monash_Dataset/oikolab_weather_dataset/oikolab_weather_dataset.tsf,train,1,68037,0,68037,96,1,mean,train_split_standard,0.038695630,0.231225192,6.453449393,13.000000000,0.689849552,0.003885558,0.778947368,44.000000000,0.054421769,22.000000000,0.914202748,10.000000000,0.500000000,0.114583333,-0.468750000,0.947735408,9.000000000,1.513380441,0.171428571,0.828571429,0.098174770,0.395773366
group_001,14,Monash__oikolab_weather_dataset,Monash,tsf,dataset/Monash_Dataset/oikolab_weather_dataset/oikolab_weather_dataset.tsf,train,2,347303,4,67911,96,1,mean,train_split_standard,1.017293215,0.848432148,4.680009625,12.000000000,0.574627560,0.001197788,0.800000000,18.000000000,0.015779093,23.000000000,0.609972617,6.000000000,0.714285714,0.031250000,0.552083333,0.955110557,9.000000000,1.573913659,0.542857143,0.200000000,0.245436926,0.548755742
group_001,14,Monash__oikolab_weather_dataset,Monash,tsf,dataset/Monash_Dataset/oikolab_weather_dataset/oikolab_weather_dataset.tsf,train,3,208441,2,68745,96,1,mean,train_split_standard,-0.319672612,-0.515101194,7.790460625,16.000000000,0.693133995,0.004678792,0.768421053,36.000000000,0.111111111,21.000000000,0.797658476,15.000000000,0.120000000,-0.052083333,-0.630208333,0.927773249,10.000000000,1.591333794,0.742857143,0.828571429,0.098174770,0.481710177
group_001,14,Monash__oikolab_weather_dataset,Monash,tsf,dataset/Monash_Dataset/oikolab_weather_dataset/oikolab_weather_dataset.tsf,train,4,442786,6,23698,96,1,mean,train_split_standard,0.547016983,0.361242163,5.063816829,17.000000000,0.458904439,-0.054375398,0.915789474,22.000000000,0.020576132,23.000000000,0.381231810,8.000000000,0.100000000,0.062500000,-0.250000000,0.837941005,9.000000000,1.757329542,0.742857143,0.828571429,0.245436926,0.657014282
group_001,14,Monash__oikolab_weather_dataset,Monash,tsf,dataset/Monash_Dataset/oikolab_weather_dataset/oikolab_weather_dataset.tsf,train,5,2009,0,2009,96,1,mean,train_split_standard,-0.616873934,-0.401268067,4.537362241,14.000000000,0.485608805,0.045899055,0.694736842,15.000000000,0.013774105,23.000000000,0.489228291,6.000000000,0.625000000,0.187500000,-0.067708333,0.912126765,13.000000000,1.632690215,0.771428571,0.342857143,0.245436926,0.567055311
group_001,14,Monash__oikolab_weather_dataset,Monash,tsf,dataset/Monash_Dataset/oikolab_weather_dataset/oikolab_weather_dataset.tsf,train,6,125728,1,55880,96,1,mean,train_split_standard,-0.455034803,-0.681992143,9.454506963,32.000000000,0.809847744,0.004841553,0.757894737,33.000000000,0.040000000,27.000000000,0.980500212,14.000000000,0.312500000,0.031250000,0.687500000,0.969244493,14.000000000,1.535115076,0.828571429,0.828571429,0.098174770,0.374157398
group_001,14,Monash__oikolab_weather_dataset,Monash,tsf,dataset/Monash_Dataset/oikolab_weather_dataset/oikolab_weather_dataset.tsf,train,7,346954,4,67562,96,1,mean,train_split_standard,-0.157052319,-0.325722207,6.384334807,14.000000000,0.731693795,0.015908853,0.789473684,17.000000000,0.037037037,23.000000000,0.605533316,9.000000000,0.700000000,0.416666667,-0.072916667,0.960709391,11.000000000,1.487692964,0.171428571,0.771428571,0.147262156,0.452833851
group_001,14,Monash__oikolab_weather_dataset,Monash,tsf,dataset/Monash_Dataset/oikolab_weather_dataset/oikolab_weather_dataset.tsf,train,8,527299,7,38363,96,1,mean,train_split_standard,1.042060358,1.192883803,3.224528552,8.000000000,0.262574814,0.023914042,0.810526316,14.000000000,0.040000000,14.000000000,0.250358773,7.000000000,0.125000000,0.395833333,0.072916667,0.780584322,6.000000000,1.756549475,0.200000000,0.342857143,0.343611696,0.782727748
group_001,14,Monash__oikolab_weather_dataset,Monash,tsf,dataset/Monash_Dataset/oikolab_weather_dataset/oikolab_weather_dataset.tsf,train,9,45915,0,45915,96,1,mean,train_split_standard,-0.553902991,-0.377120255,5.183530753,13.000000000,0.675303368,0.005135763,0.821052632,18.000000000,0.005509642,23.000000000,0.803526094,6.000000000,0.750000000,0.520833333,-0.250000000,0.967303804,13.000000000,1.616104149,0.428571429,0.171428571,0.245436926,0.484797882
group_001,14,Monash__oikolab_weather_dataset,Monash,tsf,dataset/Monash_Dataset/oikolab_weather_dataset/oikolab_weather_dataset.tsf,train,10,33413,0,33413,96,1,mean,train_split_standard,-0.727076985,-0.922037273,4.541912663,12.000000000,0.584974716,0.030635458,0.810526316,14.000000000,0.021696252,23.000000000,0.576367710,5.000000000,0.857142857,0.468750000,-0.697916667,0.933732675,10.000000000,1.644852700,0.628571429,0.714285714,0.245436926,0.531137008
group_001,14,Monash__oikolab_weather_dataset,Monash,tsf,dataset/Monash_Dataset/oikolab_weather_dataset/oikolab_weather_dataset.tsf,train,11,351571,5,2331,96,1,mean,train_split_standard,-0.378625430,-0.539646673,3.258264310,14.000000000,0.320794962,-0.012128088,0.484210526,10.000000000,0.020313943,23.000000000,0.466358970,4.000000000,0.800000000,0.010416667,-0.072916667,0.887206828,8.000000000,1.455896035,0.457142857,0.257142857,0.294524311,0.691653060
group_001,14,Monash__oikolab_weather_dataset,Monash,tsf,dataset/Monash_Dataset/oikolab_weather_dataset/oikolab_weather_dataset.tsf,train,12,58367,0,58367,96,1,mean,train_split_standard,0.195225053,0.374911160,5.267347459,13.000000000,0.612338498,0.008170046,0.863157895,21.000000000,0.013774105,23.000000000,0.522228257,7.000000000,0.750000000,-0.333333333,0.458333333,0.965365534,17.000000000,1.567677137,0.542857143,0.171428571,0.245436926,0.454696410
group_001,14,Monash__oikolab_weather_dataset,Monash,tsf,dataset/Monash_Dataset/oikolab_weather_dataset/oikolab_weather_dataset.tsf,train,13,49577,0,49577,96,1,mean,train_split_standard,0.712174054,0.469828735,4.210931181,12.000000000,0.485090764,0.034274957,0.778947368,16.000000000,0.011851852,23.000000000,0.453133036,5.000000000,0.833333333,0.708333333,0.520833333,0.950467021,10.000000000,1.617758949,0.371428571,0.342857143,0.245436926,0.579515508
group_001,14,Monash__oikolab_weather_dataset,Monash,tsf,dataset/Monash_Dataset/oikolab_weather_dataset/oikolab_weather_dataset.tsf,train,14,153324,2,13628,96,1,mean,train_split_standard,0.681817175,0.866017503,7.581117494,21.000000000,0.645823051,-0.019696336,0.852631579,28.000000000,0.013605442,0.000000000,0.709102663,10.000000000,0.333333333,0.270833333,-0.656250000,0.948044445,10.000000000,1.576949379,0.828571429,0.628571429,0.147262156,0.421279179
group_001,14,Monash__oikolab_weather_dataset,Monash,tsf,dataset/Monash_Dataset/oikolab_weather_dataset/oikolab_weather_dataset.tsf,train,15,520459,7,31523,96,1,mean,train_split_standard,0.843691953,0.991759582,6.751495152,16.000000000,0.505355730,0.016522838,0.642105263,24.000000000,0.027210884,0.000000000,0.383042034,11.000000000,0.166666667,0.062500000,0.614583333,0.840780872,8.000000000,1.599174434,0.800000000,0.600000000,0.147262156,0.586706283
group_001,14,Monash__oikolab_weather_dataset,Monash,tsf,dataset/Monash_Dataset/oikolab_weather_dataset/oikolab_weather_dataset.tsf,train,16,35396,0,35396,96,1,mean,train_split_standard,-0.725890413,1.405591425,6.593252749,13.000000000,0.757537387,-0.008545652,0.642105263,16.000000000,0.083333333,23.000000000,0.767842398,10.000000000,0.545454545,-0.281250000,0.770833333,0.957507662,13.000000000,1.353891813,0.685714286,0.600000000,0.147262156,0.390631729
group_001,14,Monash__oikolab_weather_dataset,Monash,tsf,dataset/Monash_Dataset/oikolab_weather_dataset/oikolab_weather_dataset.tsf,train,17,467995,6,48907,96,1,mean,train_split_standard,0.023030237,0.225183240,5.844311842,18.000000000,0.472281764,0.035111166,0.873684211,21.000000000,0.074074074,20.000000000,0.387146531,13.000000000,0.066666667,-0.270833333,0.427083333,0.868488537,7.000000000,1.703446425,0.828571429,0.600000000,0.147262156,0.552225139
group_001,14,Monash__oikolab_weather_dataset,Monash,tsf,dataset/Monash_Dataset/oikolab_weather_dataset/oikolab_weather_dataset.tsf,train,18,476830,6,57742,96,1,mean,train_split_standard,-0.189462652,0.357914379,6.835884685,12.000000000,0.541680716,0.011469351,0.894736842,35.000000000,0.074074074,21.000000000,0.316482919,11.000000000,0.033333333,0.489583333,-0.375000000,0.845671771,6.000000000,1.814242537,0.828571429,0.514285714,0.196349541,0.614279176
group_001,14,Monash__oikolab_weather_dataset,Monash,tsf,dataset/Monash_Dataset/oikolab_weather_dataset/oikolab_weather_dataset.tsf,train,19,42321,0,42321,96,1,mean,train_split_standard,-0.775747799,-0.960180870,7.036471696,15.000000000,0.675599338,0.010891220,0.726315789,21.000000000,0.036458333,23.000000000,0.891064717,10.000000000,0.636363636,-0.531250000,0.187500000,0.973364310,10.000000000,1.601842724,0.771428571,0.800000000,0.147262156,0.379223055
group_001,14,Monash__oikolab_weather_dataset,Monash,tsf,dataset/Monash_Dataset/oikolab_weather_dataset/oikolab_weather_dataset.tsf,train,20,365883,5,16643,96,1,mean,train_split_standard,-0.486634382,-0.650511353,4.210618171,11.000000000,0.427071451,-0.012657728,0.610526316,12.000000000,0.016296296,22.000000000,0.613661113,5.000000000,0.833333333,0.375000000,-0.135416667,0.963847326,10.000000000,1.613444449,0.571428571,0.228571429,0.245436926,0.580973320
group_001,15,Monash__pedestrian_counts_dataset,Monash,tsf,dataset/Monash_Dataset/pedestrian_counts_dataset/pedestrian_counts_dataset.tsf,train,1,1385396,25,9474,96,1,mean,train_split_standard,-0.595989945,-0.814513800,3.856296640,12.000000000,0.458661789,0.037773403,0.810526316,12.000000000,0.029629630,23.000000000,0.396085444,5.000000000,0.333333333,0.354166667,-0.281250000,0.884814268,17.000000000,1.597029215,0.600000000,0.228571429,0.245436926,0.694805400
group_001,15,Monash__pedestrian_counts_dataset,Monash,tsf,dataset/Monash_Dataset/pedestrian_counts_dataset/pedestrian_counts_dataset.tsf,train,2,2095723,52,7315,96,1,mean,train_split_standard,-0.692655755,-0.858739807,4.420141931,12.000000000,0.746775850,0.013734173,0.789473684,12.000000000,0.022222222,23.000000000,0.488591127,5.000000000,1.000000000,0.333333333,-0.125000000,0.936916134,16.000000000,1.597029215,0.542857143,0.228571429,0.245436926,0.609610105
group_001,15,Monash__pedestrian_counts_dataset,Monash,tsf,dataset/Monash_Dataset/pedestrian_counts_dataset/pedestrian_counts_dataset.tsf,train,3,1996306,46,1548,96,1,mean,train_split_standard,-0.926902689,-1.083622677,4.298130768,12.000000000,0.514002403,0.023216213,0.852631579,13.000000000,0.020740741,23.000000000,0.448643436,5.000000000,1.000000000,0.031250000,0.177083333,0.905645022,12.000000000,1.598684014,0.457142857,0.200000000,0.245436926,0.592068050
group_001,15,Monash__pedestrian_counts_dataset,Monash,tsf,dataset/Monash_Dataset/pedestrian_counts_dataset/pedestrian_counts_dataset.tsf,train,4,1533279,28,37487,96,1,mean,train_split_standard,-0.750363685,-0.912955964,3.969595684,12.000000000,0.412475208,-0.103633894,0.842105263,10.000000000,0.020740741,23.000000000,0.310948382,5.000000000,0.333333333,-0.208333333,-0.020833333,0.884693513,12.000000000,1.666587335,0.600000000,0.314285714,0.294524311,0.677926353
group_001,15,Monash__pedestrian_counts_dataset,Monash,tsf,dataset/Monash_Dataset/pedestrian_counts_dataset/pedestrian_counts_dataset.tsf,train,5,1189323,20,3017,96,1,mean,train_split_standard,-0.967402430,-1.132750272,4.123269195,12.000000000,0.589323674,0.103402173,0.915789474,12.000000000,0.034074074,23.000000000,0.413617222,5.000000000,1.166666667,0.395833333,0.156250000,0.897570330,13.000000000,1.670826391,0.428571429,0.257142857,0.294524311,0.623850045
group_001,15,Monash__pedestrian_counts_dataset,Monash,tsf,dataset/Monash_Dataset/pedestrian_counts_dataset/pedestrian_counts_dataset.tsf,train,6,1989567,45,11048,96,1,mean,train_split_standard,-0.536918355,-0.790353413,4.272404568,12.000000000,0.254766317,0.257140297,0.800000000,13.000000000,0.009861933,23.000000000,0.150184410,5.000000000,0.285714286,-0.156250000,-0.041666667,0.783926398,8.000000000,1.723736447,0.771428571,0.371428571,0.245436926,0.784974134
group_001,15,Monash__pedestrian_counts_dataset,Monash,tsf,dataset/Monash_Dataset/pedestrian_counts_dataset/pedestrian_counts_dataset.tsf,train,7,1677090,33,14899,96,1,mean,train_split_standard,-0.190205294,-0.500862797,3.906596668,16.000000000,0.181540534,-0.109839423,0.789473684,15.000000000,0.046831956,0.000000000,0.216853732,6.000000000,0.250000000,0.052083333,-0.239583333,0.829036797,10.000000000,1.731927606,0.657142857,0.828571429,0.245436926,0.730834444
group_001,15,Monash__pedestrian_counts_dataset,Monash,tsf,dataset/Monash_Dataset/pedestrian_counts_dataset/pedestrian_counts_dataset.tsf,train,8,1696606,33,34415,96,1,mean,train_split_standard,-0.732216670,-0.953380236,3.347732722,11.000000000,0.249731843,-0.100776296,0.852631579,14.000000000,0.007407407,24.000000000,0.149502320,5.000000000,0.166666667,0.072916667,-0.114583333,0.701091294,7.000000000,1.774398918,0.514285714,0.200000000,0.294524311,0.831585299
group_001,15,Monash__pedestrian_counts_dataset,Monash,tsf,dataset/Monash_Dataset/pedestrian_counts_dataset/pedestrian_counts_dataset.tsf,train,9,393851,6,8998,96,1,mean,train_split_standard,-0.227956964,-0.511353952,3.879304548,12.000000000,0.161218351,-0.085266960,0.747368421,13.000000000,0.009861933,20.000000000,0.202544009,5.000000000,0.285714286,-0.593750000,-0.010416667,0.809165530,9.000000000,1.713026593,0.514285714,0.742857143,0.294524311,0.758937029
group_001,15,Monash__pedestrian_counts_dataset,Monash,tsf,dataset/Monash_Dataset/pedestrian_counts_dataset/pedestrian_counts_dataset.tsf,train,10,371799,5,53950,96,1,mean,train_split_standard,-0.758959484,-0.983918292,3.328113469,12.000000000,0.403258125,0.016852434,0.842105263,14.000000000,0.013333333,23.000000000,0.260901870,5.000000000,0.333333333,0.531250000,-0.020833333,0.748632200,11.000000000,1.692384132,0.542857143,0.171428571,0.294524311,0.805519219
group_001,15,Monash__pedestrian_counts_dataset,Monash,tsf,dataset/Monash_Dataset/pedestrian_counts_dataset/pedestrian_counts_dataset.tsf,train,11,1089516,17,50125,96,1,mean,train_split_standard,-0.466389882,-0.656158863,1.620530873,3.000000000,0.436552613,0.068951526,0.715789474,13.000000000,0.048888889,3.000000000,0.207769362,2.000000000,0.333333333,0.062500000,-0.208333333,0.502697366,10.000000000,1.759748808,0.771428571,0.314285714,0.539961237,1.041942812
group_001,15,Monash__pedestrian_counts_dataset,Monash,tsf,dataset/Monash_Dataset/pedestrian_counts_dataset/pedestrian_counts_dataset.tsf,train,12,1976461,44,12870,96,1,mean,train_split_standard,-0.889419854,-1.052719514,4.185488200,12.000000000,0.480228038,-0.023201738,0.778947368,15.000000000,0.017751479,23.000000000,0.625708430,5.000000000,0.714285714,-0.166666667,0.020833333,0.917686218,13.000000000,1.666587335,0.628571429,0.371428571,0.245436926,0.590995298
group_001,15,Monash__pedestrian_counts_dataset,Monash,tsf,dataset/Monash_Dataset/pedestrian_counts_dataset/pedestrian_counts_dataset.tsf,train,13,1534203,29,672,96,1,mean,train_split_standard,-1.188002101,-0.302253640,3.841576286,11.000000000,0.550603597,0.169082360,0.884210526,12.000000000,0.017751479,23.000000000,0.290528115,5.000000000,0.285714286,0.250000000,0.062500000,0.846850069,8.000000000,1.802734773,0.542857143,0.171428571,0.245436926,0.708451647
group_001,15,Monash__pedestrian_counts_dataset,Monash,tsf,dataset/Monash_Dataset/pedestrian_counts_dataset/pedestrian_counts_dataset.tsf,train,14,225396,3,35493,96,1,mean,train_split_standard,-0.838825413,-0.996576026,4.361495530,12.000000000,0.562763604,0.014796917,0.842105263,11.000000000,0.029629630,23.000000000,0.512095311,5.000000000,1.000000000,0.343750000,0.031250000,0.968387123,14.000000000,1.633066474,0.571428571,0.228571429,0.245436926,0.577989081
group_001,15,Monash__pedestrian_counts_dataset,Monash,tsf,dataset/Monash_Dataset/pedestrian_counts_dataset/pedestrian_counts_dataset.tsf,train,15,655689,10,16009,96,1,mean,train_split_standard,0.078259268,-0.180810521,4.857081564,12.000000000,0.283033427,-0.049312172,0.547368421,13.000000000,0.030303030,0.000000000,0.298219256,6.000000000,0.625000000,-0.656250000,0.031250000,0.940574729,8.000000000,1.805424871,0.257142857,0.742857143,0.245436926,0.571415961
group_001,15,Monash__pedestrian_counts_dataset,Monash,tsf,dataset/Monash_Dataset/pedestrian_counts_dataset/pedestrian_counts_dataset.tsf,train,16,176184,2,50205,96,1,mean,train_split_standard,-0.941427593,-1.093481965,4.845099311,12.000000000,0.531096712,0.051403412,0.873684211,13.000000000,0.009861933,23.000000000,0.422452164,6.000000000,0.857142857,0.354166667,-0.281250000,0.938506725,11.000000000,1.576949379,0.600000000,0.228571429,0.245436926,0.526091794
group_001,15,Monash__pedestrian_counts_dataset,Monash,tsf,dataset/Monash_Dataset/pedestrian_counts_dataset/pedestrian_counts_dataset.tsf,train,17,1252376,21,25676,96,1,mean,train_split_standard,-1.025850809,-1.209941332,4.524458065,12.000000000,0.514993620,0.034132632,0.894736842,16.000000000,0.011834320,23.000000000,0.426640385,5.000000000,0.428571429,-0.093750000,0.062500000,0.922006464,13.000000000,1.663996092,0.542857143,0.228571429,0.245436926,0.606693702
group_001,15,Monash__pedestrian_counts_dataset,Monash,tsf,dataset/Monash_Dataset/pedestrian_counts_dataset/pedestrian_counts_dataset.tsf,train,18,1841203,39,11994,96,1,mean,train_split_standard,-0.727609272,-0.907325400,4.702873362,12.000000000,0.365462827,0.099428606,0.810526316,13.000000000,0.005917160,23.000000000,0.291281019,5.000000000,0.142857143,-0.041666667,0.125000000,0.845690106,6.000000000,1.741007640,0.400000000,0.257142857,0.245436926,0.676960939
group_001,15,Monash__pedestrian_counts_dataset,Monash,tsf,dataset/Monash_Dataset/pedestrian_counts_dataset/pedestrian_counts_dataset.tsf,train,19,241676,3,51773,96,1,mean,train_split_standard,-0.911275159,-1.060601958,4.323329922,12.000000000,0.580764662,0.034982252,0.863157895,15.000000000,0.042962963,23.000000000,0.499741671,5.000000000,1.000000000,-0.072916667,0.020833333,0.948790282,17.000000000,1.598684014,0.571428571,0.257142857,0.245436926,0.567785336
group_001,15,Monash__pedestrian_counts_dataset,Monash,tsf,dataset/Monash_Dataset/pedestrian_counts_dataset/pedestrian_counts_dataset.tsf,train,20,1574358,30,3221,96,1,mean,train_split_standard,-0.726742983,-0.925549506,3.723309962,11.000000000,0.449786649,-0.072277137,0.873684211,15.000000000,0.038518519,23.000000000,0.428468708,5.000000000,0.833333333,0.375000000,0.000000000,0.893562284,8.000000000,1.693586795,0.428571429,0.571428571,0.294524311,0.663910834
group_001,16,Monash__saugeenday_dataset,Monash,tsf,dataset/Monash_Dataset/saugeenday_dataset/saugeenday_dataset.tsf,train,1,928,0,928,96,1,mean,train_split_standard,-0.189468627,-0.493195016,5.663295022,14.000000000,0.321734087,-0.024461896,0.789473684,15.000000000,0.074074074,0.000000000,0.690792556,13.000000000,0.538461538,-0.927083333,0.281250000,0.810493040,9.000000000,1.704448874,0.285714286,0.171428571,0.196349541,0.302023481
group_001,16,Monash__saugeenday_dataset,Monash,tsf,dataset/Monash_Dataset/saugeenday_dataset/saugeenday_dataset.tsf,train,2,3651,0,3651,96,1,mean,train_split_standard,-0.287699572,-0.529576035,10.619642615,23.000000000,0.513225312,-0.024389871,0.526315789,25.000000000,0.166666667,29.000000000,0.558421539,6.000000000,0.051282051,0.822916667,-0.479166667,0.910998049,9.000000000,1.370414051,0.771428571,0.828571429,0.049087385,0.475159047
group_001,16,Monash__saugeenday_dataset,Monash,tsf,dataset/Monash_Dataset/saugeenday_dataset/saugeenday_dataset.tsf,train,3,6079,0,6079,96,1,mean,train_split_standard,-0.223889915,-0.451744850,7.957834900,16.000000000,0.375212791,0.001981762,0.642105263,14.000000000,0.166666667,26.000000000,0.672463262,14.000000000,0.083333333,0.864583333,-0.437500000,0.953041757,6.000000000,1.697468923,0.171428571,0.600000000,0.098174770,0.379737760
group_001,16,Monash__saugeenday_dataset,Monash,tsf,dataset/Monash_Dataset/saugeenday_dataset/saugeenday_dataset.tsf,train,4,3907,0,3907,96,1,mean,train_split_standard,-0.350186255,-0.604124852,9.656079689,3.000000000,0.401931516,0.096482274,0.421052632,24.000000000,0.062500000,4.000000000,0.333088199,2.000000000,0.090909091,0.364583333,-0.572916667,0.841743735,11.000000000,1.379851078,0.828571429,0.800000000,0.098174770,0.602256382
group_001,16,Monash__saugeenday_dataset,Monash,tsf,dataset/Monash_Dataset/saugeenday_dataset/saugeenday_dataset.tsf,train,5,2171,0,2171,96,1,mean,train_split_standard,-0.293435720,-0.555914702,5.516187109,14.000000000,0.318624180,0.152466491,0.705263158,10.000000000,0.012345679,18.000000000,0.283185973,9.000000000,0.400000000,0.864583333,0.312500000,0.888861261,16.000000000,1.608759137,0.171428571,0.771428571,0.196349541,0.553366498
group_001,16,Monash__saugeenday_dataset,Monash,tsf,dataset/Monash_Dataset/saugeenday_dataset/saugeenday_dataset.tsf,train,6,15425,0,15425,96,1,mean,train_split_standard,-0.742738877,-0.978690734,10.674673944,32.000000000,0.520442013,0.242633322,0.705263158,36.000000000,0.074074074,18.000000000,0.192685603,15.000000000,0.111111111,-0.708333333,0.562500000,0.832615831,11.000000000,1.568962048,0.828571429,0.800000000,0.147262156,0.563058001
group_001,16,Monash__saugeenday_dataset,Monash,tsf,dataset/Monash_Dataset/saugeenday_dataset/saugeenday_dataset.tsf,train,7,916,0,916,96,1,mean,train_split_standard,-0.176963715,-0.395214129,8.522434130,42.000000000,0.549866568,0.034287855,0.494736842,21.000000000,0.062500000,26.000000000,0.543116670,9.000000000,0.130434783,-0.822916667,0.333333333,0.960790092,12.000000000,1.483852899,0.771428571,0.628571429,0.098174770,0.391514325
group_001,16,Monash__saugeenday_dataset,Monash,tsf,dataset/Monash_Dataset/saugeenday_dataset/saugeenday_dataset.tsf,train,8,6014,0,6014,96,1,mean,train_split_standard,-0.027349895,-0.273500219,3.568821333,9.000000000,0.318555798,0.188809224,0.968421053,10.000000000,0.013333333,22.000000000,0.209429946,7.000000000,0.222222222,-0.333333333,0.645833333,0.767407219,10.000000000,1.903232348,0.285714286,0.742857143,0.294524311,0.752789221
group_001,16,Monash__saugeenday_dataset,Monash,tsf,dataset/Monash_Dataset/saugeenday_dataset/saugeenday_dataset.tsf,train,9,12854,0,12854,96,1,mean,train_split_standard,-0.002015616,-0.339800243,8.430305814,5.000000000,0.175830971,0.221409135,0.431578947,31.000000000,0.041666667,6.000000000,0.090297771,4.000000000,0.086956522,-0.489583333,0.463541667,0.722653276,11.000000000,1.378761068,0.828571429,0.828571429,0.147262156,0.753787256
group_001,16,Monash__saugeenday_dataset,Monash,tsf,dataset/Monash_Dataset/saugeenday_dataset/saugeenday_dataset.tsf,train,10,6691,0,6691,96,1,mean,train_split_standard,-0.183618166,-0.473199761,6.135607411,9.000000000,0.362375756,0.395231367,0.442105263,26.000000000,0.166666667,10.000000000,0.174775128,5.000000000,0.058823529,-0.843750000,0.510416667,0.859662537,10.000000000,1.453323715,0.828571429,0.600000000,0.147262156,0.631799719
group_001,16,Monash__saugeenday_dataset,Monash,tsf,dataset/Monash_Dataset/saugeenday_dataset/saugeenday_dataset.tsf,train,11,8929,0,8929,96,1,mean,train_split_standard,-0.185143404,-0.448476207,2.761081311,12.000000000,0.245517123,0.769222373,0.800000000,15.000000000,0.038567493,0.000000000,0.099260027,7.000000000,0.250000000,-0.583333333,0.390625000,0.741582618,14.000000000,1.803828209,0.828571429,0.828571429,0.294524311,0.846418880
group_001,16,Monash__saugeenday_dataset,Monash,tsf,dataset/Monash_Dataset/saugeenday_dataset/saugeenday_dataset.tsf,train,12,1320,0,1320,96,1,mean,train_split_standard,-0.697912140,-0.461528702,8.023467433,27.000000000,0.477771386,0.049574860,0.873684211,19.000000000,0.062500000,0.000000000,0.389726023,5.000000000,0.090909091,0.885416667,-0.666666667,0.893918963,8.000000000,1.654751530,0.828571429,0.800000000,0.098174770,0.528661862
group_001,16,Monash__saugeenday_dataset,Monash,tsf,dataset/Monash_Dataset/saugeenday_dataset/saugeenday_dataset.tsf,train,13,1135,0,1135,96,1,mean,train_split_standard,-0.550692098,-0.344913305,10.392047493,38.000000000,0.587655423,0.002644292,0.642105263,25.000000000,0.040000000,0.000000000,0.462528682,15.000000000,0.176470588,-0.052083333,0.281250000,0.929061101,14.000000000,1.483753094,0.828571429,0.828571429,0.098174770,0.499900950
group_001,16,Monash__saugeenday_dataset,Monash,tsf,dataset/Monash_Dataset/saugeenday_dataset/saugeenday_dataset.tsf,train,14,9425,0,9425,96,1,mean,train_split_standard,0.921337653,0.702019874,3.762592272,5.000000000,0.651040128,0.324088786,0.389473684,32.000000000,0.062500000,9.000000000,0.158248701,4.000000000,0.136363636,-0.302083333,-0.802083333,0.763875455,8.000000000,1.257142856,0.828571429,0.828571429,0.147262156,0.701641892
group_001,16,Monash__saugeenday_dataset,Monash,tsf,dataset/Monash_Dataset/saugeenday_dataset/saugeenday_dataset.tsf,train,15,10641,0,10641,96,1,mean,train_split_standard,-0.525348763,-0.803419646,5.236618395,8.000000000,0.389329395,0.017812009,0.705263158,24.000000000,0.062500000,14.000000000,0.433151892,7.000000000,0.150000000,0.104166667,-0.541666667,0.908726591,9.000000000,1.458703910,0.800000000,0.657142857,0.098174770,0.596550180
group_001,16,Monash__saugeenday_dataset,Monash,tsf,dataset/Monash_Dataset/saugeenday_dataset/saugeenday_dataset.tsf,train,16,9607,0,9607,96,1,mean,train_split_standard,-0.252132940,-0.534099982,7.483237635,24.000000000,0.342167896,-0.012648131,0.705263158,23.000000000,0.166666667,18.000000000,0.849278429,15.000000000,0.325000000,-0.937500000,0.531250000,0.826520477,13.000000000,1.376002468,0.800000000,0.171428571,0.147262156,0.280499754
group_001,16,Monash__saugeenday_dataset,Monash,tsf,dataset/Monash_Dataset/saugeenday_dataset/saugeenday_dataset.tsf,train,17,7214,0,7214,96,1,mean,train_split_standard,-0.011432993,-0.213027431,4.753105884,12.000000000,0.685571387,0.241292940,0.547368421,13.000000000,0.062500000,0.000000000,0.228335227,11.000000000,0.095238095,0.187500000,-0.666666667,0.857571627,7.000000000,1.355727923,0.800000000,0.685714286,0.196349541,0.523848265
group_001,16,Monash__saugeenday_dataset,Monash,tsf,dataset/Monash_Dataset/saugeenday_dataset/saugeenday_dataset.tsf,train,18,1243,0,1243,96,1,mean,train_split_standard,-0.852373609,-0.638034109,16.167451176,8.000000000,0.766433323,0.001405740,0.831578947,22.000000000,0.166666667,9.000000000,0.576449313,6.000000000,0.057142857,-0.895833333,0.489583333,0.890430915,6.000000000,1.661363206,0.228571429,0.600000000,0.049087385,0.396810469
group_001,16,Monash__saugeenday_dataset,Monash,tsf,dataset/Monash_Dataset/saugeenday_dataset/saugeenday_dataset.tsf,train,19,15901,0,15901,96,1,mean,train_split_standard,0.121315897,-0.155406300,3.106940475,7.000000000,0.466484611,0.341192899,0.905263158,11.000000000,0.062500000,9.000000000,0.180392793,4.000000000,0.086956522,0.000000000,-0.541666667,0.734403782,7.000000000,1.604343038,0.685714286,0.600000000,0.245436926,0.805098193
group_001,16,Monash__saugeenday_dataset,Monash,tsf,dataset/Monash_Dataset/saugeenday_dataset/saugeenday_dataset.tsf,train,20,5364,0,5364,96,1,mean,train_split_standard,-0.740262971,-1.013262636,16.818725172,6.000000000,0.496166564,0.512229224,0.631578947,41.000000000,0.074074074,13.000000000,0.155954034,5.000000000,0.066666667,0.531250000,-0.468750000,0.772489883,8.000000000,1.364922484,0.800000000,0.714285714,0.049087385,0.697613394
group_001,17,Monash__solar_10_minutes_dataset,Monash,tsf,dataset/Monash_Dataset/solar_10_minutes_dataset/solar_10_minutes_dataset.tsf,train,1,661469,18,2651,96,1,mean,train_split_standard,-0.511594050,-0.638832465,18.680850690,60.000000000,0.830133234,-0.000195491,0.357894737,36.000000000,0.074074074,0.000000000,2.765289035,40.000000000,0.535714286,-0.656250000,0.416666667,0.977640418,23.000000000,0.990779269,0.685714286,0.600000000,0.049087385,0.134348888
group_001,17,Monash__solar_10_minutes_dataset,Monash,tsf,dataset/Monash_Dataset/solar_10_minutes_dataset/solar_10_minutes_dataset.tsf,train,2,2059971,56,10315,96,1,mean,train_split_standard,0.082473979,-0.146946887,5.703971265,81.000000000,0.327276864,0.041313967,0.168421053,12.000000000,0.166666667,0.000000000,0.423899234,10.000000000,0.363636364,-0.885416667,0.104166667,0.939834079,11.000000000,0.566145975,0.771428571,0.171428571,0.196349541,0.404146733
group_001,17,Monash__solar_10_minutes_dataset,Monash,tsf,dataset/Monash_Dataset/solar_10_minutes_dataset/solar_10_minutes_dataset.tsf,train,3,2497759,68,8891,96,1,mean,train_split_standard,-0.160508309,-0.310415562,10.115173480,78.000000000,0.540807101,0.006896992,0.147368421,17.000000000,0.226666667,25.000000000,1.129572025,40.000000000,0.647058824,0.843750000,-0.177083333,0.958337311,4.000000000,0.541640834,0.571428571,0.800000000,0.098174770,0.199998664
group_001,17,Monash__solar_10_minutes_dataset,Monash,tsf,dataset/Monash_Dataset/solar_10_minutes_dataset/solar_10_minutes_dataset.tsf,train,4,628873,17,6656,96,1,mean,train_split_standard,-0.593313975,-0.752992140,12.822532231,39.000000000,0.719505398,-0.004749964,0.536842105,32.000000000,0.062500000,0.000000000,0.764221079,18.000000000,0.100000000,-0.020833333,0.562500000,0.937144296,10.000000000,1.391636865,0.828571429,0.657142857,0.098174770,0.360120081
group_001,17,Monash__solar_10_minutes_dataset,Monash,tsf,dataset/Monash_Dataset/solar_10_minutes_dataset/solar_10_minutes_dataset.tsf,train,5,4265601,116,19885,96,1,mean,train_split_standard,-1.002363439,-1.133161184,15.784809437,43.000000000,1.031093877,-0.000034480,0.547368421,51.000000000,0.062500000,0.000000000,4.095444782,21.000000000,1.130434783,0.187500000,-0.635416667,0.970259573,22.000000000,1.348655726,0.771428571,0.828571429,0.049087385,0.148751394
group_001,17,Monash__solar_10_minutes_dataset,Monash,tsf,dataset/Monash_Dataset/solar_10_minutes_dataset/solar_10_minutes_dataset.tsf,train,6,2718081,74,9607,96,1,mean,train_split_standard,0.165916892,-0.063013776,4.360491267,85.000000000,0.219676604,0.036423381,0.147368421,8.000000000,0.166666667,0.000000000,0.481470802,11.000000000,0.818181818,0.947916667,-0.083333333,0.883284297,2.000000000,0.493147825,0.171428571,0.828571429,0.245436926,0.347604503
group_001,17,Monash__solar_10_minutes_dataset,Monash,tsf,dataset/Monash_Dataset/solar_10_minutes_dataset/solar_10_minutes_dataset.tsf,train,7,2069850,56,20194,96,1,mean,train_split_standard,-0.927805386,-1.071117150,16.310569113,42.000000000,1.026321115,0.000894765,0.568421053,51.000000000,0.062500000,27.000000000,1.967314364,21.000000000,1.000000000,-0.197916667,0.651041667,0.968121630,32.000000000,1.285187984,0.828571429,0.371428571,0.049087385,0.186030275
group_001,17,Monash__solar_10_minutes_dataset,Monash,tsf,dataset/Monash_Dataset/solar_10_minutes_dataset/solar_10_minutes_dataset.tsf,train,8,3399794,92,32502,96,1,mean,train_split_standard,0.028839528,-0.197291985,7.720827423,76.000000000,0.426990886,0.003297720,0.242105263,15.000000000,0.106666667,0.000000000,1.714237782,15.000000000,1.125000000,0.937500000,-0.125000000,0.884686027,6.000000000,0.664287061,0.828571429,0.828571429,0.147262156,0.230726673
group_001,17,Monash__solar_10_minutes_dataset,Monash,tsf,dataset/Monash_Dataset/solar_10_minutes_dataset/solar_10_minutes_dataset.tsf,train,9,1881218,51,14567,96,1,mean,train_split_standard,-0.766014281,-0.894825719,14.280251359,37.000000000,0.868200488,0.002966420,0.431578947,40.000000000,0.062500000,28.000000000,1.489908320,19.000000000,1.047619048,0.072916667,-0.510416667,0.973617462,36.000000000,1.285187984,0.742857143,0.800000000,0.098174770,0.186555087
group_001,17,Monash__solar_10_minutes_dataset,Monash,tsf,dataset/Monash_Dataset/solar_10_minutes_dataset/solar_10_minutes_dataset.tsf,train,10,2799783,76,18107,96,1,mean,train_split_standard,0.066359942,-0.151319110,5.713389249,78.000000000,0.320562749,0.020361750,0.221052632,12.000000000,0.226666667,9.000000000,0.753518678,6.000000000,0.277777778,0.927083333,-0.197916667,0.954444763,3.000000000,0.596793791,0.742857143,0.600000000,0.147262156,0.336312216
group_001,17,Monash__solar_10_minutes_dataset,Monash,tsf,dataset/Monash_Dataset/solar_10_minutes_dataset/solar_10_minutes_dataset.tsf,train,11,2750976,75,5901,96,1,mean,train_split_standard,-0.302348051,-0.506882113,19.041611555,10.000000000,0.663326997,-0.028006052,0.431578947,32.000000000,0.111111111,16.000000000,0.472267626,8.000000000,0.107142857,0.666666667,-0.437500000,0.930177980,10.000000000,1.139589068,0.800000000,0.571428571,0.049087385,0.478054516
group_001,17,Monash__solar_10_minutes_dataset,Monash,tsf,dataset/Monash_Dataset/solar_10_minutes_dataset/solar_10_minutes_dataset.tsf,train,12,2773871,75,28796,96,1,mean,train_split_standard,-0.729746347,-0.860855781,19.730712488,52.000000000,0.981247090,-0.000862352,0.526315789,39.000000000,0.111111111,11.000000000,1.718523563,34.000000000,0.206896552,0.500000000,-0.541666667,0.978725805,8.000000000,1.289787588,0.828571429,0.514285714,0.049087385,0.185332332
group_001,17,Monash__solar_10_minutes_dataset,Monash,tsf,dataset/Monash_Dataset/solar_10_minutes_dataset/solar_10_minutes_dataset.tsf,train,13,87405,2,14203,96,1,mean,train_split_standard,0.035512584,-0.189116036,6.329226674,77.000000000,0.388938631,-0.002384204,0.221052632,13.000000000,0.095238095,0.000000000,1.413882875,12.000000000,1.153846154,-0.916666667,0.098958333,0.874707485,15.000000000,0.626317053,0.771428571,0.171428571,0.147262156,0.272273967
group_001,17,Monash__solar_10_minutes_dataset,Monash,tsf,dataset/Monash_Dataset/solar_10_minutes_dataset/solar_10_minutes_dataset.tsf,train,14,4771008,130,12878,96,1,mean,train_split_standard,-0.489240761,-0.631654917,19.272234789,59.000000000,0.726677733,0.002318930,0.410526316,37.000000000,0.074074074,11.000000000,0.585240333,8.000000000,0.064516129,-0.739583333,0.437500000,0.942517745,15.000000000,1.157752273,0.800000000,0.600000000,0.049087385,0.288073550
group_001,17,Monash__solar_10_minutes_dataset,Monash,tsf,dataset/Monash_Dataset/solar_10_minutes_dataset/solar_10_minutes_dataset.tsf,train,15,133343,3,23540,96,1,mean,train_split_standard,-0.306205422,-0.483849527,15.724451583,61.000000000,0.702366860,-0.004183651,0.368421053,23.000000000,0.074074074,15.000000000,1.268477130,7.000000000,0.096774194,-0.885416667,0.406250000,0.931886037,13.000000000,1.118292126,0.314285714,0.828571429,0.049087385,0.210300607
group_001,17,Monash__solar_10_minutes_dataset,Monash,tsf,dataset/Monash_Dataset/solar_10_minutes_dataset/solar_10_minutes_dataset.tsf,train,16,960448,26,8822,96,1,mean,train_split_standard,-0.815281862,-0.940088059,16.539596764,43.000000000,0.962299899,0.000154906,0.484210526,48.000000000,0.111111111,0.000000000,3.255146396,23.000000000,0.920000000,-0.281250000,0.572916667,0.976551800,27.000000000,1.284837042,0.828571429,0.514285714,0.049087385,0.153803173
group_001,17,Monash__solar_10_minutes_dataset,Monash,tsf,dataset/Monash_Dataset/solar_10_minutes_dataset/solar_10_minutes_dataset.tsf,train,17,1325592,36,7956,96,1,mean,train_split_standard,-0.302606763,-0.482240841,11.165652464,32.000000000,0.504790449,-0.010831829,0.442105263,24.000000000,0.040000000,0.000000000,0.623721451,16.000000000,0.166666667,-0.187500000,0.427083333,0.940891069,8.000000000,1.358833768,0.800000000,0.742857143,0.098174770,0.412852423
group_001,17,Monash__solar_10_minutes_dataset,Monash,tsf,dataset/Monash_Dataset/solar_10_minutes_dataset/solar_10_minutes_dataset.tsf,train,18,3726046,101,29345,96,1,mean,train_split_standard,-0.159826057,-0.333217234,10.521416250,74.000000000,0.610649602,0.000832924,0.242105263,21.000000000,0.133333333,0.000000000,1.298812818,40.000000000,0.368421053,0.791666667,-0.239583333,0.981058357,8.000000000,0.669805822,0.742857143,0.571428571,0.098174770,0.261026301
group_001,17,Monash__solar_10_minutes_dataset,Monash,tsf,dataset/Monash_Dataset/solar_10_minutes_dataset/solar_10_minutes_dataset.tsf,train,19,4839033,132,7701,96,1,mean,train_split_standard,-0.326939682,-0.471894168,14.863130154,69.000000000,0.659955453,-0.003204774,0.315789474,27.000000000,0.074074074,0.000000000,1.220218769,21.000000000,0.083333333,-0.729166667,0.322916667,0.967840331,13.000000000,0.793698902,0.485714286,0.771428571,0.049087385,0.204386941
group_001,17,Monash__solar_10_minutes_dataset,Monash,tsf,dataset/Monash_Dataset/solar_10_minutes_dataset/solar_10_minutes_dataset.tsf,train,20,4176677,114,4163,96,1,mean,train_split_standard,-0.222739596,-0.419368243,8.303561695,9.000000000,0.574208219,0.008889634,0.357894737,26.000000000,0.185185185,15.000000000,0.559015254,8.000000000,0.166666667,0.635416667,-0.375000000,0.917380853,8.000000000,1.071937681,0.742857143,0.571428571,0.098174770,0.451141932
group_001,18,Monash__solar_4_seconds_dataset,Monash,tsf,dataset/Monash_Dataset/solar_4_seconds_dataset/solar_4_seconds_dataset.tsf,train,1,5016922,0,5016922,96,1,mean,train_split_standard,,,0.000000000,0.000000000,,,,,,0.000000000,,,,,,,,,,,,
group_001,18,Monash__solar_4_seconds_dataset,Monash,tsf,dataset/Monash_Dataset/solar_4_seconds_dataset/solar_4_seconds_dataset.tsf,train,2,358102,0,358102,96,1,mean,train_split_standard,,,0.000000000,0.000000000,,,,,,0.000000000,,,,,,,,,,,,
group_001,18,Monash__solar_4_seconds_dataset,Monash,tsf,dataset/Monash_Dataset/solar_4_seconds_dataset/solar_4_seconds_dataset.tsf,train,3,1233390,0,1233390,96,1,mean,train_split_standard,,,0.000000000,0.000000000,,,,,,0.000000000,,,,,,,,,,,,
group_001,18,Monash__solar_4_seconds_dataset,Monash,tsf,dataset/Monash_Dataset/solar_4_seconds_dataset/solar_4_seconds_dataset.tsf,train,4,1933223,0,1933223,96,1,mean,train_split_standard,,,0.000000000,0.000000000,,,,,,0.000000000,,,,,,,,,,,,
group_001,18,Monash__solar_4_seconds_dataset,Monash,tsf,dataset/Monash_Dataset/solar_4_seconds_dataset/solar_4_seconds_dataset.tsf,train,5,2219138,0,2219138,96,1,mean,train_split_standard,0.034845421,0.202104010,19.040562245,64.000000000,1.232247266,0.024627010,0.042105263,63.000000000,0.166666667,28.000000000,0.773073852,12.000000000,0.029411765,0.645833333,-0.833333333,0.947369732,1.000000000,0.969894791,0.828571429,0.742857143,0.049087385,0.205109636
group_001,18,Monash__solar_4_seconds_dataset,Monash,tsf,dataset/Monash_Dataset/solar_4_seconds_dataset/solar_4_seconds_dataset.tsf,train,6,4842131,0,4842131,96,1,mean,train_split_standard,-0.642823798,-0.832718292,19.723273731,56.000000000,1.141982375,-0.036235983,0.042105263,56.000000000,0.166666667,27.000000000,0.610035079,14.000000000,0.027777778,-0.697916667,0.916666667,0.936951401,2.000000000,1.176465366,0.800000000,0.342857143,0.049087385,0.233101615
group_001,18,Monash__solar_4_seconds_dataset,Monash,tsf,dataset/Monash_Dataset/solar_4_seconds_dataset/solar_4_seconds_dataset.tsf,train,7,4134724,0,4134724,96,1,mean,train_split_standard,,,0.000000000,0.000000000,,,,,,0.000000000,,,,,,,,,,,,
group_001,18,Monash__solar_4_seconds_dataset,Monash,tsf,dataset/Monash_Dataset/solar_4_seconds_dataset/solar_4_seconds_dataset.tsf,train,8,1989284,0,1989284,96,1,mean,train_split_standard,,,0.000000000,0.000000000,,,,,,0.000000000,,,,,,,,,,,,
group_001,18,Monash__solar_4_seconds_dataset,Monash,tsf,dataset/Monash_Dataset/solar_4_seconds_dataset/solar_4_seconds_dataset.tsf,train,9,4605405,0,4605405,96,1,mean,train_split_standard,0.440189376,0.638688148,18.791236438,64.000000000,1.173719803,-0.008131204,0.094736842,51.000000000,0.166666667,0.000000000,1.871385460,8.000000000,0.027777778,-0.854166667,0.875000000,0.930850889,2.000000000,1.060470224,0.171428571,0.600000000,0.049087385,0.149134922
group_001,18,Monash__solar_4_seconds_dataset,Monash,tsf,dataset/Monash_Dataset/solar_4_seconds_dataset/solar_4_seconds_dataset.tsf,train,10,2895324,0,2895324,96,1,mean,train_split_standard,0.623944868,0.752636956,20.678687768,56.000000000,1.078288977,0.000622983,0.178947368,55.000000000,0.166666667,0.000000000,3.984517348,40.000000000,0.031250000,0.489583333,-0.729166667,0.970033539,1.000000000,0.705909191,0.828571429,0.600000000,0.049087385,0.074196932
group_001,18,Monash__solar_4_seconds_dataset,Monash,tsf,dataset/Monash_Dataset/solar_4_seconds_dataset/solar_4_seconds_dataset.tsf,train,11,3029621,0,3029621,96,1,mean,train_split_standard,0.735085918,0.834758585,20.122641457,51.000000000,0.602479623,-0.083386283,0.010526316,51.000000000,0.166666667,0.000000000,0.115778711,40.000000000,0.031250000,-0.458333333,0.541666667,0.958220876,2.000000000,0.742240111,0.828571429,0.685714286,0.049087385,0.255603199
group_001,18,Monash__solar_4_seconds_dataset,Monash,tsf,dataset/Monash_Dataset/solar_4_seconds_dataset/solar_4_seconds_dataset.tsf,train,12,3758776,0,3758776,96,1,mean,train_split_standard,0.267223545,0.409538667,12.529678081,69.000000000,0.671174825,-0.018992172,0.042105263,69.000000000,0.104166667,0.000000000,0.586271355,11.000000000,0.043478261,-0.270833333,0.833333333,0.966556448,2.000000000,0.000000000,0.742857143,0.828571429,0.049087385,0.238676158
group_001,18,Monash__solar_4_seconds_dataset,Monash,tsf,dataset/Monash_Dataset/solar_4_seconds_dataset/solar_4_seconds_dataset.tsf,train,13,3318056,0,3318056,96,1,mean,train_split_standard,,,0.000000000,0.000000000,,,,,,0.000000000,,,,,,,,,,,,
group_001,18,Monash__solar_4_seconds_dataset,Monash,tsf,dataset/Monash_Dataset/solar_4_seconds_dataset/solar_4_seconds_dataset.tsf,train,14,1309954,0,1309954,96,1,mean,train_split_standard,,,0.000000000,0.000000000,,,,,,0.000000000,,,,,,,,,,,,
group_001,18,Monash__solar_4_seconds_dataset,Monash,tsf,dataset/Monash_Dataset/solar_4_seconds_dataset/solar_4_seconds_dataset.tsf,train,15,2894767,0,2894767,96,1,mean,train_split_standard,0.622731340,0.762409469,18.734377719,64.000000000,1.139062699,0.004683338,0.073684211,63.000000000,0.166666667,0.000000000,2.066326544,20.000000000,0.030303030,0.531250000,-0.760416667,0.961293513,1.000000000,0.685760143,0.771428571,0.742857143,0.049087385,0.123295546
group_001,18,Monash__solar_4_seconds_dataset,Monash,tsf,dataset/Monash_Dataset/solar_4_seconds_dataset/solar_4_seconds_dataset.tsf,train,16,2276347,0,2276347,96,1,mean,train_split_standard,,,0.000000000,0.000000000,,,,,,0.000000000,,,,,,,,,,,,
group_001,18,Monash__solar_4_seconds_dataset,Monash,tsf,dataset/Monash_Dataset/solar_4_seconds_dataset/solar_4_seconds_dataset.tsf,train,17,4404992,0,4404992,96,1,mean,train_split_standard,,,0.000000000,0.000000000,,,,,,0.000000000,,,,,,,,,,,,
group_001,18,Monash__solar_4_seconds_dataset,Monash,tsf,dataset/Monash_Dataset/solar_4_seconds_dataset/solar_4_seconds_dataset.tsf,train,18,2166659,0,2166659,96,1,mean,train_split_standard,,,0.000000000,0.000000000,,,,,,0.000000000,,,,,,,,,,,,
group_001,18,Monash__solar_4_seconds_dataset,Monash,tsf,dataset/Monash_Dataset/solar_4_seconds_dataset/solar_4_seconds_dataset.tsf,train,19,200673,0,200673,96,1,mean,train_split_standard,,,0.000000000,0.000000000,,,,,,0.000000000,,,,,,,,,,,,
group_001,18,Monash__solar_4_seconds_dataset,Monash,tsf,dataset/Monash_Dataset/solar_4_seconds_dataset/solar_4_seconds_dataset.tsf,train,20,3228123,0,3228123,96,1,mean,train_split_standard,,,0.000000000,0.000000000,,,,,,0.000000000,,,,,,,,,,,,
group_001,19,Monash__sunspot_dataset_without_missing_values,Monash,tsf,dataset/Monash_Dataset/sunspot_dataset_without_missing_values/sunspot_dataset_without_missing_values.tsf,train,1,45382,0,45382,96,1,mean,train_split_standard,-0.746528873,-0.947023094,11.209161434,45.000000000,0.577425049,-0.002087331,0.863157895,22.000000000,0.111111111,21.000000000,0.537315260,13.000000000,0.034482759,-0.739583333,0.291666667,0.922788045,9.000000000,1.666392659,0.371428571,0.828571429,0.049087385,0.425399945
group_001,19,Monash__sunspot_dataset_without_missing_values,Monash,tsf,dataset/Monash_Dataset/sunspot_dataset_without_missing_values/sunspot_dataset_without_missing_values.tsf,train,2,24139,0,24139,96,1,mean,train_split_standard,0.162834422,-0.064203119,4.683271444,14.000000000,0.309732574,0.091398942,0.926315789,23.000000000,0.034013605,18.000000000,0.290332699,12.000000000,0.076923077,-0.375000000,0.375000000,0.778723614,7.000000000,1.897897490,0.771428571,0.628571429,0.245436926,0.716467764
group_001,19,Monash__sunspot_dataset_without_missing_values,Monash,tsf,dataset/Monash_Dataset/sunspot_dataset_without_missing_values/sunspot_dataset_without_missing_values.tsf,train,3,13804,0,13804,96,1,mean,train_split_standard,-0.026025496,-0.266888537,2.189833223,6.000000000,0.218461578,-0.782353431,0.200000000,9.000000000,0.097777778,10.000000000,0.069539519,4.000000000,0.166666667,-0.229166667,0.218750000,0.597347811,3.000000000,0.868764366,0.828571429,0.400000000,0.490873852,0.921049350
group_001,19,Monash__sunspot_dataset_without_missing_values,Monash,tsf,dataset/Monash_Dataset/sunspot_dataset_without_missing_values/sunspot_dataset_without_missing_values.tsf,train,4,1019,0,1019,96,1,mean,train_split_standard,-0.747027969,-0.910815925,4.758529943,14.000000000,0.714012341,-0.451337352,0.168421053,42.000000000,0.063333333,28.000000000,0.161153694,7.000000000,0.111111111,0.041666667,0.302083333,0.769310132,3.000000000,1.469709897,0.800000000,0.714285714,0.245436926,0.612360951
group_001,19,Monash__sunspot_dataset_without_missing_values,Monash,tsf,dataset/Monash_Dataset/sunspot_dataset_without_missing_values/sunspot_dataset_without_missing_values.tsf,train,5,2557,0,2557,96,1,mean,train_split_standard,-0.249943987,-0.464904901,3.731422208,11.000000000,0.212513737,-0.176810876,0.400000000,11.000000000,0.033057851,24.000000000,0.187074876,6.000000000,0.125000000,0.135416667,0.041666667,0.764994477,5.000000000,1.504742673,0.828571429,0.571428571,0.294524311,0.768776732
group_001,19,Monash__sunspot_dataset_without_missing_values,Monash,tsf,dataset/Monash_Dataset/sunspot_dataset_without_missing_values/sunspot_dataset_without_missing_values.tsf,train,6,42455,0,42455,96,1,mean,train_split_standard,-0.614468294,-0.805507565,4.349004474,16.000000000,0.405486376,0.037762673,0.642105263,15.000000000,0.005509642,30.000000000,0.459633287,7.000000000,0.500000000,-0.072916667,0.291666667,0.873062714,6.000000000,1.686515902,0.485714286,0.457142857,0.196349541,0.652335445
group_001,19,Monash__sunspot_dataset_without_missing_values,Monash,tsf,dataset/Monash_Dataset/sunspot_dataset_without_missing_values/sunspot_dataset_without_missing_values.tsf,train,7,40241,0,40241,96,1,mean,train_split_standard,0.796603248,-0.138642867,4.638911877,13.000000000,0.471296432,-0.002069156,0.873684211,17.000000000,0.009861933,26.000000000,0.551012802,6.000000000,0.571428571,0.072916667,0.406250000,0.909809754,12.000000000,1.574179492,0.514285714,0.228571429,0.245436926,0.581944956
group_001,19,Monash__sunspot_dataset_without_missing_values,Monash,tsf,dataset/Monash_Dataset/sunspot_dataset_without_missing_values/sunspot_dataset_without_missing_values.tsf,train,8,39274,0,39274,96,1,mean,train_split_standard,-0.548826156,-0.329348459,5.041078395,11.000000000,0.496592605,-0.007203419,0.905263158,16.000000000,0.037037037,24.000000000,0.463477722,9.000000000,0.100000000,0.916666667,-0.437500000,0.901214692,6.000000000,1.766947005,0.342857143,0.571428571,0.245436926,0.539628644
group_001,19,Monash__sunspot_dataset_without_missing_values,Monash,tsf,dataset/Monash_Dataset/sunspot_dataset_without_missing_values/sunspot_dataset_without_missing_values.tsf,train,9,17927,0,17927,96,1,mean,train_split_standard,-0.281706594,-0.456712909,5.062382661,9.000000000,0.334980317,0.089360616,0.368421053,14.000000000,0.083333333,15.000000000,0.222291414,8.000000000,0.047619048,-0.041666667,0.114583333,0.824979778,6.000000000,1.028984221,0.714285714,0.828571429,0.147262156,0.690179751
group_001,19,Monash__sunspot_dataset_without_missing_values,Monash,tsf,dataset/Monash_Dataset/sunspot_dataset_without_missing_values/sunspot_dataset_without_missing_values.tsf,train,10,19654,0,19654,96,1,mean,train_split_standard,-0.518053480,-0.295763549,3.447010045,7.000000000,0.212406772,-0.010941182,0.894736842,14.000000000,0.005917160,25.000000000,0.182819034,6.000000000,0.142857143,-0.125000000,0.239583333,0.679700074,4.000000000,1.910766373,0.200000000,0.828571429,0.294524311,0.785116470
group_001,19,Monash__sunspot_dataset_without_missing_values,Monash,tsf,dataset/Monash_Dataset/sunspot_dataset_without_missing_values/sunspot_dataset_without_missing_values.tsf,train,11,25270,0,25270,96,1,mean,train_split_standard,-0.743819794,-0.961199847,4.291683647,7.000000000,0.239297706,-0.052806230,0.747368421,21.000000000,0.027777778,9.000000000,0.207975771,6.000000000,0.066666667,0.239583333,-0.489583333,0.738711436,6.000000000,1.736963830,0.800000000,0.657142857,0.147262156,0.745191959
group_001,19,Monash__sunspot_dataset_without_missing_values,Monash,tsf,dataset/Monash_Dataset/sunspot_dataset_without_missing_values/sunspot_dataset_without_missing_values.tsf,train,12,8925,0,8925,96,1,mean,train_split_standard,0.516910074,-1.203699267,3.713624773,12.000000000,0.307719510,-0.155896435,0.715789474,12.000000000,0.024691358,24.000000000,0.197645223,8.000000000,0.100000000,0.229166667,-0.302083333,0.746321591,5.000000000,1.912669043,0.800000000,0.800000000,0.294524311,0.751358933
group_001,19,Monash__sunspot_dataset_without_missing_values,Monash,tsf,dataset/Monash_Dataset/sunspot_dataset_without_missing_values/sunspot_dataset_without_missing_values.tsf,train,13,27004,0,27004,96,1,mean,train_split_standard,-0.636651332,-0.846877681,5.135206603,12.000000000,0.389478347,0.020333540,0.947368421,19.000000000,0.023333333,27.000000000,0.292596745,7.000000000,0.111111111,0.239583333,0.552083333,0.891002533,6.000000000,1.767058810,0.742857143,0.600000000,0.245436926,0.577764739
group_001,19,Monash__sunspot_dataset_without_missing_values,Monash,tsf,dataset/Monash_Dataset/sunspot_dataset_without_missing_values/sunspot_dataset_without_missing_values.tsf,train,14,38163,0,38163,96,1,mean,train_split_standard,-0.520187628,-0.694309030,3.184279706,8.000000000,0.329504387,0.067276729,0.547368421,10.000000000,0.018467221,14.000000000,0.237146276,4.000000000,0.800000000,-0.625000000,-0.072916667,0.854925975,4.000000000,1.767881679,0.314285714,0.600000000,0.343611696,0.746884173
group_001,19,Monash__sunspot_dataset_without_missing_values,Monash,tsf,dataset/Monash_Dataset/sunspot_dataset_without_missing_values/sunspot_dataset_without_missing_values.tsf,train,15,5379,0,5379,96,1,mean,train_split_standard,-0.016266979,-0.232729587,2.271661271,9.000000000,0.126261000,-0.252613772,0.557894737,12.000000000,0.005917160,22.000000000,0.114857920,5.000000000,0.142857143,0.437500000,0.093750000,0.648629982,4.000000000,1.952741482,0.828571429,0.571428571,0.343611696,0.871107849
group_001,19,Monash__sunspot_dataset_without_missing_values,Monash,tsf,dataset/Monash_Dataset/sunspot_dataset_without_missing_values/sunspot_dataset_without_missing_values.tsf,train,16,11948,0,11948,96,1,mean,train_split_standard,-0.100359739,0.151921670,3.713862980,14.000000000,0.191121958,-0.147893837,0.968421053,11.000000000,0.023333333,27.000000000,0.220488491,7.000000000,0.111111111,-0.322916667,-0.020833333,0.689423664,4.000000000,1.927175922,0.600000000,0.657142857,0.245436926,0.794264168
group_001,19,Monash__sunspot_dataset_without_missing_values,Monash,tsf,dataset/Monash_Dataset/sunspot_dataset_without_missing_values/sunspot_dataset_without_missing_values.tsf,train,17,39657,0,39657,96,1,mean,train_split_standard,-0.070627897,-0.300234691,3.629885897,12.000000000,0.299607614,0.055642410,0.926315789,15.000000000,0.007407407,23.000000000,0.235925437,5.000000000,0.166666667,0.385416667,-0.239583333,0.816092136,7.000000000,1.812445613,0.342857143,0.171428571,0.294524311,0.722431442
group_001,19,Monash__sunspot_dataset_without_missing_values,Monash,tsf,dataset/Monash_Dataset/sunspot_dataset_without_missing_values/sunspot_dataset_without_missing_values.tsf,train,18,13847,0,13847,96,1,mean,train_split_standard,-0.038423203,-0.206087963,2.343491116,8.000000000,0.072020125,-0.033075915,0.126315789,6.000000000,0.187442290,12.000000000,0.059269745,3.000000000,0.200000000,0.385416667,-0.083333333,0.693691101,4.000000000,0.628484601,0.200000000,0.571428571,0.490873852,0.930530905
group_001,19,Monash__sunspot_dataset_without_missing_values,Monash,tsf,dataset/Monash_Dataset/sunspot_dataset_without_missing_values/sunspot_dataset_without_missing_values.tsf,train,19,20290,0,20290,96,1,mean,train_split_standard,-0.509631415,-0.509631415,3.137765107,4.000000000,0.284971547,-0.033745781,0.863157895,15.000000000,0.046666667,4.000000000,0.306334475,3.000000000,0.222222222,-0.437500000,0.145833333,0.677674939,5.000000000,1.854914025,0.571428571,0.228571429,0.245436926,0.725395056
group_001,19,Monash__sunspot_dataset_without_missing_values,Monash,tsf,dataset/Monash_Dataset/sunspot_dataset_without_missing_values/sunspot_dataset_without_missing_values.tsf,train,20,7091,0,7091,96,1,mean,train_split_standard,0.172194825,0.409100009,3.709180786,6.000000000,0.439252302,0.280908172,0.452631579,23.000000000,0.040000000,24.000000000,0.171150263,5.000000000,0.058823529,-0.385416667,0.729166667,0.709161733,4.000000000,1.711759688,0.800000000,0.800000000,0.245436926,0.783599829
group_001,20,Monash__traffic_hourly_dataset,Monash,tsf,dataset/Monash_Dataset/traffic_hourly_dataset/traffic_hourly_dataset.tsf,train,1,2262043,187,1400,96,1,mean,train_split_standard,-0.262201105,-0.472808409,3.104329735,13.000000000,0.230249272,-0.165457125,0.631578947,10.000000000,0.022222222,23.000000000,0.219244078,5.000000000,0.500000000,0.447916667,-0.479166667,0.818081134,11.000000000,1.600626648,0.257142857,0.742857143,0.294524311,0.783576606
group_001,20,Monash__traffic_hourly_dataset,Monash,tsf,dataset/Monash_Dataset/traffic_hourly_dataset/traffic_hourly_dataset.tsf,train,2,9307498,769,11057,96,1,mean,train_split_standard,0.252760588,0.531868088,3.305596958,11.000000000,0.254627428,0.192271939,0.884210526,17.000000000,0.029629630,25.000000000,0.106053927,4.000000000,0.166666667,-0.270833333,0.114583333,0.760561573,10.000000000,1.678393988,0.600000000,0.228571429,0.294524311,0.769370012
group_001,20,Monash__traffic_hourly_dataset,Monash,tsf,dataset/Monash_Dataset/traffic_hourly_dataset/traffic_hourly_dataset.tsf,train,3,1558685,128,11293,96,1,mean,train_split_standard,-0.132151618,-0.132151618,2.139426250,10.000000000,0.125871543,-0.206508356,0.757894737,14.000000000,0.031394275,23.000000000,0.129068439,3.000000000,0.400000000,0.885416667,-0.156250000,0.656369291,11.000000000,1.678393988,0.771428571,0.600000000,0.441786467,0.951874911
group_001,20,Monash__traffic_hourly_dataset,Monash,tsf,dataset/Monash_Dataset/traffic_hourly_dataset/traffic_hourly_dataset.tsf,train,4,6656550,550,7600,96,1,mean,train_split_standard,-1.115689393,-1.282281750,3.649119653,11.000000000,0.494683034,0.028601670,0.852631579,15.000000000,0.025185185,23.000000000,0.564943236,5.000000000,0.666666667,0.489583333,-0.177083333,0.882801507,12.000000000,1.634789131,0.200000000,0.200000000,0.294524311,0.660428486
group_001,20,Monash__traffic_hourly_dataset,Monash,tsf,dataset/Monash_Dataset/traffic_hourly_dataset/traffic_hourly_dataset.tsf,train,5,898404,74,3818,96,1,mean,train_split_standard,-0.143258397,-0.374423574,2.119247437,5.000000000,0.166654414,-0.066847279,0.673684211,6.000000000,0.024574669,23.000000000,0.149361625,2.000000000,0.500000000,-0.395833333,0.010416667,0.665321515,6.000000000,1.788559932,0.628571429,0.171428571,0.539961237,0.976317957
group_001,20,Monash__traffic_hourly_dataset,Monash,tsf,dataset/Monash_Dataset/traffic_hourly_dataset/traffic_hourly_dataset.tsf,train,6,7287373,602,9795,96,1,mean,train_split_standard,-0.685948728,-0.956019247,3.224280281,12.000000000,0.314194810,0.110946036,0.936842105,16.000000000,0.042962963,21.000000000,0.131076413,4.000000000,0.166666667,-0.416666667,0.000000000,0.779503695,12.000000000,1.641436218,0.342857143,0.714285714,0.294524311,0.769458090
group_001,20,Monash__traffic_hourly_dataset,Monash,tsf,dataset/Monash_Dataset/traffic_hourly_dataset/traffic_hourly_dataset.tsf,train,7,10155550,840,790,96,1,mean,train_split_standard,-0.211256730,1.005491120,4.428878792,12.000000000,0.547979569,0.032141988,0.968421053,15.000000000,0.023668639,23.000000000,0.406687087,5.000000000,0.714285714,0.250000000,-0.156250000,0.919242867,12.000000000,1.644852700,0.514285714,0.200000000,0.245436926,0.594865290
group_001,20,Monash__traffic_hourly_dataset,Monash,tsf,dataset/Monash_Dataset/traffic_hourly_dataset/traffic_hourly_dataset.tsf,train,8,1954401,161,8072,96,1,mean,train_split_standard,-0.457477246,-0.187196522,2.942050856,11.000000000,0.271476059,-0.027694686,0.863157895,13.000000000,0.022222222,23.000000000,0.121242088,5.000000000,0.333333333,-0.791666667,0.375000000,0.756870247,11.000000000,1.633066474,0.600000000,0.228571429,0.294524311,0.824738690
group_001,20,Monash__traffic_hourly_dataset,Monash,tsf,dataset/Monash_Dataset/traffic_hourly_dataset/traffic_hourly_dataset.tsf,train,9,2413959,199,8248,96,1,mean,train_split_standard,-0.941575458,-1.114863420,4.146011401,12.000000000,0.543340535,-0.006467504,0.926315789,14.000000000,0.005917160,23.000000000,0.537459562,5.000000000,1.000000000,-0.088541667,0.197916667,0.909350196,15.000000000,1.598684014,0.428571429,0.257142857,0.245436926,0.564013255
group_001,20,Monash__traffic_hourly_dataset,Monash,tsf,dataset/Monash_Dataset/traffic_hourly_dataset/traffic_hourly_dataset.tsf,train,10,8067231,667,3868,96,1,mean,train_split_standard,-0.056124682,-0.233231304,4.348074191,12.000000000,0.513721119,0.003796449,0.884210526,16.000000000,0.035502959,23.000000000,0.741777267,5.000000000,0.857142857,-0.260416667,0.229166667,0.936461115,11.000000000,1.635179084,0.628571429,0.285714286,0.245436926,0.557078927
group_001,20,Monash__traffic_hourly_dataset,Monash,tsf,dataset/Monash_Dataset/traffic_hourly_dataset/traffic_hourly_dataset.tsf,train,11,76430,6,3896,96,1,mean,train_split_standard,-0.507545555,-0.745387117,3.403658521,12.000000000,0.321906173,-0.025764759,0.810526316,13.000000000,0.017751479,23.000000000,0.263565128,5.000000000,0.285714286,-0.802083333,0.114583333,0.813858581,12.000000000,1.556430820,0.571428571,0.228571429,0.294524311,0.759086723
group_001,20,Monash__traffic_hourly_dataset,Monash,tsf,dataset/Monash_Dataset/traffic_hourly_dataset/traffic_hourly_dataset.tsf,train,12,1158905,95,10450,96,1,mean,train_split_standard,-0.392019468,-0.182264706,3.424227709,12.000000000,0.309942031,0.075705704,0.768421053,10.000000000,0.025185185,23.000000000,0.225829000,5.000000000,0.500000000,-0.791666667,0.000000000,0.828511356,14.000000000,1.634789131,0.485714286,0.171428571,0.294524311,0.736811472
group_001,20,Monash__traffic_hourly_dataset,Monash,tsf,dataset/Monash_Dataset/traffic_hourly_dataset/traffic_hourly_dataset.tsf,train,13,7781312,643,8085,96,1,mean,train_split_standard,-0.656061249,-0.959198506,4.592527523,13.000000000,0.383898806,-0.079151034,0.842105263,15.000000000,0.112947658,23.000000000,0.195185186,6.000000000,0.125000000,0.854166667,0.083333333,0.876488958,13.000000000,1.554838724,0.600000000,0.171428571,0.245436926,0.619949617
group_001,20,Monash__traffic_hourly_dataset,Monash,tsf,dataset/Monash_Dataset/traffic_hourly_dataset/traffic_hourly_dataset.tsf,train,14,1850118,153,501,96,1,mean,train_split_standard,-0.621816468,-0.904896533,3.977052404,9.000000000,0.361315205,-0.114776414,0.821052632,18.000000000,0.022038567,23.000000000,0.142366291,7.000000000,0.250000000,-0.541666667,0.187500000,0.833064473,11.000000000,1.576949379,0.771428571,0.485714286,0.245436926,0.738534920
group_001,20,Monash__traffic_hourly_dataset,Monash,tsf,dataset/Monash_Dataset/traffic_hourly_dataset/traffic_hourly_dataset.tsf,train,15,6296608,520,10328,96,1,mean,train_split_standard,-0.976799067,0.100840038,2.924490859,11.000000000,0.312860167,0.212980350,0.863157895,15.000000000,0.006463527,23.000000000,0.248135161,3.000000000,0.800000000,0.010416667,0.229166667,0.802977802,9.000000000,1.756423981,0.628571429,0.285714286,0.294524311,0.812172245
group_001,20,Monash__traffic_hourly_dataset,Monash,tsf,dataset/Monash_Dataset/traffic_hourly_dataset/traffic_hourly_dataset.tsf,train,16,887924,73,5427,96,1,mean,train_split_standard,-0.615958715,-0.887354319,2.454279929,8.000000000,0.336284942,-0.454303921,0.789473684,15.000000000,0.016296296,23.000000000,0.069244333,5.000000000,0.333333333,0.250000000,-0.041666667,0.685737663,13.000000000,1.635179084,0.771428571,0.428571429,0.294524311,0.889764804
group_001,20,Monash__traffic_hourly_dataset,Monash,tsf,dataset/Monash_Dataset/traffic_hourly_dataset/traffic_hourly_dataset.tsf,train,17,278341,23,294,96,1,mean,train_split_standard,-0.930917018,-1.085572971,3.005234954,13.000000000,0.340005321,-0.207439108,0.894736842,12.000000000,0.011851852,23.000000000,0.255456608,4.000000000,0.333333333,-0.239583333,0.166666667,0.791739872,11.000000000,1.659250596,0.600000000,0.400000000,0.245436926,0.781733021
group_001,20,Monash__traffic_hourly_dataset,Monash,tsf,dataset/Monash_Dataset/traffic_hourly_dataset/traffic_hourly_dataset.tsf,train,18,5309912,439,2841,96,1,mean,train_split_standard,0.611350975,0.815154792,3.740220623,12.000000000,0.480819169,0.092825859,0.894736842,16.000000000,0.013333333,24.000000000,0.337864183,5.000000000,0.500000000,-0.020833333,0.250000000,0.878684283,12.000000000,1.678393988,0.657142857,0.285714286,0.245436926,0.693240330
group_001,20,Monash__traffic_hourly_dataset,Monash,tsf,dataset/Monash_Dataset/traffic_hourly_dataset/traffic_hourly_dataset.tsf,train,19,4143838,342,9400,96,1,mean,train_split_standard,-0.568538105,-0.754368428,3.578276828,12.000000000,0.366455031,-0.192752691,0.757894737,13.000000000,0.011834320,23.000000000,0.231015604,5.000000000,0.285714286,-0.104166667,0.187500000,0.822335242,13.000000000,1.616104149,0.828571429,0.171428571,0.245436926,0.716407526
group_001,20,Monash__traffic_hourly_dataset,Monash,tsf,dataset/Monash_Dataset/traffic_hourly_dataset/traffic_hourly_dataset.tsf,train,20,1103490,91,3391,96,1,mean,train_split_standard,-0.876718950,-1.099581058,3.432454810,12.000000000,0.368637932,0.057934911,0.852631579,13.000000000,0.023668639,23.000000000,0.351576526,5.000000000,0.857142857,-0.250000000,0.010416667,0.770517282,13.000000000,1.666587335,0.628571429,0.257142857,0.294524311,0.658930355
group_001,21,Monash__us_births_dataset,Monash,tsf,dataset/Monash_Dataset/us_births_dataset/us_births_dataset.tsf,train,1,4157,0,4157,96,1,mean,train_split_standard,0.424396419,0.994010382,1.163598454,4.000000000,0.264102814,0.097187199,0.884210526,6.000000000,0.007997586,6.000000000,0.097525684,1.000000000,1.000000000,0.489583333,-0.291666667,0.203667997,6.000000000,2.054826786,0.828571429,0.400000000,0.883572934,1.197772371
group_001,21,Monash__us_births_dataset,Monash,tsf,dataset/Monash_Dataset/us_births_dataset/us_births_dataset.tsf,train,2,975,0,975,96,1,mean,train_split_standard,-0.335164795,-0.100724592,1.264585017,2.000000000,0.133797557,0.321164803,0.926315789,7.000000000,0.023333333,6.000000000,0.142734367,1.000000000,0.111111111,-0.593750000,0.375000000,0.334861832,6.000000000,1.914190183,0.171428571,0.542857143,0.883572934,1.066209708
group_001,21,Monash__us_births_dataset,Monash,tsf,dataset/Monash_Dataset/us_births_dataset/us_births_dataset.tsf,train,3,3660,0,3660,96,1,mean,train_split_standard,0.936326622,0.759241656,0.860989555,2.000000000,0.135424950,0.521821444,0.957894737,6.000000000,0.005734118,6.000000000,0.073575783,2.000000000,0.500000000,-0.041666667,0.062500000,0.018246499,4.000000000,2.114707007,0.171428571,0.171428571,0.932660319,1.306355592
group_001,21,Monash__us_births_dataset,Monash,tsf,dataset/Monash_Dataset/us_births_dataset/us_births_dataset.tsf,train,4,2937,0,2937,96,1,mean,train_split_standard,0.357842995,0.551474850,0.928617763,2.000000000,0.204760428,0.801525601,0.968421053,6.000000000,0.005734118,6.000000000,0.079668116,2.000000000,1.000000000,-0.062500000,0.041666667,0.044089741,6.000000000,2.113310242,0.800000000,0.828571429,0.932660319,1.265813486
group_001,21,Monash__us_births_dataset,Monash,tsf,dataset/Monash_Dataset/us_births_dataset/us_births_dataset.tsf,train,5,861,0,861,96,1,mean,train_split_standard,0.654031305,0.442906708,1.099578437,2.000000000,0.150193901,0.644610963,0.968421053,6.000000000,0.008902973,6.000000000,0.114111658,2.000000000,1.000000000,0.520833333,-0.187500000,0.181932574,6.000000000,2.107073813,0.771428571,0.742857143,0.883572934,1.206341072
group_001,21,Monash__us_births_dataset,Monash,tsf,dataset/Monash_Dataset/us_births_dataset/us_births_dataset.tsf,train,6,4643,0,4643,96,1,mean,train_split_standard,0.562406649,0.379721610,0.978170241,2.000000000,0.258557089,0.157683094,0.957894737,6.000000000,0.009808360,6.000000000,0.095244027,2.000000000,0.500000000,-0.687500000,0.229166667,0.165318439,6.000000000,2.117151861,0.742857143,0.600000000,0.932660319,1.197597017
group_001,21,Monash__us_births_dataset,Monash,tsf,dataset/Monash_Dataset/us_births_dataset/us_births_dataset.tsf,train,7,2391,0,2391,96,1,mean,train_split_standard,1.016193542,0.443584426,1.030586141,5.000000000,0.114907893,0.503323165,0.936842105,6.000000000,0.005734118,6.000000000,0.121172677,1.000000000,1.000000000,-0.062500000,0.046875000,0.130393686,6.000000000,2.112895703,0.200000000,0.600000000,0.883572934,1.221558046
group_001,21,Monash__us_births_dataset,Monash,tsf,dataset/Monash_Dataset/us_births_dataset/us_births_dataset.tsf,train,8,3799,0,3799,96,1,mean,train_split_standard,1.042958059,0.864947236,1.124840214,2.000000000,0.370784430,0.350738394,0.915789474,6.000000000,0.017956843,6.000000000,0.136157059,2.000000000,0.500000000,0.395833333,-0.354166667,0.244839534,6.000000000,2.012280111,0.171428571,0.371428571,0.883572934,1.128092793
group_001,21,Monash__us_births_dataset,Monash,tsf,dataset/Monash_Dataset/us_births_dataset/us_births_dataset.tsf,train,9,404,0,404,96,1,mean,train_split_standard,0.780877734,0.540786497,1.071049879,2.000000000,0.224822464,0.900395452,0.989473684,6.000000000,0.017956843,6.000000000,0.099868147,2.000000000,1.000000000,-0.479166667,0.317708333,0.176138080,6.000000000,2.096081539,0.828571429,0.571428571,0.883572934,1.198603884
group_001,21,Monash__us_births_dataset,Monash,tsf,dataset/Monash_Dataset/us_births_dataset/us_births_dataset.tsf,train,10,417,0,417,96,1,mean,train_split_standard,0.819988602,0.586556116,1.010196138,2.000000000,0.236071068,1.036560264,0.978947368,6.000000000,0.004376037,6.000000000,0.077782198,2.000000000,1.000000000,-0.562500000,0.177083333,0.142703715,6.000000000,2.117209834,0.685714286,0.257142857,0.883572934,1.202697255
group_001,21,Monash__us_births_dataset,Monash,tsf,dataset/Monash_Dataset/us_births_dataset/us_births_dataset.tsf,train,11,686,0,686,96,1,mean,train_split_standard,0.214053165,0.447180118,1.051335303,5.000000000,0.208342938,0.555594121,0.989473684,7.000000000,0.007997586,6.000000000,0.083884019,1.000000000,0.500000000,-0.291666667,-0.031250000,0.195132047,6.000000000,2.136483504,0.828571429,0.600000000,0.883572934,1.213310986
group_001,21,Monash__us_births_dataset,Monash,tsf,dataset/Monash_Dataset/us_births_dataset/us_births_dataset.tsf,train,12,4332,0,4332,96,1,mean,train_split_standard,1.005403022,0.791284154,0.928139241,5.000000000,0.224142458,0.212079354,0.957894737,6.000000000,0.010713747,6.000000000,0.095598673,1.000000000,0.500000000,-0.041666667,-0.010416667,0.096464652,4.000000000,2.103245790,0.171428571,0.771428571,0.932660319,1.271998839
group_001,21,Monash__us_births_dataset,Monash,tsf,dataset/Monash_Dataset/us_births_dataset/us_births_dataset.tsf,train,13,3893,0,3893,96,1,mean,train_split_standard,0.478652211,0.297581449,1.088035048,2.000000000,0.269280035,0.084836971,0.968421053,6.000000000,0.017956843,6.000000000,0.135084095,4.000000000,0.500000000,-0.541666667,0.375000000,0.193295593,5.000000000,2.000175219,0.171428571,0.571428571,0.932660319,1.173050700
group_001,21,Monash__us_births_dataset,Monash,tsf,dataset/Monash_Dataset/us_births_dataset/us_births_dataset.tsf,train,14,2464,0,2464,96,1,mean,train_split_standard,0.199879812,0.406331057,0.967676278,2.000000000,0.142174155,0.192672183,0.947368421,6.000000000,0.009355666,6.000000000,0.097994121,3.000000000,0.500000000,-0.010416667,0.229166667,0.163459575,6.000000000,2.137160644,0.828571429,0.685714286,0.932660319,1.206608613
group_001,21,Monash__us_births_dataset,Monash,tsf,dataset/Monash_Dataset/us_births_dataset/us_births_dataset.tsf,train,15,310,0,310,96,1,mean,train_split_standard,0.411455526,0.678559507,0.861461041,2.000000000,0.126033476,0.684555555,0.989473684,6.000000000,0.008902973,6.000000000,0.070559115,2.000000000,0.500000000,-0.156250000,0.020833333,0.132179273,6.000000000,2.135480849,0.171428571,0.771428571,0.932660319,1.220863795
group_001,21,Monash__us_births_dataset,Monash,tsf,dataset/Monash_Dataset/us_births_dataset/us_births_dataset.tsf,train,16,684,0,684,96,1,mean,train_split_standard,0.176314157,0.411083276,1.065678560,5.000000000,0.186280517,0.585725103,0.989473684,7.000000000,0.004828731,6.000000000,0.082635215,1.000000000,0.500000000,-0.281250000,-0.010416667,0.211542993,6.000000000,2.124775658,0.771428571,0.657142857,0.883572934,1.212925032
group_001,21,Monash__us_births_dataset,Monash,tsf,dataset/Monash_Dataset/us_births_dataset/us_births_dataset.tsf,train,17,2592,0,2592,96,1,mean,train_split_standard,0.331155966,0.544841981,0.940902785,2.000000000,0.195649866,0.900719313,0.978947368,6.000000000,0.012071827,6.000000000,0.067080503,3.000000000,1.000000000,-0.458333333,0.229166667,0.061582632,6.000000000,2.101818358,0.600000000,0.800000000,0.932660319,1.269224057
group_001,21,Monash__us_births_dataset,Monash,tsf,dataset/Monash_Dataset/us_births_dataset/us_births_dataset.tsf,train,18,3582,0,3582,96,1,mean,train_split_standard,0.836450368,0.642424556,0.960375083,5.000000000,0.098920612,0.495555621,0.926315789,6.000000000,0.007092199,6.000000000,0.086951323,1.000000000,0.500000000,0.125000000,0.020833333,0.084013964,5.000000000,2.127357364,0.171428571,0.600000000,0.883572934,1.270815570
group_001,21,Monash__us_births_dataset,Monash,tsf,dataset/Monash_Dataset/us_births_dataset/us_births_dataset.tsf,train,19,2437,0,2437,96,1,mean,train_split_standard,0.650930178,0.458466380,1.125795089,2.000000000,0.226081480,0.257335256,0.947368421,6.000000000,0.019767617,6.000000000,0.127372631,2.000000000,0.500000000,-0.583333333,0.250000000,0.253038095,6.000000000,2.028780704,0.800000000,0.571428571,0.883572934,1.130067199
group_001,21,Monash__us_births_dataset,Monash,tsf,dataset/Monash_Dataset/us_births_dataset/us_births_dataset.tsf,train,20,4502,0,4502,96,1,mean,train_split_standard,0.564788480,0.376410779,1.151959967,4.000000000,0.298939132,0.230280970,0.947368421,6.000000000,0.012524521,6.000000000,0.106747972,1.000000000,1.000000000,0.583333333,-0.208333333,0.199980705,6.000000000,2.037182889,0.828571429,0.800000000,0.883572934,1.184742375
group_001,22,Monash__weather_dataset,Monash,tsf,dataset/Monash_Dataset/weather_dataset/weather_dataset.tsf,train,1,10307524,732,3058,96,1,mean,train_split_standard,-0.856920225,-0.659727875,0.986142487,4.000000000,0.030306222,-0.046015292,0.947368421,9.000000000,0.009365245,8.000000000,0.099528424,1.000000000,0.333333333,0.114583333,-0.114583333,0.276900304,6.000000000,2.163789603,0.257142857,0.714285714,0.883572934,1.145766053
group_001,22,Monash__weather_dataset,Monash,tsf,dataset/Monash_Dataset/weather_dataset/weather_dataset.tsf,train,2,27848878,2750,5687,96,1,mean,train_split_standard,-0.045886261,0.199869989,1.454676958,3.000000000,0.363207694,-0.242980488,0.831578947,15.000000000,0.034339230,5.000000000,0.042226294,2.000000000,0.333333333,0.489583333,0.375000000,0.415437871,5.000000000,1.721146192,0.171428571,0.828571429,0.785398163,1.075980660
group_001,22,Monash__weather_dataset,Monash,tsf,dataset/Monash_Dataset/weather_dataset/weather_dataset.tsf,train,3,4904597,353,30652,96,1,mean,train_split_standard,0.056959019,-0.236567007,0.977877684,3.000000000,0.027783655,-0.426224717,0.652631579,5.000000000,0.006790403,5.000000000,0.037835834,1.000000000,0.500000000,0.583333333,-0.135416667,0.269668306,4.000000000,1.898258467,0.428571429,0.828571429,1.030835089,1.187101395
group_001,22,Monash__weather_dataset,Monash,tsf,dataset/Monash_Dataset/weather_dataset/weather_dataset.tsf,train,4,15605249,1299,15484,96,1,mean,train_split_standard,0.696047387,0.465710600,2.617832410,4.000000000,0.234354218,0.460996558,0.947368421,13.000000000,0.030303030,4.000000000,0.106243372,3.000000000,0.125000000,-0.229166667,-0.041666667,0.593099169,4.000000000,2.093948491,0.771428571,0.714285714,0.392699082,0.888723030
group_001,22,Monash__weather_dataset,Monash,tsf,dataset/Monash_Dataset/weather_dataset/weather_dataset.tsf,train,5,4410526,319,5334,96,1,mean,train_split_standard,0.126730299,-0.137325074,0.666456533,1.000000000,0.027827546,0.378410392,0.557894737,4.000000000,0.088796393,5.000000000,0.064977876,3.000000000,0.333333333,-0.031250000,0.031250000,0.219125116,3.000000000,1.621316243,0.800000000,0.600000000,1.374446786,1.033959283
group_001,22,Monash__weather_dataset,Monash,tsf,dataset/Monash_Dataset/weather_dataset/weather_dataset.tsf,train,6,6229528,440,10992,96,1,mean,train_split_standard,0.702923738,0.257700357,0.649002045,4.000000000,0.001052330,-0.561012435,0.210526316,3.000000000,0.178210352,6.000000000,0.055392806,1.000000000,0.500000000,-0.729166667,0.041666667,0.180589161,2.000000000,0.745404182,0.771428571,0.714285714,1.521708942,1.179303781
group_001,22,Monash__weather_dataset,Monash,tsf,dataset/Monash_Dataset/weather_dataset/weather_dataset.tsf,train,7,2298225,159,7534,96,1,mean,train_split_standard,0.282593213,-0.038683962,0.612995248,1.000000000,0.077570562,-0.160662718,0.347368421,4.000000000,0.118596491,9.000000000,0.045124165,5.000000000,1.000000000,0.125000000,-0.062500000,0.263120476,3.000000000,1.023271968,0.742857143,0.800000000,1.767145868,1.068091061
group_001,22,Monash__weather_dataset,Monash,tsf,dataset/Monash_Dataset/weather_dataset/weather_dataset.tsf,train,8,3186674,224,22038,96,1,mean,train_split_standard,0.654931059,0.229320638,0.649168148,2.000000000,0.001052330,0.387229245,0.157894737,4.000000000,0.165721487,2.000000000,0.084936932,1.000000000,0.250000000,0.156250000,-0.005208333,0.217265229,3.000000000,0.607507896,0.828571429,0.828571429,1.521708942,1.157798352
group_001,22,Monash__weather_dataset,Monash,tsf,dataset/Monash_Dataset/weather_dataset/weather_dataset.tsf,train,9,19182210,1675,5732,96,1,mean,train_split_standard,-0.979179516,-0.738110843,1.398518763,8.000000000,0.214779040,-0.679329182,0.915789474,7.000000000,0.020740741,12.000000000,0.060759066,5.000000000,0.166666667,-0.010416667,-0.520833333,0.461620067,5.000000000,1.989495875,0.228571429,0.771428571,0.785398163,1.032044108
group_001,22,Monash__weather_dataset,Monash,tsf,dataset/Monash_Dataset/weather_dataset/weather_dataset.tsf,train,10,538157,45,1644,96,1,mean,train_split_standard,0.380115981,0.067589954,0.596813954,1.000000000,0.084587281,0.008343258,0.231578947,2.000000000,0.176657433,8.000000000,0.080413937,3.000000000,1.000000000,0.343750000,0.020833333,0.265897464,2.000000000,0.757650203,0.171428571,0.828571429,1.963495408,1.114665592
group_001,22,Monash__weather_dataset,Monash,tsf,dataset/Monash_Dataset/weather_dataset/weather_dataset.tsf,train,11,5586224,402,17894,96,1,mean,train_split_standard,0.555275946,0.162086766,0.675496684,3.000000000,0.001891876,-0.024199229,0.242105263,4.000000000,0.144107439,10.000000000,0.075589931,1.000000000,0.500000000,-0.062500000,0.062500000,0.210539461,3.000000000,0.819009562,0.171428571,0.600000000,1.472621556,1.189874353
group_001,22,Monash__weather_dataset,Monash,tsf,dataset/Monash_Dataset/weather_dataset/weather_dataset.tsf,train,12,20835171,1857,23393,96,1,mean,train_split_standard,0.100300411,-0.094663798,2.652623187,3.000000000,0.191389374,-0.303153751,0.873684211,13.000000000,0.125000000,11.000000000,0.210621554,2.000000000,0.090909091,-0.479166667,0.739583333,0.632215942,5.000000000,1.841228617,0.771428571,0.828571429,0.343611696,0.853346518
group_001,22,Monash__weather_dataset,Monash,tsf,dataset/Monash_Dataset/weather_dataset/weather_dataset.tsf,train,13,10655967,772,3238,96,1,mean,train_split_standard,-0.181247528,0.295080864,5.137649550,2.000000000,0.126374698,0.178311651,0.926315789,13.000000000,0.074074074,10.000000000,0.170235082,1.000000000,0.035714286,0.343750000,-0.666666667,0.650722454,5.000000000,1.997426034,0.771428571,0.800000000,0.343611696,0.824844413
group_001,22,Monash__weather_dataset,Monash,tsf,dataset/Monash_Dataset/weather_dataset/weather_dataset.tsf,train,14,19741804,1737,1724,96,1,mean,train_split_standard,0.187232977,0.421552211,2.029537467,4.000000000,0.147627229,-0.361214965,0.957894737,11.000000000,0.120000000,6.000000000,0.159340584,3.000000000,0.052631579,0.229166667,-0.781250000,0.558338941,4.000000000,1.953843408,0.828571429,0.657142857,0.441786467,0.908643033
group_001,22,Monash__weather_dataset,Monash,tsf,dataset/Monash_Dataset/weather_dataset/weather_dataset.tsf,train,15,3796388,269,15538,96,1,mean,train_split_standard,0.442831729,0.059584484,0.631094614,2.000000000,0.006895916,0.260140773,0.378947368,3.000000000,0.113167128,15.000000000,0.041242042,2.000000000,1.000000000,-0.104166667,0.125000000,0.153232139,3.000000000,1.078984485,0.828571429,0.228571429,1.521708942,1.187235462
group_001,22,Monash__weather_dataset,Monash,tsf,dataset/Monash_Dataset/weather_dataset/weather_dataset.tsf,train,16,15264689,1266,4504,96,1,mean,train_split_standard,,,0.000000000,0.000000000,,,,,,0.000000000,,,,,,,,,,,,
group_001,22,Monash__weather_dataset,Monash,tsf,dataset/Monash_Dataset/weather_dataset/weather_dataset.tsf,train,17,29475337,2998,608,96,1,mean,train_split_standard,-0.041446586,1.276647682,12.649598558,3.000000000,0.282237929,0.449643999,0.936842105,14.000000000,0.166666667,6.000000000,0.072235313,2.000000000,0.027777778,0.656250000,-0.708333333,0.635275071,4.000000000,1.900742102,0.200000000,0.257142857,0.049087385,0.773043271
group_001,22,Monash__weather_dataset,Monash,tsf,dataset/Monash_Dataset/weather_dataset/weather_dataset.tsf,train,18,183703,15,8955,96,1,mean,train_split_standard,0.313913316,-0.024576745,0.777824413,2.000000000,0.009417861,0.240173413,0.494736842,6.000000000,0.071374679,2.000000000,0.032949990,1.000000000,0.500000000,0.000000000,0.072916667,0.291800883,4.000000000,1.537886841,0.800000000,0.828571429,1.325359401,1.128235274
group_001,22,Monash__weather_dataset,Monash,tsf,dataset/Monash_Dataset/weather_dataset/weather_dataset.tsf,train,19,21841175,1965,397,96,1,mean,train_split_standard,0.628305063,-0.251194733,3.870832555,12.000000000,0.348688530,-0.349673655,0.600000000,20.000000000,0.038567493,17.000000000,0.179436511,7.000000000,0.250000000,-0.791666667,0.750000000,0.734085637,4.000000000,1.771921982,0.571428571,0.657142857,0.245436926,0.775439657
group_001,22,Monash__weather_dataset,Monash,tsf,dataset/Monash_Dataset/weather_dataset/weather_dataset.tsf,train,20,318621,23,3714,96,1,mean,train_split_standard,0.148809015,-0.123249297,1.324810263,4.000000000,0.059296370,0.457571282,0.494736842,5.000000000,0.005671078,5.000000000,0.048936651,2.000000000,0.250000000,0.041666667,0.041666667,0.387320362,5.000000000,2.038581171,0.171428571,0.571428571,0.785398163,1.084898020
group_001,23,Monash__wind_4_seconds_dataset,Monash,tsf,dataset/Monash_Dataset/wind_4_seconds_dataset/wind_4_seconds_dataset.tsf,train,1,4994779,0,4994779,96,1,mean,train_split_standard,0.635417116,0.848740325,6.205718717,18.000000000,0.599530524,0.001779232,0.157894737,21.000000000,0.120000000,26.000000000,0.557603424,13.000000000,0.062500000,-0.166666667,0.739583333,0.882122712,2.000000000,1.451209784,0.828571429,0.200000000,0.147262156,0.522030700
group_001,23,Monash__wind_4_seconds_dataset,Monash,tsf,dataset/Monash_Dataset/wind_4_seconds_dataset/wind_4_seconds_dataset.tsf,train,2,4861383,0,4861383,96,1,mean,train_split_standard,-0.597600483,-0.746318142,20.592921641,55.000000000,0.982035424,-0.005153770,0.221052632,38.000000000,0.166666667,14.000000000,1.491903219,5.000000000,0.031250000,-0.776041667,0.458333333,0.956578459,2.000000000,1.268285433,0.828571429,0.600000000,0.049087385,0.188504827
group_001,23,Monash__wind_4_seconds_dataset,Monash,tsf,dataset/Monash_Dataset/wind_4_seconds_dataset/wind_4_seconds_dataset.tsf,train,3,4523032,0,4523032,96,1,mean,train_split_standard,0.474244643,0.580617274,16.980613929,65.000000000,0.539013064,0.101357544,0.010526316,64.000000000,0.074074074,28.000000000,0.101813386,40.000000000,0.037037037,0.333333333,-0.666666667,0.952281420,1.000000000,0.000000000,0.828571429,0.742857143,0.049087385,0.272784760
group_001,23,Monash__wind_4_seconds_dataset,Monash,tsf,dataset/Monash_Dataset/wind_4_seconds_dataset/wind_4_seconds_dataset.tsf,train,4,3433102,0,3433102,96,1,mean,train_split_standard,0.154647163,-0.049647392,11.364611529,45.000000000,0.797696210,-0.000096268,0.357894737,34.000000000,0.040000000,0.000000000,1.036975895,17.000000000,0.052631579,-0.312500000,0.625000000,0.967606907,2.000000000,1.487692964,0.828571429,0.742857143,0.098174770,0.317537452
group_001,23,Monash__wind_4_seconds_dataset,Monash,tsf,dataset/Monash_Dataset/wind_4_seconds_dataset/wind_4_seconds_dataset.tsf,train,5,4001656,0,4001656,96,1,mean,train_split_standard,1.267803501,1.425212020,18.911606811,49.000000000,0.804939440,0.010286582,0.210526316,38.000000000,0.111111111,22.000000000,0.807539402,32.000000000,0.035714286,0.708333333,-0.302083333,0.957660756,2.000000000,1.301100204,0.828571429,0.657142857,0.049087385,0.285152976
group_001,23,Monash__wind_4_seconds_dataset,Monash,tsf,dataset/Monash_Dataset/wind_4_seconds_dataset/wind_4_seconds_dataset.tsf,train,6,2953192,0,2953192,96,1,mean,train_split_standard,0.209302617,1.170433002,12.159601662,9.000000000,0.475119775,0.060414043,0.305263158,32.000000000,0.074074074,0.000000000,0.191514124,7.000000000,0.041666667,-0.864583333,0.114583333,0.808843815,2.000000000,1.659841037,0.742857143,0.600000000,0.098174770,0.645109318
group_001,23,Monash__wind_4_seconds_dataset,Monash,tsf,dataset/Monash_Dataset/wind_4_seconds_dataset/wind_4_seconds_dataset.tsf,train,7,1195128,0,1195128,96,1,mean,train_split_standard,-0.365213817,-0.207815285,12.485604991,24.000000000,0.799264250,0.024020747,0.105263158,23.000000000,0.062500000,0.000000000,0.609691690,9.000000000,0.043478261,0.770833333,-0.739583333,0.922377666,2.000000000,1.412657234,0.771428571,0.542857143,0.049087385,0.410921360
group_001,23,Monash__wind_4_seconds_dataset,Monash,tsf,dataset/Monash_Dataset/wind_4_seconds_dataset/wind_4_seconds_dataset.tsf,train,8,802523,0,802523,96,1,mean,train_split_standard,0.981534492,1.136604674,18.444041011,45.000000000,0.745773964,-0.020827562,0.147368421,45.000000000,0.111111111,0.000000000,0.590037329,28.000000000,0.038461538,-0.500000000,0.333333333,0.941431546,2.000000000,1.271818405,0.828571429,0.742857143,0.049087385,0.313863730
group_001,23,Monash__wind_4_seconds_dataset,Monash,tsf,dataset/Monash_Dataset/wind_4_seconds_dataset/wind_4_seconds_dataset.tsf,train,9,2457590,0,2457590,96,1,mean,train_split_standard,-0.403533554,-0.239516088,12.237208085,65.000000000,0.744485798,-0.093523525,0.021052632,31.000000000,0.185185185,26.000000000,0.260813979,30.000000000,0.033333333,-0.666666667,0.906250000,0.933995690,2.000000000,0.678040694,0.171428571,0.571428571,0.049087385,0.293509099
group_001,23,Monash__wind_4_seconds_dataset,Monash,tsf,dataset/Monash_Dataset/wind_4_seconds_dataset/wind_4_seconds_dataset.tsf,train,10,2330678,0,2330678,96,1,mean,train_split_standard,0.676783358,0.777047560,19.808627667,54.000000000,0.596475972,-0.084879747,0.010526316,54.000000000,0.166666667,0.000000000,0.114470606,40.000000000,0.031250000,-0.427083333,0.572916667,0.956822722,2.000000000,0.736172406,0.828571429,0.685714286,0.049087385,0.257120145
group_001,23,Monash__wind_4_seconds_dataset,Monash,tsf,dataset/Monash_Dataset/wind_4_seconds_dataset/wind_4_seconds_dataset.tsf,train,11,1480628,0,1480628,96,1,mean,train_split_standard,-0.650180642,-0.786039305,14.150980850,20.000000000,1.001530502,0.008003463,0.063157895,43.000000000,0.166666667,0.000000000,0.584516629,19.000000000,0.027027027,0.781250000,-0.531250000,0.943175162,2.000000000,1.227135145,0.714285714,0.742857143,0.049087385,0.265385785
group_001,23,Monash__wind_4_seconds_dataset,Monash,tsf,dataset/Monash_Dataset/wind_4_seconds_dataset/wind_4_seconds_dataset.tsf,train,12,2629856,0,2629856,96,1,mean,train_split_standard,0.021330280,-0.149311960,5.634440670,87.000000000,0.214329536,0.418433078,0.010526316,8.000000000,0.273333333,0.000000000,0.025036743,40.000000000,0.111111111,0.916666667,-0.083333333,0.895574933,1.000000000,0.346409525,0.257142857,0.828571429,0.196349541,0.437599431
group_001,23,Monash__wind_4_seconds_dataset,Monash,tsf,dataset/Monash_Dataset/wind_4_seconds_dataset/wind_4_seconds_dataset.tsf,train,13,1250700,0,1250700,96,1,mean,train_split_standard,,,0.000000000,0.000000000,,,,,,0.000000000,,,,,,,,,,,,
group_001,23,Monash__wind_4_seconds_dataset,Monash,tsf,dataset/Monash_Dataset/wind_4_seconds_dataset/wind_4_seconds_dataset.tsf,train,14,3560856,0,3560856,96,1,mean,train_split_standard,-0.316531752,-0.129659560,10.492880016,22.000000000,0.897677620,-0.030205127,0.126315789,21.000000000,0.166666667,26.000000000,0.856171612,16.000000000,0.026315789,-0.739583333,0.906250000,0.922404801,2.000000000,1.286765377,0.828571429,0.828571429,0.049087385,0.324624785
group_001,23,Monash__wind_4_seconds_dataset,Monash,tsf,dataset/Monash_Dataset/wind_4_seconds_dataset/wind_4_seconds_dataset.tsf,train,15,4870283,0,4870283,96,1,mean,train_split_standard,-0.963533962,-0.786122024,19.703928320,57.000000000,0.786873186,-0.001034282,0.242105263,40.000000000,0.111111111,22.000000000,0.934505521,12.000000000,0.032258065,0.781250000,-0.416666667,0.957637698,2.000000000,1.393102641,0.800000000,0.600000000,0.049087385,0.250323136
group_001,23,Monash__wind_4_seconds_dataset,Monash,tsf,dataset/Monash_Dataset/wind_4_seconds_dataset/wind_4_seconds_dataset.tsf,train,16,2734849,0,2734849,96,1,mean,train_split_standard,-0.657782873,-0.758335668,19.658304637,55.000000000,0.593576851,0.085614797,0.010526316,40.000000000,0.166666667,0.000000000,0.113838001,40.000000000,0.031250000,0.583333333,-0.416666667,0.957481605,1.000000000,0.733241979,0.771428571,0.685714286,0.049087385,0.257860224
group_001,23,Monash__wind_4_seconds_dataset,Monash,tsf,dataset/Monash_Dataset/wind_4_seconds_dataset/wind_4_seconds_dataset.tsf,train,17,1740398,0,1740398,96,1,mean,train_split_standard,0.953114929,1.087895692,21.864078405,62.000000000,1.230708652,0.000589982,0.221052632,51.000000000,0.166666667,0.000000000,3.434644598,40.000000000,0.029411765,0.604166667,-0.687500000,0.969824743,1.000000000,1.191844537,0.800000000,0.600000000,0.049087385,0.062623055
group_001,23,Monash__wind_4_seconds_dataset,Monash,tsf,dataset/Monash_Dataset/wind_4_seconds_dataset/wind_4_seconds_dataset.tsf,train,18,3721632,0,3721632,96,1,mean,train_split_standard,-1.050136803,-1.186404236,22.716650348,55.000000000,1.031866643,0.012654618,0.105263158,50.000000000,0.166666667,24.000000000,1.054620399,40.000000000,0.031250000,0.583333333,-0.572916667,0.948408036,2.000000000,1.219215006,0.828571429,0.514285714,0.049087385,0.255803361
group_001,23,Monash__wind_4_seconds_dataset,Monash,tsf,dataset/Monash_Dataset/wind_4_seconds_dataset/wind_4_seconds_dataset.tsf,train,19,3817300,0,3817300,96,1,mean,train_split_standard,0.601781359,0.703490885,19.073958403,58.000000000,0.582149311,0.088603579,0.010526316,57.000000000,0.074074074,0.000000000,0.111338457,40.000000000,0.032258065,0.406250000,-0.593750000,0.958993829,1.000000000,0.721688628,0.171428571,0.457142857,0.049087385,0.260826572
group_001,23,Monash__wind_4_seconds_dataset,Monash,tsf,dataset/Monash_Dataset/wind_4_seconds_dataset/wind_4_seconds_dataset.tsf,train,20,2625365,0,2625365,96,1,mean,train_split_standard,-0.331052731,-0.524839394,4.807003829,10.000000000,0.424271809,-0.063616003,0.063157895,16.000000000,0.074074074,24.000000000,0.157940620,9.000000000,0.033333333,0.635416667,-0.906250000,0.847058389,2.000000000,0.736887236,0.771428571,0.600000000,0.196349541,0.636413143
group_001,24,Monash__wind_farms_minutely_dataset_without_missing_values,Monash,tsf,dataset/Monash_Dataset/wind_farms_minutely_dataset_without_missing_values/wind_farms_minutely_dataset_without_missing_values.tsf,train,1,74336245,201,220108,96,1,mean,train_split_standard,,,0.000000000,0.000000000,,,,,,0.000000000,,,,,,,,,,,,
group_001,24,Monash__wind_farms_minutely_dataset_without_missing_values,Monash,tsf,dataset/Monash_Dataset/wind_farms_minutely_dataset_without_missing_values/wind_farms_minutely_dataset_without_missing_values.tsf,train,2,13792088,37,148819,96,1,mean,train_split_standard,-0.212903275,-0.426368054,0.639666971,1.000000000,0.102084402,0.370545478,1.000000000,6.000000000,0.029629630,6.000000000,0.083370827,4.000000000,0.166666667,-0.020833333,-0.062500000,0.259002475,4.000000000,2.156785104,0.771428571,0.600000000,1.570796327,1.114502996
group_001,24,Monash__wind_farms_minutely_dataset_without_missing_values,Monash,tsf,dataset/Monash_Dataset/wind_farms_minutely_dataset_without_missing_values/wind_farms_minutely_dataset_without_missing_values.tsf,train,3,9694371,26,107209,96,1,mean,train_split_standard,,,0.000000000,0.000000000,,,,,,0.000000000,,,,,,,,,,,,
group_001,24,Monash__wind_farms_minutely_dataset_without_missing_values,Monash,tsf,dataset/Monash_Dataset/wind_farms_minutely_dataset_without_missing_values/wind_farms_minutely_dataset_without_missing_values.tsf,train,4,103504796,280,258436,96,1,mean,train_split_standard,0.673438210,0.483140237,2.388232493,5.000000000,0.247094662,0.148740347,0.494736842,51.000000000,0.037807183,13.000000000,0.202851731,3.000000000,0.750000000,-0.041666667,0.541666667,0.699618253,7.000000000,1.685552629,0.257142857,0.571428571,0.490873852,0.880845103
group_001,24,Monash__wind_farms_minutely_dataset_without_missing_values,Monash,tsf,dataset/Monash_Dataset/wind_farms_minutely_dataset_without_missing_values/wind_farms_minutely_dataset_without_missing_values.tsf,train,5,82926614,224,329526,96,1,mean,train_split_standard,,,0.000000000,0.000000000,,,,,,0.000000000,,,,,,,,,,,,
group_001,24,Monash__wind_farms_minutely_dataset_without_missing_values,Monash,tsf,dataset/Monash_Dataset/wind_farms_minutely_dataset_without_missing_values/wind_farms_minutely_dataset_without_missing_values.tsf,train,6,68189307,184,341699,96,1,mean,train_split_standard,0.496754155,0.276885062,15.663909885,9.000000000,0.473495879,0.060802939,0.884210526,26.000000000,0.166666667,14.000000000,0.416113299,6.000000000,0.031250000,0.395833333,-0.906250000,0.851070917,4.000000000,1.527673604,0.628571429,0.600000000,0.049087385,0.461906384
group_001,24,Monash__wind_farms_minutely_dataset_without_missing_values,Monash,tsf,dataset/Monash_Dataset/wind_farms_minutely_dataset_without_missing_values/wind_farms_minutely_dataset_without_missing_values.tsf,train,7,79692461,216,45269,96,1,mean,train_split_standard,0.196757260,-0.030625205,5.244260077,10.000000000,0.432519127,0.000722308,0.210526316,25.000000000,0.013333333,21.000000000,0.335349924,9.000000000,0.222222222,0.760416667,-0.812500000,0.838719340,3.000000000,1.590943278,0.628571429,0.228571429,0.196349541,0.689018873
group_001,24,Monash__wind_farms_minutely_dataset_without_missing_values,Monash,tsf,dataset/Monash_Dataset/wind_farms_minutely_dataset_without_missing_values/wind_farms_minutely_dataset_without_missing_values.tsf,train,8,4104471,11,48364,96,1,mean,train_split_standard,,,0.000000000,0.000000000,,,,,,0.000000000,,,,,,,,,,,,
group_001,24,Monash__wind_farms_minutely_dataset_without_missing_values,Monash,tsf,dataset/Monash_Dataset/wind_farms_minutely_dataset_without_missing_values/wind_farms_minutely_dataset_without_missing_values.tsf,train,9,44593241,120,344801,96,1,mean,train_split_standard,-0.877733824,-0.387835876,0.625468102,9.000000000,0.000114393,0.000000000,0.021052632,86.000000000,0.333333333,0.000000000,0.075697221,40.000000000,1.000000000,0.000000000,0.812500000,0.185409413,2.000000000,0.000000000,0.257142857,0.828571429,1.570796327,1.179535649
group_001,24,Monash__wind_farms_minutely_dataset_without_missing_values,Monash,tsf,dataset/Monash_Dataset/wind_farms_minutely_dataset_without_missing_values/wind_farms_minutely_dataset_without_missing_values.tsf,train,10,117339068,319,27847,96,1,mean,train_split_standard,,,0.000000000,0.000000000,,,,,,0.000000000,,,,,,,,,,,,
group_001,24,Monash__wind_farms_minutely_dataset_without_missing_values,Monash,tsf,dataset/Monash_Dataset/wind_farms_minutely_dataset_without_missing_values/wind_farms_minutely_dataset_without_missing_values.tsf,train,11,26648811,72,99747,96,1,mean,train_split_standard,,,0.000000000,0.000000000,,,,,,0.000000000,,,,,,,,,,,,
group_001,24,Monash__wind_farms_minutely_dataset_without_missing_values,Monash,tsf,dataset/Monash_Dataset/wind_farms_minutely_dataset_without_missing_values/wind_farms_minutely_dataset_without_missing_values.tsf,train,12,100563457,272,266993,96,1,mean,train_split_standard,0.154398035,0.365704535,5.728892325,15.000000000,0.374292463,0.016516392,0.421052632,34.000000000,0.088435374,22.000000000,0.572843729,12.000000000,0.307692308,-0.395833333,0.906250000,0.957260902,8.000000000,0.900536865,0.828571429,0.828571429,0.196349541,0.460389977
group_001,24,Monash__wind_farms_minutely_dataset_without_missing_values,Monash,tsf,dataset/Monash_Dataset/wind_farms_minutely_dataset_without_missing_values/wind_farms_minutely_dataset_without_missing_values.tsf,train,13,39642942,107,188083,96,1,mean,train_split_standard,,,0.000000000,0.000000000,,,,,,0.000000000,,,,,,,,,,,,
group_001,24,Monash__wind_farms_minutely_dataset_without_missing_values,Monash,tsf,dataset/Monash_Dataset/wind_farms_minutely_dataset_without_missing_values/wind_farms_minutely_dataset_without_missing_values.tsf,train,14,107571195,291,268728,96,1,mean,train_split_standard,0.419441001,0.651272499,4.219497642,29.000000000,0.581583627,-0.057294057,0.200000000,74.000000000,0.062500000,0.000000000,0.300975211,20.000000000,0.200000000,-0.572916667,0.687500000,0.869932718,4.000000000,1.072091819,0.171428571,0.828571429,0.245436926,0.591033581
group_001,24,Monash__wind_farms_minutely_dataset_without_missing_values,Monash,tsf,dataset/Monash_Dataset/wind_farms_minutely_dataset_without_missing_values/wind_farms_minutely_dataset_without_missing_values.tsf,train,15,76484751,207,156192,96,1,mean,train_split_standard,-0.763872745,-0.591419208,13.626631762,45.000000000,0.853391742,0.000652860,0.705263158,35.000000000,0.041666667,27.000000000,1.796743599,20.000000000,0.636363636,-0.458333333,0.458333333,0.984222237,15.000000000,1.347941736,0.800000000,0.428571429,0.049087385,0.205873365
group_001,24,Monash__wind_farms_minutely_dataset_without_missing_values,Monash,tsf,dataset/Monash_Dataset/wind_farms_minutely_dataset_without_missing_values/wind_farms_minutely_dataset_without_missing_values.tsf,train,16,59750747,162,15353,96,1,mean,train_split_standard,,,0.000000000,0.000000000,,,,,,0.000000000,,,,,,,,,,,,
group_001,24,Monash__wind_farms_minutely_dataset_without_missing_values,Monash,tsf,dataset/Monash_Dataset/wind_farms_minutely_dataset_without_missing_values/wind_farms_minutely_dataset_without_missing_values.tsf,train,17,103998649,282,14815,96,1,mean,train_split_standard,0.923481501,1.076465847,21.517353645,64.000000000,1.276453048,0.000056624,0.473684211,50.000000000,0.166666667,0.000000000,9.983866475,40.000000000,0.742857143,0.625000000,-0.739583333,0.964724061,1.000000000,1.192184155,0.828571429,0.828571429,0.049087385,0.029318328
group_001,24,Monash__wind_farms_minutely_dataset_without_missing_values,Monash,tsf,dataset/Monash_Dataset/wind_farms_minutely_dataset_without_missing_values/wind_farms_minutely_dataset_without_missing_values.tsf,train,18,3171822,8,221926,96,1,mean,train_split_standard,-0.273334652,-0.985715877,0.694734567,2.000000000,0.157891832,0.007164008,0.957894737,6.000000000,0.005583220,3.000000000,0.046747260,2.000000000,0.500000000,-0.135416667,-0.531250000,0.134829268,4.000000000,2.171301984,0.800000000,0.600000000,1.374446786,1.236211886
group_001,24,Monash__wind_farms_minutely_dataset_without_missing_values,Monash,tsf,dataset/Monash_Dataset/wind_farms_minutely_dataset_without_missing_values/wind_farms_minutely_dataset_without_missing_values.tsf,train,19,105083915,284,362607,96,1,mean,train_split_standard,,,0.000000000,0.000000000,,,,,,0.000000000,,,,,,,,,,,,
group_001,24,Monash__wind_farms_minutely_dataset_without_missing_values,Monash,tsf,dataset/Monash_Dataset/wind_farms_minutely_dataset_without_missing_values/wind_farms_minutely_dataset_without_missing_values.tsf,train,20,7137903,19,131900,96,1,mean,train_split_standard,,,0.000000000,0.000000000,,,,,,0.000000000,,,,,,,,,,,,
group_001,25,TIME__Australia_Solar__H,TIME,arrow,dataset/Time_Dataset/Australia_Solar/H/data-00000-of-00001.arrow,train,1,6623,0,6623,96,3,mean,train_split_standard,-0.096014220,-0.655715230,4.506109203,12.000000000,0.620673071,-0.203670393,0.684210526,13.666666667,0.025979984,23.000000000,0.779869279,5.333333333,0.626984127,-0.072916667,0.003472222,0.951001140,6.000000000,1.576949379,0.657142857,0.247619048,0.245436926,0.558647870
group_001,25,TIME__Australia_Solar__H,TIME,arrow,dataset/Time_Dataset/Australia_Solar/H/data-00000-of-00001.arrow,train,2,22844,0,22844,96,3,mean,train_split_standard,-0.265687664,-0.309875522,4.426197019,12.000000000,0.697548078,-0.174266069,0.656140351,14.000000000,0.026970560,23.000000000,0.713361491,5.000000000,0.904761905,0.027777778,-0.024305556,0.947581179,5.666666667,1.544424333,0.561904762,0.295238095,0.245436926,0.568190576
group_001,25,TIME__Australia_Solar__H,TIME,arrow,dataset/Time_Dataset/Australia_Solar/H/data-00000-of-00001.arrow,train,3,6785,0,6785,96,3,mean,train_split_standard,-0.918435407,-1.072881900,4.310932404,12.000000000,0.640310055,-0.179602078,0.726315789,13.333333333,0.018414786,23.000000000,0.755018875,5.000000000,0.849206349,0.100694444,-0.140625000,0.942501508,6.000000000,1.598444992,0.438095238,0.247619048,0.245436926,0.574946766
group_001,25,TIME__Australia_Solar__H,TIME,arrow,dataset/Time_Dataset/Australia_Solar/H/data-00000-of-00001.arrow,train,4,1553,0,1553,96,3,mean,train_split_standard,-0.739203921,-0.895587580,5.408434026,14.666666667,0.696261764,-0.077931966,0.431578947,16.333333333,0.045922427,22.666666667,0.463220130,7.333333333,0.721861472,0.534722222,-0.013888889,0.915451327,9.666666667,1.462800085,0.485714286,0.457142857,0.212712003,0.529687270
group_001,25,TIME__Australia_Solar__H,TIME,arrow,dataset/Time_Dataset/Australia_Solar/H/data-00000-of-00001.arrow,train,5,8356,0,8356,96,3,mean,train_split_standard,-0.155617770,0.563923951,4.341603786,11.333333333,0.615388278,-0.197311483,0.698245614,13.333333333,0.012830740,23.000000000,0.728573174,5.000000000,0.626984127,0.243055556,-0.239583333,0.944306343,6.666666667,1.607225894,0.438095238,0.180952381,0.261799388,0.570463957
group_001,25,TIME__Australia_Solar__H,TIME,arrow,dataset/Time_Dataset/Australia_Solar/H/data-00000-of-00001.arrow,train,6,14706,0,14706,96,3,mean,train_split_standard,-0.260836777,-0.319214692,4.089693625,11.666666667,0.617606310,-0.154672823,0.726315789,13.333333333,0.022216378,23.000000000,0.658799477,5.000000000,0.674603175,0.041666667,-0.097222222,0.930980466,6.000000000,1.605434983,0.533333333,0.228571429,0.261799388,0.581220617
group_001,25,TIME__Australia_Solar__H,TIME,arrow,dataset/Time_Dataset/Australia_Solar/H/data-00000-of-00001.arrow,train,7,21417,0,21417,96,3,mean,train_split_standard,0.389884815,0.344880311,4.171437631,12.000000000,0.743026462,-0.162323500,0.614035088,14.000000000,0.033086420,23.000000000,0.804416398,5.000000000,1.055555556,0.017361111,0.010416667,0.930179378,6.000000000,1.544182147,0.628571429,0.266666667,0.245436926,0.577693304
group_001,25,TIME__Australia_Solar__H,TIME,arrow,dataset/Time_Dataset/Australia_Solar/H/data-00000-of-00001.arrow,train,8,12877,0,12877,96,3,mean,train_split_standard,-0.970075888,-0.842317203,4.913622643,12.333333333,0.733258908,-0.163465277,0.603508772,14.333333333,0.047168837,23.000000000,0.801269962,6.333333333,0.869047619,-0.654513889,0.260416667,0.948534722,6.000000000,1.510742192,0.628571429,0.257142857,0.245436926,0.514462829
group_001,25,TIME__Australia_Solar__H,TIME,arrow,dataset/Time_Dataset/Australia_Solar/H/data-00000-of-00001.arrow,train,9,8107,0,8107,96,3,mean,train_split_standard,-0.762135787,-0.957685186,4.149896732,11.666666667,0.532041413,-0.079906061,0.698245614,13.000000000,0.011682373,23.000000000,0.740492647,5.000000000,0.896825397,0.246527778,-0.166666667,0.923418274,7.000000000,1.575396536,0.495238095,0.438095238,0.245436926,0.520031876
group_001,25,TIME__Australia_Solar__H,TIME,arrow,dataset/Time_Dataset/Australia_Solar/H/data-00000-of-00001.arrow,train,10,13052,0,13052,96,3,mean,train_split_standard,-0.877424138,-1.044023190,4.758975119,12.000000000,0.597563871,-0.150722021,0.635087719,15.666666667,0.021408466,23.000000000,0.805630786,5.666666667,0.916666667,0.496527778,-0.215277778,0.941826360,5.666666667,1.530073314,0.371428571,0.495238095,0.261799388,0.522098598
group_001,25,TIME__Australia_Solar__H,TIME,arrow,dataset/Time_Dataset/Australia_Solar/H/data-00000-of-00001.arrow,train,11,7071,0,7071,96,3,mean,train_split_standard,-0.226125654,-0.278438007,4.280723302,12.000000000,0.670140678,-0.189010970,0.722807018,13.000000000,0.012497626,23.000000000,0.693961600,4.666666667,0.626984127,-0.184027778,0.121527778,0.946665271,6.000000000,1.626609927,0.476190476,0.257142857,0.245436926,0.574157610
group_001,25,TIME__Australia_Solar__H,TIME,arrow,dataset/Time_Dataset/Australia_Solar/H/data-00000-of-00001.arrow,train,12,8073,0,8073,96,3,mean,train_split_standard,-0.695967531,-0.819994109,5.033560574,12.666666667,0.540145219,-0.114744986,0.670175439,15.666666667,0.030381247,23.000000000,0.886383164,6.333333333,0.709523810,-0.569444444,0.013888889,0.947230353,7.333333333,1.553358928,0.314285714,0.552380952,0.229074464,0.514209837
group_001,25,TIME__Australia_Solar__H,TIME,arrow,dataset/Time_Dataset/Australia_Solar/H/data-00000-of-00001.arrow,train,13,23969,0,23969,96,3,mean,train_split_standard,-0.104169035,-0.267299271,4.621908066,12.000000000,0.642926362,-0.143515256,0.652631579,18.000000000,0.022353715,23.333333333,0.739180274,5.666666667,0.857142857,0.480902778,-0.163194444,0.932491154,9.000000000,1.506895725,0.390476190,0.180952381,0.245436926,0.535396919
group_001,25,TIME__Australia_Solar__H,TIME,arrow,dataset/Time_Dataset/Australia_Solar/H/data-00000-of-00001.arrow,train,14,8406,0,8406,96,3,mean,train_split_standard,0.538464184,0.488050979,4.020427348,11.333333333,0.628465668,-0.193360574,0.680701754,12.666666667,0.028148148,23.000000000,0.695841625,4.666666667,0.777777778,-0.107638889,0.013888889,0.933893149,6.666666667,1.621939884,0.514285714,0.247619048,0.261799388,0.596221005
group_001,25,TIME__Australia_Solar__H,TIME,arrow,dataset/Time_Dataset/Australia_Solar/H/data-00000-of-00001.arrow,train,15,11571,0,11571,96,3,mean,train_split_standard,-0.105028952,0.166528731,4.840899520,12.333333333,0.686807380,-0.144486122,0.617543860,14.333333333,0.026005075,23.000000000,0.629109484,6.000000000,0.869047619,0.541666667,-0.152777778,0.944103084,12.666666667,1.512681965,0.571428571,0.200000000,0.245436926,0.532568624
group_001,25,TIME__Australia_Solar__H,TIME,arrow,dataset/Time_Dataset/Australia_Solar/H/data-00000-of-00001.arrow,train,16,17134,0,17134,96,3,mean,train_split_standard,-0.229944631,-0.279585764,4.668633851,12.000000000,0.656526388,-0.171762872,0.628070175,14.333333333,0.031115748,23.333333333,0.733974080,5.666666667,0.910714286,0.250000000,-0.229166667,0.944299160,6.333333333,1.537710153,0.533333333,0.257142857,0.245436926,0.537415267
group_001,25,TIME__Australia_Solar__H,TIME,arrow,dataset/Time_Dataset/Australia_Solar/H/data-00000-of-00001.arrow,train,17,7140,0,7140,96,3,mean,train_split_standard,-0.933356853,-0.184607900,4.524503913,12.000000000,0.647863924,-0.176058753,0.708771930,13.333333333,0.038231626,23.000000000,0.771803477,5.333333333,0.591269841,-0.371527778,0.215277778,0.951032089,6.333333333,1.587154847,0.609523810,0.257142857,0.245436926,0.554577810
group_001,25,TIME__Australia_Solar__H,TIME,arrow,dataset/Time_Dataset/Australia_Solar/H/data-00000-of-00001.arrow,train,18,1445,0,1445,96,3,mean,train_split_standard,-0.142802661,-0.189469454,4.934715714,12.666666667,0.709668484,-0.140691728,0.554385965,15.666666667,0.027191358,23.333333333,0.811677092,6.333333333,0.848484848,-0.333333333,0.145833333,0.936719527,8.000000000,1.501806380,0.466666667,0.428571429,0.229074464,0.530988148
group_001,25,TIME__Australia_Solar__H,TIME,arrow,dataset/Time_Dataset/Australia_Solar/H/data-00000-of-00001.arrow,train,19,1572,0,1572,96,3,mean,train_split_standard,-0.737341075,-0.794042912,5.776725950,13.666666667,0.692154152,-0.072447424,0.442105263,16.333333333,0.036891134,23.000000000,0.505106207,8.000000000,0.750925926,0.253472222,0.243055556,0.933634959,10.000000000,1.496945714,0.733333333,0.628571429,0.212712003,0.497705168
group_001,25,TIME__Australia_Solar__H,TIME,arrow,dataset/Time_Dataset/Australia_Solar/H/data-00000-of-00001.arrow,train,20,5730,0,5730,96,3,mean,train_split_standard,-0.634171381,-0.693691054,8.787752879,23.333333333,0.766823114,-0.146167901,0.536842105,20.333333333,0.045096063,15.000000000,1.657497768,15.333333333,0.952380952,0.083333333,0.093750000,0.921065325,22.000000000,1.433006129,0.285714286,0.523809524,0.196349541,0.398592115
group_001,26,TIME__CPHL__15T,TIME,arrow,dataset/Time_Dataset/CPHL/15T/data-00000-of-00001.arrow,train,1,1946,0,1946,96,1,mean,train_split_standard,-0.193331464,-0.410821102,5.997487574,16.000000000,0.418830292,0.115541642,0.978947368,15.000000000,0.008230453,19.000000000,0.268702886,9.000000000,0.100000000,-0.864583333,0.145833333,0.818441074,6.000000000,1.894300056,0.771428571,0.257142857,0.196349541,0.537335918
group_001,26,TIME__CPHL__15T,TIME,arrow,dataset/Time_Dataset/CPHL/15T/data-00000-of-00001.arrow,train,2,11413,1,4023,96,1,mean,train_split_standard,-1.010166634,-1.251116210,11.597038593,36.000000000,0.621772310,0.175662364,0.873684211,34.000000000,0.062500000,16.000000000,0.262753353,20.000000000,0.095238095,-0.281250000,0.489583333,0.852287511,5.000000000,1.627521273,0.828571429,0.685714286,0.098174770,0.475915209
group_001,26,TIME__CPHL__15T,TIME,arrow,dataset/Time_Dataset/CPHL/15T/data-00000-of-00001.arrow,train,3,4227,0,4227,96,1,mean,train_split_standard,-1.085371933,-1.259314186,19.168157605,55.000000000,0.718640867,-0.016023495,0.884210526,38.000000000,0.111111111,6.000000000,0.546364109,26.000000000,0.032258065,-0.484375000,0.677083333,0.926200817,4.000000000,1.576949379,0.600000000,0.685714286,0.049087385,0.339652707
group_001,26,TIME__CPHL__15T,TIME,arrow,dataset/Time_Dataset/CPHL/15T/data-00000-of-00001.arrow,train,4,10765,1,3375,96,1,mean,train_split_standard,-0.354843380,0.451999218,1.967383099,8.000000000,0.319741222,0.830695749,0.915789474,23.000000000,0.005509642,13.000000000,0.099404322,6.000000000,0.125000000,-0.229166667,-0.677083333,0.624491657,6.000000000,1.911270574,0.342857143,0.771428571,0.441786467,0.947775774
group_001,26,TIME__CPHL__15T,TIME,arrow,dataset/Time_Dataset/CPHL/15T/data-00000-of-00001.arrow,train,5,9160,1,1770,96,1,mean,train_split_standard,0.778777360,0.560551979,6.063212031,11.000000000,0.521575114,-0.083144555,0.936842105,23.000000000,0.080000000,0.000000000,0.282951946,10.000000000,0.052631579,0.333333333,-0.656250000,0.853905382,6.000000000,1.708354994,0.800000000,0.600000000,0.147262156,0.578872198
group_001,26,TIME__CPHL__15T,TIME,arrow,dataset/Time_Dataset/CPHL/15T/data-00000-of-00001.arrow,train,6,9113,1,1723,96,1,mean,train_split_standard,0.856055377,0.679066028,14.039148501,41.000000000,0.681507690,-0.006814787,0.873684211,26.000000000,0.111111111,0.000000000,0.660331861,23.000000000,0.041666667,-0.468750000,0.312500000,0.937937084,7.000000000,1.622742045,0.828571429,0.742857143,0.049087385,0.377742314
group_001,26,TIME__CPHL__15T,TIME,arrow,dataset/Time_Dataset/CPHL/15T/data-00000-of-00001.arrow,train,7,4785,0,4785,96,1,mean,train_split_standard,0.537328777,0.295601019,10.091556933,1.000000000,0.441977292,-0.036996633,0.957894737,24.000000000,0.062500000,6.000000000,0.129701490,5.000000000,0.050000000,0.114583333,-0.640625000,0.750983079,5.000000000,2.005043843,0.714285714,0.600000000,0.098174770,0.649997905
group_001,26,TIME__CPHL__15T,TIME,arrow,dataset/Time_Dataset/CPHL/15T/data-00000-of-00001.arrow,train,8,9176,1,1786,96,1,mean,train_split_standard,0.684924352,0.420013959,3.429980693,9.000000000,0.403514274,-0.071539268,0.936842105,27.000000000,0.023668639,15.000000000,0.212317493,5.000000000,0.142857143,-0.010416667,-0.864583333,0.775553613,6.000000000,1.895354621,0.800000000,0.200000000,0.343611696,0.683445190
group_001,26,TIME__CPHL__15T,TIME,arrow,dataset/Time_Dataset/CPHL/15T/data-00000-of-00001.arrow,train,9,3916,0,3916,96,1,mean,train_split_standard,0.990984091,0.782874567,15.953708141,3.000000000,0.543004770,0.134426260,0.968421053,26.000000000,0.074074074,3.000000000,0.221854491,1.000000000,0.038461538,0.286458333,-0.677083333,0.830627454,6.000000000,1.842671144,0.800000000,0.600000000,0.049087385,0.525037298
group_001,26,TIME__CPHL__15T,TIME,arrow,dataset/Time_Dataset/CPHL/15T/data-00000-of-00001.arrow,train,10,8529,1,1139,96,1,mean,train_split_standard,0.108692463,0.326603129,7.564950805,14.000000000,0.366484820,0.026444732,0.968421053,19.000000000,0.111111111,3.000000000,0.235032269,9.000000000,0.041666667,0.062500000,0.802083333,0.771059066,4.000000000,1.866912572,0.800000000,0.828571429,0.098174770,0.658199124
group_001,26,TIME__CPHL__15T,TIME,arrow,dataset/Time_Dataset/CPHL/15T/data-00000-of-00001.arrow,train,11,12154,1,4764,96,1,mean,train_split_standard,-0.489338210,-0.168176938,0.892503621,1.000000000,0.096358152,-0.468817350,0.894736842,7.000000000,0.041666667,4.000000000,0.045328650,3.000000000,0.043478261,0.541666667,-0.260416667,0.442306532,4.000000000,1.975187268,0.685714286,0.828571429,0.785398163,0.985485609
group_001,26,TIME__CPHL__15T,TIME,arrow,dataset/Time_Dataset/CPHL/15T/data-00000-of-00001.arrow,train,12,1380,0,1380,96,1,mean,train_split_standard,-1.099009419,-0.898407058,14.267283388,1.000000000,0.719014623,0.002518238,0.852631579,28.000000000,0.041666667,9.000000000,0.450286433,20.000000000,0.045454545,-0.750000000,0.104166667,0.924310176,5.000000000,1.711847770,0.742857143,0.828571429,0.098174770,0.360091544
group_001,26,TIME__CPHL__15T,TIME,arrow,dataset/Time_Dataset/CPHL/15T/data-00000-of-00001.arrow,train,13,12745,1,5355,96,1,mean,train_split_standard,0.474713070,0.678433972,12.389862298,21.000000000,0.597833728,-0.020553675,0.884210526,17.000000000,0.166666667,5.000000000,0.470197648,2.000000000,0.027777778,-0.854166667,0.572916667,0.855428679,11.000000000,1.630009903,0.828571429,0.542857143,0.049087385,0.470304273
group_001,26,TIME__CPHL__15T,TIME,arrow,dataset/Time_Dataset/CPHL/15T/data-00000-of-00001.arrow,train,14,10934,1,3544,96,1,mean,train_split_standard,-0.784297933,-0.066581833,4.006726169,13.000000000,0.329623065,0.278248854,0.852631579,24.000000000,0.074074074,23.000000000,0.056458855,12.000000000,0.066666667,-0.010416667,-0.666666667,0.582529958,7.000000000,1.658136923,0.171428571,0.600000000,0.245436926,0.872173358
group_001,26,TIME__CPHL__15T,TIME,arrow,dataset/Time_Dataset/CPHL/15T/data-00000-of-00001.arrow,train,15,8013,1,623,96,1,mean,train_split_standard,-0.386239386,-0.713936178,10.809149988,9.000000000,0.410070745,-0.086467750,0.842105263,26.000000000,0.074074074,9.000000000,0.075947505,4.000000000,0.041666667,-0.770833333,0.197916667,0.769610266,5.000000000,1.628287246,0.742857143,0.800000000,0.098174770,0.632206448
group_001,26,TIME__CPHL__15T,TIME,arrow,dataset/Time_Dataset/CPHL/15T/data-00000-of-00001.arrow,train,16,3951,0,3951,96,1,mean,train_split_standard,0.090970286,0.786892768,15.162401109,2.000000000,0.539530128,0.031224281,0.957894737,26.000000000,0.074074074,3.000000000,0.268342905,1.000000000,0.037037037,-0.406250000,0.583333333,0.856129915,5.000000000,1.817855234,0.171428571,0.600000000,0.049087385,0.498434642
group_001,26,TIME__CPHL__15T,TIME,arrow,dataset/Time_Dataset/CPHL/15T/data-00000-of-00001.arrow,train,17,526,0,526,96,1,mean,train_split_standard,-0.460024175,-0.661003705,12.331680778,32.000000000,0.627486109,-0.036425822,0.947368421,28.000000000,0.062500000,0.000000000,0.364519205,19.000000000,0.050000000,0.677083333,-0.010416667,0.875348067,7.000000000,1.728254025,0.742857143,0.828571429,0.098174770,0.472213690
group_001,26,TIME__CPHL__15T,TIME,arrow,dataset/Time_Dataset/CPHL/15T/data-00000-of-00001.arrow,train,18,3416,0,3416,96,1,mean,train_split_standard,-0.863650740,-1.053766727,18.921970903,2.000000000,0.689720823,0.016621808,0.894736842,34.000000000,0.074074074,2.000000000,0.317553254,1.000000000,0.033333333,0.531250000,-0.593750000,0.877404002,5.000000000,1.715618729,0.828571429,0.571428571,0.049087385,0.459171040
group_001,26,TIME__CPHL__15T,TIME,arrow,dataset/Time_Dataset/CPHL/15T/data-00000-of-00001.arrow,train,19,5063,0,5063,96,1,mean,train_split_standard,-0.643170337,0.116658479,15.501891869,38.000000000,0.594877335,0.000539708,0.926315789,42.000000000,0.111111111,25.000000000,0.339167496,15.000000000,0.037037037,0.291666667,-0.468750000,0.896495573,5.000000000,1.812965848,0.800000000,0.742857143,0.049087385,0.432647688
group_001,26,TIME__CPHL__15T,TIME,arrow,dataset/Time_Dataset/CPHL/15T/data-00000-of-00001.arrow,train,20,788,0,788,96,1,mean,train_split_standard,0.083458153,-0.138125418,7.230729163,11.000000000,0.558743835,-0.307683106,0.852631579,10.000000000,0.074074074,9.000000000,0.165198447,8.000000000,0.037037037,-0.854166667,0.343750000,0.861671102,4.000000000,1.766267160,0.771428571,0.171428571,0.147262156,0.527530484
group_001,27,TIME__CPHL__30T,TIME,arrow,dataset/Time_Dataset/CPHL/30T/data-00000-of-00001.arrow,train,1,4787,0,4787,96,1,mean,train_split_standard,-0.124884074,0.091769975,5.273756337,16.000000000,0.363230158,-0.001559028,0.915789474,19.000000000,0.031250000,28.000000000,0.390584102,10.000000000,0.181818182,0.302083333,-0.531250000,0.862674780,10.000000000,1.786207204,0.171428571,0.542857143,0.147262156,0.585003360
group_001,27,TIME__CPHL__30T,TIME,arrow,dataset/Time_Dataset/CPHL/30T/data-00000-of-00001.arrow,train,2,8266,1,192,96,1,mean,train_split_standard,-0.866017885,-1.112800453,3.183030565,4.000000000,0.182853534,0.268631410,0.947368421,14.000000000,0.034013605,4.000000000,0.083549445,3.000000000,0.076923077,0.427083333,-0.312500000,0.659533666,6.000000000,2.047405751,0.828571429,0.600000000,0.343611696,0.837018445
group_001,27,TIME__CPHL__30T,TIME,arrow,dataset/Time_Dataset/CPHL/30T/data-00000-of-00001.arrow,train,3,5279,0,5279,96,1,mean,train_split_standard,-0.367589942,-0.159183826,4.527475096,12.000000000,0.467402117,0.090240899,0.884210526,27.000000000,0.038567493,15.000000000,0.358631563,6.000000000,0.125000000,0.333333333,-0.041666667,0.900817057,10.000000000,1.754432866,0.828571429,0.171428571,0.245436926,0.595058784
group_001,27,TIME__CPHL__30T,TIME,arrow,dataset/Time_Dataset/CPHL/30T/data-00000-of-00001.arrow,train,4,258,0,258,96,1,mean,train_split_standard,0.392064750,-0.375459838,3.075316274,8.000000000,0.190967797,0.104144161,0.936842105,11.000000000,0.013774105,11.000000000,0.164725579,8.000000000,0.125000000,-0.083333333,0.385416667,0.671503018,5.000000000,2.099588153,0.714285714,0.742857143,0.392699082,0.868652053
group_001,27,TIME__CPHL__30T,TIME,arrow,dataset/Time_Dataset/CPHL/30T/data-00000-of-00001.arrow,train,5,17931,1,9857,96,1,mean,train_split_standard,-0.010609018,-0.476857822,0.810541636,3.000000000,0.004034024,0.308296830,0.968421053,10.000000000,0.020408163,4.000000000,0.089291185,2.000000000,0.083333333,-0.031250000,-0.208333333,0.294558197,6.000000000,1.976598636,0.171428571,0.828571429,1.178097245,1.093949963
group_001,27,TIME__CPHL__30T,TIME,arrow,dataset/Time_Dataset/CPHL/30T/data-00000-of-00001.arrow,train,6,12794,1,4720,96,1,mean,train_split_standard,0.310081073,0.310081073,2.695461661,9.000000000,0.406337141,-0.147959315,0.968421053,27.000000000,0.020740741,27.000000000,0.126749585,4.000000000,0.333333333,0.286458333,0.177083333,0.695231965,23.000000000,1.745210530,0.514285714,0.228571429,0.392699082,0.822384198
group_001,27,TIME__CPHL__30T,TIME,arrow,dataset/Time_Dataset/CPHL/30T/data-00000-of-00001.arrow,train,7,4191,0,4191,96,1,mean,train_split_standard,-0.398307206,0.208418118,2.659289315,6.000000000,0.251251479,-0.098490879,0.947368421,13.000000000,0.000923361,22.000000000,0.143809142,4.000000000,0.200000000,0.208333333,-0.093750000,0.659907874,7.000000000,2.025654123,0.200000000,0.171428571,0.441786467,0.872476783
group_001,27,TIME__CPHL__30T,TIME,arrow,dataset/Time_Dataset/CPHL/30T/data-00000-of-00001.arrow,train,8,5246,0,5246,96,1,mean,train_split_standard,-0.299411806,-0.518947068,3.414333908,9.000000000,0.229759461,0.180306847,0.968421053,14.000000000,0.013774105,30.000000000,0.239042760,6.000000000,0.125000000,0.031250000,-0.187500000,0.751919472,10.000000000,2.010107993,0.800000000,0.800000000,0.294524311,0.736970988
group_001,27,TIME__CPHL__30T,TIME,arrow,dataset/Time_Dataset/CPHL/30T/data-00000-of-00001.arrow,train,9,5013,0,5013,96,1,mean,train_split_standard,0.109604112,0.326624403,4.443818936,10.000000000,0.288280268,0.196368719,0.936842105,16.000000000,0.043333333,24.000000000,0.228598440,8.000000000,0.111111111,0.656250000,-0.187500000,0.807236645,6.000000000,1.862530904,0.514285714,0.628571429,0.245436926,0.709817280
group_001,27,TIME__CPHL__30T,TIME,arrow,dataset/Time_Dataset/CPHL/30T/data-00000-of-00001.arrow,train,10,5838,0,5838,96,1,mean,train_split_standard,-0.725426887,-0.451277215,2.375041226,4.000000000,0.162358063,-0.004365778,0.957894737,16.000000000,0.024691358,16.000000000,0.153318287,3.000000000,0.100000000,0.083333333,-0.510416667,0.569588106,6.000000000,1.937180672,0.828571429,0.485714286,0.392699082,0.916790499
group_001,27,TIME__CPHL__30T,TIME,arrow,dataset/Time_Dataset/CPHL/30T/data-00000-of-00001.arrow,train,11,8693,1,619,96,1,mean,train_split_standard,-0.962980677,-0.785174847,9.847487009,34.000000000,0.698160540,0.021500138,0.852631579,29.000000000,0.040000000,25.000000000,0.614941900,19.000000000,0.052631579,0.598958333,-0.062500000,0.958942059,7.000000000,1.567677137,0.171428571,0.600000000,0.098174770,0.349330011
group_001,27,TIME__CPHL__30T,TIME,arrow,dataset/Time_Dataset/CPHL/30T/data-00000-of-00001.arrow,train,12,9260,1,1186,96,1,mean,train_split_standard,-0.077590030,-0.407644733,0.672924245,4.000000000,0.014051779,-0.790562977,0.778947368,6.000000000,0.027095148,8.000000000,0.050180145,2.000000000,0.250000000,0.302083333,0.270833333,0.218694982,4.000000000,2.073218476,0.828571429,0.600000000,1.423534171,1.141323154
group_001,27,TIME__CPHL__30T,TIME,arrow,dataset/Time_Dataset/CPHL/30T/data-00000-of-00001.arrow,train,13,14562,1,6488,96,1,mean,train_split_standard,-0.104553368,-0.327118076,7.891657810,18.000000000,0.580284463,-0.038732702,0.884210526,20.000000000,0.046296296,0.000000000,0.442803533,14.000000000,0.066666667,-0.812500000,0.708333333,0.902221002,6.000000000,1.670024562,0.828571429,0.628571429,0.147262156,0.472192878
group_001,27,TIME__CPHL__30T,TIME,arrow,dataset/Time_Dataset/CPHL/30T/data-00000-of-00001.arrow,train,14,3538,0,3538,96,1,mean,train_split_standard,0.378992982,0.639069009,3.479822479,14.000000000,0.278251982,-0.068222278,0.936842105,17.000000000,0.005509642,23.000000000,0.153223873,7.000000000,0.125000000,0.354166667,-0.291666667,0.719480935,5.000000000,1.904286578,0.800000000,0.828571429,0.245436926,0.774812024
group_001,27,TIME__CPHL__30T,TIME,arrow,dataset/Time_Dataset/CPHL/30T/data-00000-of-00001.arrow,train,15,6470,0,6470,96,1,mean,train_split_standard,0.507947924,0.267352079,2.444479974,9.000000000,0.213800626,0.409622949,0.968421053,17.000000000,0.023668639,24.000000000,0.133706793,6.000000000,0.142857143,0.197916667,-0.010416667,0.622633809,7.000000000,1.958550878,0.171428571,0.828571429,0.392699082,0.878502240
group_001,27,TIME__CPHL__30T,TIME,arrow,dataset/Time_Dataset/CPHL/30T/data-00000-of-00001.arrow,train,16,18488,1,10414,96,1,mean,train_split_standard,0.333809457,0.072387428,6.334897660,9.000000000,0.320008666,0.118943741,0.936842105,23.000000000,0.040000000,3.000000000,0.159142148,2.000000000,0.055555556,0.593750000,0.010416667,0.717590337,5.000000000,1.822992243,0.171428571,0.485714286,0.196349541,0.750508055
group_001,27,TIME__CPHL__30T,TIME,arrow,dataset/Time_Dataset/CPHL/30T/data-00000-of-00001.arrow,train,17,1636,0,1636,96,1,mean,train_split_standard,-0.758996859,-0.530969437,3.082320963,7.000000000,0.222427954,-0.064919621,0.957894737,16.000000000,0.011851852,18.000000000,0.243256137,4.000000000,0.166666667,-0.031250000,0.062500000,0.728703521,7.000000000,1.803270283,0.828571429,0.600000000,0.343611696,0.784682576
group_001,27,TIME__CPHL__30T,TIME,arrow,dataset/Time_Dataset/CPHL/30T/data-00000-of-00001.arrow,train,18,17662,1,9588,96,1,mean,train_split_standard,-0.203157734,-0.524774738,0.762941089,2.000000000,0.094107046,-1.261388298,0.936842105,6.000000000,0.011080332,2.000000000,0.073361056,1.000000000,0.200000000,0.562500000,0.187500000,0.371451659,6.000000000,2.150551230,0.171428571,0.600000000,1.374446786,1.048717360
group_001,27,TIME__CPHL__30T,TIME,arrow,dataset/Time_Dataset/CPHL/30T/data-00000-of-00001.arrow,train,19,893,0,893,96,1,mean,train_split_standard,-0.552497360,-0.755942552,3.008969342,8.000000000,0.250830950,0.303385703,0.936842105,22.000000000,0.034074074,28.000000000,0.208961506,5.000000000,0.166666667,0.093750000,0.031250000,0.767139700,7.000000000,1.933273864,0.600000000,0.742857143,0.392699082,0.809693015
group_001,27,TIME__CPHL__30T,TIME,arrow,dataset/Time_Dataset/CPHL/30T/data-00000-of-00001.arrow,train,20,2664,0,2664,96,1,mean,train_split_standard,0.794621890,0.420291673,6.028007841,19.000000000,0.577594806,-0.187857041,0.894736842,17.000000000,0.040000000,25.000000000,0.203386188,9.000000000,0.055555556,0.781250000,-0.406250000,0.836970935,5.000000000,1.680201035,0.171428571,0.171428571,0.147262156,0.605990088
group_001,28,TIME__CPHL__H,TIME,arrow,dataset/Time_Dataset/CPHL/H/data-00000-of-00001.arrow,train,1,7837,2,2192,96,1,mean,train_split_standard,0.318731894,0.515530023,1.493088686,8.000000000,0.132527538,0.287081273,0.947368421,14.000000000,0.011342155,10.000000000,0.115810721,3.000000000,0.250000000,-0.260416667,-0.031250000,0.553189936,15.000000000,1.993374775,0.571428571,0.600000000,0.589048623,1.044616498
group_001,28,TIME__CPHL__H,TIME,arrow,dataset/Time_Dataset/CPHL/H/data-00000-of-00001.arrow,train,2,1746,0,1746,96,1,mean,train_split_standard,0.620357238,-0.922183876,1.934053462,7.000000000,0.169804534,0.056812451,0.947368421,10.000000000,0.020740741,12.000000000,0.171743878,5.000000000,0.333333333,0.531250000,-0.614583333,0.663141915,6.000000000,1.939735821,0.828571429,0.685714286,0.490873852,0.910747226
group_001,28,TIME__CPHL__H,TIME,arrow,dataset/Time_Dataset/CPHL/H/data-00000-of-00001.arrow,train,3,11970,3,368,96,1,mean,train_split_standard,0.169089506,-0.041223758,4.476320897,12.000000000,0.371542938,0.001154159,0.926315789,20.000000000,0.013333333,21.000000000,0.400685938,8.000000000,0.222222222,0.083333333,-0.187500000,0.832149416,8.000000000,1.723805892,0.771428571,0.828571429,0.245436926,0.675775757
group_001,28,TIME__CPHL__H,TIME,arrow,dataset/Time_Dataset/CPHL/H/data-00000-of-00001.arrow,train,4,3597,0,3597,96,1,mean,train_split_standard,0.169773850,0.360557622,2.448738794,4.000000000,0.191787418,0.445202807,0.968421053,15.000000000,0.005509642,4.000000000,0.136663445,3.000000000,0.125000000,0.177083333,-0.333333333,0.578066847,7.000000000,2.092580294,0.828571429,0.742857143,0.294524311,0.898402630
group_001,28,TIME__CPHL__H,TIME,arrow,dataset/Time_Dataset/CPHL/H/data-00000-of-00001.arrow,train,5,8625,2,2980,96,1,mean,train_split_standard,-0.935282228,-0.935282228,3.655887273,15.000000000,0.280557378,-0.330254640,0.884210526,15.000000000,0.022038567,21.000000000,0.154636366,6.000000000,0.125000000,0.166666667,-0.010416667,0.739895822,15.000000000,1.932748149,0.828571429,0.400000000,0.245436926,0.793846075
group_001,28,TIME__CPHL__H,TIME,arrow,dataset/Time_Dataset/CPHL/H/data-00000-of-00001.arrow,train,6,12023,3,421,96,1,mean,train_split_standard,-0.491782439,0.106758247,4.185683592,11.000000000,0.318905446,-0.017519405,0.947368421,21.000000000,0.062500000,21.000000000,0.308756809,10.000000000,0.100000000,-0.687500000,0.250000000,0.812148120,6.000000000,1.817577570,0.771428571,0.828571429,0.196349541,0.673962737
group_001,28,TIME__CPHL__H,TIME,arrow,dataset/Time_Dataset/CPHL/H/data-00000-of-00001.arrow,train,7,1687,0,1687,96,1,mean,train_split_standard,0.072354147,-0.613033053,2.766860366,8.000000000,0.208226689,0.017988331,0.957894737,13.000000000,0.027777778,23.000000000,0.177408686,7.000000000,0.066666667,0.541666667,-0.541666667,0.650323421,5.000000000,1.940252857,0.828571429,0.171428571,0.294524311,0.878211401
group_001,28,TIME__CPHL__H,TIME,arrow,dataset/Time_Dataset/CPHL/H/data-00000-of-00001.arrow,train,8,8013,2,2368,96,1,mean,train_split_standard,-0.963238225,-1.152515520,1.516354145,2.000000000,0.193148738,0.089493723,0.989473684,9.000000000,0.013774105,2.000000000,0.078443548,1.000000000,0.125000000,0.072916667,0.385416667,0.523586772,8.000000000,2.075761412,0.657142857,0.828571429,0.490873852,0.969788649
group_001,28,TIME__CPHL__H,TIME,arrow,dataset/Time_Dataset/CPHL/H/data-00000-of-00001.arrow,train,9,1400,0,1400,96,1,mean,train_split_standard,0.086080298,-0.143359766,3.534865852,11.000000000,0.324504048,-0.001174825,0.968421053,13.000000000,0.007407407,23.000000000,0.210189639,5.000000000,0.166666667,0.812500000,-0.312500000,0.787551852,8.000000000,1.906128673,0.628571429,0.257142857,0.294524311,0.763362202
group_001,28,TIME__CPHL__H,TIME,arrow,dataset/Time_Dataset/CPHL/H/data-00000-of-00001.arrow,train,10,12778,3,1176,96,1,mean,train_split_standard,-0.390702236,-0.185628752,3.451944330,12.000000000,0.223545698,0.089991868,0.968421053,13.000000000,0.020576132,16.000000000,0.123847347,8.000000000,0.100000000,0.625000000,-0.437500000,0.696592234,6.000000000,1.959186170,0.200000000,0.714285714,0.294524311,0.791283353
group_001,28,TIME__CPHL__H,TIME,arrow,dataset/Time_Dataset/CPHL/H/data-00000-of-00001.arrow,train,11,4138,1,197,96,1,mean,train_split_standard,-0.521263795,-0.316405717,4.973673860,16.000000000,0.421822724,-0.040343816,0.884210526,19.000000000,0.013333333,25.000000000,0.413785790,8.000000000,0.555555556,0.489583333,-0.062500000,0.883766736,10.000000000,1.786207204,0.628571429,0.200000000,0.245436926,0.580981313
group_001,28,TIME__CPHL__H,TIME,arrow,dataset/Time_Dataset/CPHL/H/data-00000-of-00001.arrow,train,12,11322,2,5677,96,1,mean,train_split_standard,0.626548323,-1.339228726,15.751446504,40.000000000,0.699703480,-0.085464432,0.852631579,45.000000000,0.074074074,23.000000000,0.325244590,26.000000000,0.038461538,0.343750000,-0.604166667,0.902142917,6.000000000,1.617478786,0.771428571,0.542857143,0.049087385,0.446945563
group_001,28,TIME__CPHL__H,TIME,arrow,dataset/Time_Dataset/CPHL/H/data-00000-of-00001.arrow,train,13,2732,0,2732,96,1,mean,train_split_standard,-0.063518442,-0.794219304,2.061045205,3.000000000,0.147400930,0.289657065,0.957894737,12.000000000,0.038567493,11.000000000,0.156688946,2.000000000,0.250000000,0.791666667,-0.135416667,0.654768642,6.000000000,1.910766373,0.771428571,0.828571429,0.490873852,0.935357478
group_001,28,TIME__CPHL__H,TIME,arrow,dataset/Time_Dataset/CPHL/H/data-00000-of-00001.arrow,train,14,12656,3,1054,96,1,mean,train_split_standard,0.384256835,-0.392056908,9.961954017,13.000000000,0.373911732,0.062221723,0.894736842,20.000000000,0.111111111,20.000000000,0.275790893,12.000000000,0.035714286,0.552083333,-0.458333333,0.853393598,6.000000000,1.730016625,0.714285714,0.542857143,0.049087385,0.522132059
group_001,28,TIME__CPHL__H,TIME,arrow,dataset/Time_Dataset/CPHL/H/data-00000-of-00001.arrow,train,15,5110,1,1169,96,1,mean,train_split_standard,-0.586410248,-0.378325965,5.044073512,15.000000000,0.446088933,-0.126961921,0.873684211,14.000000000,0.045267490,22.000000000,0.236616198,8.000000000,0.100000000,0.843750000,-0.083333333,0.859882828,6.000000000,1.825433663,0.285714286,0.200000000,0.245436926,0.614713791
group_001,28,TIME__CPHL__H,TIME,arrow,dataset/Time_Dataset/CPHL/H/data-00000-of-00001.arrow,train,16,10438,2,4793,96,1,mean,train_split_standard,-0.300187465,-0.582786360,0.804276746,5.000000000,0.033543748,1.121391605,0.915789474,4.000000000,0.008324662,7.000000000,0.040140503,2.000000000,0.333333333,-0.177083333,-0.041666667,0.268715747,6.000000000,2.167864662,0.171428571,0.828571429,1.030835089,1.014177768
group_001,28,TIME__CPHL__H,TIME,arrow,dataset/Time_Dataset/CPHL/H/data-00000-of-00001.arrow,train,17,8538,2,2893,96,1,mean,train_split_standard,-0.972702336,-0.761387731,1.324628391,8.000000000,0.174129738,-0.098625545,0.968421053,9.000000000,0.031111111,11.000000000,0.087426997,4.000000000,0.166666667,0.291666667,-0.052083333,0.513256946,6.000000000,1.998131205,0.800000000,0.657142857,0.589048623,0.990364224
group_001,28,TIME__CPHL__H,TIME,arrow,dataset/Time_Dataset/CPHL/H/data-00000-of-00001.arrow,train,18,3278,0,3278,96,1,mean,train_split_standard,-0.192115177,-0.407105606,3.213401127,11.000000000,0.298400242,0.177331948,0.926315789,12.000000000,0.013333333,24.000000000,0.180227129,7.000000000,0.111111111,-0.197916667,0.750000000,0.718095731,7.000000000,1.976066946,0.771428571,0.171428571,0.245436926,0.800826394
group_001,28,TIME__CPHL__H,TIME,arrow,dataset/Time_Dataset/CPHL/H/data-00000-of-00001.arrow,train,19,8317,2,2672,96,1,mean,train_split_standard,0.205745564,0.900617041,1.502154272,4.000000000,0.265274530,0.745992294,0.915789474,14.000000000,0.009451796,7.000000000,0.084366783,2.000000000,0.250000000,-0.416666667,0.354166667,0.361030805,11.000000000,1.947118973,0.257142857,0.771428571,0.687223393,1.041039711
group_001,28,TIME__CPHL__H,TIME,arrow,dataset/Time_Dataset/CPHL/H/data-00000-of-00001.arrow,train,20,11341,2,5696,96,1,mean,train_split_standard,0.632155552,-1.255340615,10.590859842,17.000000000,0.641567189,-0.297834732,0.842105263,45.000000000,0.074074074,11.000000000,0.184094958,16.000000000,0.038461538,0.000000000,0.687500000,0.864563814,6.000000000,1.595606202,0.828571429,0.714285714,0.098174770,0.540291884
group_001,29,TIME__Coastal_T_S__15T,TIME,arrow,dataset/Time_Dataset/Coastal_T_S/15T/data-00000-of-00001.arrow,train,1,68734,4,8135,96,3,mean,train_split_standard,-0.281547592,-0.066108571,8.789991952,25.333333333,0.535575435,0.009982497,0.771929825,26.000000000,0.045362812,20.333333333,0.416663035,15.000000000,0.106150794,0.201388889,0.114583333,0.878245843,6.666666667,1.751250664,0.809523810,0.704761905,0.130899694,0.486125722
group_001,29,TIME__Coastal_T_S__15T,TIME,arrow,dataset/Time_Dataset/Coastal_T_S/15T/data-00000-of-00001.arrow,train,2,58515,3,12083,96,3,mean,train_split_standard,0.098196739,0.164615534,2.570406069,4.000000000,0.192552819,0.051626488,0.884210526,17.666666667,0.056165281,4.333333333,0.093678436,1.666666667,0.069058393,-0.031250000,-0.229166667,0.500201044,5.666666667,2.080240715,0.619047619,0.580952381,0.589048623,0.905176500
group_001,29,TIME__Coastal_T_S__15T,TIME,arrow,dataset/Time_Dataset/Coastal_T_S/15T/data-00000-of-00001.arrow,train,3,12206,0,12206,96,3,mean,train_split_standard,-0.254830763,-0.153156121,0.740644583,2.000000000,0.223201910,-0.354781171,0.673684211,9.000000000,0.019648017,6.000000000,0.158137736,1.666666667,0.239766082,0.486111111,-0.059027778,0.269787508,5.000000000,2.108069484,0.380952381,0.828571429,1.407171709,1.099000868
group_001,29,TIME__Coastal_T_S__15T,TIME,arrow,dataset/Time_Dataset/Coastal_T_S/15T/data-00000-of-00001.arrow,train,4,1236,0,1236,96,3,mean,train_split_standard,0.132464737,-0.532272766,0.801893290,4.000000000,0.156756377,-0.018490091,0.529824561,6.333333333,0.029327015,4.000000000,0.214712779,2.666666667,0.180555556,0.083333333,0.170138889,0.295687796,5.666666667,2.013473334,0.200000000,0.685714286,1.194459707,1.111571901
group_001,29,TIME__Coastal_T_S__15T,TIME,arrow,dataset/Time_Dataset/Coastal_T_S/15T/data-00000-of-00001.arrow,train,5,27470,1,12282,96,3,mean,train_split_standard,0.854044760,0.260204117,0.692285467,3.000000000,0.081730232,0.026197847,0.540350877,7.333333333,0.022301273,3.000000000,0.214007045,1.333333333,0.344444444,0.013888889,0.006944444,0.262922413,5.666666667,2.064432468,0.676190476,0.485714286,1.423534171,1.142042528
group_001,29,TIME__Coastal_T_S__15T,TIME,arrow,dataset/Time_Dataset/Coastal_T_S/15T/data-00000-of-00001.arrow,train,6,36381,2,5191,96,3,mean,train_split_standard,0.095478330,-0.075412323,13.681379113,19.666666667,0.579129115,0.131000571,0.842105263,42.000000000,0.135802469,19.000000000,0.461987200,11.333333333,0.033314565,0.630208333,-0.576388889,0.870961523,7.333333333,1.633955432,0.761904762,0.685714286,0.065449847,0.452549261
group_001,29,TIME__Coastal_T_S__15T,TIME,arrow,dataset/Time_Dataset/Coastal_T_S/15T/data-00000-of-00001.arrow,train,7,27878,1,12690,96,3,mean,train_split_standard,-0.003957993,-0.006942269,0.735325008,2.000000000,0.019907667,0.037019824,0.456140351,9.666666667,0.007243096,3.000000000,0.223783941,1.000000000,0.500000000,-0.020833333,-0.000000000,0.260503447,5.000000000,2.070604888,0.333333333,0.600000000,1.472621556,1.119877175
group_001,29,TIME__Coastal_T_S__15T,TIME,arrow,dataset/Time_Dataset/Coastal_T_S/15T/data-00000-of-00001.arrow,train,8,38959,2,7769,96,3,mean,train_split_standard,0.154639308,-0.153578314,9.168386046,20.333333333,0.416683077,0.187883379,0.908771930,31.333333333,0.059932641,8.666666667,0.298389449,6.333333333,0.193650794,0.388888889,-0.315972222,0.638642476,5.000000000,1.868854439,0.514285714,0.733333333,0.589048623,0.696472323
group_001,29,TIME__Coastal_T_S__15T,TIME,arrow,dataset/Time_Dataset/Coastal_T_S/15T/data-00000-of-00001.arrow,train,9,22675,1,7487,96,3,mean,train_split_standard,0.250901195,0.426166843,1.074507757,4.000000000,0.094997387,-0.097401597,0.614035088,9.666666667,0.016417864,7.000000000,0.122185534,3.000000000,0.277777778,-0.135416667,-0.107638889,0.350875189,4.666666667,2.014739134,0.600000000,0.685714286,0.867210472,1.066054472
group_001,29,TIME__Coastal_T_S__15T,TIME,arrow,dataset/Time_Dataset/Coastal_T_S/15T/data-00000-of-00001.arrow,train,10,11819,0,11819,96,3,mean,train_split_standard,-0.197280355,-0.144040587,0.787602032,2.666666667,0.160872292,-0.035320183,0.540350877,10.666666667,0.025555556,3.333333333,0.168735004,1.666666667,0.111111111,0.149305556,0.263888889,0.327473124,8.000000000,2.106460514,0.561904762,0.504761905,1.112647398,1.035997504
group_001,29,TIME__Coastal_T_S__15T,TIME,arrow,dataset/Time_Dataset/Coastal_T_S/15T/data-00000-of-00001.arrow,train,11,52012,3,5580,96,3,mean,train_split_standard,-0.401741087,-0.777194497,10.492221196,15.666666667,0.461174734,-0.051921072,0.926315789,29.333333333,0.131944444,8.666666667,0.386347757,5.333333333,0.035813492,0.038194444,0.149305556,0.752565313,5.666666667,1.806220304,0.704761905,0.704761905,0.114537232,0.575013332
group_001,29,TIME__Coastal_T_S__15T,TIME,arrow,dataset/Time_Dataset/Coastal_T_S/15T/data-00000-of-00001.arrow,train,12,11713,0,11713,96,3,mean,train_split_standard,-0.857490083,-0.710608080,0.792157203,2.000000000,0.161079481,0.104322528,0.645614035,4.666666667,0.021390820,2.666666667,0.171060446,2.333333333,0.692307692,-0.079861111,0.322916667,0.264707404,5.000000000,2.143317769,0.609523810,0.676190476,1.407171709,1.105553141
group_001,29,TIME__Coastal_T_S__15T,TIME,arrow,dataset/Time_Dataset/Coastal_T_S/15T/data-00000-of-00001.arrow,train,13,70497,4,9898,96,3,mean,train_split_standard,-0.375157409,-0.378644832,9.666771174,27.333333333,0.621519251,0.144854296,0.771929825,22.666666667,0.101728395,8.000000000,0.631322745,22.000000000,0.043447775,0.041666667,0.079861111,0.740309432,5.333333333,1.720242175,0.600000000,0.628571429,0.425424005,0.493437981
group_001,29,TIME__Coastal_T_S__15T,TIME,arrow,dataset/Time_Dataset/Coastal_T_S/15T/data-00000-of-00001.arrow,train,14,39381,2,8191,96,3,mean,train_split_standard,0.378324260,0.307600837,11.877142169,26.666666667,0.537200945,-0.035429245,0.771929825,29.333333333,0.066743827,7.666666667,0.572386936,17.333333333,0.053876231,-0.034722222,-0.031250000,0.799361149,4.666666667,1.749255665,0.600000000,0.695238095,0.114537232,0.540418926
group_001,29,TIME__Coastal_T_S__15T,TIME,arrow,dataset/Time_Dataset/Coastal_T_S/15T/data-00000-of-00001.arrow,train,15,63020,4,2421,96,3,mean,train_split_standard,-0.295746366,-0.245511298,9.482978950,31.333333333,0.613608642,0.076024771,0.831578947,40.666666667,0.092261905,19.666666667,0.524513506,12.666666667,0.049393039,0.378472222,0.062500000,0.849275432,5.666666667,1.746245265,0.542857143,0.771428571,0.114537232,0.492230805
group_001,29,TIME__Coastal_T_S__15T,TIME,arrow,dataset/Time_Dataset/Coastal_T_S/15T/data-00000-of-00001.arrow,train,16,15557,1,369,96,3,mean,train_split_standard,-0.091958990,-0.379409584,0.685075057,2.000000000,0.245649892,0.022171808,0.631578947,8.666666667,0.011192384,3.000000000,0.121332045,1.666666667,0.566666667,-0.135416667,-0.361111111,0.238424208,4.666666667,2.077970517,0.542857143,0.704761905,1.587158789,1.130309750
group_001,29,TIME__Coastal_T_S__15T,TIME,arrow,dataset/Time_Dataset/Coastal_T_S/15T/data-00000-of-00001.arrow,train,17,30433,1,15245,96,3,mean,train_split_standard,-0.300822365,-0.342580514,0.652638689,1.000000000,0.125288497,-0.002656506,0.543859649,10.000000000,0.007168459,3.000000000,0.207111905,2.000000000,0.333333333,0.034722222,-0.034722222,0.286879189,5.000000000,2.133178555,0.809523810,0.742857143,1.423534171,1.121325646
group_001,29,TIME__Coastal_T_S__15T,TIME,arrow,dataset/Time_Dataset/Coastal_T_S/15T/data-00000-of-00001.arrow,train,18,33360,2,2170,96,3,mean,train_split_standard,0.110966762,0.660584457,9.812798950,31.666666667,0.516170174,0.070250525,0.856140351,30.666666667,0.058572125,20.333333333,0.308801829,7.000000000,0.361904762,-0.347222222,0.006944444,0.678862558,6.000000000,1.721011246,0.761904762,0.685714286,0.572686161,0.631356696
group_001,29,TIME__Coastal_T_S__15T,TIME,arrow,dataset/Time_Dataset/Coastal_T_S/15T/data-00000-of-00001.arrow,train,19,51778,3,5346,96,3,mean,train_split_standard,-0.398940173,-0.481372347,9.493886013,9.000000000,0.310078733,-0.059221098,0.940350877,15.000000000,0.075061728,9.666666667,0.221866805,5.666666667,0.040201310,-0.229166667,-0.052083333,0.732855741,5.000000000,1.883139151,0.590476190,0.619047619,0.130899694,0.661025944
group_001,29,TIME__Coastal_T_S__15T,TIME,arrow,dataset/Time_Dataset/Coastal_T_S/15T/data-00000-of-00001.arrow,train,20,13471,0,13471,96,3,mean,train_split_standard,0.493749383,0.565509360,2.836524774,1.666666667,0.142275948,0.048236545,0.698245614,11.000000000,0.015252919,5.000000000,0.218744472,2.666666667,0.692307692,-0.298611111,-0.020833333,0.372711702,5.000000000,2.075773392,0.542857143,0.438095238,1.194459707,1.011377575
group_001,30,TIME__Coastal_T_S__20T,TIME,arrow,dataset/Time_Dataset/Coastal_T_S/20T/data-00000-of-00001.arrow,train,1,4042,0,4042,96,3,mean,train_split_standard,0.583951055,0.316512122,8.156483827,24.333333333,0.788230970,-0.007151296,0.747368421,20.666666667,0.029513889,0.000000000,0.848073928,12.333333333,0.625757576,0.291666667,-0.215277778,0.966485187,14.333333333,1.500483445,0.552380952,0.657142857,0.130899694,0.347664155
group_001,30,TIME__Coastal_T_S__20T,TIME,arrow,dataset/Time_Dataset/Coastal_T_S/20T/data-00000-of-00001.arrow,train,2,1071,0,1071,96,3,mean,train_split_standard,-0.809672687,-0.811407411,7.758933291,24.666666667,0.727963276,0.005030948,0.824561404,21.666666667,0.022013889,0.000000000,1.071267491,11.000000000,0.710227273,-0.059027778,0.093750000,0.968443953,14.666666667,1.478072506,0.666666667,0.666666667,0.130899694,0.351014002
group_001,30,TIME__Coastal_T_S__20T,TIME,arrow,dataset/Time_Dataset/Coastal_T_S/20T/data-00000-of-00001.arrow,train,3,1543,0,1543,96,3,mean,train_split_standard,-0.460742419,-0.152387310,8.354866344,20.333333333,0.780734829,0.002462237,0.736842105,35.000000000,0.058598671,0.000000000,1.231970308,11.666666667,0.770063270,0.343750000,-0.006944444,0.974159639,17.333333333,1.421708974,0.685714286,0.638095238,0.130899694,0.300700016
group_001,30,TIME__Coastal_T_S__20T,TIME,arrow,dataset/Time_Dataset/Coastal_T_S/20T/data-00000-of-00001.arrow,train,4,3990,0,3990,96,3,mean,train_split_standard,-0.503433508,-0.554935855,6.996483505,17.000000000,0.664221980,-0.007825627,0.743859649,22.666666667,0.029676402,7.000000000,0.737515902,9.000000000,0.654137529,0.086805556,-0.125000000,0.949385275,14.000000000,1.507850740,0.295238095,0.466666667,0.179987079,0.421544386
group_001,30,TIME__Coastal_T_S__20T,TIME,arrow,dataset/Time_Dataset/Coastal_T_S/20T/data-00000-of-00001.arrow,train,5,3923,0,3923,96,3,mean,train_split_standard,0.263898946,0.219793618,8.936936325,25.000000000,0.711362025,0.013852454,0.782456140,35.333333333,0.084838282,15.666666667,1.107846135,11.000000000,0.477678571,0.208333333,-0.145833333,0.957080731,14.666666667,1.448972761,0.514285714,0.647619048,0.114537232,0.381701548
group_001,30,TIME__Coastal_T_S__20T,TIME,arrow,dataset/Time_Dataset/Coastal_T_S/20T/data-00000-of-00001.arrow,train,6,5009,0,5009,96,3,mean,train_split_standard,0.254371134,0.559146062,8.847396046,16.666666667,0.792378488,0.003970728,0.761403509,33.000000000,0.076439629,6.333333333,1.184279415,10.666666667,0.583506584,0.039930556,-0.402777778,0.963195540,17.666666667,1.459622212,0.780952381,0.504761905,0.130899694,0.290626203
group_001,30,TIME__Coastal_T_S__20T,TIME,arrow,dataset/Time_Dataset/Coastal_T_S/20T/data-00000-of-00001.arrow,train,7,4423,0,4423,96,3,mean,train_split_standard,-0.079967432,-0.593436372,7.627850739,19.666666667,0.782141391,-0.002757968,0.782456140,23.333333333,0.020833333,0.000000000,1.363608839,9.333333333,0.878787879,-0.236111111,-0.090277778,0.982592444,18.333333333,1.476257536,0.685714286,0.666666667,0.147262156,0.339789198
group_001,30,TIME__Coastal_T_S__20T,TIME,arrow,dataset/Time_Dataset/Coastal_T_S/20T/data-00000-of-00001.arrow,train,8,2418,0,2418,96,3,mean,train_split_standard,0.127394502,-0.781084568,8.512862834,20.666666667,0.771067887,0.000429097,0.778947368,31.666666667,0.053263889,0.000000000,1.283440683,11.000000000,0.804924242,-0.076388889,-0.263888889,0.977014743,19.666666667,1.517585491,0.666666667,0.400000000,0.130899694,0.321353503
group_001,30,TIME__Coastal_T_S__20T,TIME,arrow,dataset/Time_Dataset/Coastal_T_S/20T/data-00000-of-00001.arrow,train,9,2317,0,2317,96,3,mean,train_split_standard,-0.318486738,-0.139775800,7.412825100,19.000000000,0.764802752,-0.001499151,0.835087719,23.333333333,0.032197009,0.000000000,1.385168313,9.666666667,0.830808081,0.187500000,-0.048611111,0.972139783,18.333333333,1.479009456,0.485714286,0.342857143,0.147262156,0.327799509
group_001,30,TIME__Coastal_T_S__20T,TIME,arrow,dataset/Time_Dataset/Coastal_T_S/20T/data-00000-of-00001.arrow,train,10,3457,0,3457,96,3,mean,train_split_standard,-0.704407124,-0.623722788,7.477667108,19.333333333,0.765258375,0.002652706,0.838596491,22.333333333,0.038623114,10.000000000,1.308596199,10.333333333,0.667965368,0.409722222,0.119791667,0.961269792,17.333333333,1.523803414,0.295238095,0.600000000,0.130899694,0.331048514
group_001,30,TIME__Coastal_T_S__20T,TIME,arrow,dataset/Time_Dataset/Coastal_T_S/20T/data-00000-of-00001.arrow,train,11,4594,0,4594,96,3,mean,train_split_standard,-0.587230847,-0.746938923,9.988114294,22.333333333,0.828570283,0.001424697,0.729824561,44.000000000,0.049720333,0.000000000,1.508858119,13.666666667,0.635495224,-0.194444444,-0.399305556,0.983521651,18.666666667,1.453335271,0.609523810,0.580952381,0.098174770,0.270471619
group_001,30,TIME__Coastal_T_S__20T,TIME,arrow,dataset/Time_Dataset/Coastal_T_S/20T/data-00000-of-00001.arrow,train,12,1152,0,1152,96,3,mean,train_split_standard,-0.709207420,-0.898723618,6.478693690,17.333333333,0.730312237,-0.026290250,0.856140351,20.000000000,0.040951541,0.000000000,1.072614632,9.333333333,0.651851852,0.190972222,-0.229166667,0.945932235,16.666666667,1.578229137,0.761904762,0.466666667,0.179987079,0.430207228
group_001,30,TIME__Coastal_T_S__20T,TIME,arrow,dataset/Time_Dataset/Coastal_T_S/20T/data-00000-of-00001.arrow,train,13,2920,0,2920,96,3,mean,train_split_standard,-0.379760219,-0.864799420,13.815648030,35.666666667,0.907497549,0.002232581,0.722807018,33.000000000,0.087726757,6.000000000,1.490438217,18.333333333,0.490972222,-0.010416667,0.024305556,0.969360029,19.333333333,1.405901603,0.523809524,0.638095238,0.098174770,0.250502796
group_001,30,TIME__Coastal_T_S__20T,TIME,arrow,dataset/Time_Dataset/Coastal_T_S/20T/data-00000-of-00001.arrow,train,14,3450,0,3450,96,3,mean,train_split_standard,-0.535873590,-0.459971337,6.904937211,19.333333333,0.770203664,0.002043989,0.821052632,25.000000000,0.019890261,8.000000000,1.355764129,10.000000000,0.785714286,0.479166667,-0.111111111,0.957010665,17.333333333,1.478072506,0.638095238,0.380952381,0.163624617,0.312376788
group_001,30,TIME__Coastal_T_S__20T,TIME,arrow,dataset/Time_Dataset/Coastal_T_S/20T/data-00000-of-00001.arrow,train,15,5058,0,5058,96,3,mean,train_split_standard,0.372935348,0.424568405,7.098255710,15.666666667,0.761660235,0.009995870,0.807017544,21.666666667,0.078002245,17.333333333,1.123665494,10.333333333,0.701190476,0.012152778,0.354166667,0.951654242,17.333333333,1.497948399,0.590476190,0.609523810,0.179987079,0.354734780
group_001,30,TIME__Coastal_T_S__20T,TIME,arrow,dataset/Time_Dataset/Coastal_T_S/20T/data-00000-of-00001.arrow,train,16,1278,0,1278,96,3,mean,train_split_standard,0.130597875,0.309992003,9.940029534,23.000000000,0.721468165,-0.001003020,0.863157895,25.000000000,0.075445816,6.333333333,1.207610045,8.333333333,0.682716049,0.197916667,-0.076388889,0.971043432,15.333333333,1.470702288,0.295238095,0.580952381,0.130899694,0.358995921
group_001,30,TIME__Coastal_T_S__20T,TIME,arrow,dataset/Time_Dataset/Coastal_T_S/20T/data-00000-of-00001.arrow,train,17,4715,0,4715,96,3,mean,train_split_standard,-0.770121652,-0.837431708,8.779675702,18.333333333,0.702435933,0.008916244,0.792982456,22.000000000,0.080640590,7.000000000,1.008908975,12.666666667,0.588011988,0.420138889,-0.284722222,0.954022559,15.333333333,1.551351284,0.704761905,0.619047619,0.147262156,0.316450231
group_001,30,TIME__Coastal_T_S__20T,TIME,arrow,dataset/Time_Dataset/Coastal_T_S/20T/data-00000-of-00001.arrow,train,18,1273,0,1273,96,3,mean,train_split_standard,0.013516440,0.075044077,9.970454395,27.333333333,0.748802065,-0.000899673,0.849122807,24.666666667,0.056570645,6.333333333,1.252140834,8.666666667,0.753086420,0.086805556,-0.180555556,0.971557841,15.333333333,1.454087952,0.600000000,0.409523810,0.147262156,0.348898968
group_001,30,TIME__Coastal_T_S__20T,TIME,arrow,dataset/Time_Dataset/Coastal_T_S/20T/data-00000-of-00001.arrow,train,19,5291,0,5291,96,3,mean,train_split_standard,0.310391195,-0.131261371,7.815198470,19.000000000,0.704292437,0.000551649,0.898245614,30.000000000,0.021111111,0.000000000,1.210379836,10.333333333,0.814814815,0.251736111,-0.246527778,0.973115439,17.666666667,1.506322561,0.609523810,0.628571429,0.163624617,0.361377469
group_001,30,TIME__Coastal_T_S__20T,TIME,arrow,dataset/Time_Dataset/Coastal_T_S/20T/data-00000-of-00001.arrow,train,20,1191,0,1191,96,3,mean,train_split_standard,-1.024326275,-0.174546620,9.537025534,17.333333333,0.723955147,-0.004393540,0.859649123,20.000000000,0.061728395,6.666666667,1.022971707,10.666666667,0.622222222,0.243055556,-0.083333333,0.968409547,16.000000000,1.541672619,0.561904762,0.609523810,0.114537232,0.380256948
group_001,31,TIME__Coastal_T_S__5T,TIME,arrow,dataset/Time_Dataset/Coastal_T_S/5T/data-00000-of-00001.arrow,train,1,563693,12,10901,96,3,mean,train_split_standard,0.159536323,0.050773114,0.692082731,1.000000000,0.070021270,-0.029318725,0.698245614,8.333333333,0.022633024,5.000000000,0.176044410,2.333333333,0.378582202,0.177083333,0.090277778,0.241183342,4.000000000,2.124747318,0.380952381,0.561904762,1.439896633,1.113858228
group_001,31,TIME__Coastal_T_S__5T,TIME,arrow,dataset/Time_Dataset/Coastal_T_S/5T/data-00000-of-00001.arrow,train,2,701556,14,1576,96,3,mean,train_split_standard,-0.112956321,-0.327303594,9.746538423,27.000000000,0.608343916,-0.065885313,0.814035088,23.666666667,0.071499807,10.000000000,0.836244787,17.333333333,0.209803922,-0.267361111,-0.027777778,0.668523215,6.333333333,1.769015246,0.809523810,0.552380952,0.539961237,0.592159964
group_001,31,TIME__Coastal_T_S__5T,TIME,arrow,dataset/Time_Dataset/Coastal_T_S/5T/data-00000-of-00001.arrow,train,3,45131,0,45131,96,3,mean,train_split_standard,0.002504425,0.036533820,4.922235947,2.333333333,0.150622243,-0.114349635,0.691228070,14.000000000,0.047703823,6.333333333,0.154735484,4.000000000,0.362373737,-0.482638889,0.180555556,0.450136768,6.666666667,2.003117970,0.723809524,0.771428571,0.818123087,0.914602882
group_001,31,TIME__Coastal_T_S__5T,TIME,arrow,dataset/Time_Dataset/Coastal_T_S/5T/data-00000-of-00001.arrow,train,4,510877,10,38979,96,3,mean,train_split_standard,-0.676546010,-0.759008705,12.720363093,25.000000000,0.609348222,-0.005139500,0.845614035,29.333333333,0.117283951,10.000000000,0.743873971,16.000000000,0.041549953,-0.788194444,0.333333333,0.824058855,6.666666667,1.720501269,0.819047619,0.619047619,0.098174770,0.415959534
group_001,31,TIME__Coastal_T_S__5T,TIME,arrow,dataset/Time_Dataset/Coastal_T_S/5T/data-00000-of-00001.arrow,train,5,536455,11,24188,96,3,mean,train_split_standard,-0.008476614,-0.030207525,7.987948763,23.333333333,0.443062521,0.115867724,0.810526316,31.333333333,0.048993300,3.333333333,0.706752645,10.333333333,0.587142326,-0.270833333,-0.079861111,0.685686104,6.666666667,1.815165966,0.590476190,0.733333333,0.474511390,0.605634443
group_001,31,TIME__Coastal_T_S__5T,TIME,arrow,dataset/Time_Dataset/Coastal_T_S/5T/data-00000-of-00001.arrow,train,6,436849,9,5476,96,3,mean,train_split_standard,0.422918332,0.734482301,10.528619854,29.666666667,0.585594122,-0.493690579,0.807017544,35.333333333,0.063410537,4.666666667,1.067713677,17.333333333,0.561111111,0.041666667,-0.232638889,0.736898429,7.333333333,1.597908398,0.809523810,0.657142857,0.523598776,0.488122384
group_001,31,TIME__Coastal_T_S__5T,TIME,arrow,dataset/Time_Dataset/Coastal_T_S/5T/data-00000-of-00001.arrow,train,7,137094,3,2992,96,3,mean,train_split_standard,-0.069909411,-0.153146772,15.975718664,18.000000000,0.676683900,-0.020230932,0.775438596,37.333333333,0.135802469,10.000000000,1.311270354,9.666666667,0.484254308,-0.524305556,-0.050347222,0.869557808,11.666666667,1.520930343,0.790476190,0.380952381,0.049087385,0.397956360
group_001,31,TIME__Coastal_T_S__5T,TIME,arrow,dataset/Time_Dataset/Coastal_T_S/5T/data-00000-of-00001.arrow,train,8,601082,12,48290,96,3,mean,train_split_standard,0.900855611,0.304184567,0.616539722,1.000000000,0.104813657,-0.001862850,0.666666667,6.666666667,0.009344414,6.000000000,0.190486074,2.333333333,1.000000000,0.006944444,0.128472222,0.216157337,4.666666667,2.111052552,0.171428571,0.647619048,1.750783406,1.113581833
group_001,31,TIME__Coastal_T_S__5T,TIME,arrow,dataset/Time_Dataset/Coastal_T_S/5T/data-00000-of-00001.arrow,train,9,276578,5,29796,96,3,mean,train_split_standard,-0.370272439,-0.408833725,12.816971485,32.333333333,0.737928839,-0.081981077,0.856140351,27.666666667,0.069208239,8.666666667,0.548177498,23.666666667,0.053681981,0.140625000,0.298611111,0.878300386,7.333333333,1.649037613,0.609523810,0.752380952,0.098174770,0.415829694
group_001,31,TIME__Coastal_T_S__5T,TIME,arrow,dataset/Time_Dataset/Coastal_T_S/5T/data-00000-of-00001.arrow,train,10,526612,11,14345,96,3,mean,train_split_standard,0.061280628,0.150692114,0.877911015,2.000000000,0.079626331,-0.102492771,0.515789474,33.333333333,0.054169816,2.000000000,0.097767162,1.000000000,0.068376068,0.024305556,0.173611111,0.416467756,4.000000000,1.978843643,0.704761905,0.657142857,1.063560013,0.952535703
group_001,31,TIME__Coastal_T_S__5T,TIME,arrow,dataset/Time_Dataset/Coastal_T_S/5T/data-00000-of-00001.arrow,train,11,603496,12,50704,96,3,mean,train_split_standard,0.072705014,0.125603275,0.661370847,1.000000000,0.206307400,-0.099146435,0.789473684,11.000000000,0.008093165,3.000000000,0.144626769,2.000000000,0.694444444,0.177083333,0.157986111,0.291727132,5.000000000,2.098467453,0.552380952,0.666666667,1.456259095,1.081515305
group_001,31,TIME__Coastal_T_S__5T,TIME,arrow,dataset/Time_Dataset/Coastal_T_S/5T/data-00000-of-00001.arrow,train,12,231405,4,41443,96,3,mean,train_split_standard,-0.498266501,-0.809186135,11.316791230,36.000000000,0.722387414,-0.013532831,0.708771930,29.000000000,0.082222222,0.000000000,2.612749576,26.000000000,0.385964912,-0.159722222,0.093750000,0.941370011,11.666666667,1.432739204,0.600000000,0.723809524,0.114537232,0.349188536
group_001,31,TIME__Coastal_T_S__5T,TIME,arrow,dataset/Time_Dataset/Coastal_T_S/5T/data-00000-of-00001.arrow,train,13,823298,16,44190,96,3,mean,train_split_standard,0.833927910,0.644208973,12.140965453,16.666666667,0.470073074,0.002728800,0.891228070,29.000000000,0.070216049,4.666666667,0.381100369,2.000000000,0.050044783,0.461805556,-0.746527778,0.850083436,6.333333333,1.679487869,0.590476190,0.704761905,0.098174770,0.491997136
group_001,31,TIME__Coastal_T_S__5T,TIME,arrow,dataset/Time_Dataset/Coastal_T_S/5T/data-00000-of-00001.arrow,train,14,663629,13,37243,96,3,mean,train_split_standard,-0.222636980,-0.272033183,0.622824418,1.000000000,0.101927916,-0.017197339,0.642105263,6.333333333,0.012868047,7.333333333,0.162542641,3.000000000,0.714285714,0.281250000,-0.107638889,0.238903181,4.000000000,2.086580343,0.171428571,0.723809524,1.652608635,1.114798187
group_001,31,TIME__Coastal_T_S__5T,TIME,arrow,dataset/Time_Dataset/Coastal_T_S/5T/data-00000-of-00001.arrow,train,15,133708,2,30820,96,3,mean,train_split_standard,0.396555767,0.434523013,6.389576103,18.000000000,0.448666910,-0.081532688,0.666666667,24.000000000,0.051768188,2.000000000,0.579035426,11.000000000,0.137508627,0.246527778,-0.192708333,0.545004289,5.333333333,1.844518845,0.371428571,0.666666667,0.719948316,0.777355410
group_001,31,TIME__Coastal_T_S__5T,TIME,arrow,dataset/Time_Dataset/Coastal_T_S/5T/data-00000-of-00001.arrow,train,16,742958,14,42978,96,3,mean,train_split_standard,-0.101832484,0.369252580,13.937499529,42.000000000,0.664036169,-0.017949648,0.877192982,32.333333333,0.089506173,2.666666667,0.638523274,7.666666667,0.044814815,-0.670138889,0.677083333,0.901569481,4.666666667,1.754939767,0.676190476,0.780952381,0.081812309,0.332478083
group_001,31,TIME__Coastal_T_S__5T,TIME,arrow,dataset/Time_Dataset/Coastal_T_S/5T/data-00000-of-00001.arrow,train,17,144622,3,10520,96,3,mean,train_split_standard,0.099074810,0.142039570,0.778204249,1.000000000,0.077682392,-0.010783851,0.410526316,39.333333333,0.082561728,4.000000000,0.122951056,3.000000000,0.043333333,-0.034722222,-0.277777778,0.424141409,4.666666667,2.051951423,0.828571429,0.600000000,1.030835089,0.940223314
group_001,31,TIME__Coastal_T_S__5T,TIME,arrow,dataset/Time_Dataset/Coastal_T_S/5T/data-00000-of-00001.arrow,train,18,171505,3,37403,96,3,mean,train_split_standard,-0.259852887,-0.596443683,8.788130932,28.000000000,0.581258958,0.307045054,0.771929825,33.666666667,0.064262150,10.333333333,0.832278642,14.000000000,0.084523810,0.576388889,-0.194444444,0.682649283,5.666666667,1.646288640,0.390476190,0.542857143,0.621773546,0.601107500
group_001,31,TIME__Coastal_T_S__5T,TIME,arrow,dataset/Time_Dataset/Coastal_T_S/5T/data-00000-of-00001.arrow,train,19,438189,9,6816,96,3,mean,train_split_standard,0.508942469,0.376554459,8.319598667,24.000000000,0.571090876,0.750503552,0.761403509,29.666666667,0.050047536,2.333333333,1.221953908,16.666666667,0.704365079,-0.128472222,-0.173611111,0.671913446,8.000000000,1.781388070,0.800000000,0.714285714,0.736310778,0.592045026
group_001,31,TIME__Coastal_T_S__5T,TIME,arrow,dataset/Time_Dataset/Coastal_T_S/5T/data-00000-of-00001.arrow,train,20,598158,12,45366,96,3,mean,train_split_standard,-0.070652807,0.674853866,1.005975012,2.000000000,0.114648205,-0.050599397,0.712280702,17.000000000,0.037485539,2.000000000,0.131149519,1.666666667,0.355555556,-0.229166667,0.204861111,0.322401648,5.000000000,2.119878736,0.390476190,0.485714286,1.129009860,1.062511213
group_001,32,TIME__Coastal_T_S__H,TIME,arrow,dataset/Time_Dataset/Coastal_T_S/H/data-00000-of-00001.arrow,train,1,5751,0,5751,96,3,mean,train_split_standard,0.358046524,0.166143293,9.109593977,23.666666667,0.593457768,-0.019533896,0.754385965,32.000000000,0.037640604,8.000000000,0.436093895,13.000000000,0.211764706,-0.177083333,-0.006944444,0.928939882,10.333333333,1.556845593,0.723809524,0.666666667,0.130899694,0.427763907
group_001,32,TIME__Coastal_T_S__H,TIME,arrow,dataset/Time_Dataset/Coastal_T_S/H/data-00000-of-00001.arrow,train,2,41976,10,5169,96,3,mean,train_split_standard,0.052189532,-0.089680458,2.629684129,9.666666667,0.236020244,0.004874365,0.880701754,11.333333333,0.019417941,19.000000000,0.202794912,3.666666667,0.300000000,0.065972222,-0.309027778,0.740907426,11.333333333,1.787786049,0.523809524,0.447619048,0.441786467,0.851690865
group_001,32,TIME__Coastal_T_S__H,TIME,arrow,dataset/Time_Dataset/Coastal_T_S/H/data-00000-of-00001.arrow,train,3,56776,15,1639,96,3,mean,train_split_standard,-0.087185421,0.820169011,5.853281392,9.666666667,0.344699771,0.096453960,0.905263158,23.666666667,0.063381142,10.000000000,0.300273419,3.333333333,0.419047619,-0.006944444,-0.142361111,0.767171522,6.333333333,1.776398919,0.619047619,0.533333333,0.392699082,0.801408848
group_001,32,TIME__Coastal_T_S__H,TIME,arrow,dataset/Time_Dataset/Coastal_T_S/H/data-00000-of-00001.arrow,train,4,53876,14,1941,96,3,mean,train_split_standard,0.463556848,0.704146957,2.044728718,6.000000000,0.250232592,-0.306246487,0.943859649,9.333333333,0.028176384,11.000000000,0.202533891,2.333333333,0.666666667,-0.107638889,-0.152777778,0.764427051,5.666666667,1.885798607,0.285714286,0.600000000,0.523598776,0.992925748
group_001,32,TIME__Coastal_T_S__H,TIME,arrow,dataset/Time_Dataset/Coastal_T_S/H/data-00000-of-00001.arrow,train,5,39776,10,2969,96,3,mean,train_split_standard,0.069701256,0.121430688,1.989416248,4.333333333,0.230110534,0.311236295,0.943859649,9.666666667,0.004769283,8.333333333,0.292352737,2.666666667,0.777777778,0.256944444,0.545138889,0.719117280,7.666666667,1.916157576,0.390476190,0.828571429,0.687223393,0.887361684
group_001,32,TIME__Coastal_T_S__H,TIME,arrow,dataset/Time_Dataset/Coastal_T_S/H/data-00000-of-00001.arrow,train,6,67125,17,74,96,3,mean,train_split_standard,-0.268741973,0.104661169,11.670878473,31.666666667,0.748266622,0.015037303,0.736842105,43.000000000,0.082236842,7.666666667,1.130756882,13.333333333,0.427094474,0.215277778,-0.267361111,0.961446604,10.000000000,1.524905341,0.523809524,0.457142857,0.114537232,0.377628558
group_001,32,TIME__Coastal_T_S__H,TIME,arrow,dataset/Time_Dataset/Coastal_T_S/H/data-00000-of-00001.arrow,train,7,24350,6,2254,96,3,mean,train_split_standard,-0.431567391,-0.179635033,2.728174335,7.333333333,0.257349112,0.066994451,0.926315789,9.666666667,0.042442837,15.000000000,0.161665438,4.000000000,0.261904762,0.298611111,-0.295138889,0.659700508,6.333333333,1.844170733,0.514285714,0.533333333,0.392699082,0.833271890
group_001,32,TIME__Coastal_T_S__H,TIME,arrow,dataset/Time_Dataset/Coastal_T_S/H/data-00000-of-00001.arrow,train,8,71810,18,1085,96,3,mean,train_split_standard,-0.743040306,-0.813912856,5.516655647,13.333333333,0.589913940,0.008937115,0.870175439,19.666666667,0.070023467,24.333333333,0.793881876,8.000000000,0.590277778,-0.133680556,0.072916667,0.947575737,13.000000000,1.563559473,0.628571429,0.561904762,0.196349541,0.490148332
group_001,32,TIME__Coastal_T_S__H,TIME,arrow,dataset/Time_Dataset/Coastal_T_S/H/data-00000-of-00001.arrow,train,9,16647,4,1522,96,3,mean,train_split_standard,-0.283396171,-0.126083112,1.973841372,4.666666667,0.165837277,-0.040904308,0.975438596,8.333333333,0.010607999,11.000000000,0.307416075,2.333333333,0.777777778,0.003472222,0.095486111,0.633670918,6.666666667,1.937956157,0.228571429,0.190476190,0.589048623,1.004718196
group_001,32,TIME__Coastal_T_S__H,TIME,arrow,dataset/Time_Dataset/Coastal_T_S/H/data-00000-of-00001.arrow,train,10,66274,16,5180,96,3,mean,train_split_standard,-0.060037134,0.189143520,0.675043923,1.000000000,0.080797084,-0.052684900,0.922807018,6.000000000,0.016344506,4.000000000,0.060296844,2.333333333,0.263888889,-0.090277778,0.447916667,0.265543793,4.000000000,2.170619349,0.790476190,0.514285714,1.325359401,1.125725596
group_001,32,TIME__Coastal_T_S__H,TIME,arrow,dataset/Time_Dataset/Coastal_T_S/H/data-00000-of-00001.arrow,train,11,64213,16,3119,96,3,mean,train_split_standard,0.462103098,0.379987725,2.926345709,8.000000000,0.214029487,0.135077011,0.880701754,13.000000000,0.022566926,6.000000000,0.197954672,6.000000000,0.358974359,0.152777778,-0.378472222,0.383496711,5.000000000,2.069530522,0.609523810,0.580952381,0.965385243,0.967514477
group_001,32,TIME__Coastal_T_S__H,TIME,arrow,dataset/Time_Dataset/Coastal_T_S/H/data-00000-of-00001.arrow,train,12,7239,1,1464,96,3,mean,train_split_standard,-0.090846231,-0.881510747,7.938972022,6.666666667,0.462582207,0.068611943,0.901754386,20.000000000,0.090958949,10.333333333,0.408705336,4.333333333,0.292592593,0.388888889,-0.420138889,0.845435544,7.666666667,1.751466239,0.619047619,0.457142857,0.245436926,0.721073559
group_001,32,TIME__Coastal_T_S__H,TIME,arrow,dataset/Time_Dataset/Coastal_T_S/H/data-00000-of-00001.arrow,train,13,72156,18,1431,96,3,mean,train_split_standard,-0.110945781,-0.301003488,14.962252138,20.333333333,0.694926926,0.005044455,0.824561404,29.000000000,0.105432099,24.666666667,0.912222395,8.000000000,0.161402330,0.111111111,0.142361111,0.946860204,10.333333333,1.561360095,0.419047619,0.523809524,0.114537232,0.418580017
group_001,32,TIME__Coastal_T_S__H,TIME,arrow,dataset/Time_Dataset/Coastal_T_S/H/data-00000-of-00001.arrow,train,14,40534,10,3727,96,3,mean,train_split_standard,-0.131906114,-0.609504633,8.564540117,23.666666667,0.457259547,-0.060708761,0.849122807,27.333333333,0.064814815,13.666666667,0.416312875,15.666666667,0.113054187,-0.395833333,0.425347222,0.820220901,8.666666667,1.680772192,0.590476190,0.723809524,0.179987079,0.594690713
group_001,32,TIME__Coastal_T_S__H,TIME,arrow,dataset/Time_Dataset/Coastal_T_S/H/data-00000-of-00001.arrow,train,15,64083,16,2989,96,3,mean,train_split_standard,0.873840477,0.376825129,3.430794662,5.666666667,0.260088955,0.141021836,0.873684211,20.000000000,0.029911426,11.666666667,0.178872523,3.333333333,0.418518519,0.354166667,-0.003472222,0.557374661,4.666666667,1.960656127,0.590476190,0.733333333,0.752673240,0.878462175
group_001,32,TIME__Coastal_T_S__H,TIME,arrow,dataset/Time_Dataset/Coastal_T_S/H/data-00000-of-00001.arrow,train,16,1767,0,1767,96,3,mean,train_split_standard,-0.236522717,-0.175739440,2.226469215,5.333333333,0.213857288,-0.070536434,0.933333333,11.333333333,0.031634376,8.000000000,0.148613056,5.000000000,0.157585470,-0.034722222,0.368055556,0.454124421,5.000000000,2.082122973,0.409523810,0.723809524,0.932660319,0.947101612
group_001,32,TIME__Coastal_T_S__H,TIME,arrow,dataset/Time_Dataset/Coastal_T_S/H/data-00000-of-00001.arrow,train,17,5014,0,5014,96,3,mean,train_split_standard,0.390902379,0.453842164,4.253214112,2.000000000,0.161115596,0.004651444,0.964912281,12.333333333,0.068989655,3.000000000,0.138547587,2.000000000,0.198989899,-0.315972222,0.355902778,0.407770964,4.666666667,2.092400224,0.352380952,0.704761905,0.785398163,1.001862750
group_001,32,TIME__Coastal_T_S__H,TIME,arrow,dataset/Time_Dataset/Coastal_T_S/H/data-00000-of-00001.arrow,train,18,80641,21,1752,96,3,mean,train_split_standard,-0.449098551,-0.092615205,5.134316777,14.000000000,0.505089951,0.001356107,0.803508772,19.666666667,0.024593942,17.666666667,0.483910199,7.000000000,0.488888889,-0.451388889,0.173611111,0.918285546,11.333333333,1.585796621,0.742857143,0.361904762,0.229074464,0.588633184
group_001,32,TIME__Coastal_T_S__H,TIME,arrow,dataset/Time_Dataset/Coastal_T_S/H/data-00000-of-00001.arrow,train,19,60652,15,5515,96,3,mean,train_split_standard,0.025518762,0.000574053,5.139749012,4.333333333,0.243852518,-0.083171035,0.926315789,18.666666667,0.050232208,5.000000000,0.153532454,3.333333333,0.355938697,0.472222222,-0.284722222,0.524560117,4.333333333,2.083632430,0.571428571,0.723809524,0.703585855,0.856546188
group_001,32,TIME__Coastal_T_S__H,TIME,arrow,dataset/Time_Dataset/Coastal_T_S/H/data-00000-of-00001.arrow,train,20,46102,12,558,96,3,mean,train_split_standard,0.479577044,0.318665596,1.871238738,6.000000000,0.277884270,0.234159116,0.957894737,8.000000000,0.017013233,11.000000000,0.239140905,2.000000000,0.666666667,0.145833333,0.088541667,0.783658593,7.333333333,1.914295372,0.200000000,0.314285714,0.572686161,0.973250869
group_001,33,TIME__Crypto__D,TIME,arrow,dataset/Time_Dataset/Crypto/D/data-00000-of-00001.arrow,train,1,869,0,869,96,4,mean,train_split_standard,-0.341425516,-0.447786418,8.890702545,33.750000000,0.573532222,-0.006526292,0.752631579,16.000000000,0.039859694,19.000000000,0.819628265,15.750000000,0.331318681,0.872395833,-0.152343750,0.929631466,6.250000000,1.681006426,0.500000000,0.714285714,0.110446617,0.299749647
group_001,33,TIME__Crypto__D,TIME,arrow,dataset/Time_Dataset/Crypto/D/data-00000-of-00001.arrow,train,2,664,0,664,96,4,mean,train_split_standard,-0.840131794,-0.976679721,13.775852719,39.500000000,0.767827946,0.023114365,0.789473684,30.250000000,0.081180556,11.750000000,0.818391175,23.250000000,0.091218652,-0.145833333,0.390625000,0.932671547,8.500000000,1.514976737,0.771428571,0.671428571,0.073631078,0.332625170
group_001,33,TIME__Crypto__D,TIME,arrow,dataset/Time_Dataset/Crypto/D/data-00000-of-00001.arrow,train,3,366,0,366,96,4,mean,train_split_standard,-0.208398432,-0.445121061,12.063646314,35.750000000,0.714527052,-0.018440644,0.736842105,25.500000000,0.091435185,19.250000000,0.627077222,17.750000000,0.085539216,-0.078125000,-0.179687500,0.908398244,5.500000000,1.595674285,0.778571429,0.742857143,0.085902924,0.392392527
group_001,33,TIME__Crypto__D,TIME,arrow,dataset/Time_Dataset/Crypto/D/data-00000-of-00001.arrow,train,4,1522,0,1522,96,4,mean,train_split_standard,-0.036040968,0.053814588,12.310160519,47.000000000,0.837497127,-0.001988106,0.818421053,45.500000000,0.072337963,14.750000000,0.988286373,23.000000000,0.102630683,-0.132812500,0.837239583,0.949768434,8.500000000,1.624979964,0.785714286,0.750000000,0.073631078,0.270383103
group_001,33,TIME__Crypto__D,TIME,arrow,dataset/Time_Dataset/Crypto/D/data-00000-of-00001.arrow,train,5,800,0,800,96,4,mean,train_split_standard,0.207759236,0.235460646,8.699785562,30.000000000,0.626658831,-0.048065198,0.750000000,25.000000000,0.048903917,18.500000000,0.574742841,16.500000000,0.153084416,-0.157552083,-0.531250000,0.934985903,4.750000000,1.589813846,0.814285714,0.350000000,0.134990309,0.400124297
group_001,33,TIME__Crypto__D,TIME,arrow,dataset/Time_Dataset/Crypto/D/data-00000-of-00001.arrow,train,6,720,0,720,96,4,mean,train_split_standard,-0.400522962,-0.932922933,16.386778447,46.750000000,0.903471434,-0.014715792,0.707894737,45.750000000,0.092592593,23.750000000,0.989369739,25.750000000,0.076318681,0.404947917,-0.207031250,0.942261960,7.500000000,1.386366736,0.821428571,0.800000000,0.049087385,0.298573438
group_001,33,TIME__Crypto__D,TIME,arrow,dataset/Time_Dataset/Crypto/D/data-00000-of-00001.arrow,train,7,352,0,352,96,4,mean,train_split_standard,-0.236700492,-0.003851847,8.756569597,22.500000000,0.673681561,0.016819264,0.739473684,25.500000000,0.035321240,14.000000000,0.604340664,16.000000000,0.170286251,0.005208333,-0.606770833,0.910383860,5.500000000,1.542416569,0.792857143,0.392857143,0.122718463,0.448600425
group_001,33,TIME__Crypto__D,TIME,arrow,dataset/Time_Dataset/Crypto/D/data-00000-of-00001.arrow,train,8,1655,0,1655,96,4,mean,train_split_standard,-0.593894525,-0.397772830,10.392054217,29.750000000,0.586975277,0.020265220,0.900000000,25.500000000,0.047021920,19.500000000,0.558307635,16.250000000,0.145267094,-0.153645833,-0.428385417,0.885618509,7.250000000,1.650607894,0.742857143,0.671428571,0.110446617,0.487464782
group_001,33,TIME__Crypto__D,TIME,arrow,dataset/Time_Dataset/Crypto/D/data-00000-of-00001.arrow,train,9,1061,0,1061,96,4,mean,train_split_standard,-0.537167117,-0.723523322,15.853887319,45.250000000,0.939051943,0.003729021,0.684210526,47.750000000,0.166666667,0.000000000,1.115748731,16.500000000,0.052367296,0.890625000,-0.592447917,0.934379590,5.000000000,1.431145004,0.471428571,0.642857143,0.049087385,0.217541197
group_001,33,TIME__Crypto__D,TIME,arrow,dataset/Time_Dataset/Crypto/D/data-00000-of-00001.arrow,train,10,544,0,544,96,4,mean,train_split_standard,-0.588971478,-0.572052817,13.205308148,42.750000000,0.737185059,0.002499687,0.778947368,24.000000000,0.108600207,21.500000000,0.872036327,17.500000000,0.116220238,-0.694010417,0.401041667,0.938134913,7.500000000,1.571393828,0.700000000,0.635714286,0.085902924,0.354756993
group_001,33,TIME__Crypto__D,TIME,arrow,dataset/Time_Dataset/Crypto/D/data-00000-of-00001.arrow,train,11,594,0,594,96,4,mean,train_split_standard,0.058682464,-0.417660772,11.506154305,24.000000000,0.646696135,-0.024462788,0.815789474,33.000000000,0.084537037,13.000000000,0.628917519,19.750000000,0.137717726,-0.839843750,0.361979167,0.912012711,7.750000000,1.520344499,0.814285714,0.564285714,0.085902924,0.393737552
group_001,33,TIME__Crypto__D,TIME,arrow,dataset/Time_Dataset/Crypto/D/data-00000-of-00001.arrow,train,12,287,0,287,96,4,mean,train_split_standard,0.533719364,0.937099551,20.776953638,51.000000000,0.901300655,-0.002451757,0.581578947,47.250000000,0.143518519,0.000000000,1.688863419,38.750000000,0.201778017,-0.514322917,0.497395833,0.973097649,8.500000000,1.503744682,0.828571429,0.592857143,0.049087385,0.186963180
group_001,33,TIME__Crypto__D,TIME,arrow,dataset/Time_Dataset/Crypto/D/data-00000-of-00001.arrow,train,13,1499,0,1499,96,4,mean,train_split_standard,-0.496082117,-0.452175118,6.819784868,21.250000000,0.543129911,0.020199176,0.902631579,24.750000000,0.047943148,0.000000000,0.540564128,11.000000000,0.253654189,0.101562500,-0.231770833,0.907359406,7.250000000,1.664278942,0.528571429,0.721428571,0.147262156,0.487876433
group_001,33,TIME__Crypto__D,TIME,arrow,dataset/Time_Dataset/Crypto/D/data-00000-of-00001.arrow,train,14,441,0,441,96,4,mean,train_split_standard,-0.515331223,-0.749090262,16.174260082,40.000000000,0.965768663,0.006941107,0.536842105,32.000000000,0.097222222,0.000000000,1.223480065,24.250000000,0.072712912,0.752604167,-0.690104167,0.957439986,5.250000000,1.383930583,0.828571429,0.714285714,0.049087385,0.216640188
group_001,33,TIME__Crypto__D,TIME,arrow,dataset/Time_Dataset/Crypto/D/data-00000-of-00001.arrow,train,15,417,0,417,96,4,mean,train_split_standard,-0.679262614,-0.515361342,15.417473012,43.750000000,0.801424086,0.020644350,0.552631579,43.500000000,0.166666667,7.500000000,0.884131082,18.500000000,0.146471754,0.747395833,-0.546875000,0.905385703,5.000000000,1.505480777,0.800000000,0.742857143,0.049087385,0.268043812
group_001,33,TIME__Crypto__D,TIME,arrow,dataset/Time_Dataset/Crypto/D/data-00000-of-00001.arrow,train,16,264,0,264,96,4,mean,train_split_standard,0.385838256,0.461802534,15.920805516,47.750000000,0.808537300,-0.002742857,0.621052632,65.750000000,0.098958333,0.000000000,1.512337685,30.250000000,0.163144389,-0.414062500,0.756510417,0.954564693,8.500000000,1.498441750,0.742857143,0.757142857,0.049087385,0.206575738
group_001,33,TIME__Crypto__D,TIME,arrow,dataset/Time_Dataset/Crypto/D/data-00000-of-00001.arrow,train,17,69,0,69,96,4,mean,train_split_standard,-0.114297767,-0.212656279,10.289802976,30.500000000,0.786871987,-0.005458944,0.834210526,26.750000000,0.058518519,0.000000000,1.054708074,15.750000000,0.166013072,-0.533854167,-0.140625000,0.952144862,7.500000000,1.562117128,0.757142857,0.571428571,0.098174770,0.320441359
group_001,33,TIME__Crypto__D,TIME,arrow,dataset/Time_Dataset/Crypto/D/data-00000-of-00001.arrow,train,18,761,0,761,96,4,mean,train_split_standard,-0.924533546,-0.750322491,17.104275492,42.750000000,0.921147646,-0.009313933,0.700000000,45.500000000,0.098958333,5.750000000,1.005767470,26.500000000,0.116931217,-0.445312500,0.407552083,0.971974924,7.500000000,1.469356830,0.821428571,0.614285714,0.061359232,0.276673492
group_001,33,TIME__Crypto__D,TIME,arrow,dataset/Time_Dataset/Crypto/D/data-00000-of-00001.arrow,train,19,1112,0,1112,96,4,mean,train_split_standard,0.469456674,0.579277012,11.587850575,26.000000000,0.732154501,-0.005201100,0.850000000,23.500000000,0.090020576,27.000000000,0.733895200,13.250000000,0.099533046,0.468750000,-0.606770833,0.917470824,5.000000000,1.564877424,0.671428571,0.614285714,0.098174770,0.367603052
group_001,33,TIME__Crypto__D,TIME,arrow,dataset/Time_Dataset/Crypto/D/data-00000-of-00001.arrow,train,20,1198,0,1198,96,4,mean,train_split_standard,-0.763169268,-0.689343366,13.046880085,39.000000000,0.706230869,-0.010909422,0.805263158,35.750000000,0.097962963,15.000000000,0.825801315,21.750000000,0.227886905,-0.281250000,0.500000000,0.956693429,8.000000000,1.497571323,0.800000000,0.757142857,0.073631078,0.306452066
group_001,34,TIME__EWELD_Load__15T,TIME,arrow,dataset/Time_Dataset/EWELD_Load/15T/data-00000-of-00001.arrow,train,1,11827,0,11827,96,10,mean,train_split_standard,-0.439276157,-0.558310091,6.739462261,14.500000000,0.397505339,0.041531906,0.716842105,22.200000000,0.041823018,12.200000000,0.273554974,9.700000000,0.103397762,-0.007291667,0.115625000,0.767048429,4.600000000,1.800638278,0.737142857,0.720000000,0.220893233,0.655241024
group_001,34,TIME__EWELD_Load__15T,TIME,arrow,dataset/Time_Dataset/EWELD_Load/15T/data-00000-of-00001.arrow,train,2,13717,0,13717,96,10,mean,train_split_standard,-0.338598069,-0.854291911,11.410268045,27.200000000,0.615132125,0.042245930,0.678947368,29.900000000,0.094675926,18.700000000,0.537642510,18.300000000,0.079714965,0.353645833,-0.459895833,0.854518642,5.500000000,1.634908150,0.625714286,0.640000000,0.147262156,0.489216432
group_001,34,TIME__EWELD_Load__15T,TIME,arrow,dataset/Time_Dataset/EWELD_Load/15T/data-00000-of-00001.arrow,train,3,14052,0,14052,96,10,mean,train_split_standard,-0.368455870,-0.901204131,12.925534057,28.100000000,0.614806480,-0.021028593,0.694736842,27.600000000,0.109405654,15.600000000,0.614316943,19.000000000,0.086986422,-0.395833333,0.392187500,0.844195745,6.100000000,1.652491128,0.791428571,0.628571429,0.137444679,0.481603645
group_001,34,TIME__EWELD_Load__15T,TIME,arrow,dataset/Time_Dataset/EWELD_Load/15T/data-00000-of-00001.arrow,train,4,9314,0,9314,96,10,mean,train_split_standard,-0.377070899,-0.268024203,9.540001909,26.000000000,0.592435799,-0.058404614,0.649473684,27.000000000,0.064053979,17.400000000,0.482872141,15.200000000,0.164434406,0.045833333,-0.245833333,0.810725145,5.900000000,1.649762128,0.665714286,0.702857143,0.274889357,0.528218785
group_001,34,TIME__EWELD_Load__15T,TIME,arrow,dataset/Time_Dataset/EWELD_Load/15T/data-00000-of-00001.arrow,train,5,3681,0,3681,96,10,mean,train_split_standard,-0.511349894,-0.562691955,15.152401331,32.500000000,0.701667174,-0.023667464,0.594736842,34.300000000,0.101058201,12.500000000,0.634099188,19.000000000,0.102166466,-0.373958333,0.415104167,0.902762186,6.200000000,1.585247456,0.737142857,0.680000000,0.068722339,0.421429989
group_001,34,TIME__EWELD_Load__15T,TIME,arrow,dataset/Time_Dataset/EWELD_Load/15T/data-00000-of-00001.arrow,train,6,2902,0,2902,96,10,mean,train_split_standard,-0.324903802,-0.583218811,10.205403278,25.200000000,0.625662902,0.025013882,0.590526316,28.600000000,0.070657423,14.400000000,0.425881566,16.800000000,0.099237735,-0.077604167,0.273958333,0.870688564,5.800000000,1.576295796,0.800000000,0.511428571,0.117809725,0.477538430
group_001,34,TIME__EWELD_Load__15T,TIME,arrow,dataset/Time_Dataset/EWELD_Load/15T/data-00000-of-00001.arrow,train,7,13172,0,13172,96,10,mean,train_split_standard,-0.514721223,-0.771567845,9.138527376,25.600000000,0.618152239,-0.020651358,0.678947368,34.300000000,0.072120370,18.200000000,0.490620748,16.300000000,0.107664663,-0.166145833,0.296875000,0.862609381,7.100000000,1.609220934,0.754285714,0.474285714,0.161988371,0.464794695
group_001,34,TIME__EWELD_Load__15T,TIME,arrow,dataset/Time_Dataset/EWELD_Load/15T/data-00000-of-00001.arrow,train,8,7090,0,7090,96,10,mean,train_split_standard,-0.585356967,-0.595825391,10.907259171,25.400000000,0.613905557,0.012234765,0.683157895,29.800000000,0.089012287,16.800000000,0.504545962,18.100000000,0.110913773,0.376041667,-0.221875000,0.857382637,6.300000000,1.639457958,0.674285714,0.694285714,0.215984495,0.490900224
group_001,34,TIME__EWELD_Load__15T,TIME,arrow,dataset/Time_Dataset/EWELD_Load/15T/data-00000-of-00001.arrow,train,9,13832,0,13832,96,10,mean,train_split_standard,-0.630194928,-0.719680680,9.013895056,23.200000000,0.556663773,0.049330500,0.649473684,25.300000000,0.059210128,20.900000000,0.429561317,13.100000000,0.127100899,-0.045833333,-0.044270833,0.869447060,5.900000000,1.616259610,0.694285714,0.674285714,0.132535940,0.501003257
group_001,34,TIME__EWELD_Load__15T,TIME,arrow,dataset/Time_Dataset/EWELD_Load/15T/data-00000-of-00001.arrow,train,10,4273,0,4273,96,10,mean,train_split_standard,-0.674851463,-0.738437400,10.227965395,38.500000000,0.620368899,-0.034252699,0.595789474,22.000000000,0.044595805,4.900000000,0.498966506,12.900000000,0.205446067,-0.223958333,0.046875000,0.903169904,6.600000000,1.612688944,0.711428571,0.780000000,0.103083509,0.411373505
group_001,34,TIME__EWELD_Load__15T,TIME,arrow,dataset/Time_Dataset/EWELD_Load/15T/data-00000-of-00001.arrow,train,11,58,0,58,96,10,mean,train_split_standard,-0.719983630,-0.709760550,7.872559825,21.100000000,0.581148597,-0.082550625,0.703157895,16.700000000,0.043415393,4.100000000,0.456797712,9.700000000,0.214095578,-0.121875000,0.036979167,0.829672776,7.800000000,1.623858916,0.674285714,0.594285714,0.201258279,0.511096235
group_001,34,TIME__EWELD_Load__15T,TIME,arrow,dataset/Time_Dataset/EWELD_Load/15T/data-00000-of-00001.arrow,train,12,13299,0,13299,96,10,mean,train_split_standard,-0.595696209,-0.684394729,9.748808336,30.700000000,0.620539337,-0.030173914,0.709473684,22.700000000,0.063193878,7.000000000,0.511429928,13.700000000,0.209891110,-0.357291667,0.200520833,0.864357013,5.700000000,1.636954536,0.780000000,0.720000000,0.127627202,0.470050695
group_001,34,TIME__EWELD_Load__15T,TIME,arrow,dataset/Time_Dataset/EWELD_Load/15T/data-00000-of-00001.arrow,train,13,559,0,559,96,10,mean,train_split_standard,-0.426788558,-0.393435895,9.526310256,23.300000000,0.445496466,0.021585293,0.618947368,24.500000000,0.081570958,11.200000000,0.344595981,16.000000000,0.139215456,-0.231250000,0.052083333,0.784328834,6.400000000,1.654381770,0.640000000,0.671428571,0.201258279,0.525372371
group_001,34,TIME__EWELD_Load__15T,TIME,arrow,dataset/Time_Dataset/EWELD_Load/15T/data-00000-of-00001.arrow,train,14,583,0,583,96,10,mean,train_split_standard,-0.410939888,-0.366128811,8.308734603,23.600000000,0.382989735,0.052642128,0.672631579,22.800000000,0.052737625,18.100000000,0.315833274,11.000000000,0.140709560,0.040625000,-0.121875000,0.810678732,5.600000000,1.730368492,0.648571429,0.694285714,0.196349541,0.572327684
group_001,34,TIME__EWELD_Load__15T,TIME,arrow,dataset/Time_Dataset/EWELD_Load/15T/data-00000-of-00001.arrow,train,15,12003,0,12003,96,10,mean,train_split_standard,-0.434621783,-0.735031578,9.033378737,17.400000000,0.557696354,0.051024524,0.687368421,25.900000000,0.075527778,18.500000000,0.440278446,11.800000000,0.085499593,0.115625000,-0.310416667,0.850960647,5.500000000,1.687336332,0.708571429,0.748571429,0.152170894,0.538347157
group_001,34,TIME__EWELD_Load__15T,TIME,arrow,dataset/Time_Dataset/EWELD_Load/15T/data-00000-of-00001.arrow,train,16,13580,0,13580,96,10,mean,train_split_standard,-0.206184493,-0.341806561,7.693022671,28.900000000,0.590047362,-0.084422347,0.658947368,20.600000000,0.069037037,13.300000000,0.460296104,14.200000000,0.150174623,-0.140625000,0.214062500,0.839491436,5.400000000,1.681492810,0.554285714,0.694285714,0.191440802,0.510503281
group_001,34,TIME__EWELD_Load__15T,TIME,arrow,dataset/Time_Dataset/EWELD_Load/15T/data-00000-of-00001.arrow,train,17,2684,0,2684,96,10,mean,train_split_standard,-0.474904187,-0.742835477,9.315566354,25.100000000,0.603981120,-0.058818402,0.695789474,29.000000000,0.059968716,18.900000000,0.424434347,14.700000000,0.106800118,0.215625000,-0.340625000,0.848285835,5.900000000,1.672055858,0.780000000,0.600000000,0.166897110,0.528966572
group_001,34,TIME__EWELD_Load__15T,TIME,arrow,dataset/Time_Dataset/EWELD_Load/15T/data-00000-of-00001.arrow,train,18,287,0,287,96,10,mean,train_split_standard,-0.470993297,-1.008533924,10.672189566,28.300000000,0.703593293,-0.008869072,0.683157895,30.800000000,0.070588861,19.400000000,0.601677937,16.000000000,0.107637884,0.109375000,-0.417708333,0.886871503,6.500000000,1.606822588,0.780000000,0.668571429,0.127627202,0.453204516
group_001,34,TIME__EWELD_Load__15T,TIME,arrow,dataset/Time_Dataset/EWELD_Load/15T/data-00000-of-00001.arrow,train,19,6756,0,6756,96,10,mean,train_split_standard,-0.586376782,-0.744636629,13.317081875,33.300000000,0.561551105,-0.100795431,0.635789474,27.500000000,0.100608796,14.200000000,0.476036989,17.600000000,0.102285257,-0.431250000,0.372916667,0.840004101,6.100000000,1.648966602,0.722857143,0.657142857,0.181623325,0.487560260
group_001,34,TIME__EWELD_Load__15T,TIME,arrow,dataset/Time_Dataset/EWELD_Load/15T/data-00000-of-00001.arrow,train,20,6300,0,6300,96,10,mean,train_split_standard,-0.526041574,-0.934999943,8.558276146,26.700000000,0.551493463,0.000746921,0.670526316,21.200000000,0.066166667,18.100000000,0.400224413,13.500000000,0.093707152,0.236458333,-0.075000000,0.837429888,6.500000000,1.628290713,0.694285714,0.614285714,0.142353417,0.534019650
group_001,35,TIME__Finland_Traffic__15T,TIME,arrow,dataset/Time_Dataset/Finland_Traffic/15T/data-00000-of-00001.arrow,train,1,5716,0,5716,96,1,mean,train_split_standard,-0.275934684,-1.197931151,13.222028992,40.000000000,0.822816383,0.002878862,0.810526316,26.000000000,0.062500000,21.000000000,1.088386044,19.000000000,0.285714286,-0.729166667,0.062500000,0.966695630,5.000000000,1.443149007,0.828571429,0.800000000,0.098174770,0.264524819
group_001,35,TIME__Finland_Traffic__15T,TIME,arrow,dataset/Time_Dataset/Finland_Traffic/15T/data-00000-of-00001.arrow,train,2,10603,0,10603,96,1,mean,train_split_standard,-0.960987956,-1.102458773,19.612931900,51.000000000,0.841135898,0.000603605,0.705263158,36.000000000,0.111111111,22.000000000,1.380574483,30.000000000,0.034482759,-0.645833333,0.354166667,0.966775361,8.000000000,1.431213060,0.800000000,0.600000000,0.049087385,0.219037461
group_001,35,TIME__Finland_Traffic__15T,TIME,arrow,dataset/Time_Dataset/Finland_Traffic/15T/data-00000-of-00001.arrow,train,3,3655,0,3655,96,1,mean,train_split_standard,-0.951462552,-1.142644828,9.359749113,23.000000000,0.672582447,0.000704959,0.768421053,54.000000000,0.018518519,0.000000000,0.789586522,13.000000000,0.133333333,0.177083333,0.593750000,0.946005649,8.000000000,1.411409478,0.800000000,0.571428571,0.098174770,0.326192497
group_001,35,TIME__Finland_Traffic__15T,TIME,arrow,dataset/Time_Dataset/Finland_Traffic/15T/data-00000-of-00001.arrow,train,4,20173,0,20173,96,1,mean,train_split_standard,-1.123669212,-1.287153702,14.658290114,42.000000000,0.861892498,-0.001545102,0.831578947,45.000000000,0.062500000,16.000000000,0.997838614,20.000000000,0.043478261,-0.062500000,0.687500000,0.952539610,7.000000000,1.348655726,0.714285714,0.457142857,0.098174770,0.255928142
group_001,35,TIME__Finland_Traffic__15T,TIME,arrow,dataset/Time_Dataset/Finland_Traffic/15T/data-00000-of-00001.arrow,train,5,18501,0,18501,96,1,mean,train_split_standard,-0.900479174,-1.063071459,16.203448157,46.000000000,1.065945457,0.000713734,0.684210526,29.000000000,0.074074074,0.000000000,1.583328987,24.000000000,0.040000000,0.791666667,-0.229166667,0.962651163,7.000000000,1.348655726,0.771428571,0.600000000,0.049087385,0.182882707
group_001,35,TIME__Finland_Traffic__15T,TIME,arrow,dataset/Time_Dataset/Finland_Traffic/15T/data-00000-of-00001.arrow,train,6,19001,0,19001,96,1,mean,train_split_standard,-1.042412234,-1.209112697,18.158412549,46.000000000,0.946912319,0.002633701,0.800000000,46.000000000,0.111111111,21.000000000,1.349891959,27.000000000,0.037037037,0.385416667,-0.645833333,0.975967537,6.000000000,1.316746384,0.200000000,0.657142857,0.049087385,0.217123366
group_001,35,TIME__Finland_Traffic__15T,TIME,arrow,dataset/Time_Dataset/Finland_Traffic/15T/data-00000-of-00001.arrow,train,7,1788,0,1788,96,1,mean,train_split_standard,-0.735356797,-0.911897596,11.646568050,44.000000000,0.892006722,-0.002622544,0.705263158,22.000000000,0.062500000,0.000000000,1.243871777,17.000000000,0.050000000,-0.854166667,0.000000000,0.958390227,8.000000000,1.436006945,0.771428571,0.628571429,0.098174770,0.223942008
group_001,35,TIME__Finland_Traffic__15T,TIME,arrow,dataset/Time_Dataset/Finland_Traffic/15T/data-00000-of-00001.arrow,train,8,12759,0,12759,96,1,mean,train_split_standard,-1.168806699,-1.340735180,11.800879859,29.000000000,0.788673097,0.005948291,0.768421053,58.000000000,0.062500000,0.000000000,0.873817149,20.000000000,0.333333333,0.291666667,-0.625000000,0.966219514,8.000000000,1.627021292,0.657142857,0.600000000,0.049087385,0.321318393
group_001,35,TIME__Finland_Traffic__15T,TIME,arrow,dataset/Time_Dataset/Finland_Traffic/15T/data-00000-of-00001.arrow,train,9,24326,0,24326,96,1,mean,train_split_standard,0.376858140,-1.264702976,12.345277955,39.000000000,0.810829491,0.007035486,0.810526316,41.000000000,0.041666667,24.000000000,0.942792381,20.000000000,0.285714286,-0.427083333,0.343750000,0.969251139,6.000000000,1.442759055,0.771428571,0.800000000,0.098174770,0.298790779
group_001,35,TIME__Finland_Traffic__15T,TIME,arrow,dataset/Time_Dataset/Finland_Traffic/15T/data-00000-of-00001.arrow,train,10,13238,0,13238,96,1,mean,train_split_standard,-1.048375639,-1.207474886,17.571548723,44.000000000,0.991702668,-0.002653999,0.778947368,49.000000000,0.111111111,0.000000000,1.291837147,26.000000000,0.038461538,0.322916667,-0.552083333,0.977161502,8.000000000,1.461642439,0.828571429,0.400000000,0.049087385,0.196405903
group_001,35,TIME__Finland_Traffic__15T,TIME,arrow,dataset/Time_Dataset/Finland_Traffic/15T/data-00000-of-00001.arrow,train,11,23461,0,23461,96,1,mean,train_split_standard,-1.047742384,-1.199063907,14.905060527,37.000000000,0.907895828,0.002380732,0.757894737,42.000000000,0.062500000,0.000000000,1.193919120,21.000000000,0.500000000,-0.385416667,0.375000000,0.974081417,6.000000000,1.399303718,0.828571429,0.428571429,0.098174770,0.241505444
group_001,35,TIME__Finland_Traffic__15T,TIME,arrow,dataset/Time_Dataset/Finland_Traffic/15T/data-00000-of-00001.arrow,train,12,2568,0,2568,96,1,mean,train_split_standard,-0.756693143,-0.919193842,16.936801109,48.000000000,0.873799985,0.001620269,0.705263158,31.000000000,0.111111111,0.000000000,1.014260332,25.000000000,0.040000000,0.781250000,-0.208333333,0.972567029,6.000000000,1.411409478,0.828571429,0.600000000,0.049087385,0.191521067
group_001,35,TIME__Finland_Traffic__15T,TIME,arrow,dataset/Time_Dataset/Finland_Traffic/15T/data-00000-of-00001.arrow,train,13,7666,0,7666,96,1,mean,train_split_standard,-0.977741170,-1.155840366,12.957575266,54.000000000,0.803943485,0.006911581,0.831578947,55.000000000,0.166666667,0.000000000,0.946569701,24.000000000,0.029411765,0.614583333,-0.552083333,0.963295472,7.000000000,1.625467673,0.771428571,0.600000000,0.049087385,0.307373616
group_001,35,TIME__Finland_Traffic__15T,TIME,arrow,dataset/Time_Dataset/Finland_Traffic/15T/data-00000-of-00001.arrow,train,14,11423,0,11423,96,1,mean,train_split_standard,-1.145353684,-1.315035711,10.334129540,24.000000000,0.753523626,0.003513583,0.768421053,57.000000000,0.080000000,0.000000000,0.874833949,15.000000000,0.176470588,0.328125000,-0.656250000,0.948558432,7.000000000,1.543099512,0.714285714,0.600000000,0.098174770,0.318439586
group_001,35,TIME__Finland_Traffic__15T,TIME,arrow,dataset/Time_Dataset/Finland_Traffic/15T/data-00000-of-00001.arrow,train,15,12101,0,12101,96,1,mean,train_split_standard,-1.116589558,-1.273501904,9.328857825,24.000000000,0.701128202,0.018137843,0.715789474,56.000000000,0.074074074,0.000000000,0.624875523,13.000000000,0.266666667,0.145833333,0.010416667,0.937140074,7.000000000,1.514724884,0.828571429,0.600000000,0.147262156,0.341071828
group_001,35,TIME__Finland_Traffic__15T,TIME,arrow,dataset/Time_Dataset/Finland_Traffic/15T/data-00000-of-00001.arrow,train,16,9256,0,9256,96,1,mean,train_split_standard,-0.876954627,-1.024656356,20.955421614,52.000000000,0.885665757,-0.004813516,0.757894737,41.000000000,0.111111111,0.000000000,1.008291135,36.000000000,0.032258065,-0.635416667,0.447916667,0.969400709,5.000000000,1.461642439,0.828571429,0.600000000,0.049087385,0.200784161
group_001,35,TIME__Finland_Traffic__15T,TIME,arrow,dataset/Time_Dataset/Finland_Traffic/15T/data-00000-of-00001.arrow,train,17,8740,0,8740,96,1,mean,train_split_standard,-0.775643152,-0.919288506,14.945786154,40.000000000,0.911517165,-0.001284193,0.663157895,44.000000000,0.062500000,0.000000000,1.132748433,20.000000000,0.045454545,0.260416667,-0.500000000,0.970401285,11.000000000,1.411409478,0.771428571,0.828571429,0.098174770,0.193100592
group_001,35,TIME__Finland_Traffic__15T,TIME,arrow,dataset/Time_Dataset/Finland_Traffic/15T/data-00000-of-00001.arrow,train,18,21069,0,21069,96,1,mean,train_split_standard,0.452662315,-1.235342705,15.363470389,40.000000000,0.858715012,-0.001129050,0.747368421,35.000000000,0.062500000,18.000000000,1.132756090,20.000000000,0.045454545,-0.572916667,0.229166667,0.975543023,11.000000000,1.316746384,0.800000000,0.828571429,0.098174770,0.227889485
group_001,35,TIME__Finland_Traffic__15T,TIME,arrow,dataset/Time_Dataset/Finland_Traffic/15T/data-00000-of-00001.arrow,train,19,16674,0,16674,96,1,mean,train_split_standard,-0.520843565,-0.693558979,13.328383388,47.000000000,0.894575060,0.003656990,0.600000000,24.000000000,0.062500000,30.000000000,1.306845903,21.000000000,0.045454545,0.854166667,-0.062500000,0.948717618,11.000000000,1.483753094,0.771428571,0.171428571,0.049087385,0.154595892
group_001,35,TIME__Finland_Traffic__15T,TIME,arrow,dataset/Time_Dataset/Finland_Traffic/15T/data-00000-of-00001.arrow,train,20,15059,0,15059,96,1,mean,train_split_standard,0.372610338,-1.233795121,17.257549350,54.000000000,0.910075459,0.003128887,0.778947368,57.000000000,0.111111111,0.000000000,1.300435155,27.000000000,0.200000000,0.625000000,-0.562500000,0.975218046,5.000000000,1.480518971,0.771428571,0.600000000,0.049087385,0.242543118
group_001,36,TIME__MetroPT-3__5T,TIME,arrow,dataset/Time_Dataset/MetroPT-3/5T/data-00000-of-00001.arrow,train,1,5181,0,5181,96,6,mean,train_split_standard,-0.448967819,-0.145043437,0.591789991,2.000000000,0.350776328,1.248886869,0.836842105,4.666666667,0.026745401,3.666666667,0.088791299,2.000000000,0.833333333,0.138888889,-0.131944444,0.057353020,4.333333333,1.992251039,0.771428571,0.709523810,1.546252634,1.297413694
group_001,36,TIME__MetroPT-3__5T,TIME,arrow,dataset/Time_Dataset/MetroPT-3/5T/data-00000-of-00001.arrow,train,2,1472,0,1472,96,6,mean,train_split_standard,0.230515261,0.217353575,7.178018687,7.166666667,0.622177529,0.824017803,0.617543860,30.500000000,0.077014402,4.166666667,0.124121073,2.333333333,0.194989107,0.428819444,-0.268229167,0.588880295,17.333333333,1.803013370,0.600000000,0.671428571,0.638136008,0.815312969
group_001,36,TIME__MetroPT-3__5T,TIME,arrow,dataset/Time_Dataset/MetroPT-3/5T/data-00000-of-00001.arrow,train,3,10682,0,10682,96,6,mean,train_split_standard,-0.037253275,-0.368299752,0.578059214,2.166666667,0.663890045,0.678569998,0.871929825,3.166666667,0.024094935,3.000000000,0.117036686,2.166666667,1.027777778,-0.098958333,0.064236111,0.042044600,3.333333333,1.945608746,0.819047619,0.709523810,1.570796327,1.307797589
group_001,36,TIME__MetroPT-3__5T,TIME,arrow,dataset/Time_Dataset/MetroPT-3/5T/data-00000-of-00001.arrow,train,4,10956,0,10956,96,6,mean,train_split_standard,-0.371134797,-0.486988988,0.641904186,3.000000000,0.320312168,1.319004428,0.819298246,9.333333333,0.034745355,7.166666667,0.092891364,2.833333333,0.675438596,-0.010416667,-0.092013889,0.100770902,4.333333333,1.989470343,0.800000000,0.595238095,1.448077864,1.288746397
group_001,36,TIME__MetroPT-3__5T,TIME,arrow,dataset/Time_Dataset/MetroPT-3/5T/data-00000-of-00001.arrow,train,5,7359,0,7359,96,6,mean,train_split_standard,-0.248567973,-0.138442595,0.591241133,2.166666667,0.272905776,1.125005990,0.873684211,10.833333333,0.024692809,4.333333333,0.100705360,2.333333333,0.833333333,0.071180556,0.237847222,0.077521363,4.833333333,1.988107179,0.619047619,0.714285714,1.611702481,1.241272132
group_001,36,TIME__MetroPT-3__5T,TIME,arrow,dataset/Time_Dataset/MetroPT-3/5T/data-00000-of-00001.arrow,train,6,10870,0,10870,96,6,mean,train_split_standard,-0.429166660,-0.541225003,1.044631164,1.833333333,0.439354247,1.337652528,0.829824561,8.666666667,0.037176709,5.166666667,0.092024039,2.000000000,0.672619048,-0.206597222,0.142361111,0.113845872,4.500000000,1.928563843,0.614285714,0.390476190,1.317178170,1.274027642
group_001,36,TIME__MetroPT-3__5T,TIME,arrow,dataset/Time_Dataset/MetroPT-3/5T/data-00000-of-00001.arrow,train,7,1382,0,1382,96,6,mean,train_split_standard,-0.280128871,0.033636647,2.555169548,6.166666667,0.574178786,1.313748018,0.840350877,9.000000000,0.051115042,4.333333333,0.061344265,3.166666667,0.754504505,-0.204861111,0.149305556,0.141755213,4.166666667,1.870410389,0.709523810,0.580952381,1.333540632,1.206654876
group_001,36,TIME__MetroPT-3__5T,TIME,arrow,dataset/Time_Dataset/MetroPT-3/5T/data-00000-of-00001.arrow,train,8,770,0,770,96,6,mean,train_split_standard,0.368503056,0.109055643,0.660756552,1.833333333,0.263846227,1.123056453,0.845614035,7.333333333,0.031672429,4.833333333,0.083190630,2.333333333,0.591666667,-0.085069444,0.140625000,0.102807274,5.000000000,1.949656830,0.661904762,0.590476190,1.480802787,1.271872833
group_001,36,TIME__MetroPT-3__5T,TIME,arrow,dataset/Time_Dataset/MetroPT-3/5T/data-00000-of-00001.arrow,train,9,8962,0,8962,96,6,mean,train_split_standard,-0.340155777,-0.547779676,2.084697546,3.666666667,0.363291046,1.284751767,0.887719298,7.166666667,0.031907568,4.666666667,0.105422952,3.500000000,0.674242424,0.210069444,-0.065972222,0.156272598,4.666666667,1.966867713,0.776190476,0.509523810,1.308996939,1.196462502
group_001,36,TIME__MetroPT-3__5T,TIME,arrow,dataset/Time_Dataset/MetroPT-3/5T/data-00000-of-00001.arrow,train,10,3657,0,3657,96,6,mean,train_split_standard,-0.349464287,0.026376178,0.637226682,1.833333333,0.345964769,1.339096895,0.847368421,10.833333333,0.032175586,3.000000000,0.090531894,2.000000000,0.759259259,-0.053819444,0.223958333,0.084609869,4.500000000,1.915316119,0.690476190,0.538095238,1.448077864,1.301017635
group_001,36,TIME__MetroPT-3__5T,TIME,arrow,dataset/Time_Dataset/MetroPT-3/5T/data-00000-of-00001.arrow,train,11,9832,0,9832,96,6,mean,train_split_standard,-0.094380725,0.064395400,2.344292051,1.666666667,0.459061062,1.475862889,0.573684211,34.166666667,0.053613665,3.000000000,0.081538933,2.000000000,0.562801932,-0.309027778,-0.192708333,0.264582687,17.000000000,1.693071835,0.742857143,0.728571429,1.308996939,1.101598856
group_001,36,TIME__MetroPT-3__5T,TIME,arrow,dataset/Time_Dataset/MetroPT-3/5T/data-00000-of-00001.arrow,train,12,3486,0,3486,96,6,mean,train_split_standard,0.164949469,0.281055539,0.478349073,1.000000000,0.210067865,0.592366693,0.915789474,6.666666667,0.019809172,3.833333333,0.097755341,2.000000000,1.000000000,0.038194444,0.050347222,0.114849637,4.500000000,1.986544774,0.609523810,0.752380952,2.192569873,1.124779011
group_001,36,TIME__MetroPT-3__5T,TIME,arrow,dataset/Time_Dataset/MetroPT-3/5T/data-00000-of-00001.arrow,train,13,5578,0,5578,96,6,mean,train_split_standard,-0.372996398,-0.306691413,2.551572492,7.166666667,0.509544966,1.346758716,0.856140351,9.500000000,0.051471676,3.000000000,0.097191567,2.000000000,0.754065041,0.171006944,-0.243055556,0.171446915,4.333333333,1.924086312,0.480952381,0.719047619,1.235365861,1.200217679
group_001,36,TIME__MetroPT-3__5T,TIME,arrow,dataset/Time_Dataset/MetroPT-3/5T/data-00000-of-00001.arrow,train,14,2763,0,2763,96,6,mean,train_split_standard,0.159581292,-0.094733013,4.101524690,1.666666667,0.352814829,0.504727097,0.898245614,13.000000000,0.052792935,4.666666667,0.121108384,1.833333333,0.436464646,-0.255208333,0.477430556,0.426608962,19.000000000,1.955861334,0.576190476,0.666666667,1.219003399,0.839545832
group_001,36,TIME__MetroPT-3__5T,TIME,arrow,dataset/Time_Dataset/MetroPT-3/5T/data-00000-of-00001.arrow,train,15,8776,0,8776,96,6,mean,train_split_standard,-0.217829422,-0.252100615,0.622078348,2.500000000,0.256691801,0.938558541,0.901754386,8.166666667,0.021777131,3.500000000,0.112476868,2.333333333,0.759803922,-0.005208333,0.145833333,0.136748980,4.500000000,1.994158887,0.328571429,0.404761905,1.603521250,1.164704400
group_001,36,TIME__MetroPT-3__5T,TIME,arrow,dataset/Time_Dataset/MetroPT-3/5T/data-00000-of-00001.arrow,train,16,5174,0,5174,96,6,mean,train_split_standard,-0.032331525,0.053833317,0.589470143,2.000000000,0.373952310,1.273990655,0.847368421,4.333333333,0.029411823,3.666666667,0.090367255,2.333333333,0.833333333,0.074652778,-0.111111111,0.043467163,4.333333333,1.949843280,0.647619048,0.657142857,1.529890172,1.305067445
group_001,36,TIME__MetroPT-3__5T,TIME,arrow,dataset/Time_Dataset/MetroPT-3/5T/data-00000-of-00001.arrow,train,17,6957,0,6957,96,6,mean,train_split_standard,-0.102364812,-0.249462841,0.676811385,2.333333333,0.255649588,1.045662146,0.843859649,9.500000000,0.027731602,4.833333333,0.096610275,2.000000000,0.672839506,0.092013889,-0.186631944,0.140717135,4.833333333,2.000535481,0.747619048,0.571428571,1.480802787,1.221584279
group_001,36,TIME__MetroPT-3__5T,TIME,arrow,dataset/Time_Dataset/MetroPT-3/5T/data-00000-of-00001.arrow,train,18,11287,0,11287,96,6,mean,train_split_standard,-0.306923037,-0.300765600,0.678423136,2.000000000,0.150421628,1.225362238,0.875438596,10.666666667,0.047196368,4.000000000,0.091271757,1.666666667,0.671568627,0.067708333,-0.223958333,0.158856636,4.500000000,1.966644809,0.661904762,0.647619048,1.448077864,1.144501353
group_001,36,TIME__MetroPT-3__5T,TIME,arrow,dataset/Time_Dataset/MetroPT-3/5T/data-00000-of-00001.arrow,train,19,5994,0,5994,96,6,mean,train_split_standard,-0.195835417,-0.273724572,1.400510294,2.333333333,0.355523994,1.344940616,0.582456140,17.666666667,0.075559364,3.833333333,0.092155781,2.500000000,0.672222222,0.275173611,0.039930556,0.219058378,4.333333333,1.720959816,0.709523810,0.519047619,1.202640938,1.212092099
group_001,36,TIME__MetroPT-3__5T,TIME,arrow,dataset/Time_Dataset/MetroPT-3/5T/data-00000-of-00001.arrow,train,20,6978,0,6978,96,6,mean,train_split_standard,-0.505603738,-0.179146529,3.703034796,5.166666667,0.368760671,1.175227011,0.889473684,11.833333333,0.046017626,4.833333333,0.096048025,2.166666667,0.671568627,0.157986111,-0.180555556,0.203888797,4.833333333,1.935484237,0.419047619,0.480952381,1.366265555,1.108162990
group_001,37,TIME__NE_China_Wind__H,TIME,arrow,dataset/Time_Dataset/NE_China_Wind/H/data-00000-of-00001.arrow,train,1,4390,0,4390,96,4,mean,train_split_standard,0.077528347,0.171624549,7.980771778,21.250000000,0.558156269,-0.003861615,0.884210526,23.500000000,0.107962963,17.000000000,0.664534923,15.250000000,0.124283560,-0.109375000,0.460937500,0.895755007,10.750000000,1.614636194,0.785714286,0.692857143,0.122718463,0.471355195
group_001,37,TIME__NE_China_Wind__H,TIME,arrow,dataset/Time_Dataset/NE_China_Wind/H/data-00000-of-00001.arrow,train,2,1591,0,1591,96,4,mean,train_split_standard,0.265087159,0.278025233,16.781757700,47.500000000,0.974960293,0.001787321,0.692105263,40.500000000,0.105069444,13.000000000,1.846432386,20.750000000,0.334009740,-0.229166667,0.244791667,0.970862395,12.750000000,1.357491084,0.764285714,0.657142857,0.073631078,0.213222865
group_001,37,TIME__NE_China_Wind__H,TIME,arrow,dataset/Time_Dataset/NE_China_Wind/H/data-00000-of-00001.arrow,train,3,4296,0,4296,96,4,mean,train_split_standard,-0.141375570,0.164982170,6.033543254,17.000000000,0.528693126,-0.207721827,0.931578947,22.250000000,0.044683908,19.250000000,0.372568041,10.000000000,0.281250000,-0.110677083,0.500000000,0.855527072,11.750000000,1.684169186,0.642857143,0.678571429,0.245436926,0.619460816
group_001,37,TIME__NE_China_Wind__H,TIME,arrow,dataset/Time_Dataset/NE_China_Wind/H/data-00000-of-00001.arrow,train,4,3732,0,3732,96,4,mean,train_split_standard,-0.089162628,-0.269177148,6.030620988,12.000000000,0.525378396,-0.007381553,0.900000000,20.250000000,0.039849563,22.500000000,0.522046298,7.500000000,0.449308756,-0.302083333,-0.007812500,0.891604311,10.750000000,1.618081275,0.400000000,0.742857143,0.208621387,0.541288358
group_001,37,TIME__NE_China_Wind__H,TIME,arrow,dataset/Time_Dataset/NE_China_Wind/H/data-00000-of-00001.arrow,train,5,135,0,135,96,4,mean,train_split_standard,0.208962755,-0.072805253,13.352935936,32.750000000,0.795716686,-0.003379982,0.763157895,33.250000000,0.082577475,13.250000000,1.499999487,23.500000000,0.392672414,-0.111979167,0.096354167,0.946763652,13.000000000,1.544468838,0.800000000,0.607142857,0.110446617,0.326474164
group_001,37,TIME__NE_China_Wind__H,TIME,arrow,dataset/Time_Dataset/NE_China_Wind/H/data-00000-of-00001.arrow,train,6,269,0,269,96,4,mean,train_split_standard,-0.303691449,0.130124229,14.296066685,41.500000000,0.896958702,-0.002710468,0.750000000,32.250000000,0.115069444,5.750000000,1.834053105,19.000000000,0.442667566,-0.313802083,0.126302083,0.964842181,14.250000000,1.409403535,0.707142857,0.657142857,0.073631078,0.247345691
group_001,37,TIME__NE_China_Wind__H,TIME,arrow,dataset/Time_Dataset/NE_China_Wind/H/data-00000-of-00001.arrow,train,7,2761,0,2761,96,4,mean,train_split_standard,-0.261145402,-0.124935504,11.044626352,29.500000000,0.742032123,0.000213488,0.834210526,29.750000000,0.061719276,17.250000000,1.273291836,15.750000000,0.496333528,0.134114583,0.095052083,0.967028015,11.500000000,1.492065294,0.507142857,0.750000000,0.122718463,0.335758604
group_001,37,TIME__NE_China_Wind__H,TIME,arrow,dataset/Time_Dataset/NE_China_Wind/H/data-00000-of-00001.arrow,train,8,1531,0,1531,96,4,mean,train_split_standard,0.574950683,0.435272075,7.941763873,22.500000000,0.700225315,0.006366680,0.810526316,25.250000000,0.066116898,13.250000000,1.191565231,13.500000000,0.201887175,-0.161458333,0.359375000,0.907113011,11.750000000,1.537747519,0.585714286,0.721428571,0.147262156,0.402343748
group_001,37,TIME__NE_China_Wind__H,TIME,arrow,dataset/Time_Dataset/NE_China_Wind/H/data-00000-of-00001.arrow,train,9,2733,0,2733,96,4,mean,train_split_standard,0.190361637,-0.334147583,9.699588659,25.000000000,0.646405211,0.000981527,0.865789474,28.250000000,0.063044651,11.500000000,1.149755182,17.750000000,0.415965473,0.334635417,-0.539062500,0.964465241,11.500000000,1.537095728,0.392857143,0.600000000,0.122718463,0.372145668
group_001,37,TIME__NE_China_Wind__H,TIME,arrow,dataset/Time_Dataset/NE_China_Wind/H/data-00000-of-00001.arrow,train,10,4642,0,4642,96,4,mean,train_split_standard,0.566823478,0.546430580,10.003075102,29.750000000,0.621256311,-0.010529695,0.878947368,24.250000000,0.067535966,24.000000000,0.844269886,14.000000000,0.273842593,-0.233072917,-0.165364583,0.927819452,10.250000000,1.601228699,0.685714286,0.700000000,0.147262156,0.428316285
group_001,37,TIME__NE_China_Wind__H,TIME,arrow,dataset/Time_Dataset/NE_China_Wind/H/data-00000-of-00001.arrow,train,11,2653,0,2653,96,4,mean,train_split_standard,-0.101218514,-0.202308794,6.758857544,17.250000000,0.626286148,-0.007801895,0.842105263,22.000000000,0.064286619,17.500000000,0.879279212,12.000000000,0.468614719,0.067708333,0.049479167,0.948746155,11.250000000,1.531163548,0.385714286,0.685714286,0.159534002,0.423287974
group_001,37,TIME__NE_China_Wind__H,TIME,arrow,dataset/Time_Dataset/NE_China_Wind/H/data-00000-of-00001.arrow,train,12,5502,0,5502,96,4,mean,train_split_standard,-0.369206544,-0.153767185,8.473994239,19.750000000,0.537958503,-0.011868874,0.894736842,23.500000000,0.048702286,14.500000000,0.583638637,14.250000000,0.227777778,-0.187500000,0.208333333,0.911997338,10.750000000,1.584794126,0.464285714,0.421428571,0.147262156,0.476812661
group_001,37,TIME__NE_China_Wind__H,TIME,arrow,dataset/Time_Dataset/NE_China_Wind/H/data-00000-of-00001.arrow,train,13,1384,0,1384,96,4,mean,train_split_standard,-0.530086518,-0.355547994,6.512557282,19.500000000,0.562500861,0.003413584,0.873684211,23.250000000,0.060185185,11.250000000,0.989202095,12.000000000,0.538690476,-0.098958333,0.286458333,0.901635309,15.500000000,1.543741186,0.614285714,0.600000000,0.171805848,0.476797085
group_001,37,TIME__NE_China_Wind__H,TIME,arrow,dataset/Time_Dataset/NE_China_Wind/H/data-00000-of-00001.arrow,train,14,294,0,294,96,4,mean,train_split_standard,-0.242405381,-0.180392739,9.853270995,31.750000000,0.696831395,-0.017541908,0.773684211,30.000000000,0.075848241,7.250000000,1.728355406,16.000000000,0.475595238,-0.453125000,-0.243489583,0.889983636,12.250000000,1.561388329,0.764285714,0.507142857,0.122718463,0.342252299
group_001,37,TIME__NE_China_Wind__H,TIME,arrow,dataset/Time_Dataset/NE_China_Wind/H/data-00000-of-00001.arrow,train,15,4003,0,4003,96,4,mean,train_split_standard,0.245152044,0.224544691,10.413347028,29.750000000,0.691390984,0.009491798,0.818421053,37.000000000,0.068391094,23.750000000,1.240088537,19.000000000,0.308039635,0.054687500,0.545572917,0.871383115,14.750000000,1.524316375,0.571428571,0.607142857,0.184077695,0.412916760
group_001,37,TIME__NE_China_Wind__H,TIME,arrow,dataset/Time_Dataset/NE_China_Wind/H/data-00000-of-00001.arrow,train,16,2227,0,2227,96,4,mean,train_split_standard,-0.063761713,-0.268629439,9.456537907,28.250000000,0.667749433,-0.016452507,0.757894737,29.500000000,0.094074074,21.000000000,1.289022112,16.500000000,0.432030317,0.273437500,0.164062500,0.931502834,12.250000000,1.501491819,0.335714286,0.735714286,0.098174770,0.356303001
group_001,37,TIME__NE_China_Wind__H,TIME,arrow,dataset/Time_Dataset/NE_China_Wind/H/data-00000-of-00001.arrow,train,17,2325,0,2325,96,4,mean,train_split_standard,-0.824596027,-0.669511999,11.619552363,31.750000000,0.793138806,-0.001753994,0.802631579,31.250000000,0.077233980,12.000000000,1.555931901,20.250000000,0.389523810,-0.205729167,-0.015625000,0.960931038,12.500000000,1.454596846,0.821428571,0.635714286,0.110446617,0.318737778
group_001,37,TIME__NE_China_Wind__H,TIME,arrow,dataset/Time_Dataset/NE_China_Wind/H/data-00000-of-00001.arrow,train,18,1433,0,1433,96,4,mean,train_split_standard,-0.203901851,-0.076417380,9.349660132,27.500000000,0.762929361,-0.012640474,0.836842105,25.000000000,0.054143519,17.750000000,1.291411603,16.250000000,0.434417706,-0.059895833,0.197916667,0.940213610,15.250000000,1.473563526,0.614285714,0.757142857,0.110446617,0.386142619
group_001,37,TIME__NE_China_Wind__H,TIME,arrow,dataset/Time_Dataset/NE_China_Wind/H/data-00000-of-00001.arrow,train,19,2730,0,2730,96,4,mean,train_split_standard,0.201825392,-0.268023410,10.599699914,28.750000000,0.648415739,0.000688618,0.865789474,28.500000000,0.069497054,11.500000000,1.139367471,17.500000000,0.386180124,0.390625000,-0.505208333,0.963330924,11.250000000,1.550727809,0.642857143,0.657142857,0.122718463,0.371951581
group_001,37,TIME__NE_China_Wind__H,TIME,arrow,dataset/Time_Dataset/NE_China_Wind/H/data-00000-of-00001.arrow,train,20,3021,0,3021,96,4,mean,train_split_standard,-0.444167402,-0.228512234,11.472358128,36.250000000,0.804380598,-0.021651168,0.705263158,37.500000000,0.077407407,13.250000000,0.997114032,21.250000000,0.301058201,-0.356770833,0.299479167,0.943997168,12.250000000,1.474702392,0.750000000,0.585714286,0.098174770,0.355561424
group_001,38,TIME__Oil_Price__B,TIME,arrow,dataset/Time_Dataset/Oil_Price/B/data-00000-of-00001.arrow,train,1,1084,0,1084,96,12,mean,train_split_standard,0.149307829,0.111734933,16.462407427,35.583333333,0.829653486,0.002839803,0.808771930,29.000000000,0.136381173,19.250000000,0.947737546,11.000000000,0.059128301,0.739583333,-0.618923611,0.937794719,5.916666667,1.545583538,0.780952381,0.645238095,0.057268616,0.302613279
group_001,38,TIME__Oil_Price__B,TIME,arrow,dataset/Time_Dataset/Oil_Price/B/data-00000-of-00001.arrow,train,2,2384,0,2384,96,12,mean,train_split_standard,0.445765449,0.403006760,8.741256243,19.000000000,0.547296613,0.009960921,0.862280702,29.333333333,0.100887346,17.666666667,0.677921260,11.083333333,0.087107306,-0.415798611,0.696180556,0.891436896,8.083333333,1.656375303,0.795238095,0.654761905,0.098174770,0.406291082
group_001,38,TIME__Oil_Price__B,TIME,arrow,dataset/Time_Dataset/Oil_Price/B/data-00000-of-00001.arrow,train,3,1393,0,1393,96,12,mean,train_split_standard,-0.000177894,0.021333427,12.314638549,39.166666667,0.679700946,0.004970637,0.862280702,26.583333333,0.096913580,8.250000000,0.822357482,19.416666667,0.108775887,0.493923611,-0.076388889,0.920790790,7.583333333,1.601351282,0.666666667,0.716666667,0.094084155,0.346691578
group_001,38,TIME__Oil_Price__B,TIME,arrow,dataset/Time_Dataset/Oil_Price/B/data-00000-of-00001.arrow,train,4,3236,0,3236,96,12,mean,train_split_standard,-0.302860704,-0.205348945,10.287597272,28.833333333,0.668200839,-0.034376046,0.826315789,26.166666667,0.075918210,24.500000000,0.635815689,17.916666667,0.141543486,0.058159722,-0.164496528,0.905884888,7.083333333,1.566524129,0.704761905,0.492857143,0.106356001,0.379401550
group_001,38,TIME__Oil_Price__B,TIME,arrow,dataset/Time_Dataset/Oil_Price/B/data-00000-of-00001.arrow,train,5,672,0,672,96,12,mean,train_split_standard,-0.040026715,0.115733490,10.847790261,26.833333333,0.642995434,0.002744655,0.885087719,22.916666667,0.097492284,8.416666667,0.645593287,14.583333333,0.051579979,0.404079861,-0.244791667,0.893343927,6.833333333,1.645140180,0.504761905,0.616666667,0.098174770,0.414814407
group_001,38,TIME__Oil_Price__B,TIME,arrow,dataset/Time_Dataset/Oil_Price/B/data-00000-of-00001.arrow,train,6,1901,0,1901,96,12,mean,train_split_standard,0.077407539,0.013924823,6.678243813,15.916666667,0.463092661,0.035144818,0.885964912,17.916666667,0.066372196,17.833333333,0.453883657,9.500000000,0.171557611,0.313368056,-0.291232639,0.871995935,6.083333333,1.722962174,0.642857143,0.633333333,0.175896464,0.529058235
group_001,38,TIME__Oil_Price__B,TIME,arrow,dataset/Time_Dataset/Oil_Price/B/data-00000-of-00001.arrow,train,7,2993,0,2993,96,12,mean,train_split_standard,0.021465820,-0.074890735,8.294745140,25.583333333,0.584632704,-0.017893566,0.850877193,27.916666667,0.044702538,11.500000000,0.570519168,14.333333333,0.183565764,0.102430556,-0.226996528,0.889742084,8.333333333,1.608790815,0.733333333,0.573809524,0.110446617,0.460825137
group_001,38,TIME__Oil_Price__B,TIME,arrow,dataset/Time_Dataset/Oil_Price/B/data-00000-of-00001.arrow,train,8,3133,0,3133,96,12,mean,train_split_standard,-0.422262972,-0.530598348,12.323741523,31.666666667,0.669193009,-0.041307194,0.871052632,26.333333333,0.068178934,19.833333333,0.528519449,12.000000000,0.084756139,0.588541667,-0.165364583,0.907003511,5.333333333,1.648930132,0.288095238,0.630952381,0.102265386,0.442682560
group_001,38,TIME__Oil_Price__B,TIME,arrow,dataset/Time_Dataset/Oil_Price/B/data-00000-of-00001.arrow,train,9,1535,0,1535,96,12,mean,train_split_standard,0.442296801,0.231461465,14.542274472,40.916666667,0.812243066,-0.002753998,0.811403509,29.000000000,0.074513889,20.166666667,0.956223574,22.666666667,0.165902989,0.356770833,-0.278211806,0.936274454,7.333333333,1.437658086,0.728571429,0.657142857,0.065449847,0.293488945
group_001,38,TIME__Oil_Price__B,TIME,arrow,dataset/Time_Dataset/Oil_Price/B/data-00000-of-00001.arrow,train,10,3268,0,3268,96,12,mean,train_split_standard,-0.186625212,-0.073046828,14.463095325,51.666666667,0.878255190,-0.005022300,0.777192982,42.500000000,0.138364198,19.416666667,1.210757064,17.666666667,0.063868339,0.560329861,-0.552517361,0.928064368,5.583333333,1.560855832,0.742857143,0.409523810,0.073631078,0.283375895
group_001,38,TIME__Oil_Price__B,TIME,arrow,dataset/Time_Dataset/Oil_Price/B/data-00000-of-00001.arrow,train,11,2233,0,2233,96,12,mean,train_split_standard,-0.233623125,-0.230530634,10.655319110,24.916666667,0.721295086,-0.024986832,0.828070175,24.750000000,0.056152841,0.333333333,0.687239808,16.333333333,0.087687559,0.411458333,-0.559027778,0.911108258,6.666666667,1.633772717,0.730952381,0.604761905,0.106356001,0.376474246
group_001,38,TIME__Oil_Price__B,TIME,arrow,dataset/Time_Dataset/Oil_Price/B/data-00000-of-00001.arrow,train,12,440,0,440,96,12,mean,train_split_standard,-0.166745009,-0.052737836,22.142641708,53.916666667,0.891506041,0.004594096,0.821929825,40.666666667,0.166666667,19.500000000,1.019671870,11.333333333,0.041989618,0.689670139,-0.659288194,0.942576681,5.250000000,1.466524430,0.780952381,0.700000000,0.049087385,0.227208820
group_001,38,TIME__Oil_Price__B,TIME,arrow,dataset/Time_Dataset/Oil_Price/B/data-00000-of-00001.arrow,train,13,2458,0,2458,96,12,mean,train_split_standard,0.050321510,-0.056925715,11.006926854,33.750000000,0.720862271,0.002510361,0.878070175,25.166666667,0.065555556,21.500000000,0.675479787,19.000000000,0.099668325,-0.440104167,0.171875000,0.930710578,8.166666667,1.579377568,0.695238095,0.752380952,0.094084155,0.366422945
group_001,38,TIME__Oil_Price__B,TIME,arrow,dataset/Time_Dataset/Oil_Price/B/data-00000-of-00001.arrow,train,14,2830,0,2830,96,12,mean,train_split_standard,-0.089070995,0.227664775,9.273500706,29.833333333,0.611069221,0.002832102,0.883333333,26.166666667,0.058846879,23.000000000,0.602878765,17.250000000,0.197369638,0.497829861,-0.022569444,0.899761266,6.833333333,1.602251540,0.711904762,0.764285714,0.106356001,0.408949442
group_001,38,TIME__Oil_Price__B,TIME,arrow,dataset/Time_Dataset/Oil_Price/B/data-00000-of-00001.arrow,train,15,1579,0,1579,96,12,mean,train_split_standard,0.272896793,0.327128404,11.544039292,34.166666667,0.661944878,-0.007596153,0.859649123,36.250000000,0.063422991,11.833333333,0.640104187,18.583333333,0.120435543,0.223958333,-0.338107639,0.925601741,7.833333333,1.585260006,0.626190476,0.707142857,0.110446617,0.388580392
group_001,38,TIME__Oil_Price__B,TIME,arrow,dataset/Time_Dataset/Oil_Price/B/data-00000-of-00001.arrow,train,16,864,0,864,96,12,mean,train_split_standard,0.116002388,0.043762138,7.705780959,20.250000000,0.480833482,0.012656302,0.914035088,24.666666667,0.045694629,24.583333333,0.534889609,10.083333333,0.212628440,0.371527778,-0.102430556,0.881474061,8.083333333,1.748263355,0.676190476,0.528571429,0.171805848,0.522815522
group_001,38,TIME__Oil_Price__B,TIME,arrow,dataset/Time_Dataset/Oil_Price/B/data-00000-of-00001.arrow,train,17,512,0,512,96,12,mean,train_split_standard,0.249613774,-0.145346962,17.043863770,41.500000000,0.797849457,-0.015201881,0.817543860,43.083333333,0.150982615,13.500000000,0.924888356,19.666666667,0.059975941,-0.450086806,0.844184028,0.910692059,8.083333333,1.557892815,0.804761905,0.626190476,0.073631078,0.313748808
group_001,38,TIME__Oil_Price__B,TIME,arrow,dataset/Time_Dataset/Oil_Price/B/data-00000-of-00001.arrow,train,18,3167,0,3167,96,12,mean,train_split_standard,0.480628562,0.455619039,16.172676094,44.916666667,0.922484566,-0.003732670,0.723684211,54.250000000,0.089699074,24.083333333,1.220694373,25.583333333,0.084199420,-0.079861111,0.676215278,0.959633158,6.833333333,1.462511887,0.790476190,0.454761905,0.057268616,0.213384441
group_001,38,TIME__Oil_Price__B,TIME,arrow,dataset/Time_Dataset/Oil_Price/B/data-00000-of-00001.arrow,train,19,645,0,645,96,12,mean,train_split_standard,0.176422756,0.066301261,9.492402552,28.416666667,0.562252916,-0.002190604,0.890350877,22.083333333,0.060841049,6.666666667,0.602147586,12.916666667,0.106380367,0.012586806,-0.122395833,0.894889987,7.583333333,1.651193968,0.688095238,0.723809524,0.110446617,0.474031155
group_001,38,TIME__Oil_Price__B,TIME,arrow,dataset/Time_Dataset/Oil_Price/B/data-00000-of-00001.arrow,train,20,1944,0,1944,96,12,mean,train_split_standard,-0.167460988,-0.044861623,8.255078875,19.333333333,0.527621532,0.010058199,0.891228070,26.333333333,0.072718621,11.000000000,0.405868408,12.000000000,0.097057473,0.204861111,0.236111111,0.879783770,6.500000000,1.671201432,0.728571429,0.645238095,0.114537232,0.517748226
group_001,39,TIME__OpenElectricity_NEM__5T,TIME,arrow,dataset/Time_Dataset/OpenElectricity_NEM/5T/data-00000-of-00001.arrow,train,1,29792,0,29792,96,10,mean,train_split_standard,-0.162465557,-0.352571978,14.280954329,37.400000000,0.708249402,-0.207617427,0.589473684,33.900000000,0.124074074,10.400000000,1.386768203,19.400000000,0.035318741,-0.745833333,0.525520833,0.839317397,7.800000000,1.393557176,0.777142857,0.685714286,0.122718463,0.390610978
group_001,39,TIME__OpenElectricity_NEM__5T,TIME,arrow,dataset/Time_Dataset/OpenElectricity_NEM/5T/data-00000-of-00001.arrow,train,2,5619,0,5619,96,10,mean,train_split_standard,-0.636255637,-0.829668027,9.741967354,26.800000000,0.608754560,0.046710401,0.834736842,24.100000000,0.064845238,9.700000000,0.816615498,15.300000000,0.051732802,-0.135416667,0.218750000,0.798100220,6.500000000,1.690823774,0.674285714,0.702857143,0.186532064,0.472901800
group_001,39,TIME__OpenElectricity_NEM__5T,TIME,arrow,dataset/Time_Dataset/OpenElectricity_NEM/5T/data-00000-of-00001.arrow,train,3,5310,0,5310,96,10,mean,train_split_standard,-0.486260891,-0.542179299,12.273479708,34.200000000,0.693371454,0.198742076,0.673684211,24.500000000,0.097054131,4.700000000,1.361926132,15.600000000,0.062230253,-0.508333333,0.189062500,0.822750889,7.900000000,1.541275400,0.757142857,0.634285714,0.196349541,0.404964099
group_001,39,TIME__OpenElectricity_NEM__5T,TIME,arrow,dataset/Time_Dataset/OpenElectricity_NEM/5T/data-00000-of-00001.arrow,train,4,11190,0,11190,96,10,mean,train_split_standard,-0.322801914,-0.520675273,12.006844106,27.000000000,0.552013654,-0.149333575,0.634736842,25.600000000,0.108257646,7.600000000,0.958387006,17.300000000,0.137753906,-0.394791667,0.295833333,0.778009548,7.300000000,1.511911306,0.785714286,0.565714286,0.235619449,0.477973270
group_001,39,TIME__OpenElectricity_NEM__5T,TIME,arrow,dataset/Time_Dataset/OpenElectricity_NEM/5T/data-00000-of-00001.arrow,train,5,16852,0,16852,96,10,mean,train_split_standard,-0.454507866,-0.620934919,10.164559197,27.700000000,0.544237385,0.357505965,0.777894737,21.700000000,0.068901133,6.500000000,0.859362698,17.500000000,0.083679618,0.027083333,0.186458333,0.778925072,5.900000000,1.696605200,0.617142857,0.528571429,0.196349541,0.458069221
group_001,39,TIME__OpenElectricity_NEM__5T,TIME,arrow,dataset/Time_Dataset/OpenElectricity_NEM/5T/data-00000-of-00001.arrow,train,6,25710,0,25710,96,10,mean,train_split_standard,0.366705545,0.402728247,13.113058884,33.000000000,0.813141515,-0.032251545,0.596842105,38.300000000,0.083130107,5.200000000,1.256207069,19.900000000,0.200248193,-0.412500000,-0.063541667,0.852178813,6.200000000,1.518277247,0.685714286,0.477142857,0.171805848,0.404669781
group_001,39,TIME__OpenElectricity_NEM__5T,TIME,arrow,dataset/Time_Dataset/OpenElectricity_NEM/5T/data-00000-of-00001.arrow,train,7,6903,0,6903,96,10,mean,train_split_standard,-0.407976680,-0.546057907,9.796621451,27.500000000,0.561386104,0.135543702,0.594736842,19.200000000,0.069509259,4.500000000,0.933439270,13.600000000,0.302865576,0.471875000,-0.090625000,0.778128218,5.800000000,1.583135049,0.742857143,0.734285714,0.255254403,0.471743076
group_001,39,TIME__OpenElectricity_NEM__5T,TIME,arrow,dataset/Time_Dataset/OpenElectricity_NEM/5T/data-00000-of-00001.arrow,train,8,344,0,344,96,10,mean,train_split_standard,0.370817522,0.353790120,15.449203692,39.800000000,0.822993715,-0.028450875,0.563157895,48.800000000,0.102796296,10.900000000,1.475000163,19.800000000,0.243457985,0.316666667,-0.720312500,0.920615207,6.600000000,1.426953722,0.771428571,0.700000000,0.073631078,0.270749853
group_001,39,TIME__OpenElectricity_NEM__5T,TIME,arrow,dataset/Time_Dataset/OpenElectricity_NEM/5T/data-00000-of-00001.arrow,train,9,28990,0,28990,96,10,mean,train_split_standard,0.233551523,0.207000738,12.956819338,34.500000000,0.779274446,-0.013294253,0.631578947,49.500000000,0.064546296,6.700000000,1.070966358,20.800000000,0.118221584,0.090625000,0.656770833,0.940906698,10.100000000,1.589523254,0.760000000,0.517142857,0.083448555,0.265284303
group_001,39,TIME__OpenElectricity_NEM__5T,TIME,arrow,dataset/Time_Dataset/OpenElectricity_NEM/5T/data-00000-of-00001.arrow,train,10,21320,0,21320,96,10,mean,train_split_standard,-0.321190776,-0.184844308,11.871724020,32.500000000,0.698006816,0.088119707,0.604210526,27.600000000,0.095805556,12.400000000,1.527428130,18.000000000,0.226731889,0.266666667,-0.106770833,0.846053488,5.000000000,1.563522157,0.660000000,0.628571429,0.181623325,0.421377062
group_001,39,TIME__OpenElectricity_NEM__5T,TIME,arrow,dataset/Time_Dataset/OpenElectricity_NEM/5T/data-00000-of-00001.arrow,train,11,27883,0,27883,96,10,mean,train_split_standard,-0.343216280,-0.943849429,16.571283044,40.400000000,0.821512311,-0.030789304,0.654736842,36.000000000,0.122814815,9.500000000,1.645156666,27.000000000,0.275224950,-0.622916667,0.548958333,0.948452972,9.800000000,1.535491332,0.742857143,0.508571429,0.053996124,0.265458051
group_001,39,TIME__OpenElectricity_NEM__5T,TIME,arrow,dataset/Time_Dataset/OpenElectricity_NEM/5T/data-00000-of-00001.arrow,train,12,11323,0,11323,96,10,mean,train_split_standard,-0.091672347,0.180346930,13.571730734,39.000000000,0.768748632,0.002878142,0.576842105,37.400000000,0.097333333,7.200000000,1.752426088,22.900000000,0.114765800,-0.494791667,0.010416667,0.873464316,8.000000000,1.385633161,0.791428571,0.620000000,0.191440802,0.353726019
group_001,39,TIME__OpenElectricity_NEM__5T,TIME,arrow,dataset/Time_Dataset/OpenElectricity_NEM/5T/data-00000-of-00001.arrow,train,13,10829,0,10829,96,10,mean,train_split_standard,0.227647074,0.031088013,9.640886599,21.500000000,0.645816333,0.005992331,0.667836257,46.000000000,0.092461600,5.700000000,0.718222409,15.444444444,0.061886808,-0.170138889,0.626157407,0.863849481,6.777777778,1.621718904,0.650793651,0.723809524,0.130899694,0.366747941
group_001,39,TIME__OpenElectricity_NEM__5T,TIME,arrow,dataset/Time_Dataset/OpenElectricity_NEM/5T/data-00000-of-00001.arrow,train,14,10556,0,10556,96,10,mean,train_split_standard,-0.161107249,-0.118470955,12.014461643,25.500000000,0.698405503,-0.078468150,0.741052632,38.000000000,0.062284769,3.600000000,0.808837944,15.900000000,0.148503690,0.167708333,0.230729167,0.848070780,8.000000000,1.517743903,0.751428571,0.708571429,0.122718463,0.429679697
group_001,39,TIME__OpenElectricity_NEM__5T,TIME,arrow,dataset/Time_Dataset/OpenElectricity_NEM/5T/data-00000-of-00001.arrow,train,15,4798,0,4798,96,10,mean,train_split_standard,-0.134104990,-0.021366121,14.548493226,48.100000000,0.749835826,-0.010155013,0.552631579,42.900000000,0.088259259,6.700000000,1.119919796,27.200000000,0.043968775,-0.216666667,0.533854167,0.938294039,9.400000000,1.432545922,0.800000000,0.680000000,0.063813601,0.262062222
group_001,39,TIME__OpenElectricity_NEM__5T,TIME,arrow,dataset/Time_Dataset/OpenElectricity_NEM/5T/data-00000-of-00001.arrow,train,16,14713,0,14713,96,10,mean,train_split_standard,-0.510098288,-0.220969541,20.445875360,51.500000000,0.977486708,0.086835634,0.557894737,41.200000000,0.155555556,11.000000000,1.931506806,25.400000000,0.128542701,0.616666667,-0.579166667,0.934532371,4.100000000,1.291031275,0.808571429,0.628571429,0.049087385,0.228419440
group_001,39,TIME__OpenElectricity_NEM__5T,TIME,arrow,dataset/Time_Dataset/OpenElectricity_NEM/5T/data-00000-of-00001.arrow,train,17,9564,0,9564,96,10,mean,train_split_standard,0.353801132,0.289213339,9.618469240,26.700000000,0.685849977,0.009458670,0.703157895,39.100000000,0.063608892,13.400000000,1.127445479,15.000000000,0.511228716,-0.132291667,-0.158333333,0.880970266,9.200000000,1.541925499,0.754285714,0.625714286,0.147262156,0.431276791
group_001,39,TIME__OpenElectricity_NEM__5T,TIME,arrow,dataset/Time_Dataset/OpenElectricity_NEM/5T/data-00000-of-00001.arrow,train,18,26974,0,26974,96,10,mean,train_split_standard,0.092863721,-0.401147388,12.986674567,34.200000000,0.676264050,-0.005667893,0.670526316,48.400000000,0.076423658,9.700000000,1.043050990,19.700000000,0.311060307,0.146354167,0.158333333,0.886611143,8.700000000,1.570827845,0.668571429,0.685714286,0.103083509,0.355164019
group_001,39,TIME__OpenElectricity_NEM__5T,TIME,arrow,dataset/Time_Dataset/OpenElectricity_NEM/5T/data-00000-of-00001.arrow,train,19,6176,0,6176,96,10,mean,train_split_standard,-0.538232614,-0.548866621,14.785834153,35.300000000,0.705727870,0.065008938,0.577894737,27.300000000,0.140329218,6.900000000,1.084752224,14.700000000,0.037464200,-0.507812500,0.260416667,0.872419723,7.300000000,1.455349969,0.734285714,0.582857143,0.083448555,0.360675039
group_001,39,TIME__OpenElectricity_NEM__5T,TIME,arrow,dataset/Time_Dataset/OpenElectricity_NEM/5T/data-00000-of-00001.arrow,train,20,29404,0,29404,96,10,mean,train_split_standard,0.143910593,0.018653533,21.002814728,54.800000000,0.994051014,0.002431668,0.513684211,49.100000000,0.129629630,2.900000000,2.376628749,38.400000000,0.286352113,0.480208333,-0.643229167,0.963909208,5.800000000,1.370027719,0.788571429,0.677142857,0.049087385,0.166718478
group_001,40,TIME__Port_Activity__D,TIME,arrow,dataset/Time_Dataset/Port_Activity/D/data-00000-of-00001.arrow,train,1,71835,55,500,96,2,mean,train_split_standard,-0.200795343,-0.703285472,0.578156337,1.500000000,0.092070700,0.019379670,0.963157895,5.000000000,0.001896790,4.500000000,0.055925134,3.000000000,0.750000000,0.135416667,-0.026041667,0.113873793,4.500000000,2.189771313,0.757142857,0.714285714,1.742602175,1.204462657
group_001,40,TIME__Port_Activity__D,TIME,arrow,dataset/Time_Dataset/Port_Activity/D/data-00000-of-00001.arrow,train,2,61897,47,938,96,2,mean,train_split_standard,-0.075239805,-0.293731424,0.547909069,1.000000000,0.072249465,-0.509525394,0.815789474,4.000000000,0.007700831,6.500000000,0.076182801,1.000000000,1.000000000,-0.125000000,0.036458333,0.147296732,3.500000000,2.087117608,0.257142857,0.657142857,1.865320638,1.196535128
group_001,40,TIME__Port_Activity__D,TIME,arrow,dataset/Time_Dataset/Port_Activity/D/data-00000-of-00001.arrow,train,3,91434,70,644,96,2,mean,train_split_standard,-0.642897766,-0.638066401,0.565802278,1.000000000,0.130733875,0.378981899,0.973684211,4.500000000,0.000997230,5.000000000,0.067328963,1.500000000,1.000000000,-0.088541667,0.156250000,0.173474799,4.500000000,2.188130915,0.800000000,0.814285714,1.742602175,1.139459361
group_001,40,TIME__Port_Activity__D,TIME,arrow,dataset/Time_Dataset/Port_Activity/D/data-00000-of-00001.arrow,train,4,123470,95,255,96,2,mean,train_split_standard,-0.560797709,-0.789676374,0.617778622,2.000000000,0.080604631,0.239081047,0.942105263,4.500000000,0.001988633,5.500000000,0.066443484,2.500000000,0.750000000,0.182291667,0.018229167,0.079459566,5.000000000,2.178398069,0.171428571,0.700000000,1.644427405,1.246179714
group_001,40,TIME__Port_Activity__D,TIME,arrow,dataset/Time_Dataset/Port_Activity/D/data-00000-of-00001.arrow,train,5,117124,90,394,96,2,mean,train_split_standard,-0.297304255,-0.510269385,0.630893188,1.500000000,0.083535579,-0.122101113,0.910526316,6.000000000,0.003120367,5.500000000,0.082998481,1.500000000,0.750000000,0.067708333,0.057291667,0.106843114,4.500000000,2.178265646,0.185714286,0.814285714,1.595340019,1.212525053
group_001,40,TIME__Port_Activity__D,TIME,arrow,dataset/Time_Dataset/Port_Activity/D/data-00000-of-00001.arrow,train,6,57058,43,1287,96,2,mean,train_split_standard,-0.460384779,-0.256280945,0.681989568,2.500000000,0.067928821,-1.199719226,0.978947368,5.500000000,0.007318545,5.500000000,0.068816202,3.500000000,0.500000000,0.093750000,-0.052083333,0.162872190,4.000000000,2.180976022,0.800000000,0.742857143,1.398990479,1.211724568
group_001,40,TIME__Port_Activity__D,TIME,arrow,dataset/Time_Dataset/Port_Activity/D/data-00000-of-00001.arrow,train,7,110561,85,316,96,2,mean,train_split_standard,-0.368104779,-0.616849651,0.585269771,1.500000000,0.076792562,0.375044932,0.947368421,4.000000000,0.004986543,5.000000000,0.037208382,1.500000000,0.750000000,-0.114583333,-0.010416667,0.128297912,4.000000000,2.153073782,0.485714286,0.642857143,1.742602175,1.192234036
group_001,40,TIME__Port_Activity__D,TIME,arrow,dataset/Time_Dataset/Port_Activity/D/data-00000-of-00001.arrow,train,8,2685,2,91,96,2,mean,train_split_standard,-0.381176432,-0.641988941,0.582853302,1.500000000,0.048217336,0.757477656,0.926315789,5.000000000,0.004986150,5.000000000,0.063262685,2.000000000,1.000000000,-0.218750000,0.182291667,0.142148212,4.500000000,2.151986957,0.828571429,0.814285714,1.718058482,1.182202798
group_001,40,TIME__Port_Activity__D,TIME,arrow,dataset/Time_Dataset/Port_Activity/D/data-00000-of-00001.arrow,train,9,63215,48,959,96,2,mean,train_split_standard,-0.661153728,-0.860934645,0.567154110,1.000000000,0.066286504,0.210544899,0.931578947,7.000000000,0.004432133,6.000000000,0.076820799,2.500000000,1.000000000,-0.109375000,0.010416667,0.138801955,3.500000000,2.155012833,0.485714286,0.742857143,1.791689560,1.170951067
group_001,40,TIME__Port_Activity__D,TIME,arrow,dataset/Time_Dataset/Port_Activity/D/data-00000-of-00001.arrow,train,10,43186,33,385,96,2,mean,train_split_standard,-0.364669696,-0.614879824,0.600793860,1.000000000,0.056846726,-1.311860710,0.947368421,4.000000000,0.001994460,5.500000000,0.032236772,2.500000000,1.000000000,-0.187500000,-0.125000000,0.164060861,3.500000000,2.179154040,0.500000000,0.642857143,1.619883712,1.187733513
group_001,40,TIME__Port_Activity__D,TIME,arrow,dataset/Time_Dataset/Port_Activity/D/data-00000-of-00001.arrow,train,11,43025,33,224,96,2,mean,train_split_standard,-0.589209826,-0.849501488,0.590775948,1.000000000,0.065970870,-0.115376560,0.963157895,5.000000000,0.000443213,4.000000000,0.052579932,1.000000000,1.000000000,0.057291667,0.062500000,0.164749043,5.000000000,2.193093241,0.528571429,0.671428571,1.693514790,1.195308269
group_001,40,TIME__Port_Activity__D,TIME,arrow,dataset/Time_Dataset/Port_Activity/D/data-00000-of-00001.arrow,train,12,59085,45,720,96,2,mean,train_split_standard,-0.214976556,-0.482260755,0.678733890,1.500000000,0.074716752,0.852183418,0.889473684,6.000000000,0.003573060,4.000000000,0.024925907,2.000000000,0.750000000,0.000000000,0.187500000,0.249813773,4.000000000,2.175276756,0.485714286,0.742857143,1.570796327,1.072286602
group_001,40,TIME__Port_Activity__D,TIME,arrow,dataset/Time_Dataset/Port_Activity/D/data-00000-of-00001.arrow,train,13,45530,35,135,96,2,mean,train_split_standard,-0.289602070,-0.539335566,0.593613690,1.500000000,0.066667489,0.186832890,0.910526316,4.500000000,0.003711911,3.500000000,0.053203124,2.000000000,1.000000000,0.000000000,0.049479167,0.125663065,4.000000000,2.165245155,0.700000000,0.714285714,1.816233253,1.196595372
group_001,40,TIME__Port_Activity__D,TIME,arrow,dataset/Time_Dataset/Port_Activity/D/data-00000-of-00001.arrow,train,14,81333,62,919,96,2,mean,train_split_standard,-0.719648989,-0.924938720,0.591187052,1.000000000,0.080693531,-0.803391965,0.952631579,5.000000000,0.001828255,6.000000000,0.046115639,1.000000000,1.000000000,0.119791667,-0.005208333,0.195842640,4.500000000,2.181177473,0.500000000,0.628571429,1.668971097,1.126359356
group_001,40,TIME__Port_Activity__D,TIME,arrow,dataset/Time_Dataset/Port_Activity/D/data-00000-of-00001.arrow,train,15,56423,43,652,96,2,mean,train_split_standard,-0.418153893,-0.625281444,0.593266393,1.500000000,0.077925286,-0.040858817,0.978947368,5.000000000,0.001163435,4.500000000,0.037121284,2.500000000,1.000000000,0.197916667,0.052083333,0.162056888,5.500000000,2.186700547,0.471428571,0.828571429,1.668971097,1.162115191
group_001,40,TIME__Port_Activity__D,TIME,arrow,dataset/Time_Dataset/Port_Activity/D/data-00000-of-00001.arrow,train,16,60364,46,702,96,2,mean,train_split_standard,-0.462128569,-0.699852722,0.553861095,1.500000000,0.076869733,0.547847116,0.957894737,5.500000000,0.005096953,5.500000000,0.058644159,2.500000000,1.000000000,0.052083333,0.000000000,0.124468909,5.000000000,2.147532802,0.171428571,0.614285714,1.914408023,1.165445120
group_001,40,TIME__Port_Activity__D,TIME,arrow,dataset/Time_Dataset/Port_Activity/D/data-00000-of-00001.arrow,train,17,43279,33,478,96,2,mean,train_split_standard,-0.457765884,-0.705110216,0.570820642,1.500000000,0.067231869,-0.084925997,0.968421053,3.500000000,0.007854688,4.000000000,0.040874177,2.000000000,0.750000000,0.000000000,0.057291667,0.135019566,3.500000000,2.163723885,0.457142857,0.471428571,1.791689560,1.188647403
group_001,40,TIME__Port_Activity__D,TIME,arrow,dataset/Time_Dataset/Port_Activity/D/data-00000-of-00001.arrow,train,18,6647,5,162,96,2,mean,train_split_standard,-0.236451615,-0.496972767,0.574713466,1.500000000,0.060433332,-0.154984033,0.952631579,4.500000000,0.003379501,3.500000000,0.041309719,1.500000000,1.000000000,-0.098958333,-0.026041667,0.106687559,4.000000000,2.167205178,0.585714286,0.614285714,1.791689560,1.186046675
group_001,40,TIME__Port_Activity__D,TIME,arrow,dataset/Time_Dataset/Port_Activity/D/data-00000-of-00001.arrow,train,19,122163,94,245,96,2,mean,train_split_standard,-0.316934821,-0.553507578,0.687656566,3.000000000,0.048779665,0.233914453,0.810526316,5.000000000,0.009653295,6.000000000,0.050857896,3.500000000,0.625000000,0.072916667,-0.093750000,0.245127037,4.000000000,2.116535960,0.685714286,0.814285714,1.472621556,1.107674760
group_001,40,TIME__Port_Activity__D,TIME,arrow,dataset/Time_Dataset/Port_Activity/D/data-00000-of-00001.arrow,train,20,52409,40,529,96,2,mean,train_split_standard,-0.638258151,-0.523164126,0.567580951,1.000000000,0.107057336,0.621597624,0.994736842,4.500000000,0.004709141,4.500000000,0.061703815,2.500000000,1.000000000,0.005208333,0.052083333,0.158742124,4.000000000,2.151186057,0.457142857,0.828571429,1.644427405,1.156490238
group_001,41,TIME__SG_Carpark__15T,TIME,arrow,dataset/Time_Dataset/SG_Carpark/15T/data-00000-of-00001.arrow,train,1,339419,34,949,96,1,mean,train_split_standard,0.896127446,1.045578319,18.860933490,46.000000000,0.958823446,-0.002046030,0.589473684,46.000000000,0.111111111,0.000000000,1.481488253,29.000000000,0.178571429,-0.572916667,0.395833333,0.968756284,5.000000000,1.347941736,0.742857143,0.457142857,0.049087385,0.232065617
group_001,41,TIME__SG_Carpark__15T,TIME,arrow,dataset/Time_Dataset/SG_Carpark/15T/data-00000-of-00001.arrow,train,2,1666395,167,3910,96,1,mean,train_split_standard,-1.311877599,1.147893230,14.437052824,39.000000000,0.770997600,-0.016388420,0.831578947,33.000000000,0.062500000,26.000000000,0.791521526,21.000000000,0.045454545,0.531250000,-0.177083333,0.941261048,8.000000000,1.436720935,0.800000000,0.742857143,0.098174770,0.336939578
group_001,41,TIME__SG_Carpark__15T,TIME,arrow,dataset/Time_Dataset/SG_Carpark/15T/data-00000-of-00001.arrow,train,3,1683445,169,1050,96,1,mean,train_split_standard,0.947615261,0.735799281,5.901510933,14.000000000,0.441434382,0.011231948,0.821052632,39.000000000,0.008230453,27.000000000,0.354050921,8.000000000,0.100000000,-0.364583333,0.604166667,0.834464133,5.000000000,1.674717045,0.742857143,0.828571429,0.196349541,0.623169468
group_001,41,TIME__SG_Carpark__15T,TIME,arrow,dataset/Time_Dataset/SG_Carpark/15T/data-00000-of-00001.arrow,train,4,1625795,163,3130,96,1,mean,train_split_standard,-0.781127380,-0.924247698,15.091659116,44.000000000,0.948130688,0.002092944,0.547368421,28.000000000,0.062500000,0.000000000,1.738061546,21.000000000,0.863636364,0.760416667,-0.072916667,0.963278962,12.000000000,1.410319468,0.742857143,0.600000000,0.049087385,0.181630854
group_001,41,TIME__SG_Carpark__15T,TIME,arrow,dataset/Time_Dataset/SG_Carpark/15T/data-00000-of-00001.arrow,train,5,2785312,279,7867,96,1,mean,train_split_standard,-1.082223174,-1.217130627,16.159828018,43.000000000,0.997161285,0.006764031,0.568421053,52.000000000,0.111111111,27.000000000,1.009123397,22.000000000,0.708333333,0.218750000,-0.604166667,0.973277769,14.000000000,1.380214127,0.771428571,0.571428571,0.049087385,0.190752609
group_001,41,TIME__SG_Carpark__15T,TIME,arrow,dataset/Time_Dataset/SG_Carpark/15T/data-00000-of-00001.arrow,train,6,752143,75,5518,96,1,mean,train_split_standard,0.900918736,1.037383276,16.249199539,42.000000000,0.955260243,0.000081675,0.631578947,43.000000000,0.111111111,0.000000000,2.441375578,23.000000000,0.875000000,-0.541666667,0.322916667,0.980068356,20.000000000,1.373992261,0.828571429,0.400000000,0.049087385,0.170558514
group_001,41,TIME__SG_Carpark__15T,TIME,arrow,dataset/Time_Dataset/SG_Carpark/15T/data-00000-of-00001.arrow,train,7,951382,95,5657,96,1,mean,train_split_standard,0.978716928,1.123848586,17.795882925,44.000000000,0.875842217,-0.000377829,0.684210526,55.000000000,0.111111111,0.000000000,1.805852963,26.000000000,0.192307692,0.312500000,-0.562500000,0.979963896,8.000000000,1.442759055,0.800000000,0.600000000,0.049087385,0.210759905
group_001,41,TIME__SG_Carpark__15T,TIME,arrow,dataset/Time_Dataset/SG_Carpark/15T/data-00000-of-00001.arrow,train,8,3203496,321,7941,96,1,mean,train_split_standard,-1.015611846,-1.149522954,17.196182132,45.000000000,0.853607766,-0.000083362,0.789473684,40.000000000,0.074074074,0.000000000,1.684121436,27.000000000,0.407407407,0.562500000,-0.312500000,0.970893336,11.000000000,1.503602808,0.828571429,0.657142857,0.049087385,0.199832349
group_001,41,TIME__SG_Carpark__15T,TIME,arrow,dataset/Time_Dataset/SG_Carpark/15T/data-00000-of-00001.arrow,train,9,217662,21,8607,96,1,mean,train_split_standard,1.111954662,-1.375084517,13.246751249,36.000000000,0.912946839,0.002040170,0.684210526,33.000000000,0.062500000,27.000000000,1.836093308,19.000000000,0.428571429,0.604166667,-0.062500000,0.973105635,4.000000000,1.437096955,0.828571429,0.400000000,0.098174770,0.245381707
group_001,41,TIME__SG_Carpark__15T,TIME,arrow,dataset/Time_Dataset/SG_Carpark/15T/data-00000-of-00001.arrow,train,10,2992600,300,6100,96,1,mean,train_split_standard,-0.997263685,-1.125992297,13.820127718,43.000000000,0.934428525,0.000969355,0.505263158,27.000000000,0.062500000,0.000000000,2.132343040,18.000000000,1.047619048,-0.583333333,0.083333333,0.971780179,10.000000000,1.347941736,0.771428571,0.771428571,0.098174770,0.175149377
group_001,41,TIME__SG_Carpark__15T,TIME,arrow,dataset/Time_Dataset/SG_Carpark/15T/data-00000-of-00001.arrow,train,11,322137,32,3577,96,1,mean,train_split_standard,-1.297536192,-1.449761113,15.991617123,48.000000000,0.841980946,-0.000831393,0.736842105,56.000000000,0.111111111,0.000000000,1.533916880,29.000000000,0.321428571,-0.333333333,0.697916667,0.964716647,8.000000000,1.400393728,0.714285714,0.600000000,0.049087385,0.228882838
group_001,41,TIME__SG_Carpark__15T,TIME,arrow,dataset/Time_Dataset/SG_Carpark/15T/data-00000-of-00001.arrow,train,12,1385915,139,2170,96,1,mean,train_split_standard,1.052969799,-1.253593419,14.428090979,38.000000000,1.011529440,0.001097775,0.578947368,28.000000000,0.062500000,25.000000000,2.275655195,19.000000000,1.238095238,0.604166667,0.020833333,0.973725745,20.000000000,1.284497424,0.828571429,0.485714286,0.098174770,0.169489151
group_001,41,TIME__SG_Carpark__15T,TIME,arrow,dataset/Time_Dataset/SG_Carpark/15T/data-00000-of-00001.arrow,train,13,675228,67,8243,96,1,mean,train_split_standard,1.076004698,-1.202755506,18.841054262,45.000000000,1.021343596,0.001157915,0.578947368,53.000000000,0.111111111,0.000000000,1.822024016,28.000000000,0.777777778,0.395833333,-0.520833333,0.986661347,15.000000000,1.399303718,0.828571429,0.400000000,0.049087385,0.163082908
group_001,41,TIME__SG_Carpark__15T,TIME,arrow,dataset/Time_Dataset/SG_Carpark/15T/data-00000-of-00001.arrow,train,14,1588359,159,5514,96,1,mean,train_split_standard,1.063141397,-0.032308177,17.458414472,48.000000000,1.067984912,0.000681009,0.494736842,42.000000000,0.074074074,19.000000000,2.072927338,26.000000000,0.846153846,-0.625000000,0.364583333,0.977838033,11.000000000,1.285187984,0.171428571,0.742857143,0.049087385,0.166360617
group_001,41,TIME__SG_Carpark__15T,TIME,arrow,dataset/Time_Dataset/SG_Carpark/15T/data-00000-of-00001.arrow,train,15,1228662,123,4197,96,1,mean,train_split_standard,0.020271331,-1.187618169,15.568260778,42.000000000,0.861798150,0.000995953,0.694736842,36.000000000,0.074074074,30.000000000,1.965645574,22.000000000,0.916666667,0.593750000,-0.250000000,0.970869312,18.000000000,1.522287790,0.800000000,0.542857143,0.049087385,0.190604185
group_001,41,TIME__SG_Carpark__15T,TIME,arrow,dataset/Time_Dataset/SG_Carpark/15T/data-00000-of-00001.arrow,train,16,447001,44,8981,96,1,mean,train_split_standard,-1.165674353,-1.311641755,15.793653686,41.000000000,0.940815915,0.003697919,0.610526316,36.000000000,0.041666667,22.000000000,1.399029711,21.000000000,0.260869565,-0.604166667,0.229166667,0.977782346,14.000000000,1.399303718,0.771428571,0.542857143,0.049087385,0.199952723
group_001,41,TIME__SG_Carpark__15T,TIME,arrow,dataset/Time_Dataset/SG_Carpark/15T/data-00000-of-00001.arrow,train,17,1367410,137,3575,96,1,mean,train_split_standard,1.056173510,1.199244090,15.300869357,46.000000000,0.975674351,0.001057933,0.726315789,54.000000000,0.074074074,0.000000000,1.911112909,23.000000000,0.920000000,-0.270833333,0.656250000,0.960884209,8.000000000,1.396289775,0.828571429,0.257142857,0.049087385,0.182774995
group_001,41,TIME__SG_Carpark__15T,TIME,arrow,dataset/Time_Dataset/SG_Carpark/15T/data-00000-of-00001.arrow,train,18,3384286,339,9541,96,1,mean,train_split_standard,-1.279284065,-1.112779153,15.079141089,48.000000000,0.805559932,-0.002200385,0.684210526,38.000000000,0.111111111,0.000000000,1.023200646,34.000000000,0.250000000,-0.531250000,0.427083333,0.954186133,9.000000000,1.503100723,0.771428571,0.600000000,0.049087385,0.311379394
group_001,41,TIME__SG_Carpark__15T,TIME,arrow,dataset/Time_Dataset/SG_Carpark/15T/data-00000-of-00001.arrow,train,19,379849,38,1559,96,1,mean,train_split_standard,-1.088998118,-1.229959813,18.815357504,46.000000000,1.008134058,0.000751246,0.442105263,52.000000000,0.111111111,19.000000000,2.401507194,27.000000000,0.962962963,-0.333333333,0.645833333,0.970857416,15.000000000,1.348655726,0.171428571,0.657142857,0.049087385,0.171980054
group_001,41,TIME__SG_Carpark__15T,TIME,arrow,dataset/Time_Dataset/SG_Carpark/15T/data-00000-of-00001.arrow,train,20,2275770,228,6030,96,1,mean,train_split_standard,0.980136356,-1.207464896,18.866213956,47.000000000,0.936782429,0.000241026,0.557894737,46.000000000,0.111111111,0.000000000,3.051562479,30.000000000,0.535714286,0.562500000,-0.395833333,0.982946251,9.000000000,1.398250110,0.828571429,0.485714286,0.049087385,0.163821610
group_001,42,TIME__SG_PM25__H,TIME,arrow,dataset/Time_Dataset/SG_PM25/H/data-00000-of-00001.arrow,train,1,4537,0,4537,96,5,mean,train_split_standard,-0.123645087,-0.272410178,2.448368141,5.400000000,0.209283251,-0.076751428,0.837894737,11.400000000,0.030494843,13.600000000,0.167679476,3.800000000,0.136428571,-0.254166667,0.477083333,0.612919468,5.400000000,1.977952917,0.422857143,0.794285714,0.402516559,0.896368630
group_001,42,TIME__SG_PM25__H,TIME,arrow,dataset/Time_Dataset/SG_PM25/H/data-00000-of-00001.arrow,train,2,17862,0,17862,96,5,mean,train_split_standard,-0.128726804,-0.460409847,2.463271029,4.800000000,0.145243216,0.162259261,0.863157895,10.600000000,0.042204418,12.200000000,0.163974805,3.800000000,0.096785714,-0.489583333,0.054166667,0.568237080,5.400000000,1.993382254,0.691428571,0.520000000,0.549778714,0.915998699
group_001,42,TIME__SG_PM25__H,TIME,arrow,dataset/Time_Dataset/SG_PM25/H/data-00000-of-00001.arrow,train,3,3063,0,3063,96,5,mean,train_split_standard,-0.771014965,-0.535901430,1.673055792,4.200000000,0.169786550,0.006879247,0.875789474,8.400000000,0.029740862,6.200000000,0.129017638,2.600000000,0.197142857,0.020833333,0.097916667,0.503172604,6.800000000,1.945491323,0.531428571,0.617142857,0.667588439,1.013855301
group_001,42,TIME__SG_PM25__H,TIME,arrow,dataset/Time_Dataset/SG_PM25/H/data-00000-of-00001.arrow,train,4,1851,0,1851,96,5,mean,train_split_standard,-0.372171256,-0.395612957,2.253491624,6.000000000,0.167116897,-0.284100187,0.882105263,10.600000000,0.019393031,13.400000000,0.141110142,3.600000000,0.198181818,-0.352083333,0.431250000,0.602681518,5.200000000,1.945146296,0.440000000,0.685714286,0.500691329,0.926824605
group_001,42,TIME__SG_PM25__H,TIME,arrow,dataset/Time_Dataset/SG_PM25/H/data-00000-of-00001.arrow,train,5,3305,0,3305,96,5,mean,train_split_standard,-0.696563914,-0.574284393,3.562229035,9.400000000,0.240761775,-0.243789233,0.892631579,15.400000000,0.021172278,7.200000000,0.219028470,6.800000000,0.157820513,0.166666667,0.168750000,0.692754318,4.200000000,1.919134058,0.788571429,0.645714286,0.314159265,0.796524732
group_001,42,TIME__SG_PM25__H,TIME,arrow,dataset/Time_Dataset/SG_PM25/H/data-00000-of-00001.arrow,train,6,25909,0,25909,96,5,mean,train_split_standard,-0.608533341,-0.410211568,1.549133276,4.400000000,0.101529418,0.287702146,0.852631579,8.200000000,0.009792179,10.200000000,0.108376187,2.200000000,0.313333333,0.362500000,-0.139583333,0.463703102,5.200000000,2.046642905,0.697142857,0.542857143,0.736310778,1.039159953
group_001,42,TIME__SG_PM25__H,TIME,arrow,dataset/Time_Dataset/SG_PM25/H/data-00000-of-00001.arrow,train,7,6159,0,6159,96,5,mean,train_split_standard,-0.838406944,-0.956763492,3.619417585,4.800000000,0.178483666,-0.021056126,0.835789474,13.200000000,0.043370370,6.600000000,0.197941256,2.800000000,0.075624355,-0.683333333,0.270833333,0.617696356,4.600000000,1.999050614,0.474285714,0.548571429,0.422151513,0.817024122
group_001,42,TIME__SG_PM25__H,TIME,arrow,dataset/Time_Dataset/SG_PM25/H/data-00000-of-00001.arrow,train,8,14844,0,14844,96,5,mean,train_split_standard,-0.442916653,-0.575318725,5.089603428,8.400000000,0.338177510,-0.042224337,0.892631579,14.200000000,0.065870370,12.200000000,0.263969267,7.400000000,0.069617225,-0.164583333,0.420833333,0.814715239,5.400000000,1.867827498,0.828571429,0.794285714,0.176714587,0.656074723
group_001,42,TIME__SG_PM25__H,TIME,arrow,dataset/Time_Dataset/SG_PM25/H/data-00000-of-00001.arrow,train,9,7040,0,7040,96,5,mean,train_split_standard,-0.048013665,0.746983367,9.260119110,10.000000000,0.423522323,0.000310099,0.724210526,32.400000000,0.105387755,13.200000000,0.243208439,6.000000000,0.079493464,0.508333333,-0.664583333,0.784920798,25.200000000,1.725808741,0.782857143,0.611428571,0.147262156,0.660192597
group_001,42,TIME__SG_PM25__H,TIME,arrow,dataset/Time_Dataset/SG_PM25/H/data-00000-of-00001.arrow,train,10,2808,0,2808,96,5,mean,train_split_standard,-0.326134328,-0.201693326,2.806171251,7.400000000,0.226776905,-0.121311948,0.907368421,13.400000000,0.032515077,17.000000000,0.154266668,5.600000000,0.114682540,-0.245833333,0.352083333,0.631258928,5.200000000,1.958917254,0.754285714,0.440000000,0.343611696,0.843723134
group_001,42,TIME__SG_PM25__H,TIME,arrow,dataset/Time_Dataset/SG_PM25/H/data-00000-of-00001.arrow,train,11,3746,0,3746,96,5,mean,train_split_standard,-0.317205548,-0.370311864,2.748109538,7.800000000,0.192785146,0.239053389,0.861052632,13.000000000,0.017136182,11.800000000,0.191800125,4.400000000,0.197619048,-0.064583333,-0.081250000,0.639370386,5.800000000,1.996116039,0.702857143,0.497142857,0.471238898,0.853293203
group_001,42,TIME__SG_PM25__H,TIME,arrow,dataset/Time_Dataset/SG_PM25/H/data-00000-of-00001.arrow,train,12,18787,0,18787,96,5,mean,train_split_standard,-0.479137209,-0.124873366,1.820062315,6.000000000,0.128007601,0.209728775,0.844210526,10.400000000,0.020913495,16.200000000,0.111378716,3.800000000,0.200238095,0.281250000,0.139583333,0.506144996,4.800000000,2.086306678,0.760000000,0.537142857,0.638136008,0.999270489
group_001,42,TIME__SG_PM25__H,TIME,arrow,dataset/Time_Dataset/SG_PM25/H/data-00000-of-00001.arrow,train,13,9665,0,9665,96,5,mean,train_split_standard,-0.371219702,-0.537008667,1.762044450,6.200000000,0.128179772,-0.073525059,0.825263158,12.000000000,0.029682904,13.400000000,0.108773956,4.600000000,0.182142857,0.045833333,-0.252083333,0.530764364,5.000000000,1.986992767,0.360000000,0.674285714,0.569413668,0.967504326
group_001,42,TIME__SG_PM25__H,TIME,arrow,dataset/Time_Dataset/SG_PM25/H/data-00000-of-00001.arrow,train,14,16363,0,16363,96,5,mean,train_split_standard,-0.560207414,-0.216387578,3.687045594,10.200000000,0.283335173,-0.012279886,0.667368421,15.400000000,0.018293095,8.400000000,0.146496001,6.800000000,0.272586580,-0.016666667,0.043750000,0.605247360,11.400000000,1.789896007,0.697142857,0.754285714,0.431968990,0.886212508
group_001,42,TIME__SG_PM25__H,TIME,arrow,dataset/Time_Dataset/SG_PM25/H/data-00000-of-00001.arrow,train,15,14762,0,14762,96,5,mean,train_split_standard,-0.443219902,-0.244291307,3.522021718,4.800000000,0.220005167,-0.022037965,0.856842105,13.000000000,0.065461451,10.800000000,0.201496327,3.800000000,0.095693473,-0.487500000,0.143750000,0.687031630,4.400000000,1.947586360,0.788571429,0.765714286,0.245436926,0.818857573
group_001,42,TIME__SG_PM25__H,TIME,arrow,dataset/Time_Dataset/SG_PM25/H/data-00000-of-00001.arrow,train,16,26529,0,26529,96,5,mean,train_split_standard,-0.054920082,0.076908461,3.811618844,5.200000000,0.259293393,-0.056358132,0.844210526,14.200000000,0.038814815,7.800000000,0.195436379,4.200000000,0.063730159,0.116666667,-0.347916667,0.678242467,4.800000000,1.922694830,0.651428571,0.777142857,0.235619449,0.807360302
group_001,42,TIME__SG_PM25__H,TIME,arrow,dataset/Time_Dataset/SG_PM25/H/data-00000-of-00001.arrow,train,17,25803,0,25803,96,5,mean,train_split_standard,-0.403611774,-0.634565222,1.451516055,4.800000000,0.098547673,0.005368112,0.856842105,9.400000000,0.011583288,9.600000000,0.092163841,3.400000000,0.275000000,0.300000000,-0.322916667,0.433382390,4.600000000,2.062413287,0.411428571,0.537142857,0.736310778,1.067353858
group_001,42,TIME__SG_PM25__H,TIME,arrow,dataset/Time_Dataset/SG_PM25/H/data-00000-of-00001.arrow,train,18,20384,0,20384,96,5,mean,train_split_standard,-0.703118801,-0.646568066,1.894464513,4.200000000,0.130539387,-0.040044959,0.850526316,8.800000000,0.024449825,9.200000000,0.130746488,3.200000000,0.181515152,0.491666667,0.012500000,0.484974164,4.600000000,2.037828932,0.342857143,0.645714286,0.697040870,0.966157101
group_001,42,TIME__SG_PM25__H,TIME,arrow,dataset/Time_Dataset/SG_PM25/H/data-00000-of-00001.arrow,train,19,22830,0,22830,96,5,mean,train_split_standard,-0.527228480,-0.479746714,5.279229366,11.400000000,0.335381799,0.107532425,0.875789474,21.000000000,0.074590730,20.600000000,0.251214438,9.200000000,0.077671121,0.339583333,-0.245833333,0.733897218,5.400000000,1.869092404,0.537142857,0.765714286,0.265071880,0.716335545
group_001,42,TIME__SG_PM25__H,TIME,arrow,dataset/Time_Dataset/SG_PM25/H/data-00000-of-00001.arrow,train,20,18378,0,18378,96,5,mean,train_split_standard,-0.694630204,-0.544382771,1.579946097,4.200000000,0.128610012,-0.031540867,0.840000000,9.600000000,0.056851742,7.200000000,0.124477685,3.000000000,0.103650794,0.410416667,-0.364583333,0.479124106,4.400000000,2.025585035,0.691428571,0.731428571,0.677405916,0.970090612
group_001,43,TIME__SG_Weather__D,TIME,arrow,dataset/Time_Dataset/SG_Weather/D/data-00000-of-00001.arrow,train,1,10446,5,1066,96,4,mean,train_split_standard,-0.145627743,-0.116349254,1.790198377,2.500000000,0.161302778,0.065941627,0.931578947,13.500000000,0.047861395,3.500000000,0.077896483,2.000000000,0.106755051,-0.109375000,-0.161458333,0.473185617,4.750000000,2.116920765,0.721428571,0.828571429,0.724038932,0.983519532
group_001,43,TIME__SG_Weather__D,TIME,arrow,dataset/Time_Dataset/SG_Weather/D/data-00000-of-00001.arrow,train,2,9415,5,35,96,4,mean,train_split_standard,-0.451107001,-0.704089404,1.562637289,2.750000000,0.215641304,-0.203073443,0.844736842,13.750000000,0.028965707,5.250000000,0.075845605,2.000000000,0.179166667,0.061197917,-0.084635417,0.430940009,4.750000000,2.022514641,0.642857143,0.728571429,0.822213702,0.993470309
group_001,43,TIME__SG_Weather__D,TIME,arrow,dataset/Time_Dataset/SG_Weather/D/data-00000-of-00001.arrow,train,3,10391,5,1011,96,4,mean,train_split_standard,0.129077618,0.208398494,2.812830001,6.750000000,0.185505609,-0.034928671,0.957894737,15.500000000,0.048345542,11.750000000,0.121639821,5.500000000,0.136184792,0.119791667,0.031250000,0.504590603,6.000000000,2.056628078,0.800000000,0.635714286,0.650407854,0.948579513
group_001,43,TIME__SG_Weather__D,TIME,arrow,dataset/Time_Dataset/SG_Weather/D/data-00000-of-00001.arrow,train,4,9320,4,1816,96,4,mean,train_split_standard,-0.395125899,-0.023425477,4.264825137,5.500000000,0.223385164,0.391112805,0.876315789,15.750000000,0.036037610,8.250000000,0.150280850,2.750000000,0.205791789,0.091145833,0.002604167,0.526666817,11.750000000,1.920893856,0.414285714,0.614285714,0.576776776,0.913071348
group_001,43,TIME__SG_Weather__D,TIME,arrow,dataset/Time_Dataset/SG_Weather/D/data-00000-of-00001.arrow,train,5,456,0,456,96,4,mean,train_split_standard,-0.303105109,-0.322330709,2.002950054,6.250000000,0.137216358,0.114769579,0.942105263,11.500000000,0.011201139,13.250000000,0.113849657,4.500000000,0.161111111,-0.242187500,-0.255208333,0.534199730,6.750000000,2.087334880,0.750000000,0.407142857,0.613592315,0.948760281
group_001,43,TIME__SG_Weather__D,TIME,arrow,dataset/Time_Dataset/SG_Weather/D/data-00000-of-00001.arrow,train,6,3356,1,1480,96,4,mean,train_split_standard,-0.259582920,0.010945568,2.491097736,1.750000000,0.190296779,-0.085004835,0.944736842,12.750000000,0.073060420,6.750000000,0.062133997,2.500000000,0.161596880,0.184895833,0.062500000,0.405113698,5.250000000,2.080598851,0.800000000,0.714285714,0.785398163,1.004924046
group_001,43,TIME__SG_Weather__D,TIME,arrow,dataset/Time_Dataset/SG_Weather/D/data-00000-of-00001.arrow,train,7,4022,2,270,96,4,mean,train_split_standard,-0.106050518,-0.321018640,1.130787927,1.750000000,0.127289665,0.164606329,0.947368421,11.000000000,0.029995236,2.750000000,0.081610853,1.250000000,0.099855700,-0.158854167,-0.059895833,0.449263092,4.750000000,2.120544278,0.592857143,0.735714286,0.822213702,0.980166682
group_001,43,TIME__SG_Weather__D,TIME,arrow,dataset/Time_Dataset/SG_Weather/D/data-00000-of-00001.arrow,train,8,1693,0,1693,96,4,mean,train_split_standard,-0.119706470,0.025377212,1.524825323,2.500000000,0.107345423,-0.223901787,0.973684211,10.500000000,0.016010873,10.250000000,0.078185126,3.250000000,0.375000000,0.304687500,0.010416667,0.404499513,8.000000000,2.118181039,0.628571429,0.714285714,0.981747704,1.008477109
group_001,43,TIME__SG_Weather__D,TIME,arrow,dataset/Time_Dataset/SG_Weather/D/data-00000-of-00001.arrow,train,9,5304,2,1552,96,4,mean,train_split_standard,0.076966580,-0.148300137,0.724567565,1.250000000,0.107736625,-0.074587481,0.947368421,9.500000000,0.027727248,3.750000000,0.038594869,2.000000000,0.328869048,-0.002604167,-0.020833333,0.320997731,7.250000000,2.135677017,0.635714286,0.671428571,1.276272016,1.052385602
group_001,43,TIME__SG_Weather__D,TIME,arrow,dataset/Time_Dataset/SG_Weather/D/data-00000-of-00001.arrow,train,10,775,0,775,96,4,mean,train_split_standard,-0.099147414,-0.196094810,1.827226179,2.500000000,0.212658286,-0.128507525,0.934210526,13.750000000,0.066862704,11.000000000,0.089304897,2.250000000,0.089083035,0.296875000,-0.041666667,0.516929415,4.500000000,2.069451122,0.478571429,0.650000000,0.576776776,0.935004048
group_001,43,TIME__SG_Weather__D,TIME,arrow,dataset/Time_Dataset/SG_Weather/D/data-00000-of-00001.arrow,train,11,2414,1,538,96,4,mean,train_split_standard,-0.153496459,-0.264468812,0.824916653,3.250000000,0.108047787,0.073510364,0.934210526,11.000000000,0.014532848,7.000000000,0.074625327,1.750000000,0.300000000,0.106770833,0.197916667,0.291180879,4.500000000,2.157704676,0.464285714,0.742857143,1.067650628,1.108489351
group_001,43,TIME__SG_Weather__D,TIME,arrow,dataset/Time_Dataset/SG_Weather/D/data-00000-of-00001.arrow,train,12,10187,5,807,96,4,mean,train_split_standard,-0.621601354,-0.662185601,1.152363055,3.500000000,0.102668042,-0.109086505,0.944736842,10.500000000,0.024166667,7.000000000,0.059066688,2.250000000,0.141666667,0.283854167,-0.182291667,0.383425541,4.500000000,2.125180831,0.507142857,0.785714286,1.141281706,1.005822536
group_001,43,TIME__SG_Weather__D,TIME,arrow,dataset/Time_Dataset/SG_Weather/D/data-00000-of-00001.arrow,train,13,9328,4,1824,96,4,mean,train_split_standard,-0.442911363,-0.413317735,4.102832591,4.000000000,0.209749957,0.420421549,0.897368421,14.500000000,0.045137275,7.000000000,0.135221019,2.750000000,0.172205930,0.049479167,-0.046875000,0.520053534,10.750000000,1.995618242,0.585714286,0.607142857,0.601320469,0.909513200
group_001,43,TIME__SG_Weather__D,TIME,arrow,dataset/Time_Dataset/SG_Weather/D/data-00000-of-00001.arrow,train,14,10747,5,1367,96,4,mean,train_split_standard,-0.072544977,-0.208679175,5.925876562,2.000000000,0.426296781,0.691026625,0.468421053,28.250000000,0.138888889,4.500000000,0.053387390,2.000000000,0.033051948,-0.473958333,0.356770833,0.572042508,52.000000000,1.748270400,0.657142857,0.321428571,0.331339850,0.830412502
group_001,43,TIME__SG_Weather__D,TIME,arrow,dataset/Time_Dataset/SG_Weather/D/data-00000-of-00001.arrow,train,15,4231,2,479,96,4,mean,train_split_standard,-0.220485927,-0.165259672,1.009041243,2.000000000,0.118576152,0.036919041,0.910526316,15.500000000,0.020321906,4.750000000,0.061843085,1.750000000,0.169444444,-0.015625000,-0.054687500,0.409479763,5.000000000,2.129617501,0.564285714,0.700000000,1.018563243,1.002952028
group_001,43,TIME__SG_Weather__D,TIME,arrow,dataset/Time_Dataset/SG_Weather/D/data-00000-of-00001.arrow,train,16,8150,4,646,96,4,mean,train_split_standard,-0.133677406,-0.219519738,1.144342520,2.750000000,0.122562114,0.034090521,0.942105263,7.750000000,0.042342569,4.000000000,0.099510623,2.000000000,0.193778802,0.226562500,0.000000000,0.402628799,4.500000000,2.139041553,0.357142857,0.635714286,0.822213702,0.998975620
group_001,43,TIME__SG_Weather__D,TIME,arrow,dataset/Time_Dataset/SG_Weather/D/data-00000-of-00001.arrow,train,17,3224,1,1348,96,4,mean,train_split_standard,0.110649348,0.325107627,1.239029428,3.750000000,0.111602200,0.230530445,0.952631579,10.250000000,0.065393519,5.000000000,0.090756179,2.750000000,0.045383783,0.044270833,0.031250000,0.448649929,6.000000000,2.088418898,0.621428571,0.764285714,0.748582624,0.997615350
group_001,43,TIME__SG_Weather__D,TIME,arrow,dataset/Time_Dataset/SG_Weather/D/data-00000-of-00001.arrow,train,18,1894,1,18,96,4,mean,train_split_standard,-0.524863367,-0.472765561,2.037712332,1.500000000,0.137584474,-0.206613483,0.942105263,11.500000000,0.076488902,4.000000000,0.082652551,2.250000000,0.136623377,0.026041667,0.057291667,0.421918027,4.750000000,2.115444075,0.500000000,0.771428571,0.871301088,0.992569831
group_001,43,TIME__SG_Weather__D,TIME,arrow,dataset/Time_Dataset/SG_Weather/D/data-00000-of-00001.arrow,train,19,4762,2,1010,96,4,mean,train_split_standard,-0.116049631,-0.068857365,2.131323944,4.000000000,0.189074786,-0.028041934,0.934210526,12.500000000,0.052358277,14.750000000,0.074134585,3.500000000,0.084722222,-0.105468750,0.041666667,0.491081015,7.250000000,2.052993494,0.585714286,0.578571429,0.736310778,0.955438492
group_001,43,TIME__SG_Weather__D,TIME,arrow,dataset/Time_Dataset/SG_Weather/D/data-00000-of-00001.arrow,train,20,4650,2,898,96,4,mean,train_split_standard,0.145303869,0.217323535,1.066746923,2.500000000,0.107866626,-0.615654535,0.921052632,10.250000000,0.028410340,4.250000000,0.040176535,1.500000000,0.200657895,-0.580729167,-0.057291667,0.370351060,4.500000000,2.111182031,0.692857143,0.600000000,0.908116626,0.972717648
group_001,44,TIME__US_Term_Structure__B,TIME,arrow,dataset/Time_Dataset/US_Term_Structure/B/data-00000-of-00001.arrow,train,1,5703,0,5703,96,40,mean,train_split_standard,-0.178221496,-0.124395636,4.908505553,13.175000000,0.396171747,0.023481242,0.932894737,12.475000000,0.054414306,18.700000000,0.526876022,10.950000000,0.239671603,0.924479167,0.180598958,0.899951985,7.125000000,1.766329976,0.203571429,0.761428571,0.197576725,0.489698911
group_001,44,TIME__US_Term_Structure__B,TIME,arrow,dataset/Time_Dataset/US_Term_Structure/B/data-00000-of-00001.arrow,train,2,2682,0,2682,96,40,mean,train_split_standard,-0.066217160,-0.169577539,15.265937592,47.325000000,0.927334114,0.000321495,0.807105263,38.725000000,0.101428241,19.725000000,1.383432329,27.025000000,0.207133112,-0.501692708,0.699348958,0.954293533,7.925000000,1.505559318,0.610000000,0.555000000,0.056450493,0.257662128
group_001,44,TIME__US_Term_Structure__B,TIME,arrow,dataset/Time_Dataset/US_Term_Structure/B/data-00000-of-00001.arrow,train,3,1841,0,1841,96,40,mean,train_split_standard,0.083013351,0.158384356,15.039349992,41.900000000,0.827791963,0.002383295,0.816315789,45.050000000,0.075925926,20.725000000,1.070926171,23.125000000,0.162255948,0.222786458,-0.612369792,0.958225805,8.000000000,1.517057466,0.228571429,0.745714286,0.063813601,0.305714551
group_001,44,TIME__US_Term_Structure__B,TIME,arrow,dataset/Time_Dataset/US_Term_Structure/B/data-00000-of-00001.arrow,train,4,3212,0,3212,96,40,mean,train_split_standard,0.897522761,0.909566196,20.139277048,57.800000000,0.994208164,-0.000510093,0.792105263,51.050000000,0.166666667,25.600000000,1.865661253,15.775000000,0.059494764,-0.645833333,0.756250000,0.942071891,7.000000000,1.374204915,0.820000000,0.727142857,0.049087385,0.178707799
group_001,44,TIME__US_Term_Structure__B,TIME,arrow,dataset/Time_Dataset/US_Term_Structure/B/data-00000-of-00001.arrow,train,5,2483,0,2483,96,40,mean,train_split_standard,-0.036565712,-0.077691574,7.105742312,18.400000000,0.591006909,-0.001604741,0.900263158,24.600000000,0.035045945,24.700000000,0.745902373,10.700000000,0.243928823,0.487500000,-0.300390625,0.924805733,8.200000000,1.666652725,0.530000000,0.280000000,0.143580602,0.470483561
group_001,44,TIME__US_Term_Structure__B,TIME,arrow,dataset/Time_Dataset/US_Term_Structure/B/data-00000-of-00001.arrow,train,6,4248,0,4248,96,40,mean,train_split_standard,0.243272139,0.197529100,12.774097309,32.325000000,0.732029657,-0.006419741,0.870000000,34.900000000,0.084997685,0.000000000,0.867012841,21.350000000,0.088732747,-0.166666667,0.786458333,0.938317198,8.675000000,1.619721448,0.756428571,0.705000000,0.076085447,0.312932284
group_001,44,TIME__US_Term_Structure__B,TIME,arrow,dataset/Time_Dataset/US_Term_Structure/B/data-00000-of-00001.arrow,train,7,2942,0,2942,96,40,mean,train_split_standard,-0.289355921,-0.386587047,9.477244227,32.225000000,0.660755341,0.019320011,0.865526316,29.700000000,0.079618056,6.850000000,0.605727556,17.625000000,0.097383132,-0.308984375,0.394401042,0.918270675,10.600000000,1.580606092,0.705000000,0.691428571,0.101856324,0.399471692
group_001,44,TIME__US_Term_Structure__B,TIME,arrow,dataset/Time_Dataset/US_Term_Structure/B/data-00000-of-00001.arrow,train,8,1700,0,1700,96,40,mean,train_split_standard,-0.311589807,-0.346588615,10.087214066,23.950000000,0.787393811,-0.009681997,0.821315789,29.725000000,0.040000000,12.750000000,1.071828939,18.300000000,0.173439112,-0.184505208,0.849348958,0.931740349,8.300000000,1.576489243,0.790714286,0.364285714,0.098174770,0.305649472
group_001,44,TIME__US_Term_Structure__B,TIME,arrow,dataset/Time_Dataset/US_Term_Structure/B/data-00000-of-00001.arrow,train,9,6005,0,6005,96,40,mean,train_split_standard,0.613237080,-0.142046720,9.552886470,27.150000000,0.685214225,0.023391529,0.867368421,25.150000000,0.047299242,25.600000000,0.720185435,17.375000000,0.198045184,-0.365625000,0.540364583,0.935964817,8.350000000,1.586061654,0.763571429,0.610714286,0.115355355,0.453201948
group_001,44,TIME__US_Term_Structure__B,TIME,arrow,dataset/Time_Dataset/US_Term_Structure/B/data-00000-of-00001.arrow,train,10,867,0,867,96,40,mean,train_split_standard,0.063225982,-0.008645860,12.177904396,37.375000000,0.850894810,-0.000952094,0.758684211,37.625000000,0.103190334,2.100000000,1.412050698,21.600000000,0.175914814,-0.550000000,0.817447917,0.935167055,9.700000000,1.498792267,0.778571429,0.500714286,0.085902924,0.246057126
group_001,44,TIME__US_Term_Structure__B,TIME,arrow,dataset/Time_Dataset/US_Term_Structure/B/data-00000-of-00001.arrow,train,11,1314,0,1314,96,40,mean,train_split_standard,-0.011078062,-0.187582620,15.716959039,62.250000000,0.938167758,-0.003660695,0.712894737,40.550000000,0.166666667,15.050000000,1.913514895,19.200000000,0.082680748,-0.786067708,0.831770833,0.942059590,8.125000000,1.400848006,0.817142857,0.828571429,0.049087385,0.191985465
group_001,44,TIME__US_Term_Structure__B,TIME,arrow,dataset/Time_Dataset/US_Term_Structure/B/data-00000-of-00001.arrow,train,12,1034,0,1034,96,40,mean,train_split_standard,-0.961866229,-1.118883660,20.850902963,57.900000000,1.045102945,0.001109444,0.672368421,43.450000000,0.166666667,20.950000000,2.243390801,20.575000000,0.060383244,0.737630208,-0.531380208,0.963565707,6.825000000,1.434679049,0.785000000,0.703571429,0.049087385,0.165162569
group_001,44,TIME__US_Term_Structure__B,TIME,arrow,dataset/Time_Dataset/US_Term_Structure/B/data-00000-of-00001.arrow,train,13,2743,0,2743,96,40,mean,train_split_standard,-0.008364454,0.034748182,13.930003120,42.100000000,0.787015372,-0.006294733,0.842105263,31.550000000,0.106388700,6.000000000,1.021831570,18.825000000,0.100636244,-0.700390625,0.513281250,0.936230716,8.000000000,1.495045555,0.635714286,0.665714286,0.079767001,0.304564369
group_001,44,TIME__US_Term_Structure__B,TIME,arrow,dataset/Time_Dataset/US_Term_Structure/B/data-00000-of-00001.arrow,train,14,205,0,205,96,40,mean,train_split_standard,-0.212860084,-0.235458423,11.615189103,31.450000000,0.742241688,-0.001575950,0.792631579,27.850000000,0.068032407,0.425000000,1.020708594,18.625000000,0.156014643,-0.468619792,0.256770833,0.930850228,8.000000000,1.486948933,0.811428571,0.614285714,0.083448555,0.338495070
group_001,44,TIME__US_Term_Structure__B,TIME,arrow,dataset/Time_Dataset/US_Term_Structure/B/data-00000-of-00001.arrow,train,15,5019,0,5019,96,40,mean,train_split_standard,0.306505675,0.268371147,13.888570679,38.000000000,0.809464659,0.011933329,0.855000000,36.375000000,0.144795729,0.000000000,1.257815201,28.850000000,0.065381942,0.265234375,-0.735026042,0.934659499,6.725000000,1.503258511,0.828571429,0.803571429,0.058904862,0.264937015
group_001,44,TIME__US_Term_Structure__B,TIME,arrow,dataset/Time_Dataset/US_Term_Structure/B/data-00000-of-00001.arrow,train,16,5969,0,5969,96,40,mean,train_split_standard,0.481192728,0.102175199,13.155823172,32.675000000,0.699289729,0.015273488,0.854736842,32.900000000,0.137517364,15.925000000,0.887866126,8.650000000,0.149335314,0.277864583,-0.636848958,0.934355747,7.725000000,1.486207203,0.672857143,0.815000000,0.094493217,0.382867267
group_001,44,TIME__US_Term_Structure__B,TIME,arrow,dataset/Time_Dataset/US_Term_Structure/B/data-00000-of-00001.arrow,train,17,753,0,753,96,40,mean,train_split_standard,0.864420150,0.544742128,21.241422814,60.250000000,0.998620612,-0.000885382,0.720526316,49.450000000,0.166666667,19.475000000,1.778133655,26.475000000,0.083238636,-0.630078125,0.627083333,0.968629950,11.250000000,1.318198254,0.535000000,0.602857143,0.049087385,0.184489597
group_001,44,TIME__US_Term_Structure__B,TIME,arrow,dataset/Time_Dataset/US_Term_Structure/B/data-00000-of-00001.arrow,train,18,109,0,109,96,40,mean,train_split_standard,-0.692890266,-0.532361592,17.430310530,33.300000000,0.742334340,0.013338846,0.798157895,41.350000000,0.126553241,9.475000000,0.789972195,14.975000000,0.109339452,0.455989583,-0.356901042,0.946289168,9.175000000,1.537710846,0.815714286,0.740000000,0.061359232,0.371167662
group_001,44,TIME__US_Term_Structure__B,TIME,arrow,dataset/Time_Dataset/US_Term_Structure/B/data-00000-of-00001.arrow,train,19,2457,0,2457,96,40,mean,train_split_standard,0.145714525,0.148458829,5.039803452,13.375000000,0.406247731,-0.008269140,0.938947368,14.575000000,0.044472100,24.700000000,0.457994103,9.575000000,0.259290016,0.485416667,-0.254557292,0.816260494,6.525000000,1.760683986,0.734285714,0.675000000,0.211075756,0.609489824
group_001,44,TIME__US_Term_Structure__B,TIME,arrow,dataset/Time_Dataset/US_Term_Structure/B/data-00000-of-00001.arrow,train,20,2376,0,2376,96,40,mean,train_split_standard,-0.556038454,-0.491745912,15.561076681,40.450000000,0.869124316,0.003485888,0.816315789,31.950000000,0.074074074,17.600000000,1.307135857,23.950000000,0.105245042,0.807682292,-0.435546875,0.936615054,7.350000000,1.543556490,0.804285714,0.615000000,0.049087385,0.223315271
group_001,45,TIME__Water_Quality_Darwin__15T,TIME,arrow,dataset/Time_Dataset/Water_Quality_Darwin/15T/data-00000-of-00001.arrow,train,1,50705,4,10844,96,6,mean,train_split_standard,-0.628732265,-0.545727586,11.605388838,31.166666667,0.661331310,-0.004759490,0.842105263,26.166666667,0.073349116,16.000000000,0.794507539,13.166666667,0.202133838,-0.293402778,-0.063368056,0.933506616,9.500000000,1.570786247,0.390476190,0.600000000,0.114537232,0.426355148
group_001,45,TIME__Water_Quality_Darwin__15T,TIME,arrow,dataset/Time_Dataset/Water_Quality_Darwin/15T/data-00000-of-00001.arrow,train,2,34572,3,5253,96,6,mean,train_split_standard,-0.151068168,0.004407710,6.099648623,17.833333333,0.424204870,0.008345565,0.842105263,23.833333333,0.029926304,15.000000000,0.425895917,10.000000000,0.275000000,-0.232638889,0.093750000,0.870088259,10.833333333,1.585447367,0.676190476,0.666666667,0.188168310,0.606639518
group_001,45,TIME__Water_Quality_Darwin__15T,TIME,arrow,dataset/Time_Dataset/Water_Quality_Darwin/15T/data-00000-of-00001.arrow,train,3,5530,0,5530,96,6,mean,train_split_standard,-0.284963695,-0.386684906,8.184786661,21.500000000,0.503846317,0.017471370,0.835087719,21.333333333,0.031505532,13.666666667,0.527959681,11.500000000,0.142770655,-0.246527778,0.210069444,0.899175001,10.333333333,1.654904412,0.766666667,0.666666667,0.147262156,0.490040666
group_001,45,TIME__Water_Quality_Darwin__15T,TIME,arrow,dataset/Time_Dataset/Water_Quality_Darwin/15T/data-00000-of-00001.arrow,train,4,43220,4,3359,96,6,mean,train_split_standard,-0.398490327,-0.472456553,10.285564820,36.833333333,0.631891791,-0.020053204,0.708771930,26.833333333,0.056241812,7.833333333,0.626694705,16.666666667,0.186601917,-0.314236111,-0.151041667,0.926292901,9.000000000,1.552900162,0.761904762,0.733333333,0.098174770,0.422294903
group_001,45,TIME__Water_Quality_Darwin__15T,TIME,arrow,dataset/Time_Dataset/Water_Quality_Darwin/15T/data-00000-of-00001.arrow,train,5,71479,6,11293,96,6,mean,train_split_standard,-0.451439888,-0.502974719,8.999392612,25.833333333,0.639657139,0.015560598,0.828070175,27.833333333,0.052578656,0.000000000,0.724021289,14.166666667,0.195291745,-0.003472222,0.142361111,0.925888731,10.333333333,1.582015746,0.823809524,0.657142857,0.122718463,0.438888651
group_001,45,TIME__Water_Quality_Darwin__15T,TIME,arrow,dataset/Time_Dataset/Water_Quality_Darwin/15T/data-00000-of-00001.arrow,train,6,23435,1,11359,96,6,mean,train_split_standard,-0.470816631,-0.233280790,11.351743487,27.500000000,0.647245452,0.005992143,0.757894737,23.666666667,0.085972222,4.166666667,1.098518420,18.000000000,0.243004449,0.326388889,0.149305556,0.952507754,9.500000000,1.538213238,0.752380952,0.785714286,0.089993540,0.317546920
group_001,45,TIME__Water_Quality_Darwin__15T,TIME,arrow,dataset/Time_Dataset/Water_Quality_Darwin/15T/data-00000-of-00001.arrow,train,7,72102,6,11916,96,6,mean,train_split_standard,-0.396560910,-0.241068338,11.973291911,32.666666667,0.727380425,-0.000229987,0.759649123,27.833333333,0.048591980,19.333333333,1.125870592,17.833333333,0.399197287,0.514756944,0.012152778,0.961723211,10.000000000,1.513017788,0.704761905,0.666666667,0.098174770,0.359324793
group_001,45,TIME__Water_Quality_Darwin__15T,TIME,arrow,dataset/Time_Dataset/Water_Quality_Darwin/15T/data-00000-of-00001.arrow,train,8,53598,5,797,96,6,mean,train_split_standard,-0.186208293,-0.127365004,4.716943453,15.333333333,0.394400069,-0.018652697,0.901754386,16.333333333,0.037522160,23.666666667,0.354921897,8.666666667,0.230642713,-0.040798611,-0.157986111,0.840756304,8.333333333,1.735399478,0.561904762,0.690476190,0.179987079,0.659270104
group_001,45,TIME__Water_Quality_Darwin__15T,TIME,arrow,dataset/Time_Dataset/Water_Quality_Darwin/15T/data-00000-of-00001.arrow,train,9,32620,3,3301,96,6,mean,train_split_standard,-0.317821232,-0.432162219,7.733631235,19.333333333,0.605202085,0.000057469,0.778947368,25.333333333,0.030707987,8.500000000,0.680986602,11.666666667,0.420895281,0.517361111,-0.118055556,0.937966354,15.500000000,1.513457450,0.385714286,0.719047619,0.130899694,0.422548798
group_001,45,TIME__Water_Quality_Darwin__15T,TIME,arrow,dataset/Time_Dataset/Water_Quality_Darwin/15T/data-00000-of-00001.arrow,train,10,13668,1,1592,96,6,mean,train_split_standard,-0.143213451,-0.187837789,12.705434566,33.166666667,0.767165814,0.003411415,0.710526316,31.333333333,0.053831019,6.000000000,1.029453946,15.500000000,0.328846821,0.521701389,-0.291666667,0.963993994,12.000000000,1.429616990,0.690476190,0.785714286,0.098174770,0.311158180
group_001,45,TIME__Water_Quality_Darwin__15T,TIME,arrow,dataset/Time_Dataset/Water_Quality_Darwin/15T/data-00000-of-00001.arrow,train,11,35523,3,6204,96,6,mean,train_split_standard,-0.425888836,-0.298384386,10.746163438,31.666666667,0.756261000,-0.001100987,0.768421053,38.000000000,0.091523054,6.333333333,1.615162244,13.333333333,0.426648352,-0.112847222,0.313368056,0.956682440,12.833333333,1.511763764,0.785714286,0.652380952,0.114537232,0.315863997
group_001,45,TIME__Water_Quality_Darwin__15T,TIME,arrow,dataset/Time_Dataset/Water_Quality_Darwin/15T/data-00000-of-00001.arrow,train,12,2976,0,2976,96,6,mean,train_split_standard,-0.426258281,-0.424072103,7.539328719,22.000000000,0.513213109,0.009559955,0.803508772,23.166666667,0.032843915,20.333333333,0.459411168,13.000000000,0.196203745,0.373263889,0.024305556,0.871884624,8.666666667,1.582977340,0.709523810,0.538095238,0.139080925,0.516142683
group_001,45,TIME__Water_Quality_Darwin__15T,TIME,arrow,dataset/Time_Dataset/Water_Quality_Darwin/15T/data-00000-of-00001.arrow,train,13,22904,1,10828,96,6,mean,train_split_standard,-0.526383026,-0.417378634,8.136162981,26.500000000,0.556771453,0.045494368,0.836842105,24.000000000,0.049795684,10.833333333,0.530618356,14.000000000,0.167323947,0.006944444,-0.306423611,0.891750619,9.333333333,1.580970279,0.700000000,0.804761905,0.147262156,0.507146823
group_001,45,TIME__Water_Quality_Darwin__15T,TIME,arrow,dataset/Time_Dataset/Water_Quality_Darwin/15T/data-00000-of-00001.arrow,train,14,36270,3,6951,96,6,mean,train_split_standard,-0.103278343,0.134054646,12.315119524,33.833333333,0.823622177,-0.022016235,0.671929825,41.666666667,0.063755354,7.000000000,1.014977096,19.500000000,0.264174641,0.256944444,-0.333333333,0.954477654,13.333333333,1.459202342,0.733333333,0.428571429,0.106356001,0.338772099
group_001,45,TIME__Water_Quality_Darwin__15T,TIME,arrow,dataset/Time_Dataset/Water_Quality_Darwin/15T/data-00000-of-00001.arrow,train,15,12123,1,47,96,6,mean,train_split_standard,-0.203908440,-0.336086858,12.203570055,37.166666667,0.796287410,0.005536138,0.638596491,30.666666667,0.088842593,7.333333333,0.879471358,19.000000000,0.226745139,0.197048611,-0.249131944,0.947603327,11.333333333,1.430493565,0.785714286,0.704761905,0.081812309,0.322477194
group_001,45,TIME__Water_Quality_Darwin__15T,TIME,arrow,dataset/Time_Dataset/Water_Quality_Darwin/15T/data-00000-of-00001.arrow,train,16,15298,1,3222,96,6,mean,train_split_standard,-0.169360123,-0.305962753,10.137631088,27.833333333,0.694939040,-0.004250903,0.710526316,27.333333333,0.050482804,12.833333333,0.613752254,15.000000000,0.196736710,0.453125000,-0.235243056,0.926303191,13.166666667,1.497981271,0.790476190,0.809523810,0.114537232,0.424228718
group_001,45,TIME__Water_Quality_Darwin__15T,TIME,arrow,dataset/Time_Dataset/Water_Quality_Darwin/15T/data-00000-of-00001.arrow,train,17,17856,1,5780,96,6,mean,train_split_standard,0.195716884,0.040545135,7.369582873,17.166666667,0.556587422,0.094645128,0.766666667,20.166666667,0.037938621,9.666666667,0.541170214,11.333333333,0.193042717,0.065972222,0.300347222,0.803696278,10.000000000,1.616366399,0.766666667,0.700000000,0.261799388,0.556501130
group_001,45,TIME__Water_Quality_Darwin__15T,TIME,arrow,dataset/Time_Dataset/Water_Quality_Darwin/15T/data-00000-of-00001.arrow,train,18,58944,5,6143,96,6,mean,train_split_standard,-0.270776324,-0.359296553,7.929222822,17.833333333,0.574012667,0.059747122,0.803508772,22.666666667,0.045498971,8.000000000,0.481250168,12.166666667,0.216349772,-0.267361111,-0.293402778,0.881498951,10.333333333,1.603334930,0.785714286,0.547619048,0.147262156,0.496156412
group_001,45,TIME__Water_Quality_Darwin__15T,TIME,arrow,dataset/Time_Dataset/Water_Quality_Darwin/15T/data-00000-of-00001.arrow,train,19,21956,1,9880,96,6,mean,train_split_standard,-0.128448474,-0.378961676,10.120891664,27.833333333,0.698803955,0.014053256,0.759649123,32.833333333,0.041618481,17.333333333,0.769650521,13.833333333,0.449842886,-0.006076389,-0.250000000,0.938365644,11.666666667,1.470650675,0.680952381,0.600000000,0.114537232,0.371285449
group_001,45,TIME__Water_Quality_Darwin__15T,TIME,arrow,dataset/Time_Dataset/Water_Quality_Darwin/15T/data-00000-of-00001.arrow,train,20,25949,2,2502,96,6,mean,train_split_standard,-0.364774908,-0.515171110,7.562995178,18.333333333,0.556495314,0.019180015,0.863157895,21.000000000,0.052196152,8.166666667,0.680847699,11.166666667,0.317726065,0.105902778,-0.046875000,0.893340778,8.000000000,1.610191236,0.661904762,0.623809524,0.130899694,0.492081473
group_001,46,TIME__azure2019_D__5T,TIME,arrow,dataset/Time_Dataset/azure2019_D/5T/data-00000-of-00001.arrow,train,1,172100,29,2626,96,3,mean,train_split_standard,-0.220433177,-0.318982837,0.643136149,1.666666667,0.053571126,0.288268393,0.968421053,5.333333333,0.008606380,5.000000000,0.073567854,1.333333333,0.611111111,-0.020833333,0.052083333,0.203420574,4.000000000,2.117997555,0.609523810,0.657142857,1.521708942,1.169956832
group_001,46,TIME__azure2019_D__5T,TIME,arrow,dataset/Time_Dataset/azure2019_D/5T/data-00000-of-00001.arrow,train,2,1474525,252,1532,96,3,mean,train_split_standard,-0.327049975,-0.606060725,0.772379778,3.333333333,0.122462920,-1.193572175,0.957894737,5.000000000,0.020971869,6.666666667,0.056215226,1.000000000,0.444444444,0.145833333,-0.057291667,0.281703367,4.000000000,2.113193679,0.609523810,0.761904762,1.194459707,1.136545653
group_001,46,TIME__azure2019_D__5T,TIME,arrow,dataset/Time_Dataset/azure2019_D/5T/data-00000-of-00001.arrow,train,3,5442045,930,3918,96,3,mean,train_split_standard,-0.437677890,-0.435789440,0.662442282,3.000000000,0.276248112,-0.028448238,0.975438596,7.666666667,0.048033072,5.333333333,0.080795956,4.333333333,0.461111111,0.156250000,-0.031250000,0.243655738,4.000000000,2.047382364,0.571428571,0.619047619,1.668971097,1.131644643
group_001,46,TIME__azure2019_D__5T,TIME,arrow,dataset/Time_Dataset/azure2019_D/5T/data-00000-of-00001.arrow,train,4,4176990,714,2199,96,3,mean,train_split_standard,-0.536672179,-0.589939765,0.596181012,1.666666667,0.490189477,-1.159569641,0.971929825,4.000000000,0.012502863,3.666666667,0.087775383,1.666666667,0.833333333,-0.003472222,-0.093750000,0.072253633,4.000000000,2.138879826,0.476190476,0.790476190,1.718058482,1.229004869
group_001,46,TIME__azure2019_D__5T,TIME,arrow,dataset/Time_Dataset/azure2019_D/5T/data-00000-of-00001.arrow,train,5,885502,151,2988,96,3,mean,train_split_standard,-0.324612065,-0.530567769,0.658010734,2.333333333,0.282181738,-1.070397687,0.968421053,6.000000000,0.009039291,3.666666667,0.090175562,2.333333333,0.777777778,0.138888889,-0.114583333,0.141710823,4.333333333,2.124853452,0.609523810,0.752380952,1.390809248,1.242553509
group_001,46,TIME__azure2019_D__5T,TIME,arrow,dataset/Time_Dataset/azure2019_D/5T/data-00000-of-00001.arrow,train,6,5648630,965,5772,96,3,mean,train_split_standard,-0.474919105,-0.679852831,0.592626762,1.666666667,0.443617717,-1.011843928,0.985964912,4.666666667,0.008384118,3.000000000,0.082752738,2.000000000,1.000000000,0.194444444,-0.093750000,0.141347705,3.666666667,2.120335337,0.314285714,0.828571429,1.603521250,1.233563476
group_001,46,TIME__azure2019_D__5T,TIME,arrow,dataset/Time_Dataset/azure2019_D/5T/data-00000-of-00001.arrow,train,7,4744815,811,2712,96,3,mean,train_split_standard,-0.629921728,-0.821449345,0.682034943,3.000000000,0.368405504,-2.019425182,0.985964912,4.666666667,0.050397925,3.666666667,0.093033547,2.666666667,0.692307692,0.055555556,0.173611111,0.162900790,3.333333333,1.998917790,0.790476190,0.590476190,1.308996939,1.190447040
group_001,46,TIME__azure2019_D__5T,TIME,arrow,dataset/Time_Dataset/azure2019_D/5T/data-00000-of-00001.arrow,train,8,4502157,769,5721,96,3,mean,train_split_standard,-0.468773582,-0.250352984,0.703146712,2.000000000,0.283178962,0.930171261,0.982456140,11.333333333,0.030547091,2.666666667,0.074652431,1.666666667,0.683333333,0.465277778,-0.125000000,0.199941824,4.000000000,2.066994352,0.609523810,0.609523810,1.341721862,1.134879702
group_001,46,TIME__azure2019_D__5T,TIME,arrow,dataset/Time_Dataset/azure2019_D/5T/data-00000-of-00001.arrow,train,9,2195148,375,2719,96,3,mean,train_split_standard,-0.351513855,-0.611309612,0.597916989,1.666666667,0.438823186,-0.985560403,0.968421053,5.666666667,0.006648199,3.000000000,0.079244087,2.000000000,1.000000000,0.055555556,-0.034722222,0.097471833,4.000000000,2.135420888,0.580952381,0.609523810,1.603521250,1.245942434
group_001,46,TIME__azure2019_D__5T,TIME,arrow,dataset/Time_Dataset/azure2019_D/5T/data-00000-of-00001.arrow,train,10,915277,156,3503,96,3,mean,train_split_standard,-0.406746818,-0.617094103,0.680020429,2.666666667,0.426826168,-1.176410755,0.954385965,4.666666667,0.021661490,3.666666667,0.058313564,2.333333333,0.708333333,-0.041666667,0.125000000,0.144695043,3.666666667,2.088685385,0.561904762,0.600000000,1.374446786,1.213937800
group_001,46,TIME__azure2019_D__5T,TIME,arrow,dataset/Time_Dataset/azure2019_D/5T/data-00000-of-00001.arrow,train,11,4601897,787,221,96,3,mean,train_split_standard,-0.749531121,-0.791232481,0.695397753,2.000000000,0.466922463,-1.307072674,0.971929825,4.333333333,0.014915913,2.666666667,0.093698449,1.666666667,0.566666667,-0.041666667,-0.086805556,0.122699633,3.333333333,2.121437866,0.628571429,0.685714286,1.374446786,1.220384904
group_001,46,TIME__azure2019_D__5T,TIME,arrow,dataset/Time_Dataset/azure2019_D/5T/data-00000-of-00001.arrow,train,12,260864,44,3623,96,3,mean,train_split_standard,-0.141561740,-0.258693365,0.765308958,2.333333333,0.058375593,-0.334700607,0.957894737,4.666666667,0.023362995,6.000000000,0.065421613,2.333333333,0.444444444,-0.232638889,0.059027778,0.221026699,3.666666667,2.111468244,0.447619048,0.723809524,1.243547092,1.182836681
group_001,46,TIME__azure2019_D__5T,TIME,arrow,dataset/Time_Dataset/azure2019_D/5T/data-00000-of-00001.arrow,train,13,1805218,308,4674,96,3,mean,train_split_standard,-0.164903224,-0.363641018,4.431938536,3.333333333,0.397323069,0.500001540,0.891228070,33.000000000,0.078703704,8.000000000,0.060575736,3.333333333,0.045634921,-0.333333333,0.189236111,0.562020670,4.333333333,1.782883822,0.800000000,0.638095238,0.343611696,0.864627327
group_001,46,TIME__azure2019_D__5T,TIME,arrow,dataset/Time_Dataset/azure2019_D/5T/data-00000-of-00001.arrow,train,14,1201614,205,3576,96,3,mean,train_split_standard,-0.358925866,-0.519986033,15.195346240,33.000000000,0.525881979,-0.338193823,0.722807018,48.333333333,0.148148148,1.000000000,0.282674658,27.333333333,0.031944444,-0.350694444,0.513888889,0.846773024,4.000000000,1.895914757,0.828571429,0.657142857,0.130899694,0.472096328
group_001,46,TIME__azure2019_D__5T,TIME,arrow,dataset/Time_Dataset/azure2019_D/5T/data-00000-of-00001.arrow,train,15,1812206,309,5819,96,3,mean,train_split_standard,-0.373847271,-0.840655148,0.566910755,2.000000000,0.520254055,-2.285678649,0.971929825,4.333333333,0.017525161,2.666666667,0.064191755,2.333333333,0.833333333,0.180555556,-0.034722222,0.084376897,4.000000000,2.043188709,0.790476190,0.733333333,1.538071403,1.255879436
group_001,46,TIME__azure2019_D__5T,TIME,arrow,dataset/Time_Dataset/azure2019_D/5T/data-00000-of-00001.arrow,train,16,199387,34,650,96,3,mean,train_split_standard,-0.271732073,-0.568478255,0.592391050,2.000000000,0.447800384,-0.999960844,0.957894737,5.000000000,0.022968151,6.666666667,0.066628842,3.000000000,0.833333333,-0.098958333,-0.003472222,0.116367634,4.000000000,1.990568754,0.571428571,0.819047619,1.587158789,1.252524685
group_001,46,TIME__azure2019_D__5T,TIME,arrow,dataset/Time_Dataset/azure2019_D/5T/data-00000-of-00001.arrow,train,17,2942087,503,1240,96,3,mean,train_split_standard,-0.053976012,-0.265457237,0.649816857,1.666666667,0.053910688,-0.980067847,0.954385965,4.666666667,0.004900285,5.000000000,0.048366066,2.666666667,0.583333333,0.017361111,0.090277778,0.209350587,4.000000000,2.166685509,0.552380952,0.761904762,1.521708942,1.149717605
group_001,46,TIME__azure2019_D__5T,TIME,arrow,dataset/Time_Dataset/azure2019_D/5T/data-00000-of-00001.arrow,train,18,4799160,820,4396,96,3,mean,train_split_standard,-0.158723702,-0.398461708,0.766623313,3.000000000,0.050466034,-0.787698592,0.926315789,4.666666667,0.011055164,7.333333333,0.081717795,1.000000000,0.388888889,-0.284722222,0.204861111,0.281566290,3.666666667,2.150186100,0.590476190,0.819047619,1.178097245,1.146567879
group_001,46,TIME__azure2019_D__5T,TIME,arrow,dataset/Time_Dataset/azure2019_D/5T/data-00000-of-00001.arrow,train,19,3906394,668,483,96,3,mean,train_split_standard,-0.386167395,-0.533964640,0.941020381,1.666666667,0.097102184,-0.216743316,0.933333333,9.333333333,0.050713096,6.000000000,0.046003245,2.666666667,0.229437229,-0.715277778,0.157986111,0.417998823,4.666666667,2.164443969,0.809523810,0.638095238,0.850848010,1.009687974
group_001,46,TIME__azure2019_D__5T,TIME,arrow,dataset/Time_Dataset/azure2019_D/5T/data-00000-of-00001.arrow,train,20,38314,6,3209,96,3,mean,train_split_standard,-0.455593728,-0.693579270,0.935751361,2.666666667,0.231942050,0.172961597,0.961403509,6.666666667,0.015780582,3.333333333,0.068468626,2.666666667,0.700000000,0.072916667,-0.133680556,0.261540921,3.666666667,2.137059935,0.828571429,0.628571429,1.276272016,1.093502673
group_001,47,TIME__azure2019_I__5T,TIME,arrow,dataset/Time_Dataset/azure2019_I/5T/data-00000-of-00001.arrow,train,1,906096,154,5141,96,3,mean,train_split_standard,0.015368528,-0.351936838,0.734074609,1.000000000,0.062899745,-0.217475454,0.943859649,5.666666667,0.014156550,7.666666667,0.069255170,2.666666667,0.277777778,0.520833333,0.017361111,0.371968270,4.333333333,2.111304996,0.590476190,0.723809524,1.129009860,1.075295702
group_001,47,TIME__azure2019_I__5T,TIME,arrow,dataset/Time_Dataset/azure2019_I/5T/data-00000-of-00001.arrow,train,2,2866839,490,452,96,3,mean,train_split_standard,-0.222901506,-0.282429416,0.703905064,1.000000000,0.117925778,0.303922159,0.971929825,6.000000000,0.061664162,8.333333333,0.071852064,2.666666667,0.235555556,-0.130208333,0.227430556,0.352755092,4.000000000,2.049310120,0.371428571,0.742857143,1.276272016,1.098840333
group_001,47,TIME__azure2019_I__5T,TIME,arrow,dataset/Time_Dataset/azure2019_I/5T/data-00000-of-00001.arrow,train,3,2598473,444,1275,96,3,mean,train_split_standard,-0.048075392,0.030849377,1.415237159,3.000000000,0.151422577,0.192535177,0.947368421,11.000000000,0.019363992,6.666666667,0.065877815,2.333333333,0.396969697,0.151041667,0.454861111,0.331881892,4.333333333,2.128429233,0.476190476,0.685714286,1.129009860,1.029361333
group_001,47,TIME__azure2019_I__5T,TIME,arrow,dataset/Time_Dataset/azure2019_I/5T/data-00000-of-00001.arrow,train,4,2852512,487,3680,96,3,mean,train_split_standard,0.300187915,0.293397021,0.708548425,2.000000000,0.054028767,-0.200163128,0.954385965,9.000000000,0.019729710,2.666666667,0.082631356,1.666666667,0.150793651,-0.281250000,0.402777778,0.309425012,4.333333333,2.078349299,0.666666667,0.495238095,1.423534171,1.095451675
group_001,47,TIME__azure2019_I__5T,TIME,arrow,dataset/Time_Dataset/azure2019_I/5T/data-00000-of-00001.arrow,train,5,940326,160,4264,96,3,mean,train_split_standard,-0.338737586,-0.237410664,0.820837276,3.666666667,0.141441540,-0.311031797,0.908771930,7.000000000,0.014175302,7.666666667,0.090079393,4.000000000,0.155555556,0.000000000,-0.197916667,0.382428921,4.000000000,2.116300654,0.419047619,0.676190476,1.030835089,1.047396264
group_001,47,TIME__azure2019_I__5T,TIME,arrow,dataset/Time_Dataset/azure2019_I/5T/data-00000-of-00001.arrow,train,6,1589018,271,3850,96,3,mean,train_split_standard,0.084420787,-0.247182095,0.644033100,1.666666667,0.038240952,-0.521948605,0.926315789,5.000000000,0.004644783,3.000000000,0.042522276,2.333333333,0.666666667,0.263888889,0.010416667,0.196220816,4.000000000,2.181267974,0.609523810,0.761904762,1.636246174,1.150827115
group_001,47,TIME__azure2019_I__5T,TIME,arrow,dataset/Time_Dataset/azure2019_I/5T/data-00000-of-00001.arrow,train,7,1281485,219,242,96,3,mean,train_split_standard,-0.735561513,-0.518539163,9.779815998,11.666666667,0.497959534,0.016086607,0.838596491,22.666666667,0.062716049,6.333333333,0.117116906,3.000000000,0.042328042,-0.711805556,0.440972222,0.745047524,6.333333333,1.819979520,0.523809524,0.580952381,0.212712003,0.634162411
group_001,47,TIME__azure2019_I__5T,TIME,arrow,dataset/Time_Dataset/azure2019_I/5T/data-00000-of-00001.arrow,train,8,185886,31,4534,96,3,mean,train_split_standard,-0.425753774,-0.453381855,0.579024611,2.000000000,0.161506560,0.164448126,0.901754386,4.666666667,0.015216990,3.666666667,0.074990574,3.333333333,0.684210526,-0.072916667,0.156250000,0.139408754,3.666666667,2.149282125,0.285714286,0.676190476,1.538071403,1.221119187
group_001,47,TIME__azure2019_I__5T,TIME,arrow,dataset/Time_Dataset/azure2019_I/5T/data-00000-of-00001.arrow,train,9,1287273,220,176,96,3,mean,train_split_standard,-0.451681468,-0.308043363,0.837456465,2.666666667,0.055034627,-0.433368407,0.943859649,6.000000000,0.007704897,7.333333333,0.069907438,3.000000000,0.444444444,-0.076388889,-0.128472222,0.271753872,4.000000000,2.178681065,0.514285714,0.723809524,1.178097245,1.134475314
group_001,47,TIME__azure2019_I__5T,TIME,arrow,dataset/Time_Dataset/azure2019_I/5T/data-00000-of-00001.arrow,train,10,1737279,296,5826,96,3,mean,train_split_standard,0.048689867,-0.162221775,2.864306388,3.000000000,0.125668686,-0.315374751,0.968421053,12.333333333,0.039350804,8.666666667,0.080166090,1.666666667,0.346666667,0.371527778,-0.111111111,0.425717247,3.333333333,2.043604876,0.428571429,0.666666667,0.818123087,1.073157571
group_001,47,TIME__azure2019_I__5T,TIME,arrow,dataset/Time_Dataset/azure2019_I/5T/data-00000-of-00001.arrow,train,11,2692650,460,1811,96,3,mean,train_split_standard,0.124807043,-0.193461482,0.658268708,2.000000000,0.104123898,0.460664827,0.957894737,6.666666667,0.010869574,4.333333333,0.059501170,2.000000000,0.527777778,0.194444444,0.111111111,0.246737724,5.000000000,2.171119720,0.780952381,0.609523810,1.570796327,1.114931811
group_001,47,TIME__azure2019_I__5T,TIME,arrow,dataset/Time_Dataset/azure2019_I/5T/data-00000-of-00001.arrow,train,12,2696872,461,179,96,3,mean,train_split_standard,-0.478487427,-0.544340743,0.774798600,2.666666667,0.112115243,-0.600000683,0.968421053,5.666666667,0.013110634,5.000000000,0.050157721,2.000000000,0.316666667,-0.295138889,0.340277778,0.310924654,4.666666667,2.177130543,0.609523810,0.609523810,1.210822169,1.073910664
group_001,47,TIME__azure2019_I__5T,TIME,arrow,dataset/Time_Dataset/azure2019_I/5T/data-00000-of-00001.arrow,train,13,1080555,184,4080,96,3,mean,train_split_standard,-0.266175422,-0.497225162,0.607197147,1.666666667,0.418802653,-1.293513908,0.989473684,4.333333333,0.014768504,3.000000000,0.092272169,2.000000000,0.833333333,0.041666667,-0.041666667,0.123899752,4.000000000,2.112668332,0.371428571,0.733333333,1.734420944,1.230861264
group_001,47,TIME__azure2019_I__5T,TIME,arrow,dataset/Time_Dataset/azure2019_I/5T/data-00000-of-00001.arrow,train,14,1884180,322,620,96,3,mean,train_split_standard,-0.041772248,-0.084143701,7.991866456,32.333333333,0.316410696,0.141644289,0.652631579,18.666666667,0.038333333,8.333333333,0.241655469,12.333333333,0.071247563,0.531250000,-0.138888889,0.735807532,5.333333333,1.938310738,0.780952381,0.723809524,0.376336620,0.599100161
group_001,47,TIME__azure2019_I__5T,TIME,arrow,dataset/Time_Dataset/azure2019_I/5T/data-00000-of-00001.arrow,train,15,983902,168,1039,96,3,mean,train_split_standard,-0.509570203,-0.721820431,0.642173263,3.000000000,0.091890144,0.619598764,0.975438596,5.000000000,0.007448399,3.666666667,0.069887167,2.666666667,0.750000000,-0.180555556,0.114583333,0.197484523,3.666666667,2.186913410,0.800000000,0.780952381,1.701696021,1.107019112
group_001,47,TIME__azure2019_I__5T,TIME,arrow,dataset/Time_Dataset/azure2019_I/5T/data-00000-of-00001.arrow,train,16,1511880,258,2420,96,3,mean,train_split_standard,-0.267259083,-0.333340945,0.687789187,2.000000000,0.080434531,-0.165116433,0.964912281,6.000000000,0.018555405,2.666666667,0.066320657,1.666666667,0.370370370,-0.392361111,0.177083333,0.214143196,4.333333333,2.184504379,0.409523810,0.523809524,1.538071403,1.160715208
group_001,47,TIME__azure2019_I__5T,TIME,arrow,dataset/Time_Dataset/azure2019_I/5T/data-00000-of-00001.arrow,train,17,2600170,444,2972,96,3,mean,train_split_standard,-0.289856619,-0.428296080,0.758102187,1.000000000,0.086287898,0.604508243,0.950877193,12.000000000,0.013737264,3.666666667,0.036884912,2.333333333,0.440476190,0.006944444,0.125000000,0.361497357,5.000000000,2.130954051,0.723809524,0.780952381,1.178097245,1.039095409
group_001,47,TIME__azure2019_I__5T,TIME,arrow,dataset/Time_Dataset/azure2019_I/5T/data-00000-of-00001.arrow,train,18,1310824,224,329,96,3,mean,train_split_standard,-0.349010864,-0.533747568,0.529525678,1.000000000,0.129045685,0.093195786,0.929824561,4.333333333,0.011749957,3.000000000,0.083921775,1.666666667,0.777777778,0.138888889,0.010416667,0.063513825,3.333333333,2.106697064,0.371428571,0.561904762,1.603521250,1.268363965
group_001,47,TIME__azure2019_I__5T,TIME,arrow,dataset/Time_Dataset/azure2019_I/5T/data-00000-of-00001.arrow,train,19,467101,79,5006,96,3,mean,train_split_standard,-0.400941980,-0.222323274,1.866895012,4.333333333,0.170093159,0.083486168,0.950877193,12.333333333,0.009079220,9.666666667,0.097480764,3.333333333,0.533333333,-0.388888889,0.258680556,0.398762588,5.000000000,2.108852548,0.819047619,0.647619048,1.145372322,1.001817079
group_001,47,TIME__azure2019_I__5T,TIME,arrow,dataset/Time_Dataset/azure2019_I/5T/data-00000-of-00001.arrow,train,20,1905228,325,4376,96,3,mean,train_split_standard,-0.236447133,-0.295850054,0.648375223,2.000000000,0.084774444,-1.070386127,0.926315789,6.000000000,0.004229781,6.333333333,0.041943609,2.000000000,0.777777778,-0.034722222,-0.069444444,0.247070874,5.000000000,2.182753247,0.590476190,0.590476190,1.488984018,1.142699540
group_001,48,TIME__current_velocity__10T,TIME,arrow,dataset/Time_Dataset/current_velocity/10T/data-00000-of-00001.arrow,train,1,73472,3,13603,96,6,mean,train_split_standard,-0.152498805,-0.293018829,5.059118916,12.666666667,0.367602055,-0.161102713,0.808771930,19.333333333,0.045824066,4.833333333,0.516104995,4.500000000,0.261723856,0.095486111,-0.041666667,0.631765550,9.500000000,1.808525289,0.671428571,0.671428571,0.474511390,0.746662871
group_001,48,TIME__current_velocity__10T,TIME,arrow,dataset/Time_Dataset/current_velocity/10T/data-00000-of-00001.arrow,train,2,4061,0,4061,96,6,mean,train_split_standard,0.510889087,0.495031314,11.496181612,31.833333333,0.742356958,-0.021570527,0.812280702,32.666666667,0.047566516,4.000000000,1.305531764,13.666666667,0.410934744,-0.059027778,0.182291667,0.826208777,12.500000000,1.593440410,0.685714286,0.604761905,0.359974158,0.418424293
group_001,48,TIME__current_velocity__10T,TIME,arrow,dataset/Time_Dataset/current_velocity/10T/data-00000-of-00001.arrow,train,3,31444,1,11402,96,6,mean,train_split_standard,0.306009706,-0.024373828,10.530445559,26.333333333,0.710615984,-0.028843389,0.745614035,29.666666667,0.051998457,5.500000000,1.583252893,13.666666667,0.560751351,0.144965278,0.175347222,0.899329483,15.333333333,1.528514004,0.723809524,0.657142857,0.114537232,0.377099101
group_001,48,TIME__current_velocity__10T,TIME,arrow,dataset/Time_Dataset/current_velocity/10T/data-00000-of-00001.arrow,train,4,43209,2,4508,96,6,mean,train_split_standard,-0.433531904,-0.362187162,10.685291576,26.833333333,0.628252392,0.104586983,0.800000000,28.333333333,0.051953184,4.000000000,1.055541983,14.833333333,0.188743759,-0.306423611,0.190972222,0.733175002,9.333333333,1.643690097,0.695238095,0.590476190,0.490873852,0.515959091
group_001,48,TIME__current_velocity__10T,TIME,arrow,dataset/Time_Dataset/current_velocity/10T/data-00000-of-00001.arrow,train,5,84032,4,1985,96,6,mean,train_split_standard,-0.515932643,-0.373727252,8.935978679,17.166666667,0.607318176,0.075167114,0.826315789,28.166666667,0.038066106,6.333333333,0.980080049,12.833333333,0.266617934,-0.131944444,0.052083333,0.743154274,10.500000000,1.717530806,0.747619048,0.504761905,0.409061543,0.545044821
group_001,48,TIME__current_velocity__10T,TIME,arrow,dataset/Time_Dataset/current_velocity/10T/data-00000-of-00001.arrow,train,6,135596,8,8241,96,6,mean,train_split_standard,0.364234735,0.552410145,9.233262992,26.333333333,0.668424297,0.022271806,0.833333333,28.666666667,0.039038407,15.500000000,0.757851376,13.500000000,0.383319622,0.447916667,0.008680556,0.876287508,7.166666667,1.604252022,0.580952381,0.514285714,0.130899694,0.394082118
group_001,48,TIME__current_velocity__10T,TIME,arrow,dataset/Time_Dataset/current_velocity/10T/data-00000-of-00001.arrow,train,7,102601,5,10864,96,6,mean,train_split_standard,0.026471594,0.037007203,8.308316069,17.500000000,0.529246796,-0.129197194,0.900000000,25.833333333,0.039046536,10.000000000,0.368588783,9.666666667,0.243666355,0.046875000,0.043402778,0.766399960,5.500000000,1.725818336,0.747619048,0.704761905,0.417242774,0.573290469
group_001,48,TIME__current_velocity__10T,TIME,arrow,dataset/Time_Dataset/current_velocity/10T/data-00000-of-00001.arrow,train,8,125987,7,3677,96,6,mean,train_split_standard,-0.253312426,-0.284620891,11.774478062,31.000000000,0.570062381,0.130484655,0.833333333,31.000000000,0.073946062,5.166666667,0.980503927,10.666666667,0.285047303,-0.151041667,0.196180556,0.734495769,12.833333333,1.694425658,0.780952381,0.604761905,0.359974158,0.560408218
group_001,48,TIME__current_velocity__10T,TIME,arrow,dataset/Time_Dataset/current_velocity/10T/data-00000-of-00001.arrow,train,9,83736,4,1689,96,6,mean,train_split_standard,-0.114121221,-0.182343870,9.987208981,22.666666667,0.601788723,-0.159578426,0.789473684,27.500000000,0.071287424,6.333333333,0.907532352,12.000000000,0.383950021,0.000000000,0.114583333,0.741973642,10.500000000,1.676314291,0.790476190,0.504761905,0.458148929,0.551577001
group_001,48,TIME__current_velocity__10T,TIME,arrow,dataset/Time_Dataset/current_velocity/10T/data-00000-of-00001.arrow,train,10,58509,2,19808,96,6,mean,train_split_standard,-0.067527857,-0.020834721,10.378464387,23.333333333,0.594839732,-0.048120148,0.840350877,25.333333333,0.041859095,3.333333333,0.979982325,13.500000000,0.194388261,0.123263889,-0.017361111,0.793075332,9.166666667,1.713815317,0.776190476,0.538095238,0.294524311,0.514701218
group_001,48,TIME__current_velocity__10T,TIME,arrow,dataset/Time_Dataset/current_velocity/10T/data-00000-of-00001.arrow,train,11,66259,3,6390,96,6,mean,train_split_standard,0.012152805,0.048564004,9.977146541,24.833333333,0.648698099,-0.063641489,0.805263158,28.000000000,0.043323288,3.666666667,1.049712788,14.000000000,0.353592850,-0.381944444,0.086805556,0.763119548,9.333333333,1.726661972,0.704761905,0.747619048,0.392699082,0.501284951
group_001,48,TIME__current_velocity__10T,TIME,arrow,dataset/Time_Dataset/current_velocity/10T/data-00000-of-00001.arrow,train,12,115140,6,7903,96,6,mean,train_split_standard,-0.078544998,0.088182339,7.909341696,19.666666667,0.418006383,0.001522685,0.882456140,22.833333333,0.053460287,7.666666667,0.433776275,9.166666667,0.144434269,0.030381944,0.050347222,0.714080820,7.000000000,1.843086737,0.595238095,0.619047619,0.319068004,0.647999067
group_001,48,TIME__current_velocity__10T,TIME,arrow,dataset/Time_Dataset/current_velocity/10T/data-00000-of-00001.arrow,train,13,16131,0,16131,96,6,mean,train_split_standard,-0.404004891,0.000864464,11.950617982,26.833333333,0.771321134,0.066123387,0.791228070,37.500000000,0.063302724,6.333333333,1.546373590,14.333333333,0.560606061,-0.022569444,0.155381944,0.864915656,14.500000000,1.504515324,0.780952381,0.604761905,0.229074464,0.398736889
group_001,48,TIME__current_velocity__10T,TIME,arrow,dataset/Time_Dataset/current_velocity/10T/data-00000-of-00001.arrow,train,14,23783,1,3741,96,6,mean,train_split_standard,0.536725152,0.391696632,9.671893248,25.000000000,0.672510633,0.077711002,0.773684211,30.500000000,0.073611111,12.333333333,1.219286849,11.666666667,0.228703704,0.255208333,-0.128472222,0.848315672,12.000000000,1.596386656,0.804761905,0.652380952,0.212712003,0.418462244
group_001,48,TIME__current_velocity__10T,TIME,arrow,dataset/Time_Dataset/current_velocity/10T/data-00000-of-00001.arrow,train,15,78555,3,18686,96,6,mean,train_split_standard,-0.162160360,0.038241674,9.158741825,24.333333333,0.625823313,-0.056496213,0.785964912,29.000000000,0.046574074,6.666666667,1.093071433,13.666666667,0.220502646,0.043402778,0.012152778,0.737602004,10.000000000,1.602229476,0.785714286,0.776190476,0.474511390,0.522219054
group_001,48,TIME__current_velocity__10T,TIME,arrow,dataset/Time_Dataset/current_velocity/10T/data-00000-of-00001.arrow,train,16,53684,2,14983,96,6,mean,train_split_standard,-0.072999039,-0.117664583,9.071103028,24.166666667,0.576240380,0.237272946,0.831578947,26.500000000,0.049722222,1.833333333,0.894047375,6.500000000,0.214574529,-0.053819444,-0.109375000,0.785660979,11.166666667,1.698712702,0.766666667,0.657142857,0.351792927,0.525691197
group_001,48,TIME__current_velocity__10T,TIME,arrow,dataset/Time_Dataset/current_velocity/10T/data-00000-of-00001.arrow,train,17,42577,2,3876,96,6,mean,train_split_standard,0.303110993,0.196802716,10.063481668,25.833333333,0.567481040,-0.162165962,0.803508772,29.166666667,0.050428319,7.333333333,0.941955222,14.166666667,0.202681159,0.295138889,-0.133680556,0.751814843,8.666666667,1.738516793,0.757142857,0.666666667,0.417242774,0.549744563
group_001,48,TIME__current_velocity__10T,TIME,arrow,dataset/Time_Dataset/current_velocity/10T/data-00000-of-00001.arrow,train,18,103234,5,11497,96,6,mean,train_split_standard,-0.164490980,-0.185284048,8.155082198,21.000000000,0.433097278,0.020142798,0.901754386,25.833333333,0.047332624,5.666666667,0.333858227,13.166666667,0.162646069,0.140625000,-0.098958333,0.756019460,6.333333333,1.857206032,0.809523810,0.652380952,0.302705542,0.621937403
group_001,48,TIME__current_velocity__10T,TIME,arrow,dataset/Time_Dataset/current_velocity/10T/data-00000-of-00001.arrow,train,19,37691,1,17649,96,6,mean,train_split_standard,0.058006941,0.072387655,10.887706379,29.000000000,0.751433302,0.080814003,0.787719298,34.166666667,0.065366591,3.333333333,1.590743872,15.000000000,0.656432749,-0.012152778,-0.092013889,0.881798452,14.833333333,1.508921392,0.800000000,0.514285714,0.163624617,0.364219195
group_001,48,TIME__current_velocity__10T,TIME,arrow,dataset/Time_Dataset/current_velocity/10T/data-00000-of-00001.arrow,train,20,41582,2,2881,96,6,mean,train_split_standard,-0.229471721,-0.427784694,8.997167796,20.666666667,0.528346484,0.230587010,0.817543860,22.166666667,0.046277701,6.500000000,0.956915979,12.166666667,0.488919414,0.185763889,-0.088541667,0.686809094,9.000000000,1.716106143,0.690476190,0.585714286,0.613592315,0.624079030
group_001,49,TIME__current_velocity__15T,TIME,arrow,dataset/Time_Dataset/current_velocity/15T/data-00000-of-00001.arrow,train,1,28057,4,6326,96,6,mean,train_split_standard,0.128133971,0.386514748,9.756365289,17.166666667,0.457875322,-0.090015903,0.873684211,28.666666667,0.083226805,10.833333333,0.376499057,7.500000000,0.067893296,-0.005208333,-0.204861111,0.729275921,5.833333333,1.794380994,0.690476190,0.576190476,0.343611696,0.613698342
group_001,49,TIME__current_velocity__15T,TIME,arrow,dataset/Time_Dataset/current_velocity/15T/data-00000-of-00001.arrow,train,2,10991,0,10991,96,6,mean,train_split_standard,0.012501379,-0.209694236,9.750025773,20.000000000,0.647497285,-0.003782864,0.756140351,25.166666667,0.066347947,2.000000000,0.780797235,10.333333333,0.224458181,0.159722222,-0.351562500,0.857712304,5.666666667,1.604666952,0.547619048,0.604761905,0.147262156,0.436902750
group_001,49,TIME__current_velocity__15T,TIME,arrow,dataset/Time_Dataset/current_velocity/15T/data-00000-of-00001.arrow,train,3,22804,4,1073,96,6,mean,train_split_standard,0.522820978,0.448854395,8.330127167,16.833333333,0.474599716,-0.092810538,0.856140351,25.500000000,0.088843454,15.833333333,0.445019745,11.500000000,0.217880486,-0.217013889,0.178819444,0.720042704,5.666666667,1.765316896,0.790476190,0.700000000,0.417242774,0.616536308
group_001,49,TIME__current_velocity__15T,TIME,arrow,dataset/Time_Dataset/current_velocity/15T/data-00000-of-00001.arrow,train,4,24110,4,2379,96,6,mean,train_split_standard,0.283727279,0.336703193,8.381609453,11.500000000,0.455934312,-0.224760047,0.866666667,25.333333333,0.078275686,7.500000000,0.445357650,7.166666667,0.146938927,0.043402778,0.098958333,0.718958393,6.000000000,1.731237800,0.714285714,0.704761905,0.351792927,0.629612078
group_001,49,TIME__current_velocity__15T,TIME,arrow,dataset/Time_Dataset/current_velocity/15T/data-00000-of-00001.arrow,train,5,4049,0,4049,96,6,mean,train_split_standard,-0.057992550,0.085190235,10.736603828,28.666666667,0.715750061,-0.011760076,0.768421053,34.833333333,0.061038032,5.333333333,1.096512312,15.000000000,0.464625104,0.184027778,-0.298611111,0.873485581,10.500000000,1.569926013,0.761904762,0.523809524,0.220893233,0.389640771
group_001,49,TIME__current_velocity__15T,TIME,arrow,dataset/Time_Dataset/current_velocity/15T/data-00000-of-00001.arrow,train,6,21254,3,3090,96,6,mean,train_split_standard,0.299317797,-0.024246105,11.987085941,26.833333333,0.570690949,0.002977011,0.894736842,28.666666667,0.083499538,5.333333333,0.670580007,12.833333333,0.219714506,0.079861111,-0.147569444,0.764050328,5.500000000,1.743571803,0.714285714,0.576190476,0.343611696,0.520191270
group_001,49,TIME__current_velocity__15T,TIME,arrow,dataset/Time_Dataset/current_velocity/15T/data-00000-of-00001.arrow,train,7,28183,4,6452,96,6,mean,train_split_standard,-0.174366020,0.111293759,7.394512303,17.000000000,0.475904776,0.053691264,0.805263158,25.333333333,0.037113253,9.000000000,0.420224787,9.833333333,0.104760432,0.067708333,0.071180556,0.755046700,7.666666667,1.653785816,0.609523810,0.619047619,0.286343080,0.600496775
group_001,49,TIME__current_velocity__15T,TIME,arrow,dataset/Time_Dataset/current_velocity/15T/data-00000-of-00001.arrow,train,8,8716,0,8716,96,6,mean,train_split_standard,-0.067604117,-0.258879892,9.470842487,23.000000000,0.709695346,0.002375576,0.784210526,24.666666667,0.056049383,7.000000000,0.978442805,14.166666667,0.289276696,0.222222222,0.189236111,0.942528734,6.666666667,1.518736835,0.776190476,0.590476190,0.122718463,0.349421543
group_001,49,TIME__current_velocity__15T,TIME,arrow,dataset/Time_Dataset/current_velocity/15T/data-00000-of-00001.arrow,train,9,661,0,661,96,6,mean,train_split_standard,0.132626357,0.303158432,9.343804736,23.833333333,0.627469646,0.117566089,0.771929825,23.333333333,0.053688272,5.166666667,0.745173793,14.000000000,0.175544662,-0.207465278,-0.354166667,0.844437847,5.166666667,1.609292252,0.723809524,0.733333333,0.261799388,0.443233128
group_001,49,TIME__current_velocity__15T,TIME,arrow,dataset/Time_Dataset/current_velocity/15T/data-00000-of-00001.arrow,train,10,1750,0,1750,96,6,mean,train_split_standard,-0.232912032,-0.048721508,11.293191625,32.000000000,0.657034387,0.068153212,0.726315789,31.833333333,0.058580630,1.333333333,0.883859459,17.000000000,0.217155857,0.220486111,-0.453125000,0.841157417,8.166666667,1.629148274,0.733333333,0.676190476,0.237255695,0.446491567
group_001,49,TIME__current_velocity__15T,TIME,arrow,dataset/Time_Dataset/current_velocity/15T/data-00000-of-00001.arrow,train,11,3446,0,3446,96,6,mean,train_split_standard,-0.509320820,-0.658298761,12.053698934,33.166666667,0.729910219,0.046131127,0.773684211,30.500000000,0.066975309,1.333333333,1.143954882,15.500000000,0.237052353,0.010416667,-0.072916667,0.919604560,6.833333333,1.490560547,0.652380952,0.657142857,0.089993540,0.336954625
group_001,49,TIME__current_velocity__15T,TIME,arrow,dataset/Time_Dataset/current_velocity/15T/data-00000-of-00001.arrow,train,12,9166,0,9166,96,6,mean,train_split_standard,0.208153403,-0.143434583,11.297893917,35.666666667,0.753159285,0.014984372,0.757894737,29.166666667,0.072561728,11.500000000,0.939713923,14.833333333,0.182477435,0.121527778,-0.142361111,0.851749017,6.500000000,1.647981512,0.661904762,0.590476190,0.310886773,0.396189207
group_001,49,TIME__current_velocity__15T,TIME,arrow,dataset/Time_Dataset/current_velocity/15T/data-00000-of-00001.arrow,train,13,12105,0,12105,96,6,mean,train_split_standard,-0.212669770,0.006322575,10.782125648,28.500000000,0.694169338,0.004624593,0.761403509,30.666666667,0.063174469,5.500000000,1.085246732,16.666666667,0.210332522,0.114583333,-0.017361111,0.902729153,8.833333333,1.605018915,0.766666667,0.661904762,0.130899694,0.391612565
group_001,49,TIME__current_velocity__15T,TIME,arrow,dataset/Time_Dataset/current_velocity/15T/data-00000-of-00001.arrow,train,14,21971,4,240,96,6,mean,train_split_standard,0.086723721,0.278889017,7.208053631,18.166666667,0.467408569,0.066747809,0.766666667,25.000000000,0.080308294,3.500000000,0.677034339,8.333333333,0.341317691,0.083333333,-0.048611111,0.675575871,6.833333333,1.726807324,0.595238095,0.623809524,0.417242774,0.646955645
group_001,49,TIME__current_velocity__15T,TIME,arrow,dataset/Time_Dataset/current_velocity/15T/data-00000-of-00001.arrow,train,15,23014,4,1283,96,6,mean,train_split_standard,0.402737086,0.247725218,11.023385238,24.333333333,0.525791857,-0.094417850,0.807017544,31.000000000,0.072587470,2.333333333,0.759705859,11.833333333,0.119637956,-0.138020833,-0.005208333,0.755670316,6.000000000,1.672493141,0.795238095,0.761904762,0.253618157,0.557825435
group_001,49,TIME__current_velocity__15T,TIME,arrow,dataset/Time_Dataset/current_velocity/15T/data-00000-of-00001.arrow,train,16,14742,1,2366,96,6,mean,train_split_standard,-0.168027710,-0.172492911,6.811759592,14.500000000,0.332173306,-0.096420737,0.884210526,25.166666667,0.068848269,4.333333333,0.317884972,4.166666667,0.246962701,-0.234375000,0.175347222,0.587617289,4.833333333,1.926775508,0.690476190,0.571428571,0.548142468,0.760676326
group_001,49,TIME__current_velocity__15T,TIME,arrow,dataset/Time_Dataset/current_velocity/15T/data-00000-of-00001.arrow,train,17,4829,0,4829,96,6,mean,train_split_standard,0.225055636,0.302257228,11.718439053,30.666666667,0.661344562,-0.010416185,0.768421053,31.666666667,0.084829302,12.500000000,1.038669338,17.166666667,0.482457011,-0.428819444,0.454861111,0.888829208,8.000000000,1.595294801,0.452380952,0.604761905,0.114537232,0.361360917
group_001,49,TIME__current_velocity__15T,TIME,arrow,dataset/Time_Dataset/current_velocity/15T/data-00000-of-00001.arrow,train,18,22121,4,390,96,6,mean,train_split_standard,-0.316274442,0.267132390,9.491475599,17.500000000,0.468571941,0.020203655,0.801754386,25.666666667,0.082920137,10.500000000,0.885746867,10.000000000,0.259277199,0.034722222,0.156250000,0.718252860,6.833333333,1.764545780,0.557142857,0.680952381,0.310886773,0.608857539
group_001,49,TIME__current_velocity__15T,TIME,arrow,dataset/Time_Dataset/current_velocity/15T/data-00000-of-00001.arrow,train,19,739,0,739,96,6,mean,train_split_standard,0.365337109,0.466460960,8.590280855,22.333333333,0.611119904,0.086799743,0.775438596,28.500000000,0.046512346,12.333333333,0.687785429,11.833333333,0.193055556,0.381944444,-0.166666667,0.838388873,5.666666667,1.667863367,0.690476190,0.604761905,0.188168310,0.465211756
group_001,49,TIME__current_velocity__15T,TIME,arrow,dataset/Time_Dataset/current_velocity/15T/data-00000-of-00001.arrow,train,20,10064,0,10064,96,6,mean,train_split_standard,0.103241682,0.156020599,9.700154740,27.333333333,0.696577421,0.097302377,0.721052632,27.000000000,0.057020660,8.833333333,1.115852079,16.333333333,0.291478483,0.378472222,-0.192708333,0.865843689,8.833333333,1.551660450,0.757142857,0.614285714,0.188168310,0.391118022
group_001,50,TIME__current_velocity__20T,TIME,arrow,dataset/Time_Dataset/current_velocity/20T/data-00000-of-00001.arrow,train,1,104792,25,4208,96,6,mean,train_split_standard,-0.223889456,-0.150639769,8.288675662,23.666666667,0.557672696,0.079419901,0.761403509,23.000000000,0.047638374,5.166666667,0.913255487,12.666666667,0.223773367,-0.213541667,-0.012152778,0.786184813,6.833333333,1.670392218,0.647619048,0.542857143,0.286343080,0.556480866
group_001,50,TIME__current_velocity__20T,TIME,arrow,dataset/Time_Dataset/current_velocity/20T/data-00000-of-00001.arrow,train,2,10516,2,4795,96,6,mean,train_split_standard,-0.176250588,-0.334183148,6.522721451,14.833333333,0.492025873,-0.013759710,0.828070175,30.166666667,0.044593096,7.500000000,0.629695223,10.666666667,0.318123688,0.029513889,0.107638889,0.813718103,9.333333333,1.684470780,0.709523810,0.785714286,0.294524311,0.549088605
group_001,50,TIME__current_velocity__20T,TIME,arrow,dataset/Time_Dataset/current_velocity/20T/data-00000-of-00001.arrow,train,3,12344,2,6623,96,6,mean,train_split_standard,-0.603218072,-0.597566246,8.354569187,22.833333333,0.564306956,-0.095953436,0.808771930,22.666666667,0.042966821,3.166666667,1.108330739,15.333333333,0.297750664,0.029513889,-0.084201389,0.818988106,7.000000000,1.637462952,0.771428571,0.657142857,0.229074464,0.494054643
group_001,50,TIME__current_velocity__20T,TIME,arrow,dataset/Time_Dataset/current_velocity/20T/data-00000-of-00001.arrow,train,4,54998,13,4119,96,6,mean,train_split_standard,-0.201657207,-0.113533376,8.612379492,24.666666667,0.628650067,0.068778286,0.828070175,21.166666667,0.050612481,7.833333333,0.769815665,10.833333333,0.248140613,-0.053819444,-0.062500000,0.835855282,6.666666667,1.649870785,0.704761905,0.542857143,0.269980619,0.454240673
group_001,50,TIME__current_velocity__20T,TIME,arrow,dataset/Time_Dataset/current_velocity/20T/data-00000-of-00001.arrow,train,5,58132,14,2290,96,6,mean,train_split_standard,-0.113495488,-0.404625112,9.463890338,26.000000000,0.623292411,0.045700983,0.824561404,27.666666667,0.055559755,10.833333333,0.907666566,15.333333333,0.202176364,0.112847222,-0.192708333,0.859149570,6.000000000,1.674684140,0.695238095,0.747619048,0.171805848,0.456949293
group_001,50,TIME__current_velocity__20T,TIME,arrow,dataset/Time_Dataset/current_velocity/20T/data-00000-of-00001.arrow,train,6,82935,20,1254,96,6,mean,train_split_standard,-0.480089505,-0.389758932,7.139345588,19.333333333,0.586445839,-0.067644688,0.822807018,22.833333333,0.041976805,5.000000000,0.824165925,11.333333333,0.387976144,-0.022569444,-0.228298611,0.825699379,8.833333333,1.682504498,0.728571429,0.533333333,0.229074464,0.501831199
group_001,50,TIME__current_velocity__20T,TIME,arrow,dataset/Time_Dataset/current_velocity/20T/data-00000-of-00001.arrow,train,7,34712,8,1587,96,6,mean,train_split_standard,0.060397090,-0.004695567,7.148842586,9.666666667,0.389174162,-0.033737264,0.840350877,23.666666667,0.053302751,6.000000000,0.432459601,7.166666667,0.298379630,-0.142361111,-0.067708333,0.721273472,5.333333333,1.831191493,0.590476190,0.538095238,0.351792927,0.652598544
group_001,50,TIME__current_velocity__20T,TIME,arrow,dataset/Time_Dataset/current_velocity/20T/data-00000-of-00001.arrow,train,8,103662,25,3078,96,6,mean,train_split_standard,-0.509674578,-0.435424649,10.740130583,25.000000000,0.590129575,0.083706205,0.798245614,25.500000000,0.104749307,17.166666667,0.818286224,13.666666667,0.176214799,0.100694444,0.276909722,0.795385360,5.833333333,1.738993156,0.695238095,0.709523810,0.253618157,0.496938986
group_001,50,TIME__current_velocity__20T,TIME,arrow,dataset/Time_Dataset/current_velocity/20T/data-00000-of-00001.arrow,train,9,48363,12,585,96,6,mean,train_split_standard,0.064558839,0.087972049,11.140675317,24.333333333,0.537967787,0.094430439,0.777192982,28.000000000,0.101819072,7.833333333,0.835669965,13.666666667,0.169970920,-0.366319444,0.416666667,0.791475508,6.666666667,1.752163278,0.766666667,0.652380952,0.253618157,0.514096275
group_001,50,TIME__current_velocity__20T,TIME,arrow,dataset/Time_Dataset/current_velocity/20T/data-00000-of-00001.arrow,train,10,37025,8,3900,96,6,mean,train_split_standard,-0.113861733,-0.167968935,6.179883259,11.500000000,0.420922917,-0.040778222,0.796491228,19.500000000,0.065254201,6.666666667,0.522850850,9.000000000,0.200886686,0.101562500,0.139756944,0.717839465,5.166666667,1.729619346,0.590476190,0.576190476,0.319068004,0.633851888
group_001,50,TIME__current_velocity__20T,TIME,arrow,dataset/Time_Dataset/current_velocity/20T/data-00000-of-00001.arrow,train,11,29698,7,3954,96,6,mean,train_split_standard,-0.249589367,0.095039284,4.637890331,13.500000000,0.450981307,-0.050797060,0.926315789,17.666666667,0.022523531,3.000000000,0.338163019,6.666666667,0.204966330,-0.022569444,-0.095486111,0.779782235,5.833333333,1.856885715,0.757142857,0.490476190,0.400880313,0.631978981
group_001,50,TIME__current_velocity__20T,TIME,arrow,dataset/Time_Dataset/current_velocity/20T/data-00000-of-00001.arrow,train,12,97126,24,698,96,6,mean,train_split_standard,-0.069843244,-0.117982479,13.125711600,35.166666667,0.678628464,0.045782036,0.745614035,29.833333333,0.070168808,4.833333333,0.928052530,19.000000000,0.278249367,0.026041667,0.133680556,0.864111752,6.833333333,1.613795408,0.719047619,0.661904762,0.179987079,0.414818955
group_001,50,TIME__current_velocity__20T,TIME,arrow,dataset/Time_Dataset/current_velocity/20T/data-00000-of-00001.arrow,train,13,71643,18,1007,96,6,mean,train_split_standard,0.271105625,0.186506614,7.713899448,18.666666667,0.533502844,0.025181151,0.800000000,27.000000000,0.068817328,13.000000000,0.425425448,10.166666667,0.089452119,0.140625000,-0.101562500,0.773047677,6.000000000,1.735045816,0.619047619,0.604761905,0.343611696,0.589104563
group_001,50,TIME__current_velocity__20T,TIME,arrow,dataset/Time_Dataset/current_velocity/20T/data-00000-of-00001.arrow,train,14,19787,5,1387,96,6,mean,train_split_standard,-0.107462652,-0.005106270,5.337771554,14.666666667,0.387989507,-0.085719305,0.919298246,17.000000000,0.051013374,2.166666667,0.331071624,8.000000000,0.119065657,-0.135416667,-0.107638889,0.759113609,5.333333333,1.851543061,0.633333333,0.690476190,0.359974158,0.669833869
group_001,50,TIME__current_velocity__20T,TIME,arrow,dataset/Time_Dataset/current_velocity/20T/data-00000-of-00001.arrow,train,15,106758,26,1370,96,6,mean,train_split_standard,-0.185901156,0.124139705,5.032124922,12.666666667,0.350532235,0.055941498,0.942105263,17.833333333,0.035599962,7.500000000,0.299510534,7.833333333,0.148584055,-0.065972222,-0.118055556,0.678158322,6.166666667,1.910607704,0.671428571,0.757142857,0.433605236,0.730177772
group_001,50,TIME__current_velocity__20T,TIME,arrow,dataset/Time_Dataset/current_velocity/20T/data-00000-of-00001.arrow,train,16,85157,21,219,96,6,mean,train_split_standard,0.206558698,0.062494724,8.504104572,20.833333333,0.490122564,0.188390450,0.808771930,23.666666667,0.077113253,4.666666667,0.634438247,8.500000000,0.192401961,0.111111111,-0.050347222,0.771362685,5.333333333,1.683692954,0.561904762,0.638095238,0.335430466,0.545961776
group_001,50,TIME__current_velocity__20T,TIME,arrow,dataset/Time_Dataset/current_velocity/20T/data-00000-of-00001.arrow,train,17,33681,8,556,96,6,mean,train_split_standard,-0.423907211,0.146099204,8.843778477,20.166666667,0.516737005,0.122913549,0.843859649,24.500000000,0.052085440,11.000000000,0.558737000,12.333333333,0.235836039,0.171875000,-0.359375000,0.778848189,6.666666667,1.768314283,0.714285714,0.700000000,0.294524311,0.551787697
group_001,50,TIME__current_velocity__20T,TIME,arrow,dataset/Time_Dataset/current_velocity/20T/data-00000-of-00001.arrow,train,18,110385,26,4997,96,6,mean,train_split_standard,0.242612856,0.122868735,4.851733517,8.333333333,0.289009274,0.105455908,0.952631579,16.166666667,0.073544637,8.500000000,0.213897796,6.500000000,0.103825406,0.123263889,-0.292534722,0.621797410,5.333333333,1.907393039,0.590476190,0.680952381,0.531780006,0.799425651
group_001,50,TIME__current_velocity__20T,TIME,arrow,dataset/Time_Dataset/current_velocity/20T/data-00000-of-00001.arrow,train,19,77569,19,382,96,6,mean,train_split_standard,0.107902959,0.167683170,10.751189534,24.000000000,0.657502732,-0.131282212,0.785964912,32.500000000,0.065910494,8.833333333,1.169323823,13.833333333,0.235152116,0.041666667,-0.144097222,0.856688278,8.000000000,1.674451519,0.666666667,0.585714286,0.130899694,0.430436699
group_001,50,TIME__current_velocity__20T,TIME,arrow,dataset/Time_Dataset/current_velocity/20T/data-00000-of-00001.arrow,train,20,108121,26,2733,96,6,mean,train_split_standard,-0.390216594,-0.249400307,7.296828760,13.666666667,0.418553701,0.200317122,0.915789474,16.833333333,0.066315586,10.666666667,0.402944688,7.833333333,0.151811943,-0.342013889,0.394097222,0.649377190,6.833333333,1.873334102,0.604761905,0.642857143,0.539961237,0.704377711
group_001,51,TIME__current_velocity__5T,TIME,arrow,dataset/Time_Dataset/current_velocity/5T/data-00000-of-00001.arrow,train,1,11726,0,11726,96,6,mean,train_split_standard,-0.044885873,-0.044657035,11.545895736,31.500000000,0.613902937,-0.111378769,0.717543860,29.166666667,0.084490741,9.833333333,0.998729898,14.166666667,0.221379721,-0.190972222,0.233506944,0.823960109,5.666666667,1.625525915,0.580952381,0.628571429,0.188168310,0.462184998
group_001,51,TIME__current_velocity__5T,TIME,arrow,dataset/Time_Dataset/current_velocity/5T/data-00000-of-00001.arrow,train,2,10158,0,10158,96,6,mean,train_split_standard,-0.376937048,-0.402740051,9.806808451,21.500000000,0.523157310,0.045054398,0.771929825,28.166666667,0.062586748,10.666666667,0.971004992,15.166666667,0.074544818,-0.353298611,-0.185763889,0.812254887,5.333333333,1.711605212,0.800000000,0.595238095,0.204530772,0.548833984
group_001,51,TIME__current_velocity__5T,TIME,arrow,dataset/Time_Dataset/current_velocity/5T/data-00000-of-00001.arrow,train,3,8363,0,8363,96,6,mean,train_split_standard,-0.089959167,-0.163246100,9.897301043,29.333333333,0.555535874,-0.053368587,0.787719298,27.666666667,0.088978489,7.833333333,1.295333713,14.500000000,0.189653479,-0.281250000,-0.071180556,0.733224238,10.000000000,1.722820258,0.785714286,0.576190476,0.319068004,0.559508240
group_001,51,TIME__current_velocity__5T,TIME,arrow,dataset/Time_Dataset/current_velocity/5T/data-00000-of-00001.arrow,train,4,16421,0,16421,96,6,mean,train_split_standard,0.048632663,-0.260191069,8.382026495,13.000000000,0.417833712,-0.633069154,0.807017544,24.000000000,0.066700993,4.333333333,1.032148100,9.000000000,0.237831027,0.180555556,0.203125000,0.673469697,8.833333333,1.768816067,0.776190476,0.738095238,0.433605236,0.642540826
group_001,51,TIME__current_velocity__5T,TIME,arrow,dataset/Time_Dataset/current_velocity/5T/data-00000-of-00001.arrow,train,5,692,0,692,96,6,mean,train_split_standard,0.144510046,0.115828406,9.062372040,19.166666667,0.420122997,-0.340400016,0.764912281,23.833333333,0.071001805,9.666666667,0.746397800,12.500000000,0.144714506,-0.232638889,-0.109375000,0.713212362,5.333333333,1.750365349,0.661904762,0.557142857,0.319068004,0.666230091
group_001,51,TIME__current_velocity__5T,TIME,arrow,dataset/Time_Dataset/current_velocity/5T/data-00000-of-00001.arrow,train,6,7343,0,7343,96,6,mean,train_split_standard,-0.539487750,-0.513175369,10.140446342,23.166666667,0.527926596,-0.044457807,0.798245614,23.333333333,0.059625355,6.833333333,1.286069020,15.333333333,0.263293897,0.286458333,-0.263888889,0.760411330,10.666666667,1.731881799,0.476190476,0.638095238,0.310886773,0.556096375
group_001,51,TIME__current_velocity__5T,TIME,arrow,dataset/Time_Dataset/current_velocity/5T/data-00000-of-00001.arrow,train,7,7886,0,7886,96,6,mean,train_split_standard,0.218168695,0.378357993,9.267301623,24.166666667,0.554951677,-0.127721158,0.752631579,30.000000000,0.075868256,4.666666667,1.423856411,10.166666667,0.298351249,-0.131944444,0.074652778,0.705516359,11.666666667,1.724365374,0.490476190,0.619047619,0.376336620,0.593370938
group_001,51,TIME__current_velocity__5T,TIME,arrow,dataset/Time_Dataset/current_velocity/5T/data-00000-of-00001.arrow,train,8,14558,0,14558,96,6,mean,train_split_standard,-0.047207726,-0.012450119,11.129367175,28.166666667,0.599957685,-0.117616703,0.777192982,29.000000000,0.077559839,13.500000000,1.349235056,19.166666667,0.137920875,-0.310763889,0.005208333,0.801166056,9.500000000,1.679285926,0.657142857,0.657142857,0.278161850,0.469090457
group_001,51,TIME__current_velocity__5T,TIME,arrow,dataset/Time_Dataset/current_velocity/5T/data-00000-of-00001.arrow,train,9,14056,0,14056,96,6,mean,train_split_standard,-0.253467266,-0.314203706,6.086278198,15.000000000,0.385362863,-0.099993332,0.864912281,18.333333333,0.062801010,6.833333333,0.616174452,9.500000000,0.330495430,0.380208333,0.090277778,0.670461311,6.666666667,1.856583950,0.695238095,0.628571429,0.392699082,0.695291483
group_001,51,TIME__current_velocity__5T,TIME,arrow,dataset/Time_Dataset/current_velocity/5T/data-00000-of-00001.arrow,train,10,134,0,134,96,6,mean,train_split_standard,-0.287641719,-0.071673289,10.298416858,21.000000000,0.574959317,0.055139777,0.722807018,27.666666667,0.108657407,6.000000000,1.039959473,10.000000000,0.237263644,0.382812500,-0.006944444,0.780580672,7.166666667,1.627176784,0.485714286,0.600000000,0.220893233,0.524781889
group_001,51,TIME__current_velocity__5T,TIME,arrow,dataset/Time_Dataset/current_velocity/5T/data-00000-of-00001.arrow,train,11,10145,0,10145,96,6,mean,train_split_standard,0.092896721,0.113214785,11.197080844,24.500000000,0.574675036,0.064651536,0.777192982,28.500000000,0.097201646,9.500000000,1.210033483,16.666666667,0.056985703,-0.194444444,-0.081597222,0.830870473,5.333333333,1.665576064,0.714285714,0.700000000,0.155443387,0.515517882
group_001,51,TIME__current_velocity__5T,TIME,arrow,dataset/Time_Dataset/current_velocity/5T/data-00000-of-00001.arrow,train,12,5752,0,5752,96,6,mean,train_split_standard,0.115418154,0.337108581,6.687728567,18.500000000,0.426405888,-0.205104502,0.852631579,20.833333333,0.058825472,5.666666667,0.912639262,10.833333333,0.118065268,0.407986111,-0.036458333,0.698289129,5.166666667,1.841501680,0.738095238,0.566666667,0.384517851,0.693286767
group_001,51,TIME__current_velocity__5T,TIME,arrow,dataset/Time_Dataset/current_velocity/5T/data-00000-of-00001.arrow,train,13,6207,0,6207,96,6,mean,train_split_standard,0.329355392,0.057869713,11.783938196,26.000000000,0.589312998,0.036359651,0.843859649,26.500000000,0.088597820,5.166666667,1.263296038,14.666666667,0.126961731,-0.086805556,0.206597222,0.778656852,5.500000000,1.703897739,0.580952381,0.685714286,0.294524311,0.506292657
group_001,51,TIME__current_velocity__5T,TIME,arrow,dataset/Time_Dataset/current_velocity/5T/data-00000-of-00001.arrow,train,14,14222,0,14222,96,6,mean,train_split_standard,-0.100114671,-0.016039128,7.275088369,20.833333333,0.418947193,0.222581089,0.887719298,21.666666667,0.061616063,4.166666667,0.703696551,11.500000000,0.317648589,0.324652778,-0.279513889,0.618970005,5.000000000,1.858793909,0.561904762,0.595238095,0.564504930,0.695008759
group_001,51,TIME__current_velocity__5T,TIME,arrow,dataset/Time_Dataset/current_velocity/5T/data-00000-of-00001.arrow,train,15,5981,0,5981,96,6,mean,train_split_standard,-0.055524414,-0.114546259,9.377854906,27.000000000,0.610299965,0.032786894,0.826315789,30.166666667,0.060932225,15.500000000,0.806053897,15.500000000,0.158512409,0.145833333,0.303819444,0.850391894,7.833333333,1.635728960,0.495238095,0.714285714,0.155443387,0.492785354
group_001,51,TIME__current_velocity__5T,TIME,arrow,dataset/Time_Dataset/current_velocity/5T/data-00000-of-00001.arrow,train,16,6777,0,6777,96,6,mean,train_split_standard,-0.349342440,-0.342337019,10.843074822,27.000000000,0.621429542,-0.142394548,0.789473684,28.333333333,0.061536761,11.666666667,0.849736744,16.500000000,0.303012084,0.125000000,-0.133680556,0.795462462,6.333333333,1.658634426,0.680952381,0.628571429,0.253618157,0.516045084
group_001,51,TIME__current_velocity__5T,TIME,arrow,dataset/Time_Dataset/current_velocity/5T/data-00000-of-00001.arrow,train,17,8964,0,8964,96,6,mean,train_split_standard,-0.339165349,-0.215322658,9.904244984,21.333333333,0.567962098,0.033948402,0.805263158,22.000000000,0.083985891,4.166666667,1.236711394,12.666666667,0.270165945,-0.072916667,0.401041667,0.821528272,6.500000000,1.732689901,0.609523810,0.642857143,0.179987079,0.514087943
group_001,51,TIME__current_velocity__5T,TIME,arrow,dataset/Time_Dataset/current_velocity/5T/data-00000-of-00001.arrow,train,18,17011,0,17011,96,6,mean,train_split_standard,-0.229839375,-0.495003378,11.337354274,28.166666667,0.577155965,-0.039871963,0.761403509,25.000000000,0.094122978,4.000000000,1.601011541,14.333333333,0.138537759,0.187500000,-0.135416667,0.797307720,7.500000000,1.690362724,0.557142857,0.723809524,0.179987079,0.508569513
group_001,51,TIME__current_velocity__5T,TIME,arrow,dataset/Time_Dataset/current_velocity/5T/data-00000-of-00001.arrow,train,19,12684,0,12684,96,6,mean,train_split_standard,-0.116977168,-0.119171357,11.977674031,31.333333333,0.598678077,-0.053196874,0.714035088,26.833333333,0.083666191,3.166666667,1.533916234,13.666666667,0.211423054,-0.045138889,0.061631944,0.767141709,9.000000000,1.713827701,0.595238095,0.671428571,0.237255695,0.508444231
group_001,51,TIME__current_velocity__5T,TIME,arrow,dataset/Time_Dataset/current_velocity/5T/data-00000-of-00001.arrow,train,20,352,0,352,96,6,mean,train_split_standard,-0.184114324,-0.211054674,10.743685974,22.166666667,0.577243196,0.054316422,0.836842105,26.166666667,0.067987982,11.333333333,1.133444358,15.000000000,0.319795479,0.166666667,0.156250000,0.752663169,6.500000000,1.727373725,0.642857143,0.566666667,0.278161850,0.536949579
group_001,52,TIME__current_velocity__H,TIME,arrow,dataset/Time_Dataset/current_velocity/H/data-00000-of-00001.arrow,train,1,2482,0,2482,96,6,mean,train_split_standard,-0.391596368,-0.516186993,6.465861565,5.333333333,0.327987398,0.056918952,0.940350877,11.666666667,0.047331420,9.000000000,0.426306630,2.500000000,0.610101010,0.441840278,-0.142361111,0.821605192,7.166666667,1.776677174,0.319047619,0.519047619,0.425424005,0.830532155
group_001,52,TIME__current_velocity__H,TIME,arrow,dataset/Time_Dataset/current_velocity/H/data-00000-of-00001.arrow,train,2,9222,3,997,96,6,mean,train_split_standard,-0.270072670,-0.119331475,3.736032772,12.333333333,0.359153675,0.045688200,0.880701754,15.333333333,0.014223852,18.500000000,0.410947567,5.333333333,0.506944444,0.153645833,-0.262152778,0.829932396,7.500000000,1.768005021,0.576190476,0.500000000,0.359974158,0.706930902
group_001,52,TIME__current_velocity__H,TIME,arrow,dataset/Time_Dataset/current_velocity/H/data-00000-of-00001.arrow,train,3,3178,0,3178,96,6,mean,train_split_standard,-0.364064037,0.207780333,2.518466438,5.166666667,0.278450828,0.053876302,0.935087719,9.166666667,0.043991977,10.166666667,0.334572730,2.333333333,0.612920392,0.300347222,0.027777778,0.794397757,7.000000000,1.827732212,0.319047619,0.485714286,0.458148929,0.898187090
group_001,52,TIME__current_velocity__H,TIME,arrow,dataset/Time_Dataset/current_velocity/H/data-00000-of-00001.arrow,train,4,26338,10,669,96,6,mean,train_split_standard,0.095939969,0.014701022,2.017094916,5.666666667,0.196010789,0.010838719,0.947368421,9.333333333,0.009783689,11.666666667,0.250547448,2.500000000,0.658333333,0.258680556,0.166666667,0.733399786,7.000000000,1.919833468,0.209523810,0.566666667,0.621773546,0.968462858
group_001,52,TIME__current_velocity__H,TIME,arrow,dataset/Time_Dataset/current_velocity/H/data-00000-of-00001.arrow,train,5,35914,15,255,96,6,mean,train_split_standard,0.179884814,0.146144173,5.083698939,13.833333333,0.389878038,0.104108557,0.900000000,20.166666667,0.043198982,13.666666667,0.727685385,8.500000000,0.466559829,-0.051215278,0.012152778,0.779564714,9.833333333,1.750731472,0.666666667,0.709523810,0.409061543,0.682399962
group_001,52,TIME__current_velocity__H,TIME,arrow,dataset/Time_Dataset/current_velocity/H/data-00000-of-00001.arrow,train,6,30751,12,1228,96,6,mean,train_split_standard,0.072891386,-0.068465276,4.646394659,11.000000000,0.422508704,-0.058438187,0.928070175,17.333333333,0.033189853,12.000000000,0.422345751,7.000000000,0.380522487,-0.043402778,-0.228298611,0.806251363,6.666666667,1.795486978,0.661904762,0.557142857,0.343611696,0.685783528
group_001,52,TIME__current_velocity__H,TIME,arrow,dataset/Time_Dataset/current_velocity/H/data-00000-of-00001.arrow,train,7,10680,3,2455,96,6,mean,train_split_standard,0.155834943,-0.028560287,3.353104721,9.666666667,0.394764297,-0.115393415,0.912280702,15.666666667,0.025365381,14.166666667,0.310838166,5.500000000,0.426638177,-0.309027778,-0.189236111,0.806951135,8.333333333,1.732975295,0.614285714,0.552380952,0.359974158,0.763705082
group_001,52,TIME__current_velocity__H,TIME,arrow,dataset/Time_Dataset/current_velocity/H/data-00000-of-00001.arrow,train,8,42005,18,1362,96,6,mean,train_split_standard,-0.348831606,-0.203880386,8.237069771,16.833333333,0.452289904,0.031065322,0.882456140,21.000000000,0.088288799,11.166666667,0.574821058,9.500000000,0.283605664,-0.503472222,0.185763889,0.834904979,8.833333333,1.698159652,0.500000000,0.519047619,0.204530772,0.600809003
group_001,52,TIME__current_velocity__H,TIME,arrow,dataset/Time_Dataset/current_velocity/H/data-00000-of-00001.arrow,train,9,3485,1,304,96,6,mean,train_split_standard,-0.563497465,-0.483443766,6.520805538,6.000000000,0.332589233,0.086763743,0.921052632,11.333333333,0.070195731,11.166666667,0.402692389,2.666666667,0.576388889,0.482638889,0.047743056,0.853397220,7.333333333,1.785733998,0.404761905,0.671428571,0.359974158,0.813641033
group_001,52,TIME__current_velocity__H,TIME,arrow,dataset/Time_Dataset/current_velocity/H/data-00000-of-00001.arrow,train,10,18301,6,219,96,6,mean,train_split_standard,-0.278504291,-0.017184232,4.230467889,9.333333333,0.328315574,0.000880576,0.935087719,17.833333333,0.034430697,10.666666667,0.414243227,5.500000000,0.552026144,0.131944444,0.074652778,0.808416271,7.166666667,1.793567297,0.390476190,0.595238095,0.499055083,0.813081617
group_001,52,TIME__current_velocity__H,TIME,arrow,dataset/Time_Dataset/current_velocity/H/data-00000-of-00001.arrow,train,11,45938,20,102,96,6,mean,train_split_standard,-0.502192211,0.103409139,3.732193373,9.000000000,0.349703313,0.010396676,0.908771930,15.166666667,0.013292497,18.000000000,0.379774281,5.166666667,0.426587302,0.129340278,-0.118055556,0.807642847,7.500000000,1.789931578,0.485714286,0.447619048,0.278161850,0.682871364
group_001,52,TIME__current_velocity__H,TIME,arrow,dataset/Time_Dataset/current_velocity/H/data-00000-of-00001.arrow,train,12,25676,10,7,96,6,mean,train_split_standard,0.020915726,0.057986222,2.505799403,6.666666667,0.277780088,-0.022588574,0.936842105,9.333333333,0.028344538,14.333333333,0.335346546,2.666666667,0.702777778,0.105902778,-0.017361111,0.837218808,7.500000000,1.870456502,0.338095238,0.461904762,0.515417545,0.898061812
group_001,52,TIME__current_velocity__H,TIME,arrow,dataset/Time_Dataset/current_velocity/H/data-00000-of-00001.arrow,train,13,31709,13,93,96,6,mean,train_split_standard,-0.245939983,-0.194134394,8.266892999,22.666666667,0.498713185,0.032241683,0.833333333,21.833333333,0.067968150,20.500000000,0.890288233,13.333333333,0.263980384,0.182291667,0.131076389,0.775886576,9.000000000,1.785685750,0.638095238,0.614285714,0.310886773,0.588838049
group_001,52,TIME__current_velocity__H,TIME,arrow,dataset/Time_Dataset/current_velocity/H/data-00000-of-00001.arrow,train,14,31898,13,282,96,6,mean,train_split_standard,-0.233609678,-0.173700452,4.755738317,10.000000000,0.348046703,-0.118936148,0.917543860,15.166666667,0.041371249,16.500000000,0.452595697,6.833333333,0.338961039,-0.079861111,0.263888889,0.815955553,7.833333333,1.809972615,0.571428571,0.600000000,0.327249235,0.737944073
group_001,52,TIME__current_velocity__H,TIME,arrow,dataset/Time_Dataset/current_velocity/H/data-00000-of-00001.arrow,train,15,14551,5,6,96,6,mean,train_split_standard,0.254918438,0.000462209,5.162580556,7.000000000,0.359984811,-0.029207161,0.922807018,16.333333333,0.036914514,11.166666667,0.503636530,3.166666667,0.681818182,-0.286458333,0.041666667,0.853443107,7.666666667,1.808293556,0.314285714,0.528571429,0.466330160,0.793974724
group_001,52,TIME__current_velocity__H,TIME,arrow,dataset/Time_Dataset/current_velocity/H/data-00000-of-00001.arrow,train,16,40427,17,1340,96,6,mean,train_split_standard,-0.281119961,-0.183470772,9.026875030,24.166666667,0.601909178,-0.009390100,0.842105263,27.166666667,0.083221791,8.666666667,0.586401068,13.000000000,0.296977984,-0.198784722,-0.023437500,0.867717903,8.166666667,1.675231171,0.647619048,0.509523810,0.171805848,0.485591204
group_001,52,TIME__current_velocity__H,TIME,arrow,dataset/Time_Dataset/current_velocity/H/data-00000-of-00001.arrow,train,17,28339,11,337,96,6,mean,train_split_standard,0.185300870,0.485826964,2.096803070,5.666666667,0.193856448,0.031956734,0.968421053,9.000000000,0.019797093,9.666666667,0.292626026,2.000000000,0.791666667,0.060763889,-0.138020833,0.766982855,7.666666667,1.903398493,0.309523810,0.461904762,0.589048623,0.973725571
group_001,52,TIME__current_velocity__H,TIME,arrow,dataset/Time_Dataset/current_velocity/H/data-00000-of-00001.arrow,train,18,19443,6,1361,96,6,mean,train_split_standard,-0.045469646,0.046133213,4.938560541,12.000000000,0.340677624,0.956023217,0.938596491,14.333333333,0.046472098,12.666666667,0.511214718,3.000000000,0.713513514,0.121527778,-0.263888889,0.794146697,7.166666667,1.806796704,0.504761905,0.504761905,0.629954777,0.826445743
group_001,52,TIME__current_velocity__H,TIME,arrow,dataset/Time_Dataset/current_velocity/H/data-00000-of-00001.arrow,train,19,2466,0,2466,96,6,mean,train_split_standard,-0.151158385,-0.253209328,6.532845796,5.333333333,0.323959038,0.078906275,0.919298246,14.000000000,0.045441061,9.166666667,0.432236512,2.666666667,0.608009374,0.464409722,-0.104166667,0.826936669,7.333333333,1.779361016,0.414285714,0.433333333,0.425424005,0.815724712
group_001,52,TIME__current_velocity__H,TIME,arrow,dataset/Time_Dataset/current_velocity/H/data-00000-of-00001.arrow,train,20,5985,1,2804,96,6,mean,train_split_standard,-0.483680866,-0.448604297,4.791007273,13.666666667,0.315751921,-0.056022176,0.914035088,11.666666667,0.049689762,13.000000000,0.573859262,3.666666667,0.583716475,0.102430556,0.130208333,0.862482930,7.500000000,1.795101362,0.385714286,0.719047619,0.384517851,0.784184392
group_001,53,TIME__epf_electricity_price__H,TIME,arrow,dataset/Time_Dataset/epf_electricity_price/H/data-00000-of-00001.arrow,train,1,37892,1,1392,96,1,mean,train_split_standard,-1.010273944,-0.687244382,2.052254670,6.000000000,0.116243085,-0.519524351,0.894736842,10.000000000,0.009451796,11.000000000,0.105835595,3.000000000,0.500000000,0.052083333,-0.395833333,0.687045996,9.000000000,1.809694332,0.200000000,0.828571429,0.539961237,0.965880729
group_001,53,TIME__epf_electricity_price__H,TIME,arrow,dataset/Time_Dataset/epf_electricity_price/H/data-00000-of-00001.arrow,train,2,47216,1,10716,96,1,mean,train_split_standard,-0.127201493,-0.441055954,2.720558034,6.000000000,0.236079796,0.074724771,0.852631579,9.000000000,0.003693444,11.000000000,0.282293971,4.000000000,0.600000000,0.437500000,-0.114583333,0.852421414,7.000000000,1.795296436,0.171428571,0.828571429,0.490873852,0.846065701
group_001,53,TIME__epf_electricity_price__H,TIME,arrow,dataset/Time_Dataset/epf_electricity_price/H/data-00000-of-00001.arrow,train,3,29793,0,29793,96,1,mean,train_split_standard,0.290113407,0.542056634,4.180395781,13.000000000,0.329516416,-0.028222456,0.842105263,15.000000000,0.005917160,23.000000000,0.333780699,6.000000000,0.285714286,-0.416666667,0.875000000,0.850035806,6.000000000,1.770737930,0.600000000,0.257142857,0.245436926,0.642693662
group_001,53,TIME__epf_electricity_price__H,TIME,arrow,dataset/Time_Dataset/epf_electricity_price/H/data-00000-of-00001.arrow,train,4,120381,3,10881,96,1,mean,train_split_standard,-0.397984955,-0.667043631,2.196660407,7.000000000,0.174550127,0.110617418,0.831578947,8.000000000,0.009451796,11.000000000,0.191453496,3.000000000,0.500000000,0.250000000,-0.187500000,0.739997359,9.000000000,1.697468923,0.657142857,0.657142857,0.490873852,0.934301699
group_001,53,TIME__epf_electricity_price__H,TIME,arrow,dataset/Time_Dataset/epf_electricity_price/H/data-00000-of-00001.arrow,train,5,152406,4,6406,96,1,mean,train_split_standard,0.808185324,0.995477964,4.373777157,12.000000000,0.524538234,0.025988290,0.894736842,16.000000000,0.071005917,23.000000000,0.435395554,5.000000000,0.714285714,0.296875000,-0.333333333,0.943821682,10.000000000,1.690494109,0.485714286,0.228571429,0.245436926,0.580704168
group_001,53,TIME__epf_electricity_price__H,TIME,arrow,dataset/Time_Dataset/epf_electricity_price/H/data-00000-of-00001.arrow,train,6,155261,4,9261,96,1,mean,train_split_standard,-0.767885027,1.305204494,12.358039269,8.000000000,0.487624679,0.153802374,0.705263158,30.000000000,0.040000000,10.000000000,0.288905058,7.000000000,0.052631579,-0.114583333,0.645833333,0.859934690,7.000000000,1.684506504,0.657142857,0.828571429,0.098174770,0.606853431
group_001,53,TIME__epf_electricity_price__H,TIME,arrow,dataset/Time_Dataset/epf_electricity_price/H/data-00000-of-00001.arrow,train,7,66585,1,30085,96,1,mean,train_split_standard,0.451808306,-0.377399253,2.685673280,7.000000000,0.328663976,0.080992935,0.926315789,18.000000000,0.006463527,11.000000000,0.243456049,3.000000000,0.600000000,-0.520833333,0.052083333,0.865280753,9.000000000,1.774398918,0.657142857,0.828571429,0.490873852,0.848718312
group_001,53,TIME__epf_electricity_price__H,TIME,arrow,dataset/Time_Dataset/epf_electricity_price/H/data-00000-of-00001.arrow,train,8,175623,4,29623,96,1,mean,train_split_standard,0.617434213,1.162474705,4.238648776,14.000000000,0.487454727,0.018106499,0.821052632,17.000000000,0.023668639,23.000000000,0.502933251,5.000000000,0.714285714,-0.385416667,0.375000000,0.943148893,8.000000000,1.619701583,0.657142857,0.285714286,0.245436926,0.603533120
group_001,53,TIME__epf_electricity_price__H,TIME,arrow,dataset/Time_Dataset/epf_electricity_price/H/data-00000-of-00001.arrow,train,9,169926,4,23926,96,1,mean,train_split_standard,0.487796592,0.739170421,4.697680631,12.000000000,0.457548805,0.078494049,0.905263158,15.000000000,0.009861933,23.000000000,0.301652073,6.000000000,0.285714286,0.875000000,0.031250000,0.890991295,10.000000000,1.689469693,0.400000000,0.171428571,0.245436926,0.595919816
group_001,53,TIME__epf_electricity_price__H,TIME,arrow,dataset/Time_Dataset/epf_electricity_price/H/data-00000-of-00001.arrow,train,10,87018,2,14018,96,1,mean,train_split_standard,-0.972994912,-1.158074283,4.069268778,8.000000000,0.379638965,0.022409332,0.894736842,18.000000000,0.074829932,23.000000000,0.459452086,7.000000000,0.333333333,0.041666667,-0.520833333,0.914640473,11.000000000,1.670826391,0.714285714,0.828571429,0.245436926,0.624798409
group_001,53,TIME__epf_electricity_price__H,TIME,arrow,dataset/Time_Dataset/epf_electricity_price/H/data-00000-of-00001.arrow,train,11,182080,4,36080,96,1,mean,train_split_standard,-0.839239311,-1.037748144,2.190643230,6.000000000,0.383550498,0.408372785,0.852631579,8.000000000,0.013232514,11.000000000,0.211376054,3.000000000,0.500000000,0.364583333,-0.583333333,0.768651392,10.000000000,1.705446228,0.828571429,0.828571429,0.539961237,0.899964062
group_001,53,TIME__epf_electricity_price__H,TIME,arrow,dataset/Time_Dataset/epf_electricity_price/H/data-00000-of-00001.arrow,train,12,302,0,302,96,1,mean,train_split_standard,0.737830501,0.980535153,3.229508633,10.000000000,0.293316362,0.142558825,0.926315789,16.000000000,0.013333333,23.000000000,0.365670156,5.000000000,0.333333333,0.468750000,-0.093750000,0.831136786,7.000000000,1.685190554,0.200000000,0.742857143,0.294524311,0.762133050
group_001,53,TIME__epf_electricity_price__H,TIME,arrow,dataset/Time_Dataset/epf_electricity_price/H/data-00000-of-00001.arrow,train,13,40312,1,3812,96,1,mean,train_split_standard,0.088215095,0.268941883,4.826566551,7.000000000,0.460278790,0.020979179,0.905263158,19.000000000,0.111111111,11.000000000,0.486834629,6.000000000,0.142857143,0.781250000,-0.270833333,0.916861648,8.000000000,1.692370719,0.200000000,0.771428571,0.147262156,0.570412423
group_001,53,TIME__epf_electricity_price__H,TIME,arrow,dataset/Time_Dataset/epf_electricity_price/H/data-00000-of-00001.arrow,train,14,82383,2,9383,96,1,mean,train_split_standard,-0.996076074,-0.560884757,3.619779396,8.000000000,0.276683455,0.157080023,0.852631579,16.000000000,0.111111111,23.000000000,0.290195458,6.000000000,0.103448276,0.697916667,-0.322916667,0.830268575,7.000000000,1.831549791,0.200000000,0.742857143,0.294524311,0.738143401
group_001,53,TIME__epf_electricity_price__H,TIME,arrow,dataset/Time_Dataset/epf_electricity_price/H/data-00000-of-00001.arrow,train,15,114332,3,4832,96,1,mean,train_split_standard,0.980261828,1.168956967,3.520044171,14.000000000,0.355540299,0.058972315,0.842105263,18.000000000,0.011851852,23.000000000,0.450657242,4.000000000,0.666666667,0.208333333,-0.083333333,0.905705495,8.000000000,1.649631928,0.342857143,0.314285714,0.294524311,0.690067471
group_001,53,TIME__epf_electricity_price__H,TIME,arrow,dataset/Time_Dataset/epf_electricity_price/H/data-00000-of-00001.arrow,train,16,12293,0,12293,96,1,mean,train_split_standard,-0.046281518,0.364481921,3.258771879,11.000000000,0.350015189,0.014062726,0.926315789,15.000000000,0.042962963,23.000000000,0.445074978,4.000000000,0.666666667,-0.250000000,0.437500000,0.859849953,7.000000000,1.701756008,0.628571429,0.314285714,0.245436926,0.685148297
group_001,53,TIME__epf_electricity_price__H,TIME,arrow,dataset/Time_Dataset/epf_electricity_price/H/data-00000-of-00001.arrow,train,17,9225,0,9225,96,1,mean,train_split_standard,0.059632920,0.368456355,2.324665346,9.000000000,0.129550762,0.357695773,0.884210526,15.000000000,0.047407407,23.000000000,0.146024054,5.000000000,0.333333333,0.458333333,-0.250000000,0.695252012,7.000000000,1.864916370,0.771428571,0.457142857,0.441786467,0.914881196
group_001,53,TIME__epf_electricity_price__H,TIME,arrow,dataset/Time_Dataset/epf_electricity_price/H/data-00000-of-00001.arrow,train,18,76115,2,3115,96,1,mean,train_split_standard,-0.707462968,-0.470775519,4.426812905,9.000000000,0.416535939,0.083514521,0.905263158,18.000000000,0.055555556,24.000000000,0.368039946,8.000000000,0.133333333,-0.177083333,0.666666667,0.907769542,8.000000000,1.595606202,0.800000000,0.428571429,0.245436926,0.620659074
group_001,53,TIME__epf_electricity_price__H,TIME,arrow,dataset/Time_Dataset/epf_electricity_price/H/data-00000-of-00001.arrow,train,19,67237,1,30737,96,1,mean,train_split_standard,-0.036435441,0.151761249,3.084499278,7.000000000,0.393419180,0.083854529,0.894736842,19.000000000,0.020313943,11.000000000,0.382158740,4.000000000,0.600000000,0.385416667,-0.312500000,0.896417517,9.000000000,1.798786823,0.600000000,0.685714286,0.294524311,0.759488543
group_001,53,TIME__epf_electricity_price__H,TIME,arrow,dataset/Time_Dataset/epf_electricity_price/H/data-00000-of-00001.arrow,train,20,27394,0,27394,96,1,mean,train_split_standard,0.255331407,0.484672373,3.282360727,7.000000000,0.365103795,0.168266814,0.905263158,19.000000000,0.074074074,11.000000000,0.260626337,6.000000000,0.133333333,0.270833333,-0.718750000,0.827329206,10.000000000,1.697468923,0.314285714,0.800000000,0.294524311,0.766615313
